# Blender 5.1.0
# www.blender.org
mtllib lamp.mtl
o lamp_1
v -0.056155 -0.341432 -0.434844
v -0.014046 -0.340629 -0.436286
v -0.011444 -0.333905 -0.439634
v 0.011643 -0.340932 -0.435865
v -0.052189 -0.335541 -0.437568
v -0.052355 -0.321546 -0.435732
v -0.015958 -0.323802 -0.438469
v -0.077518 -0.340553 -0.433556
v 0.044557 -0.340399 -0.433853
v -0.093278 -0.335274 -0.433567
v 0.056921 -0.334213 -0.433134
v 0.036825 -0.323735 -0.434109
v 0.009766 -0.315993 -0.434713
v -0.014201 -0.289262 -0.428031
v 0.068168 -0.340498 -0.427525
v -0.103133 -0.340922 -0.427803
v 0.084215 -0.340669 -0.426212
v -0.110162 -0.324828 -0.428512
v 0.059750 -0.312176 -0.425901
v -0.042573 -0.280422 -0.423311
v 0.074156 -0.293924 -0.420743
v 0.025895 -0.286426 -0.425099
v -0.132127 -0.340848 -0.420298
v 0.093239 -0.334250 -0.426155
v 0.112733 -0.340901 -0.418143
v 0.114233 -0.299526 -0.412644
v -0.000346 -0.340892 -0.404619
v 0.119765 -0.334596 -0.419745
v -0.132542 -0.335642 -0.422526
v 0.127966 -0.340419 -0.415674
v -0.099821 -0.306911 -0.423221
v 0.051517 -0.256621 -0.410825
v -0.073903 -0.259344 -0.410652
v 0.001768 -0.248344 -0.412106
v -0.055687 -0.341812 -0.401701
v -0.130762 -0.308381 -0.415295
v -0.034765 -0.341456 -0.402989
v 0.049004 -0.340576 -0.401702
v -0.158361 -0.340711 -0.410217
v 0.146292 -0.334751 -0.411185
v 0.131581 -0.301530 -0.408623
v 0.125988 -0.289105 -0.411510
v 0.114703 -0.279965 -0.406559
v -0.101301 -0.341413 -0.391121
v 0.085007 -0.341201 -0.395045
v 0.163400 -0.341453 -0.402865
v -0.158411 -0.321677 -0.410376
v 0.130394 -0.275267 -0.403768
v 0.099311 -0.241300 -0.393449
v -0.036243 -0.227864 -0.400220
v -0.078324 -0.341494 -0.395191
v -0.182036 -0.335495 -0.402927
v 0.175186 -0.334119 -0.398641
v 0.137714 -0.275829 -0.396972
v -0.111879 -0.267913 -0.406493
v 0.125455 -0.262550 -0.401519
v 0.117484 -0.253735 -0.393862
v -0.092594 -0.232858 -0.394928
v 0.184127 -0.314452 -0.388048
v -0.156755 -0.281927 -0.397602
v 0.127276 -0.249147 -0.393560
v 0.000719 -0.200450 -0.386116
v -0.181452 -0.340664 -0.400021
v -0.133980 -0.341266 -0.382874
v 0.123169 -0.341148 -0.384953
v 0.191756 -0.340916 -0.387825
v -0.202096 -0.340608 -0.390662
v -0.223413 -0.335039 -0.381864
v -0.205930 -0.320417 -0.388674
v -0.134762 -0.242790 -0.389220
v 0.138215 -0.261388 -0.396755
v 0.145203 -0.246009 -0.386773
v 0.068273 -0.337617 -0.396416
v 0.108854 -0.340950 -0.388124
v -0.012593 -0.323893 -0.398890
v 0.034933 -0.319398 -0.395819
v 0.048046 -0.209656 -0.387158
v -0.158460 -0.340939 -0.375205
v 0.147756 -0.341450 -0.375503
v 0.206088 -0.337880 -0.382227
v -0.053680 -0.305412 -0.385326
v -0.183170 -0.275736 -0.384085
v 0.146991 -0.255894 -0.383360
v 0.136756 -0.236680 -0.384467
v -0.131934 -0.214391 -0.375101
v -0.044474 -0.196076 -0.380865
v -0.121394 -0.339930 -0.385683
v -0.224964 -0.340600 -0.378025
v 0.226324 -0.334687 -0.371812
v -0.026167 -0.281258 -0.377900
v 0.157599 -0.244559 -0.372982
v 0.129189 -0.236571 -0.381547
v 0.074642 -0.292463 -0.376970
v -0.169328 -0.211057 -0.358799
v 0.155736 -0.234044 -0.373887
v 0.148776 -0.229304 -0.373877
v -0.185323 -0.340921 -0.363992
v 0.230002 -0.340477 -0.366628
v 0.112593 -0.312672 -0.376493
v -0.258598 -0.333384 -0.361641
v 0.138001 -0.227086 -0.372040
v 0.084790 -0.187798 -0.365668
v -0.003773 -0.148621 -0.352285
v -0.239700 -0.340775 -0.369827
v 0.176041 -0.341446 -0.362737
v 0.213573 -0.271889 -0.353392
v -0.200469 -0.237639 -0.357602
v 0.163201 -0.226360 -0.366470
v -0.259421 -0.340240 -0.357995
v 0.249964 -0.341557 -0.350563
v -0.149276 -0.297424 -0.356607
v 0.143522 -0.321898 -0.369308
v -0.091883 -0.251625 -0.350269
v -0.224215 -0.269608 -0.358704
v 0.043301 -0.272844 -0.372104
v 0.168661 -0.227768 -0.358344
v 0.163189 -0.234646 -0.364474
v 0.158924 -0.219119 -0.364075
v -0.052840 -0.142012 -0.344320
v 0.023634 -0.140847 -0.344661
v -0.201948 -0.341285 -0.355495
v 0.258807 -0.334363 -0.346636
v 0.000446 -0.266756 -0.372240
v 0.153592 -0.213949 -0.356898
v 0.119143 -0.277325 -0.356114
v 0.063872 -0.241211 -0.350482
v 0.026883 -0.231687 -0.350112
v 0.145868 -0.187535 -0.342713
v -0.099169 -0.159694 -0.348964
v -0.215929 -0.341112 -0.347059
v 0.196061 -0.323995 -0.344127
v -0.050117 -0.234440 -0.349204
v 0.185827 -0.222129 -0.345149
v 0.173155 -0.207088 -0.348343
v 0.166371 -0.207315 -0.352055
v 0.099894 -0.148439 -0.331556
v 0.065796 -0.146360 -0.340309
v 0.193983 -0.340732 -0.352168
v -0.278181 -0.341098 -0.342870
v 0.278262 -0.320733 -0.326088
v -0.251535 -0.304938 -0.354858
v 0.242535 -0.275474 -0.334981
v 0.180518 -0.205998 -0.337505
v 0.159590 -0.203282 -0.346588
v -0.105262 -0.151465 -0.343291
v 0.226878 -0.341111 -0.332983
v 0.276980 -0.340384 -0.329903
v -0.201557 -0.314941 -0.340532
v 0.165696 -0.272120 -0.332590
v 0.175809 -0.194889 -0.338233
v -0.145481 -0.157604 -0.333749
v -0.233218 -0.341394 -0.335744
v 0.130771 -0.254068 -0.337104
v 0.078545 -0.215090 -0.329451
v -0.008222 -0.195791 -0.328457
v -0.183275 -0.179093 -0.329500
v 0.168535 -0.187083 -0.330632
v 0.188956 -0.290160 -0.329784
v -0.257227 -0.230928 -0.312386
v -0.214165 -0.205348 -0.328488
v -0.254747 -0.341460 -0.320007
v -0.306120 -0.341631 -0.314717
v -0.176921 -0.264255 -0.323382
v -0.136399 -0.233314 -0.323601
v 0.234237 -0.224156 -0.312427
v -0.047205 -0.195167 -0.324810
v 0.122723 -0.139837 -0.315248
v -0.036368 -0.118432 -0.327778
v -0.289854 -0.333246 -0.334839
v -0.263651 -0.269206 -0.329751
v -0.096667 -0.208267 -0.322138
v 0.030868 -0.190329 -0.322054
v 0.188133 -0.188964 -0.320873
v 0.188872 -0.177333 -0.317271
v 0.164738 -0.160173 -0.312376
v -0.127323 -0.121106 -0.310584
v -0.083935 -0.119772 -0.321659
v -0.004607 -0.104338 -0.317103
v -0.308785 -0.334276 -0.315749
v 0.206370 -0.193944 -0.312910
v -0.211578 -0.177761 -0.309621
v 0.085231 -0.109371 -0.303541
v 0.244804 -0.340551 -0.318235
v 0.296767 -0.340830 -0.311859
v 0.258478 -0.254659 -0.310861
v -0.092042 -0.088142 -0.290118
v -0.280371 -0.341963 -0.301778
v -0.316286 -0.308129 -0.296530
v -0.222518 -0.281671 -0.305258
v 0.105914 -0.196133 -0.306254
v -0.175793 -0.161950 -0.321940
v 0.292315 -0.280951 -0.293524
v 0.193816 -0.164909 -0.304191
v 0.035579 -0.091296 -0.301420
v -0.329036 -0.341419 -0.290212
v 0.268120 -0.318397 -0.284844
v -0.297830 -0.255717 -0.288435
v 0.209333 -0.270339 -0.302840
v -0.176092 -0.223981 -0.296375
v 0.151887 -0.185920 -0.275947
v -0.236510 -0.172199 -0.284148
v 0.047606 -0.162014 -0.297398
v 0.197454 -0.171267 -0.301131
v 0.189328 -0.148501 -0.287464
v -0.159454 -0.112439 -0.284944
v -0.042860 -0.080777 -0.293943
v -0.010236 -0.069256 -0.284721
v -0.129335 -0.182159 -0.289611
v -0.038081 -0.139453 -0.283523
v -0.003490 -0.154224 -0.297853
v 0.273443 -0.341170 -0.294261
v -0.248606 -0.279709 -0.284352
v -0.073716 -0.154285 -0.288573
v -0.200620 -0.130363 -0.274790
v -0.131278 -0.087033 -0.273025
v 0.308631 -0.341024 -0.298540
v 0.321626 -0.331140 -0.284395
v -0.287959 -0.324168 -0.279918
v 0.247825 -0.277290 -0.275972
v 0.241796 -0.185592 -0.277277
v 0.208352 -0.157635 -0.282473
v 0.199114 -0.152402 -0.291681
v -0.340806 -0.339846 -0.277621
v 0.277911 -0.233704 -0.278737
v 0.183912 -0.204751 -0.270765
v 0.149097 -0.110543 -0.274763
v -0.293016 -0.341756 -0.286096
v 0.209855 -0.145778 -0.277957
v 0.335120 -0.341144 -0.264321
v -0.276556 -0.215183 -0.282073
v -0.237020 -0.158987 -0.274094
v 0.042017 -0.128673 -0.270238
v -0.183506 -0.104188 -0.258318
v 0.107914 -0.083148 -0.268976
v 0.067878 -0.062036 -0.263155
v -0.061229 -0.047129 -0.256199
v 0.032296 -0.059478 -0.269776
v 0.222833 -0.224428 -0.256039
v -0.199449 -0.205168 -0.266479
v 0.112128 -0.145338 -0.261379
v 0.213705 -0.142952 -0.264818
v 0.082492 -0.133188 -0.262529
v -0.311906 -0.340894 -0.265000
v 0.298118 -0.341342 -0.266843
v -0.348937 -0.333092 -0.268321
v 0.208298 -0.126815 -0.263418
v 0.337747 -0.309367 -0.252356
v 0.316681 -0.256332 -0.247329
v -0.289102 -0.197817 -0.252643
v 0.269918 -0.189759 -0.250937
v -0.248751 -0.159775 -0.261117
v 0.000435 -0.099777 -0.248254
v 0.212876 -0.132791 -0.265205
v 0.199200 -0.124283 -0.257528
v -0.346212 -0.341868 -0.263405
v -0.320442 -0.342234 -0.259601
v -0.286184 -0.285834 -0.253979
v -0.321170 -0.240871 -0.249499
v -0.109118 -0.141082 -0.264114
v -0.364579 -0.332845 -0.245967
v 0.347856 -0.334757 -0.250213
v 0.296228 -0.214280 -0.240026
v 0.255617 -0.155576 -0.233696
v -0.083165 -0.027019 -0.228205
v -0.038923 -0.025094 -0.235300
v 0.000092 -0.037027 -0.248546
v -0.359037 -0.341085 -0.251155
v 0.217825 -0.133236 -0.250933
v 0.214527 -0.121370 -0.256478
v 0.280141 -0.265005 -0.231175
v -0.237806 -0.212789 -0.242052
v -0.192160 -0.164841 -0.236799
v -0.152418 -0.161904 -0.260582
v 0.159549 -0.085866 -0.242186
v -0.328432 -0.341799 -0.244648
v 0.314040 -0.340782 -0.245786
v 0.146467 -0.132977 -0.230510
v -0.074263 -0.108457 -0.245192
v -0.037577 -0.089322 -0.233670
v 0.054040 -0.085288 -0.223815
v 0.212111 -0.121232 -0.243241
v -0.372485 -0.341433 -0.231244
v 0.355639 -0.341398 -0.236115
v -0.344787 -0.289662 -0.250686
v 0.253200 -0.216766 -0.219220
v 0.210765 -0.168141 -0.215756
v 0.178288 -0.158495 -0.233790
v -0.128134 -0.120488 -0.234990
v -0.195532 -0.076961 -0.216303
v -0.140572 -0.037226 -0.210287
v 0.127693 -0.055073 -0.225174
v 0.092306 -0.049557 -0.237664
v -0.342354 -0.340348 -0.223911
v 0.348011 -0.275147 -0.214995
v -0.264506 -0.117926 -0.198609
v 0.019684 -0.021486 -0.225347
v -0.384581 -0.333973 -0.214810
v 0.366295 -0.333994 -0.222921
v 0.301072 -0.289424 -0.224241
v -0.253375 -0.143469 -0.241047
v -0.099386 -0.013489 -0.205505
v -0.233023 -0.102603 -0.213153
v 0.096934 -0.096157 -0.218913
v -0.350220 -0.342106 -0.217309
v -0.310835 -0.284357 -0.220753
v -0.304269 -0.185242 -0.220260
v -0.110351 -0.095376 -0.214357
v 0.201676 -0.087969 -0.211065
v 0.333271 -0.341196 -0.217106
v -0.380077 -0.341410 -0.214692
v -0.255433 -0.202663 -0.214633
v 0.300626 -0.179331 -0.196415
v -0.179241 -0.139697 -0.221474
v 0.025904 -0.070122 -0.211699
v 0.050412 -0.018278 -0.212354
v -0.363820 -0.269745 -0.208203
v 0.333857 -0.232798 -0.200195
v -0.346447 -0.220953 -0.192584
v -0.217386 -0.162103 -0.211780
v -0.075437 -0.081851 -0.213114
v 0.165963 -0.053902 -0.194766
v -0.386076 -0.338624 -0.209589
v -0.268247 -0.130010 -0.205310
v 0.078384 -0.066875 -0.192616
v -0.006737 -0.065420 -0.207568
v -0.056271 0.010271 -0.188569
v 0.372116 -0.341354 -0.207155
v 0.253118 -0.122426 -0.196028
v 0.147675 -0.111762 -0.207123
v -0.042089 -0.064435 -0.200266
v 0.349960 -0.340930 -0.187996
v 0.377978 -0.334878 -0.201119
v 0.376031 -0.306605 -0.185599
v -0.357845 -0.340999 -0.197841
v -0.205370 -0.130673 -0.186565
v -0.275176 -0.111963 -0.170716
v -0.142215 -0.090968 -0.188918
v 0.070031 0.008458 -0.166417
v 0.015229 0.020744 -0.169959
v -0.025599 0.017819 -0.181245
v -0.400188 -0.333639 -0.183246
v -0.307753 -0.242759 -0.182810
v -0.314226 -0.164778 -0.179185
v 0.206714 -0.064530 -0.169533
v 0.122907 -0.017112 -0.171413
v -0.395268 -0.341097 -0.190509
v 0.321852 -0.281772 -0.183703
v -0.347302 -0.307665 -0.184906
v -0.277369 -0.201477 -0.182820
v 0.243598 -0.168207 -0.177444
v -0.170731 -0.097346 -0.174046
v 0.110529 -0.071748 -0.182552
v -0.074399 -0.054859 -0.172736
v -0.152059 -0.020484 -0.179765
v -0.366798 -0.342111 -0.186049
v -0.394423 -0.287679 -0.159521
v 0.297667 -0.230665 -0.170455
v 0.334522 -0.207140 -0.170171
v 0.197559 -0.134637 -0.191032
v -0.106130 -0.064188 -0.170431
v 0.053590 -0.045262 -0.168830
v -0.201912 -0.052344 -0.179492
v -0.130483 -0.003830 -0.171920
v 0.160817 -0.088466 -0.166889
v -0.230002 -0.074064 -0.180154
v 0.390954 -0.341951 -0.168710
v 0.368637 -0.265519 -0.164738
v -0.258152 -0.163118 -0.161739
v -0.270610 -0.101116 -0.168886
v -0.033062 -0.043033 -0.167632
v -0.001562 -0.048055 -0.180455
v 0.023286 -0.041427 -0.167489
v -0.083491 0.017834 -0.166864
v -0.406435 -0.340737 -0.162479
v 0.094392 0.007064 -0.152485
v 0.396178 -0.336931 -0.158695
v 0.288339 -0.137545 -0.160688
v 0.244979 -0.095557 -0.167647
v -0.234113 -0.068824 -0.175189
v -0.193423 -0.038952 -0.174921
v -0.153192 -0.014555 -0.174398
v -0.036466 0.041565 -0.142945
v -0.396706 -0.341776 -0.177450
v -0.374515 -0.236665 -0.151361
v -0.358663 -0.205526 -0.145681
v -0.270302 -0.092695 -0.160919
v -0.008132 0.037909 -0.149406
v -0.372388 -0.341976 -0.168651
v 0.363935 -0.340417 -0.156831
v -0.369192 -0.319248 -0.148823
v 0.269388 -0.176995 -0.148613
v -0.287404 -0.111836 -0.147515
v 0.227553 -0.065101 -0.140547
v -0.119347 0.008662 -0.160114
v 0.221119 -0.126429 -0.150223
v -0.137363 -0.063112 -0.143181
v 0.129219 -0.056387 -0.144223
v -0.242873 -0.058768 -0.146845
v -0.413438 -0.334096 -0.147801
v 0.361068 -0.316613 -0.135529
v 0.391740 -0.302264 -0.142088
v 0.330731 -0.262557 -0.141635
v 0.351908 -0.213182 -0.137438
v -0.329940 -0.160083 -0.139887
v -0.211039 -0.110058 -0.147895
v 0.106221 -0.043426 -0.139455
v -0.208936 -0.032358 -0.146933
v 0.038420 0.035608 -0.138570
v -0.380265 -0.341871 -0.146971
v 0.380243 -0.257895 -0.123249
v -0.286088 -0.177143 -0.131165
v 0.261267 -0.085971 -0.118911
v 0.201205 -0.097884 -0.132141
v -0.176514 -0.081477 -0.138557
v -0.058120 0.041415 -0.135186
v 0.370267 -0.341335 -0.141984
v -0.345657 -0.273271 -0.145297
v -0.285311 -0.106197 -0.151833
v -0.029040 -0.030683 -0.143231
v -0.175177 -0.005303 -0.133930
v -0.147877 0.012304 -0.125653
v -0.078723 0.037820 -0.129931
v -0.414759 -0.340913 -0.132681
v 0.402396 -0.340902 -0.135216
v -0.399368 -0.263773 -0.116219
v -0.309958 -0.221574 -0.150647
v -0.287101 -0.095015 -0.134050
v -0.085321 -0.034966 -0.126171
v 0.057809 0.034256 -0.130126
v 0.015071 0.038006 -0.144794
v -0.015381 0.042756 -0.146769
v 0.012450 0.073058 -0.145361
v -0.029541 0.087303 -0.144964
v 0.019717 0.081053 -0.144406
v -0.005279 0.087949 -0.146917
v 0.405998 -0.333728 -0.127873
v 0.300734 -0.200738 -0.119617
v 0.318965 -0.160822 -0.133070
v -0.249235 -0.131897 -0.123202
v -0.303841 -0.116312 -0.121705
v 0.168938 -0.070726 -0.126363
v 0.083252 -0.029395 -0.123639
v 0.032985 -0.026519 -0.132400
v -0.093677 0.037831 -0.119175
v -0.037931 0.091477 -0.140883
v -0.017995 0.091117 -0.143951
v 0.414201 -0.341488 -0.089162
v -0.419071 -0.336178 -0.129768
v -0.408529 -0.294992 -0.124494
v -0.300221 -0.106740 -0.124240
v -0.257664 -0.057646 -0.116469
v 0.084459 0.033379 -0.111027
v 0.051811 0.080998 -0.133395
v -0.061444 0.090103 -0.134271
v 0.030211 0.087075 -0.136803
v -0.032600 0.093882 -0.134601
v -0.386407 -0.341688 -0.124462
v 0.273624 -0.166443 -0.121810
v 0.193107 -0.027278 -0.106049
v 0.165806 -0.023489 -0.138604
v -0.001199 0.090265 -0.131341
v 0.379419 -0.341048 -0.115902
v 0.407085 -0.341147 -0.118405
v -0.426704 -0.332195 -0.096590
v -0.342723 -0.249538 -0.114286
v 0.239726 -0.125685 -0.115431
v 0.396058 -0.283598 -0.102720
v -0.311598 -0.199039 -0.109249
v -0.173473 -0.065078 -0.104138
v 0.222561 -0.044023 -0.094691
v -0.205972 -0.014986 -0.111202
v -0.028443 -0.020723 -0.112046
v 0.132211 0.008164 -0.109679
v -0.115520 0.037475 -0.097407
v -0.077802 0.042390 -0.125754
v -0.024021 0.090575 -0.117569
v 0.414070 -0.335060 -0.099243
v 0.338181 -0.174502 -0.104004
v 0.075166 0.082615 -0.119446
v 0.057426 0.086535 -0.125360
v -0.012698 0.091454 -0.120660
v 0.004034 0.090210 -0.120016
v 0.024046 0.083132 -0.116742
v 0.037201 0.083503 -0.115570
v -0.060488 0.094100 -0.126901
v -0.038557 0.091826 -0.115720
v 0.363380 -0.297074 -0.096406
v -0.384057 -0.227691 -0.107877
v 0.330532 -0.235601 -0.097985
v 0.303235 -0.126967 -0.104005
v -0.234384 -0.107321 -0.098709
v -0.206078 -0.081557 -0.090882
v -0.132267 -0.043463 -0.100322
v 0.063784 -0.019806 -0.103547
v -0.103996 0.042914 -0.106346
v -0.089786 0.087828 -0.118916
v -0.092270 0.092351 -0.111765
v -0.073291 0.094455 -0.117033
v 0.009346 0.097518 -0.114328
v -0.394946 -0.341806 -0.087957
v -0.389918 -0.340499 -0.105065
v -0.426372 -0.336265 -0.097186
v 0.368056 -0.217214 -0.090423
v -0.351084 -0.165343 -0.087751
v -0.315730 -0.118373 -0.094796
v -0.295776 -0.084818 -0.086746
v 0.136382 -0.040264 -0.101636
v -0.056988 -0.019852 -0.101486
v 0.094425 0.081363 -0.102814
v 0.019900 0.088288 -0.112866
v 0.059127 0.083304 -0.103936
v 0.022304 0.096469 -0.113154
v 0.081669 0.087414 -0.107543
v -0.048424 0.091287 -0.110743
v -0.028166 0.099525 -0.109669
v -0.422817 -0.341311 -0.094397
v 0.263912 -0.139882 -0.086241
v -0.100402 -0.029227 -0.095541
v 0.103962 -0.022782 -0.093580
v -0.234554 -0.025621 -0.078684
v -0.170343 0.015392 -0.080461
v 0.101057 0.032975 -0.091562
v -0.113500 0.087826 -0.097908
v 0.039991 0.089359 -0.106821
v 0.044214 0.082800 -0.108545
v 0.028755 0.100996 -0.107238
v -0.000132 0.100259 -0.113162
v -0.374500 -0.300503 -0.101664
v -0.281867 -0.156326 -0.097011
v -0.312939 -0.109048 -0.094204
v -0.070186 -0.021206 -0.097307
v 0.015800 -0.018693 -0.098946
v 0.050324 0.097655 -0.102516
v -0.049130 0.099757 -0.100913
v 0.053538 0.101687 -0.096107
v -0.256005 -0.120717 -0.076641
v 0.235526 -0.106871 -0.076524
v 0.190827 -0.073982 -0.096864
v 0.057102 0.088870 -0.098489
v 0.100728 0.084858 -0.093121
v -0.065497 0.091149 -0.104033
v -0.066616 0.099523 -0.092791
v -0.017717 0.134101 -0.099724
v -0.019996 0.143434 -0.100359
v 0.008474 0.143410 -0.097661
v 0.325070 -0.216273 -0.070465
v 0.108674 0.079880 -0.084524
v -0.101756 0.092692 -0.098102
v -0.083047 0.090711 -0.089338
v -0.005698 0.126923 -0.093304
v 0.013569 0.134229 -0.094186
v -0.042738 0.140942 -0.092871
v -0.029964 0.149529 -0.094470
v -0.009662 0.151297 -0.094024
v 0.391370 -0.341489 -0.071963
v -0.415735 -0.280083 -0.062076
v -0.352506 -0.249900 -0.077363
v -0.331937 -0.216111 -0.077671
v -0.381391 -0.208002 -0.067772
v 0.292225 -0.171338 -0.077993
v 0.242375 -0.056109 -0.078144
v -0.042238 -0.019498 -0.087937
v 0.045546 -0.016776 -0.079181
v 0.161716 0.002174 -0.072892
v -0.125846 0.038481 -0.080205
v 0.077067 0.087551 -0.083193
v 0.104771 0.087187 -0.081126
v 0.078440 0.096737 -0.079659
v -0.017603 0.107463 -0.079744
v 0.002205 0.109358 -0.074879
v -0.025114 0.126022 -0.091553
v -0.048962 0.129219 -0.085166
v 0.032335 0.127062 -0.080761
v 0.027088 0.150754 -0.084184
v 0.386125 -0.336501 -0.073664
v -0.376019 -0.290550 -0.070611
v 0.389068 -0.252073 -0.070532
v -0.329937 -0.124502 -0.056114
v -0.274834 -0.058788 -0.073106
v 0.122618 -0.021792 -0.067320
v -0.082753 -0.018951 -0.077422
v -0.133757 0.037477 -0.068093
v -0.124719 0.091698 -0.076571
v -0.099213 0.091389 -0.080720
v -0.088987 0.095061 -0.082685
v 0.037409 0.144183 -0.085328
v -0.054721 0.150369 -0.081156
v -0.429688 -0.340140 -0.073576
v 0.406037 -0.294590 -0.069885
v -0.402043 -0.246332 -0.060067
v 0.277107 -0.089004 -0.076286
v 0.157673 -0.042083 -0.068616
v -0.050676 -0.024590 -0.079175
v -0.070258 -0.018929 -0.082515
v 0.090392 0.083908 -0.073257
v 0.045137 0.134580 -0.078896
v -0.075462 0.141692 -0.068294
v -0.040050 0.153503 -0.084677
v 0.416185 -0.341600 -0.074288
v 0.351533 -0.262029 -0.068651
v 0.319280 -0.134046 -0.056810
v 0.203584 -0.073780 -0.059944
v -0.057633 -0.025077 -0.082855
v 0.029383 -0.020278 -0.077356
v -0.194264 0.008305 -0.048958
v -0.134710 0.088260 -0.067347
v -0.093156 0.100482 -0.068299
v 0.077744 0.102621 -0.070429
v -0.040294 0.120094 -0.069064
v -0.018446 0.119654 -0.076131
v 0.000484 0.119857 -0.074960
v 0.059651 0.142834 -0.070666
v 0.053919 0.150734 -0.069940
v -0.434713 -0.333999 -0.058375
v 0.371408 -0.210019 -0.043813
v -0.303095 -0.171402 -0.061159
v -0.002834 -0.160283 -0.074006
v -0.022227 -0.140757 -0.073613
v -0.000935 -0.132057 -0.075575
v 0.013013 -0.145035 -0.073420
v -0.002320 -0.114799 -0.071586
v -0.233444 -0.092611 -0.046463
v 0.102747 -0.011394 -0.052396
v 0.118838 0.029336 -0.069512
v 0.117016 0.034534 -0.066178
v 0.121359 0.072590 -0.061683
v 0.105650 0.083578 -0.054081
v -0.043167 0.108903 -0.068172
v -0.017641 0.111299 -0.074287
v 0.032717 0.109371 -0.067796
v 0.025614 0.115766 -0.065039
v 0.001029 0.156020 -0.077925
v 0.025781 0.160058 -0.068452
v -0.396940 -0.338712 -0.067502
v 0.349943 -0.178915 -0.061661
v -0.021545 -0.165353 -0.071093
v 0.012880 -0.171995 -0.067838
v -0.018695 -0.112359 -0.069472
v 0.014861 -0.113507 -0.067790
v -0.173682 -0.050782 -0.048790
v -0.144065 -0.038008 -0.057993
v -0.117717 -0.024404 -0.043067
v -0.073473 -0.019499 -0.063163
v 0.021623 -0.021206 -0.063660
v 0.126390 0.082263 -0.054954
v -0.109916 0.091172 -0.064121
v -0.063289 0.105897 -0.064903
v -0.002242 0.114879 -0.073207
v -0.024388 0.115493 -0.069024
v -0.086668 0.136334 -0.054253
v 0.004765 0.165787 -0.065220
v -0.004882 -0.191583 -0.061499
v -0.031913 -0.182047 -0.061820
v -0.040160 -0.159284 -0.065108
v 0.032234 -0.163516 -0.060789
v 0.026389 -0.136811 -0.068563
v -0.035905 -0.127311 -0.067603
v 0.264162 -0.129593 -0.040963
v 0.263943 -0.070577 -0.050546
v -0.086021 -0.017133 -0.058186
v -0.045910 -0.019728 -0.068063
v 0.005152 -0.020734 -0.053220
v 0.046365 -0.022837 -0.054185
v 0.101359 0.087788 -0.052384
v 0.125583 0.086280 -0.045422
v -0.040959 0.114900 -0.064565
v 0.062880 0.128413 -0.058801
v -0.036094 0.157273 -0.068721
v -0.025581 0.161893 -0.067927
v -0.003594 0.175225 -0.063124
v -0.434228 -0.340693 -0.051517
v -0.401651 -0.341876 -0.063099
v 0.419540 -0.340257 -0.055139
v 0.022763 -0.188096 -0.055854
v -0.053307 -0.152941 -0.055481
v -0.037962 -0.106102 -0.059694
v 0.030373 -0.115908 -0.060366
v 0.012087 -0.084819 -0.055377
v -0.207754 -0.070302 -0.031891
v 0.066161 -0.013794 -0.057719
v 0.076550 -0.010280 -0.039617
v 0.104735 0.096944 -0.044026
v 0.054440 0.109878 -0.049945
v -0.054900 0.121550 -0.060588
v -0.081545 0.127316 -0.049170
v -0.072370 0.151945 -0.062249
v -0.036055 0.173518 -0.058481
v -0.002438 1.597043 -0.061052
v -0.015950 1.655184 -0.062574
v 0.007605 1.656593 -0.060267
v 0.422152 -0.334443 -0.044135
v -0.428863 -0.304313 -0.020462
v -0.368905 -0.182804 -0.040410
v 0.297004 -0.168881 -0.039309
v 0.043452 -0.139447 -0.054345
v -0.272449 -0.129689 -0.033393
v 0.296653 -0.103426 -0.036025
v -0.035917 -0.079181 -0.048446
v -0.015632 -0.079373 -0.056595
v 0.176838 -0.049918 -0.041358
v -0.249729 -0.028363 -0.039930
v -0.029140 -0.020875 -0.053456
v 0.188316 -0.008749 -0.034006
v 0.128975 0.029061 -0.035728
v -0.142885 0.037122 -0.048950
v 0.125063 0.036131 -0.048235
v -0.137371 0.091713 -0.051608
v -0.119477 0.090172 -0.050295
v 0.046066 0.115794 -0.051639
v 0.076035 0.143599 -0.050458
v -0.059405 0.155983 -0.049913
v 0.053348 0.159230 -0.046510
v -0.052480 0.163934 -0.050303
v 0.019102 0.175232 -0.053552
v 0.009722 0.179659 -0.051732
v -0.034025 1.596944 -0.053356
v -0.024035 1.598850 -0.058758
v 0.008843 1.602831 -0.058712
v -0.028977 1.655163 -0.059785
v 0.391717 -0.338433 -0.034386
v 0.364979 -0.278860 -0.030141
v -0.371244 -0.270227 -0.018132
v -0.022469 -0.203044 -0.047632
v 0.014497 -0.202623 -0.046724
v -0.041452 -0.197078 -0.044025
v 0.046650 -0.164869 -0.045657
v -0.055487 -0.123577 -0.051857
v 0.043901 -0.112647 -0.044629
v -0.007683 -0.055508 -0.050203
v 0.140308 -0.024505 -0.032865
v 0.208293 -0.024717 -0.048502
v 0.019735 -0.019055 -0.048778
v -0.111020 0.099390 -0.045319
v -0.089487 0.104246 -0.037760
v -0.086610 0.151413 -0.044425
v 0.035097 0.167011 -0.050297
v 0.021810 1.595666 -0.049284
v -0.040972 1.655397 -0.052883
v 0.024718 1.649963 -0.050186
v 0.395973 -0.341365 -0.033946
v -0.434989 -0.321090 -0.024077
v 0.339096 -0.230692 -0.029960
v -0.334138 -0.210822 -0.042968
v -0.056358 -0.178412 -0.044649
v -0.332346 -0.122650 -0.049294
v 0.233007 -0.096891 -0.036185
v 0.030221 -0.081480 -0.040340
v 0.007530 -0.055591 -0.046469
v -0.022527 -0.040034 -0.046940
v -0.005599 -0.028605 -0.049559
v -0.021776 -0.023109 -0.050904
v -0.145817 0.088888 -0.035581
v -0.061289 0.112581 -0.052442
v 0.073228 0.125825 -0.040604
v -0.040117 0.177234 -0.049976
v -0.049046 1.656954 -0.042780
v 0.421289 -0.341434 -0.038728
v 0.398312 -0.265088 -0.038625
v 0.000900 -0.210251 -0.039706
v 0.036278 -0.191176 -0.041696
v 0.055144 -0.134964 -0.034625
v -0.060629 -0.114241 -0.040718
v -0.315287 -0.091691 -0.025096
v -0.295942 -0.070702 -0.037220
v -0.040789 -0.053104 -0.038069
v 0.018909 -0.025501 -0.042772
v -0.094559 -0.016679 -0.033865
v -0.070379 -0.017700 -0.042624
v 0.064192 -0.018025 -0.033113
v -0.083740 -0.019498 -0.027112
v 0.131682 0.077612 -0.032239
v 0.112046 0.083158 -0.036905
v 0.084028 0.108710 -0.020758
v 0.101295 0.103451 -0.026587
v 0.053651 0.115631 -0.045188
v -0.069758 0.156116 -0.029838
v -0.050235 1.597117 -0.041089
v -0.052728 1.650072 -0.042783
v 0.046172 1.657372 -0.018378
v -0.403436 -0.340709 -0.020224
v -0.070170 -0.133385 -0.031709
v -0.052407 -0.079070 -0.030649
v -0.047937 -0.018785 -0.035987
v 0.037940 -0.018420 -0.042027
v 0.116330 -0.012731 -0.027744
v -0.147196 0.044590 -0.031540
v -0.073934 0.111862 -0.035587
v 0.135302 0.115635 -0.043020
v 0.132233 0.107656 -0.040382
v 0.060828 0.114207 -0.037802
v 0.127029 0.122402 -0.040132
v -0.072900 0.121336 -0.036925
v -0.092015 0.143576 -0.044424
v 0.070058 0.154875 -0.033563
v -0.062095 0.170709 -0.031745
v 0.043483 0.174242 -0.031163
v 0.011468 0.181211 -0.037418
v 0.037899 1.600691 -0.036678
v -0.437120 -0.340685 -0.019199
v 0.411341 -0.337073 -0.043781
v 0.418605 -0.333999 -0.037884
v -0.412882 -0.261684 -0.018923
v -0.036773 -0.211447 -0.024454
v -0.018363 -0.213317 -0.031688
v 0.025926 -0.208647 -0.026663
v 0.049054 -0.183272 -0.028464
v -0.069720 -0.167540 -0.028939
v -0.339171 -0.136043 -0.031058
v 0.023819 -0.054564 -0.037180
v -0.041278 -0.028871 -0.036809
v 0.030344 -0.028670 -0.034069
v 0.040855 -0.018045 -0.027602
v 0.130330 0.039989 -0.028886
v 0.109587 0.088578 -0.027010
v -0.120880 0.091276 -0.038845
v -0.138309 0.090750 -0.030960
v 0.132595 0.105526 -0.034205
v 0.141171 0.111572 -0.036731
v 0.073346 0.110083 -0.023701
v 0.124301 0.115114 -0.036635
v -0.094864 0.127023 -0.022937
v 0.089420 0.140144 -0.023866
v 0.085214 0.147768 -0.030436
v 0.032672 0.178400 -0.031450
v 0.039583 1.655102 -0.035964
v -0.438039 -0.328681 -0.008378
v 0.403035 -0.337389 -0.029828
v -0.390446 -0.309904 -0.016466
v 0.424685 -0.333502 -0.005521
v -0.342924 -0.221718 -0.016816
v 0.384748 -0.233075 -0.018908
v -0.061434 -0.195069 -0.018411
v -0.303082 -0.164980 -0.015697
v -0.260215 -0.115449 -0.011140
v 0.040604 -0.077577 -0.018995
v 0.279833 -0.082566 -0.005646
v 0.204021 -0.069137 -0.010009
v 0.245638 -0.050823 -0.022550
v -0.279137 -0.050356 -0.004330
v -0.252909 -0.025316 -0.002965
v 0.060873 -0.017271 -0.021567
v -0.150610 0.036789 -0.017203
v 0.132154 0.080811 -0.023697
v 0.155692 0.097238 -0.035508
v 0.160040 0.100327 -0.034891
v 0.109058 0.098757 -0.030732
v -0.117757 0.099479 -0.027852
v 0.148466 0.108355 -0.034111
v 0.156090 0.109708 -0.035338
v 0.141741 0.118588 -0.032385
v 0.149271 0.110865 -0.033125
v 0.157081 0.118667 -0.030090
v 0.150994 0.119258 -0.029572
v 0.137109 0.130079 -0.031959
v -0.098870 0.133068 -0.023495
v -0.050084 0.179896 -0.020477
v -0.059533 1.597349 -0.027576
v -0.061916 1.654336 -0.028034
v 0.395061 -0.329752 -0.025715
v 0.416664 -0.338763 -0.040773
v 0.414346 -0.316905 -0.028986
v -0.420883 -0.280809 -0.020943
v -0.407192 -0.248333 -0.014482
v -0.050027 -0.203856 -0.023051
v 0.057772 -0.149001 -0.026883
v -0.074019 -0.153257 -0.021416
v -0.337391 -0.126693 -0.028288
v 0.056220 -0.115577 -0.015742
v -0.061442 -0.093580 -0.023589
v 0.031991 -0.058073 -0.028282
v -0.059983 -0.017230 -0.021965
v 0.093280 -0.008956 -0.021405
v 0.157902 0.081774 -0.030167
v 0.152538 0.092713 -0.031252
v 0.123348 0.085566 -0.023262
v 0.161717 0.090114 -0.028008
v -0.123876 0.089344 -0.027712
v 0.158518 0.111611 -0.028963
v 0.124393 0.130256 -0.028949
v 0.133281 0.136113 -0.024663
v -0.101272 0.141747 -0.016742
v -0.023145 0.181710 -0.020795
v 0.001740 0.180206 -0.023251
v 0.046138 1.596020 -0.022306
v -0.021781 1.596066 -0.020656
v 0.420606 -0.334948 -0.021343
v 0.392710 -0.337931 -0.004849
v 0.404364 -0.316148 -0.022608
v -0.400784 -0.235447 -0.011350
v -0.393875 -0.221678 -0.007512
v 0.298763 -0.169030 -0.014993
v -0.348168 -0.148118 -0.004102
v 0.037775 -0.054848 -0.018081
v -0.138924 -0.029866 -0.007533
v -0.054700 -0.021667 -0.016716
v 0.038821 -0.022232 -0.022161
v 0.132280 0.071670 -0.009733
v 0.156570 0.069243 -0.022955
v 0.151238 0.074770 -0.020740
v 0.151254 0.083845 -0.022315
v -0.147732 0.091219 -0.015801
v 0.119341 0.097407 -0.021358
v 0.111940 0.102747 -0.025582
v 0.096302 0.106525 -0.021757
v 0.114754 0.118219 -0.023553
v -0.083203 0.121529 -0.007429
v 0.144523 0.124729 -0.023784
v 0.129339 0.132900 -0.021388
v 0.095796 0.144546 -0.000676
v -0.094950 0.151189 -0.012972
v 0.057655 0.165573 -0.016920
v -0.040890 0.180046 -0.014230
v 0.008279 1.595424 -0.018783
v 0.048477 1.652909 -0.022171
v 0.395799 -0.337915 -0.019807
v 0.397443 -0.323246 -0.020314
v 0.405839 -0.280455 -0.002881
v 0.001244 -0.216816 -0.019652
v -0.322493 -0.190644 0.001158
v 0.056213 -0.172638 -0.012813
v 0.331267 -0.144119 -0.011420
v -0.300976 -0.073383 -0.012865
v -0.178361 -0.050040 -0.002463
v -0.053523 -0.059277 -0.018555
v -0.224230 -0.004102 -0.005668
v 0.117767 0.089230 -0.017836
v -0.129273 0.087689 -0.022306
v 0.121319 0.104675 -0.021497
v -0.081071 0.112663 -0.008581
v 0.070657 0.116323 -0.019881
v 0.097002 0.120075 -0.021032
v 0.121833 0.118983 -0.016231
v 0.125483 0.121530 -0.026870
v 0.129795 0.124915 -0.021685
v 0.153677 0.121736 -0.022828
v 0.079284 0.121869 -0.017905
v 0.110754 0.124158 -0.019837
v 0.082569 0.130154 -0.018367
v 0.122591 0.122372 -0.018773
v 0.140439 0.131298 -0.021134
v 0.156149 0.127963 -0.020377
v -0.076050 0.156371 -0.011666
v 0.087039 0.150970 -0.006940
v -0.057542 0.179688 -0.013910
v 0.050121 0.173839 -0.013376
v -0.064768 1.603020 -0.013247
v -0.068427 1.651161 -0.007374
v -0.061794 1.656848 -0.021361
v -0.403295 -0.341486 0.055288
v 0.395112 -0.331602 -0.009451
v -0.434761 -0.296247 -0.014751
v -0.429996 -0.279197 -0.018183
v -0.027876 -0.216767 -0.008826
v 0.035747 -0.205751 -0.015179
v 0.271904 -0.136345 0.003622
v -0.074865 -0.123719 -0.007292
v -0.149153 0.043095 -0.002150
v 0.157638 0.056747 -0.011632
v 0.151805 0.060266 -0.015595
v 0.160077 0.063269 -0.011599
v 0.158541 0.083361 -0.020650
v 0.134790 0.088455 -0.013938
v 0.124856 0.094422 -0.011090
v 0.155935 0.093147 -0.024971
v -0.116087 0.101565 0.004161
v 0.087137 0.120866 -0.014753
v 0.158149 0.125086 -0.010604
v 0.137924 0.128859 -0.017837
v -0.072782 0.167363 -0.010148
v -0.008136 0.184603 -0.020141
v 0.014863 0.179496 -0.012925
v -0.016054 0.186868 -0.017645
v -0.022200 0.188766 -0.012019
v 0.003863 0.184917 -0.015641
v -0.007568 0.269838 -0.020268
v -0.015608 0.397893 -0.017320
v 0.003377 0.347607 -0.016073
v -0.008627 0.490527 -0.019300
v 0.001855 0.453639 -0.017473
v 0.002340 0.544960 -0.016822
v -0.010733 0.675006 -0.019158
v 0.000364 0.642581 -0.017871
v -0.015511 0.680457 -0.017016
v 0.002661 0.814370 -0.016452
v -0.008324 0.852051 -0.019327
v -0.015484 1.019997 -0.017615
v 0.003114 0.976409 -0.016446
v -0.008488 1.034186 -0.019734
v 0.001597 1.094630 -0.017076
v -0.008794 1.202219 -0.019181
v -0.015840 1.243683 -0.016890
v 0.002385 1.261470 -0.016931
v 0.002811 1.383401 -0.016405
v -0.008410 1.463913 -0.019107
v -0.015352 1.492960 -0.017197
v 0.002544 1.515316 -0.016711
v -0.007720 1.579766 -0.019038
v -0.015570 1.560466 -0.017389
v 0.003837 1.587266 -0.015438
v -0.014637 1.592650 -0.018986
v 0.397233 -0.338769 0.005388
v -0.434786 -0.285864 -0.012177
v -0.432959 -0.278347 -0.011861
v -0.422692 -0.258496 -0.014058
v 0.389864 -0.243617 0.012853
v -0.389192 -0.212390 -0.002496
v 0.059338 -0.157326 -0.001360
v -0.229811 -0.086878 -0.004646
v 0.166751 -0.041111 0.001523
v 0.042421 -0.027132 -0.002978
v 0.129511 -0.018672 0.008260
v 0.085395 -0.011763 -0.001678
v -0.195694 0.013900 0.003810
v 0.129325 0.028775 0.008856
v 0.132868 0.065103 0.000601
v 0.138080 0.081991 -0.009942
v -0.121759 0.097696 -0.009201
v 0.129754 0.109511 -0.011220
v -0.095601 0.104352 0.003251
v 0.078222 0.113891 -0.014303
v 0.141667 0.129482 -0.004607
v 0.090056 0.121855 -0.008647
v 0.141862 0.130977 -0.015490
v 0.093788 0.141048 -0.005937
v 0.060352 0.166172 0.008475
v -0.021614 0.332529 -0.012285
v -0.020954 0.464727 -0.012594
v -0.021632 0.671954 -0.011743
v -0.021118 0.849925 -0.012845
v -0.022095 1.021841 -0.012255
v -0.021301 1.225436 -0.012410
v -0.021799 1.505794 -0.012457
v -0.022453 1.570524 -0.012636
v -0.033476 1.595765 0.005405
v 0.050988 1.597552 -0.007490
v 0.397892 -0.322919 -0.005645
v 0.407535 -0.314899 -0.009061
v -0.413304 -0.237184 -0.006874
v -0.013883 -0.218262 0.005857
v 0.364629 -0.196012 0.018737
v -0.045701 -0.210750 -0.002777
v 0.046345 -0.195726 -0.003803
v -0.069006 -0.186958 -0.000967
v -0.076324 -0.159348 -0.004053
v -0.319920 -0.103157 -0.007224
v 0.239151 -0.101501 -0.001691
v -0.058123 -0.075882 0.002439
v -0.055774 -0.058877 -0.004328
v 0.110224 -0.011394 0.013720
v 0.131855 0.045357 0.005768
v 0.156114 0.070404 -0.011280
v -0.147802 0.090287 -0.002908
v 0.129786 0.120843 -0.003369
v 0.083561 0.126867 -0.004294
v 0.118740 0.123914 -0.002175
v 0.084086 0.132659 -0.002509
v 0.109917 0.126091 -0.001813
v -0.101001 0.133105 0.007008
v -0.063064 0.175169 -0.004607
v 0.009583 0.186573 -0.005550
v -0.027687 0.184773 -0.009530
v 0.009208 0.365112 -0.006900
v 0.009375 0.561136 -0.007389
v 0.009347 0.745176 -0.007495
v 0.009549 1.027678 -0.007889
v 0.009472 1.222055 -0.007551
v 0.009319 1.368515 -0.007834
v 0.010009 1.588198 -0.007533
v -0.026201 1.565958 -0.003907
v -0.031084 1.595285 -0.005517
v 0.014449 1.594956 -0.009710
v -0.065202 1.597818 0.002127
v 0.052091 1.654604 -0.003315
v -0.066966 1.656271 -0.001243
v 0.415650 -0.317010 0.005802
v -0.426402 -0.294783 -0.008491
v 0.364406 -0.277591 0.016017
v -0.426314 -0.260226 -0.002603
v 0.328785 -0.212125 -0.013153
v -0.377799 -0.194391 0.004280
v 0.060351 -0.136102 -0.007576
v 0.042534 -0.078164 0.001178
v -0.296098 -0.075916 -0.001555
v 0.040386 -0.058059 -0.000385
v 0.045860 -0.018610 0.002125
v -0.076002 -0.016098 0.002164
v 0.080275 -0.014483 0.008122
v -0.152236 0.036967 0.014129
v 0.149244 0.055744 -0.004781
v 0.152588 0.063217 -0.001194
v 0.147456 0.084871 0.000980
v 0.141234 0.070653 0.003024
v 0.134336 0.090049 -0.004780
v 0.142171 0.096770 -0.000845
v 0.131927 0.097798 -0.002233
v 0.142565 0.110096 -0.002903
v 0.137369 0.114547 -0.002381
v 0.150520 0.124613 0.002840
v 0.125656 0.135728 -0.003297
v 0.137771 0.133622 -0.006891
v 0.158691 0.131036 0.004344
v 0.093014 0.137572 -0.001688
v -0.100820 0.142340 0.012227
v 0.065543 0.158533 0.011104
v -0.046227 0.189862 -0.002449
v -0.036085 0.185070 -0.000115
v -0.024279 0.194239 -0.003600
v -0.023690 0.312754 -0.002552
v -0.024123 0.350709 -0.003380
v -0.024128 0.859569 -0.003628
v -0.024313 1.081531 -0.004008
v -0.024247 1.410539 -0.003544
v 0.423340 -0.340951 0.008803
v -0.436108 -0.333528 0.021615
v -0.423295 -0.284740 -0.002366
v -0.425708 -0.270176 -0.003017
v -0.419666 -0.248134 0.001505
v -0.403112 -0.212413 0.006779
v -0.397646 -0.211318 0.001168
v -0.057841 -0.200663 0.007734
v 0.303673 -0.178331 0.025029
v -0.368299 -0.177333 0.011669
v -0.355012 -0.156610 0.025281
v -0.336658 -0.131745 0.033903
v -0.071276 -0.112307 0.003075
v -0.203205 -0.067225 0.019306
v -0.055004 -0.055116 0.006830
v -0.055385 -0.021481 0.004420
v -0.057713 -0.016935 0.018263
v -0.126421 0.089174 0.008780
v 0.159325 0.124678 0.010518
v 0.083179 0.122556 0.007108
v 0.141508 0.126633 0.010520
v 0.107622 0.140439 0.001220
v 0.151838 0.134729 -0.005791
v 0.009799 0.184389 0.002397
v 0.009058 0.208188 0.001263
v 0.009291 0.330739 0.001130
v -0.024039 0.588352 -0.003300
v 0.009932 0.839151 0.001148
v 0.010255 1.010785 0.001806
v 0.010063 1.135122 0.001830
v 0.010216 1.298818 0.002715
v 0.010320 1.419720 0.001668
v 0.011271 1.586623 0.004071
v 0.043243 1.595194 0.024557
v -0.432151 -0.340912 0.013447
v -0.403494 -0.340568 0.015462
v 0.394219 -0.326598 0.005320
v 0.407966 -0.314711 0.008077
v 0.035051 -0.205259 0.013393
v 0.049255 -0.184505 0.015728
v 0.336545 -0.151905 0.015810
v 0.054633 -0.117501 0.013955
v 0.040999 -0.080401 0.011735
v -0.281788 -0.061123 0.001494
v -0.221094 -0.003053 0.003456
v 0.151517 0.056759 0.007208
v 0.159083 0.056737 0.013102
v 0.162166 0.061199 0.010584
v 0.146465 0.080819 0.005618
v 0.155766 0.082761 0.003709
v 0.164117 0.080565 0.002959
v 0.151830 0.089017 0.003381
v 0.163532 0.088494 0.001170
v 0.162586 0.094685 0.004795
v 0.163711 0.105105 0.004714
v 0.148089 0.117551 0.007811
v 0.133722 0.122511 0.003661
v 0.106164 0.124508 0.003993
v 0.101086 0.134219 0.004201
v 0.149576 0.135343 0.010115
v -0.082885 0.153378 0.010365
v -0.074918 0.163791 0.011561
v 0.012140 0.180297 0.008354
v -0.058013 0.186018 0.012054
v -0.053566 0.191302 -0.002626
v -0.022554 0.199329 0.004569
v -0.021894 0.272652 0.004491
v -0.022218 0.329194 0.004719
v 0.009545 0.482621 0.002007
v -0.022374 0.616303 0.005073
v -0.022671 1.066251 0.005487
v -0.022405 1.253905 0.005918
v -0.022987 1.436411 0.005793
v -0.025433 1.570155 0.004512
v -0.030528 1.584831 0.006187
v 0.014384 1.594962 0.011136
v 0.050121 1.597596 0.013776
v 0.394693 -0.341337 0.038527
v -0.418203 -0.273503 0.005160
v -0.411706 -0.257740 0.005230
v -0.411951 -0.237112 0.005353
v 0.015621 -0.216066 0.006200
v -0.387603 -0.190627 0.012270
v -0.373126 -0.182703 0.012720
v -0.073062 -0.169949 0.012627
v -0.287583 -0.147883 0.018288
v -0.074257 -0.138212 0.015047
v -0.262003 -0.042314 0.004892
v 0.216038 -0.026502 0.028314
v 0.125561 0.031980 0.019601
v 0.131677 0.064269 0.011017
v -0.145778 0.089284 0.016588
v 0.158784 0.065127 0.007934
v 0.164294 0.084242 0.010475
v 0.155012 0.101188 0.007953
v 0.165283 0.102357 0.010716
v -0.138142 0.092552 0.030426
v 0.154829 0.112309 0.012624
v 0.153351 0.114960 0.010343
v 0.164393 0.111699 0.012378
v 0.153055 0.117657 0.009376
v -0.091823 0.127629 0.024819
v 0.075907 0.125868 0.013209
v 0.100300 0.123791 0.009026
v 0.090390 0.139746 0.006536
v 0.121253 0.139173 0.006114
v 0.111675 0.143301 0.010714
v -0.092632 0.149230 0.015800
v 0.098738 0.143556 0.010058
v 0.076382 0.153403 0.024565
v 0.045858 0.173387 0.020899
v 0.028695 0.178261 0.008861
v -0.026900 0.187298 0.005510
v 0.002730 0.190861 0.010195
v -0.022057 0.478678 0.005149
v 0.004849 0.640704 0.010476
v 0.008034 0.775527 0.005741
v -0.022040 0.864899 0.006772
v -0.068008 1.651111 0.009999
v 0.049203 1.656798 0.013287
v 0.415226 -0.338687 0.055679
v 0.395054 -0.325442 0.011708
v -0.427617 -0.313181 0.038383
v 0.406241 -0.284260 0.030455
v -0.351938 -0.238703 0.023099
v -0.408340 -0.247264 0.006733
v -0.406727 -0.223652 0.008508
v -0.040399 -0.210595 0.016945
v -0.247472 -0.106005 0.031238
v -0.064479 -0.103880 0.018412
v -0.323524 -0.115398 0.046452
v 0.211911 -0.078347 0.029039
v 0.257779 -0.061748 0.035687
v -0.165625 -0.045630 0.035589
v -0.232462 -0.017937 0.008570
v 0.036239 -0.026111 0.019859
v 0.169162 0.005321 0.017048
v 0.145492 0.053347 0.014758
v 0.134319 0.076665 0.009765
v 0.142395 0.080748 0.013897
v 0.148054 0.087042 0.012848
v -0.119074 0.099358 0.019700
v -0.075964 0.113014 0.026767
v 0.157324 0.112799 0.014220
v -0.077218 0.121236 0.029137
v 0.152161 0.117970 0.012523
v 0.133866 0.120568 0.012300
v -0.032413 0.186616 0.023673
v -0.047906 0.190231 0.019829
v -0.020785 0.186466 0.016993
v 0.004056 0.290583 0.010360
v 0.004049 0.893355 0.011436
v 0.004345 1.041646 0.011261
v 0.004114 1.188710 0.011635
v 0.006147 1.389626 0.009621
v 0.006948 1.497847 0.010367
v -0.021214 1.573126 0.011714
v 0.419464 -0.335632 0.046792
v 0.390539 -0.337247 0.034589
v -0.381864 -0.300802 0.055634
v -0.405736 -0.244794 0.014764
v -0.399711 -0.231367 0.010864
v 0.023661 -0.209404 0.022597
v 0.371307 -0.213311 0.049673
v -0.389563 -0.193752 0.020103
v -0.362016 -0.167947 0.018674
v 0.056042 -0.147436 0.019111
v 0.299870 -0.106569 0.039525
v 0.039664 -0.056271 0.008948
v -0.258588 -0.046547 0.040924
v -0.128491 -0.029157 0.041872
v -0.105311 -0.017777 0.009968
v -0.050499 -0.021601 0.019213
v 0.085968 -0.012759 0.043336
v -0.205926 0.000639 0.012295
v 0.133312 0.048049 0.020805
v 0.136574 0.050114 0.017315
v 0.135487 0.058599 0.015607
v 0.126375 0.067714 0.018856
v 0.132318 0.087345 0.013303
v -0.120578 0.092298 0.020874
v 0.151392 0.103101 0.016335
v 0.157384 0.099627 0.013887
v 0.078424 0.114236 0.016146
v 0.154741 0.113802 0.012759
v 0.140881 0.113708 0.016964
v 0.153000 0.126816 0.019480
v 0.090826 0.144538 0.009781
v 0.120405 0.136965 0.012331
v -0.067064 0.166729 0.027270
v -0.058998 0.171107 0.023331
v 0.017384 0.182347 0.017188
v -0.014354 0.192482 0.012114
v -0.014943 0.303588 0.011745
v -0.013486 0.407040 0.013228
v 0.003360 0.480224 0.011082
v -0.014715 0.471391 0.012566
v -0.014871 0.622071 0.012947
v 0.004127 0.785239 0.011071
v -0.015157 0.887613 0.013315
v 0.005026 0.978303 0.010377
v -0.015365 1.067137 0.013689
v 0.004093 1.109997 0.011196
v -0.015196 1.246621 0.013708
v 0.004156 1.279170 0.011879
v -0.018011 1.459403 0.012456
v 0.004852 1.584037 0.013353
v -0.026134 1.594231 0.015063
v -0.060548 1.596331 0.021692
v 0.048288 1.652151 0.021968
v 0.422374 -0.341008 0.037970
v 0.395858 -0.337533 0.024976
v 0.423215 -0.334556 0.041329
v 0.394980 -0.325626 0.020021
v 0.407828 -0.315066 0.022593
v 0.414624 -0.319060 0.037705
v -0.395515 -0.222953 0.016816
v -0.028818 -0.210191 0.029956
v -0.319479 -0.191771 0.041148
v -0.373490 -0.172721 0.021118
v -0.069037 -0.167982 0.024390
v -0.220863 -0.083918 0.039791
v -0.048917 -0.077409 0.024602
v 0.149348 -0.033567 0.031165
v -0.166531 0.025542 0.018386
v -0.143655 0.038399 0.028831
v 0.142526 0.061166 0.021987
v 0.155260 0.063806 0.024853
v 0.132543 0.082012 0.016578
v 0.115845 0.084683 0.020004
v 0.119798 0.088001 0.017019
v 0.134917 0.094268 0.016384
v 0.120672 0.098273 0.019871
v 0.162325 0.109428 0.021156
v -0.105833 0.100271 0.053722
v 0.156864 0.103890 0.024407
v 0.154034 0.109728 0.016569
v 0.149017 0.112790 0.016195
v 0.078466 0.114347 0.018632
v 0.079289 0.114899 0.018428
v 0.115624 0.121638 0.011982
v 0.084739 0.120824 0.022536
v 0.104332 0.125560 0.015477
v 0.108716 0.125714 0.016458
v 0.077097 0.133224 0.020958
v 0.084788 0.145495 0.019845
v 0.108487 0.138614 0.015232
v -0.050015 0.181093 0.033252
v 0.008326 0.179664 0.022159
v -0.001973 0.186322 0.013363
v -0.004959 0.311364 0.013984
v -0.007146 0.480011 0.014006
v -0.005284 0.600147 0.014120
v -0.013997 0.791848 0.013836
v -0.005002 0.781914 0.015101
v -0.005305 0.923539 0.015027
v -0.005132 1.116395 0.015199
v -0.013707 1.138954 0.014156
v -0.004969 1.254433 0.015631
v 0.004532 1.330808 0.011542
v -0.013571 1.380677 0.014474
v -0.004298 1.386889 0.015668
v 0.001519 1.477199 0.014033
v -0.013141 1.572708 0.016505
v -0.001158 1.594627 0.019219
v -0.061146 1.653452 0.029918
v -0.063594 1.656911 0.017144
v 0.397084 -0.338595 0.038455
v 0.003542 -0.211535 0.031848
v -0.389459 -0.210751 0.021718
v -0.056121 -0.193925 0.027249
v -0.364319 -0.159400 0.028145
v 0.276772 -0.145346 0.034671
v -0.347484 -0.146139 0.028880
v -0.064830 -0.127143 0.033176
v 0.041263 -0.111296 0.035827
v -0.046445 -0.061884 0.024630
v 0.042157 -0.018534 0.021024
v 0.141705 0.047993 0.025416
v 0.129620 0.057459 0.024825
v 0.145387 0.065275 0.025876
v 0.122552 0.077459 0.026094
v 0.115585 0.085030 0.021907
v 0.116717 0.084688 0.021286
v 0.138947 0.097620 0.020241
v 0.147650 0.107417 0.019823
v 0.162414 0.108095 0.033106
v -0.084775 0.105407 0.029763
v 0.117519 0.110856 0.020741
v 0.152906 0.108413 0.019958
v 0.151938 0.108853 0.022316
v 0.074590 0.115672 0.024541
v 0.079890 0.111755 0.021927
v 0.152057 0.109919 0.026510
v 0.079191 0.120581 0.021755
v 0.111519 0.120271 0.026341
v 0.135451 0.116513 0.019842
v -0.092802 0.141827 0.039428
v -0.005311 1.574524 0.017253
v -0.015663 1.591534 0.019223
v -0.431775 -0.340853 0.031718
v 0.397611 -0.322570 0.026588
v -0.382783 -0.199762 0.024339
v 0.033727 -0.188593 0.037700
v -0.372716 -0.169581 0.029161
v 0.049774 -0.138097 0.032614
v -0.288076 -0.080106 0.064868
v 0.031159 -0.079253 0.027656
v 0.030711 -0.057906 0.025464
v -0.190501 0.008149 0.031947
v 0.184607 -0.007371 0.050797
v 0.122852 0.036678 0.025900
v 0.124366 0.066318 0.035564
v -0.140341 0.087395 0.038316
v 0.115672 0.084055 0.023436
v 0.115241 0.085242 0.025562
v -0.124968 0.091236 0.033021
v 0.140217 0.108631 0.021158
v 0.154975 0.097080 0.032546
v 0.150832 0.105349 0.033604
v 0.110725 0.106052 0.027268
v 0.149910 0.108372 0.025107
v 0.077378 0.147896 0.038144
v -0.074215 0.152793 0.038313
v 0.059095 0.159386 0.035104
v 0.051971 0.167189 0.036856
v 0.020588 0.179057 0.027043
v -0.008936 1.595143 0.025655
v 0.016561 1.596129 0.051214
v 0.037834 1.657303 0.037307
v 0.392919 -0.327094 0.032391
v 0.404531 -0.315928 0.031255
v -0.390648 -0.220784 0.050143
v -0.378358 -0.193255 0.029382
v -0.379553 -0.184370 0.027251
v 0.338298 -0.159661 0.051861
v 0.183745 -0.062417 0.058782
v -0.039732 -0.021417 0.031694
v -0.229479 -0.025651 0.056784
v -0.065294 -0.017243 0.036859
v 0.069350 -0.015029 0.063972
v 0.132658 0.050119 0.033837
v 0.145452 0.058123 0.032175
v 0.132337 0.061242 0.037459
v 0.156279 0.082229 0.034030
v 0.152533 0.084319 0.036365
v 0.111251 0.084531 0.031881
v 0.112704 0.099099 0.034864
v 0.160210 0.096885 0.033863
v 0.112432 0.100477 0.034021
v -0.074684 0.103753 0.059927
v 0.092648 0.108418 0.029058
v 0.118269 0.105094 0.038214
v 0.149214 0.107378 0.035888
v 0.082604 0.109005 0.028031
v 0.158934 0.114248 0.033031
v 0.093393 0.119403 0.032183
v -0.049329 1.595775 0.038843
v 0.039909 1.597248 0.035012
v -0.400013 -0.337549 0.042400
v 0.022529 -0.200761 0.036691
v -0.057031 -0.176596 0.038523
v -0.363873 -0.170304 0.038624
v 0.041317 -0.166622 0.039458
v -0.271403 -0.140012 0.066660
v -0.354443 -0.145606 0.039040
v -0.337754 -0.124483 0.046923
v -0.051967 -0.107937 0.039553
v -0.030542 -0.066211 0.038216
v 0.025542 -0.024872 0.031783
v 0.118792 -0.023202 0.054501
v 0.019114 -0.019074 0.043200
v -0.152132 0.030611 0.043962
v 0.139048 0.064434 0.036232
v 0.130338 0.076215 0.041931
v 0.110963 0.095982 0.035548
v 0.150172 0.102022 0.041262
v -0.115374 0.097967 0.037587
v 0.107594 0.105628 0.037054
v 0.121758 0.109876 0.037633
v 0.131778 0.107419 0.036214
v 0.117529 0.113040 0.039388
v 0.068397 0.133123 0.042570
v -0.083396 0.145367 0.050493
v -0.007778 0.181525 0.045154
v -0.049285 1.649054 0.047285
v -0.052829 1.655291 0.041292
v 0.013087 1.656991 0.051635
v -0.426545 -0.334466 0.086139
v -0.426501 -0.322863 0.072706
v 0.402833 -0.280620 0.052712
v 0.363704 -0.287398 0.059223
v 0.335537 -0.231085 0.046392
v -0.065640 -0.152237 0.035056
v -0.363616 -0.160968 0.038381
v -0.034083 -0.082828 0.040199
v 0.020050 -0.051787 0.035255
v 0.245654 -0.054110 0.058705
v -0.030517 -0.021808 0.037170
v -0.033516 -0.018426 0.040592
v 0.125059 0.028498 0.044885
v 0.159055 0.087496 0.043689
v 0.107865 0.083878 0.041819
v -0.122256 0.090858 0.038259
v -0.133443 0.090964 0.047917
v 0.134953 0.100295 0.040866
v 0.124220 0.103803 0.042173
v 0.104985 0.101380 0.037332
v 0.115712 0.103354 0.037337
v 0.067292 0.107795 0.047746
v 0.136413 0.114378 0.042711
v 0.149917 0.107125 0.037540
v 0.066695 0.114627 0.043072
v 0.107020 0.118763 0.035515
v 0.032728 0.172568 0.042985
v 0.013120 0.175317 0.053564
v -0.036907 0.181671 0.046388
v -0.028731 1.656430 0.056889
v 0.387047 -0.337943 0.064287
v 0.412841 -0.333020 0.056376
v -0.355579 -0.260478 0.080062
v -0.002324 -0.201789 0.046013
v -0.026449 -0.198206 0.046729
v -0.040959 -0.183322 0.049766
v -0.346202 -0.135352 0.047921
v -0.304818 -0.096269 0.062147
v 0.015967 -0.079852 0.040281
v -0.202012 -0.076645 0.071760
v -0.022574 -0.026749 0.040125
v -0.052794 -0.016735 0.066788
v -0.133018 0.037096 0.063657
v 0.131982 0.061198 0.038960
v 0.155033 0.085883 0.044717
v 0.099068 0.096232 0.047826
v -0.118183 0.092270 0.043919
v 0.132237 0.101480 0.045774
v 0.156926 0.103935 0.041062
v 0.113095 0.111299 0.040178
v 0.095624 0.104378 0.039171
v -0.062346 0.112577 0.048730
v -0.047741 0.168492 0.043544
v 0.026706 1.599757 0.047798
v 0.028439 1.656074 0.047299
v 0.417479 -0.341181 0.071130
v -0.050050 -0.148908 0.051818
v -0.354669 -0.159530 0.052028
v 0.033415 -0.128953 0.048833
v 0.242842 -0.112944 0.053806
v -0.019136 -0.080224 0.044686
v 0.005844 -0.049382 0.041594
v -0.010907 -0.055364 0.043060
v 0.151986 -0.045091 0.070822
v -0.106877 -0.022537 0.047027
v 0.002851 -0.026798 0.041862
v -0.020197 -0.019682 0.044818
v 0.122594 0.037627 0.051452
v 0.139664 0.073103 0.047812
v 0.130918 0.079063 0.049562
v 0.136381 0.110135 0.049115
v 0.128219 0.109681 0.048680
v -0.061602 0.120333 0.054759
v -0.086108 0.130400 0.044707
v 0.067679 0.144409 0.057943
v 0.064816 0.150816 0.059267
v -0.030495 1.597049 0.054101
v -0.426842 -0.341094 0.072223
v -0.414088 -0.285075 0.070133
v 0.013215 -0.185352 0.053342
v 0.030519 -0.155699 0.051767
v -0.343707 -0.145312 0.055014
v -0.337785 -0.126275 0.056431
v 0.014928 -0.113950 0.055112
v -0.002404 -0.081554 0.046293
v -0.168211 -0.055510 0.072670
v 0.223219 -0.037614 0.071642
v -0.004638 -0.018088 0.055184
v -0.128358 0.043283 0.067762
v 0.097607 0.086747 0.056606
v -0.116361 0.088791 0.053890
v -0.117101 0.088892 0.069704
v 0.080203 0.100604 0.069486
v 0.057274 0.101569 0.085639
v -0.061213 0.152219 0.060568
v -0.037021 0.166594 0.054634
v -0.036211 1.654072 0.058245
v -0.009987 -0.186504 0.057891
v 0.265914 -0.145899 0.080940
v 0.159519 0.002489 0.074197
v 0.127420 0.070685 0.054695
v 0.121658 0.077948 0.061308
v 0.113189 0.085227 0.057181
v 0.055184 0.111545 0.058898
v -0.070962 0.139319 0.068359
v 0.039588 0.160983 0.057737
v -0.022019 0.174521 0.056215
v -0.034793 1.636135 0.056067
v -0.003501 1.655784 0.058495
v 0.391267 -0.341756 0.071711
v 0.416956 -0.336143 0.081924
v -0.317383 -0.208263 0.094407
v -0.290147 -0.166852 0.079589
v -0.023568 -0.169080 0.062141
v -0.029198 -0.154171 0.062967
v 0.336595 -0.164722 0.079654
v -0.335402 -0.134930 0.059944
v -0.039819 -0.122714 0.055060
v -0.314429 -0.101665 0.066259
v -0.232530 -0.107270 0.086159
v -0.011783 -0.113144 0.059483
v 0.202915 -0.085152 0.084906
v 0.055594 -0.015765 0.078573
v 0.118853 0.028354 0.062564
v -0.122968 0.081530 0.076756
v -0.106113 0.090408 0.063977
v -0.047915 0.109158 0.066565
v -0.044322 0.116164 0.063375
v -0.063225 0.130476 0.071865
v 0.053979 0.122586 0.064263
v 0.051362 0.133587 0.068158
v -0.043112 0.161331 0.064045
v 0.004646 0.171698 0.061871
v -0.012211 1.597963 0.058563
v 0.005752 1.599671 0.057216
v 0.011206 1.652863 0.056596
v 0.378311 -0.240593 0.086393
v 0.301643 -0.188473 0.077153
v 0.014622 -0.145247 0.060525
v -0.329711 -0.127979 0.064412
v 0.263909 -0.081203 0.096012
v -0.193119 -0.012747 0.091274
v 0.114287 0.034879 0.070445
v -0.113792 0.086779 0.083192
v 0.109507 0.085304 0.071123
v 0.092482 0.096430 0.060708
v -0.087296 0.099652 0.079730
v 0.055908 0.144042 0.071338
v -0.059097 0.142434 0.078128
v -0.015851 1.651377 0.062494
v -0.402106 -0.267960 0.096678
v -0.003959 -0.164737 0.063675
v -0.011457 -0.133220 0.064637
v -0.316228 -0.104658 0.070875
v 0.229576 -0.111056 0.089746
v -0.305990 -0.092932 0.074408
v -0.061764 -0.020398 0.083914
v 0.074745 0.092686 0.081619
v 0.096198 0.086716 0.065245
v 0.027734 0.159906 0.064569
v -0.007186 0.161324 0.069184
v 0.411916 -0.341074 0.095151
v 0.322987 -0.236758 0.111508
v -0.293939 -0.083050 0.079412
v -0.283971 -0.075078 0.084969
v -0.135665 -0.047867 0.102470
v -0.030963 -0.016536 0.082628
v 0.097084 -0.018823 0.065595
v 0.110664 0.028590 0.078938
v 0.040134 0.107566 0.074309
v -0.023459 0.108946 0.079130
v -0.027577 0.115583 0.072623
v 0.039273 0.116996 0.074673
v 0.024587 0.151201 0.083414
v 0.354331 -0.281110 0.088794
v -0.247905 -0.128261 0.099994
v -0.313168 -0.110848 0.075938
v -0.272286 -0.069013 0.081833
v 0.126443 -0.040804 0.096642
v -0.241606 -0.051334 0.107287
v -0.084454 -0.032929 0.113690
v 0.191633 -0.022418 0.097933
v -0.162390 0.006673 0.089964
v 0.103263 0.083869 0.083990
v 0.077774 0.088513 0.084896
v 0.380745 -0.341494 0.106698
v 0.377675 -0.338887 0.107209
v 0.398243 -0.292282 0.097670
v -0.370973 -0.198571 0.089818
v 0.293406 -0.109558 0.083403
v 0.055086 -0.020004 0.103196
v -0.093500 0.088100 0.080829
v -0.032246 0.104167 0.087682
v -0.029234 0.130117 0.087513
v -0.049730 0.131353 0.081919
v -0.022815 0.154255 0.082454
v -0.420400 -0.340696 0.103011
v -0.392403 -0.339335 0.098425
v 0.412010 -0.333332 0.103052
v -0.375270 -0.302482 0.096380
v -0.301556 -0.104543 0.100805
v -0.300541 -0.097994 0.083753
v -0.088087 0.088001 0.086870
v -0.084004 0.088366 0.103024
v 0.004642 0.108193 0.082849
v 0.023023 0.106074 0.083946
v 0.014688 0.115574 0.081451
v -0.004230 0.127660 0.087715
v 0.038242 0.143453 0.081957
v -0.178150 -0.076378 0.116727
v 0.170954 -0.075915 0.118837
v 0.094202 -0.026675 0.094042
v -0.201448 -0.029454 0.121061
v 0.035832 -0.017392 0.100735
v 0.094003 0.087049 0.088868
v 0.057169 0.096777 0.092527
v -0.043200 0.100934 0.103997
v -0.040675 0.141558 0.087614
v 0.286489 -0.182843 0.108431
v -0.333652 -0.148143 0.108185
v 0.142703 -0.058585 0.118171
v 0.239346 -0.063268 0.111614
v 0.212677 -0.042317 0.114282
v -0.017826 -0.021453 0.114762
v 0.129453 0.006410 0.109556
v -0.117693 0.038105 0.084273
v 0.088576 0.032888 0.100269
v -0.104795 0.079837 0.098729
v -0.082261 0.089212 0.092718
v 0.082359 0.088081 0.100013
v -0.066142 0.098982 0.096308
v -0.007085 0.140081 0.092480
v 0.018968 0.130807 0.084556
v 0.019257 0.144535 0.089154
v -0.009353 0.148068 0.090040
v -0.387924 -0.341549 0.122747
v 0.405972 -0.341230 0.119934
v 0.331732 -0.173282 0.113917
v -0.276413 -0.077743 0.098425
v -0.243527 -0.051894 0.113942
v -0.163695 -0.003188 0.107836
v 0.086382 0.082839 0.100794
v 0.057822 0.090136 0.093876
v 0.023787 0.101913 0.102803
v 0.342997 -0.282340 0.127887
v -0.284726 -0.181607 0.123566
v -0.096862 0.036800 0.106626
v -0.071136 0.088259 0.100798
v 0.065698 0.088724 0.103701
v -0.419331 -0.333498 0.118990
v -0.402929 -0.294667 0.130840
v 0.377396 -0.263938 0.126738
v 0.356102 -0.220751 0.126922
v 0.257292 -0.151980 0.117368
v 0.298094 -0.128352 0.115471
v -0.081312 0.089300 0.112305
v -0.059885 0.088355 0.106910
v 0.045267 0.092234 0.100177
v 0.041923 0.088286 0.106876
v 0.029438 0.097126 0.107445
v -0.335082 -0.161286 0.132201
v 0.198668 -0.098196 0.122710
v -0.275917 -0.087250 0.124412
v -0.220502 -0.040699 0.117670
v 0.057932 0.087392 0.116022
v -0.050768 0.095025 0.106455
v -0.017756 0.098203 0.112089
v 0.000789 0.098500 0.111757
v -0.411445 -0.341370 0.134066
v 0.401058 -0.341718 0.129297
v -0.309574 -0.126974 0.130622
v -0.242022 -0.055396 0.120987
v 0.100356 -0.046682 0.134215
v 0.065067 -0.037481 0.139012
v -0.124800 0.010819 0.134749
v 0.077632 0.032571 0.109516
v -0.085681 0.038508 0.115437
v 0.069335 0.082578 0.114061
v -0.080705 0.085747 0.116447
v -0.044868 0.087561 0.112319
v -0.035044 0.095119 0.111162
v 0.028239 0.092423 0.108140
v 0.014784 0.088308 0.115203
v 0.370504 -0.341270 0.134147
v -0.378994 -0.341597 0.150061
v -0.368041 -0.203575 0.110081
v -0.226409 -0.124462 0.134228
v -0.123228 -0.054419 0.134188
v -0.097573 -0.040653 0.123009
v -0.011438 -0.028408 0.137110
v -0.191998 -0.022706 0.116076
v 0.029013 -0.026077 0.129780
v -0.182186 -0.019436 0.117505
v 0.114896 0.004193 0.131065
v -0.139608 0.008424 0.121206
v -0.049873 0.089915 0.126535
v -0.032307 0.088688 0.118256
v -0.009428 0.091258 0.115578
v 0.389169 -0.308967 0.145723
v -0.349588 -0.282641 0.140131
v -0.383050 -0.249514 0.133951
v -0.208641 -0.034513 0.128818
v -0.038892 -0.031898 0.137326
v -0.200165 -0.021200 0.127382
v -0.175708 -0.019619 0.120711
v -0.146864 -0.002768 0.120775
v -0.072240 0.033292 0.127375
v -0.067703 0.081900 0.124448
v 0.050223 0.084487 0.123133
v -0.412296 -0.335727 0.139823
v -0.317010 -0.241593 0.150497
v 0.286682 -0.209060 0.151359
v 0.057037 0.033690 0.122067
v -0.055860 0.038918 0.129968
v 0.000700 0.088686 0.132308
v 0.028116 0.088355 0.124380
v 0.399283 -0.336792 0.142438
v 0.320860 -0.194095 0.170611
v 0.243717 -0.084664 0.149316
v -0.261186 -0.092194 0.157767
v -0.194157 -0.020887 0.133043
v -0.184933 -0.025193 0.129391
v -0.129310 0.003707 0.132753
v -0.268835 -0.184338 0.158308
v 0.237934 -0.157336 0.160547
v 0.302162 -0.158839 0.159359
v 0.276127 -0.122982 0.154952
v 0.218024 -0.126527 0.144383
v -0.147569 -0.075274 0.152706
v 0.139061 -0.086081 0.169953
v -0.200695 -0.033703 0.137548
v -0.197982 -0.025761 0.140308
v -0.133757 -0.011780 0.152395
v 0.027254 0.032738 0.136910
v -0.052365 0.033922 0.134619
v 0.038822 0.038301 0.128863
v 0.032544 0.083410 0.129884
v -0.041164 0.086094 0.133304
v 0.018641 0.087088 0.131371
v 0.394822 -0.341563 0.146345
v -0.223294 -0.059858 0.156063
v 0.218773 -0.060571 0.144747
v 0.179211 -0.034086 0.143739
v -0.179191 -0.029833 0.143467
v 0.087506 0.002986 0.156008
v -0.074722 0.018381 0.155666
v -0.021616 0.036884 0.136491
v 0.010878 0.038280 0.134938
v 0.007012 0.084509 0.135199
v 0.389657 -0.341409 0.161985
v -0.402289 -0.326149 0.163659
v 0.343603 -0.303339 0.153572
v 0.313325 -0.262638 0.169141
v -0.340845 -0.201662 0.171947
v -0.340357 -0.192619 0.168300
v 0.171357 -0.105090 0.168539
v -0.107843 -0.060825 0.160386
v -0.054469 -0.046412 0.161306
v 0.023115 -0.038462 0.155790
v -0.012553 0.087998 0.136205
v 0.358567 -0.260094 0.169774
v -0.191342 -0.113643 0.165225
v 0.021631 0.003127 0.183707
v -0.399980 -0.341429 0.167410
v -0.294366 -0.130437 0.167950
v -0.191980 -0.033976 0.148128
v -0.013483 -0.040598 0.160876
v 0.131394 -0.020598 0.164628
v -0.101213 0.006082 0.160595
v 0.360204 -0.341584 0.160729
v -0.323158 -0.184792 0.194197
v -0.224303 -0.152042 0.178858
v 0.047997 -0.049600 0.166979
v -0.123765 -0.005081 0.160216
v -0.034800 0.017023 0.168525
v -0.395241 -0.336430 0.182918
v 0.352076 -0.341367 0.176626
v -0.384794 -0.283681 0.166712
v -0.355826 -0.240752 0.185745
v -0.158336 -0.102242 0.183933
v 0.078280 -0.067903 0.181163
v 0.188110 -0.053955 0.171110
v 0.070543 -0.007121 0.181452
v -0.356614 -0.341907 0.197229
v -0.327341 -0.288471 0.190754
v -0.275081 -0.213578 0.186272
v -0.129472 -0.086350 0.185711
v -0.197205 -0.058649 0.184539
v -0.184690 -0.042374 0.170871
v -0.168343 -0.042697 0.176709
v 0.161800 -0.049949 0.189591
v -0.125973 -0.025368 0.184359
v 0.370769 -0.334066 0.202863
v 0.300009 -0.256065 0.185201
v 0.266460 -0.138656 0.197748
v -0.077691 -0.010303 0.200227
v -0.367112 -0.340206 0.175637
v 0.359132 -0.298118 0.201391
v 0.202037 -0.146397 0.190102
v 0.220339 -0.089062 0.189214
v -0.373017 -0.291612 0.197911
v 0.269283 -0.218549 0.190799
v -0.248327 -0.205031 0.212911
v -0.182425 -0.129630 0.196717
v -0.092998 -0.069158 0.182125
v -0.003796 -0.060485 0.192477
v -0.177283 -0.041359 0.181392
v -0.115942 -0.019170 0.191226
v 0.341280 -0.341681 0.197145
v 0.371680 -0.341385 0.197863
v 0.282168 -0.163101 0.202161
v -0.038880 -0.058310 0.184784
v -0.377999 -0.332383 0.216178
v 0.193145 -0.081204 0.206575
v -0.179202 -0.052139 0.188097
v -0.012838 0.013300 0.174693
v -0.377849 -0.340755 0.213545
v 0.302345 -0.286090 0.211139
v 0.335439 -0.251191 0.205639
v -0.170887 -0.045867 0.191870
v -0.162126 -0.047687 0.189203
v -0.139876 -0.049065 0.210206
v 0.124609 -0.044013 0.207116
v 0.242105 -0.186125 0.190426
v 0.133327 -0.121811 0.218686
v -0.080889 -0.092248 0.216308
v 0.093091 -0.098946 0.214262
v 0.030590 -0.071305 0.203200
v -0.309116 -0.190554 0.217356
v -0.212438 -0.171711 0.215408
v 0.278855 -0.171431 0.223486
v 0.185292 -0.168466 0.229323
v -0.257619 -0.119740 0.203445
v -0.143194 -0.117681 0.214343
v -0.033661 -0.089694 0.225512
v -0.049151 -0.003721 0.198090
v -0.367159 -0.341408 0.228824
v 0.361871 -0.341245 0.213920
v 0.284463 -0.188918 0.226548
v 0.235762 -0.211849 0.224340
v -0.294162 -0.175432 0.229599
v -0.104729 -0.110758 0.228200
v 0.054518 -0.095060 0.224962
v -0.160700 -0.051232 0.203815
v -0.117475 -0.040011 0.212802
v -0.110695 -0.031989 0.211458
v -0.018287 -0.018705 0.218742
v -0.317197 -0.301793 0.219039
v 0.264606 -0.253558 0.231852
v -0.159488 -0.059814 0.209068
v -0.337760 -0.246533 0.222462
v -0.220744 -0.101761 0.216664
v 0.070881 -0.046399 0.235622
v -0.333669 -0.341631 0.233275
v 0.328134 -0.341874 0.219157
v 0.352913 -0.341505 0.231223
v 0.291479 -0.306141 0.242420
v -0.171785 -0.156698 0.234928
v -0.137698 -0.064061 0.229914
v 0.162903 -0.089129 0.239673
v -0.051383 -0.027606 0.229274
v 0.022521 -0.042358 0.242547
v 0.348248 -0.320279 0.233139
v 0.282701 -0.207926 0.246544
v 0.240703 -0.143175 0.234109
v -0.088575 -0.038676 0.233351
v 0.314339 -0.341645 0.236898
v -0.339644 -0.289925 0.249902
v -0.117016 -0.141003 0.252486
v -0.098027 -0.050204 0.235699
v -0.219809 -0.219152 0.256155
v 0.279937 -0.191785 0.243611
v 0.145415 -0.168521 0.256267
v -0.249761 -0.150825 0.253071
v 0.105653 -0.075708 0.256680
v -0.302271 -0.340146 0.270510
v -0.356186 -0.331649 0.249010
v -0.290701 -0.283079 0.237526
v 0.317512 -0.276658 0.249810
v -0.271007 -0.277988 0.256275
v 0.079474 -0.129599 0.251791
v 0.004802 -0.104896 0.244445
v -0.183225 -0.100677 0.241154
v 0.002482 -0.052927 0.257438
v -0.336790 -0.340753 0.273303
v -0.313387 -0.245093 0.255703
v -0.279885 -0.176805 0.243900
v 0.118320 -0.164204 0.266480
v 0.219609 -0.140525 0.249609
v -0.141583 -0.074304 0.238273
v 0.130382 -0.093420 0.263309
v -0.135363 -0.070124 0.240133
v -0.355816 -0.340702 0.247687
v -0.293837 -0.341961 0.285123
v 0.343437 -0.341270 0.246263
v 0.229214 -0.247473 0.261624
v 0.279596 -0.225434 0.270991
v -0.070697 -0.130046 0.259040
v 0.043884 -0.135398 0.267300
v 0.016625 -0.123407 0.260980
v -0.112698 -0.078464 0.257541
v -0.078828 -0.050410 0.248273
v 0.326416 -0.332772 0.268468
v -0.259370 -0.163242 0.256008
v -0.214000 -0.125922 0.250412
v -0.130513 -0.079461 0.249165
v -0.084830 -0.059092 0.249074
v -0.044015 -0.063375 0.267988
v 0.296217 -0.341688 0.260450
v 0.186863 -0.196544 0.253390
v -0.126280 -0.074558 0.251610
v 0.263848 -0.300461 0.268901
v 0.283381 -0.243944 0.272245
v -0.172218 -0.185797 0.261565
v -0.026992 -0.127752 0.265067
v 0.326245 -0.341105 0.266967
v 0.238321 -0.182217 0.272514
v -0.261055 -0.172812 0.259426
v 0.178886 -0.150369 0.287543
v 0.151679 -0.122012 0.278875
v 0.040158 -0.079666 0.279993
v -0.061934 -0.069983 0.270462
v 0.002154 -0.079696 0.284737
v -0.319672 -0.333955 0.296912
v -0.307763 -0.302180 0.295472
v -0.200528 -0.233706 0.282440
v 0.162040 -0.210838 0.280617
v -0.236473 -0.172346 0.279721
v -0.211360 -0.158642 0.281830
v -0.006361 -0.154095 0.287761
v -0.114108 -0.091340 0.270630
v -0.110050 -0.082048 0.267557
v -0.068407 -0.073246 0.267135
v 0.279184 -0.341475 0.279068
v -0.100280 -0.084715 0.267679
v -0.321854 -0.341220 0.290640
v 0.316398 -0.341169 0.279005
v 0.299932 -0.312936 0.290262
v -0.245349 -0.285158 0.286301
v -0.285193 -0.249073 0.289660
v -0.154149 -0.191633 0.277293
v 0.080568 -0.198613 0.306400
v -0.187024 -0.142454 0.281756
v -0.278575 -0.336097 0.291624
v 0.174483 -0.240487 0.294358
v 0.210190 -0.189116 0.297661
v -0.107248 -0.179856 0.288349
v -0.046655 -0.171751 0.297095
v -0.102372 -0.089594 0.275447
v 0.280812 -0.273852 0.291728
v 0.279117 -0.257171 0.291134
v -0.056067 -0.085832 0.281025
v 0.080997 -0.094934 0.284992
v -0.285488 -0.341468 0.325622
v 0.299527 -0.341229 0.296808
v -0.229845 -0.181801 0.289223
v 0.012378 -0.187531 0.311473
v -0.086861 -0.099983 0.287340
v -0.048013 -0.084169 0.285261
v -0.026964 -0.097231 0.298635
v 0.245641 -0.341683 0.311296
v 0.051184 -0.193199 0.310212
v 0.110726 -0.134976 0.309491
v -0.162983 -0.237213 0.306648
v -0.246486 -0.232809 0.312857
v 0.217457 -0.216878 0.312154
v -0.118279 -0.222476 0.315393
v -0.082308 -0.194769 0.307293
v -0.041941 -0.100097 0.295457
v -0.261296 -0.339671 0.309163
v 0.283579 -0.331289 0.312315
v 0.210152 -0.307975 0.316433
v -0.141849 -0.145072 0.306773
v 0.275441 -0.302807 0.309293
v -0.194624 -0.288569 0.323745
v 0.146740 -0.169923 0.321189
v 0.054348 -0.116540 0.310696
v -0.304205 -0.340205 0.310481
v -0.251628 -0.341811 0.321970
v 0.271662 -0.295532 0.312587
v -0.268341 -0.288198 0.324365
v -0.189946 -0.189529 0.319003
v -0.061141 -0.121871 0.311687
v 0.286423 -0.341545 0.309159
v -0.234508 -0.339253 0.327381
v -0.140201 -0.272238 0.338729
v -0.007361 -0.127970 0.320219
v 0.233255 -0.340092 0.320247
v 0.237590 -0.254578 0.319477
v 0.128749 -0.237213 0.315216
v 0.118867 -0.265722 0.337316
v -0.217812 -0.227761 0.328924
v -0.037540 -0.219249 0.330885
v -0.130153 -0.178820 0.337244
v -0.091331 -0.152388 0.329739
v 0.004163 -0.123350 0.320605
v -0.272953 -0.341089 0.336390
v 0.264888 -0.341328 0.325056
v -0.290822 -0.333933 0.323808
v 0.164538 -0.295857 0.335902
v -0.081518 -0.241279 0.337587
v 0.045159 -0.220442 0.329482
v 0.177621 -0.218296 0.338008
v 0.073345 -0.171563 0.348947
v 0.218826 -0.341866 0.333252
v -0.017033 -0.163436 0.347418
v 0.256005 -0.334528 0.333660
v 0.201139 -0.341034 0.341847
v 0.091744 -0.252005 0.337427
v 0.001946 -0.246310 0.347621
v 0.007836 -0.141060 0.329640
v 0.014129 -0.138859 0.331815
v 0.027476 -0.150426 0.340029
v -0.206104 -0.341045 0.345406
v -0.167451 -0.217835 0.348341
v 0.119615 -0.183161 0.341973
v -0.210844 -0.341233 0.375266
v 0.223411 -0.311969 0.353852
v 0.207035 -0.301861 0.362363
v -0.241221 -0.270870 0.336447
v 0.016387 -0.149967 0.336242
v 0.241862 -0.340823 0.342018
v 0.175361 -0.340758 0.356166
v -0.154350 -0.303688 0.350325
v -0.057999 -0.186606 0.360174
v -0.253605 -0.340197 0.350585
v -0.031639 -0.271589 0.360778
v 0.017187 -0.286818 0.368862
v -0.090611 -0.199840 0.362942
v 0.030210 -0.167803 0.347800
v -0.238411 -0.340781 0.360880
v -0.241310 -0.332183 0.360354
v 0.080645 -0.294726 0.362768
v -0.098418 -0.290364 0.360473
v -0.209762 -0.282880 0.360385
v -0.181599 -0.252494 0.360998
v 0.138696 -0.235228 0.369070
v 0.059593 -0.184611 0.361323
v 0.047845 -0.172920 0.356170
v -0.184823 -0.341205 0.357932
v 0.223448 -0.340083 0.358233
v 0.134339 -0.340825 0.374381
v 0.092686 -0.203063 0.364220
v 0.043373 -0.178918 0.354499
v -0.160468 -0.338941 0.365770
v 0.188577 -0.260727 0.355328
v -0.059622 -0.286475 0.365546
v -0.186446 -0.341251 0.387329
v 0.149416 -0.341664 0.370443
v 0.207147 -0.340911 0.366776
v 0.120718 -0.337761 0.375982
v 0.186471 -0.299308 0.373536
v 0.152695 -0.269657 0.382695
v -0.114024 -0.220356 0.369346
v 0.031073 -0.221324 0.385013
v 0.178255 -0.341139 0.384356
v -0.129788 -0.338502 0.375600
v -0.081870 -0.337104 0.385234
v 0.078787 -0.201155 0.368766
v 0.052774 -0.190978 0.360520
v 0.066369 -0.200773 0.364337
v 0.069492 -0.193632 0.365747
v -0.145166 -0.341018 0.374322
v 0.101680 -0.337958 0.380608
v -0.034998 -0.340685 0.393762
v 0.106670 -0.222489 0.375224
v -0.050599 -0.216767 0.379576
v 0.190588 -0.336163 0.379496
v -0.196211 -0.332352 0.384294
v -0.109035 -0.338048 0.380904
v 0.097213 -0.223155 0.371541
v 0.080268 -0.211936 0.368557
v 0.092715 -0.209819 0.370917
v -0.162564 -0.341125 0.397980
v -0.103921 -0.341008 0.385180
v 0.112357 -0.341484 0.383242
v 0.086904 -0.341683 0.386939
v 0.025305 -0.341494 0.393081
v 0.167501 -0.286555 0.381731
v -0.164969 -0.301466 0.387831
v -0.149236 -0.257544 0.376718
v 0.144347 -0.259588 0.382579
v 0.130788 -0.243843 0.379995
v 0.114475 -0.239482 0.375667
v 0.119470 -0.233652 0.377094
v 0.106169 -0.229950 0.373461
v -0.006670 -0.204659 0.375561
v -0.075720 -0.340410 0.390161
v -0.058268 -0.340812 0.391380
v 0.052525 -0.340661 0.390915
v 0.158658 -0.314941 0.390870
v 0.161686 -0.290793 0.382294
v 0.137169 -0.262002 0.379988
v 0.124648 -0.250146 0.378048
v 0.016055 -0.230392 0.390994
v 0.154030 -0.340893 0.395432
v 0.151215 -0.280376 0.382509
v 0.144012 -0.270994 0.381499
v -0.119571 -0.279770 0.396207
v 0.069806 -0.257847 0.396004
v -0.086772 -0.246347 0.389473
v -0.012241 -0.341613 0.398078
v 0.004352 -0.339805 0.394067
v 0.133499 -0.341068 0.401906
v 0.001944 -0.247050 0.400286
v 0.127612 -0.296777 0.397380
v 0.047900 -0.266466 0.403606
v -0.126998 -0.341114 0.409078
v -0.159227 -0.332547 0.400668
v -0.145547 -0.339844 0.404024
v -0.070979 -0.341146 0.421848
v 0.119118 -0.340387 0.410153
v 0.149487 -0.335676 0.400276
v -0.062510 -0.256911 0.398701
v 0.020434 -0.258272 0.404572
v 0.009502 -0.249029 0.406883
v -0.033993 -0.341313 0.425396
v 0.021966 -0.341196 0.425401
v 0.072917 -0.341089 0.418484
v 0.099948 -0.340623 0.416010
v -0.025368 -0.273020 0.409792
v -0.020649 -0.259825 0.404755
v -0.104639 -0.340675 0.415285
v 0.111924 -0.335403 0.414118
v -0.123841 -0.331391 0.411467
v 0.093821 -0.303591 0.408857
v 0.002573 -0.270954 0.409814
v 0.001168 -0.260992 0.412135
v -0.048427 -0.341233 0.424252
v -0.076853 -0.295921 0.411464
v 0.057898 -0.340557 0.423613
v 0.053011 -0.333015 0.425042
v 0.007406 -0.294803 0.418128
v -0.074792 -0.334535 0.422952
v 0.073587 -0.334596 0.422387
v -0.040166 -0.333989 0.427569
v -0.000043 -0.334333 0.429398
vn -0.0619 -0.1424 -0.9879
vn 0.0173 -0.1499 -0.9885
vn -0.0041 -0.8405 -0.5418
vn 0.0356 -0.8090 -0.5868
vn 0.0908 -0.6963 -0.7120
vn -0.0915 0.2314 -0.9686
vn -0.0140 0.3028 -0.9530
vn 0.1207 0.2407 -0.9631
vn -0.0402 -0.8306 -0.5554
vn -0.0722 -0.7863 -0.6136
vn -0.1775 -0.1545 -0.9719
vn 0.1920 -0.0576 -0.9797
vn -0.2419 0.2266 -0.9435
vn 0.0691 0.2512 -0.9655
vn -0.0060 0.3107 -0.9505
vn -0.1265 -0.8565 -0.5004
vn 0.0449 -0.8939 -0.4461
vn 0.1166 -0.7848 -0.6087
vn 0.2257 -0.0453 -0.9731
vn -0.1867 0.3463 -0.9194
vn 0.1525 0.2711 -0.9504
vn -0.0923 0.3527 -0.9312
vn 0.1885 0.2422 -0.9518
vn 0.0927 0.3079 -0.9469
vn -0.1805 -0.8240 -0.5371
vn -0.3222 -0.1247 -0.9384
vn 0.1128 -0.8505 -0.5138
vn 0.2403 -0.0875 -0.9668
vn 0.1732 0.2055 -0.9632
vn -0.0019 -0.8213 0.5705
vn -0.2870 0.3278 -0.9001
vn 0.1437 0.3976 -0.9062
vn -0.1433 0.3877 -0.9106
vn 0.0234 0.4188 -0.9078
vn 0.0102 -0.9984 0.0557
vn 0.0847 -0.8362 0.5419
vn 0.2038 -0.6786 -0.7057
vn 0.3490 -0.0297 -0.9367
vn -0.3584 0.2270 -0.9056
vn -0.0862 -0.8342 0.5447
vn -0.2154 -0.8178 -0.5337
vn 0.3792 0.1834 -0.9069
vn 0.2883 0.2099 -0.9342
vn 0.0757 0.3639 -0.9284
vn 0.1133 -0.8467 0.5198
vn -0.1231 -0.8395 0.5293
vn 0.2691 -0.7471 -0.6078
vn -0.4056 -0.1508 -0.9015
vn 0.4192 0.2263 -0.8793
vn -0.2293 0.3601 -0.9043
vn 0.2238 0.4425 -0.8684
vn -0.0756 0.4626 -0.8833
vn 0.0920 -0.8268 0.5549
vn -0.2113 -0.8594 -0.4656
vn 0.4448 0.0220 -0.8954
vn -0.3357 0.3318 -0.8816
vn 0.5970 0.1814 -0.7814
vn 0.0104 0.4013 -0.9159
vn 0.0325 0.4891 -0.8716
vn -0.1722 0.4591 -0.8715
vn 0.1404 -0.8522 0.5041
vn -0.4499 0.2324 -0.8623
vn 0.4453 0.3034 -0.8424
vn 0.1332 0.5017 -0.8547
vn 0.0218 0.5171 -0.8557
vn -0.2676 -0.8105 -0.5210
vn -0.4836 -0.1299 -0.8656
vn 0.2577 -0.8160 -0.5174
vn 0.5939 0.1951 -0.7805
vn -0.2887 0.4103 -0.8650
vn -0.0498 0.5849 -0.8096
vn 0.5595 0.2579 -0.7877
vn -0.1586 -0.3719 0.9146
vn -0.1483 -0.8127 0.5634
vn -0.1692 -0.8371 0.5202
vn -0.2212 -0.8278 0.5156
vn 0.0455 -0.3671 0.9291
vn -0.0897 -0.3762 0.9222
vn -0.4024 0.3455 -0.8478
vn 0.0541 0.6572 -0.7518
vn 0.0228 0.6382 -0.7695
vn 0.1731 -0.8529 0.4924
vn 0.4487 -0.3292 -0.8308
vn 0.1633 -0.4102 0.8972
vn 0.6581 0.1523 -0.7374
vn -0.2596 0.4884 -0.8331
vn -0.0940 0.5236 -0.8468
vn 0.2334 -0.3451 0.9091
vn -0.2739 -0.8315 -0.4832
vn 0.5416 -0.0269 -0.8402
vn 0.1011 -0.4483 0.8881
vn 0.0023 -0.4762 0.8793
vn 0.6133 0.2219 -0.7581
vn 0.2230 -0.8603 0.4585
vn -0.1937 -0.4345 0.8796
vn -0.3717 0.4767 -0.7967
vn 0.5841 0.2808 -0.7616
vn 0.1946 0.6389 -0.7443
vn 0.2242 0.5421 -0.8098
vn -0.1321 0.5104 -0.8498
vn 0.4044 -0.7082 -0.5787
vn -0.2693 -0.3996 0.8762
vn -0.5743 -0.0089 -0.8186
vn -0.1129 -0.4681 0.8764
vn -0.4564 0.4239 -0.7823
vn 0.1598 0.6603 -0.7338
vn 0.0078 0.5777 -0.8162
vn -0.2397 -0.8420 0.4833
vn -0.3022 -0.7898 -0.5338
vn 0.5006 0.3704 -0.7824
vn -0.5063 0.3624 -0.7825
vn 0.6415 0.1993 -0.7408
vn 0.1051 0.5975 -0.7949
vn 0.3569 -0.8165 -0.4539
vn 0.3227 -0.4538 0.8306
vn -0.3610 -0.3954 0.8446
vn -0.5542 0.3176 -0.7695
vn 0.5318 0.2888 -0.7961
vn 0.6668 0.2356 -0.7070
vn 0.1488 0.6424 -0.7518
vn 0.2497 -0.8638 0.4377
vn -0.3501 -0.7924 -0.4995
vn 0.6219 -0.0016 -0.7831
vn 0.0976 0.6655 -0.7400
vn -0.0950 0.5826 -0.8072
vn 0.2266 -0.4755 0.8500
vn -0.2978 -0.4725 0.8295
vn -0.1848 -0.5175 0.8355
vn 0.1324 -0.5049 0.8530
vn -0.0775 -0.5284 0.8455
vn 0.3391 0.5486 -0.7642
vn 0.2772 -0.8561 0.4361
vn -0.2938 -0.7894 0.5390
vn -0.4638 -0.3925 0.7942
vn 0.4718 0.4512 -0.7575
vn 0.6447 0.3410 -0.6842
vn 0.1516 0.6502 -0.7445
vn -0.4147 -0.7665 -0.4905
vn 0.6558 0.2408 -0.7155
vn 0.5656 0.3624 -0.7408
vn 0.6271 0.3840 -0.6777
vn 0.1408 0.6499 -0.7469
vn 0.2701 0.5972 -0.7553
vn 0.1922 0.6001 -0.7765
vn -0.3072 -0.8522 0.4236
vn 0.5730 -0.5043 -0.6460
vn 0.4501 -0.4636 0.7632
vn -0.4124 -0.4888 0.7688
vn -0.6013 0.3694 -0.7085
vn -0.5048 0.4874 -0.7125
vn 0.4332 0.5562 -0.7092
vn -0.1926 0.5645 -0.8027
vn -0.3206 0.5639 -0.7611
vn 0.2922 -0.8645 0.4089
vn -0.6893 0.0157 -0.7243
vn -0.3331 -0.5253 0.7830
vn -0.4326 0.5159 -0.7394
vn 0.2353 0.6498 -0.7228
vn -0.0666 0.6329 -0.7713
vn -0.4761 -0.4512 0.7549
vn -0.2292 -0.5584 0.7973
vn -0.5818 0.4520 -0.6762
vn 0.0129 -0.5628 0.8265
vn -0.4171 0.5679 -0.7095
vn 0.4262 -0.4887 0.7613
vn 0.3416 -0.5156 0.7858
vn 0.5575 0.4514 -0.6967
vn 0.1273 -0.5631 0.8165
vn 0.3176 -0.8620 0.3950
vn 0.5438 -0.6411 -0.5416
vn -0.4155 -0.8117 -0.4105
vn 0.5029 0.5076 -0.6996
vn -0.1126 -0.5804 0.8065
vn 0.6513 0.3449 -0.6759
vn 0.5695 0.4490 -0.6886
vn 0.3935 0.5851 -0.7091
vn 0.3210 0.6187 -0.7171
vn -0.1590 0.6466 -0.7461
vn 0.0224 0.6542 -0.7560
vn -0.7251 -0.0273 -0.6881
vn 0.6062 0.3990 -0.6880
vn 0.2508 -0.5463 0.7992
vn -0.3022 -0.5809 0.7558
vn -0.5102 0.5366 -0.6722
vn -0.2878 0.6520 -0.7015
vn 0.2515 0.6504 -0.7168
vn 0.1413 0.6718 -0.7272
vn -0.7118 0.3102 -0.6302
vn 0.5064 -0.4859 0.7124
vn 0.6866 0.3517 -0.6363
vn -0.3423 -0.8410 0.4189
vn -0.5209 -0.4889 0.6997
vn 0.4889 0.5202 -0.7003
vn -0.2117 0.6917 -0.6905
vn -0.0940 0.6890 -0.7186
vn 0.0282 -0.9993 0.0226
vn -0.3616 -0.8540 0.3740
vn -0.4683 -0.7805 -0.4141
vn -0.6335 -0.4331 0.6412
vn -0.6855 0.3879 -0.6161
vn -0.4024 -0.5831 0.7057
vn -0.1720 -0.6185 0.7667
vn -0.0160 -0.6299 0.7765
vn 0.6757 0.3687 -0.6383
vn 0.1015 -0.6566 0.7474
vn 0.1986 0.6966 -0.6894
vn -0.3933 0.6644 -0.6355
vn 0.7713 0.0893 -0.6301
vn 0.5581 -0.4836 0.6743
vn 0.3434 -0.5807 0.7381
vn -0.5894 0.4967 -0.6371
vn 0.2123 -0.6232 0.7527
vn 0.0104 0.7117 -0.7024
vn 0.5246 -0.7143 -0.4632
vn -0.6019 -0.4725 0.6438
vn 0.4401 -0.5304 0.7245
vn -0.5854 0.5375 -0.6070
vn -0.4756 0.6357 -0.6080
vn 0.3740 -0.8468 0.3781
vn 0.6315 -0.4350 0.6419
vn 0.5886 0.5184 -0.6203
vn 0.6810 0.3700 -0.6320
vn 0.3975 0.5589 -0.7277
vn -0.3206 0.6998 -0.6383
vn -0.6920 -0.5101 -0.5107
vn 0.6582 0.4429 -0.6088
vn -0.4820 -0.5556 0.6775
vn -0.6326 0.4861 -0.6030
vn 0.3688 0.6549 -0.6596
vn -0.3301 -0.6361 0.6974
vn 0.2224 0.7291 -0.6472
vn -0.8085 -0.0487 -0.5865
vn -0.6440 0.5072 -0.5727
vn 0.7992 0.2745 -0.5348
vn -0.4335 0.6891 -0.5807
vn 0.3139 0.6870 -0.6553
vn -0.1415 0.7230 -0.6762
vn 0.1322 0.7365 -0.6634
vn 0.1129 -0.9904 0.0793
vn -0.4000 -0.8529 0.3355
vn 0.5006 -0.7715 -0.3927
vn 0.7716 0.3122 -0.5543
vn -0.5603 -0.5352 0.6321
vn 0.4890 -0.5456 0.6805
vn 0.8216 0.3203 -0.4715
vn -0.2550 -0.6564 0.7100
vn -0.1488 -0.6688 0.7284
vn 0.4051 -0.6091 0.6818
vn 0.3002 -0.6440 0.7037
vn 0.1209 0.7245 -0.6786
vn 0.1924 0.8012 -0.5667
vn 0.5496 -0.6857 0.4773
vn 0.6538 -0.4752 0.5889
vn 0.7392 0.4018 -0.5405
vn -0.7257 0.4261 -0.5403
vn 0.6583 0.5177 -0.5464
vn -0.6595 0.5158 -0.5468
vn -0.0224 -0.7179 0.6958
vn 0.0633 0.7634 -0.6429
vn -0.3696 -0.8893 -0.2692
vn -0.7626 0.3398 -0.5505
vn 0.7673 0.3337 -0.5476
vn 0.8126 -0.0094 -0.5828
vn 0.7105 0.4792 -0.5153
vn 0.6381 0.5714 -0.5160
vn -0.0552 0.7622 -0.6450
vn -0.5438 -0.7475 -0.3815
vn -0.8295 0.0632 -0.5549
vn 0.5692 -0.5362 0.6233
vn 0.7896 0.4573 -0.4091
vn 0.2168 -0.7094 0.6707
vn 0.5496 0.7835 -0.2901
vn 0.4044 0.6983 -0.5907
vn -0.2134 0.7400 -0.6378
vn -0.7323 -0.4407 0.5192
vn -0.6850 -0.4803 0.5478
vn -0.6018 0.5846 -0.5442
vn 0.2831 0.7583 -0.5872
vn 0.3121 -0.9194 0.2394
vn 0.4847 -0.6017 0.6348
vn 0.3562 -0.6869 0.6335
vn 0.1179 -0.7473 0.6539
vn 0.5498 0.7306 -0.4050
vn -0.4398 -0.8391 0.3200
vn 0.5225 -0.7769 -0.3513
vn -0.5536 -0.7544 -0.3528
vn -0.5633 -0.5938 0.5745
vn -0.4788 -0.6129 0.6286
vn -0.1841 -0.7374 0.6499
vn -0.4702 0.6830 -0.5589
vn -0.3918 0.7148 -0.5793
vn 0.3576 0.7465 -0.5612
vn 0.6335 -0.6332 0.4447
vn 0.7996 0.3725 -0.4711
vn -0.6450 -0.5369 0.5439
vn -0.4026 -0.6505 0.6441
vn 0.1361 0.7840 -0.6057
vn 0.1731 -0.9802 0.0958
vn -0.4611 -0.8420 0.2800
vn -0.8642 -0.0304 -0.5023
vn 0.8630 -0.0047 -0.5052
vn -0.8084 0.3714 -0.4567
vn -0.5312 0.6559 -0.5363
vn -0.2841 0.7622 -0.5816
vn 0.2060 0.7868 -0.5818
vn 0.6361 -0.5568 0.5342
vn -0.6962 0.5282 -0.4860
vn -0.3057 -0.7041 0.6410
vn 0.5110 0.6941 -0.5071
vn 0.7215 -0.4724 0.5063
vn -0.4306 -0.8677 -0.2483
vn 0.4568 -0.6558 0.6011
vn 0.3064 -0.7532 0.5821
vn -0.0969 -0.7914 0.6036
vn 0.7742 0.4508 -0.4443
vn -0.7711 0.4722 -0.4272
vn 0.7194 0.5365 -0.4412
vn 0.5717 -0.6141 0.5441
vn -0.4237 -0.6849 0.5928
vn -0.6748 0.5689 -0.4700
vn 0.2358 -0.7780 0.5823
vn 0.4368 0.7566 -0.4866
vn 0.5940 -0.7364 -0.3239
vn -0.7076 0.5330 -0.4639
vn 0.0230 -0.8103 0.5856
vn -0.7709 -0.4412 -0.4595
vn 0.1478 -0.8174 0.5567
vn -0.1334 0.8088 -0.5728
vn 0.0120 0.8153 -0.5790
vn 0.8965 -0.0307 -0.4419
vn 0.8634 0.3129 -0.3959
vn 0.7400 -0.5073 0.4417
vn -0.5459 -0.6535 0.5243
vn 0.3879 -0.7617 0.5190
vn 0.1032 -0.9940 0.0365
vn 0.6183 -0.7141 0.3284
vn 0.5506 -0.6702 0.4976
vn 0.6365 0.6222 -0.4558
vn -0.2339 -0.7868 0.5711
vn 0.2796 0.8068 -0.5204
vn 0.1567 0.8127 -0.5612
vn -0.6347 -0.7089 -0.3075
vn 0.5855 -0.7707 -0.2516
vn -0.4866 -0.8359 0.2542
vn -0.9170 0.0458 -0.3963
vn -0.7464 -0.5141 0.4225
vn -0.7261 0.5559 -0.4047
vn 0.3883 0.7945 -0.4668
vn 0.7906 -0.4503 0.4149
vn 0.4632 -0.7467 0.4773
vn -0.3444 -0.7621 0.5482
vn 0.2353 -0.8455 0.4793
vn -0.4217 0.5999 -0.6799
vn -0.7885 -0.4441 0.4255
vn -0.8727 0.3390 -0.3514
vn 0.7001 -0.5550 0.4492
vn -0.7652 0.4715 -0.4384
vn 0.3136 -0.8232 0.4734
vn -0.4844 0.5689 -0.6646
vn -0.1533 -0.8587 0.4890
vn -0.3631 0.6736 -0.6437
vn -0.3238 0.7709 -0.5484
vn -0.1135 -0.9928 -0.0374
vn -0.6502 -0.5962 0.4709
vn 0.5269 0.7395 -0.4190
vn 0.8459 0.3923 -0.3613
vn 0.7814 0.4946 -0.3804
vn -0.4824 -0.7241 0.4929
vn -0.6862 0.5158 -0.5129
vn 0.6282 0.6645 -0.4048
vn 0.1202 -0.8768 0.4655
vn 0.0093 -0.8675 0.4974
vn -0.0479 -0.8843 0.4644
vn -0.2478 0.8339 -0.4932
vn 0.4821 -0.8506 0.2101
vn -0.6681 -0.7049 -0.2382
vn 0.6619 -0.6197 0.4216
vn 0.3590 0.8137 -0.4571
vn 0.9401 -0.0286 -0.3396
vn 0.7115 0.5966 -0.3712
vn -0.5077 0.5740 -0.6425
vn -0.4174 0.6390 -0.6461
vn -0.3509 0.7220 -0.5963
vn -0.8362 0.4339 -0.3356
vn -0.6637 0.5893 -0.4607
vn -0.3337 0.8216 -0.4621
vn -0.5192 -0.8274 0.2141
vn 0.8994 0.3145 -0.3035
vn 0.8133 -0.4782 0.3314
vn -0.8006 0.5087 -0.3167
vn -0.7099 -0.5838 0.3939
vn 0.5740 -0.7181 0.3935
vn 0.5854 0.7360 -0.3400
vn -0.2104 0.4800 -0.8516
vn 0.0869 0.7324 -0.6753
vn 0.8508 -0.4266 0.3068
vn 0.5008 -0.8497 0.1649
vn 0.7648 -0.5327 0.3625
vn -0.6226 -0.6596 0.4210
vn -0.8467 0.2860 -0.4487
vn -0.4112 -0.7977 0.4411
vn -0.5282 0.7550 -0.3887
vn 0.4732 0.7980 -0.3732
vn -0.9529 -0.0404 -0.3006
vn -0.8471 -0.4266 0.3170
vn 0.8237 0.4818 -0.2991
vn -0.7665 0.5555 -0.3224
vn -0.8396 0.2699 -0.4714
vn 0.3846 -0.8335 0.3966
vn -0.6019 0.7071 -0.3710
vn -0.3104 -0.8447 0.4361
vn -0.8220 -0.4635 0.3309
vn 0.7317 -0.5944 0.3337
vn -0.5945 -0.7094 0.3785
vn 0.6779 0.6800 -0.2794
vn -0.3219 0.7841 -0.5306
vn -0.3402 0.4880 -0.8038
vn 0.3139 0.4667 -0.8268
vn -0.5149 -0.8371 0.1848
vn 0.0884 -0.9204 0.3809
vn -0.4559 0.8144 -0.3590
vn -0.4099 0.8450 -0.3435
vn 0.7746 -0.5908 -0.2258
vn -0.4790 -0.8648 -0.1506
vn 0.7679 0.5619 -0.3075
vn -0.7181 0.6052 -0.3437
vn 0.4870 -0.7892 0.3741
vn 0.4549 0.4732 -0.7544
vn 0.1753 -0.2530 -0.9515
vn -0.0910 0.1469 -0.9850
vn 0.0798 0.5240 -0.8480
vn -0.1769 0.2652 -0.9478
vn 0.1072 -0.0002 -0.9942
vn 0.2360 0.2723 -0.9328
vn 0.9583 0.0589 -0.2797
vn 0.8767 0.4039 -0.2614
vn -0.8959 0.3774 -0.2342
vn -0.7826 -0.5468 0.2976
vn 0.6687 -0.6681 0.3263
vn -0.8260 0.4203 -0.3755
vn 0.2641 -0.8903 0.3710
vn -0.1887 -0.9062 0.3784
vn -0.0507 -0.9410 0.3347
vn -0.4061 0.7565 -0.5126
vn 0.1884 0.9004 -0.3921
vn -0.1775 0.7178 -0.6733
vn 0.0124 0.8354 -0.5494
vn 0.6298 -0.7702 -0.1008
vn -0.9185 0.3101 -0.2454
vn -0.8306 0.4018 -0.3855
vn -0.6398 0.7116 -0.2903
vn 0.3932 0.3375 -0.8553
vn -0.3588 0.4953 -0.7912
vn 0.0258 0.9949 -0.0977
vn -0.5170 -0.8426 0.1508
vn -0.9511 -0.1678 -0.2595
vn 0.7831 -0.5627 0.2648
vn -0.7315 -0.6076 0.3094
vn -0.6759 -0.6676 0.3123
vn -0.5159 -0.7716 0.3721
vn 0.5270 0.8028 -0.2789
vn 0.6062 0.4652 -0.6451
vn 0.1171 0.9929 -0.0197
vn 0.5174 -0.8451 0.1342
vn 0.5694 -0.8037 -0.1727
vn -0.9719 0.1268 -0.1982
vn 0.8245 -0.4988 0.2672
vn -0.8585 0.4621 -0.2223
vn 0.7524 0.6161 -0.2329
vn -0.5348 0.7975 -0.2793
vn -0.4757 0.3517 -0.8062
vn -0.5353 0.3592 -0.7645
vn 0.1659 0.9327 -0.3202
vn -0.1122 0.9707 -0.2125
vn 0.9141 0.3474 -0.2093
vn 0.4755 -0.8304 0.2905
vn 0.4687 0.8188 -0.3316
vn -0.5158 0.7625 -0.3905
vn 0.5305 0.4150 -0.7391
vn -0.0629 0.9153 -0.3977
vn 0.9763 -0.0028 -0.2166
vn 0.8789 -0.4235 0.2194
vn 0.8088 0.5450 -0.2209
vn -0.8190 0.5381 -0.1989
vn 0.3888 -0.8759 0.2857
vn 0.0323 -0.9795 0.1989
vn -0.0973 0.8699 -0.4836
vn 0.2537 0.8203 -0.5127
vn 0.1565 0.9510 -0.2665
vn -0.0627 0.9662 -0.2501
vn -0.9184 -0.3442 -0.1950
vn -0.8345 -0.4959 0.2403
vn -0.8531 0.4322 -0.2923
vn 0.6372 -0.7231 0.2666
vn -0.4469 -0.8325 0.3276
vn 0.5898 0.7760 -0.2234
vn -0.6848 0.1838 -0.7052
vn 0.0547 0.9896 -0.1330
vn -0.3381 0.8585 -0.3856
vn -0.0649 0.9933 -0.0959
vn 0.0119 0.8354 -0.5495
vn 0.1879 0.5456 -0.8167
vn 0.4035 -0.9105 0.0901
vn -0.8743 -0.4347 0.2159
vn 0.8584 0.4760 -0.1914
vn -0.7330 0.6416 -0.2261
vn 0.5661 -0.7851 0.2512
vn 0.1223 -0.9887 0.0868
vn -0.0653 -0.9685 0.2402
vn 0.6835 0.2974 -0.6666
vn 0.2919 0.3999 -0.8688
vn 0.2055 0.9490 -0.2391
vn 0.2006 0.3190 -0.9263
vn 0.0764 0.9749 -0.2090
vn -0.1480 0.9588 -0.2425
vn -0.1157 0.8569 -0.5024
vn -0.4147 -0.9043 -0.1018
vn 0.8457 -0.5011 0.1838
vn -0.7317 -0.6469 0.2149
vn -0.8439 0.4582 -0.2790
vn 0.3221 -0.9080 0.2678
vn -0.2649 -0.9134 0.3092
vn -0.5906 0.7777 -0.2155
vn -0.4742 0.8495 -0.2312
vn 0.7225 0.4528 -0.5224
vn -0.6623 0.4602 -0.5912
vn 0.3959 0.3225 -0.8598
vn 0.2591 0.8946 -0.3642
vn -0.1937 0.8822 -0.4293
vn 0.1539 0.8463 -0.5099
vn -0.3596 -0.9313 0.0590
vn -0.7801 -0.5959 0.1906
vn 0.7394 -0.6303 0.2368
vn -0.5889 -0.7608 0.2727
vn 0.0999 -0.9797 0.1740
vn 0.0111 -0.9982 0.0581
vn 0.4307 0.3810 -0.8181
vn -0.1116 0.9736 -0.1991
vn 0.3058 0.8436 -0.4414
vn 0.7029 -0.6848 0.1922
vn 0.1232 -0.9913 -0.0470
vn 0.4998 0.4155 -0.7600
vn 0.6165 0.6209 -0.4842
vn -0.1652 0.9802 -0.1092
vn -0.2591 0.8730 -0.4133
vn -0.0723 -0.3739 -0.9247
vn -0.1065 0.2562 -0.9607
vn 0.2374 0.2630 -0.9351
vn 0.8215 -0.5407 0.1809
vn -0.6834 -0.7019 0.2007
vn 0.6431 0.7469 -0.1692
vn 0.8224 0.1503 -0.5486
vn -0.3499 0.8393 -0.4162
vn 0.2935 -0.4202 -0.8586
vn 0.0963 -0.7648 -0.6371
vn -0.4489 0.0346 -0.8929
vn -0.2163 0.6604 -0.7191
vn 0.0420 0.8153 -0.5775
vn 0.2808 -0.9591 0.0370
vn 0.8545 -0.4925 0.1650
vn -0.8615 0.4909 -0.1298
vn 0.7180 0.6753 -0.1686
vn -0.1233 -0.9727 0.1965
vn 0.1176 -0.9922 -0.0401
vn 0.5242 0.8283 -0.1978
vn -0.7276 0.4878 -0.4824
vn 0.6418 0.3776 -0.6674
vn 0.2368 0.9639 -0.1216
vn 0.6459 0.4649 -0.6055
vn -0.0660 0.9221 -0.3812
vn 0.0927 0.7878 -0.6089
vn -0.1579 -0.7868 -0.5967
vn -0.4408 -0.6102 -0.6583
vn 0.3166 -0.6966 -0.6439
vn 0.2298 0.7608 -0.6070
vn -0.8171 -0.5582 0.1443
vn -0.6298 -0.7656 -0.1310
vn 0.8014 -0.5802 0.1453
vn 0.8303 0.5433 -0.1242
vn -0.6741 0.7091 -0.2069
vn -0.3997 -0.8884 0.2257
vn 0.1550 -0.9782 0.1384
vn 0.0851 -0.9864 -0.1406
vn -0.7556 0.5077 -0.4139
vn -0.3494 0.9090 -0.2273
vn -0.1199 0.9874 -0.1028
vn -0.4041 0.7352 -0.5442
vn 0.4468 0.2386 -0.8623
vn -0.4627 0.6292 -0.6245
vn -0.1822 0.8957 -0.4055
vn 0.9346 0.3307 -0.1313
vn -0.9268 0.3476 -0.1419
vn 0.8892 -0.4356 0.1402
vn -0.8995 0.4193 -0.1228
vn 0.9013 0.4098 -0.1405
vn -0.5285 -0.8205 0.2177
vn -0.1678 -0.9820 0.0866
vn 0.2161 -0.9744 0.0628
vn 0.1987 0.9675 -0.1564
vn -0.2068 0.9352 -0.2875
vn 0.3846 0.8336 -0.3965
vn 0.5114 -0.3981 -0.7616
vn -0.7089 0.0729 -0.7015
vn 0.0316 0.8828 -0.4686
vn 0.5924 -0.8026 -0.0704
vn -0.8749 -0.4600 0.1516
vn -0.8307 -0.5335 0.1590
vn 0.7804 -0.6087 0.1433
vn -0.9103 0.3273 -0.2535
vn -0.5180 0.8410 -0.1559
vn -0.8042 0.4212 -0.4194
vn -0.3440 0.8946 -0.2852
vn 0.3663 0.8796 -0.3036
vn -0.2738 -0.7900 -0.5486
vn -0.1420 -0.7376 -0.6601
vn 0.1400 -0.7274 -0.6718
vn 0.6924 0.0720 -0.7179
vn 0.4615 0.7079 -0.5347
vn -0.2058 0.8898 -0.4073
vn -0.9860 0.0309 -0.1641
vn 0.0361 -0.2091 -0.9772
vn -0.2055 -0.2494 -0.9463
vn -0.2387 0.0133 -0.9710
vn 0.0546 0.1061 -0.9929
vn 0.2795 -0.0640 -0.9580
vn -0.6322 -0.7592 0.1549
vn -0.1697 -0.9741 0.1497
vn 0.8798 0.2115 -0.4257
vn 0.6383 0.7082 -0.3016
vn 0.8978 -0.0851 -0.4321
vn 0.1985 0.9764 -0.0854
vn -0.2759 0.7229 -0.6334
vn 0.2314 0.8669 -0.4415
vn -0.1894 0.4483 -0.8736
vn 0.3396 -0.1712 -0.9249
vn 0.1974 0.8588 -0.4727
vn 0.8683 0.4896 -0.0792
vn 0.2808 -0.3287 -0.9017
vn 0.7869 0.6041 -0.1256
vn -0.5079 -0.1561 -0.8472
vn 0.4823 0.0524 -0.8744
vn -0.2056 0.2927 -0.9338
vn 0.0542 0.3064 -0.9504
vn -0.4542 0.1426 -0.8794
vn 0.3138 0.3142 -0.8960
vn 0.6516 -0.7487 0.1215
vn 0.4840 -0.8630 0.1448
vn 0.6904 0.7156 -0.1063
vn 0.4107 -0.8943 0.1774
vn 0.3400 -0.9327 0.1202
vn -0.0951 -0.9927 0.0745
vn 0.0563 -0.9934 0.0996
vn -0.0188 -0.9996 0.0229
vn 0.8850 0.3054 -0.3514
vn -0.2833 0.9443 -0.1677
vn 0.1218 -0.0340 -0.9920
vn -0.3782 -0.1076 -0.9194
vn -0.7895 -0.2713 -0.5505
vn -0.4497 0.8071 -0.3825
vn -0.2017 0.5626 -0.8018
vn 0.1649 0.6425 -0.7483
vn 0.9927 0.0630 -0.1030
vn -0.3661 -0.4489 -0.8152
vn 0.0175 -0.5754 -0.8177
vn 0.5736 -0.2409 -0.7829
vn 0.1135 -0.9935 -0.0081
vn 0.2220 -0.9749 -0.0152
vn 0.7501 0.4899 -0.4443
vn 0.4481 0.8920 -0.0589
vn -0.4256 -0.0035 -0.9049
vn 0.6113 -0.1591 -0.7753
vn 0.6027 -0.5859 -0.5418
vn 0.0556 0.6874 -0.7242
vn 0.6778 -0.7263 -0.1139
vn 0.4384 -0.5045 -0.7438
vn -0.7405 -0.6660 0.0904
vn 0.5809 0.3013 -0.7562
vn -0.9525 0.1956 -0.2334
vn -0.4890 0.3326 -0.8064
vn 0.3365 0.3738 -0.8643
vn -0.1157 0.3131 -0.9426
vn 0.5801 -0.8103 0.0830
vn 0.0720 -0.9941 0.0817
vn 0.1148 -0.9238 -0.3653
vn -0.8092 0.5171 -0.2790
vn 0.8045 0.4585 -0.3775
vn -0.4500 -0.6901 -0.5669
vn -0.5112 -0.7798 -0.3614
vn -0.3696 0.6090 -0.7018
vn 0.0582 -0.6553 -0.7532
vn -0.2494 -0.4496 -0.8577
vn -0.0692 0.5920 -0.8029
vn 0.2392 0.6536 -0.7181
vn -0.6565 -0.7498 -0.0822
vn 0.8313 -0.5478 0.0940
vn -0.7936 -0.6013 0.0934
vn -0.8465 0.5276 -0.0717
vn 0.7570 0.0356 -0.6524
vn -0.7141 -0.0743 -0.6961
vn 0.7413 -0.6669 0.0756
vn -0.7203 0.1682 -0.6729
vn -0.5443 0.2711 -0.7939
vn 0.7533 0.6534 -0.0753
vn -0.5860 -0.8039 0.1013
vn -0.6243 0.7667 -0.1498
vn 0.5854 0.8025 -0.1152
vn 0.2457 -0.9693 -0.0031
vn 0.9313 -0.0947 -0.3518
vn -0.3571 0.9266 -0.1178
vn -0.2725 0.9560 -0.1084
vn -0.6318 0.4716 -0.6152
vn 0.8191 0.1710 -0.5476
vn -0.4422 0.8258 -0.3501
vn 0.4468 0.8274 -0.3403
vn -0.5948 0.5227 -0.6107
vn 0.3791 0.6915 -0.6149
vn 0.1406 0.9296 -0.3407
vn -0.2881 0.6123 -0.7362
vn 0.3961 -0.1663 -0.9030
vn -0.7631 -0.6430 0.0656
vn -0.8943 -0.4436 0.0593
vn 0.8836 -0.4675 0.0251
vn -0.2062 -0.7511 -0.6272
vn -0.4958 -0.6425 -0.5843
vn 0.2946 -0.7452 -0.5982
vn -0.7147 -0.3648 -0.5968
vn 0.7936 0.3093 -0.5239
vn 0.3287 0.1444 -0.9333
vn 0.1229 0.1454 -0.9817
vn -0.4902 -0.8676 0.0834
vn -0.1066 -0.9581 -0.2659
vn 0.2155 -0.9502 -0.2252
vn 0.5609 0.8242 -0.0778
vn 0.8505 0.5005 -0.1616
vn -0.4473 0.8707 -0.2046
vn -0.2900 0.9490 -0.1239
vn -0.8826 0.2404 -0.4039
vn -0.5415 0.7904 -0.2864
vn 0.4159 0.7454 -0.5210
vn -0.3445 0.8623 -0.3711
vn -0.3751 -0.7011 -0.6064
vn 0.4030 -0.7165 -0.5695
vn -0.4428 0.5931 -0.6724
vn 0.6009 0.1409 -0.7868
vn -0.2927 -0.9558 0.0275
vn -0.9495 0.3058 -0.0699
vn -0.9598 0.2275 -0.1646
vn 0.9085 -0.4172 0.0265
vn 0.9217 0.3815 -0.0702
vn -0.8634 -0.5007 0.0612
vn 0.8006 -0.2342 -0.5516
vn -0.6911 -0.7185 0.0785
vn -0.8141 0.5803 -0.0228
vn 0.7094 0.3248 -0.6255
vn -0.7262 0.6739 -0.1362
vn -0.3191 0.0099 -0.9477
vn 0.6454 0.7621 -0.0506
vn 0.0822 -0.2698 -0.9594
vn -0.3340 -0.8190 -0.4666
vn -0.0017 -1.0000 0.0094
vn -0.7964 0.5811 -0.1677
vn 0.6899 0.4406 -0.5744
vn 0.6418 -0.7649 -0.0553
vn 0.0904 -0.8719 -0.4813
vn 0.6453 -0.5498 -0.5304
vn -0.6998 0.1263 -0.7030
vn 0.4849 -0.3613 -0.7965
vn -0.0641 -0.9889 0.1342
vn 0.0598 -0.9973 0.0432
vn -0.1369 -0.9881 0.0708
vn 0.9771 0.1196 -0.1762
vn 0.2347 0.9619 -0.1402
vn 0.0995 0.7977 -0.5948
vn 0.2156 0.9070 -0.3618
vn 0.6986 -0.1618 -0.6970
vn -0.7177 -0.5788 -0.3872
vn 0.7027 -0.5852 -0.4047
vn 0.7522 0.5674 -0.3351
vn -0.5762 0.7741 -0.2621
vn 0.7267 -0.2730 -0.6304
vn -0.5360 -0.6797 -0.5007
vn -0.7571 0.1256 -0.6412
vn -0.4253 0.8261 -0.3698
vn 0.6274 0.5681 -0.5326
vn 0.9770 0.2092 0.0405
vn -0.8451 -0.5345 0.0062
vn -0.8943 -0.2236 -0.3876
vn -0.9058 0.4012 -0.1362
vn -0.9070 0.0980 -0.4097
vn -0.8151 0.2795 -0.5075
vn 0.9185 0.1032 -0.3818
vn -0.7859 0.2673 -0.5576
vn 0.6312 0.0786 -0.7716
vn -0.7011 -0.2343 -0.6735
vn -0.4359 -0.8701 -0.2302
vn -0.2969 -0.9536 0.0500
vn 0.3094 -0.9508 -0.0162
vn -0.4581 0.8795 -0.1290
vn -0.7381 0.5754 -0.3524
vn 0.7813 -0.1165 -0.6131
vn -0.1520 -0.7170 -0.6802
vn -0.4652 0.3781 -0.8004
vn 0.2734 0.0562 -0.9603
vn 0.4527 0.8664 -0.2107
vn -0.6721 0.6430 -0.3672
vn 0.4923 0.8252 -0.2769
vn 0.0632 0.9970 -0.0447
vn 0.4387 0.8861 -0.1495
vn -0.7135 -0.7003 -0.0228
vn -0.5179 0.6312 0.5773
vn -0.8553 -0.1752 0.4876
vn 0.1812 0.2746 0.9443
vn -0.7281 0.4204 -0.5414
vn -0.1277 -0.9226 -0.3640
vn -0.3630 -0.8784 -0.3110
vn 0.4294 -0.8485 -0.3093
vn 0.8466 -0.4248 -0.3207
vn -0.9055 0.4140 -0.0925
vn 0.7040 -0.1218 -0.6997
vn 0.3792 -0.9128 -0.1518
vn 0.9909 -0.0649 -0.1177
vn -0.9830 0.0270 -0.1817
vn 0.7586 0.3574 -0.5447
vn -0.0286 0.9996 0.0086
vn 0.5837 -0.2272 -0.7796
vn 0.4256 0.8278 -0.3655
vn -0.9150 -0.3321 -0.2293
vn -0.6207 -0.7676 -0.1598
vn 0.3064 0.6995 -0.6456
vn 0.9261 -0.2161 -0.3093
vn 0.2550 0.9563 -0.1433
vn -0.1924 0.9275 -0.3205
vn -0.8213 0.4073 -0.3995
vn -0.9842 0.1748 0.0274
vn 0.8493 -0.5274 0.0230
vn 0.8955 0.4441 -0.0303
vn -0.7728 -0.5798 -0.2582
vn 0.7844 -0.6199 0.0200
vn 0.8077 0.5889 -0.0298
vn 0.9600 -0.0790 -0.2686
vn 0.7178 -0.6962 -0.0004
vn 0.9237 0.2610 -0.2805
vn 0.7254 0.6882 -0.0146
vn -0.6387 -0.7694 0.0058
vn 0.8263 0.0831 -0.5571
vn -0.6938 0.6570 0.2948
vn 0.0963 -0.9939 0.0544
vn -0.2037 -0.9779 -0.0472
vn -0.7667 0.6363 -0.0853
vn -0.1492 -0.2361 -0.9602
vn 0.7381 0.0376 -0.6736
vn 0.2049 -0.4707 -0.8582
vn -0.5604 0.8191 -0.1228
vn -0.1096 -0.9497 0.2933
vn -0.9700 0.0184 -0.2424
vn 0.3582 0.2943 -0.8860
vn 0.9571 -0.2885 -0.0262
vn -0.2051 -0.0482 0.9775
vn -0.5187 -0.7514 -0.4079
vn 0.7695 0.4300 -0.4723
vn -0.9123 -0.3321 -0.2395
vn -0.6679 -0.6729 -0.3179
vn 0.8884 -0.1149 0.4445
vn 0.4702 0.8313 0.2962
vn -0.3897 -0.7856 0.4806
vn 0.9980 0.0581 -0.0248
vn -0.7190 0.3183 -0.6178
vn -0.6819 0.4839 -0.5484
vn -0.5911 -0.7425 -0.3150
vn 0.6075 -0.7791 -0.1549
vn -0.9637 -0.0504 -0.2622
vn 0.9522 0.2717 -0.1394
vn -0.9094 0.3045 -0.2833
vn 0.3978 -0.9173 0.0156
vn -0.0090 -0.9998 -0.0182
vn 0.2983 0.8653 -0.4028
vn 0.8940 0.3651 -0.2598
vn -0.9338 -0.1914 -0.3023
vn 0.9942 0.0348 0.1016
vn -0.4881 0.8716 0.0458
vn 0.7435 0.1427 0.6533
vn -0.7838 0.5728 -0.2400
vn 0.0474 0.9983 0.0341
vn -0.9654 0.2222 -0.1361
vn 0.0705 0.9638 -0.2571
vn -0.1654 0.9360 -0.3107
vn 0.1389 0.9724 -0.1874
vn -0.1822 -0.8923 -0.4131
vn 0.2043 -0.9209 -0.3319
vn 0.6613 -0.6863 -0.3029
vn 0.8861 0.2900 -0.3615
vn -0.4777 0.8694 -0.1267
vn -0.9676 0.2510 0.0268
vn 0.4455 -0.8447 0.2966
vn -0.8445 -0.5355 -0.0071
vn -0.7026 0.4883 -0.5176
vn 0.1086 -0.9782 -0.1771
vn -0.7286 0.5385 -0.4232
vn -0.7966 -0.6044 0.0110
vn -0.8520 0.5232 -0.0178
vn -0.9390 0.1149 -0.3240
vn 0.9444 0.0143 -0.3284
vn -0.6424 0.7251 0.2480
vn -0.8408 -0.4956 -0.2177
vn 0.8811 -0.3937 -0.2621
vn -0.5656 0.8243 -0.0254
vn 0.9234 -0.2778 -0.2649
vn 0.1677 -0.4996 -0.8499
vn -0.9776 -0.0825 -0.1936
vn -0.7061 0.7054 -0.0616
vn 0.3097 0.3475 -0.8851
vn 0.6686 -0.0987 -0.7370
vn -0.0539 0.5949 -0.8020
vn -0.7924 -0.5039 0.3439
vn -0.7434 -0.6682 -0.0298
vn -0.2279 -0.8473 0.4797
vn 0.7946 0.5184 -0.3161
vn 0.4742 0.8605 -0.1860
vn -0.5844 0.8104 -0.0411
vn 0.6614 0.7390 -0.1277
vn -0.5480 0.8209 0.1607
vn 0.6660 0.7310 0.1486
vn 0.8273 -0.5507 0.1106
vn 0.9321 0.3620 -0.0076
vn 0.8106 -0.5849 -0.0276
vn 0.9559 -0.2819 -0.0823
vn -0.7059 -0.7078 -0.0270
vn -0.7629 0.6237 0.1701
vn 0.5039 -0.8637 -0.0024
vn -0.2032 -0.9748 -0.0924
vn -0.5410 -0.5692 -0.6191
vn -0.8352 0.3021 0.4596
vn 0.9921 -0.0483 -0.1161
vn 0.1012 0.2145 -0.9715
vn 0.0457 0.9980 0.0441
vn -0.1815 0.3571 0.9163
vn 0.2189 0.2772 -0.9355
vn 0.6511 -0.0410 -0.7579
vn 0.7904 -0.1543 -0.5928
vn -0.3076 0.4766 -0.8235
vn 0.8265 -0.2112 -0.5219
vn -0.8942 0.4404 -0.0806
vn 0.0986 -0.5910 0.8006
vn 0.2427 -0.8637 0.4417
vn 0.5120 -0.3467 -0.7859
vn 0.0024 0.8596 -0.5110
vn 0.0140 0.9785 0.2059
vn 0.8753 -0.4013 -0.2698
vn -0.5140 0.6888 0.5112
vn 0.2540 0.8825 0.3958
vn -0.6604 0.7403 -0.1256
vn 0.5023 0.8641 -0.0319
vn 0.4997 0.8634 -0.0697
vn -0.9623 -0.1955 -0.1893
vn -0.9711 0.1855 -0.1504
vn -0.4643 -0.8843 0.0502
vn 0.2900 -0.9558 -0.0473
vn 0.9993 -0.0386 -0.0014
vn 0.2083 -0.9781 0.0007
vn -0.9278 -0.3659 0.0729
vn -0.6043 0.2355 -0.7611
vn -0.6522 0.4291 -0.6249
vn -0.2003 -0.9779 -0.0601
vn 0.9972 0.0744 0.0004
vn -0.9793 0.1870 -0.0781
vn -0.5682 -0.8215 -0.0484
vn -0.5186 0.8292 0.2083
vn 0.4695 -0.8010 -0.3715
vn -0.9769 0.2127 0.0224
vn 0.3551 0.4670 0.8098
vn 0.7188 0.3118 -0.6214
vn 0.6108 0.5587 -0.5610
vn 0.2925 0.6506 -0.7009
vn 0.7262 0.0536 -0.6854
vn 0.6651 -0.6391 0.3862
vn 0.9366 -0.3491 -0.0304
vn -0.3024 0.7455 -0.5939
vn -0.8242 0.5516 -0.1284
vn -0.6044 0.7291 -0.3212
vn 0.0175 0.3544 -0.9349
vn 0.6547 0.3416 -0.6743
vn 0.2412 0.9647 -0.1054
vn -0.3824 0.3682 -0.8475
vn 0.0278 0.0003 -0.9996
vn -0.4886 0.0022 -0.8725
vn 0.6486 -0.0023 -0.7611
vn -0.0283 0.0017 -0.9996
vn 0.5446 0.0027 -0.8387
vn 0.5570 -0.0034 -0.8305
vn -0.2032 -0.0202 -0.9789
vn 0.3127 0.0016 -0.9499
vn 0.5472 -0.0030 -0.8370
vn -0.0096 -0.0014 -1.0000
vn -0.5326 -0.0325 -0.8457
vn -0.4668 -0.0008 -0.8844
vn 0.5645 -0.0014 -0.8254
vn -0.0158 0.0002 -0.9999
vn 0.5132 0.0004 -0.8583
vn -0.0503 0.0013 -0.9987
vn -0.4786 0.0007 -0.8780
vn 0.5317 -0.0001 -0.8469
vn -0.0238 0.0030 -0.9997
vn -0.3344 0.0170 -0.9423
vn 0.5567 0.0017 -0.8307
vn 0.4626 -0.0067 -0.8865
vn 0.0803 -0.0410 -0.9959
vn -0.7878 -0.0082 -0.6159
vn -0.3953 -0.0101 -0.9185
vn 0.6451 -0.3509 -0.6788
vn -0.7476 -0.0862 -0.6585
vn 0.0007 -0.2312 -0.9729
vn 0.3770 -0.9130 -0.1560
vn -0.5929 -0.7791 -0.2036
vn 0.6195 0.7849 -0.0076
vn -0.9823 0.0129 0.1871
vn -0.9603 0.2786 0.0178
vn -0.6309 0.5835 -0.5113
vn 0.8612 0.5068 0.0387
vn 0.9873 -0.1362 0.0823
vn -0.7495 -0.6613 -0.0295
vn 0.6493 -0.7605 -0.0131
vn 0.0025 -1.0000 0.0066
vn 0.2004 -0.9766 -0.0776
vn -0.4414 -0.8936 -0.0823
vn 0.8575 0.5097 0.0700
vn 0.9067 -0.4049 -0.1186
vn 0.8441 -0.1638 -0.5105
vn -0.7609 0.6474 -0.0439
vn -0.0384 0.2063 -0.9777
vn -0.2192 -0.9428 -0.2511
vn 0.1158 0.9872 -0.1094
vn 0.7974 -0.4487 -0.4035
vn 0.3737 0.9008 -0.2212
vn 0.7059 0.7071 0.0423
vn -0.4612 0.8151 -0.3507
vn -0.7173 0.2533 -0.6491
vn -0.8539 -0.0044 -0.5203
vn -0.8053 0.0048 -0.5928
vn -0.8153 -0.0139 -0.5788
vn -0.8209 -0.0006 -0.5710
vn -0.8473 -0.0021 -0.5311
vn -0.8218 0.0012 -0.5698
vn -0.5039 -0.8626 0.0448
vn 0.7960 -0.6043 0.0340
vn 0.9034 0.4269 0.0407
vn -0.6861 0.4914 -0.5364
vn -0.0564 -0.9924 0.1098
vn 0.2631 -0.9619 0.0745
vn -0.4909 -0.8712 -0.0089
vn 0.8238 -0.5668 0.0038
vn -0.6742 0.6191 -0.4027
vn -0.8945 -0.4468 0.0193
vn -0.9930 -0.1142 -0.0300
vn -0.8095 0.5757 0.1148
vn -0.9616 0.2368 0.1384
vn -0.9959 0.0647 -0.0624
vn 0.9816 -0.1871 -0.0385
vn 0.5333 0.8454 0.0289
vn 0.9869 -0.1586 -0.0304
vn 0.2328 0.7473 0.6224
vn -0.3485 0.9373 0.0036
vn -0.2823 0.9587 0.0336
vn 0.5246 0.2926 -0.7995
vn 0.9248 0.3491 0.1513
vn 0.0652 0.6877 -0.7230
vn 0.8140 -0.5606 0.1522
vn -0.2259 0.7631 -0.6055
vn -0.3405 0.5328 -0.7747
vn -0.8925 -0.4416 0.0918
vn 0.5850 0.8093 0.0538
vn 0.9277 0.3205 -0.1913
vn -0.3537 0.9063 -0.2313
vn 0.9566 0.0012 -0.2914
vn 0.9447 -0.0009 -0.3280
vn 0.9374 -0.0001 -0.3482
vn 0.9311 0.0035 -0.3647
vn 0.9375 0.0004 -0.3479
vn 0.9313 -0.0009 -0.3642
vn 0.8652 -0.3467 -0.3622
vn -0.9816 -0.0922 -0.1670
vn -0.7790 -0.6261 0.0340
vn 0.8226 -0.5617 -0.0880
vn 0.8863 0.4618 -0.0343
vn -0.6724 0.7401 -0.0135
vn 0.6675 -0.7445 0.0129
vn -0.7328 -0.6801 -0.0216
vn -0.8965 -0.0305 0.4421
vn -0.8697 0.2366 0.4333
vn -0.8896 -0.4533 -0.0560
vn 0.9740 0.2220 0.0448
vn -0.7354 0.6106 0.2938
vn 0.9990 0.0277 -0.0356
vn 0.2133 -0.9763 -0.0377
vn 0.5438 -0.8387 0.0286
vn 0.2756 -0.9610 -0.0213
vn -0.5482 0.8226 0.1510
vn -0.7700 -0.6381 0.0031
vn -0.7959 0.5364 0.2806
vn -0.8448 0.5310 0.0661
vn 0.5851 -0.2162 -0.7816
vn 0.7742 -0.6322 0.0298
vn 0.4218 0.1176 -0.8990
vn 0.3098 0.8422 -0.4413
vn 0.5500 0.0689 -0.8323
vn 0.5402 0.1895 -0.8199
vn 0.5193 0.6777 -0.5206
vn -0.2307 -0.9592 -0.1633
vn 0.2528 -0.9246 -0.2849
vn 0.8288 0.5553 0.0682
vn -0.9265 0.3319 0.1772
vn -0.7434 0.6687 0.0163
vn 0.3042 0.9116 -0.2764
vn 0.1362 0.9701 -0.2010
vn -1.0000 -0.0026 0.0058
vn -0.9998 -0.0014 -0.0220
vn -0.9989 -0.0019 -0.0464
vn -0.9983 -0.0005 -0.0580
vn -0.9983 0.0014 -0.0580
vn -0.9974 -0.0033 -0.0718
vn -0.9910 -0.0939 0.0955
vn 0.9932 -0.1139 -0.0239
vn 0.1952 -0.9807 -0.0090
vn -0.8805 0.0825 0.4667
vn -0.6901 -0.0126 0.7236
vn -0.7987 0.2695 0.5380
vn -0.8805 0.4735 0.0237
vn -0.5499 0.4760 -0.6864
vn -0.7081 -0.6906 0.1473
vn -0.7077 0.6079 -0.3601
vn 0.7602 -0.6444 -0.0825
vn -0.7438 0.6428 -0.1835
vn -0.9511 0.2844 0.1207
vn 0.5767 -0.8128 -0.0817
vn -0.9699 0.0458 0.2393
vn -0.2679 -0.9588 0.0943
vn -0.9292 -0.3541 0.1059
vn 0.1835 0.9823 0.0378
vn -0.3573 0.9339 0.0107
vn 0.9341 -0.2722 0.2310
vn 0.3221 0.9341 0.1542
vn -0.1113 0.5650 -0.8176
vn 0.0543 -0.6749 0.7359
vn 0.1447 0.5383 -0.8303
vn -0.5416 0.8371 0.0766
vn 0.8567 0.4328 0.2806
vn 0.2900 0.9549 0.0641
vn -0.9712 0.2112 -0.1106
vn 0.9454 0.0030 0.3260
vn 0.9597 -0.0019 0.2811
vn 0.9773 0.0028 0.2118
vn 0.9687 -0.0011 0.2483
vn 0.9688 -0.0006 0.2478
vn 0.9836 -0.0063 0.1800
vn 0.9477 -0.2755 0.1611
vn 0.4172 -0.8870 0.1981
vn 0.9621 -0.2710 -0.0318
vn 0.8581 -0.5068 -0.0831
vn 0.6353 -0.7372 0.2300
vn 0.8706 -0.3857 0.3054
vn 0.9345 0.2361 0.2665
vn 0.9053 0.2420 0.3491
vn -0.2388 0.0423 0.9702
vn -0.5557 0.7439 0.3713
vn 0.6509 -0.7417 0.1620
vn -0.8084 -0.5313 -0.2535
vn 0.9913 0.0460 0.1236
vn 0.7058 -0.6992 0.1142
vn -0.0523 -0.8707 -0.4890
vn 0.5207 0.1107 -0.8465
vn 0.4833 -0.7907 -0.3758
vn 0.2312 0.1616 -0.9594
vn 0.1343 0.3963 -0.9082
vn -0.5929 0.7743 -0.2211
vn 0.9256 -0.3259 -0.1926
vn -0.7060 0.5083 -0.4931
vn -0.7105 -0.5641 -0.4207
vn 0.1846 0.8559 0.4831
vn 0.2113 0.9774 -0.0116
vn -0.7384 0.6666 0.1023
vn -0.8495 0.4649 0.2495
vn -0.5913 0.7654 0.2541
vn -0.8598 0.1184 0.4967
vn -0.8698 0.0003 0.4935
vn 0.9712 -0.0030 0.2383
vn -0.8743 -0.0040 0.4854
vn 0.9716 0.0002 0.2368
vn -0.9050 -0.1898 0.3807
vn -0.9196 -0.2533 0.3002
vn 0.3397 -0.9201 0.1951
vn -0.6774 -0.6874 0.2618
vn 0.6844 0.7170 0.1324
vn -0.3404 -0.9395 -0.0388
vn -0.8855 0.2606 0.3847
vn -0.8037 0.2200 0.5528
vn -0.6220 0.1310 0.7720
vn -0.4101 -0.8732 0.2632
vn -0.8083 -0.5818 -0.0904
vn -0.6525 0.6439 -0.3996
vn -0.3045 0.1876 -0.9338
vn 0.8184 0.5734 0.0390
vn -0.9440 -0.2377 0.2290
vn -0.6500 0.6261 -0.4307
vn -0.9640 0.0775 0.2544
vn 0.7578 0.6463 0.0901
vn -0.6415 0.6646 0.3832
vn 0.9585 0.0177 0.2847
vn 0.5973 0.8010 0.0396
vn 0.9098 0.3411 0.2364
vn 0.9530 0.0174 0.3026
vn -0.8696 0.4657 0.1641
vn 0.6199 -0.5315 0.5772
vn 0.1511 0.2353 -0.9601
vn 0.9619 -0.1437 0.2326
vn -0.3214 0.9400 0.1142
vn 0.4161 0.2894 -0.8620
vn 0.2390 0.8409 -0.4856
vn 0.7783 -0.1340 -0.6134
vn 0.6751 0.7224 -0.1497
vn 0.8594 -0.1754 -0.4803
vn -0.6607 -0.7209 0.2092
vn 0.9375 0.3044 0.1685
vn -0.5205 0.8527 -0.0436
vn 0.3103 -0.7853 0.5358
vn 0.2478 0.9230 0.2942
vn -0.5258 0.8366 0.1540
vn 0.7010 0.3573 0.6173
vn -0.2832 0.6057 0.7435
vn 0.5476 0.8202 0.1656
vn 0.3730 0.9199 0.1210
vn 0.2150 0.9765 0.0125
vn -0.8742 -0.0016 0.4856
vn -0.8874 -0.0013 0.4609
vn 0.6523 -0.0012 0.7580
vn 0.9218 -0.0082 0.3875
vn -0.8729 -0.0022 0.4879
vn -0.9016 -0.0005 0.4327
vn -0.8888 -0.0002 0.4583
vn -0.9132 -0.0117 0.4074
vn 0.8295 -0.5308 0.1739
vn -0.9690 0.1765 0.1731
vn 0.5627 0.6932 0.4504
vn -0.3165 0.5729 -0.7561
vn 0.9224 -0.3862 -0.0031
vn -0.9451 0.3078 0.1099
vn 0.9307 0.3610 0.0579
vn -0.7997 0.0233 0.5999
vn -0.7858 0.1792 0.5920
vn 0.9424 -0.0587 0.3294
vn 0.6929 -0.7104 -0.1235
vn -0.8690 0.3222 0.3755
vn -0.6642 0.7363 -0.1291
vn -0.6476 -0.7530 -0.1164
vn 0.6863 0.7239 0.0712
vn -0.5921 0.7070 0.3866
vn 0.8033 -0.3351 0.4924
vn 0.3873 -0.9010 0.1956
vn -0.0009 -0.9959 -0.0910
vn 0.4821 -0.4846 0.7299
vn 0.3987 -0.5425 0.7394
vn 0.4011 -0.4622 0.7909
vn -0.6582 0.7477 0.0879
vn -0.8882 0.3399 0.3092
vn -0.6533 0.7171 0.2429
vn 0.0180 0.9860 0.1655
vn -0.7128 -0.6405 0.2859
vn 0.1131 0.7465 0.6557
vn 0.2544 0.1617 0.9535
vn 0.5669 0.5937 0.5711
vn -0.1985 0.9516 0.2346
vn 0.1164 0.9875 0.1066
vn -0.0541 0.9640 0.2603
vn 0.6671 -0.0356 0.7441
vn 0.6547 -0.0035 0.7559
vn 0.6415 -0.0025 0.7671
vn 0.6798 -0.0051 0.7334
vn 0.6471 0.0012 0.7624
vn 0.6489 0.0003 0.7609
vn 0.6444 -0.0037 0.7647
vn 0.6572 0.0009 0.7537
vn 0.7375 -0.0073 0.6753
vn 0.7644 -0.0124 0.6447
vn -0.6654 -0.1686 0.7273
vn -0.9551 0.2036 -0.2153
vn 0.1184 -0.9927 -0.0221
vn 0.8898 -0.4423 -0.1120
vn -0.9102 0.3117 0.2728
vn -0.7757 0.1889 0.6021
vn 0.4290 -0.8299 0.3566
vn -0.8158 0.3309 0.4744
vn -0.6852 -0.5714 0.4517
vn -0.7545 0.6161 -0.2261
vn 0.4713 -0.8718 -0.1337
vn -0.7681 -0.4347 0.4702
vn -0.5422 0.7661 0.3452
vn 0.5695 -0.8210 0.0400
vn 0.5066 -0.6973 -0.5070
vn -0.1651 -0.5428 -0.8235
vn 0.5431 0.6460 -0.5364
vn 0.8975 0.1810 0.4021
vn -0.8278 0.5606 -0.0197
vn 0.2906 0.2928 -0.9109
vn 0.0962 -0.5289 0.8432
vn -0.0947 -0.5549 0.8265
vn 0.4123 0.8240 0.3886
vn -0.7510 -0.1080 0.6514
vn 0.0900 0.0181 0.9958
vn -0.2737 0.7987 0.5359
vn -0.4291 0.7115 0.5565
vn 0.2563 0.4621 0.8490
vn 0.8878 0.0808 0.4530
vn -0.5608 0.7764 0.2876
vn -0.6134 0.7412 0.2727
vn 0.3297 0.5601 0.7600
vn 0.1081 0.9793 0.1712
vn 0.0678 0.9967 0.0441
vn -0.2698 0.3306 0.9044
vn -0.6905 -0.0034 0.7233
vn -0.4191 -0.0012 0.9079
vn 0.5815 -0.0014 0.8135
vn -0.4755 -0.0005 0.8797
vn -0.4525 -0.0036 0.8917
vn 0.6249 -0.0012 0.7807
vn -0.4730 -0.0002 0.8811
vn -0.4842 -0.0001 0.8749
vn 0.6333 0.0003 0.7739
vn -0.6570 -0.0122 0.7538
vn 0.6254 -0.1793 0.7594
vn -0.3903 -0.8067 0.4437
vn 0.9067 0.2064 0.3678
vn 0.9918 0.0759 0.1025
vn 0.8239 -0.5634 -0.0613
vn 0.8982 0.4390 0.0235
vn 0.9304 -0.3576 -0.0804
vn -0.5395 -0.7628 -0.3564
vn -0.8054 -0.5889 -0.0674
vn -0.8506 -0.5086 -0.1337
vn -0.8627 0.2571 0.4356
vn 0.8716 0.4723 0.1314
vn 0.8024 -0.5805 -0.1387
vn -0.6030 0.6841 -0.4103
vn 0.6304 -0.7622 -0.1471
vn -0.7872 0.2476 0.5649
vn -0.7830 0.0671 0.6184
vn -0.5106 -0.8447 -0.1608
vn 0.3751 -0.9138 -0.1557
vn -0.0105 -0.9999 -0.0019
vn -0.5501 0.8085 0.2090
vn -0.8078 0.5286 0.2608
vn 0.3486 -0.9177 0.1907
vn -0.4028 0.8138 -0.4190
vn 0.7223 0.4115 0.5559
vn 0.3740 -0.0736 0.9245
vn 0.4850 -0.1260 0.8654
vn 0.5723 0.1289 0.8098
vn -0.3299 0.1315 0.9348
vn -0.1637 -0.4719 0.8663
vn 0.8946 0.3357 0.2949
vn -0.4427 0.8501 0.2852
vn 0.0370 -0.9820 -0.1851
vn -0.6127 0.5625 0.5551
vn 0.7138 -0.1760 0.6778
vn 0.5611 -0.8273 0.0274
vn 0.1455 -0.5006 0.8534
vn 0.8942 -0.3203 0.3128
vn 0.3720 0.4139 0.8309
vn -0.0041 0.3369 0.9415
vn 0.2583 0.5575 0.7890
vn -0.8824 0.2459 0.4011
vn -0.7037 0.5264 0.4772
vn 0.1580 0.9710 0.1794
vn 0.1263 -0.0005 0.9920
vn 0.0441 -0.0008 0.9990
vn 0.1247 -0.0031 0.9922
vn 0.1361 -0.0031 0.9907
vn -0.4166 0.0005 0.9091
vn -0.4472 -0.0013 0.8944
vn 0.1119 0.0018 0.9937
vn 0.1372 -0.0032 0.9905
vn -0.2036 -0.0014 0.9791
vn 0.1068 -0.0022 0.9943
vn -0.2756 -0.0017 0.9613
vn 0.1960 -0.0034 0.9806
vn 0.4744 -0.0083 0.8803
vn -0.2822 -0.0854 0.9556
vn 0.1927 -0.7941 0.5764
vn -0.8393 0.3371 0.4265
vn 0.6559 0.6620 -0.3628
vn 0.6680 -0.7427 0.0466
vn -0.2606 -0.8599 0.4389
vn 0.1198 -0.8888 0.4423
vn -0.8396 0.2854 0.4622
vn -0.8808 -0.2185 0.4200
vn -0.6655 0.6763 -0.3158
vn -0.7555 -0.6440 -0.1205
vn -0.2445 0.5063 -0.8269
vn 0.8366 0.0466 0.5459
vn -0.8160 0.1898 0.5459
vn 0.7286 0.2966 0.6174
vn 0.7363 0.2362 0.6341
vn 0.7810 0.0237 0.6241
vn -0.5521 0.8158 0.1719
vn 0.9591 -0.1536 0.2379
vn 0.4170 0.9088 0.0142
vn -0.2431 0.9632 -0.1146
vn 0.8249 0.4954 0.2723
vn 0.7782 0.2822 0.5610
vn 0.2379 0.6697 0.7035
vn 0.2108 0.9664 -0.1472
vn 0.0889 -0.2975 0.9506
vn -0.3724 -0.7828 -0.4986
vn 0.1838 -0.3805 0.9063
vn -0.7825 -0.6183 0.0732
vn 0.7347 -0.4523 0.5056
vn 0.8108 0.3102 0.4963
vn -0.0890 0.8105 0.5790
vn -0.4407 0.8880 -0.1314
vn 0.2957 0.2800 0.9133
vn -0.0010 -0.5489 0.8359
vn 0.5924 0.2690 0.7595
vn 0.2510 0.6196 0.7437
vn 0.5900 0.7660 0.2554
vn 0.1471 -0.0521 0.9877
vn -0.2610 -0.4133 0.8724
vn -0.5725 -0.8172 0.0663
vn 0.7914 -0.6045 0.0910
vn -0.7859 0.2222 0.5770
vn 0.6533 -0.4414 0.6151
vn -0.8279 0.4857 0.2803
vn -0.8283 -0.0493 0.5581
vn -0.6994 -0.6956 -0.1641
vn -0.6745 0.7375 0.0338
vn -0.3779 -0.8956 -0.2348
vn 0.5331 0.8363 0.1281
vn -0.5208 0.8264 0.2140
vn 0.8392 0.3179 -0.4412
vn -0.8838 0.3442 0.3168
vn -0.3625 0.9317 0.0248
vn 0.7564 0.6213 0.2044
vn 0.8875 0.3202 0.3315
vn 0.8220 0.4346 0.3681
vn -0.2818 0.9567 0.0733
vn 0.7833 0.5124 0.3520
vn 0.0557 0.1026 0.9932
vn -0.5073 -0.3832 -0.7719
vn -0.8397 -0.4278 -0.3346
vn 0.9531 -0.2771 0.1216
vn 0.9714 0.1303 0.1986
vn -0.7885 -0.4593 -0.4091
vn -0.6391 -0.5558 -0.5316
vn -0.0036 0.8114 0.5845
vn -0.5530 0.7833 0.2840
vn 0.5632 0.7875 0.2503
vn 0.5707 0.7400 0.3560
vn 0.1059 0.9491 0.2966
vn 0.0202 -0.9847 0.1730
vn 0.2449 -0.7906 0.5612
vn 0.6563 -0.5423 0.5246
vn 0.9482 -0.2897 -0.1307
vn 0.3392 -0.9071 -0.2493
vn -0.8891 0.4318 0.1518
vn 0.4509 -0.6591 0.6019
vn -0.8291 0.2999 0.4718
vn -0.6734 0.1687 0.7198
vn -0.6561 0.7370 0.1626
vn -0.5734 -0.7930 -0.2059
vn -0.6135 -0.3447 0.7105
vn -0.5899 0.7784 0.2146
vn -0.0176 -0.9964 -0.0825
vn 0.6907 -0.5731 0.4410
vn 0.5724 -0.3202 0.7549
vn 0.0280 0.7263 -0.6868
vn 0.4802 0.7786 0.4040
vn -0.8162 -0.5415 -0.2016
vn 0.1779 -0.8167 -0.5489
vn 0.8052 -0.3301 -0.4927
vn 0.9726 -0.0422 0.2286
vn 0.7770 0.0909 0.6230
vn -0.2208 0.9563 0.1918
vn 0.5065 -0.2572 -0.8230
vn -0.8534 0.4520 -0.2596
vn 0.2273 0.9384 0.2602
vn -0.3773 0.6260 0.6825
vn 0.0335 0.7245 0.6884
vn -0.7036 -0.5675 0.4277
vn -0.5258 -0.7045 0.4766
vn -0.8412 0.2806 0.4622
vn -0.7166 -0.3008 0.6293
vn 0.7549 -0.2065 0.6224
vn 0.8180 0.5621 0.1223
vn -0.7912 0.6111 0.0233
vn 0.7274 -0.6528 -0.2115
vn -0.6738 0.7157 -0.1835
vn -0.6699 0.3250 0.6676
vn -0.4586 0.1201 0.8805
vn 0.5613 0.0375 0.8268
vn 0.6073 -0.3365 0.7197
vn 0.2551 -0.9520 -0.1693
vn 0.1659 -0.9281 0.3332
vn 0.7826 0.6059 0.1426
vn 0.5672 0.6366 -0.5226
vn 0.5821 -0.0033 0.8131
vn -0.5238 -0.1503 0.8385
vn -0.5878 0.7746 0.2334
vn 0.0330 -0.1435 0.9891
vn -0.0887 0.3033 -0.9488
vn 0.0256 0.0595 -0.9979
vn 0.2930 0.9528 0.0793
vn -0.4962 0.3910 0.7752
vn 0.8594 -0.2781 0.4290
vn -0.6480 0.6015 0.4673
vn 0.8787 0.2966 0.3740
vn 0.3182 0.8895 0.3280
vn -0.7242 0.0368 0.6886
vn -0.5784 0.6753 0.4577
vn -0.0715 0.9061 0.4170
vn -0.9782 -0.0684 0.1958
vn -0.9517 0.2598 0.1636
vn 0.9177 0.3744 0.1332
vn -0.8831 -0.4439 -0.1520
vn -0.2754 -0.6508 0.7076
vn -0.8458 0.3375 0.4131
vn -0.4714 0.2949 0.8312
vn 0.5766 -0.7831 -0.2330
vn 0.4653 0.2224 0.8568
vn 0.6642 0.7342 0.1406
vn -0.1754 -0.9434 0.2816
vn -0.4199 -0.5663 0.7092
vn -0.2327 -0.9440 -0.2338
vn 0.6636 -0.3867 0.6404
vn 0.7235 -0.2856 0.6285
vn -0.4644 0.8367 0.2902
vn -0.3509 0.9234 0.1555
vn -0.0061 -0.9388 -0.3444
vn -0.4011 -0.7829 0.4756
vn 0.4320 0.2619 0.8630
vn 0.2162 -0.9759 0.0298
vn 0.1297 0.6719 -0.7292
vn -0.6272 -0.2731 0.7294
vn 0.1186 0.7490 0.6519
vn 0.4921 0.7832 0.3800
vn 0.2034 0.9778 -0.0507
vn 0.0306 0.8567 0.5149
vn -0.3298 0.1169 0.9368
vn 0.8675 0.1458 0.4756
vn -0.5517 0.6546 0.5169
vn 0.2307 0.8836 0.4074
vn -0.3084 0.7532 0.5810
vn -0.3022 -0.6739 0.6743
vn -0.0039 -0.2894 -0.9572
vn 0.0891 -0.7102 0.6983
vn -0.4866 -0.4056 0.7738
vn -0.3131 -0.1861 0.9313
vn 0.2568 0.0560 0.9648
vn 0.1391 -0.1804 0.9737
vn 0.0622 -0.9965 -0.0551
vn 0.9531 -0.0890 0.2892
vn -0.2427 -0.5074 0.8268
vn 0.7349 0.4774 0.4817
vn 0.3834 0.9061 0.1789
vn -0.4566 0.8526 0.2540
vn -0.1401 -0.7770 0.6136
vn 0.3122 0.3836 0.8691
vn -0.7263 0.3634 0.5835
vn 0.4770 0.5663 0.6721
vn 0.5402 -0.3258 0.7760
vn 0.1178 0.9238 0.3644
vn 0.6305 -0.7700 0.0979
vn -0.7569 -0.6405 -0.1297
vn -0.9261 0.3399 0.1636
vn 0.8397 -0.5046 -0.2008
vn 0.3604 -0.3974 0.8439
vn -0.7943 -0.5703 -0.2095
vn -0.6115 -0.0203 0.7910
vn -0.8199 0.4793 0.3131
vn 0.5684 -0.1110 0.8152
vn 0.5967 0.1525 0.7879
vn -0.8449 0.4320 0.3154
vn -0.6304 0.7582 -0.1665
vn -0.4537 0.2357 0.8594
vn -0.2219 0.2465 0.9434
vn 0.1054 0.2511 0.9622
vn -0.1023 0.0760 0.9918
vn -0.2044 -0.7412 0.6394
vn -0.6945 0.6372 0.3343
vn 0.9319 0.1887 0.3097
vn 0.6057 0.7598 0.2364
vn 0.2227 0.9749 0.0021
vn 0.2426 0.3078 0.9200
vn 0.2773 0.8646 0.4191
vn -0.3044 0.2237 0.9259
vn -0.5374 -0.6696 0.5126
vn 0.8272 -0.1574 0.5394
vn 0.6094 0.6171 0.4979
vn -0.2506 -0.9660 -0.0635
vn -0.6321 -0.7704 0.0834
vn -0.8194 0.4477 0.3580
vn -0.7845 0.4217 0.4547
vn 0.3499 0.2784 0.8945
vn -0.6081 -0.7488 -0.2637
vn -0.4910 -0.8296 -0.2660
vn 0.6045 0.7783 0.1697
vn 0.0024 -0.9956 0.0938
vn -0.8664 0.1284 0.4826
vn 0.6263 0.7471 0.2230
vn -0.2677 0.9316 0.2460
vn 0.4328 0.7865 0.4406
vn 0.6871 0.5830 0.4336
vn -0.4470 0.7698 0.4557
vn 0.3412 0.7882 0.5121
vn -0.4044 0.4499 0.7963
vn -0.0118 -0.4487 0.8936
vn -0.0520 0.3120 0.9487
vn -0.5693 0.8200 0.0590
vn 0.7723 0.5306 0.3493
vn 0.0700 -0.6242 0.7781
vn 0.7790 0.1567 0.6072
vn -0.0824 0.9896 0.1181
vn 0.7127 0.3928 0.5812
vn -0.7228 0.0541 0.6890
vn -0.3035 0.7240 0.6195
vn -0.4299 -0.1075 0.8964
vn 0.3171 0.3359 0.8869
vn 0.1066 0.7508 0.6519
vn -0.2238 -0.2387 0.9449
vn 0.7461 -0.6183 -0.2472
vn -0.3029 -0.0494 0.9517
vn 0.3377 0.0103 0.9412
vn -0.7311 -0.6420 -0.2309
vn -0.7931 0.3881 0.4693
vn 0.8137 0.5462 0.1989
vn -0.6716 0.7358 -0.0863
vn 0.6473 -0.7132 -0.2689
vn -0.0424 -0.9960 -0.0792
vn 0.4778 0.8479 0.2295
vn 0.8510 0.0641 0.5213
vn -0.7996 0.2956 0.5227
vn 0.4328 0.8722 0.2279
vn 0.4201 0.8858 0.1973
vn -0.4379 0.8246 0.3583
vn -0.3721 0.7602 0.5326
vn -0.5465 -0.1688 0.8203
vn -0.5462 -0.5426 0.6382
vn 0.7351 -0.1394 0.6635
vn 0.6296 -0.2909 0.7204
vn -0.3099 0.7863 0.5346
vn -0.1630 0.6648 0.7291
vn 0.0984 0.7079 0.6994
vn -0.0465 -0.6175 0.7852
vn 0.2206 -0.3808 0.8980
vn -0.8643 -0.4533 -0.2181
vn 0.8761 0.4352 0.2076
vn -0.8538 0.4778 0.2066
vn 0.7847 -0.5596 -0.2665
vn 0.1317 -0.1512 0.9797
vn -0.7794 0.3969 0.4848
vn -0.0165 0.1370 0.9904
vn 0.7463 0.6353 0.1989
vn 0.6988 0.6773 0.2302
vn 0.4704 -0.8519 -0.2302
vn 0.3942 -0.8739 -0.2845
vn 0.1661 -0.9655 -0.2005
vn -0.5041 0.8034 0.3169
vn -0.4737 0.7722 0.4235
vn -0.4403 0.7922 0.4226
vn 0.6123 0.0730 0.7872
vn -0.0283 0.2944 0.9553
vn 0.9797 -0.0169 0.1996
vn -0.9036 0.3685 0.2184
vn -0.7457 0.4711 0.4712
vn -0.6676 -0.6940 -0.2695
vn -0.7075 0.6734 0.2145
vn 0.5065 0.8211 0.2631
vn 0.5152 0.7124 0.4765
vn 0.3280 0.6515 0.6841
vn -0.5325 0.3559 0.7680
vn 0.2373 0.7926 0.5616
vn -0.0202 0.7717 0.6357
vn 0.5970 -0.7876 0.1525
vn 0.8622 -0.4581 -0.2162
vn -0.6994 0.6760 0.2323
vn -0.6428 0.7380 0.2054
vn -0.2911 -0.8983 -0.3290
vn 0.0487 -0.9952 -0.0845
vn 0.6333 0.6399 0.4352
vn -0.3761 0.8621 0.3396
vn -0.1550 0.7836 0.6016
vn -0.3873 -0.1008 0.9164
vn 0.4726 -0.0616 0.8791
vn 0.2290 0.7127 0.6631
vn 0.6866 -0.6584 -0.3083
vn -0.7565 0.4611 0.4639
vn -0.5173 0.8508 0.0926
vn -0.5128 0.7887 0.3392
vn 0.6824 0.4652 0.5639
vn 0.5828 0.8124 0.0181
vn 0.3392 0.8939 0.2931
vn -0.0911 0.9612 0.2604
vn -0.3909 -0.4832 0.7834
vn -0.1383 0.7728 0.6194
vn -0.3395 -0.9355 -0.0981
vn 0.8823 -0.4319 -0.1868
vn -0.7768 -0.5880 -0.2254
vn 0.9041 0.3584 0.2327
vn -0.4031 -0.8506 -0.3377
vn 0.2466 -0.9193 -0.3068
vn -0.1628 -0.9446 -0.2850
vn -0.7010 0.4576 0.5470
vn -0.1894 -0.4801 0.8565
vn 0.4688 0.0500 0.8819
vn 0.9661 0.0683 0.2490
vn -0.8145 -0.5062 -0.2834
vn -0.7549 -0.5810 -0.3043
vn -0.7921 0.5656 0.2298
vn -0.7307 0.6389 0.2406
vn -0.7279 0.5471 0.4134
vn -0.0089 0.9991 -0.0406
vn -0.0019 0.5083 0.8612
vn 0.0721 0.9572 0.2804
vn 0.1726 -0.2096 0.9624
vn 0.0316 -0.4127 0.9103
vn 0.2683 -0.2777 0.9225
vn -0.3133 0.2370 0.9196
vn 0.6592 -0.7267 0.1934
vn -0.8465 0.4565 0.2737
vn -0.7032 -0.6293 -0.3310
vn -0.5129 -0.7733 -0.3728
vn -0.4417 -0.8068 -0.3924
vn 0.5609 0.7728 0.2968
vn -0.0370 -0.9805 -0.1932
vn 0.4416 0.8320 0.3358
vn -0.4169 0.8320 0.3660
vn 0.4473 0.5255 0.7237
vn -0.1585 0.8635 0.4789
vn 0.2246 0.1501 0.9628
vn -0.0246 0.5537 0.8324
vn 0.4897 -0.8598 -0.1447
vn -0.7164 -0.6769 0.1694
vn 0.8331 0.4642 0.3008
vn -0.6857 0.6203 0.3810
vn 0.5234 -0.7794 -0.3445
vn 0.6445 0.7154 0.2698
vn -0.6697 0.7370 -0.0913
vn 0.6194 0.4509 0.6426
vn -0.6701 0.2771 0.6886
vn -0.3844 0.8353 0.3932
vn 0.3151 0.7467 0.5858
vn 0.3723 0.8320 0.4113
vn -0.3246 0.7772 0.5391
vn 0.1180 0.9004 0.4188
vn 0.0138 -0.0352 0.9993
vn 0.7987 0.5295 0.2859
vn -0.5658 0.7935 0.2244
vn -0.4928 0.7367 0.4631
vn -0.5684 0.4890 0.6617
vn 0.6383 0.2886 0.7136
vn 0.0454 0.9911 0.1254
vn -0.9639 -0.0420 0.2631
vn -0.8352 -0.4550 -0.3090
vn 0.7468 0.6002 0.2863
vn 0.0762 -0.9648 -0.2516
vn -0.2834 0.9030 0.3229
vn -0.2371 0.8913 0.3865
vn 0.4411 0.4653 0.7674
vn 0.1555 0.9330 0.3244
vn -0.8992 0.3336 0.2831
vn 0.8699 0.3927 0.2986
vn 0.7250 -0.5998 -0.3386
vn 0.6281 -0.6777 -0.3824
vn 0.2844 -0.8900 -0.3565
vn -0.2486 0.8955 0.3691
vn -0.5756 0.6179 0.5357
vn -0.5472 0.6939 0.4680
vn -0.1749 0.8823 0.4370
vn 0.3114 0.4657 0.8283
vn 0.8023 -0.4966 -0.3312
vn -0.8584 0.4074 0.3118
vn -0.5831 -0.7231 -0.3702
vn -0.6606 0.6785 0.3212
vn -0.3304 -0.8329 -0.4440
vn -0.4145 0.9087 0.0496
vn 0.5270 0.4789 0.7021
vn 0.4952 0.3396 0.7996
vn 0.2727 0.3624 0.8912
vn 0.2155 0.8809 0.4213
vn -0.2887 0.5562 0.7792
vn -0.1990 0.6297 0.7509
vn -0.0574 0.7026 0.7093
vn 0.0732 0.6841 0.7257
vn -0.5314 -0.8321 0.1589
vn 0.3811 -0.9090 0.1685
vn -0.7874 0.5387 0.2996
vn -0.6147 -0.6725 -0.4122
vn -0.5973 0.6896 0.4094
vn -0.2326 -0.8650 -0.4445
vn -0.4863 0.8689 0.0918
vn -0.5758 0.1155 0.8094
vn -0.4973 0.3982 0.7708
vn -0.1682 0.8952 0.4128
vn 0.0619 0.9416 0.3311
vn -0.7333 0.6059 0.3085
vn -0.0841 -0.9229 -0.3758
vn -0.3193 0.8210 0.4732
vn 0.3912 0.8272 0.4035
vn -0.1675 0.9136 0.3706
vn -0.0573 0.9574 0.2832
vn 0.0401 0.4340 0.9000
vn 0.0920 0.9741 0.2064
vn -0.5012 -0.8475 -0.1749
vn 0.4696 -0.8640 -0.1816
vn 0.8800 0.3204 0.3507
vn 0.7526 -0.5383 -0.3792
vn 0.3698 -0.8532 -0.3677
vn 0.5658 0.7326 0.3784
vn -0.6163 0.7453 0.2545
vn 0.1572 -0.9143 -0.3733
vn -0.6125 0.7893 -0.0430
vn -0.5451 0.5893 0.5963
vn -0.2859 0.7747 0.5641
vn -0.3965 0.2528 0.8825
vn 0.3375 0.4674 0.8171
vn -0.9351 -0.1468 0.3225
vn -0.7383 -0.5498 -0.3906
vn 0.0455 -0.9225 -0.3833
vn 0.4582 0.8019 0.3835
vn -0.2991 0.3055 0.9040
vn 0.3983 0.4894 0.7758
vn 0.3422 0.2234 0.9127
vn 0.0825 0.9298 0.3587
vn 0.9275 -0.1087 0.3577
vn 0.6883 -0.5960 -0.4136
vn 0.6478 0.6678 0.3665
vn -0.6046 0.6788 0.4166
vn 0.4497 -0.7841 -0.4278
vn 0.1688 0.8863 0.4312
vn -0.1991 0.8882 0.4140
vn 0.1127 0.8879 0.4460
vn -0.7053 0.4796 0.5221
vn 0.2735 0.3174 0.9080
vn 0.1667 0.7385 0.6533
vn -0.6525 -0.6141 -0.4440
vn 0.7539 0.5490 0.3609
vn 0.7101 0.6118 0.3485
vn -0.4037 -0.7569 -0.5139
vn -0.7524 0.3778 0.5396
vn -0.5023 0.6194 0.6034
vn -0.5604 0.7226 0.4048
vn -0.2197 0.8472 0.4837
vn -0.1563 0.7580 0.6333
vn 0.1784 0.7514 0.6352
vn -0.1979 0.4242 0.8837
vn -0.0041 0.6248 0.7807
vn 0.1278 0.3317 0.9347
vn 0.4504 -0.8781 0.1613
vn -0.9040 0.2085 0.3732
vn 0.7778 0.4907 0.3927
vn -0.4971 -0.7075 -0.5024
vn 0.3075 -0.8361 -0.4543
vn 0.3170 0.8199 0.4768
vn -0.0504 0.5025 0.8631
vn 0.0913 0.2331 0.9682
vn 0.6203 -0.7290 0.2894
vn -0.8180 -0.4373 -0.3736
vn -0.7830 -0.4741 -0.4027
vn -0.8434 0.3686 0.3910
vn 0.5536 -0.6996 -0.4517
vn -0.5471 0.7180 0.4303
vn 0.1861 -0.8632 -0.4694
vn -0.0870 -0.8667 -0.4911
vn 0.8859 -0.1840 -0.4258
vn 0.8320 0.3997 0.3847
vn -0.8382 0.3435 0.4236
vn -0.6804 0.6154 0.3980
vn -0.3369 0.7620 0.5530
vn -0.5763 0.6897 0.4384
vn -0.5760 -0.7849 0.2286
vn -0.8549 0.3549 0.3784
vn 0.0484 -0.8685 -0.4933
vn -0.3311 0.8136 0.4780
vn -0.0717 0.8471 0.5265
vn 0.0432 0.8301 0.5560
vn -0.4742 -0.8543 -0.2129
vn -0.7939 0.3835 0.4718
vn 0.6103 -0.6338 -0.4752
vn -0.1881 -0.8274 -0.5292
vn -0.1463 0.9294 0.3390
vn 0.3750 0.8090 0.4526
vn 0.1429 0.8109 0.5674
vn 0.4227 -0.8723 -0.2457
vn -0.8943 -0.1314 0.4278
vn 0.4732 -0.7125 -0.5180
vn -0.2743 -0.7863 -0.5536
vn 0.2518 -0.7956 -0.5511
vn 0.4818 0.7541 0.4463
vn 0.2416 0.8059 0.5405
vn -0.4749 -0.8449 -0.2463
vn -0.8097 0.4178 0.4121
vn 0.6926 -0.5522 -0.4641
vn 0.6654 0.6068 0.4348
vn -0.3470 0.8468 0.4031
vn 0.4093 0.7626 0.5010
vn -0.5441 0.6920 0.4744
vn 0.8759 0.0351 0.4811
vn 0.7427 -0.4985 -0.4472
vn 0.3700 -0.7514 -0.5464
vn 0.1295 -0.8126 -0.5683
vn 0.0018 -0.8073 -0.5901
vn -0.2239 0.8000 0.5566
vn -0.7368 -0.4921 -0.4637
vn 0.7813 0.4103 0.4703
vn -0.5489 -0.6384 -0.5396
vn 0.5630 0.6749 0.4770
vn -0.4582 0.7166 0.5258
vn 0.5650 -0.7673 0.3034
vn 0.8271 0.3303 0.4548
vn -0.6853 -0.5400 -0.4887
vn 0.6311 -0.5677 -0.5286
vn -0.6328 -0.5811 -0.5117
vn -0.5764 0.6607 0.4809
vn -0.1266 -0.7812 -0.6113
vn -0.3038 0.8965 0.3224
vn -0.5083 0.6888 0.5170
vn -0.8317 0.3325 0.4446
vn 0.7663 0.5167 0.3819
vn 0.5166 -0.6601 -0.5453
vn -0.0843 0.8165 0.5712
vn -0.4440 -0.8551 -0.2679
vn -0.8570 0.0697 0.5106
vn -0.5079 0.6105 0.6077
vn 0.3290 0.7670 0.5508
vn -0.5844 -0.7364 0.3411
vn -0.6995 0.3934 0.5966
vn 0.4816 0.6912 0.5388
vn -0.2335 0.8063 0.5434
vn -0.1004 0.9202 0.3783
vn -0.3332 0.7740 0.5384
vn -0.7416 -0.4485 -0.4988
vn -0.3904 -0.6786 -0.6222
vn -0.2978 -0.7269 -0.6189
vn 0.2131 -0.7454 -0.6316
vn 0.5042 -0.8225 0.2631
vn 0.5560 -0.6108 -0.5637
vn 0.7642 0.4936 0.4152
vn 0.4058 -0.6771 -0.6139
vn 0.1028 -0.7464 -0.6575
vn -0.4060 0.7128 0.5720
vn -0.5130 -0.7970 0.3188
vn -0.7598 0.3653 0.5378
vn -0.5942 -0.5565 -0.5807
vn -0.4999 -0.6102 -0.6146
vn 0.2879 -0.7024 -0.6509
vn -0.4672 0.6850 0.5591
vn -0.4518 0.6745 0.5838
vn -0.4746 0.6597 0.5827
vn 0.0370 0.7842 0.6194
vn 0.7143 -0.4817 -0.5078
vn -0.7736 0.3983 0.4928
vn -0.6549 -0.5003 -0.5665
vn 0.8344 0.3967 0.3826
vn -0.1931 -0.7291 -0.6565
vn -0.5109 0.5427 0.6666
vn 0.6822 -0.4935 -0.5396
vn 0.2108 0.7599 0.6149
vn 0.6030 -0.7041 0.3751
vn -0.0520 -0.9981 -0.0333
vn -0.4384 -0.8448 -0.3067
vn 0.5558 0.6129 0.5616
vn -0.0818 0.7600 0.6448
vn -0.7073 -0.4230 -0.5663
vn 0.4571 -0.6259 -0.6319
vn -0.0359 -0.7178 -0.6953
vn 0.4136 0.6792 0.6064
vn -0.3706 0.7041 0.6058
vn 0.1208 0.7611 0.6372
vn 0.3976 -0.8731 -0.2820
vn 0.8026 0.2561 0.5388
vn 0.8787 0.2934 0.3766
vn -0.3882 0.6774 0.6249
vn -0.3274 0.6717 0.6646
vn -0.7645 0.3305 0.5535
vn -0.5034 0.6229 0.5988
vn 0.5468 -0.5561 -0.6259
vn 0.7763 0.4189 0.4710
vn -0.3994 -0.6038 -0.6899
vn 0.3211 -0.6380 -0.6999
vn -0.2574 -0.6561 -0.7094
vn -0.3808 0.6658 0.6416
vn 0.4916 0.6101 0.6214
vn 0.2808 0.7107 0.6450
vn -0.4018 0.6079 0.6849
vn 0.5778 -0.6555 -0.4863
vn 0.7479 0.3534 0.5620
vn 0.1900 -0.6611 -0.7259
vn 0.6287 -0.6387 0.4436
vn -0.6406 -0.6205 0.4524
vn -0.8125 0.0967 0.5749
vn 0.6362 -0.4935 -0.5930
vn -0.5500 -0.5082 -0.6627
vn -0.6569 0.3890 0.6459
vn -0.4944 -0.5599 -0.6649
vn -0.1604 -0.6420 -0.7497
vn -0.4327 0.6318 0.6431
vn -0.3754 0.6960 0.6121
vn 0.0513 0.7350 0.6762
vn -0.5503 -0.7238 0.4163
vn -0.7144 0.3984 0.5752
vn 0.7728 0.3659 0.5185
vn 0.4408 -0.5946 -0.6724
vn -0.5909 0.4900 0.6409
vn -0.3184 -0.6050 -0.7298
vn -0.0853 -0.6717 -0.7359
vn 0.0775 -0.6649 -0.7429
vn 0.3349 0.6689 0.6636
vn -0.0601 0.8552 0.5148
vn -0.3066 0.6079 0.7324
vn 0.2228 -0.9554 -0.1941
vn -0.4048 -0.8481 -0.3419
vn 0.7686 0.1017 0.6315
vn -0.4920 0.5453 0.6787
vn -0.3777 0.5464 0.7475
vn -0.0768 0.6935 0.7163
vn 0.5144 -0.7452 0.4244
vn -0.6226 -0.4439 -0.6445
vn -0.3206 0.7571 0.5692
vn 0.8404 0.2902 0.4577
vn 0.5225 0.5378 0.6617
vn 0.5558 -0.4810 -0.6780
vn -0.6061 0.4037 0.6853
vn 0.3856 0.6199 0.6834
vn 0.1333 0.6974 0.7041
vn -0.3641 0.5147 0.7762
vn 0.0315 0.6757 0.7365
vn 0.5635 -0.5485 -0.6178
vn -0.7415 -0.0049 0.6709
vn -0.6839 0.3191 0.6561
vn 0.4737 -0.5306 -0.7029
vn -0.4910 0.4655 0.7363
vn -0.3918 0.5990 0.6984
vn -0.3835 0.5519 0.7405
vn -0.1160 0.7809 0.6137
vn -0.3833 0.5219 0.7620
vn 0.5234 -0.7020 0.4830
vn -0.3828 -0.8445 -0.3744
vn -0.4107 -0.5440 -0.7317
vn 0.3746 -0.5805 -0.7229
vn -0.0011 -0.6099 -0.7925
vn 0.4348 0.5819 0.6873
vn -0.3881 0.6286 0.6740
vn -0.0522 0.7732 0.6320
vn 0.2243 0.6700 0.7076
vn -0.4536 -0.8048 0.3827
vn 0.7021 0.2690 0.6593
vn -0.4414 -0.5089 -0.7391
vn -0.6377 0.3982 0.6593
vn 0.2738 -0.5918 -0.7581
vn -0.2476 -0.5618 -0.7894
vn -0.1477 0.6376 0.7561
vn 0.8031 0.2213 0.5532
vn -0.4906 -0.4698 -0.7339
vn 0.7805 0.2699 0.5639
vn -0.4647 0.5053 0.7271
vn 0.1159 -0.5913 -0.7981
vn -0.1957 0.6459 0.7379
vn -0.3301 0.5079 0.7956
vn -0.3921 -0.7911 0.4695
vn 0.5273 -0.6802 0.5091
vn 0.4691 0.5265 0.7090
vn -0.2966 0.5047 0.8108
vn -0.1453 0.5543 0.8196
vn -0.3290 -0.8598 -0.3905
vn -0.5357 -0.4822 -0.6932
vn -0.1638 -0.5739 -0.8024
vn 0.1923 -0.5680 -0.8003
vn -0.0441 -0.5671 -0.8225
vn 0.2820 0.6088 0.7415
vn 0.4606 -0.7132 0.5283
vn 0.3763 -0.5261 -0.7626
vn 0.4982 0.4638 0.7326
vn -0.5416 0.4366 0.7184
vn -0.3324 -0.5265 -0.7825
vn 0.2811 -0.5348 -0.7968
vn -0.3097 0.6091 0.7301
vn -0.1953 0.5462 0.8146
vn 0.4620 -0.6780 -0.5717
vn 0.6514 0.0831 0.7542
vn 0.4347 -0.4642 -0.7717
vn -0.3874 0.5415 0.7461
vn 0.7948 0.2721 0.5425
vn 0.3696 0.5557 0.7447
vn 0.1430 0.6295 0.7638
vn 0.1171 -0.9804 -0.1585
vn 0.6881 0.2439 0.6834
vn -0.4529 0.4544 0.7671
vn -0.1169 0.6271 0.7701
vn -0.5752 -0.5490 0.6063
vn 0.4012 -0.6444 -0.6510
vn -0.5889 0.3265 0.7393
vn -0.3949 -0.4768 -0.7853
vn 0.5308 0.3821 0.7565
vn 0.0746 -0.5278 -0.8461
vn -0.1334 -0.5134 -0.8477
vn -0.1942 0.5950 0.7799
vn -0.1327 0.5370 0.8331
vn -0.0741 0.5638 0.8226
vn 0.3977 -0.7580 0.5170
vn 0.3009 -0.4764 -0.8262
vn -0.2876 -0.4872 -0.8246
vn 0.1779 -0.5002 -0.8474
vn -0.4116 -0.7147 0.5655
vn 0.5991 -0.0476 0.7993
vn -0.6421 0.0296 0.7661
vn -0.2237 -0.4924 -0.8411
vn 0.4384 0.4846 0.7569
vn -0.2812 0.5546 0.7832
vn -0.1064 -0.9806 -0.1648
vn -0.5169 0.3593 0.7770
vn -0.0216 0.5853 0.8105
vn -0.0911 0.4990 0.8618
vn -0.2817 -0.8539 -0.4376
vn 0.4984 0.3972 0.7706
vn 0.2125 0.5841 0.7834
vn -0.1959 0.4279 0.8824
vn -0.1876 0.4432 0.8766
vn 0.2530 -0.8475 -0.4667
vn 0.5557 0.1875 0.8100
vn 0.3267 -0.4380 -0.8375
vn -0.0213 -0.4939 -0.8693
vn -0.3026 -0.7533 0.5839
vn 0.3575 -0.8234 0.4407
vn 0.5106 0.2111 0.8335
vn -0.3453 0.4863 0.8027
vn 0.2948 0.5464 0.7839
vn -0.1473 0.4557 0.8779
vn -0.2262 -0.8555 -0.4658
vn -0.5300 0.0922 0.8430
vn 0.2038 -0.4450 -0.8720
vn -0.1720 -0.4506 -0.8760
vn 0.0551 -0.4635 -0.8844
vn -0.0671 -0.4452 -0.8929
vn -0.1084 0.5538 0.8255
vn 0.2362 -0.8740 0.4248
vn -0.3865 0.4010 0.8306
vn 0.3894 0.5254 0.7565
vn -0.3758 -0.6799 0.6298
vn 0.4808 -0.5265 0.7011
vn -0.5566 -0.2850 0.7804
vn 0.1225 -0.4467 -0.8862
vn -0.4416 0.3388 0.8308
vn -0.1870 0.5234 0.8313
vn -0.1281 0.4571 0.8801
vn -0.1219 0.4075 0.9051
vn 0.3066 -0.5807 -0.7542
vn 0.0984 -0.9792 -0.1773
vn -0.1791 -0.8581 -0.4812
vn -0.2164 -0.6023 -0.7684
vn -0.2488 0.4761 0.8435
vn -0.3457 0.1720 0.9224
vn -0.0456 0.3827 0.9228
vn 0.2200 -0.5966 -0.7718
vn 0.2133 0.2157 0.9529
vn 0.3039 0.5969 0.7425
vn -0.2715 -0.7535 0.5988
vn 0.2871 -0.7856 0.5481
vn -0.0623 -0.9889 -0.1346
vn -0.3171 0.3975 0.8610
vn 0.1189 0.5153 0.8487
vn -0.0683 0.3737 0.9250
vn -0.0416 0.3053 0.9513
vn 0.0949 -0.9567 -0.2752
vn 0.4842 0.2422 0.8408
vn 0.1427 -0.5877 -0.7964
vn -0.0870 0.2597 0.9617
vn -0.0035 0.3320 0.9433
vn -0.0124 0.5383 0.8427
vn 0.5071 -0.1001 0.8561
vn -0.1374 -0.6224 -0.7705
vn 0.1926 -0.5687 -0.7997
vn -0.4352 0.0697 0.8976
vn -0.0619 -0.8486 -0.5254
vn 0.0245 -0.8435 -0.5366
vn 0.0218 0.2749 0.9612
vn -0.0158 0.2480 0.9686
vn 0.1034 0.3761 0.9208
vn 0.0726 -0.8462 -0.5279
vn 0.3468 0.1029 0.9323
vn -0.0803 0.1859 0.9793
vn -0.1036 0.4904 0.8653
vn -0.2480 -0.7473 0.6165
vn 0.0763 -0.9309 -0.3571
vn -0.0620 -0.9582 -0.2792
vn -0.3585 0.3188 0.8774
vn 0.0968 0.2873 0.9529
vn 0.1717 0.2368 0.9563
vn -0.2663 -0.0285 0.9635
vn 0.0530 0.2921 0.9549
vn -0.2232 -0.0273 0.9744
vn 0.0935 0.1063 -0.9899
vn -0.0621 -0.4124 -0.9089
vn -0.0533 -0.5907 -0.8051
vn 0.2749 0.1441 0.9506
vn -0.0389 0.1416 0.9892
vn -0.0059 0.1874 0.9823
vn -0.1875 0.4267 0.8848
vn -0.0690 0.5894 0.8049
vn -0.0456 -0.9381 -0.3433
vn 0.1511 -0.9322 0.3289
vn 0.2109 -0.8370 0.5050
vn 0.3925 0.2374 0.8886
vn 0.1755 0.1746 0.9689
vn 0.0677 0.1582 0.9851
vn -0.2555 0.3504 0.9011
vn 0.1917 0.4091 0.8921
vn -0.1355 0.4042 0.9046
vn -0.2238 0.6321 0.7419
vn -0.1760 -0.7578 0.6283
vn 0.0028 -0.9874 -0.1580
vn 0.3644 -0.1409 0.9205
vn -0.3486 0.0761 0.9342
vn 0.2887 0.3200 0.9024
vn 0.1465 0.3625 0.9204
vn -0.0934 -0.7849 0.6125
vn 0.2108 -0.7721 0.5995
vn 0.2413 0.2942 0.9248
vn -0.1668 0.4626 0.8707
vn 0.0490 0.5016 0.8637
vn -0.2816 -0.2965 0.9126
vn 0.2852 -0.0025 0.9585
vn 0.2053 0.3230 0.9238
vn -0.1647 0.3145 0.9349
vn -0.0364 -0.8141 0.5796
vn 0.0475 -0.7973 0.6018
vn 0.1511 -0.7384 0.6572
vn -0.2625 0.0842 0.9613
vn -0.1065 0.3198 0.9415
vn -0.1877 -0.5879 0.7869
vn 0.0981 -0.8809 0.4631
vn 0.0347 0.2995 0.9535
vn 0.0417 0.1584 0.9865
vn 0.0828 0.1155 0.9898
vn -0.0643 -0.7918 0.6074
vn 0.1019 0.0843 0.9912
vn 0.0921 -0.6781 0.7291
vn 0.1796 -0.0833 0.9802
vn -0.1732 0.0104 0.9848
vn -0.0843 -0.0163 0.9963
vn 0.0082 -0.1068 0.9942
vt 0.580902 0.262041
vt 0.592761 0.261632
vt 0.594576 0.265740
vt 0.314719 0.134771
vt 0.312804 0.138418
vt 0.301330 0.134331
vt 0.283617 0.134127
vt 0.580954 0.252089
vt 0.593059 0.255775
vt 0.314940 0.144801
vt 0.287444 0.143452
vt 0.579386 0.265017
vt 0.567969 0.263844
vt 0.559414 0.261002
vt 0.277937 0.135817
vt 0.552711 0.252394
vt 0.300983 0.148668
vt 0.319052 0.149555
vt 0.312566 0.162756
vt 0.553678 0.264595
vt 0.275598 0.131494
vt 0.641385 0.629446
vt 0.644926 0.635415
vt 0.632730 0.630001
vt 0.641529 0.640852
vt 0.628018 0.633515
vt 0.553036 0.244577
vt 0.277135 0.147557
vt 0.580477 0.235207
vt 0.591563 0.241364
vt 0.276414 0.152004
vt 0.291639 0.163591
vt 0.592781 0.317170
vt 0.592167 0.314305
vt 0.604094 0.313879
vt 0.604072 0.316684
vt 0.616338 0.629220
vt 0.612807 0.633056
vt 0.598112 0.321841
vt 0.614261 0.652437
vt 0.307561 0.116753
vt 0.603014 0.332007
vt 0.595008 0.334622
vt 0.643876 0.646959
vt 0.636756 0.654778
vt 0.647481 0.658614
vt 0.642981 0.660722
vt 0.974335 0.725986
vt 0.958794 0.724958
vt 0.970119 0.710394
vt 0.306661 0.180066
vt 0.319290 0.175046
vt 0.576447 0.283208
vt 0.319040 0.117623
vt 0.320346 0.129363
vt 0.608327 0.629452
vt 0.602887 0.637742
vt 0.618044 0.325962
vt 0.284745 0.174564
vt 0.586427 0.283539
vt 0.281805 0.116689
vt 0.619107 0.314680
vt 0.606063 0.651581
vt 0.608238 0.654438
vt 0.618034 0.657628
vt 0.551402 0.285010
vt 0.547006 0.271846
vt 0.628004 0.612313
vt 0.173943 0.247615
vt 0.171293 0.257602
vt 0.170138 0.244491
vt 0.631134 0.317650
vt 0.605104 0.655050
vt 0.915600 0.365935
vt 0.923554 0.364545
vt 0.918114 0.370315
vt 0.362791 0.964948
vt 0.375427 0.968002
vt 0.363467 0.970190
vt 0.925864 0.373203
vt 0.919489 0.347737
vt 0.940828 0.353962
vt 0.935320 0.333825
vt 0.946239 0.709665
vt 0.954088 0.701352
vt 0.563615 0.284134
vt 0.643920 0.612534
vt 0.632769 0.314269
vt 0.175045 0.263954
vt 0.197690 0.243724
vt 0.617999 0.343724
vt 0.917379 0.376727
vt 0.921845 0.376937
vt 0.368958 0.945707
vt 0.931979 0.371736
vt 0.938764 0.366890
vt 0.972805 0.737975
vt 0.960048 0.744610
vt 0.945928 0.733838
vt 0.613027 0.295590
vt 0.596263 0.293829
vt 0.636537 0.326578
vt 0.186015 0.269608
vt 0.205132 0.247211
vt 0.879819 0.472550
vt 0.875928 0.494041
vt 0.854544 0.492810
vt 0.843690 0.478090
vt 0.861909 0.464717
vt 0.165766 0.242610
vt 0.161421 0.246702
vt 0.062031 0.064683
vt 0.055576 0.062913
vt 0.062686 0.062237
vt 0.062808 0.060305
vt 0.043490 0.060200
vt 0.171542 0.275062
vt 0.054184 0.050862
vt 0.062195 0.057168
vt 0.206095 0.243522
vt 0.210605 0.244104
vt 0.932990 0.377353
vt 0.388061 0.956488
vt 0.940587 0.372502
vt 0.938089 0.376916
vt 0.385998 0.971889
vt 0.638218 0.611381
vt 0.615608 0.612495
vt 0.607586 0.611841
vt 0.153682 0.256868
vt 0.313979 0.107248
vt 0.290832 0.103356
vt 0.638287 0.340566
vt 0.940881 0.377452
vt 0.945249 0.362505
vt 0.263398 0.824327
vt 0.263711 0.848530
vt 0.243541 0.821583
vt 0.627405 0.297516
vt 0.159610 0.243056
vt 0.173466 0.282833
vt 0.575198 0.302372
vt 0.591561 0.295825
vt 0.645044 0.596054
vt 0.260230 0.746417
vt 0.269037 0.744296
vt 0.261049 0.751416
vt 0.267676 0.738822
vt 0.772244 0.274319
vt 0.770802 0.258986
vt 0.789565 0.264712
vt 0.779521 0.853247
vt 0.805302 0.851595
vt 0.784038 0.871653
vt 0.603929 0.293921
vt 0.041301 0.062817
vt 0.176824 0.289015
vt 0.589209 0.305176
vt 0.303637 0.080407
vt 0.316414 0.087033
vt 0.209979 0.269207
vt 0.368634 0.934148
vt 0.228458 0.818117
vt 0.224714 0.824613
vt 0.225650 0.819441
vt 0.223152 0.819649
vt 0.845441 0.465206
vt 0.848328 0.455448
vt 0.638581 0.292661
vt 0.548583 0.291987
vt 0.632039 0.590333
vt 0.216202 0.259377
vt 0.392484 0.939554
vt 0.277938 0.739450
vt 0.278395 0.734042
vt 0.265935 0.732559
vt 0.275510 0.729646
vt 0.245560 0.853327
vt 0.813758 0.859442
vt 0.808477 0.890957
vt 0.056317 0.080027
vt 0.172698 0.289185
vt 0.612540 0.596990
vt 0.022386 0.055091
vt 0.282366 0.089353
vt 0.288630 0.079312
vt 0.390723 0.932876
vt 0.750319 0.258083
vt 0.760658 0.276245
vt 0.265365 0.728931
vt 0.270813 0.726101
vt 0.865534 0.445566
vt 0.155163 0.274154
vt 0.124685 0.096986
vt 0.119365 0.095839
vt 0.122280 0.092408
vt 0.032161 0.062267
vt 0.209350 0.284990
vt 0.036882 0.022576
vt 0.058370 0.029836
vt 0.048645 0.006770
vt 0.284724 0.731391
vt 0.880477 0.449359
vt 0.168158 0.291105
vt 0.630308 0.279029
vt 0.142569 0.257249
vt 0.151736 0.247308
vt 0.604664 0.599097
vt 0.022283 0.040000
vt 0.285251 0.735167
vt 0.289999 0.732169
vt 0.284318 0.725918
vt 0.267849 0.720123
vt 0.271178 0.712606
vt 0.269495 0.865084
vt 0.045002 0.079721
vt 0.020305 0.061955
vt 0.142948 0.095476
vt 0.221238 0.276922
vt 0.284189 0.720467
vt 0.792957 0.897614
vt 0.774458 0.894452
vt 0.137557 0.099070
vt 0.157844 0.634672
vt 0.179369 0.631765
vt 0.168177 0.657189
vt 0.158535 0.627784
vt 0.827085 0.929172
vt 0.837466 0.923933
vt 0.831631 0.948435
vt 0.960840 0.609696
vt 0.978157 0.629519
vt 0.972074 0.640716
vt 0.847926 0.939861
vt 0.844746 0.960408
vt 0.112076 0.910481
vt 0.101920 0.904701
vt 0.115715 0.900944
vt 0.082033 0.909181
vt 0.085755 0.888601
vt 0.288668 0.703601
vt 0.036661 0.079294
vt 0.154680 0.284813
vt 0.143819 0.285418
vt 0.121583 0.255857
vt 0.129407 0.250109
vt 0.952913 0.635032
vt 0.303515 0.748197
vt 0.301910 0.729516
vt 0.297222 0.721604
vt 0.292358 0.720028
vt 0.229762 0.631458
vt 0.237119 0.623070
vt 0.236863 0.630824
vt 0.154642 0.088109
vt 0.121649 0.059347
vt 0.139013 0.061699
vt 0.076487 0.895100
vt 0.303763 0.721102
vt 0.291372 0.715307
vt 0.228788 0.865092
vt 0.223220 0.853924
vt 0.245866 0.869898
vt 0.429871 0.546650
vt 0.431946 0.525955
vt 0.446969 0.531024
vt 0.155330 0.292488
vt 0.155261 0.100135
vt 0.041454 0.095078
vt 0.057928 0.099493
vt 0.123237 0.270280
vt 0.019475 0.021549
vt 0.768029 0.573887
vt 0.783453 0.591957
vt 0.758845 0.585128
vt 0.302684 0.714617
vt 0.775135 0.220825
vt 0.755177 0.224688
vt 0.782127 0.226688
vt 0.025851 0.080256
vt 0.220887 0.626422
vt 0.889027 0.202723
vt 0.891329 0.185740
vt 0.900104 0.195802
vt 0.767113 0.607707
vt 0.300375 0.707521
vt 0.366251 0.618265
vt 0.363402 0.626240
vt 0.360101 0.602050
vt 0.429785 0.574886
vt 0.416819 0.574279
vt 0.435103 0.563391
vt 0.015710 0.065344
vt 0.150844 0.290368
vt 0.233664 0.614408
vt 0.124753 0.284441
vt 0.226291 0.601781
vt 0.863480 0.949709
vt 0.871790 0.919383
vt 0.885556 0.937326
vt 0.022394 0.003682
vt 0.101467 0.867442
vt 0.114764 0.881680
vt 0.746237 0.230225
vt 0.747734 0.241737
vt 0.047563 0.120069
vt 0.845228 0.579123
vt 0.850092 0.563098
vt 0.868262 0.574775
vt 0.855005 0.940196
vt 0.933982 0.928274
vt 0.948710 0.914162
vt 0.954674 0.916591
vt 0.960218 0.934636
vt 0.794267 0.576787
vt 0.115640 0.876239
vt 0.112008 0.866236
vt 0.229812 0.648726
vt 0.236517 0.645137
vt 0.158360 0.102662
vt 0.207859 0.632109
vt 0.942776 0.946865
vt 0.079665 0.880736
vt 0.084342 0.868542
vt 0.961710 0.950159
vt 0.952480 0.951634
vt 0.961227 0.944552
vt 0.950629 0.956978
vt 0.301079 0.699405
vt 0.333200 0.501458
vt 0.328730 0.504366
vt 0.329198 0.482048
vt 0.346316 0.621824
vt 0.342676 0.596892
vt 0.405015 0.563619
vt 0.207445 0.627509
vt 0.132139 0.042883
vt 0.152405 0.048133
vt 0.865008 0.594714
vt 0.859249 0.911587
vt 0.950470 0.452698
vt 0.948758 0.478565
vt 0.929637 0.446866
vt 0.930246 0.474100
vt 0.784909 0.610672
vt 0.363951 0.651430
vt 0.348216 0.645285
vt 0.410696 0.522425
vt 0.428716 0.507156
vt 0.399195 0.540125
vt 0.163106 0.099807
vt 0.200734 0.612143
vt 0.835082 0.572513
vt 0.837080 0.559583
vt 0.890260 0.905873
vt 0.961292 0.958660
vt 0.348921 0.494428
vt 0.123650 0.121592
vt 0.130583 0.114919
vt 0.118119 0.141927
vt 0.023518 0.116933
vt 0.159920 0.066979
vt 0.764495 0.620793
vt 0.756320 0.627182
vt 0.755503 0.632732
vt 0.145186 0.114264
vt 0.132384 0.151166
vt 0.361031 0.505492
vt 0.352675 0.503851
vt 0.364714 0.499258
vt 0.323903 0.628916
vt 0.319864 0.605853
vt 0.212909 0.646484
vt 0.158932 0.115851
vt 0.162147 0.107694
vt 0.195429 0.631173
vt 0.153569 0.123718
vt 0.963158 0.562279
vt 0.974254 0.589703
vt 0.955272 0.589081
vt 0.115438 0.153140
vt 0.878454 0.193260
vt 0.875436 0.157176
vt 0.893387 0.161208
vt 0.007140 0.610598
vt 0.007998 0.587920
vt 0.026169 0.600490
vt 0.351042 0.715605
vt 0.366496 0.718784
vt 0.350398 0.729406
vt 0.942535 0.954692
vt 0.379134 0.727348
vt 0.368030 0.502312
vt 0.366537 0.486646
vt 0.132763 0.602157
vt 0.142309 0.611472
vt 0.120144 0.615017
vt 0.145150 0.199219
vt 0.139852 0.223925
vt 0.134802 0.202751
vt 0.234518 0.659643
vt 0.217741 0.670225
vt 0.945404 0.564227
vt 0.846007 0.611178
vt 0.373924 0.823053
vt 0.385151 0.814268
vt 0.384727 0.843816
vt 0.930053 0.488689
vt 0.793130 0.610300
vt 0.029995 0.627276
vt 0.007374 0.631045
vt 0.320041 0.477510
vt 0.324729 0.463187
vt 0.329659 0.592637
vt 0.390223 0.573455
vt 0.385992 0.567918
vt 0.135246 0.213423
vt 0.924908 0.988826
vt 0.909333 0.990370
vt 0.910711 0.975962
vt 0.168672 0.210575
vt 0.153337 0.150818
vt 0.034971 0.130151
vt 0.840460 0.669003
vt 0.836198 0.649378
vt 0.852691 0.649934
vt 0.837081 0.597281
vt 0.791640 0.622093
vt 0.782170 0.630727
vt 0.137343 0.635907
vt 0.117455 0.202614
vt 0.202111 0.646861
vt 0.201292 0.657267
vt 0.918863 0.942873
vt 0.864443 0.614147
vt 0.373187 0.508127
vt 0.378109 0.492811
vt 0.367691 0.744907
vt 0.370903 0.489543
vt 0.108381 0.607061
vt 0.191103 0.630203
vt 0.183750 0.198001
vt 0.186581 0.215703
vt 0.977733 0.074285
vt 0.948836 0.073630
vt 0.970448 0.056828
vt 0.924201 0.918691
vt 0.917409 0.922073
vt 0.404361 0.821924
vt 0.015110 0.573942
vt 0.351632 0.462367
vt 0.104951 0.207731
vt 0.112546 0.198223
vt 0.943889 0.061025
vt 0.916384 0.930480
vt 0.714815 0.170128
vt 0.705405 0.192883
vt 0.685950 0.175718
vt 0.393947 0.504346
vt 0.668887 0.647922
vt 0.681595 0.671495
vt 0.650190 0.666560
vt 0.639756 0.121894
vt 0.634274 0.118422
vt 0.650780 0.116911
vt 0.648012 0.101191
vt 0.406118 0.808299
vt 0.401183 0.854144
vt 0.392337 0.855768
vt 0.378537 0.849453
vt 0.378491 0.485589
vt 0.116672 0.634536
vt 0.036869 0.778853
vt 0.055281 0.780725
vt 0.037856 0.793716
vt 0.039928 0.771441
vt 0.331306 0.652677
vt 0.664680 0.681624
vt 0.313492 0.619921
vt 0.686166 0.630823
vt 0.687249 0.652676
vt 0.191442 0.643244
vt 0.118054 0.223374
vt 0.134500 0.235654
vt 0.154635 0.235338
vt 0.152102 0.163915
vt 0.865979 0.668257
vt 0.873141 0.663115
vt 0.871349 0.652055
vt 0.384063 0.482014
vt 0.035688 0.583119
vt 0.044920 0.601923
vt 0.651652 0.129360
vt 0.639671 0.136110
vt 0.647652 0.122728
vt 0.841479 0.622044
vt 0.854545 0.622283
vt 0.376842 0.766581
vt 0.356559 0.770392
vt 0.382064 0.472974
vt 0.378696 0.468908
vt 0.193682 0.648176
vt 0.199710 0.670498
vt 0.181765 0.234438
vt 0.944777 0.598082
vt 0.942485 0.593292
vt 0.966541 0.090993
vt 0.068217 0.417665
vt 0.077945 0.436639
vt 0.054597 0.439949
vt 0.412785 0.836026
vt 0.303294 0.672186
vt 0.299453 0.679161
vt 0.285302 0.669728
vt 0.060961 0.633456
vt 0.044525 0.638874
vt 0.385324 0.124138
vt 0.402715 0.117440
vt 0.401479 0.136476
vt 0.632109 0.124666
vt 0.625420 0.095775
vt 0.961954 0.531500
vt 0.940458 0.544719
vt 0.941065 0.527956
vt 0.951982 0.547791
vt 0.868312 0.636150
vt 0.383485 0.477860
vt 0.138801 0.239051
vt 0.551710 0.886420
vt 0.565254 0.864377
vt 0.573556 0.875954
vt 0.044232 0.425109
vt 0.529118 0.415244
vt 0.546604 0.414663
vt 0.549611 0.435985
vt 0.834922 0.190299
vt 0.818870 0.165130
vt 0.822502 0.152856
vt 0.841355 0.174741
vt 0.622622 0.123423
vt 0.618497 0.119537
vt 0.650369 0.147294
vt 0.643181 0.161687
vt 0.645874 0.140243
vt 0.761292 0.938199
vt 0.753143 0.911528
vt 0.775042 0.917896
vt 0.528010 0.433275
vt 0.425484 0.742387
vt 0.417398 0.758460
vt 0.416573 0.746319
vt 0.390969 0.471586
vt 0.392865 0.751307
vt 0.386315 0.470083
vt 0.032161 0.805112
vt 0.051988 0.810186
vt 0.851677 0.153076
vt 0.869386 0.156586
vt 0.855702 0.189571
vt 0.383738 0.136643
vt 0.098505 0.237975
vt 0.078394 0.232309
vt 0.082616 0.204790
vt 0.042541 0.405848
vt 0.554194 0.416665
vt 0.566275 0.418729
vt 0.151575 0.656136
vt 0.152296 0.664943
vt 0.145292 0.667825
vt 0.684356 0.690394
vt 0.630178 0.137859
vt 0.278756 0.084724
vt 0.273108 0.096223
vt 0.273583 0.078957
vt 0.910661 0.957901
vt 0.893359 0.958765
vt 0.401069 0.768121
vt 0.409499 0.780024
vt 0.392043 0.767671
vt 0.399229 0.734420
vt 0.371088 0.459508
vt 0.387332 0.465436
vt 0.117951 0.236245
vt 0.264664 0.074476
vt 0.277587 0.073968
vt 0.609850 0.123672
vt 0.717892 0.227406
vt 0.691495 0.227028
vt 0.712949 0.209869
vt 0.756760 0.895324
vt 0.686656 0.214308
vt 0.432500 0.747524
vt 0.443641 0.757698
vt 0.255719 0.656011
vt 0.284790 0.648477
vt 0.264495 0.624966
vt 0.036956 0.943013
vt 0.049455 0.942406
vt 0.053468 0.952307
vt 0.102149 0.651767
vt 0.485968 0.695654
vt 0.455256 0.711381
vt 0.476580 0.681453
vt 0.077299 0.804123
vt 0.080496 0.788302
vt 0.615783 0.139708
vt 0.276210 0.108057
vt 0.257073 0.110175
vt 0.304084 0.551945
vt 0.303823 0.574226
vt 0.279820 0.566997
vt 0.678672 0.198819
vt 0.377352 0.108378
vt 0.610912 0.137358
vt 0.263485 0.058073
vt 0.276642 0.058446
vt 0.606989 0.118754
vt 0.256186 0.077934
vt 0.946654 0.505641
vt 0.571749 0.420895
vt 0.122357 0.666145
vt 0.432341 0.705463
vt 0.442855 0.689083
vt 0.402192 0.095679
vt 0.379634 0.091647
vt 0.111656 0.940359
vt 0.101960 0.950382
vt 0.107657 0.919131
vt 0.290281 0.544099
vt 0.546546 0.858293
vt 0.567946 0.847932
vt 0.560762 0.839001
vt 0.258103 0.677007
vt 0.036360 0.826449
vt 0.056005 0.827934
vt 0.482783 0.726253
vt 0.109998 0.240660
vt 0.623194 0.162371
vt 0.605837 0.097962
vt 0.620020 0.861966
vt 0.613468 0.832780
vt 0.624743 0.843615
vt 0.403014 0.078616
vt 0.604603 0.124016
vt 0.050346 0.720609
vt 0.042339 0.745287
vt 0.020355 0.726357
vt 0.428421 0.782872
vt 0.035206 0.983642
vt 0.039756 0.966967
vt 0.042785 0.985424
vt 0.248578 0.644154
vt 0.031870 0.399220
vt 0.018145 0.409835
vt 0.535614 0.882828
vt 0.020753 0.440535
vt 0.413776 0.799907
vt 0.393586 0.799592
vt 0.036900 0.445776
vt 0.672053 0.209540
vt 0.677676 0.749755
vt 0.656903 0.748603
vt 0.672756 0.735992
vt 0.058425 0.975619
vt 0.080495 0.823766
vt 0.246665 0.073998
vt 0.967215 0.508354
vt 0.397481 0.803106
vt 0.664698 0.774277
vt 0.659895 0.757554
vt 0.675053 0.764014
vt 0.598078 0.857512
vt 0.221160 0.805571
vt 0.219741 0.815603
vt 0.203474 0.807624
vt 0.200192 0.825451
vt 0.671509 0.198185
vt 0.669920 0.210118
vt 0.665906 0.197970
vt 0.665107 0.191419
vt 0.662632 0.195468
vt 0.096399 0.919298
vt 0.589989 0.844269
vt 0.073171 0.961192
vt 0.969017 0.967804
vt 0.980705 0.953710
vt 0.978227 0.972199
vt 0.349955 0.115111
vt 0.357614 0.125279
vt 0.241887 0.077124
vt 0.240346 0.091839
vt 0.084114 0.924285
vt 0.004433 0.717223
vt 0.010865 0.714871
vt 0.576824 0.862256
vt 0.582611 0.864778
vt 0.450975 0.777367
vt 0.897158 0.304729
vt 0.894998 0.285271
vt 0.910743 0.303553
vt 0.972103 0.982122
vt 0.655770 0.210347
vt 0.664013 0.212808
vt 0.606342 0.140251
vt 0.430862 0.800836
vt 0.568604 0.454298
vt 0.109838 0.747235
vt 0.092183 0.772002
vt 0.093705 0.740427
vt 0.241534 0.671204
vt 0.070853 0.947850
vt 0.377869 0.075082
vt 0.402209 0.060950
vt 0.351786 0.099307
vt 0.651054 0.196275
vt 0.233543 0.070314
vt 0.244033 0.057608
vt 0.646105 0.192039
vt 0.305524 0.591977
vt 0.283247 0.600584
vt 0.733320 0.163037
vt 0.735138 0.196350
vt 0.721841 0.179345
vt 0.538310 0.850781
vt 0.544983 0.835677
vt 0.758893 0.134255
vt 0.757554 0.093628
vt 0.773888 0.125417
vt 0.986092 0.828249
vt 0.975323 0.837558
vt 0.978002 0.822570
vt 0.959047 0.828640
vt 0.535991 0.463735
vt 0.451618 0.797276
vt 0.600457 0.814839
vt 0.073308 0.976142
vt 0.463070 0.739495
vt 0.437292 0.239675
vt 0.426312 0.228999
vt 0.439355 0.224627
vt 0.670173 0.226734
vt 0.658600 0.229942
vt 0.250408 0.023705
vt 0.270586 0.027334
vt 0.638938 0.170372
vt 0.665734 0.168771
vt 0.083592 0.945389
vt 0.646910 0.747541
vt 0.886939 0.311414
vt 0.874885 0.289351
vt 0.612673 0.815249
vt 0.374722 0.713942
vt 0.374445 0.708491
vt 0.377919 0.701758
vt 0.194107 0.839446
vt 0.181749 0.830946
vt 0.444421 0.729027
vt 0.773013 0.141484
vt 0.431206 0.723974
vt 0.644403 0.198395
vt 0.305960 0.603586
vt 0.019839 0.751155
vt 0.808260 0.790928
vt 0.813036 0.766645
vt 0.812809 0.805298
vt 0.638726 0.764261
vt 0.869248 0.306904
vt 0.182683 0.845055
vt 0.138065 0.749378
vt 0.127450 0.766193
vt 0.481796 0.743349
vt 0.474324 0.739414
vt 0.236161 0.113805
vt 0.010229 0.392665
vt 0.002669 0.395086
vt 0.003804 0.425720
vt 0.839371 0.355788
vt 0.825783 0.367228
vt 0.829283 0.334921
vt 0.646868 0.740096
vt 0.104533 0.780183
vt 0.615875 0.262507
vt 0.614390 0.271505
vt 0.605774 0.257566
vt 0.605560 0.269664
vt 0.178763 0.815295
vt 0.185608 0.803436
vt 0.450119 0.253057
vt 0.433375 0.257658
vt 0.645493 0.212486
vt 0.634928 0.196827
vt 0.837049 0.789518
vt 0.834446 0.803124
vt 0.004008 0.733380
vt 0.581988 0.826915
vt 0.659414 0.718324
vt 0.773658 0.098533
vt 0.450380 0.274106
vt 0.274622 0.227148
vt 0.260088 0.224561
vt 0.266564 0.222360
vt 0.273654 0.245127
vt 0.264017 0.584423
vt 0.558836 0.479558
vt 0.577898 0.461520
vt 0.395199 0.893544
vt 0.404098 0.871141
vt 0.405633 0.877079
vt 0.610852 0.238893
vt 0.377961 0.696499
vt 0.397599 0.707878
vt 0.388313 0.707631
vt 0.400321 0.713188
vt 0.457703 0.740374
vt 0.441088 0.732253
vt 0.984527 0.251264
vt 0.963626 0.253921
vt 0.975552 0.226002
vt 0.958865 0.227305
vt 0.390184 0.886312
vt 0.442521 0.275248
vt 0.738332 0.092510
vt 0.746682 0.081317
vt 0.265570 0.206416
vt 0.273089 0.203806
vt 0.263920 0.264460
vt 0.252525 0.243530
vt 0.703939 0.984085
vt 0.716477 0.973168
vt 0.725707 0.986469
vt 0.758034 0.152879
vt 0.757245 0.170133
vt 0.041522 0.762194
vt 0.021899 0.770185
vt 0.004928 0.449844
vt 0.810354 0.750479
vt 0.824841 0.760187
vt 0.128525 0.784776
vt 0.429544 0.728263
vt 0.406680 0.243428
vt 0.945869 0.817559
vt 0.945186 0.834350
vt 0.938210 0.830243
vt 0.638172 0.228625
vt 0.632615 0.213196
vt 0.643505 0.236284
vt 0.849375 0.252722
vt 0.846426 0.220179
vt 0.864261 0.241158
vt 0.806802 0.374992
vt 0.800580 0.362747
vt 0.392139 0.899589
vt 0.386475 0.917384
vt 0.380270 0.899217
vt 0.585996 0.809751
vt 0.401603 0.691105
vt 0.165808 0.746895
vt 0.185910 0.758889
vt 0.165738 0.764930
vt 0.177597 0.736766
vt 0.627314 0.193342
vt 0.255317 0.187682
vt 0.274623 0.180310
vt 0.617768 0.781069
vt 0.601549 0.772194
vt 0.617606 0.753329
vt 0.756867 0.194752
vt 0.382236 0.895966
vt 0.879637 0.271987
vt 0.901181 0.268044
vt 0.392584 0.869000
vt 0.655677 0.930644
vt 0.656012 0.946680
vt 0.639238 0.945949
vt 0.651376 0.920253
vt 0.633042 0.919671
vt 0.334609 0.723836
vt 0.327878 0.722773
vt 0.317502 0.711464
vt 0.414820 0.709022
vt 0.498585 0.861345
vt 0.489082 0.877442
vt 0.485335 0.863667
vt 0.871180 0.215522
vt 0.855158 0.211239
vt 0.802025 0.338917
vt 0.091118 0.796542
vt 0.102074 0.796783
vt 0.412064 0.267273
vt 0.407658 0.256465
vt 0.489560 0.783978
vt 0.517323 0.785583
vt 0.504006 0.791993
vt 0.256427 0.207230
vt 0.265339 0.168938
vt 0.906577 0.216438
vt 0.891431 0.231218
vt 0.890306 0.212972
vt 0.343604 0.713467
vt 0.415947 0.699454
vt 0.452314 0.286775
vt 0.436494 0.293412
vt 0.937579 0.806270
vt 0.941490 0.795621
vt 0.409807 0.232249
vt 0.247762 0.222271
vt 0.625496 0.197608
vt 0.871770 0.262182
vt 0.530011 0.081385
vt 0.516707 0.091930
vt 0.510661 0.077321
vt 0.002917 0.755975
vt 0.370893 0.919334
vt 0.374270 0.888225
vt 0.112888 0.814278
vt 0.095936 0.819321
vt 0.104622 0.805308
vt 0.053259 0.836295
vt 0.037332 0.846369
vt 0.035805 0.836062
vt 0.381546 0.680079
vt 0.526890 0.787039
vt 0.515886 0.793233
vt 0.504142 0.783279
vt 0.483841 0.783084
vt 0.488301 0.779803
vt 0.493794 0.756609
vt 0.485286 0.758440
vt 0.504052 0.764213
vt 0.507268 0.760606
vt 0.242862 0.225711
vt 0.244364 0.268261
vt 0.968324 0.258786
vt 0.507451 0.898436
vt 0.490393 0.897872
vt 0.600073 0.798492
vt 0.926278 0.427432
vt 0.909791 0.417294
vt 0.921849 0.401838
vt 0.363874 0.902776
vt 0.599606 0.222451
vt 0.617947 0.219646
vt 0.623833 0.945619
vt 0.907493 0.238569
vt 0.324937 0.694193
vt 0.311556 0.695524
vt 0.870828 0.504718
vt 0.866295 0.517608
vt 0.859692 0.502330
vt 0.413679 0.278527
vt 0.263459 0.439825
vt 0.264236 0.448187
vt 0.245271 0.450509
vt 0.512049 0.757355
vt 0.244037 0.455670
vt 0.242002 0.448884
vt 0.242909 0.446239
vt 0.624736 0.205051
vt 0.230660 0.220807
vt 0.695316 0.939019
vt 0.697696 0.954648
vt 0.681488 0.956127
vt 0.365371 0.896239
vt 0.380549 0.871106
vt 0.516929 0.760880
vt 0.262046 0.463115
vt 0.247896 0.467855
vt 0.489058 0.753073
vt 0.240007 0.454567
vt 0.241053 0.206721
vt 0.625969 0.468559
vt 0.619676 0.472474
vt 0.616841 0.468993
vt 0.615049 0.448960
vt 0.625706 0.454415
vt 0.596741 0.748575
vt 0.880069 0.230100
vt 0.497099 0.907160
vt 0.790234 0.374526
vt 0.787055 0.368785
vt 0.809117 0.323388
vt 0.820025 0.316653
vt 0.614361 0.202336
vt 0.172547 0.770105
vt 0.195050 0.777742
vt 0.174753 0.781476
vt 0.781900 0.080422
vt 0.525656 0.773501
vt 0.499009 0.747371
vt 0.487290 0.749243
vt 0.626716 0.488631
vt 0.620189 0.488738
vt 0.238060 0.221355
vt 0.627609 0.493988
vt 0.626083 0.500273
vt 0.599738 0.467354
vt 0.880401 0.250494
vt 0.603294 0.682658
vt 0.620031 0.683660
vt 0.605096 0.701659
vt 0.533688 0.107528
vt 0.688324 0.263520
vt 0.712391 0.257983
vt 0.702844 0.277245
vt 0.384544 0.662388
vt 0.415235 0.677623
vt 0.533456 0.794687
vt 0.535389 0.792271
vt 0.408711 0.268525
vt 0.262734 0.475513
vt 0.251419 0.486038
vt 0.441606 0.219141
vt 0.456851 0.219789
vt 0.452545 0.223149
vt 0.243763 0.470191
vt 0.233667 0.255652
vt 0.790361 0.357028
vt 0.051358 0.861171
vt 0.310758 0.684093
vt 0.209509 0.746954
vt 0.207594 0.725429
vt 0.214926 0.726143
vt 0.417849 0.293680
vt 0.466639 0.221451
vt 0.463499 0.246135
vt 0.490233 0.737831
vt 0.229554 0.226535
vt 0.563764 0.001652
vt 0.585647 0.003327
vt 0.568223 0.015327
vt 0.667750 0.965311
vt 0.665304 0.947251
vt 0.586179 0.793956
vt 0.600995 0.728931
vt 0.625783 0.722135
vt 0.903414 0.394863
vt 0.274611 0.756197
vt 0.273338 0.765544
vt 0.257786 0.764157
vt 0.070613 0.836671
vt 0.069376 0.851205
vt 0.349796 0.706213
vt 0.472037 0.246542
vt 0.494393 0.741002
vt 0.502635 0.744168
vt 0.509587 0.747879
vt 0.441872 0.208439
vt 0.232608 0.463444
vt 0.230052 0.455923
vt 0.599603 0.470937
vt 0.611009 0.505282
vt 0.244445 0.164381
vt 0.519406 0.875640
vt 0.616108 0.734805
vt 0.602979 0.740483
vt 0.899018 0.430716
vt 0.114598 0.831187
vt 0.951314 0.391160
vt 0.954311 0.410569
vt 0.933211 0.404636
vt 0.727191 0.247685
vt 0.743349 0.246160
vt 0.738829 0.254978
vt 0.407699 0.283870
vt 0.266219 0.488271
vt 0.435570 0.209792
vt 0.432511 0.201963
vt 0.448677 0.210296
vt 0.247008 0.488732
vt 0.242674 0.478915
vt 0.499369 0.737144
vt 0.501468 0.739107
vt 0.600219 0.489457
vt 0.236234 0.182182
vt 0.582425 0.763607
vt 0.360323 0.887432
vt 0.112375 0.846754
vt 0.715178 0.263791
vt 0.934997 0.387237
vt 0.917415 0.216908
vt 0.919092 0.232047
vt 0.324471 0.672350
vt 0.472966 0.221462
vt 0.434824 0.199520
vt 0.440303 0.204057
vt 0.472362 0.216454
vt 0.441644 0.199831
vt 0.462629 0.208648
vt 0.233100 0.469900
vt 0.226328 0.462061
vt 0.491912 0.735549
vt 0.598258 0.473805
vt 0.609599 0.490531
vt 0.591724 0.020944
vt 0.469284 0.618194
vt 0.455510 0.637556
vt 0.451388 0.626606
vt 0.511340 0.112055
vt 0.096926 0.852587
vt 0.870626 0.023209
vt 0.882456 0.021908
vt 0.883052 0.037911
vt 0.195047 0.201615
vt 0.195980 0.187003
vt 0.199746 0.201629
vt 0.922770 0.387613
vt 0.926845 0.382170
vt 0.412588 0.659272
vt 0.532291 0.071919
vt 0.522995 0.057564
vt 0.537498 0.048025
vt 0.548431 0.070960
vt 0.756133 0.695162
vt 0.757455 0.685036
vt 0.769297 0.681710
vt 0.399708 0.285995
vt 0.397549 0.281614
vt 0.451800 0.204548
vt 0.453994 0.208407
vt 0.474504 0.218890
vt 0.227149 0.472271
vt 0.430028 0.196157
vt 0.445277 0.197071
vt 0.231310 0.213043
vt 0.477908 0.642114
vt 0.484700 0.618719
vt 0.804807 0.443901
vt 0.804176 0.461298
vt 0.797679 0.446151
vt 0.894293 0.405378
vt 0.869241 0.018267
vt 0.880491 0.015589
vt 0.359508 0.880464
vt 0.368144 0.871677
vt 0.217660 0.754248
vt 0.235787 0.757014
vt 0.224459 0.766094
vt 0.925215 0.395679
vt 0.182501 0.174990
vt 0.183672 0.188702
vt 0.173903 0.173193
vt 0.344283 0.685707
vt 0.408875 0.289831
vt 0.261646 0.496114
vt 0.457329 0.200119
vt 0.235071 0.480076
vt 0.460299 0.196531
vt 0.894192 0.421355
vt 0.358126 0.694888
vt 0.462200 0.204422
vt 0.113910 0.681817
vt 0.118412 0.676238
vt 0.116671 0.687170
vt 0.243793 0.492468
vt 0.228571 0.483386
vt 0.917143 0.456987
vt 0.918473 0.462598
vt 0.904928 0.462336
vt 0.600739 0.441569
vt 0.809216 0.493358
vt 0.823280 0.474465
vt 0.448075 0.632067
vt 0.952155 0.425795
vt 0.737573 0.270495
vt 0.159461 0.170571
vt 0.172750 0.160268
vt 0.632026 0.830160
vt 0.633272 0.817191
vt 0.640853 0.828024
vt 0.095148 0.675959
vt 0.113885 0.696638
vt 0.088557 0.691734
vt 0.648204 0.969705
vt 0.648763 0.978536
vt 0.645095 0.972456
vt 0.234582 0.491804
vt 0.901589 0.457022
vt 0.911775 0.452571
vt 0.090601 0.606870
vt 0.086495 0.618080
vt 0.085123 0.606717
vt 0.081178 0.611403
vt 0.919551 0.465850
vt 0.913928 0.467732
vt 0.586837 0.488534
vt 0.592049 0.030805
vt 0.636193 0.696029
vt 0.523987 0.904275
vt 0.722298 0.286460
vt 0.182060 0.164638
vt 0.339372 0.667616
vt 0.775045 0.655969
vt 0.788789 0.657493
vt 0.689713 0.042727
vt 0.681511 0.047682
vt 0.684522 0.036998
vt 0.472856 0.202863
vt 0.126822 0.678609
vt 0.120098 0.693298
vt 0.471449 0.198032
vt 0.208178 0.466199
vt 0.423139 0.184779
vt 0.438340 0.175978
vt 0.186047 0.471105
vt 0.188066 0.467677
vt 0.191259 0.471520
vt 0.190379 0.481319
vt 0.892002 0.451811
vt 0.185748 0.477140
vt 0.894366 0.468257
vt 0.538363 0.686827
vt 0.523911 0.688547
vt 0.525947 0.683843
vt 0.587402 0.473022
vt 0.588168 0.491850
vt 0.538626 0.670764
vt 0.161201 0.875233
vt 0.140412 0.869868
vt 0.157031 0.846561
vt 0.244049 0.783061
vt 0.873543 0.051156
vt 0.888359 0.052302
vt 0.857195 0.500564
vt 0.853968 0.518080
vt 0.828839 0.506768
vt 0.626073 0.799671
vt 0.643714 0.803382
vt 0.195396 0.169845
vt 0.346245 0.671897
vt 0.680631 0.054920
vt 0.682115 0.034861
vt 0.671390 0.039321
vt 0.657467 0.972941
vt 0.654718 0.981728
vt 0.645319 0.985841
vt 0.231223 0.490693
vt 0.427561 0.175064
vt 0.890485 0.461720
vt 0.080841 0.626394
vt 0.077275 0.618131
vt 0.075029 0.608432
vt 0.535310 0.706337
vt 0.532444 0.724631
vt 0.521207 0.724745
vt 0.587411 0.442707
vt 0.567759 0.034696
vt 0.690450 0.975640
vt 0.676042 0.979527
vt 0.717275 0.910847
vt 0.731857 0.913507
vt 0.729609 0.926843
vt 0.737450 0.917465
vt 0.936310 0.423471
vt 0.187608 0.168531
vt 0.179722 0.160474
vt 0.559071 0.047807
vt 0.128729 0.691465
vt 0.650558 0.984767
vt 0.215757 0.483693
vt 0.465149 0.182503
vt 0.889494 0.456254
vt 0.089863 0.620109
vt 0.083187 0.639276
vt 0.905456 0.474771
vt 0.530904 0.701825
vt 0.523962 0.701357
vt 0.593473 0.512369
vt 0.711414 0.927781
vt 0.960466 0.890451
vt 0.968226 0.907175
vt 0.951918 0.909348
vt 0.823947 0.495025
vt 0.580528 0.880111
vt 0.594023 0.877546
vt 0.591572 0.900161
vt 0.832302 0.447261
vt 0.901198 0.012525
vt 0.866495 0.531415
vt 0.866918 0.554279
vt 0.858572 0.554947
vt 0.745051 0.431993
vt 0.743613 0.439784
vt 0.730214 0.433344
vt 0.735379 0.447891
vt 0.130938 0.682930
vt 0.729874 0.442147
vt 0.933875 0.192122
vt 0.926873 0.187010
vt 0.939569 0.186321
vt 0.474045 0.188280
vt 0.201341 0.479544
vt 0.200171 0.468488
vt 0.917746 0.449975
vt 0.905689 0.443284
vt 0.916345 0.441856
vt 0.880218 0.568221
vt 0.873956 0.561924
vt 0.887738 0.561677
vt 0.871361 0.558256
vt 0.885170 0.556694
vt 0.069270 0.621060
vt 0.579578 0.469667
vt 0.664123 0.976764
vt 0.579432 0.903713
vt 0.587471 0.920224
vt 0.816291 0.445063
vt 0.200385 0.925347
vt 0.205382 0.924764
vt 0.206075 0.931301
vt 0.200054 0.939749
vt 0.192391 0.933513
vt 0.224333 0.781550
vt 0.634333 0.785208
vt 0.330587 0.657202
vt 0.655206 0.811908
vt 0.796446 0.647732
vt 0.531578 0.026815
vt 0.091691 0.707767
vt 0.088475 0.707378
vt 0.112282 0.708784
vt 0.129050 0.705015
vt 0.185683 0.297892
vt 0.186033 0.307059
vt 0.182876 0.303205
vt 0.209973 0.479827
vt 0.453679 0.177967
vt 0.431218 0.173684
vt 0.891024 0.441021
vt 0.917331 0.480137
vt 0.892175 0.477546
vt 0.131662 0.850121
vt 0.192319 0.919123
vt 0.525771 0.132798
vt 0.507121 0.126661
vt 0.670978 0.923422
vt 0.677621 0.898748
vt 0.691772 0.928577
vt 0.148384 0.505907
vt 0.158504 0.495956
vt 0.158607 0.508582
vt 0.184963 0.937673
vt 0.892715 0.005523
vt 0.880555 0.015605
vt 0.206359 0.946441
vt 0.200494 0.947130
vt 0.150865 0.489129
vt 0.161916 0.485046
vt 0.163638 0.492941
vt 0.192809 0.948743
vt 0.551159 0.120724
vt 0.717053 0.893522
vt 0.707459 0.902946
vt 0.698411 0.897454
vt 0.696580 0.891211
vt 0.701159 0.883515
vt 0.039366 0.876476
vt 0.064477 0.879850
vt 0.892295 0.496105
vt 0.911021 0.499431
vt 0.893375 0.510903
vt 0.736653 0.292317
vt 0.077304 0.864294
vt 0.203263 0.171786
vt 0.194422 0.161159
vt 0.181855 0.153579
vt 0.354012 0.672868
vt 0.081613 0.711820
vt 0.119139 0.711998
vt 0.721216 0.446860
vt 0.724827 0.438701
vt 0.721973 0.441422
vt 0.204646 0.468556
vt 0.435885 0.172684
vt 0.203665 0.471355
vt 0.907449 0.439712
vt 0.915621 0.438361
vt 0.942005 0.152035
vt 0.924639 0.147237
vt 0.942886 0.148103
vt 0.076675 0.639166
vt 0.876891 0.548839
vt 0.912568 0.482721
vt 0.901568 0.482593
vt 0.506153 0.705186
vt 0.937947 0.903223
vt 0.144314 0.833486
vt 0.152780 0.518824
vt 0.162828 0.523349
vt 0.201204 0.911939
vt 0.206123 0.917234
vt 0.181322 0.922827
vt 0.069624 0.100176
vt 0.069806 0.084058
vt 0.085301 0.102381
vt 0.091965 0.087523
vt 0.345996 0.660799
vt 0.906359 0.692697
vt 0.913052 0.700543
vt 0.902834 0.700895
vt 0.132194 0.702850
vt 0.135825 0.685852
vt 0.122073 0.715673
vt 0.922124 0.194347
vt 0.929589 0.195822
vt 0.935104 0.173013
vt 0.205919 0.479605
vt 0.903864 0.436980
vt 0.891406 0.437264
vt 0.879569 0.572524
vt 0.892431 0.580826
vt 0.881788 0.584002
vt 0.893727 0.568794
vt 0.905853 0.488167
vt 0.513079 0.701919
vt 0.188381 0.912147
vt 0.448925 0.661834
vt 0.179680 0.946168
vt 0.903919 0.016483
vt 0.173642 0.087727
vt 0.178715 0.090898
vt 0.168369 0.088857
vt 0.625371 0.069591
vt 0.635897 0.054261
vt 0.633913 0.071004
vt 0.620056 0.067874
vt 0.624434 0.052740
vt 0.700405 0.872329
vt 0.711250 0.858568
vt 0.721854 0.875548
vt 0.202118 0.163395
vt 0.168218 0.145373
vt 0.627331 0.009992
vt 0.640244 0.009912
vt 0.633784 0.017077
vt 0.557865 0.036288
vt 0.134706 0.698961
vt 0.942472 0.164094
vt 0.937045 0.160243
vt 0.944377 0.160404
vt 0.924244 0.153064
vt 0.957127 0.209677
vt 0.951293 0.212504
vt 0.953399 0.203524
vt 0.123451 0.292474
vt 0.126238 0.302827
vt 0.096755 0.309081
vt 0.092704 0.300803
vt 0.580260 0.473431
vt 0.838429 0.469888
vt 0.604136 0.918924
vt 0.642754 0.716823
vt 0.641640 0.740018
vt 0.173466 0.935000
vt 0.143596 0.501188
vt 0.693138 0.901699
vt 0.143250 0.488587
vt 0.147605 0.479156
vt 0.249628 0.797027
vt 0.258105 0.785905
vt 0.643632 0.071299
vt 0.181014 0.106241
vt 0.171933 0.105574
vt 0.545690 0.142715
vt 0.561802 0.135605
vt 0.907975 0.522473
vt 0.830392 0.525292
vt 0.570576 0.101731
vt 0.560794 0.089887
vt 0.584145 0.077986
vt 0.923343 0.695850
vt 0.573840 0.065165
vt 0.096585 0.719540
vt 0.679058 0.065304
vt 0.660239 0.057869
vt 0.734464 0.455993
vt 0.724717 0.455366
vt 0.173957 0.323637
vt 0.931169 0.166110
vt 0.943135 0.167633
vt 0.883681 0.586823
vt 0.895928 0.584417
vt 0.896137 0.558992
vt 0.067474 0.637650
vt 0.890304 0.544760
vt 0.948418 0.223260
vt 0.960143 0.213654
vt 0.891990 0.488563
vt 0.898695 0.490565
vt 0.100602 0.316376
vt 0.118082 0.290542
vt 0.504176 0.684074
vt 0.952603 0.876774
vt 0.957588 0.763953
vt 0.977200 0.760894
vt 0.965313 0.784499
vt 0.156395 0.532256
vt 0.148687 0.527797
vt 0.981692 0.535762
vt 0.971685 0.534192
vt 0.980645 0.525803
vt 0.142423 0.513548
vt 0.302670 0.037955
vt 0.307555 0.024811
vt 0.311017 0.032388
vt 0.171633 0.946213
vt 0.637273 0.039081
vt 0.627733 0.036651
vt 0.657552 0.789032
vt 0.177848 0.141464
vt 0.642512 0.016537
vt 0.909772 0.708164
vt 0.914844 0.711631
vt 0.769430 0.639497
vt 0.782767 0.642338
vt 0.757635 0.643513
vt 0.718434 0.457910
vt 0.716746 0.449182
vt 0.915728 0.173902
vt 0.220052 0.322714
vt 0.222175 0.328250
vt 0.216305 0.323551
vt 0.083262 0.649337
vt 0.078231 0.654801
vt 0.074303 0.651801
vt 0.066493 0.629180
vt 0.881121 0.541243
vt 0.888183 0.483895
vt 0.944352 0.213982
vt 0.129248 0.307614
vt 0.030791 0.856698
vt 0.028993 0.860867
vt 0.020641 0.858849
vt 0.103243 0.322541
vt 0.030322 0.885594
vt 0.023537 0.887034
vt 0.502916 0.687031
vt 0.134939 0.472375
vt 0.142255 0.454394
vt 0.152781 0.453321
vt 0.109017 0.473679
vt 0.086500 0.475411
vt 0.096427 0.454608
vt 0.159204 0.467919
vt 0.941415 0.882485
vt 0.855442 0.863882
vt 0.846946 0.890649
vt 0.845528 0.866310
vt 0.732776 0.940621
vt 0.720130 0.943375
vt 0.612037 0.889253
vt 0.171221 0.921085
vt 0.235383 0.803878
vt 0.903501 0.032120
vt 0.648424 0.052827
vt 0.651304 0.070277
vt 0.901066 0.051000
vt 0.177114 0.128341
vt 0.171146 0.120449
vt 0.597611 0.098268
vt 0.587393 0.113689
vt 0.853346 0.533261
vt 0.624321 0.017668
vt 0.629366 0.023542
vt 0.624056 0.020766
vt 0.200751 0.150705
vt 0.091689 0.726513
vt 0.658199 0.066879
vt 0.739185 0.466173
vt 0.172785 0.330858
vt 0.503706 0.700826
vt 0.103243 0.051621
vt 0.101490 0.050368
vt 0.103243 0.047590
vt 0.979108 0.544571
vt 0.986594 0.529734
vt 0.306947 0.050003
vt 0.310190 0.039697
vt 0.173467 0.910630
vt 0.478044 0.662023
vt 0.691239 0.887091
vt 0.185551 0.090920
vt 0.857613 0.821480
vt 0.847057 0.833962
vt 0.850345 0.815193
vt 0.186797 0.120442
vt 0.171496 0.131428
vt 0.643167 0.021623
vt 0.647682 0.780715
vt 0.175787 0.137820
vt 0.652112 0.012066
vt 0.651606 0.005938
vt 0.084469 0.070150
vt 0.096068 0.073556
vt 0.203106 0.156874
vt 0.815260 0.518172
vt 0.813529 0.507634
vt 0.117925 0.722297
vt 0.129606 0.710208
vt 0.916652 0.185219
vt 0.190627 0.334320
vt 0.178113 0.332795
vt 0.897310 0.580175
vt 0.198471 0.314826
vt 0.920252 0.160900
vt 0.897983 0.571758
vt 0.210868 0.326653
vt 0.227635 0.327609
vt 0.221638 0.336530
vt 0.064778 0.646733
vt 0.971959 0.357015
vt 0.958857 0.353838
vt 0.966420 0.351228
vt 0.009866 0.863648
vt 0.133768 0.317950
vt 0.108532 0.328909
vt 0.104937 0.329613
vt 0.027744 0.890258
vt 0.012077 0.890661
vt 0.114347 0.471763
vt 0.112125 0.454540
vt 0.704409 0.934953
vt 0.614653 0.899208
vt 0.293051 0.033870
vt 0.802067 0.122248
vt 0.808504 0.150737
vt 0.798542 0.150582
vt 0.293810 0.015020
vt 0.306732 0.010705
vt 0.299601 0.005595
vt 0.166841 0.942359
vt 0.192333 0.105647
vt 0.647122 0.037538
vt 0.188739 0.134348
vt 0.192930 0.139767
vt 0.665569 0.800449
vt 0.925855 0.705107
vt 0.170170 0.319594
vt 0.164129 0.326765
vt 0.167468 0.319882
vt 0.724792 0.462005
vt 0.918923 0.166817
vt 0.899689 0.581076
vt 0.811008 0.015042
vt 0.816267 0.010610
vt 0.813346 0.017024
vt 0.897355 0.545247
vt 0.897840 0.551423
vt 0.949178 0.228320
vt 0.938030 0.228553
vt 0.889262 0.536190
vt 0.879412 0.536772
vt 0.938787 0.203870
vt 0.941925 0.202150
vt 0.081588 0.304866
vt 0.131216 0.469763
vt 0.131403 0.451788
vt 0.848836 0.122048
vt 0.851355 0.122693
vt 0.847397 0.123751
vt 0.858521 0.012353
vt 0.849483 0.031533
vt 0.841769 0.009832
vt 0.161074 0.536584
vt 0.156077 0.541130
vt 0.312150 0.054672
vt 0.301369 0.059971
vt 0.992855 0.280649
vt 0.986635 0.289968
vt 0.985166 0.276260
vt 0.168080 0.910434
vt 0.163915 0.059816
vt 0.163330 0.052243
vt 0.167270 0.045798
vt 0.845581 0.856476
vt 0.843688 0.852906
vt 0.855349 0.850942
vt 0.854435 0.848664
vt 0.192650 0.089127
vt 0.920755 0.493858
vt 0.931246 0.497280
vt 0.651007 0.023734
vt 0.652313 0.018108
vt 0.098971 0.067847
vt 0.098613 0.727623
vt 0.674161 0.075114
vt 0.166587 0.331226
vt 0.733201 0.467843
vt 0.809603 0.018953
vt 0.201835 0.322021
vt 0.196171 0.331666
vt 0.813161 0.009190
vt 0.206547 0.320453
vt 0.908266 0.151261
vt 0.916403 0.256757
vt 0.915983 0.252057
vt 0.919642 0.257070
vt 0.217735 0.338793
vt 0.219819 0.991736
vt 0.207953 0.984012
vt 0.219401 0.986530
vt 0.206843 0.976183
vt 0.928955 0.219077
vt 0.028067 0.845534
vt 0.110251 0.337172
vt 0.532400 0.492063
vt 0.544288 0.512438
vt 0.538412 0.507430
vt 0.136614 0.446012
vt 0.952773 0.777832
vt 0.613662 0.872688
vt 0.832867 0.884422
vt 0.119070 0.832975
vt 0.126912 0.829368
vt 0.311909 0.058579
vt 0.310421 0.065187
vt 0.289699 0.047343
vt 0.848522 0.916714
vt 0.835707 0.914815
vt 0.507223 0.137788
vt 0.510787 0.147985
vt 0.912555 0.344723
vt 0.906407 0.360889
vt 0.902961 0.336563
vt 0.173665 0.054023
vt 0.910052 0.382410
vt 0.893979 0.371953
vt 0.654408 0.054796
vt 0.557358 0.150641
vt 0.925232 0.515210
vt 0.652563 0.040372
vt 0.844433 0.549896
vt 0.930538 0.709206
vt 0.920713 0.717905
vt 0.203237 0.140782
vt 0.677674 0.085431
vt 0.917540 0.280483
vt 0.919746 0.279120
vt 0.919208 0.289575
vt 0.719984 0.468055
vt 0.808500 0.013913
vt 0.915138 0.274459
vt 0.918749 0.273746
vt 0.812460 0.023256
vt 0.805402 0.020122
vt 0.914551 0.272411
vt 0.916872 0.271500
vt 0.919039 0.267073
vt 0.922002 0.269077
vt 0.816044 0.020595
vt 0.080500 0.662961
vt 0.209380 0.989769
vt 0.137230 0.325747
vt 0.839626 0.131481
vt 0.840595 0.125261
vt 0.851299 0.134496
vt 0.498221 0.731150
vt 0.494098 0.707805
vt 0.860353 0.030874
vt 0.841122 0.032961
vt 0.993659 0.271598
vt 0.295679 0.053934
vt 0.977259 0.277682
vt 0.119841 0.870613
vt 0.171521 0.070480
vt 0.287713 0.025595
vt 0.163799 0.036309
vt 0.176895 0.036107
vt 0.294376 0.001863
vt 0.197941 0.095809
vt 0.742087 0.303432
vt 0.740132 0.309276
vt 0.108950 0.102153
vt 0.093789 0.115077
vt 0.090667 0.063893
vt 0.102044 0.055787
vt 0.927655 0.718466
vt 0.672194 0.809134
vt 0.661750 0.818589
vt 0.158844 0.333769
vt 0.154948 0.324462
vt 0.150968 0.331130
vt 0.152298 0.333844
vt 0.915640 0.284421
vt 0.922609 0.284842
vt 0.725572 0.468509
vt 0.923351 0.273172
vt 0.706345 0.468752
vt 0.968892 0.284075
vt 0.967828 0.288030
vt 0.968050 0.279530
vt 0.803153 0.019771
vt 0.801971 0.014138
vt 0.812896 0.005186
vt 0.917014 0.261696
vt 0.907890 0.148092
vt 0.921606 0.252676
vt 0.918696 0.248942
vt 0.076358 0.668882
vt 0.939328 0.237237
vt 0.925934 0.215655
vt 0.929027 0.206273
vt 0.933003 0.202940
vt 0.146797 0.305553
vt 0.139694 0.292397
vt 0.013820 0.842496
vt 0.002702 0.860088
vt 0.004038 0.890411
vt 0.109912 0.340660
vt 0.059757 0.138882
vt 0.056883 0.141559
vt 0.056077 0.139556
vt 0.845844 0.138261
vt 0.497809 0.674218
vt 0.498801 0.662577
vt 0.161722 0.453582
vt 0.833320 0.034649
vt 0.830542 0.021414
vt 0.984982 0.552890
vt 0.976363 0.550373
vt 0.795766 0.105067
vt 0.821517 0.098226
vt 0.617174 0.914480
vt 0.978871 0.290298
vt 0.821010 0.145139
vt 0.173747 0.016342
vt 0.198653 0.116316
vt 0.932919 0.736980
vt 0.927616 0.725308
vt 0.936842 0.734755
vt 0.826469 0.545526
vt 0.592615 0.063731
vt 0.202381 0.134968
vt 0.930415 0.720543
vt 0.009510 0.796663
vt 0.018580 0.783154
vt 0.022298 0.800789
vt 0.550396 0.018534
vt 0.112861 0.731566
vt 0.919784 0.293885
vt 0.915279 0.293714
vt 0.737727 0.475938
vt 0.173334 0.335610
vt 0.166931 0.336427
vt 0.182515 0.335117
vt 0.964388 0.276366
vt 0.967719 0.276709
vt 0.807845 0.005032
vt 0.966371 0.272924
vt 0.904961 0.158274
vt 0.968889 0.267763
vt 0.965772 0.266341
vt 0.925788 0.262221
vt 0.220437 0.340705
vt 0.072241 0.668598
vt 0.208233 0.971039
vt 0.201912 0.968511
vt 0.204524 0.966245
vt 0.077657 0.337252
vt 0.835950 0.128194
vt 0.841649 0.136027
vt 0.492570 0.727491
vt 0.720399 0.953171
vt 0.724395 0.954276
vt 0.830140 0.029890
vt 0.988535 0.265636
vt 0.825841 0.907659
vt 0.179006 0.065965
vt 0.473017 0.673429
vt 0.531459 0.151666
vt 0.431918 0.673050
vt 0.436108 0.663323
vt 0.939748 0.497612
vt 0.837503 0.816602
vt 0.729857 0.860364
vt 0.821193 0.534270
vt 0.673057 0.804568
vt 0.013292 0.001410
vt 0.014749 0.002406
vt 0.011671 0.002972
vt 0.656229 0.081210
vt 0.655529 0.077095
vt 0.965810 0.297246
vt 0.965239 0.293795
vt 0.924035 0.293445
vt 0.162209 0.335618
vt 0.728467 0.471900
vt 0.963270 0.288050
vt 0.925985 0.282656
vt 0.172915 0.341062
vt 0.168506 0.338757
vt 0.199963 0.333570
vt 0.179846 0.340062
vt 0.169812 0.340893
vt 0.905058 0.163116
vt 0.804716 0.003942
vt 0.963557 0.271125
vt 0.205461 0.334601
vt 0.174116 0.341809
vt 0.926159 0.267594
vt 0.925823 0.265303
vt 0.917161 0.245240
vt 0.921548 0.245298
vt 0.209520 0.336825
vt 0.922664 0.250036
vt 0.923030 0.256256
vt 0.931575 0.241648
vt 0.942266 0.247270
vt 0.933706 0.250810
vt 0.225215 0.342127
vt 0.232666 0.336933
vt 0.199834 0.974186
vt 0.137403 0.333997
vt 0.113289 0.341885
vt 0.541898 0.514887
vt 0.128734 0.435346
vt 0.117559 0.433951
vt 0.836350 0.133340
vt 0.850304 0.140085
vt 0.155868 0.448033
vt 0.161094 0.449855
vt 0.860429 0.035135
vt 0.849931 0.036719
vt 0.311184 0.071280
vt 0.295435 0.067437
vt 0.179630 0.045677
vt 0.200344 0.088083
vt 0.199211 0.086487
vt 0.169498 0.004250
vt 0.175068 0.003830
vt 0.851974 0.543338
vt 0.914978 0.533788
vt 0.906265 0.539354
vt 0.527637 0.003272
vt 0.537007 0.004094
vt 0.121405 0.041631
vt 0.116118 0.035416
vt 0.119338 0.035232
vt 0.673483 0.088365
vt 0.145473 0.334030
vt 0.970428 0.428639
vt 0.969215 0.429995
vt 0.968994 0.425380
vt 0.925279 0.289828
vt 0.471791 0.769599
vt 0.465627 0.767235
vt 0.474105 0.766249
vt 0.468478 0.762654
vt 0.472728 0.772124
vt 0.468770 0.771509
vt 0.963151 0.918100
vt 0.965291 0.916431
vt 0.972126 0.917017
vt 0.992330 0.826267
vt 0.991110 0.821119
vt 0.995497 0.829139
vt 0.464027 0.774315
vt 0.455949 0.776241
vt 0.457935 0.769509
vt 0.969503 0.912721
vt 0.992224 0.805856
vt 0.995557 0.805110
vt 0.993197 0.808597
vt 0.806469 0.001510
vt 0.801597 0.005083
vt 0.967189 0.261694
vt 0.931663 0.749321
vt 0.933892 0.746766
vt 0.937530 0.751222
vt 0.990407 0.823991
vt 0.991151 0.813196
vt 0.934622 0.738510
vt 0.937047 0.738855
vt 0.776647 0.694863
vt 0.775214 0.682780
vt 0.779638 0.690178
vt 0.928272 0.236272
vt 0.926544 0.225925
vt 0.969645 0.372487
vt 0.964927 0.375154
vt 0.960099 0.371594
vt 0.959279 0.374280
vt 0.952525 0.371560
vt 0.954925 0.363959
vt 0.970127 0.376682
vt 0.133835 0.002794
vt 0.133265 0.016112
vt 0.132478 0.009501
vt 0.352171 0.005477
vt 0.356894 0.024414
vt 0.349463 0.005851
vt 0.607406 0.009764
vt 0.613510 0.050633
vt 0.607162 0.033756
vt 0.358127 0.051626
vt 0.354524 0.066425
vt 0.610053 0.079519
vt 0.387826 0.038194
vt 0.388501 0.033696
vt 0.433154 0.033106
vt 0.431186 0.030395
vt 0.360819 0.034563
vt 0.425562 0.449606
vt 0.485245 0.451923
vt 0.437024 0.454730
vt 0.435275 0.460270
vt 0.467795 0.458466
vt 0.745745 0.662500
vt 0.753123 0.613033
vt 0.752198 0.661351
vt 0.751488 0.607784
vt 0.743689 0.659918
vt 0.746996 0.607188
vt 0.329461 0.509884
vt 0.328476 0.566719
vt 0.325445 0.514338
vt 0.319823 0.545182
vt 0.320581 0.517365
vt 0.324257 0.572501
vt 0.322619 0.580097
vt 0.506374 0.582794
vt 0.509821 0.545334
vt 0.509257 0.591695
vt 0.452171 0.578722
vt 0.453534 0.556231
vt 0.457156 0.567732
vt 0.505682 0.534241
vt 0.042986 0.682500
vt 0.048760 0.659961
vt 0.051044 0.702744
vt 0.648706 0.454868
vt 0.692528 0.458248
vt 0.636376 0.458499
vt 0.636354 0.464988
vt 0.692226 0.453280
vt 0.681649 0.467395
vt 0.400540 0.609214
vt 0.394073 0.631506
vt 0.390642 0.582846
vt 0.403549 0.623489
vt 0.400000 0.641291
vt 0.408847 0.630830
vt 0.405256 0.642396
vt 0.969068 0.319809
vt 0.950838 0.325636
vt 0.946541 0.319116
vt 0.154442 0.301350
vt 0.158394 0.304787
vt 0.148042 0.301777
vt 0.960983 0.331721
vt 0.947244 0.329425
vt 0.941939 0.318107
vt 0.007493 0.843222
vt 0.151589 0.315531
vt 0.020974 0.835729
vt 0.024015 0.837044
vt 0.494522 0.684025
vt 0.835050 0.118099
vt 0.960160 0.263306
vt 0.957584 0.267486
vt 0.945033 0.265789
vt 0.127907 0.426874
vt 0.124927 0.427131
vt 0.122718 0.418682
vt 0.160514 0.446126
vt 0.162897 0.446315
vt 0.861228 0.039644
vt 0.823522 0.104678
vt 0.262711 0.812722
vt 0.267492 0.802358
vt 0.284437 0.813797
vt 0.180667 0.057727
vt 0.699866 0.502430
vt 0.716789 0.503192
vt 0.706416 0.516521
vt 0.282850 0.010631
vt 0.739039 0.887638
vt 0.108925 0.120902
vt 0.110089 0.062600
vt 0.935718 0.700915
vt 0.667990 0.788783
vt 0.003848 0.938193
vt 0.004302 0.932439
vt 0.019034 0.936813
vt 0.005900 0.914918
vt 0.012069 0.916933
vt 0.123062 0.037717
vt 0.001136 0.913437
vt 0.002344 0.912613
vt 0.969858 0.434058
vt 0.974732 0.434838
vt 0.976134 0.439400
vt 0.961779 0.431440
vt 0.964224 0.432341
vt 0.962695 0.434138
vt 0.720316 0.478227
vt 0.963550 0.912274
vt 0.965657 0.914469
vt 0.962354 0.914148
vt 0.456933 0.778859
vt 0.452887 0.779450
vt 0.126442 0.014582
vt 0.129112 0.018253
vt 0.128903 0.020524
vt 0.930353 0.752597
vt 0.934482 0.762516
vt 0.974711 0.910975
vt 0.987149 0.820576
vt 0.128286 0.011865
vt 0.128379 0.006537
vt 0.126427 0.006773
vt 0.120118 0.010341
vt 0.121088 0.008727
vt 0.122737 0.009191
vt 0.118182 0.009513
vt 0.978546 0.903160
vt 0.984517 0.904639
vt 0.939500 0.744046
vt 0.771206 0.687367
vt 0.773519 0.692759
vt 0.797287 0.670285
vt 0.798510 0.683048
vt 0.791406 0.673761
vt 0.522809 0.735214
vt 0.528723 0.732722
vt 0.529473 0.743803
vt 0.093401 0.023056
vt 0.090187 0.023536
vt 0.090846 0.020875
vt 0.924123 0.209270
vt 0.926010 0.202988
vt 0.103233 0.030973
vt 0.106028 0.026621
vt 0.107668 0.030089
vt 0.612382 0.017040
vt 0.431911 0.044149
vt 0.387005 0.045134
vt 0.407232 0.041437
vt 0.433217 0.444862
vt 0.487269 0.443256
vt 0.482373 0.460507
vt 0.739215 0.661714
vt 0.739924 0.624081
vt 0.334514 0.519185
vt 0.333511 0.570497
vt 0.501783 0.588590
vt 0.502876 0.535508
vt 0.639938 0.450706
vt 0.696985 0.449171
vt 0.408180 0.645756
vt 0.153352 0.323054
vt 0.951178 0.275176
vt 0.953468 0.270063
vt 0.958080 0.275017
vt 0.954343 0.296513
vt 0.956770 0.287892
vt 0.957441 0.293655
vt 0.953072 0.281232
vt 0.957817 0.280170
vt 0.309117 0.805358
vt 0.290127 0.796496
vt 0.837842 0.039401
vt 0.305768 0.074916
vt 0.982109 0.264800
vt 0.287893 0.060147
vt 0.180719 0.076541
vt 0.178849 0.080507
vt 0.827622 0.116258
vt 0.281887 0.042995
vt 0.279247 0.029865
vt 0.829795 0.861010
vt 0.852377 0.336230
vt 0.840789 0.326161
vt 0.847008 0.324741
vt 0.833011 0.834967
vt 0.738275 0.901797
vt 0.112516 0.004008
vt 0.112587 0.020556
vt 0.109152 0.014882
vt 0.202943 0.118942
vt 0.339705 0.156176
vt 0.341663 0.167809
vt 0.336249 0.170592
vt 0.977278 0.656577
vt 0.975762 0.661977
vt 0.968333 0.657233
vt 0.005094 0.961635
vt 0.000945 0.959949
vt 0.003731 0.954299
vt 0.016502 0.927258
vt 0.968106 0.421529
vt 0.965259 0.423219
vt 0.960851 0.428217
vt 0.716912 0.477425
vt 0.705986 0.476706
vt 0.700934 0.473762
vt 0.454153 0.772123
vt 0.991524 0.805564
vt 0.988559 0.802940
vt 0.980852 0.916454
vt 0.976536 0.918776
vt 0.983564 0.806805
vt 0.931907 0.755987
vt 0.983325 0.913303
vt 0.980934 0.811871
vt 0.123199 0.003752
vt 0.121509 0.002449
vt 0.125580 0.005411
vt 0.121516 0.007355
vt 0.078404 0.672964
vt 0.077727 0.674619
vt 0.783577 0.679705
vt 0.795760 0.688873
vt 0.347854 0.003017
vt 0.344202 0.007459
vt 0.530942 0.729177
vt 0.525635 0.730043
vt 0.922348 0.221366
vt 0.349215 0.079608
vt 0.405066 0.025788
vt 0.362047 0.027214
vt 0.442809 0.467602
vt 0.488081 0.464996
vt 0.127609 0.509669
vt 0.124941 0.538709
vt 0.122224 0.491238
vt 0.121067 0.539610
vt 0.459915 0.602425
vt 0.464360 0.588058
vt 0.460110 0.533517
vt 0.463204 0.535484
vt 0.056703 0.675959
vt 0.055234 0.653048
vt 0.676416 0.471784
vt 0.385951 0.588411
vt 0.387390 0.645905
vt 0.975942 0.337206
vt 0.963363 0.339104
vt 0.960994 0.334664
vt 0.946528 0.314084
vt 0.941921 0.313461
vt 0.143149 0.334812
vt 0.533606 0.543550
vt 0.538772 0.544176
vt 0.551026 0.517771
vt 0.810367 0.532453
vt 0.807140 0.530358
vt 0.811965 0.525828
vt 0.128163 0.412484
vt 0.944319 0.285540
vt 0.156083 0.443131
vt 0.851489 0.043862
vt 0.786477 0.459722
vt 0.751828 0.452895
vt 0.783194 0.442721
vt 0.819086 0.091736
vt 0.825040 0.093656
vt 0.177459 0.852984
vt 0.181240 0.854255
vt 0.174037 0.859042
vt 0.571343 0.183493
vt 0.563762 0.167040
vt 0.593293 0.188164
vt 0.338277 0.142278
vt 0.333524 0.142491
vt 0.334275 0.122127
vt 0.830943 0.815477
vt 0.108330 0.021229
vt 0.110010 0.023842
vt 0.110793 0.032164
vt 0.335095 0.156634
vt 0.112718 0.084837
vt 0.341050 0.173937
vt 0.333040 0.175970
vt 0.111113 0.072917
vt 0.341876 0.175770
vt 0.338988 0.192037
vt 0.328001 0.192683
vt 0.339508 0.185283
vt 0.547952 0.006572
vt 0.123056 0.031821
vt 0.125937 0.037244
vt 0.126365 0.028505
vt 0.964447 0.418740
vt 0.653151 0.087634
vt 0.969884 0.443479
vt 0.983863 0.444004
vt 0.975699 0.449062
vt 0.976502 0.435927
vt 0.984734 0.437118
vt 0.981020 0.435205
vt 0.461223 0.762352
vt 0.464568 0.759862
vt 0.454141 0.762905
vt 0.453146 0.767215
vt 0.942230 0.760589
vt 0.052400 0.001953
vt 0.054571 0.000066
vt 0.054541 0.002862
vt 0.987551 0.906268
vt 0.939856 0.748080
vt 0.938301 0.738802
vt 0.073644 0.673686
vt 0.000947 0.035398
vt 0.000947 0.031540
vt 0.002950 0.034324
vt 0.693291 0.083604
vt 0.700646 0.088852
vt 0.695957 0.090294
vt 0.700153 0.093211
vt 0.704189 0.091977
vt 0.702342 0.096241
vt 0.709806 0.096282
vt 0.709048 0.101131
vt 0.940740 0.980896
vt 0.938325 0.962103
vt 0.944005 0.968836
vt 0.010299 0.152827
vt 0.009954 0.136306
vt 0.014685 0.136292
vt 0.008782 0.025101
vt 0.011523 0.035881
vt 0.475961 0.439777
vt 0.735500 0.667107
vt 0.731731 0.615737
vt 0.085913 0.485849
vt 0.088385 0.522499
vt 0.084319 0.517410
vt 0.338209 0.514831
vt 0.337646 0.558437
vt 0.497069 0.564758
vt 0.030641 0.706902
vt 0.027545 0.644701
vt 0.035188 0.676740
vt 0.677553 0.445581
vt 0.688128 0.448783
vt 0.414193 0.595903
vt 0.415267 0.644399
vt 0.163149 0.307602
vt 0.142138 0.426694
vt 0.132623 0.434228
vt 0.112025 0.436128
vt 0.943304 0.281117
vt 0.147718 0.415082
vt 0.170259 0.405646
vt 0.169160 0.423576
vt 0.159627 0.438680
vt 0.856349 0.045227
vt 0.863407 0.042755
vt 0.862681 0.047933
vt 0.843311 0.045778
vt 0.758650 0.461965
vt 0.165711 0.859096
vt 0.170246 0.853250
vt 0.832034 0.099279
vt 0.827383 0.101903
vt 0.283397 0.053271
vt 0.282245 0.049609
vt 0.153274 0.576856
vt 0.139756 0.564115
vt 0.150328 0.556664
vt 0.831270 0.126498
vt 0.894946 0.335219
vt 0.885196 0.352537
vt 0.824122 0.853567
vt 0.116525 0.010197
vt 0.741017 0.872969
vt 0.834850 0.807259
vt 0.310792 0.360965
vt 0.309260 0.354797
vt 0.324075 0.357024
vt 0.964136 0.694093
vt 0.961622 0.682052
vt 0.972967 0.692186
vt 0.326834 0.343799
vt 0.335504 0.356083
vt 0.327931 0.357511
vt 0.323738 0.350998
vt 0.967876 0.411226
vt 0.970837 0.447996
vt 0.730703 0.484104
vt 0.723693 0.481702
vt 0.457990 0.758106
vt 0.942563 0.755401
vt 0.986014 0.922446
vt 0.099413 0.967503
vt 0.095821 0.971577
vt 0.096607 0.964438
vt 0.944847 0.767291
vt 0.090739 0.966393
vt 0.091881 0.963783
vt 0.973363 0.808201
vt 0.099072 0.976600
vt 0.771767 0.694363
vt 0.772328 0.696091
vt 0.086074 0.969039
vt 0.808803 0.645264
vt 0.800840 0.649978
vt 0.798575 0.640196
vt 0.536455 0.728622
vt 0.539921 0.730032
vt 0.715711 0.104298
vt 0.713284 0.108171
vt 0.339546 0.018563
vt 0.730593 0.141637
vt 0.378861 0.020024
vt 0.421111 0.474483
vt 0.487286 0.470778
vt 0.115927 0.524240
vt 0.059484 0.703711
vt 0.063101 0.693708
vt 0.059801 0.650868
vt 0.647979 0.481077
vt 0.673464 0.473999
vt 0.680495 0.478841
vt 0.380190 0.598470
vt 0.946979 0.308151
vt 0.548609 0.550883
vt 0.532964 0.562144
vt 0.945361 0.272229
vt 0.821571 0.866523
vt 0.816387 0.872151
vt 0.831984 0.043411
vt 0.188244 0.855894
vt 0.182769 0.862265
vt 0.194929 0.856764
vt 0.191748 0.864215
vt 0.332145 0.110363
vt 0.325843 0.120094
vt 0.330533 0.137738
vt 0.830911 0.808300
vt 0.975169 0.676305
vt 0.959646 0.670481
vt 0.004205 0.779616
vt 0.017958 0.778254
vt 0.117968 0.026768
vt 0.124057 0.026263
vt 0.114776 0.025943
vt 0.113556 0.032935
vt 0.982811 0.448141
vt 0.987746 0.446106
vt 0.991289 0.442179
vt 0.991426 0.444655
vt 0.987078 0.442171
vt 0.992439 0.439506
vt 0.934783 0.775812
vt 0.937178 0.782973
vt 0.933421 0.780982
vt 0.932608 0.770756
vt 0.937218 0.771040
vt 0.977426 0.814986
vt 0.972720 0.812237
vt 0.770411 0.695024
vt 0.946531 0.851399
vt 0.944795 0.844917
vt 0.952006 0.848471
vt 0.093813 0.977502
vt 0.811100 0.651530
vt 0.801424 0.654816
vt 0.704350 0.081839
vt 0.715790 0.098749
vt 0.477604 0.881842
vt 0.481750 0.884912
vt 0.473847 0.889465
vt 0.719981 0.104976
vt 0.734113 0.139235
vt 0.343548 0.078213
vt 0.005842 0.147391
vt 0.425080 0.019398
vt 0.365252 0.517874
vt 0.371190 0.565728
vt 0.364573 0.567018
vt 0.365758 0.584060
vt 0.421656 0.644123
vt 0.976486 0.306078
vt 0.158604 0.313537
vt 0.277095 0.291126
vt 0.275692 0.296800
vt 0.271175 0.292153
vt 0.942911 0.306049
vt 0.541811 0.565482
vt 0.269094 0.271940
vt 0.257580 0.282732
vt 0.265406 0.272582
vt 0.807573 0.560278
vt 0.810357 0.533459
vt 0.812282 0.554930
vt 0.558921 0.517220
vt 0.141893 0.399020
vt 0.856973 0.051689
vt 0.847531 0.051377
vt 0.836500 0.047802
vt 0.919555 0.733143
vt 0.913615 0.741403
vt 0.911611 0.734051
vt 0.662626 0.432455
vt 0.649615 0.415435
vt 0.676118 0.424561
vt 0.833953 0.112976
vt 0.832081 0.122208
vt 0.169030 0.558843
vt 0.897884 0.735279
vt 0.890447 0.739821
vt 0.884552 0.733587
vt 0.196361 0.858907
vt 0.202402 0.863707
vt 0.830947 0.141204
vt 0.880023 0.743177
vt 0.876865 0.735944
vt 0.686683 0.822116
vt 0.692486 0.831763
vt 0.678926 0.827847
vt 0.584782 0.153437
vt 0.660511 0.833212
vt 0.652089 0.840170
vt 0.650307 0.832348
vt 0.847990 0.554216
vt 0.837043 0.553917
vt 0.594746 0.384062
vt 0.599898 0.399029
vt 0.593920 0.400316
vt 0.070409 0.006090
vt 0.085768 0.022299
vt 0.066736 0.019903
vt 0.353916 0.352665
vt 0.349527 0.360986
vt 0.077089 0.041703
vt 0.855717 0.266384
vt 0.837929 0.268072
vt 0.848711 0.264679
vt 0.025850 0.934631
vt 0.813102 0.266474
vt 0.814712 0.273462
vt 0.808764 0.268236
vt 0.015595 0.916788
vt 0.500073 0.798230
vt 0.484219 0.809897
vt 0.483368 0.799579
vt 0.012226 0.913397
vt 0.095058 0.122818
vt 0.095332 0.125994
vt 0.091119 0.123130
vt 0.990649 0.436331
vt 0.093961 0.129867
vt 0.088809 0.132552
vt 0.481696 0.816476
vt 0.479473 0.798813
vt 0.477418 0.797801
vt 0.472045 0.806822
vt 0.095678 0.135649
vt 0.091806 0.134821
vt 0.940634 0.868585
vt 0.941657 0.864130
vt 0.942038 0.868090
vt 0.945848 0.865525
vt 0.942017 0.868716
vt 0.945908 0.862294
vt 0.078211 0.062691
vt 0.081730 0.065209
vt 0.079501 0.067845
vt 0.945863 0.860031
vt 0.935884 0.784661
vt 0.796950 0.625045
vt 0.800348 0.616679
vt 0.813735 0.624009
vt 0.947234 0.760506
vt 0.946275 0.762062
vt 0.943638 0.857665
vt 0.948282 0.855763
vt 0.803668 0.628704
vt 0.989266 0.921458
vt 0.984882 0.929554
vt 0.980332 0.926716
vt 0.941329 0.850260
vt 0.974327 0.818021
vt 0.777498 0.705185
vt 0.773944 0.703892
vt 0.779637 0.703845
vt 0.806272 0.633778
vt 0.797409 0.632584
vt 0.082822 0.971015
vt 0.969202 0.808177
vt 0.971654 0.805406
vt 0.099323 0.982234
vt 0.809852 0.639150
vt 0.782084 0.700298
vt 0.776086 0.699914
vt 0.772352 0.699507
vt 0.794165 0.700181
vt 0.805529 0.661313
vt 0.534743 0.751516
vt 0.547675 0.748968
vt 0.546150 0.756505
vt 0.541537 0.739195
vt 0.004363 0.071023
vt 0.004677 0.010174
vt 0.480121 0.477972
vt 0.665038 0.566595
vt 0.669834 0.546571
vt 0.671673 0.595994
vt 0.729238 0.659787
vt 0.729076 0.627913
vt 0.344937 0.523899
vt 0.342979 0.562739
vt 0.024617 0.708972
vt 0.022133 0.660934
vt 0.629688 0.438551
vt 0.684130 0.440308
vt 0.420200 0.603173
vt 0.283298 0.301083
vt 0.283435 0.298809
vt 0.548309 0.547901
vt 0.802229 0.533422
vt 0.199431 0.028790
vt 0.189324 0.018905
vt 0.212234 0.001438
vt 0.927863 0.298455
vt 0.956987 0.299172
vt 0.951054 0.302096
vt 0.940630 0.273028
vt 0.144609 0.430919
vt 0.095204 0.416810
vt 0.099994 0.405260
vt 0.159794 0.434394
vt 0.840611 0.051192
vt 0.833303 0.093914
vt 0.830982 0.090650
vt 0.925396 0.737522
vt 0.905572 0.738353
vt 0.327318 0.101425
vt 0.323191 0.110001
vt 0.599394 0.171058
vt 0.747774 0.895925
vt 0.676018 0.836892
vt 0.825055 0.829262
vt 0.871968 0.348246
vt 0.855802 0.359927
vt 0.466335 0.911659
vt 0.479599 0.929987
vt 0.455881 0.937515
vt 0.698707 0.733327
vt 0.689879 0.737450
vt 0.683497 0.735453
vt 0.443738 0.919381
vt 0.717762 0.729883
vt 0.711172 0.735098
vt 0.604092 0.383641
vt 0.602568 0.378466
vt 0.594237 0.379607
vt 0.945385 0.657377
vt 0.724702 0.732250
vt 0.024878 0.947937
vt 0.003173 0.944915
vt 0.964527 0.407906
vt 0.970651 0.453726
vt 0.975948 0.455537
vt 0.981572 0.454686
vt 0.986553 0.453239
vt 0.466736 0.815063
vt 0.465054 0.801338
vt 0.462488 0.807607
vt 0.087299 0.137248
vt 0.818041 0.612300
vt 0.801957 0.611877
vt 0.812617 0.609206
vt 0.079989 0.062527
vt 0.818614 0.616364
vt 0.939318 0.781604
vt 0.949490 0.864233
vt 0.948826 0.861499
vt 0.941549 0.773763
vt 0.779209 0.709924
vt 0.712717 0.083394
vt 0.720189 0.088361
vt 0.723151 0.094600
vt 0.471063 0.881773
vt 0.334466 0.019893
vt 0.336811 0.059497
vt 0.935659 0.958323
vt 0.932516 0.981178
vt 0.436888 0.015465
vt 0.115133 0.486271
vt 0.109805 0.543096
vt 0.359977 0.511269
vt 0.360139 0.551897
vt 0.470676 0.599688
vt 0.475082 0.594799
vt 0.472846 0.601385
vt 0.475297 0.558543
vt 0.471523 0.543939
vt 0.003139 0.709354
vt 0.001664 0.647909
vt 0.006718 0.692028
vt 0.656747 0.484630
vt 0.687833 0.483582
vt 0.377466 0.590306
vt 0.377094 0.627789
vt 0.426517 0.646182
vt 0.974483 0.302172
vt 0.927438 0.296283
vt 0.935082 0.281590
vt 0.085625 0.445791
vt 0.085691 0.437642
vt 0.837517 0.053348
vt 0.831307 0.052725
vt 0.831008 0.047940
vt 0.178159 0.865547
vt 0.835770 0.108504
vt 0.903944 0.746907
vt 0.487375 0.850528
vt 0.499818 0.850743
vt 0.494712 0.850416
vt 0.204454 0.869456
vt 0.508869 0.852492
vt 0.504860 0.847594
vt 0.512563 0.843881
vt 0.728819 0.518513
vt 0.529608 0.839473
vt 0.520180 0.851690
vt 0.709471 0.316151
vt 0.703475 0.295252
vt 0.714386 0.296472
vt 0.598832 0.414979
vt 0.591975 0.409854
vt 0.024764 0.904958
vt 0.023494 0.895193
vt 0.028578 0.893831
vt 0.360724 0.987513
vt 0.343339 0.987943
vt 0.356452 0.974440
vt 0.322751 0.342978
vt 0.962005 0.653414
vt 0.856655 0.275825
vt 0.848102 0.271994
vt 0.024854 0.925441
vt 0.022698 0.923083
vt 0.975923 0.044831
vt 0.976247 0.040060
vt 0.982875 0.044715
vt 0.988145 0.045475
vt 0.990143 0.052012
vt 0.987734 0.051191
vt 0.968618 0.460840
vt 0.991054 0.447339
vt 0.470323 0.813884
vt 0.992026 0.458851
vt 0.992758 0.461560
vt 0.994442 0.459984
vt 0.941273 0.778713
vt 0.101772 0.010230
vt 0.100021 0.015241
vt 0.099479 0.011531
vt 0.097394 0.013543
vt 0.098419 0.013088
vt 0.949567 0.863240
vt 0.949849 0.862381
vt 0.100274 0.006926
vt 0.948534 0.766481
vt 0.988929 0.928827
vt 0.099511 0.995130
vt 0.096763 0.993004
vt 0.100862 0.992476
vt 0.954042 0.855960
vt 0.100143 0.990026
vt 0.092502 0.981707
vt 0.790132 0.703043
vt 0.821522 0.652752
vt 0.821395 0.657914
vt 0.468925 0.878037
vt 0.476361 0.878109
vt 0.547656 0.727477
vt 0.544918 0.732688
vt 0.724185 0.099836
vt 0.736796 0.138190
vt 0.929729 0.966522
vt 0.437516 0.000851
vt 0.431211 0.003507
vt 0.387390 0.001138
vt 0.410350 0.005549
vt 0.376519 0.013242
vt 0.379008 0.005333
vt 0.429122 0.479578
vt 0.422028 0.498080
vt 0.423564 0.492649
vt 0.470533 0.489527
vt 0.469190 0.494998
vt 0.673242 0.541332
vt 0.685997 0.564459
vt 0.689141 0.543999
vt 0.689828 0.561092
vt 0.111478 0.486810
vt 0.347753 0.573945
vt 0.475735 0.536283
vt 0.020777 0.704628
vt 0.016930 0.663941
vt 0.005414 0.652237
vt 0.637446 0.485047
vt 0.638052 0.505864
vt 0.638328 0.496882
vt 0.695053 0.500558
vt 0.690813 0.497778
vt 0.424256 0.607881
vt 0.204293 0.100938
vt 0.202852 0.094500
vt 0.203415 0.084292
vt 0.280819 0.304009
vt 0.268342 0.299692
vt 0.199939 0.082089
vt 0.199062 0.077652
vt 0.559046 0.522636
vt 0.187208 0.028140
vt 0.122756 0.399051
vt 0.103495 0.434597
vt 0.933291 0.266130
vt 0.935514 0.273099
vt 0.932364 0.286139
vt 0.146614 0.398163
vt 0.047162 0.275920
vt 0.032991 0.289897
vt 0.027197 0.267207
vt 0.909083 0.613580
vt 0.909969 0.620202
vt 0.908650 0.618273
vt 0.773674 0.481455
vt 0.012642 0.026548
vt 0.012926 0.022377
vt 0.014703 0.024850
vt 0.838604 0.093783
vt 0.276610 0.782590
vt 0.669370 0.392512
vt 0.663560 0.622876
vt 0.649295 0.635801
vt 0.651695 0.623075
vt 0.498474 0.845401
vt 0.648463 0.608755
vt 0.650566 0.602372
vt 0.721742 0.374535
vt 0.701989 0.391978
vt 0.710168 0.368548
vt 0.891911 0.107966
vt 0.900921 0.097907
vt 0.909031 0.102328
vt 0.902328 0.122830
vt 0.663019 0.845318
vt 0.304673 0.347300
vt 0.539657 0.191860
vt 0.532728 0.187276
vt 0.538027 0.172070
vt 0.176569 0.492880
vt 0.168458 0.479761
vt 0.175056 0.474793
vt 0.333580 0.334625
vt 0.326420 0.178371
vt 0.823611 0.276668
vt 0.287622 0.401676
vt 0.280089 0.406755
vt 0.280777 0.403178
vt 0.988977 0.038835
vt 0.984255 0.052239
vt 0.963151 0.399417
vt 0.968343 0.401207
vt 0.971232 0.409896
vt 0.979340 0.460333
vt 0.085007 0.129532
vt 0.083195 0.122377
vt 0.983794 0.470782
vt 0.978552 0.468198
vt 0.981212 0.463322
vt 0.984200 0.463287
vt 0.138302 0.016701
vt 0.141590 0.014967
vt 0.140428 0.018544
vt 0.464902 0.833401
vt 0.450806 0.810984
vt 0.134954 0.020074
vt 0.138113 0.021508
vt 0.132590 0.021337
vt 0.133042 0.019071
vt 0.085254 0.135760
vt 0.811332 0.606994
vt 0.097519 0.015263
vt 0.951179 0.865622
vt 0.950786 0.863923
vt 0.101074 0.138318
vt 0.100598 0.138014
vt 0.100706 0.137548
vt 0.099494 0.007750
vt 0.101590 0.131983
vt 0.104763 0.129113
vt 0.107636 0.129883
vt 0.989548 0.934972
vt 0.784854 0.713526
vt 0.788328 0.711557
vt 0.079740 0.982843
vt 0.080450 0.977369
vt 0.088568 0.988246
vt 0.098010 0.986314
vt 0.093262 0.991114
vt 0.950481 0.769108
vt 0.101752 0.985435
vt 0.820623 0.631228
vt 0.827587 0.663536
vt 0.815484 0.663730
vt 0.550813 0.733799
vt 0.472839 0.873151
vt 0.461294 0.878280
vt 0.460168 0.883739
vt 0.328503 0.022295
vt 0.331190 0.067168
vt 0.323548 0.035109
vt 0.327682 0.091598
vt 0.324940 0.066205
vt 0.429126 0.009863
vt 0.374082 0.008036
vt 0.412795 0.484959
vt 0.414997 0.491825
vt 0.461609 0.484188
vt 0.677001 0.585304
vt 0.678501 0.542598
vt 0.684453 0.541284
vt 0.095568 0.519952
vt 0.101191 0.497348
vt 0.099731 0.538545
vt 0.106082 0.490065
vt 0.104557 0.549596
vt 0.354533 0.523902
vt 0.348987 0.522005
vt 0.359277 0.580347
vt 0.479912 0.556405
vt 0.017250 0.705812
vt 0.011525 0.662106
vt 0.637942 0.490739
vt 0.681394 0.495489
vt 0.686389 0.486954
vt 0.435138 0.581779
vt 0.438953 0.585680
vt 0.435520 0.615516
vt 0.437979 0.608756
vt 0.428167 0.632846
vt 0.205220 0.114305
vt 0.279965 0.308144
vt 0.209732 0.078861
vt 0.796901 0.560494
vt 0.791189 0.532243
vt 0.796474 0.530678
vt 0.928819 0.264271
vt 0.926218 0.253145
vt 0.127815 0.397278
vt 0.911067 0.606682
vt 0.918009 0.632106
vt 0.912401 0.627322
vt 0.918142 0.747838
vt 0.170471 0.868591
vt 0.922233 0.636226
vt 0.923537 0.645230
vt 0.891078 0.746162
vt 0.507381 0.841909
vt 0.718274 0.529640
vt 0.519223 0.841606
vt 0.214739 0.872768
vt 0.205503 0.876528
vt 0.695755 0.524256
vt 0.689435 0.841553
vt 0.593991 0.429303
vt 0.607759 0.431471
vt 0.484183 0.916182
vt 0.608510 0.412945
vt 0.655378 0.848404
vt 0.552867 0.175837
vt 0.609308 0.400262
vt 0.168071 0.488631
vt 0.839080 0.281882
vt 0.029836 0.930949
vt 0.027675 0.921872
vt 0.283649 0.411453
vt 0.988319 0.057633
vt 0.991680 0.058788
vt 0.964537 0.398473
vt 0.974015 0.465005
vt 0.019291 0.959473
vt 0.019679 0.958580
vt 0.019855 0.958883
vt 0.987648 0.463326
vt 0.995150 0.463751
vt 0.992829 0.464285
vt 0.995557 0.464738
vt 0.133921 0.018659
vt 0.133146 0.022558
vt 0.100296 0.138548
vt 0.103387 0.139797
vt 0.099170 0.138099
vt 0.104439 0.017406
vt 0.099507 0.019031
vt 0.130947 0.023621
vt 0.128756 0.023322
vt 0.132815 0.023390
vt 0.994490 0.465002
vt 0.084628 0.138382
vt 0.101856 0.136294
vt 0.099937 0.137862
vt 0.082448 0.994471
vt 0.076480 0.986392
vt 0.079795 0.059939
vt 0.081818 0.059259
vt 0.089207 0.996090
vt 0.075610 0.984775
vt 0.107258 0.132251
vt 0.788213 0.718254
vt 0.711846 0.078670
vt 0.682475 0.591207
vt 0.353652 0.578948
vt 0.486808 0.579476
vt 0.484803 0.548031
vt 0.011640 0.705021
vt 0.426214 0.588797
vt 0.431670 0.593111
vt 0.432254 0.632770
vt 0.207904 0.112823
vt 0.211426 0.088535
vt 0.269797 0.305397
vt 0.063479 0.290040
vt 0.064905 0.284170
vt 0.067280 0.288122
vt 0.931988 0.275260
vt 0.363383 0.929460
vt 0.348385 0.946716
vt 0.350801 0.919445
vt 0.301403 0.786550
vt 0.927942 0.748786
vt 0.926542 0.642042
vt 0.184426 0.872821
vt 0.489117 0.845733
vt 0.500031 0.840917
vt 0.886697 0.754227
vt 0.861535 0.317835
vt 0.878709 0.329586
vt 0.687065 0.292090
vt 0.682251 0.322160
vt 0.671991 0.295901
vt 0.909905 0.131730
vt 0.887969 0.141674
vt 0.940154 0.674751
vt 0.066418 0.044210
vt 0.281372 0.399878
vt 0.291693 0.392008
vt 0.971754 0.402220
vt 0.989155 0.061174
vt 0.965970 0.464296
vt 0.501910 0.811334
vt 0.484809 0.820930
vt 0.019044 0.960016
vt 0.021631 0.957144
vt 0.014003 0.959264
vt 0.020267 0.959565
vt 0.020079 0.961209
vt 0.020394 0.958482
vt 0.473987 0.818272
vt 0.019140 0.965711
vt 0.025467 0.959559
vt 0.990473 0.465668
vt 0.988006 0.467758
vt 0.974376 0.402114
vt 0.975948 0.406350
vt 0.973132 0.405341
vt 0.975330 0.867726
vt 0.980112 0.872525
vt 0.975869 0.873806
vt 0.076346 0.996510
vt 0.074227 0.989137
vt 0.139356 0.028627
vt 0.134742 0.024386
vt 0.979898 0.400194
vt 0.974833 0.397034
vt 0.072129 0.110617
vt 0.073673 0.107724
vt 0.073745 0.110617
vt 0.136069 0.026204
vt 0.744094 0.866281
vt 0.748175 0.866633
vt 0.746132 0.873319
vt 0.098319 0.022380
vt 0.103962 0.021879
vt 0.128762 0.023907
vt 0.107621 0.019085
vt 0.978648 0.391273
vt 0.974344 0.394363
vt 0.947303 0.987249
vt 0.952145 0.981676
vt 0.949236 0.986729
vt 0.790896 0.720166
vt 0.824545 0.643670
vt 0.800434 0.697704
vt 0.556663 0.752740
vt 0.461163 0.861791
vt 0.214597 0.090457
vt 0.217223 0.082641
vt 0.266176 0.307148
vt 0.216989 0.078098
vt 0.211456 0.060895
vt 0.186348 0.052939
vt 0.189785 0.031389
vt 0.196128 0.059342
vt 0.929344 0.271968
vt 0.930193 0.280796
vt 0.935009 0.624688
vt 0.178276 0.871738
vt 0.931199 0.644915
vt 0.931470 0.648948
vt 0.491437 0.842445
vt 0.878233 0.750755
vt 0.673629 0.311520
vt 0.557187 0.183490
vt 0.318132 0.333948
vt 0.713462 0.704574
vt 0.946965 0.686016
vt 0.314445 0.189065
vt 0.031379 0.924321
vt 0.987320 0.032274
vt 0.970880 0.398153
vt 0.968360 0.395580
vt 0.531973 0.941554
vt 0.536550 0.941139
vt 0.536487 0.944762
vt 0.986948 0.059554
vt 0.964900 0.393945
vt 0.977033 0.413848
vt 0.978595 0.413611
vt 0.978763 0.406138
vt 0.026853 0.965611
vt 0.971467 0.873616
vt 0.971047 0.871704
vt 0.452061 0.838088
vt 0.451066 0.824848
vt 0.973078 0.879645
vt 0.983539 0.390311
vt 0.983730 0.392149
vt 0.743658 0.862800
vt 0.982492 0.877288
vt 0.981574 0.396016
vt 0.750108 0.874294
vt 0.747607 0.878320
vt 0.948360 0.976086
vt 0.951701 0.977090
vt 0.824709 0.625817
vt 0.556760 0.758271
vt 0.548621 0.760200
vt 0.250382 0.294086
vt 0.191669 0.063770
vt 0.936008 0.649890
vt 0.898291 0.753311
vt 0.501846 0.834610
vt 0.193688 0.876005
vt 0.180473 0.569785
vt 0.517374 0.834626
vt 0.724030 0.403202
vt 0.528774 0.832672
vt 0.210985 0.881998
vt 0.680019 0.849054
vt 0.301896 0.341163
vt 0.617246 0.397612
vt 0.613602 0.383187
vt 0.695770 0.716660
vt 0.359657 0.345483
vt 0.355550 0.332824
vt 0.620076 0.379248
vt 0.725050 0.714515
vt 0.817012 0.283951
vt 0.033698 0.937432
vt 0.534072 0.947351
vt 0.538280 0.949309
vt 0.534809 0.935160
vt 0.540411 0.943065
vt 0.026009 0.967666
vt 0.974883 0.410299
vt 0.468753 0.825272
vt 0.971508 0.875631
vt 0.974596 0.882822
vt 0.971330 0.885605
vt 0.977947 0.883277
vt 0.752094 0.870653
vt 0.795868 0.715589
vt 0.828746 0.634335
vt 0.798186 0.707339
vt 0.559738 0.741568
vt 0.735688 0.079486
vt 0.785319 0.541765
vt 0.786321 0.530162
vt 0.782888 0.523038
vt 0.784671 0.505624
vt 0.045330 0.289281
vt 0.050517 0.269493
vt 0.068181 0.255173
vt 0.074575 0.262100
vt 0.073681 0.290152
vt 0.081107 0.284229
vt 0.210318 0.127861
vt 0.223202 0.125651
vt 0.212145 0.152858
vt 0.786338 0.478187
vt 0.293868 0.778179
vt 0.918006 0.756804
vt 0.506949 0.835662
vt 0.603030 0.159092
vt 0.665900 0.856313
vt 0.875038 0.119818
vt 0.655707 0.856605
vt 0.619636 0.413845
vt 0.606931 0.533723
vt 0.612107 0.520049
vt 0.619981 0.538959
vt 0.317850 0.328170
vt 0.315047 0.330208
vt 0.313907 0.193021
vt 0.937338 0.666197
vt 0.074378 0.067382
vt 0.532692 0.973235
vt 0.534362 0.968613
vt 0.538999 0.974991
vt 0.992589 0.031937
vt 0.536400 0.960470
vt 0.535585 0.954753
vt 0.540003 0.955159
vt 0.965065 0.391331
vt 0.007256 0.963633
vt 0.981879 0.412006
vt 0.481092 0.827787
vt 0.473660 0.823021
vt 0.984503 0.349698
vt 0.983128 0.357530
vt 0.982303 0.350615
vt 0.986225 0.370954
vt 0.982827 0.366590
vt 0.985768 0.367221
vt 0.954403 0.968719
vt 0.952880 0.966191
vt 0.956146 0.965295
vt 0.029387 0.963452
vt 0.029498 0.965601
vt 0.028625 0.963909
vt 0.984622 0.345948
vt 0.984319 0.344165
vt 0.986708 0.354959
vt 0.985358 0.365330
vt 0.971895 0.878020
vt 0.758038 0.868837
vt 0.751987 0.857143
vt 0.971761 0.890313
vt 0.985902 0.362247
vt 0.987420 0.358715
vt 0.957416 0.972764
vt 0.956713 0.975668
vt 0.975200 0.367903
vt 0.977225 0.366948
vt 0.974684 0.370487
vt 0.796287 0.726839
vt 0.981590 0.880416
vt 0.830404 0.660981
vt 0.466566 0.862695
vt 0.564024 0.731818
vt 0.728497 0.077753
vt 0.230339 0.064017
vt 0.225698 0.072714
vt 0.784030 0.560924
vt 0.078058 0.129184
vt 0.067508 0.120329
vt 0.077704 0.121439
vt 0.067867 0.116917
vt 0.068375 0.133284
vt 0.063235 0.129144
vt 0.062681 0.118188
vt 0.926387 0.757407
vt 0.168211 0.875042
vt 0.908953 0.759955
vt 0.707180 0.414110
vt 0.719416 0.313270
vt 0.716348 0.317960
vt 0.309710 0.328026
vt 0.625630 0.396569
vt 0.627295 0.384456
vt 0.330564 0.320291
vt 0.544193 0.970499
vt 0.982599 0.414467
vt 0.024487 0.977720
vt 0.017837 0.971361
vt 0.472679 0.827696
vt 0.987589 0.375370
vt 0.986251 0.375577
vt 0.027309 0.967781
vt 0.026441 0.972793
vt 0.980909 0.356001
vt 0.983076 0.407622
vt 0.981030 0.373533
vt 0.980310 0.369932
vt 0.984890 0.375223
vt 0.981996 0.346819
vt 0.948444 0.967402
vt 0.959859 0.968472
vt 0.446525 0.839111
vt 0.983164 0.401537
vt 0.822370 0.607522
vt 0.830545 0.612224
vt 0.748537 0.855154
vt 0.831187 0.655048
vt 0.865518 0.724800
vt 0.858625 0.727376
vt 0.864004 0.723057
vt 0.206464 0.029795
vt 0.205886 0.058642
vt 0.231633 0.029817
vt 0.214901 0.028319
vt 0.209349 0.162750
vt 0.226307 0.159874
vt 0.211944 0.174255
vt 0.210255 0.160087
vt 0.210355 0.178468
vt 0.224470 0.176691
vt 0.221631 0.207107
vt 0.208031 0.208163
vt 0.095758 0.261624
vt 0.102896 0.291676
vt 0.336521 0.930301
vt 0.109492 0.275482
vt 0.927148 0.605245
vt 0.940402 0.650484
vt 0.175509 0.881002
vt 0.004725 0.558434
vt 0.016555 0.537255
vt 0.013186 0.563150
vt 0.890428 0.764079
vt 0.509593 0.827361
vt 0.191021 0.884479
vt 0.881554 0.757634
vt 0.204361 0.886522
vt 0.524152 0.830508
vt 0.693597 0.322327
vt 0.688980 0.859260
vt 0.663265 0.865242
vt 0.630849 0.414358
vt 0.650772 0.867556
vt 0.632504 0.400172
vt 0.648597 0.862451
vt 0.297434 0.333583
vt 0.304692 0.324394
vt 0.311993 0.324018
vt 0.631331 0.381487
vt 0.305572 0.393841
vt 0.544827 0.947519
vt 0.005054 0.967929
vt 0.001690 0.964603
vt 0.988183 0.377574
vt 0.012060 0.976643
vt 0.976251 0.358244
vt 0.757715 0.857264
vt 0.975784 0.890085
vt 0.980506 0.884632
vt 0.973677 0.361311
vt 0.831651 0.616559
vt 0.571021 0.774681
vt 0.564513 0.771142
vt 0.571563 0.765695
vt 0.562630 0.768508
vt 0.560033 0.765211
vt 0.569942 0.761013
vt 0.866299 0.732983
vt 0.216610 0.297506
vt 0.218844 0.301442
vt 0.213347 0.299901
vt 0.228095 0.173813
vt 0.064717 0.262223
vt 0.334662 0.956812
vt 0.688734 0.402070
vt 0.164823 0.598662
vt 0.520127 0.825445
vt 0.697276 0.849143
vt 0.528643 0.826919
vt 0.617272 0.436325
vt 0.624636 0.433297
vt 0.663315 0.354177
vt 0.651594 0.372577
vt 0.639202 0.360095
vt 0.663801 0.870381
vt 0.553511 0.205632
vt 0.559745 0.194064
vt 0.629890 0.525385
vt 0.632170 0.377476
vt 0.619875 0.515176
vt 0.308874 0.317927
vt 0.309976 0.398173
vt 0.298440 0.411841
vt 0.019263 0.980907
vt 0.473702 0.832868
vt 0.764695 0.857848
vt 0.764011 0.863756
vt 0.764354 0.866554
vt 0.762347 0.867264
vt 0.976547 0.353113
vt 0.964279 0.969832
vt 0.964584 0.971358
vt 0.973227 0.354348
vt 0.834151 0.639956
vt 0.567708 0.746824
vt 0.245954 0.305350
vt 0.213950 0.305867
vt 0.210277 0.309221
vt 0.923701 0.765242
vt 0.683919 0.872007
vt 0.679548 0.711087
vt 0.686638 0.706612
vt 0.148715 0.723659
vt 0.172452 0.732342
vt 0.157768 0.735044
vt 0.850102 0.294464
vt 0.829723 0.299772
vt 0.547941 0.976664
vt 0.549936 0.952679
vt 0.547964 0.948122
vt 0.554553 0.951704
vt 0.476919 0.840225
vt 0.749765 0.776662
vt 0.750277 0.772972
vt 0.759214 0.775793
vt 0.832704 0.630681
vt 0.858271 0.736023
vt 0.224743 0.304865
vt 0.217343 0.031262
vt 0.225068 0.030556
vt 0.167538 0.881986
vt 0.916055 0.770350
vt 0.720985 0.419603
vt 0.903217 0.772782
vt 0.179772 0.895235
vt 0.728192 0.536758
vt 0.721535 0.549674
vt 0.704953 0.543489
vt 0.527037 0.821914
vt 0.457264 0.096648
vt 0.461740 0.090738
vt 0.466352 0.116771
vt 0.188565 0.900117
vt 0.716583 0.322893
vt 0.698890 0.325235
vt 0.271958 0.681230
vt 0.273305 0.692675
vt 0.262667 0.694486
vt 0.634875 0.432478
vt 0.648044 0.334650
vt 0.533195 0.211415
vt 0.156906 0.716189
vt 0.181485 0.726520
vt 0.290199 0.494088
vt 0.307754 0.511514
vt 0.293332 0.514178
vt 0.555443 0.972959
vt 0.492126 0.833278
vt 0.482913 0.844009
vt 0.010131 0.984312
vt 0.004248 0.972217
vt 0.016676 0.985870
vt 0.470048 0.840152
vt 0.024347 0.985130
vt 0.873819 0.775900
vt 0.872114 0.779971
vt 0.868288 0.778610
vt 0.862683 0.775255
vt 0.872568 0.771432
vt 0.869132 0.764099
vt 0.877565 0.770964
vt 0.762722 0.769670
vt 0.576063 0.778073
vt 0.579636 0.771547
vt 0.577932 0.767264
vt 0.834445 0.623540
vt 0.869592 0.746866
vt 0.859475 0.743265
vt 0.870832 0.736625
vt 0.850081 0.731672
vt 0.846089 0.727074
vt 0.844411 0.731393
vt 0.564358 0.723117
vt 0.570613 0.727540
vt 0.226795 0.061220
vt 0.218562 0.059149
vt 0.789768 0.489644
vt 0.226747 0.106716
vt 0.230691 0.109737
vt 0.947437 0.636700
vt 0.678043 0.610784
vt 0.680340 0.622047
vt 0.811790 0.053873
vt 0.809398 0.036599
vt 0.825665 0.038404
vt 0.167608 0.891717
vt 0.887391 0.772770
vt 0.719022 0.327404
vt 0.716534 0.328711
vt 0.241120 0.684905
vt 0.696548 0.872483
vt 0.487444 0.898208
vt 0.482936 0.892439
vt 0.478888 0.891677
vt 0.871500 0.139836
vt 0.167291 0.504978
vt 0.189253 0.524672
vt 0.340748 0.310291
vt 0.844129 0.313544
vt 0.312819 0.525229
vt 0.478087 0.847267
vt 0.461372 0.847529
vt 0.577043 0.759873
vt 0.214104 0.311158
vt 0.245253 0.311184
vt 0.231618 0.034121
vt 0.230608 0.157255
vt 0.941714 0.605263
vt 0.186480 0.578939
vt 0.922270 0.774736
vt 0.171623 0.902257
vt 0.509871 0.827010
vt 0.911132 0.781097
vt 0.528918 0.817850
vt 0.175378 0.907370
vt 0.701103 0.328866
vt 0.663780 0.336080
vt 0.692043 0.329697
vt 0.616340 0.554510
vt 0.635165 0.559476
vt 0.168910 0.522285
vt 0.908947 0.685422
vt 0.904736 0.675988
vt 0.910701 0.680241
vt 0.268809 0.511744
vt 0.023220 0.989846
vt 0.771298 0.779768
vt 0.764898 0.788615
vt 0.875862 0.751023
vt 0.864698 0.756317
vt 0.573138 0.740483
vt 0.843597 0.738401
vt 0.573593 0.718389
vt 0.577474 0.723551
vt 0.232872 0.161813
vt 0.008414 0.252341
vt 0.017808 0.246963
vt 0.750539 0.283219
vt 0.774016 0.286328
vt 0.760755 0.298751
vt 0.684820 0.327814
vt 0.104335 0.600423
vt 0.099459 0.597137
vt 0.108783 0.597886
vt 0.102880 0.589732
vt 0.527341 0.219060
vt 0.531694 0.224711
vt 0.324113 0.305108
vt 0.557191 0.978664
vt 0.467897 0.849922
vt 0.857334 0.778085
vt 0.851626 0.775295
vt 0.807341 0.188178
vt 0.809393 0.173388
vt 0.810758 0.184034
vt 0.772109 0.773919
vt 0.761882 0.758817
vt 0.767470 0.757826
vt 0.765608 0.764527
vt 0.876583 0.753925
vt 0.872077 0.756968
vt 0.578286 0.749812
vt 0.812755 0.696830
vt 0.828893 0.709476
vt 0.811687 0.731125
vt 0.245079 0.700783
vt 0.471757 0.090621
vt 0.485857 0.095407
vt 0.702274 0.332832
vt 0.109980 0.589445
vt 0.707446 0.687682
vt 0.727544 0.681832
vt 0.271997 0.488942
vt 0.299814 0.372511
vt 0.007722 0.991592
vt 0.798264 0.210979
vt 0.798380 0.215077
vt 0.789236 0.214916
vt 0.794245 0.222860
vt 0.789182 0.219904
vt 0.793378 0.206780
vt 0.790430 0.209422
vt 0.801621 0.197899
vt 0.801895 0.175242
vt 0.859786 0.762411
vt 0.767929 0.754248
vt 0.784081 0.753679
vt 0.845619 0.749510
vt 0.571316 0.633015
vt 0.569559 0.636714
vt 0.555769 0.629486
vt 0.046144 0.248137
vt 0.949890 0.045683
vt 0.951334 0.032518
vt 0.963753 0.038739
vt 0.233912 0.126973
vt 0.948105 0.617439
vt 0.651659 0.322161
vt 0.660549 0.316441
vt 0.553814 0.225608
vt 0.188253 0.490186
vt 0.354706 0.296373
vt 0.187978 0.713191
vt 0.155794 0.702494
vt 0.145517 0.713495
vt 0.321741 0.390122
vt 0.565300 0.953307
vt 0.787403 0.199821
vt 0.847867 0.763872
vt 0.776138 0.759541
vt 0.800012 0.743048
vt 0.782889 0.747828
vt 0.556991 0.624671
vt 0.033808 0.245157
vt 0.233319 0.155082
vt 0.011343 0.197745
vt 0.010820 0.210296
vt 0.000268 0.194495
vt 0.972432 0.021131
vt 0.788159 0.495725
vt 0.787298 0.498516
vt 0.687483 0.378054
vt 0.035538 0.535997
vt 0.032193 0.562163
vt 0.524273 0.800575
vt 0.527941 0.810203
vt 0.701638 0.342763
vt 0.694521 0.335759
vt 0.096452 0.600030
vt 0.089466 0.598148
vt 0.202885 0.508970
vt 0.836309 0.310336
vt 0.472689 0.852234
vt 0.789932 0.223652
vt 0.792057 0.780998
vt 0.781743 0.783858
vt 0.812027 0.177640
vt 0.814145 0.169197
vt 0.800364 0.782625
vt 0.787351 0.775167
vt 0.840868 0.775399
vt 0.797247 0.768573
vt 0.801213 0.771341
vt 0.785527 0.766192
vt 0.853543 0.758607
vt 0.802281 0.748657
vt 0.561147 0.647005
vt 0.548481 0.642390
vt 0.822311 0.080965
vt 0.801364 0.069706
vt 0.172256 0.617027
vt 0.713717 0.350341
vt 0.670248 0.320432
vt 0.671411 0.375406
vt 0.663283 0.379668
vt 0.294757 0.362523
vt 0.282173 0.346943
vt 0.296124 0.347640
vt 0.566280 0.224600
vt 0.549903 0.224176
vt 0.539884 0.226188
vt 0.645638 0.516674
vt 0.646923 0.527378
vt 0.167656 0.704806
vt 0.315039 0.534554
vt 0.292026 0.536776
vt 0.320912 0.411568
vt 0.782052 0.203378
vt 0.776934 0.192800
vt 0.780958 0.199517
vt 0.803524 0.205819
vt 0.810108 0.207645
vt 0.791722 0.175078
vt 0.808107 0.166208
vt 0.787001 0.759007
vt 0.800939 0.756360
vt 0.050054 0.244634
vt 0.064712 0.247140
vt 0.187787 0.606459
vt 0.098570 0.582932
vt 0.859859 0.131890
vt 0.174862 0.539367
vt 0.645962 0.547633
vt 0.718491 0.678082
vt 0.790625 0.251831
vt 0.803224 0.251882
vt 0.790748 0.255528
vt 0.337228 0.409868
vt 0.480075 0.854498
vt 0.780750 0.195048
vt 0.810220 0.211098
vt 0.801951 0.221634
vt 0.786531 0.187010
vt 0.805867 0.162530
vt 0.784233 0.792596
vt 0.838478 0.764629
vt 0.839823 0.758941
vt 0.798813 0.761191
vt 0.839862 0.753430
vt 0.564857 0.649612
vt 0.555943 0.649176
vt 0.471139 0.156223
vt 0.479594 0.130506
vt 0.792738 0.034729
vt 0.792993 0.296479
vt 0.082054 0.593364
vt 0.885970 0.725197
vt 0.871715 0.731550
vt 0.879581 0.714486
vt 0.277006 0.347958
vt 0.288191 0.364485
vt 0.902605 0.662556
vt 0.912963 0.663505
vt 0.977856 0.489977
vt 0.981740 0.499631
vt 0.966579 0.497611
vt 0.790089 0.227397
vt 0.336958 0.386492
vt 0.801915 0.226231
vt 0.810681 0.217472
vt 0.075677 0.244010
vt 0.965076 0.006220
vt 0.983241 0.006497
vt 0.495519 0.103555
vt 0.325332 0.288142
vt 0.186702 0.698686
vt 0.798696 0.259863
vt 0.771342 0.203353
vt 0.772859 0.188411
vt 0.780574 0.187719
vt 0.818293 0.208929
vt 0.822202 0.211583
vt 0.811735 0.204712
vt 0.821923 0.204044
vt 0.068227 0.243463
vt 0.088429 0.196162
vt 0.071283 0.189342
vt 0.092983 0.179546
vt 0.087851 0.243564
vt 0.105059 0.249024
vt 0.034635 0.221667
vt 0.015000 0.233847
vt 0.785576 0.433870
vt 0.775276 0.422691
vt 0.791321 0.407570
vt 0.225536 0.683664
vt 0.222039 0.691414
vt 0.050241 0.552466
vt 0.777943 0.323696
vt 0.281420 0.362551
vt 0.211640 0.523219
vt 0.963638 0.488933
vt 0.321328 0.361579
vt 0.331146 0.369394
vt 0.768286 0.200592
vt 0.781601 0.181076
vt 0.826326 0.204951
vt 0.802800 0.793450
vt 0.029357 0.189803
vt 0.052462 0.181737
vt 0.049300 0.192030
vt 0.072257 0.195937
vt 0.074284 0.196155
vt 0.832137 0.744729
vt 0.805551 0.085515
vt 0.037797 0.237317
vt 0.022515 0.505529
vt 0.862607 0.709516
vt 0.853364 0.691371
vt 0.871397 0.698123
vt 0.642286 0.580023
vt 0.629752 0.575416
vt 0.085973 0.573570
vt 0.889669 0.655810
vt 0.896509 0.642825
vt 0.724445 0.671569
vt 0.310956 0.363809
vt 0.811042 0.252401
vt 0.812450 0.224708
vt 0.828180 0.206958
vt 0.818086 0.219844
vt 0.786801 0.176720
vt 0.789111 0.168190
vt 0.794545 0.160872
vt 0.797461 0.157909
vt 0.797320 0.797700
vt 0.783400 0.796915
vt 0.061817 0.195352
vt 0.065772 0.179894
vt 0.065117 0.194341
vt 0.543591 0.639485
vt 0.007404 0.186783
vt 0.017442 0.166684
vt 0.788259 0.049681
vt 0.847920 0.677610
vt 0.873288 0.680762
vt 0.275603 0.365112
vt 0.271173 0.349841
vt 0.910072 0.639380
vt 0.273277 0.334923
vt 0.270584 0.323462
vt 0.145743 0.701287
vt 0.152057 0.682697
vt 0.958839 0.489539
vt 0.345777 0.387604
vt 0.349015 0.408171
vt 0.770236 0.187097
vt 0.783256 0.172174
vt 0.835211 0.207999
vt 0.062916 0.600645
vt 0.061390 0.588517
vt 0.767067 0.315761
vt 0.880149 0.648081
vt 0.171732 0.688674
vt 0.965798 0.485426
vt 0.454545 0.891378
vt 0.434833 0.886917
vt 0.443830 0.874995
vt 0.775348 0.170576
vt 0.784317 0.164236
vt 0.791863 0.156946
vt 0.838429 0.203012
vt 0.833701 0.214505
vt 0.800120 0.801970
vt 0.790564 0.800370
vt 0.541075 0.622524
vt 0.051208 0.165374
vt 0.550111 0.662152
vt 0.526327 0.653056
vt 0.002140 0.223463
vt 0.778680 0.384852
vt 0.189048 0.542303
vt 0.817873 0.422547
vt 0.805830 0.410560
vt 0.821014 0.403935
vt 0.266310 0.328813
vt 0.343560 0.280655
vt 0.701252 0.126852
vt 0.699803 0.121185
vt 0.701862 0.124213
vt 0.982172 0.481064
vt 0.987949 0.483349
vt 0.353911 0.383710
vt 0.358948 0.405787
vt 0.823740 0.221407
vt 0.803820 0.805250
vt 0.802035 0.805295
vt 0.069629 0.177248
vt 0.115848 0.173943
vt 0.106919 0.193019
vt 0.839453 0.741325
vt 0.048367 0.514712
vt 0.236256 0.721514
vt 0.326808 0.274614
vt 0.266687 0.319736
vt 0.272536 0.317495
vt 0.260778 0.535528
vt 0.356329 0.386325
vt 0.822247 0.250364
vt 0.829843 0.243566
vt 0.785812 0.151000
vt 0.768763 0.564527
vt 0.766445 0.558233
vt 0.774021 0.560969
vt 0.775141 0.554456
vt 0.536022 0.639416
vt 0.220734 0.704707
vt 0.714898 0.009110
vt 0.730921 0.013472
vt 0.725429 0.025280
vt 0.836254 0.434734
vt 0.837125 0.412530
vt 0.844420 0.437568
vt 0.270293 0.365627
vt 0.250554 0.363226
vt 0.058004 0.758922
vt 0.062772 0.728300
vt 0.070612 0.746321
vt 0.200750 0.535357
vt 0.186905 0.684409
vt 0.693445 0.123159
vt 0.696133 0.116704
vt 0.685763 0.123648
vt 0.694902 0.128638
vt 0.590532 0.652343
vt 0.584081 0.660463
vt 0.583711 0.651936
vt 0.579091 0.662262
vt 0.813100 0.261745
vt 0.833160 0.220472
vt 0.768936 0.179028
vt 0.837668 0.215616
vt 0.773402 0.551804
vt 0.548770 0.603974
vt 0.308091 0.984720
vt 0.299654 0.965534
vt 0.319323 0.963205
vt 0.501408 0.123976
vt 0.849542 0.429559
vt 0.342279 0.784248
vt 0.332515 0.762324
vt 0.350492 0.780740
vt 0.795319 0.405595
vt 0.803093 0.389801
vt 0.261107 0.325434
vt 0.262669 0.323176
vt 0.683607 0.105191
vt 0.690868 0.102080
vt 0.554065 0.666102
vt 0.557577 0.682622
vt 0.550135 0.670022
vt 0.360856 0.383104
vt 0.776480 0.512639
vt 0.771215 0.522272
vt 0.763545 0.521816
vt 0.643224 0.873526
vt 0.631090 0.866621
vt 0.630849 0.858130
vt 0.774030 0.163486
vt 0.779175 0.152054
vt 0.767763 0.553035
vt 0.534403 0.635828
vt 0.075601 0.163099
vt 0.757160 0.416965
vt 0.496818 0.153760
vt 0.507281 0.102871
vt 0.891442 0.689809
vt 0.059466 0.721274
vt 0.074533 0.724524
vt 0.288218 0.938664
vt 0.276883 0.954259
vt 0.273333 0.936279
vt 0.690370 0.131746
vt 0.695176 0.132457
vt 0.591148 0.668964
vt 0.449072 0.901171
vt 0.435610 0.906504
vt 0.659633 0.872328
vt 0.657064 0.876715
vt 0.649457 0.877939
vt 0.636893 0.888519
vt 0.772350 0.527570
vt 0.758306 0.529725
vt 0.775572 0.546569
vt 0.526510 0.632555
vt 0.441189 0.082877
vt 0.458939 0.062024
vt 0.460018 0.087118
vt 0.044618 0.494611
vt 0.738550 0.048549
vt 0.717899 0.048234
vt 0.073693 0.771891
vt 0.315619 0.775598
vt 0.758413 0.801178
vt 0.779464 0.810656
vt 0.757389 0.812812
vt 0.251696 0.344451
vt 0.259233 0.954672
vt 0.265141 0.967112
vt 0.175683 0.673600
vt 0.411488 0.870523
vt 0.420361 0.873679
vt 0.750210 0.534457
vt 0.759927 0.554587
vt 0.768389 0.153450
vt 0.051374 0.153360
vt 0.535341 0.605200
vt 0.003377 0.240088
vt 0.000783 0.236706
vt 0.471556 0.076553
vt 0.787086 0.075243
vt 0.717549 0.054681
vt 0.287263 0.981470
vt 0.059544 0.571352
vt 0.791654 0.332133
vt 0.683980 0.131119
vt 0.690531 0.135003
vt 0.588419 0.675077
vt 0.654600 0.882725
vt 0.066803 0.160848
vt 0.098814 0.157476
vt 0.060405 0.383044
vt 0.049754 0.399490
vt 0.043212 0.392787
vt 0.699167 0.018107
vt 0.254132 0.328688
vt 0.254044 0.970735
vt 0.685775 0.139446
vt 0.258478 0.976172
vt 0.189698 0.677041
vt 0.575986 0.679116
vt 0.653990 0.898700
vt 0.738591 0.517690
vt 0.527489 0.617119
vt 0.699363 0.049368
vt 0.695345 0.560876
vt 0.713592 0.566846
vt 0.692324 0.578043
vt 0.162176 0.671496
vt 0.664788 0.124073
vt 0.159798 0.765904
vt 0.161497 0.771932
vt 0.160264 0.786181
vt 0.417530 0.892403
vt 0.743350 0.506506
vt 0.640604 0.905204
vt 0.056573 0.150929
vt 0.069532 0.153963
vt 0.078775 0.761104
vt 0.777016 0.835732
vt 0.756814 0.833323
vt 0.259033 0.936412
vt 0.818415 0.383939
vt 0.398794 0.931365
vt 0.410613 0.923205
vt 0.401280 0.936561
vt 0.761242 0.501436
vt 0.417872 0.086566
vt 0.416380 0.081530
vt 0.113816 0.157559
vt 0.735728 0.071185
vt 0.738945 0.067607
vt 0.751741 0.392050
vt 0.076868 0.556954
vt 0.931081 0.014730
vt 0.945681 0.030982
vt 0.918075 0.035674
vt 0.678421 0.144481
vt 0.669771 0.131302
vt 0.684201 0.240408
vt 0.671322 0.256639
vt 0.673805 0.243136
vt 0.692376 0.247140
vt 0.659351 0.102939
vt 0.515169 0.635329
vt 0.023954 0.484800
vt 0.004733 0.489586
vt 0.010164 0.475891
vt 0.803856 0.914098
vt 0.817442 0.925015
vt 0.799505 0.934630
vt 0.227806 0.745153
vt 0.222628 0.732446
vt 0.210310 0.417723
vt 0.227340 0.420091
vt 0.213584 0.430293
vt 0.760641 0.848731
vt 0.580170 0.961194
vt 0.593963 0.945628
vt 0.594917 0.955325
vt 0.158314 0.955859
vt 0.135562 0.942870
vt 0.154435 0.940820
vt 0.576467 0.705734
vt 0.980156 0.153380
vt 0.983588 0.165867
vt 0.962230 0.156612
vt 0.495584 0.168327
vt 0.486289 0.169818
vt 0.301316 0.947223
vt 0.196622 0.428119
vt 0.842583 0.388893
vt 0.661641 0.147430
vt 0.594833 0.680206
vt 0.516919 0.624937
vt 0.086366 0.375931
vt 0.085321 0.398277
vt 0.821014 0.940308
vt 0.972229 0.175360
vt 0.947569 0.172826
vt 0.712576 0.604532
vt 0.285912 0.956962
vt 0.583829 0.339437
vt 0.571051 0.321263
vt 0.588851 0.321680
vt 0.230634 0.363539
vt 0.577733 0.939800
vt 0.131010 0.956460
vt 0.152568 0.967209
vt 0.663588 0.128756
vt 0.592322 0.692150
vt 0.406137 0.087803
vt 0.515899 0.629949
vt 0.245527 0.886793
vt 0.224635 0.892047
vt 0.241644 0.876942
vt 0.952747 0.185828
vt 0.693455 0.605356
vt 0.913007 0.007331
vt 0.908559 0.026324
vt 0.179225 0.419480
vt 0.178310 0.435993
vt 0.939486 0.046051
vt 0.561275 0.708973
vt 0.549955 0.695035
vt 0.422708 0.072058
vt 0.056642 0.489682
vt 0.051128 0.470953
vt 0.068389 0.492190
vt 0.072585 0.478915
vt 0.162886 0.431393
vt 0.234787 0.431342
vt 0.249803 0.942909
vt 0.135204 0.975338
vt 0.659150 0.134317
vt 0.168342 0.804155
vt 0.142158 0.803312
vt 0.041382 0.488935
vt 0.030596 0.474076
vt 0.046101 0.472833
vt 0.333413 0.842705
vt 0.325623 0.830812
vt 0.341826 0.834289
vt 0.065941 0.149137
vt 0.690733 0.032603
vt 0.236140 0.344380
vt 0.664007 0.241800
vt 0.648538 0.252280
vt 0.650458 0.242150
vt 0.656782 0.127590
vt 0.656124 0.123450
vt 0.654774 0.111793
vt 0.151571 0.778501
vt 0.166504 0.815386
vt 0.661869 0.906984
vt 0.657323 0.909983
vt 0.047803 0.484865
vt 0.101000 0.394388
vt 0.441661 0.045100
vt 0.459663 0.047550
vt 0.312509 0.746449
vt 0.324458 0.728251
vt 0.796890 0.830783
vt 0.609758 0.940206
vt 0.611858 0.936232
vt 0.331938 0.823788
vt 0.368489 0.842107
vt 0.354889 0.846592
vt 0.469558 0.026276
vt 0.727086 0.584230
vt 0.286594 0.887409
vt 0.281848 0.909923
vt 0.265734 0.886428
vt 0.731092 0.566128
vt 0.906734 0.029982
vt 0.603413 0.546970
vt 0.579057 0.543409
vt 0.592897 0.534787
vt 0.199362 0.449422
vt 0.587242 0.928836
vt 0.653047 0.124651
vt 0.044603 0.462350
vt 0.064005 0.359248
vt 0.711698 0.070860
vt 0.696338 0.055775
vt 0.967829 0.195581
vt 0.946894 0.194643
vt 0.586118 0.578993
vt 0.566273 0.352822
vt 0.214765 0.455199
vt 0.232351 0.442654
vt 0.441448 0.167064
vt 0.454747 0.162177
vt 0.457219 0.164118
vt 0.452851 0.134623
vt 0.449415 0.126934
vt 0.455610 0.132792
vt 0.439746 0.102958
vt 0.441745 0.097939
vt 0.451902 0.101945
vt 0.450653 0.095122
vt 0.864550 0.081101
vt 0.873115 0.101399
vt 0.866271 0.108773
vt 0.008216 0.455845
vt 0.228320 0.913460
vt 0.461953 0.021159
vt 0.979502 0.189880
vt 0.249559 0.897641
vt 0.264675 0.918469
vt 0.555670 0.324053
vt 0.123278 0.985233
vt 0.118146 0.969553
vt 0.444786 0.128411
vt 0.453990 0.149551
vt 0.443667 0.116232
vt 0.325445 0.824600
vt 0.820014 0.954322
vt 0.810619 0.960522
vt 0.695378 0.069195
vt 0.586836 0.381622
vt 0.157482 0.893555
vt 0.162583 0.909519
vt 0.135549 0.899730
vt 0.339070 0.815572
vt 0.350717 0.824067
vt 0.359611 0.816002
vt 0.791250 0.951732
vt 0.911546 0.050272
vt 0.516267 0.242968
vt 0.504442 0.240705
vt 0.518015 0.211073
vt 0.457062 0.125356
vt 0.592556 0.707026
vt 0.573141 0.715454
vt 0.849815 0.095795
vt 0.369905 0.825371
vt 0.702478 0.628307
vt 0.526930 0.922089
vt 0.511208 0.938246
vt 0.505211 0.915744
vt 0.528763 0.945630
vt 0.551530 0.945411
vt 0.547190 0.934256
vt 0.559961 0.930588
vt 0.116261 0.940635
vt 0.647129 0.273004
vt 0.673660 0.275685
vt 0.431220 0.121937
vt 0.147459 0.824124
vt 0.152801 0.930522
vt 0.133055 0.919890
vt 0.028547 0.455108
vt 0.316200 0.804720
vt 0.331984 0.805674
vt 0.314254 0.789398
vt 0.045879 0.338710
vt 0.053351 0.333677
vt 0.596677 0.585198
vt 0.600043 0.581128
vt 0.290030 0.919202
vt 0.281727 0.929407
vt 0.274851 0.920755
vt 0.426648 0.147178
vt 0.591173 0.716932
vt 0.079733 0.464836
vt 0.072481 0.452847
vt 0.560401 0.565812
vt 0.562477 0.541027
vt 0.843499 0.073753
vt 0.729081 0.603070
vt 0.494117 0.927265
vt 0.261397 0.927261
vt 0.545404 0.278170
vt 0.531865 0.287838
vt 0.536826 0.257026
vt 0.898339 0.592517
vt 0.908727 0.585909
vt 0.909968 0.599446
vt 0.861657 0.377885
vt 0.879694 0.385041
vt 0.858981 0.394771
vt 0.430535 0.165543
vt 0.484777 0.242049
vt 0.501382 0.211880
vt 0.124016 0.819825
vt 0.425811 0.099034
vt 0.429054 0.092691
vt 0.834814 0.069951
vt 0.833908 0.079997
vt 0.390135 0.433878
vt 0.367715 0.432276
vt 0.390573 0.412269
vt 0.898336 0.610859
vt 0.885956 0.624286
vt 0.879004 0.597095
vt 0.547035 0.585674
vt 0.546857 0.590769
vt 0.530722 0.584299
vt 0.521763 0.955237
vt 0.312060 0.720865
vt 0.917084 0.569341
vt 0.935542 0.567789
vt 0.932390 0.592826
vt 0.858590 0.419692
vt 0.854597 0.408652
vt 0.654569 0.299221
vt 0.345739 0.808763
vt 0.046499 0.453638
vt 0.363725 0.425360
vt 0.053647 0.451164
vt 0.187459 0.985928
vt 0.163651 0.974066
vt 0.188246 0.967120
vt 0.418857 0.977013
vt 0.421054 0.955729
vt 0.434143 0.973232
vt 0.575938 0.581085
vt 0.544341 0.297651
vt 0.877829 0.401523
vt 0.425630 0.126090
vt 0.424663 0.121354
vt 0.846580 0.073685
vt 0.868487 0.062958
vt 0.872858 0.069316
vt 0.041937 0.450021
vt 0.726761 0.620126
vt 0.720550 0.627178
vt 0.460053 0.975742
vt 0.477959 0.983215
vt 0.472125 0.985004
vt 0.572331 0.386907
vt 0.253465 0.927691
vt 0.493683 0.935837
vt 0.563037 0.575931
vt 0.513787 0.280959
vt 0.509540 0.260319
vt 0.886983 0.896794
vt 0.862727 0.898716
vt 0.879067 0.885132
vt 0.536207 0.919385
vt 0.548783 0.906690
vt 0.647581 0.288948
vt 0.419058 0.114800
vt 0.569497 0.796474
vt 0.558788 0.793709
vt 0.568231 0.787479
vt 0.393197 0.403517
vt 0.405640 0.424035
vt 0.370914 0.807577
vt 0.352410 0.795432
vt 0.447942 0.989147
vt 0.442346 0.978156
vt 0.539583 0.596728
vt 0.515070 0.616094
vt 0.253100 0.922526
vt 0.876753 0.421019
vt 0.416833 0.124017
vt 0.559259 0.798177
vt 0.544360 0.788480
vt 0.552790 0.778848
vt 0.355864 0.798682
vt 0.398463 0.967527
vt 0.555635 0.374318
vt 0.587382 0.607435
vt 0.417125 0.119966
vt 0.879950 0.637357
vt 0.875264 0.628357
vt 0.004173 0.378216
vt 0.013132 0.368799
vt 0.006737 0.381955
vt 0.512581 0.605435
vt 0.525440 0.180937
vt 0.502437 0.186305
vt 0.493638 0.945963
vt 0.565884 0.907816
vt 0.326444 0.898719
vt 0.330183 0.880414
vt 0.346144 0.894104
vt 0.329530 0.787429
vt 0.489786 0.085544
vt 0.480184 0.076505
vt 0.503066 0.070572
vt 0.521864 0.171936
vt 0.560383 0.580530
vt 0.289323 0.444411
vt 0.278125 0.458659
vt 0.271542 0.443159
vt 0.566525 0.815355
vt 0.701282 0.779155
vt 0.720047 0.762962
vt 0.722144 0.783628
vt 0.542528 0.801246
vt 0.352146 0.876426
vt 0.371038 0.803804
vt 0.387624 0.395046
vt 0.364426 0.404815
vt 0.410116 0.408941
vt 0.429135 0.406363
vt 0.432512 0.434229
vt 0.410927 0.437445
vt 0.304040 0.904126
vt 0.320137 0.927883
vt 0.297159 0.923466
vt 0.858861 0.893070
vt 0.859722 0.875903
vt 0.562005 0.823916
vt 0.573100 0.819942
vt 0.577931 0.825368
vt 0.573834 0.816041
vt 0.562911 0.818885
vt 0.545617 0.803588
vt 0.362002 0.793476
vt 0.009078 0.345436
vt 0.002172 0.350849
vt 0.529010 0.314855
vt 0.510947 0.341244
vt 0.507477 0.377719
vt 0.503251 0.368650
vt 0.856142 0.899587
vt 0.891026 0.876782
vt 0.534990 0.902328
vt 0.480424 0.206725
vt 0.869711 0.865359
vt 0.895926 0.858416
vt 0.899689 0.855770
vt 0.892969 0.848442
vt 0.557684 0.816602
vt 0.693696 0.759295
vt 0.708585 0.746432
vt 0.715754 0.791609
vt 0.406297 0.411767
vt 0.982136 0.112038
vt 0.986244 0.121651
vt 0.977712 0.113993
vt 0.403125 0.439206
vt 0.516420 0.561705
vt 0.524017 0.558354
vt 0.442099 0.964553
vt 0.430307 0.935036
vt 0.434157 0.945776
vt 0.047082 0.895333
vt 0.060492 0.890269
vt 0.057320 0.895954
vt 0.313166 0.939730
vt 0.280436 0.867586
vt 0.281674 0.851531
vt 0.287154 0.876472
vt 0.458672 0.953614
vt 0.478853 0.965761
vt 0.437238 0.936075
vt 0.879648 0.836159
vt 0.881223 0.824989
vt 0.884743 0.837069
vt 0.525488 0.362772
vt 0.531258 0.333877
vt 0.501005 0.280354
vt 0.308834 0.452285
vt 0.556334 0.821529
vt 0.366618 0.394612
vt 0.032362 0.891231
vt 0.032963 0.902584
vt 0.409330 0.938806
vt 0.039138 0.905339
vt 0.564941 0.607659
vt 0.876642 0.818705
vt 0.283448 0.837131
vt 0.309612 0.835738
vt 0.546252 0.331592
vt 0.547712 0.342679
vt 0.545315 0.823826
vt 0.535858 0.809924
vt 0.405004 0.393992
vt 0.001753 0.335419
vt 0.007669 0.330388
vt 0.512213 0.575498
vt 0.479245 0.056910
vt 0.895125 0.083978
vt 0.904814 0.064731
vt 0.914399 0.084416
vt 0.487632 0.182858
vt 0.325211 0.876165
vt 0.324729 0.866317
vt 0.329398 0.867676
vt 0.700126 0.797454
vt 0.343978 0.860632
vt 0.033343 0.344314
vt 0.036513 0.361605
vt 0.034052 0.375149
vt 0.312298 0.857345
vt 0.541200 0.368988
vt 0.309638 0.874903
vt 0.268105 0.430744
vt 0.269342 0.418620
vt 0.294924 0.420505
vt 0.017713 0.332517
vt 0.517958 0.546791
vt 0.518227 0.549471
vt 0.515692 0.544944
vt 0.293318 0.942580
vt 0.071840 0.905609
vt 0.065080 0.930057
vt 0.389951 0.291306
vt 0.383107 0.307237
vt 0.366585 0.288624
vt 0.506162 0.323153
vt 0.862084 0.825554
vt 0.530491 0.390525
vt 0.492567 0.169047
vt 0.889938 0.814819
vt 0.458178 0.324007
vt 0.442086 0.337950
vt 0.445095 0.311657
vt 0.335967 0.858555
vt 0.391429 0.391501
vt 0.006314 0.314571
vt 0.019840 0.325196
vt 0.002451 0.325979
vt 0.042356 0.373467
vt 0.507185 0.038258
vt 0.513160 0.395752
vt 0.874739 0.794498
vt 0.893404 0.805430
vt 0.321920 0.854079
vt 0.312419 0.262881
vt 0.304222 0.289237
vt 0.304004 0.259298
vt 0.014171 0.293329
vt 0.022622 0.310094
vt 0.479306 0.031191
vt 0.522337 0.326942
vt 0.319515 0.428537
vt 0.426918 0.306892
vt 0.683491 0.773849
vt 0.681677 0.782971
vt 0.295954 0.256665
vt 0.312407 0.257400
vt 0.018051 0.291096
vt 0.025692 0.305083
vt 0.753636 0.370490
vt 0.740208 0.370372
vt 0.749168 0.356825
vt 0.364152 0.302570
vt 0.376767 0.324727
vt 0.897442 0.788760
vt 0.327753 0.847693
vt 0.407894 0.398618
vt 0.398876 0.390879
vt 0.286145 0.261387
vt 0.284836 0.286452
vt 0.441969 0.405834
vt 0.442672 0.398849
vt 0.746604 0.986638
vt 0.743291 0.954614
vt 0.766554 0.976780
vt 0.044227 0.930718
vt 0.935969 0.077840
vt 0.933855 0.061938
vt 0.317012 0.867715
vt 0.413029 0.333507
vt 0.766302 0.010196
vt 0.783396 0.021697
vt 0.772394 0.033356
vt 0.401776 0.303826
vt 0.862440 0.812160
vt 0.357817 0.848996
vt 0.362901 0.851320
vt 0.030927 0.331238
vt 0.038513 0.293487
vt 0.490376 0.011173
vt 0.524459 0.406372
vt 0.731704 0.366024
vt 0.730716 0.757705
vt 0.749303 0.756565
vt 0.741634 0.771187
vt 0.930069 0.099258
vt 0.410893 0.310462
vt 0.675927 0.797965
vt 0.300279 0.242864
vt 0.308859 0.242969
vt 0.034743 0.328568
vt 0.410714 0.391470
vt 0.418972 0.389242
vt 0.771552 0.952767
vt 0.731197 0.352276
vt 0.735317 0.331628
vt 0.754449 0.337784
vt 0.342729 0.437632
vt 0.330877 0.455411
vt 0.424738 0.357190
vt 0.708286 0.809255
vt 0.706806 0.836865
vt 0.701549 0.820805
vt 0.135254 0.360483
vt 0.131834 0.353017
vt 0.133063 0.343898
vt 0.145444 0.344351
vt 0.408546 0.390892
vt 0.310749 0.238683
vt 0.302731 0.213683
vt 0.314086 0.222396
vt 0.400632 0.321941
vt 0.740789 0.734561
vt 0.345480 0.446373
vt 0.731115 0.835630
vt 0.749943 0.053986
vt 0.769551 0.062437
vt 0.133763 0.371582
vt 0.114337 0.364754
vt 0.954950 0.137870
vt 0.934745 0.138185
vt 0.937216 0.115440
vt 0.444999 0.366385
vt 0.743521 0.026659
vt 0.713994 0.844867
vt 0.708763 0.844092
vt 0.704949 0.841536
vt 0.279346 0.258240
vt 0.110144 0.386241
vt 0.040256 0.315566
vt 0.511744 0.010997
vt 0.482176 0.963994
vt 0.497085 0.975604
vt 0.490289 0.992281
vt 0.817552 0.996189
vt 0.801125 0.995386
vt 0.819716 0.973377
vt 0.744264 0.313700
vt 0.726971 0.313838
vt 0.737151 0.715826
vt 0.757481 0.712128
vt 0.280830 0.251793
vt 0.146419 0.353025
vt 0.149688 0.345217
vt 0.462375 0.288216
vt 0.474804 0.270363
vt 0.474517 0.289492
vt 0.157899 0.340938
vt 0.162621 0.363365
vt 0.169771 0.345447
vt 0.168603 0.373641
vt 0.184588 0.354709
vt 0.364566 0.351455
vt 0.364117 0.325501
vt 0.247271 0.531049
vt 0.250929 0.537040
vt 0.239723 0.536280
vt 0.758792 0.060070
vt 0.758893 0.063845
vt 0.752046 0.059444
vt 0.133853 0.387318
vt 0.280991 0.236743
vt 0.799406 0.969590
vt 0.238426 0.954166
vt 0.234293 0.970532
vt 0.212660 0.953708
vt 0.760137 0.735446
vt 0.723842 0.323335
vt 0.954543 0.112831
vt 0.247088 0.560679
vt 0.744037 0.817795
vt 0.734307 0.799352
vt 0.479303 0.305475
vt 0.461682 0.292251
vt 0.147114 0.376166
vt 0.182177 0.378543
vt 0.386248 0.352421
vt 0.431939 0.381200
vt 0.325586 0.417662
vt 0.343523 0.417546
vt 0.727130 0.848828
vt 0.280719 0.243498
vt 0.148137 0.365274
vt 0.287020 0.243012
vt 0.497442 0.273980
vt 0.287346 0.206654
vt 0.503036 0.960043
vt 0.509085 0.983113
vt 0.934055 0.820325
vt 0.909714 0.823590
vt 0.922618 0.811673
vt 0.918993 0.838777
vt 0.403422 0.342068
vt 0.963670 0.106119
vt 0.971706 0.112834
vt 0.410412 0.355127
vt 0.240868 0.596140
vt 0.246957 0.582803
vt 0.250572 0.595020
vt 0.743788 0.053418
vt 0.251055 0.581066
vt 0.241624 0.573865
vt 0.496353 0.290468
vt 0.487632 0.291086
vt 0.390697 0.201112
vt 0.388540 0.231890
vt 0.379404 0.225284
vt 0.406897 0.223683
vt 0.398069 0.202489
vt 0.217290 0.933654
vt 0.411696 0.379535
vt 0.748669 0.798445
vt 0.238821 0.576693
vt 0.234042 0.568197
vt 0.370118 0.201631
vt 0.473475 0.410447
vt 0.476561 0.433716
vt 0.460703 0.428059
vt 0.460692 0.331466
vt 0.464192 0.310943
vt 0.472561 0.333843
vt 0.918526 0.856453
vt 0.909159 0.857189
vt 0.916937 0.846188
vt 0.973970 0.132738
vt 0.514010 0.456493
vt 0.524566 0.455829
vt 0.518665 0.467283
vt 0.224363 0.548774
vt 0.493426 0.305470
vt 0.147311 0.390636
vt 0.381344 0.199593
vt 0.489375 0.411317
vt 0.484346 0.424401
vt 0.380884 0.371016
vt 0.221437 0.531773
vt 0.213978 0.583648
vt 0.230753 0.571904
vt 0.228243 0.563647
vt 0.499357 0.293073
vt 0.481299 0.407340
vt 0.496322 0.411253
vt 0.371874 0.188015
vt 0.169370 0.385102
vt 0.898702 0.815167
vt 0.905512 0.810107
vt 0.224663 0.564985
vt 0.223530 0.558471
vt 0.226722 0.596987
vt 0.150089 0.386636
vt 0.408988 0.202782
vt 0.460829 0.405638
vt 0.447258 0.405895
vt 0.486768 0.310506
vt 0.267432 0.406360
vt 0.244056 0.377734
vt 0.272538 0.381149
vt 0.901802 0.841320
vt 0.621318 0.968317
vt 0.635240 0.981019
vt 0.630212 0.983332
vt 0.217783 0.558569
vt 0.218115 0.552331
vt 0.462881 0.304912
vt 0.331319 0.220921
vt 0.319014 0.217568
vt 0.333923 0.197681
vt 0.248332 0.413548
vt 0.352020 0.189497
vt 0.362881 0.189695
vt 0.343875 0.220066
vt 0.973120 0.147291
vt 0.967075 0.147002
vt 0.364268 0.373840
vt 0.930995 0.864591
vt 0.936227 0.864726
vt 0.933306 0.868786
vt 0.635582 0.986591
vt 0.631394 0.988690
vt 0.521506 0.492490
vt 0.506400 0.483543
vt 0.491881 0.504748
vt 0.503274 0.510186
vt 0.489796 0.393576
vt 0.500807 0.397126
vt 0.457835 0.403356
vt 0.403919 0.199624
vt 0.406387 0.368354
vt 0.615032 0.974133
vt 0.605575 0.967883
vt 0.599815 0.963966
vt 0.619671 0.982068
vt 0.622835 0.978317
vt 0.626660 0.985200
vt 0.447164 0.402804
vt 0.322332 0.221173
vt 0.243357 0.392413
vt 0.245699 0.370928
vt 0.255667 0.369309
vt 0.499219 0.328952
vt 0.174522 0.391474
vt 0.172388 0.393446
vt 0.605233 0.971823
vt 0.612744 0.977579
vt 0.871448 0.996341
vt 0.864848 0.991986
vt 0.881433 0.982237
vt 0.530892 0.479558
vt 0.209821 0.595393
vt 0.412927 0.200938
vt 0.396574 0.186645
vt 0.384520 0.186532
vt 0.242531 0.410948
vt 0.364870 0.217864
vt 0.163996 0.393308
vt 0.369185 0.168259
vt 0.376431 0.158497
vt 0.380075 0.171430
vt 0.373522 0.155119
vt 0.381131 0.151977
vt 0.378260 0.148108
vt 0.386205 0.148629
vt 0.599849 0.968771
vt 0.855583 0.973394
vt 0.868792 0.964577
vt 0.609197 0.993048
vt 0.913286 0.879912
vt 0.931934 0.895032
vt 0.530878 0.491453
vt 0.526525 0.525689
vt 0.513956 0.526247
vt 0.469935 0.389439
vt 0.356706 0.220830
vt 0.491973 0.370786
vt 0.475344 0.359951
vt 0.496780 0.361054
vt 0.318123 0.223825
vt 0.387610 0.183469
vt 0.370003 0.184459
vt 0.500158 0.390625
vt 0.489339 0.388052
vt 0.396509 0.161025
vt 0.395525 0.148424
vt 0.597784 0.986591
vt 0.910525 0.895853
vt 0.530205 0.504176
vt 0.326510 0.238274
vt 0.370768 0.219386
vt 0.404974 0.184995
vt 0.916053 0.909989
vt 0.530515 0.512115
vt 0.922050 0.912554
vt 0.930896 0.907919
vt 0.928582 0.912718
vt 0.480271 0.391177
vt 0.409368 0.181810
vt 0.407222 0.149008
vt 0.410504 0.163502
vt 0.887969 0.958351
vt 0.887668 0.965098
vt 0.886240 0.970938
vt 0.446424 0.389077
vt 0.346544 0.236757
vt 0.226084 0.375340
vt 0.241403 0.369831
vt 0.229954 0.414046
vt 0.225349 0.412342
vt 0.469247 0.384148
vt 0.424638 0.831304
vt 0.433694 0.830019
vt 0.435273 0.850892
vt 0.457187 0.387214
vt 0.370166 0.234910
vt 0.226232 0.400534
vt 0.415147 0.185570
vt 0.454831 0.364001
vt 0.903969 0.906953
vt 0.429864 0.818279
vt 0.366778 0.274863
vt 0.371451 0.278387
vt 0.368937 0.278756
vt 0.433800 0.813761
vt 0.915379 0.915800
vt 0.436856 0.821522
vt 0.338514 0.237379
vt 0.218199 0.382788
vt 0.203910 0.410402
vt 0.195466 0.388849
vt 0.190277 0.405934
vt 0.327506 0.262042
vt 0.354466 0.273765
vt 0.337528 0.271025
vt 0.366787 0.262207
vt 0.909567 0.913181
vt 0.424757 0.823994
vt 0.224796 0.391821
vt 0.217438 0.413791
vt 0.222292 0.400083
vt 0.451033 0.373103
vt 0.208980 0.370343
vt 0.343661 0.241404
vt 0.324779 0.241676
vt 0.318615 0.240020
vt 0.222157 0.413595
vt 0.447854 0.381513
vt 0.222797 0.369006
vt 0.364098 0.239987
s 1
g lamp_1_Material_0
usemtl Material_0
f 5/1/1 3/2/2 2/3/3
f 2/4/3 3/5/2 4/6/4
f 4/6/4 3/5/2 9/7/5
f 5/1/1 6/8/6 7/9/7
f 5/1/1 7/9/7 3/2/2
f 3/5/2 7/10/7 12/11/8
f 5/1/1 1/12/9 8/13/10
f 2/3/3 1/12/9 5/1/1
f 8/13/10 10/14/11 5/1/1
f 3/5/2 11/15/12 9/7/5
f 3/5/2 12/11/8 11/15/12
f 5/1/1 10/14/11 6/8/6
f 10/14/11 18/16/13 6/8/6
f 7/10/7 13/17/14 12/11/8
f 6/18/6 13/17/14 7/10/7
f 6/18/6 14/19/15 13/17/14
f 8/13/10 16/20/16 10/14/11
f 11/15/12 15/21/17 9/7/5
f 15/22/17 11/23/12 17/24/18
f 11/23/12 12/25/8 24/26/19
f 31/27/20 6/8/6 18/16/13
f 12/11/8 13/17/14 19/28/21
f 6/8/6 20/29/22 14/30/15
f 13/17/14 21/31/23 19/28/21
f 13/17/14 22/32/24 21/31/23
f 14/19/15 22/32/24 13/17/14
f 10/33/11 16/34/16 23/35/25
f 23/35/25 29/36/26 10/33/11
f 11/23/12 24/26/19 17/24/18
f 17/24/18 24/26/19 25/37/27
f 24/26/19 28/38/28 25/37/27
f 10/33/11 29/36/26 18/39/13
f 12/25/8 26/40/29 24/26/19
f 31/27/20 20/29/22 6/8/6
f 4/6/4 27/41/30 2/4/3
f 36/42/31 31/43/20 18/39/13
f 12/25/8 19/44/21 26/40/29
f 19/44/21 21/45/23 26/40/29
f 22/46/24 32/47/32 21/45/23
f 31/48/20 33/49/33 20/50/22
f 14/19/15 34/51/34 22/32/24
f 20/52/22 34/51/34 14/19/15
f 8/13/10 35/53/35 16/20/16
f 1/12/9 35/53/35 8/13/10
f 2/4/3 37/54/36 1/55/9
f 2/4/3 27/41/30 37/54/36
f 9/7/5 15/21/17 4/6/4
f 25/37/27 28/38/28 30/56/37
f 30/56/37 28/38/28 40/57/38
f 29/36/26 47/58/39 18/39/13
f 47/58/39 36/42/31 18/39/13
f 24/26/19 26/40/29 28/38/28
f 34/51/34 32/59/32 22/32/24
f 1/12/9 37/60/36 35/53/35
f 4/6/4 15/21/17 38/61/40
f 23/35/25 39/62/41 29/36/26
f 28/38/28 41/63/42 40/57/38
f 28/38/28 26/40/29 41/63/42
f 26/40/29 42/64/43 41/63/42
f 21/45/23 43/65/44 26/40/29
f 16/20/16 44/66/45 23/67/25
f 15/22/17 17/24/18 45/68/46
f 17/24/18 25/37/27 45/68/46
f 40/69/38 46/70/47 30/71/37
f 39/62/41 52/72/48 29/36/26
f 52/72/48 47/58/39 29/36/26
f 42/64/43 48/73/49 41/63/42
f 26/74/29 43/75/44 42/76/43
f 36/77/31 55/78/50 31/79/20
f 42/76/43 43/75/44 48/80/49
f 21/81/23 49/82/51 43/75/44
f 21/81/23 32/83/32 49/82/51
f 33/49/33 50/84/52 20/50/22
f 20/50/22 50/84/52 34/85/34
f 16/20/16 51/86/53 44/66/45
f 35/53/35 51/86/53 16/20/16
f 4/6/4 38/61/40 27/41/30
f 15/22/17 45/68/46 38/87/40
f 63/88/54 52/72/48 39/62/41
f 46/70/47 40/69/38 53/89/55
f 40/69/38 41/90/42 53/89/55
f 47/58/39 60/91/56 36/42/31
f 41/92/42 48/80/49 54/93/57
f 36/77/31 60/94/56 55/78/50
f 43/75/44 56/95/58 48/80/49
f 49/82/51 57/96/59 43/75/44
f 31/97/20 55/98/50 33/49/33
f 55/98/50 58/99/60 33/49/33
f 23/35/25 64/100/61 39/62/41
f 23/35/25 44/101/45 64/100/61
f 52/72/48 69/102/62 47/58/39
f 41/90/42 59/103/63 53/89/55
f 69/102/62 60/91/56 47/58/39
f 41/90/42 54/104/57 59/103/63
f 57/96/59 56/95/58 43/75/44
f 33/49/33 58/99/60 50/84/52
f 77/105/64 32/106/32 34/107/34
f 50/108/52 62/109/65 34/107/34
f 30/110/37 46/70/47 25/111/27
f 63/112/54 67/113/66 52/114/48
f 52/115/48 67/113/66 68/116/67
f 46/70/47 53/89/55 66/117/68
f 68/116/67 69/118/62 52/119/48
f 48/120/49 71/121/69 54/104/57
f 56/95/58 71/122/69 48/80/49
f 60/94/56 70/123/70 55/78/50
f 56/95/58 57/96/59 61/124/71
f 61/124/71 72/125/72 56/95/58
f 56/95/58 72/125/72 71/122/69
f 55/78/50 70/123/70 58/126/60
f 39/62/41 64/100/61 63/88/54
f 38/87/40 45/68/46 73/127/73
f 25/37/27 74/128/74 45/68/46
f 25/37/27 65/129/75 74/128/74
f 46/70/47 79/130/76 25/111/27
f 35/53/35 37/60/36 51/86/53
f 37/54/36 27/41/30 75/131/77
f 38/61/40 76/132/78 27/41/30
f 75/131/77 27/41/30 76/132/78
f 69/102/62 82/133/79 60/91/56
f 61/124/71 84/134/80 72/125/72
f 49/82/51 92/135/81 57/96/59
f 32/136/32 77/137/64 49/138/51
f 62/109/65 77/105/64 34/107/34
f 63/88/54 64/100/61 78/139/82
f 25/111/27 79/130/76 65/140/75
f 66/117/68 53/89/55 80/141/83
f 51/86/53 37/60/36 81/142/84
f 37/60/36 75/143/77 81/142/84
f 73/127/73 76/144/78 38/87/40
f 71/145/69 83/146/85 54/147/57
f 71/145/69 72/148/72 83/146/85
f 70/149/70 85/150/86 58/151/60
f 50/152/52 58/153/60 86/154/87
f 64/100/61 44/101/45 87/155/88
f 88/156/89 68/116/67 67/113/66
f 53/89/55 89/157/90 80/141/83
f 51/86/53 81/142/84 44/66/45
f 73/127/73 45/68/46 76/144/78
f 53/89/55 59/103/63 89/157/90
f 81/142/84 75/143/77 90/158/91
f 76/132/78 123/159/92 75/131/77
f 75/131/77 123/159/92 90/160/91
f 54/104/57 91/161/93 59/103/63
f 60/94/56 82/162/79 70/123/70
f 57/163/59 92/164/81 61/165/71
f 61/165/71 92/164/81 84/166/80
f 50/167/52 86/168/87 62/109/65
f 63/88/54 78/139/82 97/169/94
f 44/66/45 81/142/84 87/170/88
f 76/144/78 45/68/46 93/171/95
f 54/104/57 83/172/85 91/161/93
f 94/173/96 70/123/70 82/162/79
f 72/148/72 91/174/93 83/146/85
f 72/148/72 95/175/97 91/174/93
f 72/148/72 84/176/80 96/177/98
f 77/137/64 102/178/99 49/138/51
f 85/179/86 129/180/100 58/153/60
f 58/153/60 129/180/100 86/154/87
f 63/112/54 97/181/94 67/113/66
f 80/141/83 98/182/101 66/117/68
f 65/129/75 99/183/102 74/128/74
f 68/116/67 100/184/103 69/118/62
f 74/128/74 99/183/102 45/68/46
f 99/183/102 93/171/95 45/68/46
f 76/132/78 93/185/95 115/186/104
f 82/162/79 107/187/105 94/173/96
f 94/188/96 85/150/86 70/189/70
f 84/176/80 92/190/81 101/191/106
f 101/191/106 96/177/98 84/176/80
f 95/175/97 72/148/72 96/177/98
f 49/138/51 102/178/99 92/164/81
f 103/192/107 62/109/65 86/168/87
f 97/181/94 88/156/89 67/113/66
f 79/130/76 46/70/47 105/193/108
f 98/194/101 80/195/83 89/196/90
f 88/156/89 100/184/103 68/116/67
f 88/156/89 104/197/109 100/184/103
f 106/198/110 89/157/90 59/103/63
f 106/198/110 59/103/63 91/161/93
f 114/199/111 82/200/79 69/118/62
f 123/159/92 76/132/78 115/186/104
f 114/199/111 107/201/105 82/200/79
f 96/177/98 108/202/112 95/175/97
f 62/109/65 120/203/113 77/105/64
f 98/182/101 110/204/114 66/117/68
f 78/139/82 64/100/61 111/205/115
f 79/130/76 112/206/116 65/207/75
f 64/100/61 87/155/88 111/205/115
f 65/129/75 112/208/116 99/183/102
f 141/209/117 69/118/62 100/184/103
f 91/174/93 117/210/118 116/211/119
f 95/175/97 117/210/118 91/174/93
f 95/175/97 108/202/112 117/210/118
f 96/177/98 118/212/120 108/202/112
f 101/191/106 92/213/81 102/214/99
f 77/137/64 120/215/113 102/178/99
f 62/109/65 103/192/107 120/203/113
f 104/197/109 88/156/89 121/216/121
f 97/181/94 121/216/121 88/156/89
f 66/117/68 105/193/108 46/70/47
f 66/117/68 110/204/114 105/193/108
f 104/197/109 109/217/122 100/184/103
f 79/130/76 105/193/108 112/206/116
f 98/194/101 89/196/90 122/218/123
f 78/139/82 111/205/115 97/169/94
f 141/209/117 114/199/111 69/118/62
f 91/161/93 116/219/119 106/198/110
f 101/191/106 124/220/124 96/177/98
f 124/220/124 118/212/120 96/177/98
f 129/180/100 119/221/125 86/154/87
f 86/154/87 119/221/125 103/222/107
f 98/194/101 122/218/123 110/223/114
f 87/224/88 113/225/126 111/226/115
f 87/224/88 81/227/84 113/225/126
f 99/228/102 125/229/127 93/230/95
f 113/231/126 81/232/84 90/233/91
f 93/230/95 126/234/128 115/235/104
f 90/236/91 123/237/92 132/238/129
f 115/239/104 127/240/130 123/237/92
f 117/210/118 108/202/112 116/211/119
f 102/214/99 128/241/131 101/191/106
f 121/216/121 130/242/132 104/197/109
f 138/243/133 131/244/134 105/193/108
f 105/193/108 131/244/134 112/206/116
f 112/206/116 125/245/127 99/246/102
f 90/233/91 132/247/129 113/231/126
f 106/248/110 116/211/119 133/249/135
f 108/202/112 134/250/136 116/211/119
f 118/212/120 135/251/137 108/202/112
f 135/251/137 134/250/136 108/202/112
f 118/212/120 124/220/124 135/251/137
f 101/191/106 128/241/131 124/220/124
f 110/204/114 138/243/133 105/193/108
f 139/252/138 100/253/103 109/254/122
f 89/196/90 140/255/139 122/218/123
f 89/196/90 106/256/110 142/257/140
f 93/230/95 125/229/127 126/234/128
f 115/239/104 126/258/128 127/240/130
f 133/249/135 116/211/119 143/259/141
f 116/211/119 134/250/136 143/259/141
f 124/220/124 144/260/142 135/251/137
f 128/241/131 144/260/142 124/220/124
f 136/261/143 128/262/131 102/178/99
f 102/178/99 137/263/144 136/261/143
f 120/264/113 137/265/144 102/266/99
f 110/204/114 146/267/145 138/243/133
f 110/223/114 122/218/123 147/268/146
f 121/216/121 97/181/94 148/269/147
f 97/181/94 111/270/115 148/269/147
f 131/244/134 149/271/148 112/206/116
f 89/196/90 142/257/140 140/255/139
f 125/245/127 112/206/116 149/271/148
f 114/199/111 170/272/149 107/201/105
f 107/273/105 160/274/150 94/275/96
f 135/251/137 150/276/151 134/250/136
f 94/188/96 145/277/152 85/150/86
f 94/188/96 151/278/153 145/277/152
f 85/150/86 145/277/152 129/279/100
f 109/217/122 104/197/109 152/280/154
f 130/242/132 152/280/154 104/197/109
f 139/252/138 169/281/155 100/253/103
f 149/282/148 153/283/156 125/284/127
f 141/209/117 170/272/149 114/199/111
f 160/274/150 156/285/157 94/275/96
f 128/241/131 157/286/158 144/260/142
f 129/287/100 145/288/152 119/289/125
f 119/290/125 168/291/159 103/292/107
f 109/217/122 152/280/154 139/293/138
f 130/242/132 121/216/121 148/269/147
f 138/243/133 146/294/145 131/244/134
f 100/253/103 169/281/155 141/295/117
f 158/296/160 149/271/148 131/244/134
f 141/295/117 169/281/155 170/297/149
f 125/298/127 154/299/161 126/300/128
f 170/272/149 159/301/162 107/201/105
f 123/237/92 155/302/163 132/303/129
f 123/237/92 127/240/130 155/302/163
f 134/250/136 150/276/151 143/259/141
f 144/260/142 157/286/158 135/251/137
f 135/251/137 157/286/158 150/276/151
f 191/304/164 151/278/153 156/305/157
f 156/305/157 151/278/153 94/188/96
f 163/306/165 148/269/147 111/270/115
f 164/307/166 111/308/115 113/309/126
f 153/310/156 154/299/161 125/298/127
f 165/311/167 142/312/140 106/313/110
f 106/313/110 133/314/135 165/311/167
f 159/315/162 160/274/150 107/273/105
f 132/316/129 155/302/163 166/317/168
f 161/318/169 139/252/138 152/319/154
f 184/320/170 110/223/114 147/268/146
f 169/281/155 139/252/138 162/321/171
f 130/242/132 148/269/147 152/280/154
f 133/314/135 180/322/172 165/311/167
f 126/323/128 172/324/173 127/240/130
f 150/325/151 173/326/174 143/327/141
f 150/325/151 174/328/175 173/326/174
f 128/241/131 175/329/176 157/286/158
f 128/330/131 136/331/143 167/332/177
f 145/288/152 177/333/178 119/289/125
f 177/333/178 168/334/159 119/289/125
f 168/291/159 178/335/179 103/292/107
f 139/252/138 161/318/169 162/321/171
f 162/321/171 179/336/180 169/281/155
f 142/257/140 165/337/167 185/338/181
f 164/307/166 113/309/126 171/339/182
f 153/310/156 190/340/183 154/299/161
f 132/341/129 166/342/168 113/343/126
f 113/343/126 166/342/168 171/344/182
f 127/240/130 172/324/173 155/302/163
f 143/327/141 180/322/172 133/314/135
f 143/327/141 173/326/174 180/322/172
f 160/274/150 181/345/184 156/285/157
f 151/346/153 176/347/185 145/288/152
f 137/265/144 182/348/186 136/349/143
f 120/264/113 194/350/187 137/265/144
f 122/218/123 184/351/170 147/268/146
f 122/218/123 140/255/139 184/351/170
f 169/281/155 179/336/180 188/352/188
f 169/281/155 188/352/188 170/297/149
f 140/255/139 142/257/140 185/338/181
f 164/307/166 163/353/165 111/354/115
f 126/300/128 154/299/161 172/355/173
f 150/325/151 157/356/158 174/328/175
f 167/332/177 175/357/176 128/330/131
f 176/347/185 177/333/178 145/288/152
f 103/292/107 178/335/179 120/264/113
f 131/358/134 146/359/145 158/360/160
f 152/280/154 148/269/147 189/361/189
f 140/255/139 185/338/181 192/362/190
f 181/345/184 191/363/164 156/285/157
f 151/364/153 191/363/164 176/365/185
f 194/350/187 182/348/186 137/265/144
f 146/359/145 110/223/114 183/366/191
f 146/359/145 198/367/192 158/360/160
f 163/306/165 189/361/189 148/269/147
f 174/368/175 157/369/158 193/370/193
f 177/333/178 176/347/185 186/371/194
f 206/372/195 168/334/159 177/333/178
f 178/335/179 194/350/187 120/264/113
f 161/318/169 187/373/196 162/321/171
f 110/223/114 211/374/197 183/366/191
f 110/223/114 184/375/170 211/374/197
f 195/376/198 179/336/180 162/321/171
f 183/366/191 196/377/199 146/359/145
f 170/378/149 188/379/188 197/380/200
f 158/360/160 198/367/192 149/381/148
f 149/382/148 200/383/201 153/283/156
f 153/283/156 200/383/201 190/384/183
f 172/385/173 154/386/161 202/387/202
f 155/388/163 210/389/203 166/390/168
f 173/326/174 203/391/204 180/322/172
f 166/390/168 210/389/203 209/392/205
f 173/326/174 174/328/175 203/391/204
f 174/368/175 193/370/193 203/393/204
f 157/369/158 204/394/206 193/370/193
f 157/369/158 175/357/176 204/394/206
f 176/395/185 191/396/164 205/397/207
f 140/398/139 217/399/208 184/400/170
f 152/401/154 212/402/209 161/318/169
f 197/380/200 159/403/162 170/378/149
f 164/307/166 171/339/182 208/404/210
f 160/405/150 159/406/162 201/407/211
f 171/344/182 166/342/168 213/408/212
f 181/345/184 160/274/150 201/409/211
f 172/385/173 202/387/202 210/410/203
f 172/385/173 210/410/203 155/411/163
f 136/412/143 182/413/186 167/332/177
f 177/333/178 186/371/194 206/372/195
f 168/334/159 206/372/195 178/414/179
f 178/335/179 206/415/195 207/416/213
f 184/400/170 217/399/208 216/417/214
f 152/418/154 189/419/189 212/420/209
f 140/398/139 192/421/190 217/399/208
f 146/359/145 219/422/215 198/367/192
f 189/361/189 163/306/165 199/423/216
f 163/424/165 164/425/166 199/426/216
f 199/427/216 164/307/166 208/404/210
f 231/428/217 191/363/164 181/345/184
f 231/428/217 214/429/218 191/363/164
f 205/397/207 191/396/164 214/430/218
f 207/416/213 194/350/187 178/335/179
f 211/431/197 184/400/170 216/417/214
f 227/432/219 187/373/196 161/318/169
f 227/432/219 161/318/169 218/433/220
f 218/433/220 161/318/169 212/402/209
f 146/359/145 196/377/199 219/422/215
f 180/322/172 220/434/221 165/311/167
f 208/404/210 171/339/182 213/435/212
f 180/436/172 203/393/204 221/437/222
f 166/390/168 209/392/205 213/438/212
f 193/370/193 204/394/206 222/439/223
f 205/397/207 215/440/224 176/395/185
f 195/376/198 223/441/225 179/336/180
f 185/442/181 224/443/226 192/421/190
f 198/444/192 225/445/227 149/446/148
f 185/447/181 165/311/167 224/448/226
f 159/406/162 230/449/228 201/407/211
f 154/386/161 190/450/183 202/387/202
f 193/370/193 221/437/222 203/393/204
f 193/370/193 222/439/223 221/437/222
f 167/332/177 226/451/229 175/357/176
f 187/373/196 227/432/219 162/321/171
f 211/431/197 196/452/199 183/453/191
f 149/446/148 225/445/227 200/454/201
f 165/311/167 220/434/221 224/455/226
f 190/456/183 200/457/201 240/458/230
f 180/436/172 221/437/222 220/459/221
f 194/460/187 235/461/231 182/462/186
f 223/463/225 245/464/232 179/465/180
f 179/465/180 245/464/232 188/466/188
f 197/467/200 230/449/228 159/406/162
f 201/407/211 251/468/233 231/469/217
f 201/407/211 231/469/217 181/470/184
f 222/439/223 228/471/234 221/437/222
f 175/357/176 226/451/229 204/394/206
f 205/397/207 214/430/218 233/472/235
f 167/473/177 234/474/236 226/475/229
f 182/476/186 234/474/236 167/473/177
f 215/477/224 186/371/194 176/347/185
f 235/461/231 234/478/236 182/462/186
f 186/371/194 236/479/237 206/372/195
f 207/480/213 237/481/238 194/460/187
f 227/432/219 256/482/239 162/321/171
f 216/417/214 244/483/240 211/431/197
f 216/417/214 217/399/208 229/484/241
f 217/399/208 192/421/190 247/485/242
f 219/422/215 238/486/243 198/367/192
f 189/487/189 199/426/216 212/488/209
f 212/488/209 199/426/216 239/489/244
f 220/459/221 221/437/222 241/490/245
f 190/450/183 242/491/246 202/387/202
f 202/387/202 232/492/247 210/410/203
f 194/460/187 237/481/238 235/461/231
f 162/493/171 256/494/239 195/495/198
f 211/431/197 244/483/240 196/452/199
f 199/426/216 208/496/210 273/497/248
f 213/438/212 259/498/249 208/499/210
f 222/439/223 204/394/206 246/500/250
f 222/439/223 246/500/250 228/471/234
f 226/451/229 254/501/251 204/394/206
f 227/432/219 243/502/252 256/482/239
f 216/417/214 229/484/241 244/483/240
f 227/432/219 218/433/220 243/502/252
f 218/433/220 212/402/209 257/503/253
f 192/421/190 224/443/226 248/504/254
f 197/380/200 258/505/255 230/506/228
f 198/444/192 238/507/243 225/445/227
f 224/508/226 220/509/221 250/510/256
f 230/449/228 249/511/257 201/407/211
f 190/512/183 240/513/230 242/514/246
f 202/387/202 242/491/246 232/492/247
f 221/437/222 228/471/234 241/490/245
f 210/410/203 232/492/247 252/515/258
f 210/410/203 252/515/258 209/516/205
f 266/517/259 237/518/238 207/519/213
f 255/520/260 223/463/225 195/495/198
f 255/520/260 195/495/198 256/494/239
f 245/464/232 284/521/261 188/466/188
f 258/522/255 188/523/188 284/524/261
f 258/522/255 197/525/200 188/523/188
f 199/426/216 273/497/248 239/526/244
f 249/511/257 251/468/233 201/407/211
f 228/471/234 253/527/262 241/490/245
f 246/500/250 253/527/262 228/471/234
f 204/394/206 254/501/251 246/500/250
f 255/520/260 245/464/232 223/463/225
f 229/484/241 217/399/208 261/528/263
f 258/529/255 249/530/257 230/531/228
f 224/508/226 250/510/256 262/532/264
f 220/533/221 241/534/245 263/535/265
f 265/536/266 207/537/213 206/538/195
f 206/538/195 236/539/237 265/536/266
f 255/520/260 267/540/267 245/464/232
f 245/464/232 267/540/267 260/541/268
f 218/542/220 257/543/253 243/544/252
f 247/485/242 192/421/190 248/504/254
f 212/545/209 239/546/244 271/547/269
f 220/533/221 263/535/265 250/548/256
f 259/549/249 273/550/248 208/551/210
f 241/490/245 253/527/262 268/552/270
f 213/438/212 209/392/205 278/553/271
f 253/527/262 246/500/250 269/554/272
f 254/555/251 226/475/229 274/556/273
f 234/474/236 274/556/273 226/475/229
f 186/557/194 215/558/224 264/559/274
f 265/560/266 266/517/259 207/519/213
f 244/483/240 299/561/275 196/452/199
f 196/452/199 270/562/276 219/563/215
f 224/508/226 262/532/264 248/564/254
f 263/535/265 241/565/245 268/566/270
f 231/567/217 251/568/233 300/569/277
f 231/567/217 300/569/277 214/430/218
f 253/527/262 269/554/272 268/552/270
f 246/500/250 254/501/251 269/554/272
f 235/461/231 292/570/278 234/478/236
f 256/494/239 243/544/252 275/571/279
f 217/572/208 247/573/242 261/574/263
f 257/575/253 212/420/209 271/576/269
f 239/577/244 273/550/248 272/578/280
f 259/498/249 278/553/271 288/579/281
f 259/498/249 213/438/212 278/553/271
f 278/553/271 209/392/205 279/580/282
f 274/581/273 281/582/283 254/501/251
f 186/557/194 264/559/274 236/539/237
f 255/520/260 256/494/239 275/571/279
f 229/484/241 276/583/284 244/483/240
f 261/574/263 283/584/285 229/585/241
f 282/586/286 260/541/268 267/540/267
f 238/587/243 286/588/287 225/589/227
f 239/546/244 272/590/280 271/547/269
f 200/457/201 225/589/227 287/591/288
f 259/592/249 288/593/281 273/550/248
f 269/554/272 281/582/283 268/552/270
f 242/514/246 280/594/289 232/595/247
f 254/501/251 281/582/283 269/554/272
f 232/595/247 280/594/289 252/596/258
f 209/597/205 252/598/258 279/599/282
f 233/472/235 289/600/290 205/397/207
f 205/601/207 290/602/291 215/603/224
f 274/556/273 234/474/236 291/604/292
f 234/474/236 292/605/278 291/604/292
f 275/571/279 243/544/252 293/606/293
f 196/452/199 299/561/275 270/562/276
f 247/573/242 248/607/254 294/608/294
f 219/609/215 270/610/276 285/611/295
f 200/457/201 287/591/288 277/612/296
f 200/457/201 277/612/296 240/458/230
f 214/430/218 289/600/290 233/472/235
f 266/517/259 296/613/297 237/518/238
f 255/520/260 304/614/298 267/540/267
f 255/520/260 275/571/279 304/614/298
f 229/585/241 309/615/299 276/616/284
f 282/586/286 297/617/300 260/541/268
f 261/574/263 298/618/301 283/584/285
f 244/483/240 276/583/284 299/561/275
f 245/464/232 260/541/268 284/521/261
f 284/524/261 316/619/302 258/522/255
f 268/566/270 281/620/283 263/535/265
f 214/430/218 302/621/303 289/600/290
f 215/603/224 301/622/304 264/623/274
f 237/518/238 296/613/297 235/624/231
f 235/624/231 296/613/297 315/625/305
f 229/585/241 283/584/285 309/615/299
f 261/574/263 247/573/242 298/618/301
f 271/626/269 311/627/306 257/628/253
f 219/609/215 285/611/295 238/629/243
f 225/589/227 286/588/287 287/591/288
f 249/530/257 306/630/307 251/631/233
f 251/631/233 306/630/307 300/632/277
f 214/430/218 300/569/277 302/621/303
f 242/514/246 303/633/308 280/594/289
f 281/634/283 274/556/273 308/635/309
f 205/601/207 289/636/290 290/602/291
f 276/583/284 309/637/299 299/561/275
f 257/543/253 305/638/310 243/544/252
f 260/541/268 316/639/302 284/521/261
f 258/529/255 306/630/307 249/530/257
f 273/550/248 288/593/281 272/578/280
f 240/640/230 303/641/308 242/642/246
f 235/624/231 315/625/305 292/643/278
f 236/539/237 264/559/274 265/536/266
f 267/540/267 304/614/298 282/586/286
f 282/586/286 310/644/311 297/617/300
f 243/544/252 305/638/310 293/606/293
f 247/573/242 294/608/294 298/618/301
f 238/645/243 285/646/295 286/647/287
f 272/578/280 288/593/281 313/648/312
f 288/649/281 278/650/271 307/651/313
f 252/596/258 280/594/289 314/652/314
f 275/571/279 293/606/293 304/614/298
f 297/617/300 316/639/302 260/541/268
f 294/653/294 248/564/254 317/654/315
f 248/564/254 262/532/264 317/654/315
f 258/529/255 318/655/316 306/630/307
f 262/532/264 250/510/256 312/656/317
f 272/578/280 319/657/318 271/658/269
f 250/510/256 263/659/265 312/656/317
f 277/612/296 287/591/288 329/660/319
f 300/661/277 295/662/320 302/663/303
f 278/650/271 320/664/321 307/651/313
f 308/635/309 274/556/273 321/665/322
f 274/556/273 291/604/292 321/665/322
f 290/602/291 301/622/304 215/603/224
f 283/584/285 298/618/301 327/666/323
f 316/619/302 318/667/316 258/522/255
f 271/658/269 319/657/318 311/668/306
f 313/648/312 319/657/318 272/578/280
f 306/669/307 323/670/324 300/671/277
f 300/671/277 323/670/324 295/662/320
f 277/672/296 303/641/308 240/640/230
f 279/599/282 320/664/321 278/650/271
f 279/673/282 252/674/258 325/675/325
f 252/674/258 314/676/314 325/675/325
f 282/677/286 304/678/298 310/679/311
f 297/680/300 310/679/311 322/681/326
f 257/628/253 311/627/306 305/682/310
f 262/532/264 312/656/317 317/654/315
f 329/683/319 303/641/308 277/672/296
f 320/664/321 279/599/282 330/684/327
f 326/685/328 265/686/266 264/687/274
f 340/688/329 296/613/297 266/517/259
f 340/688/329 266/517/259 265/689/266
f 327/666/323 298/618/301 332/690/330
f 333/691/331 298/618/301 294/608/294
f 305/682/310 311/627/306 342/692/332
f 286/647/287 359/693/333 287/694/288
f 359/695/333 329/683/319 287/696/288
f 337/697/334 313/648/312 288/593/281
f 307/698/313 337/699/334 288/700/281
f 326/685/328 264/687/274 301/701/304
f 304/678/298 355/702/335 310/679/311
f 304/678/298 334/703/336 355/702/335
f 304/614/298 293/606/293 334/704/336
f 319/657/318 313/648/312 335/705/337
f 263/535/265 281/620/283 328/706/338
f 308/707/309 328/708/338 281/709/283
f 280/594/289 303/633/308 324/710/339
f 279/599/282 325/711/325 330/684/327
f 338/712/340 291/713/292 292/643/278
f 315/625/305 338/712/340 292/643/278
f 296/613/297 339/714/341 315/625/305
f 322/681/326 310/679/311 346/715/342
f 309/615/299 366/716/343 331/717/344
f 309/615/299 283/584/285 366/716/343
f 346/715/342 341/718/345 322/681/326
f 322/681/326 341/718/345 297/680/300
f 298/618/301 333/691/331 332/690/330
f 270/610/276 299/719/275 357/720/346
f 270/610/276 357/720/346 285/611/295
f 318/721/316 343/722/347 306/723/307
f 306/630/307 343/724/347 323/725/324
f 291/726/292 338/727/340 345/728/348
f 340/688/329 339/714/341 296/613/297
f 293/729/293 305/730/310 348/731/349
f 305/730/310 342/732/332 348/731/349
f 328/706/338 312/733/317 263/535/265
f 313/648/312 351/734/350 335/705/337
f 337/697/334 351/734/350 313/648/312
f 329/683/319 352/735/351 303/641/308
f 330/684/327 353/736/352 320/664/321
f 289/636/290 362/737/353 290/602/291
f 326/738/328 340/739/329 265/740/266
f 327/666/323 366/716/343 283/584/285
f 293/741/293 348/742/349 334/703/336
f 309/615/299 347/743/354 299/744/275
f 297/680/300 356/745/355 316/746/302
f 311/627/306 349/747/356 342/692/332
f 323/670/324 336/748/357 295/662/320
f 320/749/321 360/750/358 307/698/313
f 324/751/339 303/641/308 352/735/351
f 289/752/290 302/753/303 365/754/359
f 280/755/289 361/756/360 314/676/314
f 290/602/291 362/737/353 354/757/361
f 291/726/292 345/728/348 321/758/322
f 301/622/304 290/602/291 363/759/362
f 310/679/311 383/760/363 346/715/342
f 310/679/311 355/702/335 383/760/363
f 299/719/275 347/761/354 357/720/346
f 285/646/295 350/762/364 286/647/287
f 319/763/318 335/764/337 311/765/306
f 323/670/324 343/766/347 336/748/357
f 320/749/321 353/767/352 360/750/358
f 324/768/339 361/756/360 280/755/289
f 308/707/309 321/769/322 344/770/365
f 289/636/290 365/771/359 362/772/353
f 290/602/291 354/757/361 363/759/362
f 327/666/323 332/690/330 366/716/343
f 309/615/299 331/717/344 347/743/354
f 333/691/331 294/608/294 367/773/366
f 294/774/294 317/654/315 367/775/366
f 317/654/315 358/776/367 367/775/366
f 312/656/317 358/776/367 317/654/315
f 329/777/319 359/778/333 364/779/368
f 295/662/320 369/780/369 302/663/303
f 308/707/309 378/781/370 328/708/338
f 308/707/309 344/770/365 378/781/370
f 307/698/313 360/750/358 337/699/334
f 330/782/327 325/783/325 370/784/371
f 325/783/325 371/785/372 370/784/371
f 314/676/314 372/786/373 325/675/325
f 325/675/325 372/786/373 371/787/372
f 301/788/304 373/789/374 326/738/328
f 334/703/336 388/790/375 355/702/335
f 383/760/363 374/791/376 346/715/342
f 346/715/342 374/791/376 341/718/345
f 297/680/300 341/718/345 356/745/355
f 311/765/306 368/792/377 349/793/356
f 311/765/306 335/764/337 368/792/377
f 286/647/287 350/762/364 359/794/333
f 295/662/320 336/748/357 369/780/369
f 329/683/319 364/795/368 352/735/351
f 302/663/303 369/780/369 365/796/359
f 314/676/314 361/756/360 372/786/373
f 345/728/348 338/727/340 375/797/378
f 301/788/304 363/798/362 373/789/374
f 355/702/335 388/790/375 383/760/363
f 332/799/330 376/800/379 366/801/343
f 332/799/330 333/802/331 376/800/379
f 285/611/295 357/720/346 350/803/364
f 312/733/317 328/706/338 377/804/380
f 377/804/380 328/706/338 378/805/370
f 369/806/369 379/807/381 365/808/359
f 353/809/352 330/782/327 370/784/371
f 379/810/381 380/811/382 365/754/359
f 365/754/359 380/811/382 362/812/353
f 362/812/353 380/811/382 354/813/361
f 380/814/382 381/815/383 354/757/361
f 334/703/336 348/742/349 388/790/375
f 356/816/355 384/817/384 316/818/302
f 316/818/302 384/817/384 318/819/316
f 369/806/369 386/820/385 379/807/381
f 354/757/361 381/815/383 363/759/362
f 373/789/374 363/798/362 394/821/386
f 315/822/305 339/823/341 338/727/340
f 366/801/343 389/824/387 331/825/344
f 333/802/331 367/826/366 401/827/388
f 342/828/332 417/829/389 348/830/349
f 384/831/384 385/832/390 318/721/316
f 357/833/346 391/834/391 350/762/364
f 312/656/317 377/835/380 358/776/367
f 335/764/337 351/836/350 405/837/392
f 378/781/370 344/770/365 393/838/393
f 381/815/383 394/839/386 363/759/362
f 340/739/329 326/738/328 382/840/394
f 339/841/341 340/842/329 387/843/395
f 388/790/375 390/844/396 409/845/397
f 388/790/375 348/742/349 390/844/396
f 348/742/349 417/846/389 390/844/396
f 342/847/332 349/848/356 426/849/398
f 350/850/364 395/851/399 359/778/333
f 336/852/357 343/853/347 392/854/400
f 352/735/351 364/795/368 397/855/401
f 379/810/381 407/856/402 380/811/382
f 321/857/322 460/858/403 344/859/365
f 345/860/348 460/858/403 321/857/322
f 374/791/376 399/861/404 341/718/345
f 376/800/379 333/802/331 401/827/388
f 331/825/344 400/862/405 347/863/354
f 358/864/367 403/865/406 367/866/366
f 318/721/316 385/832/390 404/867/407
f 318/721/316 404/867/407 343/722/347
f 369/806/369 336/852/357 418/868/408
f 369/806/369 418/868/408 386/820/385
f 337/699/334 396/869/409 351/870/350
f 379/807/381 386/820/385 398/871/410
f 352/872/351 397/873/401 406/874/411
f 352/872/351 406/874/411 324/875/339
f 324/875/339 406/874/411 361/876/360
f 370/877/371 371/878/372 372/879/373
f 407/856/402 381/880/383 380/811/382
f 383/760/363 388/790/375 409/845/397
f 356/745/355 341/718/345 399/861/404
f 402/881/412 357/882/346 347/883/354
f 411/884/413 349/848/356 368/885/377
f 368/792/377 335/764/337 405/837/392
f 392/854/400 418/868/408 336/852/357
f 413/886/414 364/779/368 359/778/333
f 413/886/414 359/778/333 395/851/399
f 377/887/380 378/781/370 412/888/415
f 337/699/334 360/750/358 396/869/409
f 394/821/386 422/889/416 373/789/374
f 373/789/374 415/890/417 326/738/328
f 387/891/395 408/892/418 339/893/341
f 366/801/343 416/894/419 389/824/387
f 400/862/405 402/895/412 347/863/354
f 426/849/398 349/848/356 411/884/413
f 419/896/420 353/897/352 370/898/371
f 370/877/371 372/879/373 419/899/420
f 407/856/402 420/900/421 381/880/383
f 381/901/383 421/902/422 394/821/386
f 373/789/374 422/889/416 415/890/417
f 339/841/341 408/903/418 338/904/340
f 326/738/328 415/890/417 382/840/394
f 340/739/329 382/840/394 387/905/395
f 376/800/379 424/906/423 366/801/343
f 423/907/424 399/861/404 374/791/376
f 331/825/344 389/824/387 400/862/405
f 342/847/332 426/849/398 417/908/389
f 377/909/380 438/910/425 358/911/367
f 350/762/364 391/834/391 395/912/399
f 343/853/347 404/913/407 392/854/400
f 418/868/408 427/914/426 386/820/385
f 414/915/427 405/916/392 351/917/350
f 396/918/409 414/919/427 351/920/350
f 379/810/381 398/921/410 407/856/402
f 408/892/418 429/922/428 338/923/340
f 387/891/395 430/924/429 408/892/418
f 382/925/394 431/926/430 387/891/395
f 387/891/395 431/926/430 430/924/429
f 431/926/430 435/927/431 430/924/429
f 431/926/430 433/928/432 435/927/431
f 430/924/429 435/927/431 432/929/433
f 435/927/431 434/930/434 432/929/433
f 376/800/379 436/931/435 424/906/423
f 376/800/379 401/827/388 436/931/435
f 367/826/366 410/932/436 401/827/388
f 356/816/355 425/933/437 384/817/384
f 357/882/346 437/934/438 391/935/391
f 403/865/406 358/864/367 438/936/425
f 405/937/392 439/938/439 368/939/377
f 404/913/407 440/940/440 392/854/400
f 353/809/352 428/941/441 360/942/358
f 361/876/360 406/874/411 442/943/442
f 419/896/420 428/944/441 353/897/352
f 372/879/373 443/945/443 419/899/420
f 361/946/360 443/945/443 372/879/373
f 381/947/383 420/948/421 421/949/422
f 394/821/386 421/902/422 444/950/444
f 431/951/430 382/952/394 433/953/432
f 432/929/433 434/930/434 430/924/429
f 435/927/431 455/954/445 434/930/434
f 445/955/446 446/956/447 433/953/432
f 433/953/432 446/956/447 435/957/431
f 383/760/363 423/958/424 374/791/376
f 383/760/363 409/845/397 423/958/424
f 366/801/343 447/959/448 416/894/419
f 424/906/423 447/959/448 366/801/343
f 356/960/355 449/961/449 425/962/437
f 392/854/400 440/940/440 450/963/450
f 392/854/400 450/963/450 418/868/408
f 418/868/408 450/963/450 427/914/426
f 378/781/370 393/838/393 412/888/415
f 386/820/385 451/964/451 398/871/410
f 394/821/386 444/950/444 422/889/416
f 430/924/429 434/930/434 408/892/418
f 434/930/434 453/965/452 408/892/418
f 415/966/417 454/967/453 382/952/394
f 382/952/394 454/967/453 433/953/432
f 453/965/452 434/930/434 455/954/445
f 433/953/432 454/967/453 445/955/446
f 435/927/431 446/968/447 455/954/445
f 445/955/446 456/969/454 446/956/447
f 416/894/419 447/959/448 462/970/455
f 399/971/404 423/972/424 448/973/456
f 399/971/404 449/974/449 356/975/355
f 367/866/366 403/865/406 410/976/436
f 426/849/398 411/884/413 468/977/457
f 391/935/391 437/934/438 458/978/458
f 391/979/391 466/980/459 395/851/399
f 413/886/414 441/981/460 364/779/368
f 364/779/368 441/981/460 397/982/401
f 360/942/358 428/941/441 396/983/409
f 344/984/365 459/985/461 393/986/393
f 460/858/403 459/985/461 344/984/365
f 338/727/340 452/987/462 375/797/378
f 408/892/418 453/988/452 429/922/428
f 446/968/447 461/989/463 455/954/445
f 446/968/447 456/990/454 461/989/463
f 409/991/397 457/992/464 423/972/424
f 424/906/423 463/993/465 447/959/448
f 409/994/397 390/995/396 457/992/464
f 448/973/456 464/996/466 399/971/404
f 389/824/387 416/894/419 400/862/405
f 399/971/404 464/996/466 449/974/449
f 417/908/389 426/849/398 465/997/467
f 384/998/384 488/999/468 385/1000/390
f 377/909/380 490/1001/469 438/910/425
f 377/1002/380 412/1003/415 490/1004/469
f 386/820/385 427/914/426 451/964/451
f 398/921/410 451/1005/451 407/856/402
f 420/900/421 407/856/402 471/1006/470
f 338/1007/340 429/922/428 452/1008/462
f 415/890/417 422/889/416 475/1009/471
f 475/1010/471 454/967/453 415/966/417
f 475/1010/471 496/1011/472 454/967/453
f 455/1012/445 480/1013/473 453/1014/452
f 454/967/453 485/1015/474 445/955/446
f 445/955/446 485/1015/474 456/969/454
f 424/906/423 436/931/435 463/993/465
f 401/827/388 410/932/436 467/1016/475
f 426/849/398 468/977/457 465/997/467
f 402/881/412 437/934/438 357/882/346
f 395/851/399 466/1017/459 413/886/414
f 396/918/409 469/1018/476 414/919/427
f 451/1005/451 471/1006/470 407/856/402
f 361/946/360 442/1019/442 443/945/443
f 345/860/348 473/1020/477 460/858/403
f 375/1021/378 452/1022/462 345/860/348
f 345/860/348 452/1022/462 473/1020/477
f 421/902/422 474/1023/478 444/950/444
f 453/1014/452 479/1024/479 429/1025/428
f 453/1014/452 480/1013/473 479/1024/479
f 456/990/454 476/1026/480 461/989/463
f 436/931/435 401/827/388 477/1027/481
f 390/1028/396 417/1029/389 528/1030/482
f 425/962/437 488/1031/468 384/1032/384
f 403/865/406 438/936/425 478/1033/483
f 404/1034/407 385/1000/390 504/1035/484
f 368/939/377 439/938/439 411/1036/413
f 391/1037/391 458/1038/458 466/1039/459
f 396/918/409 428/1040/441 493/1041/485
f 419/899/420 443/945/443 472/1042/486
f 422/889/416 444/950/444 475/1009/471
f 429/1025/428 479/1024/479 452/1043/462
f 481/1044/487 482/1045/488 461/989/463
f 455/954/445 461/989/463 483/1046/489
f 455/1012/445 483/1047/489 480/1013/473
f 456/969/454 486/1048/490 476/1049/480
f 476/1026/480 481/1044/487 461/989/463
f 485/1015/474 486/1048/490 456/969/454
f 448/973/456 502/1050/491 464/996/466
f 457/992/464 390/995/396 528/1051/482
f 402/895/412 400/862/405 489/1052/492
f 402/881/412 489/1053/492 437/934/438
f 404/1034/407 505/1054/493 440/1055/440
f 405/937/392 491/1056/494 439/938/439
f 405/916/392 414/915/427 469/1057/476
f 396/918/409 493/1041/485 469/1018/476
f 397/1058/401 441/1059/460 507/1060/495
f 393/1061/393 459/1062/461 470/1063/496
f 444/950/444 495/1064/497 475/1009/471
f 495/1065/497 496/1011/472 475/1010/471
f 483/1047/489 461/1066/463 482/1067/488
f 480/1013/473 483/1047/489 484/1068/498
f 496/1011/472 497/1069/499 454/967/453
f 497/1069/499 498/1070/500 454/967/453
f 454/967/453 498/1070/500 485/1015/474
f 481/1044/487 527/1071/501 482/1045/488
f 485/1015/474 498/1070/500 486/1048/490
f 482/1045/488 527/1071/501 499/1072/502
f 457/992/464 500/1073/503 423/972/424
f 416/894/419 462/970/455 400/862/405
f 400/862/405 487/1074/504 489/1052/492
f 403/865/406 503/1075/505 410/976/436
f 403/865/406 478/1033/483 503/1075/505
f 450/963/450 506/1076/506 427/914/426
f 469/1057/476 492/1077/507 405/916/392
f 393/1061/393 470/1063/496 412/1078/415
f 397/1058/401 507/1060/495 406/1079/411
f 419/896/420 472/1080/486 508/1081/508
f 442/1019/442 494/1082/509 443/945/443
f 443/945/443 494/1082/509 472/1042/486
f 460/858/403 473/1020/477 459/985/461
f 479/1024/479 509/1083/510 452/1043/462
f 482/1067/488 499/1084/502 510/1085/511
f 482/1067/488 510/1085/511 483/1047/489
f 480/1013/473 513/1086/512 479/1024/479
f 510/1085/511 499/1084/502 512/1087/513
f 484/1068/498 511/1088/514 480/1013/473
f 486/1048/490 498/1070/500 514/1089/515
f 486/1048/490 515/1090/516 476/1049/480
f 476/1026/480 515/1091/516 481/1044/487
f 481/1044/487 515/1091/516 527/1071/501
f 423/972/424 500/1073/503 516/1092/517
f 457/992/464 501/1093/518 500/1073/503
f 423/972/424 516/1092/517 448/973/456
f 448/973/456 516/1092/517 502/1050/491
f 401/827/388 467/1016/475 477/1027/481
f 417/1029/389 465/1094/467 528/1030/482
f 404/1034/407 504/1035/484 505/1054/493
f 458/1095/458 517/1096/519 466/1097/459
f 438/910/425 490/1001/469 478/1098/483
f 405/916/392 492/1077/507 491/1099/494
f 450/1100/450 530/1101/520 506/1102/506
f 428/1103/441 518/1104/521 493/1105/485
f 406/1079/411 519/1106/522 442/1107/442
f 451/1005/451 520/1108/523 471/1006/470
f 419/896/420 508/1081/508 428/944/441
f 420/1109/421 471/1110/470 521/1111/524
f 420/1109/421 521/1111/524 421/1112/422
f 452/1113/462 522/1114/525 473/1115/477
f 495/1064/497 523/1116/526 496/1117/472
f 483/1047/489 524/1118/527 484/1068/498
f 510/1085/511 524/1118/527 483/1047/489
f 484/1068/498 524/1118/527 525/1119/528
f 484/1068/498 525/1119/528 511/1088/514
f 511/1088/514 513/1086/512 480/1013/473
f 479/1024/479 513/1086/512 509/1120/510
f 510/1085/511 512/1087/513 524/1118/527
f 486/1048/490 514/1089/515 534/1121/529
f 534/1121/529 515/1090/516 486/1048/490
f 499/1084/502 527/1122/501 526/1123/530
f 499/1084/502 526/1123/530 512/1087/513
f 447/959/448 555/1124/531 462/970/455
f 463/993/465 477/1027/481 447/959/448
f 463/993/465 436/931/435 477/1027/481
f 400/862/405 462/970/455 487/1074/504
f 504/1035/484 385/1000/390 488/999/468
f 560/1125/532 458/1095/458 437/1126/438
f 529/1127/533 468/1128/457 411/1129/413
f 529/1130/533 411/1036/413 439/938/439
f 530/1101/520 440/1131/440 505/1132/493
f 530/1101/520 450/1100/450 440/1131/440
f 506/1133/506 451/1134/451 427/914/426
f 441/1135/460 413/1136/414 538/1137/534
f 507/1060/495 519/1138/522 406/1079/411
f 531/1139/535 428/1140/441 508/1141/508
f 532/1142/536 472/1042/486 494/1082/509
f 474/1143/478 495/1064/497 444/950/444
f 523/1144/526 497/1069/499 496/1011/472
f 512/1087/513 533/1145/537 524/1118/527
f 541/1146/538 534/1121/529 514/1089/515
f 541/1146/538 514/1089/515 498/1070/500
f 533/1145/537 512/1087/513 526/1123/530
f 533/1145/537 526/1123/530 535/1147/539
f 529/1130/533 439/938/439 536/1148/540
f 466/1039/459 538/1137/534 413/1136/414
f 472/1042/486 532/1142/536 562/1149/541
f 525/1119/528 539/1150/542 511/1088/514
f 524/1118/527 539/1150/542 525/1119/528
f 509/1151/510 513/1152/512 540/1153/543
f 524/1118/527 533/1145/537 539/1150/542
f 497/1069/499 548/1154/544 498/1070/500
f 541/1146/538 542/1155/545 534/1121/529
f 543/1156/546 544/1157/547 545/1158/548
f 449/974/449 464/996/466 425/1159/437
f 465/1160/467 468/1128/457 558/1161/549
f 458/1095/458 560/1125/532 517/1096/519
f 466/1097/459 517/1096/519 537/1162/550
f 439/938/439 491/1056/494 536/1148/540
f 441/1059/460 538/1163/534 507/1060/495
f 470/1063/496 561/1164/551 412/1078/415
f 428/1140/441 531/1139/535 518/1104/521
f 472/1165/486 562/1166/541 508/1141/508
f 442/1167/442 519/1168/522 494/1169/509
f 452/1170/462 547/1171/552 522/1172/525
f 523/1173/526 548/1174/544 497/1175/499
f 498/1070/500 549/1176/553 541/1146/538
f 543/1156/546 551/1177/554 550/1178/555
f 543/1179/546 552/1180/556 544/1181/547
f 545/1158/548 551/1177/554 543/1156/546
f 552/1180/556 553/1182/557 544/1181/547
f 544/1157/547 553/1183/557 554/1184/558
f 544/1157/547 554/1184/558 545/1158/548
f 500/1073/503 672/1185/559 516/1092/517
f 457/992/464 528/1051/482 501/1093/518
f 528/1030/482 465/1094/467 557/1186/560
f 488/999/468 559/1187/561 504/1035/484
f 489/1053/492 560/1188/532 437/934/438
f 412/1078/415 591/1189/562 490/1004/469
f 508/1141/508 603/1190/563 531/1139/535
f 494/1082/509 563/1191/564 532/1142/536
f 473/1115/477 564/1192/565 459/1193/461
f 473/1115/477 522/1114/525 564/1192/565
f 421/1194/422 565/1195/566 474/1196/478
f 452/1170/462 509/1151/510 547/1171/552
f 539/1150/542 566/1197/567 511/1088/514
f 511/1198/514 567/1199/568 513/1152/512
f 533/1145/537 568/1200/569 539/1150/542
f 548/1154/544 549/1176/553 498/1070/500
f 533/1145/537 535/1147/539 568/1200/569
f 515/1090/516 534/1121/529 569/1201/570
f 515/1202/516 570/1203/571 527/1122/501
f 543/1204/546 550/1205/555 571/1206/572
f 572/1207/573 543/1204/546 571/1206/572
f 551/1177/554 573/1208/574 550/1178/555
f 552/1209/556 543/1204/546 572/1207/573
f 554/1184/558 574/1210/575 545/1158/548
f 462/1211/455 555/1212/531 575/1213/576
f 502/1050/491 588/1214/577 464/996/466
f 501/1093/518 528/1051/482 634/1215/578
f 462/1211/455 575/1213/576 487/1216/504
f 478/1217/483 635/1218/579 503/1219/505
f 466/1039/459 537/1220/550 538/1137/534
f 412/1078/415 561/1164/551 591/1189/562
f 451/1221/451 506/1102/506 579/1222/580
f 451/1223/451 579/1224/580 520/1225/523
f 507/1226/495 580/1227/581 519/1168/522
f 531/1139/535 581/1228/582 518/1104/521
f 508/1141/508 562/1166/541 603/1190/563
f 532/1142/536 604/1229/583 562/1149/541
f 421/1194/422 582/1230/584 565/1195/566
f 474/1196/478 565/1195/566 495/1231/497
f 495/1231/497 565/1195/566 523/1232/526
f 523/1173/526 583/1233/585 548/1174/544
f 539/1150/542 568/1200/569 566/1197/567
f 548/1174/544 584/1234/586 549/1235/553
f 549/1176/553 585/1236/587 541/1146/538
f 541/1146/538 585/1236/587 542/1155/545
f 515/1202/516 569/1237/570 570/1203/571
f 527/1122/501 570/1203/571 526/1123/530
f 545/1158/548 586/1238/588 551/1177/554
f 587/1239/589 553/1182/557 552/1180/556
f 545/1158/548 574/1210/575 586/1238/588
f 553/1182/557 598/1240/590 554/1241/558
f 516/1092/517 588/1214/577 502/1050/491
f 501/1093/518 634/1215/578 500/1073/503
f 477/1242/481 467/1243/475 589/1244/591
f 464/996/466 556/1245/592 425/1159/437
f 528/1030/482 557/1186/560 576/1246/593
f 556/1247/592 590/1248/594 425/962/437
f 467/1249/475 410/1250/436 577/1251/595
f 425/962/437 590/1248/594 488/1031/468
f 410/1250/436 503/1252/505 577/1251/595
f 538/1163/534 592/1253/596 507/1060/495
f 531/1139/535 603/1190/563 594/1254/597
f 603/1190/563 562/1166/541 593/1255/598
f 521/1111/524 582/1256/584 421/1112/422
f 509/1151/510 540/1153/543 547/1171/552
f 511/1198/514 595/1257/599 567/1199/568
f 513/1152/512 567/1199/568 540/1153/543
f 584/1234/586 585/1258/587 549/1235/553
f 542/1155/545 647/1259/600 534/1121/529
f 535/1147/539 526/1123/530 683/1260/601
f 551/1177/554 596/1261/602 573/1208/574
f 572/1262/573 597/1263/603 552/1180/556
f 551/1177/554 586/1238/588 596/1261/602
f 597/1263/603 587/1239/589 552/1180/556
f 553/1182/557 587/1239/589 598/1240/590
f 632/1264/604 574/1210/575 554/1184/558
f 447/1265/448 599/1266/605 555/1212/531
f 447/1265/448 477/1242/481 599/1266/605
f 528/1051/482 576/1267/593 634/1215/578
f 577/1251/595 589/1268/591 467/1249/475
f 600/1269/606 489/1270/492 487/1271/504
f 465/1160/467 558/1161/549 557/1272/560
f 489/1273/492 600/1274/606 546/1275/607
f 558/1161/549 468/1128/457 616/1276/608
f 505/1132/493 578/1277/609 530/1101/520
f 594/1254/597 581/1228/582 531/1139/535
f 532/1142/536 563/1191/564 604/1229/583
f 471/1278/470 520/1279/523 605/1280/610
f 565/1281/566 582/1282/584 523/1283/526
f 582/1282/584 606/1284/611 523/1283/526
f 511/1198/514 566/1285/567 595/1257/599
f 523/1283/526 606/1284/611 583/1286/585
f 585/1287/587 607/1288/612 542/1289/545
f 534/1121/529 647/1259/600 569/1201/570
f 683/1260/601 608/1290/613 535/1147/539
f 571/1206/572 609/1291/614 572/1207/573
f 571/1206/572 610/1292/615 609/1291/614
f 571/1293/572 611/1294/616 610/1295/615
f 550/1178/555 611/1294/616 571/1293/572
f 573/1208/574 611/1294/616 550/1178/555
f 596/1296/602 586/1297/588 612/1298/617
f 586/1297/588 574/1299/575 613/1300/618
f 554/1241/558 598/1240/590 668/1301/619
f 588/1214/577 614/1302/620 464/996/466
f 488/1031/468 590/1248/594 559/1303/561
f 489/1304/492 546/1275/607 560/1305/532
f 468/1128/457 529/1306/533 616/1276/608
f 617/1307/621 636/1308/622 618/1309/623
f 618/1309/623 619/1310/624 617/1307/621
f 617/1307/621 619/1310/624 620/1311/625
f 538/1137/534 537/1220/550 602/1312/626
f 507/1226/495 592/1313/596 580/1227/581
f 494/1082/509 623/1314/627 563/1191/564
f 519/1168/522 623/1315/627 494/1169/509
f 459/1193/461 564/1192/565 470/1316/496
f 471/1110/470 605/1317/610 521/1111/524
f 625/1318/628 624/1319/629 522/1172/525
f 522/1172/525 547/1171/552 625/1318/628
f 547/1171/552 626/1320/630 625/1318/628
f 595/1257/599 627/1321/631 567/1199/568
f 535/1322/539 608/1323/613 568/1324/569
f 647/1259/600 628/1325/632 569/1201/570
f 630/1326/633 683/1260/601 526/1123/530
f 569/1237/570 629/1327/634 570/1203/571
f 526/1123/530 570/1203/571 630/1326/633
f 611/1294/616 573/1208/574 631/1328/635
f 586/1297/588 613/1300/618 612/1298/617
f 668/1329/619 632/1264/604 554/1184/558
f 574/1210/575 632/1264/604 633/1330/636
f 500/1073/503 634/1215/578 672/1185/559
f 503/1219/505 635/1218/579 615/1331/637
f 617/1307/621 620/1311/625 637/1332/638
f 478/1098/483 601/1333/639 635/1334/579
f 529/1335/533 536/1336/540 616/1337/608
f 654/1338/640 618/1339/623 636/1340/622
f 478/1098/483 490/1001/469 601/1333/639
f 619/1310/624 656/1341/641 620/1311/625
f 504/1342/484 578/1277/609 505/1343/493
f 619/1310/624 638/1344/642 621/1345/643
f 618/1339/623 657/1346/644 638/1347/642
f 618/1339/623 638/1347/642 619/1348/624
f 619/1310/624 639/1349/645 656/1341/641
f 619/1310/624 621/1345/643 639/1349/645
f 490/1001/469 591/1350/562 601/1333/639
f 622/1351/646 536/1352/540 491/1353/494
f 491/1354/494 492/1355/507 622/1351/646
f 492/1356/507 469/1018/476 640/1357/647
f 538/1358/534 602/1359/626 592/1360/596
f 561/1164/551 659/1361/648 591/1189/562
f 469/1018/476 493/1041/485 640/1357/647
f 493/1041/485 641/1362/649 640/1357/647
f 518/1104/521 581/1228/582 642/1363/650
f 594/1254/597 593/1255/598 643/1364/651
f 594/1254/597 603/1190/563 593/1255/598
f 562/1166/541 661/1365/652 593/1255/598
f 604/1229/583 644/1366/653 562/1149/541
f 594/1254/597 643/1364/651 581/1228/582
f 522/1172/525 624/1319/629 564/1367/565
f 547/1171/552 645/1368/654 626/1320/630
f 547/1171/552 540/1153/543 645/1368/654
f 540/1153/543 567/1199/568 645/1368/654
f 583/1286/585 646/1369/655 548/1370/544
f 548/1370/544 646/1369/655 584/1371/586
f 569/1201/570 628/1325/632 629/1372/634
f 629/1327/634 648/1373/656 570/1203/571
f 610/1292/615 649/1374/657 609/1291/614
f 610/1292/615 629/1372/634 649/1374/657
f 610/1295/615 648/1375/656 629/1376/634
f 610/1295/615 611/1294/616 648/1375/656
f 572/1377/573 650/1378/658 597/1379/603
f 587/1239/589 686/1380/659 598/1240/590
f 613/1300/618 574/1299/575 633/1381/636
f 668/1329/619 669/1382/660 632/1264/604
f 632/1264/604 669/1382/660 651/1383/661
f 632/1264/604 651/1383/661 633/1330/636
f 477/1242/481 589/1244/591 691/1384/662
f 575/1385/576 600/1269/606 487/1271/504
f 503/1219/505 615/1331/637 577/1386/595
f 653/1387/663 636/1340/622 652/1388/664
f 652/1389/664 617/1307/621 637/1332/638
f 617/1307/621 652/1389/664 636/1390/622
f 637/1332/638 656/1341/641 655/1391/665
f 620/1311/625 656/1341/641 637/1332/638
f 654/1338/640 657/1346/644 618/1339/623
f 493/1392/485 518/1393/521 641/1394/649
f 518/1393/521 642/1395/650 641/1394/649
f 604/1229/583 663/1396/666 644/1366/653
f 604/1229/583 563/1191/564 663/1396/666
f 623/1397/627 680/1398/667 563/1399/564
f 519/1168/522 580/1227/581 623/1315/627
f 566/1285/567 664/1400/668 595/1257/599
f 566/1285/567 568/1401/569 664/1400/668
f 567/1199/568 627/1321/631 665/1402/669
f 585/1287/587 646/1403/655 607/1288/612
f 584/1404/586 646/1403/655 585/1287/587
f 607/1288/612 647/1405/600 542/1289/545
f 628/1325/632 666/1406/670 629/1372/634
f 666/1406/670 649/1374/657 629/1372/634
f 648/1375/656 631/1328/635 570/1407/571
f 570/1407/571 631/1328/635 630/1408/633
f 649/1374/657 666/1406/670 609/1291/614
f 611/1294/616 631/1328/635 648/1375/656
f 573/1409/574 709/1410/671 631/1411/635
f 573/1409/574 596/1296/602 667/1412/672
f 686/1380/659 668/1301/619 598/1240/590
f 669/1382/660 670/1413/673 651/1383/661
f 516/1092/517 672/1185/559 588/1214/577
f 599/1266/605 477/1242/481 673/1414/674
f 614/1302/620 556/1245/592 464/996/466
f 652/1389/664 637/1332/638 674/1415/675
f 636/1340/622 653/1387/663 654/1338/640
f 517/1096/519 560/1125/532 658/1416/676
f 639/1349/645 677/1417/677 656/1341/641
f 578/1277/609 745/1418/678 530/1101/520
f 657/1419/644 676/1420/679 638/1421/642
f 621/1422/643 678/1423/680 639/1424/645
f 638/1425/642 699/1426/681 621/1422/643
f 621/1422/643 699/1426/681 678/1423/680
f 492/1427/507 640/1428/647 679/1429/682
f 581/1228/582 660/1430/683 642/1363/650
f 660/1430/683 581/1228/582 643/1364/651
f 593/1255/598 661/1365/652 643/1364/651
f 562/1166/541 662/1431/684 661/1365/652
f 562/1432/541 644/1433/653 662/1434/684
f 582/1256/584 521/1111/524 705/1435/685
f 568/1401/569 682/1436/686 664/1400/668
f 666/1437/670 684/1438/687 609/1439/614
f 609/1439/614 684/1438/687 572/1377/573
f 573/1409/574 667/1412/672 709/1410/671
f 572/1377/573 685/1440/688 650/1378/658
f 596/1296/602 612/1298/617 667/1412/672
f 597/1263/603 686/1380/659 587/1239/589
f 669/1441/660 687/1442/689 670/1443/673
f 688/1444/690 717/1445/691 689/1446/692
f 689/1446/692 690/1447/693 688/1444/690
f 555/1212/531 599/1266/605 673/1414/674
f 671/1448/694 614/1302/620 588/1214/577
f 673/1414/674 477/1242/481 691/1384/662
f 743/1449/695 557/1272/560 558/1161/549
f 743/1449/695 558/1161/549 616/1276/608
f 694/1450/696 560/1305/532 546/1275/607
f 637/1332/638 655/1391/665 674/1415/675
f 693/1451/697 504/1035/484 559/1187/561
f 693/1451/697 578/1452/609 504/1035/484
f 695/1453/698 655/1391/665 656/1341/641
f 654/1338/640 675/1454/699 657/1346/644
f 616/1337/608 536/1336/540 696/1455/700
f 727/1456/701 657/1346/644 675/1454/699
f 656/1341/641 677/1417/677 695/1453/698
f 727/1456/701 676/1457/679 657/1346/644
f 658/1458/676 537/1220/550 517/1459/519
f 677/1460/677 639/1424/645 678/1423/680
f 676/1420/679 698/1461/702 638/1421/642
f 638/1421/642 698/1461/702 699/1462/681
f 697/1463/703 591/1350/562 659/1464/648
f 679/1429/682 622/1351/646 492/1355/507
f 700/1465/704 592/1360/596 602/1359/626
f 701/1466/705 520/1225/523 579/1224/580
f 561/1467/551 470/1468/496 731/1469/706
f 680/1398/667 623/1397/627 681/1470/707
f 731/1469/706 470/1468/496 564/1471/565
f 706/1472/708 625/1318/628 626/1320/630
f 705/1473/685 606/1474/611 582/1230/584
f 664/1400/668 627/1321/631 595/1257/599
f 645/1368/654 567/1199/568 665/1402/669
f 707/1475/709 583/1286/585 606/1284/611
f 707/1475/709 708/1476/710 583/1286/585
f 708/1476/710 646/1369/655 583/1286/585
f 682/1477/686 568/1324/569 608/1323/613
f 753/1478/711 666/1437/670 628/1479/632
f 753/1478/711 628/1479/632 647/1405/600
f 709/1410/671 630/1480/633 631/1411/635
f 709/1410/671 683/1481/601 630/1480/633
f 753/1478/711 684/1438/687 666/1437/670
f 684/1438/687 685/1440/688 572/1377/573
f 710/1482/712 612/1298/617 613/1300/618
f 711/1483/713 668/1301/619 686/1380/659
f 633/1381/636 712/1484/714 613/1300/618
f 713/1485/715 669/1441/660 668/1486/619
f 713/1485/715 687/1442/689 669/1441/660
f 714/1487/716 651/1383/661 670/1413/673
f 714/1487/716 670/1413/673 715/1488/717
f 717/1445/691 719/1489/718 689/1446/692
f 688/1444/690 690/1447/693 718/1490/719
f 588/1214/577 672/1185/559 671/1448/694
f 720/1491/720 575/1213/576 555/1212/531
f 721/1492/721 600/1269/606 575/1385/576
f 576/1493/593 557/1494/560 722/1495/722
f 723/1496/723 725/1497/724 653/1387/663
f 723/1496/723 653/1387/663 652/1388/664
f 724/1498/725 652/1499/664 674/1500/675
f 653/1387/663 744/1501/726 654/1338/640
f 744/1502/726 675/1503/699 654/1504/640
f 677/1417/677 728/1505/727 695/1453/698
f 601/1333/639 591/1350/562 697/1463/703
f 699/1426/681 748/1506/728 678/1423/680
f 699/1426/681 729/1507/729 748/1506/728
f 592/1313/596 730/1508/730 580/1227/581
f 662/1431/684 702/1509/731 661/1365/652
f 644/1433/653 732/1510/732 662/1434/684
f 563/1511/564 680/1398/667 663/1512/666
f 564/1192/565 703/1513/733 731/1514/706
f 564/1192/565 704/1515/734 703/1513/733
f 708/1476/710 733/1516/735 646/1369/655
f 733/1516/735 607/1517/612 646/1369/655
f 734/1518/736 647/1405/600 607/1288/612
f 612/1519/617 710/1520/712 667/1521/672
f 650/1522/658 793/1523/737 597/1263/603
f 597/1263/603 793/1523/737 735/1524/738
f 735/1524/738 686/1380/659 597/1263/603
f 668/1301/619 711/1483/713 713/1525/715
f 736/1526/739 712/1484/714 633/1381/636
f 651/1383/661 736/1527/739 633/1330/636
f 651/1383/661 714/1487/716 736/1527/739
f 687/1442/689 755/1528/740 670/1443/673
f 688/1444/690 716/1529/741 717/1445/691
f 688/1530/690 718/1531/719 737/1532/742
f 716/1529/741 738/1533/743 717/1445/691
f 738/1533/743 719/1489/718 717/1445/691
f 718/1531/719 690/1534/693 739/1535/744
f 689/1446/692 719/1489/718 690/1447/693
f 555/1212/531 740/1536/745 720/1491/720
f 614/1537/620 741/1538/746 692/1539/747
f 634/1540/578 576/1541/593 828/1542/748
f 692/1539/747 556/1543/592 614/1537/620
f 575/1385/576 720/1544/720 721/1492/721
f 557/1545/560 743/1546/695 722/1547/722
f 577/1251/595 615/1548/637 758/1549/749
f 600/1274/606 742/1550/750 546/1275/607
f 655/1391/665 726/1551/751 674/1415/675
f 655/1391/665 695/1453/698 726/1551/751
f 537/1220/550 658/1458/676 746/1552/752
f 745/1418/678 763/1553/753 530/1101/520
f 677/1460/677 747/1554/754 728/1555/727
f 677/1460/677 678/1423/680 747/1554/754
f 530/1101/520 763/1553/753 506/1102/506
f 506/1102/506 764/1556/755 579/1222/580
f 699/1462/681 749/1557/756 729/1558/729
f 561/1467/551 838/1559/757 659/1560/648
f 579/1224/580 764/1561/755 701/1466/705
f 702/1562/731 750/1563/758 751/1564/759
f 662/1434/684 750/1563/758 702/1562/731
f 643/1364/651 768/1565/760 660/1430/683
f 624/1319/629 704/1566/734 564/1367/565
f 624/1319/629 625/1318/628 704/1566/734
f 625/1318/628 706/1472/708 704/1566/734
f 705/1473/685 752/1567/761 606/1474/611
f 606/1284/611 752/1568/761 707/1475/709
f 682/1477/686 608/1323/613 846/1569/762
f 647/1405/600 734/1518/736 753/1478/711
f 687/1442/689 713/1485/715 755/1528/740
f 718/1531/719 739/1535/744 737/1532/742
f 719/1489/718 738/1533/743 690/1447/693
f 673/1414/674 757/1570/763 555/1212/531
f 673/1414/674 691/1384/662 757/1570/763
f 589/1268/591 577/1251/595 758/1549/749
f 723/1571/723 652/1572/664 759/1573/764
f 724/1498/725 759/1574/764 652/1499/664
f 674/1500/675 760/1575/765 724/1498/725
f 725/1576/724 744/1502/726 653/1577/663
f 674/1415/675 726/1551/751 760/1578/765
f 560/1125/532 694/1579/696 658/1416/676
f 536/1336/540 622/1580/646 696/1455/700
f 676/1420/679 727/1581/701 698/1461/702
f 506/1582/506 763/1583/753 764/1584/755
f 765/1585/766 749/1557/756 698/1461/702
f 698/1461/702 749/1557/756 699/1462/681
f 729/1558/729 749/1557/756 750/1586/758
f 729/1507/729 750/1563/758 766/1587/767
f 729/1507/729 766/1587/767 748/1506/728
f 592/1313/596 700/1588/704 730/1508/730
f 561/1467/551 731/1469/706 838/1559/757
f 750/1586/758 749/1557/756 751/1589/759
f 643/1364/651 661/1365/652 768/1565/760
f 662/1434/684 766/1587/767 750/1563/758
f 662/1434/684 732/1510/732 766/1587/767
f 732/1510/732 644/1433/653 784/1590/768
f 644/1433/653 663/1591/666 784/1590/768
f 660/1592/683 767/1593/769 642/1395/650
f 660/1430/683 768/1565/760 770/1594/770
f 520/1225/523 701/1595/705 605/1596/610
f 706/1472/708 626/1320/630 771/1597/771
f 627/1321/631 772/1598/772 665/1402/669
f 733/1599/735 734/1518/736 607/1288/612
f 608/1323/613 773/1600/773 774/1601/774
f 709/1410/671 775/1602/775 683/1481/601
f 608/1323/613 683/1603/601 773/1600/773
f 753/1478/711 792/1604/776 684/1438/687
f 667/1412/672 775/1602/775 709/1410/671
f 685/1440/688 684/1438/687 792/1604/776
f 667/1412/672 754/1605/777 775/1602/775
f 667/1521/672 710/1520/712 754/1606/777
f 613/1607/618 823/1608/778 710/1520/712
f 686/1380/659 735/1524/738 776/1609/779
f 686/1380/659 776/1609/779 711/1483/713
f 755/1610/740 715/1611/717 670/1612/673
f 739/1535/744 798/1613/780 737/1532/742
f 777/1614/781 738/1533/743 716/1529/741
f 777/1614/781 778/1615/782 738/1533/743
f 738/1533/743 778/1615/782 756/1616/783
f 738/1533/743 756/1616/783 690/1447/693
f 739/1535/744 690/1617/693 825/1618/784
f 672/1619/559 634/1540/578 780/1620/785
f 780/1620/785 634/1540/578 828/1542/748
f 589/1268/591 758/1549/749 691/1621/662
f 546/1275/607 742/1550/750 1079/1622/786
f 744/1502/726 807/1623/787 675/1503/699
f 693/1624/697 808/1625/788 578/1626/609
f 807/1623/787 781/1627/789 675/1503/699
f 675/1503/699 781/1627/789 727/1628/701
f 727/1628/701 781/1627/789 762/1629/790
f 695/1453/698 728/1505/727 761/1630/791
f 727/1581/701 782/1631/792 698/1461/702
f 748/1506/728 809/1632/793 678/1423/680
f 749/1557/756 765/1585/766 810/1633/794
f 749/1557/756 810/1633/794 751/1589/759
f 661/1365/652 702/1509/731 783/1634/795
f 702/1509/731 751/1589/759 810/1633/794
f 580/1227/581 730/1508/730 785/1635/796
f 661/1365/652 783/1634/795 768/1565/760
f 663/1512/666 680/1398/667 769/1636/797
f 623/1315/627 580/1227/581 785/1635/796
f 521/1111/524 605/1317/610 705/1435/685
f 626/1320/630 645/1368/654 771/1597/771
f 645/1368/654 665/1402/669 771/1597/771
f 664/1637/668 772/1638/772 627/1639/631
f 815/1640/798 733/1516/735 708/1476/710
f 608/1323/613 774/1601/774 846/1569/762
f 734/1518/736 787/1641/799 753/1478/711
f 683/1481/601 775/1602/775 790/1642/800
f 789/1643/801 791/1644/802 788/1645/803
f 787/1641/799 792/1604/776 753/1478/711
f 712/1484/714 794/1646/804 613/1300/618
f 613/1300/618 794/1646/804 823/1647/778
f 713/1485/715 711/1648/713 795/1649/805
f 736/1526/739 796/1650/806 712/1484/714
f 736/1526/739 714/1651/716 796/1650/806
f 755/1528/740 797/1652/807 715/1653/717
f 690/1447/693 756/1616/783 779/1654/808
f 671/1655/694 799/1656/809 614/1537/620
f 860/1657/810 801/1658/811 800/1659/812
f 556/1660/592 802/1661/813 590/1662/594
f 759/1663/764 804/1664/814 723/1496/723
f 723/1665/723 803/1666/815 725/1576/724
f 724/1667/725 760/1668/765 805/1669/816
f 546/1275/607 1079/1622/786 694/1450/696
f 726/1551/751 806/1670/817 760/1578/765
f 726/1671/751 695/1672/698 761/1673/791
f 808/1674/788 867/1675/818 578/1676/609
f 578/1676/609 867/1675/818 745/1677/678
f 727/1581/701 762/1678/790 782/1631/792
f 537/1679/550 746/1680/752 602/1359/626
f 747/1554/754 678/1423/680 809/1632/793
f 698/1461/702 782/1631/792 765/1585/766
f 748/1506/728 766/1587/767 809/1632/793
f 766/1587/767 811/1681/819 809/1632/793
f 702/1509/731 810/1633/794 783/1634/795
f 766/1587/767 812/1682/820 811/1681/819
f 660/1592/683 770/1683/770 767/1593/769
f 732/1510/732 812/1682/820 766/1587/767
f 732/1510/732 784/1590/768 812/1682/820
f 706/1472/708 771/1597/771 813/1684/821
f 786/1685/822 752/1567/761 705/1473/685
f 664/1637/668 814/1686/823 772/1638/772
f 708/1476/710 816/1687/824 815/1640/798
f 682/1477/686 814/1686/823 664/1637/668
f 708/1476/710 707/1475/709 816/1687/824
f 788/1645/803 818/1688/825 789/1643/801
f 790/1689/800 819/1690/826 683/1603/601
f 683/1603/601 819/1690/826 773/1600/773
f 791/1644/802 789/1643/801 820/1691/827
f 775/1692/775 754/1606/777 790/1689/800
f 685/1440/688 821/1693/828 650/1378/658
f 788/1694/803 791/1695/802 854/1696/829
f 754/1606/777 710/1520/712 822/1697/830
f 710/1520/712 823/1608/778 822/1697/830
f 713/1485/715 795/1649/805 755/1528/740
f 715/1698/717 824/1699/831 714/1700/716
f 714/1700/716 824/1699/831 796/1701/806
f 755/1528/740 856/1702/832 797/1652/807
f 688/1530/690 737/1532/742 716/1703/741
f 739/1535/744 825/1618/784 798/1613/780
f 778/1615/782 858/1704/833 756/1616/783
f 690/1705/693 779/1706/808 825/1707/784
f 757/1570/763 740/1536/745 555/1212/531
f 799/1656/809 826/1708/834 614/1537/620
f 576/1493/593 722/1495/722 828/1709/748
f 600/1274/606 721/1710/721 742/1550/750
f 722/1547/722 743/1546/695 830/1711/835
f 615/1331/637 831/1712/836 758/1713/749
f 723/1714/723 804/1715/814 803/1666/815
f 725/1576/724 832/1716/837 744/1502/726
f 616/1717/608 833/1718/838 743/1546/695
f 635/1719/579 601/1333/639 921/1720/839
f 616/1721/608 696/1722/700 833/1723/838
f 726/1671/751 761/1673/791 865/1724/840
f 745/1677/678 867/1675/818 763/1583/753
f 696/1722/700 622/1725/646 834/1726/841
f 728/1555/727 747/1554/754 835/1727/842
f 659/1464/648 836/1728/843 697/1463/703
f 602/1359/626 837/1729/844 700/1465/704
f 809/1632/793 870/1730/845 747/1554/754
f 764/1561/755 839/1731/846 701/1466/705
f 809/1632/793 811/1681/819 870/1730/845
f 663/1512/666 841/1732/847 784/1733/768
f 769/1636/797 841/1732/847 663/1512/666
f 768/1565/760 783/1634/795 871/1734/848
f 705/1473/685 842/1735/849 786/1685/822
f 844/1736/850 845/1737/851 873/1738/852
f 682/1477/686 846/1569/762 814/1686/823
f 707/1475/709 752/1568/761 816/1687/824
f 815/1640/798 847/1739/853 733/1516/735
f 789/1643/801 817/1740/854 820/1691/827
f 789/1643/801 818/1688/825 817/1740/854
f 844/1736/850 848/1741/855 849/1742/856
f 844/1736/850 849/1742/856 845/1737/851
f 818/1688/825 850/1743/857 848/1744/855
f 848/1741/855 850/1745/857 849/1742/856
f 818/1688/825 788/1645/803 850/1743/857
f 849/1742/856 851/1746/858 853/1747/859
f 849/1742/856 853/1747/859 852/1748/860
f 788/1645/803 854/1749/829 850/1743/857
f 650/1522/658 855/1750/861 793/1523/737
f 755/1528/740 795/1649/805 856/1702/832
f 797/1751/807 824/1699/831 715/1698/717
f 857/1752/862 858/1704/833 777/1614/781
f 777/1614/781 858/1704/833 778/1615/782
f 800/1659/812 859/1753/863 827/1754/864
f 827/1754/864 860/1657/810 800/1659/812
f 800/1659/812 801/1658/811 861/1755/865
f 691/1384/662 758/1756/749 829/1757/866
f 556/1660/592 862/1758/867 802/1661/813
f 590/1662/594 802/1661/813 863/1759/868
f 759/1760/764 724/1667/725 805/1669/816
f 725/1576/724 864/1761/869 832/1716/837
f 805/1669/816 760/1668/765 954/1762/870
f 635/1218/579 921/1763/839 615/1331/637
f 726/1671/751 865/1724/840 806/1764/817
f 781/1627/789 807/1623/787 866/1765/871
f 761/1673/791 728/1766/727 868/1767/872
f 762/1629/790 781/1627/789 869/1768/873
f 869/1769/873 782/1631/792 762/1678/790
f 602/1359/626 746/1680/752 837/1729/844
f 747/1554/754 870/1730/845 835/1727/842
f 659/1361/648 838/1770/757 836/1771/843
f 641/1394/649 894/1772/874 640/1773/647
f 641/1394/649 642/1395/650 894/1772/874
f 770/1683/770 768/1774/760 871/1775/848
f 784/1733/768 841/1732/847 812/1776/820
f 680/1398/667 681/1470/707 769/1636/797
f 623/1315/627 872/1777/875 681/1778/707
f 772/1638/772 875/1779/876 665/1780/669
f 771/1781/771 665/1780/669 843/1782/877
f 873/1738/852 874/1783/878 844/1736/850
f 845/1737/851 876/1784/879 873/1738/852
f 816/1687/824 877/1785/880 815/1640/798
f 877/1785/880 847/1739/853 815/1640/798
f 845/1737/851 878/1786/881 876/1784/879
f 733/1516/735 847/1739/853 734/1787/736
f 844/1788/850 874/1789/878 848/1790/855
f 818/1688/825 848/1744/855 851/1791/858
f 851/1791/858 817/1740/854 818/1688/825
f 845/1737/851 849/1742/856 878/1786/881
f 850/1792/857 817/1740/854 851/1791/858
f 850/1745/857 851/1746/858 849/1742/856
f 849/1742/856 852/1748/860 878/1786/881
f 685/1440/688 792/1604/776 821/1693/828
f 820/1691/827 879/1793/882 791/1644/802
f 850/1794/857 854/1696/829 853/1747/859
f 650/1378/658 821/1693/828 855/1795/861
f 853/1747/859 854/1696/829 852/1748/860
f 791/1695/802 880/1796/883 854/1696/829
f 879/1797/882 880/1796/883 791/1695/802
f 793/1523/737 855/1750/861 881/1798/884
f 793/1523/737 881/1798/884 735/1524/738
f 711/1648/713 776/1799/779 795/1649/805
f 856/1702/832 912/1800/885 882/1801/886
f 856/1702/832 882/1801/886 797/1652/807
f 797/1652/807 882/1801/886 883/1802/887
f 716/1529/741 885/1803/888 777/1614/781
f 716/1529/741 913/1804/889 885/1803/888
f 737/1532/742 913/1805/889 716/1703/741
f 798/1613/780 884/1806/890 737/1532/742
f 825/1618/784 914/1807/891 798/1613/780
f 756/1616/783 858/1704/833 948/1808/892
f 801/1809/811 860/1810/810 886/1811/893
f 614/1537/620 826/1708/834 741/1538/746
f 800/1659/812 888/1812/894 859/1753/863
f 800/1659/812 861/1755/865 888/1812/894
f 887/1813/895 721/1814/721 720/1491/720
f 692/1539/747 862/1815/867 556/1543/592
f 590/1662/594 889/1816/896 559/1817/561
f 759/1574/764 918/1818/897 804/1819/814
f 559/1820/561 890/1821/898 693/1624/697
f 803/1666/815 864/1761/869 725/1576/724
f 1079/1622/786 891/1822/899 694/1450/696
f 760/1668/765 806/1823/817 954/1762/870
f 744/1502/726 832/1716/837 807/1623/787
f 693/1624/697 892/1824/900 808/1625/788
f 728/1766/727 835/1825/842 868/1767/872
f 765/1585/766 924/1826/901 810/1633/794
f 870/1827/845 811/1828/819 893/1829/902
f 701/1466/705 839/1731/846 840/1830/903
f 703/1831/733 838/1559/757 731/1469/706
f 783/1634/795 810/1633/794 895/1832/904
f 811/1828/819 812/1776/820 896/1833/905
f 783/1634/795 895/1832/904 871/1734/848
f 701/1834/705 925/1835/906 605/1836/610
f 605/1317/610 842/1837/849 705/1435/685
f 706/1472/708 813/1684/821 704/1566/734
f 771/1597/771 897/1838/907 813/1684/821
f 873/1738/852 898/1839/908 899/1840/909
f 873/1738/852 899/1840/909 874/1783/878
f 665/1780/669 875/1779/876 843/1782/877
f 752/1568/761 901/1841/910 816/1687/824
f 903/1842/911 902/1843/912 846/1569/762
f 846/1569/762 774/1601/774 903/1842/911
f 774/1601/774 773/1600/773 904/1844/913
f 848/1790/855 878/1845/881 851/1846/858
f 817/1740/854 933/1847/914 820/1691/827
f 851/1846/858 878/1845/881 853/1848/859
f 792/1604/776 906/1849/915 821/1693/828
f 820/1691/827 933/1847/914 879/1793/882
f 850/1850/857 853/1848/859 907/1851/916
f 852/1748/860 854/1696/829 941/1852/917
f 823/1608/778 909/1853/918 822/1697/830
f 881/1798/884 910/1854/919 735/1524/738
f 712/1855/714 911/1856/920 794/1857/804
f 712/1855/714 796/1701/806 911/1856/920
f 798/1613/780 914/1807/891 884/1806/890
f 756/1616/783 1379/1858/921 779/1654/808
f 915/1859/922 827/1754/864 859/1753/863
f 859/1753/863 888/1812/894 916/1860/923
f 917/1861/924 829/1757/866 758/1756/749
f 917/1862/924 758/1549/749 831/1863/836
f 863/1759/868 889/1816/896 590/1662/594
f 889/1816/896 890/1864/898 559/1817/561
f 918/1865/897 759/1760/764 805/1669/816
f 830/1711/835 743/1546/695 919/1866/925
f 919/1866/925 743/1546/695 833/1718/838
f 806/1764/817 865/1724/840 920/1867/926
f 891/1868/899 658/1416/676 694/1579/696
f 921/1869/839 601/1333/639 697/1463/703
f 658/1416/676 1046/1870/927 746/1871/752
f 837/1729/844 746/1680/752 1046/1872/927
f 922/1873/928 764/1584/755 763/1583/753
f 679/1429/682 640/1428/647 923/1874/929
f 924/1826/901 765/1585/766 782/1631/792
f 895/1832/904 810/1633/794 924/1826/901
f 893/1829/902 811/1828/819 896/1833/905
f 925/1875/906 701/1466/705 840/1830/903
f 1049/1876/930 872/1777/875 623/1315/627
f 959/1877/931 899/1878/909 898/1879/908
f 901/1880/910 752/1881/761 786/1685/822
f 899/1882/909 900/1883/932 874/1789/878
f 873/1738/852 876/1784/879 960/1884/933
f 926/1885/934 772/1638/772 814/1686/823
f 926/1885/934 875/1779/876 772/1638/772
f 927/1886/935 877/1785/880 816/1687/824
f 814/1686/823 846/1569/762 902/1843/912
f 900/1883/932 964/1887/936 874/1789/878
f 876/1784/879 878/1786/881 964/1888/936
f 903/1842/911 905/1889/937 928/1890/938
f 902/1843/912 903/1842/911 928/1890/938
f 774/1601/774 904/1844/913 903/1842/911
f 904/1844/913 905/1889/937 903/1842/911
f 964/1887/936 878/1845/881 848/1790/855
f 964/1887/936 848/1790/855 874/1789/878
f 930/1891/939 819/1690/826 790/1689/800
f 904/1844/913 931/1892/940 905/1889/937
f 932/1893/941 928/1890/938 905/1889/937
f 929/1894/942 792/1604/776 787/1641/799
f 933/1847/914 817/1740/854 934/1895/943
f 934/1895/943 817/1740/854 850/1792/857
f 935/1896/944 853/1848/859 878/1845/881
f 930/1891/939 790/1689/800 936/1897/945
f 936/1897/945 790/1689/800 754/1606/777
f 937/1898/946 905/1889/937 931/1892/940
f 935/1896/944 907/1851/916 853/1848/859
f 935/1899/944 878/1786/881 852/1748/860
f 935/1899/944 852/1748/860 941/1900/917
f 933/1901/914 939/1902/947 879/1797/882
f 938/1903/948 754/1606/777 822/1697/830
f 939/1902/947 908/1904/949 879/1797/882
f 940/1905/950 941/1852/917 854/1696/829
f 908/1904/949 880/1796/883 879/1797/882
f 940/1905/950 854/1696/829 880/1796/883
f 942/1906/951 735/1907/738 910/1908/919
f 943/1909/952 823/1608/778 794/1910/804
f 942/1906/951 776/1799/779 735/1907/738
f 824/1699/831 945/1911/953 796/1701/806
f 857/1752/862 946/1912/954 858/1704/833
f 947/1913/955 948/1808/892 858/1704/833
f 825/1707/784 779/1706/808 914/1914/891
f 671/1655/694 1147/1915/956 799/1656/809
f 672/1619/559 949/1916/957 671/1655/694
f 671/1655/694 949/1916/957 1147/1915/956
f 915/1859/922 859/1753/863 950/1917/958
f 859/1753/863 916/1860/923 950/1917/958
f 861/1755/865 1037/1918/959 888/1812/894
f 951/1919/960 952/1920/961 692/1539/747
f 952/1920/961 862/1815/867 692/1539/747
f 952/1921/961 1004/1922/962 862/1758/867
f 862/1758/867 1004/1922/962 802/1661/813
f 804/1715/814 918/1923/897 953/1924/963
f 953/1924/963 803/1666/815 804/1715/814
f 761/1673/791 1081/1925/964 865/1724/840
f 761/1673/791 868/1767/872 1081/1925/964
f 956/1926/965 869/1769/873 781/1927/789
f 835/1825/842 870/1928/845 893/1929/902
f 922/1930/928 839/1731/846 764/1561/755
f 700/1465/704 1009/1931/966 730/1932/730
f 785/1635/796 1049/1876/930 623/1315/627
f 925/1933/906 1013/1934/967 605/1317/610
f 898/1935/908 960/1936/933 958/1937/968
f 786/1685/822 957/1938/969 901/1880/910
f 897/1939/907 771/1781/771 843/1782/877
f 898/1940/908 873/1941/852 960/1942/933
f 960/1884/933 876/1784/879 961/1943/970
f 875/1944/876 963/1945/971 843/1946/877
f 843/1946/877 963/1945/971 962/1947/972
f 814/1686/823 902/1843/912 926/1885/934
f 875/1944/876 926/1948/934 902/1949/912
f 875/1944/876 902/1949/912 963/1945/971
f 961/1943/970 876/1784/879 964/1888/936
f 734/1518/736 929/1894/942 787/1641/799
f 904/1950/913 773/1951/773 966/1952/973
f 966/1953/973 931/1954/940 904/1955/913
f 928/1956/938 932/1957/941 1018/1958/974
f 929/1894/942 906/1849/915 792/1604/776
f 936/1959/945 966/1952/973 773/1951/773
f 939/1960/947 933/1961/914 905/1962/937
f 933/1847/914 934/1895/943 905/1963/937
f 934/1895/943 850/1792/857 968/1964/975
f 850/1850/857 907/1851/916 968/1965/975
f 935/1966/944 941/1967/917 967/1968/976
f 936/1897/945 754/1606/777 938/1903/948
f 966/1969/973 937/1970/946 931/1954/940
f 940/1971/950 1023/1972/977 941/1967/917
f 940/1905/950 880/1796/883 908/1904/949
f 909/1973/918 823/1974/778 943/1975/952
f 776/1799/779 969/1976/978 795/1649/805
f 911/1856/920 796/1701/806 945/1911/953
f 944/1977/979 856/1702/832 795/1649/805
f 882/1978/886 970/1979/980 883/1980/887
f 970/1979/980 974/1981/981 883/1980/887
f 883/1980/887 971/1982/982 797/1983/807
f 882/1978/886 972/1984/983 970/1979/980
f 972/1985/983 975/1986/984 970/1987/980
f 970/1988/980 975/1989/984 974/1990/981
f 972/1991/983 976/1992/985 975/1993/984
f 975/1994/984 977/1995/986 974/1990/981
f 976/1992/985 978/1996/987 975/1993/984
f 978/1997/987 979/1998/988 975/1999/984
f 975/1999/984 979/1998/988 977/2000/986
f 978/1997/987 980/2001/989 979/1998/988
f 976/2002/985 981/2003/990 978/2004/987
f 980/2005/989 978/2004/987 982/2006/991
f 978/2004/987 981/2003/990 982/2006/991
f 981/2007/990 984/2008/992 982/2009/991
f 981/2007/990 985/2010/993 984/2008/992
f 983/2011/994 985/2012/993 981/2007/990
f 983/2013/994 986/2014/995 985/2015/993
f 985/2015/993 987/2016/996 984/2017/992
f 985/2015/993 988/2018/997 987/2016/996
f 986/2014/995 988/2018/997 985/2015/993
f 988/2018/997 989/2019/998 987/2016/996
f 986/2020/995 990/2021/999 988/2022/997
f 988/2023/997 990/2024/999 989/2025/998
f 986/2020/995 991/2026/1000 990/2021/999
f 990/2027/999 992/2028/1001 989/2029/998
f 991/2030/1000 994/2031/1002 990/2032/999
f 990/2032/999 994/2031/1002 992/2033/1001
f 991/2030/1000 995/2034/1003 994/2031/1002
f 992/2033/1001 994/2031/1002 993/2035/1004
f 994/2036/1002 996/2037/1005 993/2038/1004
f 994/2036/1002 995/2039/1003 996/2037/1005
f 995/2039/1003 997/2040/1006 996/2037/1005
f 1032/2041/1007 998/2042/1008 995/2039/1003
f 995/2039/1003 998/2042/1008 997/2040/1006
f 996/2043/1005 997/2044/1006 999/2045/1009
f 998/2046/1008 1033/2047/1010 1000/2048/1011
f 998/2049/1008 1000/2050/1011 997/2044/1006
f 997/2044/1006 913/2051/889 999/2045/1009
f 997/2044/1006 1000/2050/1011 913/2051/889
f 737/1532/742 1071/2052/1012 913/1805/889
f 884/1806/890 1071/2052/1012 737/1532/742
f 777/1614/781 1070/2053/1013 857/1752/862
f 777/1614/781 885/1803/888 1070/2053/1013
f 1000/2054/1011 885/2055/888 913/1805/889
f 720/1491/720 740/1536/745 887/2056/895
f 827/1754/864 1001/2057/1014 860/1657/810
f 827/2058/864 915/2059/922 1001/2060/1014
f 757/2061/763 691/2062/662 829/2063/866
f 951/1919/960 1002/2064/1015 952/1920/961
f 952/1920/961 1002/2064/1015 1003/2065/1016
f 952/1921/961 1003/2066/1016 1004/1922/962
f 802/1661/813 1004/1922/962 863/1759/868
f 890/1821/898 1006/2067/1017 693/1624/697
f 615/2068/637 1040/2069/1018 831/2070/836
f 865/1724/840 1007/2071/1019 920/1867/926
f 865/1724/840 1081/1925/964 1007/2071/1019
f 658/2072/676 891/2073/899 955/2074/1020
f 866/1765/871 956/2075/965 781/1627/789
f 679/1429/682 1008/2076/1021 622/1351/646
f 869/1769/873 924/1826/901 782/1631/792
f 837/1729/844 1009/1931/966 700/1465/704
f 640/1773/647 894/1772/874 923/2077/929
f 871/1775/848 1086/2078/1022 770/1683/770
f 769/1636/797 1012/2079/1023 841/1732/847
f 730/1508/730 1011/2080/1024 785/1635/796
f 769/1636/797 681/1470/707 1012/2079/1023
f 605/1317/610 1013/1934/967 842/1837/849
f 704/2081/734 813/2082/821 1014/2083/1025
f 842/1735/849 957/1938/969 786/1685/822
f 897/2084/907 1015/2085/1026 813/2082/821
f 958/1937/968 959/2086/931 898/1935/908
f 843/2087/877 1016/2088/1027 897/2084/907
f 843/2089/877 962/2090/972 1016/2091/1027
f 900/2092/932 961/2093/970 964/2094/936
f 877/1785/880 1017/2095/1028 847/1739/853
f 902/1949/912 928/1956/938 963/1945/971
f 928/1956/938 1018/1958/974 963/1945/971
f 930/2096/939 1020/2097/1029 819/2098/826
f 819/2098/826 1020/2097/1029 773/1951/773
f 773/1951/773 1020/2097/1029 936/1959/945
f 936/1959/945 1020/2097/1029 930/2096/939
f 905/2099/937 934/2100/943 932/1957/941
f 934/2101/943 939/2102/947 932/2103/941
f 907/2104/916 935/1966/944 1021/2105/1030
f 966/1952/973 936/1959/945 938/2106/948
f 966/1969/973 1022/2107/1031 937/1970/946
f 905/1962/937 937/1970/946 939/1960/947
f 908/2108/949 939/2102/947 934/2101/943
f 940/2109/950 908/2108/949 968/2110/975
f 907/2111/916 940/2112/950 968/2113/975
f 907/2111/916 1023/2114/977 940/2112/950
f 822/2115/830 1024/2116/1032 938/2106/948
f 1023/1972/977 1135/2117/1033 941/1967/917
f 822/2118/830 909/1973/918 1024/2119/1032
f 942/1906/951 969/1976/978 776/1799/779
f 945/2120/953 1025/2121/1034 911/2122/920
f 795/1649/805 969/1976/978 944/1977/979
f 797/2123/807 971/2124/982 824/2125/831
f 972/2126/983 1061/2127/1035 973/2128/1036
f 882/1801/886 1061/2129/1035 972/2130/983
f 972/2131/983 973/2132/1036 1026/2133/1037
f 972/1991/983 1026/2134/1037 976/1992/985
f 1026/2135/1037 1027/2136/1038 976/2137/985
f 1027/2138/1038 981/2003/990 976/2002/985
f 1027/2138/1038 1028/2139/1039 981/2003/990
f 980/2005/989 982/2006/991 984/2140/992
f 1028/2141/1039 983/2011/994 981/2007/990
f 1029/2142/1040 983/2011/994 1028/2141/1039
f 983/2013/994 1029/2143/1040 986/2014/995
f 1029/2143/1040 1030/2144/1041 986/2014/995
f 986/2020/995 1030/2145/1041 991/2026/1000
f 1030/2145/1041 1031/2146/1042 991/2026/1000
f 1031/2147/1042 995/2034/1003 991/2030/1000
f 1031/2147/1042 1032/2148/1007 995/2034/1003
f 1032/2041/1007 1033/2149/1010 998/2042/1008
f 1033/2047/1010 885/1803/888 1000/2048/1011
f 1034/2150/1043 857/1752/862 1070/2053/1013
f 946/1912/954 947/1913/955 858/1704/833
f 949/1916/957 672/1619/559 780/1620/785
f 1036/2151/1044 950/2152/958 916/2153/923
f 886/2154/893 861/2155/865 801/2156/811
f 1036/2151/1044 916/2153/923 1037/2157/959
f 916/2153/923 888/2158/894 1037/2157/959
f 917/2159/924 831/2070/836 1005/2160/1045
f 1004/1922/962 1038/2161/1046 863/1759/868
f 863/1759/868 1038/2161/1046 889/1816/896
f 1039/2162/1047 953/1924/963 918/1923/897
f 1194/2163/1048 918/1865/897 805/1669/816
f 1041/2164/1049 864/1761/869 803/1666/815
f 1041/2164/1049 832/1716/837 864/1761/869
f 1042/2165/1050 954/2166/870 806/1764/817
f 1006/2067/1017 1080/2167/1051 693/1624/697
f 1042/2165/1050 806/1764/817 920/1867/926
f 1043/2168/1052 807/1623/787 832/1716/837
f 1043/2168/1052 1044/2169/1053 807/1623/787
f 1044/2169/1053 866/1765/871 807/1623/787
f 892/1824/900 693/1624/697 1080/2167/1051
f 1044/2169/1053 956/2075/965 866/1765/871
f 892/2170/900 867/1675/818 808/1674/788
f 1046/2171/927 658/2172/676 955/2173/1020
f 1045/2174/1054 763/1583/753 867/1675/818
f 1008/2076/1021 834/2175/841 622/1351/646
f 956/2176/965 1047/2177/1055 869/2178/873
f 924/1826/901 1048/2179/1056 895/1832/904
f 893/2180/902 896/2181/905 1010/2182/1057
f 681/2183/707 872/2184/875 1012/2185/1023
f 1249/2186/1058 703/2187/733 704/2188/734
f 1014/2083/1025 813/2082/821 1050/2189/1059
f 960/2190/933 961/2093/970 1051/2191/1060
f 899/2192/909 1051/2191/1060 900/2092/932
f 1051/2191/1060 961/2093/970 900/2092/932
f 1017/2095/1028 965/2193/1061 847/1739/853
f 847/1739/853 965/2193/1061 1019/2194/1062
f 1019/2194/1062 734/1787/736 847/1739/853
f 734/1787/736 1019/2194/1062 929/2195/942
f 1018/1958/974 932/1957/941 1053/2196/1063
f 932/2197/941 939/1960/947 1053/2198/1063
f 966/1952/973 1054/2199/1064 1022/2200/1031
f 966/1952/973 938/2106/948 1054/2199/1064
f 939/1960/947 937/1970/946 1055/2201/1065
f 939/1960/947 1055/2201/1065 1053/2198/1063
f 1021/2105/1030 1023/2202/977 907/2104/916
f 938/2106/948 1056/2203/1066 1054/2199/1064
f 1022/2107/1031 1057/2204/1067 937/1970/946
f 968/2113/975 1100/2205/1068 934/2101/943
f 968/2113/975 1021/2206/1030 1100/2205/1068
f 908/2108/949 1023/2207/977 968/2110/975
f 968/2113/975 1023/2208/977 1021/2206/1030
f 855/2209/861 1058/2210/1069 881/1798/884
f 908/2108/949 1100/2205/1068 1023/2207/977
f 967/1968/976 941/1967/917 1135/2117/1033
f 934/2101/943 1100/2205/1068 908/2108/949
f 943/1975/952 794/2211/804 1104/2212/1070
f 883/2213/887 974/1990/981 1060/2214/1071
f 1060/2215/1071 971/2124/982 883/2216/887
f 1177/2217/1072 856/1702/832 944/1977/979
f 912/1800/885 1061/2129/1035 882/1801/886
f 974/1990/981 977/1995/986 1062/2218/1073
f 977/2000/986 979/1998/988 1062/2219/1073
f 1062/2219/1073 980/2001/989 1063/2220/1074
f 979/1998/988 980/2001/989 1062/2219/1073
f 980/2005/989 984/2140/992 1063/2221/1074
f 1063/2221/1074 984/2140/992 1064/2222/1075
f 984/2223/992 987/2224/996 1064/2225/1075
f 1064/2225/1075 987/2224/996 1065/2226/1076
f 987/2227/996 989/2025/998 1065/2228/1076
f 989/2025/998 992/2229/1001 1065/2228/1076
f 1065/2228/1076 992/2229/1001 1066/2230/1077
f 1066/2231/1077 992/2028/1001 1067/2232/1078
f 992/2033/1001 993/2035/1004 1067/2233/1078
f 993/2038/1004 996/2037/1005 1067/2234/1078
f 1067/2234/1078 996/2037/1005 1068/2235/1079
f 1032/2236/1007 1069/2237/1080 1033/2238/1010
f 996/2043/1005 999/2045/1009 1068/2239/1079
f 1033/2047/1010 1070/2053/1013 885/1803/888
f 999/2045/1009 913/2051/889 1068/2239/1079
f 1068/2239/1079 913/2051/889 1071/2240/1012
f 857/1752/862 1072/2241/1081 946/1912/954
f 884/2242/890 914/1914/891 1035/2243/1082
f 1035/2243/1082 914/1914/891 1073/2244/1083
f 914/1914/891 779/1706/808 1073/2244/1083
f 947/2245/955 1074/2246/1084 948/2247/892
f 757/2061/763 829/2063/866 1113/2248/1085
f 1001/2060/1014 915/2059/922 950/2152/958
f 1075/2249/1086 1037/2157/959 861/2155/865
f 692/1539/747 1076/2250/1087 951/1919/960
f 1076/2250/1087 1002/2064/1015 951/1919/960
f 1078/2251/1088 1004/1922/962 1003/2066/1016
f 1078/2251/1088 1038/2161/1046 1004/1922/962
f 1077/2252/1089 742/2253/750 721/2254/721
f 889/2255/896 1038/2256/1046 890/1821/898
f 953/1924/963 1041/2164/1049 803/1666/815
f 805/2257/816 954/2258/870 1194/2259/1048
f 763/1583/753 1045/2174/1054 922/1873/928
f 697/2260/703 836/2261/843 921/2262/839
f 835/2263/842 1082/2264/1090 868/2265/872
f 922/1873/928 1045/2174/1054 1083/2266/1091
f 869/2267/873 1047/2177/1055 924/2268/901
f 924/2268/901 1047/2177/1055 1048/2269/1056
f 835/2263/842 893/2180/902 1082/2264/1090
f 893/2180/902 1010/2182/1057 1084/2270/1092
f 642/1395/650 1284/2271/1093 894/1772/874
f 767/1593/769 1284/2271/1093 642/1395/650
f 896/2272/905 1085/2273/1094 1010/2182/1057
f 767/1593/769 770/1683/770 1086/2274/1022
f 896/2272/905 812/2275/820 1085/2273/1094
f 1012/2276/1023 1087/2277/1095 841/2278/847
f 1013/1934/967 1088/2279/1096 842/1837/849
f 813/2082/821 1015/2085/1026 1050/2189/1059
f 958/1937/968 1089/2280/1097 959/2086/931
f 959/2086/931 1089/2280/1097 899/2281/909
f 1089/2280/1097 1090/2282/1098 899/2281/909
f 899/2192/909 1090/2283/1098 1051/2191/1060
f 901/1880/910 957/1938/969 1052/2284/1099
f 897/2285/907 1091/2286/1100 1092/2287/1101
f 1016/2091/1027 1091/2286/1100 897/2285/907
f 962/2288/972 1094/2289/1102 1016/2091/1027
f 962/2288/972 1093/2290/1103 1094/2289/1102
f 963/1945/971 1095/2291/1104 962/1947/972
f 962/1947/972 1095/2291/1104 1093/2292/1103
f 963/1945/971 1018/1958/974 1095/2291/1104
f 1095/2291/1104 1018/1958/974 1096/2293/1105
f 1018/1958/974 1097/2294/1106 1096/2293/1105
f 1053/2196/1063 1097/2294/1106 1018/1958/974
f 1021/2105/1030 935/1966/944 1098/2295/1107
f 967/1968/976 1098/2295/1107 935/1966/944
f 821/2296/828 1058/2297/1069 855/2298/861
f 937/1970/946 1057/2204/1067 1055/2201/1065
f 938/2106/948 1024/2116/1032 1056/2203/1066
f 1024/2116/1032 1102/2299/1108 1056/2203/1066
f 967/1968/976 1135/2117/1033 1101/2300/1109
f 1100/2301/1068 1135/2117/1033 1023/1972/977
f 881/1798/884 1103/2302/1110 910/1854/919
f 794/2211/804 911/2122/920 1104/2212/1070
f 944/2303/979 969/2304/978 1059/2305/1111
f 1059/2306/1111 1177/2307/1072 944/2308/979
f 856/2309/832 1105/2310/1112 912/2311/885
f 1105/2310/1112 1106/2312/1113 912/2311/885
f 912/2311/885 1106/2312/1113 1061/2313/1035
f 1177/2307/1072 1105/2310/1112 856/2309/832
f 974/1990/981 1062/2218/1073 1060/2214/1071
f 973/2314/1036 1108/2315/1114 1026/2316/1037
f 1108/2317/1114 1109/2318/1115 1026/2319/1037
f 1026/2319/1037 1139/2320/1116 1027/2321/1038
f 1027/2138/1038 1139/2322/1116 1028/2139/1039
f 1139/2323/1116 1110/2324/1117 1028/2141/1039
f 1028/2325/1039 1110/2326/1117 1029/2327/1040
f 1110/2328/1117 1111/2329/1118 1029/2143/1040
f 1029/2143/1040 1111/2329/1118 1030/2144/1041
f 1030/2145/1041 1111/2330/1118 1031/2146/1042
f 1111/2331/1118 1112/2332/1119 1031/2333/1042
f 1031/2147/1042 1112/2334/1119 1032/2335/1007
f 1112/2336/1119 1069/2337/1080 1032/2041/1007
f 1033/2047/1010 1069/2338/1080 1070/2053/1013
f 1379/1858/921 756/1616/783 948/1808/892
f 1113/2248/1085 740/2339/745 757/2061/763
f 1114/2340/1120 826/1708/834 799/1656/809
f 1148/2341/1121 780/1620/785 828/1542/748
f 1150/2342/1122 1037/2157/959 1075/2249/1086
f 887/2343/895 1077/2344/1089 721/2345/721
f 1002/2064/1015 1076/2250/1087 1115/2346/1123
f 1116/2347/1124 1002/2348/1015 1115/2349/1123
f 1116/2347/1124 1003/2066/1016 1002/2348/1015
f 1078/2251/1088 1117/2350/1125 1038/2161/1046
f 1077/2252/1089 1079/2351/786 742/2253/750
f 1005/2160/1045 831/2070/836 1040/2069/1018
f 1194/2259/1048 1039/2352/1047 918/2353/897
f 1118/2354/1126 890/1821/898 1038/2256/1046
f 890/1821/898 1119/2355/1127 1006/2067/1017
f 1118/2354/1126 1119/2355/1127 890/1821/898
f 1120/2356/1128 832/1716/837 1041/2164/1049
f 1120/2356/1128 1043/2357/1052 832/1716/837
f 1040/2358/1018 615/2359/637 921/2360/839
f 1122/2361/1129 892/1824/900 1080/2167/1051
f 833/2362/838 696/1722/700 1198/2363/1130
f 696/1722/700 834/1726/841 1198/2363/1130
f 1124/2364/1131 1045/2174/1054 867/1675/818
f 1125/2365/1132 1047/2177/1055 956/2176/965
f 1008/2076/1021 679/1429/682 1126/2366/1133
f 1083/2266/1091 839/2367/846 922/1873/928
f 1126/2366/1133 679/1429/682 923/1874/929
f 893/2180/902 1084/2270/1092 1082/2264/1090
f 1048/2368/1056 1127/2369/1134 895/2370/904
f 1009/2371/966 1011/2372/1024 730/2373/730
f 1129/2374/1135 1086/2375/1022 871/2376/848
f 1128/2377/1136 871/2376/848 895/2370/904
f 1129/2374/1135 871/2376/848 1128/2377/1136
f 1085/2273/1094 812/2275/820 841/2278/847
f 1205/2378/1137 1051/2191/1060 1090/2283/1098
f 1205/2378/1137 960/2190/933 1051/2191/1060
f 1015/2379/1026 897/2285/907 1092/2287/1101
f 1130/2380/1138 927/1886/935 816/1687/824
f 1130/2381/1138 877/1785/880 927/1886/935
f 1130/2381/1138 1017/2095/1028 877/1785/880
f 1093/2292/1103 1095/2291/1104 1094/2382/1102
f 1091/2286/1100 1016/2091/1027 1094/2289/1102
f 1095/2291/1104 1096/2293/1105 1094/2382/1102
f 1131/2383/1139 1098/2295/1107 967/1968/976
f 1132/2384/1140 1022/2200/1031 1054/2199/1064
f 1055/2385/1065 1099/2386/1141 1053/2387/1063
f 1133/2388/1142 1021/2105/1030 1098/2295/1107
f 1100/2389/1068 1053/2387/1063 1099/2386/1141
f 1100/2389/1068 1021/2390/1030 1053/2387/1063
f 1057/2204/1067 1134/2391/1143 1055/2201/1065
f 1099/2386/1141 1055/2385/1065 1134/2392/1143
f 1102/2393/1108 1024/2119/1032 1134/2394/1143
f 1099/2386/1141 1135/2395/1033 1100/2389/1068
f 1173/2396/1144 942/2397/951 910/2398/919
f 911/2122/920 1025/2121/1034 1104/2212/1070
f 1136/2399/1145 971/2124/982 1060/2215/1071
f 1175/2400/1146 824/2125/831 971/2124/982
f 1061/2313/1035 1107/2401/1147 973/2402/1036
f 1060/2214/1071 1062/2218/1073 1137/2403/1148
f 1107/2401/1147 1108/2404/1114 973/2402/1036
f 1139/2320/1116 1026/2319/1037 1109/2318/1115
f 1062/2219/1073 1063/2220/1074 1181/2405/1149
f 1181/2406/1149 1063/2221/1074 1140/2407/1150
f 1063/2221/1074 1064/2222/1075 1140/2407/1150
f 1064/2225/1075 1065/2226/1076 1140/2408/1150
f 1065/2409/1076 1066/2231/1077 1142/2410/1151
f 1066/2231/1077 1067/2232/1078 1143/2411/1152
f 1143/2412/1152 1067/2413/1078 1144/2414/1153
f 1067/2234/1078 1068/2235/1079 1144/2415/1153
f 1145/2416/1154 1068/2239/1079 1071/2240/1012
f 1146/2417/1155 1071/2418/1012 884/2242/890
f 1035/2243/1082 1146/2417/1155 884/2242/890
f 1001/2060/1014 950/2152/958 1149/2419/1156
f 1149/2419/1156 950/2152/958 1036/2151/1044
f 886/2154/893 1075/2249/1086 861/2155/865
f 1036/2151/1044 1037/2157/959 1150/2342/1122
f 1036/2151/1044 1150/2342/1122 1149/2419/1156
f 741/1538/746 1076/2250/1087 692/1539/747
f 1116/2347/1124 1078/2251/1088 1003/2066/1016
f 722/2420/722 830/1711/835 1237/2421/1157
f 1117/2350/1125 1118/2422/1126 1038/2161/1046
f 954/2258/870 1042/2423/1050 1151/2424/1158
f 1119/2355/1127 1080/2167/1051 1006/2067/1017
f 1042/2423/1050 920/2425/926 1152/2426/1159
f 892/2170/900 1124/2364/1131 867/1675/818
f 1081/2427/964 868/2265/872 1154/2428/1160
f 868/2265/872 1082/2264/1090 1154/2428/1160
f 1082/2264/1090 1155/2429/1161 1154/2428/1160
f 1083/2266/1091 1156/2430/1162 839/2367/846
f 1127/2369/1134 1128/2377/1136 895/2370/904
f 841/2278/847 1087/2277/1095 1085/2273/1094
f 785/2431/796 1011/2372/1024 1049/2432/930
f 1012/2185/1023 872/2184/875 1049/2432/930
f 840/2433/903 1157/2434/1163 925/1835/906
f 958/1937/968 1159/2435/1164 1089/2280/1097
f 1089/2280/1097 1159/2435/1164 1158/2436/1165
f 1089/2280/1097 1158/2436/1165 1090/2282/1098
f 1159/2435/1164 960/1936/933 1160/2437/1166
f 958/1937/968 960/1936/933 1159/2435/1164
f 960/1936/933 1205/2438/1137 1160/2437/1166
f 1092/2287/1101 1091/2286/1100 1161/2439/1167
f 1162/2440/1168 1165/2441/1169 1163/2442/1170
f 1162/2440/1168 1164/2443/1171 1165/2441/1169
f 1091/2286/1100 1164/2443/1171 1162/2440/1168
f 1165/2441/1169 1164/2443/1171 1166/2444/1172
f 1091/2286/1100 1094/2289/1102 1164/2443/1171
f 1097/2445/1106 1168/2446/1173 1096/2447/1105
f 1097/2445/1106 1053/2448/1063 1169/2449/1174
f 1022/2107/1031 1170/2450/1175 1057/2204/1067
f 1053/2448/1063 1021/2105/1030 1169/2449/1174
f 1021/2105/1030 1133/2388/1142 1169/2449/1174
f 1170/2450/1175 1171/2451/1176 1057/2204/1067
f 1171/2451/1176 1134/2391/1143 1057/2204/1067
f 1171/2452/1176 1102/2393/1108 1134/2394/1143
f 1101/2453/1109 1135/2454/1033 1172/2455/1177
f 1099/2386/1141 1218/2456/1178 1135/2395/1033
f 1134/2394/1143 1024/2119/1032 909/1973/918
f 1173/2396/1144 1174/2457/1179 942/2397/951
f 942/2397/951 1174/2457/1179 969/2458/978
f 971/2124/982 1136/2399/1145 1175/2400/1146
f 1059/2306/1111 1176/2459/1180 1177/2307/1072
f 1061/2313/1035 1106/2312/1113 1225/2460/1181
f 1225/2460/1181 1107/2401/1147 1061/2313/1035
f 1136/2461/1145 1060/2462/1071 1137/2463/1148
f 1178/2464/1182 1179/2465/1183 1107/2401/1147
f 1062/2218/1073 1138/2466/1184 1137/2403/1148
f 1108/2317/1114 1180/2467/1185 1109/2318/1115
f 1138/2468/1184 1062/2219/1073 1181/2405/1149
f 1140/2469/1150 1065/2470/1076 1141/2471/1186
f 1141/2471/1186 1065/2470/1076 1142/2472/1151
f 1142/2410/1151 1066/2231/1077 1143/2411/1152
f 1186/2473/1187 1069/2337/1080 1112/2336/1119
f 1144/2474/1153 1068/2239/1079 1145/2416/1154
f 1069/2338/1080 1187/2475/1188 1070/2053/1013
f 1070/2476/1013 1187/2477/1188 1034/2478/1043
f 1145/2416/1154 1071/2240/1012 1188/2479/1189
f 1146/2417/1155 1188/2480/1189 1071/2418/1012
f 857/2481/862 1321/2482/1190 1072/2483/1081
f 857/2481/862 1034/2478/1043 1321/2482/1190
f 1072/2484/1081 947/2485/955 946/2486/954
f 779/1706/808 1232/2487/1191 1073/2244/1083
f 780/1620/785 1148/2341/1121 949/1916/957
f 740/2339/745 1190/2488/1192 887/2343/895
f 740/2339/745 1113/2248/1085 1190/2488/1192
f 799/1656/809 1147/1915/956 1114/2340/1120
f 1115/2349/1123 1191/2489/1193 1116/2347/1124
f 1191/2489/1193 1192/2490/1194 1116/2347/1124
f 1116/2347/1124 1192/2490/1194 1078/2251/1088
f 1117/2350/1125 1193/2491/1195 1118/2422/1126
f 953/2492/963 1240/2493/1196 1041/2494/1049
f 954/2258/870 1151/2424/1158 1194/2259/1048
f 891/2495/899 1079/2496/786 1121/2497/1197
f 830/1711/835 919/1866/925 1237/2421/1157
f 1119/2355/1127 1195/2498/1198 1080/2167/1051
f 1080/2167/1051 1196/2499/1199 1122/2361/1129
f 1040/2358/1018 921/2360/839 1153/2500/1200
f 1043/2501/1052 1197/2502/1201 1044/2503/1053
f 920/2504/926 1007/2505/1019 1152/2426/1159
f 892/1824/900 1122/2361/1129 1123/2506/1202
f 1197/2502/1201 1199/2507/1203 1044/2503/1053
f 1044/2503/1053 1199/2507/1203 956/2508/965
f 956/2509/965 1199/2510/1203 1125/2511/1132
f 921/2262/839 836/2261/843 1280/2512/1204
f 1047/2513/1055 1127/2514/1134 1048/2515/1056
f 1156/2516/1162 1200/2517/1205 839/1731/846
f 1010/2518/1057 1281/2519/1206 1084/2520/1092
f 839/1731/846 1200/2517/1205 840/1830/903
f 838/2521/757 703/2522/733 1201/2523/1207
f 1086/2375/1022 1284/2524/1093 767/2525/769
f 703/2522/733 1249/2526/1058 1201/2523/1207
f 1157/2527/1163 1013/2528/967 925/2529/906
f 1014/2083/1025 1050/2189/1059 1202/2530/1208
f 842/2531/849 1088/2532/1096 957/2533/969
f 1015/2085/1026 1203/2534/1209 1050/2189/1059
f 957/2535/969 1204/2536/1210 1052/2537/1099
f 1015/2085/1026 1092/2538/1101 1203/2534/1209
f 1162/2440/1168 1161/2439/1167 1091/2286/1100
f 1163/2539/1170 1165/2540/1169 1206/2541/1211
f 1164/2443/1171 1207/2542/1212 1166/2444/1172
f 1166/2543/1172 1208/2544/1213 1165/2540/1169
f 1052/2537/1099 1209/2545/1214 901/2546/910
f 901/2546/910 1209/2545/1214 816/2547/824
f 816/2547/824 1209/2545/1214 1130/2548/1138
f 1164/2443/1171 1094/2289/1102 1207/2542/1212
f 1166/2543/1172 1207/2549/1212 1167/2550/1215
f 1166/2543/1172 1167/2550/1215 1208/2544/1213
f 1094/2551/1102 1096/2552/1105 1207/2553/1212
f 1096/2552/1105 1210/2554/1216 1207/2553/1212
f 1207/2553/1212 1210/2554/1216 1167/2555/1215
f 1096/2552/1105 1211/2556/1217 1210/2554/1216
f 1210/2557/1216 1212/2558/1218 1167/2559/1215
f 1096/2552/1105 1213/2560/1219 1211/2556/1217
f 1096/2447/1105 1168/2446/1173 1213/2561/1219
f 821/2562/828 906/2563/915 1214/2564/1220
f 1098/2295/1107 1213/2565/1219 1168/2566/1173
f 1098/2567/1107 1131/2568/1139 1213/2560/1219
f 821/2562/828 1214/2564/1220 1058/2569/1069
f 1054/2199/1064 1215/2570/1221 1132/2384/1140
f 1132/2384/1140 1216/2571/1222 1022/2200/1031
f 1022/2200/1031 1216/2571/1222 1170/2572/1175
f 967/2573/976 1101/2453/1109 1131/2568/1139
f 1054/2199/1064 1056/2203/1066 1215/2570/1221
f 1216/2574/1222 1171/2451/1176 1170/2450/1175
f 1102/2575/1108 1171/2576/1176 1217/2577/1223
f 1058/2569/1069 1103/2578/1110 881/2579/884
f 1134/2392/1143 1218/2456/1178 1099/2386/1141
f 1135/2395/1033 1218/2456/1178 1172/2580/1177
f 909/2581/918 1219/2582/1224 1134/2391/1143
f 1134/2392/1143 1219/2583/1224 1218/2456/1178
f 910/2398/919 1103/2578/1110 1220/2584/1225
f 909/1973/918 1300/2585/1226 1221/2586/1227
f 909/1973/918 1221/2586/1227 1219/2587/1224
f 1104/2212/1070 1222/2588/1228 943/1975/952
f 909/1973/918 943/1975/952 1300/2585/1226
f 943/1975/952 1222/2588/1228 1300/2585/1226
f 969/2458/978 1174/2457/1179 1059/2589/1111
f 945/2590/953 1223/2591/1229 1025/2592/1034
f 824/2125/831 1224/2593/1230 945/2590/953
f 1175/2400/1146 1224/2593/1230 824/2125/831
f 1225/2460/1181 1178/2464/1182 1107/2401/1147
f 1107/2401/1147 1179/2465/1183 1108/2404/1114
f 1109/2318/1115 1180/2467/1185 1139/2320/1116
f 1180/2467/1185 1227/2594/1231 1139/2320/1116
f 1227/2594/1231 1182/2595/1232 1139/2320/1116
f 1181/2406/1149 1140/2407/1150 1228/2596/1233
f 1140/2597/1150 1229/2598/1234 1228/2599/1233
f 1139/2323/1116 1182/2600/1232 1110/2324/1117
f 1182/2600/1232 1230/2601/1235 1110/2324/1117
f 1230/2602/1235 1111/2329/1118 1110/2328/1117
f 1230/2602/1235 1183/2603/1236 1111/2329/1118
f 1183/2604/1236 1112/2332/1119 1111/2331/1118
f 1183/2604/1236 1184/2605/1237 1112/2332/1119
f 1184/2606/1237 1185/2607/1238 1112/2334/1119
f 1185/2608/1238 1186/2473/1187 1112/2336/1119
f 1186/2609/1187 1187/2477/1188 1069/2610/1080
f 1189/2611/1239 1146/2417/1155 1035/2243/1082
f 1035/2243/1082 1073/2244/1083 1189/2611/1239
f 1231/2612/1240 1074/2246/1084 947/2485/955
f 1442/2613/1241 779/2614/808 1379/2615/921
f 1233/2616/1242 860/2617/810 1001/2618/1014
f 1233/2616/1242 886/2154/893 860/2617/810
f 1001/2060/1014 1149/2419/1156 1234/2619/1243
f 1149/2419/1156 1150/2342/1122 1234/2619/1243
f 1235/2620/1244 1076/2250/1087 741/1538/746
f 829/2063/866 917/2621/924 1236/2622/1245
f 1076/2250/1087 1235/2620/1244 1115/2346/1123
f 1235/2620/1244 1191/2623/1193 1115/2346/1123
f 1192/2490/1194 1117/2350/1125 1078/2251/1088
f 1192/2490/1194 1238/2624/1246 1117/2350/1125
f 1193/2491/1195 1117/2350/1125 1238/2624/1246
f 1239/2625/1247 1118/2354/1126 1193/2626/1195
f 1039/2627/1047 1240/2493/1196 953/2492/963
f 1240/2493/1196 1120/2628/1128 1041/2494/1049
f 1195/2498/1198 1119/2355/1127 1118/2354/1126
f 1151/2424/1158 1042/2423/1050 1152/2426/1159
f 1196/2499/1199 1080/2167/1051 1195/2498/1198
f 1007/2629/1019 1081/2427/964 1279/2630/1248
f 1279/2630/1248 1081/2427/964 1154/2428/1160
f 1153/2631/1200 921/2262/839 1280/2512/1204
f 1241/2632/1249 834/2175/841 1008/2076/1021
f 1242/2633/1250 1047/2513/1055 1125/2511/1132
f 1243/2634/1251 1083/2266/1091 1045/2174/1054
f 1244/2635/1252 837/2636/844 1046/2171/927
f 1245/2637/1253 836/2638/843 838/2639/757
f 1200/2640/1205 1156/2641/1162 1083/2642/1091
f 1245/2637/1253 838/2639/757 1201/2643/1207
f 1200/2640/1205 1247/2644/1254 840/2645/903
f 1248/2646/1255 1010/2518/1057 1390/2647/1256
f 1010/2518/1057 1085/2648/1094 1390/2647/1256
f 1286/2649/1257 1012/2185/1023 1049/2432/930
f 1247/2644/1254 1157/2650/1163 840/2645/903
f 1249/2651/1058 704/2652/734 1014/2083/1025
f 1158/2653/1165 1205/2378/1137 1090/2283/1098
f 1203/2654/1209 1092/2287/1101 1251/2655/1258
f 1092/2287/1101 1161/2439/1167 1252/2656/1259
f 1252/2656/1259 1161/2439/1167 1253/2657/1260
f 1206/2541/1211 1165/2540/1169 1208/2544/1213
f 1204/2536/1210 1209/2545/1214 1052/2537/1099
f 1254/2658/1261 1017/2659/1028 1130/2548/1138
f 1254/2658/1261 965/2660/1061 1017/2659/1028
f 1208/2544/1213 1167/2550/1215 1212/2661/1218
f 1255/2662/1262 929/2663/942 1400/2664/1263
f 1256/2665/1264 1212/2558/1218 1210/2557/1216
f 1257/2666/1265 906/2563/915 929/2663/942
f 1350/2667/1266 1168/2446/1173 1097/2445/1106
f 1211/2556/1217 1213/2560/1219 1256/2668/1264
f 1256/2668/1264 1213/2560/1219 1258/2669/1267
f 1097/2445/1106 1169/2449/1174 1259/2670/1268
f 1259/2670/1268 1169/2449/1174 1133/2388/1142
f 1217/2577/1223 1056/2671/1066 1102/2575/1108
f 1220/2584/1225 1173/2396/1144 910/2398/919
f 1223/2591/1229 945/2590/953 1224/2593/1230
f 1261/2672/1269 1177/2307/1072 1176/2459/1180
f 1260/2673/1270 1105/2310/1112 1261/2672/1269
f 1106/2312/1113 1105/2310/1112 1260/2673/1270
f 1262/2674/1271 1225/2460/1181 1106/2312/1113
f 1105/2310/1112 1177/2307/1072 1261/2672/1269
f 1136/2461/1145 1137/2463/1148 1226/2675/1272
f 1226/2676/1272 1137/2403/1148 1263/2677/1273
f 1137/2403/1148 1138/2466/1184 1263/2677/1273
f 1180/2678/1185 1108/2315/1114 1179/2679/1183
f 1263/2680/1273 1138/2468/1184 1181/2405/1149
f 1229/2681/1234 1140/2408/1150 1264/2682/1274
f 1264/2683/1274 1140/2469/1150 1313/2684/1275
f 1140/2469/1150 1141/2471/1186 1313/2684/1275
f 1141/2685/1186 1265/2686/1276 1313/2687/1275
f 1265/2686/1276 1141/2685/1186 1315/2688/1277
f 1141/2685/1186 1142/2689/1151 1315/2688/1277
f 1142/2690/1151 1143/2691/1152 1266/2692/1278
f 1143/2412/1152 1144/2414/1153 1372/2693/1279
f 1372/2693/1279 1144/2414/1153 1267/2694/1280
f 1267/2695/1280 1144/2415/1153 1268/2696/1281
f 1185/2608/1238 1269/2697/1282 1186/2473/1187
f 1144/2474/1153 1145/2416/1154 1268/2698/1281
f 1072/2484/1081 1231/2612/1240 947/2485/955
f 1233/2616/1242 1270/2699/1283 886/2154/893
f 826/1708/834 1235/2620/1244 741/1538/746
f 1075/2249/1086 1327/2700/1284 1150/2342/1122
f 828/1542/748 722/2701/722 1272/2702/1285
f 1238/2624/1246 1273/2703/1286 1193/2491/1195
f 1193/2491/1195 1273/2703/1286 1274/2704/1287
f 1193/2491/1195 1274/2704/1287 1239/2705/1247
f 1194/2259/1048 1151/2424/1158 1275/2706/1288
f 1118/2354/1126 1277/2707/1289 1195/2498/1198
f 1120/2628/1128 1383/2708/1290 1043/2501/1052
f 1195/2709/1198 1122/2710/1129 1196/2711/1199
f 1152/2426/1159 1007/2505/1019 1279/2712/1248
f 1122/2713/1129 1278/2714/1291 1123/2715/1202
f 1121/2716/1197 955/2074/1020 891/2073/899
f 1123/2715/1202 1124/2717/1131 892/2718/900
f 1243/2719/1251 1045/2720/1054 1124/2721/1131
f 1155/2722/1161 1082/2723/1090 1281/2519/1206
f 1244/2724/1252 1009/2725/966 837/2726/844
f 1082/2723/1090 1084/2520/1092 1281/2519/1206
f 923/2727/929 894/2728/874 1246/2729/1292
f 1127/2369/1134 1285/2730/1293 1128/2377/1136
f 1281/2519/1206 1010/2518/1057 1248/2646/1255
f 1285/2730/1293 1129/2374/1135 1128/2377/1136
f 1012/2185/1023 1286/2649/1257 1087/2731/1095
f 1247/2732/1254 1287/2733/1294 1157/2527/1163
f 1157/2527/1163 1287/2733/1294 1013/2528/967
f 1287/2733/1294 1088/2532/1096 1013/2528/967
f 1202/2530/1208 1050/2189/1059 1288/2734/1295
f 1288/2734/1295 1050/2189/1059 1289/2735/1296
f 1158/2736/1165 1159/2737/1164 1250/2738/1297
f 1050/2189/1059 1203/2534/1209 1289/2735/1296
f 1289/2739/1296 1203/2740/1209 1290/2741/1298
f 1290/2741/1298 1250/2738/1297 1289/2739/1296
f 1203/2654/1209 1251/2655/1258 1291/2742/1299
f 1251/2655/1258 1092/2287/1101 1252/2656/1259
f 1163/2442/1170 1206/2743/1211 1162/2440/1168
f 1161/2439/1167 1162/2440/1168 1253/2657/1260
f 1162/2440/1168 1206/2743/1211 1253/2657/1260
f 1130/2548/1138 1293/2744/1300 1254/2658/1261
f 1207/2745/1301 1294/2746/1302 1253/2657/1260
f 1253/2657/1260 1295/2747/1303 1207/2745/1301
f 1295/2747/1303 1294/2746/1302 1207/2745/1301
f 1255/2662/1262 1257/2666/1265 929/2663/942
f 1097/2445/1106 1259/2670/1268 1298/2748/1304
f 1097/2445/1106 1298/2748/1304 1350/2667/1266
f 1168/2749/1173 1350/2750/1266 1258/2751/1267
f 1210/2752/1216 1211/2753/1217 1258/2751/1267
f 1297/2754/1305 1258/2669/1267 1211/2755/1217
f 906/2563/915 1257/2666/1265 1214/2564/1220
f 1168/2749/1173 1258/2751/1267 1299/2756/1306
f 1168/2566/1173 1299/2757/1306 1098/2295/1107
f 1132/2384/1140 1354/2758/1307 1216/2571/1222
f 1299/2757/1306 1133/2388/1142 1098/2295/1107
f 1216/2759/1222 1355/2760/1308 1171/2761/1176
f 1101/2453/1109 1299/2762/1306 1131/2568/1139
f 1355/2760/1308 1221/2763/1227 1171/2761/1176
f 1300/2585/1226 1217/2577/1223 1221/2586/1227
f 1171/2576/1176 1221/2586/1227 1217/2577/1223
f 1299/2762/1306 1101/2453/1109 1172/2455/1177
f 1218/2456/1178 1219/2583/1224 1301/2764/1309
f 1218/2456/1178 1301/2764/1309 1172/2580/1177
f 1300/2585/1226 1222/2588/1228 1358/2765/1310
f 1174/2457/1179 1302/2766/1311 1059/2589/1111
f 1059/2589/1111 1302/2766/1311 1303/2767/1312
f 1362/2768/1313 1175/2769/1146 1136/2461/1145
f 1175/2400/1146 1361/2770/1314 1304/2771/1315
f 1175/2400/1146 1304/2771/1315 1224/2593/1230
f 1362/2768/1313 1136/2461/1145 1226/2675/1272
f 1106/2312/1113 1260/2673/1270 1262/2674/1271
f 1225/2460/1181 1262/2674/1271 1305/2772/1316
f 1225/2460/1181 1305/2772/1316 1178/2464/1182
f 1178/2464/1182 1305/2772/1316 1179/2465/1183
f 1179/2465/1183 1305/2772/1316 1306/2773/1317
f 1179/2679/1183 1306/2774/1317 1180/2678/1185
f 1180/2775/1185 1306/2776/1317 1227/2777/1231
f 1227/2777/1231 1306/2776/1317 1307/2778/1318
f 1263/2680/1273 1181/2405/1149 1308/2779/1319
f 1227/2777/1231 1307/2778/1318 1309/2780/1320
f 1181/2406/1149 1228/2596/1233 1308/2781/1319
f 1227/2782/1231 1309/2783/1320 1310/2784/1321
f 1227/2782/1231 1310/2784/1321 1182/2785/1232
f 1228/2599/1233 1229/2598/1234 1311/2786/1322
f 1310/2787/1321 1230/2788/1235 1182/2789/1232
f 1229/2681/1234 1264/2682/1274 1311/2790/1322
f 1183/2603/1236 1230/2602/1235 1314/2791/1323
f 1142/2689/1151 1266/2792/1278 1315/2688/1277
f 1183/2604/1236 1314/2793/1323 1184/2605/1237
f 1314/2793/1323 1316/2794/1324 1184/2605/1237
f 1266/2692/1278 1143/2691/1152 1317/2795/1325
f 1143/2412/1152 1372/2693/1279 1317/2796/1325
f 1184/2797/1237 1316/2798/1324 1185/2799/1238
f 1316/2798/1324 1318/2800/1326 1185/2799/1238
f 1269/2697/1282 1185/2608/1238 1318/2801/1326
f 1268/2802/1281 1145/2803/1154 1319/2804/1327
f 1186/2609/1187 1269/2805/1282 1187/2477/1188
f 1187/2477/1188 1320/2806/1328 1034/2478/1043
f 1145/2807/1154 1188/2808/1189 1319/2804/1327
f 1189/2611/1239 1073/2244/1083 1322/2809/1329
f 1073/2244/1083 1232/2487/1191 1322/2809/1329
f 779/2614/808 1442/2613/1241 1232/2810/1191
f 1113/2248/1085 829/2063/866 1325/2811/1330
f 1148/2341/1121 828/1542/748 1472/2812/1331
f 1001/2060/1014 1234/2619/1243 1324/2813/1332
f 1234/2619/1243 1326/2814/1333 1324/2813/1332
f 1075/2249/1086 886/2154/893 1328/2815/1334
f 1234/2619/1243 1150/2342/1122 1326/2814/1333
f 1271/2816/1335 1077/2344/1089 887/2343/895
f 1326/2814/1333 1150/2342/1122 1327/2700/1284
f 1328/2815/1334 1327/2700/1284 1075/2249/1086
f 1472/2817/1331 828/2818/748 1272/2819/1285
f 1192/2820/1194 1273/2821/1286 1238/2822/1246
f 1077/2252/1089 1505/2823/1336 1079/2351/786
f 1329/2824/1337 1239/2825/1247 1274/2826/1287
f 1239/2625/1247 1329/2827/1337 1118/2354/1126
f 1005/2160/1045 1040/2069/1018 1276/2828/1338
f 1329/2827/1337 1277/2707/1289 1118/2354/1126
f 1505/2829/1336 1121/2497/1197 1079/2496/786
f 1331/2830/1339 1237/2831/1157 919/2832/925
f 1383/2708/1290 1197/2502/1201 1043/2501/1052
f 1332/2833/1340 1122/2710/1129 1195/2709/1198
f 1332/2833/1340 1278/2714/1291 1122/2710/1129
f 1331/2830/1339 919/2832/925 833/2834/838
f 1331/2830/1339 833/2834/838 1198/2835/1130
f 1241/2836/1249 1198/2837/1130 834/2838/841
f 1199/2510/1203 1242/2633/1250 1125/2511/1132
f 1334/2839/1341 1241/2840/1249 1008/2841/1021
f 1334/2839/1341 1008/2841/1021 1126/2842/1133
f 1335/2843/1342 1127/2514/1134 1047/2513/1055
f 1389/2844/1343 1285/2730/1293 1127/2369/1134
f 1336/2845/1344 1011/2846/1024 1009/2847/966
f 1283/2848/1345 894/2849/874 1284/2850/1093
f 1284/2524/1093 1086/2375/1022 1452/2851/1346
f 1390/2852/1256 1085/2273/1094 1087/2277/1095
f 1287/2733/1294 1337/2853/1347 1088/2532/1096
f 1338/2854/1348 957/2855/969 1088/2856/1096
f 1391/2857/1349 1250/2738/1297 1159/2737/1164
f 1339/2858/1350 1250/2738/1297 1290/2741/1298
f 1339/2858/1350 1158/2736/1165 1250/2738/1297
f 1339/2859/1350 1205/2378/1137 1158/2653/1165
f 1340/2860/1351 1160/2861/1166 1205/2378/1137
f 1341/2862/1352 1251/2655/1258 1252/2656/1259
f 1206/2541/1211 1295/2863/1303 1253/2864/1260
f 1345/2865/1353 1343/2866/1354 1292/2867/1355
f 1345/2865/1353 1292/2867/1355 1344/2868/1356
f 1252/2656/1259 1253/2657/1260 1294/2746/1302
f 1206/2541/1211 1208/2544/1213 1295/2863/1303
f 1295/2869/1303 1208/2870/1213 1346/2871/1357
f 1347/2872/1358 1019/2873/1062 965/2660/1061
f 1294/2874/1302 1348/2875/1359 1349/2876/1360
f 1294/2874/1302 1349/2876/1360 1350/2877/1266
f 1208/2544/1213 1212/2661/1218 1346/2878/1357
f 1019/2879/1062 1400/2664/1263 929/2663/942
f 1350/2750/1266 1349/2880/1360 1210/2752/1216
f 1349/2881/1360 1297/2754/1305 1210/2882/1216
f 1349/2881/1360 1256/2668/1264 1297/2754/1305
f 1351/2883/1361 1296/2884/1362 1352/2885/1363
f 1210/2752/1216 1258/2751/1267 1350/2750/1266
f 1256/2668/1264 1258/2669/1267 1297/2754/1305
f 1299/2756/1306 1258/2751/1267 1213/2886/1219
f 1299/2762/1306 1213/2560/1219 1131/2568/1139
f 1354/2887/1307 1132/2888/1140 1215/2889/1221
f 1354/2758/1307 1355/2890/1308 1216/2571/1222
f 1215/2891/1221 1056/2671/1066 1357/2892/1364
f 1259/2893/1268 1133/2894/1142 1353/2895/1365
f 1353/2895/1365 1133/2894/1142 1301/2764/1309
f 1357/2892/1364 1056/2671/1066 1217/2577/1223
f 1357/2892/1364 1217/2577/1223 1358/2765/1310
f 1359/2896/1366 1221/2763/1227 1355/2760/1308
f 1359/2896/1366 1355/2760/1308 1356/2897/1367
f 1356/2897/1367 1353/2895/1365 1359/2896/1366
f 1359/2896/1366 1353/2895/1365 1301/2764/1309
f 1133/2894/1142 1172/2580/1177 1301/2764/1309
f 1299/2757/1306 1172/2898/1177 1133/2388/1142
f 1358/2765/1310 1217/2577/1223 1300/2585/1226
f 1359/2896/1366 1301/2764/1309 1219/2583/1224
f 1219/2583/1224 1221/2899/1227 1359/2896/1366
f 1410/2900/1368 1220/2584/1225 1103/2578/1110
f 1360/2901/1369 1059/2589/1111 1303/2767/1312
f 1360/2901/1369 1176/2902/1180 1059/2589/1111
f 1439/2903/1370 1223/2591/1229 1224/2593/1230
f 1361/2904/1314 1175/2769/1146 1362/2768/1313
f 1262/2905/1271 1362/2768/1313 1305/2906/1316
f 1362/2907/1313 1363/2908/1371 1305/2909/1316
f 1362/2907/1313 1226/2676/1272 1363/2908/1371
f 1226/2676/1272 1263/2677/1273 1363/2908/1371
f 1363/2908/1371 1307/2910/1318 1305/2909/1316
f 1305/2909/1316 1307/2910/1318 1306/2911/1317
f 1363/2912/1371 1263/2680/1273 1364/2913/1372
f 1363/2912/1371 1364/2913/1372 1307/2778/1318
f 1307/2778/1318 1364/2913/1372 1309/2780/1320
f 1263/2680/1273 1308/2779/1319 1364/2913/1372
f 1308/2914/1319 1228/2596/1233 1364/2915/1372
f 1364/2915/1372 1310/2784/1321 1309/2783/1320
f 1364/2915/1372 1228/2596/1233 1365/2916/1373
f 1365/2916/1373 1310/2784/1321 1364/2915/1372
f 1228/2599/1233 1311/2786/1322 1365/2917/1373
f 1365/2917/1373 1311/2786/1322 1367/2918/1374
f 1310/2787/1321 1366/2919/1375 1230/2788/1235
f 1230/2920/1235 1366/2921/1375 1312/2922/1376
f 1367/2923/1374 1311/2790/1322 1368/2924/1377
f 1311/2790/1322 1264/2682/1274 1368/2924/1377
f 1313/2684/1275 1368/2925/1377 1264/2683/1274
f 1314/2791/1323 1312/2926/1376 1368/2925/1377
f 1312/2926/1376 1314/2791/1323 1230/2602/1235
f 1368/2925/1377 1313/2684/1275 1265/2927/1276
f 1265/2686/1276 1315/2688/1277 1369/2928/1378
f 1370/2929/1379 1316/2794/1324 1314/2793/1323
f 1371/2930/1380 1266/2692/1278 1317/2795/1325
f 1371/2931/1380 1317/2796/1325 1372/2693/1279
f 1373/2932/1381 1318/2800/1326 1316/2798/1324
f 1372/2693/1279 1267/2694/1280 1374/2933/1382
f 1374/2934/1382 1267/2935/1280 1375/2936/1383
f 1267/2935/1280 1268/2937/1281 1375/2936/1383
f 1376/2938/1384 1269/2697/1282 1318/2801/1326
f 1375/2939/1383 1268/2802/1281 1319/2804/1327
f 1269/2805/1282 1320/2806/1328 1187/2477/1188
f 1376/2940/1384 1320/2806/1328 1269/2805/1282
f 1377/2941/1385 1319/2804/1327 1188/2808/1189
f 1320/2806/1328 1321/2482/1190 1034/2478/1043
f 1321/2942/1190 1231/2612/1240 1072/2484/1081
f 1378/2943/1386 1379/2944/921 1231/2612/1240
f 1379/2944/921 1074/2246/1084 1231/2612/1240
f 1379/2944/921 948/2247/892 1074/2246/1084
f 1380/2945/1387 1001/2060/1014 1324/2813/1332
f 1380/2945/1387 1233/2946/1242 1001/2060/1014
f 1323/2947/1388 1113/2248/1085 1325/2811/1330
f 1270/2699/1283 1328/2815/1334 886/2154/893
f 829/2063/866 1236/2622/1245 1325/2811/1330
f 1191/2948/1193 1273/2821/1286 1192/2820/1194
f 1273/2821/1286 1329/2949/1337 1274/2950/1287
f 1039/2627/1047 1330/2951/1389 1240/2493/1196
f 1194/2259/1048 1275/2706/1288 1381/2952/1390
f 1329/2949/1337 1382/2953/1391 1277/2954/1289
f 1240/2493/1196 1383/2708/1290 1120/2628/1128
f 1383/2708/1290 1333/2955/1392 1197/2502/1201
f 1332/2833/1340 1384/2956/1393 1278/2714/1291
f 1121/2716/1197 1385/2957/1394 955/2074/1020
f 1333/2955/1392 1199/2507/1203 1197/2502/1201
f 1123/2715/1202 1386/2958/1395 1124/2717/1131
f 1279/2712/1248 1154/2959/1160 1418/2960/1396
f 1385/2957/1394 1046/2961/927 955/2074/1020
f 1387/2962/1397 1242/2633/1250 1199/2510/1203
f 1154/2963/1160 1155/2722/1161 1388/2964/1398
f 1335/2843/1342 1047/2513/1055 1242/2633/1250
f 1280/2965/1204 836/2638/843 1245/2637/1253
f 1155/2722/1161 1281/2519/1206 1420/2966/1399
f 1127/2514/1134 1335/2843/1342 1389/2967/1343
f 1009/2847/966 1244/2968/1252 1336/2845/1344
f 1281/2519/1206 1248/2646/1255 1421/2969/1400
f 894/2849/874 1283/2848/1345 1246/2970/1292
f 1086/2375/1022 1129/2374/1135 1452/2851/1346
f 1287/2733/1294 1422/2971/1401 1337/2853/1347
f 1202/2530/1208 1288/2734/1295 1424/2972/1402
f 1391/2973/1349 1288/2734/1295 1289/2735/1296
f 1289/2739/1296 1250/2738/1297 1391/2857/1349
f 957/2855/969 1338/2854/1348 1204/2974/1210
f 1290/2741/1298 1203/2740/1209 1392/2975/1403
f 1392/2975/1403 1339/2858/1350 1290/2741/1298
f 1392/2975/1403 1203/2740/1209 1291/2976/1299
f 1393/2977/1404 1205/2378/1137 1339/2859/1350
f 1291/2742/1299 1251/2655/1258 1394/2978/1405
f 1340/2860/1351 1205/2378/1137 1393/2977/1404
f 1395/2979/1406 1396/2980/1407 1342/2981/1408
f 1341/2862/1352 1292/2867/1355 1343/2866/1354
f 1341/2862/1352 1344/2868/1356 1292/2867/1355
f 1252/2656/1259 1344/2868/1356 1341/2862/1352
f 1344/2868/1356 1397/2982/1409 1345/2865/1353
f 1252/2656/1259 1294/2746/1302 1397/2982/1409
f 1294/2874/1302 1295/2869/1303 1348/2875/1359
f 1348/2875/1359 1295/2869/1303 1346/2871/1357
f 1294/2746/1302 1402/2983/1410 1398/2984/1411
f 1398/2984/1411 1402/2983/1410 1403/2985/1412
f 1294/2874/1302 1350/2877/1266 1402/2986/1410
f 1402/2987/1410 1349/2876/1360 1348/2875/1359
f 1351/2988/1413 1404/2989/1414 1405/2990/1415
f 1350/2750/1266 1298/2991/1304 1398/2992/1411
f 1403/2993/1412 1406/2994/1416 1350/2995/1266
f 1403/2985/1412 1350/2996/1266 1398/2984/1411
f 1402/2987/1410 1350/2995/1266 1406/2994/1416
f 1402/2987/1410 1406/2994/1416 1349/2876/1360
f 1346/2878/1357 1212/2661/1218 1256/2997/1264
f 1351/2883/1413 1407/2998/1417 1404/2989/1414
f 1351/2883/1413 1352/2885/1418 1407/2998/1417
f 1405/2990/1415 1352/2885/1418 1351/2999/1413
f 1407/2998/1417 1352/2885/1418 1405/2990/1415
f 1401/3000/1419 1409/3001/1420 1353/2895/1365
f 1349/3002/1360 1406/3003/1416 1256/2665/1264
f 1353/2895/1365 1408/3004/1421 1401/3000/1419
f 1409/3001/1420 1259/2893/1268 1353/2895/1365
f 1298/3005/1304 1259/2893/1268 1409/3001/1420
f 1354/2887/1307 1215/2889/1221 1407/3006/1417
f 1353/2895/1365 1356/2897/1367 1408/3004/1421
f 1215/2891/1221 1357/2892/1364 1407/3007/1417
f 1439/2903/1370 1224/2593/1230 1304/2771/1315
f 1262/2905/1271 1361/2904/1314 1362/2768/1313
f 1176/2459/1180 1360/3008/1369 1261/2672/1269
f 1365/2917/1373 1366/2919/1375 1310/3009/1321
f 1365/2917/1373 1367/2918/1374 1366/2919/1375
f 1367/2923/1374 1312/2922/1376 1366/2921/1375
f 1367/2923/1374 1368/2924/1377 1312/2922/1376
f 1368/2925/1377 1369/3010/1378 1314/2791/1323
f 1265/2927/1276 1369/3010/1378 1368/2925/1377
f 1314/3011/1323 1369/2928/1378 1370/3012/1379
f 1315/2688/1277 1266/2792/1278 1369/2928/1378
f 1369/3013/1378 1371/2930/1380 1370/2929/1379
f 1369/3013/1378 1266/2692/1278 1371/2930/1380
f 1371/2930/1380 1316/2794/1324 1370/2929/1379
f 1316/2798/1324 1371/2931/1380 1373/2932/1381
f 1372/2693/1279 1374/2933/1382 1371/2931/1380
f 1371/2931/1380 1374/2933/1382 1373/2932/1381
f 1373/3014/1381 1376/2938/1384 1318/2801/1326
f 1373/3014/1381 1374/3015/1382 1376/2938/1384
f 1374/3015/1382 1375/2936/1383 1411/3016/1422
f 1374/3015/1382 1411/3016/1422 1376/2938/1384
f 1375/3017/1383 1319/2804/1327 1411/3018/1422
f 1319/2804/1327 1377/2941/1385 1411/3018/1422
f 1320/2806/1328 1376/2940/1384 1412/3019/1423
f 1321/2942/1190 1378/2943/1386 1231/2612/1240
f 1147/3020/956 1413/3021/1424 1114/3022/1120
f 1324/2813/1332 1326/2814/1333 1414/3023/1425
f 1326/2814/1333 1327/2700/1284 1414/3023/1425
f 722/3024/722 1237/3025/1157 1272/3026/1285
f 917/2159/924 1005/2160/1045 1236/3027/1245
f 1039/2352/1047 1194/2259/1048 1381/2952/1390
f 1039/2627/1047 1381/3028/1390 1330/2951/1389
f 1382/2953/1391 1415/3029/1426 1277/2954/1289
f 1151/2424/1158 1152/2426/1159 1416/3030/1427
f 1277/3031/1289 1417/3032/1428 1195/2709/1198
f 1195/2709/1198 1417/3032/1428 1332/2833/1340
f 1384/2956/1393 1332/2833/1340 1417/3032/1428
f 1278/2714/1291 1384/2956/1393 1123/2715/1202
f 1199/2507/1203 1333/2955/1392 1506/3033/1429
f 1385/3034/1394 1560/3035/1430 1046/2171/927
f 1046/2171/927 1560/3035/1430 1244/2635/1252
f 1083/3036/1091 1419/3037/1431 1200/3038/1205
f 1281/2519/1206 1421/2969/1400 1420/2966/1399
f 923/3039/929 1246/3040/1292 1126/2842/1133
f 1049/2432/930 1011/2372/1024 1483/3041/1432
f 1247/2732/1254 1422/2971/1401 1287/2733/1294
f 1249/2526/1058 1423/3042/1433 1201/2523/1207
f 1202/2530/1208 1249/2651/1058 1014/2083/1025
f 1088/3043/1096 1485/3044/1434 1338/2854/1348
f 1159/3045/1164 1160/2861/1166 1340/2860/1351
f 1291/2976/1299 1425/3046/1435 1392/2975/1403
f 1394/2978/1405 1425/3047/1435 1291/2742/1299
f 1338/3048/1348 1426/3049/1436 1204/2536/1210
f 1251/2655/1258 1341/2862/1352 1394/2978/1405
f 1396/2980/1437 1427/3050/1438 1343/3051/1354
f 1395/2979/1439 1427/3050/1438 1396/2980/1437
f 1343/3051/1354 1427/3050/1438 1394/3052/1405
f 1341/2862/1352 1343/2866/1354 1394/2978/1405
f 1395/3053/1439 1428/3054/1440 1427/3050/1438
f 1396/2980/1437 1343/3051/1354 1395/3055/1439
f 1395/3055/1439 1343/3051/1354 1428/3054/1440
f 1130/2548/1138 1429/3056/1441 1293/2744/1300
f 1343/3051/1354 1459/3057/1442 1428/3054/1440
f 1345/3058/1353 1459/3057/1442 1343/3051/1354
f 1344/2868/1356 1252/2656/1259 1397/2982/1409
f 1397/2982/1409 1430/3059/1443 1345/3060/1353
f 1294/2746/1302 1430/3059/1443 1397/2982/1409
f 1348/3061/1359 1431/3062/1444 1432/3063/1445
f 1345/3064/1353 1401/3065/1419 1433/3066/1446
f 1345/3067/1353 1430/3068/1443 1401/3000/1419
f 1398/2984/1411 1430/3059/1443 1294/2746/1302
f 1348/2875/1359 1432/3069/1445 1403/3070/1412
f 1399/3071/1447 1348/3061/1359 1346/3072/1357
f 1398/3073/1411 1434/3074/1448 1430/3075/1443
f 1403/3070/1412 1432/3069/1445 1434/3076/1449
f 1348/2875/1359 1403/3070/1412 1402/2987/1410
f 1405/3077/1415 1467/3078/1450 1354/3079/1307
f 1430/3068/1443 1409/3001/1420 1401/3000/1419
f 1398/2992/1411 1298/2991/1304 1434/3080/1448
f 1298/2991/1304 1430/3081/1443 1434/3080/1448
f 1434/3082/1449 1406/2994/1416 1403/2993/1412
f 1405/2990/1415 1354/2887/1307 1407/2998/1417
f 1298/2991/1304 1409/3083/1420 1430/3081/1443
f 1406/3084/1416 1346/3072/1357 1256/3085/1264
f 1355/3086/1308 1408/3087/1421 1356/3088/1367
f 1407/3007/1417 1357/2892/1364 1404/3089/1414
f 1058/2569/1069 1410/2900/1368 1103/2578/1110
f 1173/2396/1144 1436/3090/1451 1174/2457/1179
f 1104/2212/1070 1437/3091/1452 1222/2588/1228
f 1174/2457/1179 1436/3090/1451 1302/2766/1311
f 1223/2591/1229 1438/3092/1453 1025/2592/1034
f 1361/2770/1314 1439/2903/1370 1304/2771/1315
f 1262/2905/1271 1497/3093/1454 1361/2904/1314
f 1376/3094/1384 1411/3018/1422 1377/2941/1385
f 1376/3094/1384 1377/2941/1385 1412/3095/1423
f 1412/3019/1423 1440/3096/1455 1320/2806/1328
f 1377/2941/1385 1440/3097/1455 1412/3095/1423
f 1188/2808/1189 1441/3098/1456 1377/2941/1385
f 1189/3099/1239 1322/3100/1329 1471/3101/1457
f 1190/2488/1192 1271/2816/1335 887/2343/895
f 1414/3023/1425 1443/3102/1458 1324/2813/1332
f 1414/3023/1425 1444/3103/1459 1443/3102/1458
f 1327/2700/1284 1444/3103/1459 1414/3023/1425
f 1328/2815/1334 1444/3103/1459 1327/2700/1284
f 1273/2821/1286 1445/3104/1460 1329/2949/1337
f 1445/3104/1460 1382/2953/1391 1329/2949/1337
f 1330/2951/1389 1383/2708/1290 1240/2493/1196
f 1151/2424/1158 1473/3105/1461 1275/2706/1288
f 1151/2424/1158 1416/3030/1427 1473/3105/1461
f 1415/3029/1426 1446/3106/1462 1277/2954/1289
f 1446/3106/1462 1447/3107/1463 1277/2954/1289
f 1277/3031/1289 1447/3108/1463 1417/3032/1428
f 1384/2956/1393 1386/2958/1395 1123/2715/1202
f 1199/2507/1203 1506/3033/1429 1387/3109/1397
f 1243/2719/1251 1419/3037/1431 1083/3036/1091
f 1155/2722/1161 1420/2966/1399 1388/2964/1398
f 1419/3037/1431 1282/3110/1464 1200/3038/1205
f 1244/2968/1252 1449/3111/1465 1336/2845/1344
f 1389/2844/1343 1450/3112/1466 1285/2730/1293
f 1200/2640/1205 1451/3113/1467 1247/2644/1254
f 1011/2372/1024 1336/3114/1344 1483/3041/1432
f 1285/2730/1293 1450/3112/1466 1129/2374/1135
f 1087/2277/1095 1453/3115/1468 1390/2852/1256
f 1424/2972/1402 1288/2734/1295 1454/3116/1469
f 1159/2737/1164 1455/3117/1470 1391/2857/1349
f 1159/3118/1164 1340/2860/1351 1455/3119/1470
f 1392/3120/1403 1425/3121/1435 1456/3122/1471
f 1392/2975/1403 1456/3123/1471 1339/2858/1350
f 1393/2977/1404 1339/2859/1350 1486/3124/1472
f 1393/2977/1404 1486/3124/1472 1340/2860/1351
f 1394/3052/1405 1427/3050/1438 1428/3054/1440
f 1458/3125/1473 1431/3062/1444 1457/3126/1474
f 1204/2536/1210 1426/3049/1436 1209/2545/1214
f 1457/3126/1474 1431/3062/1444 1461/3127/1475
f 1130/2548/1138 1209/2545/1214 1429/3056/1441
f 1293/2744/1300 1429/3056/1441 1254/2658/1261
f 1459/3057/1442 1345/3058/1353 1460/3128/1476
f 1345/3064/1353 1462/3129/1477 1460/3130/1476
f 1348/3061/1359 1461/3127/1475 1431/3062/1444
f 1254/2658/1261 1347/2872/1358 965/2660/1061
f 1347/2872/1358 1463/3131/1478 1019/2873/1062
f 1433/3066/1446 1462/3129/1477 1345/3064/1353
f 1348/3061/1359 1399/3071/1447 1461/3127/1475
f 1019/2873/1062 1463/3131/1478 1400/3132/1263
f 1433/3066/1446 1401/3065/1419 1465/3133/1479
f 1406/3084/1416 1432/3134/1445 1466/3135/1480
f 1405/3077/1415 1404/3136/1414 1467/3078/1450
f 1401/3065/1419 1408/3137/1421 1465/3133/1479
f 1346/3072/1357 1468/3138/1481 1399/3071/1447
f 1406/3084/1416 1466/3135/1480 1468/3138/1481
f 1406/3084/1416 1468/3138/1481 1346/3072/1357
f 1354/3079/1307 1469/3139/1482 1355/3140/1308
f 1355/3086/1308 1469/3141/1482 1526/3142/1483
f 1355/3086/1308 1526/3142/1483 1408/3087/1421
f 1214/2564/1220 1574/3143/1484 1058/2569/1069
f 1058/2569/1069 1574/3143/1484 1410/2900/1368
f 1025/2592/1034 1438/3092/1453 1437/3144/1452
f 1104/3145/1070 1025/2592/1034 1437/3144/1452
f 1321/2482/1190 1320/2806/1328 1470/3146/1485
f 1377/2941/1385 1441/3098/1456 1440/3097/1455
f 1146/3147/1155 1189/3099/1239 1471/3101/1457
f 1322/3100/1329 1232/2810/1191 1442/2613/1241
f 1324/2813/1332 1443/3102/1458 1380/2945/1387
f 1447/3107/1463 1446/3106/1462 1475/3148/1486
f 1383/2708/1290 1474/3149/1487 1333/2955/1392
f 1447/3108/1463 1475/3150/1486 1417/3032/1428
f 1152/2426/1159 1476/3151/1488 1416/3030/1427
f 1152/2426/1159 1279/2712/1248 1476/3151/1488
f 1474/3149/1487 1506/3033/1429 1333/2955/1392
f 1153/2500/1200 1448/3152/1489 1040/2358/1018
f 1279/2712/1248 1418/2960/1396 1476/3151/1488
f 1386/2958/1395 1384/2956/1393 1478/3153/1490
f 1386/2958/1395 1478/3153/1490 1124/2717/1131
f 1198/2837/1130 1241/2836/1249 1477/3154/1491
f 1124/2717/1131 1478/3153/1490 1479/3155/1492
f 1154/2959/1160 1388/3156/1398 1418/2960/1396
f 1242/2633/1250 1387/2962/1397 1480/3157/1493
f 1242/2633/1250 1480/3157/1493 1335/2843/1342
f 1481/3158/1494 1450/3112/1466 1389/2844/1343
f 1421/2969/1400 1248/2646/1255 1509/3159/1495
f 1248/2646/1255 1482/3160/1496 1509/3159/1495
f 1200/2640/1205 1282/3161/1464 1451/3113/1467
f 1283/3162/1345 1284/2524/1093 1565/3163/1497
f 1248/2646/1255 1484/3164/1498 1482/3160/1496
f 1390/2647/1256 1484/3164/1498 1248/2646/1255
f 1247/2644/1254 1451/3113/1467 1422/3165/1401
f 1337/2853/1347 1422/2971/1401 1485/3166/1434
f 1202/2530/1208 1513/3167/1499 1249/2651/1058
f 1337/2853/1347 1485/3166/1434 1088/2532/1096
f 1288/2734/1295 1391/2973/1349 1454/3116/1469
f 1339/3168/1350 1456/3122/1471 1486/3169/1472
f 1340/2860/1351 1486/3124/1472 1455/3119/1470
f 1394/3170/1405 1487/3171/1500 1425/3121/1435
f 1428/3054/1440 1459/3057/1442 1394/3052/1405
f 1459/3057/1442 1460/3128/1476 1488/3172/1501
f 1431/3062/1444 1458/3125/1473 1489/3173/1502
f 1254/2658/1261 1429/3056/1441 1490/3174/1503
f 1254/2658/1261 1490/3174/1503 1347/2872/1358
f 1462/3129/1477 1465/3133/1479 1491/3175/1504
f 1462/3129/1477 1433/3066/1446 1465/3133/1479
f 1492/3176/1505 1493/3177/1506 1465/3133/1479
f 1465/3133/1479 1494/3178/1507 1492/3176/1505
f 1465/3133/1479 1408/3137/1421 1494/3178/1507
f 1467/3078/1450 1469/3139/1482 1354/3079/1307
f 1467/3078/1450 1464/3179/1508 1469/3139/1482
f 1404/3089/1414 1357/2892/1364 1495/3180/1509
f 1357/2892/1364 1358/2765/1310 1495/3180/1509
f 1410/2900/1368 1496/3181/1510 1220/2584/1225
f 1173/2396/1144 1220/2584/1225 1436/3090/1451
f 1358/2765/1310 1222/2588/1228 1435/3182/1511
f 1439/2903/1370 1527/3183/1512 1223/2591/1229
f 1260/2673/1270 1497/3184/1454 1262/2674/1271
f 1320/2806/1328 1440/3096/1455 1470/3146/1485
f 1188/2808/1189 1146/3147/1155 1441/3098/1456
f 1321/2942/1190 1498/3185/1513 1378/2943/1386
f 1322/3100/1329 1442/2613/1241 1471/3101/1457
f 1378/2943/1386 1499/3186/1514 1379/2944/921
f 1379/2944/921 1530/3187/1515 1442/3188/1241
f 1148/3189/1121 1472/2817/1331 949/3190/957
f 1413/3021/1424 1501/3191/1516 1114/3022/1120
f 1114/3022/1120 1502/3192/1517 826/3193/834
f 826/3193/834 1502/3192/1517 1235/3194/1244
f 1236/3195/1245 1503/3196/1518 1325/3197/1330
f 1504/3198/1519 1505/2823/1336 1077/2252/1089
f 1236/3027/1245 1005/2160/1045 1503/3199/1518
f 1382/2953/1391 1445/3104/1460 1415/3029/1426
f 1275/2706/1288 1473/3105/1461 1381/2952/1390
f 1330/2951/1389 1535/3200/1520 1383/2708/1290
f 1415/3029/1426 1445/3104/1460 1446/3106/1462
f 1417/3032/1428 1475/3150/1486 1507/3201/1521
f 1417/3032/1428 1507/3201/1521 1384/2956/1393
f 1507/3201/1521 1478/3153/1490 1384/2956/1393
f 1153/2631/1200 1280/2512/1204 1448/3202/1489
f 1335/2843/1342 1480/3157/1493 1508/3203/1522
f 1334/2839/1341 1126/2842/1133 1540/3204/1523
f 1335/2843/1342 1508/3203/1522 1389/2967/1343
f 1508/3203/1522 1481/3205/1494 1389/2967/1343
f 1420/2966/1399 1421/2969/1400 1539/3206/1524
f 1421/2969/1400 1509/3159/1495 1539/3206/1524
f 1245/3207/1253 1201/3208/1207 1510/3209/1525
f 1450/3112/1466 1512/3210/1526 1129/2374/1135
f 1511/3211/1527 1512/3210/1526 1450/3112/1466
f 1087/2277/1095 1286/3212/1257 1453/3115/1468
f 1049/2432/930 1668/3213/1528 1286/2649/1257
f 1249/2526/1058 1513/3214/1499 1423/3042/1433
f 1202/3215/1208 1424/3216/1402 1513/3217/1499
f 1391/2857/1349 1455/3117/1470 1454/3218/1469
f 1454/3219/1469 1455/3220/1470 1544/3221/1529
f 1455/3119/1470 1486/3124/1472 1544/3222/1529
f 1425/3121/1435 1487/3171/1500 1456/3122/1471
f 1456/3122/1471 1487/3171/1500 1486/3169/1472
f 1394/3052/1405 1459/3057/1442 1487/3223/1500
f 1457/3126/1474 1461/3127/1475 1514/3224/1530
f 1209/2545/1214 1517/3225/1531 1429/3056/1441
f 1429/3056/1441 1516/3226/1532 1490/3174/1503
f 1465/3227/1479 1518/3228/1533 1519/3229/1534
f 1431/3230/1444 1489/3231/1502 1432/3232/1445
f 1491/3233/1504 1520/3234/1535 1462/3235/1477
f 1488/3236/1501 1521/3237/1536 1462/3238/1477
f 1460/3128/1476 1462/3238/1477 1521/3237/1536
f 1465/3227/1479 1519/3229/1534 1460/3239/1537
f 1460/3239/1537 1519/3229/1534 1521/3240/1538
f 1493/3241/1506 1518/3228/1533 1465/3227/1479
f 1518/3228/1533 1493/3241/1506 1489/3231/1502
f 1489/3231/1502 1466/3242/1480 1432/3232/1445
f 1465/3133/1479 1521/3243/1538 1491/3175/1504
f 1493/3241/1506 1466/3242/1480 1489/3231/1502
f 1467/3078/1450 1551/3244/1539 1464/3179/1508
f 1404/3136/1414 1522/3245/1540 1467/3078/1450
f 1464/3179/1508 1551/3244/1539 1469/3139/1482
f 1492/3176/1505 1523/3246/1541 1493/3177/1506
f 1493/3241/1506 1524/3247/1542 1466/3242/1480
f 1493/3241/1506 1523/3248/1541 1524/3247/1542
f 1526/3142/1483 1550/3249/1543 1494/3250/1507
f 1466/3251/1480 1524/3252/1542 1468/3253/1481
f 1404/3089/1414 1495/3180/1509 1525/3254/1544
f 1494/3178/1507 1408/3137/1421 1526/3255/1483
f 1303/2767/1312 1553/3256/1545 1360/2901/1369
f 1223/2591/1229 1527/3183/1512 1438/3092/1453
f 1361/2904/1314 1497/3093/1454 1528/3257/1546
f 1361/2770/1314 1528/3258/1546 1439/2903/1370
f 1261/2672/1269 1529/3259/1547 1260/2673/1270
f 1440/3097/1455 1577/3260/1548 1470/3261/1485
f 1440/3097/1455 1441/3098/1456 1577/3260/1548
f 1321/2942/1190 1470/3262/1485 1498/3185/1513
f 1379/2944/921 1499/3186/1514 1530/3187/1515
f 1443/3263/1458 1532/3264/1549 1380/3265/1387
f 1532/3264/1549 1233/3266/1242 1380/3265/1387
f 1443/3263/1458 1444/3267/1459 1532/3264/1549
f 1444/3267/1459 1328/3268/1334 1532/3264/1549
f 1270/3269/1283 1532/3264/1549 1328/3268/1334
f 1005/2160/1045 1276/2828/1338 1503/3199/1518
f 1330/2951/1389 1381/3028/1390 1534/3270/1550
f 1330/2951/1389 1534/3270/1550 1535/3200/1520
f 1381/2952/1390 1473/3105/1461 1534/3271/1550
f 1535/3200/1520 1536/3272/1551 1383/2708/1290
f 1198/2837/1130 1477/3154/1491 1331/3273/1339
f 1124/3274/1131 1479/3275/1492 1243/2719/1251
f 1420/2966/1399 1539/3206/1524 1388/2964/1398
f 1481/3158/1494 1541/3276/1552 1450/3112/1466
f 1482/3160/1496 1562/3277/1553 1509/3159/1495
f 1450/3112/1466 1541/3276/1552 1511/3211/1527
f 1482/3160/1496 1566/3278/1554 1562/3277/1553
f 1482/3160/1496 1484/3164/1498 1566/3278/1554
f 1452/2851/1346 1542/3279/1555 1284/2524/1093
f 1049/2432/930 1483/3041/1432 1668/3213/1528
f 1424/3216/1402 1454/3219/1469 1568/3280/1556
f 1454/3219/1469 1544/3221/1529 1568/3280/1556
f 1514/3224/1530 1545/3281/1557 1457/3126/1474
f 1459/3057/1442 1546/3282/1558 1515/3283/1559
f 1516/3226/1532 1517/3225/1531 1547/3284/1560
f 1516/3226/1532 1547/3284/1560 1490/3174/1503
f 1488/3172/1501 1546/3282/1558 1459/3057/1442
f 1458/3285/1473 1545/3286/1557 1489/3231/1502
f 1429/3056/1441 1517/3225/1531 1516/3226/1532
f 1462/3287/1477 1520/3288/1535 1488/3172/1501
f 1519/3229/1534 1518/3228/1533 1548/3289/1561
f 1461/3127/1475 1399/3071/1447 1514/3290/1530
f 1399/3291/1447 1549/3292/1562 1514/3293/1530
f 1521/3240/1538 1519/3229/1534 1550/3294/1543
f 1520/3234/1535 1491/3233/1504 1551/3295/1539
f 1521/3296/1538 1550/3249/1543 1491/3233/1504
f 1489/3231/1502 1549/3292/1562 1524/3252/1542
f 1400/3132/1263 1463/3131/1478 1552/3297/1563
f 1468/3138/1481 1549/3298/1562 1399/3071/1447
f 1400/3299/1263 1552/3300/1563 1255/2662/1262
f 1404/3136/1414 1525/3301/1544 1522/3245/1540
f 1551/3295/1539 1526/3142/1483 1469/3141/1482
f 1491/3233/1504 1526/3142/1483 1551/3295/1539
f 1491/3233/1504 1550/3249/1543 1526/3142/1483
f 1524/3252/1542 1549/3292/1562 1468/3253/1481
f 1255/2662/1262 1552/3300/1563 1257/2666/1265
f 1492/3176/1505 1494/3178/1507 1523/3246/1541
f 1496/3181/1510 1436/3090/1451 1220/2584/1225
f 1302/2766/1311 1553/3302/1545 1303/2767/1312
f 1360/3303/1369 1529/3304/1547 1261/3305/1269
f 1260/2673/1270 1529/3259/1547 1497/3184/1454
f 1146/3147/1155 1471/3101/1457 1441/3098/1456
f 1471/3101/1457 1555/3306/1564 1554/3307/1565
f 1471/3101/1457 1442/2613/1241 1555/3306/1564
f 1442/2613/1241 1530/3308/1515 1500/3309/1566
f 1147/3020/956 949/3190/957 1413/3021/1424
f 1113/3310/1085 1556/3311/1567 1190/3312/1192
f 1113/3310/1085 1323/3313/1388 1556/3311/1567
f 1271/3314/1335 1190/3312/1192 1531/3315/1568
f 1114/3022/1120 1501/3191/1516 1502/3192/1517
f 1271/3314/1335 1531/3315/1568 1504/3316/1519
f 1271/3314/1335 1504/3316/1519 1077/3317/1089
f 1235/3194/1244 1579/3318/1569 1191/3319/1193
f 1237/3025/1157 1533/3320/1570 1272/3026/1285
f 1273/3321/1286 1191/3319/1193 1579/3318/1569
f 1273/2821/1286 1579/3322/1569 1445/3104/1460
f 1445/3104/1460 1475/3323/1486 1446/3106/1462
f 1473/3105/1461 1416/3030/1427 1580/3324/1571
f 1383/2708/1290 1536/3272/1551 1474/3149/1487
f 1121/3325/1197 1638/3326/1572 1385/3327/1394
f 1474/3149/1487 1557/3328/1573 1506/3033/1429
f 1507/3201/1521 1475/3150/1486 1558/3329/1574
f 1558/3329/1574 1478/3153/1490 1507/3201/1521
f 1476/3151/1488 1418/2960/1396 1581/3330/1575
f 1506/3033/1429 1557/3328/1573 1387/3331/1397
f 1418/2960/1396 1559/3332/1576 1581/3330/1575
f 1478/3153/1490 1537/3333/1577 1479/3155/1492
f 1418/2960/1396 1388/3156/1398 1559/3332/1576
f 1243/2719/1251 1538/3334/1578 1419/3037/1431
f 1480/3157/1493 1618/3335/1579 1508/3203/1522
f 1508/3203/1522 1561/3336/1580 1481/3205/1494
f 1126/2842/1133 1246/3040/1292 1540/3204/1523
f 1585/3337/1581 1539/3206/1524 1562/3277/1553
f 1561/3336/1580 1563/3338/1582 1481/3205/1494
f 1562/3277/1553 1563/3339/1582 1585/3337/1581
f 1509/3159/1495 1562/3277/1553 1539/3206/1524
f 1481/3205/1494 1563/3338/1582 1541/3340/1552
f 1563/3341/1582 1566/3342/1554 1541/3276/1552
f 1562/3277/1553 1566/3278/1554 1563/3339/1582
f 1541/3276/1552 1567/3343/1583 1511/3211/1527
f 1566/3342/1554 1567/3343/1583 1541/3276/1552
f 1566/3278/1554 1484/3164/1498 1567/3344/1583
f 1129/2374/1135 1512/3210/1526 1452/2851/1346
f 1511/3211/1527 1567/3343/1583 1512/3210/1526
f 1424/3216/1402 1568/3280/1556 1513/3217/1499
f 1338/2854/1348 1485/3044/1434 1543/3345/1584
f 1486/3169/1472 1569/3346/1585 1544/3221/1529
f 1487/3223/1500 1570/3347/1586 1569/3348/1585
f 1487/3171/1500 1569/3346/1585 1486/3169/1472
f 1457/3349/1474 1545/3286/1557 1458/3285/1473
f 1459/3057/1442 1570/3347/1586 1487/3223/1500
f 1515/3283/1559 1603/3350/1587 1459/3057/1442
f 1426/3049/1436 1517/3225/1531 1209/2545/1214
f 1545/3286/1557 1514/3293/1530 1489/3231/1502
f 1520/3288/1535 1546/3282/1558 1488/3172/1501
f 1489/3231/1502 1548/3289/1561 1518/3228/1533
f 1489/3231/1502 1514/3293/1530 1549/3292/1562
f 1489/3231/1502 1571/3351/1588 1548/3289/1561
f 1489/3231/1502 1524/3252/1542 1571/3351/1588
f 1522/3245/1540 1594/3352/1589 1467/3078/1450
f 1467/3078/1450 1594/3352/1589 1551/3244/1539
f 1572/3353/1590 1494/3178/1507 1550/3354/1543
f 1524/3252/1542 1523/3355/1541 1571/3351/1588
f 1552/3300/1563 1573/3356/1591 1257/2666/1265
f 1494/3178/1507 1572/3353/1590 1523/3246/1541
f 1214/2564/1220 1257/2666/1265 1574/3143/1484
f 1257/2666/1265 1573/3356/1591 1574/3143/1484
f 1495/3357/1509 1358/3358/1310 1575/3359/1592
f 1435/3360/1511 1222/3361/1228 1576/3362/1593
f 1437/3144/1452 1576/3362/1593 1222/3361/1228
f 1553/3363/1545 1529/3304/1547 1360/3303/1369
f 1439/2903/1370 1528/3258/1546 1527/3183/1512
f 1471/3101/1457 1554/3307/1565 1441/3098/1456
f 1378/3364/1386 1498/3365/1513 1499/3366/1514
f 1442/2613/1241 1500/3309/1566 1555/3306/1564
f 1556/3311/1567 1610/3367/1594 1190/3312/1192
f 1413/3021/1424 1578/3368/1595 1501/3191/1516
f 1270/3269/1283 1233/3266/1242 1532/3264/1549
f 1502/3192/1517 1579/3318/1569 1235/3194/1244
f 1237/3025/1157 1331/3369/1339 1533/3320/1570
f 1534/3271/1550 1473/3105/1461 1580/3324/1571
f 1638/3370/1572 1121/2497/1197 1505/2829/1336
f 1448/3152/1489 1276/3371/1338 1040/2358/1018
f 1581/3330/1575 1416/3030/1427 1476/3151/1488
f 1536/3272/1551 1557/3328/1573 1474/3149/1487
f 1582/3372/1596 1537/3333/1577 1478/3153/1490
f 1618/3335/1579 1387/2962/1397 1557/3373/1573
f 1583/3374/1597 1479/3155/1492 1537/3333/1577
f 1618/3335/1579 1480/3157/1493 1387/2962/1397
f 1559/3375/1576 1388/2964/1398 1584/3376/1598
f 1388/2964/1398 1539/3206/1524 1584/3376/1598
f 1622/3377/1599 1449/3378/1465 1244/3379/1252
f 1585/3380/1581 1563/3338/1582 1561/3336/1580
f 1564/3381/1600 1336/2845/1344 1449/3382/1465
f 1510/3209/1525 1201/3208/1207 1587/3383/1601
f 1588/3384/1602 1567/3344/1583 1484/3164/1498
f 1423/3385/1433 1587/3383/1601 1201/3208/1207
f 1565/3163/1497 1284/2524/1093 1542/3279/1555
f 1542/3279/1555 1452/2851/1346 1512/3210/1526
f 1588/3386/1602 1512/3210/1526 1567/3343/1583
f 1543/3345/1584 1589/3387/1603 1338/2854/1348
f 1589/3387/1603 1426/3388/1436 1338/2854/1348
f 1590/3389/1604 1515/3283/1559 1546/3282/1558
f 1570/3347/1586 1459/3057/1442 1603/3350/1587
f 1591/3390/1605 1547/3284/1560 1517/3225/1531
f 1591/3390/1605 1347/2872/1358 1547/3284/1560
f 1347/2872/1358 1490/3174/1503 1547/3284/1560
f 1593/3391/1606 1646/3392/1607 1551/3244/1539
f 1546/3393/1558 1520/3394/1535 1551/3244/1539
f 1646/3392/1607 1546/3393/1558 1551/3244/1539
f 1519/3229/1534 1548/3289/1561 1572/3395/1590
f 1593/3391/1606 1551/3244/1539 1594/3352/1589
f 1519/3396/1534 1572/3397/1590 1550/3249/1543
f 1572/3395/1590 1571/3351/1588 1523/3398/1541
f 1358/3358/1310 1435/3360/1511 1575/3359/1592
f 1435/3360/1511 1576/3362/1593 1575/3359/1592
f 1496/3181/1510 1595/3399/1608 1436/3090/1451
f 1595/3399/1608 1302/2766/1311 1436/3090/1451
f 1606/3400/1609 1576/3362/1593 1437/3144/1452
f 1606/3400/1609 1437/3144/1452 1438/3092/1453
f 1606/3400/1609 1438/3092/1453 1527/3183/1512
f 1577/3401/1548 1498/3365/1513 1470/3146/1485
f 1498/3365/1513 1597/3402/1610 1499/3366/1514
f 1597/3402/1610 1530/3403/1515 1499/3366/1514
f 1535/3200/1520 1534/3270/1550 1598/3404/1611
f 1416/3030/1427 1581/3330/1575 1580/3324/1571
f 1582/3372/1596 1478/3153/1490 1558/3329/1574
f 1582/3372/1596 1583/3374/1597 1537/3333/1577
f 1585/3380/1581 1561/3336/1580 1621/3405/1612
f 1584/3376/1598 1539/3206/1524 1585/3337/1581
f 1419/3406/1431 1678/3407/1613 1282/3161/1464
f 1453/3408/1468 1484/3409/1498 1390/3410/1256
f 1422/2971/1401 1451/3411/1467 1485/3412/1434
f 1513/3217/1499 1568/3280/1556 1624/3413/1614
f 1544/3221/1529 1569/3346/1585 1601/3414/1615
f 1601/3414/1615 1570/3415/1586 1602/3416/1616
f 1569/3346/1585 1570/3415/1586 1601/3414/1615
f 1590/3389/1604 1603/3350/1587 1515/3283/1559
f 1591/3390/1605 1517/3225/1531 1592/3417/1617
f 1548/3289/1561 1571/3351/1588 1572/3395/1590
f 1522/3418/1540 1525/3419/1544 1604/3420/1618
f 1574/3143/1484 1605/3421/1619 1410/2900/1368
f 1553/3363/1545 1596/3422/1620 1529/3304/1547
f 1606/3400/1609 1527/3183/1512 1528/3258/1546
f 1577/3401/1548 1608/3423/1621 1498/3365/1513
f 1555/3306/1564 1500/3309/1566 1636/3424/1622
f 1530/3308/1515 1609/3425/1623 1500/3309/1566
f 1190/3312/1192 1610/3367/1594 1531/3315/1568
f 1323/3313/1388 1325/3197/1330 1556/3311/1567
f 1534/3271/1550 1580/3324/1571 1598/3426/1611
f 1535/3200/1520 1598/3404/1611 1536/3272/1551
f 1598/3404/1611 1614/3427/1624 1536/3272/1551
f 1331/3273/1339 1477/3154/1491 1613/3428/1625
f 1536/3272/1551 1615/3429/1626 1557/3328/1573
f 1580/3324/1571 1581/3330/1575 1639/3430/1627
f 1638/3431/1572 1599/3432/1628 1385/2957/1394
f 1385/2957/1394 1599/3432/1628 1560/3433/1430
f 1582/3372/1596 1617/3434/1629 1583/3374/1597
f 1581/3330/1575 1559/3332/1576 1639/3430/1627
f 1448/3435/1489 1280/3436/1204 1616/3437/1630
f 1559/3332/1576 1584/3438/1598 1639/3430/1627
f 1479/3275/1492 1583/3439/1597 1619/3440/1631
f 1479/3275/1492 1619/3440/1631 1243/2719/1251
f 1241/3441/1249 1334/3442/1341 1620/3443/1632
f 1618/3335/1579 1621/3405/1612 1508/3203/1522
f 1243/2719/1251 1619/3440/1631 1538/3334/1578
f 1508/3203/1522 1621/3405/1612 1561/3336/1580
f 1621/3444/1612 1584/3376/1598 1585/3337/1581
f 1560/3445/1430 1622/3377/1599 1244/3379/1252
f 1282/3161/1464 1678/3407/1613 1451/3113/1467
f 1336/2845/1344 1564/3381/1600 1483/3446/1432
f 1484/3409/1498 1623/3447/1633 1588/3448/1602
f 1484/3409/1498 1453/3408/1468 1623/3447/1633
f 1423/3449/1433 1513/3450/1499 1600/3451/1634
f 1568/3280/1556 1544/3221/1529 1643/3452/1635
f 1589/3453/1603 1625/3454/1636 1426/3049/1436
f 1426/3049/1436 1625/3454/1636 1517/3225/1531
f 1570/3347/1586 1645/3455/1637 1602/3456/1616
f 1659/3457/1638 1603/3350/1587 1590/3389/1604
f 1570/3347/1586 1603/3350/1587 1645/3455/1637
f 1591/3390/1605 1626/3458/1639 1347/2872/1358
f 1546/3282/1558 1646/3459/1607 1590/3389/1604
f 1552/3460/1563 1463/3461/1478 1627/3462/1640
f 1627/3462/1640 1628/3463/1641 1552/3460/1563
f 1628/3463/1641 1573/3464/1591 1552/3460/1563
f 1573/3464/1591 1629/3465/1642 1574/3466/1484
f 1604/3420/1618 1525/3419/1544 1630/3467/1643
f 1525/3468/1544 1495/3357/1509 1630/3469/1643
f 1495/3357/1509 1631/3470/1644 1630/3469/1643
f 1574/3143/1484 1629/3471/1642 1605/3421/1619
f 1410/2900/1368 1605/3421/1619 1496/3181/1510
f 1595/3472/1608 1632/3473/1645 1302/3474/1311
f 1302/3474/1311 1632/3473/1645 1553/3363/1545
f 1553/3363/1545 1632/3473/1645 1596/3422/1620
f 1529/3304/1547 1596/3422/1620 1607/3475/1646
f 1529/3304/1547 1607/3475/1646 1497/3476/1454
f 1497/3476/1454 1607/3475/1646 1633/3477/1647
f 1497/3478/1454 1633/3479/1647 1528/3258/1546
f 1441/3098/1456 1634/3480/1648 1577/3260/1548
f 1554/3307/1565 1635/3481/1649 1441/3098/1456
f 1554/3307/1565 1636/3424/1622 1635/3481/1649
f 1554/3307/1565 1555/3306/1564 1636/3424/1622
f 1608/3423/1621 1597/3402/1610 1498/3365/1513
f 1413/3021/1424 949/3190/957 1578/3368/1595
f 1504/3198/1519 1675/3482/1650 1505/2823/1336
f 1276/3483/1338 1637/3484/1651 1503/3196/1518
f 1445/3104/1460 1689/3485/1652 1475/3323/1486
f 1331/2830/1339 1613/3486/1625 1612/3487/1653
f 1689/3488/1652 1558/3489/1574 1475/3490/1486
f 1598/3426/1611 1580/3324/1571 1652/3491/1654
f 1614/3427/1624 1615/3429/1626 1536/3272/1551
f 1580/3324/1571 1639/3430/1627 1652/3491/1654
f 1615/3429/1626 1618/3492/1579 1557/3328/1573
f 1617/3493/1629 1640/3494/1655 1583/3439/1597
f 1477/3495/1491 1241/3441/1249 1620/3443/1632
f 1653/3496/1656 1621/3405/1612 1618/3335/1579
f 1280/3497/1204 1245/2637/1253 1690/3498/1657
f 1245/2637/1253 1641/3499/1658 1690/3498/1657
f 1246/3040/1292 1586/3500/1659 1540/3204/1523
f 1246/3501/1292 1283/2848/1345 1666/3502/1660
f 1542/3279/1555 1657/3503/1661 1565/3163/1497
f 1588/3386/1602 1542/3279/1555 1512/3210/1526
f 1451/3411/1467 1642/3504/1662 1485/3412/1434
f 1513/3450/1499 1624/3505/1614 1600/3451/1634
f 1568/3280/1556 1643/3452/1635 1624/3413/1614
f 1643/3452/1635 1544/3221/1529 1602/3416/1616
f 1544/3221/1529 1601/3414/1615 1602/3416/1616
f 1625/3454/1636 1644/3506/1663 1517/3225/1531
f 1659/3457/1638 1645/3455/1637 1603/3350/1587
f 1517/3225/1531 1644/3506/1663 1592/3417/1617
f 1591/3390/1605 1592/3417/1617 1626/3458/1639
f 1590/3389/1604 1646/3459/1607 1659/3457/1638
f 1347/2872/1358 1626/3458/1639 1647/3507/1664
f 1495/3357/1509 1575/3359/1592 1631/3470/1644
f 1575/3359/1592 1576/3362/1593 1648/3508/1665
f 1606/3400/1609 1528/3258/1546 1633/3479/1647
f 1634/3480/1648 1441/3098/1456 1635/3481/1649
f 1577/3401/1548 1650/3509/1666 1608/3423/1621
f 1634/3510/1648 1650/3509/1666 1577/3401/1548
f 1634/3480/1648 1635/3481/1649 1650/3511/1666
f 1635/3481/1649 1636/3424/1622 1650/3511/1666
f 1608/3423/1621 1650/3509/1666 1597/3402/1610
f 1650/3511/1666 1636/3424/1622 1609/3425/1623
f 1530/3403/1515 1597/3402/1610 1650/3509/1666
f 1650/3511/1666 1609/3425/1623 1530/3308/1515
f 1500/3309/1566 1609/3425/1623 1636/3424/1622
f 1325/3197/1330 1611/3512/1667 1556/3311/1567
f 1325/3197/1330 1503/3196/1518 1611/3512/1667
f 1579/3322/1569 1651/3513/1668 1445/3104/1460
f 1448/3152/1489 1616/3514/1630 1276/3371/1338
f 1598/3404/1611 1652/3515/1654 1614/3427/1624
f 1652/3491/1654 1639/3430/1627 1653/3516/1656
f 1582/3372/1596 1558/3517/1574 1617/3434/1629
f 1615/3429/1626 1653/3518/1656 1618/3492/1579
f 1617/3434/1629 1558/3517/1574 1640/3519/1655
f 1584/3438/1598 1653/3516/1656 1639/3430/1627
f 1584/3438/1598 1621/3520/1612 1653/3516/1656
f 1583/3439/1597 1654/3521/1669 1619/3440/1631
f 1560/3445/1430 1655/3522/1670 1622/3377/1599
f 1619/3440/1631 1656/3523/1671 1538/3334/1578
f 1245/3524/1253 1510/3209/1525 1641/3525/1658
f 1246/3501/1292 1666/3502/1660 1586/3526/1659
f 1286/3527/1257 1668/3528/1528 1453/3529/1468
f 1423/3449/1433 1600/3451/1634 1682/3530/1672
f 1646/3459/1607 1658/3531/1673 1659/3457/1638
f 1347/2872/1358 1647/3507/1664 1463/3131/1478
f 1670/3532/1674 1594/3533/1589 1604/3420/1618
f 1604/3420/1618 1594/3533/1589 1522/3418/1540
f 1573/3464/1591 1628/3463/1641 1629/3465/1642
f 1496/3534/1510 1649/3535/1675 1595/3472/1608
f 1606/3400/1609 1660/3536/1676 1576/3362/1593
f 1596/3422/1620 1632/3473/1645 1661/3537/1677
f 1606/3400/1609 1633/3479/1647 1660/3536/1676
f 1596/3422/1620 1661/3537/1677 1607/3475/1646
f 1607/3538/1646 1661/3539/1677 1633/3479/1647
f 1610/3367/1594 1556/3311/1567 1662/3540/1678
f 1533/3541/1570 1700/3542/1679 1272/2819/1285
f 1614/3427/1624 1652/3515/1654 1615/3429/1626
f 1652/3515/1654 1653/3518/1656 1615/3429/1626
f 1583/3439/1597 1640/3494/1655 1654/3521/1669
f 1334/3543/1341 1540/3544/1523 1620/3545/1632
f 1619/3440/1631 1654/3521/1669 1656/3523/1671
f 1538/3334/1578 1656/3523/1671 1664/3546/1680
f 1538/3547/1578 1664/3548/1680 1419/3549/1431
f 1419/3549/1431 1664/3548/1680 1665/3550/1681
f 1668/3551/1528 1483/3446/1432 1712/3552/1682
f 1588/3386/1602 1667/3553/1683 1542/3279/1555
f 1624/3413/1614 1643/3452/1635 1669/3554/1684
f 1626/3458/1639 1592/3417/1617 1692/3555/1685
f 1628/3463/1641 1671/3556/1686 1672/3557/1687
f 1627/3558/1640 1671/3559/1686 1628/3560/1641
f 1670/3532/1674 1604/3420/1618 1673/3561/1688
f 1604/3420/1618 1630/3467/1643 1673/3561/1688
f 1575/3562/1592 1648/3563/1665 1631/3564/1644
f 1496/3565/1510 1605/3566/1619 1649/3535/1675
f 1660/3536/1676 1674/3567/1689 1576/3362/1593
f 1633/3479/1647 1661/3539/1677 1660/3536/1676
f 1331/3568/1339 1612/3569/1653 1533/3570/1570
f 1477/3495/1491 1620/3443/1632 1676/3571/1690
f 1280/3572/1204 1690/3573/1657 1616/3437/1630
f 1640/3494/1655 1677/3574/1691 1654/3521/1669
f 1419/3549/1431 1665/3550/1681 1678/3575/1613
f 1451/3113/1467 1680/3576/1692 1642/3577/1662
f 1542/3279/1555 1667/3553/1683 1657/3503/1661
f 1423/3449/1433 1682/3530/1672 1587/3578/1601
f 1485/3044/1434 1683/3579/1693 1543/3345/1584
f 1602/3456/1616 1645/3455/1637 1684/3580/1694
f 1658/3581/1673 1685/3582/1695 1659/3583/1638
f 1685/3582/1695 1715/3584/1696 1659/3583/1638
f 1659/3583/1638 1715/3584/1696 1645/3585/1637
f 1626/3458/1639 1692/3555/1685 1647/3507/1664
f 1593/3586/1606 1658/3581/1673 1646/3587/1607
f 1627/3558/1640 1463/3588/1478 1693/3589/1697
f 1627/3558/1640 1693/3589/1697 1671/3559/1686
f 1630/3467/1643 1631/3564/1644 1673/3561/1688
f 1629/3465/1642 1649/3535/1675 1605/3566/1619
f 1629/3465/1642 1695/3590/1698 1649/3535/1675
f 1576/3591/1593 1674/3592/1689 1648/3563/1665
f 1696/3593/1699 1632/3473/1645 1595/3472/1608
f 1531/3594/1568 1610/3595/1594 1686/3596/1700
f 1472/2817/1331 1272/2819/1285 1698/3597/1701
f 1531/3598/1568 1687/3599/1702 1504/3600/1519
f 1503/3196/1518 1637/3484/1651 1688/3601/1703
f 1445/3104/1460 1651/3513/1668 1689/3602/1652
f 1560/3603/1430 1599/3604/1628 1655/3522/1670
f 1654/3521/1669 1677/3574/1691 1656/3523/1671
f 1510/3209/1525 1587/3383/1601 1641/3525/1658
f 1679/3605/1704 1483/3446/1432 1564/3381/1600
f 1283/2848/1345 1565/3606/1497 1666/3502/1660
f 1657/3503/1661 1681/3607/1705 1565/3163/1497
f 1623/3447/1633 1667/3608/1683 1588/3448/1602
f 1453/3408/1468 1691/3609/1706 1623/3447/1633
f 1453/3408/1468 1668/3610/1528 1691/3609/1706
f 1543/3345/1584 1726/3611/1707 1589/3387/1603
f 1643/3452/1635 1602/3416/1616 1684/3612/1694
f 1647/3613/1664 1693/3589/1697 1463/3588/1478
f 1628/3463/1641 1672/3557/1687 1694/3614/1708
f 1628/3463/1641 1695/3590/1698 1629/3465/1642
f 1694/3614/1708 1695/3590/1698 1628/3463/1641
f 1674/3592/1689 1709/3615/1709 1648/3563/1665
f 1595/3472/1608 1649/3535/1675 1696/3593/1699
f 1661/3616/1677 1674/3592/1689 1660/3617/1676
f 1632/3473/1645 1696/3593/1699 1661/3537/1677
f 1556/3311/1567 1611/3512/1667 1662/3540/1678
f 1472/2817/1331 1698/3597/1701 949/3190/957
f 1531/3594/1568 1686/3596/1700 1687/3618/1702
f 1698/3597/1701 1272/2819/1285 1700/3619/1679
f 1503/3196/1518 1699/3620/1710 1611/3512/1667
f 1503/3621/1518 1688/3622/1703 1699/3623/1710
f 1504/3600/1519 1687/3599/1702 1675/3624/1650
f 1675/3625/1650 1663/3626/1711 1505/2823/1336
f 1505/2829/1336 1663/3627/1711 1638/3370/1572
f 1638/3326/1572 1719/3628/1712 1599/3629/1628
f 1558/3517/1574 1720/3630/1713 1640/3631/1655
f 1640/3494/1655 1701/3632/1714 1677/3574/1691
f 1677/3574/1691 1702/3633/1715 1656/3523/1671
f 1656/3634/1671 1702/3635/1715 1664/3548/1680
f 1565/3606/1497 1681/3636/1705 1666/3502/1660
f 1485/3412/1434 1642/3504/1662 1683/3637/1693
f 1592/3417/1617 1704/3638/1716 1692/3555/1685
f 1715/3584/1696 1684/3639/1694 1645/3585/1637
f 1670/3532/1674 1705/3640/1717 1706/3641/1718
f 1706/3641/1718 1594/3533/1589 1670/3532/1674
f 1672/3642/1687 1671/3559/1686 1707/3643/1719
f 1671/3644/1686 1705/3640/1717 1707/3645/1719
f 1705/3640/1717 1673/3561/1688 1707/3645/1719
f 1670/3532/1674 1673/3561/1688 1705/3640/1717
f 1707/3646/1719 1694/3614/1708 1672/3557/1687
f 1707/3645/1719 1708/3647/1720 1694/3648/1708
f 1631/3564/1644 1733/3649/1721 1673/3561/1688
f 1631/3564/1644 1709/3615/1709 1733/3649/1721
f 1648/3563/1665 1709/3615/1709 1631/3564/1644
f 1649/3535/1675 1718/3650/1722 1696/3593/1699
f 1661/3616/1677 1696/3651/1699 1674/3592/1689
f 1662/3652/1678 1737/3653/1723 1610/3595/1594
f 1651/3654/1668 1786/3655/1724 1689/3488/1652
f 1276/3371/1338 1616/3514/1630 1637/3656/1651
f 1640/3494/1655 1720/3657/1713 1701/3632/1714
f 1599/3604/1628 1754/3658/1725 1655/3522/1670
f 1677/3574/1691 1701/3632/1714 1702/3633/1715
f 1664/3548/1680 1702/3635/1715 1665/3550/1681
f 1449/3378/1465 1711/3659/1726 1564/3660/1600
f 1678/3661/1613 1680/3662/1692 1451/3663/1467
f 1564/3381/1600 1721/3664/1727 1679/3605/1704
f 1483/3446/1432 1679/3665/1704 1712/3666/1682
f 1587/3383/1601 1682/3667/1672 1723/3668/1728
f 1623/3447/1633 1714/3669/1729 1667/3608/1683
f 1624/3505/1614 1669/3670/1684 1725/3671/1730
f 1683/3579/1693 1726/3611/1707 1543/3345/1584
f 1589/3387/1603 1726/3611/1707 1625/3672/1636
f 1692/3673/1685 1704/3674/1716 1703/3675/1731
f 1594/3676/1589 1716/3677/1732 1593/3586/1606
f 1593/3586/1606 1716/3677/1732 1658/3581/1673
f 1647/3613/1664 1717/3678/1733 1693/3589/1697
f 1693/3589/1697 1705/3679/1717 1671/3559/1686
f 1673/3561/1688 1733/3649/1721 1707/3645/1719
f 1695/3590/1698 1718/3650/1722 1649/3535/1675
f 1674/3592/1689 1734/3680/1734 1709/3615/1709
f 1735/3681/1735 1674/3592/1689 1696/3651/1699
f 1698/3597/1701 1736/3682/1736 949/3190/957
f 1578/3368/1595 1697/3683/1737 1501/3191/1516
f 1616/3514/1630 1753/3684/1738 1637/3656/1651
f 1702/3635/1715 1739/3685/1739 1665/3550/1681
f 1449/3378/1465 1622/3377/1599 1711/3659/1726
f 1540/3204/1523 1586/3500/1659 1710/3686/1740
f 1586/3526/1659 1666/3502/1660 1710/3687/1740
f 1641/3525/1658 1587/3383/1601 1722/3688/1741
f 1642/3577/1662 1680/3576/1692 1713/3689/1742
f 1600/3451/1634 1624/3505/1614 1725/3671/1730
f 1643/3690/1635 1727/3691/1743 1669/3692/1684
f 1726/3611/1707 1728/3693/1744 1625/3672/1636
f 1625/3454/1636 1728/3694/1744 1644/3506/1663
f 1592/3417/1617 1644/3506/1663 1704/3638/1716
f 1703/3675/1731 1704/3674/1716 1729/3695/1745
f 1743/3696/1746 1730/3697/1747 1658/3581/1673
f 1658/3581/1673 1730/3697/1747 1685/3582/1695
f 1685/3582/1695 1730/3697/1747 1715/3584/1696
f 1729/3695/1745 1647/3613/1664 1692/3673/1685
f 1703/3675/1731 1729/3695/1745 1692/3673/1685
f 1658/3581/1673 1716/3677/1732 1743/3696/1746
f 1729/3695/1745 1731/3698/1748 1647/3613/1664
f 1647/3613/1664 1731/3698/1748 1717/3678/1733
f 1705/3679/1717 1693/3589/1697 1706/3699/1718
f 1706/3641/1718 1744/3700/1749 1594/3533/1589
f 1708/3701/1720 1732/3702/1750 1694/3614/1708
f 1707/3645/1719 1733/3649/1721 1708/3647/1720
f 1708/3647/1720 1733/3649/1721 1732/3703/1750
f 1694/3614/1708 1718/3650/1722 1695/3590/1698
f 1733/3649/1721 1709/3615/1709 1734/3680/1734
f 1696/3593/1699 1718/3650/1722 1735/3704/1735
f 1735/3681/1735 1734/3680/1734 1674/3592/1689
f 949/3190/957 1736/3682/1736 1578/3368/1595
f 1737/3653/1723 1686/3596/1700 1610/3595/1594
f 1611/3705/1667 1699/3706/1710 1662/3652/1678
f 1753/3707/1738 1616/3437/1630 1738/3708/1751
f 1689/3488/1652 1720/3709/1713 1558/3489/1574
f 1620/3545/1632 1540/3544/1523 1710/3710/1740
f 1701/3711/1714 1739/3685/1739 1702/3635/1715
f 1721/3712/1727 1564/3713/1600 1711/3714/1726
f 1740/3715/1752 1678/3661/1613 1665/3716/1681
f 1740/3715/1752 1680/3662/1692 1678/3661/1613
f 1712/3717/1682 1691/3718/1706 1668/3528/1528
f 1691/3609/1706 1714/3669/1729 1623/3447/1633
f 1741/3719/1753 1683/3720/1693 1642/3721/1662
f 1643/3690/1635 1684/3722/1694 1727/3691/1743
f 1747/3723/1754 1728/3693/1744 1726/3611/1707
f 1742/3724/1755 1727/3691/1743 1684/3722/1694
f 1742/3724/1755 1684/3722/1694 1715/3584/1696
f 1749/3725/1756 1730/3697/1747 1743/3696/1746
f 1694/3614/1708 1732/3702/1750 1718/3650/1722
f 1733/3649/1721 1734/3680/1734 1732/3703/1750
f 1718/3650/1722 1732/3702/1750 1735/3704/1735
f 1735/3681/1735 1732/3703/1750 1734/3680/1734
f 1502/3192/1517 1750/3726/1757 1579/3318/1569
f 1745/3727/1758 1663/3728/1711 1675/3624/1650
f 1616/3437/1630 1690/3573/1657 1755/3729/1759
f 1587/3383/1601 1723/3668/1728 1722/3688/1741
f 1667/3553/1683 1724/3730/1760 1657/3503/1661
f 1667/3608/1683 1714/3669/1729 1724/3731/1760
f 1682/3530/1672 1600/3451/1634 1725/3671/1730
f 1725/3732/1730 1669/3692/1684 1727/3691/1743
f 1742/3724/1755 1715/3584/1696 1730/3697/1747
f 1644/3733/1663 1756/3734/1761 1704/3674/1716
f 1729/3695/1745 1704/3674/1716 1748/3735/1762
f 1758/3736/1763 1759/3737/1764 1743/3696/1746
f 1759/3737/1764 1749/3725/1756 1743/3696/1746
f 1748/3735/1762 1731/3698/1748 1729/3695/1745
f 1758/3736/1763 1743/3696/1746 1716/3677/1732
f 1716/3677/1732 1594/3738/1589 1744/3739/1749
f 1693/3589/1697 1717/3678/1733 1706/3699/1718
f 1697/3683/1737 1750/3740/1757 1501/3191/1516
f 1579/3741/1569 1750/3742/1757 1751/3743/1765
f 1579/3318/1569 1751/3744/1765 1651/3745/1668
f 1637/3746/1651 1752/3747/1766 1688/3622/1703
f 1613/3748/1625 1746/3749/1767 1612/3750/1653
f 1613/3751/1625 1477/3495/1491 1746/3752/1767
f 1719/3628/1712 1754/3753/1725 1599/3629/1628
f 1477/3495/1491 1676/3571/1690 1746/3752/1767
f 1710/3710/1740 1787/3754/1768 1620/3545/1632
f 1665/3716/1681 1739/3755/1739 1740/3715/1752
f 1681/3636/1705 1789/3756/1769 1666/3502/1660
f 1642/3721/1662 1793/3757/1770 1741/3719/1753
f 1683/3579/1693 1795/3758/1771 1726/3611/1707
f 1726/3611/1707 1775/3759/1772 1747/3723/1754
f 1644/3733/1663 1728/3760/1744 1756/3734/1761
f 1748/3735/1762 1757/3761/1773 1731/3698/1748
f 1716/3677/1732 1760/3762/1774 1758/3736/1763
f 1744/3739/1749 1760/3762/1774 1716/3677/1732
f 1717/3763/1733 1744/3700/1749 1706/3641/1718
f 1662/3652/1678 1699/3706/1710 1737/3653/1723
f 1700/3764/1679 1736/3765/1736 1698/3766/1701
f 1501/3767/1516 1750/3742/1757 1502/3768/1517
f 1675/3624/1650 1687/3599/1702 1745/3727/1758
f 1533/3570/1570 1612/3569/1653 1800/3769/1775
f 1801/3770/1776 1786/3655/1724 1651/3654/1668
f 1637/3746/1651 1753/3771/1738 1752/3747/1766
f 1638/3326/1572 1663/3772/1711 1719/3628/1712
f 1622/3773/1599 1655/3774/1670 1762/3775/1777
f 1641/3525/1658 1755/3776/1759 1690/3777/1657
f 1622/3773/1599 1762/3775/1777 1711/3714/1726
f 1701/3711/1714 1763/3778/1778 1739/3685/1739
f 1679/3779/1704 1773/3780/1779 1712/3717/1682
f 1713/3689/1742 1791/3781/1780 1642/3577/1662
f 1683/3579/1693 1741/3782/1753 1795/3758/1771
f 1776/3783/1781 1725/3732/1730 1727/3691/1743
f 1727/3691/1743 1742/3724/1755 1778/3784/1782
f 1704/3674/1716 1756/3734/1761 1748/3735/1762
f 1782/3785/1783 1759/3737/1764 1758/3736/1763
f 1759/3737/1764 1765/3786/1784 1749/3725/1756
f 1749/3725/1756 1765/3786/1784 1730/3697/1747
f 1757/3761/1773 1766/3787/1785 1731/3698/1748
f 1760/3762/1774 1782/3785/1783 1758/3736/1763
f 1731/3698/1748 1766/3787/1785 1717/3678/1733
f 1766/3787/1785 1781/3788/1786 1717/3678/1733
f 1717/3678/1733 1781/3788/1786 1767/3789/1787
f 1717/3678/1733 1767/3789/1787 1768/3790/1788
f 1717/3763/1733 1768/3791/1788 1744/3700/1749
f 1744/3700/1749 1768/3791/1788 1760/3792/1774
f 1578/3793/1595 1769/3794/1789 1697/3795/1737
f 1578/3793/1595 1736/3765/1736 1769/3794/1789
f 1737/3653/1723 1770/3796/1790 1686/3596/1700
f 1533/3797/1570 1800/3798/1775 1700/3764/1679
f 1689/3488/1652 1761/3799/1791 1720/3709/1713
f 1616/3437/1630 1755/3729/1759 1738/3708/1751
f 1754/3800/1725 1828/3801/1792 1655/3774/1670
f 1655/3774/1670 1828/3801/1792 1762/3775/1777
f 1739/3755/1739 1763/3802/1778 1772/3803/1793
f 1739/3755/1739 1772/3803/1793 1740/3715/1752
f 1712/3717/1682 1773/3780/1779 1774/3804/1794
f 1680/3662/1692 1764/3805/1795 1713/3806/1742
f 1657/3503/1661 1724/3730/1760 1681/3607/1705
f 1691/3609/1706 1712/3807/1682 1774/3808/1794
f 1642/3721/1662 1791/3809/1780 1793/3757/1770
f 1747/3723/1754 1777/3810/1796 1728/3693/1744
f 1727/3691/1743 1778/3784/1782 1776/3783/1781
f 1728/3693/1744 1777/3810/1796 1779/3811/1797
f 1728/3760/1744 1779/3812/1797 1756/3734/1761
f 1730/3697/1747 1765/3786/1784 1778/3784/1782
f 1730/3697/1747 1778/3784/1782 1742/3724/1755
f 1757/3761/1773 1748/3735/1762 1756/3734/1761
f 1757/3761/1773 1756/3734/1761 1780/3813/1798
f 1757/3761/1773 1780/3813/1798 1766/3787/1785
f 1780/3813/1798 1781/3788/1786 1766/3787/1785
f 1783/3814/1799 1759/3737/1764 1782/3785/1783
f 1689/3488/1652 1786/3655/1724 1761/3799/1791
f 1701/3711/1714 1720/3815/1713 1771/3816/1800
f 1620/3545/1632 1787/3754/1768 1676/3817/1690
f 1721/3818/1727 1773/3780/1779 1679/3779/1704
f 1740/3715/1752 1764/3805/1795 1680/3662/1692
f 1714/3669/1729 1792/3819/1801 1724/3731/1760
f 1691/3609/1706 1792/3819/1801 1714/3669/1729
f 1793/3757/1770 1805/3820/1802 1741/3719/1753
f 1776/3821/1781 1794/3822/1803 1725/3823/1730
f 1780/3813/1798 1756/3734/1761 1796/3824/1804
f 1780/3813/1798 1797/3825/1805 1781/3788/1786
f 1780/3813/1798 1796/3824/1804 1797/3825/1805
f 1797/3825/1805 1798/3826/1806 1781/3788/1786
f 1798/3827/1806 1783/3814/1799 1782/3785/1783
f 1783/3814/1799 1816/3828/1807 1759/3737/1764
f 1759/3737/1764 1816/3828/1807 1765/3786/1784
f 1798/3826/1806 1767/3789/1787 1781/3788/1786
f 1760/3792/1774 1798/3829/1806 1782/3830/1783
f 1760/3792/1774 1768/3791/1788 1798/3829/1806
f 1686/3596/1700 1784/3831/1808 1687/3618/1702
f 1697/3795/1737 1769/3794/1789 1750/3742/1757
f 1700/3764/1679 1785/3832/1809 1736/3765/1736
f 1699/3706/1710 1688/3833/1703 1799/3834/1810
f 1700/3764/1679 1800/3798/1775 1785/3832/1809
f 1688/3622/1703 1752/3747/1766 1799/3835/1810
f 1811/3836/1811 1612/3750/1653 1746/3749/1767
f 1710/3687/1740 1666/3502/1660 1788/3837/1812
f 1722/3838/1741 1723/3839/1728 1842/3840/1813
f 1740/3715/1752 1802/3841/1814 1764/3805/1795
f 1803/3842/1815 1681/3607/1705 1724/3730/1760
f 1792/3819/1801 1691/3609/1706 1774/3808/1794
f 1804/3843/1816 1793/3844/1770 1791/3845/1780
f 1805/3820/1802 1806/3846/1817 1741/3719/1753
f 1741/3719/1753 1806/3846/1817 1795/3847/1771
f 1775/3759/1772 1726/3611/1707 1795/3758/1771
f 1747/3723/1754 1807/3848/1818 1777/3810/1796
f 1777/3810/1796 1808/3849/1819 1779/3811/1797
f 1778/3784/1782 1765/3786/1784 1809/3850/1820
f 1779/3812/1797 1796/3824/1804 1756/3734/1761
f 1797/3851/1805 1783/3852/1799 1798/3829/1806
f 1767/3789/1787 1798/3826/1806 1768/3790/1788
f 1784/3831/1808 1686/3596/1700 1770/3796/1790
f 1810/3853/1821 1750/3742/1757 1769/3794/1789
f 1801/3854/1776 1651/3855/1668 1751/3743/1765
f 1612/3569/1653 1811/3856/1811 1800/3769/1775
f 1812/3857/1822 1754/3753/1725 1719/3628/1712
f 1746/3752/1767 1676/3571/1690 1787/3858/1768
f 1802/3841/1814 1713/3806/1742 1764/3805/1795
f 1803/3842/1815 1724/3730/1760 1790/3859/1823
f 1713/3806/1742 1804/3860/1816 1791/3861/1780
f 1725/3671/1730 1843/3862/1824 1682/3530/1672
f 1777/3810/1796 1807/3848/1818 1814/3863/1825
f 1776/3783/1781 1778/3784/1782 1813/3864/1826
f 1836/3865/1827 1778/3784/1782 1809/3850/1820
f 1813/3864/1826 1778/3784/1782 1836/3865/1827
f 1797/3825/1805 1796/3824/1804 1815/3866/1828
f 1797/3867/1805 1815/3868/1828 1783/3869/1799
f 1783/3869/1799 1815/3868/1828 1816/3870/1807
f 1809/3850/1820 1765/3786/1784 1816/3828/1807
f 1737/3653/1723 1817/3871/1829 1770/3796/1790
f 1737/3653/1723 1699/3706/1710 1817/3871/1829
f 1663/3772/1711 1812/3857/1822 1719/3628/1712
f 1746/3752/1767 1787/3858/1768 1824/3872/1830
f 1771/3873/1800 1720/3874/1713 1761/3875/1791
f 1701/3711/1714 1771/3816/1800 1763/3778/1778
f 1641/3876/1658 1819/3877/1831 1755/3878/1759
f 1641/3876/1658 1722/3838/1741 1819/3877/1831
f 1763/3879/1778 1820/3880/1832 1772/3803/1793
f 1710/3881/1740 1788/3882/1812 1829/3883/1833
f 1666/3502/1660 1789/3756/1769 1788/3884/1812
f 1740/3715/1752 1772/3803/1793 1802/3841/1814
f 1802/3841/1814 1804/3860/1816 1713/3806/1742
f 1724/3731/1760 1792/3819/1801 1790/3885/1823
f 1793/3844/1770 1822/3886/1834 1805/3887/1802
f 1822/3886/1834 1844/3888/1835 1805/3887/1802
f 1804/3843/1816 1821/3889/1836 1793/3844/1770
f 1806/3890/1817 1823/3891/1837 1795/3892/1771
f 1823/3891/1837 1775/3893/1772 1795/3892/1771
f 1776/3783/1781 1813/3864/1826 1794/3894/1803
f 1814/3863/1825 1808/3849/1819 1777/3810/1796
f 1836/3865/1827 1809/3850/1820 1837/3895/1838
f 1808/3896/1819 1796/3824/1804 1779/3812/1797
f 1809/3850/1820 1839/3897/1839 1837/3895/1838
f 1816/3870/1807 1815/3868/1828 1839/3898/1839
f 1816/3828/1807 1839/3897/1839 1809/3850/1820
f 1687/3618/1702 1784/3831/1808 1745/3899/1758
f 1799/3834/1810 1817/3871/1829 1699/3706/1710
f 1754/3900/1725 1825/3901/1840 1828/3902/1792
f 1755/3729/1759 1826/3903/1841 1738/3708/1751
f 1755/3878/1759 1819/3877/1831 1827/3904/1842
f 1711/3905/1726 1830/3906/1843 1721/3907/1727
f 1722/3838/1741 1842/3840/1813 1819/3877/1831
f 1723/3839/1728 1682/3908/1672 1843/3909/1824
f 1802/3841/1814 1831/3910/1844 1804/3860/1816
f 1831/3910/1844 1832/3911/1845 1804/3860/1816
f 1822/3886/1834 1793/3844/1770 1821/3889/1836
f 1805/3887/1802 1833/3912/1846 1806/3913/1817
f 1747/3914/1754 1846/3915/1847 1807/3916/1818
f 1807/3848/1818 1835/3917/1848 1814/3863/1825
f 1813/3918/1826 1836/3919/1827 1834/3920/1849
f 1814/3921/1825 1838/3922/1850 1808/3923/1819
f 1808/3896/1819 1838/3924/1850 1796/3824/1804
f 1796/3824/1804 1838/3924/1850 1860/3925/1851
f 1796/3824/1804 1860/3925/1851 1815/3866/1828
f 1815/3868/1828 1849/3926/1852 1839/3898/1839
f 1770/3796/1790 1840/3927/1853 1784/3831/1808
f 1750/3742/1757 1851/3928/1854 1751/3743/1765
f 1746/3749/1767 1824/3929/1830 1811/3836/1811
f 1738/3708/1751 1818/3930/1855 1753/3707/1738
f 1755/3729/1759 1827/3931/1842 1826/3903/1841
f 1762/3775/1777 1856/3932/1856 1711/3714/1726
f 1789/3933/1769 1857/3934/1857 1788/3882/1812
f 1789/3935/1769 1681/3936/1705 1857/3937/1857
f 1822/3886/1834 1832/3938/1845 1844/3888/1835
f 1804/3939/1816 1832/3938/1845 1821/3889/1836
f 1821/3889/1836 1832/3938/1845 1822/3886/1834
f 1806/3890/1817 1833/3940/1846 1823/3891/1837
f 1794/3822/1803 1813/3941/1826 1845/3942/1858
f 1775/3893/1772 1846/3915/1847 1747/3914/1754
f 1807/3943/1818 1846/3944/1847 1835/3945/1848
f 1835/3945/1848 1847/3946/1859 1814/3921/1825
f 1834/3920/1849 1836/3947/1827 1848/3948/1860
f 1814/3921/1825 1847/3946/1859 1838/3922/1850
f 1836/3947/1827 1837/3949/1838 1848/3948/1860
f 1848/3948/1860 1837/3949/1838 1849/3926/1852
f 1837/3949/1838 1839/3898/1839 1849/3926/1852
f 1736/3765/1736 1785/3832/1809 1769/3794/1789
f 1784/3831/1808 1840/3927/1853 1850/3950/1861
f 1810/3853/1821 1851/3928/1854 1750/3742/1757
f 1852/3951/1862 1853/3952/1863 1745/3953/1758
f 1663/3772/1711 1853/3954/1863 1812/3857/1822
f 1761/3875/1791 1786/3955/1724 1855/3956/1864
f 1818/3930/1855 1738/3708/1751 1826/3903/1841
f 1828/3801/1792 1856/3932/1856 1762/3775/1777
f 1710/3881/1740 1829/3883/1833 1862/3957/1865
f 1856/3958/1856 1830/3906/1843 1711/3905/1726
f 1721/3959/1727 1830/3960/1843 1773/3961/1779
f 1772/3803/1793 1820/3880/1832 1841/3962/1866
f 1681/3936/1705 1858/3963/1867 1857/3937/1857
f 1681/3936/1705 1803/3964/1815 1858/3963/1867
f 1842/3840/1813 1723/3839/1728 1843/3909/1824
f 1774/3808/1794 1859/3965/1868 1792/3819/1801
f 1792/3819/1801 1859/3965/1868 1790/3885/1823
f 1844/3888/1835 1833/3912/1846 1805/3887/1802
f 1843/3966/1824 1725/3967/1730 1794/3822/1803
f 1847/3968/1859 1834/3920/1849 1848/3948/1860
f 1847/3968/1859 1848/3948/1860 1860/3969/1851
f 1848/3948/1860 1849/3926/1852 1860/3969/1851
f 1860/3925/1851 1838/3924/1850 1847/3970/1859
f 1815/3868/1828 1860/3969/1851 1849/3926/1852
f 1770/3796/1790 1817/3871/1829 1840/3927/1853
f 1785/3832/1809 1800/3798/1775 1897/3971/1869
f 1745/3899/1758 1784/3831/1808 1852/3972/1862
f 1752/3747/1766 1861/3973/1870 1799/3974/1810
f 1745/3953/1758 1853/3952/1863 1663/3975/1711
f 1801/3770/1776 1854/3976/1871 1786/3655/1724
f 1854/3977/1871 1855/3956/1864 1786/3955/1724
f 1812/3978/1822 1825/3901/1840 1754/3900/1725
f 1865/3979/1872 1763/3778/1778 1771/3816/1800
f 1787/3754/1768 1710/3710/1740 1862/3980/1865
f 1841/3962/1866 1802/3841/1814 1772/3803/1793
f 1866/3981/1873 1832/3938/1845 1831/3982/1844
f 1866/3981/1873 1844/3888/1835 1832/3938/1845
f 1874/3983/1874 1775/3893/1772 1823/3891/1837
f 1847/3946/1859 1835/3945/1848 1846/3984/1847
f 1864/3985/1875 1769/3794/1789 1785/3832/1809
f 1850/3950/1861 1840/3927/1853 1817/3871/1829
f 1878/3986/1876 1801/3854/1776 1751/3743/1765
f 1861/3987/1870 1752/3988/1766 1753/3989/1738
f 1761/3875/1791 1865/3990/1872 1771/3873/1800
f 1788/3882/1812 1857/3934/1857 1829/3883/1833
f 1841/3962/1866 1866/3991/1873 1802/3841/1814
f 1803/3964/1815 1867/3992/1877 1858/3963/1867
f 1802/3993/1814 1866/3981/1873 1831/3982/1844
f 1803/3964/1815 1790/3994/1823 1867/3992/1877
f 1867/3995/1877 1790/3885/1823 1859/3965/1868
f 1833/3940/1846 1874/3983/1874 1823/3891/1837
f 1775/3893/1772 1869/3996/1878 1846/3915/1847
f 1875/3997/1879 1847/3946/1859 1846/3984/1847
f 1916/3998/1880 1834/3920/1849 1847/3968/1859
f 1864/3985/1875 1810/3853/1821 1769/3794/1789
f 1870/3999/1881 1852/3972/1862 1784/3831/1808
f 1761/3875/1791 1855/3956/1864 1871/4000/1882
f 1787/4001/1768 1872/4002/1883 1824/4003/1830
f 1774/3808/1794 1873/4004/1884 1859/3965/1868
f 1844/3888/1835 1890/4005/1885 1833/3912/1846
f 1843/4006/1824 1794/4007/1803 1868/4008/1886
f 1845/3942/1858 1868/4009/1886 1794/3822/1803
f 1874/3983/1874 1869/3996/1878 1775/3893/1772
f 1834/3920/1849 1863/4010/1887 1813/3918/1826
f 1875/3997/1879 1916/4011/1880 1847/3946/1859
f 1834/3920/1849 1916/3998/1880 1863/4010/1887
f 1785/3832/1809 1884/4012/1888 1864/3985/1875
f 1784/3831/1808 1850/3950/1861 1870/3999/1881
f 1864/3985/1875 1876/4013/1889 1810/3853/1821
f 1810/3853/1821 1876/4013/1889 1851/3928/1854
f 1761/3875/1791 1871/4000/1882 1865/3990/1872
f 1862/3957/1865 1829/3883/1833 1880/4014/1890
f 1773/3961/1779 1881/4015/1891 1774/4016/1794
f 1858/3963/1867 1905/4017/1892 1857/3937/1857
f 1842/3840/1813 1843/3909/1824 1882/4018/1893
f 1813/4019/1826 1883/4020/1894 1845/4021/1858
f 1813/3918/1826 1863/4010/1887 1883/4022/1894
f 1870/4023/1881 1877/4024/1895 1852/3951/1862
f 1851/3928/1854 1878/3986/1876 1751/3743/1765
f 1878/3986/1876 1879/4025/1896 1801/3854/1776
f 1879/4026/1896 1854/3977/1871 1801/4027/1776
f 1811/3836/1811 1824/3929/1830 1886/4028/1897
f 1865/3979/1872 1820/4029/1832 1763/3778/1778
f 1827/4030/1842 1819/4031/1831 1895/4032/1898
f 1841/4033/1866 1889/4034/1899 1866/3981/1873
f 1889/4034/1899 1890/4005/1885 1866/3981/1873
f 1866/3981/1873 1890/4005/1885 1844/3888/1835
f 1843/4035/1824 1891/4036/1900 1882/4037/1893
f 1868/4038/1886 1891/4036/1900 1843/4035/1824
f 1890/4005/1885 1892/4039/1901 1833/3912/1846
f 1785/3832/1809 1897/3971/1869 1884/4012/1888
f 1817/3871/1829 1893/4040/1902 1850/3950/1861
f 1799/3834/1810 1893/4040/1902 1817/3871/1829
f 1897/4041/1869 1800/4042/1775 1885/4043/1903
f 1800/4044/1775 1811/4045/1811 1885/4046/1903
f 1787/3858/1768 1862/4047/1865 1872/4048/1883
f 1829/4049/1833 1857/4050/1857 1887/4051/1904
f 1881/4015/1891 1873/4052/1884 1774/4016/1794
f 1867/4053/1877 1912/4054/1905 1858/4055/1867
f 1859/4056/1868 1906/4057/1906 1867/4058/1877
f 1869/3996/1878 1896/4059/1907 1846/3915/1847
f 1852/3951/1862 1877/4024/1895 1853/3952/1863
f 1853/4060/1863 1894/4061/1908 1812/4062/1822
f 1818/3930/1855 1919/4063/1909 1861/4064/1870
f 1818/3930/1855 1861/4064/1870 1753/3707/1738
f 1825/3901/1840 1899/4065/1910 1828/3902/1792
f 1829/4049/1833 1887/4051/1904 1880/4066/1890
f 1773/3961/1779 1830/3960/1843 1881/4015/1891
f 1819/3877/1831 1842/3840/1813 1900/4067/1911
f 1841/4033/1866 1888/4068/1912 1889/4034/1899
f 1892/4069/1901 1874/3983/1874 1833/3940/1846
f 1870/3999/1881 1850/3950/1861 1910/4070/1913
f 1861/3987/1870 1898/4071/1914 1799/4072/1810
f 1811/4045/1811 1886/4073/1897 1885/4046/1903
f 1894/4061/1908 1902/4074/1915 1812/4062/1822
f 1902/4074/1915 1825/4075/1840 1812/4062/1822
f 1824/4003/1830 1872/4002/1883 1903/4076/1916
f 1924/4077/1917 1899/4065/1910 1825/3901/1840
f 1899/4078/1910 1856/4079/1856 1828/4080/1792
f 1820/3880/1832 1933/4081/1918 1841/3962/1866
f 1842/3840/1813 1882/4018/1893 1900/4067/1911
f 1867/4053/1877 1906/4082/1906 1912/4054/1905
f 1859/4056/1868 1928/4083/1919 1906/4057/1906
f 1873/4084/1884 1928/4083/1919 1859/4056/1868
f 1889/4034/1899 1907/4085/1920 1890/4005/1885
f 1892/4069/1901 1908/4086/1921 1874/3983/1874
f 1870/4023/1881 1910/4087/1913 1877/4024/1895
f 1850/3950/1861 1893/4040/1902 1910/4088/1913
f 1901/4089/1922 1879/4090/1896 1878/4091/1876
f 1902/4074/1915 1924/4092/1917 1825/4075/1840
f 1824/4003/1830 1903/4076/1916 1886/4093/1897
f 1826/4094/1841 1895/4032/1898 1911/4095/1923
f 1827/4030/1842 1895/4032/1898 1826/4094/1841
f 1862/4096/1865 1880/4066/1890 1904/4097/1924
f 1895/4032/1898 1819/4031/1831 1900/4098/1911
f 1908/4086/1921 1869/3996/1878 1874/3983/1874
f 1846/3915/1847 1936/4099/1925 1875/4100/1879
f 1846/3915/1847 1896/4059/1907 1936/4099/1925
f 1877/4024/1895 1909/4101/1926 1853/3952/1863
f 1851/4102/1854 1913/4103/1927 1878/4104/1876
f 1913/4103/1927 1901/4105/1922 1878/4104/1876
f 1862/4096/1865 1904/4097/1924 1872/4106/1883
f 1857/4050/1857 1905/4107/1892 1887/4051/1904
f 1905/4017/1892 1858/3963/1867 1912/4108/1905
f 1873/4084/1884 1881/4109/1891 1928/4083/1919
f 1888/4068/1912 1915/4110/1928 1889/4034/1899
f 1889/4034/1899 1915/4110/1928 1907/4085/1920
f 1845/4111/1858 1923/4112/1929 1868/4008/1886
f 1864/4113/1875 1884/4114/1888 1917/4115/1930
f 1877/4116/1895 1910/4117/1913 1909/4118/1926
f 1864/3985/1875 1917/4119/1930 1876/4013/1889
f 1865/3990/1872 1871/4000/1882 1941/4120/1931
f 1933/4081/1918 1888/4121/1912 1841/3962/1866
f 1882/4122/1893 1914/4123/1932 1900/4124/1911
f 1891/4036/1900 1914/4123/1932 1882/4122/1893
f 1907/4085/1920 1920/4125/1933 1890/4005/1885
f 1890/4005/1885 1920/4125/1933 1921/4126/1934
f 1890/4005/1885 1922/4127/1935 1892/4039/1901
f 1868/4008/1886 1923/4112/1929 1891/4128/1900
f 1845/4111/1858 1883/4129/1894 1923/4112/1929
f 1908/4086/1921 1896/4059/1907 1869/3996/1878
f 1936/4130/1925 1916/4131/1880 1875/3997/1879
f 1897/4041/1869 1885/4043/1903 1884/4114/1888
f 1876/4132/1889 1913/4103/1927 1851/4102/1854
f 1799/4072/1810 1898/4071/1914 1893/4133/1902
f 1853/3952/1863 1918/4134/1936 1894/4135/1908
f 1854/3977/1871 1871/4000/1882 1855/3956/1864
f 1856/3958/1856 1925/4136/1937 1830/3906/1843
f 1830/3906/1843 1925/4136/1937 1927/4137/1938
f 1881/4015/1891 1830/3960/1843 1927/4138/1938
f 1905/4139/1892 1912/4054/1905 1926/4140/1939
f 1915/4110/1928 1920/4125/1933 1907/4085/1920
f 1890/4005/1885 1921/4126/1934 1922/4127/1935
f 1910/4117/1913 1938/4141/1940 1909/4118/1926
f 1909/4118/1926 1918/4142/1936 1853/4143/1863
f 1918/4134/1936 1902/4144/1915 1894/4135/1908
f 1903/4076/1916 1872/4002/1883 1930/4145/1941
f 1826/4146/1841 1911/4147/1923 1818/4148/1855
f 1872/4002/1883 1904/4149/1924 1930/4145/1941
f 1911/4095/1923 1895/4032/1898 1931/4150/1942
f 1865/4151/1872 1933/4152/1918 1820/4153/1832
f 1904/4097/1924 1880/4066/1890 1934/4154/1943
f 1912/4054/1905 1935/4155/1944 1926/4140/1939
f 1920/4125/1933 1944/4156/1945 1921/4126/1934
f 1884/4114/1888 1937/4157/1946 1917/4115/1930
f 1861/3987/1870 1919/4158/1909 1898/4071/1914
f 1854/3977/1871 1879/4159/1896 1929/4160/1947
f 1929/4160/1947 1871/4000/1882 1854/3977/1871
f 1940/4161/1948 1899/4162/1910 1924/4092/1917
f 1933/4152/1918 1865/4151/1872 1941/4163/1931
f 1932/4164/1949 1856/4079/1856 1899/4078/1910
f 1880/4066/1890 1887/4051/1904 1934/4154/1943
f 1887/4051/1904 1905/4107/1892 1942/4165/1950
f 1942/4165/1950 1905/4107/1892 1926/4166/1939
f 1952/4167/1951 1888/4168/1912 1933/4169/1918
f 1912/4054/1905 1906/4082/1906 1935/4155/1944
f 1915/4170/1928 1944/4171/1945 1920/4172/1933
f 1945/4173/1952 1946/4174/1953 1892/4175/1901
f 1946/4174/1953 1908/4176/1921 1892/4175/1901
f 1947/4177/1954 1863/4178/1887 1916/4179/1880
f 1884/4114/1888 1885/4043/1903 1948/4180/1955
f 1901/4089/1922 1951/4181/1956 1879/4090/1896
f 1918/4134/1936 1949/4182/1957 1902/4144/1915
f 1949/4183/1957 1924/4092/1917 1902/4074/1915
f 1919/4184/1909 1818/4148/1855 1939/4185/1958
f 1925/4186/1937 1856/4079/1856 1932/4164/1949
f 1881/4109/1891 1927/4187/1938 1943/4188/1959
f 1950/4189/1960 1915/4170/1928 1888/4190/1912
f 1915/4170/1928 1950/4189/1960 1944/4171/1945
f 1922/4191/1935 1945/4173/1952 1892/4175/1901
f 1910/4117/1913 1893/4192/1902 1938/4141/1940
f 1885/4046/1903 1886/4193/1897 1978/4194/1961
f 1879/4159/1896 1951/4195/1956 1929/4160/1947
f 1940/4196/1948 1932/4164/1949 1899/4078/1910
f 1911/4147/1923 1939/4185/1958 1818/4148/1855
f 1887/4051/1904 1942/4165/1950 1934/4154/1943
f 1881/4109/1891 1943/4188/1959 1928/4083/1919
f 1883/4197/1894 1863/4198/1887 1953/4199/1962
f 1909/4118/1926 1938/4141/1940 1956/4200/1963
f 1955/4201/1964 1967/4202/1965 1909/4118/1926
f 1917/4115/1930 1913/4103/1927 1876/4132/1889
f 1885/4046/1903 1978/4194/1961 1948/4203/1955
f 1949/4183/1957 1940/4161/1948 1924/4092/1917
f 1900/4098/1911 1965/4204/1966 1895/4032/1898
f 1900/4205/1911 1914/4206/1932 1965/4207/1966
f 1944/4171/1945 1922/4191/1935 1921/4208/1934
f 1946/4209/1953 1896/4059/1907 1908/4086/1921
f 1896/4059/1907 1961/4210/1967 1936/4099/1925
f 1936/4211/1925 1947/4177/1954 1916/4179/1880
f 1909/4118/1926 1956/4200/1963 1955/4201/1964
f 1909/4118/1926 1957/4212/1968 1918/4142/1936
f 1886/4093/1897 1903/4076/1916 1978/4213/1961
f 1904/4214/1924 1958/4215/1969 1930/4216/1941
f 1904/4214/1924 1934/4217/1943 1958/4215/1969
f 1906/4218/1906 1982/4219/1970 1935/4220/1944
f 1928/4083/1919 1982/4221/1970 1906/4057/1906
f 1891/4036/1900 1960/4222/1971 1914/4123/1932
f 1923/4223/1929 1960/4222/1971 1891/4036/1900
f 1950/4189/1960 1959/4224/1972 1944/4171/1945
f 1959/4224/1972 1922/4191/1935 1944/4171/1945
f 1883/4129/1894 1953/4225/1962 1923/4112/1929
f 1863/4198/1887 1947/4226/1954 1962/4227/1973
f 1884/4114/1888 1954/4228/1974 1937/4157/1946
f 1909/4118/1926 1967/4202/1965 1957/4212/1968
f 1893/4192/1902 1898/4229/1914 1963/4230/1975
f 1898/4229/1914 1919/4231/1909 1963/4230/1975
f 1919/4158/1909 1939/4232/1958 1964/4233/1976
f 1929/4234/1947 1941/4163/1931 1871/4235/1882
f 1895/4236/1898 1965/4237/1966 1931/4238/1942
f 1888/4190/1912 1983/4239/1977 1950/4189/1960
f 1946/4209/1953 1966/4240/1978 1896/4059/1907
f 1938/4141/1940 1893/4192/1902 1956/4200/1963
f 1884/4114/1888 1948/4180/1955 1954/4228/1974
f 1951/4241/1956 1901/4105/1922 1968/4242/1979
f 1939/4185/1958 1911/4147/1923 1931/4238/1942
f 1933/4152/1918 1974/4243/1980 1952/4244/1951
f 1961/4245/1967 1947/4177/1954 1936/4211/1925
f 1955/4201/1964 1956/4200/1963 1967/4202/1965
f 1901/4105/1922 1913/4103/1927 1968/4242/1979
f 1903/4076/1916 1930/4145/1941 1971/4246/1981
f 1930/4216/1941 1958/4215/1969 1971/4247/1981
f 1939/4185/1958 1931/4238/1942 1972/4248/1982
f 1932/4249/1949 1973/4250/1983 1925/4251/1937
f 1934/4252/1943 1942/4253/1950 1969/4254/1984
f 1927/4255/1938 1981/4256/1985 1943/4257/1959
f 2005/4258/1986 1983/4239/1977 1952/4167/1951
f 1914/4206/1932 1960/4259/1971 1989/4260/1987
f 1952/4167/1951 1983/4239/1977 1888/4190/1912
f 1983/4239/1977 1959/4224/1972 1950/4189/1960
f 1922/4191/1935 1959/4224/1972 1945/4173/1952
f 1923/4112/1929 1953/4225/1962 1975/4261/1988
f 1945/4173/1952 1970/4262/1989 1946/4174/1953
f 1946/4174/1953 1970/4262/1989 1966/4263/1978
f 1953/4199/1962 1863/4198/1887 1962/4227/1973
f 1966/4264/1978 1961/4245/1967 1896/4265/1907
f 1937/4157/1946 1913/4103/1927 1917/4115/1930
f 1954/4266/1974 1948/4267/1955 1976/4268/1990
f 1918/4269/1936 1957/4270/1968 1949/4271/1957
f 1963/4272/1975 1919/4273/1909 1979/4274/1991
f 1931/4238/1942 1965/4237/1966 1972/4248/1982
f 1933/4152/1918 1941/4163/1931 1974/4243/1980
f 1958/4215/1969 1934/4217/1943 1969/4275/1984
f 1925/4136/1937 1981/4276/1985 1927/4137/1938
f 1965/4207/1966 1914/4206/1932 1989/4260/1987
f 1926/4277/1939 1935/4278/1944 1998/4279/1992
f 1943/4257/1959 1982/4280/1970 1928/4281/1919
f 1923/4223/1929 1975/4282/1988 1960/4222/1971
f 1959/4224/1972 1970/4262/1989 1945/4173/1952
f 1956/4200/1963 1995/4283/1993 1967/4202/1965
f 1937/4157/1946 1993/4284/1994 1913/4103/1927
f 1893/4192/1902 1995/4283/1993 1956/4200/1963
f 1893/4192/1902 1963/4230/1975 1995/4283/1993
f 1948/4267/1955 1978/4285/1961 1976/4268/1990
f 1913/4103/1927 1977/4286/1995 1968/4242/1979
f 1978/4287/1961 1903/4288/1916 1980/4289/1996
f 1949/4290/1957 1996/4291/1997 1940/4292/1948
f 1929/4234/1947 1987/4293/1998 1941/4163/1931
f 1932/4249/1949 2010/4294/1999 1973/4250/1983
f 1943/4257/1959 1981/4256/1985 1999/4295/2000
f 1983/4239/1977 1990/4296/2001 1959/4224/1972
f 1990/4296/2001 1992/4297/2002 1959/4224/1972
f 1961/4298/1967 1984/4299/2003 1947/4177/1954
f 1947/4177/1954 1984/4299/2003 1962/4300/1973
f 1937/4157/1946 1985/4301/2004 1993/4284/1994
f 1937/4157/1946 1954/4228/1974 1985/4301/2004
f 1903/4076/1916 1971/4302/1981 1980/4303/1996
f 1986/4304/2005 1929/4305/1947 1951/4306/1956
f 1940/4196/1948 1996/4307/1997 1932/4164/1949
f 1939/4185/1958 1972/4248/1982 1997/4308/2006
f 1958/4215/1969 2014/4309/2007 1971/4247/1981
f 1974/4243/1980 1941/4163/1931 2004/4310/2008
f 1925/4251/1937 1988/4311/2009 1981/4312/1985
f 1952/4313/1951 1974/4314/1980 2005/4315/1986
f 1942/4253/1950 1926/4277/1939 1998/4279/1992
f 1982/4280/1970 1943/4257/1959 1999/4295/2000
f 1982/4219/1970 2000/4316/2010 2015/4317/2011
f 1960/4222/1971 1975/4282/1988 1991/4318/2012
f 1992/4297/2002 2001/4319/2013 1959/4224/1972
f 1959/4224/1972 2001/4319/2013 1970/4262/1989
f 1970/4320/1989 2002/4321/2014 1966/4322/1978
f 1954/4266/1974 1994/4323/2015 1985/4324/2004
f 1993/4284/1994 1977/4286/1995 1913/4103/1927
f 1957/4212/1968 1967/4202/1965 2009/4325/2016
f 1963/4230/1975 2003/4326/2017 1995/4283/1993
f 1951/4327/1956 1968/4328/1979 1986/4304/2005
f 1919/4329/1909 1964/4330/1976 1979/4274/1991
f 1939/4185/1958 1997/4308/2006 1964/4331/1976
f 1941/4163/1931 1987/4293/1998 2004/4310/2008
f 1973/4250/1983 1988/4311/2009 1925/4251/1937
f 1942/4253/1950 1998/4279/1992 1969/4254/1984
f 1982/4280/1970 1999/4295/2000 2000/4332/2010
f 1935/4220/1944 1982/4219/1970 2015/4317/2011
f 2006/4333/2018 1992/4297/2002 1990/4296/2001
f 1970/4320/1989 2007/4334/2019 2002/4321/2014
f 2002/4321/2014 2008/4335/2020 1966/4322/1978
f 1966/4322/1978 2008/4335/2020 1961/4336/1967
f 1967/4202/1965 1995/4283/1993 2016/4337/2021
f 1949/4290/1957 2012/4338/2022 1996/4291/1997
f 1996/4307/1997 2010/4339/1999 1932/4164/1949
f 1986/4340/2005 1987/4293/1998 1929/4234/1947
f 2006/4333/2018 2011/4341/2023 1992/4297/2002
f 1992/4297/2002 2011/4341/2023 2001/4319/2013
f 2009/4342/2016 2012/4343/2022 1957/4270/1968
f 1957/4344/1968 2012/4345/2022 1949/4346/1957
f 1964/4330/1976 2013/4347/2024 1979/4274/1991
f 1972/4348/1982 1965/4207/1966 2017/4349/2025
f 1969/4275/1984 2014/4350/2007 1958/4215/1969
f 1935/4220/1944 2015/4317/2011 1998/4351/1992
f 1961/4352/1967 2008/4353/2020 1984/4354/2003
f 1954/4266/1974 1976/4268/1990 1994/4323/2015
f 1995/4283/1993 2003/4326/2017 2016/4337/2021
f 1963/4230/1975 1979/4355/1991 2003/4326/2017
f 1980/4356/1996 1971/4357/1981 2039/4358/2026
f 1997/4359/2006 1972/4348/1982 2017/4349/2025
f 2018/4360/2027 2004/4310/2008 1987/4293/1998
f 1965/4207/1966 1989/4260/1987 2017/4349/2025
f 2020/4361/2028 1960/4362/1971 1991/4363/2012
f 2001/4364/2013 2007/4334/2019 1970/4320/1989
f 2021/4365/2029 1953/4366/1962 1962/4367/1973
f 2022/4368/2030 2008/4335/2020 2002/4321/2014
f 2008/4353/2020 2023/4369/2031 1984/4354/2003
f 2016/4337/2021 2009/4370/2016 1967/4202/1965
f 1976/4268/1990 1978/4285/1961 2044/4371/2032
f 2044/4371/2032 1978/4285/1961 1980/4372/1996
f 2024/4373/2033 2025/4374/2034 1968/4375/1979
f 2024/4373/2033 1968/4375/1979 1977/4376/1995
f 1971/4377/1981 2014/4378/2007 2026/4379/2035
f 2028/4380/2036 2029/4381/2037 1974/4314/1980
f 2029/4381/2037 2005/4315/1986 1974/4314/1980
f 2031/4382/2038 2006/4383/2018 1990/4384/2001
f 2006/4383/2018 2031/4382/2038 2011/4385/2023
f 2031/4382/2038 2032/4386/2039 2011/4385/2023
f 2011/4385/2023 2032/4386/2039 2001/4364/2013
f 2007/4334/2019 2033/4387/2040 2002/4321/2014
f 2033/4387/2040 2022/4368/2030 2002/4321/2014
f 2016/4337/2021 2037/4388/2041 2009/4370/2016
f 2034/4389/2042 2012/4345/2022 2009/4390/2016
f 2010/4294/1999 2027/4391/2043 1973/4250/1983
f 1969/4392/1984 2041/4393/2044 2014/4394/2007
f 1974/4314/1980 2004/4395/2008 2028/4380/2036
f 2005/4315/1986 2029/4381/2037 1983/4396/1977
f 2000/4316/2010 2030/4397/2045 2015/4317/2011
f 1989/4260/1987 1960/4259/1971 2019/4398/2046
f 1983/4396/1977 2043/4399/2047 1990/4400/2001
f 1990/4401/2001 2043/4399/2047 2031/4402/2038
f 2032/4386/2039 2035/4403/2048 2001/4364/2013
f 2007/4334/2019 2001/4364/2013 2035/4403/2048
f 1953/4366/1962 2053/4404/2049 1975/4405/1988
f 1962/4367/1973 1984/4406/2003 2021/4365/2029
f 1994/4323/2015 2036/4407/2050 1985/4324/2004
f 2009/4408/2016 2037/4409/2041 2034/4410/2042
f 1993/4411/1994 1985/4324/2004 1977/4376/1995
f 1977/4376/1995 1985/4324/2004 2024/4373/2033
f 1979/4274/1991 2038/4412/2051 2003/4413/2017
f 1968/4328/1979 2025/4414/2034 1986/4304/2005
f 1996/4291/1997 2045/4415/2052 2010/4416/1999
f 2013/4417/2024 1964/4418/1976 1997/4419/2006
f 2014/4378/2007 2041/4420/2044 2026/4379/2035
f 2019/4398/2046 2017/4349/2025 1989/4260/1987
f 2000/4421/2010 1999/4422/2000 2030/4423/2045
f 2029/4381/2037 2043/4399/2047 1983/4396/1977
f 2016/4337/2021 2003/4326/2017 2037/4388/2041
f 1986/4304/2005 2025/4414/2034 2040/4424/2053
f 2040/4424/2053 1987/4425/1998 1986/4304/2005
f 2045/4415/2052 2027/4426/2043 2010/4416/1999
f 2018/4427/2027 2028/4428/2036 2004/4429/2008
f 1969/4392/1984 2047/4430/2054 2041/4393/2044
f 1969/4392/1984 1998/4431/1992 2047/4430/2054
f 1988/4311/2009 2042/4432/2055 1981/4312/1985
f 2019/4433/2046 1960/4362/1971 2020/4361/2028
f 2032/4386/2039 2049/4434/2056 2035/4403/2048
f 1953/4366/1962 2021/4365/2029 2053/4404/2049
f 1980/4372/1996 2039/4435/2026 2044/4371/2032
f 1979/4436/1991 2013/4417/2024 2050/4437/2057
f 2072/4438/2058 2045/4415/2052 1996/4291/1997
f 2013/4417/2024 1997/4419/2006 2051/4439/2059
f 2040/4440/2053 2018/4360/2027 1987/4293/1998
f 2027/4391/2043 1988/4311/2009 1973/4250/1983
f 2018/4427/2027 2056/4441/2060 2028/4428/2036
f 1981/4442/1985 2042/4443/2055 1999/4422/2000
f 2015/4444/2011 2048/4445/2061 1998/4431/1992
f 2031/4382/2038 2049/4434/2056 2032/4386/2039
f 2035/4403/2048 2058/4446/2062 2007/4334/2019
f 2007/4334/2019 2058/4446/2062 2033/4387/2040
f 2033/4387/2040 2052/4447/2063 2022/4368/2030
f 1994/4323/2015 2054/4448/2064 2036/4407/2050
f 2037/4449/2041 2055/4450/2065 2034/4389/2042
f 2036/4407/2050 2024/4373/2033 1985/4324/2004
f 1979/4274/1991 2050/4451/2057 2038/4412/2051
f 1971/4357/1981 2026/4452/2035 2039/4358/2026
f 2015/4453/2011 2030/4454/2045 2048/4455/2061
f 2017/4349/2025 2019/4398/2046 2046/4456/2066
f 2031/4382/2038 2058/4446/2062 2049/4434/2056
f 2049/4434/2056 2058/4446/2062 2035/4403/2048
f 2058/4446/2062 2052/4447/2063 2033/4387/2040
f 2022/4457/2030 2052/4458/2063 2059/4459/2067
f 2022/4457/2030 2059/4459/2067 2008/4353/2020
f 2023/4460/2031 2021/4365/2029 1984/4406/2003
f 2008/4353/2020 2060/4461/2068 2023/4369/2031
f 1976/4268/1990 2044/4371/2032 1994/4323/2015
f 2034/4389/2042 2061/4462/2069 2012/4345/2022
f 2088/4463/2070 1996/4464/1997 2012/4345/2022
f 2042/4443/2055 2062/4465/2071 1999/4422/2000
f 2047/4430/2054 1998/4431/1992 2068/4466/2072
f 1998/4431/1992 2048/4445/2061 2068/4466/2072
f 2030/4423/2045 1999/4422/2000 2057/4467/2073
f 1975/4468/1988 2053/4469/2049 2063/4470/2074
f 1975/4468/1988 2063/4470/2074 1991/4363/2012
f 2008/4353/2020 2059/4459/2067 2060/4461/2068
f 2034/4389/2042 2055/4450/2065 2084/4471/2075
f 2037/4472/2041 2003/4473/2017 2055/4474/2065
f 2050/4437/2057 2013/4417/2024 2051/4439/2059
f 2026/4379/2035 2041/4420/2044 2064/4475/2076
f 1997/4419/2006 2017/4476/2025 2066/4477/2077
f 2040/4478/2053 2065/4479/2078 2018/4480/2027
f 2090/4481/2079 1988/4311/2009 2027/4391/2043
f 2018/4427/2027 2065/4482/2078 2056/4441/2060
f 2047/4430/2054 2067/4483/2080 2041/4393/2044
f 2017/4349/2025 2046/4456/2066 2066/4484/2077
f 2056/4441/2060 2029/4485/2037 2028/4428/2036
f 2043/4486/2047 2073/4487/2081 2031/4488/2038
f 2052/4458/2063 2069/4489/2082 2059/4459/2067
f 1994/4323/2015 2044/4371/2032 2070/4490/2083
f 2038/4491/2051 2071/4492/2084 2003/4493/2017
f 2061/4462/2069 2088/4463/2070 2012/4345/2022
f 1996/4464/1997 2088/4463/2070 2072/4494/2058
f 2039/4358/2026 2026/4452/2035 2075/4495/2085
f 2041/4393/2044 2067/4483/2080 2064/4496/2076
f 2062/4465/2071 2057/4467/2073 1999/4422/2000
f 2029/4485/2037 2082/4497/2086 2043/4498/2047
f 1991/4363/2012 2063/4470/2074 2020/4361/2028
f 2058/4499/2062 2069/4489/2082 2052/4458/2063
f 2055/4450/2065 2003/4493/2017 2071/4492/2084
f 2044/4500/2032 2039/4501/2026 2070/4502/2083
f 2038/4491/2051 2050/4503/2057 2074/4504/2087
f 2026/4452/2035 2064/4505/2076 2075/4495/2085
f 2045/4506/2052 2090/4481/2079 2027/4391/2043
f 1997/4419/2006 2066/4477/2077 2051/4439/2059
f 2068/4466/2072 2067/4483/2080 2047/4430/2054
f 2029/4485/2037 2056/4441/2060 2082/4497/2086
f 2063/4470/2074 2076/4507/2088 2020/4361/2028
f 2031/4488/2038 2073/4487/2081 2058/4508/2062
f 2021/4365/2029 2077/4509/2089 2053/4404/2049
f 2069/4489/2082 2060/4461/2068 2059/4459/2067
f 2021/4365/2029 2023/4460/2031 2077/4510/2089
f 2070/4502/2083 2079/4511/2090 1994/4512/2015
f 2050/4503/2057 2051/4513/2059 2080/4514/2091
f 1988/4515/2009 2090/4516/2079 2042/4517/2055
f 2056/4518/2060 2065/4479/2078 2092/4519/2092
f 2043/4498/2047 2082/4497/2086 2073/4520/2081
f 2076/4507/2088 2019/4433/2046 2020/4361/2028
f 2083/4521/2093 2069/4489/2082 2058/4499/2062
f 2036/4407/2050 2054/4448/2064 2078/4522/2094
f 1994/4323/2015 2079/4523/2090 2054/4448/2064
f 2034/4389/2042 2084/4471/2075 2061/4462/2069
f 2036/4407/2050 2078/4522/2094 2024/4373/2033
f 2070/4502/2083 2039/4501/2026 2085/4524/2095
f 2038/4491/2051 2074/4504/2087 2071/4492/2084
f 2085/4524/2095 2039/4501/2026 2075/4525/2085
f 2050/4503/2057 2080/4514/2091 2074/4504/2087
f 2040/4526/2053 2025/4374/2034 2081/4527/2096
f 2072/4528/2058 2100/4529/2097 2045/4530/2052
f 2051/4439/2059 2066/4477/2077 2089/4531/2098
f 2093/4532/2099 2030/4454/2045 2057/4533/2073
f 2062/4465/2071 2102/4534/2100 2057/4467/2073
f 2095/4535/2101 2058/4508/2062 2073/4487/2081
f 2063/4536/2074 2053/4537/2049 2077/4538/2089
f 2055/4450/2065 2071/4492/2084 2084/4471/2075
f 2065/4479/2078 2040/4478/2053 2081/4539/2096
f 2056/4441/2060 2092/4540/2092 2082/4497/2086
f 2048/4455/2061 2030/4454/2045 2093/4532/2099
f 2069/4489/2082 2087/4541/2102 2060/4461/2068
f 2023/4369/2031 2060/4461/2068 2096/4542/2103
f 2084/4471/2075 2098/4543/2104 2061/4462/2069
f 2070/4502/2083 2085/4524/2095 2079/4511/2090
f 2051/4513/2059 2089/4544/2098 2080/4514/2091
f 2064/4505/2076 2086/4545/2105 2075/4495/2085
f 2064/4496/2076 2067/4483/2080 2086/4546/2105
f 2090/4516/2079 2091/4547/2106 2042/4517/2055
f 2068/4548/2072 2101/4549/2107 2067/4550/2080
f 2068/4551/2072 2048/4455/2061 2093/4532/2099
f 2058/4508/2062 2095/4535/2101 2083/4552/2093
f 2096/4542/2103 2060/4461/2068 2087/4541/2102
f 2023/4460/2031 2096/4553/2103 2077/4510/2089
f 2079/4511/2090 2097/4554/2108 2054/4555/2064
f 2071/4492/2084 2107/4556/2109 2098/4543/2104
f 2084/4471/2075 2071/4492/2084 2098/4543/2104
f 2078/4522/2094 2099/4557/2110 2024/4373/2033
f 2024/4373/2033 2099/4558/2110 2025/4374/2034
f 2045/4530/2052 2100/4529/2097 2090/4559/2079
f 2091/4547/2106 2109/4560/2111 2042/4517/2055
f 2042/4517/2055 2109/4560/2111 2102/4561/2100
f 2062/4562/2071 2042/4517/2055 2102/4561/2100
f 2103/4563/2112 2046/4564/2066 2076/4507/2088
f 2046/4564/2066 2019/4433/2046 2076/4507/2088
f 2094/4565/2113 2095/4535/2101 2073/4487/2081
f 2083/4566/2093 2087/4567/2102 2069/4568/2082
f 2105/4569/2114 2088/4570/2070 2061/4571/2069
f 2105/4569/2114 2061/4571/2069 2098/4572/2104
f 2078/4522/2094 2054/4573/2064 2099/4557/2110
f 2071/4492/2084 2074/4504/2087 2080/4514/2091
f 2099/4574/2110 2081/4575/2096 2025/4576/2034
f 2081/4539/2096 2120/4577/2115 2065/4479/2078
f 2101/4549/2107 2068/4548/2072 2093/4578/2099
f 2066/4579/2077 2046/4564/2066 2103/4563/2112
f 2083/4566/2093 2106/4580/2116 2087/4567/2102
f 2113/4581/2117 2077/4538/2089 2096/4582/2103
f 2108/4583/2118 2072/4584/2058 2088/4570/2070
f 2146/4585/2119 2089/4586/2098 2066/4587/2077
f 2082/4588/2086 2094/4565/2113 2073/4487/2081
f 2077/4538/2089 2104/4589/2120 2063/4536/2074
f 2111/4590/2121 2112/4591/2122 2087/4567/2102
f 2087/4567/2102 2112/4591/2122 2096/4592/2103
f 2085/4524/2095 2114/4593/2123 2079/4511/2090
f 2088/4570/2070 2105/4569/2114 2108/4583/2118
f 2054/4555/2064 2097/4554/2108 2099/4574/2110
f 2108/4583/2118 2100/4594/2097 2072/4584/2058
f 2080/4514/2091 2118/4595/2124 2071/4492/2084
f 2075/4495/2085 2086/4545/2105 2124/4596/2125
f 2100/4597/2097 2091/4598/2106 2090/4599/2079
f 2067/4600/2080 2101/4601/2107 2086/4602/2105
f 2057/4603/2073 2102/4561/2100 2110/4604/2126
f 2057/4605/2073 2110/4606/2126 2093/4578/2099
f 2079/4511/2090 2117/4607/2127 2097/4554/2108
f 2098/4572/2104 2122/4608/2128 2105/4569/2114
f 2098/4572/2104 2107/4609/2109 2122/4608/2128
f 2085/4610/2095 2075/4611/2085 2114/4612/2123
f 2071/4613/2084 2118/4614/2124 2107/4609/2109
f 2118/4614/2124 2080/4615/2091 2119/4616/2129
f 2080/4615/2091 2089/4617/2098 2119/4616/2129
f 2120/4577/2115 2092/4519/2092 2065/4479/2078
f 2092/4519/2092 2115/4618/2130 2082/4619/2086
f 2076/4620/2088 2063/4621/2074 2116/4622/2131
f 2087/4567/2102 2106/4580/2116 2111/4590/2121
f 2112/4623/2122 2111/4624/2121 2121/4625/2132
f 2077/4538/2089 2113/4581/2117 2104/4589/2120
f 2096/4582/2103 2112/4623/2122 2113/4581/2117
f 2108/4583/2118 2123/4626/2133 2100/4594/2097
f 2132/4627/2134 2081/4575/2096 2099/4574/2110
f 2086/4602/2105 2101/4601/2107 2134/4628/2135
f 2102/4629/2100 2109/4630/2111 2133/4631/2136
f 2093/4578/2099 2127/4632/2137 2101/4549/2107
f 2110/4606/2126 2127/4632/2137 2093/4578/2099
f 2102/4561/2100 2128/4633/2138 2110/4604/2126
f 2066/4587/2077 2103/4634/2112 2146/4585/2119
f 2063/4621/2074 2104/4635/2120 2116/4622/2131
f 2125/4636/2139 2106/4580/2116 2083/4566/2093
f 2095/4637/2101 2125/4636/2139 2083/4566/2093
f 2112/4623/2122 2121/4625/2132 2113/4581/2117
f 2114/4612/2123 2117/4638/2127 2079/4639/2090
f 2108/4583/2118 2105/4569/2114 2150/4640/2140
f 2105/4569/2114 2122/4608/2128 2150/4640/2140
f 2097/4554/2108 2132/4627/2134 2099/4574/2110
f 2089/4617/2098 2146/4641/2119 2119/4616/2129
f 2092/4519/2092 2136/4642/2141 2115/4618/2130
f 2082/4588/2086 2115/4643/2130 2094/4565/2113
f 2076/4507/2088 2116/4644/2131 2137/4645/2142
f 2111/4590/2121 2106/4580/2116 2121/4646/2132
f 2117/4607/2127 2131/4647/2143 2097/4554/2108
f 2122/4608/2128 2141/4648/2144 2150/4640/2140
f 2126/4649/2145 2132/4627/2134 2097/4554/2108
f 2107/4609/2109 2118/4614/2124 2141/4648/2144
f 2075/4611/2085 2124/4650/2125 2114/4612/2123
f 2081/4575/2096 2132/4627/2134 2120/4651/2115
f 2091/4598/2106 2133/4652/2136 2109/4653/2111
f 2101/4654/2107 2147/4655/2146 2134/4656/2135
f 2147/4655/2146 2101/4654/2107 2127/4657/2137
f 2120/4577/2115 2135/4658/2147 2092/4519/2092
f 2103/4634/2112 2076/4659/2088 2137/4660/2142
f 2094/4565/2113 2129/4661/2148 2095/4535/2101
f 2106/4662/2116 2130/4663/2149 2121/4664/2132
f 2121/4625/2132 2130/4665/2149 2113/4581/2117
f 2113/4666/2117 2139/4667/2150 2104/4635/2120
f 2097/4554/2108 2131/4647/2143 2126/4649/2145
f 2114/4612/2123 2145/4668/2151 2140/4669/2152
f 2124/4650/2125 2145/4668/2151 2114/4612/2123
f 2107/4609/2109 2141/4648/2144 2122/4608/2128
f 2142/4670/2153 2091/4671/2106 2100/4672/2097
f 2133/4673/2136 2091/4671/2106 2151/4674/2154
f 2133/4631/2136 2128/4675/2138 2102/4629/2100
f 2135/4658/2147 2136/4642/2141 2092/4519/2092
f 2154/4676/2155 2094/4565/2113 2115/4643/2130
f 2129/4677/2148 2125/4636/2139 2095/4637/2101
f 2144/4678/2156 2139/4667/2150 2130/4663/2149
f 2104/4635/2120 2139/4667/2150 2138/4679/2157
f 2113/4666/2117 2130/4663/2149 2139/4667/2150
f 2140/4669/2152 2117/4638/2127 2114/4612/2123
f 2131/4647/2143 2132/4627/2134 2126/4649/2145
f 2123/4680/2133 2142/4670/2153 2100/4672/2097
f 2091/4671/2106 2142/4670/2153 2151/4674/2154
f 2157/4681/2158 2086/4682/2105 2134/4683/2135
f 2120/4684/2115 2132/4685/2134 2135/4686/2147
f 2110/4687/2126 2128/4688/2138 2127/4689/2137
f 2103/4634/2112 2137/4660/2142 2153/4690/2159
f 2094/4691/2113 2154/4692/2155 2129/4693/2148
f 2116/4622/2131 2104/4635/2120 2143/4694/2160
f 2140/4669/2152 2148/4695/2161 2117/4638/2127
f 2123/4626/2133 2150/4640/2140 2156/4696/2162
f 2108/4583/2118 2150/4640/2140 2123/4626/2133
f 2123/4680/2133 2149/4697/2163 2142/4670/2153
f 2157/4681/2158 2145/4698/2151 2124/4699/2125
f 2124/4699/2125 2086/4682/2105 2157/4681/2158
f 2146/4585/2119 2103/4634/2112 2153/4690/2159
f 2181/4700/2164 2115/4618/2130 2136/4642/2141
f 2143/4694/2160 2137/4701/2142 2116/4622/2131
f 2155/4702/2165 2160/4703/2166 2130/4663/2149
f 2139/4667/2150 2144/4678/2156 2160/4703/2166
f 2162/4704/2167 2143/4694/2160 2104/4635/2120
f 2155/4702/2165 2130/4663/2149 2106/4662/2116
f 2144/4678/2156 2130/4663/2149 2160/4703/2166
f 2138/4679/2157 2162/4704/2167 2104/4635/2120
f 2148/4695/2161 2140/4669/2152 2163/4705/2168
f 2163/4706/2168 2140/4707/2152 2145/4698/2151
f 2149/4697/2163 2123/4680/2133 2156/4708/2162
f 2141/4648/2144 2118/4614/2124 2152/4709/2169
f 2152/4709/2169 2118/4614/2124 2119/4616/2129
f 2158/4710/2170 2134/4711/2135 2147/4655/2146
f 2160/4703/2166 2161/4712/2171 2162/4704/2167
f 2160/4703/2166 2162/4704/2167 2138/4679/2157
f 2159/4713/2172 2143/4694/2160 2162/4704/2167
f 2155/4702/2165 2106/4662/2116 2187/4714/2173
f 2160/4703/2166 2138/4679/2157 2139/4667/2150
f 2163/4706/2168 2145/4698/2151 2157/4681/2158
f 2150/4640/2140 2141/4648/2144 2168/4715/2174
f 2133/4673/2136 2151/4674/2154 2164/4716/2175
f 2141/4648/2144 2152/4709/2169 2168/4715/2174
f 2157/4681/2158 2134/4683/2135 2170/4717/2176
f 2170/4717/2176 2134/4683/2135 2158/4718/2170
f 2135/4686/2147 2132/4685/2134 2169/4719/2177
f 2133/4720/2136 2178/4721/2178 2128/4722/2138
f 2127/4689/2137 2165/4723/2179 2147/4655/2146
f 2119/4616/2129 2146/4641/2119 2152/4709/2169
f 2137/4724/2142 2143/4725/2160 2166/4726/2180
f 2172/4727/2181 2159/4713/2172 2161/4712/2171
f 2143/4694/2160 2159/4713/2172 2173/4728/2182
f 2161/4712/2171 2159/4713/2172 2162/4704/2167
f 2150/4640/2140 2168/4715/2174 2156/4696/2162
f 2131/4729/2143 2169/4719/2177 2132/4685/2134
f 2189/4730/2183 2158/4731/2170 2147/4732/2146
f 2164/4733/2175 2178/4721/2178 2133/4720/2136
f 2127/4734/2137 2128/4735/2138 2165/4736/2179
f 2146/4585/2119 2153/4690/2159 2179/4737/2184
f 2152/4738/2169 2146/4585/2119 2179/4737/2184
f 2115/4618/2130 2181/4700/2164 2154/4739/2155
f 2171/4740/2185 2173/4741/2182 2172/4742/2181
f 2166/4726/2180 2173/4743/2182 2171/4744/2185
f 2143/4725/2160 2173/4743/2182 2166/4726/2180
f 2129/4693/2148 2167/4745/2186 2125/4746/2139
f 2161/4712/2171 2160/4703/2166 2155/4702/2165
f 2173/4728/2182 2159/4713/2172 2172/4727/2181
f 2106/4747/2116 2125/4746/2139 2187/4748/2173
f 2163/4706/2168 2174/4749/2187 2148/4750/2161
f 2157/4681/2158 2175/4751/2188 2163/4706/2168
f 2157/4681/2158 2170/4717/2176 2175/4751/2188
f 2151/4674/2154 2142/4670/2153 2176/4752/2189
f 2151/4674/2154 2176/4752/2189 2164/4716/2175
f 2131/4729/2143 2117/4638/2127 2169/4719/2177
f 2175/4751/2188 2170/4717/2176 2158/4718/2170
f 2180/4753/2190 2136/4642/2141 2135/4658/2147
f 2137/4724/2142 2183/4754/2191 2182/4755/2192
f 2137/4724/2142 2182/4755/2192 2153/4756/2159
f 2184/4757/2193 2185/4758/2194 2186/4759/2195
f 2185/4758/2194 2166/4726/2180 2186/4759/2195
f 2137/4724/2142 2185/4758/2194 2183/4754/2191
f 2171/4744/2185 2186/4759/2195 2166/4726/2180
f 2166/4726/2180 2185/4758/2194 2137/4724/2142
f 2172/4727/2181 2161/4712/2171 2155/4702/2165
f 2175/4751/2188 2158/4718/2170 2188/4760/2196
f 2188/4761/2196 2158/4731/2170 2189/4730/2183
f 2178/4721/2178 2164/4733/2175 2190/4762/2197
f 2165/4736/2179 2189/4730/2183 2147/4732/2146
f 2203/4763/2198 2128/4764/2138 2178/4721/2178
f 2169/4719/2177 2180/4765/2190 2135/4686/2147
f 2152/4709/2169 2179/4766/2184 2192/4767/2199
f 2180/4753/2190 2181/4700/2164 2136/4642/2141
f 2193/4768/2200 2183/4754/2191 2194/4769/2201
f 2194/4769/2201 2183/4754/2191 2184/4757/2193
f 2185/4758/2194 2184/4757/2193 2183/4754/2191
f 2186/4759/2195 2171/4744/2185 2184/4757/2193
f 2129/4770/2148 2154/4771/2155 2201/4772/2202
f 2201/4773/2202 2167/4745/2186 2129/4693/2148
f 2167/4745/2186 2187/4748/2173 2125/4746/2139
f 2187/4714/2173 2195/4774/2203 2155/4702/2165
f 2164/4716/2175 2176/4752/2189 2177/4775/2204
f 2142/4670/2153 2204/4776/2205 2176/4752/2189
f 2149/4697/2163 2204/4776/2205 2142/4670/2153
f 2149/4697/2163 2196/4777/2206 2204/4776/2205
f 2149/4697/2163 2156/4708/2162 2196/4777/2206
f 2177/4778/2204 2190/4762/2197 2164/4733/2175
f 2128/4735/2138 2203/4779/2198 2165/4736/2179
f 2152/4709/2169 2191/4780/2207 2168/4715/2174
f 2152/4781/2169 2192/4782/2199 2191/4783/2207
f 2192/4782/2199 2179/4784/2184 2197/4785/2208
f 2197/4785/2208 2179/4784/2184 2153/4786/2159
f 2197/4785/2208 2153/4786/2159 2198/4787/2209
f 2198/4788/2209 2182/4755/2192 2193/4768/2200
f 2153/4756/2159 2182/4755/2192 2198/4788/2209
f 2193/4768/2200 2182/4755/2192 2183/4754/2191
f 2181/4789/2164 2199/4790/2210 2154/4771/2155
f 2199/4790/2210 2201/4772/2202 2154/4771/2155
f 2171/4744/2185 2200/4791/2211 2194/4769/2201
f 2184/4757/2193 2171/4744/2185 2194/4769/2201
f 2171/4740/2185 2172/4742/2181 2200/4792/2211
f 2172/4742/2181 2155/4793/2165 2200/4792/2211
f 2167/4745/2186 2201/4773/2202 2214/4794/2212
f 2187/4748/2173 2167/4745/2186 2205/4795/2213
f 2187/4748/2173 2205/4795/2213 2195/4796/2203
f 2163/4706/2168 2208/4797/2214 2174/4749/2187
f 2163/4706/2168 2175/4751/2188 2208/4797/2214
f 2203/4779/2198 2202/4798/2215 2165/4736/2179
f 2117/4638/2127 2148/4695/2161 2169/4719/2177
f 2180/4799/2190 2199/4800/2210 2181/4801/2164
f 2188/4761/2196 2189/4730/2183 2175/4802/2188
f 2190/4762/2197 2177/4778/2204 2178/4721/2178
f 2156/4708/2162 2213/4803/2216 2196/4777/2206
f 2168/4804/2174 2213/4803/2216 2156/4708/2162
f 2168/4804/2174 2191/4783/2207 2213/4803/2216
f 2169/4805/2177 2209/4806/2217 2180/4799/2190
f 2192/4782/2199 2206/4807/2218 2191/4783/2207
f 2192/4782/2199 2197/4785/2208 2206/4807/2218
f 2197/4785/2208 2198/4787/2209 2206/4807/2218
f 2193/4808/2200 2206/4807/2218 2198/4787/2209
f 2193/4768/2200 2200/4791/2211 2206/4809/2218
f 2194/4769/2201 2200/4791/2211 2193/4768/2200
f 2200/4792/2211 2155/4793/2165 2207/4810/2219
f 2214/4811/2212 2205/4795/2213 2167/4745/2186
f 2175/4802/2188 2189/4730/2183 2211/4812/2220
f 2178/4813/2178 2202/4798/2215 2203/4779/2198
f 2177/4775/2204 2176/4752/2189 2212/4814/2221
f 2174/4749/2187 2169/4805/2177 2148/4750/2161
f 2174/4749/2187 2209/4806/2217 2169/4805/2177
f 2207/4810/2219 2155/4793/2165 2215/4815/2222
f 2214/4811/2212 2222/4816/2223 2205/4795/2213
f 2215/4815/2222 2155/4793/2165 2216/4817/2224
f 2195/4818/2203 2205/4819/2213 2216/4817/2224
f 2195/4818/2203 2216/4817/2224 2155/4793/2165
f 2208/4797/2214 2210/4820/2225 2174/4749/2187
f 2176/4752/2189 2204/4776/2205 2212/4814/2221
f 2196/4777/2206 2213/4803/2216 2204/4776/2205
f 2174/4749/2187 2210/4820/2225 2209/4806/2217
f 2209/4806/2217 2199/4800/2210 2180/4799/2190
f 2206/4807/2218 2224/4821/2226 2213/4803/2216
f 2191/4783/2207 2206/4807/2218 2213/4803/2216
f 2200/4822/2211 2226/4823/2227 2206/4807/2218
f 2230/4824/2228 2214/4825/2212 2199/4790/2210
f 2214/4825/2212 2201/4826/2202 2199/4790/2210
f 2211/4827/2220 2208/4797/2214 2175/4751/2188
f 2165/4736/2179 2202/4798/2215 2217/4828/2229
f 2178/4721/2178 2218/4829/2230 2202/4830/2215
f 2178/4721/2178 2177/4778/2204 2218/4829/2230
f 2212/4831/2221 2220/4832/2231 2177/4778/2204
f 2204/4776/2205 2213/4803/2216 2212/4814/2221
f 2225/4833/2232 2199/4800/2210 2209/4806/2217
f 2224/4821/2226 2206/4807/2218 2226/4823/2227
f 2221/4834/2233 2222/4835/2223 2214/4836/2212
f 2208/4797/2214 2211/4827/2220 2223/4837/2234
f 2189/4730/2183 2217/4828/2229 2211/4812/2220
f 2165/4736/2179 2217/4828/2229 2189/4730/2183
f 2202/4798/2215 2218/4838/2230 2217/4828/2229
f 2177/4778/2204 2219/4839/2235 2218/4829/2230
f 2220/4832/2231 2219/4839/2235 2177/4778/2204
f 2212/4814/2221 2224/4821/2226 2220/4840/2231
f 2210/4820/2225 2225/4833/2232 2209/4806/2217
f 2208/4797/2214 2225/4833/2232 2210/4820/2225
f 2213/4803/2216 2224/4821/2226 2212/4814/2221
f 2225/4833/2232 2230/4841/2228 2199/4800/2210
f 2207/4810/2219 2215/4815/2222 2233/4842/2236
f 2221/4834/2233 2228/4843/2237 2222/4835/2223
f 2227/4844/2238 2215/4845/2222 2228/4846/2237
f 2228/4843/2237 2216/4847/2224 2222/4835/2223
f 2215/4815/2222 2216/4817/2224 2228/4848/2237
f 2222/4835/2223 2216/4847/2224 2205/4849/2213
f 2217/4828/2229 2229/4850/2239 2211/4812/2220
f 2232/4851/2240 2226/4852/2227 2207/4853/2219
f 2200/4854/2211 2207/4853/2219 2226/4852/2227
f 2230/4855/2228 2221/4856/2233 2214/4857/2212
f 2233/4858/2236 2227/4844/2238 2221/4856/2233
f 2227/4859/2238 2233/4842/2236 2215/4815/2222
f 2227/4860/2238 2228/4843/2237 2221/4834/2233
f 2219/4839/2235 2231/4861/2241 2218/4829/2230
f 2208/4797/2214 2223/4837/2234 2225/4833/2232
f 2224/4862/2226 2226/4852/2227 2235/4863/2242
f 2234/4864/2243 2230/4841/2228 2225/4833/2232
f 2235/4863/2242 2226/4852/2227 2232/4851/2240
f 2207/4853/2219 2233/4865/2236 2232/4851/2240
f 2230/4855/2228 2236/4866/2244 2221/4856/2233
f 2233/4858/2236 2221/4856/2233 2236/4866/2244
f 2211/4812/2220 2234/4867/2243 2223/4868/2234
f 2219/4839/2235 2220/4832/2231 2235/4863/2242
f 2224/4869/2226 2235/4863/2242 2220/4832/2231
f 2223/4837/2234 2234/4870/2243 2225/4833/2232
f 2229/4850/2239 2236/4866/2244 2211/4812/2220
f 2219/4839/2235 2235/4863/2242 2231/4861/2241
f 2211/4812/2220 2236/4866/2244 2234/4867/2243
f 2231/4861/2241 2235/4863/2242 2232/4851/2240
f 2230/4855/2228 2234/4867/2243 2236/4866/2244
f 2232/4851/2240 2233/4865/2236 2237/4871/2245
f 2217/4828/2229 2236/4866/2244 2229/4850/2239
f 2217/4828/2229 2237/4872/2245 2236/4866/2244
f 2218/4838/2230 2237/4872/2245 2217/4828/2229
f 2218/4829/2230 2232/4851/2240 2237/4871/2245
f 2231/4861/2241 2232/4851/2240 2218/4829/2230
f 2233/4858/2236 2236/4866/2244 2237/4872/2245
