# Blender 5.1.0
# www.blender.org
mtllib amazon.mtl
o amazon_flecha
v 12.814554 139.358734 -42.813068
v 12.901312 139.576035 -42.811825
v 12.999492 139.826233 -42.810394
v 13.104080 140.101273 -42.808823
v 13.210066 140.393036 -42.807152
v 13.312437 140.693466 -42.805435
v 13.406179 140.994446 -42.803715
v 13.486282 141.287918 -42.802036
v 13.547731 141.565796 -42.800446
v 13.585516 141.819977 -42.798992
v 13.594624 142.042389 -42.797722
v 13.570042 142.224945 -42.796677
v 13.506756 142.359558 -42.795906
v 13.392071 142.453796 -42.795368
v 13.221645 142.523376 -42.794971
v 13.004492 142.571045 -42.794697
v 12.749622 142.599518 -42.794537
v 12.466048 142.611496 -42.794468
v 12.162781 142.609711 -42.794476
v 11.848831 142.596878 -42.794552
v 11.533210 142.575714 -42.794670
v 11.224930 142.548935 -42.794827
v 10.933002 142.519257 -42.794994
v 10.666437 142.489395 -42.795166
v 10.434246 142.462082 -42.795322
v 10.374252 142.459351 -42.795338
v 10.323564 142.466202 -42.795300
v 10.282365 142.481491 -42.795212
v 10.250843 142.504150 -42.795082
v 10.229181 142.533051 -42.794914
v 10.217564 142.567078 -42.794720
v 10.216177 142.605133 -42.794502
v 10.225205 142.646103 -42.794270
v 10.244834 142.688889 -42.794025
v 10.275248 142.732376 -42.793777
v 10.316630 142.775436 -42.793530
v 10.369167 142.816986 -42.793293
v 10.763613 143.054016 -42.791935
v 11.187318 143.238754 -42.790878
v 11.629360 143.375793 -42.790096
v 12.078819 143.469666 -42.789558
v 12.524773 143.524963 -42.789242
v 12.956298 143.546249 -42.789120
v 13.362474 143.538071 -42.789169
v 13.732378 143.505005 -42.789356
v 14.055090 143.451630 -42.789661
v 14.319687 143.382507 -42.790058
v 14.515245 143.302185 -42.790516
v 14.630846 143.215256 -42.791016
v 14.689037 143.083893 -42.791767
v 14.718721 142.876144 -42.792953
v 14.718512 142.603867 -42.794510
v 14.687014 142.278870 -42.796368
v 14.622841 141.913025 -42.798462
v 14.524601 141.518173 -42.800720
v 14.390904 141.106140 -42.803074
v 14.220362 140.688782 -42.805462
v 14.011581 140.277939 -42.807812
v 13.763176 139.885468 -42.810055
v 13.473751 139.523193 -42.812126
v 13.141921 139.202972 -42.813957
v 13.088064 139.163345 -42.814186
v 13.035639 139.134827 -42.814350
v 12.985663 139.116959 -42.814449
v 12.939161 139.109283 -42.814495
v 12.897150 139.111328 -42.814484
v 12.860651 139.122620 -42.814419
v 12.830685 139.142715 -42.814304
v 12.808272 139.171127 -42.814140
v 12.794432 139.207413 -42.813934
v 12.790186 139.251083 -42.813683
v 12.796553 139.301666 -42.813396
v 12.029663 141.722733 -42.799549
v 12.139140 141.756561 -42.799355
v 12.243022 141.765335 -42.799305
v 12.338757 141.751938 -42.799381
v 12.423787 141.719223 -42.799568
v 12.495562 141.670090 -42.799850
v 12.551526 141.607391 -42.800209
v 12.589124 141.534012 -42.800629
v 12.605803 141.452835 -42.801094
v 12.599010 141.366730 -42.801586
v 12.566189 141.278564 -42.802090
v 12.504786 141.191223 -42.802589
v 12.412248 141.107574 -42.803066
v 11.730404 140.641495 -42.805733
v 11.005209 140.213547 -42.808182
v 10.242613 139.824234 -42.810406
v 9.448566 139.473969 -42.812408
v 8.629020 139.163223 -42.814186
v 7.789924 138.892441 -42.815735
v 6.937228 138.662079 -42.817051
v 6.076884 138.472595 -42.818134
v 5.214842 138.324432 -42.818985
v 4.357052 138.218033 -42.819592
v 3.509465 138.153870 -42.819958
v 2.678030 138.132385 -42.820080
v 1.536223 138.167542 -42.819881
v 0.415473 138.271683 -42.819286
v -0.682312 138.442825 -42.818306
v -1.755219 138.678955 -42.816956
v -2.801339 138.978119 -42.815247
v -3.818761 139.338287 -42.813187
v -4.805574 139.757477 -42.810787
v -5.759869 140.233704 -42.808064
v -6.679733 140.764984 -42.805027
v -7.563258 141.349304 -42.801685
v -8.408533 141.984680 -42.798050
v -9.213646 142.669113 -42.794136
v -9.265764 142.726181 -42.793812
v -9.299770 142.784668 -42.793476
v -9.317030 142.842651 -42.793144
v -9.318901 142.898193 -42.792828
v -9.306747 142.949356 -42.792534
v -9.281933 142.994186 -42.792278
v -9.245821 143.030777 -42.792068
v -9.199772 143.057159 -42.791920
v -9.145151 143.071426 -42.791836
v -9.083319 143.071609 -42.791836
v -9.015638 143.055801 -42.791927
v -8.943472 143.022034 -42.792118
v -8.080657 142.546204 -42.794842
v -7.186782 142.104446 -42.797367
v -6.264146 141.698181 -42.799690
v -5.315052 141.328766 -42.801804
v -4.341800 140.997620 -42.803696
v -3.346690 140.706100 -42.805363
v -2.332025 140.455627 -42.806797
v -1.300102 140.247574 -42.807987
v -0.253225 140.083344 -42.808926
v 0.806304 139.964310 -42.809605
v 1.876189 139.891876 -42.810020
v 2.954124 139.867416 -42.810158
v 3.689065 139.880020 -42.810089
v 4.434256 139.917908 -42.809872
v 5.187788 139.981247 -42.809509
v 5.947749 140.070206 -42.808998
v 6.712230 140.184937 -42.808342
v 7.479321 140.325577 -42.807541
v 8.247108 140.492310 -42.806587
v 9.013685 140.685287 -42.805481
v 9.777140 140.904663 -42.804230
v 10.535561 141.150589 -42.802822
v 11.287039 141.423218 -42.801262
v 12.814554 139.377197 -46.041290
v 12.901312 139.594498 -46.040047
v 12.999492 139.844696 -46.038616
v 13.104080 140.119736 -46.037045
v 13.210066 140.411499 -46.035374
v 13.312437 140.711914 -46.033657
v 13.406179 141.012909 -46.031937
v 13.486282 141.306381 -46.030258
v 13.547731 141.584259 -46.028667
v 13.585516 141.838440 -46.027214
v 13.594624 142.060852 -46.025944
v 13.570042 142.243408 -46.024899
v 13.506756 142.378021 -46.024128
v 13.392071 142.472260 -46.023590
v 13.221645 142.541840 -46.023193
v 13.004492 142.589508 -46.022919
v 12.749622 142.617981 -46.022758
v 12.466048 142.629959 -46.022690
v 12.162781 142.628174 -46.022697
v 11.848831 142.615341 -46.022774
v 11.533210 142.594177 -46.022892
v 11.224930 142.567398 -46.023045
v 10.933002 142.537720 -46.023216
v 10.666437 142.507858 -46.023388
v 10.434246 142.480545 -46.023544
v 10.374252 142.477814 -46.023560
v 10.323564 142.484650 -46.023518
v 10.282365 142.499954 -46.023434
v 10.250843 142.522614 -46.023304
v 10.229181 142.551514 -46.023136
v 10.217564 142.585541 -46.022942
v 10.216177 142.623596 -46.022724
v 10.225205 142.664566 -46.022491
v 10.244834 142.707352 -46.022247
v 10.275248 142.750824 -46.021996
v 10.316630 142.793900 -46.021751
v 10.369167 142.835449 -46.021515
v 10.763613 143.072479 -46.020157
v 11.187318 143.257217 -46.019100
v 11.629360 143.394257 -46.018318
v 12.078819 143.488129 -46.017780
v 12.524773 143.543427 -46.017464
v 12.956298 143.564697 -46.017342
v 13.362474 143.556534 -46.017391
v 13.732378 143.523468 -46.017578
v 14.055090 143.470093 -46.017883
v 14.319687 143.400970 -46.018280
v 14.515245 143.320648 -46.018738
v 14.630846 143.233719 -46.019238
v 14.689037 143.102356 -46.019985
v 14.718721 142.894608 -46.021175
v 14.718512 142.622330 -46.022732
v 14.687014 142.297333 -46.024590
v 14.622841 141.931488 -46.026684
v 14.524601 141.536621 -46.028942
v 14.390904 141.124603 -46.031296
v 14.220362 140.707245 -46.033684
v 14.011581 140.296402 -46.036034
v 13.763176 139.903931 -46.038277
v 13.473751 139.541656 -46.040348
v 13.141921 139.221436 -46.042179
v 13.088064 139.181793 -46.042408
v 13.035639 139.153290 -46.042572
v 12.985663 139.135422 -46.042671
v 12.939161 139.127747 -46.042717
v 12.897150 139.129791 -46.042706
v 12.860651 139.141083 -46.042641
v 12.830685 139.161179 -46.042526
v 12.808272 139.189590 -46.042362
v 12.794432 139.225876 -46.042156
v 12.790186 139.269531 -46.041904
v 12.796553 139.320129 -46.041615
v 12.029663 141.741196 -46.027771
v 12.139140 141.775024 -46.027576
v 12.243022 141.783798 -46.027527
v 12.338757 141.770401 -46.027603
v 12.423787 141.737686 -46.027790
v 12.495562 141.688553 -46.028072
v 12.551526 141.625854 -46.028431
v 12.589124 141.552475 -46.028851
v 12.605803 141.471298 -46.029316
v 12.599010 141.385193 -46.029808
v 12.566189 141.297028 -46.030312
v 12.504786 141.209686 -46.030811
v 12.412248 141.126038 -46.031288
v 11.730404 140.659943 -46.033955
v 11.005209 140.232010 -46.036400
v 10.242613 139.842697 -46.038628
v 9.448566 139.492432 -46.040630
v 8.629020 139.181686 -46.042408
v 7.789924 138.910904 -46.043957
v 6.937228 138.680542 -46.045273
v 6.076884 138.491058 -46.046356
v 5.214842 138.342896 -46.047203
v 4.357052 138.236496 -46.047813
v 3.509465 138.172333 -46.048180
v 2.678030 138.150833 -46.048302
v 1.536223 138.185989 -46.048103
v 0.415473 138.290146 -46.047504
v -0.682312 138.461273 -46.046528
v -1.755219 138.697418 -46.045177
v -2.801339 138.996567 -46.043465
v -3.818761 139.356735 -46.041409
v -4.805574 139.775940 -46.039009
v -5.759869 140.252167 -46.036285
v -6.679733 140.783432 -46.033249
v -7.563258 141.367752 -46.029907
v -8.408533 142.003143 -46.026272
v -9.213646 142.687576 -46.022358
v -9.265764 142.744644 -46.022034
v -9.299770 142.803131 -46.021698
v -9.317030 142.861115 -46.021366
v -9.318901 142.916656 -46.021049
v -9.306747 142.967819 -46.020756
v -9.281933 143.012650 -46.020500
v -9.245821 143.049240 -46.020290
v -9.199772 143.075623 -46.020142
v -9.145151 143.089890 -46.020058
v -9.083319 143.090073 -46.020058
v -9.015638 143.074265 -46.020149
v -8.943472 143.040497 -46.020340
v -8.080657 142.564667 -46.023064
v -7.186782 142.122910 -46.025589
v -6.264146 141.716644 -46.027912
v -5.315052 141.347229 -46.030025
v -4.341800 141.016083 -46.031918
v -3.346690 140.724564 -46.033585
v -2.332025 140.474091 -46.035019
v -1.300102 140.266037 -46.036205
v -0.253225 140.101807 -46.037148
v 0.806304 139.982773 -46.037827
v 1.876189 139.910339 -46.038242
v 2.954124 139.885880 -46.038380
v 3.689065 139.898483 -46.038307
v 4.434256 139.936371 -46.038094
v 5.187788 139.999710 -46.037731
v 5.947749 140.088669 -46.037220
v 6.712230 140.203384 -46.036564
v 7.479321 140.344040 -46.035759
v 8.247108 140.510773 -46.034809
v 9.013685 140.703751 -46.033703
v 9.777140 140.923111 -46.032448
v 10.535561 141.169037 -46.031044
v 11.287039 141.441681 -46.029484
v 12.814554 139.377197 -46.041290
v 12.814554 139.358734 -42.813068
v 12.901312 139.594498 -46.040047
v 12.901312 139.576035 -42.811825
v 12.999492 139.844696 -46.038616
v 12.999492 139.826233 -42.810394
v 13.104080 140.119736 -46.037045
v 13.104080 140.101273 -42.808823
v 13.210066 140.411499 -46.035374
v 13.210066 140.393036 -42.807152
v 13.312437 140.711914 -46.033657
v 13.312437 140.693466 -42.805435
v 13.406179 141.012909 -46.031937
v 13.406179 140.994446 -42.803715
v 13.486282 141.306381 -46.030258
v 13.486282 141.287918 -42.802036
v 13.547731 141.584259 -46.028667
v 13.547731 141.565796 -42.800446
v 13.585516 141.838440 -46.027214
v 13.585516 141.819977 -42.798992
v 13.594624 142.060852 -46.025944
v 13.594624 142.042389 -42.797722
v 13.570042 142.243408 -46.024899
v 13.570042 142.224945 -42.796677
v 13.506756 142.378021 -46.024128
v 13.506756 142.359558 -42.795906
v 13.392071 142.472260 -46.023590
v 13.392071 142.453796 -42.795368
v 13.221645 142.541840 -46.023193
v 13.221645 142.523376 -42.794971
v 13.004492 142.589508 -46.022919
v 13.004492 142.571045 -42.794697
v 12.749622 142.617981 -46.022758
v 12.749622 142.599518 -42.794537
v 12.466048 142.629959 -46.022690
v 12.466048 142.611496 -42.794468
v 12.162781 142.628174 -46.022697
v 12.162781 142.609711 -42.794476
v 11.848831 142.615341 -46.022774
v 11.848831 142.596878 -42.794552
v 11.533210 142.594177 -46.022892
v 11.533210 142.575714 -42.794670
v 11.224930 142.567398 -46.023045
v 11.224930 142.548935 -42.794827
v 10.933002 142.537720 -46.023216
v 10.933002 142.519257 -42.794994
v 10.666437 142.507858 -46.023388
v 10.666437 142.489395 -42.795166
v 10.434246 142.480545 -46.023544
v 10.434246 142.462082 -42.795322
v 10.374252 142.477814 -46.023560
v 10.374252 142.459351 -42.795338
v 10.323564 142.484650 -46.023518
v 10.323564 142.466202 -42.795300
v 10.282365 142.499954 -46.023434
v 10.282365 142.481491 -42.795212
v 10.250843 142.522614 -46.023304
v 10.250843 142.504150 -42.795082
v 10.229181 142.551514 -46.023136
v 10.229181 142.533051 -42.794914
v 10.217564 142.585541 -46.022942
v 10.217564 142.567078 -42.794720
v 10.216177 142.623596 -46.022724
v 10.216177 142.605133 -42.794502
v 10.225205 142.664566 -46.022491
v 10.225205 142.646103 -42.794270
v 10.244834 142.707352 -46.022247
v 10.244834 142.688889 -42.794025
v 10.275248 142.750824 -46.021996
v 10.275248 142.732376 -42.793777
v 10.316630 142.793900 -46.021751
v 10.316630 142.775436 -42.793530
v 10.369167 142.835449 -46.021515
v 10.369167 142.816986 -42.793293
v 10.763613 143.072479 -46.020157
v 10.763613 143.054016 -42.791935
v 11.187318 143.257217 -46.019100
v 11.187318 143.238754 -42.790878
v 11.629360 143.394257 -46.018318
v 11.629360 143.375793 -42.790096
v 12.078819 143.488129 -46.017780
v 12.078819 143.469666 -42.789558
v 12.524773 143.543427 -46.017464
v 12.524773 143.524963 -42.789242
v 12.956298 143.564697 -46.017342
v 12.956298 143.546249 -42.789120
v 13.362474 143.556534 -46.017391
v 13.362474 143.538071 -42.789169
v 13.732378 143.523468 -46.017578
v 13.732378 143.505005 -42.789356
v 14.055090 143.470093 -46.017883
v 14.055090 143.451630 -42.789661
v 14.319687 143.400970 -46.018280
v 14.319687 143.382507 -42.790058
v 14.515245 143.320648 -46.018738
v 14.515245 143.302185 -42.790516
v 14.630846 143.233719 -46.019238
v 14.630846 143.215256 -42.791016
v 14.689037 143.102356 -46.019985
v 14.689037 143.083893 -42.791767
v 14.718721 142.894608 -46.021175
v 14.718721 142.876144 -42.792953
v 14.718512 142.622330 -46.022732
v 14.718512 142.603867 -42.794510
v 14.687014 142.297333 -46.024590
v 14.687014 142.278870 -42.796368
v 14.622841 141.931488 -46.026684
v 14.622841 141.913025 -42.798462
v 14.524601 141.536621 -46.028942
v 14.524601 141.518173 -42.800720
v 14.390904 141.124603 -46.031296
v 14.390904 141.106140 -42.803074
v 14.220362 140.707245 -46.033684
v 14.220362 140.688782 -42.805462
v 14.011581 140.296402 -46.036034
v 14.011581 140.277939 -42.807812
v 13.763176 139.903931 -46.038277
v 13.763176 139.885468 -42.810055
v 13.473751 139.541656 -46.040348
v 13.473751 139.523193 -42.812126
v 13.141921 139.221436 -46.042179
v 13.141921 139.202972 -42.813957
v 13.088064 139.181793 -46.042408
v 13.088064 139.163345 -42.814186
v 13.035639 139.153290 -46.042572
v 13.035639 139.134827 -42.814350
v 12.985663 139.135422 -46.042671
v 12.985663 139.116959 -42.814449
v 12.939161 139.127747 -46.042717
v 12.939161 139.109283 -42.814495
v 12.897150 139.129791 -46.042706
v 12.897150 139.111328 -42.814484
v 12.860651 139.141083 -46.042641
v 12.860651 139.122620 -42.814419
v 12.830685 139.161179 -46.042526
v 12.830685 139.142715 -42.814304
v 12.808272 139.189590 -46.042362
v 12.808272 139.171127 -42.814140
v 12.794432 139.225876 -46.042156
v 12.794432 139.207413 -42.813934
v 12.790186 139.269531 -46.041904
v 12.790186 139.251083 -42.813683
v 12.796553 139.320129 -46.041615
v 12.796553 139.301666 -42.813396
v 12.029663 141.741196 -46.027771
v 12.029663 141.722733 -42.799549
v 12.139140 141.775024 -46.027576
v 12.139140 141.756561 -42.799355
v 12.243022 141.783798 -46.027527
v 12.243022 141.765335 -42.799305
v 12.338757 141.770401 -46.027603
v 12.338757 141.751938 -42.799381
v 12.423787 141.737686 -46.027790
v 12.423787 141.719223 -42.799568
v 12.495562 141.688553 -46.028072
v 12.495562 141.670090 -42.799850
v 12.551526 141.625854 -46.028431
v 12.551526 141.607391 -42.800209
v 12.589124 141.552475 -46.028851
v 12.589124 141.534012 -42.800629
v 12.605803 141.471298 -46.029316
v 12.605803 141.452835 -42.801094
v 12.599010 141.385193 -46.029808
v 12.599010 141.366730 -42.801586
v 12.566189 141.297028 -46.030312
v 12.566189 141.278564 -42.802090
v 12.504786 141.209686 -46.030811
v 12.504786 141.191223 -42.802589
v 12.412248 141.126038 -46.031288
v 12.412248 141.107574 -42.803066
v 11.730404 140.659943 -46.033955
v 11.730404 140.641495 -42.805733
v 11.005209 140.232010 -46.036400
v 11.005209 140.213547 -42.808182
v 10.242613 139.842697 -46.038628
v 10.242613 139.824234 -42.810406
v 9.448566 139.492432 -46.040630
v 9.448566 139.473969 -42.812408
v 8.629020 139.181686 -46.042408
v 8.629020 139.163223 -42.814186
v 7.789924 138.910904 -46.043957
v 7.789924 138.892441 -42.815735
v 6.937228 138.680542 -46.045273
v 6.937228 138.662079 -42.817051
v 6.076884 138.491058 -46.046356
v 6.076884 138.472595 -42.818134
v 5.214842 138.342896 -46.047203
v 5.214842 138.324432 -42.818985
v 4.357052 138.236496 -46.047813
v 4.357052 138.218033 -42.819592
v 3.509465 138.172333 -46.048180
v 3.509465 138.153870 -42.819958
v 2.678030 138.150833 -46.048302
v 2.678030 138.132385 -42.820080
v 1.536223 138.185989 -46.048103
v 1.536223 138.167542 -42.819881
v 0.415473 138.290146 -46.047504
v 0.415473 138.271683 -42.819286
v -0.682312 138.461273 -46.046528
v -0.682312 138.442825 -42.818306
v -1.755219 138.697418 -46.045177
v -1.755219 138.678955 -42.816956
v -2.801339 138.996567 -46.043465
v -2.801339 138.978119 -42.815247
v -3.818761 139.356735 -46.041409
v -3.818761 139.338287 -42.813187
v -4.805574 139.775940 -46.039009
v -4.805574 139.757477 -42.810787
v -5.759869 140.252167 -46.036285
v -5.759869 140.233704 -42.808064
v -6.679733 140.783432 -46.033249
v -6.679733 140.764984 -42.805027
v -7.563258 141.367752 -46.029907
v -7.563258 141.349304 -42.801685
v -8.408533 142.003143 -46.026272
v -8.408533 141.984680 -42.798050
v -9.213646 142.687576 -46.022358
v -9.213646 142.669113 -42.794136
v -9.265764 142.744644 -46.022034
v -9.265764 142.726181 -42.793812
v -9.299770 142.803131 -46.021698
v -9.299770 142.784668 -42.793476
v -9.317030 142.861115 -46.021366
v -9.317030 142.842651 -42.793144
v -9.318901 142.916656 -46.021049
v -9.318901 142.898193 -42.792828
v -9.306747 142.967819 -46.020756
v -9.306747 142.949356 -42.792534
v -9.281933 143.012650 -46.020500
v -9.281933 142.994186 -42.792278
v -9.245821 143.049240 -46.020290
v -9.245821 143.030777 -42.792068
v -9.199772 143.075623 -46.020142
v -9.199772 143.057159 -42.791920
v -9.145151 143.089890 -46.020058
v -9.145151 143.071426 -42.791836
v -9.083319 143.090073 -46.020058
v -9.083319 143.071609 -42.791836
v -9.015638 143.074265 -46.020149
v -9.015638 143.055801 -42.791927
v -8.943472 143.040497 -46.020340
v -8.943472 143.022034 -42.792118
v -8.080657 142.564667 -46.023064
v -8.080657 142.546204 -42.794842
v -7.186782 142.122910 -46.025589
v -7.186782 142.104446 -42.797367
v -6.264146 141.716644 -46.027912
v -6.264146 141.698181 -42.799690
v -5.315052 141.347229 -46.030025
v -5.315052 141.328766 -42.801804
v -4.341800 141.016083 -46.031918
v -4.341800 140.997620 -42.803696
v -3.346690 140.724564 -46.033585
v -3.346690 140.706100 -42.805363
v -2.332025 140.474091 -46.035019
v -2.332025 140.455627 -42.806797
v -1.300102 140.266037 -46.036205
v -1.300102 140.247574 -42.807987
v -0.253225 140.101807 -46.037148
v -0.253225 140.083344 -42.808926
v 0.806304 139.982773 -46.037827
v 0.806304 139.964310 -42.809605
v 1.876189 139.910339 -46.038242
v 1.876189 139.891876 -42.810020
v 2.954124 139.885880 -46.038380
v 2.954124 139.867416 -42.810158
v 3.689065 139.898483 -46.038307
v 3.689065 139.880020 -42.810089
v 4.434256 139.936371 -46.038094
v 4.434256 139.917908 -42.809872
v 5.187788 139.999710 -46.037731
v 5.187788 139.981247 -42.809509
v 5.947749 140.088669 -46.037220
v 5.947749 140.070206 -42.808998
v 6.712230 140.203384 -46.036564
v 6.712230 140.184937 -42.808342
v 7.479321 140.344040 -46.035759
v 7.479321 140.325577 -42.807541
v 8.247108 140.510773 -46.034809
v 8.247108 140.492310 -42.806587
v 9.013685 140.703751 -46.033703
v 9.013685 140.685287 -42.805481
v 9.777140 140.923111 -46.032448
v 9.777140 140.904663 -42.804230
v 10.535561 141.169037 -46.031044
v 10.535561 141.150589 -42.802822
v 11.287039 141.441681 -46.029484
v 11.287039 141.423218 -42.801262
vn -0.0000 -0.0057 1.0000
vn -0.0000 0.0057 -1.0000
vn -0.9418 0.3361 0.0019
vn -0.9298 0.3680 0.0021
vn -0.9328 0.3604 0.0021
vn -0.9373 0.3484 0.0020
vn -0.9433 0.3320 0.0019
vn -0.9507 0.3100 0.0018
vn -0.9599 0.2804 0.0016
vn -0.9708 0.2397 0.0014
vn -0.9834 0.1816 0.0010
vn -0.9956 0.0941 0.0005
vn -0.9989 -0.0464 -0.0003
vn -0.9592 -0.2827 -0.0016
vn -0.7892 -0.6141 -0.0035
vn -0.5122 -0.8589 -0.0049
vn -0.2973 -0.9548 -0.0055
vn -0.1629 -0.9866 -0.0056
vn -0.0767 -0.9970 -0.0057
vn -0.0182 -0.9998 -0.0057
vn 0.0234 -0.9997 -0.0057
vn 0.0539 -0.9985 -0.0057
vn 0.0767 -0.9970 -0.0057
vn 0.0938 -0.9956 -0.0057
vn 0.1062 -0.9943 -0.0057
vn 0.1141 -0.9935 -0.0057
vn 0.0812 -0.9967 -0.0057
vn -0.0443 -0.9990 -0.0057
vn -0.2424 -0.9702 -0.0055
vn -0.4701 -0.8826 -0.0050
vn -0.7000 -0.7142 -0.0041
vn -0.8842 -0.4672 -0.0027
vn -0.9834 -0.1817 -0.0010
vn -0.9959 0.0901 0.0005
vn -0.9481 0.3179 0.0018
vn -0.8677 0.4971 0.0028
vn -0.7726 0.6349 0.0036
vn -0.6723 0.7403 0.0042
vn -0.5689 0.8224 0.0047
vn -0.4584 0.8888 0.0051
vn -0.3484 0.9373 0.0054
vn -0.2506 0.9681 0.0055
vn -0.1639 0.9865 0.0056
vn -0.0862 0.9963 0.0057
vn -0.0146 0.9999 0.0057
vn 0.0546 0.9985 0.0057
vn 0.1262 0.9920 0.0057
vn 0.2082 0.9781 0.0056
vn 0.3171 0.9484 0.0054
vn 0.4945 0.8692 0.0050
vn 0.7829 0.6221 0.0036
vn 0.9612 0.2758 0.0016
vn 0.9975 0.0705 0.0004
vn 0.9988 -0.0487 -0.0003
vn 0.9909 -0.1347 -0.0008
vn 0.9783 -0.2072 -0.0012
vn 0.9614 -0.2752 -0.0016
vn 0.9391 -0.3437 -0.0020
vn 0.9094 -0.4160 -0.0024
vn 0.8692 -0.4945 -0.0028
vn 0.8144 -0.5803 -0.0033
vn 0.7394 -0.6733 -0.0039
vn 0.6450 -0.7642 -0.0044
vn 0.5365 -0.8439 -0.0048
vn 0.4084 -0.9128 -0.0052
vn 0.2508 -0.9680 -0.0055
vn 0.0575 -0.9983 -0.0057
vn -0.1736 -0.9848 -0.0056
vn -0.4309 -0.9024 -0.0052
vn -0.6793 -0.7339 -0.0042
vn -0.8697 -0.4935 -0.0028
vn -0.9735 -0.2287 -0.0013
vn -0.9999 0.0141 0.0001
vn -0.9769 0.2137 0.0012
vn -0.3349 0.9422 0.0054
vn -0.1908 0.9816 0.0056
vn 0.0274 0.9996 0.0057
vn 0.2505 0.9681 0.0055
vn 0.4651 0.8852 0.0051
vn 0.6603 0.7510 0.0043
vn 0.8247 0.5656 0.0032
vn 0.9434 0.3317 0.0019
vn 0.9981 0.0619 0.0004
vn 0.9764 -0.2158 -0.0012
vn 0.8849 -0.4658 -0.0027
vn 0.7490 -0.6626 -0.0038
vn 0.6189 -0.7855 -0.0045
vn 0.5366 -0.8438 -0.0048
vn 0.4817 -0.8763 -0.0050
vn 0.4293 -0.9031 -0.0052
vn 0.3792 -0.9253 -0.0053
vn 0.3309 -0.9436 -0.0054
vn 0.2840 -0.9588 -0.0055
vn 0.2380 -0.9712 -0.0056
vn 0.1923 -0.9813 -0.0056
vn 0.1463 -0.9892 -0.0057
vn 0.0993 -0.9950 -0.0057
vn 0.0507 -0.9987 -0.0057
vn -0.0025 -1.0000 -0.0057
vn -0.0617 -0.9981 -0.0057
vn -0.1233 -0.9923 -0.0057
vn -0.1846 -0.9828 -0.0056
vn -0.2451 -0.9695 -0.0055
vn -0.3045 -0.9525 -0.0054
vn -0.3625 -0.9320 -0.0053
vn -0.4190 -0.9080 -0.0052
vn -0.4736 -0.8808 -0.0050
vn -0.5261 -0.8504 -0.0049
vn -0.5765 -0.8171 -0.0047
vn -0.6246 -0.7810 -0.0045
vn -0.6944 -0.7196 -0.0041
vn -0.8060 -0.5919 -0.0034
vn -0.9179 -0.3967 -0.0023
vn -0.9870 -0.1608 -0.0009
vn -0.9950 0.0996 0.0006
vn -0.9326 0.3610 0.0021
vn -0.8008 0.5989 0.0034
vn -0.6101 0.7923 0.0045
vn -0.3782 0.9257 0.0053
vn -0.1289 0.9916 0.0057
vn 0.1130 0.9936 0.0057
vn 0.3274 0.9449 0.0054
vn 0.4536 0.8912 0.0051
vn 0.4631 0.8863 0.0051
vn 0.4231 0.9061 0.0052
vn 0.3830 0.9238 0.0053
vn 0.3425 0.9395 0.0054
vn 0.3017 0.9534 0.0055
vn 0.2605 0.9655 0.0055
vn 0.2187 0.9758 0.0056
vn 0.1764 0.9843 0.0056
vn 0.1333 0.9911 0.0057
vn 0.0896 0.9960 0.0057
vn 0.0451 0.9990 0.0057
vn 0.0028 1.0000 0.0057
vn -0.0340 0.9994 0.0057
vn -0.0673 0.9977 0.0057
vn -0.1000 0.9950 0.0057
vn -0.1324 0.9912 0.0057
vn -0.1644 0.9864 0.0056
vn -0.1963 0.9805 0.0056
vn -0.2282 0.9736 0.0056
vn -0.2602 0.9655 0.0055
vn -0.2924 0.9563 0.0055
vn -0.3248 0.9458 0.0054
vn -0.3576 0.9339 0.0053
vt 0.214318 0.419277
vt 0.217665 0.419109
vt 0.216044 0.419247
vt 0.219141 0.418883
vt 0.212533 0.419177
vt 0.220427 0.418592
vt 0.210731 0.418925
vt 0.221483 0.418254
vt 0.222265 0.417892
vt 0.208957 0.418501
vt 0.222731 0.417524
vt 0.207258 0.417882
vt 0.222976 0.416999
vt 0.223118 0.416183
vt 0.119082 0.423563
vt 0.119708 0.423456
vt 0.119380 0.423544
vt 0.118820 0.423518
vt 0.118601 0.423419
vt 0.120058 0.423289
vt 0.205677 0.417046
vt 0.118430 0.423272
vt 0.124238 0.420990
vt 0.118314 0.423087
vt 0.118260 0.422871
vt 0.118274 0.422631
vt 0.223149 0.415124
vt 0.118363 0.422377
vt 0.205467 0.416895
vt 0.118532 0.422115
vt 0.205303 0.416735
vt 0.205184 0.416571
vt 0.118789 0.421854
vt 0.205109 0.416406
vt 0.122722 0.418680
vt 0.205076 0.416246
vt 0.214189 0.415708
vt 0.212971 0.415776
vt 0.215328 0.415591
vt 0.211707 0.415804
vt 0.205086 0.416095
vt 0.216350 0.415416
vt 0.223064 0.413868
vt 0.210435 0.415799
vt 0.209190 0.415771
vt 0.217223 0.415176
vt 0.205138 0.415957
vt 0.208008 0.415726
vt 0.128532 0.418845
vt 0.205230 0.415838
vt 0.217911 0.414862
vt 0.206927 0.415675
vt 0.205361 0.415740
vt 0.205983 0.415625
vt 0.205531 0.415669
vt 0.205739 0.415629
vt 0.218379 0.414466
vt 0.218646 0.413925
vt 0.222854 0.412459
vt 0.218766 0.413205
vt 0.132925 0.416859
vt 0.218756 0.412338
vt 0.126815 0.415726
vt 0.222513 0.410944
vt 0.218635 0.411353
vt 0.212975 0.412428
vt 0.213778 0.412363
vt 0.213392 0.412438
vt 0.212538 0.412321
vt 0.214124 0.412215
vt 0.209572 0.411314
vt 0.214418 0.412005
vt 0.137404 0.415037
vt 0.214650 0.411746
vt 0.214809 0.411449
vt 0.218423 0.410280
vt 0.214885 0.411126
vt 0.222034 0.409368
vt 0.214868 0.410790
vt 0.206547 0.410409
vt 0.214747 0.410451
vt 0.131056 0.413000
vt 0.141955 0.413385
vt 0.218139 0.409149
vt 0.214511 0.410122
vt 0.214149 0.409814
vt 0.203473 0.409606
vt 0.211456 0.408131
vt 0.221409 0.407777
vt 0.146566 0.411908
vt 0.217800 0.407991
vt 0.200354 0.408905
vt 0.135431 0.410510
vt 0.151222 0.410609
vt 0.217427 0.406836
vt 0.220630 0.406217
vt 0.197200 0.408305
vt 0.208568 0.406597
vt 0.194017 0.407808
vt 0.155912 0.409494
vt 0.217038 0.405714
vt 0.190813 0.407411
vt 0.219690 0.404734
vt 0.160624 0.408567
vt 0.139927 0.408264
vt 0.205503 0.405215
vt 0.187597 0.407117
vt 0.216653 0.404657
vt 0.165346 0.407832
vt 0.184376 0.406924
vt 0.181160 0.406832
vt 0.170066 0.407293
vt 0.177956 0.406842
vt 0.174774 0.406952
vt 0.218581 0.403374
vt 0.216289 0.403694
vt 0.202285 0.403986
vt 0.144532 0.406269
vt 0.215967 0.402858
vt 0.217295 0.402183
vt 0.198935 0.402912
vt 0.215902 0.402637
vt 0.149233 0.404530
vt 0.215882 0.402440
vt 0.215905 0.402268
vt 0.215964 0.402122
vt 0.217085 0.402038
vt 0.216057 0.402006
vt 0.216879 0.401936
vt 0.195475 0.401994
vt 0.216180 0.401922
vt 0.216681 0.401875
vt 0.216327 0.401870
vt 0.216496 0.401854
vt 0.154017 0.403056
vt 0.191929 0.401235
vt 0.158874 0.401851
vt 0.188320 0.400637
vt 0.184673 0.400202
vt 0.163790 0.400921
vt 0.181013 0.399934
vt 0.168755 0.400271
vt 0.177366 0.399834
vt 0.173758 0.399905
vt 0.205220 0.417577
vt 0.206929 0.417551
vt 0.208536 0.417418
vt 0.209997 0.417199
vt 0.203451 0.417476
vt 0.211272 0.416915
vt 0.201666 0.417226
vt 0.212317 0.416585
vt 0.213092 0.416230
vt 0.199909 0.416806
vt 0.213553 0.415870
vt 0.198225 0.416196
vt 0.213796 0.415355
vt 0.213935 0.414554
vt 0.111050 0.421616
vt 0.111344 0.421598
vt 0.111667 0.421512
vt 0.110791 0.421571
vt 0.110574 0.421474
vt 0.112013 0.421349
vt 0.196659 0.415373
vt 0.110405 0.421330
vt 0.116137 0.419104
vt 0.110291 0.421148
vt 0.110238 0.420936
vt 0.110251 0.420701
vt 0.213965 0.413515
vt 0.110338 0.420452
vt 0.196451 0.415224
vt 0.110505 0.420196
vt 0.196288 0.415067
vt 0.196170 0.414905
vt 0.110759 0.419940
vt 0.196095 0.414744
vt 0.114638 0.416837
vt 0.196063 0.414587
vt 0.205088 0.414073
vt 0.203881 0.414138
vt 0.206216 0.413960
vt 0.202630 0.414163
vt 0.196073 0.414438
vt 0.207229 0.413790
vt 0.213879 0.412281
vt 0.201370 0.414157
vt 0.200136 0.414127
vt 0.208093 0.413556
vt 0.196124 0.414303
vt 0.198966 0.414081
vt 0.120375 0.417009
vt 0.196215 0.414186
vt 0.208774 0.413249
vt 0.197895 0.414029
vt 0.196345 0.414090
vt 0.196961 0.413978
vt 0.196513 0.414021
vt 0.196719 0.413982
vt 0.209237 0.412861
vt 0.209502 0.412329
vt 0.213670 0.410897
vt 0.209619 0.411623
vt 0.124711 0.415069
vt 0.209609 0.410772
vt 0.118677 0.413948
vt 0.213330 0.409409
vt 0.209488 0.409805
vt 0.203882 0.410852
vt 0.204295 0.410862
vt 0.204678 0.410789
vt 0.203449 0.410746
vt 0.205020 0.410644
vt 0.200510 0.409752
vt 0.205311 0.410438
vt 0.129134 0.413291
vt 0.205540 0.410184
vt 0.205698 0.409893
vt 0.209277 0.408751
vt 0.205773 0.409576
vt 0.212854 0.407861
vt 0.205756 0.409246
vt 0.197514 0.408859
vt 0.205635 0.408913
vt 0.122862 0.411283
vt 0.133628 0.411678
vt 0.208994 0.407640
vt 0.205401 0.408590
vt 0.205042 0.408287
vt 0.194468 0.408066
vt 0.202373 0.406630
vt 0.212232 0.406298
vt 0.138182 0.410237
vt 0.208658 0.406503
vt 0.191380 0.407374
vt 0.127181 0.408850
vt 0.142782 0.408971
vt 0.208287 0.405368
vt 0.211459 0.404765
vt 0.188256 0.406781
vt 0.199511 0.405121
vt 0.185105 0.406287
vt 0.147416 0.407885
vt 0.207900 0.404266
vt 0.181933 0.405894
vt 0.210526 0.403308
vt 0.152073 0.406983
vt 0.131620 0.406655
vt 0.196475 0.403760
vt 0.178750 0.405600
vt 0.207517 0.403228
vt 0.156741 0.406269
vt 0.175563 0.405406
vt 0.172381 0.405311
vt 0.161408 0.405747
vt 0.169211 0.405316
vt 0.166064 0.405420
vt 0.209426 0.401971
vt 0.207156 0.402282
vt 0.193287 0.402549
vt 0.136167 0.404705
vt 0.206836 0.401461
vt 0.208151 0.400800
vt 0.189969 0.401490
vt 0.206771 0.401244
vt 0.140810 0.403008
vt 0.206751 0.401050
vt 0.206773 0.400881
vt 0.206832 0.400739
vt 0.207942 0.400657
vt 0.206924 0.400625
vt 0.207738 0.400557
vt 0.186543 0.400584
vt 0.207045 0.400542
vt 0.207542 0.400497
vt 0.207191 0.400492
vt 0.207358 0.400476
vt 0.145537 0.401569
vt 0.183032 0.399835
vt 0.150336 0.400394
vt 0.179460 0.399243
vt 0.175850 0.398812
vt 0.155196 0.399488
vt 0.172229 0.398543
vt 0.160105 0.398857
vt 0.168620 0.398441
vt 0.165052 0.398506
s 1
usemtl SVGMat.001
f 42/1/1 44/2/1 43/3/1
f 42/1/1 45/4/1 44/2/1
f 41/5/1 45/4/1 42/1/1
f 41/5/1 46/6/1 45/4/1
f 40/7/1 46/6/1 41/5/1
f 40/7/1 47/8/1 46/6/1
f 40/7/1 48/9/1 47/8/1
f 39/10/1 48/9/1 40/7/1
f 39/10/1 49/11/1 48/9/1
f 38/12/1 49/11/1 39/10/1
f 38/12/1 50/13/1 49/11/1
f 38/12/1 51/14/1 50/13/1
f 118/15/1 120/16/1 119/17/1
f 117/18/1 120/16/1 118/15/1
f 116/19/1 120/16/1 117/18/1
f 116/19/1 121/20/1 120/16/1
f 37/21/1 51/14/1 38/12/1
f 115/22/1 121/20/1 116/19/1
f 115/22/1 122/23/1 121/20/1
f 114/24/1 122/23/1 115/22/1
f 113/25/1 122/23/1 114/24/1
f 112/26/1 122/23/1 113/25/1
f 37/21/1 52/27/1 51/14/1
f 111/28/1 122/23/1 112/26/1
f 36/29/1 52/27/1 37/21/1
f 110/30/1 122/23/1 111/28/1
f 35/31/1 52/27/1 36/29/1
f 34/32/1 52/27/1 35/31/1
f 109/33/1 122/23/1 110/30/1
f 33/34/1 52/27/1 34/32/1
f 108/35/1 122/23/1 109/33/1
f 32/36/1 18/37/1 33/34/1
f 18/37/1 52/27/1 33/34/1
f 32/36/1 19/38/1 18/37/1
f 17/39/1 52/27/1 18/37/1
f 32/36/1 20/40/1 19/38/1
f 31/41/1 20/40/1 32/36/1
f 17/39/1 16/42/1 52/27/1
f 16/42/1 53/43/1 52/27/1
f 31/41/1 21/44/1 20/40/1
f 31/41/1 22/45/1 21/44/1
f 15/46/1 53/43/1 16/42/1
f 30/47/1 22/45/1 31/41/1
f 30/47/1 23/48/1 22/45/1
f 108/35/1 123/49/1 122/23/1
f 29/50/1 23/48/1 30/47/1
f 14/51/1 53/43/1 15/46/1
f 29/50/1 24/52/1 23/48/1
f 28/53/1 24/52/1 29/50/1
f 28/53/1 25/54/1 24/52/1
f 27/55/1 25/54/1 28/53/1
f 26/56/1 25/54/1 27/55/1
f 13/57/1 53/43/1 14/51/1
f 12/58/1 53/43/1 13/57/1
f 12/58/1 54/59/1 53/43/1
f 11/60/1 54/59/1 12/58/1
f 108/35/1 124/61/1 123/49/1
f 10/62/1 54/59/1 11/60/1
f 107/63/1 124/61/1 108/35/1
f 10/62/1 55/64/1 54/59/1
f 9/65/1 55/64/1 10/62/1
f 74/66/1 76/67/1 75/68/1
f 73/69/1 76/67/1 74/66/1
f 73/69/1 77/70/1 76/67/1
f 144/71/1 77/70/1 73/69/1
f 144/71/1 78/72/1 77/70/1
f 107/63/1 125/73/1 124/61/1
f 144/71/1 79/74/1 78/72/1
f 144/71/1 80/75/1 79/74/1
f 8/76/1 55/64/1 9/65/1
f 144/71/1 81/77/1 80/75/1
f 8/76/1 56/78/1 55/64/1
f 144/71/1 82/79/1 81/77/1
f 143/80/1 82/79/1 144/71/1
f 143/80/1 83/81/1 82/79/1
f 106/82/1 125/73/1 107/63/1
f 106/82/1 126/83/1 125/73/1
f 7/84/1 56/78/1 8/76/1
f 143/80/1 84/85/1 83/81/1
f 143/80/1 85/86/1 84/85/1
f 142/87/1 85/86/1 143/80/1
f 142/87/1 86/88/1 85/86/1
f 7/84/1 57/89/1 56/78/1
f 106/82/1 127/90/1 126/83/1
f 6/91/1 57/89/1 7/84/1
f 141/92/1 86/88/1 142/87/1
f 105/93/1 127/90/1 106/82/1
f 105/93/1 128/94/1 127/90/1
f 5/95/1 57/89/1 6/91/1
f 5/95/1 58/96/1 57/89/1
f 140/97/1 86/88/1 141/92/1
f 140/97/1 87/98/1 86/88/1
f 139/99/1 87/98/1 140/97/1
f 105/93/1 129/100/1 128/94/1
f 4/101/1 58/96/1 5/95/1
f 138/102/1 87/98/1 139/99/1
f 4/101/1 59/103/1 58/96/1
f 105/93/1 130/104/1 129/100/1
f 104/105/1 130/104/1 105/93/1
f 138/102/1 88/106/1 87/98/1
f 137/107/1 88/106/1 138/102/1
f 3/108/1 59/103/1 4/101/1
f 104/105/1 131/109/1 130/104/1
f 136/110/1 88/106/1 137/107/1
f 135/111/1 88/106/1 136/110/1
f 104/105/1 132/112/1 131/109/1
f 134/113/1 88/106/1 135/111/1
f 104/105/1 133/114/1 132/112/1
f 3/108/1 60/115/1 59/103/1
f 133/114/1 88/106/1 134/113/1
f 104/105/1 88/106/1 133/114/1
f 2/116/1 60/115/1 3/108/1
f 104/105/1 89/117/1 88/106/1
f 103/118/1 89/117/1 104/105/1
f 1/119/1 60/115/1 2/116/1
f 1/119/1 61/120/1 60/115/1
f 103/118/1 90/121/1 89/117/1
f 72/122/1 61/120/1 1/119/1
f 102/123/1 90/121/1 103/118/1
f 71/124/1 61/120/1 72/122/1
f 70/125/1 61/120/1 71/124/1
f 69/126/1 61/120/1 70/125/1
f 69/126/1 62/127/1 61/120/1
f 68/128/1 62/127/1 69/126/1
f 68/128/1 63/129/1 62/127/1
f 102/123/1 91/130/1 90/121/1
f 67/131/1 63/129/1 68/128/1
f 67/131/1 64/132/1 63/129/1
f 66/133/1 64/132/1 67/131/1
f 66/133/1 65/134/1 64/132/1
f 101/135/1 91/130/1 102/123/1
f 101/135/1 92/136/1 91/130/1
f 100/137/1 92/136/1 101/135/1
f 100/137/1 93/138/1 92/136/1
f 100/137/1 94/139/1 93/138/1
f 99/140/1 94/139/1 100/137/1
f 99/140/1 95/141/1 94/139/1
f 98/142/1 95/141/1 99/140/1
f 98/142/1 96/143/1 95/141/1
f 97/144/1 96/143/1 98/142/1
f 186/145/2 187/146/2 188/147/2
f 186/145/2 188/147/2 189/148/2
f 185/149/2 186/145/2 189/148/2
f 185/149/2 189/148/2 190/150/2
f 184/151/2 185/149/2 190/150/2
f 184/151/2 190/150/2 191/152/2
f 184/151/2 191/152/2 192/153/2
f 183/154/2 184/151/2 192/153/2
f 183/154/2 192/153/2 193/155/2
f 182/156/2 183/154/2 193/155/2
f 182/156/2 193/155/2 194/157/2
f 182/156/2 194/157/2 195/158/2
f 262/159/2 263/160/2 264/161/2
f 261/162/2 262/159/2 264/161/2
f 260/163/2 261/162/2 264/161/2
f 260/163/2 264/161/2 265/164/2
f 181/165/2 182/156/2 195/158/2
f 259/166/2 260/163/2 265/164/2
f 259/166/2 265/164/2 266/167/2
f 258/168/2 259/166/2 266/167/2
f 257/169/2 258/168/2 266/167/2
f 256/170/2 257/169/2 266/167/2
f 181/165/2 195/158/2 196/171/2
f 255/172/2 256/170/2 266/167/2
f 180/173/2 181/165/2 196/171/2
f 254/174/2 255/172/2 266/167/2
f 179/175/2 180/173/2 196/171/2
f 178/176/2 179/175/2 196/171/2
f 253/177/2 254/174/2 266/167/2
f 177/178/2 178/176/2 196/171/2
f 252/179/2 253/177/2 266/167/2
f 176/180/2 177/178/2 162/181/2
f 162/181/2 177/178/2 196/171/2
f 176/180/2 162/181/2 163/182/2
f 161/183/2 162/181/2 196/171/2
f 176/180/2 163/182/2 164/184/2
f 175/185/2 176/180/2 164/184/2
f 161/183/2 196/171/2 160/186/2
f 160/186/2 196/171/2 197/187/2
f 175/185/2 164/184/2 165/188/2
f 175/185/2 165/188/2 166/189/2
f 159/190/2 160/186/2 197/187/2
f 174/191/2 175/185/2 166/189/2
f 174/191/2 166/189/2 167/192/2
f 252/179/2 266/167/2 267/193/2
f 173/194/2 174/191/2 167/192/2
f 158/195/2 159/190/2 197/187/2
f 173/194/2 167/192/2 168/196/2
f 172/197/2 173/194/2 168/196/2
f 172/197/2 168/196/2 169/198/2
f 171/199/2 172/197/2 169/198/2
f 170/200/2 171/199/2 169/198/2
f 157/201/2 158/195/2 197/187/2
f 156/202/2 157/201/2 197/187/2
f 156/202/2 197/187/2 198/203/2
f 155/204/2 156/202/2 198/203/2
f 252/179/2 267/193/2 268/205/2
f 154/206/2 155/204/2 198/203/2
f 251/207/2 252/179/2 268/205/2
f 154/206/2 198/203/2 199/208/2
f 153/209/2 154/206/2 199/208/2
f 218/210/2 219/211/2 220/212/2
f 217/213/2 218/210/2 220/212/2
f 217/213/2 220/212/2 221/214/2
f 288/215/2 217/213/2 221/214/2
f 288/215/2 221/214/2 222/216/2
f 251/207/2 268/205/2 269/217/2
f 288/215/2 222/216/2 223/218/2
f 288/215/2 223/218/2 224/219/2
f 152/220/2 153/209/2 199/208/2
f 288/215/2 224/219/2 225/221/2
f 152/220/2 199/208/2 200/222/2
f 288/215/2 225/221/2 226/223/2
f 287/224/2 288/215/2 226/223/2
f 287/224/2 226/223/2 227/225/2
f 250/226/2 251/207/2 269/217/2
f 250/226/2 269/217/2 270/227/2
f 151/228/2 152/220/2 200/222/2
f 287/224/2 227/225/2 228/229/2
f 287/224/2 228/229/2 229/230/2
f 286/231/2 287/224/2 229/230/2
f 286/231/2 229/230/2 230/232/2
f 151/228/2 200/222/2 201/233/2
f 250/226/2 270/227/2 271/234/2
f 150/235/2 151/228/2 201/233/2
f 285/236/2 286/231/2 230/232/2
f 249/237/2 250/226/2 271/234/2
f 249/237/2 271/234/2 272/238/2
f 149/239/2 150/235/2 201/233/2
f 149/239/2 201/233/2 202/240/2
f 284/241/2 285/236/2 230/232/2
f 284/241/2 230/232/2 231/242/2
f 283/243/2 284/241/2 231/242/2
f 249/237/2 272/238/2 273/244/2
f 148/245/2 149/239/2 202/240/2
f 282/246/2 283/243/2 231/242/2
f 148/245/2 202/240/2 203/247/2
f 249/237/2 273/244/2 274/248/2
f 248/249/2 249/237/2 274/248/2
f 282/246/2 231/242/2 232/250/2
f 281/251/2 282/246/2 232/250/2
f 147/252/2 148/245/2 203/247/2
f 248/249/2 274/248/2 275/253/2
f 280/254/2 281/251/2 232/250/2
f 279/255/2 280/254/2 232/250/2
f 248/249/2 275/253/2 276/256/2
f 278/257/2 279/255/2 232/250/2
f 248/249/2 276/256/2 277/258/2
f 147/252/2 203/247/2 204/259/2
f 277/258/2 278/257/2 232/250/2
f 248/249/2 277/258/2 232/250/2
f 146/260/2 147/252/2 204/259/2
f 248/249/2 232/250/2 233/261/2
f 247/262/2 248/249/2 233/261/2
f 145/263/2 146/260/2 204/259/2
f 145/263/2 204/259/2 205/264/2
f 247/262/2 233/261/2 234/265/2
f 216/266/2 145/263/2 205/264/2
f 246/267/2 247/262/2 234/265/2
f 215/268/2 216/266/2 205/264/2
f 214/269/2 215/268/2 205/264/2
f 213/270/2 214/269/2 205/264/2
f 213/270/2 205/264/2 206/271/2
f 212/272/2 213/270/2 206/271/2
f 212/272/2 206/271/2 207/273/2
f 246/267/2 234/265/2 235/274/2
f 211/275/2 212/272/2 207/273/2
f 211/275/2 207/273/2 208/276/2
f 210/277/2 211/275/2 208/276/2
f 210/277/2 208/276/2 209/278/2
f 245/279/2 246/267/2 235/274/2
f 245/279/2 235/274/2 236/280/2
f 244/281/2 245/279/2 236/280/2
f 244/281/2 236/280/2 237/282/2
f 244/281/2 237/282/2 238/283/2
f 243/284/2 244/281/2 238/283/2
f 243/284/2 238/283/2 239/285/2
f 242/286/2 243/284/2 239/285/2
f 242/286/2 239/285/2 240/287/2
f 241/288/2 242/286/2 240/287/2
f 290/119/3 292/116/4 291/260/4 289/263/3
f 292/116/4 294/108/5 293/252/5 291/260/4
f 294/108/5 296/101/6 295/245/6 293/252/5
f 296/101/6 298/95/7 297/239/7 295/245/6
f 298/95/7 300/91/8 299/235/8 297/239/7
f 300/91/8 302/84/9 301/228/9 299/235/8
f 302/84/9 304/76/10 303/220/10 301/228/9
f 304/76/10 306/65/11 305/209/11 303/220/10
f 306/65/11 308/62/12 307/206/12 305/209/11
f 308/62/12 310/60/13 309/204/13 307/206/12
f 310/60/13 312/58/14 311/202/14 309/204/13
f 312/58/14 314/57/15 313/201/15 311/202/14
f 314/57/15 316/51/16 315/195/16 313/201/15
f 316/51/16 318/46/17 317/190/17 315/195/16
f 318/46/17 320/42/18 319/186/18 317/190/17
f 320/42/18 322/39/19 321/183/19 319/186/18
f 322/39/19 324/37/20 323/181/20 321/183/19
f 324/37/20 326/38/21 325/182/21 323/181/20
f 326/38/21 328/40/22 327/184/22 325/182/21
f 328/40/22 330/44/23 329/188/23 327/184/22
f 330/44/23 332/45/24 331/189/24 329/188/23
f 332/45/24 334/48/25 333/192/25 331/189/24
f 334/48/25 336/52/26 335/196/26 333/192/25
f 336/52/26 338/54/27 337/198/27 335/196/26
f 338/54/27 340/56/28 339/200/28 337/198/27
f 340/56/28 342/55/29 341/199/29 339/200/28
f 342/55/29 344/53/30 343/197/30 341/199/29
f 344/53/30 346/50/31 345/194/31 343/197/30
f 346/50/31 348/47/32 347/191/32 345/194/31
f 348/47/32 350/41/33 349/185/33 347/191/32
f 350/41/33 352/36/34 351/180/34 349/185/33
f 352/36/34 354/34/35 353/178/35 351/180/34
f 354/34/35 356/32/36 355/176/36 353/178/35
f 356/32/36 358/31/37 357/175/37 355/176/36
f 358/31/37 360/29/38 359/173/38 357/175/37
f 360/29/38 362/21/39 361/165/39 359/173/38
f 362/21/39 364/12/40 363/156/40 361/165/39
f 364/12/40 366/10/41 365/154/41 363/156/40
f 366/10/41 368/7/42 367/151/42 365/154/41
f 368/7/42 370/5/43 369/149/43 367/151/42
f 370/5/43 372/1/44 371/145/44 369/149/43
f 372/1/44 374/3/45 373/146/45 371/145/44
f 374/3/45 376/2/46 375/147/46 373/146/45
f 376/2/46 378/4/47 377/148/47 375/147/46
f 378/4/47 380/6/48 379/150/48 377/148/47
f 380/6/48 382/8/49 381/152/49 379/150/48
f 382/8/49 384/9/50 383/153/50 381/152/49
f 384/9/50 386/11/51 385/155/51 383/153/50
f 386/11/51 388/13/52 387/157/52 385/155/51
f 388/13/52 390/14/53 389/158/53 387/157/52
f 390/14/53 392/27/54 391/171/54 389/158/53
f 392/27/54 394/43/55 393/187/55 391/171/54
f 394/43/55 396/59/56 395/203/56 393/187/55
f 396/59/56 398/64/57 397/208/57 395/203/56
f 398/64/57 400/78/58 399/222/58 397/208/57
f 400/78/58 402/89/59 401/233/59 399/222/58
f 402/89/59 404/96/60 403/240/60 401/233/59
f 404/96/60 406/103/61 405/247/61 403/240/60
f 406/103/61 408/115/62 407/259/62 405/247/61
f 408/115/62 410/120/63 409/264/63 407/259/62
f 410/120/63 412/127/64 411/271/64 409/264/63
f 412/127/64 414/129/65 413/273/65 411/271/64
f 414/129/65 416/132/66 415/276/66 413/273/65
f 416/132/66 418/134/67 417/278/67 415/276/66
f 418/134/67 420/133/68 419/277/68 417/278/67
f 420/133/68 422/131/69 421/275/69 419/277/68
f 422/131/69 424/128/70 423/272/70 421/275/69
f 424/128/70 426/126/71 425/270/71 423/272/70
f 426/126/71 428/125/72 427/269/72 425/270/71
f 428/125/72 430/124/73 429/268/73 427/269/72
f 430/124/73 432/122/74 431/266/74 429/268/73
f 432/122/74 290/119/3 289/263/3 431/266/74
f 434/69/75 436/66/76 435/210/76 433/213/75
f 436/66/76 438/68/77 437/211/77 435/210/76
f 438/68/77 440/67/78 439/212/78 437/211/77
f 440/67/78 442/70/79 441/214/79 439/212/78
f 442/70/79 444/72/80 443/216/80 441/214/79
f 444/72/80 446/74/81 445/218/81 443/216/80
f 446/74/81 448/75/82 447/219/82 445/218/81
f 448/75/82 450/77/83 449/221/83 447/219/82
f 450/77/83 452/79/84 451/223/84 449/221/83
f 452/79/84 454/81/85 453/225/85 451/223/84
f 454/81/85 456/85/86 455/229/86 453/225/85
f 456/85/86 458/86/87 457/230/87 455/229/86
f 458/86/87 460/88/88 459/232/88 457/230/87
f 460/88/88 462/98/89 461/242/89 459/232/88
f 462/98/89 464/106/90 463/250/90 461/242/89
f 464/106/90 466/117/91 465/261/91 463/250/90
f 466/117/91 468/121/92 467/265/92 465/261/91
f 468/121/92 470/130/93 469/274/93 467/265/92
f 470/130/93 472/136/94 471/280/94 469/274/93
f 472/136/94 474/138/95 473/282/95 471/280/94
f 474/138/95 476/139/96 475/283/96 473/282/95
f 476/139/96 478/141/97 477/285/97 475/283/96
f 478/141/97 480/143/98 479/287/98 477/285/97
f 480/143/98 482/144/99 481/288/99 479/287/98
f 482/144/99 484/142/100 483/286/100 481/288/99
f 484/142/100 486/140/101 485/284/101 483/286/100
f 486/140/101 488/137/102 487/281/102 485/284/101
f 488/137/102 490/135/103 489/279/103 487/281/102
f 490/135/103 492/123/104 491/267/104 489/279/103
f 492/123/104 494/118/105 493/262/105 491/267/104
f 494/118/105 496/105/106 495/249/106 493/262/105
f 496/105/106 498/93/107 497/237/107 495/249/106
f 498/93/107 500/82/108 499/226/108 497/237/107
f 500/82/108 502/63/109 501/207/109 499/226/108
f 502/63/109 504/35/110 503/179/110 501/207/109
f 504/35/110 506/33/111 505/177/111 503/179/110
f 506/33/111 508/30/112 507/174/112 505/177/111
f 508/30/112 510/28/113 509/172/113 507/174/112
f 510/28/113 512/26/114 511/170/114 509/172/113
f 512/26/114 514/25/115 513/169/115 511/170/114
f 514/25/115 516/24/116 515/168/116 513/169/115
f 516/24/116 518/22/117 517/166/117 515/168/116
f 518/22/117 520/19/118 519/163/118 517/166/117
f 520/19/118 522/18/119 521/162/119 519/163/118
f 522/18/119 524/15/120 523/159/120 521/162/119
f 524/15/120 526/17/121 525/160/121 523/159/120
f 526/17/121 528/16/122 527/161/122 525/160/121
f 528/16/122 530/20/123 529/164/123 527/161/122
f 530/20/123 532/23/124 531/167/124 529/164/123
f 532/23/124 534/49/125 533/193/125 531/167/124
f 534/49/125 536/61/126 535/205/126 533/193/125
f 536/61/126 538/73/127 537/217/127 535/205/126
f 538/73/127 540/83/128 539/227/128 537/217/127
f 540/83/128 542/90/129 541/234/129 539/227/128
f 542/90/129 544/94/130 543/238/130 541/234/129
f 544/94/130 546/100/131 545/244/131 543/238/130
f 546/100/131 548/104/132 547/248/132 545/244/131
f 548/104/132 550/109/133 549/253/133 547/248/132
f 550/109/133 552/112/134 551/256/134 549/253/133
f 552/112/134 554/114/135 553/258/135 551/256/134
f 554/114/135 556/113/136 555/257/136 553/258/135
f 556/113/136 558/111/137 557/255/137 555/257/136
f 558/111/137 560/110/138 559/254/138 557/255/137
f 560/110/138 562/107/139 561/251/139 559/254/138
f 562/107/139 564/102/140 563/246/140 561/251/139
f 564/102/140 566/99/141 565/243/141 563/246/140
f 566/99/141 568/97/142 567/241/142 565/243/141
f 568/97/142 570/92/143 569/236/143 567/241/142
f 570/92/143 572/87/144 571/231/144 569/236/143
f 572/87/144 574/80/145 573/224/145 571/231/144
f 574/80/145 576/71/146 575/215/146 573/224/145
f 576/71/146 434/69/75 433/213/75 575/215/146
o path18
v -11.824681 145.820847 -42.966015
v -11.761523 145.941559 -42.965324
v -11.709390 146.061447 -42.964642
v -11.667226 146.180954 -42.963959
v -11.633977 146.300461 -42.963272
v -11.608590 146.420425 -42.962589
v -11.590007 146.541229 -42.961899
v -11.577178 146.663315 -42.961197
v -11.569045 146.787094 -42.960491
v -11.564555 146.912979 -42.959770
v -11.562654 147.041397 -42.959038
v -11.562285 147.172745 -42.958286
v -11.562394 147.307465 -42.957516
v -11.562394 147.611099 -42.955780
v -11.816348 147.606140 -42.955807
v -12.068765 147.589493 -42.955902
v -12.315734 147.558533 -42.956078
v -12.553334 147.510605 -42.956352
v -12.777650 147.443085 -42.956741
v -12.984763 147.353302 -42.957253
v -13.170760 147.238632 -42.957909
v -13.331723 147.096420 -42.958721
v -13.463733 146.924042 -42.959709
v -13.562877 146.718842 -42.960880
v -13.625234 146.478165 -42.962257
v -13.646892 146.199402 -42.963852
v -13.640410 146.052261 -42.964691
v -13.621173 145.914017 -42.965485
v -13.589486 145.785385 -42.966221
v -13.545657 145.667130 -42.966896
v -13.489997 145.559998 -42.967506
v -13.422812 145.464722 -42.968052
v -13.344413 145.382050 -42.968525
v -13.255103 145.312744 -42.968922
v -13.155194 145.257538 -42.969238
v -13.044993 145.217194 -42.969467
v -12.924808 145.192429 -42.969608
v -12.794950 145.184006 -42.969658
v -12.697261 145.189011 -42.969631
v -12.601604 145.203796 -42.969543
v -12.508288 145.228058 -42.969406
v -12.417624 145.261490 -42.969215
v -12.329919 145.303757 -42.968975
v -12.245477 145.354553 -42.968681
v -12.164611 145.413574 -42.968346
v -12.087626 145.480484 -42.967964
v -12.014834 145.554977 -42.967537
v -11.946540 145.636749 -42.967068
v -11.883054 145.725479 -42.966560
v -10.148411 143.890610 -42.977055
v -10.172404 143.871506 -42.977165
v -10.197877 143.855545 -42.977257
v -10.224583 143.842682 -42.977329
v -10.252275 143.832855 -42.977386
v -10.280705 143.826004 -42.977425
v -10.309629 143.822098 -42.977448
v -10.338800 143.821060 -42.977451
v -10.367971 143.822845 -42.977444
v -10.396895 143.827393 -42.977417
v -10.425326 143.834656 -42.977375
v -10.453017 143.844574 -42.977318
v -10.479722 143.857101 -42.977245
v -10.588426 143.949615 -42.976715
v -10.683120 144.034897 -42.976231
v -10.765735 144.114304 -42.975777
v -10.838202 144.189209 -42.975346
v -10.902453 144.260986 -42.974937
v -10.960417 144.331024 -42.974537
v -11.014026 144.400696 -42.974136
v -11.065211 144.471375 -42.973732
v -11.115903 144.544418 -42.973316
v -11.168033 144.621246 -42.972878
v -11.223533 144.703186 -42.972408
v -11.284335 144.791656 -42.971901
v -11.472322 144.606750 -42.972958
v -11.653295 144.443680 -42.973892
v -11.829614 144.301331 -42.974705
v -12.003633 144.178619 -42.975407
v -12.177707 144.074448 -42.976002
v -12.354190 143.987717 -42.976498
v -12.535438 143.917343 -42.976902
v -12.723809 143.862213 -42.977219
v -12.921657 143.821243 -42.977451
v -13.131337 143.793335 -42.977612
v -13.355206 143.777390 -42.977703
v -13.595618 143.772324 -42.977730
v -13.884641 143.787476 -42.977646
v -14.160527 143.832947 -42.977383
v -14.420995 143.908752 -42.976952
v -14.663754 144.014908 -42.976345
v -14.886519 144.151382 -42.975563
v -15.087003 144.318207 -42.974609
v -15.262919 144.515396 -42.973480
v -15.411979 144.742950 -42.972179
v -15.531894 145.000854 -42.970707
v -15.620381 145.289154 -42.969055
v -15.675151 145.607819 -42.967236
v -15.693915 145.956894 -42.965237
v -15.681262 146.233719 -42.963654
v -15.644130 146.495316 -42.962158
v -15.583755 146.741562 -42.960751
v -15.501382 146.972351 -42.959431
v -15.398244 147.187561 -42.958202
v -15.275586 147.387070 -42.957062
v -15.134645 147.570755 -42.956009
v -14.976659 147.738525 -42.955051
v -14.802869 147.890228 -42.954182
v -14.614514 148.025787 -42.953407
v -14.412835 148.145050 -42.952724
v -14.199073 148.247925 -42.952137
v -14.002801 148.326157 -42.951691
v -13.795875 148.393951 -42.951302
v -13.580209 148.452393 -42.950970
v -13.357724 148.502563 -42.950680
v -13.130338 148.545532 -42.950436
v -12.899964 148.582367 -42.950226
v -12.668523 148.614151 -42.950043
v -12.437928 148.641968 -42.949883
v -12.210103 148.666870 -42.949741
v -11.986960 148.689957 -42.949608
v -11.770417 148.712280 -42.949482
v -11.562394 148.734924 -42.949352
v -11.562394 148.738495 -42.949333
v -11.562394 148.748367 -42.949276
v -11.562394 148.763260 -42.949192
v -11.562394 148.781952 -42.949085
v -11.562394 148.803162 -42.948963
v -11.562394 148.825623 -42.948833
v -11.562394 148.848083 -42.948704
v -11.562394 148.869293 -42.948586
v -11.562394 148.887970 -42.948479
v -11.562394 148.902878 -42.948391
v -11.562394 148.912750 -42.948334
v -11.562394 148.916321 -42.948315
v -11.562003 149.000793 -42.947830
v -11.561400 149.087234 -42.947338
v -11.561440 149.175064 -42.946835
v -11.562980 149.263687 -42.946327
v -11.566875 149.352539 -42.945820
v -11.573981 149.441025 -42.945316
v -11.585155 149.528549 -42.944813
v -11.601253 149.614563 -42.944321
v -11.623130 149.698471 -42.943844
v -11.651641 149.779678 -42.943378
v -11.687644 149.857620 -42.942932
v -11.731994 149.931702 -42.942509
v -11.778020 149.993149 -42.942158
v -11.829860 150.048416 -42.941841
v -11.886834 150.097672 -42.941559
v -11.948268 150.141068 -42.941311
v -12.013480 150.178772 -42.941097
v -12.081794 150.210938 -42.940910
v -12.152534 150.237732 -42.940758
v -12.225017 150.259293 -42.940636
v -12.298570 150.275787 -42.940540
v -12.372512 150.287384 -42.940475
v -12.446166 150.294220 -42.940437
v -12.518857 150.296463 -42.940422
v -12.651097 150.290741 -42.940456
v -12.779901 150.273529 -42.940556
v -12.904214 150.244766 -42.940720
v -13.022981 150.204376 -42.940948
v -13.135144 150.152298 -42.941246
v -13.239654 150.088455 -42.941612
v -13.335454 150.012787 -42.942043
v -13.421487 149.925217 -42.942547
v -13.496703 149.825668 -42.943115
v -13.560044 149.714096 -42.943752
v -13.610459 149.590424 -42.944462
v -13.646892 149.454575 -42.945236
v -13.654223 149.423141 -42.945415
v -13.664311 149.392181 -42.945595
v -13.677026 149.362122 -42.945766
v -13.692248 149.333359 -42.945930
v -13.709853 149.306290 -42.946087
v -13.729718 149.281311 -42.946228
v -13.751719 149.258850 -42.946358
v -13.775733 149.239304 -42.946468
v -13.801637 149.223053 -42.946560
v -13.829309 149.210541 -42.946632
v -13.858623 149.202133 -42.946682
v -13.889461 149.198257 -42.946701
v -13.916234 149.201126 -42.946686
v -13.990256 149.209061 -42.946640
v -14.102075 149.221054 -42.946571
v -14.242244 149.236084 -42.946487
v -14.401311 149.253143 -42.946388
v -14.569829 149.271210 -42.946285
v -14.738345 149.289276 -42.946182
v -14.897412 149.306335 -42.946083
v -15.037581 149.321365 -42.945999
v -15.149400 149.333359 -42.945930
v -15.223420 149.341293 -42.945885
v -15.250194 149.344162 -42.945869
v -15.278937 149.351974 -42.945824
v -15.307586 149.362640 -42.945763
v -15.335547 149.376205 -42.945686
v -15.362237 149.392715 -42.945591
v -15.387063 149.412262 -42.945480
v -15.409438 149.434860 -42.945351
v -15.428773 149.460587 -42.945202
v -15.444480 149.489471 -42.945038
v -15.455968 149.521606 -42.944855
v -15.462647 149.557022 -42.944653
v -15.463935 149.595779 -42.944431
v -15.459239 149.637939 -42.944187
v -15.357131 150.026398 -42.941967
v -15.210673 150.369156 -42.940006
v -15.024486 150.668488 -42.938293
v -14.803191 150.926651 -42.936821
v -14.551410 151.145935 -42.935566
v -14.273768 151.328613 -42.934521
v -13.974885 151.476944 -42.933674
v -13.659381 151.593216 -42.933006
v -13.331882 151.679688 -42.932514
v -12.997006 151.738647 -42.932175
v -12.659377 151.772339 -42.931984
v -12.323621 151.783081 -42.931923
v -12.149005 151.779205 -42.931942
v -11.967633 151.767242 -42.932011
v -11.781453 151.746658 -42.932129
v -11.592418 151.716919 -42.932301
v -11.402476 151.677475 -42.932526
v -11.213586 151.627808 -42.932808
v -11.027693 151.567383 -42.933155
v -10.846749 151.495651 -42.933567
v -10.672709 151.412094 -42.934044
v -10.507524 151.316177 -42.934593
v -10.353143 151.207367 -42.935215
v -10.211517 151.085114 -42.935913
v -10.056033 150.921555 -42.936848
v -9.928871 150.749588 -42.937832
v -9.827209 150.569717 -42.938862
v -9.748224 150.382416 -42.939930
v -9.689098 150.188141 -42.941044
v -9.647009 149.987411 -42.942188
v -9.619136 149.780670 -42.943371
v -9.602656 149.568420 -42.944588
v -9.594750 149.351120 -42.945827
v -9.592596 149.129272 -42.947098
v -9.593372 148.903336 -42.948391
v -9.594256 148.673798 -42.949703
v -9.594256 148.630829 -42.949947
v -9.594256 148.511978 -42.950626
v -9.594256 148.332458 -42.951653
v -9.594256 148.107437 -42.952942
v -9.594256 147.852066 -42.954399
v -9.594256 147.581512 -42.955948
v -9.594256 147.310974 -42.957497
v -9.594256 147.055603 -42.958954
v -9.594256 146.830566 -42.960243
v -9.594256 146.651047 -42.961269
v -9.594256 146.532211 -42.961948
v -9.594256 146.489227 -42.962193
v -9.588754 146.332520 -42.963089
v -9.572910 146.189667 -42.963909
v -9.547728 146.059143 -42.964653
v -9.514204 145.939438 -42.965340
v -9.473341 145.829041 -42.965969
v -9.426137 145.726456 -42.966557
v -9.373591 145.630142 -42.967106
v -9.316705 145.538605 -42.967628
v -9.256475 145.450333 -42.968136
v -9.193905 145.363800 -42.968632
v -9.129992 145.277496 -42.969124
v -9.065738 145.189926 -42.969624
v -9.044574 145.157883 -42.969807
v -9.026587 145.125076 -42.969994
v -9.011997 145.091766 -42.970184
v -9.001022 145.058258 -42.970379
v -8.993882 145.024826 -42.970570
v -8.990797 144.991776 -42.970757
v -8.991984 144.959366 -42.970943
v -8.997663 144.927917 -42.971123
v -9.008052 144.897690 -42.971294
v -9.023373 144.868988 -42.971458
v -9.043841 144.842087 -42.971615
v -9.069679 144.817276 -42.971756
v -9.145549 144.753601 -42.972118
v -9.229136 144.682770 -42.972523
v -9.318871 144.606171 -42.972961
v -9.413188 144.525192 -42.973427
v -9.510518 144.441223 -42.973907
v -9.609293 144.355667 -42.974396
v -9.707944 144.269913 -42.974884
v -9.804904 144.185333 -42.975368
v -9.898604 144.103333 -42.975838
v -9.987477 144.025299 -42.976284
v -10.069954 143.952606 -42.976700
v -10.144467 143.886673 -42.977077
v -10.144546 143.886749 -42.977077
v -10.144760 143.886963 -42.977074
v -10.145084 143.887283 -42.977074
v -10.145491 143.887695 -42.977070
v -10.145951 143.888153 -42.977070
v -10.146439 143.888641 -42.977066
v -10.146927 143.889130 -42.977062
v -10.147388 143.889587 -42.977058
v -10.147794 143.889999 -42.977058
v -10.148118 143.890320 -42.977055
v -10.148333 143.890533 -42.977055
v 25.500977 143.870895 -42.977165
v 24.104736 143.870895 -42.977165
v 24.070358 143.875443 -42.977142
v 24.037422 143.884003 -42.977093
v 24.006226 143.896301 -42.977020
v 23.977062 143.912079 -42.976933
v 23.950230 143.931046 -42.976822
v 23.926018 143.952957 -42.976696
v 23.904724 143.977539 -42.976559
v 23.886639 144.004517 -42.976402
v 23.872063 144.033646 -42.976238
v 23.861286 144.064636 -42.976059
v 23.854603 144.097214 -42.975872
v 23.852306 144.131149 -42.975677
v 23.852268 144.272736 -42.974869
v 23.852161 144.664215 -42.972630
v 23.852001 145.255600 -42.969250
v 23.851799 145.996902 -42.965008
v 23.851570 146.838150 -42.960197
v 23.851326 147.729385 -42.955101
v 23.851082 148.620621 -42.950005
v 23.850853 149.461868 -42.945194
v 23.850651 150.203171 -42.940956
v 23.850487 150.794556 -42.937576
v 23.850380 151.186020 -42.935337
v 23.850342 151.327621 -42.934525
v 23.855431 151.359985 -42.934341
v 23.864601 151.390869 -42.934166
v 23.877579 151.420013 -42.933998
v 23.894093 151.447159 -42.933842
v 23.913864 151.472061 -42.933701
v 23.936623 151.494476 -42.933571
v 23.962090 151.514130 -42.933460
v 23.989994 151.530777 -42.933365
v 24.020065 151.544159 -42.933289
v 24.052025 151.554047 -42.933231
v 24.085598 151.560150 -42.933197
v 24.120514 151.562241 -42.933186
v 24.146088 151.562241 -42.933186
v 24.216782 151.562241 -42.933186
v 24.323578 151.562241 -42.933186
v 24.457451 151.562241 -42.933186
v 24.609371 151.562241 -42.933186
v 24.770317 151.562241 -42.933186
v 24.931267 151.562241 -42.933186
v 25.083187 151.562241 -42.933186
v 25.217060 151.562241 -42.933186
v 25.323853 151.562241 -42.933186
v 25.394550 151.562241 -42.933186
v 25.420120 151.562241 -42.933186
v 25.450207 151.559189 -42.933201
v 25.479210 151.553101 -42.933235
v 25.506954 151.544128 -42.933289
v 25.533260 151.532455 -42.933353
v 25.557949 151.518234 -42.933437
v 25.580845 151.501617 -42.933533
v 25.601768 151.482788 -42.933640
v 25.620541 151.461914 -42.933758
v 25.636986 151.439148 -42.933887
v 25.650925 151.414642 -42.934029
v 25.662178 151.388596 -42.934177
v 25.670570 151.361145 -42.934334
v 25.670570 151.339493 -42.934460
v 25.670570 151.279648 -42.934799
v 25.670570 151.189240 -42.935318
v 25.670570 151.075912 -42.935966
v 25.670570 150.947296 -42.936703
v 25.670570 150.811050 -42.937481
v 25.670570 150.674805 -42.938259
v 25.670570 150.546204 -42.938995
v 25.670570 150.432861 -42.939644
v 25.670570 150.342468 -42.940159
v 25.670570 150.282608 -42.940502
v 25.670570 150.260971 -42.940624
v 25.696209 150.260971 -42.940624
v 25.797756 150.496231 -42.939281
v 25.906784 150.710220 -42.938057
v 26.024193 150.903076 -42.936954
v 26.150887 151.074966 -42.935970
v 26.287769 151.226028 -42.935108
v 26.435745 151.356461 -42.934361
v 26.595718 151.466385 -42.933731
v 26.768589 151.555969 -42.933220
v 26.955265 151.625366 -42.932823
v 27.156651 151.674744 -42.932541
v 27.373650 151.704254 -42.932373
v 27.607159 151.714066 -42.932316
v 27.763988 151.709244 -42.932343
v 27.919453 151.694397 -42.932430
v 28.072853 151.668930 -42.932575
v 28.223476 151.632278 -42.932785
v 28.370621 151.583847 -42.933060
v 28.513580 151.523056 -42.933407
v 28.651653 151.449341 -42.933830
v 28.784130 151.362091 -42.934330
v 28.910309 151.260742 -42.934910
v 29.029484 151.144714 -42.935574
v 29.140945 151.013412 -42.936321
v 29.243992 150.866257 -42.937164
v 29.328266 150.714539 -42.938030
v 29.398529 150.548782 -42.938980
v 29.456055 150.371292 -42.939995
v 29.502117 150.184372 -42.941063
v 29.537991 149.990326 -42.942173
v 29.564953 149.791473 -42.943310
v 29.584267 149.590118 -42.944462
v 29.597218 149.388550 -42.945614
v 29.605072 149.189102 -42.946754
v 29.609108 148.994064 -42.947872
v 29.610592 148.805756 -42.948948
v 29.610806 148.626480 -42.949974
v 29.610806 148.537369 -42.950481
v 29.610806 148.291016 -42.951889
v 29.610806 147.918854 -42.954018
v 29.610806 147.452332 -42.956688
v 29.610806 146.922913 -42.959713
v 29.610806 146.362061 -42.962921
v 29.610806 145.801193 -42.966129
v 29.610806 145.271774 -42.969154
v 29.610806 144.805267 -42.971825
v 29.610806 144.433105 -42.973953
v 29.610806 144.186737 -42.975361
v 29.610806 144.097626 -42.975872
v 29.604809 144.066666 -42.976048
v 29.594898 144.037018 -42.976215
v 29.581345 144.008972 -42.976379
v 29.564423 143.982758 -42.976528
v 29.544403 143.958664 -42.976665
v 29.521564 143.936935 -42.976788
v 29.496178 143.917847 -42.976898
v 29.468521 143.901627 -42.976990
v 29.438858 143.888580 -42.977066
v 29.407475 143.878922 -42.977119
v 29.374638 143.872940 -42.977154
v 29.340622 143.870895 -42.977165
v 29.312958 143.870895 -42.977165
v 29.236469 143.870895 -42.977165
v 29.120922 143.870895 -42.977165
v 28.976082 143.870895 -42.977165
v 28.811714 143.870895 -42.977165
v 28.637577 143.870895 -42.977165
v 28.463440 143.870895 -42.977165
v 28.299072 143.870895 -42.977165
v 28.154232 143.870895 -42.977165
v 28.038685 143.870895 -42.977165
v 27.962196 143.870895 -42.977165
v 27.934525 143.870895 -42.977165
v 27.902973 143.875092 -42.977142
v 27.872570 143.882614 -42.977100
v 27.843563 143.893280 -42.977039
v 27.816200 143.906891 -42.976963
v 27.790730 143.923233 -42.976868
v 27.767391 143.942108 -42.976761
v 27.746441 143.963333 -42.976639
v 27.728115 143.986710 -42.976505
v 27.712669 144.012024 -42.976360
v 27.700344 144.039078 -42.976204
v 27.691387 144.067673 -42.976044
v 27.686047 144.097626 -42.975872
v 27.686047 144.174515 -42.975430
v 27.686047 144.387100 -42.974216
v 27.686047 144.708221 -42.972378
v 27.686047 145.110764 -42.970078
v 27.686047 145.567566 -42.967464
v 27.686047 146.051514 -42.964699
v 27.686047 146.535477 -42.961929
v 27.686047 146.992279 -42.959316
v 27.686047 147.394821 -42.957016
v 27.686047 147.715942 -42.955181
v 27.686047 147.928528 -42.953964
v 27.686047 148.005417 -42.953526
v 27.687271 148.208801 -42.952362
v 27.688282 148.422134 -42.951141
v 27.685093 148.640121 -42.949894
v 27.673702 148.857529 -42.948650
v 27.650124 149.069061 -42.947441
v 27.610367 149.269485 -42.946297
v 27.550434 149.453506 -42.945244
v 27.466343 149.615875 -42.944313
v 27.354092 149.751328 -42.943539
v 27.209690 149.854599 -42.942951
v 27.029148 149.920425 -42.942574
v 26.808472 149.943527 -42.942440
v 26.723827 149.938828 -42.942467
v 26.640789 149.924988 -42.942547
v 26.559803 149.902374 -42.942677
v 26.481323 149.871384 -42.942852
v 26.405800 149.832397 -42.943077
v 26.333687 149.785797 -42.943344
v 26.265438 149.731979 -42.943649
v 26.201504 149.671295 -42.943996
v 26.142334 149.604172 -42.944382
v 26.088379 149.530945 -42.944801
v 26.040096 149.452042 -42.945251
v 25.997940 149.367813 -42.945732
v 25.952126 149.257904 -42.946362
v 25.912956 149.147919 -42.946991
v 25.879921 149.037659 -42.947620
v 25.852516 148.926971 -42.948254
v 25.830231 148.815689 -42.948891
v 25.812561 148.703613 -42.949532
v 25.799004 148.590607 -42.950176
v 25.789043 148.476486 -42.950829
v 25.782181 148.361084 -42.951488
v 25.777905 148.244217 -42.952160
v 25.775711 148.125717 -42.952835
v 25.775093 148.005417 -42.953526
v 25.775093 147.929184 -42.953960
v 25.775093 147.718430 -42.955166
v 25.775093 147.400055 -42.956985
v 25.775093 147.000977 -42.959267
v 25.775093 146.548080 -42.961857
v 25.775093 146.068283 -42.964600
v 25.775093 145.588486 -42.967346
v 25.775093 145.135590 -42.969936
v 25.775093 144.736496 -42.972218
v 25.775093 144.418121 -42.974037
v 25.775093 144.207382 -42.975243
v 25.775093 144.131149 -42.975677
v 25.772148 144.095795 -42.975880
v 25.764511 144.061890 -42.976074
v 25.752506 144.029755 -42.976257
v 25.736454 143.999710 -42.976429
v 25.716679 143.972031 -42.976589
v 25.693497 143.947052 -42.976730
v 25.667236 143.925064 -42.976856
v 25.638214 143.906387 -42.976963
v 25.606754 143.891312 -42.977051
v 25.573181 143.880173 -42.977116
v 25.537811 143.873260 -42.977154
v 10.759638 150.034241 -42.941921
v 10.723330 150.036377 -42.941910
v 10.688560 150.042694 -42.941875
v 10.655642 150.052963 -42.941814
v 10.624878 150.067017 -42.941734
v 10.596581 150.084671 -42.941635
v 10.571056 150.105713 -42.941513
v 10.548613 150.129944 -42.941376
v 10.529560 150.157211 -42.941219
v 10.514204 150.187286 -42.941048
v 10.502853 150.219986 -42.940861
v 10.495818 150.255127 -42.940659
v 10.493404 150.292526 -42.940445
v 10.493404 151.321716 -42.934559
v 10.495815 151.359558 -42.934345
v 10.502827 151.395081 -42.934139
v 10.514112 151.428085 -42.933952
v 10.529341 151.458420 -42.933777
v 10.548185 151.485870 -42.933620
v 10.570316 151.510254 -42.933483
v 10.595406 151.531403 -42.933361
v 10.623125 151.549103 -42.933258
v 10.653145 151.563202 -42.933178
v 10.685137 151.573502 -42.933121
v 10.718771 151.579819 -42.933083
v 10.753721 151.581970 -42.933071
v 10.844402 151.581970 -42.933071
v 11.095110 151.581970 -42.933071
v 11.473840 151.581970 -42.933071
v 11.948585 151.581970 -42.933071
v 12.487341 151.581970 -42.933071
v 13.058102 151.581970 -42.933071
v 13.628862 151.581970 -42.933071
v 14.167619 151.581970 -42.933071
v 14.642365 151.581970 -42.933071
v 15.021093 151.581970 -42.933071
v 15.271802 151.581970 -42.933071
v 15.362481 151.581970 -42.933071
v 15.398791 151.579788 -42.933083
v 15.433560 151.573364 -42.933121
v 15.466480 151.562927 -42.933182
v 15.497242 151.548676 -42.933262
v 15.525540 151.530792 -42.933365
v 15.551064 151.509506 -42.933487
v 15.573507 151.485031 -42.933624
v 15.592561 151.457535 -42.933784
v 15.607917 151.427261 -42.933956
v 15.619267 151.394394 -42.934143
v 15.626302 151.359146 -42.934345
v 15.628716 151.321716 -42.934559
v 15.628716 151.304367 -42.934658
v 15.628716 151.256424 -42.934933
v 15.628716 151.184006 -42.935349
v 15.628716 151.093216 -42.935867
v 15.628716 150.990204 -42.936455
v 15.628716 150.881058 -42.937080
v 15.628716 150.771912 -42.937702
v 15.628716 150.668884 -42.938293
v 15.628716 150.578094 -42.938812
v 15.628716 150.505676 -42.939228
v 15.628716 150.457733 -42.939499
v 15.628716 150.440384 -42.939598
v 15.625690 150.402435 -42.939816
v 15.617659 150.362366 -42.940044
v 15.604712 150.319931 -42.940289
v 15.586936 150.274918 -42.940544
v 15.564423 150.227081 -42.940819
v 15.537260 150.176193 -42.941109
v 15.505537 150.122009 -42.941422
v 15.469342 150.064316 -42.941750
v 15.428765 150.002869 -42.942101
v 15.383896 149.937439 -42.942474
v 15.334821 149.867798 -42.942875
v 15.281629 149.793701 -42.943298
v 15.234639 149.726624 -42.943680
v 15.104726 149.541183 -42.944740
v 14.908473 149.261047 -42.946342
v 14.662466 148.909897 -42.948353
v 14.383290 148.511383 -42.950630
v 14.087530 148.089218 -42.953045
v 13.791769 147.667038 -42.955460
v 13.512593 147.268539 -42.957737
v 13.266587 146.917389 -42.959747
v 13.070335 146.637253 -42.961349
v 12.940421 146.451813 -42.962410
v 12.893432 146.384735 -42.962791
v 13.116214 146.386856 -42.962780
v 13.340421 146.381989 -42.962807
v 13.565421 146.369553 -42.962879
v 13.790586 146.348953 -42.962997
v 14.015285 146.319626 -42.963165
v 14.238889 146.280975 -42.963387
v 14.460767 146.232437 -42.963661
v 14.680289 146.173401 -42.964001
v 14.896826 146.103317 -42.964401
v 15.109748 146.021576 -42.964867
v 15.318424 145.927612 -42.965405
v 15.522224 145.820847 -42.966015
v 15.564885 145.794250 -42.966167
v 15.602376 145.765869 -42.966331
v 15.635034 145.735855 -42.966503
v 15.663191 145.704376 -42.966682
v 15.687186 145.671616 -42.966869
v 15.707353 145.637726 -42.967064
v 15.724028 145.602905 -42.967262
v 15.737546 145.567307 -42.967464
v 15.748243 145.531113 -42.967674
v 15.756454 145.494476 -42.967884
v 15.762516 145.457581 -42.968094
v 15.766763 145.420609 -42.968304
v 15.766763 145.399002 -42.968430
v 15.766763 145.339249 -42.968769
v 15.766763 145.249008 -42.969288
v 15.766763 145.135880 -42.969933
v 15.766763 145.007507 -42.970669
v 15.766763 144.871506 -42.971447
v 15.766763 144.735504 -42.972221
v 15.766763 144.607117 -42.972958
v 15.766763 144.493988 -42.973602
v 15.766763 144.403748 -42.974121
v 15.766763 144.344009 -42.974461
v 15.766763 144.322403 -42.974586
v 15.763404 144.284576 -42.974800
v 15.753689 144.246689 -42.975018
v 15.738167 144.209778 -42.975227
v 15.717387 144.174820 -42.975430
v 15.691895 144.142853 -42.975613
v 15.662241 144.114883 -42.975773
v 15.628971 144.091934 -42.975903
v 15.592633 144.074997 -42.976002
v 15.553776 144.065109 -42.976055
v 15.512946 144.063263 -42.976067
v 15.470693 144.070480 -42.976025
v 15.427563 144.087784 -42.975925
v 15.063836 144.259659 -42.974945
v 14.683430 144.403061 -42.974125
v 14.289054 144.517136 -42.973473
v 13.883421 144.600983 -42.972992
v 13.469241 144.653763 -42.972691
v 13.049229 144.674591 -42.972572
v 12.626093 144.662598 -42.972641
v 12.202547 144.616913 -42.972900
v 11.781301 144.536667 -42.973358
v 11.365067 144.420990 -42.974022
v 10.956558 144.269028 -42.974892
v 10.558483 144.079895 -42.975971
v 10.518487 144.063461 -42.976067
v 10.478770 144.056885 -42.976105
v 10.439943 144.059189 -42.976089
v 10.402617 144.069382 -42.976032
v 10.367399 144.086456 -42.975933
v 10.334899 144.109467 -42.975803
v 10.305727 144.137390 -42.975643
v 10.280493 144.169266 -42.975460
v 10.259804 144.204102 -42.975262
v 10.244272 144.240906 -42.975052
v 10.234507 144.278702 -42.974834
v 10.231115 144.316483 -42.974621
v 10.231115 144.337006 -42.974503
v 10.231115 144.393753 -42.974178
v 10.231115 144.479462 -42.973686
v 10.231115 144.586899 -42.973072
v 10.231115 144.708817 -42.972374
v 10.231115 144.837982 -42.971638
v 10.231115 144.967148 -42.970898
v 10.231115 145.089081 -42.970200
v 10.231115 145.196518 -42.969585
v 10.231115 145.282227 -42.969097
v 10.231115 145.338959 -42.968773
v 10.231115 145.359482 -42.968655
v 10.231252 145.403763 -42.968403
v 10.232038 145.452438 -42.968124
v 10.234043 145.505020 -42.967823
v 10.237836 145.560959 -42.967503
v 10.243984 145.619751 -42.967167
v 10.253056 145.680862 -42.966816
v 10.265620 145.743790 -42.966457
v 10.282245 145.807999 -42.966091
v 10.303499 145.872971 -42.965717
v 10.329950 145.938202 -42.965343
v 10.362166 146.003143 -42.964973
v 10.400717 146.067307 -42.964607
v 10.455156 146.145355 -42.964161
v 10.605668 146.361145 -42.962925
v 10.833035 146.687134 -42.961063
v 11.118046 147.095764 -42.958725
v 11.441483 147.559494 -42.956074
v 11.784136 148.050766 -42.953266
v 12.126787 148.542038 -42.950455
v 12.450225 149.005768 -42.947803
v 12.735235 149.414398 -42.945465
v 12.962603 149.740387 -42.943604
v 13.113113 149.956177 -42.942368
v 13.167552 150.034241 -42.941921
v -6.048446 144.131149 -42.975677
v -6.050900 144.095795 -42.975880
v -6.058051 144.061905 -42.976074
v -6.069585 144.029770 -42.976257
v -6.085186 143.999710 -42.976429
v -6.104539 143.972031 -42.976589
v -6.127329 143.947052 -42.976730
v -6.153242 143.925064 -42.976856
v -6.181963 143.906387 -42.976963
v -6.213176 143.891327 -42.977051
v -6.246566 143.880188 -42.977116
v -6.281819 143.873276 -42.977154
v -6.318622 143.870895 -42.977165
v -7.720774 143.870895 -42.977165
v -7.753684 143.875214 -42.977142
v -7.785205 143.883087 -42.977097
v -7.815095 143.894318 -42.977032
v -7.843116 143.908646 -42.976952
v -7.869028 143.925888 -42.976852
v -7.892591 143.945816 -42.976738
v -7.913567 143.968216 -42.976612
v -7.931714 143.992844 -42.976471
v -7.946794 144.019516 -42.976318
v -7.958565 144.047974 -42.976154
v -7.966789 144.078033 -42.975983
v -7.971228 144.109467 -42.975803
v -7.971228 144.251022 -42.974995
v -7.971228 144.642395 -42.972755
v -7.971228 145.233612 -42.969376
v -7.971228 145.974701 -42.965137
v -7.971228 146.815735 -42.960327
v -7.971228 147.706711 -42.955231
v -7.971228 148.597702 -42.950138
v -7.971228 149.438721 -42.945328
v -7.971228 150.179825 -42.941090
v -7.971228 150.771042 -42.937710
v -7.971228 151.162415 -42.935471
v -7.971228 151.303970 -42.934662
v -7.968773 151.339279 -42.934460
v -7.961622 151.373077 -42.934265
v -7.950089 151.405045 -42.934082
v -7.934487 151.434906 -42.933914
v -7.915134 151.462341 -42.933754
v -7.892344 151.487091 -42.933613
v -7.866430 151.508820 -42.933491
v -7.837710 151.527267 -42.933384
v -7.806498 151.542130 -42.933300
v -7.773107 151.553116 -42.933235
v -7.737855 151.559921 -42.933197
v -7.701054 151.562256 -42.933186
v -7.675327 151.562256 -42.933186
v -7.604201 151.562256 -42.933186
v -7.496758 151.562256 -42.933186
v -7.362074 151.562256 -42.933186
v -7.209230 151.562256 -42.933186
v -7.047306 151.562256 -42.933186
v -6.885383 151.562256 -42.933186
v -6.732539 151.562256 -42.933186
v -6.597855 151.562256 -42.933186
v -6.490411 151.562256 -42.933186
v -6.419286 151.562256 -42.933186
v -6.393561 151.562256 -42.933186
v -6.360158 151.558762 -42.933205
v -6.328154 151.551422 -42.933247
v -6.297791 151.540466 -42.933308
v -6.269320 151.526184 -42.933392
v -6.242984 151.508789 -42.933491
v -6.219030 151.488571 -42.933605
v -6.197707 151.465744 -42.933735
v -6.179259 151.440598 -42.933880
v -6.163935 151.413361 -42.934036
v -6.151979 151.384308 -42.934200
v -6.143639 151.353668 -42.934376
v -6.139159 151.321716 -42.934559
v -6.139159 151.303207 -42.934666
v -6.139159 151.252045 -42.934959
v -6.139159 151.174759 -42.935402
v -6.139159 151.077881 -42.935955
v -6.139159 150.967941 -42.936584
v -6.139159 150.851471 -42.937248
v -6.139159 150.735001 -42.937916
v -6.139159 150.625061 -42.938545
v -6.139159 150.528183 -42.939098
v -6.139159 150.450912 -42.939541
v -6.139159 150.399750 -42.939831
v -6.139159 150.381241 -42.939938
v -6.113523 150.381241 -42.939938
v -6.022030 150.598404 -42.938698
v -5.918314 150.795563 -42.937569
v -5.802643 150.972946 -42.936554
v -5.675282 151.130753 -42.935654
v -5.536501 151.269196 -42.934860
v -5.386565 151.388504 -42.934177
v -5.225741 151.488861 -42.933605
v -5.054297 151.570511 -42.933136
v -4.872499 151.633636 -42.932777
v -4.680614 151.678467 -42.932518
v -4.478910 151.705200 -42.932365
v -4.267653 151.714066 -42.932316
v -4.055017 151.705200 -42.932365
v -3.855496 151.678467 -42.932518
v -3.668478 151.633636 -42.932777
v -3.493354 151.570511 -42.933136
v -3.329515 151.488861 -42.933605
v -3.176351 151.388504 -42.934177
v -3.033252 151.269196 -42.934860
v -2.899611 151.130753 -42.935654
v -2.774815 150.972946 -42.936554
v -2.658258 150.795563 -42.937569
v -2.549329 150.598404 -42.938698
v -2.447418 150.381241 -42.939938
v -2.353838 150.598404 -42.938698
v -2.243572 150.795563 -42.937569
v -2.117925 150.972946 -42.936554
v -1.978208 151.130753 -42.935654
v -1.825726 151.269196 -42.934860
v -1.661788 151.388504 -42.934177
v -1.487702 151.488861 -42.933605
v -1.304777 151.570511 -42.933136
v -1.114319 151.633636 -42.932777
v -0.917636 151.678467 -42.932518
v -0.716037 151.705200 -42.932365
v -0.510830 151.714066 -42.932316
v -0.362936 151.708984 -42.932346
v -0.213803 151.693588 -42.932434
v -0.064492 151.667679 -42.932583
v 0.083936 151.631042 -42.932793
v 0.230419 151.583481 -42.933064
v 0.373897 151.524796 -42.933399
v 0.513306 151.454758 -42.933800
v 0.647587 151.373199 -42.934265
v 0.775678 151.279877 -42.934799
v 0.896517 151.174606 -42.935402
v 1.009043 151.057175 -42.936073
v 1.112195 150.927383 -42.936813
v 1.212352 150.770569 -42.937710
v 1.292412 150.603668 -42.938667
v 1.354545 150.428009 -42.939671
v 1.400923 150.244904 -42.940716
v 1.433714 150.055695 -42.941799
v 1.455091 149.861710 -42.942909
v 1.467224 149.664276 -42.944038
v 1.472283 149.464722 -42.945179
v 1.472440 149.264374 -42.946323
v 1.469864 149.064560 -42.947468
v 1.466727 148.866592 -42.948601
v 1.465199 148.671829 -42.949715
v 1.465160 148.582489 -42.950226
v 1.465052 148.335480 -42.951637
v 1.464890 147.962357 -42.953770
v 1.464688 147.494614 -42.956444
v 1.464457 146.963821 -42.959480
v 1.464213 146.401489 -42.962696
v 1.463969 145.839157 -42.965912
v 1.463739 145.308365 -42.968948
v 1.463536 144.840637 -42.971622
v 1.463374 144.467499 -42.973755
v 1.463267 144.220490 -42.975166
v 1.463228 144.131149 -42.975677
v 1.460774 144.095795 -42.975880
v 1.453623 144.061905 -42.976074
v 1.442090 144.029770 -42.976257
v 1.426489 143.999710 -42.976429
v 1.407135 143.972031 -42.976589
v 1.384344 143.947052 -42.976730
v 1.358431 143.925064 -42.976856
v 1.329710 143.906387 -42.976963
v 1.298497 143.891327 -42.977051
v 1.265106 143.880188 -42.977116
v 1.229853 143.873276 -42.977154
v 1.193052 143.870895 -42.977165
v 1.165502 143.870895 -42.977165
v 1.089335 143.870895 -42.977165
v 0.974274 143.870895 -42.977165
v 0.830042 143.870895 -42.977165
v 0.666364 143.870895 -42.977165
v 0.492962 143.870895 -42.977165
v 0.319560 143.870895 -42.977165
v 0.155881 143.870895 -42.977165
v 0.011650 143.870895 -42.977165
v -0.103412 143.870895 -42.977165
v -0.179579 143.870895 -42.977165
v -0.207129 143.870895 -42.977165
v -0.241510 143.875458 -42.977142
v -0.274445 143.884018 -42.977093
v -0.305641 143.896317 -42.977020
v -0.334804 143.912079 -42.976933
v -0.361638 143.931061 -42.976822
v -0.385849 143.952972 -42.976696
v -0.407144 143.977539 -42.976559
v -0.425227 144.004532 -42.976402
v -0.439804 144.033646 -42.976234
v -0.450581 144.064636 -42.976059
v -0.457263 144.097229 -42.975872
v -0.459555 144.131149 -42.975677
v -0.459555 144.206177 -42.975250
v -0.459555 144.413605 -42.974064
v -0.459555 144.726959 -42.972271
v -0.459555 145.119751 -42.970024
v -0.459555 145.565491 -42.967476
v -0.459555 146.037720 -42.964775
v -0.459555 146.509949 -42.962074
v -0.459555 146.955704 -42.959526
v -0.459555 147.348495 -42.957279
v -0.459555 147.661850 -42.955490
v -0.459555 147.869278 -42.954304
v -0.459555 147.944305 -42.953873
v -0.459050 148.029114 -42.953388
v -0.457820 148.129639 -42.952812
v -0.456288 148.242630 -42.952168
v -0.454880 148.364914 -42.951469
v -0.454020 148.493271 -42.950733
v -0.454132 148.624512 -42.949986
v -0.455641 148.755417 -42.949234
v -0.458971 148.882797 -42.948505
v -0.464547 149.003433 -42.947815
v -0.472794 149.114136 -42.947186
v -0.484136 149.211685 -42.946625
v -0.498997 149.292892 -42.946163
v -0.529415 149.406555 -42.945511
v -0.568139 149.506485 -42.944939
v -0.614765 149.593414 -42.944443
v -0.668889 149.668091 -42.944016
v -0.730107 149.731247 -42.943653
v -0.798015 149.783585 -42.943356
v -0.872209 149.825882 -42.943115
v -0.952285 149.858826 -42.942924
v -1.037838 149.883194 -42.942787
v -1.128467 149.899673 -42.942692
v -1.223765 149.909042 -42.942638
v -1.323329 149.911987 -42.942623
v -1.408327 149.907318 -42.942650
v -1.493194 149.893524 -42.942726
v -1.577143 149.870895 -42.942856
v -1.659388 149.839767 -42.943035
v -1.739140 149.800461 -42.943260
v -1.815612 149.753281 -42.943527
v -1.888017 149.698532 -42.943840
v -1.955566 149.636551 -42.944195
v -2.017474 149.567627 -42.944592
v -2.072951 149.492111 -42.945023
v -2.121211 149.410278 -42.945492
v -2.161466 149.322479 -42.945992
v -2.194269 149.226944 -42.946537
v -2.221094 149.122757 -42.947136
v -2.242537 149.011475 -42.947769
v -2.259193 148.894623 -42.948441
v -2.271659 148.773758 -42.949131
v -2.280530 148.650391 -42.949837
v -2.286402 148.526093 -42.950546
v -2.289870 148.402374 -42.951256
v -2.291530 148.280807 -42.951950
v -2.291978 148.162903 -42.952621
v -2.291810 148.050217 -42.953266
v -2.291622 147.944305 -42.953873
v -2.291622 147.869278 -42.954304
v -2.291622 147.661850 -42.955490
v -2.291622 147.348495 -42.957279
v -2.291622 146.955704 -42.959526
v -2.291622 146.509949 -42.962074
v -2.291622 146.037720 -42.964775
v -2.291622 145.565491 -42.967476
v -2.291622 145.119751 -42.970024
v -2.291622 144.726959 -42.972271
v -2.291622 144.413605 -42.974064
v -2.291622 144.206177 -42.975250
v -2.291622 144.131149 -42.975677
v -2.294076 144.095795 -42.975880
v -2.301228 144.061905 -42.976074
v -2.312761 144.029770 -42.976257
v -2.328363 143.999710 -42.976429
v -2.347716 143.972031 -42.976589
v -2.370507 143.947052 -42.976730
v -2.396420 143.925064 -42.976856
v -2.425141 143.906387 -42.976963
v -2.456355 143.891327 -42.977051
v -2.489746 143.880188 -42.977116
v -2.524999 143.873276 -42.977154
v -2.561798 143.870895 -42.977165
v -2.589348 143.870895 -42.977165
v -2.665515 143.870895 -42.977165
v -2.780577 143.870895 -42.977165
v -2.924809 143.870895 -42.977165
v -3.088487 143.870895 -42.977165
v -3.261889 143.870895 -42.977165
v -3.435291 143.870895 -42.977165
v -3.598970 143.870895 -42.977165
v -3.743202 143.870895 -42.977165
v -3.858263 143.870895 -42.977165
v -3.934430 143.870895 -42.977165
v -3.961981 143.870895 -42.977165
v -3.996775 143.875458 -42.977142
v -4.029980 143.884018 -42.977093
v -4.061323 143.896317 -42.977020
v -4.090529 143.912079 -42.976933
v -4.117326 143.931061 -42.976822
v -4.141438 143.952972 -42.976696
v -4.162593 143.977539 -42.976559
v -4.180515 144.004532 -42.976402
v -4.194932 144.033646 -42.976234
v -4.205567 144.064636 -42.976059
v -4.212151 144.097229 -42.975872
v -4.214406 144.131149 -42.975677
v -4.214445 144.206177 -42.975250
v -4.214553 144.413605 -42.974064
v -4.214715 144.726959 -42.972271
v -4.214918 145.119751 -42.970024
v -4.215148 145.565491 -42.967476
v -4.215392 146.037720 -42.964775
v -4.215636 146.509949 -42.962074
v -4.215866 146.955704 -42.959526
v -4.216069 147.348495 -42.957279
v -4.216231 147.661850 -42.955490
v -4.216339 147.869278 -42.954304
v -4.216378 147.944305 -42.953873
v -4.214355 148.151901 -42.952686
v -4.211202 148.369858 -42.951439
v -4.211293 148.592758 -42.950165
v -4.219007 148.815186 -42.948895
v -4.238718 149.031723 -42.947655
v -4.274801 149.236954 -42.946480
v -4.331633 149.425476 -42.945404
v -4.413587 149.591858 -42.944450
v -4.525041 149.730698 -42.943657
v -4.670369 149.836563 -42.943054
v -4.853949 149.904068 -42.942665
v -5.080152 149.927765 -42.942532
v -5.310899 149.904633 -42.942665
v -5.501786 149.838623 -42.943039
v -5.656587 149.734848 -42.943634
v -5.779075 149.598434 -42.944416
v -5.873021 149.434464 -42.945351
v -5.942201 149.248047 -42.946419
v -5.990385 149.044296 -42.947582
v -6.021347 148.828323 -42.948818
v -6.038862 148.605225 -42.950092
v -6.046701 148.380127 -42.951382
v -6.048638 148.158112 -42.952652
v -6.048446 147.944305 -42.953873
v -6.048446 147.869278 -42.954304
v -6.048446 147.661850 -42.955490
v -6.048446 147.348495 -42.957279
v -6.048446 146.955704 -42.959526
v -6.048446 146.509949 -42.962074
v -6.048446 146.037720 -42.964775
v -6.048446 145.565491 -42.967476
v -6.048446 145.119751 -42.970024
v -6.048446 144.726959 -42.972271
v -6.048446 144.413605 -42.974064
v -6.048446 144.206177 -42.975250
v 16.441214 147.733337 -42.955078
v 16.464542 148.282166 -42.951942
v 16.534019 148.805908 -42.948948
v 16.648869 149.300232 -42.946121
v 16.808313 149.760834 -42.943485
v 17.011581 150.183395 -42.941071
v 17.257904 150.563614 -42.938896
v 17.546501 150.897171 -42.936989
v 17.876600 151.179749 -42.935371
v 18.247429 151.407043 -42.934071
v 18.658215 151.574738 -42.933113
v 19.108177 151.678513 -42.932518
v 19.596552 151.714066 -42.932316
v 20.096703 151.677612 -42.932526
v 20.556492 151.571228 -42.933132
v 20.975315 151.399475 -42.934116
v 21.352581 151.166824 -42.935444
v 21.687695 150.877838 -42.937099
v 21.980057 150.537003 -42.939049
v 22.229080 150.148849 -42.941265
v 22.434158 149.717896 -42.943733
v 22.594700 149.248657 -42.946415
v 22.710110 148.745667 -42.949291
v 22.779797 148.213409 -42.952335
v 22.803154 147.656433 -42.955521
v 22.777534 147.118027 -42.958599
v 22.701893 146.602982 -42.961544
v 22.578060 146.115753 -42.964329
v 22.407864 145.660858 -42.966930
v 22.193130 145.242722 -42.969322
v 21.935688 144.865829 -42.971478
v 21.637363 144.534668 -42.973370
v 21.299992 144.253693 -42.974979
v 20.925396 144.027374 -42.976273
v 20.515406 143.860168 -42.977230
v 20.071848 143.756577 -42.977821
v 19.596552 143.721054 -42.978024
v 19.105278 143.757492 -42.977814
v 18.653419 143.863678 -42.977207
v 18.241604 144.034943 -42.976231
v 17.870464 144.266617 -42.974903
v 17.540628 144.554001 -42.973259
v 17.252728 144.892456 -42.971325
v 17.007389 145.277267 -42.969124
v 16.805246 145.703796 -42.966686
v 16.646927 146.167328 -42.964035
v 16.533062 146.663223 -42.961201
v 16.464281 147.186783 -42.958206
v 20.525400 149.549210 -42.944695
v 20.482727 149.668106 -42.944016
v 20.433643 149.774658 -42.943405
v 20.378235 149.869232 -42.942867
v 20.316578 149.952225 -42.942390
v 20.248760 150.024017 -42.941982
v 20.174862 150.085007 -42.941631
v 20.094967 150.135544 -42.941341
v 20.009153 150.176041 -42.941113
v 19.917507 150.206879 -42.940933
v 19.820107 150.228424 -42.940811
v 19.717041 150.241074 -42.940739
v 19.608383 150.245193 -42.940716
v 19.369690 150.216995 -42.940876
v 19.168209 150.136856 -42.941334
v 19.000797 150.011536 -42.942051
v 18.864325 149.847733 -42.942989
v 18.755653 149.652191 -42.944107
v 18.671644 149.431656 -42.945370
v 18.609165 149.192825 -42.946735
v 18.565077 148.942459 -42.948166
v 18.536247 148.687271 -42.949623
v 18.519535 148.433990 -42.951073
v 18.511808 148.189346 -42.952473
v 18.509930 147.960068 -42.953785
v 18.510296 147.721115 -42.955151
v 18.514004 147.450562 -42.956696
v 18.524969 147.158417 -42.958366
v 18.547110 146.854645 -42.960106
v 18.584343 146.549225 -42.961853
v 18.640583 146.252136 -42.963551
v 18.719749 145.973389 -42.965145
v 18.825758 145.722916 -42.966576
v 18.962524 145.510742 -42.967789
v 19.133968 145.346832 -42.968727
v 19.344006 145.241165 -42.969330
v 19.596552 145.203720 -42.969543
v 19.847206 145.234055 -42.969372
v 20.058138 145.320160 -42.968880
v 20.232765 145.454742 -42.968109
v 20.374504 145.630478 -42.967106
v 20.486769 145.840057 -42.965908
v 20.572979 146.076172 -42.964558
v 20.636553 146.331512 -42.963097
v 20.680906 146.598770 -42.961567
v 20.709454 146.870621 -42.960014
v 20.725616 147.139755 -42.958473
v 20.732807 147.398880 -42.956993
v 20.734446 147.640671 -42.955608
v 20.733835 147.794800 -42.954727
v 20.731697 147.952911 -42.953823
v 20.727573 148.114105 -42.952904
v 20.721004 148.277435 -42.951969
v 20.711533 148.441971 -42.951027
v 20.698700 148.606766 -42.950085
v 20.682045 148.770920 -42.949146
v 20.661112 148.933472 -42.948215
v 20.635437 149.093521 -42.947300
v 20.604568 149.250107 -42.946407
v 20.568043 149.402313 -42.945538
v 6.557123 145.820847 -42.966015
v 6.620281 145.941559 -42.965324
v 6.672416 146.061447 -42.964642
v 6.714581 146.180954 -42.963959
v 6.747829 146.300461 -42.963272
v 6.773218 146.420425 -42.962589
v 6.791800 146.541229 -42.961899
v 6.804629 146.663315 -42.961197
v 6.812762 146.787094 -42.960491
v 6.817252 146.912979 -42.959770
v 6.819153 147.041397 -42.959038
v 6.819521 147.172745 -42.958286
v 6.819409 147.307465 -42.957516
v 6.819409 147.611099 -42.955780
v 6.565457 147.606140 -42.955807
v 6.313040 147.589493 -42.955902
v 6.066073 147.558533 -42.956078
v 5.828473 147.510605 -42.956352
v 5.604158 147.443085 -42.956741
v 5.397043 147.353302 -42.957253
v 5.211047 147.238632 -42.957909
v 5.050084 147.096420 -42.958721
v 4.918073 146.924042 -42.959709
v 4.818931 146.718842 -42.960880
v 4.756573 146.478165 -42.962257
v 4.734916 146.199402 -42.963852
v 4.741397 146.052261 -42.964691
v 4.760635 145.914017 -42.965485
v 4.792322 145.785385 -42.966221
v 4.836149 145.667130 -42.966896
v 4.891809 145.559998 -42.967506
v 4.958993 145.464722 -42.968052
v 5.037394 145.382050 -42.968525
v 5.126702 145.312744 -42.968922
v 5.226611 145.257538 -42.969238
v 5.336811 145.217194 -42.969467
v 5.456995 145.192429 -42.969608
v 5.586855 145.184006 -42.969658
v 5.684546 145.189011 -42.969631
v 5.780202 145.203796 -42.969543
v 5.873517 145.228058 -42.969406
v 5.964181 145.261490 -42.969215
v 6.051888 145.303757 -42.968975
v 6.136328 145.354553 -42.968681
v 6.217194 145.413574 -42.968346
v 6.294178 145.480484 -42.967964
v 6.366970 145.554977 -42.967537
v 6.435264 145.636749 -42.967068
v 6.498751 145.725479 -42.966560
v 8.233394 143.890610 -42.977055
v 8.209400 143.871506 -42.977165
v 8.183928 143.855545 -42.977257
v 8.157222 143.842682 -42.977329
v 8.129530 143.832855 -42.977386
v 8.101099 143.826004 -42.977425
v 8.072175 143.822098 -42.977448
v 8.043005 143.821060 -42.977451
v 8.013834 143.822845 -42.977444
v 7.984910 143.827393 -42.977417
v 7.956479 143.834656 -42.977375
v 7.928787 143.844574 -42.977318
v 7.902082 143.857101 -42.977245
v 7.793378 143.949615 -42.976715
v 7.698684 144.034897 -42.976231
v 7.616068 144.114304 -42.975777
v 7.543601 144.189209 -42.975346
v 7.479351 144.260986 -42.974937
v 7.421387 144.331024 -42.974537
v 7.367778 144.400696 -42.974136
v 7.316593 144.471375 -42.973732
v 7.265901 144.544418 -42.973316
v 7.213770 144.621246 -42.972878
v 7.158271 144.703186 -42.972408
v 7.097472 144.791656 -42.971901
v 6.909485 144.606750 -42.972958
v 6.728510 144.443680 -42.973892
v 6.552191 144.301331 -42.974705
v 6.378173 144.178619 -42.975407
v 6.204100 144.074448 -42.976002
v 6.027617 143.987717 -42.976498
v 5.846367 143.917343 -42.976902
v 5.657997 143.862213 -42.977219
v 5.460149 143.821243 -42.977451
v 5.250469 143.793335 -42.977612
v 5.026601 143.777390 -42.977703
v 4.786189 143.772324 -42.977730
v 4.497166 143.787476 -42.977646
v 4.221277 143.832947 -42.977383
v 3.960809 143.908752 -42.976952
v 3.718049 144.014908 -42.976345
v 3.495283 144.151382 -42.975563
v 3.294799 144.318207 -42.974609
v 3.118885 144.515396 -42.973480
v 2.969826 144.742950 -42.972179
v 2.849910 145.000854 -42.970707
v 2.761424 145.289154 -42.969055
v 2.706656 145.607819 -42.967236
v 2.687891 145.956894 -42.965237
v 2.700544 146.233719 -42.963654
v 2.737677 146.495316 -42.962158
v 2.798050 146.741562 -42.960751
v 2.880425 146.972351 -42.959431
v 2.983561 147.187561 -42.958202
v 3.106220 147.387070 -42.957062
v 3.247161 147.570755 -42.956009
v 3.405146 147.738525 -42.955051
v 3.578935 147.890228 -42.954182
v 3.767288 148.025787 -42.953407
v 3.968966 148.145050 -42.952724
v 4.182731 148.247925 -42.952137
v 4.379003 148.326157 -42.951691
v 4.585931 148.393951 -42.951302
v 4.801595 148.452393 -42.950970
v 5.024080 148.502563 -42.950680
v 5.251468 148.545532 -42.950436
v 5.481842 148.582367 -42.950226
v 5.713283 148.614151 -42.950043
v 5.943876 148.641968 -42.949883
v 6.171702 148.666870 -42.949741
v 6.394845 148.689957 -42.949608
v 6.611386 148.712280 -42.949482
v 6.819409 148.734924 -42.949352
v 6.819409 148.738495 -42.949333
v 6.819409 148.748367 -42.949276
v 6.819409 148.763260 -42.949192
v 6.819409 148.781952 -42.949085
v 6.819409 148.803162 -42.948963
v 6.819409 148.825623 -42.948833
v 6.819409 148.848083 -42.948704
v 6.819409 148.869293 -42.948586
v 6.819409 148.887970 -42.948479
v 6.819409 148.902878 -42.948391
v 6.819409 148.912750 -42.948334
v 6.819409 148.916321 -42.948315
v 6.819800 149.000793 -42.947830
v 6.820404 149.087234 -42.947338
v 6.820364 149.175064 -42.946835
v 6.818825 149.263687 -42.946327
v 6.814930 149.352539 -42.945820
v 6.807823 149.441025 -42.945316
v 6.796649 149.528549 -42.944813
v 6.780552 149.614563 -42.944321
v 6.758676 149.698471 -42.943844
v 6.730164 149.779678 -42.943378
v 6.694160 149.857620 -42.942932
v 6.649810 149.931702 -42.942509
v 6.603784 149.993149 -42.942158
v 6.551945 150.048416 -42.941841
v 6.494969 150.097672 -42.941559
v 6.433537 150.141068 -42.941311
v 6.368324 150.178772 -42.941097
v 6.300010 150.210938 -42.940910
v 6.229272 150.237732 -42.940758
v 6.156788 150.259293 -42.940636
v 6.083235 150.275787 -42.940540
v 6.009292 150.287384 -42.940475
v 5.935637 150.294220 -42.940437
v 5.862947 150.296463 -42.940422
v 5.730705 150.290741 -42.940456
v 5.601902 150.273529 -42.940556
v 5.477590 150.244766 -42.940720
v 5.358824 150.204376 -42.940948
v 5.246659 150.152298 -42.941246
v 5.142150 150.088455 -42.941612
v 5.046351 150.012787 -42.942043
v 4.960317 149.925217 -42.942547
v 4.885102 149.825668 -42.943115
v 4.821760 149.714096 -42.943752
v 4.771347 149.590424 -42.944462
v 4.734916 149.454575 -42.945236
v 4.727582 149.423141 -42.945415
v 4.717495 149.392181 -42.945595
v 4.704779 149.362122 -42.945766
v 4.689557 149.333359 -42.945930
v 4.671952 149.306290 -42.946087
v 4.652087 149.281311 -42.946228
v 4.630086 149.258850 -42.946358
v 4.606071 149.239304 -42.946468
v 4.580168 149.223053 -42.946560
v 4.552497 149.210541 -42.946632
v 4.523183 149.202133 -42.946682
v 4.492349 149.198257 -42.946701
v 4.465575 149.201126 -42.946686
v 4.391553 149.209061 -42.946640
v 4.279733 149.221054 -42.946571
v 4.139565 149.236084 -42.946487
v 3.980497 149.253143 -42.946388
v 3.811979 149.271210 -42.946285
v 3.643462 149.289276 -42.946182
v 3.484394 149.306335 -42.946083
v 3.344225 149.321365 -42.945999
v 3.232405 149.333359 -42.945930
v 3.158383 149.341293 -42.945885
v 3.131609 149.344162 -42.945869
v 3.102866 149.351974 -42.945824
v 3.074219 149.362640 -42.945763
v 3.046256 149.376205 -42.945686
v 3.019567 149.392715 -42.945591
v 2.994740 149.412262 -42.945480
v 2.972364 149.434860 -42.945351
v 2.953029 149.460587 -42.945202
v 2.937323 149.489471 -42.945038
v 2.925835 149.521606 -42.944855
v 2.919154 149.557022 -42.944653
v 2.917869 149.595779 -42.944431
v 2.922569 149.637939 -42.944187
v 3.024675 150.026398 -42.941967
v 3.171134 150.369156 -42.940006
v 3.357321 150.668488 -42.938293
v 3.578615 150.926651 -42.936821
v 3.830395 151.145935 -42.935566
v 4.108038 151.328613 -42.934521
v 4.406922 151.476944 -42.933674
v 4.722425 151.593216 -42.933006
v 5.049924 151.679688 -42.932514
v 5.384799 151.738647 -42.932175
v 5.722426 151.772339 -42.931984
v 6.058185 151.783081 -42.931923
v 6.232800 151.779205 -42.931942
v 6.414173 151.767242 -42.932011
v 6.600353 151.746658 -42.932129
v 6.789389 151.716919 -42.932301
v 6.979329 151.677475 -42.932526
v 7.168221 151.627808 -42.932808
v 7.354114 151.567383 -42.933155
v 7.535056 151.495651 -42.933567
v 7.709096 151.412094 -42.934044
v 7.874281 151.316177 -42.934593
v 8.028662 151.207367 -42.935215
v 8.170286 151.085114 -42.935913
v 8.325770 150.921555 -42.936848
v 8.452934 150.749588 -42.937832
v 8.554597 150.569717 -42.938862
v 8.633581 150.382416 -42.939930
v 8.692707 150.188141 -42.941044
v 8.734797 149.987411 -42.942188
v 8.762671 149.780670 -42.943371
v 8.779151 149.568420 -42.944588
v 8.787058 149.351120 -42.945827
v 8.789213 149.129272 -42.947098
v 8.788437 148.903336 -42.948391
v 8.787551 148.673798 -42.949703
v 8.787551 148.630829 -42.949947
v 8.787551 148.511978 -42.950626
v 8.787551 148.332458 -42.951653
v 8.787551 148.107437 -42.952942
v 8.787551 147.852066 -42.954399
v 8.787551 147.581512 -42.955948
v 8.787551 147.310974 -42.957497
v 8.787551 147.055603 -42.958954
v 8.787551 146.830566 -42.960243
v 8.787551 146.651047 -42.961269
v 8.787551 146.532211 -42.961948
v 8.787551 146.489227 -42.962193
v 8.793055 146.332520 -42.963089
v 8.808897 146.189667 -42.963909
v 8.834080 146.059143 -42.964653
v 8.867603 145.939438 -42.965340
v 8.908466 145.829041 -42.965969
v 8.955671 145.726456 -42.966557
v 9.008217 145.630142 -42.967106
v 9.065104 145.538605 -42.967628
v 9.125332 145.450333 -42.968136
v 9.187901 145.363800 -42.968632
v 9.251814 145.277496 -42.969124
v 9.316069 145.189926 -42.969624
v 9.337233 145.157883 -42.969807
v 9.355219 145.125076 -42.969994
v 9.369808 145.091766 -42.970184
v 9.380783 145.058258 -42.970379
v 9.387922 145.024826 -42.970570
v 9.391008 144.991776 -42.970757
v 9.389822 144.959366 -42.970943
v 9.384142 144.927917 -42.971123
v 9.373753 144.897690 -42.971294
v 9.358433 144.868988 -42.971458
v 9.337963 144.842087 -42.971615
v 9.312125 144.817276 -42.971756
v 9.236256 144.753601 -42.972118
v 9.152669 144.682770 -42.972523
v 9.062933 144.606171 -42.972961
v 8.968616 144.525192 -42.973427
v 8.871287 144.441223 -42.973907
v 8.772512 144.355667 -42.974396
v 8.673862 144.269913 -42.974884
v 8.576902 144.185333 -42.975368
v 8.483202 144.103333 -42.975838
v 8.394329 144.025299 -42.976284
v 8.311852 143.952606 -42.976700
v 8.237337 143.886673 -42.977077
v 8.237260 143.886749 -42.977077
v 8.237045 143.886963 -42.977074
v 8.236721 143.887283 -42.977074
v 8.236315 143.887695 -42.977070
v 8.235854 143.888153 -42.977070
v 8.235366 143.888641 -42.977066
v 8.234878 143.889130 -42.977062
v 8.234416 143.889587 -42.977058
v 8.234010 143.889999 -42.977058
v 8.233686 143.890320 -42.977055
v 8.233471 143.890533 -42.977055
v -11.824681 145.837128 -45.814445
v -11.761523 145.957840 -45.813755
v -11.709390 146.077744 -45.813068
v -11.667226 146.197235 -45.812386
v -11.633977 146.316757 -45.811703
v -11.608590 146.436707 -45.811016
v -11.590007 146.557526 -45.810326
v -11.577178 146.679611 -45.809628
v -11.569045 146.803391 -45.808922
v -11.564555 146.929276 -45.808201
v -11.562654 147.057678 -45.807465
v -11.562285 147.189026 -45.806717
v -11.562394 147.323746 -45.805946
v -11.562394 147.627380 -45.804207
v -11.816348 147.622421 -45.804237
v -12.068765 147.605789 -45.804333
v -12.315734 147.574829 -45.804508
v -12.553334 147.526901 -45.804783
v -12.777650 147.459366 -45.805168
v -12.984763 147.369583 -45.805683
v -13.170760 147.254913 -45.806339
v -13.331723 147.112717 -45.807152
v -13.463733 146.940323 -45.808136
v -13.562877 146.735123 -45.809311
v -13.625234 146.494461 -45.810688
v -13.646892 146.215683 -45.812283
v -13.640410 146.068558 -45.813122
v -13.621173 145.930298 -45.813911
v -13.589486 145.801682 -45.814648
v -13.545657 145.683426 -45.815323
v -13.489997 145.576279 -45.815937
v -13.422812 145.481003 -45.816483
v -13.344413 145.398346 -45.816956
v -13.255103 145.329041 -45.817352
v -13.155194 145.273834 -45.817665
v -13.044993 145.233475 -45.817898
v -12.924808 145.208710 -45.818039
v -12.794950 145.200302 -45.818089
v -12.697261 145.205292 -45.818058
v -12.601604 145.220078 -45.817974
v -12.508288 145.244354 -45.817837
v -12.417624 145.277771 -45.817646
v -12.329919 145.320038 -45.817402
v -12.245477 145.370850 -45.817112
v -12.164611 145.429855 -45.816776
v -12.087626 145.496765 -45.816391
v -12.014834 145.571274 -45.815968
v -11.946540 145.653046 -45.815498
v -11.883054 145.741776 -45.814991
v -10.148411 143.906906 -45.825485
v -10.172404 143.887787 -45.825592
v -10.197877 143.871826 -45.825684
v -10.224583 143.858963 -45.825756
v -10.252275 143.849136 -45.825813
v -10.280705 143.842300 -45.825851
v -10.309629 143.838394 -45.825874
v -10.338800 143.837357 -45.825882
v -10.367971 143.839142 -45.825871
v -10.396895 143.843689 -45.825844
v -10.425326 143.850952 -45.825806
v -10.453017 143.860870 -45.825748
v -10.479722 143.873383 -45.825676
v -10.588426 143.965912 -45.825146
v -10.683120 144.051193 -45.824657
v -10.765735 144.130585 -45.824203
v -10.838202 144.205490 -45.823776
v -10.902453 144.277283 -45.823364
v -10.960417 144.347321 -45.822964
v -11.014026 144.416977 -45.822567
v -11.065211 144.487656 -45.822163
v -11.115903 144.560715 -45.821747
v -11.168033 144.637527 -45.821304
v -11.223533 144.719482 -45.820839
v -11.284335 144.807938 -45.820332
v -11.472322 144.623047 -45.821388
v -11.653295 144.459961 -45.822323
v -11.829614 144.317612 -45.823135
v -12.003633 144.194901 -45.823837
v -12.177707 144.090729 -45.824432
v -12.354190 144.003998 -45.824928
v -12.535438 143.933624 -45.825333
v -12.723809 143.878494 -45.825645
v -12.921657 143.837524 -45.825882
v -13.131337 143.809616 -45.826038
v -13.355206 143.793671 -45.826130
v -13.595618 143.788605 -45.826160
v -13.884641 143.803757 -45.826073
v -14.160527 143.849243 -45.825813
v -14.420995 143.925049 -45.825378
v -14.663754 144.031189 -45.824772
v -14.886519 144.167679 -45.823994
v -15.087003 144.334503 -45.823040
v -15.262919 144.531693 -45.821911
v -15.411979 144.759232 -45.820610
v -15.531894 145.017151 -45.819134
v -15.620381 145.305435 -45.817486
v -15.675151 145.624115 -45.815662
v -15.693915 145.973175 -45.813667
v -15.681262 146.250015 -45.812084
v -15.644130 146.511612 -45.810589
v -15.583755 146.757858 -45.809181
v -15.501382 146.988647 -45.807861
v -15.398244 147.203842 -45.806629
v -15.275586 147.403351 -45.805489
v -15.134645 147.587051 -45.804440
v -14.976659 147.754807 -45.803478
v -14.802869 147.906525 -45.802612
v -14.614514 148.042068 -45.801838
v -14.412835 148.161346 -45.801155
v -14.199073 148.264221 -45.800568
v -14.002801 148.342438 -45.800117
v -13.795875 148.410233 -45.799732
v -13.580209 148.468689 -45.799397
v -13.357724 148.518860 -45.799110
v -13.130338 148.561813 -45.798866
v -12.899964 148.598663 -45.798653
v -12.668523 148.630447 -45.798473
v -12.437928 148.658249 -45.798313
v -12.210103 148.683167 -45.798172
v -11.986960 148.706238 -45.798038
v -11.770417 148.728561 -45.797913
v -11.562394 148.751221 -45.797783
v -11.562394 148.754776 -45.797760
v -11.562394 148.764648 -45.797707
v -11.562394 148.779556 -45.797619
v -11.562394 148.798248 -45.797512
v -11.562394 148.819443 -45.797390
v -11.562394 148.841904 -45.797264
v -11.562394 148.864380 -45.797134
v -11.562394 148.885574 -45.797012
v -11.562394 148.904266 -45.796906
v -11.562394 148.919174 -45.796822
v -11.562394 148.929031 -45.796764
v -11.562394 148.932602 -45.796745
v -11.562003 149.017090 -45.796261
v -11.561400 149.103531 -45.795769
v -11.561440 149.191345 -45.795265
v -11.562980 149.279984 -45.794758
v -11.566875 149.368820 -45.794250
v -11.573981 149.457306 -45.793743
v -11.585155 149.544846 -45.793243
v -11.601253 149.630859 -45.792751
v -11.623130 149.714752 -45.792271
v -11.651641 149.795975 -45.791809
v -11.687644 149.873917 -45.791363
v -11.731994 149.947998 -45.790939
v -11.778020 150.009430 -45.790588
v -11.829860 150.064697 -45.790272
v -11.886834 150.113953 -45.789989
v -11.948268 150.157364 -45.789742
v -12.013480 150.195068 -45.789524
v -12.081794 150.227234 -45.789341
v -12.152534 150.254013 -45.789188
v -12.225017 150.275589 -45.789066
v -12.298570 150.292084 -45.788971
v -12.372512 150.303665 -45.788902
v -12.446166 150.310501 -45.788864
v -12.518857 150.312744 -45.788853
v -12.651097 150.307037 -45.788883
v -12.779901 150.289825 -45.788982
v -12.904214 150.261063 -45.789146
v -13.022981 150.220673 -45.789379
v -13.135144 150.168579 -45.789677
v -13.239654 150.104736 -45.790043
v -13.335454 150.029068 -45.790474
v -13.421487 149.941498 -45.790974
v -13.496703 149.841965 -45.791546
v -13.560044 149.730392 -45.792183
v -13.610459 149.606705 -45.792889
v -13.646892 149.470856 -45.793667
v -13.654223 149.439423 -45.793846
v -13.664311 149.408478 -45.794022
v -13.677026 149.378418 -45.794197
v -13.692248 149.349640 -45.794361
v -13.709853 149.322571 -45.794514
v -13.729718 149.297607 -45.794659
v -13.751719 149.275146 -45.794785
v -13.775733 149.255585 -45.794899
v -13.801637 149.239349 -45.794991
v -13.829309 149.226822 -45.795063
v -13.858623 149.218430 -45.795109
v -13.889461 149.214554 -45.795132
v -13.916234 149.217422 -45.795116
v -13.990256 149.225357 -45.795071
v -14.102075 149.237350 -45.795002
v -14.242244 149.252380 -45.794914
v -14.401311 149.269424 -45.794819
v -14.569829 149.287506 -45.794716
v -14.738345 149.305573 -45.794613
v -14.897412 149.322617 -45.794514
v -15.037581 149.337646 -45.794430
v -15.149400 149.349640 -45.794361
v -15.223420 149.357574 -45.794315
v -15.250194 149.360443 -45.794296
v -15.278937 149.368271 -45.794254
v -15.307586 149.378922 -45.794193
v -15.335547 149.392487 -45.794113
v -15.362237 149.409012 -45.794022
v -15.387063 149.428543 -45.793907
v -15.409438 149.451141 -45.793777
v -15.428773 149.476868 -45.793633
v -15.444480 149.505768 -45.793468
v -15.455968 149.537903 -45.793282
v -15.462647 149.573318 -45.793079
v -15.463935 149.612076 -45.792858
v -15.459239 149.654221 -45.792618
v -15.357131 150.042679 -45.790398
v -15.210673 150.385452 -45.788437
v -15.024486 150.684769 -45.786724
v -14.803191 150.942947 -45.785248
v -14.551410 151.162231 -45.783993
v -14.273768 151.344910 -45.782951
v -13.974885 151.493240 -45.782101
v -13.659381 151.609497 -45.781437
v -13.331882 151.695984 -45.780941
v -12.997006 151.754929 -45.780605
v -12.659377 151.788635 -45.780411
v -12.323621 151.799362 -45.780350
v -12.149005 151.795502 -45.780373
v -11.967633 151.783539 -45.780441
v -11.781453 151.762955 -45.780560
v -11.592418 151.733200 -45.780731
v -11.402476 151.693771 -45.780956
v -11.213586 151.644104 -45.781239
v -11.027693 151.583664 -45.781586
v -10.846749 151.511948 -45.781994
v -10.672709 151.428391 -45.782471
v -10.507524 151.332474 -45.783020
v -10.353143 151.223648 -45.783642
v -10.211517 151.101410 -45.784344
v -10.056033 150.937836 -45.785278
v -9.928871 150.765884 -45.786263
v -9.827209 150.586014 -45.787289
v -9.748224 150.398697 -45.788361
v -9.689098 150.204437 -45.789471
v -9.647009 150.003693 -45.790619
v -9.619136 149.796967 -45.791801
v -9.602656 149.584702 -45.793015
v -9.594750 149.367416 -45.794258
v -9.592596 149.145554 -45.795528
v -9.593372 148.919632 -45.796818
v -9.594256 148.690094 -45.798130
v -9.594256 148.647110 -45.798378
v -9.594256 148.528275 -45.799057
v -9.594256 148.348755 -45.800083
v -9.594256 148.123718 -45.801369
v -9.594256 147.868347 -45.802830
v -9.594256 147.597809 -45.804379
v -9.594256 147.327271 -45.805923
v -9.594256 147.071884 -45.807384
v -9.594256 146.846863 -45.808670
v -9.594256 146.667343 -45.809700
v -9.594256 146.548508 -45.810379
v -9.594256 146.505524 -45.810623
v -9.588754 146.348816 -45.811520
v -9.572910 146.205948 -45.812336
v -9.547728 146.075424 -45.813084
v -9.514204 145.955719 -45.813766
v -9.473341 145.845337 -45.814400
v -9.426137 145.742737 -45.814987
v -9.373591 145.646439 -45.815536
v -9.316705 145.554901 -45.816059
v -9.256475 145.466614 -45.816566
v -9.193905 145.380096 -45.817059
v -9.129992 145.293793 -45.817554
v -9.065738 145.206207 -45.818054
v -9.044574 145.174179 -45.818237
v -9.026587 145.141373 -45.818424
v -9.011997 145.108063 -45.818615
v -9.001022 145.074554 -45.818806
v -8.993882 145.041122 -45.818996
v -8.990797 145.008057 -45.819187
v -8.991984 144.975662 -45.819374
v -8.997663 144.944199 -45.819553
v -9.008052 144.913971 -45.819725
v -9.023373 144.885269 -45.819889
v -9.043841 144.858368 -45.820042
v -9.069679 144.833572 -45.820183
v -9.145549 144.769882 -45.820549
v -9.229136 144.699051 -45.820953
v -9.318871 144.622452 -45.821392
v -9.413188 144.541473 -45.821854
v -9.510518 144.457520 -45.822334
v -9.609293 144.371964 -45.822823
v -9.707944 144.286194 -45.823315
v -9.804904 144.201630 -45.823799
v -9.898604 144.119629 -45.824268
v -9.987477 144.041580 -45.824715
v -10.069954 143.968903 -45.825130
v -10.144467 143.902954 -45.825508
v -10.144546 143.903030 -45.825504
v -10.144760 143.903244 -45.825504
v -10.145084 143.903580 -45.825504
v -10.145491 143.903976 -45.825500
v -10.145951 143.904449 -45.825497
v -10.146439 143.904938 -45.825497
v -10.146927 143.905426 -45.825493
v -10.147388 143.905884 -45.825489
v -10.147794 143.906296 -45.825489
v -10.148118 143.906616 -45.825485
v -10.148333 143.906830 -45.825485
v 25.500977 143.887177 -45.825596
v 24.104736 143.887177 -45.825596
v 24.070358 143.891739 -45.825569
v 24.037422 143.900299 -45.825523
v 24.006226 143.912598 -45.825451
v 23.977062 143.928360 -45.825359
v 23.950230 143.947342 -45.825253
v 23.926018 143.969254 -45.825127
v 23.904724 143.993835 -45.824986
v 23.886639 144.020813 -45.824833
v 23.872063 144.049927 -45.824665
v 23.861286 144.080917 -45.824490
v 23.854603 144.113510 -45.824303
v 23.852306 144.147430 -45.824108
v 23.852268 144.289032 -45.823299
v 23.852161 144.680511 -45.821060
v 23.852001 145.271881 -45.817677
v 23.851799 146.013184 -45.813438
v 23.851570 146.854446 -45.808628
v 23.851326 147.745667 -45.803532
v 23.851082 148.636902 -45.798435
v 23.850853 149.478165 -45.793625
v 23.850651 150.219467 -45.789387
v 23.850487 150.810837 -45.786003
v 23.850380 151.202316 -45.783764
v 23.850342 151.343918 -45.782955
v 23.855431 151.376282 -45.782772
v 23.864601 151.407166 -45.782593
v 23.877579 151.436295 -45.782429
v 23.894093 151.463455 -45.782272
v 23.913864 151.488358 -45.782131
v 23.936623 151.510757 -45.782001
v 23.962090 151.530411 -45.781891
v 23.989994 151.547058 -45.781796
v 24.020065 151.560455 -45.781715
v 24.052025 151.570328 -45.781662
v 24.085598 151.576447 -45.781628
v 24.120514 151.578537 -45.781612
v 24.146088 151.578537 -45.781612
v 24.216782 151.578537 -45.781612
v 24.323578 151.578537 -45.781612
v 24.457451 151.578537 -45.781612
v 24.609371 151.578537 -45.781612
v 24.770317 151.578537 -45.781612
v 24.931267 151.578537 -45.781612
v 25.083187 151.578537 -45.781612
v 25.217060 151.578537 -45.781612
v 25.323853 151.578537 -45.781612
v 25.394550 151.578537 -45.781612
v 25.420120 151.578537 -45.781612
v 25.450207 151.575485 -45.781631
v 25.479210 151.569397 -45.781666
v 25.506954 151.560425 -45.781719
v 25.533260 151.548737 -45.781784
v 25.557949 151.534515 -45.781864
v 25.580845 151.517914 -45.781960
v 25.601768 151.499084 -45.782066
v 25.620541 151.478195 -45.782188
v 25.636986 151.455429 -45.782318
v 25.650925 151.430939 -45.782459
v 25.662178 151.404877 -45.782608
v 25.670570 151.377426 -45.782764
v 25.670570 151.355774 -45.782887
v 25.670570 151.295929 -45.783230
v 25.670570 151.205521 -45.783749
v 25.670570 151.092194 -45.784393
v 25.670570 150.963593 -45.785130
v 25.670570 150.827347 -45.785908
v 25.670570 150.691101 -45.786690
v 25.670570 150.562485 -45.787422
v 25.670570 150.449158 -45.788071
v 25.670570 150.358749 -45.788589
v 25.670570 150.298904 -45.788933
v 25.670570 150.277252 -45.789055
v 25.696209 150.277252 -45.789055
v 25.797756 150.512527 -45.787708
v 25.906784 150.726501 -45.786488
v 26.024193 150.919357 -45.785385
v 26.150887 151.091248 -45.784401
v 26.287769 151.242325 -45.783535
v 26.435745 151.372742 -45.782791
v 26.595718 151.482666 -45.782162
v 26.768589 151.572250 -45.781651
v 26.955265 151.641663 -45.781254
v 27.156651 151.691040 -45.780972
v 27.373650 151.720551 -45.780800
v 27.607159 151.730347 -45.780746
v 27.763988 151.725525 -45.780773
v 27.919453 151.710678 -45.780857
v 28.072853 151.685226 -45.781002
v 28.223476 151.648560 -45.781212
v 28.370621 151.600128 -45.781490
v 28.513580 151.539352 -45.781837
v 28.651653 151.465622 -45.782261
v 28.784130 151.378372 -45.782757
v 28.910309 151.277023 -45.783337
v 29.029484 151.160995 -45.784000
v 29.140945 151.029694 -45.784752
v 29.243992 150.882553 -45.785595
v 29.328266 150.730835 -45.786461
v 29.398529 150.565063 -45.787411
v 29.456055 150.387573 -45.788425
v 29.502117 150.200653 -45.789494
v 29.537991 150.006607 -45.790604
v 29.564953 149.807755 -45.791740
v 29.584267 149.606400 -45.792892
v 29.597218 149.404846 -45.794044
v 29.605072 149.205399 -45.795185
v 29.609108 149.010361 -45.796299
v 29.610592 148.822052 -45.797379
v 29.610806 148.642761 -45.798401
v 29.610806 148.553665 -45.798912
v 29.610806 148.307297 -45.800320
v 29.610806 147.935135 -45.802448
v 29.610806 147.468628 -45.805115
v 29.610806 146.939209 -45.808144
v 29.610806 146.378342 -45.811352
v 29.610806 145.817474 -45.814560
v 29.610806 145.288071 -45.817585
v 29.610806 144.821548 -45.820251
v 29.610806 144.449387 -45.822380
v 29.610806 144.203033 -45.823792
v 29.610806 144.113922 -45.824299
v 29.604809 144.082947 -45.824478
v 29.594898 144.053314 -45.824646
v 29.581345 144.025253 -45.824806
v 29.564423 143.999054 -45.824955
v 29.544403 143.974960 -45.825096
v 29.521564 143.953232 -45.825218
v 29.496178 143.934128 -45.825329
v 29.468521 143.917923 -45.825420
v 29.438858 143.904861 -45.825497
v 29.407475 143.895218 -45.825550
v 29.374638 143.889236 -45.825584
v 29.340622 143.887177 -45.825596
v 29.312958 143.887177 -45.825596
v 29.236469 143.887177 -45.825596
v 29.120922 143.887177 -45.825596
v 28.976082 143.887177 -45.825596
v 28.811714 143.887177 -45.825596
v 28.637577 143.887177 -45.825596
v 28.463440 143.887177 -45.825596
v 28.299072 143.887177 -45.825596
v 28.154232 143.887177 -45.825596
v 28.038685 143.887177 -45.825596
v 27.962196 143.887177 -45.825596
v 27.934525 143.887177 -45.825596
v 27.902973 143.891373 -45.825573
v 27.872570 143.898911 -45.825531
v 27.843563 143.909576 -45.825470
v 27.816200 143.923172 -45.825390
v 27.790730 143.939514 -45.825298
v 27.767391 143.958405 -45.825188
v 27.746441 143.979630 -45.825069
v 27.728115 144.002991 -45.824936
v 27.712669 144.028305 -45.824791
v 27.700344 144.055359 -45.824635
v 27.691387 144.083969 -45.824471
v 27.686047 144.113922 -45.824299
v 27.686047 144.190811 -45.823860
v 27.686047 144.403381 -45.822643
v 27.686047 144.724503 -45.820808
v 27.686047 145.127045 -45.818508
v 27.686047 145.583862 -45.815895
v 27.686047 146.067810 -45.813126
v 27.686047 146.551758 -45.810360
v 27.686047 147.008575 -45.807747
v 27.686047 147.411118 -45.805447
v 27.686047 147.732239 -45.803608
v 27.686047 147.944809 -45.802395
v 27.686047 148.021698 -45.801952
v 27.687271 148.225098 -45.800789
v 27.688282 148.438416 -45.799572
v 27.685093 148.656418 -45.798325
v 27.673702 148.873810 -45.797081
v 27.650124 149.085358 -45.795872
v 27.610367 149.285767 -45.794724
v 27.550434 149.469788 -45.793671
v 27.466343 149.632172 -45.792744
v 27.354092 149.767624 -45.791969
v 27.209690 149.870895 -45.791378
v 27.029148 149.936707 -45.791004
v 26.808472 149.959824 -45.790871
v 26.723827 149.955124 -45.790897
v 26.640789 149.941269 -45.790977
v 26.559803 149.918671 -45.791107
v 26.481323 149.887680 -45.791283
v 26.405800 149.848694 -45.791508
v 26.333687 149.802094 -45.791771
v 26.265438 149.748260 -45.792080
v 26.201504 149.687592 -45.792427
v 26.142334 149.620453 -45.792812
v 26.088379 149.547241 -45.793228
v 26.040096 149.468323 -45.793682
v 25.997940 149.384109 -45.794163
v 25.952126 149.274200 -45.794792
v 25.912956 149.164200 -45.795422
v 25.879921 149.053940 -45.796051
v 25.852516 148.943253 -45.796684
v 25.830231 148.831970 -45.797321
v 25.812561 148.719910 -45.797962
v 25.799004 148.606903 -45.798607
v 25.789043 148.492783 -45.799259
v 25.782181 148.377365 -45.799919
v 25.777905 148.260498 -45.800587
v 25.775711 148.141998 -45.801266
v 25.775093 148.021698 -45.801952
v 25.775093 147.945465 -45.802391
v 25.775093 147.734726 -45.803596
v 25.775093 147.416351 -45.805416
v 25.775093 147.017258 -45.807697
v 25.775093 146.564362 -45.810287
v 25.775093 146.084564 -45.813030
v 25.775093 145.604767 -45.815773
v 25.775093 145.151871 -45.818363
v 25.775093 144.752792 -45.820648
v 25.775093 144.434418 -45.822468
v 25.775093 144.223663 -45.823673
v 25.775093 144.147430 -45.824108
v 25.772148 144.112076 -45.824310
v 25.764511 144.078186 -45.824505
v 25.752506 144.046051 -45.824688
v 25.736454 144.015991 -45.824860
v 25.716679 143.988312 -45.825020
v 25.693497 143.963333 -45.825161
v 25.667236 143.941345 -45.825287
v 25.638214 143.922668 -45.825394
v 25.606754 143.907608 -45.825481
v 25.573181 143.896469 -45.825542
v 25.537811 143.889557 -45.825584
v 10.759638 150.050522 -45.790352
v 10.723330 150.052673 -45.790340
v 10.688560 150.058975 -45.790302
v 10.655642 150.069260 -45.790245
v 10.624878 150.083313 -45.790165
v 10.596581 150.100952 -45.790062
v 10.571056 150.121994 -45.789944
v 10.548613 150.146240 -45.789803
v 10.529560 150.173492 -45.789650
v 10.514204 150.203568 -45.789478
v 10.502853 150.236282 -45.789291
v 10.495818 150.271423 -45.789089
v 10.493404 150.308807 -45.788876
v 10.493404 151.337997 -45.782990
v 10.495815 151.375839 -45.782772
v 10.502827 151.411362 -45.782570
v 10.514112 151.444382 -45.782379
v 10.529341 151.474701 -45.782207
v 10.548185 151.502151 -45.782051
v 10.570316 151.526535 -45.781910
v 10.595406 151.547684 -45.781792
v 10.623125 151.565399 -45.781689
v 10.653145 151.579498 -45.781609
v 10.685137 151.589798 -45.781548
v 10.718771 151.596115 -45.781513
v 10.753721 151.598251 -45.781502
v 10.844402 151.598251 -45.781502
v 11.095110 151.598251 -45.781502
v 11.473840 151.598251 -45.781502
v 11.948585 151.598251 -45.781502
v 12.487341 151.598251 -45.781502
v 13.058102 151.598251 -45.781502
v 13.628862 151.598251 -45.781502
v 14.167619 151.598251 -45.781502
v 14.642365 151.598251 -45.781502
v 15.021093 151.598251 -45.781502
v 15.271802 151.598251 -45.781502
v 15.362481 151.598251 -45.781502
v 15.398791 151.596069 -45.781513
v 15.433560 151.589661 -45.781551
v 15.466480 151.579224 -45.781609
v 15.497242 151.564957 -45.781693
v 15.525540 151.547089 -45.781796
v 15.551064 151.525803 -45.781914
v 15.573507 151.501312 -45.782055
v 15.592561 151.473831 -45.782211
v 15.607917 151.443542 -45.782387
v 15.619267 151.410675 -45.782574
v 15.626302 151.375427 -45.782776
v 15.628716 151.337997 -45.782990
v 15.628716 151.320663 -45.783089
v 15.628716 151.272720 -45.783363
v 15.628716 151.200302 -45.783775
v 15.628716 151.109512 -45.784294
v 15.628716 151.006485 -45.784885
v 15.628716 150.897339 -45.785511
v 15.628716 150.788193 -45.786133
v 15.628716 150.685165 -45.786724
v 15.628716 150.594391 -45.787243
v 15.628716 150.521957 -45.787655
v 15.628716 150.474014 -45.787930
v 15.628716 150.456680 -45.788029
v 15.625690 150.418732 -45.788246
v 15.617659 150.378662 -45.788475
v 15.604712 150.336227 -45.788719
v 15.586936 150.291214 -45.788975
v 15.564423 150.243378 -45.789249
v 15.537260 150.192474 -45.789539
v 15.505537 150.138306 -45.789848
v 15.469342 150.080612 -45.790180
v 15.428765 150.019165 -45.790531
v 15.383896 149.953735 -45.790905
v 15.334821 149.884079 -45.791302
v 15.281629 149.809982 -45.791729
v 15.234639 149.742905 -45.792110
v 15.104726 149.557465 -45.793171
v 14.908473 149.277328 -45.794773
v 14.662466 148.926178 -45.796780
v 14.383290 148.527679 -45.799061
v 14.087530 148.105499 -45.801476
v 13.791769 147.683334 -45.803890
v 13.512593 147.284821 -45.806168
v 13.266587 146.933670 -45.808174
v 13.070335 146.653534 -45.809776
v 12.940421 146.468094 -45.810837
v 12.893432 146.401016 -45.811222
v 13.116214 146.403137 -45.811211
v 13.340421 146.398270 -45.811237
v 13.565421 146.385834 -45.811310
v 13.790586 146.365234 -45.811424
v 14.015285 146.335907 -45.811592
v 14.238889 146.297272 -45.811813
v 14.460767 146.248718 -45.812092
v 14.680289 146.189697 -45.812431
v 14.896826 146.119598 -45.812832
v 15.109748 146.037872 -45.813297
v 15.318424 145.943909 -45.813835
v 15.522224 145.837128 -45.814445
v 15.564885 145.810547 -45.814598
v 15.602376 145.782150 -45.814758
v 15.635034 145.752136 -45.814934
v 15.663191 145.720657 -45.815113
v 15.687186 145.687897 -45.815300
v 15.707353 145.654022 -45.815495
v 15.724028 145.619202 -45.815693
v 15.737546 145.583603 -45.815895
v 15.748243 145.547394 -45.816101
v 15.756454 145.510757 -45.816311
v 15.762516 145.473877 -45.816525
v 15.766763 145.436890 -45.816734
v 15.766763 145.415283 -45.816856
v 15.766763 145.355545 -45.817200
v 15.766763 145.265305 -45.817715
v 15.766763 145.152176 -45.818363
v 15.766763 145.023788 -45.819096
v 15.766763 144.887787 -45.819874
v 15.766763 144.751785 -45.820652
v 15.766763 144.623413 -45.821388
v 15.766763 144.510284 -45.822033
v 15.766763 144.420044 -45.822548
v 15.766763 144.360291 -45.822891
v 15.766763 144.338684 -45.823013
v 15.763404 144.300858 -45.823231
v 15.753689 144.262985 -45.823448
v 15.738167 144.226059 -45.823658
v 15.717387 144.191116 -45.823860
v 15.691895 144.159149 -45.824043
v 15.662241 144.131180 -45.824200
v 15.628971 144.108215 -45.824333
v 15.592633 144.091293 -45.824429
v 15.553776 144.081390 -45.824486
v 15.512946 144.079544 -45.824497
v 15.470693 144.086761 -45.824455
v 15.427563 144.104065 -45.824356
v 15.063836 144.275940 -45.823372
v 14.683430 144.419357 -45.822552
v 14.289054 144.533417 -45.821899
v 13.883421 144.617279 -45.821423
v 13.469241 144.670044 -45.821121
v 13.049229 144.690872 -45.820999
v 12.626093 144.678879 -45.821068
v 12.202547 144.633194 -45.821331
v 11.781301 144.552948 -45.821789
v 11.365067 144.437286 -45.822453
v 10.956558 144.285309 -45.823318
v 10.558483 144.096176 -45.824402
v 10.518487 144.079742 -45.824493
v 10.478770 144.073181 -45.824532
v 10.439943 144.075470 -45.824520
v 10.402617 144.085663 -45.824463
v 10.367399 144.102753 -45.824364
v 10.334899 144.125748 -45.824234
v 10.305727 144.153687 -45.824074
v 10.280493 144.185562 -45.823891
v 10.259804 144.220398 -45.823692
v 10.244272 144.257202 -45.823479
v 10.234507 144.294983 -45.823265
v 10.231115 144.332779 -45.823048
v 10.231115 144.353302 -45.822929
v 10.231115 144.410034 -45.822605
v 10.231115 144.495743 -45.822117
v 10.231115 144.603180 -45.821503
v 10.231115 144.725113 -45.820805
v 10.231115 144.854279 -45.820065
v 10.231115 144.983444 -45.819328
v 10.231115 145.105362 -45.818630
v 10.231115 145.212799 -45.818016
v 10.231115 145.298508 -45.817528
v 10.231115 145.355255 -45.817200
v 10.231115 145.375778 -45.817085
v 10.231252 145.420044 -45.816830
v 10.232038 145.468735 -45.816551
v 10.234043 145.521301 -45.816254
v 10.237836 145.577240 -45.815933
v 10.243984 145.636032 -45.815598
v 10.253056 145.697144 -45.815247
v 10.265620 145.760071 -45.814888
v 10.282245 145.824280 -45.814518
v 10.303499 145.889267 -45.814148
v 10.329950 145.954483 -45.813774
v 10.362166 146.019440 -45.813404
v 10.400717 146.083588 -45.813038
v 10.455156 146.161636 -45.812592
v 10.605668 146.377441 -45.811356
v 10.833035 146.703430 -45.809490
v 11.118046 147.112061 -45.807156
v 11.441483 147.575775 -45.804504
v 11.784136 148.067062 -45.801693
v 12.126787 148.558334 -45.798885
v 12.450225 149.022064 -45.796234
v 12.735235 149.430695 -45.793896
v 12.962603 149.756683 -45.792030
v 13.113113 149.972473 -45.790798
v 13.167552 150.050522 -45.790352
v -6.048446 144.147446 -45.824108
v -6.050900 144.112091 -45.824310
v -6.058051 144.078186 -45.824505
v -6.069585 144.046051 -45.824688
v -6.085186 144.016006 -45.824860
v -6.104539 143.988327 -45.825020
v -6.127329 143.963333 -45.825161
v -6.153242 143.941360 -45.825287
v -6.181963 143.922668 -45.825394
v -6.213176 143.907608 -45.825481
v -6.246566 143.896469 -45.825542
v -6.281819 143.889557 -45.825584
v -6.318622 143.887192 -45.825596
v -7.720774 143.887192 -45.825596
v -7.753684 143.891510 -45.825573
v -7.785205 143.899384 -45.825527
v -7.815095 143.910599 -45.825462
v -7.843116 143.924942 -45.825382
v -7.869028 143.942184 -45.825283
v -7.892591 143.962112 -45.825169
v -7.913567 143.984497 -45.825039
v -7.931714 144.009140 -45.824898
v -7.946794 144.035797 -45.824745
v -7.958565 144.064270 -45.824585
v -7.966789 144.094330 -45.824413
v -7.971228 144.125748 -45.824234
v -7.971228 144.267319 -45.823421
v -7.971228 144.658676 -45.821186
v -7.971228 145.249893 -45.817802
v -7.971228 145.990997 -45.813564
v -7.971228 146.832016 -45.808758
v -7.971228 147.723007 -45.803661
v -7.971228 148.613998 -45.798565
v -7.971228 149.455017 -45.793758
v -7.971228 150.196121 -45.789520
v -7.971228 150.787323 -45.786137
v -7.971228 151.178696 -45.783901
v -7.971228 151.320251 -45.783092
v -7.968773 151.355576 -45.782890
v -7.961622 151.389359 -45.782696
v -7.950089 151.421341 -45.782513
v -7.934487 151.451187 -45.782341
v -7.915134 151.478638 -45.782185
v -7.892344 151.503372 -45.782043
v -7.866430 151.525116 -45.781918
v -7.837710 151.543564 -45.781815
v -7.806498 151.558426 -45.781731
v -7.773107 151.569397 -45.781666
v -7.737855 151.576202 -45.781628
v -7.701054 151.578537 -45.781612
v -7.675327 151.578537 -45.781612
v -7.604201 151.578537 -45.781612
v -7.496758 151.578537 -45.781612
v -7.362074 151.578537 -45.781612
v -7.209230 151.578537 -45.781612
v -7.047306 151.578537 -45.781612
v -6.885383 151.578537 -45.781612
v -6.732539 151.578537 -45.781612
v -6.597855 151.578537 -45.781612
v -6.490411 151.578537 -45.781612
v -6.419286 151.578537 -45.781612
v -6.393561 151.578537 -45.781612
v -6.360158 151.575058 -45.781635
v -6.328154 151.567703 -45.781677
v -6.297791 151.556763 -45.781738
v -6.269320 151.542465 -45.781818
v -6.242984 151.525085 -45.781921
v -6.219030 151.504852 -45.782036
v -6.197707 151.482040 -45.782166
v -6.179259 151.456879 -45.782310
v -6.163935 151.429657 -45.782467
v -6.151979 151.400589 -45.782631
v -6.143639 151.369965 -45.782806
v -6.139159 151.337997 -45.782990
v -6.139159 151.319504 -45.783096
v -6.139159 151.268341 -45.783386
v -6.139159 151.191055 -45.783829
v -6.139159 151.094177 -45.784382
v -6.139159 150.984238 -45.785011
v -6.139159 150.867767 -45.785679
v -6.139159 150.751297 -45.786343
v -6.139159 150.641357 -45.786972
v -6.139159 150.544479 -45.787529
v -6.139159 150.467194 -45.787968
v -6.139159 150.416031 -45.788261
v -6.139159 150.397537 -45.788368
v -6.113523 150.397537 -45.788368
v -6.022030 150.614685 -45.787125
v -5.918314 150.811859 -45.785999
v -5.802643 150.989243 -45.784985
v -5.675282 151.147049 -45.784081
v -5.536501 151.285492 -45.783291
v -5.386565 151.404785 -45.782608
v -5.225741 151.505157 -45.782032
v -5.054297 151.586792 -45.781567
v -4.872499 151.649918 -45.781204
v -4.680614 151.694748 -45.780949
v -4.478910 151.721497 -45.780796
v -4.267653 151.730362 -45.780746
v -4.055017 151.721497 -45.780796
v -3.855496 151.694748 -45.780949
v -3.668478 151.649918 -45.781204
v -3.493354 151.586792 -45.781567
v -3.329515 151.505157 -45.782032
v -3.176351 151.404785 -45.782608
v -3.033252 151.285492 -45.783291
v -2.899611 151.147049 -45.784081
v -2.774815 150.989243 -45.784985
v -2.658258 150.811859 -45.785999
v -2.549329 150.614685 -45.787125
v -2.447418 150.397537 -45.788368
v -2.353838 150.614685 -45.787125
v -2.243572 150.811859 -45.785999
v -2.117925 150.989243 -45.784985
v -1.978208 151.147049 -45.784081
v -1.825726 151.285492 -45.783291
v -1.661788 151.404785 -45.782608
v -1.487702 151.505157 -45.782032
v -1.304777 151.586792 -45.781567
v -1.114319 151.649918 -45.781204
v -0.917636 151.694748 -45.780949
v -0.716037 151.721497 -45.780796
v -0.510830 151.730362 -45.780746
v -0.362936 151.725266 -45.780773
v -0.213803 151.709869 -45.780861
v -0.064492 151.683960 -45.781010
v 0.083936 151.647324 -45.781219
v 0.230419 151.599777 -45.781494
v 0.373897 151.541077 -45.781830
v 0.513306 151.471054 -45.782227
v 0.647587 151.389481 -45.782696
v 0.775678 151.296173 -45.783230
v 0.896517 151.190903 -45.783829
v 1.009043 151.073471 -45.784500
v 1.112195 150.943680 -45.785244
v 1.212352 150.786865 -45.786140
v 1.292412 150.619965 -45.787094
v 1.354545 150.444290 -45.788101
v 1.400923 150.261200 -45.789146
v 1.433714 150.071991 -45.790230
v 1.455091 149.878006 -45.791340
v 1.467224 149.680573 -45.792469
v 1.472283 149.481018 -45.793610
v 1.472440 149.280655 -45.794754
v 1.469864 149.080841 -45.795898
v 1.466727 148.882889 -45.797028
v 1.465199 148.688126 -45.798141
v 1.465160 148.598785 -45.798653
v 1.465052 148.351776 -45.800064
v 1.464890 147.978638 -45.802200
v 1.464688 147.510910 -45.804874
v 1.464457 146.980118 -45.807911
v 1.464213 146.417786 -45.811127
v 1.463969 145.855453 -45.814342
v 1.463739 145.324661 -45.817375
v 1.463536 144.856918 -45.820049
v 1.463374 144.483780 -45.822186
v 1.463267 144.236786 -45.823597
v 1.463228 144.147446 -45.824108
v 1.460774 144.112091 -45.824310
v 1.453623 144.078186 -45.824505
v 1.442090 144.046051 -45.824688
v 1.426489 144.016006 -45.824860
v 1.407135 143.988327 -45.825020
v 1.384344 143.963333 -45.825161
v 1.358431 143.941360 -45.825287
v 1.329710 143.922668 -45.825394
v 1.298497 143.907608 -45.825481
v 1.265106 143.896469 -45.825542
v 1.229853 143.889557 -45.825584
v 1.193052 143.887192 -45.825596
v 1.165502 143.887192 -45.825596
v 1.089335 143.887192 -45.825596
v 0.974274 143.887192 -45.825596
v 0.830042 143.887192 -45.825596
v 0.666364 143.887192 -45.825596
v 0.492962 143.887192 -45.825596
v 0.319560 143.887192 -45.825596
v 0.155881 143.887192 -45.825596
v 0.011650 143.887192 -45.825596
v -0.103412 143.887192 -45.825596
v -0.179579 143.887192 -45.825596
v -0.207129 143.887192 -45.825596
v -0.241510 143.891739 -45.825569
v -0.274445 143.900299 -45.825523
v -0.305641 143.912598 -45.825451
v -0.334804 143.928375 -45.825359
v -0.361638 143.947342 -45.825253
v -0.385849 143.969254 -45.825127
v -0.407144 143.993835 -45.824986
v -0.425227 144.020813 -45.824833
v -0.439804 144.049942 -45.824665
v -0.450581 144.080933 -45.824490
v -0.457263 144.113510 -45.824303
v -0.459555 144.147446 -45.824108
v -0.459555 144.222473 -45.823681
v -0.459555 144.429901 -45.822495
v -0.459555 144.743240 -45.820702
v -0.459555 145.136032 -45.818455
v -0.459555 145.581787 -45.815907
v -0.459555 146.054016 -45.813206
v -0.459555 146.526245 -45.810505
v -0.459555 146.972000 -45.807957
v -0.459555 147.364777 -45.805710
v -0.459555 147.678131 -45.803917
v -0.459555 147.885559 -45.802731
v -0.459555 147.960587 -45.802303
v -0.459050 148.045410 -45.801819
v -0.457820 148.145920 -45.801243
v -0.456288 148.258926 -45.800598
v -0.454880 148.381210 -45.799896
v -0.454020 148.509567 -45.799164
v -0.454132 148.640808 -45.798412
v -0.455641 148.771713 -45.797665
v -0.458971 148.899094 -45.796936
v -0.464547 149.019730 -45.796246
v -0.472794 149.130432 -45.795612
v -0.484136 149.227982 -45.795055
v -0.498997 149.309189 -45.794590
v -0.529415 149.422836 -45.793941
v -0.568139 149.522766 -45.793369
v -0.614765 149.609711 -45.792873
v -0.668889 149.684387 -45.792446
v -0.730107 149.747528 -45.792084
v -0.798015 149.799881 -45.791786
v -0.872209 149.842163 -45.791542
v -0.952285 149.875122 -45.791355
v -1.037838 149.899475 -45.791214
v -1.128467 149.915970 -45.791122
v -1.223765 149.925323 -45.791069
v -1.323329 149.928284 -45.791050
v -1.408327 149.923615 -45.791077
v -1.493194 149.909805 -45.791157
v -1.577143 149.887192 -45.791286
v -1.659388 149.856064 -45.791462
v -1.739140 149.816757 -45.791687
v -1.815612 149.769562 -45.791958
v -1.888017 149.714828 -45.792271
v -1.955566 149.652832 -45.792625
v -2.017474 149.583923 -45.793018
v -2.072951 149.508392 -45.793453
v -2.121211 149.426575 -45.793919
v -2.161466 149.338760 -45.794422
v -2.194269 149.243225 -45.794968
v -2.221094 149.139053 -45.795563
v -2.242537 149.027771 -45.796200
v -2.259193 148.910919 -45.796867
v -2.271659 148.790039 -45.797562
v -2.280530 148.666687 -45.798264
v -2.286402 148.542374 -45.798977
v -2.289870 148.418671 -45.799683
v -2.291530 148.297089 -45.800377
v -2.291978 148.179199 -45.801052
v -2.291810 148.066513 -45.801697
v -2.291622 147.960587 -45.802303
v -2.291622 147.885559 -45.802731
v -2.291622 147.678131 -45.803917
v -2.291622 147.364777 -45.805710
v -2.291622 146.972000 -45.807957
v -2.291622 146.526245 -45.810505
v -2.291622 146.054016 -45.813206
v -2.291622 145.581787 -45.815907
v -2.291622 145.136032 -45.818455
v -2.291622 144.743240 -45.820702
v -2.291622 144.429901 -45.822495
v -2.291622 144.222473 -45.823681
v -2.291622 144.147446 -45.824108
v -2.294076 144.112091 -45.824310
v -2.301228 144.078186 -45.824505
v -2.312761 144.046051 -45.824688
v -2.328363 144.016006 -45.824860
v -2.347716 143.988327 -45.825020
v -2.370507 143.963333 -45.825161
v -2.396420 143.941360 -45.825287
v -2.425141 143.922668 -45.825394
v -2.456355 143.907608 -45.825481
v -2.489746 143.896469 -45.825542
v -2.524999 143.889557 -45.825584
v -2.561798 143.887192 -45.825596
v -2.589348 143.887192 -45.825596
v -2.665515 143.887192 -45.825596
v -2.780577 143.887192 -45.825596
v -2.924809 143.887192 -45.825596
v -3.088487 143.887192 -45.825596
v -3.261889 143.887192 -45.825596
v -3.435291 143.887192 -45.825596
v -3.598970 143.887192 -45.825596
v -3.743202 143.887192 -45.825596
v -3.858263 143.887192 -45.825596
v -3.934430 143.887192 -45.825596
v -3.961981 143.887192 -45.825596
v -3.996775 143.891739 -45.825569
v -4.029980 143.900299 -45.825523
v -4.061323 143.912598 -45.825451
v -4.090529 143.928375 -45.825359
v -4.117326 143.947342 -45.825253
v -4.141438 143.969254 -45.825127
v -4.162593 143.993835 -45.824986
v -4.180515 144.020813 -45.824833
v -4.194932 144.049942 -45.824665
v -4.205567 144.080933 -45.824490
v -4.212151 144.113510 -45.824303
v -4.214406 144.147446 -45.824108
v -4.214445 144.222473 -45.823681
v -4.214553 144.429901 -45.822495
v -4.214715 144.743240 -45.820702
v -4.214918 145.136032 -45.818455
v -4.215148 145.581787 -45.815907
v -4.215392 146.054016 -45.813206
v -4.215636 146.526245 -45.810505
v -4.215866 146.972000 -45.807957
v -4.216069 147.364777 -45.805710
v -4.216231 147.678131 -45.803917
v -4.216339 147.885559 -45.802731
v -4.216378 147.960587 -45.802303
v -4.214355 148.168182 -45.801117
v -4.211202 148.386139 -45.799870
v -4.211293 148.609039 -45.798595
v -4.219007 148.831467 -45.797321
v -4.238718 149.048004 -45.796085
v -4.274801 149.253235 -45.794910
v -4.331633 149.441757 -45.793835
v -4.413587 149.608139 -45.792881
v -4.525041 149.746979 -45.792088
v -4.670369 149.852859 -45.791481
v -4.853949 149.920349 -45.791096
v -5.080152 149.944061 -45.790962
v -5.310899 149.920914 -45.791092
v -5.501786 149.854919 -45.791470
v -5.656587 149.751144 -45.792065
v -5.779075 149.614716 -45.792843
v -5.873021 149.450745 -45.793781
v -5.942201 149.264328 -45.794846
v -5.990385 149.060593 -45.796013
v -6.021347 148.844604 -45.797249
v -6.038862 148.621521 -45.798523
v -6.046701 148.396408 -45.799812
v -6.048638 148.174393 -45.801079
v -6.048446 147.960587 -45.802303
v -6.048446 147.885559 -45.802731
v -6.048446 147.678131 -45.803917
v -6.048446 147.364777 -45.805710
v -6.048446 146.972000 -45.807957
v -6.048446 146.526245 -45.810505
v -6.048446 146.054016 -45.813206
v -6.048446 145.581787 -45.815907
v -6.048446 145.136032 -45.818455
v -6.048446 144.743240 -45.820702
v -6.048446 144.429901 -45.822495
v -6.048446 144.222473 -45.823681
v 16.441214 147.749619 -45.803509
v 16.464542 148.298462 -45.800369
v 16.534019 148.822189 -45.797375
v 16.648869 149.316513 -45.794548
v 16.808313 149.777130 -45.791916
v 17.011581 150.199692 -45.789497
v 17.257904 150.579910 -45.787323
v 17.546501 150.913467 -45.785416
v 17.876600 151.196045 -45.783802
v 18.247429 151.423340 -45.782501
v 18.658215 151.591034 -45.781544
v 19.108177 151.694809 -45.780949
v 19.596552 151.730362 -45.780746
v 20.096703 151.693893 -45.780952
v 20.556492 151.587524 -45.781563
v 20.975315 151.415756 -45.782543
v 21.352581 151.183121 -45.783875
v 21.687695 150.894119 -45.785526
v 21.980057 150.553284 -45.787476
v 22.229080 150.165131 -45.789696
v 22.434158 149.734192 -45.792160
v 22.594700 149.264954 -45.794846
v 22.710110 148.761948 -45.797722
v 22.779797 148.229706 -45.800762
v 22.803154 147.672729 -45.803947
v 22.777534 147.134308 -45.807030
v 22.701893 146.619263 -45.809975
v 22.578060 146.132050 -45.812759
v 22.407864 145.677139 -45.815361
v 22.193130 145.259003 -45.817753
v 21.935688 144.882126 -45.819908
v 21.637363 144.550964 -45.821800
v 21.299992 144.269974 -45.823406
v 20.925396 144.043655 -45.824703
v 20.515406 143.876465 -45.825657
v 20.071848 143.772873 -45.826252
v 19.596552 143.737335 -45.826454
v 19.105278 143.773773 -45.826244
v 18.653419 143.879974 -45.825638
v 18.241604 144.051239 -45.824657
v 17.870464 144.282898 -45.823334
v 17.540628 144.570297 -45.821690
v 17.252728 144.908737 -45.819756
v 17.007389 145.293564 -45.817554
v 16.805246 145.720078 -45.815117
v 16.646927 146.183624 -45.812466
v 16.533062 146.679504 -45.809628
v 16.464281 147.203064 -45.806633
v 20.525400 149.565506 -45.793125
v 20.482727 149.684402 -45.792446
v 20.433643 149.790939 -45.791836
v 20.378235 149.885529 -45.791294
v 20.316578 149.968521 -45.790821
v 20.248760 150.040314 -45.790409
v 20.174862 150.101288 -45.790062
v 20.094967 150.151840 -45.789772
v 20.009153 150.192337 -45.789539
v 19.917507 150.223160 -45.789364
v 19.820107 150.244705 -45.789242
v 19.717041 150.257355 -45.789169
v 19.608383 150.261490 -45.789146
v 19.369690 150.233276 -45.789307
v 19.168209 150.153152 -45.789764
v 19.000797 150.027817 -45.790482
v 18.864325 149.864014 -45.791420
v 18.755653 149.668488 -45.792538
v 18.671644 149.447937 -45.793797
v 18.609165 149.209122 -45.795162
v 18.565077 148.958740 -45.796597
v 18.536247 148.703552 -45.798054
v 18.519535 148.450272 -45.799503
v 18.511808 148.205627 -45.800903
v 18.509930 147.976364 -45.802212
v 18.510296 147.737396 -45.803577
v 18.514004 147.466858 -45.805126
v 18.524969 147.174713 -45.806797
v 18.547110 146.870926 -45.808533
v 18.584343 146.565506 -45.810280
v 18.640583 146.268433 -45.811981
v 18.719749 145.989670 -45.813572
v 18.825758 145.739212 -45.815006
v 18.962524 145.527039 -45.816219
v 19.133968 145.363113 -45.817158
v 19.344006 145.257446 -45.817760
v 19.596552 145.220016 -45.817974
v 19.847206 145.250336 -45.817802
v 20.058138 145.336441 -45.817310
v 20.232765 145.471024 -45.816540
v 20.374504 145.646759 -45.815533
v 20.486769 145.856339 -45.814335
v 20.572979 146.092468 -45.812984
v 20.636553 146.347809 -45.811527
v 20.680906 146.615051 -45.809998
v 20.709454 146.886902 -45.808441
v 20.725616 147.156052 -45.806904
v 20.732807 147.415176 -45.805420
v 20.734446 147.656952 -45.804039
v 20.733835 147.811081 -45.803158
v 20.731697 147.969208 -45.802254
v 20.727573 148.130402 -45.801331
v 20.721004 148.293716 -45.800400
v 20.711533 148.458252 -45.799458
v 20.698700 148.623062 -45.798515
v 20.682045 148.787201 -45.797577
v 20.661112 148.949768 -45.796646
v 20.635437 149.109802 -45.795731
v 20.604568 149.266403 -45.794834
v 20.568043 149.418610 -45.793964
v 6.557123 145.837128 -45.814445
v 6.620281 145.957840 -45.813755
v 6.672416 146.077744 -45.813068
v 6.714581 146.197235 -45.812386
v 6.747829 146.316757 -45.811703
v 6.773218 146.436707 -45.811016
v 6.791800 146.557526 -45.810326
v 6.804629 146.679611 -45.809628
v 6.812762 146.803391 -45.808922
v 6.817252 146.929276 -45.808201
v 6.819153 147.057678 -45.807465
v 6.819521 147.189026 -45.806717
v 6.819409 147.323746 -45.805946
v 6.819409 147.627380 -45.804207
v 6.565457 147.622421 -45.804237
v 6.313040 147.605789 -45.804333
v 6.066073 147.574829 -45.804508
v 5.828473 147.526901 -45.804783
v 5.604158 147.459366 -45.805168
v 5.397043 147.369583 -45.805683
v 5.211047 147.254913 -45.806339
v 5.050084 147.112717 -45.807152
v 4.918073 146.940323 -45.808136
v 4.818931 146.735123 -45.809311
v 4.756573 146.494461 -45.810688
v 4.734916 146.215683 -45.812283
v 4.741397 146.068558 -45.813122
v 4.760635 145.930298 -45.813911
v 4.792322 145.801682 -45.814648
v 4.836149 145.683426 -45.815323
v 4.891809 145.576279 -45.815937
v 4.958993 145.481003 -45.816483
v 5.037394 145.398346 -45.816956
v 5.126702 145.329041 -45.817352
v 5.226611 145.273834 -45.817665
v 5.336811 145.233475 -45.817898
v 5.456995 145.208710 -45.818039
v 5.586855 145.200302 -45.818089
v 5.684546 145.205292 -45.818058
v 5.780202 145.220078 -45.817974
v 5.873517 145.244354 -45.817837
v 5.964181 145.277771 -45.817646
v 6.051888 145.320038 -45.817402
v 6.136328 145.370850 -45.817112
v 6.217194 145.429855 -45.816776
v 6.294178 145.496765 -45.816391
v 6.366970 145.571274 -45.815968
v 6.435264 145.653046 -45.815498
v 6.498751 145.741776 -45.814991
v 8.233394 143.906906 -45.825485
v 8.209400 143.887787 -45.825592
v 8.183928 143.871826 -45.825684
v 8.157222 143.858963 -45.825756
v 8.129530 143.849136 -45.825813
v 8.101099 143.842300 -45.825851
v 8.072175 143.838394 -45.825874
v 8.043005 143.837357 -45.825882
v 8.013834 143.839142 -45.825871
v 7.984910 143.843689 -45.825844
v 7.956479 143.850952 -45.825806
v 7.928787 143.860870 -45.825748
v 7.902082 143.873383 -45.825676
v 7.793378 143.965912 -45.825146
v 7.698684 144.051193 -45.824657
v 7.616068 144.130585 -45.824203
v 7.543601 144.205490 -45.823776
v 7.479351 144.277283 -45.823364
v 7.421387 144.347321 -45.822964
v 7.367778 144.416977 -45.822567
v 7.316593 144.487656 -45.822163
v 7.265901 144.560715 -45.821747
v 7.213770 144.637527 -45.821304
v 7.158271 144.719482 -45.820839
v 7.097472 144.807938 -45.820332
v 6.909485 144.623047 -45.821388
v 6.728510 144.459961 -45.822323
v 6.552191 144.317612 -45.823135
v 6.378173 144.194901 -45.823837
v 6.204100 144.090729 -45.824432
v 6.027617 144.003998 -45.824928
v 5.846367 143.933624 -45.825333
v 5.657997 143.878494 -45.825645
v 5.460149 143.837524 -45.825882
v 5.250469 143.809616 -45.826038
v 5.026601 143.793671 -45.826130
v 4.786189 143.788605 -45.826160
v 4.497166 143.803757 -45.826073
v 4.221277 143.849243 -45.825813
v 3.960809 143.925049 -45.825378
v 3.718049 144.031189 -45.824772
v 3.495283 144.167679 -45.823994
v 3.294799 144.334503 -45.823040
v 3.118885 144.531693 -45.821911
v 2.969826 144.759232 -45.820610
v 2.849910 145.017151 -45.819134
v 2.761424 145.305435 -45.817486
v 2.706656 145.624115 -45.815662
v 2.687891 145.973175 -45.813667
v 2.700544 146.250015 -45.812084
v 2.737677 146.511612 -45.810589
v 2.798050 146.757858 -45.809181
v 2.880425 146.988647 -45.807861
v 2.983561 147.203842 -45.806629
v 3.106220 147.403351 -45.805489
v 3.247161 147.587051 -45.804440
v 3.405146 147.754807 -45.803478
v 3.578935 147.906525 -45.802612
v 3.767288 148.042068 -45.801838
v 3.968966 148.161346 -45.801155
v 4.182731 148.264221 -45.800568
v 4.379003 148.342438 -45.800117
v 4.585931 148.410233 -45.799732
v 4.801595 148.468689 -45.799397
v 5.024080 148.518860 -45.799110
v 5.251468 148.561813 -45.798866
v 5.481842 148.598663 -45.798653
v 5.713283 148.630447 -45.798473
v 5.943876 148.658249 -45.798313
v 6.171702 148.683167 -45.798172
v 6.394845 148.706238 -45.798038
v 6.611386 148.728561 -45.797913
v 6.819409 148.751221 -45.797783
v 6.819409 148.754776 -45.797760
v 6.819409 148.764648 -45.797707
v 6.819409 148.779556 -45.797619
v 6.819409 148.798248 -45.797512
v 6.819409 148.819443 -45.797390
v 6.819409 148.841904 -45.797264
v 6.819409 148.864380 -45.797134
v 6.819409 148.885574 -45.797012
v 6.819409 148.904266 -45.796906
v 6.819409 148.919174 -45.796822
v 6.819409 148.929031 -45.796764
v 6.819409 148.932602 -45.796745
v 6.819800 149.017090 -45.796261
v 6.820404 149.103531 -45.795769
v 6.820364 149.191345 -45.795265
v 6.818825 149.279984 -45.794758
v 6.814930 149.368820 -45.794250
v 6.807823 149.457306 -45.793743
v 6.796649 149.544846 -45.793243
v 6.780552 149.630859 -45.792751
v 6.758676 149.714752 -45.792271
v 6.730164 149.795975 -45.791809
v 6.694160 149.873917 -45.791363
v 6.649810 149.947998 -45.790939
v 6.603784 150.009430 -45.790588
v 6.551945 150.064697 -45.790272
v 6.494969 150.113953 -45.789989
v 6.433537 150.157364 -45.789742
v 6.368324 150.195068 -45.789524
v 6.300010 150.227234 -45.789341
v 6.229272 150.254013 -45.789188
v 6.156788 150.275589 -45.789066
v 6.083235 150.292084 -45.788971
v 6.009292 150.303665 -45.788902
v 5.935637 150.310501 -45.788864
v 5.862947 150.312744 -45.788853
v 5.730705 150.307037 -45.788883
v 5.601902 150.289825 -45.788982
v 5.477590 150.261063 -45.789146
v 5.358824 150.220673 -45.789379
v 5.246659 150.168579 -45.789677
v 5.142150 150.104736 -45.790043
v 5.046351 150.029068 -45.790474
v 4.960317 149.941498 -45.790974
v 4.885102 149.841965 -45.791546
v 4.821760 149.730392 -45.792183
v 4.771347 149.606705 -45.792889
v 4.734916 149.470856 -45.793667
v 4.727582 149.439423 -45.793846
v 4.717495 149.408478 -45.794022
v 4.704779 149.378418 -45.794197
v 4.689557 149.349640 -45.794361
v 4.671952 149.322571 -45.794514
v 4.652087 149.297607 -45.794659
v 4.630086 149.275146 -45.794785
v 4.606071 149.255585 -45.794899
v 4.580168 149.239349 -45.794991
v 4.552497 149.226822 -45.795063
v 4.523183 149.218430 -45.795109
v 4.492349 149.214554 -45.795132
v 4.465575 149.217422 -45.795116
v 4.391553 149.225357 -45.795071
v 4.279733 149.237350 -45.795002
v 4.139565 149.252380 -45.794914
v 3.980497 149.269424 -45.794819
v 3.811979 149.287506 -45.794716
v 3.643462 149.305573 -45.794613
v 3.484394 149.322617 -45.794514
v 3.344225 149.337646 -45.794430
v 3.232405 149.349640 -45.794361
v 3.158383 149.357574 -45.794315
v 3.131609 149.360443 -45.794296
v 3.102866 149.368271 -45.794254
v 3.074219 149.378922 -45.794193
v 3.046256 149.392487 -45.794113
v 3.019567 149.409012 -45.794022
v 2.994740 149.428543 -45.793907
v 2.972364 149.451141 -45.793777
v 2.953029 149.476868 -45.793633
v 2.937323 149.505768 -45.793468
v 2.925835 149.537903 -45.793282
v 2.919154 149.573318 -45.793079
v 2.917869 149.612076 -45.792858
v 2.922569 149.654221 -45.792618
v 3.024675 150.042679 -45.790398
v 3.171134 150.385452 -45.788437
v 3.357321 150.684769 -45.786724
v 3.578615 150.942947 -45.785248
v 3.830395 151.162231 -45.783993
v 4.108038 151.344910 -45.782951
v 4.406922 151.493240 -45.782101
v 4.722425 151.609497 -45.781437
v 5.049924 151.695984 -45.780941
v 5.384799 151.754929 -45.780605
v 5.722426 151.788635 -45.780411
v 6.058185 151.799362 -45.780350
v 6.232800 151.795502 -45.780373
v 6.414173 151.783539 -45.780441
v 6.600353 151.762955 -45.780560
v 6.789389 151.733200 -45.780731
v 6.979329 151.693771 -45.780956
v 7.168221 151.644104 -45.781239
v 7.354114 151.583664 -45.781586
v 7.535056 151.511948 -45.781994
v 7.709096 151.428391 -45.782471
v 7.874281 151.332474 -45.783020
v 8.028662 151.223648 -45.783642
v 8.170286 151.101410 -45.784344
v 8.325770 150.937836 -45.785278
v 8.452934 150.765884 -45.786263
v 8.554597 150.586014 -45.787289
v 8.633581 150.398697 -45.788361
v 8.692707 150.204437 -45.789471
v 8.734797 150.003693 -45.790619
v 8.762671 149.796967 -45.791801
v 8.779151 149.584702 -45.793015
v 8.787058 149.367416 -45.794258
v 8.789213 149.145554 -45.795528
v 8.788437 148.919632 -45.796818
v 8.787551 148.690094 -45.798130
v 8.787551 148.647110 -45.798378
v 8.787551 148.528275 -45.799057
v 8.787551 148.348755 -45.800083
v 8.787551 148.123718 -45.801369
v 8.787551 147.868347 -45.802830
v 8.787551 147.597809 -45.804379
v 8.787551 147.327271 -45.805923
v 8.787551 147.071884 -45.807384
v 8.787551 146.846863 -45.808670
v 8.787551 146.667343 -45.809700
v 8.787551 146.548508 -45.810379
v 8.787551 146.505524 -45.810623
v 8.793055 146.348816 -45.811520
v 8.808897 146.205948 -45.812336
v 8.834080 146.075424 -45.813084
v 8.867603 145.955719 -45.813766
v 8.908466 145.845337 -45.814400
v 8.955671 145.742737 -45.814987
v 9.008217 145.646439 -45.815536
v 9.065104 145.554901 -45.816059
v 9.125332 145.466614 -45.816566
v 9.187901 145.380096 -45.817059
v 9.251814 145.293793 -45.817554
v 9.316069 145.206207 -45.818054
v 9.337233 145.174179 -45.818237
v 9.355219 145.141373 -45.818424
v 9.369808 145.108063 -45.818615
v 9.380783 145.074554 -45.818806
v 9.387922 145.041122 -45.818996
v 9.391008 145.008057 -45.819187
v 9.389822 144.975662 -45.819374
v 9.384142 144.944199 -45.819553
v 9.373753 144.913971 -45.819725
v 9.358433 144.885269 -45.819889
v 9.337963 144.858368 -45.820042
v 9.312125 144.833572 -45.820183
v 9.236256 144.769882 -45.820549
v 9.152669 144.699051 -45.820953
v 9.062933 144.622452 -45.821392
v 8.968616 144.541473 -45.821854
v 8.871287 144.457520 -45.822334
v 8.772512 144.371964 -45.822823
v 8.673862 144.286194 -45.823315
v 8.576902 144.201630 -45.823799
v 8.483202 144.119629 -45.824268
v 8.394329 144.041580 -45.824715
v 8.311852 143.968903 -45.825130
v 8.237337 143.902954 -45.825508
v 8.237260 143.903030 -45.825504
v 8.237045 143.903244 -45.825504
v 8.236721 143.903580 -45.825504
v 8.236315 143.903976 -45.825500
v 8.235854 143.904449 -45.825497
v 8.235366 143.904938 -45.825497
v 8.234878 143.905426 -45.825493
v 8.234416 143.905884 -45.825489
v 8.234010 143.906296 -45.825489
v 8.233686 143.906616 -45.825485
v 8.233471 143.906830 -45.825485
v 25.500977 143.887177 -45.825596
v 25.500977 143.870895 -42.977165
v 24.104736 143.887177 -45.825596
v 24.104736 143.870895 -42.977165
v 24.070358 143.891739 -45.825569
v 24.070358 143.875443 -42.977142
v 24.037422 143.900299 -45.825523
v 24.037422 143.884003 -42.977093
v 24.006226 143.912598 -45.825451
v 24.006226 143.896301 -42.977020
v 23.977062 143.928360 -45.825359
v 23.977062 143.912079 -42.976933
v 23.950230 143.947342 -45.825253
v 23.950230 143.931046 -42.976822
v 23.926018 143.969254 -45.825127
v 23.926018 143.952957 -42.976696
v 23.904724 143.993835 -45.824986
v 23.904724 143.977539 -42.976559
v 23.886639 144.020813 -45.824833
v 23.886639 144.004517 -42.976402
v 23.872063 144.049927 -45.824665
v 23.872063 144.033646 -42.976238
v 23.861286 144.080917 -45.824490
v 23.861286 144.064636 -42.976059
v 23.854603 144.113510 -45.824303
v 23.854603 144.097214 -42.975872
v 23.852306 144.147430 -45.824108
v 23.852306 144.131149 -42.975677
v 23.852268 144.289032 -45.823299
v 23.852268 144.272736 -42.974869
v 23.852161 144.680511 -45.821060
v 23.852161 144.664215 -42.972630
v 23.852001 145.271881 -45.817677
v 23.852001 145.255600 -42.969250
v 23.851799 146.013184 -45.813438
v 23.851799 145.996902 -42.965008
v 23.851570 146.854446 -45.808628
v 23.851570 146.838150 -42.960197
v 23.851326 147.745667 -45.803532
v 23.851326 147.729385 -42.955101
v 23.851082 148.636902 -45.798435
v 23.851082 148.620621 -42.950005
v 23.850853 149.478165 -45.793625
v 23.850853 149.461868 -42.945194
v 23.850651 150.219467 -45.789387
v 23.850651 150.203171 -42.940956
v 23.850487 150.810837 -45.786003
v 23.850487 150.794556 -42.937576
v 23.850380 151.202316 -45.783764
v 23.850380 151.186020 -42.935337
v 23.850342 151.343918 -45.782955
v 23.850342 151.327621 -42.934525
v 23.855431 151.376282 -45.782772
v 23.855431 151.359985 -42.934341
v 23.864601 151.407166 -45.782593
v 23.864601 151.390869 -42.934166
v 23.877579 151.436295 -45.782429
v 23.877579 151.420013 -42.933998
v 23.894093 151.463455 -45.782272
v 23.894093 151.447159 -42.933842
v 23.913864 151.488358 -45.782131
v 23.913864 151.472061 -42.933701
v 23.936623 151.510757 -45.782001
v 23.936623 151.494476 -42.933571
v 23.962090 151.530411 -45.781891
v 23.962090 151.514130 -42.933460
v 23.989994 151.547058 -45.781796
v 23.989994 151.530777 -42.933365
v 24.020065 151.560455 -45.781715
v 24.020065 151.544159 -42.933289
v 24.052025 151.570328 -45.781662
v 24.052025 151.554047 -42.933231
v 24.085598 151.576447 -45.781628
v 24.085598 151.560150 -42.933197
v 24.120514 151.578537 -45.781612
v 24.120514 151.562241 -42.933186
v 24.146088 151.578537 -45.781612
v 24.146088 151.562241 -42.933186
v 24.216782 151.578537 -45.781612
v 24.216782 151.562241 -42.933186
v 24.323578 151.578537 -45.781612
v 24.323578 151.562241 -42.933186
v 24.457451 151.578537 -45.781612
v 24.457451 151.562241 -42.933186
v 24.609371 151.578537 -45.781612
v 24.609371 151.562241 -42.933186
v 24.770317 151.578537 -45.781612
v 24.770317 151.562241 -42.933186
v 24.931267 151.578537 -45.781612
v 24.931267 151.562241 -42.933186
v 25.083187 151.578537 -45.781612
v 25.083187 151.562241 -42.933186
v 25.217060 151.578537 -45.781612
v 25.217060 151.562241 -42.933186
v 25.323853 151.578537 -45.781612
v 25.323853 151.562241 -42.933186
v 25.394550 151.578537 -45.781612
v 25.394550 151.562241 -42.933186
v 25.420120 151.578537 -45.781612
v 25.420120 151.562241 -42.933186
v 25.450207 151.575485 -45.781631
v 25.450207 151.559189 -42.933201
v 25.479210 151.569397 -45.781666
v 25.479210 151.553101 -42.933235
v 25.506954 151.560425 -45.781719
v 25.506954 151.544128 -42.933289
v 25.533260 151.548737 -45.781784
v 25.533260 151.532455 -42.933353
v 25.557949 151.534515 -45.781864
v 25.557949 151.518234 -42.933437
v 25.580845 151.517914 -45.781960
v 25.580845 151.501617 -42.933533
v 25.601768 151.499084 -45.782066
v 25.601768 151.482788 -42.933640
v 25.620541 151.478195 -45.782188
v 25.620541 151.461914 -42.933758
v 25.636986 151.455429 -45.782318
v 25.636986 151.439148 -42.933887
v 25.650925 151.430939 -45.782459
v 25.650925 151.414642 -42.934029
v 25.662178 151.404877 -45.782608
v 25.662178 151.388596 -42.934177
v 25.670570 151.377426 -45.782764
v 25.670570 151.361145 -42.934334
v 25.670570 151.355774 -45.782887
v 25.670570 151.339493 -42.934460
v 25.670570 151.295929 -45.783230
v 25.670570 151.279648 -42.934799
v 25.670570 151.205521 -45.783749
v 25.670570 151.189240 -42.935318
v 25.670570 151.092194 -45.784393
v 25.670570 151.075912 -42.935966
v 25.670570 150.963593 -45.785130
v 25.670570 150.947296 -42.936703
v 25.670570 150.827347 -45.785908
v 25.670570 150.811050 -42.937481
v 25.670570 150.691101 -45.786690
v 25.670570 150.674805 -42.938259
v 25.670570 150.562485 -45.787422
v 25.670570 150.546204 -42.938995
v 25.670570 150.449158 -45.788071
v 25.670570 150.432861 -42.939644
v 25.670570 150.358749 -45.788589
v 25.670570 150.342468 -42.940159
v 25.670570 150.298904 -45.788933
v 25.670570 150.282608 -42.940502
v 25.670570 150.277252 -45.789055
v 25.670570 150.260971 -42.940624
v 25.696209 150.277252 -45.789055
v 25.696209 150.260971 -42.940624
v 25.797756 150.512527 -45.787708
v 25.797756 150.496231 -42.939281
v 25.906784 150.726501 -45.786488
v 25.906784 150.710220 -42.938057
v 26.024193 150.919357 -45.785385
v 26.024193 150.903076 -42.936954
v 26.150887 151.091248 -45.784401
v 26.150887 151.074966 -42.935970
v 26.287769 151.242325 -45.783535
v 26.287769 151.226028 -42.935108
v 26.435745 151.372742 -45.782791
v 26.435745 151.356461 -42.934361
v 26.595718 151.482666 -45.782162
v 26.595718 151.466385 -42.933731
v 26.768589 151.572250 -45.781651
v 26.768589 151.555969 -42.933220
v 26.955265 151.641663 -45.781254
v 26.955265 151.625366 -42.932823
v 27.156651 151.691040 -45.780972
v 27.156651 151.674744 -42.932541
v 27.373650 151.720551 -45.780800
v 27.373650 151.704254 -42.932373
v 27.607159 151.730347 -45.780746
v 27.607159 151.714066 -42.932316
v 27.763988 151.725525 -45.780773
v 27.763988 151.709244 -42.932343
v 27.919453 151.710678 -45.780857
v 27.919453 151.694397 -42.932430
v 28.072853 151.685226 -45.781002
v 28.072853 151.668930 -42.932575
v 28.223476 151.648560 -45.781212
v 28.223476 151.632278 -42.932785
v 28.370621 151.600128 -45.781490
v 28.370621 151.583847 -42.933060
v 28.513580 151.539352 -45.781837
v 28.513580 151.523056 -42.933407
v 28.651653 151.465622 -45.782261
v 28.651653 151.449341 -42.933830
v 28.784130 151.378372 -45.782757
v 28.784130 151.362091 -42.934330
v 28.910309 151.277023 -45.783337
v 28.910309 151.260742 -42.934910
v 29.029484 151.160995 -45.784000
v 29.029484 151.144714 -42.935574
v 29.140945 151.029694 -45.784752
v 29.140945 151.013412 -42.936321
v 29.243992 150.882553 -45.785595
v 29.243992 150.866257 -42.937164
v 29.328266 150.730835 -45.786461
v 29.328266 150.714539 -42.938030
v 29.398529 150.565063 -45.787411
v 29.398529 150.548782 -42.938980
v 29.456055 150.387573 -45.788425
v 29.456055 150.371292 -42.939995
v 29.502117 150.200653 -45.789494
v 29.502117 150.184372 -42.941063
v 29.537991 150.006607 -45.790604
v 29.537991 149.990326 -42.942173
v 29.564953 149.807755 -45.791740
v 29.564953 149.791473 -42.943310
v 29.584267 149.606400 -45.792892
v 29.584267 149.590118 -42.944462
v 29.597218 149.404846 -45.794044
v 29.597218 149.388550 -42.945614
v 29.605072 149.205399 -45.795185
v 29.605072 149.189102 -42.946754
v 29.609108 149.010361 -45.796299
v 29.609108 148.994064 -42.947872
v 29.610592 148.822052 -45.797379
v 29.610592 148.805756 -42.948948
v 29.610806 148.642761 -45.798401
v 29.610806 148.626480 -42.949974
v 29.610806 148.553665 -45.798912
v 29.610806 148.537369 -42.950481
v 29.610806 148.307297 -45.800320
v 29.610806 148.291016 -42.951889
v 29.610806 147.935135 -45.802448
v 29.610806 147.918854 -42.954018
v 29.610806 147.468628 -45.805115
v 29.610806 147.452332 -42.956688
v 29.610806 146.939209 -45.808144
v 29.610806 146.922913 -42.959713
v 29.610806 146.378342 -45.811352
v 29.610806 146.362061 -42.962921
v 29.610806 145.817474 -45.814560
v 29.610806 145.801193 -42.966129
v 29.610806 145.288071 -45.817585
v 29.610806 145.271774 -42.969154
v 29.610806 144.821548 -45.820251
v 29.610806 144.805267 -42.971825
v 29.610806 144.449387 -45.822380
v 29.610806 144.433105 -42.973953
v 29.610806 144.203033 -45.823792
v 29.610806 144.186737 -42.975361
v 29.610806 144.113922 -45.824299
v 29.610806 144.097626 -42.975872
v 29.604809 144.082947 -45.824478
v 29.604809 144.066666 -42.976048
v 29.594898 144.053314 -45.824646
v 29.594898 144.037018 -42.976215
v 29.581345 144.025253 -45.824806
v 29.581345 144.008972 -42.976379
v 29.564423 143.999054 -45.824955
v 29.564423 143.982758 -42.976528
v 29.544403 143.974960 -45.825096
v 29.544403 143.958664 -42.976665
v 29.521564 143.953232 -45.825218
v 29.521564 143.936935 -42.976788
v 29.496178 143.934128 -45.825329
v 29.496178 143.917847 -42.976898
v 29.468521 143.917923 -45.825420
v 29.468521 143.901627 -42.976990
v 29.438858 143.904861 -45.825497
v 29.438858 143.888580 -42.977066
v 29.407475 143.895218 -45.825550
v 29.407475 143.878922 -42.977119
v 29.374638 143.889236 -45.825584
v 29.374638 143.872940 -42.977154
v 29.340622 143.887177 -45.825596
v 29.340622 143.870895 -42.977165
v 29.312958 143.887177 -45.825596
v 29.312958 143.870895 -42.977165
v 29.236469 143.887177 -45.825596
v 29.236469 143.870895 -42.977165
v 29.120922 143.887177 -45.825596
v 29.120922 143.870895 -42.977165
v 28.976082 143.887177 -45.825596
v 28.976082 143.870895 -42.977165
v 28.811714 143.887177 -45.825596
v 28.811714 143.870895 -42.977165
v 28.637577 143.887177 -45.825596
v 28.637577 143.870895 -42.977165
v 28.463440 143.887177 -45.825596
v 28.463440 143.870895 -42.977165
v 28.299072 143.887177 -45.825596
v 28.299072 143.870895 -42.977165
v 28.154232 143.887177 -45.825596
v 28.154232 143.870895 -42.977165
v 28.038685 143.887177 -45.825596
v 28.038685 143.870895 -42.977165
v 27.962196 143.887177 -45.825596
v 27.962196 143.870895 -42.977165
v 27.934525 143.887177 -45.825596
v 27.934525 143.870895 -42.977165
v 27.902973 143.891373 -45.825573
v 27.902973 143.875092 -42.977142
v 27.872570 143.898911 -45.825531
v 27.872570 143.882614 -42.977100
v 27.843563 143.909576 -45.825470
v 27.843563 143.893280 -42.977039
v 27.816200 143.923172 -45.825390
v 27.816200 143.906891 -42.976963
v 27.790730 143.939514 -45.825298
v 27.790730 143.923233 -42.976868
v 27.767391 143.958405 -45.825188
v 27.767391 143.942108 -42.976761
v 27.746441 143.979630 -45.825069
v 27.746441 143.963333 -42.976639
v 27.728115 144.002991 -45.824936
v 27.728115 143.986710 -42.976505
v 27.712669 144.028305 -45.824791
v 27.712669 144.012024 -42.976360
v 27.700344 144.055359 -45.824635
v 27.700344 144.039078 -42.976204
v 27.691387 144.083969 -45.824471
v 27.691387 144.067673 -42.976044
v 27.686047 144.113922 -45.824299
v 27.686047 144.097626 -42.975872
v 27.686047 144.190811 -45.823860
v 27.686047 144.174515 -42.975430
v 27.686047 144.403381 -45.822643
v 27.686047 144.387100 -42.974216
v 27.686047 144.724503 -45.820808
v 27.686047 144.708221 -42.972378
v 27.686047 145.127045 -45.818508
v 27.686047 145.110764 -42.970078
v 27.686047 145.583862 -45.815895
v 27.686047 145.567566 -42.967464
v 27.686047 146.067810 -45.813126
v 27.686047 146.051514 -42.964699
v 27.686047 146.551758 -45.810360
v 27.686047 146.535477 -42.961929
v 27.686047 147.008575 -45.807747
v 27.686047 146.992279 -42.959316
v 27.686047 147.411118 -45.805447
v 27.686047 147.394821 -42.957016
v 27.686047 147.732239 -45.803608
v 27.686047 147.715942 -42.955181
v 27.686047 147.944809 -45.802395
v 27.686047 147.928528 -42.953964
v 27.686047 148.021698 -45.801952
v 27.686047 148.005417 -42.953526
v 27.687271 148.225098 -45.800789
v 27.687271 148.208801 -42.952362
v 27.688282 148.438416 -45.799572
v 27.688282 148.422134 -42.951141
v 27.685093 148.656418 -45.798325
v 27.685093 148.640121 -42.949894
v 27.673702 148.873810 -45.797081
v 27.673702 148.857529 -42.948650
v 27.650124 149.085358 -45.795872
v 27.650124 149.069061 -42.947441
v 27.610367 149.285767 -45.794724
v 27.610367 149.269485 -42.946297
v 27.550434 149.469788 -45.793671
v 27.550434 149.453506 -42.945244
v 27.466343 149.632172 -45.792744
v 27.466343 149.615875 -42.944313
v 27.354092 149.767624 -45.791969
v 27.354092 149.751328 -42.943539
v 27.209690 149.870895 -45.791378
v 27.209690 149.854599 -42.942951
v 27.029148 149.936707 -45.791004
v 27.029148 149.920425 -42.942574
v 26.808472 149.959824 -45.790871
v 26.808472 149.943527 -42.942440
v 26.723827 149.955124 -45.790897
v 26.723827 149.938828 -42.942467
v 26.640789 149.941269 -45.790977
v 26.640789 149.924988 -42.942547
v 26.559803 149.918671 -45.791107
v 26.559803 149.902374 -42.942677
v 26.481323 149.887680 -45.791283
v 26.481323 149.871384 -42.942852
v 26.405800 149.848694 -45.791508
v 26.405800 149.832397 -42.943077
v 26.333687 149.802094 -45.791771
v 26.333687 149.785797 -42.943344
v 26.265438 149.748260 -45.792080
v 26.265438 149.731979 -42.943649
v 26.201504 149.687592 -45.792427
v 26.201504 149.671295 -42.943996
v 26.142334 149.620453 -45.792812
v 26.142334 149.604172 -42.944382
v 26.088379 149.547241 -45.793228
v 26.088379 149.530945 -42.944801
v 26.040096 149.468323 -45.793682
v 26.040096 149.452042 -42.945251
v 25.997940 149.384109 -45.794163
v 25.997940 149.367813 -42.945732
v 25.952126 149.274200 -45.794792
v 25.952126 149.257904 -42.946362
v 25.912956 149.164200 -45.795422
v 25.912956 149.147919 -42.946991
v 25.879921 149.053940 -45.796051
v 25.879921 149.037659 -42.947620
v 25.852516 148.943253 -45.796684
v 25.852516 148.926971 -42.948254
v 25.830231 148.831970 -45.797321
v 25.830231 148.815689 -42.948891
v 25.812561 148.719910 -45.797962
v 25.812561 148.703613 -42.949532
v 25.799004 148.606903 -45.798607
v 25.799004 148.590607 -42.950176
v 25.789043 148.492783 -45.799259
v 25.789043 148.476486 -42.950829
v 25.782181 148.377365 -45.799919
v 25.782181 148.361084 -42.951488
v 25.777905 148.260498 -45.800587
v 25.777905 148.244217 -42.952160
v 25.775711 148.141998 -45.801266
v 25.775711 148.125717 -42.952835
v 25.775093 148.021698 -45.801952
v 25.775093 148.005417 -42.953526
v 25.775093 147.945465 -45.802391
v 25.775093 147.929184 -42.953960
v 25.775093 147.734726 -45.803596
v 25.775093 147.718430 -42.955166
v 25.775093 147.416351 -45.805416
v 25.775093 147.400055 -42.956985
v 25.775093 147.017258 -45.807697
v 25.775093 147.000977 -42.959267
v 25.775093 146.564362 -45.810287
v 25.775093 146.548080 -42.961857
v 25.775093 146.084564 -45.813030
v 25.775093 146.068283 -42.964600
v 25.775093 145.604767 -45.815773
v 25.775093 145.588486 -42.967346
v 25.775093 145.151871 -45.818363
v 25.775093 145.135590 -42.969936
v 25.775093 144.752792 -45.820648
v 25.775093 144.736496 -42.972218
v 25.775093 144.434418 -45.822468
v 25.775093 144.418121 -42.974037
v 25.775093 144.223663 -45.823673
v 25.775093 144.207382 -42.975243
v 25.775093 144.147430 -45.824108
v 25.775093 144.131149 -42.975677
v 25.772148 144.112076 -45.824310
v 25.772148 144.095795 -42.975880
v 25.764511 144.078186 -45.824505
v 25.764511 144.061890 -42.976074
v 25.752506 144.046051 -45.824688
v 25.752506 144.029755 -42.976257
v 25.736454 144.015991 -45.824860
v 25.736454 143.999710 -42.976429
v 25.716679 143.988312 -45.825020
v 25.716679 143.972031 -42.976589
v 25.693497 143.963333 -45.825161
v 25.693497 143.947052 -42.976730
v 25.667236 143.941345 -45.825287
v 25.667236 143.925064 -42.976856
v 25.638214 143.922668 -45.825394
v 25.638214 143.906387 -42.976963
v 25.606754 143.907608 -45.825481
v 25.606754 143.891312 -42.977051
v 25.573181 143.896469 -45.825542
v 25.573181 143.880173 -42.977116
v 25.537811 143.889557 -45.825584
v 25.537811 143.873260 -42.977154
v 10.759638 150.050522 -45.790352
v 10.759638 150.034241 -42.941921
v 10.723330 150.052673 -45.790340
v 10.723330 150.036377 -42.941910
v 10.688560 150.058975 -45.790302
v 10.688560 150.042694 -42.941875
v 10.655642 150.069260 -45.790245
v 10.655642 150.052963 -42.941814
v 10.624878 150.083313 -45.790165
v 10.624878 150.067017 -42.941734
v 10.596581 150.100952 -45.790062
v 10.596581 150.084671 -42.941635
v 10.571056 150.121994 -45.789944
v 10.571056 150.105713 -42.941513
v 10.548613 150.146240 -45.789803
v 10.548613 150.129944 -42.941376
v 10.529560 150.173492 -45.789650
v 10.529560 150.157211 -42.941219
v 10.514204 150.203568 -45.789478
v 10.514204 150.187286 -42.941048
v 10.502853 150.236282 -45.789291
v 10.502853 150.219986 -42.940861
v 10.495818 150.271423 -45.789089
v 10.495818 150.255127 -42.940659
v 10.493404 150.308807 -45.788876
v 10.493404 150.292526 -42.940445
v 10.493404 151.337997 -45.782990
v 10.493404 151.321716 -42.934559
v 10.495815 151.375839 -45.782772
v 10.495815 151.359558 -42.934345
v 10.502827 151.411362 -45.782570
v 10.502827 151.395081 -42.934139
v 10.514112 151.444382 -45.782379
v 10.514112 151.428085 -42.933952
v 10.529341 151.474701 -45.782207
v 10.529341 151.458420 -42.933777
v 10.548185 151.502151 -45.782051
v 10.548185 151.485870 -42.933620
v 10.570316 151.526535 -45.781910
v 10.570316 151.510254 -42.933483
v 10.595406 151.547684 -45.781792
v 10.595406 151.531403 -42.933361
v 10.623125 151.565399 -45.781689
v 10.623125 151.549103 -42.933258
v 10.653145 151.579498 -45.781609
v 10.653145 151.563202 -42.933178
v 10.685137 151.589798 -45.781548
v 10.685137 151.573502 -42.933121
v 10.718771 151.596115 -45.781513
v 10.718771 151.579819 -42.933083
v 10.753721 151.598251 -45.781502
v 10.753721 151.581970 -42.933071
v 10.844402 151.598251 -45.781502
v 10.844402 151.581970 -42.933071
v 11.095110 151.598251 -45.781502
v 11.095110 151.581970 -42.933071
v 11.473840 151.598251 -45.781502
v 11.473840 151.581970 -42.933071
v 11.948585 151.598251 -45.781502
v 11.948585 151.581970 -42.933071
v 12.487341 151.598251 -45.781502
v 12.487341 151.581970 -42.933071
v 13.058102 151.598251 -45.781502
v 13.058102 151.581970 -42.933071
v 13.628862 151.598251 -45.781502
v 13.628862 151.581970 -42.933071
v 14.167619 151.598251 -45.781502
v 14.167619 151.581970 -42.933071
v 14.642365 151.598251 -45.781502
v 14.642365 151.581970 -42.933071
v 15.021093 151.598251 -45.781502
v 15.021093 151.581970 -42.933071
v 15.271802 151.598251 -45.781502
v 15.271802 151.581970 -42.933071
v 15.362481 151.598251 -45.781502
v 15.362481 151.581970 -42.933071
v 15.398791 151.596069 -45.781513
v 15.398791 151.579788 -42.933083
v 15.433560 151.589661 -45.781551
v 15.433560 151.573364 -42.933121
v 15.466480 151.579224 -45.781609
v 15.466480 151.562927 -42.933182
v 15.497242 151.564957 -45.781693
v 15.497242 151.548676 -42.933262
v 15.525540 151.547089 -45.781796
v 15.525540 151.530792 -42.933365
v 15.551064 151.525803 -45.781914
v 15.551064 151.509506 -42.933487
v 15.573507 151.501312 -45.782055
v 15.573507 151.485031 -42.933624
v 15.592561 151.473831 -45.782211
v 15.592561 151.457535 -42.933784
v 15.607917 151.443542 -45.782387
v 15.607917 151.427261 -42.933956
v 15.619267 151.410675 -45.782574
v 15.619267 151.394394 -42.934143
v 15.626302 151.375427 -45.782776
v 15.626302 151.359146 -42.934345
v 15.628716 151.337997 -45.782990
v 15.628716 151.321716 -42.934559
v 15.628716 151.320663 -45.783089
v 15.628716 151.304367 -42.934658
v 15.628716 151.272720 -45.783363
v 15.628716 151.256424 -42.934933
v 15.628716 151.200302 -45.783775
v 15.628716 151.184006 -42.935349
v 15.628716 151.109512 -45.784294
v 15.628716 151.093216 -42.935867
v 15.628716 151.006485 -45.784885
v 15.628716 150.990204 -42.936455
v 15.628716 150.897339 -45.785511
v 15.628716 150.881058 -42.937080
v 15.628716 150.788193 -45.786133
v 15.628716 150.771912 -42.937702
v 15.628716 150.685165 -45.786724
v 15.628716 150.668884 -42.938293
v 15.628716 150.594391 -45.787243
v 15.628716 150.578094 -42.938812
v 15.628716 150.521957 -45.787655
v 15.628716 150.505676 -42.939228
v 15.628716 150.474014 -45.787930
v 15.628716 150.457733 -42.939499
v 15.628716 150.456680 -45.788029
v 15.628716 150.440384 -42.939598
v 15.625690 150.418732 -45.788246
v 15.625690 150.402435 -42.939816
v 15.617659 150.378662 -45.788475
v 15.617659 150.362366 -42.940044
v 15.604712 150.336227 -45.788719
v 15.604712 150.319931 -42.940289
v 15.586936 150.291214 -45.788975
v 15.586936 150.274918 -42.940544
v 15.564423 150.243378 -45.789249
v 15.564423 150.227081 -42.940819
v 15.537260 150.192474 -45.789539
v 15.537260 150.176193 -42.941109
v 15.505537 150.138306 -45.789848
v 15.505537 150.122009 -42.941422
v 15.469342 150.080612 -45.790180
v 15.469342 150.064316 -42.941750
v 15.428765 150.019165 -45.790531
v 15.428765 150.002869 -42.942101
v 15.383896 149.953735 -45.790905
v 15.383896 149.937439 -42.942474
v 15.334821 149.884079 -45.791302
v 15.334821 149.867798 -42.942875
v 15.281629 149.809982 -45.791729
v 15.281629 149.793701 -42.943298
v 15.234639 149.742905 -45.792110
v 15.234639 149.726624 -42.943680
v 15.104726 149.557465 -45.793171
v 15.104726 149.541183 -42.944740
v 14.908473 149.277328 -45.794773
v 14.908473 149.261047 -42.946342
v 14.662466 148.926178 -45.796780
v 14.662466 148.909897 -42.948353
v 14.383290 148.527679 -45.799061
v 14.383290 148.511383 -42.950630
v 14.087530 148.105499 -45.801476
v 14.087530 148.089218 -42.953045
v 13.791769 147.683334 -45.803890
v 13.791769 147.667038 -42.955460
v 13.512593 147.284821 -45.806168
v 13.512593 147.268539 -42.957737
v 13.266587 146.933670 -45.808174
v 13.266587 146.917389 -42.959747
v 13.070335 146.653534 -45.809776
v 13.070335 146.637253 -42.961349
v 12.940421 146.468094 -45.810837
v 12.940421 146.451813 -42.962410
v 12.893432 146.401016 -45.811222
v 12.893432 146.384735 -42.962791
v 13.116214 146.403137 -45.811211
v 13.116214 146.386856 -42.962780
v 13.340421 146.398270 -45.811237
v 13.340421 146.381989 -42.962807
v 13.565421 146.385834 -45.811310
v 13.565421 146.369553 -42.962879
v 13.790586 146.365234 -45.811424
v 13.790586 146.348953 -42.962997
v 14.015285 146.335907 -45.811592
v 14.015285 146.319626 -42.963165
v 14.238889 146.297272 -45.811813
v 14.238889 146.280975 -42.963387
v 14.460767 146.248718 -45.812092
v 14.460767 146.232437 -42.963661
v 14.680289 146.189697 -45.812431
v 14.680289 146.173401 -42.964001
v 14.896826 146.119598 -45.812832
v 14.896826 146.103317 -42.964401
v 15.109748 146.037872 -45.813297
v 15.109748 146.021576 -42.964867
v 15.318424 145.943909 -45.813835
v 15.318424 145.927612 -42.965405
v 15.522224 145.837128 -45.814445
v 15.522224 145.820847 -42.966015
v 15.564885 145.810547 -45.814598
v 15.564885 145.794250 -42.966167
v 15.602376 145.782150 -45.814758
v 15.602376 145.765869 -42.966331
v 15.635034 145.752136 -45.814934
v 15.635034 145.735855 -42.966503
v 15.663191 145.720657 -45.815113
v 15.663191 145.704376 -42.966682
v 15.687186 145.687897 -45.815300
v 15.687186 145.671616 -42.966869
v 15.707353 145.654022 -45.815495
v 15.707353 145.637726 -42.967064
v 15.724028 145.619202 -45.815693
v 15.724028 145.602905 -42.967262
v 15.737546 145.583603 -45.815895
v 15.737546 145.567307 -42.967464
v 15.748243 145.547394 -45.816101
v 15.748243 145.531113 -42.967674
v 15.756454 145.510757 -45.816311
v 15.756454 145.494476 -42.967884
v 15.762516 145.473877 -45.816525
v 15.762516 145.457581 -42.968094
v 15.766763 145.436890 -45.816734
v 15.766763 145.420609 -42.968304
v 15.766763 145.415283 -45.816856
v 15.766763 145.399002 -42.968430
v 15.766763 145.355545 -45.817200
v 15.766763 145.339249 -42.968769
v 15.766763 145.265305 -45.817715
v 15.766763 145.249008 -42.969288
v 15.766763 145.152176 -45.818363
v 15.766763 145.135880 -42.969933
v 15.766763 145.023788 -45.819096
v 15.766763 145.007507 -42.970669
v 15.766763 144.887787 -45.819874
v 15.766763 144.871506 -42.971447
v 15.766763 144.751785 -45.820652
v 15.766763 144.735504 -42.972221
v 15.766763 144.623413 -45.821388
v 15.766763 144.607117 -42.972958
v 15.766763 144.510284 -45.822033
v 15.766763 144.493988 -42.973602
v 15.766763 144.420044 -45.822548
v 15.766763 144.403748 -42.974121
v 15.766763 144.360291 -45.822891
v 15.766763 144.344009 -42.974461
v 15.766763 144.338684 -45.823013
v 15.766763 144.322403 -42.974586
v 15.763404 144.300858 -45.823231
v 15.763404 144.284576 -42.974800
v 15.753689 144.262985 -45.823448
v 15.753689 144.246689 -42.975018
v 15.738167 144.226059 -45.823658
v 15.738167 144.209778 -42.975227
v 15.717387 144.191116 -45.823860
v 15.717387 144.174820 -42.975430
v 15.691895 144.159149 -45.824043
v 15.691895 144.142853 -42.975613
v 15.662241 144.131180 -45.824200
v 15.662241 144.114883 -42.975773
v 15.628971 144.108215 -45.824333
v 15.628971 144.091934 -42.975903
v 15.592633 144.091293 -45.824429
v 15.592633 144.074997 -42.976002
v 15.553776 144.081390 -45.824486
v 15.553776 144.065109 -42.976055
v 15.512946 144.079544 -45.824497
v 15.512946 144.063263 -42.976067
v 15.470693 144.086761 -45.824455
v 15.470693 144.070480 -42.976025
v 15.427563 144.104065 -45.824356
v 15.427563 144.087784 -42.975925
v 15.063836 144.275940 -45.823372
v 15.063836 144.259659 -42.974945
v 14.683430 144.419357 -45.822552
v 14.683430 144.403061 -42.974125
v 14.289054 144.533417 -45.821899
v 14.289054 144.517136 -42.973473
v 13.883421 144.617279 -45.821423
v 13.883421 144.600983 -42.972992
v 13.469241 144.670044 -45.821121
v 13.469241 144.653763 -42.972691
v 13.049229 144.690872 -45.820999
v 13.049229 144.674591 -42.972572
v 12.626093 144.678879 -45.821068
v 12.626093 144.662598 -42.972641
v 12.202547 144.633194 -45.821331
v 12.202547 144.616913 -42.972900
v 11.781301 144.552948 -45.821789
v 11.781301 144.536667 -42.973358
v 11.365067 144.437286 -45.822453
v 11.365067 144.420990 -42.974022
v 10.956558 144.285309 -45.823318
v 10.956558 144.269028 -42.974892
v 10.558483 144.096176 -45.824402
v 10.558483 144.079895 -42.975971
v 10.518487 144.079742 -45.824493
v 10.518487 144.063461 -42.976067
v 10.478770 144.073181 -45.824532
v 10.478770 144.056885 -42.976105
v 10.439943 144.075470 -45.824520
v 10.439943 144.059189 -42.976089
v 10.402617 144.085663 -45.824463
v 10.402617 144.069382 -42.976032
v 10.367399 144.102753 -45.824364
v 10.367399 144.086456 -42.975933
v 10.334899 144.125748 -45.824234
v 10.334899 144.109467 -42.975803
v 10.305727 144.153687 -45.824074
v 10.305727 144.137390 -42.975643
v 10.280493 144.185562 -45.823891
v 10.280493 144.169266 -42.975460
v 10.259804 144.220398 -45.823692
v 10.259804 144.204102 -42.975262
v 10.244272 144.257202 -45.823479
v 10.244272 144.240906 -42.975052
v 10.234507 144.294983 -45.823265
v 10.234507 144.278702 -42.974834
v 10.231115 144.332779 -45.823048
v 10.231115 144.316483 -42.974621
v 10.231115 144.353302 -45.822929
v 10.231115 144.337006 -42.974503
v 10.231115 144.410034 -45.822605
v 10.231115 144.393753 -42.974178
v 10.231115 144.495743 -45.822117
v 10.231115 144.479462 -42.973686
v 10.231115 144.603180 -45.821503
v 10.231115 144.586899 -42.973072
v 10.231115 144.725113 -45.820805
v 10.231115 144.708817 -42.972374
v 10.231115 144.854279 -45.820065
v 10.231115 144.837982 -42.971638
v 10.231115 144.983444 -45.819328
v 10.231115 144.967148 -42.970898
v 10.231115 145.105362 -45.818630
v 10.231115 145.089081 -42.970200
v 10.231115 145.212799 -45.818016
v 10.231115 145.196518 -42.969585
v 10.231115 145.298508 -45.817528
v 10.231115 145.282227 -42.969097
v 10.231115 145.355255 -45.817200
v 10.231115 145.338959 -42.968773
v 10.231115 145.375778 -45.817085
v 10.231115 145.359482 -42.968655
v 10.231252 145.420044 -45.816830
v 10.231252 145.403763 -42.968403
v 10.232038 145.468735 -45.816551
v 10.232038 145.452438 -42.968124
v 10.234043 145.521301 -45.816254
v 10.234043 145.505020 -42.967823
v 10.237836 145.577240 -45.815933
v 10.237836 145.560959 -42.967503
v 10.243984 145.636032 -45.815598
v 10.243984 145.619751 -42.967167
v 10.253056 145.697144 -45.815247
v 10.253056 145.680862 -42.966816
v 10.265620 145.760071 -45.814888
v 10.265620 145.743790 -42.966457
v 10.282245 145.824280 -45.814518
v 10.282245 145.807999 -42.966091
v 10.303499 145.889267 -45.814148
v 10.303499 145.872971 -42.965717
v 10.329950 145.954483 -45.813774
v 10.329950 145.938202 -42.965343
v 10.362166 146.019440 -45.813404
v 10.362166 146.003143 -42.964973
v 10.400717 146.083588 -45.813038
v 10.400717 146.067307 -42.964607
v 10.455156 146.161636 -45.812592
v 10.455156 146.145355 -42.964161
v 10.605668 146.377441 -45.811356
v 10.605668 146.361145 -42.962925
v 10.833035 146.703430 -45.809490
v 10.833035 146.687134 -42.961063
v 11.118046 147.112061 -45.807156
v 11.118046 147.095764 -42.958725
v 11.441483 147.575775 -45.804504
v 11.441483 147.559494 -42.956074
v 11.784136 148.067062 -45.801693
v 11.784136 148.050766 -42.953266
v 12.126787 148.558334 -45.798885
v 12.126787 148.542038 -42.950455
v 12.450225 149.022064 -45.796234
v 12.450225 149.005768 -42.947803
v 12.735235 149.430695 -45.793896
v 12.735235 149.414398 -42.945465
v 12.962603 149.756683 -45.792030
v 12.962603 149.740387 -42.943604
v 13.113113 149.972473 -45.790798
v 13.113113 149.956177 -42.942368
v 13.167552 150.050522 -45.790352
v 13.167552 150.034241 -42.941921
v -6.048446 144.147446 -45.824108
v -6.048446 144.131149 -42.975677
v -6.050900 144.112091 -45.824310
v -6.050900 144.095795 -42.975880
v -6.058051 144.078186 -45.824505
v -6.058051 144.061905 -42.976074
v -6.069585 144.046051 -45.824688
v -6.069585 144.029770 -42.976257
v -6.085186 144.016006 -45.824860
v -6.085186 143.999710 -42.976429
v -6.104539 143.988327 -45.825020
v -6.104539 143.972031 -42.976589
v -6.127329 143.963333 -45.825161
v -6.127329 143.947052 -42.976730
v -6.153242 143.941360 -45.825287
v -6.153242 143.925064 -42.976856
v -6.181963 143.922668 -45.825394
v -6.181963 143.906387 -42.976963
v -6.213176 143.907608 -45.825481
v -6.213176 143.891327 -42.977051
v -6.246566 143.896469 -45.825542
v -6.246566 143.880188 -42.977116
v -6.281819 143.889557 -45.825584
v -6.281819 143.873276 -42.977154
v -6.318622 143.887192 -45.825596
v -6.318622 143.870895 -42.977165
v -7.720774 143.887192 -45.825596
v -7.720774 143.870895 -42.977165
v -7.753684 143.891510 -45.825573
v -7.753684 143.875214 -42.977142
v -7.785205 143.899384 -45.825527
v -7.785205 143.883087 -42.977097
v -7.815095 143.910599 -45.825462
v -7.815095 143.894318 -42.977032
v -7.843116 143.924942 -45.825382
v -7.843116 143.908646 -42.976952
v -7.869028 143.942184 -45.825283
v -7.869028 143.925888 -42.976852
v -7.892591 143.962112 -45.825169
v -7.892591 143.945816 -42.976738
v -7.913567 143.984497 -45.825039
v -7.913567 143.968216 -42.976612
v -7.931714 144.009140 -45.824898
v -7.931714 143.992844 -42.976471
v -7.946794 144.035797 -45.824745
v -7.946794 144.019516 -42.976318
v -7.958565 144.064270 -45.824585
v -7.958565 144.047974 -42.976154
v -7.966789 144.094330 -45.824413
v -7.966789 144.078033 -42.975983
v -7.971228 144.125748 -45.824234
v -7.971228 144.109467 -42.975803
v -7.971228 144.267319 -45.823421
v -7.971228 144.251022 -42.974995
v -7.971228 144.658676 -45.821186
v -7.971228 144.642395 -42.972755
v -7.971228 145.249893 -45.817802
v -7.971228 145.233612 -42.969376
v -7.971228 145.990997 -45.813564
v -7.971228 145.974701 -42.965137
v -7.971228 146.832016 -45.808758
v -7.971228 146.815735 -42.960327
v -7.971228 147.723007 -45.803661
v -7.971228 147.706711 -42.955231
v -7.971228 148.613998 -45.798565
v -7.971228 148.597702 -42.950138
v -7.971228 149.455017 -45.793758
v -7.971228 149.438721 -42.945328
v -7.971228 150.196121 -45.789520
v -7.971228 150.179825 -42.941090
v -7.971228 150.787323 -45.786137
v -7.971228 150.771042 -42.937710
v -7.971228 151.178696 -45.783901
v -7.971228 151.162415 -42.935471
v -7.971228 151.320251 -45.783092
v -7.971228 151.303970 -42.934662
v -7.968773 151.355576 -45.782890
v -7.968773 151.339279 -42.934460
v -7.961622 151.389359 -45.782696
v -7.961622 151.373077 -42.934265
v -7.950089 151.421341 -45.782513
v -7.950089 151.405045 -42.934082
v -7.934487 151.451187 -45.782341
v -7.934487 151.434906 -42.933914
v -7.915134 151.478638 -45.782185
v -7.915134 151.462341 -42.933754
v -7.892344 151.503372 -45.782043
v -7.892344 151.487091 -42.933613
v -7.866430 151.525116 -45.781918
v -7.866430 151.508820 -42.933491
v -7.837710 151.543564 -45.781815
v -7.837710 151.527267 -42.933384
v -7.806498 151.558426 -45.781731
v -7.806498 151.542130 -42.933300
v -7.773107 151.569397 -45.781666
v -7.773107 151.553116 -42.933235
v -7.737855 151.576202 -45.781628
v -7.737855 151.559921 -42.933197
v -7.701054 151.578537 -45.781612
v -7.701054 151.562256 -42.933186
v -7.675327 151.578537 -45.781612
v -7.675327 151.562256 -42.933186
v -7.604201 151.578537 -45.781612
v -7.604201 151.562256 -42.933186
v -7.496758 151.578537 -45.781612
v -7.496758 151.562256 -42.933186
v -7.362074 151.578537 -45.781612
v -7.362074 151.562256 -42.933186
v -7.209230 151.578537 -45.781612
v -7.209230 151.562256 -42.933186
v -7.047306 151.578537 -45.781612
v -7.047306 151.562256 -42.933186
v -6.885383 151.578537 -45.781612
v -6.885383 151.562256 -42.933186
v -6.732539 151.578537 -45.781612
v -6.732539 151.562256 -42.933186
v -6.597855 151.578537 -45.781612
v -6.597855 151.562256 -42.933186
v -6.490411 151.578537 -45.781612
v -6.490411 151.562256 -42.933186
v -6.419286 151.578537 -45.781612
v -6.419286 151.562256 -42.933186
v -6.393561 151.578537 -45.781612
v -6.393561 151.562256 -42.933186
v -6.360158 151.575058 -45.781635
v -6.360158 151.558762 -42.933205
v -6.328154 151.567703 -45.781677
v -6.328154 151.551422 -42.933247
v -6.297791 151.556763 -45.781738
v -6.297791 151.540466 -42.933308
v -6.269320 151.542465 -45.781818
v -6.269320 151.526184 -42.933392
v -6.242984 151.525085 -45.781921
v -6.242984 151.508789 -42.933491
v -6.219030 151.504852 -45.782036
v -6.219030 151.488571 -42.933605
v -6.197707 151.482040 -45.782166
v -6.197707 151.465744 -42.933735
v -6.179259 151.456879 -45.782310
v -6.179259 151.440598 -42.933880
v -6.163935 151.429657 -45.782467
v -6.163935 151.413361 -42.934036
v -6.151979 151.400589 -45.782631
v -6.151979 151.384308 -42.934200
v -6.143639 151.369965 -45.782806
v -6.143639 151.353668 -42.934376
v -6.139159 151.337997 -45.782990
v -6.139159 151.321716 -42.934559
v -6.139159 151.319504 -45.783096
v -6.139159 151.303207 -42.934666
v -6.139159 151.268341 -45.783386
v -6.139159 151.252045 -42.934959
v -6.139159 151.191055 -45.783829
v -6.139159 151.174759 -42.935402
v -6.139159 151.094177 -45.784382
v -6.139159 151.077881 -42.935955
v -6.139159 150.984238 -45.785011
v -6.139159 150.967941 -42.936584
v -6.139159 150.867767 -45.785679
v -6.139159 150.851471 -42.937248
v -6.139159 150.751297 -45.786343
v -6.139159 150.735001 -42.937916
v -6.139159 150.641357 -45.786972
v -6.139159 150.625061 -42.938545
v -6.139159 150.544479 -45.787529
v -6.139159 150.528183 -42.939098
v -6.139159 150.467194 -45.787968
v -6.139159 150.450912 -42.939541
v -6.139159 150.416031 -45.788261
v -6.139159 150.399750 -42.939831
v -6.139159 150.397537 -45.788368
v -6.139159 150.381241 -42.939938
v -6.113523 150.397537 -45.788368
v -6.113523 150.381241 -42.939938
v -6.022030 150.614685 -45.787125
v -6.022030 150.598404 -42.938698
v -5.918314 150.811859 -45.785999
v -5.918314 150.795563 -42.937569
v -5.802643 150.989243 -45.784985
v -5.802643 150.972946 -42.936554
v -5.675282 151.147049 -45.784081
v -5.675282 151.130753 -42.935654
v -5.536501 151.285492 -45.783291
v -5.536501 151.269196 -42.934860
v -5.386565 151.404785 -45.782608
v -5.386565 151.388504 -42.934177
v -5.225741 151.505157 -45.782032
v -5.225741 151.488861 -42.933605
v -5.054297 151.586792 -45.781567
v -5.054297 151.570511 -42.933136
v -4.872499 151.649918 -45.781204
v -4.872499 151.633636 -42.932777
v -4.680614 151.694748 -45.780949
v -4.680614 151.678467 -42.932518
v -4.478910 151.721497 -45.780796
v -4.478910 151.705200 -42.932365
v -4.267653 151.730362 -45.780746
v -4.267653 151.714066 -42.932316
v -4.055017 151.721497 -45.780796
v -4.055017 151.705200 -42.932365
v -3.855496 151.694748 -45.780949
v -3.855496 151.678467 -42.932518
v -3.668478 151.649918 -45.781204
v -3.668478 151.633636 -42.932777
v -3.493354 151.586792 -45.781567
v -3.493354 151.570511 -42.933136
v -3.329515 151.505157 -45.782032
v -3.329515 151.488861 -42.933605
v -3.176351 151.404785 -45.782608
v -3.176351 151.388504 -42.934177
v -3.033252 151.285492 -45.783291
v -3.033252 151.269196 -42.934860
v -2.899611 151.147049 -45.784081
v -2.899611 151.130753 -42.935654
v -2.774815 150.989243 -45.784985
v -2.774815 150.972946 -42.936554
v -2.658258 150.811859 -45.785999
v -2.658258 150.795563 -42.937569
v -2.549329 150.614685 -45.787125
v -2.549329 150.598404 -42.938698
v -2.447418 150.397537 -45.788368
v -2.447418 150.381241 -42.939938
v -2.353838 150.614685 -45.787125
v -2.353838 150.598404 -42.938698
v -2.243572 150.811859 -45.785999
v -2.243572 150.795563 -42.937569
v -2.117925 150.989243 -45.784985
v -2.117925 150.972946 -42.936554
v -1.978208 151.147049 -45.784081
v -1.978208 151.130753 -42.935654
v -1.825726 151.285492 -45.783291
v -1.825726 151.269196 -42.934860
v -1.661788 151.404785 -45.782608
v -1.661788 151.388504 -42.934177
v -1.487702 151.505157 -45.782032
v -1.487702 151.488861 -42.933605
v -1.304777 151.586792 -45.781567
v -1.304777 151.570511 -42.933136
v -1.114319 151.649918 -45.781204
v -1.114319 151.633636 -42.932777
v -0.917636 151.694748 -45.780949
v -0.917636 151.678467 -42.932518
v -0.716037 151.721497 -45.780796
v -0.716037 151.705200 -42.932365
v -0.510830 151.730362 -45.780746
v -0.510830 151.714066 -42.932316
v -0.362936 151.725266 -45.780773
v -0.362936 151.708984 -42.932346
v -0.213803 151.709869 -45.780861
v -0.213803 151.693588 -42.932434
v -0.064492 151.683960 -45.781010
v -0.064492 151.667679 -42.932583
v 0.083936 151.647324 -45.781219
v 0.083936 151.631042 -42.932793
v 0.230419 151.599777 -45.781494
v 0.230419 151.583481 -42.933064
v 0.373897 151.541077 -45.781830
v 0.373897 151.524796 -42.933399
v 0.513306 151.471054 -45.782227
v 0.513306 151.454758 -42.933800
v 0.647587 151.389481 -45.782696
v 0.647587 151.373199 -42.934265
v 0.775678 151.296173 -45.783230
v 0.775678 151.279877 -42.934799
v 0.896517 151.190903 -45.783829
v 0.896517 151.174606 -42.935402
v 1.009043 151.073471 -45.784500
v 1.009043 151.057175 -42.936073
v 1.112195 150.943680 -45.785244
v 1.112195 150.927383 -42.936813
v 1.212352 150.786865 -45.786140
v 1.212352 150.770569 -42.937710
v 1.292412 150.619965 -45.787094
v 1.292412 150.603668 -42.938667
v 1.354545 150.444290 -45.788101
v 1.354545 150.428009 -42.939671
v 1.400923 150.261200 -45.789146
v 1.400923 150.244904 -42.940716
v 1.433714 150.071991 -45.790230
v 1.433714 150.055695 -42.941799
v 1.455091 149.878006 -45.791340
v 1.455091 149.861710 -42.942909
v 1.467224 149.680573 -45.792469
v 1.467224 149.664276 -42.944038
v 1.472283 149.481018 -45.793610
v 1.472283 149.464722 -42.945179
v 1.472440 149.280655 -45.794754
v 1.472440 149.264374 -42.946323
v 1.469864 149.080841 -45.795898
v 1.469864 149.064560 -42.947468
v 1.466727 148.882889 -45.797028
v 1.466727 148.866592 -42.948601
v 1.465199 148.688126 -45.798141
v 1.465199 148.671829 -42.949715
v 1.465160 148.598785 -45.798653
v 1.465160 148.582489 -42.950226
v 1.465052 148.351776 -45.800064
v 1.465052 148.335480 -42.951637
v 1.464890 147.978638 -45.802200
v 1.464890 147.962357 -42.953770
v 1.464688 147.510910 -45.804874
v 1.464688 147.494614 -42.956444
v 1.464457 146.980118 -45.807911
v 1.464457 146.963821 -42.959480
v 1.464213 146.417786 -45.811127
v 1.464213 146.401489 -42.962696
v 1.463969 145.855453 -45.814342
v 1.463969 145.839157 -42.965912
v 1.463739 145.324661 -45.817375
v 1.463739 145.308365 -42.968948
v 1.463536 144.856918 -45.820049
v 1.463536 144.840637 -42.971622
v 1.463374 144.483780 -45.822186
v 1.463374 144.467499 -42.973755
v 1.463267 144.236786 -45.823597
v 1.463267 144.220490 -42.975166
v 1.463228 144.147446 -45.824108
v 1.463228 144.131149 -42.975677
v 1.460774 144.112091 -45.824310
v 1.460774 144.095795 -42.975880
v 1.453623 144.078186 -45.824505
v 1.453623 144.061905 -42.976074
v 1.442090 144.046051 -45.824688
v 1.442090 144.029770 -42.976257
v 1.426489 144.016006 -45.824860
v 1.426489 143.999710 -42.976429
v 1.407135 143.988327 -45.825020
v 1.407135 143.972031 -42.976589
v 1.384344 143.963333 -45.825161
v 1.384344 143.947052 -42.976730
v 1.358431 143.941360 -45.825287
v 1.358431 143.925064 -42.976856
v 1.329710 143.922668 -45.825394
v 1.329710 143.906387 -42.976963
v 1.298497 143.907608 -45.825481
v 1.298497 143.891327 -42.977051
v 1.265106 143.896469 -45.825542
v 1.265106 143.880188 -42.977116
v 1.229853 143.889557 -45.825584
v 1.229853 143.873276 -42.977154
v 1.193052 143.887192 -45.825596
v 1.193052 143.870895 -42.977165
v 1.165502 143.887192 -45.825596
v 1.165502 143.870895 -42.977165
v 1.089335 143.887192 -45.825596
v 1.089335 143.870895 -42.977165
v 0.974274 143.887192 -45.825596
v 0.974274 143.870895 -42.977165
v 0.830042 143.887192 -45.825596
v 0.830042 143.870895 -42.977165
v 0.666364 143.887192 -45.825596
v 0.666364 143.870895 -42.977165
v 0.492962 143.887192 -45.825596
v 0.492962 143.870895 -42.977165
v 0.319560 143.887192 -45.825596
v 0.319560 143.870895 -42.977165
v 0.155881 143.887192 -45.825596
v 0.155881 143.870895 -42.977165
v 0.011650 143.887192 -45.825596
v 0.011650 143.870895 -42.977165
v -0.103412 143.887192 -45.825596
v -0.103412 143.870895 -42.977165
v -0.179579 143.887192 -45.825596
v -0.179579 143.870895 -42.977165
v -0.207129 143.887192 -45.825596
v -0.207129 143.870895 -42.977165
v -0.241510 143.891739 -45.825569
v -0.241510 143.875458 -42.977142
v -0.274445 143.900299 -45.825523
v -0.274445 143.884018 -42.977093
v -0.305641 143.912598 -45.825451
v -0.305641 143.896317 -42.977020
v -0.334804 143.928375 -45.825359
v -0.334804 143.912079 -42.976933
v -0.361638 143.947342 -45.825253
v -0.361638 143.931061 -42.976822
v -0.385849 143.969254 -45.825127
v -0.385849 143.952972 -42.976696
v -0.407144 143.993835 -45.824986
v -0.407144 143.977539 -42.976559
v -0.425227 144.020813 -45.824833
v -0.425227 144.004532 -42.976402
v -0.439804 144.049942 -45.824665
v -0.439804 144.033646 -42.976234
v -0.450581 144.080933 -45.824490
v -0.450581 144.064636 -42.976059
v -0.457263 144.113510 -45.824303
v -0.457263 144.097229 -42.975872
v -0.459555 144.147446 -45.824108
v -0.459555 144.131149 -42.975677
v -0.459555 144.222473 -45.823681
v -0.459555 144.206177 -42.975250
v -0.459555 144.429901 -45.822495
v -0.459555 144.413605 -42.974064
v -0.459555 144.743240 -45.820702
v -0.459555 144.726959 -42.972271
v -0.459555 145.136032 -45.818455
v -0.459555 145.119751 -42.970024
v -0.459555 145.581787 -45.815907
v -0.459555 145.565491 -42.967476
v -0.459555 146.054016 -45.813206
v -0.459555 146.037720 -42.964775
v -0.459555 146.526245 -45.810505
v -0.459555 146.509949 -42.962074
v -0.459555 146.972000 -45.807957
v -0.459555 146.955704 -42.959526
v -0.459555 147.364777 -45.805710
v -0.459555 147.348495 -42.957279
v -0.459555 147.678131 -45.803917
v -0.459555 147.661850 -42.955490
v -0.459555 147.885559 -45.802731
v -0.459555 147.869278 -42.954304
v -0.459555 147.960587 -45.802303
v -0.459555 147.944305 -42.953873
v -0.459050 148.045410 -45.801819
v -0.459050 148.029114 -42.953388
v -0.457820 148.145920 -45.801243
v -0.457820 148.129639 -42.952812
v -0.456288 148.258926 -45.800598
v -0.456288 148.242630 -42.952168
v -0.454880 148.381210 -45.799896
v -0.454880 148.364914 -42.951469
v -0.454020 148.509567 -45.799164
v -0.454020 148.493271 -42.950733
v -0.454132 148.640808 -45.798412
v -0.454132 148.624512 -42.949986
v -0.455641 148.771713 -45.797665
v -0.455641 148.755417 -42.949234
v -0.458971 148.899094 -45.796936
v -0.458971 148.882797 -42.948505
v -0.464547 149.019730 -45.796246
v -0.464547 149.003433 -42.947815
v -0.472794 149.130432 -45.795612
v -0.472794 149.114136 -42.947186
v -0.484136 149.227982 -45.795055
v -0.484136 149.211685 -42.946625
v -0.498997 149.309189 -45.794590
v -0.498997 149.292892 -42.946163
v -0.529415 149.422836 -45.793941
v -0.529415 149.406555 -42.945511
v -0.568139 149.522766 -45.793369
v -0.568139 149.506485 -42.944939
v -0.614765 149.609711 -45.792873
v -0.614765 149.593414 -42.944443
v -0.668889 149.684387 -45.792446
v -0.668889 149.668091 -42.944016
v -0.730107 149.747528 -45.792084
v -0.730107 149.731247 -42.943653
v -0.798015 149.799881 -45.791786
v -0.798015 149.783585 -42.943356
v -0.872209 149.842163 -45.791542
v -0.872209 149.825882 -42.943115
v -0.952285 149.875122 -45.791355
v -0.952285 149.858826 -42.942924
v -1.037838 149.899475 -45.791214
v -1.037838 149.883194 -42.942787
v -1.128467 149.915970 -45.791122
v -1.128467 149.899673 -42.942692
v -1.223765 149.925323 -45.791069
v -1.223765 149.909042 -42.942638
v -1.323329 149.928284 -45.791050
v -1.323329 149.911987 -42.942623
v -1.408327 149.923615 -45.791077
v -1.408327 149.907318 -42.942650
v -1.493194 149.909805 -45.791157
v -1.493194 149.893524 -42.942726
v -1.577143 149.887192 -45.791286
v -1.577143 149.870895 -42.942856
v -1.659388 149.856064 -45.791462
v -1.659388 149.839767 -42.943035
v -1.739140 149.816757 -45.791687
v -1.739140 149.800461 -42.943260
v -1.815612 149.769562 -45.791958
v -1.815612 149.753281 -42.943527
v -1.888017 149.714828 -45.792271
v -1.888017 149.698532 -42.943840
v -1.955566 149.652832 -45.792625
v -1.955566 149.636551 -42.944195
v -2.017474 149.583923 -45.793018
v -2.017474 149.567627 -42.944592
v -2.072951 149.508392 -45.793453
v -2.072951 149.492111 -42.945023
v -2.121211 149.426575 -45.793919
v -2.121211 149.410278 -42.945492
v -2.161466 149.338760 -45.794422
v -2.161466 149.322479 -42.945992
v -2.194269 149.243225 -45.794968
v -2.194269 149.226944 -42.946537
v -2.221094 149.139053 -45.795563
v -2.221094 149.122757 -42.947136
v -2.242537 149.027771 -45.796200
v -2.242537 149.011475 -42.947769
v -2.259193 148.910919 -45.796867
v -2.259193 148.894623 -42.948441
v -2.271659 148.790039 -45.797562
v -2.271659 148.773758 -42.949131
v -2.280530 148.666687 -45.798264
v -2.280530 148.650391 -42.949837
v -2.286402 148.542374 -45.798977
v -2.286402 148.526093 -42.950546
v -2.289870 148.418671 -45.799683
v -2.289870 148.402374 -42.951256
v -2.291530 148.297089 -45.800377
v -2.291530 148.280807 -42.951950
v -2.291978 148.179199 -45.801052
v -2.291978 148.162903 -42.952621
v -2.291810 148.066513 -45.801697
v -2.291810 148.050217 -42.953266
v -2.291622 147.960587 -45.802303
v -2.291622 147.944305 -42.953873
v -2.291622 147.885559 -45.802731
v -2.291622 147.869278 -42.954304
v -2.291622 147.678131 -45.803917
v -2.291622 147.661850 -42.955490
v -2.291622 147.364777 -45.805710
v -2.291622 147.348495 -42.957279
v -2.291622 146.972000 -45.807957
v -2.291622 146.955704 -42.959526
v -2.291622 146.526245 -45.810505
v -2.291622 146.509949 -42.962074
v -2.291622 146.054016 -45.813206
v -2.291622 146.037720 -42.964775
v -2.291622 145.581787 -45.815907
v -2.291622 145.565491 -42.967476
v -2.291622 145.136032 -45.818455
v -2.291622 145.119751 -42.970024
v -2.291622 144.743240 -45.820702
v -2.291622 144.726959 -42.972271
v -2.291622 144.429901 -45.822495
v -2.291622 144.413605 -42.974064
v -2.291622 144.222473 -45.823681
v -2.291622 144.206177 -42.975250
v -2.291622 144.147446 -45.824108
v -2.291622 144.131149 -42.975677
v -2.294076 144.112091 -45.824310
v -2.294076 144.095795 -42.975880
v -2.301228 144.078186 -45.824505
v -2.301228 144.061905 -42.976074
v -2.312761 144.046051 -45.824688
v -2.312761 144.029770 -42.976257
v -2.328363 144.016006 -45.824860
v -2.328363 143.999710 -42.976429
v -2.347716 143.988327 -45.825020
v -2.347716 143.972031 -42.976589
v -2.370507 143.963333 -45.825161
v -2.370507 143.947052 -42.976730
v -2.396420 143.941360 -45.825287
v -2.396420 143.925064 -42.976856
v -2.425141 143.922668 -45.825394
v -2.425141 143.906387 -42.976963
v -2.456355 143.907608 -45.825481
v -2.456355 143.891327 -42.977051
v -2.489746 143.896469 -45.825542
v -2.489746 143.880188 -42.977116
v -2.524999 143.889557 -45.825584
v -2.524999 143.873276 -42.977154
v -2.561798 143.887192 -45.825596
v -2.561798 143.870895 -42.977165
v -2.589348 143.887192 -45.825596
v -2.589348 143.870895 -42.977165
v -2.665515 143.887192 -45.825596
v -2.665515 143.870895 -42.977165
v -2.780577 143.887192 -45.825596
v -2.780577 143.870895 -42.977165
v -2.924809 143.887192 -45.825596
v -2.924809 143.870895 -42.977165
v -3.088487 143.887192 -45.825596
v -3.088487 143.870895 -42.977165
v -3.261889 143.887192 -45.825596
v -3.261889 143.870895 -42.977165
v -3.435291 143.887192 -45.825596
v -3.435291 143.870895 -42.977165
v -3.598970 143.887192 -45.825596
v -3.598970 143.870895 -42.977165
v -3.743202 143.887192 -45.825596
v -3.743202 143.870895 -42.977165
v -3.858263 143.887192 -45.825596
v -3.858263 143.870895 -42.977165
v -3.934430 143.887192 -45.825596
v -3.934430 143.870895 -42.977165
v -3.961981 143.887192 -45.825596
v -3.961981 143.870895 -42.977165
v -3.996775 143.891739 -45.825569
v -3.996775 143.875458 -42.977142
v -4.029980 143.900299 -45.825523
v -4.029980 143.884018 -42.977093
v -4.061323 143.912598 -45.825451
v -4.061323 143.896317 -42.977020
v -4.090529 143.928375 -45.825359
v -4.090529 143.912079 -42.976933
v -4.117326 143.947342 -45.825253
v -4.117326 143.931061 -42.976822
v -4.141438 143.969254 -45.825127
v -4.141438 143.952972 -42.976696
v -4.162593 143.993835 -45.824986
v -4.162593 143.977539 -42.976559
v -4.180515 144.020813 -45.824833
v -4.180515 144.004532 -42.976402
v -4.194932 144.049942 -45.824665
v -4.194932 144.033646 -42.976234
v -4.205567 144.080933 -45.824490
v -4.205567 144.064636 -42.976059
v -4.212151 144.113510 -45.824303
v -4.212151 144.097229 -42.975872
v -4.214406 144.147446 -45.824108
v -4.214406 144.131149 -42.975677
v -4.214445 144.222473 -45.823681
v -4.214445 144.206177 -42.975250
v -4.214553 144.429901 -45.822495
v -4.214553 144.413605 -42.974064
v -4.214715 144.743240 -45.820702
v -4.214715 144.726959 -42.972271
v -4.214918 145.136032 -45.818455
v -4.214918 145.119751 -42.970024
v -4.215148 145.581787 -45.815907
v -4.215148 145.565491 -42.967476
v -4.215392 146.054016 -45.813206
v -4.215392 146.037720 -42.964775
v -4.215636 146.526245 -45.810505
v -4.215636 146.509949 -42.962074
v -4.215866 146.972000 -45.807957
v -4.215866 146.955704 -42.959526
v -4.216069 147.364777 -45.805710
v -4.216069 147.348495 -42.957279
v -4.216231 147.678131 -45.803917
v -4.216231 147.661850 -42.955490
v -4.216339 147.885559 -45.802731
v -4.216339 147.869278 -42.954304
v -4.216378 147.960587 -45.802303
v -4.216378 147.944305 -42.953873
v -4.214355 148.168182 -45.801117
v -4.214355 148.151901 -42.952686
v -4.211202 148.386139 -45.799870
v -4.211202 148.369858 -42.951439
v -4.211293 148.609039 -45.798595
v -4.211293 148.592758 -42.950165
v -4.219007 148.831467 -45.797321
v -4.219007 148.815186 -42.948895
v -4.238718 149.048004 -45.796085
v -4.238718 149.031723 -42.947655
v -4.274801 149.253235 -45.794910
v -4.274801 149.236954 -42.946480
v -4.331633 149.441757 -45.793835
v -4.331633 149.425476 -42.945404
v -4.413587 149.608139 -45.792881
v -4.413587 149.591858 -42.944450
v -4.525041 149.746979 -45.792088
v -4.525041 149.730698 -42.943657
v -4.670369 149.852859 -45.791481
v -4.670369 149.836563 -42.943054
v -4.853949 149.920349 -45.791096
v -4.853949 149.904068 -42.942665
v -5.080152 149.944061 -45.790962
v -5.080152 149.927765 -42.942532
v -5.310899 149.920914 -45.791092
v -5.310899 149.904633 -42.942665
v -5.501786 149.854919 -45.791470
v -5.501786 149.838623 -42.943039
v -5.656587 149.751144 -45.792065
v -5.656587 149.734848 -42.943634
v -5.779075 149.614716 -45.792843
v -5.779075 149.598434 -42.944416
v -5.873021 149.450745 -45.793781
v -5.873021 149.434464 -42.945351
v -5.942201 149.264328 -45.794846
v -5.942201 149.248047 -42.946419
v -5.990385 149.060593 -45.796013
v -5.990385 149.044296 -42.947582
v -6.021347 148.844604 -45.797249
v -6.021347 148.828323 -42.948818
v -6.038862 148.621521 -45.798523
v -6.038862 148.605225 -42.950092
v -6.046701 148.396408 -45.799812
v -6.046701 148.380127 -42.951382
v -6.048638 148.174393 -45.801079
v -6.048638 148.158112 -42.952652
v -6.048446 147.960587 -45.802303
v -6.048446 147.944305 -42.953873
v -6.048446 147.885559 -45.802731
v -6.048446 147.869278 -42.954304
v -6.048446 147.678131 -45.803917
v -6.048446 147.661850 -42.955490
v -6.048446 147.364777 -45.805710
v -6.048446 147.348495 -42.957279
v -6.048446 146.972000 -45.807957
v -6.048446 146.955704 -42.959526
v -6.048446 146.526245 -45.810505
v -6.048446 146.509949 -42.962074
v -6.048446 146.054016 -45.813206
v -6.048446 146.037720 -42.964775
v -6.048446 145.581787 -45.815907
v -6.048446 145.565491 -42.967476
v -6.048446 145.136032 -45.818455
v -6.048446 145.119751 -42.970024
v -6.048446 144.743240 -45.820702
v -6.048446 144.726959 -42.972271
v -6.048446 144.429901 -45.822495
v -6.048446 144.413605 -42.974064
v -6.048446 144.222473 -45.823681
v -6.048446 144.206177 -42.975250
v 16.441214 147.749619 -45.803509
v 16.441214 147.733337 -42.955078
v 16.464542 148.298462 -45.800369
v 16.464542 148.282166 -42.951942
v 16.534019 148.822189 -45.797375
v 16.534019 148.805908 -42.948948
v 16.648869 149.316513 -45.794548
v 16.648869 149.300232 -42.946121
v 16.808313 149.777130 -45.791916
v 16.808313 149.760834 -42.943485
v 17.011581 150.199692 -45.789497
v 17.011581 150.183395 -42.941071
v 17.257904 150.579910 -45.787323
v 17.257904 150.563614 -42.938896
v 17.546501 150.913467 -45.785416
v 17.546501 150.897171 -42.936989
v 17.876600 151.196045 -45.783802
v 17.876600 151.179749 -42.935371
v 18.247429 151.423340 -45.782501
v 18.247429 151.407043 -42.934071
v 18.658215 151.591034 -45.781544
v 18.658215 151.574738 -42.933113
v 19.108177 151.694809 -45.780949
v 19.108177 151.678513 -42.932518
v 19.596552 151.730362 -45.780746
v 19.596552 151.714066 -42.932316
v 20.096703 151.693893 -45.780952
v 20.096703 151.677612 -42.932526
v 20.556492 151.587524 -45.781563
v 20.556492 151.571228 -42.933132
v 20.975315 151.415756 -45.782543
v 20.975315 151.399475 -42.934116
v 21.352581 151.183121 -45.783875
v 21.352581 151.166824 -42.935444
v 21.687695 150.894119 -45.785526
v 21.687695 150.877838 -42.937099
v 21.980057 150.553284 -45.787476
v 21.980057 150.537003 -42.939049
v 22.229080 150.165131 -45.789696
v 22.229080 150.148849 -42.941265
v 22.434158 149.734192 -45.792160
v 22.434158 149.717896 -42.943733
v 22.594700 149.264954 -45.794846
v 22.594700 149.248657 -42.946415
v 22.710110 148.761948 -45.797722
v 22.710110 148.745667 -42.949291
v 22.779797 148.229706 -45.800762
v 22.779797 148.213409 -42.952335
v 22.803154 147.672729 -45.803947
v 22.803154 147.656433 -42.955521
v 22.777534 147.134308 -45.807030
v 22.777534 147.118027 -42.958599
v 22.701893 146.619263 -45.809975
v 22.701893 146.602982 -42.961544
v 22.578060 146.132050 -45.812759
v 22.578060 146.115753 -42.964329
v 22.407864 145.677139 -45.815361
v 22.407864 145.660858 -42.966930
v 22.193130 145.259003 -45.817753
v 22.193130 145.242722 -42.969322
v 21.935688 144.882126 -45.819908
v 21.935688 144.865829 -42.971478
v 21.637363 144.550964 -45.821800
v 21.637363 144.534668 -42.973370
v 21.299992 144.269974 -45.823406
v 21.299992 144.253693 -42.974979
v 20.925396 144.043655 -45.824703
v 20.925396 144.027374 -42.976273
v 20.515406 143.876465 -45.825657
v 20.515406 143.860168 -42.977230
v 20.071848 143.772873 -45.826252
v 20.071848 143.756577 -42.977821
v 19.596552 143.737335 -45.826454
v 19.596552 143.721054 -42.978024
v 19.105278 143.773773 -45.826244
v 19.105278 143.757492 -42.977814
v 18.653419 143.879974 -45.825638
v 18.653419 143.863678 -42.977207
v 18.241604 144.051239 -45.824657
v 18.241604 144.034943 -42.976231
v 17.870464 144.282898 -45.823334
v 17.870464 144.266617 -42.974903
v 17.540628 144.570297 -45.821690
v 17.540628 144.554001 -42.973259
v 17.252728 144.908737 -45.819756
v 17.252728 144.892456 -42.971325
v 17.007389 145.293564 -45.817554
v 17.007389 145.277267 -42.969124
v 16.805246 145.720078 -45.815117
v 16.805246 145.703796 -42.966686
v 16.646927 146.183624 -45.812466
v 16.646927 146.167328 -42.964035
v 16.533062 146.679504 -45.809628
v 16.533062 146.663223 -42.961201
v 16.464281 147.203064 -45.806633
v 16.464281 147.186783 -42.958206
v 20.525400 149.565506 -45.793125
v 20.525400 149.549210 -42.944695
v 20.482727 149.684402 -45.792446
v 20.482727 149.668106 -42.944016
v 20.433643 149.790939 -45.791836
v 20.433643 149.774658 -42.943405
v 20.378235 149.885529 -45.791294
v 20.378235 149.869232 -42.942867
v 20.316578 149.968521 -45.790821
v 20.316578 149.952225 -42.942390
v 20.248760 150.040314 -45.790409
v 20.248760 150.024017 -42.941982
v 20.174862 150.101288 -45.790062
v 20.174862 150.085007 -42.941631
v 20.094967 150.151840 -45.789772
v 20.094967 150.135544 -42.941341
v 20.009153 150.192337 -45.789539
v 20.009153 150.176041 -42.941113
v 19.917507 150.223160 -45.789364
v 19.917507 150.206879 -42.940933
v 19.820107 150.244705 -45.789242
v 19.820107 150.228424 -42.940811
v 19.717041 150.257355 -45.789169
v 19.717041 150.241074 -42.940739
v 19.608383 150.261490 -45.789146
v 19.608383 150.245193 -42.940716
v 19.369690 150.233276 -45.789307
v 19.369690 150.216995 -42.940876
v 19.168209 150.153152 -45.789764
v 19.168209 150.136856 -42.941334
v 19.000797 150.027817 -45.790482
v 19.000797 150.011536 -42.942051
v 18.864325 149.864014 -45.791420
v 18.864325 149.847733 -42.942989
v 18.755653 149.668488 -45.792538
v 18.755653 149.652191 -42.944107
v 18.671644 149.447937 -45.793797
v 18.671644 149.431656 -42.945370
v 18.609165 149.209122 -45.795162
v 18.609165 149.192825 -42.946735
v 18.565077 148.958740 -45.796597
v 18.565077 148.942459 -42.948166
v 18.536247 148.703552 -45.798054
v 18.536247 148.687271 -42.949623
v 18.519535 148.450272 -45.799503
v 18.519535 148.433990 -42.951073
v 18.511808 148.205627 -45.800903
v 18.511808 148.189346 -42.952473
v 18.509930 147.976364 -45.802212
v 18.509930 147.960068 -42.953785
v 18.510296 147.737396 -45.803577
v 18.510296 147.721115 -42.955151
v 18.514004 147.466858 -45.805126
v 18.514004 147.450562 -42.956696
v 18.524969 147.174713 -45.806797
v 18.524969 147.158417 -42.958366
v 18.547110 146.870926 -45.808533
v 18.547110 146.854645 -42.960106
v 18.584343 146.565506 -45.810280
v 18.584343 146.549225 -42.961853
v 18.640583 146.268433 -45.811981
v 18.640583 146.252136 -42.963551
v 18.719749 145.989670 -45.813572
v 18.719749 145.973389 -42.965145
v 18.825758 145.739212 -45.815006
v 18.825758 145.722916 -42.966576
v 18.962524 145.527039 -45.816219
v 18.962524 145.510742 -42.967789
v 19.133968 145.363113 -45.817158
v 19.133968 145.346832 -42.968727
v 19.344006 145.257446 -45.817760
v 19.344006 145.241165 -42.969330
v 19.596552 145.220016 -45.817974
v 19.596552 145.203720 -42.969543
v 19.847206 145.250336 -45.817802
v 19.847206 145.234055 -42.969372
v 20.058138 145.336441 -45.817310
v 20.058138 145.320160 -42.968880
v 20.232765 145.471024 -45.816540
v 20.232765 145.454742 -42.968109
v 20.374504 145.646759 -45.815533
v 20.374504 145.630478 -42.967106
v 20.486769 145.856339 -45.814335
v 20.486769 145.840057 -42.965908
v 20.572979 146.092468 -45.812984
v 20.572979 146.076172 -42.964558
v 20.636553 146.347809 -45.811527
v 20.636553 146.331512 -42.963097
v 20.680906 146.615051 -45.809998
v 20.680906 146.598770 -42.961567
v 20.709454 146.886902 -45.808441
v 20.709454 146.870621 -42.960014
v 20.725616 147.156052 -45.806904
v 20.725616 147.139755 -42.958473
v 20.732807 147.415176 -45.805420
v 20.732807 147.398880 -42.956993
v 20.734446 147.656952 -45.804039
v 20.734446 147.640671 -42.955608
v 20.733835 147.811081 -45.803158
v 20.733835 147.794800 -42.954727
v 20.731697 147.969208 -45.802254
v 20.731697 147.952911 -42.953823
v 20.727573 148.130402 -45.801331
v 20.727573 148.114105 -42.952904
v 20.721004 148.293716 -45.800400
v 20.721004 148.277435 -42.951969
v 20.711533 148.458252 -45.799458
v 20.711533 148.441971 -42.951027
v 20.698700 148.623062 -45.798515
v 20.698700 148.606766 -42.950085
v 20.682045 148.787201 -45.797577
v 20.682045 148.770920 -42.949146
v 20.661112 148.949768 -45.796646
v 20.661112 148.933472 -42.948215
v 20.635437 149.109802 -45.795731
v 20.635437 149.093521 -42.947300
v 20.604568 149.266403 -45.794834
v 20.604568 149.250107 -42.946407
v 20.568043 149.418610 -45.793964
v 20.568043 149.402313 -42.945538
v 6.557123 145.837128 -45.814445
v 6.557123 145.820847 -42.966015
v 6.620281 145.957840 -45.813755
v 6.620281 145.941559 -42.965324
v 6.672416 146.077744 -45.813068
v 6.672416 146.061447 -42.964642
v 6.714581 146.197235 -45.812386
v 6.714581 146.180954 -42.963959
v 6.747829 146.316757 -45.811703
v 6.747829 146.300461 -42.963272
v 6.773218 146.436707 -45.811016
v 6.773218 146.420425 -42.962589
v 6.791800 146.557526 -45.810326
v 6.791800 146.541229 -42.961899
v 6.804629 146.679611 -45.809628
v 6.804629 146.663315 -42.961197
v 6.812762 146.803391 -45.808922
v 6.812762 146.787094 -42.960491
v 6.817252 146.929276 -45.808201
v 6.817252 146.912979 -42.959770
v 6.819153 147.057678 -45.807465
v 6.819153 147.041397 -42.959038
v 6.819521 147.189026 -45.806717
v 6.819521 147.172745 -42.958286
v 6.819409 147.323746 -45.805946
v 6.819409 147.307465 -42.957516
v 6.819409 147.627380 -45.804207
v 6.819409 147.611099 -42.955780
v 6.565457 147.622421 -45.804237
v 6.565457 147.606140 -42.955807
v 6.313040 147.605789 -45.804333
v 6.313040 147.589493 -42.955902
v 6.066073 147.574829 -45.804508
v 6.066073 147.558533 -42.956078
v 5.828473 147.526901 -45.804783
v 5.828473 147.510605 -42.956352
v 5.604158 147.459366 -45.805168
v 5.604158 147.443085 -42.956741
v 5.397043 147.369583 -45.805683
v 5.397043 147.353302 -42.957253
v 5.211047 147.254913 -45.806339
v 5.211047 147.238632 -42.957909
v 5.050084 147.112717 -45.807152
v 5.050084 147.096420 -42.958721
v 4.918073 146.940323 -45.808136
v 4.918073 146.924042 -42.959709
v 4.818931 146.735123 -45.809311
v 4.818931 146.718842 -42.960880
v 4.756573 146.494461 -45.810688
v 4.756573 146.478165 -42.962257
v 4.734916 146.215683 -45.812283
v 4.734916 146.199402 -42.963852
v 4.741397 146.068558 -45.813122
v 4.741397 146.052261 -42.964691
v 4.760635 145.930298 -45.813911
v 4.760635 145.914017 -42.965485
v 4.792322 145.801682 -45.814648
v 4.792322 145.785385 -42.966221
v 4.836149 145.683426 -45.815323
v 4.836149 145.667130 -42.966896
v 4.891809 145.576279 -45.815937
v 4.891809 145.559998 -42.967506
v 4.958993 145.481003 -45.816483
v 4.958993 145.464722 -42.968052
v 5.037394 145.398346 -45.816956
v 5.037394 145.382050 -42.968525
v 5.126702 145.329041 -45.817352
v 5.126702 145.312744 -42.968922
v 5.226611 145.273834 -45.817665
v 5.226611 145.257538 -42.969238
v 5.336811 145.233475 -45.817898
v 5.336811 145.217194 -42.969467
v 5.456995 145.208710 -45.818039
v 5.456995 145.192429 -42.969608
v 5.586855 145.200302 -45.818089
v 5.586855 145.184006 -42.969658
v 5.684546 145.205292 -45.818058
v 5.684546 145.189011 -42.969631
v 5.780202 145.220078 -45.817974
v 5.780202 145.203796 -42.969543
v 5.873517 145.244354 -45.817837
v 5.873517 145.228058 -42.969406
v 5.964181 145.277771 -45.817646
v 5.964181 145.261490 -42.969215
v 6.051888 145.320038 -45.817402
v 6.051888 145.303757 -42.968975
v 6.136328 145.370850 -45.817112
v 6.136328 145.354553 -42.968681
v 6.217194 145.429855 -45.816776
v 6.217194 145.413574 -42.968346
v 6.294178 145.496765 -45.816391
v 6.294178 145.480484 -42.967964
v 6.366970 145.571274 -45.815968
v 6.366970 145.554977 -42.967537
v 6.435264 145.653046 -45.815498
v 6.435264 145.636749 -42.967068
v 6.498751 145.741776 -45.814991
v 6.498751 145.725479 -42.966560
v 8.233394 143.906906 -45.825485
v 8.233394 143.890610 -42.977055
v 8.209400 143.887787 -45.825592
v 8.209400 143.871506 -42.977165
v 8.183928 143.871826 -45.825684
v 8.183928 143.855545 -42.977257
v 8.157222 143.858963 -45.825756
v 8.157222 143.842682 -42.977329
v 8.129530 143.849136 -45.825813
v 8.129530 143.832855 -42.977386
v 8.101099 143.842300 -45.825851
v 8.101099 143.826004 -42.977425
v 8.072175 143.838394 -45.825874
v 8.072175 143.822098 -42.977448
v 8.043005 143.837357 -45.825882
v 8.043005 143.821060 -42.977451
v 8.013834 143.839142 -45.825871
v 8.013834 143.822845 -42.977444
v 7.984910 143.843689 -45.825844
v 7.984910 143.827393 -42.977417
v 7.956479 143.850952 -45.825806
v 7.956479 143.834656 -42.977375
v 7.928787 143.860870 -45.825748
v 7.928787 143.844574 -42.977318
v 7.902082 143.873383 -45.825676
v 7.902082 143.857101 -42.977245
v 7.793378 143.965912 -45.825146
v 7.793378 143.949615 -42.976715
v 7.698684 144.051193 -45.824657
v 7.698684 144.034897 -42.976231
v 7.616068 144.130585 -45.824203
v 7.616068 144.114304 -42.975777
v 7.543601 144.205490 -45.823776
v 7.543601 144.189209 -42.975346
v 7.479351 144.277283 -45.823364
v 7.479351 144.260986 -42.974937
v 7.421387 144.347321 -45.822964
v 7.421387 144.331024 -42.974537
v 7.367778 144.416977 -45.822567
v 7.367778 144.400696 -42.974136
v 7.316593 144.487656 -45.822163
v 7.316593 144.471375 -42.973732
v 7.265901 144.560715 -45.821747
v 7.265901 144.544418 -42.973316
v 7.213770 144.637527 -45.821304
v 7.213770 144.621246 -42.972878
v 7.158271 144.719482 -45.820839
v 7.158271 144.703186 -42.972408
v 7.097472 144.807938 -45.820332
v 7.097472 144.791656 -42.971901
v 6.909485 144.623047 -45.821388
v 6.909485 144.606750 -42.972958
v 6.728510 144.459961 -45.822323
v 6.728510 144.443680 -42.973892
v 6.552191 144.317612 -45.823135
v 6.552191 144.301331 -42.974705
v 6.378173 144.194901 -45.823837
v 6.378173 144.178619 -42.975407
v 6.204100 144.090729 -45.824432
v 6.204100 144.074448 -42.976002
v 6.027617 144.003998 -45.824928
v 6.027617 143.987717 -42.976498
v 5.846367 143.933624 -45.825333
v 5.846367 143.917343 -42.976902
v 5.657997 143.878494 -45.825645
v 5.657997 143.862213 -42.977219
v 5.460149 143.837524 -45.825882
v 5.460149 143.821243 -42.977451
v 5.250469 143.809616 -45.826038
v 5.250469 143.793335 -42.977612
v 5.026601 143.793671 -45.826130
v 5.026601 143.777390 -42.977703
v 4.786189 143.788605 -45.826160
v 4.786189 143.772324 -42.977730
v 4.497166 143.803757 -45.826073
v 4.497166 143.787476 -42.977646
v 4.221277 143.849243 -45.825813
v 4.221277 143.832947 -42.977383
v 3.960809 143.925049 -45.825378
v 3.960809 143.908752 -42.976952
v 3.718049 144.031189 -45.824772
v 3.718049 144.014908 -42.976345
v 3.495283 144.167679 -45.823994
v 3.495283 144.151382 -42.975563
v 3.294799 144.334503 -45.823040
v 3.294799 144.318207 -42.974609
v 3.118885 144.531693 -45.821911
v 3.118885 144.515396 -42.973480
v 2.969826 144.759232 -45.820610
v 2.969826 144.742950 -42.972179
v 2.849910 145.017151 -45.819134
v 2.849910 145.000854 -42.970707
v 2.761424 145.305435 -45.817486
v 2.761424 145.289154 -42.969055
v 2.706656 145.624115 -45.815662
v 2.706656 145.607819 -42.967236
v 2.687891 145.973175 -45.813667
v 2.687891 145.956894 -42.965237
v 2.700544 146.250015 -45.812084
v 2.700544 146.233719 -42.963654
v 2.737677 146.511612 -45.810589
v 2.737677 146.495316 -42.962158
v 2.798050 146.757858 -45.809181
v 2.798050 146.741562 -42.960751
v 2.880425 146.988647 -45.807861
v 2.880425 146.972351 -42.959431
v 2.983561 147.203842 -45.806629
v 2.983561 147.187561 -42.958202
v 3.106220 147.403351 -45.805489
v 3.106220 147.387070 -42.957062
v 3.247161 147.587051 -45.804440
v 3.247161 147.570755 -42.956009
v 3.405146 147.754807 -45.803478
v 3.405146 147.738525 -42.955051
v 3.578935 147.906525 -45.802612
v 3.578935 147.890228 -42.954182
v 3.767288 148.042068 -45.801838
v 3.767288 148.025787 -42.953407
v 3.968966 148.161346 -45.801155
v 3.968966 148.145050 -42.952724
v 4.182731 148.264221 -45.800568
v 4.182731 148.247925 -42.952137
v 4.379003 148.342438 -45.800117
v 4.379003 148.326157 -42.951691
v 4.585931 148.410233 -45.799732
v 4.585931 148.393951 -42.951302
v 4.801595 148.468689 -45.799397
v 4.801595 148.452393 -42.950970
v 5.024080 148.518860 -45.799110
v 5.024080 148.502563 -42.950680
v 5.251468 148.561813 -45.798866
v 5.251468 148.545532 -42.950436
v 5.481842 148.598663 -45.798653
v 5.481842 148.582367 -42.950226
v 5.713283 148.630447 -45.798473
v 5.713283 148.614151 -42.950043
v 5.943876 148.658249 -45.798313
v 5.943876 148.641968 -42.949883
v 6.171702 148.683167 -45.798172
v 6.171702 148.666870 -42.949741
v 6.394845 148.706238 -45.798038
v 6.394845 148.689957 -42.949608
v 6.611386 148.728561 -45.797913
v 6.611386 148.712280 -42.949482
v 6.819409 148.751221 -45.797783
v 6.819409 148.734924 -42.949352
v 6.819409 148.754776 -45.797760
v 6.819409 148.738495 -42.949333
v 6.819409 148.764648 -45.797707
v 6.819409 148.748367 -42.949276
v 6.819409 148.779556 -45.797619
v 6.819409 148.763260 -42.949192
v 6.819409 148.798248 -45.797512
v 6.819409 148.781952 -42.949085
v 6.819409 148.819443 -45.797390
v 6.819409 148.803162 -42.948963
v 6.819409 148.841904 -45.797264
v 6.819409 148.825623 -42.948833
v 6.819409 148.864380 -45.797134
v 6.819409 148.848083 -42.948704
v 6.819409 148.885574 -45.797012
v 6.819409 148.869293 -42.948586
v 6.819409 148.904266 -45.796906
v 6.819409 148.887970 -42.948479
v 6.819409 148.919174 -45.796822
v 6.819409 148.902878 -42.948391
v 6.819409 148.929031 -45.796764
v 6.819409 148.912750 -42.948334
v 6.819409 148.932602 -45.796745
v 6.819409 148.916321 -42.948315
v 6.819800 149.017090 -45.796261
v 6.819800 149.000793 -42.947830
v 6.820404 149.103531 -45.795769
v 6.820404 149.087234 -42.947338
v 6.820364 149.191345 -45.795265
v 6.820364 149.175064 -42.946835
v 6.818825 149.279984 -45.794758
v 6.818825 149.263687 -42.946327
v 6.814930 149.368820 -45.794250
v 6.814930 149.352539 -42.945820
v 6.807823 149.457306 -45.793743
v 6.807823 149.441025 -42.945316
v 6.796649 149.544846 -45.793243
v 6.796649 149.528549 -42.944813
v 6.780552 149.630859 -45.792751
v 6.780552 149.614563 -42.944321
v 6.758676 149.714752 -45.792271
v 6.758676 149.698471 -42.943844
v 6.730164 149.795975 -45.791809
v 6.730164 149.779678 -42.943378
v 6.694160 149.873917 -45.791363
v 6.694160 149.857620 -42.942932
v 6.649810 149.947998 -45.790939
v 6.649810 149.931702 -42.942509
v 6.603784 150.009430 -45.790588
v 6.603784 149.993149 -42.942158
v 6.551945 150.064697 -45.790272
v 6.551945 150.048416 -42.941841
v 6.494969 150.113953 -45.789989
v 6.494969 150.097672 -42.941559
v 6.433537 150.157364 -45.789742
v 6.433537 150.141068 -42.941311
v 6.368324 150.195068 -45.789524
v 6.368324 150.178772 -42.941097
v 6.300010 150.227234 -45.789341
v 6.300010 150.210938 -42.940910
v 6.229272 150.254013 -45.789188
v 6.229272 150.237732 -42.940758
v 6.156788 150.275589 -45.789066
v 6.156788 150.259293 -42.940636
v 6.083235 150.292084 -45.788971
v 6.083235 150.275787 -42.940540
v 6.009292 150.303665 -45.788902
v 6.009292 150.287384 -42.940475
v 5.935637 150.310501 -45.788864
v 5.935637 150.294220 -42.940437
v 5.862947 150.312744 -45.788853
v 5.862947 150.296463 -42.940422
v 5.730705 150.307037 -45.788883
v 5.730705 150.290741 -42.940456
v 5.601902 150.289825 -45.788982
v 5.601902 150.273529 -42.940556
v 5.477590 150.261063 -45.789146
v 5.477590 150.244766 -42.940720
v 5.358824 150.220673 -45.789379
v 5.358824 150.204376 -42.940948
v 5.246659 150.168579 -45.789677
v 5.246659 150.152298 -42.941246
v 5.142150 150.104736 -45.790043
v 5.142150 150.088455 -42.941612
v 5.046351 150.029068 -45.790474
v 5.046351 150.012787 -42.942043
v 4.960317 149.941498 -45.790974
v 4.960317 149.925217 -42.942547
v 4.885102 149.841965 -45.791546
v 4.885102 149.825668 -42.943115
v 4.821760 149.730392 -45.792183
v 4.821760 149.714096 -42.943752
v 4.771347 149.606705 -45.792889
v 4.771347 149.590424 -42.944462
v 4.734916 149.470856 -45.793667
v 4.734916 149.454575 -42.945236
v 4.727582 149.439423 -45.793846
v 4.727582 149.423141 -42.945415
v 4.717495 149.408478 -45.794022
v 4.717495 149.392181 -42.945595
v 4.704779 149.378418 -45.794197
v 4.704779 149.362122 -42.945766
v 4.689557 149.349640 -45.794361
v 4.689557 149.333359 -42.945930
v 4.671952 149.322571 -45.794514
v 4.671952 149.306290 -42.946087
v 4.652087 149.297607 -45.794659
v 4.652087 149.281311 -42.946228
v 4.630086 149.275146 -45.794785
v 4.630086 149.258850 -42.946358
v 4.606071 149.255585 -45.794899
v 4.606071 149.239304 -42.946468
v 4.580168 149.239349 -45.794991
v 4.580168 149.223053 -42.946560
v 4.552497 149.226822 -45.795063
v 4.552497 149.210541 -42.946632
v 4.523183 149.218430 -45.795109
v 4.523183 149.202133 -42.946682
v 4.492349 149.214554 -45.795132
v 4.492349 149.198257 -42.946701
v 4.465575 149.217422 -45.795116
v 4.465575 149.201126 -42.946686
v 4.391553 149.225357 -45.795071
v 4.391553 149.209061 -42.946640
v 4.279733 149.237350 -45.795002
v 4.279733 149.221054 -42.946571
v 4.139565 149.252380 -45.794914
v 4.139565 149.236084 -42.946487
v 3.980497 149.269424 -45.794819
v 3.980497 149.253143 -42.946388
v 3.811979 149.287506 -45.794716
v 3.811979 149.271210 -42.946285
v 3.643462 149.305573 -45.794613
v 3.643462 149.289276 -42.946182
v 3.484394 149.322617 -45.794514
v 3.484394 149.306335 -42.946083
v 3.344225 149.337646 -45.794430
v 3.344225 149.321365 -42.945999
v 3.232405 149.349640 -45.794361
v 3.232405 149.333359 -42.945930
v 3.158383 149.357574 -45.794315
v 3.158383 149.341293 -42.945885
v 3.131609 149.360443 -45.794296
v 3.131609 149.344162 -42.945869
v 3.102866 149.368271 -45.794254
v 3.102866 149.351974 -42.945824
v 3.074219 149.378922 -45.794193
v 3.074219 149.362640 -42.945763
v 3.046256 149.392487 -45.794113
v 3.046256 149.376205 -42.945686
v 3.019567 149.409012 -45.794022
v 3.019567 149.392715 -42.945591
v 2.994740 149.428543 -45.793907
v 2.994740 149.412262 -42.945480
v 2.972364 149.451141 -45.793777
v 2.972364 149.434860 -42.945351
v 2.953029 149.476868 -45.793633
v 2.953029 149.460587 -42.945202
v 2.937323 149.505768 -45.793468
v 2.937323 149.489471 -42.945038
v 2.925835 149.537903 -45.793282
v 2.925835 149.521606 -42.944855
v 2.919154 149.573318 -45.793079
v 2.919154 149.557022 -42.944653
v 2.917869 149.612076 -45.792858
v 2.917869 149.595779 -42.944431
v 2.922569 149.654221 -45.792618
v 2.922569 149.637939 -42.944187
v 3.024675 150.042679 -45.790398
v 3.024675 150.026398 -42.941967
v 3.171134 150.385452 -45.788437
v 3.171134 150.369156 -42.940006
v 3.357321 150.684769 -45.786724
v 3.357321 150.668488 -42.938293
v 3.578615 150.942947 -45.785248
v 3.578615 150.926651 -42.936821
v 3.830395 151.162231 -45.783993
v 3.830395 151.145935 -42.935566
v 4.108038 151.344910 -45.782951
v 4.108038 151.328613 -42.934521
v 4.406922 151.493240 -45.782101
v 4.406922 151.476944 -42.933674
v 4.722425 151.609497 -45.781437
v 4.722425 151.593216 -42.933006
v 5.049924 151.695984 -45.780941
v 5.049924 151.679688 -42.932514
v 5.384799 151.754929 -45.780605
v 5.384799 151.738647 -42.932175
v 5.722426 151.788635 -45.780411
v 5.722426 151.772339 -42.931984
v 6.058185 151.799362 -45.780350
v 6.058185 151.783081 -42.931923
v 6.232800 151.795502 -45.780373
v 6.232800 151.779205 -42.931942
v 6.414173 151.783539 -45.780441
v 6.414173 151.767242 -42.932011
v 6.600353 151.762955 -45.780560
v 6.600353 151.746658 -42.932129
v 6.789389 151.733200 -45.780731
v 6.789389 151.716919 -42.932301
v 6.979329 151.693771 -45.780956
v 6.979329 151.677475 -42.932526
v 7.168221 151.644104 -45.781239
v 7.168221 151.627808 -42.932808
v 7.354114 151.583664 -45.781586
v 7.354114 151.567383 -42.933155
v 7.535056 151.511948 -45.781994
v 7.535056 151.495651 -42.933567
v 7.709096 151.428391 -45.782471
v 7.709096 151.412094 -42.934044
v 7.874281 151.332474 -45.783020
v 7.874281 151.316177 -42.934593
v 8.028662 151.223648 -45.783642
v 8.028662 151.207367 -42.935215
v 8.170286 151.101410 -45.784344
v 8.170286 151.085114 -42.935913
v 8.325770 150.937836 -45.785278
v 8.325770 150.921555 -42.936848
v 8.452934 150.765884 -45.786263
v 8.452934 150.749588 -42.937832
v 8.554597 150.586014 -45.787289
v 8.554597 150.569717 -42.938862
v 8.633581 150.398697 -45.788361
v 8.633581 150.382416 -42.939930
v 8.692707 150.204437 -45.789471
v 8.692707 150.188141 -42.941044
v 8.734797 150.003693 -45.790619
v 8.734797 149.987411 -42.942188
v 8.762671 149.796967 -45.791801
v 8.762671 149.780670 -42.943371
v 8.779151 149.584702 -45.793015
v 8.779151 149.568420 -42.944588
v 8.787058 149.367416 -45.794258
v 8.787058 149.351120 -42.945827
v 8.789213 149.145554 -45.795528
v 8.789213 149.129272 -42.947098
v 8.788437 148.919632 -45.796818
v 8.788437 148.903336 -42.948391
v 8.787551 148.690094 -45.798130
v 8.787551 148.673798 -42.949703
v 8.787551 148.647110 -45.798378
v 8.787551 148.630829 -42.949947
v 8.787551 148.528275 -45.799057
v 8.787551 148.511978 -42.950626
v 8.787551 148.348755 -45.800083
v 8.787551 148.332458 -42.951653
v 8.787551 148.123718 -45.801369
v 8.787551 148.107437 -42.952942
v 8.787551 147.868347 -45.802830
v 8.787551 147.852066 -42.954399
v 8.787551 147.597809 -45.804379
v 8.787551 147.581512 -42.955948
v 8.787551 147.327271 -45.805923
v 8.787551 147.310974 -42.957497
v 8.787551 147.071884 -45.807384
v 8.787551 147.055603 -42.958954
v 8.787551 146.846863 -45.808670
v 8.787551 146.830566 -42.960243
v 8.787551 146.667343 -45.809700
v 8.787551 146.651047 -42.961269
v 8.787551 146.548508 -45.810379
v 8.787551 146.532211 -42.961948
v 8.787551 146.505524 -45.810623
v 8.787551 146.489227 -42.962193
v 8.793055 146.348816 -45.811520
v 8.793055 146.332520 -42.963089
v 8.808897 146.205948 -45.812336
v 8.808897 146.189667 -42.963909
v 8.834080 146.075424 -45.813084
v 8.834080 146.059143 -42.964653
v 8.867603 145.955719 -45.813766
v 8.867603 145.939438 -42.965340
v 8.908466 145.845337 -45.814400
v 8.908466 145.829041 -42.965969
v 8.955671 145.742737 -45.814987
v 8.955671 145.726456 -42.966557
v 9.008217 145.646439 -45.815536
v 9.008217 145.630142 -42.967106
v 9.065104 145.554901 -45.816059
v 9.065104 145.538605 -42.967628
v 9.125332 145.466614 -45.816566
v 9.125332 145.450333 -42.968136
v 9.187901 145.380096 -45.817059
v 9.187901 145.363800 -42.968632
v 9.251814 145.293793 -45.817554
v 9.251814 145.277496 -42.969124
v 9.316069 145.206207 -45.818054
v 9.316069 145.189926 -42.969624
v 9.337233 145.174179 -45.818237
v 9.337233 145.157883 -42.969807
v 9.355219 145.141373 -45.818424
v 9.355219 145.125076 -42.969994
v 9.369808 145.108063 -45.818615
v 9.369808 145.091766 -42.970184
v 9.380783 145.074554 -45.818806
v 9.380783 145.058258 -42.970379
v 9.387922 145.041122 -45.818996
v 9.387922 145.024826 -42.970570
v 9.391008 145.008057 -45.819187
v 9.391008 144.991776 -42.970757
v 9.389822 144.975662 -45.819374
v 9.389822 144.959366 -42.970943
v 9.384142 144.944199 -45.819553
v 9.384142 144.927917 -42.971123
v 9.373753 144.913971 -45.819725
v 9.373753 144.897690 -42.971294
v 9.358433 144.885269 -45.819889
v 9.358433 144.868988 -42.971458
v 9.337963 144.858368 -45.820042
v 9.337963 144.842087 -42.971615
v 9.312125 144.833572 -45.820183
v 9.312125 144.817276 -42.971756
v 9.236256 144.769882 -45.820549
v 9.236256 144.753601 -42.972118
v 9.152669 144.699051 -45.820953
v 9.152669 144.682770 -42.972523
v 9.062933 144.622452 -45.821392
v 9.062933 144.606171 -42.972961
v 8.968616 144.541473 -45.821854
v 8.968616 144.525192 -42.973427
v 8.871287 144.457520 -45.822334
v 8.871287 144.441223 -42.973907
v 8.772512 144.371964 -45.822823
v 8.772512 144.355667 -42.974396
v 8.673862 144.286194 -45.823315
v 8.673862 144.269913 -42.974884
v 8.576902 144.201630 -45.823799
v 8.576902 144.185333 -42.975368
v 8.483202 144.119629 -45.824268
v 8.483202 144.103333 -42.975838
v 8.394329 144.041580 -45.824715
v 8.394329 144.025299 -42.976284
v 8.311852 143.968903 -45.825130
v 8.311852 143.952606 -42.976700
v 8.237337 143.902954 -45.825508
v 8.237337 143.886673 -42.977077
v 8.237260 143.903030 -45.825504
v 8.237260 143.886749 -42.977077
v 8.237045 143.903244 -45.825504
v 8.237045 143.886963 -42.977074
v 8.236721 143.903580 -45.825504
v 8.236721 143.887283 -42.977074
v 8.236315 143.903976 -45.825500
v 8.236315 143.887695 -42.977070
v 8.235854 143.904449 -45.825497
v 8.235854 143.888153 -42.977070
v 8.235366 143.904938 -45.825497
v 8.235366 143.888641 -42.977066
v 8.234878 143.905426 -45.825493
v 8.234878 143.889130 -42.977062
v 8.234416 143.905884 -45.825489
v 8.234416 143.889587 -42.977058
v 8.234010 143.906296 -45.825489
v 8.234010 143.889999 -42.977058
v 8.233686 143.906616 -45.825485
v 8.233686 143.890320 -42.977055
v 8.233471 143.906830 -45.825485
v 8.233471 143.890533 -42.977055
v -11.824681 145.837128 -45.814445
v -11.824681 145.820847 -42.966015
v -11.761523 145.957840 -45.813755
v -11.761523 145.941559 -42.965324
v -11.709390 146.077744 -45.813068
v -11.709390 146.061447 -42.964642
v -11.667226 146.197235 -45.812386
v -11.667226 146.180954 -42.963959
v -11.633977 146.316757 -45.811703
v -11.633977 146.300461 -42.963272
v -11.608590 146.436707 -45.811016
v -11.608590 146.420425 -42.962589
v -11.590007 146.557526 -45.810326
v -11.590007 146.541229 -42.961899
v -11.577178 146.679611 -45.809628
v -11.577178 146.663315 -42.961197
v -11.569045 146.803391 -45.808922
v -11.569045 146.787094 -42.960491
v -11.564555 146.929276 -45.808201
v -11.564555 146.912979 -42.959770
v -11.562654 147.057678 -45.807465
v -11.562654 147.041397 -42.959038
v -11.562285 147.189026 -45.806717
v -11.562285 147.172745 -42.958286
v -11.562394 147.323746 -45.805946
v -11.562394 147.307465 -42.957516
v -11.562394 147.627380 -45.804207
v -11.562394 147.611099 -42.955780
v -11.816348 147.622421 -45.804237
v -11.816348 147.606140 -42.955807
v -12.068765 147.605789 -45.804333
v -12.068765 147.589493 -42.955902
v -12.315734 147.574829 -45.804508
v -12.315734 147.558533 -42.956078
v -12.553334 147.526901 -45.804783
v -12.553334 147.510605 -42.956352
v -12.777650 147.459366 -45.805168
v -12.777650 147.443085 -42.956741
v -12.984763 147.369583 -45.805683
v -12.984763 147.353302 -42.957253
v -13.170760 147.254913 -45.806339
v -13.170760 147.238632 -42.957909
v -13.331723 147.112717 -45.807152
v -13.331723 147.096420 -42.958721
v -13.463733 146.940323 -45.808136
v -13.463733 146.924042 -42.959709
v -13.562877 146.735123 -45.809311
v -13.562877 146.718842 -42.960880
v -13.625234 146.494461 -45.810688
v -13.625234 146.478165 -42.962257
v -13.646892 146.215683 -45.812283
v -13.646892 146.199402 -42.963852
v -13.640410 146.068558 -45.813122
v -13.640410 146.052261 -42.964691
v -13.621173 145.930298 -45.813911
v -13.621173 145.914017 -42.965485
v -13.589486 145.801682 -45.814648
v -13.589486 145.785385 -42.966221
v -13.545657 145.683426 -45.815323
v -13.545657 145.667130 -42.966896
v -13.489997 145.576279 -45.815937
v -13.489997 145.559998 -42.967506
v -13.422812 145.481003 -45.816483
v -13.422812 145.464722 -42.968052
v -13.344413 145.398346 -45.816956
v -13.344413 145.382050 -42.968525
v -13.255103 145.329041 -45.817352
v -13.255103 145.312744 -42.968922
v -13.155194 145.273834 -45.817665
v -13.155194 145.257538 -42.969238
v -13.044993 145.233475 -45.817898
v -13.044993 145.217194 -42.969467
v -12.924808 145.208710 -45.818039
v -12.924808 145.192429 -42.969608
v -12.794950 145.200302 -45.818089
v -12.794950 145.184006 -42.969658
v -12.697261 145.205292 -45.818058
v -12.697261 145.189011 -42.969631
v -12.601604 145.220078 -45.817974
v -12.601604 145.203796 -42.969543
v -12.508288 145.244354 -45.817837
v -12.508288 145.228058 -42.969406
v -12.417624 145.277771 -45.817646
v -12.417624 145.261490 -42.969215
v -12.329919 145.320038 -45.817402
v -12.329919 145.303757 -42.968975
v -12.245477 145.370850 -45.817112
v -12.245477 145.354553 -42.968681
v -12.164611 145.429855 -45.816776
v -12.164611 145.413574 -42.968346
v -12.087626 145.496765 -45.816391
v -12.087626 145.480484 -42.967964
v -12.014834 145.571274 -45.815968
v -12.014834 145.554977 -42.967537
v -11.946540 145.653046 -45.815498
v -11.946540 145.636749 -42.967068
v -11.883054 145.741776 -45.814991
v -11.883054 145.725479 -42.966560
v -10.148411 143.906906 -45.825485
v -10.148411 143.890610 -42.977055
v -10.172404 143.887787 -45.825592
v -10.172404 143.871506 -42.977165
v -10.197877 143.871826 -45.825684
v -10.197877 143.855545 -42.977257
v -10.224583 143.858963 -45.825756
v -10.224583 143.842682 -42.977329
v -10.252275 143.849136 -45.825813
v -10.252275 143.832855 -42.977386
v -10.280705 143.842300 -45.825851
v -10.280705 143.826004 -42.977425
v -10.309629 143.838394 -45.825874
v -10.309629 143.822098 -42.977448
v -10.338800 143.837357 -45.825882
v -10.338800 143.821060 -42.977451
v -10.367971 143.839142 -45.825871
v -10.367971 143.822845 -42.977444
v -10.396895 143.843689 -45.825844
v -10.396895 143.827393 -42.977417
v -10.425326 143.850952 -45.825806
v -10.425326 143.834656 -42.977375
v -10.453017 143.860870 -45.825748
v -10.453017 143.844574 -42.977318
v -10.479722 143.873383 -45.825676
v -10.479722 143.857101 -42.977245
v -10.588426 143.965912 -45.825146
v -10.588426 143.949615 -42.976715
v -10.683120 144.051193 -45.824657
v -10.683120 144.034897 -42.976231
v -10.765735 144.130585 -45.824203
v -10.765735 144.114304 -42.975777
v -10.838202 144.205490 -45.823776
v -10.838202 144.189209 -42.975346
v -10.902453 144.277283 -45.823364
v -10.902453 144.260986 -42.974937
v -10.960417 144.347321 -45.822964
v -10.960417 144.331024 -42.974537
v -11.014026 144.416977 -45.822567
v -11.014026 144.400696 -42.974136
v -11.065211 144.487656 -45.822163
v -11.065211 144.471375 -42.973732
v -11.115903 144.560715 -45.821747
v -11.115903 144.544418 -42.973316
v -11.168033 144.637527 -45.821304
v -11.168033 144.621246 -42.972878
v -11.223533 144.719482 -45.820839
v -11.223533 144.703186 -42.972408
v -11.284335 144.807938 -45.820332
v -11.284335 144.791656 -42.971901
v -11.472322 144.623047 -45.821388
v -11.472322 144.606750 -42.972958
v -11.653295 144.459961 -45.822323
v -11.653295 144.443680 -42.973892
v -11.829614 144.317612 -45.823135
v -11.829614 144.301331 -42.974705
v -12.003633 144.194901 -45.823837
v -12.003633 144.178619 -42.975407
v -12.177707 144.090729 -45.824432
v -12.177707 144.074448 -42.976002
v -12.354190 144.003998 -45.824928
v -12.354190 143.987717 -42.976498
v -12.535438 143.933624 -45.825333
v -12.535438 143.917343 -42.976902
v -12.723809 143.878494 -45.825645
v -12.723809 143.862213 -42.977219
v -12.921657 143.837524 -45.825882
v -12.921657 143.821243 -42.977451
v -13.131337 143.809616 -45.826038
v -13.131337 143.793335 -42.977612
v -13.355206 143.793671 -45.826130
v -13.355206 143.777390 -42.977703
v -13.595618 143.788605 -45.826160
v -13.595618 143.772324 -42.977730
v -13.884641 143.803757 -45.826073
v -13.884641 143.787476 -42.977646
v -14.160527 143.849243 -45.825813
v -14.160527 143.832947 -42.977383
v -14.420995 143.925049 -45.825378
v -14.420995 143.908752 -42.976952
v -14.663754 144.031189 -45.824772
v -14.663754 144.014908 -42.976345
v -14.886519 144.167679 -45.823994
v -14.886519 144.151382 -42.975563
v -15.087003 144.334503 -45.823040
v -15.087003 144.318207 -42.974609
v -15.262919 144.531693 -45.821911
v -15.262919 144.515396 -42.973480
v -15.411979 144.759232 -45.820610
v -15.411979 144.742950 -42.972179
v -15.531894 145.017151 -45.819134
v -15.531894 145.000854 -42.970707
v -15.620381 145.305435 -45.817486
v -15.620381 145.289154 -42.969055
v -15.675151 145.624115 -45.815662
v -15.675151 145.607819 -42.967236
v -15.693915 145.973175 -45.813667
v -15.693915 145.956894 -42.965237
v -15.681262 146.250015 -45.812084
v -15.681262 146.233719 -42.963654
v -15.644130 146.511612 -45.810589
v -15.644130 146.495316 -42.962158
v -15.583755 146.757858 -45.809181
v -15.583755 146.741562 -42.960751
v -15.501382 146.988647 -45.807861
v -15.501382 146.972351 -42.959431
v -15.398244 147.203842 -45.806629
v -15.398244 147.187561 -42.958202
v -15.275586 147.403351 -45.805489
v -15.275586 147.387070 -42.957062
v -15.134645 147.587051 -45.804440
v -15.134645 147.570755 -42.956009
v -14.976659 147.754807 -45.803478
v -14.976659 147.738525 -42.955051
v -14.802869 147.906525 -45.802612
v -14.802869 147.890228 -42.954182
v -14.614514 148.042068 -45.801838
v -14.614514 148.025787 -42.953407
v -14.412835 148.161346 -45.801155
v -14.412835 148.145050 -42.952724
v -14.199073 148.264221 -45.800568
v -14.199073 148.247925 -42.952137
v -14.002801 148.342438 -45.800117
v -14.002801 148.326157 -42.951691
v -13.795875 148.410233 -45.799732
v -13.795875 148.393951 -42.951302
v -13.580209 148.468689 -45.799397
v -13.580209 148.452393 -42.950970
v -13.357724 148.518860 -45.799110
v -13.357724 148.502563 -42.950680
v -13.130338 148.561813 -45.798866
v -13.130338 148.545532 -42.950436
v -12.899964 148.598663 -45.798653
v -12.899964 148.582367 -42.950226
v -12.668523 148.630447 -45.798473
v -12.668523 148.614151 -42.950043
v -12.437928 148.658249 -45.798313
v -12.437928 148.641968 -42.949883
v -12.210103 148.683167 -45.798172
v -12.210103 148.666870 -42.949741
v -11.986960 148.706238 -45.798038
v -11.986960 148.689957 -42.949608
v -11.770417 148.728561 -45.797913
v -11.770417 148.712280 -42.949482
v -11.562394 148.751221 -45.797783
v -11.562394 148.734924 -42.949352
v -11.562394 148.754776 -45.797760
v -11.562394 148.738495 -42.949333
v -11.562394 148.764648 -45.797707
v -11.562394 148.748367 -42.949276
v -11.562394 148.779556 -45.797619
v -11.562394 148.763260 -42.949192
v -11.562394 148.798248 -45.797512
v -11.562394 148.781952 -42.949085
v -11.562394 148.819443 -45.797390
v -11.562394 148.803162 -42.948963
v -11.562394 148.841904 -45.797264
v -11.562394 148.825623 -42.948833
v -11.562394 148.864380 -45.797134
v -11.562394 148.848083 -42.948704
v -11.562394 148.885574 -45.797012
v -11.562394 148.869293 -42.948586
v -11.562394 148.904266 -45.796906
v -11.562394 148.887970 -42.948479
v -11.562394 148.919174 -45.796822
v -11.562394 148.902878 -42.948391
v -11.562394 148.929031 -45.796764
v -11.562394 148.912750 -42.948334
v -11.562394 148.932602 -45.796745
v -11.562394 148.916321 -42.948315
v -11.562003 149.017090 -45.796261
v -11.562003 149.000793 -42.947830
v -11.561400 149.103531 -45.795769
v -11.561400 149.087234 -42.947338
v -11.561440 149.191345 -45.795265
v -11.561440 149.175064 -42.946835
v -11.562980 149.279984 -45.794758
v -11.562980 149.263687 -42.946327
v -11.566875 149.368820 -45.794250
v -11.566875 149.352539 -42.945820
v -11.573981 149.457306 -45.793743
v -11.573981 149.441025 -42.945316
v -11.585155 149.544846 -45.793243
v -11.585155 149.528549 -42.944813
v -11.601253 149.630859 -45.792751
v -11.601253 149.614563 -42.944321
v -11.623130 149.714752 -45.792271
v -11.623130 149.698471 -42.943844
v -11.651641 149.795975 -45.791809
v -11.651641 149.779678 -42.943378
v -11.687644 149.873917 -45.791363
v -11.687644 149.857620 -42.942932
v -11.731994 149.947998 -45.790939
v -11.731994 149.931702 -42.942509
v -11.778020 150.009430 -45.790588
v -11.778020 149.993149 -42.942158
v -11.829860 150.064697 -45.790272
v -11.829860 150.048416 -42.941841
v -11.886834 150.113953 -45.789989
v -11.886834 150.097672 -42.941559
v -11.948268 150.157364 -45.789742
v -11.948268 150.141068 -42.941311
v -12.013480 150.195068 -45.789524
v -12.013480 150.178772 -42.941097
v -12.081794 150.227234 -45.789341
v -12.081794 150.210938 -42.940910
v -12.152534 150.254013 -45.789188
v -12.152534 150.237732 -42.940758
v -12.225017 150.275589 -45.789066
v -12.225017 150.259293 -42.940636
v -12.298570 150.292084 -45.788971
v -12.298570 150.275787 -42.940540
v -12.372512 150.303665 -45.788902
v -12.372512 150.287384 -42.940475
v -12.446166 150.310501 -45.788864
v -12.446166 150.294220 -42.940437
v -12.518857 150.312744 -45.788853
v -12.518857 150.296463 -42.940422
v -12.651097 150.307037 -45.788883
v -12.651097 150.290741 -42.940456
v -12.779901 150.289825 -45.788982
v -12.779901 150.273529 -42.940556
v -12.904214 150.261063 -45.789146
v -12.904214 150.244766 -42.940720
v -13.022981 150.220673 -45.789379
v -13.022981 150.204376 -42.940948
v -13.135144 150.168579 -45.789677
v -13.135144 150.152298 -42.941246
v -13.239654 150.104736 -45.790043
v -13.239654 150.088455 -42.941612
v -13.335454 150.029068 -45.790474
v -13.335454 150.012787 -42.942043
v -13.421487 149.941498 -45.790974
v -13.421487 149.925217 -42.942547
v -13.496703 149.841965 -45.791546
v -13.496703 149.825668 -42.943115
v -13.560044 149.730392 -45.792183
v -13.560044 149.714096 -42.943752
v -13.610459 149.606705 -45.792889
v -13.610459 149.590424 -42.944462
v -13.646892 149.470856 -45.793667
v -13.646892 149.454575 -42.945236
v -13.654223 149.439423 -45.793846
v -13.654223 149.423141 -42.945415
v -13.664311 149.408478 -45.794022
v -13.664311 149.392181 -42.945595
v -13.677026 149.378418 -45.794197
v -13.677026 149.362122 -42.945766
v -13.692248 149.349640 -45.794361
v -13.692248 149.333359 -42.945930
v -13.709853 149.322571 -45.794514
v -13.709853 149.306290 -42.946087
v -13.729718 149.297607 -45.794659
v -13.729718 149.281311 -42.946228
v -13.751719 149.275146 -45.794785
v -13.751719 149.258850 -42.946358
v -13.775733 149.255585 -45.794899
v -13.775733 149.239304 -42.946468
v -13.801637 149.239349 -45.794991
v -13.801637 149.223053 -42.946560
v -13.829309 149.226822 -45.795063
v -13.829309 149.210541 -42.946632
v -13.858623 149.218430 -45.795109
v -13.858623 149.202133 -42.946682
v -13.889461 149.214554 -45.795132
v -13.889461 149.198257 -42.946701
v -13.916234 149.217422 -45.795116
v -13.916234 149.201126 -42.946686
v -13.990256 149.225357 -45.795071
v -13.990256 149.209061 -42.946640
v -14.102075 149.237350 -45.795002
v -14.102075 149.221054 -42.946571
v -14.242244 149.252380 -45.794914
v -14.242244 149.236084 -42.946487
v -14.401311 149.269424 -45.794819
v -14.401311 149.253143 -42.946388
v -14.569829 149.287506 -45.794716
v -14.569829 149.271210 -42.946285
v -14.738345 149.305573 -45.794613
v -14.738345 149.289276 -42.946182
v -14.897412 149.322617 -45.794514
v -14.897412 149.306335 -42.946083
v -15.037581 149.337646 -45.794430
v -15.037581 149.321365 -42.945999
v -15.149400 149.349640 -45.794361
v -15.149400 149.333359 -42.945930
v -15.223420 149.357574 -45.794315
v -15.223420 149.341293 -42.945885
v -15.250194 149.360443 -45.794296
v -15.250194 149.344162 -42.945869
v -15.278937 149.368271 -45.794254
v -15.278937 149.351974 -42.945824
v -15.307586 149.378922 -45.794193
v -15.307586 149.362640 -42.945763
v -15.335547 149.392487 -45.794113
v -15.335547 149.376205 -42.945686
v -15.362237 149.409012 -45.794022
v -15.362237 149.392715 -42.945591
v -15.387063 149.428543 -45.793907
v -15.387063 149.412262 -42.945480
v -15.409438 149.451141 -45.793777
v -15.409438 149.434860 -42.945351
v -15.428773 149.476868 -45.793633
v -15.428773 149.460587 -42.945202
v -15.444480 149.505768 -45.793468
v -15.444480 149.489471 -42.945038
v -15.455968 149.537903 -45.793282
v -15.455968 149.521606 -42.944855
v -15.462647 149.573318 -45.793079
v -15.462647 149.557022 -42.944653
v -15.463935 149.612076 -45.792858
v -15.463935 149.595779 -42.944431
v -15.459239 149.654221 -45.792618
v -15.459239 149.637939 -42.944187
v -15.357131 150.042679 -45.790398
v -15.357131 150.026398 -42.941967
v -15.210673 150.385452 -45.788437
v -15.210673 150.369156 -42.940006
v -15.024486 150.684769 -45.786724
v -15.024486 150.668488 -42.938293
v -14.803191 150.942947 -45.785248
v -14.803191 150.926651 -42.936821
v -14.551410 151.162231 -45.783993
v -14.551410 151.145935 -42.935566
v -14.273768 151.344910 -45.782951
v -14.273768 151.328613 -42.934521
v -13.974885 151.493240 -45.782101
v -13.974885 151.476944 -42.933674
v -13.659381 151.609497 -45.781437
v -13.659381 151.593216 -42.933006
v -13.331882 151.695984 -45.780941
v -13.331882 151.679688 -42.932514
v -12.997006 151.754929 -45.780605
v -12.997006 151.738647 -42.932175
v -12.659377 151.788635 -45.780411
v -12.659377 151.772339 -42.931984
v -12.323621 151.799362 -45.780350
v -12.323621 151.783081 -42.931923
v -12.149005 151.795502 -45.780373
v -12.149005 151.779205 -42.931942
v -11.967633 151.783539 -45.780441
v -11.967633 151.767242 -42.932011
v -11.781453 151.762955 -45.780560
v -11.781453 151.746658 -42.932129
v -11.592418 151.733200 -45.780731
v -11.592418 151.716919 -42.932301
v -11.402476 151.693771 -45.780956
v -11.402476 151.677475 -42.932526
v -11.213586 151.644104 -45.781239
v -11.213586 151.627808 -42.932808
v -11.027693 151.583664 -45.781586
v -11.027693 151.567383 -42.933155
v -10.846749 151.511948 -45.781994
v -10.846749 151.495651 -42.933567
v -10.672709 151.428391 -45.782471
v -10.672709 151.412094 -42.934044
v -10.507524 151.332474 -45.783020
v -10.507524 151.316177 -42.934593
v -10.353143 151.223648 -45.783642
v -10.353143 151.207367 -42.935215
v -10.211517 151.101410 -45.784344
v -10.211517 151.085114 -42.935913
v -10.056033 150.937836 -45.785278
v -10.056033 150.921555 -42.936848
v -9.928871 150.765884 -45.786263
v -9.928871 150.749588 -42.937832
v -9.827209 150.586014 -45.787289
v -9.827209 150.569717 -42.938862
v -9.748224 150.398697 -45.788361
v -9.748224 150.382416 -42.939930
v -9.689098 150.204437 -45.789471
v -9.689098 150.188141 -42.941044
v -9.647009 150.003693 -45.790619
v -9.647009 149.987411 -42.942188
v -9.619136 149.796967 -45.791801
v -9.619136 149.780670 -42.943371
v -9.602656 149.584702 -45.793015
v -9.602656 149.568420 -42.944588
v -9.594750 149.367416 -45.794258
v -9.594750 149.351120 -42.945827
v -9.592596 149.145554 -45.795528
v -9.592596 149.129272 -42.947098
v -9.593372 148.919632 -45.796818
v -9.593372 148.903336 -42.948391
v -9.594256 148.690094 -45.798130
v -9.594256 148.673798 -42.949703
v -9.594256 148.647110 -45.798378
v -9.594256 148.630829 -42.949947
v -9.594256 148.528275 -45.799057
v -9.594256 148.511978 -42.950626
v -9.594256 148.348755 -45.800083
v -9.594256 148.332458 -42.951653
v -9.594256 148.123718 -45.801369
v -9.594256 148.107437 -42.952942
v -9.594256 147.868347 -45.802830
v -9.594256 147.852066 -42.954399
v -9.594256 147.597809 -45.804379
v -9.594256 147.581512 -42.955948
v -9.594256 147.327271 -45.805923
v -9.594256 147.310974 -42.957497
v -9.594256 147.071884 -45.807384
v -9.594256 147.055603 -42.958954
v -9.594256 146.846863 -45.808670
v -9.594256 146.830566 -42.960243
v -9.594256 146.667343 -45.809700
v -9.594256 146.651047 -42.961269
v -9.594256 146.548508 -45.810379
v -9.594256 146.532211 -42.961948
v -9.594256 146.505524 -45.810623
v -9.594256 146.489227 -42.962193
v -9.588754 146.348816 -45.811520
v -9.588754 146.332520 -42.963089
v -9.572910 146.205948 -45.812336
v -9.572910 146.189667 -42.963909
v -9.547728 146.075424 -45.813084
v -9.547728 146.059143 -42.964653
v -9.514204 145.955719 -45.813766
v -9.514204 145.939438 -42.965340
v -9.473341 145.845337 -45.814400
v -9.473341 145.829041 -42.965969
v -9.426137 145.742737 -45.814987
v -9.426137 145.726456 -42.966557
v -9.373591 145.646439 -45.815536
v -9.373591 145.630142 -42.967106
v -9.316705 145.554901 -45.816059
v -9.316705 145.538605 -42.967628
v -9.256475 145.466614 -45.816566
v -9.256475 145.450333 -42.968136
v -9.193905 145.380096 -45.817059
v -9.193905 145.363800 -42.968632
v -9.129992 145.293793 -45.817554
v -9.129992 145.277496 -42.969124
v -9.065738 145.206207 -45.818054
v -9.065738 145.189926 -42.969624
v -9.044574 145.174179 -45.818237
v -9.044574 145.157883 -42.969807
v -9.026587 145.141373 -45.818424
v -9.026587 145.125076 -42.969994
v -9.011997 145.108063 -45.818615
v -9.011997 145.091766 -42.970184
v -9.001022 145.074554 -45.818806
v -9.001022 145.058258 -42.970379
v -8.993882 145.041122 -45.818996
v -8.993882 145.024826 -42.970570
v -8.990797 145.008057 -45.819187
v -8.990797 144.991776 -42.970757
v -8.991984 144.975662 -45.819374
v -8.991984 144.959366 -42.970943
v -8.997663 144.944199 -45.819553
v -8.997663 144.927917 -42.971123
v -9.008052 144.913971 -45.819725
v -9.008052 144.897690 -42.971294
v -9.023373 144.885269 -45.819889
v -9.023373 144.868988 -42.971458
v -9.043841 144.858368 -45.820042
v -9.043841 144.842087 -42.971615
v -9.069679 144.833572 -45.820183
v -9.069679 144.817276 -42.971756
v -9.145549 144.769882 -45.820549
v -9.145549 144.753601 -42.972118
v -9.229136 144.699051 -45.820953
v -9.229136 144.682770 -42.972523
v -9.318871 144.622452 -45.821392
v -9.318871 144.606171 -42.972961
v -9.413188 144.541473 -45.821854
v -9.413188 144.525192 -42.973427
v -9.510518 144.457520 -45.822334
v -9.510518 144.441223 -42.973907
v -9.609293 144.371964 -45.822823
v -9.609293 144.355667 -42.974396
v -9.707944 144.286194 -45.823315
v -9.707944 144.269913 -42.974884
v -9.804904 144.201630 -45.823799
v -9.804904 144.185333 -42.975368
v -9.898604 144.119629 -45.824268
v -9.898604 144.103333 -42.975838
v -9.987477 144.041580 -45.824715
v -9.987477 144.025299 -42.976284
v -10.069954 143.968903 -45.825130
v -10.069954 143.952606 -42.976700
v -10.144467 143.902954 -45.825508
v -10.144467 143.886673 -42.977077
v -10.144546 143.903030 -45.825504
v -10.144546 143.886749 -42.977077
v -10.144760 143.903244 -45.825504
v -10.144760 143.886963 -42.977074
v -10.145084 143.903580 -45.825504
v -10.145084 143.887283 -42.977074
v -10.145491 143.903976 -45.825500
v -10.145491 143.887695 -42.977070
v -10.145951 143.904449 -45.825497
v -10.145951 143.888153 -42.977070
v -10.146439 143.904938 -45.825497
v -10.146439 143.888641 -42.977066
v -10.146927 143.905426 -45.825493
v -10.146927 143.889130 -42.977062
v -10.147388 143.905884 -45.825489
v -10.147388 143.889587 -42.977058
v -10.147794 143.906296 -45.825489
v -10.147794 143.889999 -42.977058
v -10.148118 143.906616 -45.825485
v -10.148118 143.890320 -42.977055
v -10.148333 143.906830 -45.825485
v -10.148333 143.890533 -42.977055
vn -0.0000 -0.0057 1.0000
vn 0.0002 -0.0057 1.0000
vn -0.0000 0.0057 -1.0000
vn -0.0001 -0.0057 1.0000
vn -1.0000 -0.0000 -0.0000
vn 0.0002 0.0057 -1.0000
vn -0.0001 0.0057 -1.0000
vn 0.0322 -0.9995 -0.0057
vn -0.0658 -0.9978 -0.0057
vn -0.1918 -0.9814 -0.0056
vn -0.3097 -0.9508 -0.0054
vn -0.4220 -0.9066 -0.0052
vn -0.5274 -0.8496 -0.0049
vn -0.6253 -0.7804 -0.0045
vn -0.7147 -0.6994 -0.0040
vn -0.7948 -0.6069 -0.0035
vn -0.8642 -0.5032 -0.0029
vn -0.9213 -0.3889 -0.0022
vn -0.9642 -0.2652 -0.0015
vn -0.9909 -0.1345 -0.0008
vn -0.9994 -0.0339 -0.0002
vn -1.0000 -0.0003 -0.0000
vn -0.9970 0.0778 0.0004
vn -0.9754 0.2205 0.0013
vn -0.9381 0.3465 0.0020
vn -0.8858 0.4641 0.0027
vn -0.8204 0.5718 0.0033
vn -0.7438 0.6684 0.0038
vn -0.6575 0.7535 0.0043
vn -0.5627 0.8267 0.0047
vn -0.4604 0.8877 0.0051
vn -0.3517 0.9361 0.0054
vn -0.2376 0.9713 0.0056
vn -0.1197 0.9928 0.0057
vn -0.0299 0.9995 0.0057
vn -0.0000 1.0000 0.0057
vn 0.0505 0.9987 0.0057
vn 0.1535 0.9881 0.0057
vn 0.2569 0.9664 0.0055
vn 0.3572 0.9340 0.0053
vn 0.4532 0.8914 0.0051
vn 0.5440 0.8391 0.0048
vn 0.6289 0.7775 0.0044
vn 0.7072 0.7070 0.0040
vn 0.7783 0.6279 0.0036
vn 0.8412 0.5408 0.0031
vn 0.8949 0.4462 0.0026
vn 0.9386 0.3450 0.0020
vn 0.9890 0.1478 0.0008
vn 1.0000 -0.0000 -0.0000
vn -0.9181 0.3963 0.0023
vn -0.9050 0.4253 0.0024
vn -0.8732 0.4873 0.0028
vn -0.8304 0.5572 0.0032
vn -0.7740 0.6332 0.0036
vn -0.7022 0.7119 0.0041
vn -0.6149 0.7886 0.0045
vn -0.5142 0.8576 0.0049
vn -0.4051 0.9143 0.0052
vn -0.2938 0.9559 0.0055
vn -0.1867 0.9824 0.0056
vn -0.0884 0.9961 0.0057
vn -0.0056 1.0000 0.0057
vn 0.0629 0.9980 0.0057
vn 0.1295 0.9916 0.0057
vn 0.2002 0.9797 0.0056
vn 0.2748 0.9615 0.0055
vn 0.3523 0.9359 0.0054
vn 0.4316 0.9021 0.0052
vn 0.5111 0.8595 0.0049
vn 0.5888 0.8083 0.0046
vn 0.6627 0.7489 0.0043
vn 0.7308 0.6826 0.0039
vn 0.7916 0.6110 0.0035
vn 0.8478 0.5303 0.0030
vn 0.8987 0.4385 0.0025
vn 0.9369 0.3496 0.0020
vn 0.9617 0.2740 0.0016
vn 0.9776 0.2106 0.0012
vn 0.9874 0.1581 0.0009
vn 0.9934 0.1149 0.0007
vn 0.9968 0.0798 0.0005
vn 0.9987 0.0517 0.0003
vn 0.9995 0.0300 0.0002
vn 0.9999 0.0143 0.0001
vn 1.0000 0.0045 -0.0000
vn 1.0000 0.0006 -0.0000
vn 0.9954 -0.0955 -0.0005
vn 0.9672 -0.2541 -0.0015
vn 0.9263 -0.3768 -0.0022
vn 0.8719 -0.4897 -0.0028
vn 0.8061 -0.5918 -0.0034
vn 0.7305 -0.6829 -0.0039
vn 0.6463 -0.7631 -0.0044
vn 0.5543 -0.8323 -0.0048
vn 0.4551 -0.8904 -0.0051
vn 0.3490 -0.9371 -0.0054
vn 0.2370 -0.9715 -0.0056
vn 0.1199 -0.9928 -0.0057
vn 0.0301 -0.9995 -0.0057
vn -0.0000 -1.0000 -0.0057
vn -0.0661 -0.9978 -0.0057
vn -0.1864 -0.9824 -0.0056
vn -0.2933 -0.9560 -0.0055
vn -0.3958 -0.9183 -0.0053
vn -0.4933 -0.8698 -0.0050
vn -0.5854 -0.8107 -0.0046
vn -0.6714 -0.7411 -0.0042
vn -0.7505 -0.6609 -0.0038
vn -0.8217 -0.5700 -0.0033
vn -0.8834 -0.4686 -0.0027
vn -0.9340 -0.3573 -0.0020
vn -0.9713 -0.2377 -0.0014
vn -0.9961 -0.0881 -0.0005
vn -1.0000 0.0030 -0.0000
vn -1.0000 0.0054 -0.0000
vn -1.0000 -0.0049 -0.0000
vn -0.9994 -0.0335 -0.0002
vn -0.9967 -0.0816 -0.0005
vn -0.9883 -0.1528 -0.0009
vn -0.9676 -0.2526 -0.0014
vn -0.9225 -0.3860 -0.0022
vn -0.8337 -0.5521 -0.0032
vn -0.6815 -0.7318 -0.0042
vn -0.4664 -0.8846 -0.0051
vn -0.2250 -0.9743 -0.0056
vn -0.0244 -0.9997 -0.0057
vn 0.1101 -0.9939 -0.0057
vn 0.2170 -0.9762 -0.0056
vn 0.3185 -0.9479 -0.0054
vn 0.4135 -0.9105 -0.0052
vn 0.5013 -0.8652 -0.0049
vn 0.5816 -0.8134 -0.0047
vn 0.6545 -0.7561 -0.0043
vn 0.7200 -0.6940 -0.0040
vn 0.7784 -0.6278 -0.0036
vn 0.8298 -0.5581 -0.0032
vn 0.8744 -0.4852 -0.0028
vn 0.9092 -0.4164 -0.0024
vn 0.9329 -0.3602 -0.0021
vn 0.9503 -0.3113 -0.0018
vn 0.9646 -0.2637 -0.0015
vn 0.9759 -0.2184 -0.0012
vn 0.9844 -0.1761 -0.0010
vn 0.9905 -0.1375 -0.0008
vn 0.9947 -0.1030 -0.0006
vn 0.9973 -0.0732 -0.0004
vn 0.9988 -0.0480 -0.0003
vn 0.9996 -0.0275 -0.0002
vn 0.9999 -0.0118 -0.0001
vn 1.0000 -0.0026 -0.0000
vn 0.9991 -0.0416 -0.0002
vn 0.9884 -0.1517 -0.0009
vn 0.9584 -0.2855 -0.0016
vn 0.9114 -0.4114 -0.0024
vn 0.8497 -0.5273 -0.0030
vn 0.7749 -0.6320 -0.0036
vn 0.6889 -0.7249 -0.0041
vn 0.5927 -0.8054 -0.0046
vn 0.4875 -0.8731 -0.0050
vn 0.3742 -0.9273 -0.0053
vn 0.2539 -0.9672 -0.0055
vn 0.1283 -0.9917 -0.0057
vn -0.0295 -0.9995 -0.0057
vn -0.1190 -0.9929 -0.0057
vn -0.2387 -0.9711 -0.0056
vn -0.3575 -0.9339 -0.0053
vn -0.4733 -0.8809 -0.0050
vn -0.5839 -0.8118 -0.0046
vn -0.6865 -0.7271 -0.0042
vn -0.7785 -0.6276 -0.0036
vn -0.8572 -0.5150 -0.0029
vn -0.9199 -0.3922 -0.0022
vn -0.9649 -0.2627 -0.0015
vn -0.9914 -0.1307 -0.0007
vn -0.9995 -0.0322 -0.0002
vn -0.9995 0.0318 0.0002
vn -0.9917 0.1289 0.0007
vn -0.9658 0.2591 0.0015
vn -0.9221 0.3870 0.0022
vn -0.8610 0.5086 0.0029
vn -0.7843 0.6204 0.0035
vn -0.6940 0.7199 0.0041
vn -0.5927 0.8054 0.0046
vn -0.4828 0.8757 0.0050
vn -0.3665 0.9304 0.0053
vn -0.2460 0.9693 0.0055
vn -0.1232 0.9924 0.0057
vn -0.0307 0.9995 0.0057
vn 0.0300 0.9995 0.0057
vn 0.1210 0.9926 0.0057
vn 0.2423 0.9702 0.0055
vn 0.3622 0.9321 0.0053
vn 0.4783 0.8782 0.0050
vn 0.5885 0.8085 0.0046
vn 0.6904 0.7234 0.0041
vn 0.7813 0.6241 0.0036
vn 0.8589 0.5122 0.0029
vn 0.9207 0.3902 0.0022
vn 0.9652 0.2617 0.0015
vn 0.9915 0.1303 0.0007
vn 0.9995 0.0322 0.0002
vn 0.9992 -0.0398 -0.0002
vn 0.9904 -0.1382 -0.0008
vn 0.9697 -0.2445 -0.0014
vn 0.9440 -0.3298 -0.0019
vn 0.9179 -0.3967 -0.0023
vn 0.8938 -0.4485 -0.0026
vn 0.8727 -0.4882 -0.0028
vn 0.8551 -0.5184 -0.0030
vn 0.8409 -0.5413 -0.0031
vn 0.8296 -0.5583 -0.0032
vn 0.8211 -0.5708 -0.0033
vn 0.8149 -0.5796 -0.0033
vn 0.8157 -0.5785 -0.0033
vn 0.8190 -0.5738 -0.0033
vn -0.0095 0.9999 0.0057
vn 0.0061 1.0000 0.0057
vn 0.0385 0.9992 0.0057
vn 0.0732 0.9973 0.0057
vn 0.1103 0.9939 0.0057
vn 0.1499 0.9887 0.0057
vn 0.1921 0.9814 0.0056
vn 0.2368 0.9715 0.0056
vn 0.2839 0.9588 0.0055
vn 0.3333 0.9428 0.0054
vn 0.3846 0.9231 0.0053
vn 0.4375 0.8992 0.0051
vn 0.4969 0.8678 0.0050
vn 0.5669 0.8238 0.0047
vn 0.6409 0.7676 0.0044
vn 0.7119 0.7023 0.0040
vn 0.7770 0.6295 0.0036
vn 0.8340 0.5518 0.0032
vn 0.8815 0.4721 0.0027
vn 0.9192 0.3938 0.0023
vn 0.9476 0.3194 0.0018
vn 0.9679 0.2512 0.0014
vn 0.9817 0.1905 0.0011
vn 0.9904 0.1381 0.0008
vn 0.9984 0.0571 0.0003
vn 0.9990 -0.0443 -0.0003
vn 0.9856 -0.1690 -0.0010
vn 0.9478 -0.3188 -0.0018
vn 0.8928 -0.4504 -0.0026
vn 0.8226 -0.5686 -0.0033
vn 0.7358 -0.6772 -0.0039
vn 0.6288 -0.7775 -0.0044
vn 0.4969 -0.8678 -0.0050
vn 0.3360 -0.9418 -0.0054
vn 0.1467 -0.9892 -0.0057
vn -0.0620 -0.9981 -0.0057
vn -0.2719 -0.9623 -0.0055
vn -0.3999 -0.9165 -0.0052
vn -0.3903 -0.9207 -0.0053
vn -0.3155 -0.9489 -0.0054
vn -0.2403 -0.9707 -0.0056
vn -0.1645 -0.9864 -0.0056
vn -0.0880 -0.9961 -0.0057
vn -0.0106 -0.9999 -0.0057
vn 0.0678 -0.9977 -0.0057
vn 0.1473 -0.9891 -0.0057
vn 0.2276 -0.9737 -0.0056
vn 0.3085 -0.9512 -0.0054
vn 0.3893 -0.9211 -0.0053
vn 0.4047 -0.9144 -0.0052
vn 0.2734 -0.9619 -0.0055
vn 0.0524 -0.9986 -0.0057
vn -0.1621 -0.9868 -0.0056
vn -0.3514 -0.9362 -0.0054
vn -0.5088 -0.8608 -0.0049
vn -0.6364 -0.7714 -0.0044
vn -0.7396 -0.6731 -0.0038
vn -0.8238 -0.5669 -0.0032
vn -0.8926 -0.4508 -0.0026
vn -0.9473 -0.3204 -0.0018
vn -0.9854 -0.1704 -0.0010
vn -0.9990 -0.0447 -0.0003
vn -1.0000 0.0015 -0.0000
vn -1.0000 0.0096 0.0001
vn -0.9996 0.0271 0.0002
vn -0.9986 0.0529 0.0003
vn -0.9963 0.0858 0.0005
vn -0.9921 0.1254 0.0007
vn -0.9852 0.1714 0.0010
vn -0.9747 0.2233 0.0013
vn -0.9597 0.2809 0.0016
vn -0.9391 0.3435 0.0020
vn -0.9119 0.4104 0.0023
vn -0.8772 0.4801 0.0027
vn -0.8392 0.5439 0.0031
vn -0.8202 0.5721 0.0033
vn 0.9994 -0.0346 -0.0002
vn 0.9621 -0.2728 -0.0016
vn 0.9164 -0.4002 -0.0023
vn 0.8554 -0.5180 -0.0030
vn 0.7808 -0.6248 -0.0036
vn 0.6943 -0.7197 -0.0041
vn 0.5973 -0.8020 -0.0046
vn 0.4909 -0.8712 -0.0050
vn 0.3764 -0.9265 -0.0053
vn 0.2550 -0.9669 -0.0055
vn 0.1286 -0.9917 -0.0057
vn -0.0652 -0.9979 -0.0057
vn -0.1866 -0.9824 -0.0056
vn -0.2974 -0.9547 -0.0055
vn -0.4041 -0.9147 -0.0052
vn -0.5056 -0.8627 -0.0049
vn -0.6008 -0.7994 -0.0046
vn -0.6889 -0.7248 -0.0041
vn -0.7688 -0.6395 -0.0037
vn -0.8393 -0.5436 -0.0031
vn -0.8990 -0.4380 -0.0025
vn -0.9462 -0.3236 -0.0019
vn -0.9793 -0.2023 -0.0012
vn -0.9975 -0.0701 -0.0004
vn -0.9994 0.0347 0.0002
vn -0.9904 0.1385 0.0008
vn -0.9618 0.2739 0.0016
vn -0.9156 0.4022 0.0023
vn -0.8536 0.5208 0.0030
vn -0.7780 0.6282 0.0036
vn -0.6905 0.7233 0.0041
vn -0.5928 0.8053 0.0046
vn -0.4862 0.8739 0.0050
vn -0.3719 0.9283 0.0053
vn -0.2514 0.9679 0.0055
vn -0.1267 0.9919 0.0057
vn -0.0317 0.9995 0.0057
vn 0.0520 0.9986 0.0057
vn 0.1641 0.9864 0.0056
vn 0.2819 0.9594 0.0055
vn 0.3946 0.9188 0.0053
vn 0.5007 0.8656 0.0049
vn 0.5991 0.8006 0.0046
vn 0.6891 0.7246 0.0041
vn 0.7698 0.6382 0.0036
vn 0.8404 0.5419 0.0031
vn 0.8998 0.4363 0.0025
vn 0.9467 0.3222 0.0018
vn 0.9796 0.2011 0.0012
vn 0.9976 0.0696 0.0004
vn -0.9216 0.3882 0.0022
vn -0.9041 0.4273 0.0024
vn -0.8623 0.5064 0.0029
vn -0.8089 0.5879 0.0034
vn -0.7433 0.6690 0.0038
vn -0.6655 0.7464 0.0043
vn -0.5770 0.8168 0.0047
vn -0.4805 0.8770 0.0050
vn -0.3796 0.9252 0.0053
vn -0.2781 0.9605 0.0055
vn -0.1797 0.9837 0.0056
vn -0.0868 0.9962 0.0057
vn -0.0001 1.0000 0.0057
vn 0.0873 0.9962 0.0057
vn 0.1832 0.9831 0.0056
vn 0.2866 0.9580 0.0055
vn 0.3932 0.9194 0.0053
vn 0.4979 0.8672 0.0050
vn 0.5952 0.8036 0.0046
vn 0.6809 0.7324 0.0042
vn 0.7528 0.6582 0.0038
vn 0.8108 0.5853 0.0033
vn 0.8561 0.5167 0.0030
vn 0.8908 0.4544 0.0026
vn 0.9053 0.4248 0.0024
vn -0.9184 0.3957 0.0023
vn -0.8968 0.4425 0.0025
vn -0.8456 0.5338 0.0031
vn -0.7835 0.6214 0.0036
vn -0.7115 0.7026 0.0040
vn -0.6312 0.7756 0.0044
vn -0.5447 0.8386 0.0048
vn -0.4541 0.8909 0.0051
vn -0.3615 0.9323 0.0053
vn -0.2687 0.9632 0.0055
vn -0.1771 0.9842 0.0056
vn -0.0874 0.9962 0.0057
vn -0.0044 1.0000 0.0057
vn 0.0686 0.9976 0.0057
vn 0.1369 0.9906 0.0057
vn 0.2054 0.9787 0.0056
vn 0.2744 0.9616 0.0055
vn 0.3439 0.9390 0.0054
vn 0.4141 0.9102 0.0052
vn 0.4844 0.8748 0.0050
vn 0.5545 0.8322 0.0048
vn 0.6234 0.7819 0.0045
vn 0.6901 0.7237 0.0041
vn 0.7533 0.6577 0.0038
vn 0.8139 0.5810 0.0033
vn 0.8738 0.4863 0.0028
vn 0.9235 0.3835 0.0022
vn 0.9571 0.2898 0.0017
vn 0.9781 0.2083 0.0012
vn 0.9901 0.1402 0.0008
vn 0.9963 0.0855 0.0005
vn 0.9991 0.0433 0.0002
vn 0.9999 0.0131 0.0001
vn 1.0000 -0.0061 -0.0000
vn 0.9999 -0.0144 -0.0001
vn 1.0000 -0.0041 -0.0000
vn 1.0000 -0.0004 -0.0000
vn 0.9994 -0.0349 -0.0002
vn -0.9909 -0.1344 -0.0008
vn -0.9994 -0.0337 -0.0002
vn -1.0000 0.0091 0.0001
vn -0.9999 0.0129 0.0001
vn -0.9999 0.0125 0.0001
vn -1.0000 0.0029 -0.0000
vn -1.0000 -0.0062 -0.0000
vn -0.9998 -0.0188 -0.0001
vn -0.9993 -0.0362 -0.0002
vn -0.9982 -0.0602 -0.0003
vn -0.9955 -0.0949 -0.0005
vn -0.9890 -0.1478 -0.0008
vn -0.9756 -0.2194 -0.0013
vn -0.9506 -0.3104 -0.0018
vn -0.9086 -0.4178 -0.0024
vn -0.8474 -0.5309 -0.0030
vn -0.7658 -0.6431 -0.0037
vn -0.6660 -0.7459 -0.0043
vn -0.5542 -0.8324 -0.0048
vn -0.4388 -0.8986 -0.0051
vn -0.3277 -0.9448 -0.0054
vn -0.2267 -0.9740 -0.0056
vn -0.1385 -0.9903 -0.0057
vn -0.0637 -0.9980 -0.0057
vn 0.0126 -0.9999 -0.0057
vn 0.1079 -0.9941 -0.0057
vn 0.2106 -0.9775 -0.0056
vn 0.3074 -0.9516 -0.0054
vn 0.3985 -0.9172 -0.0052
vn 0.4842 -0.8750 -0.0050
vn 0.5647 -0.8253 -0.0047
vn 0.6403 -0.7681 -0.0044
vn 0.7108 -0.7033 -0.0040
vn 0.7759 -0.6309 -0.0036
vn 0.8347 -0.5507 -0.0031
vn 0.8864 -0.4630 -0.0026
vn 0.9286 -0.3712 -0.0021
vn 0.9578 -0.2873 -0.0016
vn 0.9756 -0.2194 -0.0013
vn 0.9863 -0.1652 -0.0009
vn 0.9925 -0.1219 -0.0007
vn 0.9962 -0.0872 -0.0005
vn 0.9982 -0.0595 -0.0003
vn 0.9993 -0.0376 -0.0002
vn 0.9998 -0.0208 -0.0001
vn 1.0000 -0.0087 -0.0000
vn 1.0000 -0.0012 -0.0000
vn 1.0000 0.0016 -0.0000
vn 1.0000 0.0009 -0.0000
vn -0.0650 -0.9979 -0.0057
vn -0.1901 -0.9818 -0.0056
vn -0.3080 -0.9514 -0.0054
vn -0.4210 -0.9071 -0.0052
vn -0.5275 -0.8496 -0.0049
vn -0.6263 -0.7795 -0.0045
vn -0.7166 -0.6975 -0.0040
vn -0.7970 -0.6039 -0.0035
vn -0.8663 -0.4995 -0.0029
vn -0.9229 -0.3850 -0.0022
vn -0.9651 -0.2619 -0.0015
vn -0.9912 -0.1324 -0.0008
vn -0.9994 -0.0334 -0.0002
vn -1.0000 -0.0005 -0.0000
vn -1.0000 0.0046 -0.0000
vn -0.9999 0.0121 0.0001
vn -1.0000 0.0070 -0.0000
vn -0.9998 -0.0175 -0.0001
vn -0.9980 -0.0627 -0.0004
vn -0.9912 -0.1320 -0.0008
vn -0.9729 -0.2313 -0.0013
vn -0.9304 -0.3665 -0.0021
vn -0.8435 -0.5371 -0.0031
vn -0.6904 -0.7234 -0.0041
vn -0.4715 -0.8819 -0.0050
vn -0.2264 -0.9740 -0.0056
vn -0.0022 -1.0000 -0.0057
vn 0.2147 -0.9767 -0.0056
vn 0.4455 -0.8953 -0.0051
vn 0.6555 -0.7552 -0.0043
vn 0.8104 -0.5859 -0.0034
vn 0.9057 -0.4240 -0.0024
vn 0.9572 -0.2896 -0.0017
vn 0.9825 -0.1862 -0.0011
vn 0.9939 -0.1101 -0.0006
vn 0.9984 -0.0565 -0.0003
vn 0.9998 -0.0218 -0.0001
vn 1.0000 -0.0039 -0.0000
vn 1.0000 0.0004 -0.0000
vn -1.0000 0.0002 -0.0000
vn -0.9962 0.0871 0.0005
vn -0.9838 0.1791 0.0010
vn -0.9608 0.2771 0.0016
vn -0.9246 0.3809 0.0022
vn -0.8720 0.4896 0.0028
vn -0.7997 0.6004 0.0034
vn -0.7052 0.7089 0.0041
vn -0.5883 0.8086 0.0046
vn -0.4518 0.8921 0.0051
vn -0.3023 0.9532 0.0055
vn -0.1491 0.9888 0.0057
vn 0.0001 1.0000 0.0057
vn 0.1495 0.9887 0.0057
vn 0.3034 0.9528 0.0054
vn 0.4537 0.8912 0.0051
vn 0.5908 0.8068 0.0046
vn 0.7080 0.7062 0.0040
vn 0.8023 0.5969 0.0034
vn 0.8741 0.4858 0.0028
vn 0.9261 0.3773 0.0022
vn 0.9842 0.1769 0.0010
vn 0.9963 0.0859 0.0005
vn 1.0000 -0.0028 -0.0000
vn 0.9953 -0.0965 -0.0006
vn 0.9806 -0.1961 -0.0011
vn 0.9543 -0.2988 -0.0017
vn 0.9146 -0.4043 -0.0023
vn 0.8593 -0.5114 -0.0029
vn 0.7861 -0.6180 -0.0035
vn 0.6933 -0.7207 -0.0041
vn 0.5802 -0.8145 -0.0047
vn 0.4487 -0.8936 -0.0051
vn 0.3035 -0.9528 -0.0054
vn 0.1514 -0.9885 -0.0057
vn 0.0003 -1.0000 -0.0057
vn -0.1518 -0.9884 -0.0057
vn -0.3074 -0.9516 -0.0054
vn -0.4583 -0.8888 -0.0051
vn -0.5951 -0.8036 -0.0046
vn -0.7113 -0.7029 -0.0040
vn -0.8044 -0.5941 -0.0034
vn -0.8751 -0.4839 -0.0028
vn -0.9265 -0.3763 -0.0022
vn -0.9618 -0.2739 -0.0016
vn -0.9842 -0.1772 -0.0010
vn -0.9963 -0.0863 -0.0005
vn -0.9512 -0.3084 -0.0018
vn -0.9256 -0.3785 -0.0022
vn -0.8866 -0.4625 -0.0026
vn -0.8340 -0.5517 -0.0032
vn -0.7662 -0.6426 -0.0037
vn -0.6830 -0.7304 -0.0042
vn -0.5867 -0.8098 -0.0046
vn -0.4816 -0.8764 -0.0050
vn -0.3734 -0.9276 -0.0053
vn -0.2678 -0.9635 -0.0055
vn -0.1691 -0.9856 -0.0056
vn -0.0800 -0.9968 -0.0057
vn 0.0398 -0.9992 -0.0057
vn 0.2455 -0.9694 -0.0055
vn 0.4887 -0.8724 -0.0050
vn 0.6885 -0.7252 -0.0041
vn 0.8248 -0.5654 -0.0032
vn 0.9066 -0.4219 -0.0024
vn 0.9524 -0.3050 -0.0017
vn 0.9770 -0.2134 -0.0012
vn 0.9897 -0.1429 -0.0008
vn 0.9960 -0.0891 -0.0005
vn 0.9988 -0.0487 -0.0003
vn 0.9998 -0.0199 -0.0001
vn 1.0000 -0.0033 -0.0000
vn 1.0000 0.0076 -0.0000
vn 0.9997 0.0256 0.0001
vn 0.9985 0.0551 0.0003
vn 0.9953 0.0969 0.0006
vn 0.9881 0.1536 0.0009
vn 0.9732 0.2298 0.0013
vn 0.9432 0.3321 0.0019
vn 0.8840 0.4675 0.0027
vn 0.7711 0.6367 0.0036
vn 0.5766 0.8170 0.0047
vn 0.3019 0.9533 0.0055
vn 0.0134 0.9999 0.0057
vn -0.2513 0.9679 0.0055
vn -0.4987 0.8668 0.0050
vn -0.6992 0.7149 0.0041
vn -0.8336 0.5524 0.0032
vn -0.9127 0.4086 0.0023
vn -0.9562 0.2927 0.0017
vn -0.9792 0.2028 0.0012
vn -0.9910 0.1341 0.0008
vn -0.9966 0.0822 0.0005
vn -0.9990 0.0438 0.0003
vn -0.9999 0.0173 0.0001
vn -1.0000 0.0014 -0.0000
vn -1.0000 -0.0087 -0.0000
vn -0.9998 -0.0195 -0.0001
vn -0.9995 -0.0329 -0.0002
vn -0.9988 -0.0488 -0.0003
vn -0.9977 -0.0676 -0.0004
vn -0.9960 -0.0893 -0.0005
vn -0.9934 -0.1143 -0.0007
vn -0.9897 -0.1431 -0.0008
vn -0.9844 -0.1759 -0.0010
vn -0.9770 -0.2134 -0.0012
vn -0.9666 -0.2561 -0.0015
vn -0.8700 0.4931 0.0028
vn -0.9021 0.4315 0.0025
vn -0.9306 0.3660 0.0021
vn -0.9538 0.3005 0.0017
vn -0.9714 0.2376 0.0014
vn -0.9837 0.1796 0.0010
vn -0.9917 0.1283 0.0007
vn -0.9964 0.0851 0.0005
vn -0.9987 0.0506 0.0003
vn -0.9997 0.0252 0.0001
vn -1.0000 0.0088 0.0001
vn -1.0000 0.0010 -0.0000
vn -1.0000 -0.0004 -0.0000
vn 0.0195 -0.9998 -0.0057
vn 0.0427 -0.9991 -0.0057
vn 0.0951 -0.9954 -0.0057
vn 0.1612 -0.9869 -0.0056
vn 0.2433 -0.9699 -0.0055
vn 0.3436 -0.9391 -0.0054
vn 0.4625 -0.8866 -0.0051
vn 0.5956 -0.8032 -0.0046
vn 0.7314 -0.6819 -0.0039
vn 0.8516 -0.5242 -0.0030
vn 0.9388 -0.3446 -0.0020
vn 0.9863 -0.1648 -0.0009
vn 0.9999 -0.0168 -0.0001
vn 0.9958 0.0910 0.0005
vn 0.9820 0.1888 0.0011
vn 0.9559 0.2938 0.0017
vn 0.9143 0.4050 0.0023
vn 0.8543 0.5198 0.0030
vn 0.7734 0.6339 0.0036
vn 0.6713 0.7412 0.0042
vn 0.5500 0.8351 0.0048
vn 0.4150 0.9098 0.0052
vn 0.2736 0.9618 0.0055
vn 0.1336 0.9910 0.0057
vn 0.0068 1.0000 0.0057
vn -0.1021 0.9948 0.0057
vn -0.2025 0.9793 0.0056
vn -0.2991 0.9542 0.0055
vn -0.3905 0.9206 0.0053
vn -0.4753 0.8798 0.0050
vn -0.5531 0.8331 0.0048
vn -0.6233 0.7819 0.0045
vn -0.6862 0.7274 0.0042
vn -0.7420 0.6704 0.0038
vn -0.7909 0.6119 0.0035
vn -0.8336 0.5523 0.0032
vn 0.6230 -0.7822 -0.0045
vn 0.5779 -0.8161 -0.0047
vn 0.4832 -0.8755 -0.0050
vn 0.3848 -0.9230 -0.0053
vn 0.2846 -0.9586 -0.0055
vn 0.1842 -0.9829 -0.0056
vn 0.0849 -0.9964 -0.0057
vn -0.0128 -0.9999 -0.0057
vn -0.1084 -0.9941 -0.0057
vn -0.2017 -0.9794 -0.0056
vn -0.2926 -0.9562 -0.0055
vn -0.3812 -0.9245 -0.0053
vn -0.5411 -0.8409 -0.0048
vn -0.6587 -0.7524 -0.0043
vn -0.6812 -0.7321 -0.0042
vn -0.7060 -0.7082 -0.0041
vn -0.7321 -0.6812 -0.0039
vn -0.7579 -0.6524 -0.0037
vn -0.7816 -0.6238 -0.0036
vn -0.8013 -0.5983 -0.0034
vn -0.8158 -0.5783 -0.0033
vn -0.8245 -0.5658 -0.0032
vn -0.8277 -0.5611 -0.0032
vn -0.8261 -0.5636 -0.0032
vn -0.8241 -0.5664 -0.0032
vn 0.7012 -0.7129 -0.0041
vn 0.6855 -0.7281 -0.0042
vn 0.6490 -0.7607 -0.0044
vn 0.6026 -0.7981 -0.0046
vn 0.5453 -0.8382 -0.0048
vn 0.4777 -0.8785 -0.0050
vn 0.4019 -0.9157 -0.0052
vn 0.3217 -0.9468 -0.0054
vn 0.2420 -0.9703 -0.0055
vn 0.1675 -0.9859 -0.0056
vn 0.1015 -0.9948 -0.0057
vn 0.0461 -0.9989 -0.0057
vn -0.0157 -0.9999 -0.0057
vn -0.1077 -0.9942 -0.0057
vn -0.2214 -0.9752 -0.0056
vn -0.3407 -0.9401 -0.0054
vn -0.4626 -0.8865 -0.0051
vn -0.5826 -0.8128 -0.0046
vn -0.6948 -0.7192 -0.0041
vn -0.7935 -0.6085 -0.0035
vn -0.8739 -0.4860 -0.0028
vn -0.9336 -0.3583 -0.0020
vn -0.9727 -0.2319 -0.0013
vn -0.9937 -0.1117 -0.0006
vn -1.0000 -0.0040 -0.0000
vn -0.9956 0.0932 0.0005
vn -0.9819 0.1896 0.0011
vn -0.9578 0.2875 0.0016
vn -0.9230 0.3847 0.0022
vn -0.8780 0.4786 0.0027
vn -0.8237 0.5670 0.0032
vn -0.7617 0.6480 0.0037
vn -0.6937 0.7203 0.0041
vn -0.6216 0.7833 0.0045
vn -0.5471 0.8370 0.0048
vn -0.4718 0.8817 0.0050
vn -0.4022 0.9155 0.0052
vn -0.3410 0.9401 0.0054
vn -0.2866 0.9580 0.0055
vn -0.2408 0.9706 0.0056
vn -0.2029 0.9792 0.0056
vn -0.1718 0.9851 0.0056
vn -0.1470 0.9891 0.0057
vn -0.1279 0.9918 0.0057
vn -0.1142 0.9934 0.0057
vn -0.1058 0.9944 0.0057
vn -0.1027 0.9947 0.0057
vn -0.1054 0.9944 0.0057
vn -0.1082 0.9941 0.0057
vn -1.0000 0.0023 -0.0000
vn -1.0000 0.0058 -0.0000
vn -1.0000 0.0033 -0.0000
vn -1.0000 -0.0089 -0.0001
vn -0.9995 -0.0306 -0.0002
vn -0.9981 -0.0619 -0.0004
vn -0.9946 -0.1034 -0.0006
vn -0.9879 -0.1553 -0.0009
vn -0.9759 -0.2183 -0.0012
vn -0.9564 -0.2920 -0.0017
vn -0.9267 -0.3757 -0.0021
vn -0.8842 -0.4671 -0.0027
vn -0.8303 -0.5573 -0.0032
vn -0.7660 -0.6428 -0.0037
vn -0.6926 -0.7213 -0.0041
vn -0.6163 -0.7875 -0.0045
vn -0.5394 -0.8421 -0.0048
vn -0.4637 -0.8860 -0.0051
vn -0.3904 -0.9206 -0.0053
vn -0.3199 -0.9474 -0.0054
vn -0.2522 -0.9677 -0.0055
vn -0.1870 -0.9824 -0.0056
vn -0.1237 -0.9923 -0.0057
vn -0.0617 -0.9981 -0.0057
vn 0.0062 -1.0000 -0.0057
vn 0.0879 -0.9961 -0.0057
vn 0.1791 -0.9838 -0.0056
vn 0.2740 -0.9617 -0.0055
vn 0.3721 -0.9282 -0.0053
vn 0.4720 -0.8816 -0.0050
vn 0.5716 -0.8205 -0.0047
vn 0.6679 -0.7442 -0.0043
vn 0.7572 -0.6532 -0.0037
vn 0.8355 -0.5494 -0.0031
vn 0.8997 -0.4365 -0.0025
vn 0.9478 -0.3189 -0.0018
vn 0.9700 -0.2431 -0.0014
vn 0.9632 -0.2688 -0.0015
vn 0.9367 -0.3500 -0.0020
vn 0.9033 -0.4290 -0.0025
vn 0.8620 -0.5069 -0.0029
vn 0.8114 -0.5845 -0.0033
vn 0.7495 -0.6620 -0.0038
vn 0.6740 -0.7387 -0.0042
vn 0.5824 -0.8129 -0.0046
vn 0.4728 -0.8811 -0.0050
vn 0.3448 -0.9387 -0.0054
vn 0.2007 -0.9796 -0.0056
vn 0.0091 -0.9999 -0.0057
vn -0.1066 -0.9943 -0.0057
vn -0.1851 -0.9827 -0.0056
vn -0.3059 -0.9521 -0.0054
vn -0.3931 -0.9195 -0.0053
vn -0.4820 -0.8761 -0.0050
vn -0.5733 -0.8194 -0.0047
vn -0.6658 -0.7461 -0.0043
vn -0.7567 -0.6537 -0.0037
vn -0.8413 -0.5406 -0.0031
vn -0.9128 -0.4083 -0.0023
vn -0.9651 -0.2618 -0.0015
vn -0.9940 -0.1096 -0.0006
vn -0.9992 0.0389 0.0002
vn -0.9831 0.1830 0.0010
vn -0.9459 0.3244 0.0019
vn -0.8869 0.4619 0.0026
vn -0.8065 0.5912 0.0034
vn -0.7099 0.7043 0.0040
vn -0.6046 0.7965 0.0046
vn -0.4980 0.8672 0.0050
vn -0.3957 0.9183 0.0053
vn -0.3009 0.9536 0.0055
vn -0.2145 0.9767 0.0056
vn -0.1365 0.9906 0.0057
vn -0.0657 0.9978 0.0057
vn -0.0049 1.0000 0.0057
vn 0.0440 0.9990 0.0057
vn 0.0879 0.9961 0.0057
vn 0.1327 0.9911 0.0057
vn 0.1794 0.9838 0.0056
vn 0.2289 0.9734 0.0056
vn 0.2818 0.9594 0.0055
vn 0.3390 0.9408 0.0054
vn 0.4009 0.9161 0.0052
vn 0.4678 0.8838 0.0051
vn 0.5397 0.8419 0.0048
vn 0.6155 0.7881 0.0045
vn 0.6900 0.7238 0.0041
vn 0.7659 0.6430 0.0037
vn 0.8389 0.5443 0.0031
vn 0.8975 0.4410 0.0025
vn 0.9403 0.3403 0.0019
vn 0.9686 0.2484 0.0014
vn 0.9855 0.1695 0.0010
vn 0.9944 0.1056 0.0006
vn 0.9984 0.0569 0.0003
vn 0.9997 0.0230 0.0001
vn 1.0000 0.0031 -0.0000
vn 1.0000 -0.0036 -0.0000
vn 1.0000 -0.0019 -0.0000
vn 0.9998 0.0175 0.0001
vn 0.9974 0.0727 0.0004
vn 0.9887 0.1499 0.0009
vn 0.9732 0.2297 0.0013
vn 0.9512 0.3087 0.0018
vn 0.9238 0.3828 0.0022
vn 0.8937 0.4487 0.0026
vn 0.8639 0.5036 0.0029
vn 0.8379 0.5458 0.0031
vn 0.8183 0.5748 0.0033
vn 0.8070 0.5905 0.0034
vn 0.8050 0.5933 0.0034
vn 0.8206 0.5716 0.0033
vn 0.8563 0.5164 0.0030
vn 0.8973 0.4414 0.0025
vn 0.9342 0.3566 0.0020
vn 0.9655 0.2604 0.0015
vn 0.9885 0.1512 0.0009
vn 0.9996 0.0282 0.0002
vn 0.9942 -0.1074 -0.0006
vn 0.9677 -0.2521 -0.0014
vn 0.9169 -0.3992 -0.0023
vn 0.8417 -0.5399 -0.0031
vn 0.7464 -0.6655 -0.0038
vn 0.6681 -0.7441 -0.0043
vn 0.6447 -0.7644 -0.0044
vn 0.6479 -0.7617 -0.0044
vn 0.6503 -0.7596 -0.0043
vn 0.6523 -0.7579 -0.0043
vn 0.6540 -0.7565 -0.0043
vn 0.6554 -0.7553 -0.0043
vn 0.6567 -0.7541 -0.0043
vn 0.6580 -0.7530 -0.0043
vn 0.6592 -0.7520 -0.0043
vn 0.6605 -0.7508 -0.0043
vn 0.6619 -0.7495 -0.0043
vn 0.6627 -0.7489 -0.0043
vn -0.7082 -0.7060 -0.0040
vn -0.7080 -0.7062 -0.0040
vn -0.7078 -0.7064 -0.0040
vn -0.7075 -0.7067 -0.0040
vn -0.7074 -0.7068 -0.0040
vn -0.7076 -0.7066 -0.0040
vn -0.6964 -0.7176 -0.0041
vn -0.6848 -0.7287 -0.0042
vn -0.9021 0.4314 0.0025
vn 0.9820 0.1887 0.0011
vn -0.5530 0.8331 0.0048
vn -0.3813 -0.9245 -0.0053
vn -0.7059 -0.7083 -0.0041
vn -0.5393 -0.8421 -0.0048
vn 0.8355 -0.5495 -0.0031
vn 0.9632 -0.2687 -0.0015
vn 0.8620 -0.5070 -0.0029
vn 0.8113 -0.5846 -0.0033
vn 0.4728 -0.8812 -0.0050
vn -0.7568 -0.6537 -0.0037
vn -0.9831 0.1829 0.0010
vn 0.9998 0.0176 0.0001
vn 0.6620 -0.7495 -0.0043
vn 0.6627 -0.7488 -0.0043
vn -0.7050 -0.7092 -0.0041
vn -0.7058 -0.7084 -0.0041
vn -0.7077 -0.7065 -0.0040
vn -0.7081 -0.7061 -0.0040
vn -0.6958 -0.7182 -0.0041
vt 0.498179 0.576765
vt 0.498538 0.576735
vt 0.498394 0.576754
vt 0.498681 0.576707
vt 0.497980 0.576757
vt 0.498823 0.576669
vt 0.497795 0.576728
vt 0.498962 0.576621
vt 0.499099 0.576562
vt 0.497625 0.576678
vt 0.499231 0.576492
vt 0.495113 0.576926
vt 0.495171 0.576922
vt 0.495146 0.576924
vt 0.495237 0.576916
vt 0.495338 0.576906
vt 0.495464 0.576894
vt 0.495608 0.576880
vt 0.495759 0.576865
vt 0.495910 0.576850
vt 0.496053 0.576837
vt 0.496179 0.576824
vt 0.496279 0.576815
vt 0.496345 0.576808
vt 0.496369 0.576806
vt 0.496397 0.576800
vt 0.495082 0.576923
vt 0.496424 0.576792
vt 0.497467 0.576608
vt 0.495052 0.576916
vt 0.496451 0.576781
vt 0.495024 0.576906
vt 0.496476 0.576767
vt 0.496499 0.576751
vt 0.494998 0.576892
vt 0.499360 0.576410
vt 0.496521 0.576733
vt 0.494975 0.576876
vt 0.496541 0.576713
vt 0.494954 0.576856
vt 0.496559 0.576692
vt 0.494936 0.576834
vt 0.497322 0.576518
vt 0.496576 0.576668
vt 0.499484 0.576315
vt 0.494921 0.576809
vt 0.496589 0.576644
vt 0.494910 0.576783
vt 0.496601 0.576618
vt 0.494902 0.576754
vt 0.496610 0.576591
vt 0.499602 0.576208
vt 0.496610 0.576570
vt 0.494898 0.576723
vt 0.497189 0.576406
vt 0.496612 0.576513
vt 0.494903 0.576586
vt 0.496615 0.576426
vt 0.499715 0.576088
vt 0.497067 0.576274
vt 0.496619 0.576317
vt 0.494916 0.576208
vt 0.499821 0.575954
vt 0.496623 0.576194
vt 0.496954 0.576121
vt 0.499919 0.575806
vt 0.496628 0.576064
vt 0.496851 0.575946
vt 0.500001 0.575656
vt 0.496632 0.575933
vt 0.494935 0.575638
vt 0.500070 0.575493
vt 0.496757 0.575751
vt 0.496636 0.575810
vt 0.500128 0.575320
vt 0.496640 0.575701
vt 0.496670 0.575534
vt 0.496643 0.575614
vt 0.500176 0.575140
vt 0.496645 0.575557
vt 0.496646 0.575536
vt 0.494959 0.574922
vt 0.497636 0.575139
vt 0.497715 0.575136
vt 0.500215 0.574954
vt 0.500247 0.574763
vt 0.497920 0.575095
vt 0.497560 0.575132
vt 0.497485 0.575117
vt 0.498089 0.575018
vt 0.497414 0.575094
vt 0.497345 0.575063
vt 0.498225 0.574907
vt 0.497279 0.575025
vt 0.500271 0.574572
vt 0.497218 0.574979
vt 0.498333 0.574769
vt 0.497160 0.574926
vt 0.497107 0.574867
vt 0.498416 0.574607
vt 0.497059 0.574801
vt 0.500289 0.574380
vt 0.497017 0.574730
vt 0.494987 0.574109
vt 0.498478 0.574427
vt 0.496980 0.574653
vt 0.500303 0.574191
vt 0.496941 0.574551
vt 0.498521 0.574233
vt 0.496908 0.574449
vt 0.500313 0.574006
vt 0.496881 0.574346
vt 0.498550 0.574030
vt 0.496859 0.574242
vt 0.500321 0.573828
vt 0.496842 0.574137
vt 0.498567 0.573822
vt 0.496829 0.574031
vt 0.500327 0.573658
vt 0.496820 0.573924
vt 0.498577 0.573614
vt 0.500330 0.573574
vt 0.495016 0.573247
vt 0.496815 0.573815
vt 0.500338 0.573341
vt 0.496812 0.573705
vt 0.498584 0.573411
vt 0.496812 0.573593
vt 0.500351 0.572989
vt 0.496814 0.573479
vt 0.498589 0.573217
vt 0.496817 0.573364
vt 0.496820 0.573291
vt 0.498592 0.573144
vt 0.496827 0.573088
vt 0.498599 0.572941
vt 0.500367 0.572548
vt 0.495045 0.572385
vt 0.496837 0.572783
vt 0.498610 0.572635
vt 0.500384 0.572047
vt 0.496850 0.572399
vt 0.498623 0.572251
vt 0.496865 0.571964
vt 0.498638 0.571815
vt 0.500403 0.571516
vt 0.495073 0.571571
vt 0.496881 0.571503
vt 0.498654 0.571354
vt 0.500422 0.570984
vt 0.496897 0.571042
vt 0.498670 0.570892
vt 0.495097 0.570853
vt 0.500440 0.570483
vt 0.496912 0.570607
vt 0.498685 0.570456
vt 0.500456 0.570040
vt 0.495117 0.570280
vt 0.496925 0.570223
vt 0.498699 0.570072
vt 0.500468 0.569688
vt 0.496935 0.569916
vt 0.498710 0.569765
vt 0.495130 0.569900
vt 0.500476 0.569454
vt 0.496942 0.569714
vt 0.498717 0.569562
vt 0.495134 0.569763
vt 0.496945 0.569640
vt 0.500479 0.569369
vt 0.498719 0.569488
vt 0.495137 0.569730
vt 0.496943 0.569606
vt 0.498725 0.569459
vt 0.500475 0.569340
vt 0.495145 0.569698
vt 0.496937 0.569574
vt 0.498734 0.569431
vt 0.500467 0.569313
vt 0.495156 0.569667
vt 0.496927 0.569544
vt 0.498747 0.569405
vt 0.500456 0.569287
vt 0.495171 0.569638
vt 0.496913 0.569516
vt 0.498762 0.569380
vt 0.500441 0.569263
vt 0.495189 0.569611
vt 0.496895 0.569491
vt 0.498779 0.569356
vt 0.500424 0.569242
vt 0.495210 0.569586
vt 0.496875 0.569468
vt 0.498799 0.569335
vt 0.500404 0.569222
vt 0.495234 0.569563
vt 0.496851 0.569449
vt 0.498821 0.569315
vt 0.500381 0.569206
vt 0.495260 0.569543
vt 0.496824 0.569433
vt 0.498845 0.569298
vt 0.500357 0.569192
vt 0.495288 0.569525
vt 0.498871 0.569283
vt 0.496795 0.569420
vt 0.500330 0.569182
vt 0.495318 0.569512
vt 0.498898 0.569271
vt 0.496764 0.569411
vt 0.500302 0.569174
vt 0.495349 0.569501
vt 0.498926 0.569262
vt 0.496731 0.569407
vt 0.500272 0.569171
vt 0.495382 0.569495
vt 0.498955 0.569256
vt 0.496697 0.569407
vt 0.500241 0.569171
vt 0.498981 0.569255
vt 0.499051 0.569250
vt 0.499157 0.569243
vt 0.499290 0.569234
vt 0.499441 0.569224
vt 0.499600 0.569213
vt 0.499759 0.569203
vt 0.499909 0.569193
vt 0.500041 0.569184
vt 0.500147 0.569177
vt 0.500216 0.569172
vt 0.481787 0.578236
vt 0.481919 0.578226
vt 0.481824 0.578235
vt 0.482182 0.578200
vt 0.482579 0.578162
vt 0.483074 0.578114
vt 0.483633 0.578059
vt 0.484223 0.578002
vt 0.484810 0.577945
vt 0.485362 0.577892
vt 0.485846 0.577845
vt 0.486232 0.577808
vt 0.486486 0.577783
vt 0.486578 0.577774
vt 0.486614 0.577768
vt 0.481752 0.578233
vt 0.486650 0.577758
vt 0.481719 0.578226
vt 0.486683 0.577745
vt 0.481688 0.578215
vt 0.486715 0.577728
vt 0.481659 0.578200
vt 0.486744 0.577707
vt 0.481633 0.578181
vt 0.486771 0.577683
vt 0.481611 0.578158
vt 0.486794 0.577657
vt 0.481592 0.578132
vt 0.486814 0.577627
vt 0.481577 0.578103
vt 0.486831 0.577596
vt 0.481566 0.578070
vt 0.486843 0.577562
vt 0.481559 0.578035
vt 0.486851 0.577526
vt 0.481558 0.577997
vt 0.486855 0.577489
vt 0.481588 0.576950
vt 0.486855 0.577471
vt 0.486857 0.577424
vt 0.486859 0.577352
vt 0.486862 0.577261
vt 0.486865 0.577158
vt 0.486868 0.577050
vt 0.486872 0.576941
vt 0.486875 0.576838
vt 0.486878 0.576748
vt 0.486880 0.576676
vt 0.486881 0.576628
vt 0.486882 0.576611
vt 0.486880 0.576573
vt 0.486873 0.576534
vt 0.486861 0.576493
vt 0.486845 0.576450
vt 0.481592 0.576912
vt 0.486824 0.576404
vt 0.481600 0.576875
vt 0.486798 0.576356
vt 0.481613 0.576841
vt 0.481630 0.576809
vt 0.486767 0.576305
vt 0.481651 0.576779
vt 0.481676 0.576753
vt 0.486732 0.576250
vt 0.481703 0.576729
vt 0.481733 0.576708
vt 0.481766 0.576691
vt 0.484382 0.576434
vt 0.486693 0.576193
vt 0.481801 0.576677
vt 0.481838 0.576667
vt 0.481876 0.576662
vt 0.484329 0.576360
vt 0.486650 0.576132
vt 0.484180 0.576157
vt 0.486602 0.576067
vt 0.486551 0.575997
vt 0.486505 0.575935
vt 0.483955 0.575849
vt 0.486379 0.575761
vt 0.486188 0.575499
vt 0.483672 0.575463
vt 0.485948 0.575169
vt 0.483350 0.575023
vt 0.485676 0.574794
vt 0.483008 0.574555
vt 0.485386 0.574396
vt 0.485096 0.573996
vt 0.482664 0.574086
vt 0.484821 0.573618
vt 0.482339 0.573642
vt 0.484579 0.573285
vt 0.482052 0.573249
vt 0.484385 0.573018
vt 0.481823 0.572935
vt 0.484256 0.572841
vt 0.484210 0.572777
vt 0.484671 0.572739
vt 0.484440 0.572761
vt 0.484903 0.572708
vt 0.485135 0.572670
vt 0.481670 0.572727
vt 0.485366 0.572623
vt 0.485596 0.572567
vt 0.485825 0.572500
vt 0.486050 0.572424
vt 0.486273 0.572337
vt 0.481615 0.572652
vt 0.486492 0.572239
vt 0.481577 0.572590
vt 0.486707 0.572129
vt 0.481544 0.572526
vt 0.481518 0.572461
vt 0.486916 0.572007
vt 0.481498 0.572397
vt 0.486960 0.571977
vt 0.481482 0.572332
vt 0.486999 0.571946
vt 0.487033 0.571913
vt 0.481471 0.572269
vt 0.487063 0.571880
vt 0.487088 0.571845
vt 0.481463 0.572207
vt 0.487109 0.571810
vt 0.487127 0.571774
vt 0.481458 0.572148
vt 0.487142 0.571737
vt 0.487154 0.571700
vt 0.481456 0.572091
vt 0.487163 0.571663
vt 0.481455 0.572037
vt 0.487171 0.571626
vt 0.487176 0.571588
vt 0.481456 0.571987
vt 0.487177 0.571567
vt 0.481457 0.571942
vt 0.487179 0.571507
vt 0.481458 0.571921
vt 0.487181 0.571417
vt 0.481459 0.571863
vt 0.481462 0.571776
vt 0.487185 0.571304
vt 0.481465 0.571666
vt 0.487189 0.571175
vt 0.481469 0.571541
vt 0.487193 0.571039
vt 0.481473 0.571409
vt 0.487197 0.570903
vt 0.481476 0.571277
vt 0.484422 0.571036
vt 0.487201 0.570775
vt 0.481480 0.571152
vt 0.483985 0.571055
vt 0.484856 0.570985
vt 0.483546 0.571039
vt 0.485283 0.570902
vt 0.483110 0.570988
vt 0.487205 0.570662
vt 0.485701 0.570789
vt 0.481483 0.571042
vt 0.482678 0.570900
vt 0.486108 0.570646
vt 0.487207 0.570572
vt 0.481486 0.570955
vt 0.482254 0.570775
vt 0.487209 0.570512
vt 0.486499 0.570476
vt 0.481487 0.570897
vt 0.487210 0.570490
vt 0.481488 0.570876
vt 0.487208 0.570453
vt 0.481493 0.570837
vt 0.487199 0.570415
vt 0.481504 0.570798
vt 0.481841 0.570610
vt 0.486874 0.570279
vt 0.487185 0.570379
vt 0.481522 0.570759
vt 0.487165 0.570346
vt 0.481544 0.570722
vt 0.487140 0.570316
vt 0.481572 0.570687
vt 0.487111 0.570290
vt 0.481604 0.570657
vt 0.487078 0.570269
vt 0.481639 0.570631
vt 0.487041 0.570255
vt 0.486918 0.570258
vt 0.481676 0.570611
vt 0.481799 0.570596
vt 0.487002 0.570247
vt 0.486961 0.570248
vt 0.481716 0.570598
vt 0.481757 0.570593
vt 0.464760 0.580022
vt 0.465265 0.579973
vt 0.465012 0.580007
vt 0.469180 0.579592
vt 0.469588 0.579556
vt 0.469417 0.579578
vt 0.469760 0.579523
vt 0.464520 0.580017
vt 0.465503 0.579921
vt 0.468948 0.579586
vt 0.469933 0.579479
vt 0.464291 0.579991
vt 0.465726 0.579851
vt 0.468721 0.579560
vt 0.470104 0.579423
vt 0.464075 0.579943
vt 0.465935 0.579763
vt 0.468502 0.579514
vt 0.470273 0.579356
vt 0.470439 0.579278
vt 0.463871 0.579875
vt 0.466131 0.579656
vt 0.468291 0.579448
vt 0.460817 0.580247
vt 0.460894 0.580242
vt 0.460863 0.580245
vt 0.460981 0.580234
vt 0.461113 0.580221
vt 0.461278 0.580205
vt 0.461465 0.580187
vt 0.461663 0.580168
vt 0.461861 0.580149
vt 0.462047 0.580131
vt 0.462211 0.580115
vt 0.462341 0.580102
vt 0.462428 0.580094
vt 0.462459 0.580091
vt 0.462500 0.580083
vt 0.460774 0.580244
vt 0.462539 0.580071
vt 0.460734 0.580236
vt 0.462576 0.580056
vt 0.460696 0.580223
vt 0.462611 0.580037
vt 0.460661 0.580207
vt 0.462643 0.580015
vt 0.470601 0.579189
vt 0.460629 0.580186
vt 0.462672 0.579990
vt 0.463680 0.579784
vt 0.466315 0.579531
vt 0.468091 0.579360
vt 0.462699 0.579963
vt 0.460602 0.580161
vt 0.462722 0.579933
vt 0.460579 0.580133
vt 0.470756 0.579087
vt 0.462741 0.579902
vt 0.460560 0.580102
vt 0.462756 0.579869
vt 0.460547 0.580069
vt 0.463503 0.579672
vt 0.466487 0.579386
vt 0.467903 0.579251
vt 0.462767 0.579834
vt 0.470905 0.578975
vt 0.460539 0.580032
vt 0.462773 0.579799
vt 0.460537 0.579994
vt 0.462774 0.579779
vt 0.460540 0.579838
vt 0.462775 0.579723
vt 0.471046 0.578850
vt 0.463339 0.579537
vt 0.466648 0.579222
vt 0.467729 0.579120
vt 0.462777 0.579639
vt 0.462779 0.579533
vt 0.471177 0.578714
vt 0.460549 0.579408
vt 0.463189 0.579380
vt 0.466799 0.579039
vt 0.467569 0.578966
vt 0.462782 0.579413
vt 0.471298 0.578565
vt 0.463053 0.579200
vt 0.466940 0.578835
vt 0.467427 0.578790
vt 0.462785 0.579286
vt 0.471416 0.578389
vt 0.462788 0.579159
vt 0.462933 0.578997
vt 0.467303 0.578590
vt 0.467073 0.578612
vt 0.460563 0.578759
vt 0.471512 0.578204
vt 0.462790 0.579039
vt 0.462793 0.578934
vt 0.471587 0.578012
vt 0.462827 0.578771
vt 0.467198 0.578367
vt 0.462795 0.578850
vt 0.462796 0.578794
vt 0.471645 0.577814
vt 0.462796 0.578774
vt 0.471687 0.577610
vt 0.460581 0.577944
vt 0.463808 0.578163
vt 0.464085 0.578163
vt 0.468524 0.577745
vt 0.471717 0.577403
vt 0.464357 0.578113
vt 0.468425 0.577749
vt 0.468639 0.577731
vt 0.468750 0.577711
vt 0.468326 0.577743
vt 0.463580 0.578112
vt 0.464578 0.578020
vt 0.468856 0.577684
vt 0.468229 0.577728
vt 0.468956 0.577649
vt 0.468134 0.577703
vt 0.471736 0.577193
vt 0.469049 0.577606
vt 0.468042 0.577669
vt 0.463396 0.578016
vt 0.464755 0.577890
vt 0.469136 0.577553
vt 0.467954 0.577627
vt 0.469216 0.577490
vt 0.467871 0.577576
vt 0.463251 0.577881
vt 0.469289 0.577416
vt 0.464891 0.577727
vt 0.467794 0.577516
vt 0.469353 0.577331
vt 0.471747 0.576982
vt 0.467723 0.577449
vt 0.463142 0.577712
vt 0.469409 0.577234
vt 0.464993 0.577538
vt 0.467660 0.577374
vt 0.469457 0.577123
vt 0.467606 0.577291
vt 0.471753 0.576770
vt 0.460601 0.577018
vt 0.463063 0.577516
vt 0.465066 0.577328
vt 0.467561 0.577201
vt 0.469495 0.576999
vt 0.467525 0.577102
vt 0.469514 0.576911
vt 0.471755 0.576560
vt 0.463009 0.577299
vt 0.465114 0.577102
vt 0.467496 0.576993
vt 0.469530 0.576806
vt 0.467474 0.576876
vt 0.469542 0.576687
vt 0.471757 0.576351
vt 0.462977 0.577067
vt 0.465143 0.576866
vt 0.467458 0.576752
vt 0.469552 0.576558
vt 0.467446 0.576623
vt 0.469559 0.576422
vt 0.471760 0.576145
vt 0.462961 0.576825
vt 0.465158 0.576624
vt 0.467439 0.576492
vt 0.469564 0.576282
vt 0.471763 0.576050
vt 0.467435 0.576359
vt 0.469568 0.576143
vt 0.462957 0.576580
vt 0.460622 0.576037
vt 0.465163 0.576383
vt 0.471769 0.575789
vt 0.467434 0.576226
vt 0.469570 0.576006
vt 0.467436 0.576096
vt 0.462960 0.576338
vt 0.465165 0.576147
vt 0.469572 0.575876
vt 0.471779 0.575395
vt 0.467438 0.575969
vt 0.469573 0.575755
vt 0.467441 0.575848
vt 0.462966 0.576104
vt 0.465168 0.575922
vt 0.469574 0.575648
vt 0.467444 0.575734
vt 0.469576 0.575558
vt 0.471792 0.574900
vt 0.462968 0.576022
vt 0.465170 0.575841
vt 0.467446 0.575653
vt 0.469578 0.575478
vt 0.462973 0.575796
vt 0.467451 0.575431
vt 0.465175 0.575616
vt 0.469583 0.575257
vt 0.460644 0.575055
vt 0.462981 0.575454
vt 0.467459 0.575094
vt 0.465183 0.575277
vt 0.469592 0.574922
vt 0.471806 0.574338
vt 0.462990 0.575024
vt 0.467470 0.574671
vt 0.465194 0.574851
vt 0.469602 0.574503
vt 0.471821 0.573743
vt 0.463001 0.574537
vt 0.467481 0.574192
vt 0.465205 0.574367
vt 0.469614 0.574028
vt 0.460664 0.574128
vt 0.463013 0.574021
vt 0.467493 0.573684
vt 0.465217 0.573855
vt 0.469626 0.573523
vt 0.471836 0.573147
vt 0.463024 0.573504
vt 0.467506 0.573175
vt 0.465229 0.573342
vt 0.469639 0.573019
vt 0.460681 0.573310
vt 0.471850 0.572585
vt 0.463035 0.573016
vt 0.467517 0.572695
vt 0.465241 0.572858
vt 0.469651 0.572543
vt 0.471862 0.572089
vt 0.460696 0.572658
vt 0.463045 0.572586
vt 0.467527 0.572272
vt 0.465251 0.572432
vt 0.469661 0.572123
vt 0.471872 0.571693
vt 0.463053 0.572243
vt 0.467535 0.571935
vt 0.465259 0.572091
vt 0.469669 0.571788
vt 0.460705 0.572225
vt 0.471879 0.571432
vt 0.463058 0.572016
vt 0.467541 0.571711
vt 0.465265 0.571866
vt 0.469675 0.571566
vt 0.460708 0.572069
vt 0.471881 0.571337
vt 0.463060 0.571934
vt 0.467543 0.571630
vt 0.465267 0.571784
vt 0.469677 0.571486
vt 0.463058 0.571895
vt 0.465270 0.571747
vt 0.467541 0.571593
vt 0.469680 0.571449
vt 0.471879 0.571299
vt 0.460715 0.572034
vt 0.465279 0.571711
vt 0.469689 0.571414
vt 0.463050 0.571859
vt 0.467533 0.571557
vt 0.471872 0.571264
vt 0.460725 0.572000
vt 0.465292 0.571677
vt 0.469702 0.571380
vt 0.463037 0.571824
vt 0.467521 0.571523
vt 0.471860 0.571231
vt 0.460741 0.571968
vt 0.465310 0.571644
vt 0.469720 0.571348
vt 0.463018 0.571793
vt 0.467503 0.571492
vt 0.471843 0.571200
vt 0.460760 0.571937
vt 0.465332 0.571613
vt 0.469741 0.571318
vt 0.462996 0.571764
vt 0.467481 0.571463
vt 0.471822 0.571172
vt 0.460783 0.571908
vt 0.465358 0.571585
vt 0.469767 0.571290
vt 0.462969 0.571739
vt 0.467455 0.571438
vt 0.471796 0.571148
vt 0.460809 0.571882
vt 0.465387 0.571559
vt 0.469795 0.571264
vt 0.462938 0.571717
vt 0.467425 0.571416
vt 0.471767 0.571126
vt 0.460839 0.571858
vt 0.465420 0.571536
vt 0.469827 0.571242
vt 0.460871 0.571837
vt 0.462903 0.571698
vt 0.467392 0.571399
vt 0.471735 0.571108
vt 0.465455 0.571517
vt 0.469861 0.571223
vt 0.460906 0.571819
vt 0.462866 0.571684
vt 0.467355 0.571385
vt 0.471700 0.571095
vt 0.465493 0.571501
vt 0.469897 0.571207
vt 0.460943 0.571804
vt 0.462825 0.571675
vt 0.467316 0.571375
vt 0.471662 0.571086
vt 0.465533 0.571489
vt 0.469935 0.571196
vt 0.460982 0.571792
vt 0.462783 0.571670
vt 0.467275 0.571371
vt 0.471622 0.571081
vt 0.465574 0.571482
vt 0.469975 0.571188
vt 0.461023 0.571785
vt 0.462738 0.571671
vt 0.467232 0.571371
vt 0.471580 0.571081
vt 0.465607 0.571479
vt 0.465698 0.571473
vt 0.465834 0.571464
vt 0.466006 0.571453
vt 0.466200 0.571440
vt 0.466406 0.571426
vt 0.466611 0.571412
vt 0.466804 0.571400
vt 0.466974 0.571388
vt 0.467110 0.571379
vt 0.467200 0.571373
vt 0.470007 0.571186
vt 0.470095 0.571180
vt 0.470227 0.571171
vt 0.470393 0.571160
vt 0.470581 0.571148
vt 0.470780 0.571135
vt 0.470979 0.571121
vt 0.471166 0.571109
vt 0.471331 0.571098
vt 0.471462 0.571089
vt 0.471549 0.571083
vt 0.490311 0.577507
vt 0.491279 0.577412
vt 0.490789 0.577495
vt 0.489871 0.577448
vt 0.491730 0.577264
vt 0.489471 0.577322
vt 0.492142 0.577057
vt 0.489110 0.577133
vt 0.492514 0.576795
vt 0.488791 0.576884
vt 0.492847 0.576483
vt 0.488514 0.576581
vt 0.493139 0.576126
vt 0.488280 0.576227
vt 0.490847 0.576053
vt 0.493391 0.575726
vt 0.490614 0.576047
vt 0.490954 0.576039
vt 0.491055 0.576017
vt 0.491151 0.575988
vt 0.490419 0.575986
vt 0.491241 0.575949
vt 0.488090 0.575827
vt 0.491326 0.575902
vt 0.493601 0.575290
vt 0.490258 0.575878
vt 0.491406 0.575845
vt 0.491480 0.575779
vt 0.491548 0.575703
vt 0.490129 0.575729
vt 0.491611 0.575616
vt 0.491668 0.575519
vt 0.490028 0.575546
vt 0.491719 0.575410
vt 0.487944 0.575383
vt 0.493770 0.574821
vt 0.491764 0.575290
vt 0.489952 0.575336
vt 0.491810 0.575143
vt 0.489898 0.575106
vt 0.491851 0.574991
vt 0.487844 0.574902
vt 0.491886 0.574835
vt 0.493897 0.574323
vt 0.489862 0.574863
vt 0.491916 0.574676
vt 0.489842 0.574613
vt 0.491941 0.574515
vt 0.487791 0.574387
vt 0.491963 0.574353
vt 0.493980 0.573801
vt 0.489833 0.574365
vt 0.491980 0.574191
vt 0.491995 0.574029
vt 0.489833 0.574124
vt 0.487784 0.573843
vt 0.492006 0.573869
vt 0.494021 0.573258
vt 0.489839 0.573898
vt 0.492015 0.573711
vt 0.489846 0.573662
vt 0.492023 0.573556
vt 0.492028 0.573405
vt 0.487824 0.573297
vt 0.489859 0.573395
vt 0.494014 0.572737
vt 0.492034 0.573168
vt 0.489879 0.573105
vt 0.492035 0.572915
vt 0.487910 0.572770
vt 0.489910 0.572803
vt 0.492028 0.572653
vt 0.493958 0.572242
vt 0.492009 0.572389
vt 0.489956 0.572499
vt 0.488039 0.572268
vt 0.493855 0.571777
vt 0.491975 0.572130
vt 0.490021 0.572201
vt 0.491921 0.571885
vt 0.490108 0.571920
vt 0.488212 0.571794
vt 0.493707 0.571347
vt 0.491845 0.571659
vt 0.490221 0.571665
vt 0.491742 0.571462
vt 0.490362 0.571445
vt 0.488428 0.571355
vt 0.493514 0.570954
vt 0.491609 0.571299
vt 0.490536 0.571271
vt 0.491443 0.571179
vt 0.490746 0.571152
vt 0.491240 0.571110
vt 0.488685 0.570955
vt 0.493279 0.570604
vt 0.490995 0.571097
vt 0.488983 0.570598
vt 0.493002 0.570301
vt 0.489321 0.570291
vt 0.492685 0.570048
vt 0.489696 0.570036
vt 0.492329 0.569851
vt 0.490109 0.569839
vt 0.491936 0.569714
vt 0.490558 0.569704
vt 0.491506 0.569641
vt 0.491042 0.569637
vt 0.476422 0.578955
vt 0.476979 0.578908
vt 0.476789 0.578931
vt 0.477177 0.578876
vt 0.476053 0.578957
vt 0.477381 0.578835
vt 0.477587 0.578785
vt 0.475686 0.578931
vt 0.477794 0.578724
vt 0.475327 0.578876
vt 0.478000 0.578653
vt 0.478202 0.578571
vt 0.474982 0.578789
vt 0.478400 0.578478
vt 0.478590 0.578374
vt 0.474655 0.578666
vt 0.478770 0.578259
vt 0.474351 0.578505
vt 0.478940 0.578131
vt 0.479095 0.577991
vt 0.474077 0.578302
vt 0.479267 0.577807
vt 0.473837 0.578055
vt 0.479408 0.577618
vt 0.479522 0.577423
vt 0.473637 0.577761
vt 0.479612 0.577224
vt 0.476617 0.577411
vt 0.476697 0.577401
vt 0.479681 0.577019
vt 0.473483 0.577416
vt 0.476473 0.577418
vt 0.476778 0.577387
vt 0.476332 0.577413
vt 0.476859 0.577367
vt 0.476940 0.577343
vt 0.476197 0.577396
vt 0.477019 0.577313
vt 0.476067 0.577366
vt 0.477097 0.577279
vt 0.477173 0.577239
vt 0.475945 0.577323
vt 0.479732 0.576809
vt 0.477245 0.577193
vt 0.475832 0.577267
vt 0.477313 0.577142
vt 0.477376 0.577085
vt 0.475729 0.577198
vt 0.477434 0.577023
vt 0.473379 0.577019
vt 0.475637 0.577116
vt 0.477486 0.576955
vt 0.479767 0.576594
vt 0.477536 0.576874
vt 0.475556 0.577020
vt 0.477578 0.576790
vt 0.475490 0.576910
vt 0.479791 0.576375
vt 0.477611 0.576703
vt 0.475437 0.576786
vt 0.477637 0.576614
vt 0.473375 0.576975
vt 0.477657 0.576524
vt 0.473377 0.576934
vt 0.475401 0.576648
vt 0.479806 0.576152
vt 0.473386 0.576897
vt 0.477672 0.576433
vt 0.473399 0.576862
vt 0.473418 0.576830
vt 0.473440 0.576801
vt 0.475394 0.576616
vt 0.477682 0.576340
vt 0.473466 0.576775
vt 0.475383 0.576584
vt 0.473494 0.576752
vt 0.473525 0.576732
vt 0.475370 0.576554
vt 0.473556 0.576715
vt 0.473589 0.576701
vt 0.475354 0.576526
vt 0.477689 0.576248
vt 0.473621 0.576690
vt 0.479815 0.575924
vt 0.473651 0.576684
vt 0.473734 0.576669
vt 0.473859 0.576645
vt 0.475336 0.576499
vt 0.474016 0.576615
vt 0.474194 0.576582
vt 0.475314 0.576475
vt 0.474383 0.576547
vt 0.475291 0.576454
vt 0.474571 0.576511
vt 0.477693 0.576156
vt 0.475265 0.576436
vt 0.474748 0.576478
vt 0.475236 0.576421
vt 0.474904 0.576449
vt 0.475206 0.576411
vt 0.475028 0.576425
vt 0.475174 0.576405
vt 0.475110 0.576410
vt 0.475140 0.576404
vt 0.477695 0.576066
vt 0.479820 0.575692
vt 0.477697 0.575976
vt 0.477699 0.575889
vt 0.477699 0.575885
vt 0.477700 0.575875
vt 0.479826 0.575457
vt 0.477700 0.575860
vt 0.477701 0.575840
vt 0.477701 0.575819
vt 0.477702 0.575795
vt 0.477702 0.575772
vt 0.477703 0.575750
vt 0.477704 0.575731
vt 0.477704 0.575715
vt 0.477704 0.575705
vt 0.477704 0.575702
vt 0.477479 0.575697
vt 0.477244 0.575695
vt 0.477001 0.575692
vt 0.479827 0.575413
vt 0.476753 0.575687
vt 0.476501 0.575680
vt 0.479831 0.575291
vt 0.476248 0.575668
vt 0.475996 0.575651
vt 0.475747 0.575628
vt 0.479836 0.575107
vt 0.475503 0.575597
vt 0.475266 0.575556
vt 0.475039 0.575504
vt 0.479843 0.574876
vt 0.474823 0.575441
vt 0.474589 0.575353
vt 0.474367 0.575247
vt 0.479850 0.574614
vt 0.474161 0.575122
vt 0.473971 0.574979
vt 0.479858 0.574336
vt 0.473799 0.574817
vt 0.477736 0.574539
vt 0.477460 0.574556
vt 0.477745 0.574225
vt 0.477186 0.574562
vt 0.476917 0.574551
vt 0.479866 0.574058
vt 0.473646 0.574637
vt 0.476658 0.574523
vt 0.476415 0.574472
vt 0.476190 0.574397
vt 0.473514 0.574438
vt 0.475988 0.574294
vt 0.479873 0.573796
vt 0.477749 0.574085
vt 0.475815 0.574160
vt 0.473405 0.574221
vt 0.477752 0.573950
vt 0.475674 0.573992
vt 0.479880 0.573565
vt 0.477754 0.573817
vt 0.473318 0.573986
vt 0.475570 0.573786
vt 0.477753 0.573687
vt 0.479885 0.573381
vt 0.477747 0.573559
vt 0.473257 0.573731
vt 0.475508 0.573540
vt 0.477737 0.573434
vt 0.479888 0.573259
vt 0.477720 0.573310
vt 0.479890 0.573215
vt 0.473223 0.573459
vt 0.479900 0.573053
vt 0.475492 0.573251
vt 0.477696 0.573188
vt 0.479921 0.572905
vt 0.477663 0.573067
vt 0.473216 0.573168
vt 0.475503 0.573097
vt 0.479952 0.572769
vt 0.477621 0.572947
vt 0.477568 0.572827
vt 0.479991 0.572643
vt 0.475529 0.572951
vt 0.473247 0.572799
vt 0.477502 0.572707
vt 0.480038 0.572527
vt 0.475567 0.572814
vt 0.480092 0.572417
vt 0.477441 0.572612
vt 0.475619 0.572686
vt 0.480150 0.572314
vt 0.477375 0.572525
vt 0.475683 0.572570
vt 0.477303 0.572446
vt 0.480214 0.572216
vt 0.473317 0.572459
vt 0.475760 0.572465
vt 0.477225 0.572375
vt 0.480281 0.572121
vt 0.477143 0.572311
vt 0.475849 0.572372
vt 0.480350 0.572027
vt 0.477056 0.572256
vt 0.475950 0.572293
vt 0.480421 0.571933
vt 0.476966 0.572210
vt 0.476061 0.572227
vt 0.476871 0.572173
vt 0.473425 0.572148
vt 0.480491 0.571839
vt 0.476773 0.572145
vt 0.476184 0.572177
vt 0.476671 0.572128
vt 0.476316 0.572141
vt 0.476566 0.572120
vt 0.476459 0.572122
vt 0.480515 0.571804
vt 0.480535 0.571769
vt 0.480552 0.571734
vt 0.480564 0.571699
vt 0.480573 0.571664
vt 0.480577 0.571630
vt 0.473566 0.571866
vt 0.480577 0.571597
vt 0.480572 0.571565
vt 0.480561 0.571534
vt 0.480546 0.571506
vt 0.480525 0.571480
vt 0.478119 0.571598
vt 0.480498 0.571457
vt 0.480419 0.571397
vt 0.477920 0.571420
vt 0.478187 0.571501
vt 0.480332 0.571330
vt 0.473740 0.571615
vt 0.478250 0.571412
vt 0.480239 0.571258
vt 0.478309 0.571329
vt 0.477728 0.571265
vt 0.480140 0.571182
vt 0.478366 0.571249
vt 0.480039 0.571103
vt 0.473942 0.571394
vt 0.478423 0.571172
vt 0.477540 0.571130
vt 0.479936 0.571022
vt 0.478483 0.571096
vt 0.479833 0.570941
vt 0.478548 0.571020
vt 0.474171 0.571203
vt 0.477354 0.571016
vt 0.479731 0.570861
vt 0.478619 0.570941
vt 0.478700 0.570858
vt 0.479633 0.570783
vt 0.477167 0.570920
vt 0.474424 0.571043
vt 0.478791 0.570770
vt 0.479540 0.570709
vt 0.476976 0.570843
vt 0.478896 0.570675
vt 0.479454 0.570641
vt 0.474697 0.570913
vt 0.476780 0.570783
vt 0.479371 0.570582
vt 0.479371 0.570582
vt 0.479375 0.570579
vt 0.479376 0.570578
vt 0.479376 0.570578
vt 0.479016 0.570571
vt 0.476575 0.570739
vt 0.474989 0.570814
vt 0.479346 0.570564
vt 0.479372 0.570582
vt 0.479372 0.570581
vt 0.479372 0.570581
vt 0.479373 0.570581
vt 0.479373 0.570580
vt 0.479374 0.570579
vt 0.479374 0.570579
vt 0.479375 0.570578
vt 0.479319 0.570549
vt 0.476359 0.570711
vt 0.479045 0.570556
vt 0.479291 0.570538
vt 0.479075 0.570544
vt 0.479261 0.570530
vt 0.479106 0.570535
vt 0.475296 0.570746
vt 0.479231 0.570525
vt 0.479137 0.570528
vt 0.479200 0.570523
vt 0.479169 0.570524
vt 0.476129 0.570697
vt 0.475882 0.570697
vt 0.475617 0.570709
vt 0.454634 0.581084
vt 0.455287 0.581028
vt 0.455064 0.581054
vt 0.455519 0.580992
vt 0.454201 0.581088
vt 0.455757 0.580946
vt 0.455998 0.580889
vt 0.453771 0.581064
vt 0.456240 0.580821
vt 0.453349 0.581008
vt 0.456481 0.580743
vt 0.456717 0.580653
vt 0.452943 0.580917
vt 0.456947 0.580551
vt 0.457169 0.580437
vt 0.452557 0.580787
vt 0.457379 0.580310
vt 0.452199 0.580615
vt 0.457576 0.580171
vt 0.457757 0.580018
vt 0.451875 0.580398
vt 0.457955 0.579818
vt 0.451590 0.580132
vt 0.458119 0.579613
vt 0.458250 0.579401
vt 0.451352 0.579816
vt 0.458353 0.579185
vt 0.454847 0.579412
vt 0.454940 0.579401
vt 0.458432 0.578963
vt 0.451167 0.579444
vt 0.454677 0.579421
vt 0.455035 0.579385
vt 0.454512 0.579417
vt 0.455130 0.579363
vt 0.455224 0.579336
vt 0.454353 0.579399
vt 0.455317 0.579303
vt 0.454201 0.579368
vt 0.455408 0.579265
vt 0.455496 0.579221
vt 0.454058 0.579323
vt 0.458489 0.578736
vt 0.455580 0.579171
vt 0.453924 0.579263
vt 0.455659 0.579115
vt 0.455733 0.579054
vt 0.453802 0.579189
vt 0.455800 0.578986
vt 0.451041 0.579015
vt 0.453693 0.579101
vt 0.455860 0.578912
vt 0.458529 0.578503
vt 0.455918 0.578824
vt 0.453598 0.578997
vt 0.455966 0.578733
vt 0.453518 0.578879
vt 0.458554 0.578266
vt 0.456004 0.578639
vt 0.453456 0.578745
vt 0.456034 0.578542
vt 0.451035 0.578967
vt 0.456056 0.578444
vt 0.451038 0.578923
vt 0.453412 0.578596
vt 0.458569 0.578025
vt 0.451047 0.578882
vt 0.456072 0.578345
vt 0.451063 0.578844
vt 0.451084 0.578809
vt 0.451110 0.578778
vt 0.453403 0.578562
vt 0.456083 0.578246
vt 0.451140 0.578749
vt 0.453390 0.578528
vt 0.451173 0.578724
vt 0.451209 0.578703
vt 0.453375 0.578495
vt 0.451246 0.578684
vt 0.451284 0.578668
vt 0.453355 0.578465
vt 0.456090 0.578146
vt 0.451322 0.578656
vt 0.458577 0.577779
vt 0.451357 0.578650
vt 0.451454 0.578632
vt 0.451601 0.578606
vt 0.453333 0.578436
vt 0.451785 0.578572
vt 0.451994 0.578535
vt 0.453308 0.578410
vt 0.452215 0.578495
vt 0.453280 0.578387
vt 0.452435 0.578455
vt 0.456094 0.578047
vt 0.453249 0.578368
vt 0.452643 0.578418
vt 0.453216 0.578353
vt 0.452826 0.578385
vt 0.453180 0.578342
vt 0.452971 0.578358
vt 0.453142 0.578336
vt 0.453068 0.578341
vt 0.453102 0.578335
vt 0.456096 0.577949
vt 0.458581 0.577528
vt 0.456098 0.577852
vt 0.456099 0.577758
vt 0.456099 0.577754
vt 0.456099 0.577743
vt 0.458586 0.577274
vt 0.456100 0.577726
vt 0.456100 0.577705
vt 0.456100 0.577681
vt 0.456101 0.577656
vt 0.456101 0.577631
vt 0.456102 0.577607
vt 0.456102 0.577586
vt 0.456103 0.577570
vt 0.456103 0.577559
vt 0.456103 0.577555
vt 0.455839 0.577552
vt 0.455563 0.577551
vt 0.455278 0.577549
vt 0.458587 0.577226
vt 0.454987 0.577546
vt 0.454692 0.577540
vt 0.458589 0.577095
vt 0.454395 0.577530
vt 0.454099 0.577514
vt 0.453806 0.577490
vt 0.458593 0.576896
vt 0.453520 0.577458
vt 0.453241 0.577416
vt 0.452974 0.577362
vt 0.458599 0.576646
vt 0.452720 0.577295
vt 0.452444 0.577202
vt 0.452183 0.577088
vt 0.458605 0.576363
vt 0.451939 0.576955
vt 0.451715 0.576801
vt 0.458611 0.576063
vt 0.451511 0.576627
vt 0.456128 0.576298
vt 0.455805 0.576318
vt 0.456135 0.575958
vt 0.455483 0.576326
vt 0.455168 0.576317
vt 0.458617 0.575763
vt 0.451329 0.576433
vt 0.454864 0.576288
vt 0.454578 0.576235
vt 0.454313 0.576155
vt 0.451172 0.576219
vt 0.454075 0.576045
vt 0.458623 0.575479
vt 0.456138 0.575807
vt 0.453871 0.575901
vt 0.451041 0.575985
vt 0.456141 0.575660
vt 0.453704 0.575720
vt 0.458628 0.575229
vt 0.456141 0.575516
vt 0.450937 0.575730
vt 0.453580 0.575499
vt 0.456138 0.575376
vt 0.458633 0.575030
vt 0.456131 0.575238
vt 0.450862 0.575456
vt 0.453504 0.575233
vt 0.456117 0.575102
vt 0.458635 0.574898
vt 0.456096 0.574969
vt 0.458636 0.574850
vt 0.450819 0.575161
vt 0.458647 0.574676
vt 0.453482 0.574920
vt 0.456067 0.574837
vt 0.458670 0.574516
vt 0.456027 0.574706
vt 0.450808 0.574846
vt 0.453494 0.574753
vt 0.458705 0.574368
vt 0.455976 0.574576
vt 0.455912 0.574447
vt 0.458749 0.574232
vt 0.453522 0.574595
vt 0.450840 0.574446
vt 0.455834 0.574317
vt 0.458803 0.574106
vt 0.453565 0.574446
vt 0.458864 0.573988
vt 0.455762 0.574216
vt 0.453625 0.574308
vt 0.458932 0.573876
vt 0.455683 0.574122
vt 0.453699 0.574182
vt 0.455597 0.574037
vt 0.459005 0.573769
vt 0.450919 0.574077
vt 0.453788 0.574068
vt 0.455506 0.573960
vt 0.459082 0.573666
vt 0.455409 0.573892
vt 0.453892 0.573967
vt 0.459162 0.573564
vt 0.455307 0.573833
vt 0.454009 0.573880
vt 0.459244 0.573462
vt 0.455200 0.573784
vt 0.454139 0.573808
vt 0.455088 0.573744
vt 0.451042 0.573739
vt 0.459326 0.573359
vt 0.454973 0.573715
vt 0.454282 0.573753
vt 0.454853 0.573696
vt 0.454438 0.573714
vt 0.454731 0.573689
vt 0.454605 0.573692
vt 0.459353 0.573322
vt 0.459377 0.573284
vt 0.459395 0.573246
vt 0.459410 0.573208
vt 0.459420 0.573170
vt 0.459424 0.573133
vt 0.451205 0.573434
vt 0.459423 0.573097
vt 0.459417 0.573063
vt 0.459405 0.573030
vt 0.459387 0.573000
vt 0.459362 0.572972
vt 0.456545 0.573114
vt 0.459330 0.572946
vt 0.459237 0.572882
vt 0.456311 0.572923
vt 0.456625 0.573009
vt 0.459135 0.572811
vt 0.451406 0.573160
vt 0.456697 0.572913
vt 0.459024 0.572734
vt 0.456765 0.572822
vt 0.456084 0.572756
vt 0.458908 0.572652
vt 0.456831 0.572736
vt 0.458789 0.572567
vt 0.451642 0.572920
vt 0.456897 0.572652
vt 0.455862 0.572612
vt 0.458667 0.572481
vt 0.456967 0.572570
vt 0.458546 0.572394
vt 0.457042 0.572486
vt 0.451909 0.572712
vt 0.455643 0.572489
vt 0.458426 0.572308
vt 0.457125 0.572400
vt 0.457218 0.572310
vt 0.458311 0.572224
vt 0.455422 0.572387
vt 0.452204 0.572536
vt 0.457324 0.572215
vt 0.458201 0.572145
vt 0.455198 0.572305
vt 0.457446 0.572111
vt 0.458099 0.572071
vt 0.452524 0.572394
vt 0.454967 0.572241
vt 0.458002 0.572008
vt 0.458002 0.572008
vt 0.458002 0.572008
vt 0.458003 0.572007
vt 0.458007 0.572004
vt 0.457585 0.571999
vt 0.454726 0.572195
vt 0.452865 0.572286
vt 0.457972 0.571989
vt 0.458002 0.572008
vt 0.458004 0.572006
vt 0.458004 0.572006
vt 0.458005 0.572005
vt 0.458005 0.572005
vt 0.458006 0.572004
vt 0.458006 0.572004
vt 0.458007 0.572004
vt 0.457940 0.571973
vt 0.454472 0.572166
vt 0.457619 0.571982
vt 0.457907 0.571961
vt 0.457654 0.571969
vt 0.457872 0.571953
vt 0.457690 0.571959
vt 0.453226 0.572210
vt 0.457837 0.571947
vt 0.457727 0.571951
vt 0.457800 0.571945
vt 0.457764 0.571947
vt 0.454202 0.572152
vt 0.453913 0.572153
vt 0.453601 0.572168
vt 0.496003 0.576294
vt 0.496216 0.576283
vt 0.496360 0.576265
vt 0.496502 0.576238
vt 0.495805 0.576286
vt 0.496643 0.576201
vt 0.495621 0.576257
vt 0.496781 0.576154
vt 0.496916 0.576096
vt 0.495452 0.576208
vt 0.497048 0.576027
vt 0.492958 0.576446
vt 0.492991 0.576445
vt 0.493015 0.576443
vt 0.493081 0.576437
vt 0.493181 0.576427
vt 0.493306 0.576415
vt 0.493449 0.576402
vt 0.493599 0.576388
vt 0.493749 0.576374
vt 0.493891 0.576360
vt 0.494016 0.576349
vt 0.494115 0.576339
vt 0.494181 0.576333
vt 0.494205 0.576331
vt 0.494233 0.576325
vt 0.492926 0.576443
vt 0.494260 0.576317
vt 0.495296 0.576138
vt 0.492897 0.576437
vt 0.494286 0.576306
vt 0.492869 0.576427
vt 0.494311 0.576293
vt 0.494334 0.576277
vt 0.492843 0.576414
vt 0.497176 0.575946
vt 0.494356 0.576260
vt 0.492820 0.576397
vt 0.494376 0.576240
vt 0.492799 0.576378
vt 0.494394 0.576219
vt 0.492781 0.576356
vt 0.495152 0.576049
vt 0.494410 0.576196
vt 0.497299 0.575854
vt 0.492767 0.576332
vt 0.494424 0.576172
vt 0.492755 0.576305
vt 0.494435 0.576146
vt 0.492748 0.576276
vt 0.494444 0.576119
vt 0.497417 0.575749
vt 0.494444 0.576099
vt 0.492744 0.576246
vt 0.495019 0.575939
vt 0.494446 0.576042
vt 0.492748 0.576112
vt 0.494449 0.575957
vt 0.497528 0.575630
vt 0.494897 0.575808
vt 0.494453 0.575850
vt 0.492761 0.575740
vt 0.497633 0.575499
vt 0.494457 0.575729
vt 0.494786 0.575657
vt 0.497731 0.575353
vt 0.494461 0.575600
vt 0.494683 0.575485
vt 0.497812 0.575205
vt 0.494465 0.575472
vt 0.492779 0.575178
vt 0.497881 0.575045
vt 0.494589 0.575293
vt 0.494469 0.575350
vt 0.497938 0.574875
vt 0.494473 0.575243
vt 0.494502 0.575079
vt 0.494476 0.575158
vt 0.497986 0.574697
vt 0.494478 0.575101
vt 0.494478 0.575081
vt 0.492803 0.574473
vt 0.495462 0.574691
vt 0.495540 0.574689
vt 0.498025 0.574514
vt 0.498055 0.574327
vt 0.495744 0.574649
vt 0.495386 0.574685
vt 0.495312 0.574670
vt 0.495911 0.574573
vt 0.495241 0.574647
vt 0.495172 0.574617
vt 0.496047 0.574464
vt 0.495107 0.574579
vt 0.498079 0.574138
vt 0.495046 0.574534
vt 0.496154 0.574328
vt 0.494989 0.574481
vt 0.494936 0.574423
vt 0.496236 0.574169
vt 0.494889 0.574358
vt 0.498098 0.573949
vt 0.494846 0.574288
vt 0.492829 0.573672
vt 0.496297 0.573992
vt 0.494810 0.574212
vt 0.498111 0.573763
vt 0.494771 0.574111
vt 0.496340 0.573801
vt 0.494738 0.574011
vt 0.498121 0.573581
vt 0.494711 0.573909
vt 0.496368 0.573601
vt 0.494689 0.573807
vt 0.498128 0.573405
vt 0.494672 0.573703
vt 0.496386 0.573396
vt 0.494659 0.573599
vt 0.498134 0.573238
vt 0.494650 0.573493
vt 0.496396 0.573191
vt 0.498137 0.573155
vt 0.492857 0.572824
vt 0.494645 0.573386
vt 0.498145 0.572926
vt 0.494642 0.573278
vt 0.496401 0.572991
vt 0.494642 0.573168
vt 0.498157 0.572579
vt 0.494643 0.573056
vt 0.496407 0.572801
vt 0.494647 0.572942
vt 0.494649 0.572870
vt 0.496409 0.572728
vt 0.494656 0.572671
vt 0.496416 0.572529
vt 0.498172 0.572144
vt 0.492885 0.571975
vt 0.494666 0.572370
vt 0.496426 0.572227
vt 0.498189 0.571651
vt 0.494678 0.571993
vt 0.496439 0.571849
vt 0.494693 0.571564
vt 0.496454 0.571420
vt 0.498208 0.571128
vt 0.492912 0.571173
vt 0.494708 0.571110
vt 0.496469 0.570966
vt 0.498226 0.570605
vt 0.494723 0.570656
vt 0.496485 0.570511
vt 0.492935 0.570467
vt 0.498243 0.570111
vt 0.494737 0.570227
vt 0.496500 0.570082
vt 0.498258 0.569675
vt 0.492954 0.569902
vt 0.494750 0.569849
vt 0.496512 0.569703
vt 0.498270 0.569328
vt 0.494760 0.569548
vt 0.496523 0.569401
vt 0.492967 0.569529
vt 0.498278 0.569097
vt 0.494767 0.569348
vt 0.496530 0.569201
vt 0.492971 0.569394
vt 0.494769 0.569276
vt 0.498281 0.569014
vt 0.496532 0.569129
vt 0.492974 0.569361
vt 0.494768 0.569242
vt 0.496538 0.569100
vt 0.498277 0.568986
vt 0.492982 0.569330
vt 0.494762 0.569211
vt 0.496547 0.569073
vt 0.498269 0.568958
vt 0.492993 0.569299
vt 0.494752 0.569181
vt 0.496559 0.569047
vt 0.498257 0.568933
vt 0.493007 0.569271
vt 0.494738 0.569154
vt 0.496574 0.569022
vt 0.498243 0.568910
vt 0.493025 0.569244
vt 0.494720 0.569129
vt 0.496592 0.568999
vt 0.498226 0.568888
vt 0.493046 0.569219
vt 0.494699 0.569106
vt 0.496611 0.568978
vt 0.498206 0.568869
vt 0.493069 0.569197
vt 0.494676 0.569087
vt 0.496633 0.568958
vt 0.498183 0.568853
vt 0.493095 0.569177
vt 0.494649 0.569071
vt 0.496657 0.568942
vt 0.498159 0.568839
vt 0.493123 0.569160
vt 0.496683 0.568927
vt 0.494621 0.569059
vt 0.498133 0.568829
vt 0.493153 0.569147
vt 0.496709 0.568915
vt 0.494590 0.569050
vt 0.498105 0.568822
vt 0.493184 0.569136
vt 0.496738 0.568906
vt 0.494557 0.569046
vt 0.498075 0.568818
vt 0.493217 0.569130
vt 0.496767 0.568901
vt 0.494523 0.569046
vt 0.498044 0.568818
vt 0.496792 0.568899
vt 0.496862 0.568895
vt 0.496967 0.568888
vt 0.497099 0.568879
vt 0.497249 0.568870
vt 0.497407 0.568859
vt 0.497565 0.568849
vt 0.497714 0.568839
vt 0.497846 0.568831
vt 0.497950 0.568824
vt 0.498019 0.568820
vt 0.479735 0.577710
vt 0.479771 0.577709
vt 0.479866 0.577700
vt 0.480127 0.577675
vt 0.480519 0.577638
vt 0.481010 0.577592
vt 0.481565 0.577540
vt 0.482150 0.577485
vt 0.482732 0.577430
vt 0.483280 0.577378
vt 0.483760 0.577333
vt 0.484142 0.577297
vt 0.484395 0.577273
vt 0.484486 0.577265
vt 0.484522 0.577259
vt 0.479700 0.577707
vt 0.484557 0.577250
vt 0.479667 0.577700
vt 0.484591 0.577236
vt 0.479636 0.577689
vt 0.484622 0.577219
vt 0.479608 0.577674
vt 0.484651 0.577199
vt 0.479582 0.577655
vt 0.484677 0.577176
vt 0.479560 0.577633
vt 0.484700 0.577150
vt 0.479541 0.577607
vt 0.484720 0.577121
vt 0.479526 0.577578
vt 0.484736 0.577090
vt 0.479515 0.577546
vt 0.484749 0.577057
vt 0.479509 0.577511
vt 0.484757 0.577021
vt 0.479507 0.577474
vt 0.484760 0.576984
vt 0.479536 0.576444
vt 0.484761 0.576967
vt 0.484762 0.576920
vt 0.484764 0.576849
vt 0.484767 0.576760
vt 0.484770 0.576659
vt 0.484773 0.576552
vt 0.484777 0.576445
vt 0.484780 0.576344
vt 0.484782 0.576255
vt 0.484784 0.576184
vt 0.484786 0.576137
vt 0.484786 0.576120
vt 0.484785 0.576083
vt 0.484778 0.576045
vt 0.484766 0.576004
vt 0.484749 0.575962
vt 0.479540 0.576406
vt 0.484728 0.575917
vt 0.479548 0.576371
vt 0.484702 0.575869
vt 0.479561 0.576337
vt 0.479578 0.576305
vt 0.484672 0.575819
vt 0.479599 0.576276
vt 0.479623 0.576250
vt 0.484638 0.575765
vt 0.479650 0.576226
vt 0.479680 0.576206
vt 0.479712 0.576189
vt 0.482307 0.575942
vt 0.484599 0.575709
vt 0.479747 0.576176
vt 0.479784 0.576167
vt 0.479821 0.576161
vt 0.482253 0.575869
vt 0.484556 0.575648
vt 0.482105 0.575669
vt 0.484508 0.575584
vt 0.484457 0.575516
vt 0.484412 0.575454
vt 0.481882 0.575366
vt 0.484286 0.575283
vt 0.484097 0.575025
vt 0.481601 0.574985
vt 0.483859 0.574700
vt 0.481281 0.574551
vt 0.483588 0.574330
vt 0.480941 0.574090
vt 0.483301 0.573938
vt 0.483012 0.573544
vt 0.480601 0.573628
vt 0.482739 0.573172
vt 0.480278 0.573191
vt 0.482498 0.572843
vt 0.479993 0.572804
vt 0.482306 0.572580
vt 0.479765 0.572495
vt 0.482178 0.572406
vt 0.482132 0.572343
vt 0.482360 0.572328
vt 0.482589 0.572306
vt 0.482819 0.572277
vt 0.483049 0.572239
vt 0.479614 0.572290
vt 0.483279 0.572193
vt 0.483507 0.572138
vt 0.483733 0.572074
vt 0.483957 0.571999
vt 0.484178 0.571914
vt 0.479559 0.572216
vt 0.484395 0.571818
vt 0.479521 0.572154
vt 0.484608 0.571710
vt 0.479489 0.572091
vt 0.479463 0.572028
vt 0.484816 0.571590
vt 0.479443 0.571964
vt 0.484860 0.571560
vt 0.479427 0.571901
vt 0.484898 0.571530
vt 0.484932 0.571498
vt 0.479416 0.571839
vt 0.484961 0.571465
vt 0.484986 0.571431
vt 0.479408 0.571778
vt 0.485007 0.571396
vt 0.485025 0.571361
vt 0.479403 0.571719
vt 0.485040 0.571325
vt 0.485051 0.571288
vt 0.479401 0.571663
vt 0.485061 0.571252
vt 0.479400 0.571611
vt 0.485068 0.571215
vt 0.485073 0.571178
vt 0.479401 0.571562
vt 0.485074 0.571157
vt 0.479402 0.571517
vt 0.485076 0.571098
vt 0.479402 0.571497
vt 0.485078 0.571010
vt 0.479404 0.571440
vt 0.479406 0.571353
vt 0.485082 0.570898
vt 0.479409 0.571245
vt 0.485086 0.570772
vt 0.479413 0.571123
vt 0.485090 0.570638
vt 0.479416 0.570993
vt 0.485094 0.570504
vt 0.479420 0.570863
vt 0.482341 0.570631
vt 0.485097 0.570378
vt 0.479424 0.570740
vt 0.481907 0.570648
vt 0.482771 0.570581
vt 0.481472 0.570632
vt 0.483195 0.570500
vt 0.481039 0.570581
vt 0.485101 0.570267
vt 0.483610 0.570389
vt 0.479427 0.570632
vt 0.480611 0.570494
vt 0.484012 0.570250
vt 0.485103 0.570178
vt 0.479429 0.570546
vt 0.480191 0.570370
vt 0.485105 0.570119
vt 0.484401 0.570083
vt 0.479431 0.570489
vt 0.485106 0.570098
vt 0.479431 0.570468
vt 0.485104 0.570061
vt 0.479436 0.570430
vt 0.485095 0.570024
vt 0.479447 0.570391
vt 0.479781 0.570208
vt 0.484772 0.569889
vt 0.485081 0.569989
vt 0.479465 0.570353
vt 0.485061 0.569956
vt 0.479487 0.570317
vt 0.485036 0.569926
vt 0.479515 0.570283
vt 0.485007 0.569900
vt 0.479546 0.570253
vt 0.484974 0.569880
vt 0.479581 0.570227
vt 0.484938 0.569865
vt 0.484816 0.569869
vt 0.479618 0.570208
vt 0.479739 0.570194
vt 0.484900 0.569858
vt 0.484859 0.569859
vt 0.479657 0.570195
vt 0.479698 0.570190
vt 0.462872 0.579431
vt 0.463121 0.579417
vt 0.463372 0.579383
vt 0.467246 0.579017
vt 0.467481 0.579004
vt 0.467650 0.578983
vt 0.467820 0.578950
vt 0.462634 0.579425
vt 0.463607 0.579333
vt 0.467016 0.579011
vt 0.467991 0.578907
vt 0.462408 0.579399
vt 0.463828 0.579265
vt 0.466792 0.578985
vt 0.468160 0.578853
vt 0.462194 0.579352
vt 0.464035 0.579178
vt 0.466574 0.578939
vt 0.468328 0.578788
vt 0.468492 0.578711
vt 0.461993 0.579284
vt 0.464228 0.579074
vt 0.466366 0.578873
vt 0.458973 0.579643
vt 0.459017 0.579642
vt 0.459048 0.579639
vt 0.459135 0.579631
vt 0.459265 0.579618
vt 0.459428 0.579603
vt 0.459613 0.579586
vt 0.459809 0.579567
vt 0.460004 0.579549
vt 0.460188 0.579532
vt 0.460350 0.579516
vt 0.460479 0.579504
vt 0.460565 0.579496
vt 0.460596 0.579493
vt 0.460636 0.579486
vt 0.458930 0.579640
vt 0.460674 0.579474
vt 0.458890 0.579632
vt 0.460711 0.579459
vt 0.458852 0.579620
vt 0.460746 0.579441
vt 0.458817 0.579603
vt 0.460778 0.579419
vt 0.468652 0.578624
vt 0.458786 0.579583
vt 0.460807 0.579395
vt 0.461804 0.579194
vt 0.464410 0.578951
vt 0.466168 0.578787
vt 0.460833 0.579368
vt 0.458759 0.579558
vt 0.460856 0.579339
vt 0.458736 0.579531
vt 0.468806 0.578524
vt 0.460875 0.579308
vt 0.458718 0.579501
vt 0.460890 0.579275
vt 0.458705 0.579467
vt 0.461628 0.579084
vt 0.464580 0.578809
vt 0.465982 0.578679
vt 0.460900 0.579242
vt 0.468953 0.578414
vt 0.458697 0.579432
vt 0.460906 0.579207
vt 0.458695 0.579394
vt 0.460907 0.579187
vt 0.458698 0.579241
vt 0.460908 0.579132
vt 0.469093 0.578292
vt 0.461466 0.578951
vt 0.464739 0.578649
vt 0.465809 0.578550
vt 0.460910 0.579050
vt 0.460912 0.578946
vt 0.469223 0.578158
vt 0.458707 0.578819
vt 0.461317 0.578797
vt 0.464888 0.578469
vt 0.465651 0.578398
vt 0.460915 0.578828
vt 0.469342 0.578012
vt 0.461183 0.578619
vt 0.465028 0.578269
vt 0.465510 0.578225
vt 0.460917 0.578703
vt 0.469459 0.577839
vt 0.460920 0.578579
vt 0.461064 0.578420
vt 0.465387 0.578029
vt 0.465160 0.578049
vt 0.458720 0.578180
vt 0.469553 0.577657
vt 0.460923 0.578461
vt 0.460925 0.578357
vt 0.469628 0.577469
vt 0.460959 0.578197
vt 0.465284 0.577809
vt 0.460927 0.578274
vt 0.460928 0.578219
vt 0.469685 0.577274
vt 0.460928 0.578200
vt 0.469727 0.577074
vt 0.458737 0.577379
vt 0.461929 0.577602
vt 0.462202 0.577603
vt 0.466595 0.577200
vt 0.469756 0.576871
vt 0.462471 0.577554
vt 0.466497 0.577204
vt 0.466709 0.577187
vt 0.466819 0.577168
vt 0.466399 0.577198
vt 0.461703 0.577551
vt 0.462691 0.577463
vt 0.466923 0.577141
vt 0.466303 0.577183
vt 0.467022 0.577107
vt 0.466209 0.577158
vt 0.469774 0.576664
vt 0.467115 0.577064
vt 0.466118 0.577125
vt 0.461521 0.577456
vt 0.462865 0.577335
vt 0.467201 0.577013
vt 0.466031 0.577083
vt 0.467280 0.576951
vt 0.465949 0.577033
vt 0.461378 0.577323
vt 0.467352 0.576879
vt 0.463000 0.577176
vt 0.465872 0.576974
vt 0.467415 0.576795
vt 0.469785 0.576457
vt 0.465802 0.576908
vt 0.461269 0.577157
vt 0.467471 0.576699
vt 0.463101 0.576990
vt 0.465740 0.576834
vt 0.467518 0.576591
vt 0.465686 0.576752
vt 0.469791 0.576248
vt 0.458756 0.576470
vt 0.461191 0.576965
vt 0.463172 0.576784
vt 0.465641 0.576663
vt 0.467555 0.576469
vt 0.465606 0.576566
vt 0.467574 0.576382
vt 0.469793 0.576041
vt 0.461138 0.576751
vt 0.463220 0.576562
vt 0.465577 0.576459
vt 0.467590 0.576279
vt 0.465555 0.576343
vt 0.467602 0.576162
vt 0.469794 0.575836
vt 0.461106 0.576523
vt 0.463248 0.576329
vt 0.465539 0.576222
vt 0.467611 0.576035
vt 0.465527 0.576095
vt 0.467618 0.575902
vt 0.469798 0.575633
vt 0.461090 0.576285
vt 0.463263 0.576092
vt 0.465520 0.575966
vt 0.467623 0.575764
vt 0.469800 0.575541
vt 0.465516 0.575835
vt 0.467627 0.575627
vt 0.461086 0.576044
vt 0.458776 0.575506
vt 0.463268 0.575855
vt 0.469806 0.575284
vt 0.465515 0.575705
vt 0.467629 0.575493
vt 0.465516 0.575577
vt 0.461089 0.575806
vt 0.463270 0.575623
vt 0.467631 0.575365
vt 0.469816 0.574896
vt 0.465519 0.575452
vt 0.467632 0.575246
vt 0.465522 0.575333
vt 0.461094 0.575577
vt 0.463272 0.575402
vt 0.467633 0.575141
vt 0.465524 0.575221
vt 0.467634 0.575052
vt 0.469828 0.574409
vt 0.461096 0.575496
vt 0.463274 0.575322
vt 0.465526 0.575142
vt 0.467636 0.574974
vt 0.461101 0.575274
vt 0.465531 0.574923
vt 0.463279 0.575101
vt 0.467642 0.574756
vt 0.458797 0.574542
vt 0.461108 0.574937
vt 0.465539 0.574592
vt 0.463287 0.574768
vt 0.467649 0.574427
vt 0.469841 0.573857
vt 0.461117 0.574516
vt 0.465549 0.574177
vt 0.463297 0.574349
vt 0.467659 0.574015
vt 0.469855 0.573272
vt 0.461128 0.574037
vt 0.465560 0.573706
vt 0.463308 0.573874
vt 0.467671 0.573548
vt 0.458816 0.573631
vt 0.461139 0.573529
vt 0.465572 0.573206
vt 0.463319 0.573370
vt 0.467683 0.573052
vt 0.469870 0.572686
vt 0.461150 0.573022
vt 0.465583 0.572707
vt 0.463331 0.572867
vt 0.467695 0.572556
vt 0.458833 0.572827
vt 0.469883 0.572133
vt 0.461160 0.572543
vt 0.465594 0.572235
vt 0.463342 0.572391
vt 0.467706 0.572088
vt 0.469895 0.571646
vt 0.458846 0.572186
vt 0.461170 0.572120
vt 0.465604 0.571819
vt 0.463352 0.571972
vt 0.467716 0.571676
vt 0.469904 0.571257
vt 0.461177 0.571783
vt 0.465612 0.571487
vt 0.463360 0.571637
vt 0.467724 0.571346
vt 0.458855 0.571762
vt 0.469911 0.571000
vt 0.461182 0.571560
vt 0.465617 0.571268
vt 0.463365 0.571416
vt 0.467729 0.571128
vt 0.458858 0.571608
vt 0.469913 0.570906
vt 0.461184 0.571479
vt 0.465619 0.571188
vt 0.463367 0.571336
vt 0.467731 0.571050
vt 0.461181 0.571441
vt 0.463370 0.571299
vt 0.465617 0.571151
vt 0.467734 0.571014
vt 0.469911 0.570870
vt 0.458864 0.571574
vt 0.463379 0.571264
vt 0.467743 0.570979
vt 0.461174 0.571405
vt 0.465609 0.571115
vt 0.469904 0.570835
vt 0.458875 0.571540
vt 0.463392 0.571230
vt 0.467756 0.570946
vt 0.461161 0.571372
vt 0.465597 0.571082
vt 0.469892 0.570802
vt 0.458890 0.571509
vt 0.463410 0.571198
vt 0.467773 0.570914
vt 0.461143 0.571341
vt 0.465579 0.571052
vt 0.469875 0.570772
vt 0.458909 0.571478
vt 0.463431 0.571168
vt 0.467795 0.570884
vt 0.461120 0.571312
vt 0.465557 0.571024
vt 0.469854 0.570745
vt 0.458932 0.571450
vt 0.463457 0.571140
vt 0.467820 0.570857
vt 0.461093 0.571287
vt 0.465532 0.570999
vt 0.469829 0.570720
vt 0.458958 0.571424
vt 0.463486 0.571115
vt 0.467848 0.570832
vt 0.461063 0.571265
vt 0.465502 0.570978
vt 0.469800 0.570699
vt 0.458987 0.571401
vt 0.463518 0.571092
vt 0.467879 0.570810
vt 0.459019 0.571380
vt 0.461029 0.571248
vt 0.465469 0.570960
vt 0.469768 0.570682
vt 0.463553 0.571073
vt 0.467913 0.570791
vt 0.459054 0.571362
vt 0.460991 0.571234
vt 0.465433 0.570946
vt 0.469734 0.570668
vt 0.463590 0.571058
vt 0.467949 0.570776
vt 0.459090 0.571348
vt 0.460952 0.571224
vt 0.465395 0.570937
vt 0.469696 0.570659
vt 0.463629 0.571046
vt 0.467987 0.570765
vt 0.459129 0.571337
vt 0.460909 0.571220
vt 0.465354 0.570932
vt 0.469657 0.570654
vt 0.463671 0.571039
vt 0.468026 0.570757
vt 0.459169 0.571329
vt 0.460865 0.571220
vt 0.465311 0.570933
vt 0.469615 0.570655
vt 0.463703 0.571037
vt 0.463793 0.571031
vt 0.463928 0.571022
vt 0.464098 0.571011
vt 0.464290 0.570999
vt 0.464493 0.570985
vt 0.464696 0.570972
vt 0.464887 0.570960
vt 0.465056 0.570949
vt 0.465190 0.570940
vt 0.465279 0.570935
vt 0.468057 0.570755
vt 0.468144 0.570750
vt 0.468276 0.570741
vt 0.468440 0.570731
vt 0.468626 0.570719
vt 0.468823 0.570706
vt 0.469020 0.570693
vt 0.469205 0.570681
vt 0.469368 0.570671
vt 0.469498 0.570662
vt 0.469584 0.570657
vt 0.488190 0.577009
vt 0.488665 0.576998
vt 0.489151 0.576917
vt 0.487754 0.576950
vt 0.489599 0.576773
vt 0.487356 0.576825
vt 0.490007 0.576570
vt 0.486998 0.576638
vt 0.490377 0.576313
vt 0.486681 0.576394
vt 0.490706 0.576007
vt 0.486406 0.576095
vt 0.490996 0.575655
vt 0.486173 0.575746
vt 0.488721 0.575579
vt 0.491246 0.575262
vt 0.488490 0.575572
vt 0.488827 0.575566
vt 0.488927 0.575544
vt 0.489022 0.575515
vt 0.488296 0.575512
vt 0.489112 0.575478
vt 0.485984 0.575351
vt 0.489196 0.575431
vt 0.491454 0.574833
vt 0.488136 0.575405
vt 0.489275 0.575375
vt 0.489349 0.575310
vt 0.489416 0.575235
vt 0.488008 0.575258
vt 0.489478 0.575150
vt 0.489535 0.575055
vt 0.487907 0.575078
vt 0.489586 0.574948
vt 0.485839 0.574914
vt 0.491621 0.574371
vt 0.489630 0.574830
vt 0.487832 0.574871
vt 0.489676 0.574685
vt 0.487778 0.574645
vt 0.489716 0.574535
vt 0.485739 0.574441
vt 0.489751 0.574382
vt 0.491747 0.573881
vt 0.487742 0.574405
vt 0.489780 0.574225
vt 0.487721 0.574160
vt 0.489805 0.574067
vt 0.485686 0.573934
vt 0.489826 0.573908
vt 0.491829 0.573367
vt 0.487713 0.573915
vt 0.489844 0.573748
vt 0.489858 0.573589
vt 0.487713 0.573678
vt 0.485679 0.573398
vt 0.489869 0.573431
vt 0.491869 0.572833
vt 0.487718 0.573456
vt 0.489878 0.573276
vt 0.487725 0.573224
vt 0.489885 0.573123
vt 0.489891 0.572974
vt 0.485718 0.572861
vt 0.487737 0.572960
vt 0.491861 0.572320
vt 0.489896 0.572742
vt 0.487757 0.572676
vt 0.489897 0.572492
vt 0.485802 0.572343
vt 0.487787 0.572379
vt 0.489890 0.572234
vt 0.491805 0.571833
vt 0.489871 0.571974
vt 0.487833 0.572079
vt 0.485930 0.571848
vt 0.491703 0.571375
vt 0.489836 0.571719
vt 0.487897 0.571786
vt 0.489783 0.571478
vt 0.487983 0.571509
vt 0.486102 0.571383
vt 0.491555 0.570951
vt 0.489707 0.571256
vt 0.488095 0.571258
vt 0.489605 0.571061
vt 0.488235 0.571043
vt 0.486315 0.570951
vt 0.491363 0.570564
vt 0.489473 0.570901
vt 0.488407 0.570872
vt 0.489308 0.570783
vt 0.488616 0.570755
vt 0.489106 0.570714
vt 0.486570 0.570557
vt 0.491129 0.570219
vt 0.488863 0.570701
vt 0.486866 0.570207
vt 0.490854 0.569920
vt 0.487200 0.569904
vt 0.490539 0.569671
vt 0.487573 0.569654
vt 0.490186 0.569477
vt 0.487982 0.569461
vt 0.489795 0.569341
vt 0.488428 0.569329
vt 0.489369 0.569268
vt 0.488908 0.569263
vt 0.474418 0.578406
vt 0.474781 0.578383
vt 0.474970 0.578361
vt 0.475166 0.578330
vt 0.474052 0.578407
vt 0.475367 0.578290
vt 0.475572 0.578241
vt 0.473689 0.578381
vt 0.475777 0.578181
vt 0.473333 0.578326
vt 0.475981 0.578112
vt 0.476182 0.578032
vt 0.472991 0.578240
vt 0.476377 0.577941
vt 0.476565 0.577839
vt 0.472666 0.578118
vt 0.476744 0.577726
vt 0.472366 0.577959
vt 0.476912 0.577600
vt 0.477066 0.577463
vt 0.472094 0.577759
vt 0.477236 0.577283
vt 0.471856 0.577516
vt 0.477376 0.577097
vt 0.477488 0.576906
vt 0.471658 0.577226
vt 0.477577 0.576709
vt 0.474610 0.576888
vt 0.474689 0.576878
vt 0.477645 0.576508
vt 0.471504 0.576887
vt 0.474467 0.576895
vt 0.474769 0.576864
vt 0.474327 0.576890
vt 0.474849 0.576845
vt 0.474929 0.576821
vt 0.474193 0.576872
vt 0.475008 0.576793
vt 0.474065 0.576842
vt 0.475085 0.576758
vt 0.475160 0.576719
vt 0.473944 0.576800
vt 0.477696 0.576302
vt 0.475231 0.576675
vt 0.473832 0.576745
vt 0.475299 0.576625
vt 0.475361 0.576569
vt 0.473729 0.576677
vt 0.475419 0.576508
vt 0.471401 0.576496
vt 0.473638 0.576595
vt 0.475470 0.576441
vt 0.477731 0.576091
vt 0.475520 0.576362
vt 0.473558 0.576501
vt 0.475561 0.576279
vt 0.473492 0.576392
vt 0.477754 0.575875
vt 0.475594 0.576194
vt 0.473440 0.576271
vt 0.475619 0.576106
vt 0.471397 0.576453
vt 0.475639 0.576017
vt 0.471399 0.576413
vt 0.473404 0.576135
vt 0.477769 0.575655
vt 0.471408 0.576375
vt 0.475654 0.575927
vt 0.471421 0.576341
vt 0.471440 0.576310
vt 0.471462 0.576281
vt 0.473397 0.576103
vt 0.475664 0.575837
vt 0.471487 0.576256
vt 0.473387 0.576072
vt 0.471515 0.576234
vt 0.471545 0.576214
vt 0.473373 0.576043
vt 0.471577 0.576197
vt 0.471609 0.576183
vt 0.473358 0.576015
vt 0.475670 0.575746
vt 0.471641 0.576173
vt 0.477777 0.575431
vt 0.471671 0.576167
vt 0.471753 0.576152
vt 0.471877 0.576129
vt 0.473339 0.575989
vt 0.472032 0.576100
vt 0.472209 0.576068
vt 0.473318 0.575965
vt 0.472395 0.576033
vt 0.473294 0.575944
vt 0.472581 0.575999
vt 0.475674 0.575656
vt 0.473269 0.575926
vt 0.472757 0.575966
vt 0.473241 0.575912
vt 0.472911 0.575938
vt 0.473211 0.575902
vt 0.473034 0.575915
vt 0.473179 0.575896
vt 0.473116 0.575900
vt 0.473145 0.575895
vt 0.475677 0.575567
vt 0.477783 0.575203
vt 0.475679 0.575479
vt 0.475680 0.575393
vt 0.475681 0.575389
vt 0.475681 0.575379
vt 0.477788 0.574972
vt 0.475681 0.575364
vt 0.475682 0.575345
vt 0.475682 0.575324
vt 0.475683 0.575301
vt 0.475684 0.575278
vt 0.475684 0.575256
vt 0.475685 0.575237
vt 0.475685 0.575222
vt 0.475685 0.575212
vt 0.475685 0.575209
vt 0.475462 0.575204
vt 0.475229 0.575201
vt 0.474988 0.575197
vt 0.477789 0.574929
vt 0.474742 0.575192
vt 0.474493 0.575185
vt 0.477793 0.574809
vt 0.474242 0.575173
vt 0.473993 0.575156
vt 0.473746 0.575133
vt 0.477798 0.574628
vt 0.473504 0.575101
vt 0.473269 0.575061
vt 0.473044 0.575010
vt 0.477804 0.574400
vt 0.472831 0.574947
vt 0.472598 0.574860
vt 0.472379 0.574755
vt 0.477811 0.574143
vt 0.472174 0.574632
vt 0.471986 0.574491
vt 0.477818 0.573869
vt 0.471816 0.574332
vt 0.475716 0.574065
vt 0.475443 0.574082
vt 0.475724 0.573756
vt 0.475171 0.574086
vt 0.474904 0.574076
vt 0.477826 0.573596
vt 0.471664 0.574154
vt 0.474648 0.574047
vt 0.474406 0.573997
vt 0.474183 0.573923
vt 0.471533 0.573959
vt 0.473984 0.573821
vt 0.477833 0.573338
vt 0.475728 0.573619
vt 0.473812 0.573689
vt 0.471424 0.573745
vt 0.475731 0.573485
vt 0.473672 0.573523
vt 0.477839 0.573111
vt 0.475733 0.573355
vt 0.471339 0.573513
vt 0.473569 0.573321
vt 0.475732 0.573227
vt 0.477844 0.572930
vt 0.475726 0.573102
vt 0.471278 0.573263
vt 0.473507 0.573079
vt 0.475716 0.572978
vt 0.477848 0.572810
vt 0.475699 0.572857
vt 0.477849 0.572766
vt 0.471244 0.572995
vt 0.477859 0.572607
vt 0.473491 0.572794
vt 0.475675 0.572737
vt 0.477880 0.572462
vt 0.475642 0.572617
vt 0.471237 0.572709
vt 0.473502 0.572643
vt 0.477910 0.572328
vt 0.475600 0.572499
vt 0.475547 0.572381
vt 0.477949 0.572204
vt 0.473527 0.572499
vt 0.471267 0.572346
vt 0.475482 0.572263
vt 0.477996 0.572090
vt 0.473565 0.572365
vt 0.478048 0.571982
vt 0.475422 0.572170
vt 0.473616 0.572240
vt 0.478107 0.571881
vt 0.475356 0.572084
vt 0.473680 0.572125
vt 0.475284 0.572006
vt 0.478169 0.571784
vt 0.471336 0.572012
vt 0.473756 0.572022
vt 0.475208 0.571935
vt 0.478236 0.571691
vt 0.475126 0.571873
vt 0.473844 0.571931
vt 0.478304 0.571599
vt 0.475040 0.571819
vt 0.473944 0.571853
vt 0.478374 0.571507
vt 0.474950 0.571773
vt 0.474054 0.571789
vt 0.474856 0.571737
vt 0.471442 0.571706
vt 0.478444 0.571414
vt 0.474759 0.571709
vt 0.474175 0.571739
vt 0.474658 0.571692
vt 0.474307 0.571705
vt 0.474555 0.571684
vt 0.474449 0.571686
vt 0.478468 0.571380
vt 0.478487 0.571345
vt 0.478504 0.571311
vt 0.478516 0.571276
vt 0.478525 0.571242
vt 0.478529 0.571208
vt 0.471582 0.571430
vt 0.478529 0.571176
vt 0.478523 0.571144
vt 0.478513 0.571115
vt 0.478498 0.571087
vt 0.478477 0.571061
vt 0.476093 0.571173
vt 0.478451 0.571038
vt 0.478372 0.570979
vt 0.475895 0.570998
vt 0.476160 0.571078
vt 0.478286 0.570913
vt 0.471754 0.571183
vt 0.476222 0.570991
vt 0.478193 0.570843
vt 0.476280 0.570909
vt 0.475705 0.570845
vt 0.478096 0.570767
vt 0.476337 0.570831
vt 0.477995 0.570689
vt 0.471954 0.570966
vt 0.476394 0.570755
vt 0.475519 0.570712
vt 0.477893 0.570610
vt 0.476453 0.570680
vt 0.477790 0.570530
vt 0.476517 0.570605
vt 0.472181 0.570778
vt 0.475334 0.570599
vt 0.477690 0.570451
vt 0.476588 0.570527
vt 0.476667 0.570446
vt 0.477593 0.570374
vt 0.475149 0.570505
vt 0.472431 0.570621
vt 0.476758 0.570360
vt 0.477500 0.570302
vt 0.474960 0.570429
vt 0.476862 0.570266
vt 0.477415 0.570234
vt 0.472702 0.570494
vt 0.474765 0.570369
vt 0.477333 0.570176
vt 0.477333 0.570176
vt 0.477336 0.570172
vt 0.477337 0.570172
vt 0.477337 0.570172
vt 0.476980 0.570165
vt 0.474562 0.570326
vt 0.472991 0.570398
vt 0.477308 0.570158
vt 0.477333 0.570176
vt 0.477333 0.570175
vt 0.477334 0.570175
vt 0.477334 0.570174
vt 0.477335 0.570174
vt 0.477335 0.570173
vt 0.477336 0.570173
vt 0.477337 0.570172
vt 0.477281 0.570144
vt 0.474348 0.570298
vt 0.477009 0.570150
vt 0.477253 0.570133
vt 0.477039 0.570138
vt 0.477224 0.570125
vt 0.477070 0.570129
vt 0.473295 0.570331
vt 0.477194 0.570120
vt 0.477101 0.570122
vt 0.477163 0.570118
vt 0.477132 0.570119
vt 0.474120 0.570284
vt 0.473876 0.570283
vt 0.473613 0.570295
vt 0.452861 0.580452
vt 0.453286 0.580423
vt 0.453506 0.580398
vt 0.453735 0.580363
vt 0.452433 0.580455
vt 0.453970 0.580319
vt 0.454209 0.580263
vt 0.452008 0.580431
vt 0.454448 0.580198
vt 0.451591 0.580375
vt 0.454685 0.580121
vt 0.454919 0.580033
vt 0.451190 0.580284
vt 0.455147 0.579933
vt 0.455366 0.579822
vt 0.450809 0.580155
vt 0.455573 0.579698
vt 0.450455 0.579986
vt 0.455768 0.579561
vt 0.455946 0.579412
vt 0.450134 0.579772
vt 0.456143 0.579216
vt 0.449853 0.579511
vt 0.456304 0.579014
vt 0.456434 0.578807
vt 0.449618 0.579199
vt 0.456535 0.578594
vt 0.453070 0.578810
vt 0.453162 0.578799
vt 0.456613 0.578376
vt 0.449435 0.578834
vt 0.452903 0.578819
vt 0.453256 0.578784
vt 0.452740 0.578814
vt 0.453349 0.578763
vt 0.453443 0.578736
vt 0.452582 0.578797
vt 0.453535 0.578704
vt 0.452432 0.578766
vt 0.453624 0.578667
vt 0.453711 0.578624
vt 0.452290 0.578721
vt 0.456669 0.578153
vt 0.453794 0.578575
vt 0.452158 0.578662
vt 0.453873 0.578521
vt 0.453945 0.578460
vt 0.452038 0.578589
vt 0.454012 0.578394
vt 0.449310 0.578412
vt 0.451930 0.578502
vt 0.454071 0.578321
vt 0.456708 0.577925
vt 0.454129 0.578235
vt 0.451836 0.578400
vt 0.454175 0.578145
vt 0.451757 0.578284
vt 0.456733 0.577693
vt 0.454213 0.578053
vt 0.451695 0.578153
vt 0.454242 0.577959
vt 0.449304 0.578365
vt 0.454264 0.577862
vt 0.449307 0.578322
vt 0.451651 0.578006
vt 0.456748 0.577455
vt 0.449316 0.578282
vt 0.454280 0.577765
vt 0.449332 0.578245
vt 0.449353 0.578211
vt 0.449378 0.578180
vt 0.451643 0.577972
vt 0.454291 0.577667
vt 0.449408 0.578152
vt 0.451630 0.577939
vt 0.449441 0.578127
vt 0.449476 0.578106
vt 0.451615 0.577907
vt 0.449512 0.578088
vt 0.449550 0.578073
vt 0.451596 0.577877
vt 0.454298 0.577569
vt 0.449587 0.578061
vt 0.456755 0.577214
vt 0.449622 0.578055
vt 0.449718 0.578037
vt 0.449863 0.578012
vt 0.451574 0.577849
vt 0.450045 0.577979
vt 0.450251 0.577943
vt 0.451549 0.577823
vt 0.450469 0.577904
vt 0.451521 0.577801
vt 0.450687 0.577866
vt 0.454302 0.577472
vt 0.451491 0.577782
vt 0.450892 0.577829
vt 0.451458 0.577767
vt 0.451072 0.577797
vt 0.451423 0.577756
vt 0.451216 0.577772
vt 0.451385 0.577749
vt 0.451311 0.577755
vt 0.451346 0.577749
vt 0.454304 0.577375
vt 0.456760 0.576968
vt 0.454305 0.577280
vt 0.454306 0.577188
vt 0.454306 0.577184
vt 0.454306 0.577173
vt 0.456764 0.576718
vt 0.454307 0.577157
vt 0.454307 0.577136
vt 0.454308 0.577113
vt 0.454308 0.577088
vt 0.454308 0.577064
vt 0.454309 0.577040
vt 0.454309 0.577020
vt 0.454310 0.577003
vt 0.454310 0.576992
vt 0.454310 0.576989
vt 0.454049 0.576985
vt 0.453776 0.576984
vt 0.453495 0.576982
vt 0.456764 0.576671
vt 0.453207 0.576978
vt 0.452916 0.576972
vt 0.456767 0.576542
vt 0.452622 0.576961
vt 0.452330 0.576944
vt 0.452041 0.576921
vt 0.456771 0.576346
vt 0.451757 0.576889
vt 0.451482 0.576846
vt 0.451218 0.576793
vt 0.456776 0.576101
vt 0.450968 0.576727
vt 0.450694 0.576635
vt 0.450437 0.576523
vt 0.456782 0.575823
vt 0.450196 0.576391
vt 0.449974 0.576240
vt 0.456788 0.575528
vt 0.449772 0.576069
vt 0.454334 0.575754
vt 0.454015 0.575774
vt 0.454340 0.575420
vt 0.453696 0.575780
vt 0.453385 0.575771
vt 0.456794 0.575233
vt 0.449593 0.575878
vt 0.453085 0.575742
vt 0.452802 0.575689
vt 0.452540 0.575611
vt 0.449438 0.575668
vt 0.452305 0.575502
vt 0.456799 0.574955
vt 0.454344 0.575272
vt 0.452103 0.575361
vt 0.449308 0.575437
vt 0.454346 0.575127
vt 0.451938 0.575182
vt 0.456804 0.574709
vt 0.454346 0.574986
vt 0.449205 0.575187
vt 0.451815 0.574964
vt 0.454343 0.574848
vt 0.456808 0.574513
vt 0.454336 0.574713
vt 0.449131 0.574917
vt 0.451740 0.574703
vt 0.454322 0.574580
vt 0.456811 0.574384
vt 0.454301 0.574449
vt 0.456812 0.574337
vt 0.449088 0.574628
vt 0.456822 0.574165
vt 0.451718 0.574396
vt 0.454272 0.574319
vt 0.456845 0.574008
vt 0.454233 0.574191
vt 0.449077 0.574319
vt 0.451730 0.574232
vt 0.456879 0.573863
vt 0.454182 0.574063
vt 0.454119 0.573936
vt 0.456923 0.573730
vt 0.451757 0.574076
vt 0.449108 0.573926
vt 0.454042 0.573808
vt 0.456976 0.573606
vt 0.451800 0.573931
vt 0.457037 0.573490
vt 0.453970 0.573709
vt 0.451859 0.573795
vt 0.457104 0.573380
vt 0.453892 0.573616
vt 0.451932 0.573671
vt 0.453808 0.573532
vt 0.457176 0.573275
vt 0.449186 0.573563
vt 0.452020 0.573559
vt 0.453717 0.573457
vt 0.457252 0.573174
vt 0.453622 0.573390
vt 0.452122 0.573461
vt 0.457331 0.573074
vt 0.453520 0.573332
vt 0.452238 0.573376
vt 0.457412 0.572974
vt 0.453415 0.573283
vt 0.452366 0.573306
vt 0.453304 0.573244
vt 0.449307 0.573232
vt 0.457493 0.572873
vt 0.453190 0.573215
vt 0.452508 0.573251
vt 0.453072 0.573197
vt 0.452661 0.573213
vt 0.452951 0.573189
vt 0.452827 0.573192
vt 0.457520 0.572837
vt 0.457542 0.572799
vt 0.457561 0.572762
vt 0.457575 0.572725
vt 0.457585 0.572688
vt 0.457589 0.572651
vt 0.449468 0.572932
vt 0.457589 0.572616
vt 0.457582 0.572582
vt 0.457570 0.572550
vt 0.457552 0.572520
vt 0.457528 0.572493
vt 0.454744 0.572627
vt 0.457496 0.572468
vt 0.457404 0.572405
vt 0.454512 0.572440
vt 0.454822 0.572525
vt 0.457303 0.572335
vt 0.449667 0.572664
vt 0.454893 0.572430
vt 0.457194 0.572258
vt 0.454960 0.572341
vt 0.454287 0.572276
vt 0.457079 0.572178
vt 0.455026 0.572257
vt 0.456961 0.572094
vt 0.449899 0.572428
vt 0.455091 0.572175
vt 0.454068 0.572133
vt 0.456841 0.572009
vt 0.455160 0.572094
vt 0.456720 0.571923
vt 0.455234 0.572012
vt 0.450163 0.572225
vt 0.453851 0.572012
vt 0.456602 0.571839
vt 0.455316 0.571928
vt 0.455408 0.571839
vt 0.456488 0.571757
vt 0.453633 0.571912
vt 0.450454 0.572053
vt 0.455513 0.571746
vt 0.456379 0.571679
vt 0.453412 0.571830
vt 0.455633 0.571644
vt 0.456279 0.571606
vt 0.450770 0.571914
vt 0.453183 0.571768
vt 0.456182 0.571544
vt 0.456183 0.571544
vt 0.456183 0.571544
vt 0.456184 0.571543
vt 0.456187 0.571539
vt 0.455771 0.571534
vt 0.452945 0.571722
vt 0.451107 0.571808
vt 0.456153 0.571525
vt 0.456183 0.571543
vt 0.456184 0.571542
vt 0.456185 0.571542
vt 0.456186 0.571541
vt 0.456186 0.571541
vt 0.456187 0.571540
vt 0.456187 0.571540
vt 0.456187 0.571539
vt 0.456122 0.571510
vt 0.452694 0.571693
vt 0.455804 0.571518
vt 0.456089 0.571498
vt 0.455839 0.571505
vt 0.456055 0.571489
vt 0.455875 0.571495
vt 0.451463 0.571734
vt 0.456019 0.571484
vt 0.455911 0.571487
vt 0.455983 0.571482
vt 0.455947 0.571483
vt 0.452427 0.571679
vt 0.452142 0.571680
vt 0.451834 0.571694
s 1
usemtl SVGMat.001
f 963/289/147 965/290/147 964/291/147
f 963/289/147 966/292/147 965/290/147
f 962/293/147 966/292/147 963/289/147
f 962/293/147 967/294/147 966/292/147
f 961/295/147 967/294/147 962/293/147
f 961/295/147 968/296/147 967/294/147
f 961/295/147 969/297/147 968/296/147
f 960/298/147 969/297/147 961/295/147
f 960/298/147 970/299/147 969/297/147
f 914/300/147 916/301/147 915/302/147
f 914/300/147 917/303/147 916/301/147
f 914/300/147 918/304/147 917/303/147
f 914/300/147 919/305/147 918/304/147
f 914/300/147 920/306/147 919/305/147
f 914/300/147 921/307/147 920/306/147
f 914/300/147 922/308/147 921/307/147
f 914/300/147 923/309/147 922/308/147
f 914/300/147 924/310/147 923/309/147
f 914/300/147 925/311/147 924/310/147
f 914/300/147 926/312/147 925/311/147
f 914/300/147 927/313/147 926/312/147
f 914/300/147 928/314/147 927/313/147
f 913/315/147 928/314/147 914/300/147
f 913/315/147 929/316/147 928/314/147
f 959/317/147 970/299/147 960/298/147
f 912/318/147 929/316/147 913/315/147
f 912/318/147 930/319/147 929/316/147
f 911/320/147 930/319/147 912/318/147
f 911/320/147 931/321/147 930/319/147
f 911/320/147 932/322/147 931/321/147
f 910/323/147 932/322/147 911/320/147
f 959/317/147 971/324/147 970/299/147
f 910/323/147 933/325/147 932/322/147
f 909/326/147 933/325/147 910/323/147
f 909/326/147 934/327/147 933/325/147
f 908/328/147 934/327/147 909/326/147
f 908/328/147 935/329/147 934/327/147
f 907/330/147 935/329/147 908/328/147
f 958/331/147 971/324/147 959/317/147
f 907/330/147 936/332/147 935/329/147
f 958/331/147 972/333/147 971/324/147
f 906/334/147 936/332/147 907/330/147
f 906/334/147 937/335/147 936/332/147
f 905/336/147 937/335/147 906/334/147
f 905/336/147 938/337/147 937/335/147
f 904/338/147 938/337/147 905/336/147
f 904/338/147 939/339/147 938/337/147
f 958/331/147 973/340/147 972/333/147
f 904/338/147 940/341/147 939/339/147
f 903/342/147 940/341/147 904/338/147
f 957/343/147 973/340/147 958/331/147
f 903/342/147 941/344/147 940/341/147
f 902/345/147 941/344/147 903/342/147
f 902/345/147 942/346/147 941/344/147
f 957/343/147 974/347/147 973/340/147
f 956/348/147 974/347/147 957/343/147
f 902/345/147 943/349/147 942/346/147
f 901/350/147 943/349/147 902/345/147
f 956/348/147 975/351/147 974/347/147
f 901/350/147 944/352/147 943/349/147
f 955/353/147 975/351/147 956/348/147
f 955/353/147 976/354/147 975/351/147
f 901/350/147 945/355/147 944/352/147
f 954/356/147 976/354/147 955/353/147
f 954/356/147 977/357/147 976/354/147
f 901/350/147 946/358/147 945/355/147
f 900/359/147 946/358/147 901/350/147
f 954/356/147 978/360/147 977/357/147
f 953/361/147 978/360/147 954/356/147
f 900/359/147 947/362/147 946/358/147
f 953/361/147 979/363/147 978/360/147
f 900/359/147 948/364/147 947/362/147
f 952/365/147 979/363/147 953/361/147
f 900/359/147 949/366/147 948/364/147
f 952/365/147 980/367/147 979/363/147
f 900/359/147 950/368/147 949/366/147
f 900/359/147 951/369/147 950/368/147
f 900/359/147 952/365/147 951/369/147
f 900/359/147 980/367/147 952/365/147
f 899/370/147 1061/371/147 900/359/147
f 1061/371/147 980/367/147 900/359/147
f 1061/371/147 1060/372/147 980/367/147
f 1060/372/147 981/373/147 980/367/147
f 1060/372/147 982/374/147 981/373/147
f 1059/375/147 982/374/147 1060/372/147
f 899/370/148 1062/376/148 1061/371/148
f 899/370/147 1063/377/147 1062/376/147
f 1058/378/147 982/374/147 1059/375/147
f 899/370/147 1064/379/147 1063/377/147
f 899/370/147 1065/380/147 1064/379/147
f 1057/381/147 982/374/147 1058/378/147
f 899/370/147 1066/382/147 1065/380/147
f 1057/381/147 983/383/147 982/374/147
f 899/370/147 1067/384/147 1066/382/147
f 1056/385/147 983/383/147 1057/381/147
f 899/370/147 1068/386/147 1067/384/147
f 899/370/147 1069/387/147 1068/386/147
f 1055/388/147 983/383/147 1056/385/147
f 899/370/147 1070/389/147 1069/387/147
f 1055/388/147 984/390/147 983/383/147
f 899/370/147 1071/391/147 1070/389/147
f 898/392/147 1071/391/147 899/370/147
f 1054/393/147 984/390/147 1055/388/147
f 898/392/147 1072/394/147 1071/391/147
f 1054/393/147 985/395/147 984/390/147
f 898/392/147 1073/396/147 1072/394/147
f 1053/397/147 985/395/147 1054/393/147
f 898/392/147 1074/398/147 1073/396/147
f 1053/397/147 986/399/147 985/395/147
f 898/392/147 1075/400/147 1074/398/147
f 1052/401/147 986/399/147 1053/397/147
f 898/392/147 1076/402/147 1075/400/147
f 1052/401/147 987/403/147 986/399/147
f 898/392/147 1077/404/147 1076/402/147
f 1051/405/147 987/403/147 1052/401/147
f 898/392/147 1078/406/147 1077/404/147
f 1051/405/147 988/407/147 987/403/147
f 898/392/147 1079/408/147 1078/406/147
f 1050/409/147 988/407/147 1051/405/147
f 1050/409/147 989/410/147 988/407/147
f 897/411/147 1079/408/147 898/392/147
f 897/411/147 1080/412/147 1079/408/147
f 1050/409/147 990/413/147 989/410/147
f 897/411/147 1081/414/147 1080/412/147
f 1049/415/147 990/413/147 1050/409/147
f 897/411/147 1082/416/147 1081/414/147
f 1049/415/147 991/417/147 990/413/147
f 897/411/147 1083/418/147 1082/416/147
f 1048/419/147 991/417/147 1049/415/147
f 897/411/147 1084/420/147 1083/418/147
f 897/411/147 1085/421/147 1084/420/147
f 1047/422/147 991/417/147 1048/419/147
f 897/411/147 1086/423/147 1085/421/147
f 1046/424/147 991/417/147 1047/422/147
f 1046/424/147 992/425/147 991/417/147
f 896/426/147 1086/423/147 897/411/147
f 896/426/147 1087/427/147 1086/423/147
f 1045/428/147 992/425/147 1046/424/147
f 1045/428/147 993/429/147 992/425/147
f 896/426/147 1088/430/147 1087/427/147
f 1044/431/147 993/429/147 1045/428/147
f 896/426/147 1089/432/147 1088/430/147
f 1043/433/147 993/429/147 1044/431/147
f 1043/433/147 994/434/147 993/429/147
f 895/435/147 1089/432/147 896/426/147
f 895/435/147 1090/436/147 1089/432/147
f 1042/437/147 994/434/147 1043/433/147
f 1042/437/147 995/438/147 994/434/147
f 895/435/147 1091/439/147 1090/436/147
f 1041/440/147 995/438/147 1042/437/147
f 894/441/147 1091/439/147 895/435/147
f 1041/440/147 996/442/147 995/438/147
f 894/441/147 1092/443/147 1091/439/147
f 1040/444/147 996/442/147 1041/440/147
f 1040/444/147 997/445/147 996/442/147
f 893/446/147 1092/443/147 894/441/147
f 893/446/147 1093/447/147 1092/443/147
f 1039/448/147 997/445/147 1040/444/147
f 1039/448/147 998/449/147 997/445/147
f 893/446/147 1094/450/147 1093/447/147
f 1038/451/147 998/449/147 1039/448/147
f 892/452/147 1094/450/147 893/446/147
f 1038/451/147 999/453/147 998/449/147
f 892/452/147 1095/454/147 1094/450/147
f 1037/455/147 999/453/147 1038/451/147
f 891/456/147 1095/454/147 892/452/147
f 891/456/147 1096/457/147 1095/454/147
f 1037/455/147 1000/458/147 999/453/147
f 1036/459/147 1000/458/147 1037/455/147
f 890/460/147 1096/457/147 891/456/147
f 890/460/147 1097/461/147 1096/457/147
f 1035/462/147 1000/458/147 1036/459/147
f 1035/462/147 1001/463/147 1000/458/147
f 889/464/147 1097/461/147 890/460/147
f 889/464/147 1098/465/147 1097/461/147
f 1034/466/147 1001/463/147 1035/462/147
f 1034/466/147 1002/467/147 1001/463/147
f 888/468/147 1098/465/147 889/464/147
f 888/468/147 1099/469/147 1098/465/147
f 1033/470/147 1002/467/147 1034/466/147
f 1033/470/147 1003/471/147 1002/467/147
f 887/472/147 1099/469/147 888/468/147
f 887/472/147 1100/473/147 1099/469/147
f 1032/474/147 1003/471/147 1033/470/147
f 1032/474/147 1004/475/147 1003/471/147
f 886/476/147 1100/473/147 887/472/147
f 886/476/147 1101/477/147 1100/473/147
f 1031/478/147 1004/475/147 1032/474/147
f 1031/478/147 1005/479/147 1004/475/147
f 885/480/147 1101/477/147 886/476/147
f 885/480/147 1102/481/147 1101/477/147
f 1030/482/147 1005/479/147 1031/478/147
f 1030/482/147 1006/483/147 1005/479/147
f 884/484/147 1102/481/147 885/480/147
f 884/484/147 1103/485/147 1102/481/147
f 1029/486/147 1006/483/147 1030/482/147
f 1029/486/147 1007/487/147 1006/483/147
f 883/488/147 1103/485/147 884/484/147
f 883/488/147 1104/489/147 1103/485/147
f 1028/490/147 1007/487/147 1029/486/147
f 1028/490/147 1008/491/147 1007/487/147
f 882/492/147 1104/489/147 883/488/147
f 1027/493/147 1008/491/147 1028/490/147
f 882/492/147 1105/494/147 1104/489/147
f 1027/493/147 1009/495/147 1008/491/147
f 881/496/147 1105/494/147 882/492/147
f 1026/497/147 1009/495/147 1027/493/147
f 881/496/147 1106/498/147 1105/494/147
f 1026/497/147 1010/499/147 1009/495/147
f 880/500/147 1106/498/147 881/496/147
f 1025/501/147 1010/499/147 1026/497/147
f 880/500/147 1107/502/147 1106/498/147
f 1025/501/147 1011/503/147 1010/499/147
f 879/504/147 1107/502/147 880/500/147
f 1024/505/147 1011/503/147 1025/501/147
f 879/504/147 878/506/147 1107/502/147
f 1024/505/147 1012/507/147 1011/503/147
f 1023/508/147 1012/507/147 1024/505/147
f 1022/509/147 1012/507/147 1023/508/147
f 1021/510/147 1012/507/147 1022/509/147
f 1020/511/147 1012/507/147 1021/510/147
f 1019/512/147 1012/507/147 1020/511/147
f 1018/513/147 1012/507/147 1019/512/147
f 1017/514/147 1012/507/147 1018/513/147
f 1016/515/147 1012/507/147 1017/514/147
f 1015/516/149 1012/507/149 1016/515/149
f 1014/517/147 1012/507/147 1015/516/147
f 1013/518/147 1012/507/147 1014/517/147
f 1132/519/147 1134/520/147 1133/521/147
f 1132/519/147 1135/522/147 1134/520/147
f 1132/519/147 1136/523/147 1135/522/147
f 1132/519/147 1137/524/147 1136/523/147
f 1132/519/147 1138/525/147 1137/524/147
f 1132/519/147 1139/526/147 1138/525/147
f 1132/519/147 1140/527/147 1139/526/147
f 1132/519/147 1141/528/147 1140/527/147
f 1132/519/147 1142/529/147 1141/528/147
f 1132/519/147 1143/530/147 1142/529/147
f 1132/519/147 1144/531/147 1143/530/147
f 1132/519/147 1145/532/147 1144/531/147
f 1132/519/147 1146/533/147 1145/532/147
f 1131/534/147 1146/533/147 1132/519/147
f 1131/534/147 1147/535/147 1146/533/147
f 1130/536/147 1147/535/147 1131/534/147
f 1130/536/147 1148/537/147 1147/535/147
f 1129/538/147 1148/537/147 1130/536/147
f 1129/538/147 1149/539/147 1148/537/147
f 1128/540/147 1149/539/147 1129/538/147
f 1128/540/147 1150/541/147 1149/539/147
f 1127/542/147 1150/541/147 1128/540/147
f 1127/542/147 1151/543/147 1150/541/147
f 1126/544/147 1151/543/147 1127/542/147
f 1126/544/147 1152/545/147 1151/543/147
f 1125/546/147 1152/545/147 1126/544/147
f 1125/546/147 1153/547/147 1152/545/147
f 1124/548/147 1153/547/147 1125/546/147
f 1124/548/147 1154/549/147 1153/547/147
f 1123/550/147 1154/549/147 1124/548/147
f 1123/550/147 1155/551/147 1154/549/147
f 1122/552/147 1155/551/147 1123/550/147
f 1122/552/147 1156/553/147 1155/551/147
f 1121/554/147 1156/553/147 1122/552/147
f 1121/554/147 1157/555/147 1156/553/147
f 1120/556/147 1157/555/147 1121/554/147
f 1120/556/147 1158/557/147 1157/555/147
f 1120/556/147 1159/558/147 1158/557/147
f 1120/556/147 1160/559/147 1159/558/147
f 1120/556/147 1161/560/147 1160/559/147
f 1120/556/147 1162/561/147 1161/560/147
f 1120/556/147 1163/562/147 1162/561/147
f 1120/556/147 1164/563/147 1163/562/147
f 1120/556/147 1165/564/147 1164/563/147
f 1120/556/147 1166/565/147 1165/564/147
f 1120/556/147 1167/566/147 1166/565/147
f 1120/556/147 1168/567/147 1167/566/147
f 1120/556/147 1169/568/147 1168/567/147
f 1120/556/147 1170/569/147 1169/568/147
f 1120/556/147 1171/570/147 1170/569/147
f 1120/556/147 1172/571/147 1171/570/147
f 1120/556/147 1173/572/147 1172/571/147
f 1119/573/147 1173/572/147 1120/556/147
f 1119/573/147 1174/574/147 1173/572/147
f 1118/575/147 1174/574/147 1119/573/147
f 1118/575/147 1175/576/147 1174/574/147
f 1117/577/147 1175/576/147 1118/575/147
f 1116/578/147 1175/576/147 1117/577/147
f 1116/578/147 1176/579/147 1175/576/147
f 1115/580/147 1176/579/147 1116/578/147
f 1114/581/147 1176/579/147 1115/580/147
f 1114/581/147 1177/582/147 1176/579/147
f 1113/583/147 1177/582/147 1114/581/147
f 1112/584/147 1177/582/147 1113/583/147
f 1111/585/147 1177/582/147 1112/584/147
f 1111/585/147 1301/586/147 1177/582/147
f 1301/586/147 1178/587/147 1177/582/147
f 1110/588/147 1301/586/147 1111/585/147
f 1109/589/147 1301/586/147 1110/588/147
f 1108/590/147 1301/586/147 1109/589/147
f 1300/591/147 1178/587/147 1301/586/147
f 1300/591/147 1179/592/147 1178/587/147
f 1299/593/147 1179/592/147 1300/591/147
f 1299/593/147 1180/594/147 1179/592/147
f 1299/593/147 1181/595/147 1180/594/147
f 1299/593/147 1182/596/147 1181/595/147
f 1298/597/147 1182/596/147 1299/593/147
f 1298/597/147 1183/598/147 1182/596/147
f 1298/597/147 1184/599/147 1183/598/147
f 1297/600/147 1184/599/147 1298/597/147
f 1297/600/147 1185/601/147 1184/599/147
f 1296/602/147 1185/601/147 1297/600/147
f 1296/602/147 1186/603/147 1185/601/147
f 1295/604/147 1186/603/147 1296/602/147
f 1295/604/147 1187/605/147 1186/603/147
f 1295/604/147 1188/606/147 1187/605/147
f 1294/607/147 1188/606/147 1295/604/147
f 1294/607/147 1189/608/147 1188/606/147
f 1293/609/147 1189/608/147 1294/607/147
f 1293/609/147 1190/610/147 1189/608/147
f 1292/611/147 1190/610/147 1293/609/147
f 1292/611/147 1191/612/147 1190/610/147
f 1291/613/147 1191/612/147 1292/611/147
f 1291/613/147 1192/614/147 1191/612/147
f 1291/613/147 1193/615/147 1192/614/147
f 1193/615/147 1195/616/147 1194/617/147
f 1291/613/147 1195/616/147 1193/615/147
f 1291/613/147 1196/618/147 1195/616/147
f 1291/613/147 1197/619/147 1196/618/147
f 1290/620/147 1197/619/147 1291/613/147
f 1290/620/147 1198/621/147 1197/619/147
f 1290/620/147 1199/622/147 1198/621/147
f 1290/620/147 1200/623/147 1199/622/147
f 1290/620/147 1201/624/147 1200/623/147
f 1290/620/147 1202/625/147 1201/624/147
f 1289/626/147 1202/625/147 1290/620/147
f 1289/626/147 1203/627/147 1202/625/147
f 1288/628/147 1203/627/147 1289/626/147
f 1288/628/147 1204/629/147 1203/627/147
f 1287/630/147 1204/629/147 1288/628/147
f 1286/631/147 1204/629/147 1287/630/147
f 1286/631/147 1205/632/147 1204/629/147
f 1285/633/147 1205/632/147 1286/631/147
f 1285/633/147 1206/634/147 1205/632/147
f 1284/635/147 1206/634/147 1285/633/147
f 1284/635/147 1207/636/147 1206/634/147
f 1284/635/147 1208/637/147 1207/636/147
f 1283/638/147 1208/637/147 1284/635/147
f 1283/638/147 1209/639/147 1208/637/147
f 1283/638/147 1210/640/147 1209/639/147
f 1282/641/147 1210/640/147 1283/638/147
f 1282/641/147 1211/642/147 1210/640/147
f 1282/641/147 1212/643/147 1211/642/147
f 1281/644/147 1212/643/147 1282/641/147
f 1281/644/147 1213/645/147 1212/643/147
f 1281/644/147 1214/646/147 1213/645/147
f 1280/647/147 1214/646/147 1281/644/147
f 1280/647/147 1215/648/147 1214/646/147
f 1279/649/147 1215/648/147 1280/647/147
f 1279/649/147 1216/650/147 1215/648/147
f 1279/649/147 1217/651/147 1216/650/147
f 1278/652/147 1217/651/147 1279/649/147
f 1278/652/147 1218/653/147 1217/651/147
f 1277/654/147 1218/653/147 1278/652/147
f 1277/654/147 1219/655/147 1218/653/147
f 1276/656/147 1219/655/147 1277/654/147
f 1276/656/147 1220/657/147 1219/655/147
f 1275/658/147 1220/657/147 1276/656/147
f 1274/659/147 1220/657/147 1275/658/147
f 1274/659/147 1221/660/147 1220/657/147
f 1273/661/147 1221/660/147 1274/659/147
f 1273/661/147 1222/662/147 1221/660/147
f 1272/663/147 1222/662/147 1273/661/147
f 1272/663/147 1223/664/147 1222/662/147
f 1271/665/147 1223/664/147 1272/663/147
f 1271/665/147 1224/666/147 1223/664/147
f 1270/667/147 1224/666/147 1271/665/147
f 1270/667/147 1247/668/147 1224/666/147
f 1247/668/147 1225/669/147 1224/666/147
f 1269/670/147 1248/671/147 1270/667/147
f 1248/671/147 1247/668/147 1270/667/147
f 1246/672/147 1225/669/147 1247/668/147
f 1269/670/147 1249/673/147 1248/671/147
f 1245/674/147 1225/669/147 1246/672/147
f 1269/670/147 1250/675/147 1249/673/147
f 1245/674/147 1226/676/147 1225/669/147
f 1244/677/147 1226/676/147 1245/674/147
f 1268/678/147 1250/675/147 1269/670/147
f 1268/678/147 1251/679/147 1250/675/147
f 1243/680/147 1226/676/147 1244/677/147
f 1243/680/147 1227/681/147 1226/676/147
f 1267/682/147 1251/679/147 1268/678/147
f 1267/682/147 1252/683/147 1251/679/147
f 1243/680/147 1228/684/147 1227/681/147
f 1242/685/147 1228/684/147 1243/680/147
f 1266/686/147 1252/683/147 1267/682/147
f 1242/685/147 1229/687/147 1228/684/147
f 1265/688/147 1252/683/147 1266/686/147
f 1242/685/147 1230/689/147 1229/687/147
f 1264/690/147 1252/683/147 1265/688/147
f 1242/685/147 1231/691/147 1230/689/147
f 1263/692/147 1252/683/147 1264/690/147
f 1263/692/147 1253/693/147 1252/683/147
f 1241/694/147 1231/691/147 1242/685/147
f 1241/694/147 1232/695/147 1231/691/147
f 1262/696/147 1253/693/147 1263/692/147
f 1241/694/147 1233/697/147 1232/695/147
f 1261/698/147 1253/693/147 1262/696/147
f 1241/694/147 1234/699/147 1233/697/147
f 1260/700/147 1253/693/147 1261/698/147
f 1241/694/147 1235/701/147 1234/699/147
f 1259/702/147 1253/693/147 1260/700/147
f 1241/694/147 1236/703/147 1235/701/147
f 1258/704/147 1253/693/147 1259/702/147
f 1241/694/147 1237/705/147 1236/703/147
f 1240/706/147 1237/705/147 1241/694/147
f 1257/707/147 1253/693/147 1258/704/147
f 1257/707/147 1254/708/147 1253/693/147
f 1240/706/147 1238/709/147 1237/705/147
f 1239/710/147 1238/709/147 1240/706/147
f 1256/711/147 1254/708/147 1257/707/147
f 1256/711/147 1255/712/147 1254/708/147
f 1399/713/147 1401/714/147 1400/715/147
f 1423/716/147 1425/717/147 1424/718/147
f 1423/716/147 1426/719/147 1425/717/147
f 1398/720/147 1401/714/147 1399/713/147
f 1398/720/147 1402/721/147 1401/714/147
f 1422/722/147 1426/719/147 1423/716/147
f 1422/722/147 1427/723/147 1426/719/147
f 1397/724/147 1402/721/147 1398/720/147
f 1397/724/147 1403/725/147 1402/721/147
f 1421/726/147 1427/723/147 1422/722/147
f 1421/726/147 1428/727/147 1427/723/147
f 1396/728/147 1403/725/147 1397/724/147
f 1396/728/147 1404/729/147 1403/725/147
f 1420/730/147 1428/727/147 1421/726/147
f 1420/730/147 1429/731/147 1428/727/147
f 1420/730/147 1430/732/147 1429/731/147
f 1395/733/147 1404/729/147 1396/728/147
f 1395/733/147 1405/734/147 1404/729/147
f 1419/735/147 1430/732/147 1420/730/147
f 1350/736/147 1352/737/147 1351/738/147
f 1350/736/147 1353/739/147 1352/737/147
f 1350/736/147 1354/740/147 1353/739/147
f 1350/736/147 1355/741/147 1354/740/147
f 1350/736/147 1356/742/147 1355/741/147
f 1350/736/147 1357/743/147 1356/742/147
f 1350/736/147 1358/744/147 1357/743/147
f 1350/736/147 1359/745/147 1358/744/147
f 1350/736/147 1360/746/147 1359/745/147
f 1350/736/147 1361/747/147 1360/746/147
f 1350/736/147 1362/748/147 1361/747/147
f 1350/736/147 1363/749/147 1362/748/147
f 1350/736/147 1364/750/147 1363/749/147
f 1349/751/147 1364/750/147 1350/736/147
f 1349/751/147 1365/752/147 1364/750/147
f 1348/753/147 1365/752/147 1349/751/147
f 1348/753/147 1366/754/147 1365/752/147
f 1347/755/147 1366/754/147 1348/753/147
f 1347/755/147 1367/756/147 1366/754/147
f 1346/757/147 1367/756/147 1347/755/147
f 1346/757/147 1368/758/147 1367/756/147
f 1419/735/147 1431/759/147 1430/732/147
f 1345/760/147 1368/758/147 1346/757/147
f 1345/760/147 1369/761/147 1368/758/147
f 1394/762/147 1405/734/147 1395/733/147
f 1394/762/147 1406/763/147 1405/734/147
f 1418/764/147 1431/759/147 1419/735/147
f 1345/760/147 1370/765/147 1369/761/147
f 1344/766/147 1370/765/147 1345/760/147
f 1344/766/147 1371/767/147 1370/765/147
f 1343/768/147 1371/767/147 1344/766/147
f 1418/764/147 1432/769/147 1431/759/147
f 1343/768/147 1372/770/147 1371/767/147
f 1342/771/147 1372/770/147 1343/768/147
f 1342/771/147 1373/772/147 1372/770/147
f 1341/773/147 1373/772/147 1342/771/147
f 1393/774/147 1406/763/147 1394/762/147
f 1393/774/147 1407/775/147 1406/763/147
f 1417/776/147 1432/769/147 1418/764/147
f 1341/773/147 1374/777/147 1373/772/147
f 1417/776/147 1433/778/147 1432/769/147
f 1340/779/147 1374/777/147 1341/773/147
f 1340/779/147 1375/780/147 1374/777/147
f 1339/781/147 1375/780/147 1340/779/147
f 1339/781/147 1376/782/147 1375/780/147
f 1338/783/147 1376/782/147 1339/781/147
f 1338/783/147 1377/784/147 1376/782/147
f 1417/776/147 1434/785/147 1433/778/147
f 1392/786/147 1407/775/147 1393/774/147
f 1392/786/147 1408/787/147 1407/775/147
f 1416/788/147 1434/785/147 1417/776/147
f 1338/783/147 1378/789/147 1377/784/147
f 1338/783/147 1379/790/147 1378/789/147
f 1416/788/147 1435/791/147 1434/785/147
f 1337/792/147 1379/790/147 1338/783/147
f 1391/793/147 1408/787/147 1392/786/147
f 1391/793/147 1409/794/147 1408/787/147
f 1415/795/147 1435/791/147 1416/788/147
f 1337/792/147 1380/796/147 1379/790/147
f 1415/795/147 1436/797/147 1435/791/147
f 1390/798/147 1409/794/147 1391/793/147
f 1390/798/147 1410/799/147 1409/794/147
f 1414/800/147 1436/797/147 1415/795/147
f 1337/792/147 1381/801/147 1380/796/147
f 1414/800/147 1437/802/147 1436/797/147
f 1337/792/147 1382/803/147 1381/801/147
f 1389/804/147 1410/799/147 1390/798/147
f 1413/805/147 1437/802/147 1414/800/147
f 1389/804/147 1411/806/147 1410/799/147
f 1336/807/147 1382/803/147 1337/792/147
f 1413/805/147 1438/808/147 1437/802/147
f 1336/807/147 1383/809/147 1382/803/147
f 1336/807/147 1384/810/147 1383/809/147
f 1413/805/147 1439/811/147 1438/808/147
f 1388/812/147 1411/806/147 1389/804/147
f 1412/813/147 1439/811/147 1413/805/147
f 1388/812/147 1412/813/147 1411/806/147
f 1336/807/147 1385/814/147 1384/810/147
f 1336/807/147 1386/815/147 1385/814/147
f 1412/813/147 1440/816/147 1439/811/147
f 1336/807/147 1387/817/147 1386/815/147
f 1336/807/147 1388/812/147 1387/817/147
f 1336/807/147 1412/813/147 1388/812/147
f 1336/807/147 1440/816/147 1412/813/147
f 1336/807/147 1441/818/147 1440/816/147
f 1335/819/147 1629/820/147 1336/807/147
f 1629/820/147 1628/821/147 1336/807/147
f 1628/821/147 1441/818/147 1336/807/147
f 1628/821/147 1532/822/147 1441/818/147
f 1532/822/147 1442/823/147 1441/818/147
f 1627/824/147 1532/822/147 1628/821/147
f 1627/824/147 1533/825/147 1532/822/147
f 1531/826/147 1442/823/147 1532/822/147
f 1530/827/147 1442/823/147 1531/826/147
f 1627/824/147 1534/828/147 1533/825/147
f 1335/819/147 1630/829/147 1629/820/147
f 1626/830/147 1534/828/147 1627/824/147
f 1529/831/147 1442/823/147 1530/827/147
f 1626/830/147 1535/832/147 1534/828/147
f 1528/833/147 1442/823/147 1529/831/147
f 1626/830/147 1536/834/147 1535/832/147
f 1528/833/147 1443/835/147 1442/823/147
f 1527/836/147 1443/835/147 1528/833/147
f 1626/830/147 1537/837/147 1536/834/147
f 1335/819/147 1631/838/147 1630/829/147
f 1625/839/147 1537/837/147 1626/830/147
f 1526/840/147 1443/835/147 1527/836/147
f 1625/839/147 1538/841/147 1537/837/147
f 1525/842/147 1443/835/147 1526/840/147
f 1625/839/147 1539/843/147 1538/841/147
f 1335/819/147 1632/844/147 1631/838/147
f 1524/845/147 1443/835/147 1525/842/147
f 1624/846/147 1539/843/147 1625/839/147
f 1624/846/147 1540/847/147 1539/843/147
f 1523/848/147 1443/835/147 1524/845/147
f 1523/848/147 1444/849/147 1443/835/147
f 1624/846/147 1541/850/147 1540/847/147
f 1335/819/147 1633/851/147 1632/844/147
f 1522/852/147 1444/849/147 1523/848/147
f 1623/853/147 1541/850/147 1624/846/147
f 1623/853/147 1542/854/147 1541/850/147
f 1521/855/147 1444/849/147 1522/852/147
f 1623/853/147 1543/856/147 1542/854/147
f 1521/855/147 1445/857/147 1444/849/147
f 1334/858/147 1633/851/147 1335/819/147
f 1334/858/147 1634/859/147 1633/851/147
f 1622/860/147 1543/856/147 1623/853/147
f 1622/860/147 1544/861/147 1543/856/147
f 1520/862/147 1445/857/147 1521/855/147
f 1622/860/147 1545/863/147 1544/861/147
f 1519/864/147 1445/857/147 1520/862/147
f 1519/864/147 1446/865/147 1445/857/147
f 1334/858/147 1635/866/147 1634/859/147
f 1621/867/147 1545/863/147 1622/860/147
f 1621/867/147 1546/868/147 1545/863/147
f 1518/869/147 1446/865/147 1519/864/147
f 1621/867/147 1547/870/147 1546/868/147
f 1517/871/147 1446/865/147 1518/869/147
f 1517/871/147 1447/872/147 1446/865/147
f 1334/858/147 1636/873/147 1635/866/147
f 1620/874/147 1547/870/147 1621/867/147
f 1620/874/147 1548/875/147 1547/870/147
f 1516/876/147 1447/872/147 1517/871/147
f 1620/874/147 1549/877/147 1548/875/147
f 1515/878/147 1447/872/147 1516/876/147
f 1515/878/147 1448/879/147 1447/872/147
f 1334/858/147 1637/880/147 1636/873/147
f 1619/881/147 1549/877/147 1620/874/147
f 1619/881/147 1550/882/147 1549/877/147
f 1514/883/147 1448/879/147 1515/878/147
f 1514/883/147 1449/884/147 1448/879/147
f 1619/881/147 1551/885/147 1550/882/147
f 1513/886/147 1449/884/147 1514/883/147
f 1334/858/147 1638/887/147 1637/880/147
f 1333/888/147 1638/887/147 1334/858/147
f 1618/889/147 1551/885/147 1619/881/147
f 1513/886/147 1450/890/147 1449/884/147
f 1618/889/147 1552/891/147 1551/885/147
f 1512/892/147 1450/890/147 1513/886/147
f 1618/889/147 1553/893/147 1552/891/147
f 1333/888/147 1639/894/147 1638/887/147
f 1617/895/147 1553/893/147 1618/889/147
f 1511/896/147 1450/890/147 1512/892/147
f 1511/896/147 1451/897/147 1450/890/147
f 1617/895/147 1554/898/147 1553/893/147
f 1510/899/147 1451/897/147 1511/896/147
f 1617/895/147 1555/900/147 1554/898/147
f 1333/888/147 1640/901/147 1639/894/147
f 1616/902/147 1555/900/147 1617/895/147
f 1509/903/147 1451/897/147 1510/899/147
f 1616/902/147 1556/904/147 1555/900/147
f 1508/905/147 1451/897/147 1509/903/147
f 1508/905/147 1452/906/147 1451/897/147
f 1333/888/147 1641/907/147 1640/901/147
f 1615/908/147 1556/904/147 1616/902/147
f 1615/908/147 1557/909/147 1556/904/147
f 1507/910/147 1452/906/147 1508/905/147
f 1333/888/147 1642/911/147 1641/907/147
f 1615/908/147 1558/912/147 1557/909/147
f 1614/913/147 1558/912/147 1615/908/147
f 1506/914/147 1452/906/147 1507/910/147
f 1332/915/147 1642/911/147 1333/888/147
f 1332/915/147 1643/916/147 1642/911/147
f 1614/913/147 1559/917/147 1558/912/147
f 1613/918/147 1559/917/147 1614/913/147
f 1505/919/147 1452/906/147 1506/914/147
f 1505/919/147 1453/920/147 1452/906/147
f 1332/915/147 1644/921/147 1643/916/147
f 1613/918/147 1560/922/147 1559/917/147
f 1612/923/147 1560/922/147 1613/918/147
f 1504/924/147 1453/920/147 1505/919/147
f 1504/924/147 1454/925/147 1453/920/147
f 1332/915/147 1645/926/147 1644/921/147
f 1612/923/147 1561/927/147 1560/922/147
f 1611/928/147 1561/927/147 1612/923/147
f 1503/929/147 1454/925/147 1504/924/147
f 1331/930/147 1645/926/147 1332/915/147
f 1331/930/147 1646/931/147 1645/926/147
f 1611/928/147 1562/932/147 1561/927/147
f 1610/933/147 1562/932/147 1611/928/147
f 1502/934/147 1454/925/147 1503/929/147
f 1502/934/147 1455/935/147 1454/925/147
f 1331/930/147 1647/936/147 1646/931/147
f 1610/933/147 1563/937/147 1562/932/147
f 1609/938/147 1563/937/147 1610/933/147
f 1501/939/147 1455/935/147 1502/934/147
f 1330/940/147 1647/936/147 1331/930/147
f 1501/939/147 1456/941/147 1455/935/147
f 1330/940/147 1648/942/147 1647/936/147
f 1609/938/147 1564/943/147 1563/937/147
f 1608/944/147 1564/943/147 1609/938/147
f 1500/945/147 1456/941/147 1501/939/147
f 1500/945/147 1457/946/147 1456/941/147
f 1329/947/147 1648/942/147 1330/940/147
f 1329/947/147 1649/948/147 1648/942/147
f 1608/944/147 1565/949/147 1564/943/147
f 1607/950/147 1565/949/147 1608/944/147
f 1499/951/147 1457/946/147 1500/945/147
f 1499/951/147 1458/952/147 1457/946/147
f 1329/947/147 1650/953/147 1649/948/147
f 1607/950/147 1566/954/147 1565/949/147
f 1606/955/147 1566/954/147 1607/950/147
f 1498/956/147 1458/952/147 1499/951/147
f 1328/957/147 1650/953/147 1329/947/147
f 1498/956/147 1459/958/147 1458/952/147
f 1328/957/147 1651/959/147 1650/953/147
f 1606/955/147 1567/960/147 1566/954/147
f 1605/961/147 1567/960/147 1606/955/147
f 1497/962/147 1459/958/147 1498/956/147
f 1327/963/147 1651/959/147 1328/957/147
f 1497/962/147 1460/964/147 1459/958/147
f 1327/963/147 1302/965/147 1651/959/147
f 1605/961/147 1568/966/147 1567/960/147
f 1604/967/147 1568/966/147 1605/961/147
f 1496/968/147 1460/964/147 1497/962/147
f 1327/963/147 1303/969/147 1302/965/147
f 1603/970/147 1568/966/147 1604/967/147
f 1603/970/147 1569/971/147 1568/966/147
f 1495/972/147 1460/964/147 1496/968/147
f 1495/972/147 1461/973/147 1460/964/147
f 1326/974/147 1303/969/147 1327/963/147
f 1602/975/147 1569/971/147 1603/970/147
f 1494/976/147 1461/973/147 1495/972/147
f 1326/974/147 1304/977/147 1303/969/147
f 1602/975/147 1570/978/147 1569/971/147
f 1494/976/147 1462/979/147 1461/973/147
f 1325/980/147 1304/977/147 1326/974/147
f 1601/981/147 1570/978/147 1602/975/147
f 1493/982/147 1462/979/147 1494/976/147
f 1325/980/147 1305/983/147 1304/977/147
f 1601/981/147 1571/984/147 1570/978/147
f 1493/982/147 1463/985/147 1462/979/147
f 1324/986/147 1305/983/147 1325/980/147
f 1600/987/147 1571/984/147 1601/981/147
f 1492/988/147 1463/985/147 1493/982/147
f 1324/986/147 1306/989/147 1305/983/147
f 1600/987/147 1572/990/147 1571/984/147
f 1492/988/147 1464/991/147 1463/985/147
f 1323/992/147 1306/989/147 1324/986/147
f 1599/993/147 1572/990/147 1600/987/147
f 1491/994/147 1464/991/147 1492/988/147
f 1323/992/147 1307/995/147 1306/989/147
f 1599/993/147 1573/996/147 1572/990/147
f 1491/994/147 1465/997/147 1464/991/147
f 1322/998/147 1307/995/147 1323/992/147
f 1598/999/147 1573/996/147 1599/993/147
f 1490/1000/147 1465/997/147 1491/994/147
f 1322/998/147 1308/1001/147 1307/995/147
f 1598/999/147 1574/1002/147 1573/996/147
f 1490/1000/147 1466/1003/147 1465/997/147
f 1321/1004/147 1308/1001/147 1322/998/147
f 1597/1005/147 1574/1002/147 1598/999/147
f 1489/1006/147 1466/1003/147 1490/1000/147
f 1321/1004/147 1309/1007/147 1308/1001/147
f 1597/1005/147 1575/1008/147 1574/1002/147
f 1489/1006/147 1467/1009/147 1466/1003/147
f 1320/1010/147 1309/1007/147 1321/1004/147
f 1596/1011/147 1575/1008/147 1597/1005/147
f 1488/1012/147 1467/1009/147 1489/1006/147
f 1319/1013/147 1309/1007/147 1320/1010/147
f 1319/1013/147 1310/1014/147 1309/1007/147
f 1596/1011/147 1576/1015/147 1575/1008/147
f 1488/1012/147 1468/1016/147 1467/1009/147
f 1595/1017/147 1576/1015/147 1596/1011/147
f 1487/1018/147 1468/1016/147 1488/1012/147
f 1318/1019/147 1310/1014/147 1319/1013/147
f 1318/1019/147 1311/1020/147 1310/1014/147
f 1595/1017/147 1577/1021/147 1576/1015/147
f 1487/1018/147 1469/1022/147 1468/1016/147
f 1594/1023/147 1577/1021/147 1595/1017/147
f 1486/1024/147 1469/1022/147 1487/1018/147
f 1317/1025/147 1311/1020/147 1318/1019/147
f 1317/1025/147 1312/1026/147 1311/1020/147
f 1594/1023/147 1578/1027/147 1577/1021/147
f 1486/1024/147 1470/1028/147 1469/1022/147
f 1593/1029/147 1578/1027/147 1594/1023/147
f 1485/1030/147 1470/1028/147 1486/1024/147
f 1316/1031/147 1312/1026/147 1317/1025/147
f 1316/1031/147 1313/1032/147 1312/1026/147
f 1593/1029/147 1579/1033/147 1578/1027/147
f 1485/1030/147 1471/1034/147 1470/1028/147
f 1592/1035/147 1579/1033/147 1593/1029/147
f 1484/1036/147 1471/1034/147 1485/1030/147
f 1315/1037/147 1313/1032/147 1316/1031/147
f 1315/1037/147 1314/1038/147 1313/1032/147
f 1592/1035/147 1580/1039/147 1579/1033/147
f 1484/1036/147 1472/1040/147 1471/1034/147
f 1591/1041/147 1580/1039/147 1592/1035/147
f 1590/1042/149 1580/1039/149 1591/1041/149
f 1589/1043/147 1580/1039/147 1590/1042/147
f 1588/1044/147 1580/1039/147 1589/1043/147
f 1587/1045/147 1580/1039/147 1588/1044/147
f 1586/1046/147 1580/1039/147 1587/1045/147
f 1585/1047/147 1580/1039/147 1586/1046/147
f 1584/1048/149 1580/1039/149 1585/1047/149
f 1583/1049/147 1580/1039/147 1584/1048/147
f 1582/1050/147 1580/1039/147 1583/1049/147
f 1581/1051/149 1580/1039/149 1582/1050/149
f 1483/1052/147 1472/1040/147 1484/1036/147
f 1482/1053/149 1472/1040/149 1483/1052/149
f 1481/1054/147 1472/1040/147 1482/1053/147
f 1480/1055/147 1472/1040/147 1481/1054/147
f 1479/1056/147 1472/1040/147 1480/1055/147
f 1478/1057/147 1472/1040/147 1479/1056/147
f 1477/1058/147 1472/1040/147 1478/1057/147
f 1476/1059/147 1472/1040/147 1477/1058/147
f 1475/1060/147 1472/1040/147 1476/1059/147
f 1474/1061/147 1472/1040/147 1475/1060/147
f 1473/1062/147 1472/1040/147 1474/1061/147
f 1663/1063/147 1665/1064/147 1664/1065/147
f 1662/1066/147 1665/1064/147 1663/1063/147
f 1662/1066/147 1666/1067/147 1665/1064/147
f 1661/1068/147 1666/1067/147 1662/1066/147
f 1661/1068/147 1667/1069/147 1666/1067/147
f 1660/1070/147 1667/1069/147 1661/1068/147
f 1660/1070/147 1668/1071/147 1667/1069/147
f 1659/1072/147 1668/1071/147 1660/1070/147
f 1659/1072/147 1669/1073/147 1668/1071/147
f 1658/1074/147 1669/1073/147 1659/1072/147
f 1658/1074/147 1670/1075/147 1669/1073/147
f 1657/1076/147 1670/1075/147 1658/1074/147
f 1657/1076/147 1712/1077/147 1670/1075/147
f 1712/1077/147 1671/1078/147 1670/1075/147
f 1657/1076/147 1713/1079/147 1712/1077/147
f 1711/1080/150 1671/1078/150 1712/1077/150
f 1710/1081/147 1671/1078/147 1711/1080/147
f 1709/1082/147 1671/1078/147 1710/1081/147
f 1657/1076/147 1714/1083/147 1713/1079/147
f 1708/1084/147 1671/1078/147 1709/1082/147
f 1656/1085/147 1714/1083/147 1657/1076/147
f 1707/1086/147 1671/1078/147 1708/1084/147
f 1707/1086/147 1672/1087/147 1671/1078/147
f 1656/1085/147 1715/1088/147 1714/1083/147
f 1706/1089/147 1672/1087/147 1707/1086/147
f 1705/1090/147 1672/1087/147 1706/1089/147
f 1704/1091/147 1672/1087/147 1705/1090/147
f 1656/1085/147 1716/1092/147 1715/1088/147
f 1703/1093/147 1672/1087/147 1704/1091/147
f 1702/1094/147 1672/1087/147 1703/1093/147
f 1656/1085/147 1717/1095/147 1716/1092/147
f 1701/1096/147 1672/1087/147 1702/1094/147
f 1655/1097/147 1717/1095/147 1656/1085/147
f 1701/1096/147 1673/1098/147 1672/1087/147
f 1700/1099/147 1673/1098/147 1701/1096/147
f 1655/1097/147 1718/1100/147 1717/1095/147
f 1759/1101/147 1673/1098/147 1700/1099/147
f 1655/1097/147 1719/1102/147 1718/1100/147
f 1758/1103/147 1673/1098/147 1759/1101/147
f 1654/1104/147 1719/1102/147 1655/1097/147
f 1757/1105/147 1673/1098/147 1758/1103/147
f 1757/1105/147 1674/1106/147 1673/1098/147
f 1654/1104/147 1720/1107/147 1719/1102/147
f 1756/1108/147 1674/1106/147 1757/1105/147
f 1654/1104/147 1721/1109/147 1720/1107/147
f 1755/1110/147 1674/1106/147 1756/1108/147
f 1653/1111/147 1721/1109/147 1654/1104/147
f 1754/1112/147 1674/1106/147 1755/1110/147
f 1754/1112/147 1675/1113/147 1674/1106/147
f 1653/1111/147 1722/1114/147 1721/1109/147
f 1753/1115/147 1675/1113/147 1754/1112/147
f 1752/1116/147 1675/1113/147 1753/1115/147
f 1653/1111/147 1723/1117/147 1722/1114/147
f 1652/1118/147 1723/1117/147 1653/1111/147
f 1751/1119/147 1675/1113/147 1752/1116/147
f 1751/1119/147 1676/1120/147 1675/1113/147
f 1652/1118/147 1724/1121/147 1723/1117/147
f 1750/1122/147 1676/1120/147 1751/1119/147
f 1652/1118/147 1725/1123/147 1724/1121/147
f 1749/1124/147 1676/1120/147 1750/1122/147
f 1748/1125/147 1676/1120/147 1749/1124/147
f 1699/1126/147 1725/1123/147 1652/1118/147
f 1699/1126/147 1726/1127/147 1725/1123/147
f 1748/1125/147 1677/1128/147 1676/1120/147
f 1747/1129/147 1677/1128/147 1748/1125/147
f 1699/1126/147 1727/1130/147 1726/1127/147
f 1746/1131/147 1677/1128/147 1747/1129/147
f 1698/1132/147 1727/1130/147 1699/1126/147
f 1698/1132/147 1728/1133/147 1727/1130/147
f 1745/1134/147 1677/1128/147 1746/1131/147
f 1745/1134/147 1678/1135/147 1677/1128/147
f 1744/1136/147 1678/1135/147 1745/1134/147
f 1698/1132/147 1729/1137/147 1728/1133/147
f 1697/1138/147 1729/1137/147 1698/1132/147
f 1744/1136/147 1679/1139/147 1678/1135/147
f 1743/1140/147 1679/1139/147 1744/1136/147
f 1697/1138/147 1730/1141/147 1729/1137/147
f 1742/1142/147 1679/1139/147 1743/1140/147
f 1697/1138/147 1731/1143/147 1730/1141/147
f 1696/1144/147 1731/1143/147 1697/1138/147
f 1742/1142/147 1680/1145/147 1679/1139/147
f 1741/1146/147 1680/1145/147 1742/1142/147
f 1696/1144/147 1732/1147/147 1731/1143/147
f 1740/1148/147 1680/1145/147 1741/1146/147
f 1696/1144/147 1733/1149/147 1732/1147/147
f 1695/1150/147 1733/1149/147 1696/1144/147
f 1740/1148/147 1681/1151/147 1680/1145/147
f 1739/1152/147 1681/1151/147 1740/1148/147
f 1695/1150/147 1734/1153/147 1733/1149/147
f 1738/1154/147 1681/1151/147 1739/1152/147
f 1695/1150/147 1735/1155/147 1734/1153/147
f 1737/1156/147 1681/1151/147 1738/1154/147
f 1694/1157/147 1735/1155/147 1695/1150/147
f 1737/1156/147 1682/1158/147 1681/1151/147
f 1694/1157/147 1736/1159/147 1735/1155/147
f 1736/1159/147 1682/1158/147 1737/1156/147
f 1694/1157/147 1682/1158/147 1736/1159/147
f 1693/1160/147 1682/1158/147 1694/1157/147
f 1693/1160/147 1683/1161/147 1682/1158/147
f 1692/1162/147 1683/1161/147 1693/1160/147
f 1692/1162/147 1684/1163/147 1683/1161/147
f 1691/1164/147 1684/1163/147 1692/1162/147
f 1691/1164/147 1685/1165/147 1684/1163/147
f 1690/1166/147 1685/1165/147 1691/1164/147
f 1690/1166/147 1686/1167/147 1685/1165/147
f 1689/1168/147 1686/1167/147 1690/1166/147
f 1689/1168/147 1687/1169/147 1686/1167/147
f 1688/1170/147 1687/1169/147 1689/1168/147
f 1976/1171/147 1978/1172/147 1977/1173/147
f 1976/1171/147 1979/1174/147 1978/1172/147
f 1975/1175/147 1979/1174/147 1976/1171/147
f 1975/1175/147 1980/1176/147 1979/1174/147
f 1975/1175/147 1981/1177/147 1980/1176/147
f 1974/1178/147 1981/1177/147 1975/1175/147
f 1974/1178/147 1982/1179/147 1981/1177/147
f 1973/1180/147 1982/1179/147 1974/1178/147
f 1973/1180/147 1983/1181/147 1982/1179/147
f 1973/1180/147 1984/1182/147 1983/1181/147
f 1972/1183/147 1984/1182/147 1973/1180/147
f 1972/1183/147 1985/1184/147 1984/1182/147
f 1972/1183/147 1986/1185/147 1985/1184/147
f 1971/1186/147 1986/1185/147 1972/1183/147
f 1971/1186/147 1987/1187/147 1986/1185/147
f 1970/1188/147 1987/1187/147 1971/1186/147
f 1970/1188/147 1988/1189/147 1987/1187/147
f 1970/1188/147 1989/1190/147 1988/1189/147
f 1969/1191/147 1989/1190/147 1970/1188/147
f 1969/1191/147 1990/1192/147 1989/1190/147
f 1968/1193/147 1990/1192/147 1969/1191/147
f 1968/1193/147 1991/1194/147 1990/1192/147
f 1968/1193/147 1992/1195/147 1991/1194/147
f 1967/1196/147 1992/1195/147 1968/1193/147
f 1967/1196/147 1993/1197/147 1992/1195/147
f 1967/1196/147 1917/1198/147 1993/1197/147
f 1917/1198/147 1916/1199/147 1993/1197/147
f 1916/1199/147 1994/1200/147 1993/1197/147
f 1966/1201/147 1918/1202/147 1967/1196/147
f 1918/1202/147 1917/1198/147 1967/1196/147
f 1915/1203/147 1994/1200/147 1916/1199/147
f 1966/1201/147 1919/1204/147 1918/1202/147
f 1914/1205/147 1994/1200/147 1915/1203/147
f 1913/1206/147 1994/1200/147 1914/1205/147
f 1966/1201/147 1920/1207/147 1919/1204/147
f 1912/1208/147 1994/1200/147 1913/1206/147
f 1966/1201/147 1921/1209/147 1920/1207/147
f 1911/1210/147 1994/1200/147 1912/1208/147
f 1910/1211/147 1994/1200/147 1911/1210/147
f 1966/1201/147 1922/1212/147 1921/1209/147
f 1910/1211/147 1995/1213/147 1994/1200/147
f 1909/1214/147 1995/1213/147 1910/1211/147
f 1966/1201/147 1923/1215/147 1922/1212/147
f 1908/1216/147 1995/1213/147 1909/1214/147
f 1907/1217/147 1995/1213/147 1908/1216/147
f 1966/1201/147 1924/1218/147 1923/1215/147
f 1906/1219/147 1995/1213/147 1907/1217/147
f 1965/1220/147 1924/1218/147 1966/1201/147
f 1965/1220/147 1925/1221/147 1924/1218/147
f 1905/1222/147 1995/1213/147 1906/1219/147
f 1905/1222/147 1996/1223/147 1995/1213/147
f 1904/1224/147 1996/1223/147 1905/1222/147
f 1965/1220/147 1926/1225/147 1925/1221/147
f 1903/1226/147 1996/1223/147 1904/1224/147
f 1965/1220/147 1927/1227/147 1926/1225/147
f 1903/1226/147 1997/1228/147 1996/1223/147
f 1902/1229/147 1997/1228/147 1903/1226/147
f 1965/1220/147 1928/1230/147 1927/1227/147
f 1901/1231/147 1997/1228/147 1902/1229/147
f 1964/1232/147 1928/1230/147 1965/1220/147
f 1900/1233/147 1997/1228/147 1901/1231/147
f 1963/1234/147 1928/1230/147 1964/1232/147
f 1963/1234/147 1929/1235/147 1928/1230/147
f 1900/1233/147 1998/1236/147 1997/1228/147
f 1962/1237/147 1929/1235/147 1963/1234/147
f 1899/1238/147 1998/1236/147 1900/1233/147
f 1961/1239/147 1929/1235/147 1962/1237/147
f 1960/1240/147 1929/1235/147 1961/1239/147
f 1959/1241/147 1929/1235/147 1960/1240/147
f 1959/1241/147 1930/1242/147 1929/1235/147
f 1898/1243/147 1998/1236/147 1899/1238/147
f 1958/1244/147 1930/1242/147 1959/1241/147
f 1958/1244/147 1931/1245/147 1930/1242/147
f 1957/1246/147 1931/1245/147 1958/1244/147
f 1956/1247/147 1931/1245/147 1957/1246/147
f 1956/1247/147 1932/1248/147 1931/1245/147
f 1955/1249/147 1932/1248/147 1956/1247/147
f 1954/1250/147 1932/1248/147 1955/1249/147
f 1954/1250/147 1933/1251/147 1932/1248/147
f 1897/1252/147 1998/1236/147 1898/1243/147
f 1953/1253/147 1933/1251/147 1954/1250/147
f 1897/1252/147 1999/1254/147 1998/1236/147
f 1952/1255/147 1933/1251/147 1953/1253/147
f 1951/1256/147 1933/1251/147 1952/1255/147
f 1950/1257/147 1933/1251/147 1951/1256/147
f 1950/1257/147 1934/1258/147 1933/1251/147
f 1949/1259/147 1934/1258/147 1950/1257/147
f 1948/1260/147 1934/1258/147 1949/1259/147
f 1948/1260/147 1935/1261/147 1934/1258/147
f 1947/1262/147 1935/1261/147 1948/1260/147
f 1947/1262/147 1936/1263/147 1935/1261/147
f 1946/1264/147 1936/1263/147 1947/1262/147
f 1896/1265/147 1999/1254/147 1897/1252/147
f 1946/1264/147 1937/1266/147 1936/1263/147
f 1945/1267/147 1937/1266/147 1946/1264/147
f 1945/1267/147 1938/1268/147 1937/1266/147
f 1944/1269/147 1938/1268/147 1945/1267/147
f 1944/1269/147 1939/1270/147 1938/1268/147
f 1943/1271/147 1939/1270/147 1944/1269/147
f 1943/1271/147 1940/1272/147 1939/1270/147
f 1942/1273/147 1940/1272/147 1943/1271/147
f 1942/1273/147 1941/1274/147 1940/1272/147
f 1895/1275/147 1999/1254/147 1896/1265/147
f 1895/1275/147 2000/1276/147 1999/1254/147
f 1894/1277/147 2000/1276/147 1895/1275/147
f 1893/1278/147 2000/1276/147 1894/1277/147
f 1892/1279/147 2000/1276/147 1893/1278/147
f 1891/1280/147 2000/1276/147 1892/1279/147
f 1891/1280/147 2001/1281/147 2000/1276/147
f 1890/1282/147 2001/1281/147 1891/1280/147
f 1889/1283/147 2001/1281/147 1890/1282/147
f 1888/1284/147 2001/1281/147 1889/1283/147
f 1887/1285/147 2001/1281/147 1888/1284/147
f 1886/1286/147 2001/1281/147 1887/1285/147
f 1885/1287/147 2001/1281/147 1886/1286/147
f 1884/1288/147 2001/1281/147 1885/1287/147
f 1883/1289/147 2001/1281/147 1884/1288/147
f 1882/1290/147 2001/1281/147 1883/1289/147
f 1881/1291/147 2001/1281/147 1882/1290/147
f 1880/1292/147 2001/1281/147 1881/1291/147
f 1879/1293/147 2001/1281/147 1880/1292/147
f 1878/1294/147 2001/1281/147 1879/1293/147
f 1878/1294/147 2002/1295/147 2001/1281/147
f 1877/1296/147 2002/1295/147 1878/1294/147
f 1876/1297/147 2002/1295/147 1877/1296/147
f 1876/1297/147 2003/1298/147 2002/1295/147
f 1875/1299/147 2003/1298/147 1876/1297/147
f 1874/1300/147 2003/1298/147 1875/1299/147
f 1873/1301/147 2003/1298/147 1874/1300/147
f 1873/1301/147 2004/1302/147 2003/1298/147
f 1872/1303/147 2004/1302/147 1873/1301/147
f 1871/1304/147 2004/1302/147 1872/1303/147
f 1870/1305/147 2004/1302/147 1871/1304/147
f 1870/1305/147 2005/1306/147 2004/1302/147
f 1869/1307/147 2005/1306/147 1870/1305/147
f 1868/1308/147 2005/1306/147 1869/1307/147
f 1867/1309/147 2005/1306/147 1868/1308/147
f 1867/1309/147 2006/1310/147 2005/1306/147
f 1866/1311/147 2006/1310/147 1867/1309/147
f 1865/1312/147 2006/1310/147 1866/1311/147
f 1865/1312/147 2007/1313/147 2006/1310/147
f 1864/1314/147 1773/1315/147 1865/1312/147
f 1773/1315/147 2007/1313/147 1865/1312/147
f 1864/1314/147 1774/1316/147 1773/1315/147
f 1772/1317/147 2007/1313/147 1773/1315/147
f 1864/1314/147 1775/1318/147 1774/1316/147
f 1864/1314/147 1776/1319/147 1775/1318/147
f 1772/1317/147 2008/1320/147 2007/1313/147
f 1863/1321/147 1776/1319/147 1864/1314/147
f 1863/1321/147 1777/1322/147 1776/1319/147
f 1863/1321/147 1778/1323/147 1777/1322/147
f 1863/1321/147 1779/1324/147 1778/1323/147
f 1862/1325/147 1779/1324/147 1863/1321/147
f 1862/1325/147 1780/1326/147 1779/1324/147
f 1772/1317/147 2009/1327/147 2008/1320/147
f 1771/1328/147 2009/1327/147 1772/1317/147
f 1862/1325/147 1781/1329/147 1780/1326/147
f 1861/1330/147 1781/1329/147 1862/1325/147
f 1770/1331/147 2009/1327/147 1771/1328/147
f 1861/1330/147 1782/1332/147 1781/1329/147
f 1770/1331/147 2010/1333/147 2009/1327/147
f 1769/1334/147 2010/1333/147 1770/1331/147
f 1860/1335/147 1782/1332/147 1861/1330/147
f 1860/1335/147 1783/1336/147 1782/1332/147
f 1768/1337/147 2010/1333/147 1769/1334/147
f 1768/1337/147 2011/1338/147 2010/1333/147
f 1767/1339/147 2011/1338/147 1768/1337/147
f 1859/1340/147 1783/1336/147 1860/1335/147
f 1859/1340/147 1784/1341/147 1783/1336/147
f 1766/1342/147 2011/1338/147 1767/1339/147
f 1766/1342/147 2012/1343/147 2011/1338/147
f 1765/1344/147 2012/1343/147 1766/1342/147
f 1765/1344/147 2013/1345/147 2012/1343/147
f 1858/1346/147 1784/1341/147 1859/1340/147
f 1765/1344/147 2014/1347/147 2013/1345/147
f 1858/1346/147 1785/1348/147 1784/1341/147
f 1764/1349/147 2014/1347/147 1765/1344/147
f 1764/1349/147 2015/1350/147 2014/1347/147
f 1763/1351/147 2015/1350/147 1764/1349/147
f 1857/1352/147 1785/1348/147 1858/1346/147
f 1857/1352/147 1786/1353/147 1785/1348/147
f 1763/1351/147 2016/1354/147 2015/1350/147
f 1762/1355/147 2016/1354/147 1763/1351/147
f 1761/1356/147 2016/1354/147 1762/1355/147
f 1761/1356/147 2017/1357/147 2016/1354/147
f 1857/1352/147 1787/1358/147 1786/1353/147
f 1856/1359/147 1787/1358/147 1857/1352/147
f 1760/1360/147 2017/1357/147 1761/1356/147
f 1760/1360/147 2018/1361/147 2017/1357/147
f 1856/1359/147 1788/1362/147 1787/1358/147
f 1760/1360/147 2019/1363/147 2018/1361/147
f 1808/1364/147 2019/1363/147 1760/1360/147
f 1856/1359/147 1789/1365/147 1788/1362/147
f 1808/1364/147 2020/1366/147 2019/1363/147
f 1807/1367/147 2020/1366/147 1808/1364/147
f 1856/1359/147 1790/1368/147 1789/1365/147
f 1806/1369/147 2020/1366/147 1807/1367/147
f 1806/1369/147 2021/1370/147 2020/1366/147
f 1855/1371/147 1790/1368/147 1856/1359/147
f 1855/1371/147 1791/1372/147 1790/1368/147
f 1805/1373/147 2021/1370/147 1806/1369/147
f 1805/1373/147 2022/1374/147 2021/1370/147
f 1804/1375/147 2022/1374/147 1805/1373/147
f 1855/1371/147 1792/1376/147 1791/1372/147
f 1804/1375/147 2023/1377/147 2022/1374/147
f 1803/1378/147 2023/1377/147 1804/1375/147
f 1855/1371/147 1793/1379/147 1792/1376/147
f 1803/1378/147 2024/1380/147 2023/1377/147
f 1802/1381/147 2024/1380/147 1803/1378/147
f 1855/1371/147 1794/1382/147 1793/1379/147
f 1801/1383/147 2024/1380/147 1802/1381/147
f 1854/1384/147 1794/1382/147 1855/1371/147
f 1801/1383/147 2025/1385/147 2024/1380/147
f 1800/1386/147 2025/1385/147 1801/1383/147
f 1854/1384/147 1795/1387/147 1794/1382/147
f 1799/1388/147 2025/1385/147 1800/1386/147
f 1854/1384/147 1796/1389/147 1795/1387/147
f 1798/1390/147 2025/1385/147 1799/1388/147
f 1854/1384/147 1797/1391/147 1796/1389/147
f 1798/1390/147 2026/1392/147 2025/1385/147
f 1797/1391/147 2026/1392/147 1798/1390/147
f 1854/1384/147 2026/1392/147 1797/1391/147
f 1854/1384/147 2027/1393/147 2026/1392/147
f 1854/1384/147 2028/1394/147 2027/1393/147
f 1854/1384/147 2029/1395/147 2028/1394/147
f 1854/1384/147 2030/1396/147 2029/1395/147
f 1854/1384/147 2031/1397/147 2030/1396/147
f 1853/1398/147 2031/1397/147 1854/1384/147
f 1853/1398/147 2032/1399/147 2031/1397/147
f 1853/1398/147 2033/1400/147 2032/1399/147
f 1853/1398/147 2034/1401/147 2033/1400/147
f 1853/1398/147 2035/1402/147 2034/1401/147
f 1853/1398/147 2036/1403/147 2035/1402/147
f 1853/1398/147 1833/1404/147 2036/1403/147
f 1833/1404/147 2037/1405/147 2036/1403/147
f 1833/1404/147 2038/1406/147 2037/1405/147
f 1853/1398/147 1834/1407/147 1833/1404/147
f 1832/1408/147 2038/1406/147 1833/1404/147
f 1832/1408/147 2039/1409/147 2038/1406/147
f 1852/1410/147 1834/1407/147 1853/1398/147
f 1831/1411/147 2039/1409/147 1832/1408/147
f 1831/1411/147 2040/1412/147 2039/1409/147
f 1830/1413/147 2040/1412/147 1831/1411/147
f 1852/1410/147 1835/1414/147 1834/1407/147
f 1830/1413/147 2041/1415/147 2040/1412/147
f 1829/1416/147 2041/1415/147 1830/1413/147
f 1829/1416/147 2042/1417/147 2041/1415/147
f 1851/1418/147 1835/1414/147 1852/1410/147
f 1828/1419/147 2042/1417/147 1829/1416/147
f 1851/1418/147 1836/1420/147 1835/1414/147
f 1828/1419/147 2043/1421/147 2042/1417/147
f 1827/1422/147 2043/1421/147 1828/1419/147
f 1827/1422/147 2044/1423/147 2043/1421/147
f 1826/1424/147 2044/1423/147 1827/1422/147
f 1850/1425/147 1836/1420/147 1851/1418/147
f 1850/1425/147 1837/1426/147 1836/1420/147
f 1826/1424/147 2045/1427/147 2044/1423/147
f 1825/1428/147 2045/1427/147 1826/1424/147
f 1824/1429/147 2045/1427/147 1825/1428/147
f 1824/1429/147 2046/1430/147 2045/1427/147
f 1850/1425/147 1838/1431/147 1837/1426/147
f 1849/1432/147 1838/1431/147 1850/1425/147
f 1823/1433/147 2046/1430/147 1824/1429/147
f 1823/1433/147 2047/1434/147 2046/1430/147
f 1849/1432/147 1839/1435/147 1838/1431/147
f 1822/1436/147 2047/1434/147 1823/1433/147
f 1822/1436/147 2048/1437/147 2047/1434/147
f 1848/1438/147 1839/1435/147 1849/1432/147
f 1848/1438/147 1840/1439/147 1839/1435/147
f 1822/1436/147 1809/1440/147 2048/1437/147
f 1809/1440/147 2060/1441/147 2048/1437/147
f 2060/1441/147 2052/1442/147 2048/1437/147
f 2052/1442/147 2050/1443/147 2048/1437/147
f 2050/1443/147 2049/1444/147 2048/1437/147
f 1821/1445/147 1809/1440/147 1822/1436/147
f 1848/1438/147 1841/1446/147 1840/1439/147
f 1847/1447/147 1841/1446/147 1848/1438/147
f 1821/1445/147 1810/1448/147 1809/1440/147
f 2059/1449/147 2052/1442/147 2060/1441/147
f 2058/1450/147 2057/1451/147 2059/1449/147
f 2057/1451/151 2052/1442/151 2059/1449/151
f 2056/1452/147 2052/1442/147 2057/1451/147
f 2055/1453/147 2052/1442/147 2056/1452/147
f 2054/1454/147 2052/1442/147 2055/1453/147
f 2053/1455/147 2052/1442/147 2054/1454/147
f 2051/1456/147 2050/1443/147 2052/1442/147
f 1821/1445/147 1811/1457/147 1810/1448/147
f 1847/1447/147 1842/1458/147 1841/1446/147
f 1820/1459/147 1811/1457/147 1821/1445/147
f 1820/1459/147 1812/1460/147 1811/1457/147
f 1819/1461/147 1812/1460/147 1820/1459/147
f 1819/1461/147 1813/1462/147 1812/1460/147
f 1818/1463/147 1813/1462/147 1819/1461/147
f 1846/1464/147 1842/1458/147 1847/1447/147
f 1818/1463/147 1814/1465/147 1813/1462/147
f 1817/1466/147 1814/1465/147 1818/1463/147
f 1817/1466/147 1815/1467/147 1814/1465/147
f 1816/1468/147 1815/1467/147 1817/1466/147
f 1846/1464/147 1843/1469/147 1842/1458/147
f 1846/1464/147 1844/1470/147 1843/1469/147
f 1845/1471/147 1844/1470/147 1846/1464/147
f 793/1472/147 795/1473/147 794/1474/147
f 793/1472/147 796/1475/147 795/1473/147
f 792/1476/147 796/1475/147 793/1472/147
f 792/1476/147 797/1477/147 796/1475/147
f 792/1476/147 798/1478/147 797/1477/147
f 791/1479/147 798/1478/147 792/1476/147
f 791/1479/147 799/1480/147 798/1478/147
f 790/1481/147 799/1480/147 791/1479/147
f 790/1481/147 800/1482/147 799/1480/147
f 790/1481/147 801/1483/147 800/1482/147
f 789/1484/147 801/1483/147 790/1481/147
f 789/1484/147 802/1485/147 801/1483/147
f 789/1484/147 803/1486/147 802/1485/147
f 788/1487/147 803/1486/147 789/1484/147
f 788/1487/147 804/1488/147 803/1486/147
f 787/1489/147 804/1488/147 788/1487/147
f 787/1489/147 805/1490/147 804/1488/147
f 787/1489/147 806/1491/147 805/1490/147
f 786/1492/147 806/1491/147 787/1489/147
f 786/1492/147 807/1493/147 806/1491/147
f 785/1494/147 807/1493/147 786/1492/147
f 785/1494/147 808/1495/147 807/1493/147
f 785/1494/147 809/1496/147 808/1495/147
f 784/1497/147 809/1496/147 785/1494/147
f 784/1497/147 810/1498/147 809/1496/147
f 784/1497/147 734/1499/147 810/1498/147
f 734/1499/147 733/1500/147 810/1498/147
f 733/1500/147 811/1501/147 810/1498/147
f 783/1502/147 735/1503/147 784/1497/147
f 735/1503/147 734/1499/147 784/1497/147
f 732/1504/147 811/1501/147 733/1500/147
f 783/1502/147 736/1505/147 735/1503/147
f 731/1506/147 811/1501/147 732/1504/147
f 730/1507/147 811/1501/147 731/1506/147
f 783/1502/147 737/1508/147 736/1505/147
f 729/1509/147 811/1501/147 730/1507/147
f 783/1502/147 738/1510/147 737/1508/147
f 728/1511/147 811/1501/147 729/1509/147
f 727/1512/147 811/1501/147 728/1511/147
f 783/1502/147 739/1513/147 738/1510/147
f 727/1512/147 812/1514/147 811/1501/147
f 726/1515/147 812/1514/147 727/1512/147
f 783/1502/147 740/1516/147 739/1513/147
f 725/1517/147 812/1514/147 726/1515/147
f 724/1518/147 812/1514/147 725/1517/147
f 783/1502/147 741/1519/147 740/1516/147
f 723/1520/147 812/1514/147 724/1518/147
f 782/1521/147 741/1519/147 783/1502/147
f 782/1521/147 742/1522/147 741/1519/147
f 722/1523/147 812/1514/147 723/1520/147
f 722/1523/147 813/1524/147 812/1514/147
f 721/1525/147 813/1524/147 722/1523/147
f 782/1521/147 743/1526/147 742/1522/147
f 720/1527/147 813/1524/147 721/1525/147
f 782/1521/147 744/1528/147 743/1526/147
f 720/1527/147 814/1529/147 813/1524/147
f 719/1530/147 814/1529/147 720/1527/147
f 782/1521/147 745/1531/147 744/1528/147
f 718/1532/147 814/1529/147 719/1530/147
f 781/1533/147 745/1531/147 782/1521/147
f 717/1534/147 814/1529/147 718/1532/147
f 780/1535/147 745/1531/147 781/1533/147
f 780/1535/147 746/1536/147 745/1531/147
f 717/1534/147 815/1537/147 814/1529/147
f 779/1538/147 746/1536/147 780/1535/147
f 716/1539/147 815/1537/147 717/1534/147
f 778/1540/147 746/1536/147 779/1538/147
f 777/1541/147 746/1536/147 778/1540/147
f 776/1542/147 746/1536/147 777/1541/147
f 776/1542/147 747/1543/147 746/1536/147
f 715/1544/147 815/1537/147 716/1539/147
f 775/1545/147 747/1543/147 776/1542/147
f 775/1545/147 748/1546/147 747/1543/147
f 774/1547/147 748/1546/147 775/1545/147
f 773/1548/147 748/1546/147 774/1547/147
f 773/1548/147 749/1549/147 748/1546/147
f 772/1550/147 749/1549/147 773/1548/147
f 771/1551/147 749/1549/147 772/1550/147
f 771/1551/147 750/1552/147 749/1549/147
f 714/1553/147 815/1537/147 715/1544/147
f 770/1554/147 750/1552/147 771/1551/147
f 714/1553/147 816/1555/147 815/1537/147
f 769/1556/147 750/1552/147 770/1554/147
f 768/1557/147 750/1552/147 769/1556/147
f 767/1558/147 750/1552/147 768/1557/147
f 767/1558/147 751/1559/147 750/1552/147
f 766/1560/147 751/1559/147 767/1558/147
f 765/1561/147 751/1559/147 766/1560/147
f 765/1561/147 752/1562/147 751/1559/147
f 764/1563/147 752/1562/147 765/1561/147
f 764/1563/147 753/1564/147 752/1562/147
f 763/1565/147 753/1564/147 764/1563/147
f 713/1566/147 816/1555/147 714/1553/147
f 763/1565/147 754/1567/147 753/1564/147
f 762/1568/147 754/1567/147 763/1565/147
f 762/1568/147 755/1569/147 754/1567/147
f 761/1570/147 755/1569/147 762/1568/147
f 761/1570/147 756/1571/147 755/1569/147
f 760/1572/147 756/1571/147 761/1570/147
f 760/1572/147 757/1573/147 756/1571/147
f 759/1574/147 757/1573/147 760/1572/147
f 759/1574/147 758/1575/147 757/1573/147
f 712/1576/147 816/1555/147 713/1566/147
f 712/1576/147 817/1577/147 816/1555/147
f 711/1578/147 817/1577/147 712/1576/147
f 710/1579/147 817/1577/147 711/1578/147
f 709/1580/147 817/1577/147 710/1579/147
f 708/1581/147 817/1577/147 709/1580/147
f 708/1581/147 818/1582/147 817/1577/147
f 707/1583/147 818/1582/147 708/1581/147
f 706/1584/147 818/1582/147 707/1583/147
f 705/1585/147 818/1582/147 706/1584/147
f 704/1586/147 818/1582/147 705/1585/147
f 703/1587/147 818/1582/147 704/1586/147
f 702/1588/147 818/1582/147 703/1587/147
f 701/1589/147 818/1582/147 702/1588/147
f 700/1590/147 818/1582/147 701/1589/147
f 699/1591/147 818/1582/147 700/1590/147
f 698/1592/147 818/1582/147 699/1591/147
f 697/1593/147 818/1582/147 698/1592/147
f 696/1594/147 818/1582/147 697/1593/147
f 695/1595/147 818/1582/147 696/1594/147
f 695/1595/147 819/1596/147 818/1582/147
f 694/1597/147 819/1596/147 695/1595/147
f 693/1598/147 819/1596/147 694/1597/147
f 693/1598/147 820/1599/147 819/1596/147
f 692/1600/147 820/1599/147 693/1598/147
f 691/1601/147 820/1599/147 692/1600/147
f 690/1602/147 820/1599/147 691/1601/147
f 690/1602/147 821/1603/147 820/1599/147
f 689/1604/147 821/1603/147 690/1602/147
f 688/1605/147 821/1603/147 689/1604/147
f 687/1606/147 821/1603/147 688/1605/147
f 687/1606/147 822/1607/147 821/1603/147
f 686/1608/147 822/1607/147 687/1606/147
f 685/1609/147 822/1607/147 686/1608/147
f 684/1610/147 822/1607/147 685/1609/147
f 684/1610/147 823/1611/147 822/1607/147
f 683/1612/147 823/1611/147 684/1610/147
f 682/1613/147 823/1611/147 683/1612/147
f 682/1613/147 824/1614/147 823/1611/147
f 681/1615/147 590/1616/147 682/1613/147
f 590/1616/147 824/1614/147 682/1613/147
f 681/1615/147 591/1617/147 590/1616/147
f 589/1618/147 824/1614/147 590/1616/147
f 681/1615/147 592/1619/147 591/1617/147
f 681/1615/147 593/1620/147 592/1619/147
f 589/1618/147 825/1621/147 824/1614/147
f 680/1622/147 593/1620/147 681/1615/147
f 680/1622/147 594/1623/147 593/1620/147
f 680/1622/147 595/1624/147 594/1623/147
f 680/1622/147 596/1625/147 595/1624/147
f 679/1626/147 596/1625/147 680/1622/147
f 679/1626/147 597/1627/147 596/1625/147
f 589/1618/147 826/1628/147 825/1621/147
f 588/1629/147 826/1628/147 589/1618/147
f 679/1626/147 598/1630/147 597/1627/147
f 678/1631/147 598/1630/147 679/1626/147
f 587/1632/147 826/1628/147 588/1629/147
f 678/1631/147 599/1633/147 598/1630/147
f 587/1632/147 827/1634/147 826/1628/147
f 586/1635/147 827/1634/147 587/1632/147
f 677/1636/147 599/1633/147 678/1631/147
f 677/1636/147 600/1637/147 599/1633/147
f 585/1638/147 827/1634/147 586/1635/147
f 585/1638/147 828/1639/147 827/1634/147
f 584/1640/147 828/1639/147 585/1638/147
f 676/1641/147 600/1637/147 677/1636/147
f 676/1641/147 601/1642/147 600/1637/147
f 583/1643/147 828/1639/147 584/1640/147
f 583/1643/147 829/1644/147 828/1639/147
f 582/1645/147 829/1644/147 583/1643/147
f 582/1645/147 830/1646/147 829/1644/147
f 675/1647/147 601/1642/147 676/1641/147
f 582/1645/147 831/1648/147 830/1646/147
f 675/1647/147 602/1649/147 601/1642/147
f 581/1650/147 831/1648/147 582/1645/147
f 581/1650/147 832/1651/147 831/1648/147
f 580/1652/147 832/1651/147 581/1650/147
f 674/1653/147 602/1649/147 675/1647/147
f 674/1653/147 603/1654/147 602/1649/147
f 580/1652/147 833/1655/147 832/1651/147
f 579/1656/147 833/1655/147 580/1652/147
f 578/1657/147 833/1655/147 579/1656/147
f 578/1657/147 834/1658/147 833/1655/147
f 674/1653/147 604/1659/147 603/1654/147
f 673/1660/147 604/1659/147 674/1653/147
f 577/1661/147 834/1658/147 578/1657/147
f 577/1661/147 835/1662/147 834/1658/147
f 673/1660/147 605/1663/147 604/1659/147
f 577/1661/147 836/1664/147 835/1662/147
f 625/1665/147 836/1664/147 577/1661/147
f 673/1660/147 606/1666/147 605/1663/147
f 625/1665/147 837/1667/147 836/1664/147
f 624/1668/147 837/1667/147 625/1665/147
f 673/1660/147 607/1669/147 606/1666/147
f 623/1670/147 837/1667/147 624/1668/147
f 623/1670/147 838/1671/147 837/1667/147
f 672/1672/147 607/1669/147 673/1660/147
f 672/1672/147 608/1673/147 607/1669/147
f 622/1674/147 838/1671/147 623/1670/147
f 622/1674/147 839/1675/147 838/1671/147
f 621/1676/147 839/1675/147 622/1674/147
f 672/1672/147 609/1677/147 608/1673/147
f 621/1676/147 840/1678/147 839/1675/147
f 620/1679/147 840/1678/147 621/1676/147
f 672/1672/147 610/1680/147 609/1677/147
f 620/1679/147 841/1681/147 840/1678/147
f 619/1682/147 841/1681/147 620/1679/147
f 672/1672/147 611/1683/147 610/1680/147
f 618/1684/147 841/1681/147 619/1682/147
f 671/1685/147 611/1683/147 672/1672/147
f 618/1684/147 842/1686/147 841/1681/147
f 617/1687/147 842/1686/147 618/1684/147
f 671/1685/147 612/1688/147 611/1683/147
f 616/1689/147 842/1686/147 617/1687/147
f 671/1685/147 613/1690/147 612/1688/147
f 615/1691/147 842/1686/147 616/1689/147
f 671/1685/147 614/1692/147 613/1690/147
f 615/1691/147 843/1693/147 842/1686/147
f 614/1692/147 843/1693/147 615/1691/147
f 671/1685/147 843/1693/147 614/1692/147
f 671/1685/147 844/1694/147 843/1693/147
f 671/1685/147 845/1695/147 844/1694/147
f 671/1685/147 846/1696/147 845/1695/147
f 671/1685/147 847/1697/147 846/1696/147
f 671/1685/147 848/1698/147 847/1697/147
f 670/1699/147 848/1698/147 671/1685/147
f 670/1699/147 849/1700/147 848/1698/147
f 670/1699/147 850/1701/147 849/1700/147
f 670/1699/147 851/1702/147 850/1701/147
f 670/1699/147 852/1703/147 851/1702/147
f 670/1699/147 853/1704/147 852/1703/147
f 670/1699/147 650/1705/147 853/1704/147
f 650/1705/147 854/1706/147 853/1704/147
f 650/1705/147 855/1707/147 854/1706/147
f 670/1699/147 651/1708/147 650/1705/147
f 649/1709/147 855/1707/147 650/1705/147
f 649/1709/147 856/1710/147 855/1707/147
f 669/1711/147 651/1708/147 670/1699/147
f 648/1712/147 856/1710/147 649/1709/147
f 648/1712/147 857/1713/147 856/1710/147
f 647/1714/147 857/1713/147 648/1712/147
f 669/1711/147 652/1715/147 651/1708/147
f 647/1714/147 858/1716/147 857/1713/147
f 646/1717/147 858/1716/147 647/1714/147
f 646/1717/147 859/1718/147 858/1716/147
f 668/1719/147 652/1715/147 669/1711/147
f 645/1720/147 859/1718/147 646/1717/147
f 668/1719/147 653/1721/147 652/1715/147
f 645/1720/147 860/1722/147 859/1718/147
f 644/1723/147 860/1722/147 645/1720/147
f 644/1723/147 861/1724/147 860/1722/147
f 643/1725/147 861/1724/147 644/1723/147
f 667/1726/147 653/1721/147 668/1719/147
f 667/1726/147 654/1727/147 653/1721/147
f 643/1725/147 862/1728/147 861/1724/147
f 642/1729/147 862/1728/147 643/1725/147
f 641/1730/147 862/1728/147 642/1729/147
f 641/1730/147 863/1731/147 862/1728/147
f 667/1726/147 655/1732/147 654/1727/147
f 666/1733/147 655/1732/147 667/1726/147
f 640/1734/147 863/1731/147 641/1730/147
f 640/1734/147 864/1735/147 863/1731/147
f 666/1733/147 656/1736/147 655/1732/147
f 639/1737/147 864/1735/147 640/1734/147
f 639/1737/147 865/1738/147 864/1735/147
f 665/1739/147 656/1736/147 666/1733/147
f 665/1739/147 657/1740/147 656/1736/147
f 639/1737/147 626/1741/147 865/1738/147
f 626/1741/147 877/1742/147 865/1738/147
f 877/1742/147 876/1743/147 865/1738/147
f 876/1743/147 874/1744/147 865/1738/147
f 874/1744/147 866/1745/147 865/1738/147
f 638/1746/147 626/1741/147 639/1737/147
f 665/1739/147 658/1747/147 657/1740/147
f 664/1748/147 658/1747/147 665/1739/147
f 638/1746/147 627/1749/147 626/1741/147
f 875/1750/147 874/1744/147 876/1743/147
f 873/1751/147 866/1745/147 874/1744/147
f 872/1752/147 866/1745/147 873/1751/147
f 871/1753/147 866/1745/147 872/1752/147
f 870/1754/149 866/1745/149 871/1753/149
f 869/1755/147 866/1745/147 870/1754/147
f 868/1756/147 866/1745/147 869/1755/147
f 867/1757/147 866/1745/147 868/1756/147
f 638/1746/147 628/1758/147 627/1749/147
f 664/1748/147 659/1759/147 658/1747/147
f 637/1760/147 628/1758/147 638/1746/147
f 637/1760/147 629/1761/147 628/1758/147
f 636/1762/147 629/1761/147 637/1760/147
f 636/1762/147 630/1763/147 629/1761/147
f 635/1764/147 630/1763/147 636/1762/147
f 663/1765/147 659/1759/147 664/1748/147
f 635/1764/147 631/1766/147 630/1763/147
f 634/1767/147 631/1766/147 635/1764/147
f 634/1767/147 632/1768/147 631/1766/147
f 633/1769/147 632/1768/147 634/1767/147
f 663/1765/147 660/1770/147 659/1759/147
f 663/1765/147 661/1771/147 660/1770/147
f 662/1772/147 661/1771/147 663/1765/147
f 2447/1773/149 2448/1774/149 2449/1775/149
f 2447/1773/149 2449/1775/149 2450/1776/149
f 2446/1777/149 2447/1773/149 2450/1776/149
f 2446/1777/149 2450/1776/149 2451/1778/149
f 2445/1779/149 2446/1777/149 2451/1778/149
f 2445/1779/149 2451/1778/149 2452/1780/149
f 2445/1779/149 2452/1780/149 2453/1781/149
f 2444/1782/149 2445/1779/149 2453/1781/149
f 2444/1782/149 2453/1781/149 2454/1783/149
f 2398/1784/149 2399/1785/149 2400/1786/149
f 2398/1784/149 2400/1786/149 2401/1787/149
f 2398/1784/149 2401/1787/149 2402/1788/149
f 2398/1784/149 2402/1788/149 2403/1789/149
f 2398/1784/149 2403/1789/149 2404/1790/149
f 2398/1784/149 2404/1790/149 2405/1791/149
f 2398/1784/149 2405/1791/149 2406/1792/149
f 2398/1784/149 2406/1792/149 2407/1793/149
f 2398/1784/149 2407/1793/149 2408/1794/149
f 2398/1784/149 2408/1794/149 2409/1795/149
f 2398/1784/149 2409/1795/149 2410/1796/149
f 2398/1784/149 2410/1796/149 2411/1797/149
f 2398/1784/149 2411/1797/149 2412/1798/149
f 2397/1799/149 2398/1784/149 2412/1798/149
f 2397/1799/149 2412/1798/149 2413/1800/149
f 2443/1801/149 2444/1782/149 2454/1783/149
f 2396/1802/149 2397/1799/149 2413/1800/149
f 2396/1802/149 2413/1800/149 2414/1803/149
f 2395/1804/149 2396/1802/149 2414/1803/149
f 2395/1804/149 2414/1803/149 2415/1805/149
f 2395/1804/149 2415/1805/149 2416/1806/149
f 2394/1807/149 2395/1804/149 2416/1806/149
f 2443/1801/149 2454/1783/149 2455/1808/149
f 2394/1807/149 2416/1806/149 2417/1809/149
f 2393/1810/149 2394/1807/149 2417/1809/149
f 2393/1810/149 2417/1809/149 2418/1811/149
f 2392/1812/149 2393/1810/149 2418/1811/149
f 2392/1812/149 2418/1811/149 2419/1813/149
f 2391/1814/149 2392/1812/149 2419/1813/149
f 2442/1815/149 2443/1801/149 2455/1808/149
f 2391/1814/149 2419/1813/149 2420/1816/149
f 2442/1815/149 2455/1808/149 2456/1817/149
f 2390/1818/149 2391/1814/149 2420/1816/149
f 2390/1818/149 2420/1816/149 2421/1819/149
f 2389/1820/149 2390/1818/149 2421/1819/149
f 2389/1820/149 2421/1819/149 2422/1821/149
f 2388/1822/149 2389/1820/149 2422/1821/149
f 2388/1822/149 2422/1821/149 2423/1823/149
f 2442/1815/149 2456/1817/149 2457/1824/149
f 2388/1822/149 2423/1823/149 2424/1825/149
f 2387/1826/149 2388/1822/149 2424/1825/149
f 2441/1827/149 2442/1815/149 2457/1824/149
f 2387/1826/149 2424/1825/149 2425/1828/149
f 2386/1829/149 2387/1826/149 2425/1828/149
f 2386/1829/149 2425/1828/149 2426/1830/149
f 2441/1827/149 2457/1824/149 2458/1831/149
f 2440/1832/149 2441/1827/149 2458/1831/149
f 2386/1829/149 2426/1830/149 2427/1833/149
f 2385/1834/149 2386/1829/149 2427/1833/149
f 2440/1832/149 2458/1831/149 2459/1835/149
f 2385/1834/149 2427/1833/149 2428/1836/149
f 2439/1837/149 2440/1832/149 2459/1835/149
f 2439/1837/149 2459/1835/149 2460/1838/149
f 2385/1834/149 2428/1836/149 2429/1839/149
f 2438/1840/149 2439/1837/149 2460/1838/149
f 2438/1840/149 2460/1838/149 2461/1841/149
f 2385/1834/149 2429/1839/149 2430/1842/149
f 2384/1843/149 2385/1834/149 2430/1842/149
f 2438/1840/149 2461/1841/149 2462/1844/149
f 2437/1845/149 2438/1840/149 2462/1844/149
f 2384/1843/149 2430/1842/149 2431/1846/149
f 2437/1845/149 2462/1844/149 2463/1847/149
f 2384/1843/149 2431/1846/149 2432/1848/149
f 2436/1849/149 2437/1845/149 2463/1847/149
f 2384/1843/149 2432/1848/149 2433/1850/149
f 2436/1849/149 2463/1847/149 2464/1851/149
f 2384/1843/149 2433/1850/149 2434/1852/149
f 2384/1843/149 2434/1852/149 2435/1853/149
f 2384/1843/149 2435/1853/149 2436/1849/149
f 2384/1843/149 2436/1849/149 2464/1851/149
f 2383/1854/149 2384/1843/149 2545/1855/149
f 2545/1855/149 2384/1843/149 2464/1851/149
f 2545/1855/149 2464/1851/149 2544/1856/149
f 2544/1856/149 2464/1851/149 2465/1857/149
f 2544/1856/149 2465/1857/149 2466/1858/149
f 2543/1859/149 2544/1856/149 2466/1858/149
f 2383/1854/152 2545/1855/152 2546/1860/152
f 2383/1854/149 2546/1860/149 2547/1861/149
f 2542/1862/149 2543/1859/149 2466/1858/149
f 2383/1854/149 2547/1861/149 2548/1863/149
f 2383/1854/149 2548/1863/149 2549/1864/149
f 2541/1865/149 2542/1862/149 2466/1858/149
f 2383/1854/149 2549/1864/149 2550/1866/149
f 2541/1865/149 2466/1858/149 2467/1867/149
f 2383/1854/149 2550/1866/149 2551/1868/149
f 2540/1869/149 2541/1865/149 2467/1867/149
f 2383/1854/149 2551/1868/149 2552/1870/149
f 2383/1854/149 2552/1870/149 2553/1871/149
f 2539/1872/149 2540/1869/149 2467/1867/149
f 2383/1854/149 2553/1871/149 2554/1873/149
f 2539/1872/149 2467/1867/149 2468/1874/149
f 2383/1854/149 2554/1873/149 2555/1875/149
f 2382/1876/149 2383/1854/149 2555/1875/149
f 2538/1877/149 2539/1872/149 2468/1874/149
f 2382/1876/149 2555/1875/149 2556/1878/149
f 2538/1877/149 2468/1874/149 2469/1879/149
f 2382/1876/149 2556/1878/149 2557/1880/149
f 2537/1881/149 2538/1877/149 2469/1879/149
f 2382/1876/149 2557/1880/149 2558/1882/149
f 2537/1881/149 2469/1879/149 2470/1883/149
f 2382/1876/149 2558/1882/149 2559/1884/149
f 2536/1885/149 2537/1881/149 2470/1883/149
f 2382/1876/149 2559/1884/149 2560/1886/149
f 2536/1885/149 2470/1883/149 2471/1887/149
f 2382/1876/149 2560/1886/149 2561/1888/149
f 2535/1889/149 2536/1885/149 2471/1887/149
f 2382/1876/149 2561/1888/149 2562/1890/149
f 2535/1889/149 2471/1887/149 2472/1891/149
f 2382/1876/149 2562/1890/149 2563/1892/149
f 2534/1893/149 2535/1889/149 2472/1891/149
f 2534/1893/149 2472/1891/149 2473/1894/149
f 2381/1895/149 2382/1876/149 2563/1892/149
f 2381/1895/149 2563/1892/149 2564/1896/149
f 2534/1893/149 2473/1894/149 2474/1897/149
f 2381/1895/149 2564/1896/149 2565/1898/149
f 2533/1899/149 2534/1893/149 2474/1897/149
f 2381/1895/149 2565/1898/149 2566/1900/149
f 2533/1899/149 2474/1897/149 2475/1901/149
f 2381/1895/149 2566/1900/149 2567/1902/149
f 2532/1903/149 2533/1899/149 2475/1901/149
f 2381/1895/149 2567/1902/149 2568/1904/149
f 2381/1895/149 2568/1904/149 2569/1905/149
f 2531/1906/149 2532/1903/149 2475/1901/149
f 2381/1895/149 2569/1905/149 2570/1907/149
f 2530/1908/149 2531/1906/149 2475/1901/149
f 2530/1908/149 2475/1901/149 2476/1909/149
f 2380/1910/149 2381/1895/149 2570/1907/149
f 2380/1910/149 2570/1907/149 2571/1911/149
f 2529/1912/149 2530/1908/149 2476/1909/149
f 2529/1912/149 2476/1909/149 2477/1913/149
f 2380/1910/149 2571/1911/149 2572/1914/149
f 2528/1915/149 2529/1912/149 2477/1913/149
f 2380/1910/149 2572/1914/149 2573/1916/149
f 2527/1917/149 2528/1915/149 2477/1913/149
f 2527/1917/149 2477/1913/149 2478/1918/149
f 2379/1919/149 2380/1910/149 2573/1916/149
f 2379/1919/149 2573/1916/149 2574/1920/149
f 2526/1921/149 2527/1917/149 2478/1918/149
f 2526/1921/149 2478/1918/149 2479/1922/149
f 2379/1919/149 2574/1920/149 2575/1923/149
f 2525/1924/149 2526/1921/149 2479/1922/149
f 2378/1925/149 2379/1919/149 2575/1923/149
f 2525/1924/149 2479/1922/149 2480/1926/149
f 2378/1925/149 2575/1923/149 2576/1927/149
f 2524/1928/149 2525/1924/149 2480/1926/149
f 2524/1928/149 2480/1926/149 2481/1929/149
f 2377/1930/149 2378/1925/149 2576/1927/149
f 2377/1930/149 2576/1927/149 2577/1931/149
f 2523/1932/149 2524/1928/149 2481/1929/149
f 2523/1932/149 2481/1929/149 2482/1933/149
f 2377/1930/149 2577/1931/149 2578/1934/149
f 2522/1935/149 2523/1932/149 2482/1933/149
f 2376/1936/149 2377/1930/149 2578/1934/149
f 2522/1935/149 2482/1933/149 2483/1937/149
f 2376/1936/149 2578/1934/149 2579/1938/149
f 2521/1939/149 2522/1935/149 2483/1937/149
f 2375/1940/149 2376/1936/149 2579/1938/149
f 2375/1940/149 2579/1938/149 2580/1941/149
f 2521/1939/149 2483/1937/149 2484/1942/149
f 2520/1943/149 2521/1939/149 2484/1942/149
f 2374/1944/149 2375/1940/149 2580/1941/149
f 2374/1944/149 2580/1941/149 2581/1945/149
f 2519/1946/149 2520/1943/149 2484/1942/149
f 2519/1946/149 2484/1942/149 2485/1947/149
f 2373/1948/149 2374/1944/149 2581/1945/149
f 2373/1948/149 2581/1945/149 2582/1949/149
f 2518/1950/149 2519/1946/149 2485/1947/149
f 2518/1950/149 2485/1947/149 2486/1951/149
f 2372/1952/149 2373/1948/149 2582/1949/149
f 2372/1952/149 2582/1949/149 2583/1953/149
f 2517/1954/149 2518/1950/149 2486/1951/149
f 2517/1954/149 2486/1951/149 2487/1955/149
f 2371/1956/149 2372/1952/149 2583/1953/149
f 2371/1956/149 2583/1953/149 2584/1957/149
f 2516/1958/149 2517/1954/149 2487/1955/149
f 2516/1958/149 2487/1955/149 2488/1959/149
f 2370/1960/149 2371/1956/149 2584/1957/149
f 2370/1960/149 2584/1957/149 2585/1961/149
f 2515/1962/149 2516/1958/149 2488/1959/149
f 2515/1962/149 2488/1959/149 2489/1963/149
f 2369/1964/149 2370/1960/149 2585/1961/149
f 2369/1964/149 2585/1961/149 2586/1965/149
f 2514/1966/149 2515/1962/149 2489/1963/149
f 2514/1966/149 2489/1963/149 2490/1967/149
f 2368/1968/149 2369/1964/149 2586/1965/149
f 2368/1968/149 2586/1965/149 2587/1969/149
f 2513/1970/149 2514/1966/149 2490/1967/149
f 2513/1970/149 2490/1967/149 2491/1971/149
f 2367/1972/149 2368/1968/149 2587/1969/149
f 2367/1972/149 2587/1969/149 2588/1973/149
f 2512/1974/149 2513/1970/149 2491/1971/149
f 2512/1974/149 2491/1971/149 2492/1975/149
f 2366/1976/149 2367/1972/149 2588/1973/149
f 2511/1977/149 2512/1974/149 2492/1975/149
f 2366/1976/149 2588/1973/149 2589/1978/149
f 2511/1977/149 2492/1975/149 2493/1979/149
f 2365/1980/149 2366/1976/149 2589/1978/149
f 2510/1981/149 2511/1977/149 2493/1979/149
f 2365/1980/149 2589/1978/149 2590/1982/149
f 2510/1981/149 2493/1979/149 2494/1983/149
f 2364/1984/149 2365/1980/149 2590/1982/149
f 2509/1985/149 2510/1981/149 2494/1983/149
f 2364/1984/149 2590/1982/149 2591/1986/149
f 2509/1985/149 2494/1983/149 2495/1987/149
f 2363/1988/149 2364/1984/149 2591/1986/149
f 2508/1989/149 2509/1985/149 2495/1987/149
f 2363/1988/149 2591/1986/149 2362/1990/149
f 2508/1989/149 2495/1987/149 2496/1991/149
f 2507/1992/147 2508/1989/147 2496/1991/147
f 2506/1993/147 2507/1992/147 2496/1991/147
f 2505/1994/149 2506/1993/149 2496/1991/149
f 2504/1995/147 2505/1994/147 2496/1991/147
f 2503/1996/147 2504/1995/147 2496/1991/147
f 2502/1997/147 2503/1996/147 2496/1991/147
f 2501/1998/147 2502/1997/147 2496/1991/147
f 2500/1999/147 2501/1998/147 2496/1991/147
f 2499/2000/147 2500/1999/147 2496/1991/147
f 2498/2001/147 2499/2000/147 2496/1991/147
f 2497/2002/147 2498/2001/147 2496/1991/147
f 2616/2003/149 2617/2004/149 2618/2005/149
f 2616/2003/149 2618/2005/149 2619/2006/149
f 2616/2003/149 2619/2006/149 2620/2007/149
f 2616/2003/149 2620/2007/149 2621/2008/149
f 2616/2003/149 2621/2008/149 2622/2009/149
f 2616/2003/149 2622/2009/149 2623/2010/149
f 2616/2003/149 2623/2010/149 2624/2011/149
f 2616/2003/149 2624/2011/149 2625/2012/149
f 2616/2003/149 2625/2012/149 2626/2013/149
f 2616/2003/149 2626/2013/149 2627/2014/149
f 2616/2003/149 2627/2014/149 2628/2015/149
f 2616/2003/149 2628/2015/149 2629/2016/149
f 2616/2003/149 2629/2016/149 2630/2017/149
f 2615/2018/149 2616/2003/149 2630/2017/149
f 2615/2018/149 2630/2017/149 2631/2019/149
f 2614/2020/149 2615/2018/149 2631/2019/149
f 2614/2020/149 2631/2019/149 2632/2021/149
f 2613/2022/149 2614/2020/149 2632/2021/149
f 2613/2022/149 2632/2021/149 2633/2023/149
f 2612/2024/149 2613/2022/149 2633/2023/149
f 2612/2024/149 2633/2023/149 2634/2025/149
f 2611/2026/149 2612/2024/149 2634/2025/149
f 2611/2026/149 2634/2025/149 2635/2027/149
f 2610/2028/149 2611/2026/149 2635/2027/149
f 2610/2028/149 2635/2027/149 2636/2029/149
f 2609/2030/149 2610/2028/149 2636/2029/149
f 2609/2030/149 2636/2029/149 2637/2031/149
f 2608/2032/149 2609/2030/149 2637/2031/149
f 2608/2032/149 2637/2031/149 2638/2033/149
f 2607/2034/149 2608/2032/149 2638/2033/149
f 2607/2034/149 2638/2033/149 2639/2035/149
f 2606/2036/149 2607/2034/149 2639/2035/149
f 2606/2036/149 2639/2035/149 2640/2037/149
f 2605/2038/149 2606/2036/149 2640/2037/149
f 2605/2038/149 2640/2037/149 2641/2039/149
f 2604/2040/149 2605/2038/149 2641/2039/149
f 2604/2040/149 2641/2039/149 2642/2041/149
f 2604/2040/149 2642/2041/149 2643/2042/149
f 2604/2040/149 2643/2042/149 2644/2043/149
f 2604/2040/149 2644/2043/149 2645/2044/149
f 2604/2040/149 2645/2044/149 2646/2045/149
f 2604/2040/149 2646/2045/149 2647/2046/149
f 2604/2040/149 2647/2046/149 2648/2047/149
f 2604/2040/149 2648/2047/149 2649/2048/149
f 2604/2040/149 2649/2048/149 2650/2049/149
f 2604/2040/149 2650/2049/149 2651/2050/149
f 2604/2040/149 2651/2050/149 2652/2051/149
f 2604/2040/149 2652/2051/149 2653/2052/149
f 2604/2040/149 2653/2052/149 2654/2053/149
f 2604/2040/149 2654/2053/149 2655/2054/149
f 2604/2040/149 2655/2054/149 2656/2055/149
f 2604/2040/149 2656/2055/149 2657/2056/149
f 2603/2057/149 2604/2040/149 2657/2056/149
f 2603/2057/149 2657/2056/149 2658/2058/149
f 2602/2059/149 2603/2057/149 2658/2058/149
f 2602/2059/149 2658/2058/149 2659/2060/149
f 2601/2061/149 2602/2059/149 2659/2060/149
f 2600/2062/149 2601/2061/149 2659/2060/149
f 2600/2062/149 2659/2060/149 2660/2063/149
f 2599/2064/149 2600/2062/149 2660/2063/149
f 2598/2065/149 2599/2064/149 2660/2063/149
f 2598/2065/149 2660/2063/149 2661/2066/149
f 2597/2067/149 2598/2065/149 2661/2066/149
f 2596/2068/149 2597/2067/149 2661/2066/149
f 2595/2069/149 2596/2068/149 2661/2066/149
f 2595/2069/149 2661/2066/149 2785/2070/149
f 2785/2070/149 2661/2066/149 2662/2071/149
f 2594/2072/149 2595/2069/149 2785/2070/149
f 2593/2073/149 2594/2072/149 2785/2070/149
f 2592/2074/149 2593/2073/149 2785/2070/149
f 2784/2075/149 2785/2070/149 2662/2071/149
f 2784/2075/149 2662/2071/149 2663/2076/149
f 2783/2077/149 2784/2075/149 2663/2076/149
f 2783/2077/149 2663/2076/149 2664/2078/149
f 2783/2077/149 2664/2078/149 2665/2079/149
f 2783/2077/149 2665/2079/149 2666/2080/149
f 2782/2081/149 2783/2077/149 2666/2080/149
f 2782/2081/149 2666/2080/149 2667/2082/149
f 2782/2081/149 2667/2082/149 2668/2083/149
f 2781/2084/149 2782/2081/149 2668/2083/149
f 2781/2084/149 2668/2083/149 2669/2085/149
f 2780/2086/149 2781/2084/149 2669/2085/149
f 2780/2086/149 2669/2085/149 2670/2087/149
f 2779/2088/149 2780/2086/149 2670/2087/149
f 2779/2088/149 2670/2087/149 2671/2089/149
f 2779/2088/149 2671/2089/149 2672/2090/149
f 2778/2091/149 2779/2088/149 2672/2090/149
f 2778/2091/149 2672/2090/149 2673/2092/149
f 2777/2093/149 2778/2091/149 2673/2092/149
f 2777/2093/149 2673/2092/149 2674/2094/149
f 2776/2095/149 2777/2093/149 2674/2094/149
f 2776/2095/149 2674/2094/149 2675/2096/149
f 2775/2097/149 2776/2095/149 2675/2096/149
f 2775/2097/149 2675/2096/149 2676/2098/149
f 2775/2097/149 2676/2098/149 2677/2099/149
f 2677/2099/149 2678/2100/149 2679/2101/149
f 2775/2097/149 2677/2099/149 2679/2101/149
f 2775/2097/149 2679/2101/149 2680/2102/149
f 2775/2097/149 2680/2102/149 2681/2103/149
f 2774/2104/149 2775/2097/149 2681/2103/149
f 2774/2104/149 2681/2103/149 2682/2105/149
f 2774/2104/149 2682/2105/149 2683/2106/149
f 2774/2104/149 2683/2106/149 2684/2107/149
f 2774/2104/149 2684/2107/149 2685/2108/149
f 2774/2104/149 2685/2108/149 2686/2109/149
f 2773/2110/149 2774/2104/149 2686/2109/149
f 2773/2110/149 2686/2109/149 2687/2111/149
f 2772/2112/149 2773/2110/149 2687/2111/149
f 2772/2112/149 2687/2111/149 2688/2113/149
f 2771/2114/149 2772/2112/149 2688/2113/149
f 2770/2115/149 2771/2114/149 2688/2113/149
f 2770/2115/149 2688/2113/149 2689/2116/149
f 2769/2117/149 2770/2115/149 2689/2116/149
f 2769/2117/149 2689/2116/149 2690/2118/149
f 2768/2119/149 2769/2117/149 2690/2118/149
f 2768/2119/149 2690/2118/149 2691/2120/149
f 2768/2119/149 2691/2120/149 2692/2121/149
f 2767/2122/149 2768/2119/149 2692/2121/149
f 2767/2122/149 2692/2121/149 2693/2123/149
f 2767/2122/149 2693/2123/149 2694/2124/149
f 2766/2125/149 2767/2122/149 2694/2124/149
f 2766/2125/149 2694/2124/149 2695/2126/149
f 2766/2125/149 2695/2126/149 2696/2127/149
f 2765/2128/149 2766/2125/149 2696/2127/149
f 2765/2128/149 2696/2127/149 2697/2129/149
f 2765/2128/149 2697/2129/149 2698/2130/149
f 2764/2131/149 2765/2128/149 2698/2130/149
f 2764/2131/149 2698/2130/149 2699/2132/149
f 2763/2133/149 2764/2131/149 2699/2132/149
f 2763/2133/149 2699/2132/149 2700/2134/149
f 2763/2133/149 2700/2134/149 2701/2135/149
f 2762/2136/149 2763/2133/149 2701/2135/149
f 2762/2136/149 2701/2135/149 2702/2137/149
f 2761/2138/149 2762/2136/149 2702/2137/149
f 2761/2138/149 2702/2137/149 2703/2139/149
f 2760/2140/149 2761/2138/149 2703/2139/149
f 2760/2140/149 2703/2139/149 2704/2141/149
f 2759/2142/149 2760/2140/149 2704/2141/149
f 2758/2143/149 2759/2142/149 2704/2141/149
f 2758/2143/149 2704/2141/149 2705/2144/149
f 2757/2145/149 2758/2143/149 2705/2144/149
f 2757/2145/149 2705/2144/149 2706/2146/149
f 2756/2147/149 2757/2145/149 2706/2146/149
f 2756/2147/149 2706/2146/149 2707/2148/149
f 2755/2149/149 2756/2147/149 2707/2148/149
f 2755/2149/149 2707/2148/149 2708/2150/149
f 2754/2151/149 2755/2149/149 2708/2150/149
f 2754/2151/149 2708/2150/149 2731/2152/149
f 2731/2152/149 2708/2150/149 2709/2153/149
f 2753/2154/149 2754/2151/149 2732/2155/149
f 2732/2155/149 2754/2151/149 2731/2152/149
f 2730/2156/149 2731/2152/149 2709/2153/149
f 2753/2154/149 2732/2155/149 2733/2157/149
f 2729/2158/149 2730/2156/149 2709/2153/149
f 2753/2154/149 2733/2157/149 2734/2159/149
f 2729/2158/149 2709/2153/149 2710/2160/149
f 2728/2161/149 2729/2158/149 2710/2160/149
f 2752/2162/149 2753/2154/149 2734/2159/149
f 2752/2162/149 2734/2159/149 2735/2163/149
f 2727/2164/149 2728/2161/149 2710/2160/149
f 2727/2164/149 2710/2160/149 2711/2165/149
f 2751/2166/149 2752/2162/149 2735/2163/149
f 2751/2166/149 2735/2163/149 2736/2167/149
f 2727/2164/149 2711/2165/149 2712/2168/149
f 2726/2169/149 2727/2164/149 2712/2168/149
f 2750/2170/149 2751/2166/149 2736/2167/149
f 2726/2169/149 2712/2168/149 2713/2171/149
f 2749/2172/149 2750/2170/149 2736/2167/149
f 2726/2169/149 2713/2171/149 2714/2173/149
f 2748/2174/149 2749/2172/149 2736/2167/149
f 2726/2169/149 2714/2173/149 2715/2175/149
f 2747/2176/149 2748/2174/149 2736/2167/149
f 2747/2176/149 2736/2167/149 2737/2177/149
f 2725/2178/149 2726/2169/149 2715/2175/149
f 2725/2178/149 2715/2175/149 2716/2179/149
f 2746/2180/149 2747/2176/149 2737/2177/149
f 2725/2178/149 2716/2179/149 2717/2181/149
f 2745/2182/149 2746/2180/149 2737/2177/149
f 2725/2178/149 2717/2181/149 2718/2183/149
f 2744/2184/149 2745/2182/149 2737/2177/149
f 2725/2178/149 2718/2183/149 2719/2185/149
f 2743/2186/149 2744/2184/149 2737/2177/149
f 2725/2178/149 2719/2185/149 2720/2187/149
f 2742/2188/149 2743/2186/149 2737/2177/149
f 2725/2178/149 2720/2187/149 2721/2189/149
f 2724/2190/149 2725/2178/149 2721/2189/149
f 2741/2191/149 2742/2188/149 2737/2177/149
f 2741/2191/149 2737/2177/149 2738/2192/149
f 2724/2190/149 2721/2189/149 2722/2193/149
f 2723/2194/149 2724/2190/149 2722/2193/149
f 2740/2195/149 2741/2191/149 2738/2192/149
f 2740/2195/149 2738/2192/149 2739/2196/149
f 2883/2197/149 2884/2198/149 2885/2199/149
f 2907/2200/149 2908/2201/149 2909/2202/149
f 2907/2200/149 2909/2202/149 2910/2203/149
f 2882/2204/149 2883/2197/149 2885/2199/149
f 2882/2204/149 2885/2199/149 2886/2205/149
f 2906/2206/149 2907/2200/149 2910/2203/149
f 2906/2206/149 2910/2203/149 2911/2207/149
f 2881/2208/149 2882/2204/149 2886/2205/149
f 2881/2208/149 2886/2205/149 2887/2209/149
f 2905/2210/149 2906/2206/149 2911/2207/149
f 2905/2210/149 2911/2207/149 2912/2211/149
f 2880/2212/149 2881/2208/149 2887/2209/149
f 2880/2212/149 2887/2209/149 2888/2213/149
f 2904/2214/149 2905/2210/149 2912/2211/149
f 2904/2214/149 2912/2211/149 2913/2215/149
f 2904/2214/149 2913/2215/149 2914/2216/149
f 2879/2217/149 2880/2212/149 2888/2213/149
f 2879/2217/149 2888/2213/149 2889/2218/149
f 2903/2219/149 2904/2214/149 2914/2216/149
f 2834/2220/149 2835/2221/149 2836/2222/149
f 2834/2220/149 2836/2222/149 2837/2223/149
f 2834/2220/149 2837/2223/149 2838/2224/149
f 2834/2220/149 2838/2224/149 2839/2225/149
f 2834/2220/149 2839/2225/149 2840/2226/149
f 2834/2220/149 2840/2226/149 2841/2227/149
f 2834/2220/149 2841/2227/149 2842/2228/149
f 2834/2220/149 2842/2228/149 2843/2229/149
f 2834/2220/149 2843/2229/149 2844/2230/149
f 2834/2220/149 2844/2230/149 2845/2231/149
f 2834/2220/149 2845/2231/149 2846/2232/149
f 2834/2220/149 2846/2232/149 2847/2233/149
f 2834/2220/149 2847/2233/149 2848/2234/149
f 2833/2235/149 2834/2220/149 2848/2234/149
f 2833/2235/149 2848/2234/149 2849/2236/149
f 2832/2237/149 2833/2235/149 2849/2236/149
f 2832/2237/149 2849/2236/149 2850/2238/149
f 2831/2239/149 2832/2237/149 2850/2238/149
f 2831/2239/149 2850/2238/149 2851/2240/149
f 2830/2241/149 2831/2239/149 2851/2240/149
f 2830/2241/149 2851/2240/149 2852/2242/149
f 2903/2219/149 2914/2216/149 2915/2243/149
f 2829/2244/149 2830/2241/149 2852/2242/149
f 2829/2244/149 2852/2242/149 2853/2245/149
f 2878/2246/149 2879/2217/149 2889/2218/149
f 2878/2246/149 2889/2218/149 2890/2247/149
f 2902/2248/149 2903/2219/149 2915/2243/149
f 2829/2244/149 2853/2245/149 2854/2249/149
f 2828/2250/149 2829/2244/149 2854/2249/149
f 2828/2250/149 2854/2249/149 2855/2251/149
f 2827/2252/149 2828/2250/149 2855/2251/149
f 2902/2248/149 2915/2243/149 2916/2253/149
f 2827/2252/149 2855/2251/149 2856/2254/149
f 2826/2255/149 2827/2252/149 2856/2254/149
f 2826/2255/149 2856/2254/149 2857/2256/149
f 2825/2257/149 2826/2255/149 2857/2256/149
f 2877/2258/149 2878/2246/149 2890/2247/149
f 2877/2258/149 2890/2247/149 2891/2259/149
f 2901/2260/149 2902/2248/149 2916/2253/149
f 2825/2257/149 2857/2256/149 2858/2261/149
f 2901/2260/149 2916/2253/149 2917/2262/149
f 2824/2263/149 2825/2257/149 2858/2261/149
f 2824/2263/149 2858/2261/149 2859/2264/149
f 2823/2265/149 2824/2263/149 2859/2264/149
f 2823/2265/149 2859/2264/149 2860/2266/149
f 2822/2267/149 2823/2265/149 2860/2266/149
f 2822/2267/149 2860/2266/149 2861/2268/149
f 2901/2260/149 2917/2262/149 2918/2269/149
f 2876/2270/149 2877/2258/149 2891/2259/149
f 2876/2270/149 2891/2259/149 2892/2271/149
f 2900/2272/149 2901/2260/149 2918/2269/149
f 2822/2267/149 2861/2268/149 2862/2273/149
f 2822/2267/149 2862/2273/149 2863/2274/149
f 2900/2272/149 2918/2269/149 2919/2275/149
f 2821/2276/149 2822/2267/149 2863/2274/149
f 2875/2277/149 2876/2270/149 2892/2271/149
f 2875/2277/149 2892/2271/149 2893/2278/149
f 2899/2279/149 2900/2272/149 2919/2275/149
f 2821/2276/149 2863/2274/149 2864/2280/149
f 2899/2279/149 2919/2275/149 2920/2281/149
f 2874/2282/149 2875/2277/149 2893/2278/149
f 2874/2282/149 2893/2278/149 2894/2283/149
f 2898/2284/149 2899/2279/149 2920/2281/149
f 2821/2276/149 2864/2280/149 2865/2285/149
f 2898/2284/149 2920/2281/149 2921/2286/149
f 2821/2276/149 2865/2285/149 2866/2287/149
f 2873/2288/149 2874/2282/149 2894/2283/149
f 2897/2289/149 2898/2284/149 2921/2286/149
f 2873/2288/149 2894/2283/149 2895/2290/149
f 2820/2291/149 2821/2276/149 2866/2287/149
f 2897/2289/149 2921/2286/149 2922/2292/149
f 2820/2291/149 2866/2287/149 2867/2293/149
f 2820/2291/149 2867/2293/149 2868/2294/149
f 2897/2289/149 2922/2292/149 2923/2295/149
f 2872/2296/149 2873/2288/149 2895/2290/149
f 2896/2297/149 2897/2289/149 2923/2295/149
f 2872/2296/149 2895/2290/149 2896/2297/149
f 2820/2291/149 2868/2294/149 2869/2298/149
f 2820/2291/149 2869/2298/149 2870/2299/149
f 2896/2297/149 2923/2295/149 2924/2300/149
f 2820/2291/149 2870/2299/149 2871/2301/149
f 2820/2291/149 2871/2301/149 2872/2296/149
f 2820/2291/149 2872/2296/149 2896/2297/149
f 2820/2291/149 2896/2297/149 2924/2300/149
f 2820/2291/149 2924/2300/149 2925/2302/149
f 2819/2303/149 2820/2291/149 3113/2304/149
f 3113/2304/149 2820/2291/149 3112/2305/149
f 3112/2305/149 2820/2291/149 2925/2302/149
f 3112/2305/149 2925/2302/149 3016/2306/149
f 3016/2306/149 2925/2302/149 2926/2307/149
f 3111/2308/149 3112/2305/149 3016/2306/149
f 3111/2308/149 3016/2306/149 3017/2309/149
f 3015/2310/149 3016/2306/149 2926/2307/149
f 3014/2311/149 3015/2310/149 2926/2307/149
f 3111/2308/149 3017/2309/149 3018/2312/149
f 2819/2303/149 3113/2304/149 3114/2313/149
f 3110/2314/149 3111/2308/149 3018/2312/149
f 3013/2315/149 3014/2311/149 2926/2307/149
f 3110/2314/149 3018/2312/149 3019/2316/149
f 3012/2317/149 3013/2315/149 2926/2307/149
f 3110/2314/149 3019/2316/149 3020/2318/149
f 3012/2317/149 2926/2307/149 2927/2319/149
f 3011/2320/149 3012/2317/149 2927/2319/149
f 3110/2314/149 3020/2318/149 3021/2321/149
f 2819/2303/149 3114/2313/149 3115/2322/149
f 3109/2323/149 3110/2314/149 3021/2321/149
f 3010/2324/149 3011/2320/149 2927/2319/149
f 3109/2323/149 3021/2321/149 3022/2325/149
f 3009/2326/149 3010/2324/149 2927/2319/149
f 3109/2323/149 3022/2325/149 3023/2327/149
f 2819/2303/149 3115/2322/149 3116/2328/149
f 3008/2329/149 3009/2326/149 2927/2319/149
f 3108/2330/149 3109/2323/149 3023/2327/149
f 3108/2330/149 3023/2327/149 3024/2331/149
f 3007/2332/149 3008/2329/149 2927/2319/149
f 3007/2332/149 2927/2319/149 2928/2333/149
f 3108/2330/149 3024/2331/149 3025/2334/149
f 2819/2303/149 3116/2328/149 3117/2335/149
f 3006/2336/149 3007/2332/149 2928/2333/149
f 3107/2337/149 3108/2330/149 3025/2334/149
f 3107/2337/149 3025/2334/149 3026/2338/149
f 3005/2339/149 3006/2336/149 2928/2333/149
f 3107/2337/149 3026/2338/149 3027/2340/149
f 3005/2339/149 2928/2333/149 2929/2341/149
f 2818/2342/149 2819/2303/149 3117/2335/149
f 2818/2342/149 3117/2335/149 3118/2343/149
f 3106/2344/149 3107/2337/149 3027/2340/149
f 3106/2344/149 3027/2340/149 3028/2345/149
f 3004/2346/149 3005/2339/149 2929/2341/149
f 3106/2344/149 3028/2345/149 3029/2347/149
f 3003/2348/149 3004/2346/149 2929/2341/149
f 3003/2348/149 2929/2341/149 2930/2349/149
f 2818/2342/149 3118/2343/149 3119/2350/149
f 3105/2351/149 3106/2344/149 3029/2347/149
f 3105/2351/149 3029/2347/149 3030/2352/149
f 3002/2353/149 3003/2348/149 2930/2349/149
f 3105/2351/149 3030/2352/149 3031/2354/149
f 3001/2355/149 3002/2353/149 2930/2349/149
f 3001/2355/149 2930/2349/149 2931/2356/149
f 2818/2342/149 3119/2350/149 3120/2357/149
f 3104/2358/149 3105/2351/149 3031/2354/149
f 3104/2358/149 3031/2354/149 3032/2359/149
f 3000/2360/149 3001/2355/149 2931/2356/149
f 3104/2358/149 3032/2359/149 3033/2361/149
f 2999/2362/149 3000/2360/149 2931/2356/149
f 2999/2362/149 2931/2356/149 2932/2363/149
f 2818/2342/149 3120/2357/149 3121/2364/149
f 3103/2365/149 3104/2358/149 3033/2361/149
f 3103/2365/149 3033/2361/149 3034/2366/149
f 2998/2367/149 2999/2362/149 2932/2363/149
f 2998/2367/149 2932/2363/149 2933/2368/149
f 3103/2365/149 3034/2366/149 3035/2369/149
f 2997/2370/149 2998/2367/149 2933/2368/149
f 2818/2342/149 3121/2364/149 3122/2371/149
f 2817/2372/149 2818/2342/149 3122/2371/149
f 3102/2373/149 3103/2365/149 3035/2369/149
f 2997/2370/149 2933/2368/149 2934/2374/149
f 3102/2373/149 3035/2369/149 3036/2375/149
f 2996/2376/149 2997/2370/149 2934/2374/149
f 3102/2373/149 3036/2375/149 3037/2377/149
f 2817/2372/149 3122/2371/149 3123/2378/149
f 3101/2379/149 3102/2373/149 3037/2377/149
f 2995/2380/149 2996/2376/149 2934/2374/149
f 2995/2380/149 2934/2374/149 2935/2381/149
f 3101/2379/149 3037/2377/149 3038/2382/149
f 2994/2383/149 2995/2380/149 2935/2381/149
f 3101/2379/149 3038/2382/149 3039/2384/149
f 2817/2372/149 3123/2378/149 3124/2385/149
f 3100/2386/149 3101/2379/149 3039/2384/149
f 2993/2387/149 2994/2383/149 2935/2381/149
f 3100/2386/149 3039/2384/149 3040/2388/149
f 2992/2389/149 2993/2387/149 2935/2381/149
f 2992/2389/149 2935/2381/149 2936/2390/149
f 2817/2372/149 3124/2385/149 3125/2391/149
f 3099/2392/149 3100/2386/149 3040/2388/149
f 3099/2392/149 3040/2388/149 3041/2393/149
f 2991/2394/149 2992/2389/149 2936/2390/149
f 2817/2372/149 3125/2391/149 3126/2395/149
f 3099/2392/149 3041/2393/149 3042/2396/149
f 3098/2397/149 3099/2392/149 3042/2396/149
f 2990/2398/149 2991/2394/149 2936/2390/149
f 2816/2399/149 2817/2372/149 3126/2395/149
f 2816/2399/149 3126/2395/149 3127/2400/149
f 3098/2397/149 3042/2396/149 3043/2401/149
f 3097/2402/149 3098/2397/149 3043/2401/149
f 2989/2403/149 2990/2398/149 2936/2390/149
f 2989/2403/149 2936/2390/149 2937/2404/149
f 2816/2399/149 3127/2400/149 3128/2405/149
f 3097/2402/149 3043/2401/149 3044/2406/149
f 3096/2407/149 3097/2402/149 3044/2406/149
f 2988/2408/149 2989/2403/149 2937/2404/149
f 2988/2408/149 2937/2404/149 2938/2409/149
f 2816/2399/149 3128/2405/149 3129/2410/149
f 3096/2407/149 3044/2406/149 3045/2411/149
f 3095/2412/149 3096/2407/149 3045/2411/149
f 2987/2413/149 2988/2408/149 2938/2409/149
f 2815/2414/149 2816/2399/149 3129/2410/149
f 2815/2414/149 3129/2410/149 3130/2415/149
f 3095/2412/149 3045/2411/149 3046/2416/149
f 3094/2417/149 3095/2412/149 3046/2416/149
f 2986/2418/149 2987/2413/149 2938/2409/149
f 2986/2418/149 2938/2409/149 2939/2419/149
f 2815/2414/149 3130/2415/149 3131/2420/149
f 3094/2417/149 3046/2416/149 3047/2421/149
f 3093/2422/149 3094/2417/149 3047/2421/149
f 2985/2423/149 2986/2418/149 2939/2419/149
f 2814/2424/149 2815/2414/149 3131/2420/149
f 2985/2423/149 2939/2419/149 2940/2425/149
f 2814/2424/149 3131/2420/149 3132/2426/149
f 3093/2422/149 3047/2421/149 3048/2427/149
f 3092/2428/149 3093/2422/149 3048/2427/149
f 2984/2429/149 2985/2423/149 2940/2425/149
f 2984/2429/149 2940/2425/149 2941/2430/149
f 2813/2431/149 2814/2424/149 3132/2426/149
f 2813/2431/149 3132/2426/149 3133/2432/149
f 3092/2428/149 3048/2427/149 3049/2433/149
f 3091/2434/149 3092/2428/149 3049/2433/149
f 2983/2435/149 2984/2429/149 2941/2430/149
f 2983/2435/149 2941/2430/149 2942/2436/149
f 2813/2431/149 3133/2432/149 3134/2437/149
f 3091/2434/149 3049/2433/149 3050/2438/149
f 3090/2439/149 3091/2434/149 3050/2438/149
f 2982/2440/149 2983/2435/149 2942/2436/149
f 2812/2441/149 2813/2431/149 3134/2437/149
f 2982/2440/149 2942/2436/149 2943/2442/149
f 2812/2441/149 3134/2437/149 3135/2443/149
f 3090/2439/149 3050/2438/149 3051/2444/149
f 3089/2445/149 3090/2439/149 3051/2444/149
f 2981/2446/149 2982/2440/149 2943/2442/149
f 2811/2447/149 2812/2441/149 3135/2443/149
f 2981/2446/149 2943/2442/149 2944/2448/149
f 2811/2447/149 3135/2443/149 2786/2449/149
f 3089/2445/149 3051/2444/149 3052/2450/149
f 3088/2451/149 3089/2445/149 3052/2450/149
f 2980/2452/149 2981/2446/149 2944/2448/149
f 2811/2447/149 2786/2449/149 2787/2453/149
f 3087/2454/149 3088/2451/149 3052/2450/149
f 3087/2454/149 3052/2450/149 3053/2455/149
f 2979/2456/149 2980/2452/149 2944/2448/149
f 2979/2456/149 2944/2448/149 2945/2457/149
f 2810/2458/149 2811/2447/149 2787/2453/149
f 3086/2459/149 3087/2454/149 3053/2455/149
f 2978/2460/149 2979/2456/149 2945/2457/149
f 2810/2458/149 2787/2453/149 2788/2461/149
f 3086/2459/149 3053/2455/149 3054/2462/149
f 2978/2460/149 2945/2457/149 2946/2463/149
f 2809/2464/149 2810/2458/149 2788/2461/149
f 3085/2465/149 3086/2459/149 3054/2462/149
f 2977/2466/149 2978/2460/149 2946/2463/149
f 2809/2464/149 2788/2461/149 2789/2467/149
f 3085/2465/149 3054/2462/149 3055/2468/149
f 2977/2466/149 2946/2463/149 2947/2469/149
f 2808/2470/149 2809/2464/149 2789/2467/149
f 3084/2471/149 3085/2465/149 3055/2468/149
f 2976/2472/149 2977/2466/149 2947/2469/149
f 2808/2470/149 2789/2467/149 2790/2473/149
f 3084/2471/149 3055/2468/149 3056/2474/149
f 2976/2472/149 2947/2469/149 2948/2475/149
f 2807/2476/149 2808/2470/149 2790/2473/149
f 3083/2477/149 3084/2471/149 3056/2474/149
f 2975/2478/149 2976/2472/149 2948/2475/149
f 2807/2476/149 2790/2473/149 2791/2479/149
f 3083/2477/149 3056/2474/149 3057/2480/149
f 2975/2478/149 2948/2475/149 2949/2481/149
f 2806/2482/149 2807/2476/149 2791/2479/149
f 3082/2483/149 3083/2477/149 3057/2480/149
f 2974/2484/149 2975/2478/149 2949/2481/149
f 2806/2482/149 2791/2479/149 2792/2485/149
f 3082/2483/149 3057/2480/149 3058/2486/149
f 2974/2484/149 2949/2481/149 2950/2487/149
f 2805/2488/149 2806/2482/149 2792/2485/149
f 3081/2489/149 3082/2483/149 3058/2486/149
f 2973/2490/149 2974/2484/149 2950/2487/149
f 2805/2488/149 2792/2485/149 2793/2491/149
f 3081/2489/149 3058/2486/149 3059/2492/149
f 2973/2490/149 2950/2487/149 2951/2493/149
f 2804/2494/149 2805/2488/149 2793/2491/149
f 3080/2495/149 3081/2489/149 3059/2492/149
f 2972/2496/149 2973/2490/149 2951/2493/149
f 2803/2497/149 2804/2494/149 2793/2491/149
f 2803/2497/149 2793/2491/149 2794/2498/149
f 3080/2495/149 3059/2492/149 3060/2499/149
f 2972/2496/149 2951/2493/149 2952/2500/149
f 3079/2501/149 3080/2495/149 3060/2499/149
f 2971/2502/149 2972/2496/149 2952/2500/149
f 2802/2503/149 2803/2497/149 2794/2498/149
f 2802/2503/149 2794/2498/149 2795/2504/149
f 3079/2501/149 3060/2499/149 3061/2505/149
f 2971/2502/149 2952/2500/149 2953/2506/149
f 3078/2507/149 3079/2501/149 3061/2505/149
f 2970/2508/149 2971/2502/149 2953/2506/149
f 2801/2509/149 2802/2503/149 2795/2504/149
f 2801/2509/149 2795/2504/149 2796/2510/149
f 3078/2507/149 3061/2505/149 3062/2511/149
f 2970/2508/149 2953/2506/149 2954/2512/149
f 3077/2513/149 3078/2507/149 3062/2511/149
f 2969/2514/149 2970/2508/149 2954/2512/149
f 2800/2515/149 2801/2509/149 2796/2510/149
f 2800/2515/149 2796/2510/149 2797/2516/149
f 3077/2513/149 3062/2511/149 3063/2517/149
f 2969/2514/149 2954/2512/149 2955/2518/149
f 3076/2519/149 3077/2513/149 3063/2517/149
f 2968/2520/149 2969/2514/149 2955/2518/149
f 2799/2521/149 2800/2515/149 2797/2516/149
f 2799/2521/149 2797/2516/149 2798/2522/149
f 3076/2519/149 3063/2517/149 3064/2523/149
f 2968/2520/149 2955/2518/149 2956/2524/149
f 3075/2525/147 3076/2519/147 3064/2523/147
f 3074/2526/147 3075/2525/147 3064/2523/147
f 3073/2527/147 3074/2526/147 3064/2523/147
f 3072/2528/147 3073/2527/147 3064/2523/147
f 3071/2529/147 3072/2528/147 3064/2523/147
f 3070/2530/149 3071/2529/149 3064/2523/149
f 3069/2531/147 3070/2530/147 3064/2523/147
f 3068/2532/147 3069/2531/147 3064/2523/147
f 3067/2533/149 3068/2532/149 3064/2523/149
f 3066/2534/147 3067/2533/147 3064/2523/147
f 3065/2535/147 3066/2534/147 3064/2523/147
f 2967/2536/149 2968/2520/149 2956/2524/149
f 2966/2537/147 2967/2536/147 2956/2524/147
f 2965/2538/147 2966/2537/147 2956/2524/147
f 2964/2539/147 2965/2538/147 2956/2524/147
f 2963/2540/147 2964/2539/147 2956/2524/147
f 2962/2541/147 2963/2540/147 2956/2524/147
f 2961/2542/147 2962/2541/147 2956/2524/147
f 2960/2543/147 2961/2542/147 2956/2524/147
f 2959/2544/147 2960/2543/147 2956/2524/147
f 2958/2545/147 2959/2544/147 2956/2524/147
f 2957/2546/147 2958/2545/147 2956/2524/147
f 3147/2547/149 3148/2548/149 3149/2549/149
f 3146/2550/149 3147/2547/149 3149/2549/149
f 3146/2550/149 3149/2549/149 3150/2551/149
f 3145/2552/149 3146/2550/149 3150/2551/149
f 3145/2552/149 3150/2551/149 3151/2553/149
f 3144/2554/149 3145/2552/149 3151/2553/149
f 3144/2554/149 3151/2553/149 3152/2555/149
f 3143/2556/149 3144/2554/149 3152/2555/149
f 3143/2556/149 3152/2555/149 3153/2557/149
f 3142/2558/149 3143/2556/149 3153/2557/149
f 3142/2558/149 3153/2557/149 3154/2559/149
f 3141/2560/149 3142/2558/149 3154/2559/149
f 3141/2560/149 3154/2559/149 3196/2561/149
f 3196/2561/149 3154/2559/149 3155/2562/149
f 3141/2560/149 3196/2561/149 3197/2563/149
f 3195/2564/153 3196/2561/153 3155/2562/153
f 3194/2565/149 3195/2564/149 3155/2562/149
f 3193/2566/149 3194/2565/149 3155/2562/149
f 3141/2560/149 3197/2563/149 3198/2567/149
f 3192/2568/149 3193/2566/149 3155/2562/149
f 3140/2569/149 3141/2560/149 3198/2567/149
f 3191/2570/149 3192/2568/149 3155/2562/149
f 3191/2570/149 3155/2562/149 3156/2571/149
f 3140/2569/149 3198/2567/149 3199/2572/149
f 3190/2573/149 3191/2570/149 3156/2571/149
f 3189/2574/149 3190/2573/149 3156/2571/149
f 3188/2575/149 3189/2574/149 3156/2571/149
f 3140/2569/149 3199/2572/149 3200/2576/149
f 3187/2577/149 3188/2575/149 3156/2571/149
f 3186/2578/149 3187/2577/149 3156/2571/149
f 3140/2569/149 3200/2576/149 3201/2579/149
f 3185/2580/149 3186/2578/149 3156/2571/149
f 3139/2581/149 3140/2569/149 3201/2579/149
f 3185/2580/149 3156/2571/149 3157/2582/149
f 3184/2583/149 3185/2580/149 3157/2582/149
f 3139/2581/149 3201/2579/149 3202/2584/149
f 3243/2585/149 3184/2583/149 3157/2582/149
f 3139/2581/149 3202/2584/149 3203/2586/149
f 3242/2587/149 3243/2585/149 3157/2582/149
f 3138/2588/149 3139/2581/149 3203/2586/149
f 3241/2589/149 3242/2587/149 3157/2582/149
f 3241/2589/149 3157/2582/149 3158/2590/149
f 3138/2588/149 3203/2586/149 3204/2591/149
f 3240/2592/149 3241/2589/149 3158/2590/149
f 3138/2588/149 3204/2591/149 3205/2593/149
f 3239/2594/149 3240/2592/149 3158/2590/149
f 3137/2595/149 3138/2588/149 3205/2593/149
f 3238/2596/149 3239/2594/149 3158/2590/149
f 3238/2596/149 3158/2590/149 3159/2597/149
f 3137/2595/149 3205/2593/149 3206/2598/149
f 3237/2599/149 3238/2596/149 3159/2597/149
f 3236/2600/149 3237/2599/149 3159/2597/149
f 3137/2595/149 3206/2598/149 3207/2601/149
f 3136/2602/149 3137/2595/149 3207/2601/149
f 3235/2603/149 3236/2600/149 3159/2597/149
f 3235/2603/149 3159/2597/149 3160/2604/149
f 3136/2602/149 3207/2601/149 3208/2605/149
f 3234/2606/149 3235/2603/149 3160/2604/149
f 3136/2602/149 3208/2605/149 3209/2607/149
f 3233/2608/149 3234/2606/149 3160/2604/149
f 3232/2609/149 3233/2608/149 3160/2604/149
f 3183/2610/149 3136/2602/149 3209/2607/149
f 3183/2610/149 3209/2607/149 3210/2611/149
f 3232/2609/149 3160/2604/149 3161/2612/149
f 3231/2613/149 3232/2609/149 3161/2612/149
f 3183/2610/149 3210/2611/149 3211/2614/149
f 3230/2615/149 3231/2613/149 3161/2612/149
f 3182/2616/149 3183/2610/149 3211/2614/149
f 3182/2616/149 3211/2614/149 3212/2617/149
f 3229/2618/149 3230/2615/149 3161/2612/149
f 3229/2618/149 3161/2612/149 3162/2619/149
f 3228/2620/149 3229/2618/149 3162/2619/149
f 3182/2616/149 3212/2617/149 3213/2621/149
f 3181/2622/149 3182/2616/149 3213/2621/149
f 3228/2620/149 3162/2619/149 3163/2623/149
f 3227/2624/149 3228/2620/149 3163/2623/149
f 3181/2622/149 3213/2621/149 3214/2625/149
f 3226/2626/149 3227/2624/149 3163/2623/149
f 3181/2622/149 3214/2625/149 3215/2627/149
f 3180/2628/149 3181/2622/149 3215/2627/149
f 3226/2626/149 3163/2623/149 3164/2629/149
f 3225/2630/149 3226/2626/149 3164/2629/149
f 3180/2628/149 3215/2627/149 3216/2631/149
f 3224/2632/149 3225/2630/149 3164/2629/149
f 3180/2628/149 3216/2631/149 3217/2633/149
f 3179/2634/149 3180/2628/149 3217/2633/149
f 3224/2632/149 3164/2629/149 3165/2635/149
f 3223/2636/149 3224/2632/149 3165/2635/149
f 3179/2634/149 3217/2633/149 3218/2637/149
f 3222/2638/149 3223/2636/149 3165/2635/149
f 3179/2634/149 3218/2637/149 3219/2639/149
f 3221/2640/149 3222/2638/149 3165/2635/149
f 3178/2641/149 3179/2634/149 3219/2639/149
f 3221/2640/149 3165/2635/149 3166/2642/149
f 3178/2641/149 3219/2639/149 3220/2643/149
f 3220/2643/149 3221/2640/149 3166/2642/149
f 3178/2641/149 3220/2643/149 3166/2642/149
f 3177/2644/149 3178/2641/149 3166/2642/149
f 3177/2644/149 3166/2642/149 3167/2645/149
f 3176/2646/149 3177/2644/149 3167/2645/149
f 3176/2646/149 3167/2645/149 3168/2647/149
f 3175/2648/149 3176/2646/149 3168/2647/149
f 3175/2648/149 3168/2647/149 3169/2649/149
f 3174/2650/149 3175/2648/149 3169/2649/149
f 3174/2650/149 3169/2649/149 3170/2651/149
f 3173/2652/149 3174/2650/149 3170/2651/149
f 3173/2652/149 3170/2651/149 3171/2653/149
f 3172/2654/149 3173/2652/149 3171/2653/149
f 3460/2655/149 3461/2656/149 3462/2657/149
f 3460/2655/149 3462/2657/149 3463/2658/149
f 3459/2659/149 3460/2655/149 3463/2658/149
f 3459/2659/149 3463/2658/149 3464/2660/149
f 3459/2659/149 3464/2660/149 3465/2661/149
f 3458/2662/149 3459/2659/149 3465/2661/149
f 3458/2662/149 3465/2661/149 3466/2663/149
f 3457/2664/149 3458/2662/149 3466/2663/149
f 3457/2664/149 3466/2663/149 3467/2665/149
f 3457/2664/149 3467/2665/149 3468/2666/149
f 3456/2667/149 3457/2664/149 3468/2666/149
f 3456/2667/149 3468/2666/149 3469/2668/149
f 3456/2667/149 3469/2668/149 3470/2669/149
f 3455/2670/149 3456/2667/149 3470/2669/149
f 3455/2670/149 3470/2669/149 3471/2671/149
f 3454/2672/149 3455/2670/149 3471/2671/149
f 3454/2672/149 3471/2671/149 3472/2673/149
f 3454/2672/149 3472/2673/149 3473/2674/149
f 3453/2675/149 3454/2672/149 3473/2674/149
f 3453/2675/149 3473/2674/149 3474/2676/149
f 3452/2677/149 3453/2675/149 3474/2676/149
f 3452/2677/149 3474/2676/149 3475/2678/149
f 3452/2677/149 3475/2678/149 3476/2679/149
f 3451/2680/149 3452/2677/149 3476/2679/149
f 3451/2680/149 3476/2679/149 3477/2681/149
f 3451/2680/149 3477/2681/149 3401/2682/149
f 3401/2682/149 3477/2681/149 3400/2683/149
f 3400/2683/149 3477/2681/149 3478/2684/149
f 3450/2685/149 3451/2680/149 3402/2686/149
f 3402/2686/149 3451/2680/149 3401/2682/149
f 3399/2687/149 3400/2683/149 3478/2684/149
f 3450/2685/149 3402/2686/149 3403/2688/149
f 3398/2689/149 3399/2687/149 3478/2684/149
f 3397/2690/149 3398/2689/149 3478/2684/149
f 3450/2685/149 3403/2688/149 3404/2691/149
f 3396/2692/149 3397/2690/149 3478/2684/149
f 3450/2685/149 3404/2691/149 3405/2693/149
f 3395/2694/149 3396/2692/149 3478/2684/149
f 3394/2695/149 3395/2694/149 3478/2684/149
f 3450/2685/149 3405/2693/149 3406/2696/149
f 3394/2695/149 3478/2684/149 3479/2697/149
f 3393/2698/149 3394/2695/149 3479/2697/149
f 3450/2685/149 3406/2696/149 3407/2699/149
f 3392/2700/149 3393/2698/149 3479/2697/149
f 3391/2701/149 3392/2700/149 3479/2697/149
f 3450/2685/149 3407/2699/149 3408/2702/149
f 3390/2703/149 3391/2701/149 3479/2697/149
f 3449/2704/149 3450/2685/149 3408/2702/149
f 3449/2704/149 3408/2702/149 3409/2705/149
f 3389/2706/149 3390/2703/149 3479/2697/149
f 3389/2706/149 3479/2697/149 3480/2707/149
f 3388/2708/149 3389/2706/149 3480/2707/149
f 3449/2704/149 3409/2705/149 3410/2709/149
f 3387/2710/149 3388/2708/149 3480/2707/149
f 3449/2704/149 3410/2709/149 3411/2711/149
f 3387/2710/149 3480/2707/149 3481/2712/149
f 3386/2713/149 3387/2710/149 3481/2712/149
f 3449/2704/149 3411/2711/149 3412/2714/149
f 3385/2715/149 3386/2713/149 3481/2712/149
f 3448/2716/149 3449/2704/149 3412/2714/149
f 3384/2717/149 3385/2715/149 3481/2712/149
f 3447/2718/149 3448/2716/149 3412/2714/149
f 3447/2718/149 3412/2714/149 3413/2719/149
f 3384/2717/149 3481/2712/149 3482/2720/149
f 3446/2721/149 3447/2718/149 3413/2719/149
f 3383/2722/149 3384/2717/149 3482/2720/149
f 3445/2723/149 3446/2721/149 3413/2719/149
f 3444/2724/149 3445/2723/149 3413/2719/149
f 3443/2725/149 3444/2724/149 3413/2719/149
f 3443/2725/149 3413/2719/149 3414/2726/149
f 3382/2727/149 3383/2722/149 3482/2720/149
f 3442/2728/149 3443/2725/149 3414/2726/149
f 3442/2728/149 3414/2726/149 3415/2729/149
f 3441/2730/149 3442/2728/149 3415/2729/149
f 3440/2731/149 3441/2730/149 3415/2729/149
f 3440/2731/149 3415/2729/149 3416/2732/149
f 3439/2733/149 3440/2731/149 3416/2732/149
f 3438/2734/149 3439/2733/149 3416/2732/149
f 3438/2734/149 3416/2732/149 3417/2735/149
f 3381/2736/149 3382/2727/149 3482/2720/149
f 3437/2737/149 3438/2734/149 3417/2735/149
f 3381/2736/149 3482/2720/149 3483/2738/149
f 3436/2739/149 3437/2737/149 3417/2735/149
f 3435/2740/149 3436/2739/149 3417/2735/149
f 3434/2741/149 3435/2740/149 3417/2735/149
f 3434/2741/149 3417/2735/149 3418/2742/149
f 3433/2743/149 3434/2741/149 3418/2742/149
f 3432/2744/149 3433/2743/149 3418/2742/149
f 3432/2744/149 3418/2742/149 3419/2745/149
f 3431/2746/149 3432/2744/149 3419/2745/149
f 3431/2746/149 3419/2745/149 3420/2747/149
f 3430/2748/149 3431/2746/149 3420/2747/149
f 3380/2749/149 3381/2736/149 3483/2738/149
f 3430/2748/149 3420/2747/149 3421/2750/149
f 3429/2751/149 3430/2748/149 3421/2750/149
f 3429/2751/149 3421/2750/149 3422/2752/149
f 3428/2753/149 3429/2751/149 3422/2752/149
f 3428/2753/149 3422/2752/149 3423/2754/149
f 3427/2755/149 3428/2753/149 3423/2754/149
f 3427/2755/149 3423/2754/149 3424/2756/149
f 3426/2757/149 3427/2755/149 3424/2756/149
f 3426/2757/149 3424/2756/149 3425/2758/149
f 3379/2759/149 3380/2749/149 3483/2738/149
f 3379/2759/149 3483/2738/149 3484/2760/149
f 3378/2761/149 3379/2759/149 3484/2760/149
f 3377/2762/149 3378/2761/149 3484/2760/149
f 3376/2763/149 3377/2762/149 3484/2760/149
f 3375/2764/149 3376/2763/149 3484/2760/149
f 3375/2764/149 3484/2760/149 3485/2765/149
f 3374/2766/149 3375/2764/149 3485/2765/149
f 3373/2767/149 3374/2766/149 3485/2765/149
f 3372/2768/149 3373/2767/149 3485/2765/149
f 3371/2769/149 3372/2768/149 3485/2765/149
f 3370/2770/149 3371/2769/149 3485/2765/149
f 3369/2771/149 3370/2770/149 3485/2765/149
f 3368/2772/149 3369/2771/149 3485/2765/149
f 3367/2773/149 3368/2772/149 3485/2765/149
f 3366/2774/149 3367/2773/149 3485/2765/149
f 3365/2775/149 3366/2774/149 3485/2765/149
f 3364/2776/149 3365/2775/149 3485/2765/149
f 3363/2777/149 3364/2776/149 3485/2765/149
f 3362/2778/149 3363/2777/149 3485/2765/149
f 3362/2778/149 3485/2765/149 3486/2779/149
f 3361/2780/149 3362/2778/149 3486/2779/149
f 3360/2781/149 3361/2780/149 3486/2779/149
f 3360/2781/149 3486/2779/149 3487/2782/149
f 3359/2783/149 3360/2781/149 3487/2782/149
f 3358/2784/149 3359/2783/149 3487/2782/149
f 3357/2785/149 3358/2784/149 3487/2782/149
f 3357/2785/149 3487/2782/149 3488/2786/149
f 3356/2787/149 3357/2785/149 3488/2786/149
f 3355/2788/149 3356/2787/149 3488/2786/149
f 3354/2789/149 3355/2788/149 3488/2786/149
f 3354/2789/149 3488/2786/149 3489/2790/149
f 3353/2791/149 3354/2789/149 3489/2790/149
f 3352/2792/149 3353/2791/149 3489/2790/149
f 3351/2793/149 3352/2792/149 3489/2790/149
f 3351/2793/149 3489/2790/149 3490/2794/149
f 3350/2795/149 3351/2793/149 3490/2794/149
f 3349/2796/149 3350/2795/149 3490/2794/149
f 3349/2796/149 3490/2794/149 3491/2797/149
f 3348/2798/149 3349/2796/149 3257/2799/149
f 3257/2799/149 3349/2796/149 3491/2797/149
f 3348/2798/149 3257/2799/149 3258/2800/149
f 3256/2801/149 3257/2799/149 3491/2797/149
f 3348/2798/149 3258/2800/149 3259/2802/149
f 3348/2798/149 3259/2802/149 3260/2803/149
f 3256/2801/149 3491/2797/149 3492/2804/149
f 3347/2805/149 3348/2798/149 3260/2803/149
f 3347/2805/149 3260/2803/149 3261/2806/149
f 3347/2805/149 3261/2806/149 3262/2807/149
f 3347/2805/149 3262/2807/149 3263/2808/149
f 3346/2809/149 3347/2805/149 3263/2808/149
f 3346/2809/149 3263/2808/149 3264/2810/149
f 3256/2801/149 3492/2804/149 3493/2811/149
f 3255/2812/149 3256/2801/149 3493/2811/149
f 3346/2809/149 3264/2810/149 3265/2813/149
f 3345/2814/149 3346/2809/149 3265/2813/149
f 3254/2815/149 3255/2812/149 3493/2811/149
f 3345/2814/149 3265/2813/149 3266/2816/149
f 3254/2815/149 3493/2811/149 3494/2817/149
f 3253/2818/149 3254/2815/149 3494/2817/149
f 3344/2819/149 3345/2814/149 3266/2816/149
f 3344/2819/149 3266/2816/149 3267/2820/149
f 3252/2821/149 3253/2818/149 3494/2817/149
f 3252/2821/149 3494/2817/149 3495/2822/149
f 3251/2823/149 3252/2821/149 3495/2822/149
f 3343/2824/149 3344/2819/149 3267/2820/149
f 3343/2824/149 3267/2820/149 3268/2825/149
f 3250/2826/149 3251/2823/149 3495/2822/149
f 3250/2826/149 3495/2822/149 3496/2827/149
f 3249/2828/149 3250/2826/149 3496/2827/149
f 3249/2828/149 3496/2827/149 3497/2829/149
f 3342/2830/149 3343/2824/149 3268/2825/149
f 3249/2828/149 3497/2829/149 3498/2831/149
f 3342/2830/149 3268/2825/149 3269/2832/149
f 3248/2833/149 3249/2828/149 3498/2831/149
f 3248/2833/149 3498/2831/149 3499/2834/149
f 3247/2835/149 3248/2833/149 3499/2834/149
f 3341/2836/149 3342/2830/149 3269/2832/149
f 3341/2836/149 3269/2832/149 3270/2837/149
f 3247/2835/149 3499/2834/149 3500/2838/149
f 3246/2839/149 3247/2835/149 3500/2838/149
f 3245/2840/149 3246/2839/149 3500/2838/149
f 3245/2840/149 3500/2838/149 3501/2841/149
f 3341/2836/149 3270/2837/149 3271/2842/149
f 3340/2843/149 3341/2836/149 3271/2842/149
f 3244/2844/149 3245/2840/149 3501/2841/149
f 3244/2844/149 3501/2841/149 3502/2845/149
f 3340/2843/149 3271/2842/149 3272/2846/149
f 3244/2844/149 3502/2845/149 3503/2847/149
f 3292/2848/149 3244/2844/149 3503/2847/149
f 3340/2843/149 3272/2846/149 3273/2849/149
f 3292/2848/149 3503/2847/149 3504/2850/149
f 3291/2851/149 3292/2848/149 3504/2850/149
f 3340/2843/149 3273/2849/149 3274/2852/149
f 3290/2853/149 3291/2851/149 3504/2850/149
f 3290/2853/149 3504/2850/149 3505/2854/149
f 3339/2855/149 3340/2843/149 3274/2852/149
f 3339/2855/149 3274/2852/149 3275/2856/149
f 3289/2857/149 3290/2853/149 3505/2854/149
f 3289/2857/149 3505/2854/149 3506/2858/149
f 3288/2859/149 3289/2857/149 3506/2858/149
f 3339/2855/149 3275/2856/149 3276/2860/149
f 3288/2859/149 3506/2858/149 3507/2861/149
f 3287/2862/149 3288/2859/149 3507/2861/149
f 3339/2855/149 3276/2860/149 3277/2863/149
f 3287/2862/149 3507/2861/149 3508/2864/149
f 3286/2865/149 3287/2862/149 3508/2864/149
f 3339/2855/149 3277/2863/149 3278/2866/149
f 3285/2867/149 3286/2865/149 3508/2864/149
f 3338/2868/149 3339/2855/149 3278/2866/149
f 3285/2867/149 3508/2864/149 3509/2869/149
f 3284/2870/149 3285/2867/149 3509/2869/149
f 3338/2868/149 3278/2866/149 3279/2871/149
f 3283/2872/149 3284/2870/149 3509/2869/149
f 3338/2868/149 3279/2871/149 3280/2873/149
f 3282/2874/149 3283/2872/149 3509/2869/149
f 3338/2868/149 3280/2873/149 3281/2875/149
f 3282/2874/149 3509/2869/149 3510/2876/149
f 3281/2875/149 3282/2874/149 3510/2876/149
f 3338/2868/149 3281/2875/149 3510/2876/149
f 3338/2868/149 3510/2876/149 3511/2877/149
f 3338/2868/149 3511/2877/149 3512/2878/149
f 3338/2868/149 3512/2878/149 3513/2879/149
f 3338/2868/149 3513/2879/149 3514/2880/149
f 3338/2868/149 3514/2880/149 3515/2881/149
f 3337/2882/149 3338/2868/149 3515/2881/149
f 3337/2882/149 3515/2881/149 3516/2883/149
f 3337/2882/149 3516/2883/149 3517/2884/149
f 3337/2882/149 3517/2884/149 3518/2885/149
f 3337/2882/149 3518/2885/149 3519/2886/149
f 3337/2882/149 3519/2886/149 3520/2887/149
f 3337/2882/149 3520/2887/149 3317/2888/149
f 3317/2888/149 3520/2887/149 3521/2889/149
f 3317/2888/149 3521/2889/149 3522/2890/149
f 3337/2882/149 3317/2888/149 3318/2891/149
f 3316/2892/149 3317/2888/149 3522/2890/149
f 3316/2892/149 3522/2890/149 3523/2893/149
f 3336/2894/149 3337/2882/149 3318/2891/149
f 3315/2895/149 3316/2892/149 3523/2893/149
f 3315/2895/149 3523/2893/149 3524/2896/149
f 3314/2897/149 3315/2895/149 3524/2896/149
f 3336/2894/149 3318/2891/149 3319/2898/149
f 3314/2897/149 3524/2896/149 3525/2899/149
f 3313/2900/149 3314/2897/149 3525/2899/149
f 3313/2900/149 3525/2899/149 3526/2901/149
f 3335/2902/149 3336/2894/149 3319/2898/149
f 3312/2903/149 3313/2900/149 3526/2901/149
f 3335/2902/149 3319/2898/149 3320/2904/149
f 3312/2903/149 3526/2901/149 3527/2905/149
f 3311/2906/149 3312/2903/149 3527/2905/149
f 3311/2906/149 3527/2905/149 3528/2907/149
f 3310/2908/149 3311/2906/149 3528/2907/149
f 3334/2909/149 3335/2902/149 3320/2904/149
f 3334/2909/149 3320/2904/149 3321/2910/149
f 3310/2908/149 3528/2907/149 3529/2911/149
f 3309/2912/149 3310/2908/149 3529/2911/149
f 3308/2913/149 3309/2912/149 3529/2911/149
f 3308/2913/149 3529/2911/149 3530/2914/149
f 3334/2909/149 3321/2910/149 3322/2915/149
f 3333/2916/149 3334/2909/149 3322/2915/149
f 3307/2917/149 3308/2913/149 3530/2914/149
f 3307/2917/149 3530/2914/149 3531/2918/149
f 3333/2916/149 3322/2915/149 3323/2919/149
f 3306/2920/149 3307/2917/149 3531/2918/149
f 3306/2920/149 3531/2918/149 3532/2921/149
f 3332/2922/149 3333/2916/149 3323/2919/149
f 3332/2922/149 3323/2919/149 3324/2923/149
f 3306/2920/149 3532/2921/149 3293/2924/149
f 3293/2924/149 3532/2921/149 3544/2925/149
f 3544/2925/149 3532/2921/149 3536/2926/149
f 3536/2926/149 3532/2921/149 3534/2927/149
f 3534/2927/149 3532/2921/149 3533/2928/149
f 3305/2929/149 3306/2920/149 3293/2924/149
f 3332/2922/149 3324/2923/149 3325/2930/149
f 3331/2931/149 3332/2922/149 3325/2930/149
f 3305/2929/149 3293/2924/149 3294/2932/149
f 3543/2933/147 3544/2925/147 3536/2926/147
f 3542/2934/149 3543/2933/149 3541/2935/149
f 3541/2935/151 3543/2933/151 3536/2926/151
f 3540/2936/147 3541/2935/147 3536/2926/147
f 3539/2937/147 3540/2936/147 3536/2926/147
f 3538/2938/147 3539/2937/147 3536/2926/147
f 3537/2939/147 3538/2938/147 3536/2926/147
f 3535/2940/147 3536/2926/147 3534/2927/147
f 3305/2929/149 3294/2932/149 3295/2941/149
f 3331/2931/149 3325/2930/149 3326/2942/149
f 3304/2943/149 3305/2929/149 3295/2941/149
f 3304/2943/149 3295/2941/149 3296/2944/149
f 3303/2945/149 3304/2943/149 3296/2944/149
f 3303/2945/149 3296/2944/149 3297/2946/149
f 3302/2947/149 3303/2945/149 3297/2946/149
f 3330/2948/149 3331/2931/149 3326/2942/149
f 3302/2947/149 3297/2946/149 3298/2949/149
f 3301/2950/149 3302/2947/149 3298/2949/149
f 3301/2950/149 3298/2949/149 3299/2951/149
f 3300/2952/149 3301/2950/149 3299/2951/149
f 3330/2948/149 3326/2942/149 3327/2953/149
f 3330/2948/149 3327/2953/149 3328/2954/149
f 3329/2955/149 3330/2948/149 3328/2954/149
f 2277/2956/149 2278/2957/149 2279/2958/149
f 2277/2956/149 2279/2958/149 2280/2959/149
f 2276/2960/149 2277/2956/149 2280/2959/149
f 2276/2960/149 2280/2959/149 2281/2961/149
f 2276/2960/149 2281/2961/149 2282/2962/149
f 2275/2963/149 2276/2960/149 2282/2962/149
f 2275/2963/149 2282/2962/149 2283/2964/149
f 2274/2965/149 2275/2963/149 2283/2964/149
f 2274/2965/149 2283/2964/149 2284/2966/149
f 2274/2965/149 2284/2966/149 2285/2967/149
f 2273/2968/149 2274/2965/149 2285/2967/149
f 2273/2968/149 2285/2967/149 2286/2969/149
f 2273/2968/149 2286/2969/149 2287/2970/149
f 2272/2971/149 2273/2968/149 2287/2970/149
f 2272/2971/149 2287/2970/149 2288/2972/149
f 2271/2973/149 2272/2971/149 2288/2972/149
f 2271/2973/149 2288/2972/149 2289/2974/149
f 2271/2973/149 2289/2974/149 2290/2975/149
f 2270/2976/149 2271/2973/149 2290/2975/149
f 2270/2976/149 2290/2975/149 2291/2977/149
f 2269/2978/149 2270/2976/149 2291/2977/149
f 2269/2978/149 2291/2977/149 2292/2979/149
f 2269/2978/149 2292/2979/149 2293/2980/149
f 2268/2981/149 2269/2978/149 2293/2980/149
f 2268/2981/149 2293/2980/149 2294/2982/149
f 2268/2981/149 2294/2982/149 2218/2983/149
f 2218/2983/149 2294/2982/149 2217/2984/149
f 2217/2984/149 2294/2982/149 2295/2985/149
f 2267/2986/149 2268/2981/149 2219/2987/149
f 2219/2987/149 2268/2981/149 2218/2983/149
f 2216/2988/149 2217/2984/149 2295/2985/149
f 2267/2986/149 2219/2987/149 2220/2989/149
f 2215/2990/149 2216/2988/149 2295/2985/149
f 2214/2991/149 2215/2990/149 2295/2985/149
f 2267/2986/149 2220/2989/149 2221/2992/149
f 2213/2993/149 2214/2991/149 2295/2985/149
f 2267/2986/149 2221/2992/149 2222/2994/149
f 2212/2995/149 2213/2993/149 2295/2985/149
f 2211/2996/149 2212/2995/149 2295/2985/149
f 2267/2986/149 2222/2994/149 2223/2997/149
f 2211/2996/149 2295/2985/149 2296/2998/149
f 2210/2999/149 2211/2996/149 2296/2998/149
f 2267/2986/149 2223/2997/149 2224/3000/149
f 2209/3001/149 2210/2999/149 2296/2998/149
f 2208/3002/149 2209/3001/149 2296/2998/149
f 2267/2986/149 2224/3000/149 2225/3003/149
f 2207/3004/149 2208/3002/149 2296/2998/149
f 2266/3005/149 2267/2986/149 2225/3003/149
f 2266/3005/149 2225/3003/149 2226/3006/149
f 2206/3007/149 2207/3004/149 2296/2998/149
f 2206/3007/149 2296/2998/149 2297/3008/149
f 2205/3009/149 2206/3007/149 2297/3008/149
f 2266/3005/149 2226/3006/149 2227/3010/149
f 2204/3011/149 2205/3009/149 2297/3008/149
f 2266/3005/149 2227/3010/149 2228/3012/149
f 2204/3011/149 2297/3008/149 2298/3013/149
f 2203/3014/149 2204/3011/149 2298/3013/149
f 2266/3005/149 2228/3012/149 2229/3015/149
f 2202/3016/149 2203/3014/149 2298/3013/149
f 2265/3017/149 2266/3005/149 2229/3015/149
f 2201/3018/149 2202/3016/149 2298/3013/149
f 2264/3019/149 2265/3017/149 2229/3015/149
f 2264/3019/149 2229/3015/149 2230/3020/149
f 2201/3018/149 2298/3013/149 2299/3021/149
f 2263/3022/149 2264/3019/149 2230/3020/149
f 2200/3023/149 2201/3018/149 2299/3021/149
f 2262/3024/149 2263/3022/149 2230/3020/149
f 2261/3025/149 2262/3024/149 2230/3020/149
f 2260/3026/149 2261/3025/149 2230/3020/149
f 2260/3026/149 2230/3020/149 2231/3027/149
f 2199/3028/149 2200/3023/149 2299/3021/149
f 2259/3029/149 2260/3026/149 2231/3027/149
f 2259/3029/149 2231/3027/149 2232/3030/149
f 2258/3031/149 2259/3029/149 2232/3030/149
f 2257/3032/149 2258/3031/149 2232/3030/149
f 2257/3032/149 2232/3030/149 2233/3033/149
f 2256/3034/149 2257/3032/149 2233/3033/149
f 2255/3035/149 2256/3034/149 2233/3033/149
f 2255/3035/149 2233/3033/149 2234/3036/149
f 2198/3037/149 2199/3028/149 2299/3021/149
f 2254/3038/149 2255/3035/149 2234/3036/149
f 2198/3037/149 2299/3021/149 2300/3039/149
f 2253/3040/149 2254/3038/149 2234/3036/149
f 2252/3041/149 2253/3040/149 2234/3036/149
f 2251/3042/149 2252/3041/149 2234/3036/149
f 2251/3042/149 2234/3036/149 2235/3043/149
f 2250/3044/149 2251/3042/149 2235/3043/149
f 2249/3045/149 2250/3044/149 2235/3043/149
f 2249/3045/149 2235/3043/149 2236/3046/149
f 2248/3047/149 2249/3045/149 2236/3046/149
f 2248/3047/149 2236/3046/149 2237/3048/149
f 2247/3049/149 2248/3047/149 2237/3048/149
f 2197/3050/149 2198/3037/149 2300/3039/149
f 2247/3049/149 2237/3048/149 2238/3051/149
f 2246/3052/149 2247/3049/149 2238/3051/149
f 2246/3052/149 2238/3051/149 2239/3053/149
f 2245/3054/149 2246/3052/149 2239/3053/149
f 2245/3054/149 2239/3053/149 2240/3055/149
f 2244/3056/149 2245/3054/149 2240/3055/149
f 2244/3056/149 2240/3055/149 2241/3057/149
f 2243/3058/149 2244/3056/149 2241/3057/149
f 2243/3058/149 2241/3057/149 2242/3059/149
f 2196/3060/149 2197/3050/149 2300/3039/149
f 2196/3060/149 2300/3039/149 2301/3061/149
f 2195/3062/149 2196/3060/149 2301/3061/149
f 2194/3063/149 2195/3062/149 2301/3061/149
f 2193/3064/149 2194/3063/149 2301/3061/149
f 2192/3065/149 2193/3064/149 2301/3061/149
f 2192/3065/149 2301/3061/149 2302/3066/149
f 2191/3067/149 2192/3065/149 2302/3066/149
f 2190/3068/149 2191/3067/149 2302/3066/149
f 2189/3069/149 2190/3068/149 2302/3066/149
f 2188/3070/149 2189/3069/149 2302/3066/149
f 2187/3071/149 2188/3070/149 2302/3066/149
f 2186/3072/149 2187/3071/149 2302/3066/149
f 2185/3073/149 2186/3072/149 2302/3066/149
f 2184/3074/149 2185/3073/149 2302/3066/149
f 2183/3075/149 2184/3074/149 2302/3066/149
f 2182/3076/149 2183/3075/149 2302/3066/149
f 2181/3077/149 2182/3076/149 2302/3066/149
f 2180/3078/149 2181/3077/149 2302/3066/149
f 2179/3079/149 2180/3078/149 2302/3066/149
f 2179/3079/149 2302/3066/149 2303/3080/149
f 2178/3081/149 2179/3079/149 2303/3080/149
f 2177/3082/149 2178/3081/149 2303/3080/149
f 2177/3082/149 2303/3080/149 2304/3083/149
f 2176/3084/149 2177/3082/149 2304/3083/149
f 2175/3085/149 2176/3084/149 2304/3083/149
f 2174/3086/149 2175/3085/149 2304/3083/149
f 2174/3086/149 2304/3083/149 2305/3087/149
f 2173/3088/149 2174/3086/149 2305/3087/149
f 2172/3089/149 2173/3088/149 2305/3087/149
f 2171/3090/149 2172/3089/149 2305/3087/149
f 2171/3090/149 2305/3087/149 2306/3091/149
f 2170/3092/149 2171/3090/149 2306/3091/149
f 2169/3093/149 2170/3092/149 2306/3091/149
f 2168/3094/149 2169/3093/149 2306/3091/149
f 2168/3094/149 2306/3091/149 2307/3095/149
f 2167/3096/149 2168/3094/149 2307/3095/149
f 2166/3097/149 2167/3096/149 2307/3095/149
f 2166/3097/149 2307/3095/149 2308/3098/149
f 2165/3099/149 2166/3097/149 2074/3100/149
f 2074/3100/149 2166/3097/149 2308/3098/149
f 2165/3099/149 2074/3100/149 2075/3101/149
f 2073/3102/149 2074/3100/149 2308/3098/149
f 2165/3099/149 2075/3101/149 2076/3103/149
f 2165/3099/149 2076/3103/149 2077/3104/149
f 2073/3102/149 2308/3098/149 2309/3105/149
f 2164/3106/149 2165/3099/149 2077/3104/149
f 2164/3106/149 2077/3104/149 2078/3107/149
f 2164/3106/149 2078/3107/149 2079/3108/149
f 2164/3106/149 2079/3108/149 2080/3109/149
f 2163/3110/149 2164/3106/149 2080/3109/149
f 2163/3110/149 2080/3109/149 2081/3111/149
f 2073/3102/149 2309/3105/149 2310/3112/149
f 2072/3113/149 2073/3102/149 2310/3112/149
f 2163/3110/149 2081/3111/149 2082/3114/149
f 2162/3115/149 2163/3110/149 2082/3114/149
f 2071/3116/149 2072/3113/149 2310/3112/149
f 2162/3115/149 2082/3114/149 2083/3117/149
f 2071/3116/149 2310/3112/149 2311/3118/149
f 2070/3119/149 2071/3116/149 2311/3118/149
f 2161/3120/149 2162/3115/149 2083/3117/149
f 2161/3120/149 2083/3117/149 2084/3121/149
f 2069/3122/149 2070/3119/149 2311/3118/149
f 2069/3122/149 2311/3118/149 2312/3123/149
f 2068/3124/149 2069/3122/149 2312/3123/149
f 2160/3125/149 2161/3120/149 2084/3121/149
f 2160/3125/149 2084/3121/149 2085/3126/149
f 2067/3127/149 2068/3124/149 2312/3123/149
f 2067/3127/149 2312/3123/149 2313/3128/149
f 2066/3129/149 2067/3127/149 2313/3128/149
f 2066/3129/149 2313/3128/149 2314/3130/149
f 2159/3131/149 2160/3125/149 2085/3126/149
f 2066/3129/149 2314/3130/149 2315/3132/149
f 2159/3131/149 2085/3126/149 2086/3133/149
f 2065/3134/149 2066/3129/149 2315/3132/149
f 2065/3134/149 2315/3132/149 2316/3135/149
f 2064/3136/149 2065/3134/149 2316/3135/149
f 2158/3137/149 2159/3131/149 2086/3133/149
f 2158/3137/149 2086/3133/149 2087/3138/149
f 2064/3136/149 2316/3135/149 2317/3139/149
f 2063/3140/149 2064/3136/149 2317/3139/149
f 2062/3141/149 2063/3140/149 2317/3139/149
f 2062/3141/149 2317/3139/149 2318/3142/149
f 2158/3137/149 2087/3138/149 2088/3143/149
f 2157/3144/149 2158/3137/149 2088/3143/149
f 2061/3145/149 2062/3141/149 2318/3142/149
f 2061/3145/149 2318/3142/149 2319/3146/149
f 2157/3144/149 2088/3143/149 2089/3147/149
f 2061/3145/149 2319/3146/149 2320/3148/149
f 2109/3149/149 2061/3145/149 2320/3148/149
f 2157/3144/149 2089/3147/149 2090/3150/149
f 2109/3149/149 2320/3148/149 2321/3151/149
f 2108/3152/149 2109/3149/149 2321/3151/149
f 2157/3144/149 2090/3150/149 2091/3153/149
f 2107/3154/149 2108/3152/149 2321/3151/149
f 2107/3154/149 2321/3151/149 2322/3155/149
f 2156/3156/149 2157/3144/149 2091/3153/149
f 2156/3156/149 2091/3153/149 2092/3157/149
f 2106/3158/149 2107/3154/149 2322/3155/149
f 2106/3158/149 2322/3155/149 2323/3159/149
f 2105/3160/149 2106/3158/149 2323/3159/149
f 2156/3156/149 2092/3157/149 2093/3161/149
f 2105/3160/149 2323/3159/149 2324/3162/149
f 2104/3163/149 2105/3160/149 2324/3162/149
f 2156/3156/149 2093/3161/149 2094/3164/149
f 2104/3163/149 2324/3162/149 2325/3165/149
f 2103/3166/149 2104/3163/149 2325/3165/149
f 2156/3156/149 2094/3164/149 2095/3167/149
f 2102/3168/149 2103/3166/149 2325/3165/149
f 2155/3169/149 2156/3156/149 2095/3167/149
f 2102/3168/149 2325/3165/149 2326/3170/149
f 2101/3171/149 2102/3168/149 2326/3170/149
f 2155/3169/149 2095/3167/149 2096/3172/149
f 2100/3173/149 2101/3171/149 2326/3170/149
f 2155/3169/149 2096/3172/149 2097/3174/149
f 2099/3175/149 2100/3173/149 2326/3170/149
f 2155/3169/149 2097/3174/149 2098/3176/149
f 2099/3175/149 2326/3170/149 2327/3177/149
f 2098/3176/149 2099/3175/149 2327/3177/149
f 2155/3169/149 2098/3176/149 2327/3177/149
f 2155/3169/149 2327/3177/149 2328/3178/149
f 2155/3169/149 2328/3178/149 2329/3179/149
f 2155/3169/149 2329/3179/149 2330/3180/149
f 2155/3169/149 2330/3180/149 2331/3181/149
f 2155/3169/149 2331/3181/149 2332/3182/149
f 2154/3183/149 2155/3169/149 2332/3182/149
f 2154/3183/149 2332/3182/149 2333/3184/149
f 2154/3183/149 2333/3184/149 2334/3185/149
f 2154/3183/149 2334/3185/149 2335/3186/149
f 2154/3183/149 2335/3186/149 2336/3187/149
f 2154/3183/149 2336/3187/149 2337/3188/149
f 2154/3183/149 2337/3188/149 2134/3189/149
f 2134/3189/149 2337/3188/149 2338/3190/149
f 2134/3189/149 2338/3190/149 2339/3191/149
f 2154/3183/149 2134/3189/149 2135/3192/149
f 2133/3193/149 2134/3189/149 2339/3191/149
f 2133/3193/149 2339/3191/149 2340/3194/149
f 2153/3195/149 2154/3183/149 2135/3192/149
f 2132/3196/149 2133/3193/149 2340/3194/149
f 2132/3196/149 2340/3194/149 2341/3197/149
f 2131/3198/149 2132/3196/149 2341/3197/149
f 2153/3195/149 2135/3192/149 2136/3199/149
f 2131/3198/149 2341/3197/149 2342/3200/149
f 2130/3201/149 2131/3198/149 2342/3200/149
f 2130/3201/149 2342/3200/149 2343/3202/149
f 2152/3203/149 2153/3195/149 2136/3199/149
f 2129/3204/149 2130/3201/149 2343/3202/149
f 2152/3203/149 2136/3199/149 2137/3205/149
f 2129/3204/149 2343/3202/149 2344/3206/149
f 2128/3207/149 2129/3204/149 2344/3206/149
f 2128/3207/149 2344/3206/149 2345/3208/149
f 2127/3209/149 2128/3207/149 2345/3208/149
f 2151/3210/149 2152/3203/149 2137/3205/149
f 2151/3210/149 2137/3205/149 2138/3211/149
f 2127/3209/149 2345/3208/149 2346/3212/149
f 2126/3213/149 2127/3209/149 2346/3212/149
f 2125/3214/149 2126/3213/149 2346/3212/149
f 2125/3214/149 2346/3212/149 2347/3215/149
f 2151/3210/149 2138/3211/149 2139/3216/149
f 2150/3217/149 2151/3210/149 2139/3216/149
f 2124/3218/149 2125/3214/149 2347/3215/149
f 2124/3218/149 2347/3215/149 2348/3219/149
f 2150/3217/149 2139/3216/149 2140/3220/149
f 2123/3221/149 2124/3218/149 2348/3219/149
f 2123/3221/149 2348/3219/149 2349/3222/149
f 2149/3223/149 2150/3217/149 2140/3220/149
f 2149/3223/149 2140/3220/149 2141/3224/149
f 2123/3221/149 2349/3222/149 2110/3225/149
f 2110/3225/149 2349/3222/149 2361/3226/149
f 2361/3226/149 2349/3222/149 2360/3227/149
f 2360/3227/149 2349/3222/149 2358/3228/149
f 2358/3228/149 2349/3222/149 2350/3229/149
f 2122/3230/149 2123/3221/149 2110/3225/149
f 2149/3223/149 2141/3224/149 2142/3231/149
f 2148/3232/149 2149/3223/149 2142/3231/149
f 2122/3230/149 2110/3225/149 2111/3233/149
f 2359/3234/149 2360/3227/149 2358/3228/149
f 2357/3235/147 2358/3228/147 2350/3229/147
f 2356/3236/149 2357/3235/149 2350/3229/149
f 2355/3237/149 2356/3236/149 2350/3229/149
f 2354/3238/147 2355/3237/147 2350/3229/147
f 2353/3239/147 2354/3238/147 2350/3229/147
f 2352/3240/149 2353/3239/149 2350/3229/149
f 2351/3241/149 2352/3240/149 2350/3229/149
f 2122/3230/149 2111/3233/149 2112/3242/149
f 2148/3232/149 2142/3231/149 2143/3243/149
f 2121/3244/149 2122/3230/149 2112/3242/149
f 2121/3244/149 2112/3242/149 2113/3245/149
f 2120/3246/149 2121/3244/149 2113/3245/149
f 2120/3246/149 2113/3245/149 2114/3247/149
f 2119/3248/149 2120/3246/149 2114/3247/149
f 2147/3249/149 2148/3232/149 2143/3243/149
f 2119/3248/149 2114/3247/149 2115/3250/149
f 2118/3251/149 2119/3248/149 2115/3250/149
f 2118/3251/149 2115/3250/149 2116/3252/149
f 2117/3253/149 2118/3251/149 2116/3252/149
f 2147/3249/149 2143/3243/149 2144/3254/149
f 2147/3249/149 2144/3254/149 2145/3255/149
f 2146/3256/149 2147/3249/149 2145/3255/149
f 3546/506/154 3548/504/155 3547/1988/155 3545/1990/154
f 3548/504/155 3550/500/156 3549/1984/156 3547/1988/155
f 3550/500/156 3552/496/157 3551/1980/157 3549/1984/156
f 3552/496/157 3554/492/158 3553/1976/158 3551/1980/157
f 3554/492/158 3556/488/159 3555/1972/159 3553/1976/158
f 3556/488/159 3558/484/160 3557/1968/160 3555/1972/159
f 3558/484/160 3560/480/161 3559/1964/161 3557/1968/160
f 3560/480/161 3562/476/162 3561/1960/162 3559/1964/161
f 3562/476/162 3564/472/163 3563/1956/163 3561/1960/162
f 3564/472/163 3566/468/164 3565/1952/164 3563/1956/163
f 3566/468/164 3568/464/165 3567/1948/165 3565/1952/164
f 3568/464/165 3570/460/166 3569/1944/166 3567/1948/165
f 3570/460/166 3572/456/167 3571/1940/167 3569/1944/166
f 3572/456/167 3574/452/168 3573/1936/168 3571/1940/167
f 3574/452/168 3576/446/168 3575/1930/168 3573/1936/168
f 3576/446/168 3578/441/168 3577/1925/168 3575/1930/168
f 3578/441/168 3580/435/168 3579/1919/168 3577/1925/168
f 3580/435/168 3582/426/168 3581/1910/168 3579/1919/168
f 3582/426/168 3584/411/168 3583/1895/168 3581/1910/168
f 3584/411/168 3586/392/168 3585/1876/168 3583/1895/168
f 3586/392/168 3588/370/168 3587/1854/168 3585/1876/168
f 3588/370/168 3590/359/168 3589/1843/168 3587/1854/168
f 3590/359/168 3592/350/168 3591/1834/168 3589/1843/168
f 3592/350/168 3594/345/168 3593/1829/168 3591/1834/168
f 3594/345/168 3596/342/169 3595/1826/169 3593/1829/168
f 3596/342/169 3598/338/170 3597/1822/170 3595/1826/169
f 3598/338/170 3600/336/171 3599/1820/171 3597/1822/170
f 3600/336/171 3602/334/172 3601/1818/172 3599/1820/171
f 3602/334/172 3604/330/173 3603/1814/173 3601/1818/172
f 3604/330/173 3606/328/174 3605/1812/174 3603/1814/173
f 3606/328/174 3608/326/175 3607/1810/175 3605/1812/174
f 3608/326/175 3610/323/176 3609/1807/176 3607/1810/175
f 3610/323/176 3612/320/177 3611/1804/177 3609/1807/176
f 3612/320/177 3614/318/178 3613/1802/178 3611/1804/177
f 3614/318/178 3616/315/179 3615/1799/179 3613/1802/178
f 3616/315/179 3618/300/180 3617/1784/180 3615/1799/179
f 3618/300/180 3620/302/181 3619/1785/181 3617/1784/180
f 3620/302/181 3622/301/182 3621/1786/182 3619/1785/181
f 3622/301/182 3624/303/182 3623/1787/182 3621/1786/182
f 3624/303/182 3626/304/182 3625/1788/182 3623/1787/182
f 3626/304/182 3628/305/182 3627/1789/182 3625/1788/182
f 3628/305/182 3630/306/182 3629/1790/182 3627/1789/182
f 3630/306/182 3632/307/182 3631/1791/182 3629/1790/182
f 3632/307/182 3634/308/182 3633/1792/182 3631/1791/182
f 3634/308/182 3636/309/182 3635/1793/182 3633/1792/182
f 3636/309/182 3638/310/182 3637/1794/182 3635/1793/182
f 3638/310/182 3640/311/182 3639/1795/182 3637/1794/182
f 3640/311/182 3642/312/182 3641/1796/182 3639/1795/182
f 3642/312/182 3644/313/183 3643/1797/183 3641/1796/182
f 3644/313/183 3646/314/184 3645/1798/184 3643/1797/183
f 3646/314/184 3648/316/185 3647/1800/185 3645/1798/184
f 3648/316/185 3650/319/186 3649/1803/186 3647/1800/185
f 3650/319/186 3652/321/187 3651/1805/187 3649/1803/186
f 3652/321/187 3654/322/188 3653/1806/188 3651/1805/187
f 3654/322/188 3656/325/189 3655/1809/189 3653/1806/188
f 3656/325/189 3658/327/190 3657/1811/190 3655/1809/189
f 3658/327/190 3660/329/191 3659/1813/191 3657/1811/190
f 3660/329/191 3662/332/192 3661/1816/192 3659/1813/191
f 3662/332/192 3664/335/193 3663/1819/193 3661/1816/192
f 3664/335/193 3666/337/194 3665/1821/194 3663/1819/193
f 3666/337/194 3668/339/195 3667/1823/195 3665/1821/194
f 3668/339/195 3670/341/196 3669/1825/196 3667/1823/195
f 3670/341/196 3672/344/196 3671/1828/196 3669/1825/196
f 3672/344/196 3674/346/196 3673/1830/196 3671/1828/196
f 3674/346/196 3676/349/196 3675/1833/196 3673/1830/196
f 3676/349/196 3678/352/196 3677/1836/196 3675/1833/196
f 3678/352/196 3680/355/196 3679/1839/196 3677/1836/196
f 3680/355/196 3682/358/196 3681/1842/196 3679/1839/196
f 3682/358/196 3684/362/196 3683/1846/196 3681/1842/196
f 3684/362/196 3686/364/196 3685/1848/196 3683/1846/196
f 3686/364/196 3688/366/196 3687/1850/196 3685/1848/196
f 3688/366/196 3690/368/196 3689/1852/196 3687/1850/196
f 3690/368/196 3692/369/196 3691/1853/196 3689/1852/196
f 3692/369/182 3694/365/182 3693/1849/182 3691/1853/182
f 3694/365/197 3696/361/198 3695/1845/198 3693/1849/197
f 3696/361/198 3698/356/199 3697/1840/199 3695/1845/198
f 3698/356/199 3700/353/200 3699/1837/200 3697/1840/199
f 3700/353/200 3702/348/201 3701/1832/201 3699/1837/200
f 3702/348/201 3704/343/202 3703/1827/202 3701/1832/201
f 3704/343/202 3706/331/203 3705/1815/203 3703/1827/202
f 3706/331/203 3708/317/204 3707/1801/204 3705/1815/203
f 3708/317/204 3710/298/205 3709/1782/205 3707/1801/204
f 3710/298/205 3712/295/206 3711/1779/206 3709/1782/205
f 3712/295/206 3714/293/207 3713/1777/207 3711/1779/206
f 3714/293/207 3716/289/208 3715/1773/208 3713/1777/207
f 3716/289/208 3718/291/209 3717/1774/209 3715/1773/208
f 3718/291/209 3720/290/210 3719/1775/210 3717/1774/209
f 3720/290/210 3722/292/211 3721/1776/211 3719/1775/210
f 3722/292/211 3724/294/212 3723/1778/212 3721/1776/211
f 3724/294/212 3726/296/213 3725/1780/213 3723/1778/212
f 3726/296/213 3728/297/214 3727/1781/214 3725/1780/213
f 3728/297/214 3730/299/215 3729/1783/215 3727/1781/214
f 3730/299/215 3732/324/216 3731/1808/216 3729/1783/215
f 3732/324/216 3734/333/217 3733/1817/217 3731/1808/216
f 3734/333/217 3736/340/218 3735/1824/218 3733/1817/217
f 3736/340/218 3738/347/219 3737/1831/219 3735/1824/218
f 3738/347/219 3740/351/220 3739/1835/220 3737/1831/219
f 3740/351/220 3742/354/221 3741/1838/221 3739/1835/220
f 3742/354/221 3744/357/222 3743/1841/222 3741/1838/221
f 3744/357/222 3746/360/223 3745/1844/223 3743/1841/222
f 3746/360/223 3748/363/224 3747/1847/224 3745/1844/223
f 3748/363/224 3750/367/225 3749/1851/225 3747/1847/224
f 3750/367/225 3752/373/226 3751/1857/226 3749/1851/225
f 3752/373/226 3754/374/227 3753/1858/227 3751/1857/226
f 3754/374/227 3756/383/228 3755/1867/228 3753/1858/227
f 3756/383/228 3758/390/229 3757/1874/229 3755/1867/228
f 3758/390/229 3760/395/230 3759/1879/230 3757/1874/229
f 3760/395/230 3762/399/231 3761/1883/231 3759/1879/230
f 3762/399/231 3764/403/232 3763/1887/232 3761/1883/231
f 3764/403/232 3766/407/233 3765/1891/233 3763/1887/232
f 3766/407/233 3768/410/196 3767/1894/196 3765/1891/233
f 3768/410/196 3770/413/196 3769/1897/196 3767/1894/196
f 3770/413/196 3772/417/196 3771/1901/196 3769/1897/196
f 3772/417/196 3774/425/196 3773/1909/196 3771/1901/196
f 3774/425/196 3776/429/196 3775/1913/196 3773/1909/196
f 3776/429/196 3778/434/196 3777/1918/196 3775/1913/196
f 3778/434/196 3780/438/196 3779/1922/196 3777/1918/196
f 3780/438/196 3782/442/196 3781/1926/196 3779/1922/196
f 3782/442/196 3784/445/196 3783/1929/196 3781/1926/196
f 3784/445/196 3786/449/196 3785/1933/196 3783/1929/196
f 3786/449/196 3788/453/196 3787/1937/196 3785/1933/196
f 3788/453/196 3790/458/234 3789/1942/234 3787/1937/196
f 3790/458/234 3792/463/235 3791/1947/235 3789/1942/234
f 3792/463/235 3794/467/236 3793/1951/236 3791/1947/235
f 3794/467/236 3796/471/237 3795/1955/237 3793/1951/236
f 3796/471/237 3798/475/238 3797/1959/238 3795/1955/237
f 3798/475/238 3800/479/239 3799/1963/239 3797/1959/238
f 3800/479/239 3802/483/240 3801/1967/240 3799/1963/239
f 3802/483/240 3804/487/241 3803/1971/241 3801/1967/240
f 3804/487/241 3806/491/242 3805/1975/242 3803/1971/241
f 3806/491/242 3808/495/243 3807/1979/243 3805/1975/242
f 3808/495/243 3810/499/244 3809/1983/244 3807/1979/243
f 3810/499/244 3812/503/245 3811/1987/245 3809/1983/244
f 3812/503/245 3814/507/246 3813/1991/246 3811/1987/245
f 3814/507/246 3816/518/247 3815/2002/247 3813/1991/246
f 3816/518/247 3818/517/247 3817/2001/247 3815/2002/247
f 3818/517/247 3820/516/247 3819/2000/247 3817/2001/247
f 3820/516/247 3822/515/247 3821/1999/247 3819/2000/247
f 3822/515/247 3824/514/247 3823/1998/247 3821/1999/247
f 3824/514/247 3826/513/247 3825/1997/247 3823/1998/247
f 3826/513/247 3828/512/247 3827/1996/247 3825/1997/247
f 3828/512/247 3830/511/247 3829/1995/247 3827/1996/247
f 3830/511/247 3832/510/247 3831/1994/247 3829/1995/247
f 3832/510/247 3834/509/247 3833/1993/247 3831/1994/247
f 3834/509/247 3836/508/247 3835/1992/247 3833/1993/247
f 3836/508/247 3838/505/248 3837/1989/248 3835/1992/247
f 3838/505/248 3840/501/249 3839/1985/249 3837/1989/248
f 3840/501/249 3842/497/250 3841/1981/250 3839/1985/249
f 3842/497/250 3844/493/251 3843/1977/251 3841/1981/250
f 3844/493/251 3846/490/252 3845/1974/252 3843/1977/251
f 3846/490/252 3848/486/253 3847/1970/253 3845/1974/252
f 3848/486/253 3850/482/254 3849/1966/254 3847/1970/253
f 3850/482/254 3852/478/255 3851/1962/255 3849/1966/254
f 3852/478/255 3854/474/256 3853/1958/256 3851/1962/255
f 3854/474/256 3856/470/257 3855/1954/257 3853/1958/256
f 3856/470/257 3858/466/258 3857/1950/258 3855/1954/257
f 3858/466/258 3860/462/259 3859/1946/259 3857/1950/258
f 3860/462/259 3862/459/260 3861/1943/260 3859/1946/259
f 3862/459/260 3864/455/151 3863/1939/151 3861/1943/260
f 3864/455/151 3866/451/151 3865/1935/151 3863/1939/151
f 3866/451/151 3868/448/151 3867/1932/151 3865/1935/151
f 3868/448/151 3870/444/151 3869/1928/151 3867/1932/151
f 3870/444/151 3872/440/151 3871/1924/151 3869/1928/151
f 3872/440/151 3874/437/151 3873/1921/151 3871/1924/151
f 3874/437/151 3876/433/151 3875/1917/151 3873/1921/151
f 3876/433/151 3878/431/151 3877/1915/151 3875/1917/151
f 3878/431/151 3880/428/151 3879/1912/151 3877/1915/151
f 3880/428/151 3882/424/151 3881/1908/151 3879/1912/151
f 3882/424/151 3884/422/151 3883/1906/151 3881/1908/151
f 3884/422/151 3886/419/261 3885/1903/261 3883/1906/151
f 3886/419/261 3888/415/262 3887/1899/262 3885/1903/261
f 3888/415/262 3890/409/263 3889/1893/263 3887/1899/262
f 3890/409/263 3892/405/264 3891/1889/264 3889/1893/263
f 3892/405/264 3894/401/265 3893/1885/265 3891/1889/264
f 3894/401/265 3896/397/266 3895/1881/266 3893/1885/265
f 3896/397/266 3898/393/267 3897/1877/267 3895/1881/266
f 3898/393/267 3900/388/268 3899/1872/268 3897/1877/267
f 3900/388/268 3902/385/269 3901/1869/269 3899/1872/268
f 3902/385/269 3904/381/270 3903/1865/270 3901/1869/269
f 3904/381/270 3906/378/271 3905/1862/271 3903/1865/270
f 3906/378/271 3908/375/272 3907/1859/272 3905/1862/271
f 3908/375/272 3910/372/273 3909/1856/273 3907/1859/272
f 3910/372/273 3912/371/274 3911/1855/274 3909/1856/273
f 3912/371/274 3914/376/275 3913/1860/275 3911/1855/274
f 3914/376/275 3916/377/276 3915/1861/276 3913/1860/275
f 3916/377/276 3918/379/277 3917/1863/277 3915/1861/276
f 3918/379/277 3920/380/278 3919/1864/278 3917/1863/277
f 3920/380/278 3922/382/279 3921/1866/279 3919/1864/278
f 3922/382/279 3924/384/280 3923/1868/280 3921/1866/279
f 3924/384/280 3926/386/281 3925/1870/281 3923/1868/280
f 3926/386/281 3928/387/282 3927/1871/282 3925/1870/281
f 3928/387/282 3930/389/283 3929/1873/283 3927/1871/282
f 3930/389/283 3932/391/284 3931/1875/284 3929/1873/283
f 3932/391/284 3934/394/285 3933/1878/285 3931/1875/284
f 3934/394/285 3936/396/286 3935/1880/286 3933/1878/285
f 3936/396/286 3938/398/287 3937/1882/287 3935/1880/286
f 3938/398/287 3940/400/288 3939/1884/288 3937/1882/287
f 3940/400/288 3942/402/289 3941/1886/289 3939/1884/288
f 3942/402/289 3944/404/290 3943/1888/290 3941/1886/289
f 3944/404/290 3946/406/291 3945/1890/291 3943/1888/290
f 3946/406/291 3948/408/292 3947/1892/292 3945/1890/291
f 3948/408/292 3950/412/293 3949/1896/293 3947/1892/292
f 3950/412/293 3952/414/294 3951/1898/294 3949/1896/293
f 3952/414/294 3954/416/295 3953/1900/295 3951/1898/294
f 3954/416/295 3956/418/296 3955/1902/296 3953/1900/295
f 3956/418/296 3958/420/297 3957/1904/297 3955/1902/296
f 3958/420/297 3960/421/196 3959/1905/196 3957/1904/297
f 3960/421/196 3962/423/196 3961/1907/196 3959/1905/196
f 3962/423/196 3964/427/196 3963/1911/196 3961/1907/196
f 3964/427/196 3966/430/196 3965/1914/196 3963/1911/196
f 3966/430/196 3968/432/196 3967/1916/196 3965/1914/196
f 3968/432/196 3970/436/196 3969/1920/196 3967/1916/196
f 3970/436/196 3972/439/196 3971/1923/196 3969/1920/196
f 3972/439/196 3974/443/196 3973/1927/196 3971/1923/196
f 3974/443/196 3976/447/196 3975/1931/196 3973/1927/196
f 3976/447/196 3978/450/196 3977/1934/196 3975/1931/196
f 3978/450/196 3980/454/196 3979/1938/196 3977/1934/196
f 3980/454/196 3982/457/298 3981/1941/298 3979/1938/196
f 3982/457/298 3984/461/299 3983/1945/299 3981/1941/298
f 3984/461/299 3986/465/300 3985/1949/300 3983/1945/299
f 3986/465/300 3988/469/301 3987/1953/301 3985/1949/300
f 3988/469/301 3990/473/302 3989/1957/302 3987/1953/301
f 3990/473/302 3992/477/303 3991/1961/303 3989/1957/302
f 3992/477/303 3994/481/304 3993/1965/304 3991/1961/303
f 3994/481/304 3996/485/305 3995/1969/305 3993/1965/304
f 3996/485/305 3998/489/306 3997/1973/306 3995/1969/305
f 3998/489/306 4000/494/307 3999/1978/307 3997/1973/306
f 4000/494/307 4002/498/308 4001/1982/308 3999/1978/307
f 4002/498/308 4004/502/309 4003/1986/309 4001/1982/308
f 4004/502/309 3546/506/154 3545/1990/154 4003/1986/309
f 4006/590/310 4008/589/311 4007/2073/311 4005/2074/310
f 4008/589/311 4010/588/312 4009/2072/312 4007/2073/311
f 4010/588/312 4012/585/313 4011/2069/313 4009/2072/312
f 4012/585/313 4014/584/314 4013/2068/314 4011/2069/313
f 4014/584/314 4016/583/315 4015/2067/315 4013/2068/314
f 4016/583/315 4018/581/316 4017/2065/316 4015/2067/315
f 4018/581/316 4020/580/317 4019/2064/317 4017/2065/316
f 4020/580/317 4022/578/318 4021/2062/318 4019/2064/317
f 4022/578/318 4024/577/319 4023/2061/319 4021/2062/318
f 4024/577/319 4026/575/320 4025/2059/320 4023/2061/319
f 4026/575/320 4028/573/321 4027/2057/321 4025/2059/320
f 4028/573/321 4030/556/322 4029/2040/322 4027/2057/321
f 4030/556/322 4032/554/323 4031/2038/323 4029/2040/322
f 4032/554/323 4034/552/324 4033/2036/324 4031/2038/323
f 4034/552/324 4036/550/325 4035/2034/325 4033/2036/324
f 4036/550/325 4038/548/326 4037/2032/326 4035/2034/325
f 4038/548/326 4040/546/327 4039/2030/327 4037/2032/326
f 4040/546/327 4042/544/328 4041/2028/328 4039/2030/327
f 4042/544/328 4044/542/329 4043/2026/329 4041/2028/328
f 4044/542/329 4046/540/330 4045/2024/330 4043/2026/329
f 4046/540/330 4048/538/331 4047/2022/331 4045/2024/330
f 4048/538/331 4050/536/332 4049/2020/332 4047/2022/331
f 4050/536/332 4052/534/333 4051/2018/333 4049/2020/332
f 4052/534/333 4054/519/334 4053/2003/334 4051/2018/333
f 4054/519/334 4056/521/335 4055/2004/335 4053/2003/334
f 4056/521/335 4058/520/182 4057/2005/182 4055/2004/335
f 4058/520/182 4060/522/182 4059/2006/182 4057/2005/182
f 4060/522/182 4062/523/182 4061/2007/182 4059/2006/182
f 4062/523/182 4064/524/182 4063/2008/182 4061/2007/182
f 4064/524/182 4066/525/182 4065/2009/182 4063/2008/182
f 4066/525/182 4068/526/182 4067/2010/182 4065/2009/182
f 4068/526/182 4070/527/182 4069/2011/182 4067/2010/182
f 4070/527/182 4072/528/182 4071/2012/182 4069/2011/182
f 4072/528/182 4074/529/182 4073/2013/182 4071/2012/182
f 4074/529/182 4076/530/182 4075/2014/182 4073/2013/182
f 4076/530/182 4078/531/182 4077/2015/182 4075/2014/182
f 4078/531/182 4080/532/336 4079/2016/336 4077/2015/182
f 4080/532/336 4082/533/337 4081/2017/337 4079/2016/336
f 4082/533/337 4084/535/338 4083/2019/338 4081/2017/337
f 4084/535/338 4086/537/339 4085/2021/339 4083/2019/338
f 4086/537/339 4088/539/340 4087/2023/340 4085/2021/339
f 4088/539/340 4090/541/341 4089/2025/341 4087/2023/340
f 4090/541/341 4092/543/342 4091/2027/342 4089/2025/341
f 4092/543/342 4094/545/343 4093/2029/343 4091/2027/342
f 4094/545/343 4096/547/344 4095/2031/344 4093/2029/343
f 4096/547/344 4098/549/345 4097/2033/345 4095/2031/344
f 4098/549/345 4100/551/346 4099/2035/346 4097/2033/345
f 4100/551/346 4102/553/347 4101/2037/347 4099/2035/346
f 4102/553/347 4104/555/348 4103/2039/348 4101/2037/347
f 4104/555/348 4106/557/196 4105/2041/196 4103/2039/348
f 4106/557/196 4108/558/196 4107/2042/196 4105/2041/196
f 4108/558/196 4110/559/196 4109/2043/196 4107/2042/196
f 4110/559/196 4112/560/196 4111/2044/196 4109/2043/196
f 4112/560/196 4114/561/196 4113/2045/196 4111/2044/196
f 4114/561/196 4116/562/196 4115/2046/196 4113/2045/196
f 4116/562/196 4118/563/196 4117/2047/196 4115/2046/196
f 4118/563/196 4120/564/196 4119/2048/196 4117/2047/196
f 4120/564/196 4122/565/196 4121/2049/196 4119/2048/196
f 4122/565/196 4124/566/196 4123/2050/196 4121/2049/196
f 4124/566/196 4126/567/196 4125/2051/196 4123/2050/196
f 4126/567/196 4128/568/349 4127/2052/349 4125/2051/196
f 4128/568/349 4130/569/350 4129/2053/350 4127/2052/349
f 4130/569/350 4132/570/351 4131/2054/351 4129/2053/350
f 4132/570/351 4134/571/352 4133/2055/352 4131/2054/351
f 4134/571/352 4136/572/353 4135/2056/353 4133/2055/352
f 4136/572/353 4138/574/354 4137/2058/354 4135/2056/353
f 4138/574/354 4140/576/355 4139/2060/355 4137/2058/354
f 4140/576/355 4142/579/356 4141/2063/356 4139/2060/355
f 4142/579/356 4144/582/357 4143/2066/357 4141/2063/356
f 4144/582/357 4146/587/358 4145/2071/358 4143/2066/357
f 4146/587/358 4148/592/359 4147/2076/359 4145/2071/358
f 4148/592/359 4150/594/360 4149/2078/360 4147/2076/359
f 4150/594/360 4152/595/361 4151/2079/361 4149/2078/360
f 4152/595/361 4154/596/362 4153/2080/362 4151/2079/361
f 4154/596/362 4156/598/362 4155/2082/362 4153/2080/362
f 4156/598/362 4158/599/362 4157/2083/362 4155/2082/362
f 4158/599/362 4160/601/362 4159/2085/362 4157/2083/362
f 4160/601/362 4162/603/362 4161/2087/362 4159/2085/362
f 4162/603/362 4164/605/362 4163/2089/362 4161/2087/362
f 4164/605/362 4166/606/362 4165/2090/362 4163/2089/362
f 4166/606/362 4168/608/362 4167/2092/362 4165/2090/362
f 4168/608/362 4170/610/362 4169/2094/362 4167/2092/362
f 4170/610/362 4172/612/362 4171/2096/362 4169/2094/362
f 4172/612/362 4174/614/362 4173/2098/362 4171/2096/362
f 4174/614/362 4176/615/362 4175/2099/362 4173/2098/362
f 4176/615/363 4178/617/364 4177/2100/364 4175/2099/363
f 4178/617/364 4180/616/365 4179/2101/365 4177/2100/364
f 4180/616/365 4182/618/366 4181/2102/366 4179/2101/365
f 4182/618/366 4184/619/367 4183/2103/367 4181/2102/366
f 4184/619/367 4186/621/368 4185/2105/368 4183/2103/367
f 4186/621/368 4188/622/369 4187/2106/369 4185/2105/368
f 4188/622/369 4190/623/370 4189/2107/370 4187/2106/369
f 4190/623/370 4192/624/371 4191/2108/371 4189/2107/370
f 4192/624/371 4194/625/372 4193/2109/372 4191/2108/371
f 4194/625/372 4196/627/373 4195/2111/373 4193/2109/372
f 4196/627/373 4198/629/374 4197/2113/374 4195/2111/373
f 4198/629/374 4200/632/375 4199/2116/375 4197/2113/374
f 4200/632/375 4202/634/376 4201/2118/376 4199/2116/375
f 4202/634/376 4204/636/377 4203/2120/377 4201/2118/376
f 4204/636/377 4206/637/378 4205/2121/378 4203/2120/377
f 4206/637/378 4208/639/379 4207/2123/379 4205/2121/378
f 4208/639/379 4210/640/380 4209/2124/380 4207/2123/379
f 4210/640/380 4212/642/381 4211/2126/381 4209/2124/380
f 4212/642/381 4214/643/382 4213/2127/382 4211/2126/381
f 4214/643/382 4216/645/383 4215/2129/383 4213/2127/382
f 4216/645/383 4218/646/384 4217/2130/384 4215/2129/383
f 4218/646/384 4220/648/385 4219/2132/385 4217/2130/384
f 4220/648/385 4222/650/386 4221/2134/386 4219/2132/385
f 4222/650/386 4224/651/387 4223/2135/387 4221/2134/386
f 4224/651/387 4226/653/196 4225/2137/196 4223/2135/387
f 4226/653/196 4228/655/196 4227/2139/196 4225/2137/196
f 4228/655/196 4230/657/196 4229/2141/196 4227/2139/196
f 4230/657/196 4232/660/196 4231/2144/196 4229/2141/196
f 4232/660/196 4234/662/196 4233/2146/196 4231/2144/196
f 4234/662/196 4236/664/196 4235/2148/196 4233/2146/196
f 4236/664/196 4238/666/196 4237/2150/196 4235/2148/196
f 4238/666/196 4240/669/196 4239/2153/196 4237/2150/196
f 4240/669/196 4242/676/196 4241/2160/196 4239/2153/196
f 4242/676/196 4244/681/196 4243/2165/196 4241/2160/196
f 4244/681/196 4246/684/196 4245/2168/196 4243/2165/196
f 4246/684/196 4248/687/388 4247/2171/388 4245/2168/196
f 4248/687/388 4250/689/389 4249/2173/389 4247/2171/388
f 4250/689/389 4252/691/390 4251/2175/390 4249/2173/389
f 4252/691/390 4254/695/391 4253/2179/391 4251/2175/390
f 4254/695/391 4256/697/392 4255/2181/392 4253/2179/391
f 4256/697/392 4258/699/393 4257/2183/393 4255/2181/392
f 4258/699/393 4260/701/394 4259/2185/394 4257/2183/393
f 4260/701/394 4262/703/395 4261/2187/395 4259/2185/394
f 4262/703/395 4264/705/396 4263/2189/396 4261/2187/395
f 4264/705/396 4266/709/397 4265/2193/397 4263/2189/396
f 4266/709/397 4268/710/398 4267/2194/398 4265/2193/397
f 4268/710/398 4270/706/399 4269/2190/399 4267/2194/398
f 4270/706/399 4272/694/400 4271/2178/400 4269/2190/399
f 4272/694/400 4274/685/401 4273/2169/401 4271/2178/400
f 4274/685/401 4276/680/402 4275/2164/402 4273/2169/401
f 4276/680/402 4278/677/403 4277/2161/403 4275/2164/402
f 4278/677/403 4280/674/404 4279/2158/404 4277/2161/403
f 4280/674/404 4282/672/405 4281/2156/405 4279/2158/404
f 4282/672/405 4284/668/406 4283/2152/406 4281/2156/405
f 4284/668/406 4286/671/407 4285/2155/407 4283/2152/406
f 4286/671/407 4288/673/408 4287/2157/408 4285/2155/407
f 4288/673/408 4290/675/409 4289/2159/409 4287/2157/408
f 4290/675/409 4292/679/410 4291/2163/410 4289/2159/409
f 4292/679/410 4294/683/411 4293/2167/411 4291/2163/410
f 4294/683/411 4296/693/412 4295/2177/412 4293/2167/411
f 4296/693/412 4298/708/413 4297/2192/413 4295/2177/412
f 4298/708/413 4300/712/414 4299/2196/414 4297/2192/413
f 4300/712/414 4302/711/415 4301/2195/415 4299/2196/414
f 4302/711/415 4304/707/416 4303/2191/416 4301/2195/415
f 4304/707/416 4306/704/417 4305/2188/417 4303/2191/416
f 4306/704/417 4308/702/418 4307/2186/418 4305/2188/417
f 4308/702/418 4310/700/419 4309/2184/419 4307/2186/418
f 4310/700/419 4312/698/420 4311/2182/420 4309/2184/419
f 4312/698/420 4314/696/421 4313/2180/421 4311/2182/420
f 4314/696/421 4316/692/422 4315/2176/422 4313/2180/421
f 4316/692/422 4318/690/423 4317/2174/423 4315/2176/422
f 4318/690/423 4320/688/424 4319/2172/424 4317/2174/423
f 4320/688/424 4322/686/151 4321/2170/151 4319/2172/424
f 4322/686/151 4324/682/151 4323/2166/151 4321/2170/151
f 4324/682/151 4326/678/151 4325/2162/151 4323/2166/151
f 4326/678/151 4328/670/151 4327/2154/151 4325/2162/151
f 4328/670/151 4330/667/151 4329/2151/151 4327/2154/151
f 4330/667/151 4332/665/151 4331/2149/151 4329/2151/151
f 4332/665/151 4334/663/151 4333/2147/151 4331/2149/151
f 4334/663/151 4336/661/151 4335/2145/151 4333/2147/151
f 4336/661/151 4338/659/151 4337/2143/151 4335/2145/151
f 4338/659/151 4340/658/151 4339/2142/151 4337/2143/151
f 4340/658/151 4342/656/151 4341/2140/151 4339/2142/151
f 4342/656/151 4344/654/425 4343/2138/425 4341/2140/151
f 4344/654/425 4346/652/426 4345/2136/426 4343/2138/425
f 4346/652/426 4348/649/427 4347/2133/427 4345/2136/426
f 4348/649/427 4350/647/428 4349/2131/428 4347/2133/427
f 4350/647/428 4352/644/429 4351/2128/429 4349/2131/428
f 4352/644/429 4354/641/430 4353/2125/430 4351/2128/429
f 4354/641/430 4356/638/431 4355/2122/431 4353/2125/430
f 4356/638/431 4358/635/432 4357/2119/432 4355/2122/431
f 4358/635/432 4360/633/433 4359/2117/433 4357/2119/432
f 4360/633/433 4362/631/434 4361/2115/434 4359/2117/433
f 4362/631/434 4364/630/435 4363/2114/435 4361/2115/434
f 4364/630/435 4366/628/436 4365/2112/436 4363/2114/435
f 4366/628/436 4368/626/437 4367/2110/437 4365/2112/436
f 4368/626/437 4370/620/438 4369/2104/438 4367/2110/437
f 4370/620/438 4372/613/438 4371/2097/438 4369/2104/438
f 4372/613/438 4374/611/438 4373/2095/438 4371/2097/438
f 4374/611/438 4376/609/438 4375/2093/438 4373/2095/438
f 4376/609/438 4378/607/438 4377/2091/438 4375/2093/438
f 4378/607/438 4380/604/438 4379/2088/438 4377/2091/438
f 4380/604/438 4382/602/438 4381/2086/438 4379/2088/438
f 4382/602/438 4384/600/438 4383/2084/438 4381/2086/438
f 4384/600/438 4386/597/438 4385/2081/438 4383/2084/438
f 4386/597/438 4388/593/438 4387/2077/438 4385/2081/438
f 4388/593/438 4390/591/438 4389/2075/438 4387/2077/438
f 4390/591/438 4392/586/438 4391/2070/438 4389/2075/438
f 4392/586/247 4006/590/310 4005/2074/310 4391/2070/247
f 4394/965/439 4396/969/350 4395/2453/350 4393/2449/439
f 4396/969/350 4398/977/440 4397/2461/440 4395/2453/350
f 4398/977/440 4400/983/441 4399/2467/441 4397/2461/440
f 4400/983/441 4402/989/442 4401/2473/442 4399/2467/441
f 4402/989/442 4404/995/443 4403/2479/443 4401/2473/442
f 4404/995/443 4406/1001/444 4405/2485/444 4403/2479/443
f 4406/1001/444 4408/1007/445 4407/2491/445 4405/2485/444
f 4408/1007/445 4410/1014/446 4409/2498/446 4407/2491/445
f 4410/1014/446 4412/1020/447 4411/2504/447 4409/2498/446
f 4412/1020/447 4414/1026/448 4413/2510/448 4411/2504/447
f 4414/1026/448 4416/1032/449 4415/2516/449 4413/2510/448
f 4416/1032/449 4418/1038/154 4417/2522/154 4415/2516/449
f 4418/1038/154 4420/1037/450 4419/2521/450 4417/2522/154
f 4420/1037/450 4422/1031/451 4421/2515/451 4419/2521/450
f 4422/1031/451 4424/1025/452 4423/2509/452 4421/2515/451
f 4424/1025/452 4426/1019/453 4425/2503/453 4423/2509/452
f 4426/1019/453 4428/1013/454 4427/2497/454 4425/2503/453
f 4428/1013/454 4430/1010/455 4429/2494/455 4427/2497/454
f 4430/1010/455 4432/1004/456 4431/2488/456 4429/2494/455
f 4432/1004/456 4434/998/457 4433/2482/457 4431/2488/456
f 4434/998/457 4436/992/458 4435/2476/458 4433/2482/457
f 4436/992/458 4438/986/459 4437/2470/459 4435/2476/458
f 4438/986/459 4440/980/460 4439/2464/460 4437/2470/459
f 4440/980/460 4442/974/461 4441/2458/461 4439/2464/460
f 4442/974/461 4444/963/462 4443/2447/462 4441/2458/461
f 4444/963/462 4446/957/151 4445/2441/151 4443/2447/462
f 4446/957/151 4448/947/151 4447/2431/151 4445/2441/151
f 4448/947/151 4450/940/151 4449/2424/151 4447/2431/151
f 4450/940/151 4452/930/151 4451/2414/151 4449/2424/151
f 4452/930/151 4454/915/151 4453/2399/151 4451/2414/151
f 4454/915/151 4456/888/151 4455/2372/151 4453/2399/151
f 4456/888/151 4458/858/151 4457/2342/151 4455/2372/151
f 4458/858/151 4460/819/151 4459/2303/151 4457/2342/151
f 4460/819/151 4462/807/151 4461/2291/151 4459/2303/151
f 4462/807/151 4464/792/151 4463/2276/151 4461/2291/151
f 4464/792/151 4466/783/151 4465/2267/151 4463/2276/151
f 4466/783/151 4468/781/463 4467/2265/463 4465/2267/151
f 4468/781/463 4470/779/464 4469/2263/464 4467/2265/463
f 4470/779/464 4472/773/465 4471/2257/465 4469/2263/464
f 4472/773/465 4474/771/466 4473/2255/466 4471/2257/465
f 4474/771/466 4476/768/467 4475/2252/467 4473/2255/466
f 4476/768/467 4478/766/468 4477/2250/468 4475/2252/467
f 4478/766/468 4480/760/469 4479/2244/469 4477/2250/468
f 4480/760/469 4482/757/470 4481/2241/470 4479/2244/469
f 4482/757/470 4484/755/471 4483/2239/471 4481/2241/470
f 4484/755/471 4486/753/472 4485/2237/472 4483/2239/471
f 4486/753/472 4488/751/473 4487/2235/473 4485/2237/472
f 4488/751/473 4490/736/474 4489/2220/474 4487/2235/473
f 4490/736/474 4492/738/475 4491/2221/475 4489/2220/474
f 4492/738/475 4494/737/182 4493/2222/182 4491/2221/475
f 4494/737/182 4496/739/182 4495/2223/182 4493/2222/182
f 4496/739/182 4498/740/182 4497/2224/182 4495/2223/182
f 4498/740/182 4500/741/182 4499/2225/182 4497/2224/182
f 4500/741/182 4502/742/182 4501/2226/182 4499/2225/182
f 4502/742/182 4504/743/182 4503/2227/182 4501/2226/182
f 4504/743/182 4506/744/182 4505/2228/182 4503/2227/182
f 4506/744/182 4508/745/182 4507/2229/182 4505/2228/182
f 4508/745/182 4510/746/182 4509/2230/182 4507/2229/182
f 4510/746/182 4512/747/182 4511/2231/182 4509/2230/182
f 4512/747/182 4514/748/182 4513/2232/182 4511/2231/182
f 4514/748/182 4516/749/476 4515/2233/476 4513/2232/182
f 4516/749/476 4518/750/477 4517/2234/477 4515/2233/476
f 4518/750/477 4520/752/478 4519/2236/478 4517/2234/477
f 4520/752/478 4522/754/479 4521/2238/479 4519/2236/478
f 4522/754/479 4524/756/480 4523/2240/480 4521/2238/479
f 4524/756/480 4526/758/481 4525/2242/481 4523/2240/480
f 4526/758/481 4528/761/482 4527/2245/482 4525/2242/481
f 4528/761/482 4530/765/483 4529/2249/483 4527/2245/482
f 4530/765/483 4532/767/484 4531/2251/484 4529/2249/483
f 4532/767/484 4534/770/485 4533/2254/485 4531/2251/484
f 4534/770/485 4536/772/486 4535/2256/486 4533/2254/485
f 4536/772/486 4538/777/487 4537/2261/487 4535/2256/486
f 4538/777/487 4540/780/488 4539/2264/488 4537/2261/487
f 4540/780/488 4542/782/196 4541/2266/196 4539/2264/488
f 4542/782/196 4544/784/196 4543/2268/196 4541/2266/196
f 4544/784/196 4546/789/196 4545/2273/196 4543/2268/196
f 4546/789/196 4548/790/196 4547/2274/196 4545/2273/196
f 4548/790/196 4550/796/196 4549/2280/196 4547/2274/196
f 4550/796/196 4552/801/196 4551/2285/196 4549/2280/196
f 4552/801/196 4554/803/196 4553/2287/196 4551/2285/196
f 4554/803/196 4556/809/196 4555/2293/196 4553/2287/196
f 4556/809/196 4558/810/196 4557/2294/196 4555/2293/196
f 4558/810/196 4560/814/196 4559/2298/196 4557/2294/196
f 4560/814/196 4562/815/196 4561/2299/196 4559/2298/196
f 4562/815/196 4564/817/196 4563/2301/196 4561/2299/196
f 4564/817/182 4566/812/182 4565/2296/182 4563/2301/182
f 4566/812/489 4568/804/490 4567/2288/490 4565/2296/489
f 4568/804/490 4570/798/491 4569/2282/491 4567/2288/490
f 4570/798/491 4572/793/492 4571/2277/492 4569/2282/491
f 4572/793/492 4574/786/493 4573/2270/493 4571/2277/492
f 4574/786/493 4576/774/494 4575/2258/494 4573/2270/493
f 4576/774/494 4578/762/495 4577/2246/495 4575/2258/494
f 4578/762/495 4580/733/496 4579/2217/496 4577/2246/495
f 4580/733/496 4582/728/497 4581/2212/497 4579/2217/496
f 4582/728/497 4584/724/498 4583/2208/498 4581/2212/497
f 4584/724/498 4586/720/499 4585/2204/499 4583/2208/498
f 4586/720/499 4588/713/500 4587/2197/500 4585/2204/499
f 4588/713/500 4590/715/501 4589/2198/501 4587/2197/500
f 4590/715/501 4592/714/502 4591/2199/502 4589/2198/501
f 4592/714/502 4594/721/503 4593/2205/503 4591/2199/502
f 4594/721/503 4596/725/504 4595/2209/504 4593/2205/503
f 4596/725/504 4598/729/505 4597/2213/505 4595/2209/504
f 4598/729/505 4600/734/506 4599/2218/506 4597/2213/505
f 4600/734/506 4602/763/507 4601/2247/507 4599/2218/506
f 4602/763/507 4604/775/508 4603/2259/508 4601/2247/507
f 4604/775/508 4606/787/509 4605/2271/509 4603/2259/508
f 4606/787/509 4608/794/510 4607/2278/510 4605/2271/509
f 4608/794/510 4610/799/511 4609/2283/511 4607/2278/510
f 4610/799/511 4612/806/512 4611/2290/512 4609/2283/511
f 4612/806/512 4614/813/513 4613/2297/513 4611/2290/512
f 4614/813/514 4616/805/515 4615/2289/515 4613/2297/514
f 4616/805/515 4618/800/516 4617/2284/516 4615/2289/515
f 4618/800/516 4620/795/517 4619/2279/517 4617/2284/516
f 4620/795/517 4622/788/518 4621/2272/518 4619/2279/517
f 4622/788/518 4624/776/519 4623/2260/519 4621/2272/518
f 4624/776/519 4626/764/520 4625/2248/520 4623/2260/519
f 4626/764/520 4628/735/521 4627/2219/521 4625/2248/520
f 4628/735/521 4630/730/522 4629/2214/522 4627/2219/521
f 4630/730/522 4632/726/523 4631/2210/523 4629/2214/522
f 4632/726/523 4634/722/524 4633/2206/524 4631/2210/523
f 4634/722/524 4636/716/525 4635/2200/525 4633/2206/524
f 4636/716/525 4638/718/526 4637/2201/526 4635/2200/525
f 4638/718/526 4640/717/527 4639/2202/527 4637/2201/526
f 4640/717/527 4642/719/528 4641/2203/528 4639/2202/527
f 4642/719/528 4644/723/529 4643/2207/529 4641/2203/528
f 4644/723/529 4646/727/530 4645/2211/530 4643/2207/529
f 4646/727/530 4648/731/531 4647/2215/531 4645/2211/530
f 4648/731/531 4650/732/532 4649/2216/532 4647/2215/531
f 4650/732/532 4652/759/533 4651/2243/533 4649/2216/532
f 4652/759/533 4654/769/534 4653/2253/534 4651/2243/533
f 4654/769/534 4656/778/535 4655/2262/535 4653/2253/534
f 4656/778/535 4658/785/536 4657/2269/536 4655/2262/535
f 4658/785/536 4660/791/537 4659/2275/537 4657/2269/536
f 4660/791/537 4662/797/538 4661/2281/538 4659/2275/537
f 4662/797/538 4664/802/539 4663/2286/539 4661/2281/538
f 4664/802/539 4666/808/540 4665/2292/540 4663/2286/539
f 4666/808/540 4668/811/541 4667/2295/541 4665/2292/540
f 4668/811/541 4670/816/542 4669/2300/542 4667/2295/541
f 4670/816/542 4672/818/543 4671/2302/543 4669/2300/542
f 4672/818/543 4674/823/544 4673/2307/544 4671/2302/543
f 4674/823/544 4676/835/545 4675/2319/545 4673/2307/544
f 4676/835/545 4678/849/546 4677/2333/546 4675/2319/545
f 4678/849/546 4680/857/547 4679/2341/547 4677/2333/546
f 4680/857/547 4682/865/548 4681/2349/548 4679/2341/547
f 4682/865/548 4684/872/296 4683/2356/296 4681/2349/548
f 4684/872/296 4686/879/549 4685/2363/549 4683/2356/296
f 4686/879/549 4688/884/550 4687/2368/550 4685/2363/549
f 4688/884/550 4690/890/550 4689/2374/550 4687/2368/550
f 4690/890/550 4692/897/550 4691/2381/550 4689/2374/550
f 4692/897/550 4694/906/550 4693/2390/550 4691/2381/550
f 4694/906/550 4696/920/550 4695/2404/550 4693/2390/550
f 4696/920/550 4698/925/550 4697/2409/550 4695/2404/550
f 4698/925/550 4700/935/550 4699/2419/550 4697/2409/550
f 4700/935/550 4702/941/550 4701/2425/550 4699/2419/550
f 4702/941/550 4704/946/550 4703/2430/550 4701/2425/550
f 4704/946/550 4706/952/550 4705/2436/550 4703/2430/550
f 4706/952/550 4708/958/550 4707/2442/550 4705/2436/550
f 4708/958/550 4710/964/551 4709/2448/551 4707/2442/550
f 4710/964/551 4712/973/350 4711/2457/350 4709/2448/551
f 4712/973/350 4714/979/440 4713/2463/440 4711/2457/350
f 4714/979/440 4716/985/441 4715/2469/441 4713/2463/440
f 4716/985/441 4718/991/442 4717/2475/442 4715/2469/441
f 4718/991/442 4720/997/443 4719/2481/443 4717/2475/442
f 4720/997/443 4722/1003/444 4721/2487/444 4719/2481/443
f 4722/1003/444 4724/1009/445 4723/2493/445 4721/2487/444
f 4724/1009/445 4726/1016/446 4725/2500/446 4723/2493/445
f 4726/1016/446 4728/1022/447 4727/2506/447 4725/2500/446
f 4728/1022/447 4730/1028/448 4729/2512/448 4727/2506/447
f 4730/1028/448 4732/1034/449 4731/2518/449 4729/2512/448
f 4732/1034/449 4734/1040/154 4733/2524/154 4731/2518/449
f 4734/1040/154 4736/1062/247 4735/2546/247 4733/2524/154
f 4736/1062/247 4738/1061/247 4737/2545/247 4735/2546/247
f 4738/1061/247 4740/1060/247 4739/2544/247 4737/2545/247
f 4740/1060/247 4742/1059/247 4741/2543/247 4739/2544/247
f 4742/1059/247 4744/1058/247 4743/2542/247 4741/2543/247
f 4744/1058/247 4746/1057/247 4745/2541/247 4743/2542/247
f 4746/1057/247 4748/1056/247 4747/2540/247 4745/2541/247
f 4748/1056/247 4750/1055/247 4749/2539/247 4747/2540/247
f 4750/1055/247 4752/1054/247 4751/2538/247 4749/2539/247
f 4752/1054/247 4754/1053/247 4753/2537/247 4751/2538/247
f 4754/1053/247 4756/1052/247 4755/2536/247 4753/2537/247
f 4756/1052/247 4758/1036/155 4757/2520/155 4755/2536/247
f 4758/1036/155 4760/1030/156 4759/2514/156 4757/2520/155
f 4760/1030/156 4762/1024/157 4761/2508/157 4759/2514/156
f 4762/1024/157 4764/1018/158 4763/2502/158 4761/2508/157
f 4764/1018/158 4766/1012/159 4765/2496/159 4763/2502/158
f 4766/1012/159 4768/1006/160 4767/2490/160 4765/2496/159
f 4768/1006/160 4770/1000/161 4769/2484/161 4767/2490/160
f 4770/1000/161 4772/994/162 4771/2478/162 4769/2484/161
f 4772/994/162 4774/988/163 4773/2472/163 4771/2478/162
f 4774/988/163 4776/982/164 4775/2466/164 4773/2472/163
f 4776/982/164 4778/976/165 4777/2460/165 4775/2466/164
f 4778/976/165 4780/972/552 4779/2456/552 4777/2460/165
f 4780/972/552 4782/968/553 4781/2452/553 4779/2456/552
f 4782/968/553 4784/962/151 4783/2446/151 4781/2452/553
f 4784/962/151 4786/956/151 4785/2440/151 4783/2446/151
f 4786/956/151 4788/951/151 4787/2435/151 4785/2440/151
f 4788/951/151 4790/945/151 4789/2429/151 4787/2435/151
f 4790/945/151 4792/939/151 4791/2423/151 4789/2429/151
f 4792/939/151 4794/934/151 4793/2418/151 4791/2423/151
f 4794/934/151 4796/929/151 4795/2413/151 4793/2418/151
f 4796/929/151 4798/924/151 4797/2408/151 4795/2413/151
f 4798/924/151 4800/919/151 4799/2403/151 4797/2408/151
f 4800/919/151 4802/914/151 4801/2398/151 4799/2403/151
f 4802/914/151 4804/910/151 4803/2394/151 4801/2398/151
f 4804/910/151 4806/905/261 4805/2389/261 4803/2394/151
f 4806/905/261 4808/903/554 4807/2387/554 4805/2389/261
f 4808/903/554 4810/899/555 4809/2383/555 4807/2387/554
f 4810/899/555 4812/896/556 4811/2380/556 4809/2383/555
f 4812/896/556 4814/892/554 4813/2376/554 4811/2380/556
f 4814/892/554 4816/886/557 4815/2370/557 4813/2376/554
f 4816/886/557 4818/883/558 4817/2367/558 4815/2370/557
f 4818/883/558 4820/878/559 4819/2362/559 4817/2367/558
f 4820/878/559 4822/876/560 4821/2360/560 4819/2362/559
f 4822/876/560 4824/871/561 4823/2355/561 4821/2360/560
f 4824/871/561 4826/869/562 4825/2353/562 4823/2355/561
f 4826/869/562 4828/864/563 4827/2348/563 4825/2353/562
f 4828/864/563 4830/862/564 4829/2346/564 4827/2348/563
f 4830/862/564 4832/855/565 4831/2339/565 4829/2346/564
f 4832/855/565 4834/852/566 4833/2336/566 4831/2339/565
f 4834/852/566 4836/848/567 4835/2332/567 4833/2336/566
f 4836/848/567 4838/845/568 4837/2329/568 4835/2332/567
f 4838/845/568 4840/842/569 4839/2326/569 4837/2329/568
f 4840/842/569 4842/840/570 4841/2324/570 4839/2326/569
f 4842/840/570 4844/836/571 4843/2320/571 4841/2324/570
f 4844/836/571 4846/833/572 4845/2317/572 4843/2320/571
f 4846/833/572 4848/831/573 4847/2315/573 4845/2317/572
f 4848/831/573 4850/827/574 4849/2311/574 4847/2315/573
f 4850/827/574 4852/826/575 4851/2310/575 4849/2311/574
f 4852/826/575 4854/822/576 4853/2306/576 4851/2310/575
f 4854/822/576 4856/825/577 4855/2309/577 4853/2306/576
f 4856/825/577 4858/828/578 4857/2312/578 4855/2309/577
f 4858/828/578 4860/832/579 4859/2316/579 4857/2312/578
f 4860/832/579 4862/834/580 4861/2318/580 4859/2316/579
f 4862/834/580 4864/837/581 4863/2321/581 4861/2318/580
f 4864/837/581 4866/841/582 4865/2325/582 4863/2321/581
f 4866/841/582 4868/843/583 4867/2327/583 4865/2325/582
f 4868/843/583 4870/847/584 4869/2331/584 4867/2327/583
f 4870/847/584 4872/850/585 4871/2334/585 4869/2331/584
f 4872/850/585 4874/854/586 4873/2338/586 4871/2334/585
f 4874/854/586 4876/856/587 4875/2340/587 4873/2338/586
f 4876/856/587 4878/861/588 4877/2345/588 4875/2340/587
f 4878/861/588 4880/863/589 4879/2347/589 4877/2345/588
f 4880/863/589 4882/868/590 4881/2352/590 4879/2347/589
f 4882/868/590 4884/870/591 4883/2354/591 4881/2352/590
f 4884/870/591 4886/875/592 4885/2359/592 4883/2354/591
f 4886/875/592 4888/877/593 4887/2361/593 4885/2359/592
f 4888/877/593 4890/882/594 4889/2366/594 4887/2361/593
f 4890/882/594 4892/885/595 4891/2369/595 4889/2366/594
f 4892/885/595 4894/891/596 4893/2375/596 4891/2369/595
f 4894/891/596 4896/893/597 4895/2377/597 4893/2375/596
f 4896/893/597 4898/898/598 4897/2382/598 4895/2377/597
f 4898/898/598 4900/900/599 4899/2384/599 4897/2382/598
f 4900/900/599 4902/904/600 4901/2388/600 4899/2384/599
f 4902/904/600 4904/909/196 4903/2393/196 4901/2388/600
f 4904/909/196 4906/912/196 4905/2396/196 4903/2393/196
f 4906/912/196 4908/917/196 4907/2401/196 4905/2396/196
f 4908/917/196 4910/922/196 4909/2406/196 4907/2401/196
f 4910/922/196 4912/927/196 4911/2411/196 4909/2406/196
f 4912/927/196 4914/932/196 4913/2416/196 4911/2411/196
f 4914/932/196 4916/937/196 4915/2421/196 4913/2416/196
f 4916/937/196 4918/943/196 4917/2427/196 4915/2421/196
f 4918/943/196 4920/949/196 4919/2433/196 4917/2427/196
f 4920/949/196 4922/954/196 4921/2438/196 4919/2433/196
f 4922/954/196 4924/960/196 4923/2444/196 4921/2438/196
f 4924/960/196 4926/966/439 4925/2450/439 4923/2444/196
f 4926/966/439 4928/971/350 4927/2455/350 4925/2450/439
f 4928/971/350 4930/978/440 4929/2462/440 4927/2455/350
f 4930/978/440 4932/984/441 4931/2468/441 4929/2462/440
f 4932/984/441 4934/990/442 4933/2474/442 4931/2468/441
f 4934/990/442 4936/996/443 4935/2480/443 4933/2474/442
f 4936/996/443 4938/1002/444 4937/2486/444 4935/2480/443
f 4938/1002/444 4940/1008/445 4939/2492/445 4937/2486/444
f 4940/1008/445 4942/1015/446 4941/2499/446 4939/2492/445
f 4942/1015/446 4944/1021/447 4943/2505/447 4941/2499/446
f 4944/1021/447 4946/1027/448 4945/2511/448 4943/2505/447
f 4946/1027/448 4948/1033/449 4947/2517/449 4945/2511/448
f 4948/1033/449 4950/1039/154 4949/2523/154 4947/2517/449
f 4950/1039/154 4952/1051/247 4951/2535/247 4949/2523/154
f 4952/1051/247 4954/1050/247 4953/2534/247 4951/2535/247
f 4954/1050/247 4956/1049/247 4955/2533/247 4953/2534/247
f 4956/1049/247 4958/1048/247 4957/2532/247 4955/2533/247
f 4958/1048/247 4960/1047/247 4959/2531/247 4957/2532/247
f 4960/1047/247 4962/1046/247 4961/2530/247 4959/2531/247
f 4962/1046/247 4964/1045/247 4963/2529/247 4961/2530/247
f 4964/1045/247 4966/1044/247 4965/2528/247 4963/2529/247
f 4966/1044/247 4968/1043/247 4967/2527/247 4965/2528/247
f 4968/1043/247 4970/1042/247 4969/2526/247 4967/2527/247
f 4970/1042/247 4972/1041/247 4971/2525/247 4969/2526/247
f 4972/1041/247 4974/1035/601 4973/2519/601 4971/2525/247
f 4974/1035/601 4976/1029/602 4975/2513/602 4973/2519/601
f 4976/1029/602 4978/1023/603 4977/2507/603 4975/2513/602
f 4978/1023/603 4980/1017/604 4979/2501/604 4977/2507/603
f 4980/1017/604 4982/1011/605 4981/2495/605 4979/2501/604
f 4982/1011/605 4984/1005/606 4983/2489/606 4981/2495/605
f 4984/1005/606 4986/999/607 4985/2483/607 4983/2489/606
f 4986/999/607 4988/993/608 4987/2477/608 4985/2483/607
f 4988/993/608 4990/987/609 4989/2471/609 4987/2477/608
f 4990/987/609 4992/981/610 4991/2465/610 4989/2471/609
f 4992/981/610 4994/975/611 4993/2459/611 4991/2465/610
f 4994/975/611 4996/970/612 4995/2454/612 4993/2459/611
f 4996/970/612 4998/967/613 4997/2451/613 4995/2454/612
f 4998/967/613 5000/961/614 4999/2445/614 4997/2451/613
f 5000/961/614 5002/955/614 5001/2439/614 4999/2445/614
f 5002/955/614 5004/950/614 5003/2434/614 5001/2439/614
f 5004/950/614 5006/944/614 5005/2428/614 5003/2434/614
f 5006/944/614 5008/938/614 5007/2422/614 5005/2428/614
f 5008/938/614 5010/933/614 5009/2417/614 5007/2422/614
f 5010/933/614 5012/928/614 5011/2412/614 5009/2417/614
f 5012/928/614 5014/923/614 5013/2407/614 5011/2412/614
f 5014/923/614 5016/918/614 5015/2402/614 5013/2407/614
f 5016/918/614 5018/913/614 5017/2397/614 5015/2402/614
f 5018/913/614 5020/908/614 5019/2392/614 5017/2397/614
f 5020/908/614 5022/902/615 5021/2386/615 5019/2392/614
f 5022/902/615 5024/895/616 5023/2379/616 5021/2386/615
f 5024/895/616 5026/889/617 5025/2373/617 5023/2379/616
f 5026/889/617 5028/881/618 5027/2365/618 5025/2373/617
f 5028/881/618 5030/874/619 5029/2358/619 5027/2365/618
f 5030/874/619 5032/867/620 5031/2351/620 5029/2358/619
f 5032/867/620 5034/860/621 5033/2344/621 5031/2351/620
f 5034/860/621 5036/853/622 5035/2337/622 5033/2344/621
f 5036/853/622 5038/846/623 5037/2330/623 5035/2337/622
f 5038/846/623 5040/839/624 5039/2323/624 5037/2330/623
f 5040/839/624 5042/830/625 5041/2314/625 5039/2323/624
f 5042/830/625 5044/824/626 5043/2308/626 5041/2314/625
f 5044/824/626 5046/821/627 5045/2305/627 5043/2308/626
f 5046/821/627 5048/820/628 5047/2304/628 5045/2305/627
f 5048/820/628 5050/829/629 5049/2313/629 5047/2304/628
f 5050/829/629 5052/838/630 5051/2322/630 5049/2313/629
f 5052/838/630 5054/844/631 5053/2328/631 5051/2322/630
f 5054/844/631 5056/851/632 5055/2335/632 5053/2328/631
f 5056/851/632 5058/859/633 5057/2343/633 5055/2335/632
f 5058/859/633 5060/866/634 5059/2350/634 5057/2343/633
f 5060/866/634 5062/873/635 5061/2357/635 5059/2350/634
f 5062/873/635 5064/880/636 5063/2364/636 5061/2357/635
f 5064/880/636 5066/887/637 5065/2371/637 5063/2364/636
f 5066/887/637 5068/894/638 5067/2378/638 5065/2371/637
f 5068/894/638 5070/901/639 5069/2385/639 5067/2378/638
f 5070/901/639 5072/907/196 5071/2391/196 5069/2385/639
f 5072/907/196 5074/911/196 5073/2395/196 5071/2391/196
f 5074/911/196 5076/916/196 5075/2400/196 5073/2395/196
f 5076/916/196 5078/921/196 5077/2405/196 5075/2400/196
f 5078/921/196 5080/926/196 5079/2410/196 5077/2405/196
f 5080/926/196 5082/931/196 5081/2415/196 5079/2410/196
f 5082/931/196 5084/936/196 5083/2420/196 5081/2415/196
f 5084/936/196 5086/942/196 5085/2426/196 5083/2420/196
f 5086/942/196 5088/948/196 5087/2432/196 5085/2426/196
f 5088/948/196 5090/953/196 5089/2437/196 5087/2432/196
f 5090/953/196 5092/959/196 5091/2443/196 5089/2437/196
f 5092/959/196 4394/965/439 4393/2449/439 5091/2443/196
f 5094/1118/640 5096/1111/641 5095/2595/641 5093/2602/640
f 5096/1111/641 5098/1104/642 5097/2588/642 5095/2595/641
f 5098/1104/642 5100/1097/643 5099/2581/643 5097/2588/642
f 5100/1097/643 5102/1085/644 5101/2569/644 5099/2581/643
f 5102/1085/644 5104/1076/645 5103/2560/645 5101/2569/644
f 5104/1076/645 5106/1074/646 5105/2558/646 5103/2560/645
f 5106/1074/646 5108/1072/647 5107/2556/647 5105/2558/646
f 5108/1072/647 5110/1070/648 5109/2554/648 5107/2556/647
f 5110/1070/648 5112/1068/649 5111/2552/649 5109/2554/648
f 5112/1068/649 5114/1066/650 5113/2550/650 5111/2552/649
f 5114/1066/650 5116/1063/651 5115/2547/651 5113/2550/650
f 5116/1063/651 5118/1065/652 5117/2548/652 5115/2547/651
f 5118/1065/652 5120/1064/653 5119/2549/653 5117/2548/652
f 5120/1064/653 5122/1067/654 5121/2551/654 5119/2549/653
f 5122/1067/654 5124/1069/655 5123/2553/655 5121/2551/654
f 5124/1069/655 5126/1071/656 5125/2555/656 5123/2553/655
f 5126/1071/656 5128/1073/657 5127/2557/657 5125/2555/656
f 5128/1073/657 5130/1075/658 5129/2559/658 5127/2557/657
f 5130/1075/658 5132/1078/659 5131/2562/659 5129/2559/658
f 5132/1078/659 5134/1087/660 5133/2571/660 5131/2562/659
f 5134/1087/660 5136/1098/224 5135/2582/224 5133/2571/660
f 5136/1098/224 5138/1106/661 5137/2590/661 5135/2582/224
f 5138/1106/661 5140/1113/662 5139/2597/662 5137/2590/661
f 5140/1113/662 5142/1120/663 5141/2604/663 5139/2597/662
f 5142/1120/663 5144/1128/664 5143/2612/664 5141/2604/663
f 5144/1128/664 5146/1135/665 5145/2619/665 5143/2612/664
f 5146/1135/665 5148/1139/666 5147/2623/666 5145/2619/665
f 5148/1139/666 5150/1145/667 5149/2629/667 5147/2623/666
f 5150/1145/667 5152/1151/668 5151/2635/668 5149/2629/667
f 5152/1151/668 5154/1158/669 5153/2642/669 5151/2635/668
f 5154/1158/669 5156/1161/670 5155/2645/670 5153/2642/669
f 5156/1161/670 5158/1163/671 5157/2647/671 5155/2645/670
f 5158/1163/671 5160/1165/672 5159/2649/672 5157/2647/671
f 5160/1165/672 5162/1167/673 5161/2651/673 5159/2649/672
f 5162/1167/673 5164/1169/674 5163/2653/674 5161/2651/673
f 5164/1169/674 5166/1170/675 5165/2654/675 5163/2653/674
f 5166/1170/675 5168/1168/676 5167/2652/676 5165/2654/675
f 5168/1168/676 5170/1166/677 5169/2650/677 5167/2652/676
f 5170/1166/677 5172/1164/678 5171/2648/678 5169/2650/677
f 5172/1164/678 5174/1162/679 5173/2646/679 5171/2648/678
f 5174/1162/679 5176/1160/680 5175/2644/680 5173/2646/679
f 5176/1160/680 5178/1157/681 5177/2641/681 5175/2644/680
f 5178/1157/681 5180/1150/682 5179/2634/682 5177/2641/681
f 5180/1150/682 5182/1144/683 5181/2628/683 5179/2634/682
f 5182/1144/683 5184/1138/684 5183/2622/684 5181/2628/683
f 5184/1138/684 5186/1132/685 5185/2616/685 5183/2622/684
f 5186/1132/685 5188/1126/686 5187/2610/686 5185/2616/685
f 5188/1126/686 5094/1118/640 5093/2602/640 5187/2610/686
f 5190/1099/687 5192/1096/688 5191/2580/688 5189/2583/687
f 5192/1096/688 5194/1094/689 5193/2578/689 5191/2580/688
f 5194/1094/689 5196/1093/690 5195/2577/690 5193/2578/689
f 5196/1093/690 5198/1091/691 5197/2575/691 5195/2577/690
f 5198/1091/691 5200/1090/692 5199/2574/692 5197/2575/691
f 5200/1090/692 5202/1089/693 5201/2573/693 5199/2574/692
f 5202/1089/693 5204/1086/694 5203/2570/694 5201/2573/693
f 5204/1086/694 5206/1084/695 5205/2568/695 5203/2570/694
f 5206/1084/695 5208/1082/696 5207/2566/696 5205/2568/695
f 5208/1082/696 5210/1081/697 5209/2565/697 5207/2566/696
f 5210/1081/697 5212/1080/698 5211/2564/698 5209/2565/697
f 5212/1080/698 5214/1077/699 5213/2561/699 5211/2564/698
f 5214/1077/699 5216/1079/700 5215/2563/700 5213/2561/699
f 5216/1079/700 5218/1083/701 5217/2567/701 5215/2563/700
f 5218/1083/701 5220/1088/702 5219/2572/702 5217/2567/701
f 5220/1088/702 5222/1092/703 5221/2576/703 5219/2572/702
f 5222/1092/703 5224/1095/704 5223/2579/704 5221/2576/703
f 5224/1095/704 5226/1100/705 5225/2584/705 5223/2579/704
f 5226/1100/705 5228/1102/706 5227/2586/706 5225/2584/705
f 5228/1102/706 5230/1107/707 5229/2591/707 5227/2586/706
f 5230/1107/707 5232/1109/708 5231/2593/708 5229/2591/707
f 5232/1109/708 5234/1114/709 5233/2598/709 5231/2593/708
f 5234/1114/709 5236/1117/710 5235/2601/710 5233/2598/709
f 5236/1117/710 5238/1121/711 5237/2605/711 5235/2601/710
f 5238/1121/711 5240/1123/712 5239/2607/712 5237/2605/711
f 5240/1123/712 5242/1127/713 5241/2611/713 5239/2607/712
f 5242/1127/713 5244/1130/714 5243/2614/714 5241/2611/713
f 5244/1130/714 5246/1133/715 5245/2617/715 5243/2614/714
f 5246/1133/715 5248/1137/716 5247/2621/716 5245/2617/715
f 5248/1137/716 5250/1141/717 5249/2625/717 5247/2621/716
f 5250/1141/717 5252/1143/718 5251/2627/718 5249/2625/717
f 5252/1143/718 5254/1147/719 5253/2631/719 5251/2627/718
f 5254/1147/719 5256/1149/720 5255/2633/720 5253/2631/719
f 5256/1149/720 5258/1153/721 5257/2637/721 5255/2633/720
f 5258/1153/721 5260/1155/722 5259/2639/722 5257/2637/721
f 5260/1155/722 5262/1159/723 5261/2643/723 5259/2639/722
f 5262/1159/723 5264/1156/724 5263/2640/724 5261/2643/723
f 5264/1156/724 5266/1154/725 5265/2638/725 5263/2640/724
f 5266/1154/725 5268/1152/726 5267/2636/726 5265/2638/725
f 5268/1152/726 5270/1148/727 5269/2632/727 5267/2636/726
f 5270/1148/727 5272/1146/728 5271/2630/728 5269/2632/727
f 5272/1146/728 5274/1142/729 5273/2626/729 5271/2630/728
f 5274/1142/729 5276/1140/730 5275/2624/730 5273/2626/729
f 5276/1140/730 5278/1136/731 5277/2620/731 5275/2624/730
f 5278/1136/731 5280/1134/732 5279/2618/732 5277/2620/731
f 5280/1134/732 5282/1131/733 5281/2615/733 5279/2618/732
f 5282/1131/733 5284/1129/734 5283/2613/734 5281/2615/733
f 5284/1129/734 5286/1125/735 5285/2609/735 5283/2613/734
f 5286/1125/735 5288/1124/736 5287/2608/736 5285/2609/735
f 5288/1124/736 5290/1122/737 5289/2606/737 5287/2608/736
f 5290/1122/737 5292/1119/738 5291/2603/738 5289/2606/737
f 5292/1119/738 5294/1116/739 5293/2600/739 5291/2603/738
f 5294/1116/739 5296/1115/740 5295/2599/740 5293/2600/739
f 5296/1115/740 5298/1112/741 5297/2596/741 5295/2599/740
f 5298/1112/741 5300/1110/742 5299/2594/742 5297/2596/741
f 5300/1110/742 5302/1108/743 5301/2592/743 5299/2594/742
f 5302/1108/743 5304/1105/744 5303/2589/744 5301/2592/743
f 5304/1105/744 5306/1103/745 5305/2587/745 5303/2589/744
f 5306/1103/745 5308/1101/746 5307/2585/746 5305/2587/745
f 5308/1101/746 5190/1099/687 5189/2583/687 5307/2585/746
f 5310/1360/747 5312/1356/748 5311/2840/748 5309/2844/747
f 5312/1356/748 5314/1355/749 5313/2839/749 5311/2840/748
f 5314/1355/749 5316/1351/750 5315/2835/750 5313/2839/749
f 5316/1351/750 5318/1349/751 5317/2833/751 5315/2835/750
f 5318/1349/751 5320/1344/752 5319/2828/752 5317/2833/751
f 5320/1344/752 5322/1342/753 5321/2826/753 5319/2828/752
f 5322/1342/753 5324/1339/754 5323/2823/754 5321/2826/753
f 5324/1339/754 5326/1337/755 5325/2821/755 5323/2823/754
f 5326/1337/755 5328/1334/756 5327/2818/756 5325/2821/755
f 5328/1334/756 5330/1331/757 5329/2815/757 5327/2818/756
f 5330/1331/757 5332/1328/758 5331/2812/758 5329/2815/757
f 5332/1328/758 5334/1317/759 5333/2801/759 5331/2812/758
f 5334/1317/759 5336/1315/151 5335/2799/151 5333/2801/759
f 5336/1315/760 5338/1316/761 5337/2800/761 5335/2799/760
f 5338/1316/761 5340/1318/762 5339/2802/762 5337/2800/761
f 5340/1318/762 5342/1319/763 5341/2803/763 5339/2802/762
f 5342/1319/763 5344/1322/764 5343/2806/764 5341/2803/763
f 5344/1322/764 5346/1323/765 5345/2807/765 5343/2806/764
f 5346/1323/765 5348/1324/766 5347/2808/766 5345/2807/765
f 5348/1324/766 5350/1326/767 5349/2810/767 5347/2808/766
f 5350/1326/767 5352/1329/768 5351/2813/768 5349/2810/767
f 5352/1329/768 5354/1332/769 5353/2816/769 5351/2813/768
f 5354/1332/769 5356/1336/770 5355/2820/770 5353/2816/769
f 5356/1336/770 5358/1341/771 5357/2825/771 5355/2820/770
f 5358/1341/771 5360/1348/772 5359/2832/772 5357/2825/771
f 5360/1348/772 5362/1353/773 5361/2837/773 5359/2832/772
f 5362/1353/773 5364/1358/774 5363/2842/774 5361/2837/773
f 5364/1358/774 5366/1362/775 5365/2846/775 5363/2842/774
f 5366/1362/775 5368/1365/776 5367/2849/776 5365/2846/775
f 5368/1365/776 5370/1368/777 5369/2852/777 5367/2849/776
f 5370/1368/777 5372/1372/778 5371/2856/778 5369/2852/777
f 5372/1372/778 5374/1376/779 5373/2860/779 5371/2856/778
f 5374/1376/779 5376/1379/780 5375/2863/780 5373/2860/779
f 5376/1379/780 5378/1382/781 5377/2866/781 5375/2863/780
f 5378/1382/781 5380/1387/782 5379/2871/782 5377/2866/781
f 5380/1387/782 5382/1389/783 5381/2873/783 5379/2871/782
f 5382/1389/783 5384/1391/784 5383/2875/784 5381/2873/783
f 5384/1391/784 5386/1390/785 5385/2874/785 5383/2875/784
f 5386/1390/785 5388/1388/786 5387/2872/786 5385/2874/785
f 5388/1388/786 5390/1386/787 5389/2870/787 5387/2872/786
f 5390/1386/787 5392/1383/788 5391/2867/788 5389/2870/787
f 5392/1383/788 5394/1381/789 5393/2865/789 5391/2867/788
f 5394/1381/789 5396/1378/790 5395/2862/790 5393/2865/789
f 5396/1378/790 5398/1375/791 5397/2859/791 5395/2862/790
f 5398/1375/791 5400/1373/792 5399/2857/792 5397/2859/791
f 5400/1373/792 5402/1369/793 5401/2853/793 5399/2857/792
f 5402/1369/793 5404/1367/794 5403/2851/794 5401/2853/793
f 5404/1367/794 5406/1364/795 5405/2848/795 5403/2851/794
f 5406/1364/795 5310/1360/747 5309/2844/747 5405/2848/795
f 5408/1440/796 5410/1448/797 5409/2932/797 5407/2924/796
f 5410/1448/797 5412/1457/798 5411/2941/798 5409/2932/797
f 5412/1457/798 5414/1460/799 5413/2944/799 5411/2941/798
f 5414/1460/799 5416/1462/800 5415/2946/800 5413/2944/799
f 5416/1462/800 5418/1465/801 5417/2949/801 5415/2946/800
f 5418/1465/801 5420/1467/802 5419/2951/802 5417/2949/801
f 5420/1467/802 5422/1468/803 5421/2952/803 5419/2951/802
f 5422/1468/803 5424/1466/804 5423/2950/804 5421/2952/803
f 5424/1466/804 5426/1463/805 5425/2947/805 5423/2950/804
f 5426/1463/805 5428/1461/806 5427/2945/806 5425/2947/805
f 5428/1461/806 5430/1459/807 5429/2943/807 5427/2945/806
f 5430/1459/807 5432/1445/808 5431/2929/808 5429/2943/807
f 5432/1445/808 5434/1436/809 5433/2920/809 5431/2929/808
f 5434/1436/809 5436/1433/810 5435/2917/810 5433/2920/809
f 5436/1433/810 5438/1429/811 5437/2913/811 5435/2917/810
f 5438/1429/811 5440/1428/812 5439/2912/812 5437/2913/811
f 5440/1428/812 5442/1424/813 5441/2908/813 5439/2912/812
f 5442/1424/813 5444/1422/814 5443/2906/814 5441/2908/813
f 5444/1422/814 5446/1419/815 5445/2903/815 5443/2906/814
f 5446/1419/815 5448/1416/816 5447/2900/816 5445/2903/815
f 5448/1416/816 5450/1413/817 5449/2897/817 5447/2900/816
f 5450/1413/817 5452/1411/818 5451/2895/818 5449/2897/817
f 5452/1411/818 5454/1408/819 5453/2892/819 5451/2895/818
f 5454/1408/819 5456/1404/820 5455/2888/820 5453/2892/819
f 5456/1404/821 5458/1407/822 5457/2891/822 5455/2888/821
f 5458/1407/822 5460/1414/823 5459/2898/823 5457/2891/822
f 5460/1414/823 5462/1420/824 5461/2904/824 5459/2898/823
f 5462/1420/824 5464/1426/825 5463/2910/825 5461/2904/824
f 5464/1426/825 5466/1431/826 5465/2915/826 5463/2910/825
f 5466/1431/826 5468/1435/827 5467/2919/827 5465/2915/826
f 5468/1435/827 5470/1439/828 5469/2923/828 5467/2919/827
f 5470/1439/828 5472/1446/829 5471/2930/829 5469/2923/828
f 5472/1446/829 5474/1458/830 5473/2942/830 5471/2930/829
f 5474/1458/830 5476/1469/831 5475/2953/831 5473/2942/830
f 5476/1469/831 5478/1470/832 5477/2954/832 5475/2953/831
f 5478/1470/832 5480/1471/833 5479/2955/833 5477/2954/832
f 5480/1471/833 5482/1464/834 5481/2948/834 5479/2955/833
f 5482/1464/834 5484/1447/835 5483/2931/835 5481/2948/834
f 5484/1447/835 5486/1438/836 5485/2922/836 5483/2931/835
f 5486/1438/836 5488/1432/837 5487/2916/837 5485/2922/836
f 5488/1432/837 5490/1425/838 5489/2909/838 5487/2916/837
f 5490/1425/838 5492/1418/839 5491/2902/839 5489/2909/838
f 5492/1418/839 5494/1410/840 5493/2894/840 5491/2902/839
f 5494/1410/840 5496/1398/841 5495/2882/841 5493/2894/840
f 5496/1398/841 5498/1384/842 5497/2868/842 5495/2882/841
f 5498/1384/842 5500/1371/843 5499/2855/843 5497/2868/842
f 5500/1371/843 5502/1359/844 5501/2843/844 5499/2855/843
f 5502/1359/844 5504/1352/845 5503/2836/845 5501/2843/844
f 5504/1352/845 5506/1346/846 5505/2830/846 5503/2836/845
f 5506/1346/846 5508/1340/847 5507/2824/847 5505/2830/846
f 5508/1340/847 5510/1335/848 5509/2819/848 5507/2824/847
f 5510/1335/848 5512/1330/849 5511/2814/849 5509/2819/848
f 5512/1330/849 5514/1325/850 5513/2809/850 5511/2814/849
f 5514/1325/850 5516/1321/851 5515/2805/851 5513/2809/850
f 5516/1321/851 5518/1314/852 5517/2798/852 5515/2805/851
f 5518/1314/852 5520/1312/853 5519/2796/853 5517/2798/852
f 5520/1312/853 5522/1311/854 5521/2795/854 5519/2796/853
f 5522/1311/854 5524/1309/855 5523/2793/855 5521/2795/854
f 5524/1309/855 5526/1308/856 5525/2792/856 5523/2793/855
f 5526/1308/856 5528/1307/857 5527/2791/857 5525/2792/856
f 5528/1307/857 5530/1305/858 5529/2789/858 5527/2791/857
f 5530/1305/858 5532/1304/859 5531/2788/859 5529/2789/858
f 5532/1304/859 5534/1303/860 5533/2787/860 5531/2788/859
f 5534/1303/860 5536/1301/861 5535/2785/861 5533/2787/860
f 5536/1301/861 5538/1300/862 5537/2784/862 5535/2785/861
f 5538/1300/862 5540/1299/863 5539/2783/863 5537/2784/862
f 5540/1299/863 5542/1297/864 5541/2781/864 5539/2783/863
f 5542/1297/864 5544/1296/865 5543/2780/865 5541/2781/864
f 5544/1296/865 5546/1294/866 5545/2778/866 5543/2780/865
f 5546/1294/866 5548/1293/867 5547/2777/867 5545/2778/866
f 5548/1293/867 5550/1292/868 5549/2776/868 5547/2777/867
f 5550/1292/868 5552/1291/869 5551/2775/869 5549/2776/868
f 5552/1291/151 5554/1290/151 5553/2774/151 5551/2775/151
f 5554/1290/151 5556/1289/151 5555/2773/151 5553/2774/151
f 5556/1289/151 5558/1288/151 5557/2772/151 5555/2773/151
f 5558/1288/151 5560/1287/151 5559/2771/151 5557/2772/151
f 5560/1287/151 5562/1286/151 5561/2770/151 5559/2771/151
f 5562/1286/151 5564/1285/151 5563/2769/151 5561/2770/151
f 5564/1285/151 5566/1284/151 5565/2768/151 5563/2769/151
f 5566/1284/151 5568/1283/151 5567/2767/151 5565/2768/151
f 5568/1283/151 5570/1282/151 5569/2766/151 5567/2767/151
f 5570/1282/151 5572/1280/151 5571/2764/151 5569/2766/151
f 5572/1280/151 5574/1279/151 5573/2763/151 5571/2764/151
f 5574/1279/151 5576/1278/870 5575/2762/870 5573/2763/151
f 5576/1278/870 5578/1277/871 5577/2761/871 5575/2762/870
f 5578/1277/871 5580/1275/872 5579/2759/872 5577/2761/871
f 5580/1275/872 5582/1265/873 5581/2749/873 5579/2759/872
f 5582/1265/873 5584/1252/874 5583/2736/874 5581/2749/873
f 5584/1252/874 5586/1243/875 5585/2727/875 5583/2736/874
f 5586/1243/875 5588/1238/876 5587/2722/876 5585/2727/875
f 5588/1238/876 5590/1233/877 5589/2717/877 5587/2722/876
f 5590/1233/877 5592/1231/878 5591/2715/878 5589/2717/877
f 5592/1231/878 5594/1229/879 5593/2713/879 5591/2715/878
f 5594/1229/879 5596/1226/880 5595/2710/880 5593/2713/879
f 5596/1226/880 5598/1224/881 5597/2708/881 5595/2710/880
f 5598/1224/881 5600/1222/882 5599/2706/882 5597/2708/881
f 5600/1222/882 5602/1219/883 5601/2703/883 5599/2706/882
f 5602/1219/883 5604/1217/884 5603/2701/884 5601/2703/883
f 5604/1217/884 5606/1216/885 5605/2700/885 5603/2701/884
f 5606/1216/885 5608/1214/886 5607/2698/886 5605/2700/885
f 5608/1214/886 5610/1211/887 5609/2695/887 5607/2698/886
f 5610/1211/887 5612/1210/888 5611/2694/888 5609/2695/887
f 5612/1210/888 5614/1208/889 5613/2692/889 5611/2694/888
f 5614/1208/889 5616/1206/890 5615/2690/890 5613/2692/889
f 5616/1206/890 5618/1205/891 5617/2689/891 5615/2690/890
f 5618/1205/891 5620/1203/892 5619/2687/892 5617/2689/891
f 5620/1203/892 5622/1199/893 5621/2683/893 5619/2687/892
f 5622/1199/893 5624/1198/894 5623/2682/894 5621/2683/893
f 5624/1198/894 5626/1202/895 5625/2686/895 5623/2682/894
f 5626/1202/895 5628/1204/896 5627/2688/896 5625/2686/895
f 5628/1204/896 5630/1207/897 5629/2691/897 5627/2688/896
f 5630/1207/897 5632/1209/898 5631/2693/898 5629/2691/897
f 5632/1209/898 5634/1212/899 5633/2696/899 5631/2693/898
f 5634/1212/899 5636/1215/900 5635/2699/900 5633/2696/899
f 5636/1215/900 5638/1218/901 5637/2702/901 5635/2699/900
f 5638/1218/901 5640/1221/902 5639/2705/902 5637/2702/901
f 5640/1221/902 5642/1225/903 5641/2709/903 5639/2705/902
f 5642/1225/903 5644/1227/904 5643/2711/904 5641/2709/903
f 5644/1227/904 5646/1230/905 5645/2714/905 5643/2711/904
f 5646/1230/905 5648/1235/906 5647/2719/906 5645/2714/905
f 5648/1235/906 5650/1242/907 5649/2726/907 5647/2719/906
f 5650/1242/907 5652/1245/908 5651/2729/908 5649/2726/907
f 5652/1245/908 5654/1248/909 5653/2732/909 5651/2729/908
f 5654/1248/909 5656/1251/910 5655/2735/910 5653/2732/909
f 5656/1251/910 5658/1258/911 5657/2742/911 5655/2735/910
f 5658/1258/911 5660/1261/912 5659/2745/912 5657/2742/911
f 5660/1261/912 5662/1263/913 5661/2747/913 5659/2745/912
f 5662/1263/913 5664/1266/914 5663/2750/914 5661/2747/913
f 5664/1266/914 5666/1268/915 5665/2752/915 5663/2750/914
f 5666/1268/915 5668/1270/916 5667/2754/916 5665/2752/915
f 5668/1270/916 5670/1272/917 5669/2756/917 5667/2754/916
f 5670/1272/917 5672/1274/918 5671/2758/918 5669/2756/917
f 5672/1274/918 5674/1273/919 5673/2757/919 5671/2758/918
f 5674/1273/919 5676/1271/919 5675/2755/919 5673/2757/919
f 5676/1271/919 5678/1269/919 5677/2753/919 5675/2755/919
f 5678/1269/919 5680/1267/919 5679/2751/919 5677/2753/919
f 5680/1267/919 5682/1264/919 5681/2748/919 5679/2751/919
f 5682/1264/919 5684/1262/919 5683/2746/919 5681/2748/919
f 5684/1262/919 5686/1260/919 5685/2744/919 5683/2746/919
f 5686/1260/919 5688/1259/919 5687/2743/919 5685/2744/919
f 5688/1259/919 5690/1257/919 5689/2741/919 5687/2743/919
f 5690/1257/919 5692/1256/919 5691/2740/919 5689/2741/919
f 5692/1256/919 5694/1255/919 5693/2739/919 5691/2740/919
f 5694/1255/919 5696/1253/920 5695/2737/920 5693/2739/919
f 5696/1253/920 5698/1250/921 5697/2734/921 5695/2737/920
f 5698/1250/921 5700/1249/922 5699/2733/922 5697/2734/921
f 5700/1249/922 5702/1247/923 5701/2731/923 5699/2733/922
f 5702/1247/923 5704/1246/924 5703/2730/924 5701/2731/923
f 5704/1246/924 5706/1244/925 5705/2728/925 5703/2730/924
f 5706/1244/925 5708/1241/926 5707/2725/926 5705/2728/925
f 5708/1241/926 5710/1240/927 5709/2724/927 5707/2725/926
f 5710/1240/927 5712/1239/928 5711/2723/928 5709/2724/927
f 5712/1239/928 5714/1237/929 5713/2721/929 5711/2723/928
f 5714/1237/929 5716/1234/930 5715/2718/930 5713/2721/929
f 5716/1234/930 5718/1232/931 5717/2716/931 5715/2718/930
f 5718/1232/931 5720/1220/932 5719/2704/932 5717/2716/931
f 5720/1220/932 5722/1201/933 5721/2685/933 5719/2704/932
f 5722/1201/933 5724/1196/934 5723/2680/934 5721/2685/933
f 5724/1196/934 5726/1193/935 5725/2677/935 5723/2680/934
f 5726/1193/935 5728/1191/936 5727/2675/936 5725/2677/935
f 5728/1191/936 5730/1188/937 5729/2672/937 5727/2675/936
f 5730/1188/937 5732/1186/938 5731/2670/938 5729/2672/937
f 5732/1186/938 5734/1183/939 5733/2667/939 5731/2670/938
f 5734/1183/939 5736/1180/940 5735/2664/940 5733/2667/939
f 5736/1180/940 5738/1178/941 5737/2662/941 5735/2664/940
f 5738/1178/941 5740/1175/942 5739/2659/942 5737/2662/941
f 5740/1175/942 5742/1171/943 5741/2655/943 5739/2659/942
f 5742/1171/943 5744/1173/944 5743/2656/944 5741/2655/943
f 5744/1173/944 5746/1172/945 5745/2657/945 5743/2656/944
f 5746/1172/945 5748/1174/946 5747/2658/946 5745/2657/945
f 5748/1174/946 5750/1176/947 5749/2660/947 5747/2658/946
f 5750/1176/947 5752/1177/948 5751/2661/948 5749/2660/947
f 5752/1177/948 5754/1179/949 5753/2663/949 5751/2661/948
f 5754/1179/949 5756/1181/950 5755/2665/950 5753/2663/949
f 5756/1181/950 5758/1182/951 5757/2666/951 5755/2665/950
f 5758/1182/951 5760/1184/952 5759/2668/952 5757/2666/951
f 5760/1184/952 5762/1185/953 5761/2669/953 5759/2668/952
f 5762/1185/953 5764/1187/954 5763/2671/954 5761/2669/953
f 5764/1187/954 5766/1189/955 5765/2673/955 5763/2671/954
f 5766/1189/955 5768/1190/956 5767/2674/956 5765/2673/955
f 5768/1190/956 5770/1192/957 5769/2676/957 5767/2674/956
f 5770/1192/957 5772/1194/958 5771/2678/958 5769/2676/957
f 5772/1194/958 5774/1195/959 5773/2679/959 5771/2678/958
f 5774/1195/959 5776/1197/960 5775/2681/960 5773/2679/959
f 5776/1197/960 5778/1200/961 5777/2684/961 5775/2681/960
f 5778/1200/961 5780/1213/962 5779/2697/962 5777/2684/961
f 5780/1213/962 5782/1223/963 5781/2707/963 5779/2697/962
f 5782/1223/963 5784/1228/964 5783/2712/964 5781/2707/963
f 5784/1228/964 5786/1236/965 5785/2720/965 5783/2712/964
f 5786/1236/965 5788/1254/966 5787/2738/966 5785/2720/965
f 5788/1254/966 5790/1276/967 5789/2760/967 5787/2738/966
f 5790/1276/967 5792/1281/968 5791/2765/968 5789/2760/967
f 5792/1281/968 5794/1295/196 5793/2779/196 5791/2765/968
f 5794/1295/196 5796/1298/196 5795/2782/196 5793/2779/196
f 5796/1298/196 5798/1302/196 5797/2786/196 5795/2782/196
f 5798/1302/196 5800/1306/196 5799/2790/196 5797/2786/196
f 5800/1306/196 5802/1310/196 5801/2794/196 5799/2790/196
f 5802/1310/196 5804/1313/196 5803/2797/196 5801/2794/196
f 5804/1313/196 5806/1320/196 5805/2804/196 5803/2797/196
f 5806/1320/196 5808/1327/196 5807/2811/196 5805/2804/196
f 5808/1327/196 5810/1333/196 5809/2817/196 5807/2811/196
f 5810/1333/196 5812/1338/196 5811/2822/196 5809/2817/196
f 5812/1338/196 5814/1343/196 5813/2827/196 5811/2822/196
f 5814/1343/196 5816/1345/969 5815/2829/969 5813/2827/196
f 5816/1345/969 5818/1347/970 5817/2831/970 5815/2829/969
f 5818/1347/970 5820/1350/971 5819/2834/971 5817/2831/970
f 5820/1350/971 5822/1354/972 5821/2838/972 5819/2834/971
f 5822/1354/972 5824/1357/973 5823/2841/973 5821/2838/972
f 5824/1357/973 5826/1361/974 5825/2845/974 5823/2841/973
f 5826/1361/974 5828/1363/975 5827/2847/975 5825/2845/974
f 5828/1363/975 5830/1366/976 5829/2850/976 5827/2847/975
f 5830/1366/976 5832/1370/977 5831/2854/977 5829/2850/976
f 5832/1370/977 5834/1374/978 5833/2858/978 5831/2854/977
f 5834/1374/978 5836/1377/979 5835/2861/979 5833/2858/978
f 5836/1377/979 5838/1380/980 5837/2864/980 5835/2861/979
f 5838/1380/980 5840/1385/981 5839/2869/981 5837/2864/980
f 5840/1385/981 5842/1392/982 5841/2876/982 5839/2869/981
f 5842/1392/982 5844/1393/983 5843/2877/983 5841/2876/982
f 5844/1393/983 5846/1394/984 5845/2878/984 5843/2877/983
f 5846/1394/984 5848/1395/985 5847/2879/985 5845/2878/984
f 5848/1395/985 5850/1396/986 5849/2880/986 5847/2879/985
f 5850/1396/986 5852/1397/987 5851/2881/987 5849/2880/986
f 5852/1397/987 5854/1399/988 5853/2883/988 5851/2881/987
f 5854/1399/988 5856/1400/989 5855/2884/989 5853/2883/988
f 5856/1400/989 5858/1401/990 5857/2885/990 5855/2884/989
f 5858/1401/990 5860/1402/991 5859/2886/991 5857/2885/990
f 5860/1402/991 5862/1403/992 5861/2887/992 5859/2886/991
f 5862/1403/992 5864/1405/993 5863/2889/993 5861/2887/992
f 5864/1405/993 5866/1406/994 5865/2890/994 5863/2889/993
f 5866/1406/994 5868/1409/995 5867/2893/995 5865/2890/994
f 5868/1409/995 5870/1412/996 5869/2896/996 5867/2893/995
f 5870/1412/996 5872/1415/997 5871/2899/997 5869/2896/996
f 5872/1415/997 5874/1417/998 5873/2901/998 5871/2899/997
f 5874/1417/998 5876/1421/999 5875/2905/999 5873/2901/998
f 5876/1421/999 5878/1423/1000 5877/2907/1000 5875/2905/999
f 5878/1423/1000 5880/1427/1001 5879/2911/1001 5877/2907/1000
f 5880/1427/1001 5882/1430/1002 5881/2914/1002 5879/2911/1001
f 5882/1430/1002 5884/1434/1003 5883/2918/1003 5881/2914/1002
f 5884/1434/1003 5886/1437/1004 5885/2921/1004 5883/2918/1003
f 5886/1437/1004 5888/1444/1005 5887/2928/1005 5885/2921/1004
f 5888/1444/1006 5890/1443/1007 5889/2927/1007 5887/2928/1006
f 5890/1443/1007 5892/1456/1008 5891/2940/1008 5889/2927/1007
f 5892/1456/1008 5894/1442/1009 5893/2926/1009 5891/2940/1008
f 5894/1442/1009 5896/1455/1010 5895/2939/1010 5893/2926/1009
f 5896/1455/1010 5898/1454/1009 5897/2938/1009 5895/2939/1010
f 5898/1454/1009 5900/1453/1009 5899/2937/1009 5897/2938/1009
f 5900/1453/1009 5902/1452/1009 5901/2936/1009 5899/2937/1009
f 5902/1452/1009 5904/1451/1010 5903/2935/1010 5901/2936/1009
f 5904/1451/1010 5906/1450/1011 5905/2934/1011 5903/2935/1010
f 5906/1450/1011 5908/1449/1008 5907/2933/1008 5905/2934/1011
f 5908/1449/1008 5910/1441/1012 5909/2925/1012 5907/2933/1008
f 5910/1441/1012 5408/1440/1013 5407/2924/1013 5909/2925/1012
f 5912/1661/747 5914/1657/1014 5913/3141/1014 5911/3145/747
f 5914/1657/1014 5916/1656/749 5915/3140/749 5913/3141/1014
f 5916/1656/749 5918/1652/750 5917/3136/750 5915/3140/749
f 5918/1652/750 5920/1650/751 5919/3134/751 5917/3136/750
f 5920/1650/751 5922/1645/752 5921/3129/752 5919/3134/751
f 5922/1645/752 5924/1643/753 5923/3127/753 5921/3129/752
f 5924/1643/753 5926/1640/754 5925/3124/754 5923/3127/753
f 5926/1640/754 5928/1638/755 5927/3122/755 5925/3124/754
f 5928/1638/755 5930/1635/756 5929/3119/756 5927/3122/755
f 5930/1635/756 5932/1632/757 5931/3116/757 5929/3119/756
f 5932/1632/757 5934/1629/758 5933/3113/758 5931/3116/757
f 5934/1629/758 5936/1618/759 5935/3102/759 5933/3113/758
f 5936/1618/759 5938/1616/151 5937/3100/151 5935/3102/759
f 5938/1616/760 5940/1617/761 5939/3101/761 5937/3100/760
f 5940/1617/761 5942/1619/762 5941/3103/762 5939/3101/761
f 5942/1619/762 5944/1620/763 5943/3104/763 5941/3103/762
f 5944/1620/763 5946/1623/764 5945/3107/764 5943/3104/763
f 5946/1623/764 5948/1624/765 5947/3108/765 5945/3107/764
f 5948/1624/765 5950/1625/766 5949/3109/766 5947/3108/765
f 5950/1625/766 5952/1627/767 5951/3111/767 5949/3109/766
f 5952/1627/767 5954/1630/768 5953/3114/768 5951/3111/767
f 5954/1630/768 5956/1633/769 5955/3117/769 5953/3114/768
f 5956/1633/769 5958/1637/770 5957/3121/770 5955/3117/769
f 5958/1637/770 5960/1642/771 5959/3126/771 5957/3121/770
f 5960/1642/771 5962/1649/772 5961/3133/772 5959/3126/771
f 5962/1649/772 5964/1654/773 5963/3138/773 5961/3133/772
f 5964/1654/773 5966/1659/1015 5965/3143/1015 5963/3138/773
f 5966/1659/1015 5968/1663/775 5967/3147/775 5965/3143/1015
f 5968/1663/775 5970/1666/776 5969/3150/776 5967/3147/775
f 5970/1666/776 5972/1669/777 5971/3153/777 5969/3150/776
f 5972/1669/777 5974/1673/778 5973/3157/778 5971/3153/777
f 5974/1673/778 5976/1677/779 5975/3161/779 5973/3157/778
f 5976/1677/779 5978/1680/780 5977/3164/780 5975/3161/779
f 5978/1680/780 5980/1683/781 5979/3167/781 5977/3164/780
f 5980/1683/781 5982/1688/782 5981/3172/782 5979/3167/781
f 5982/1688/782 5984/1690/783 5983/3174/783 5981/3172/782
f 5984/1690/783 5986/1692/784 5985/3176/784 5983/3174/783
f 5986/1692/784 5988/1691/785 5987/3175/785 5985/3176/784
f 5988/1691/785 5990/1689/786 5989/3173/786 5987/3175/785
f 5990/1689/786 5992/1687/787 5991/3171/787 5989/3173/786
f 5992/1687/787 5994/1684/788 5993/3168/788 5991/3171/787
f 5994/1684/788 5996/1682/789 5995/3166/789 5993/3168/788
f 5996/1682/789 5998/1679/1016 5997/3163/1016 5995/3166/789
f 5998/1679/1016 6000/1676/791 5999/3160/791 5997/3163/1016
f 6000/1676/791 6002/1674/792 6001/3158/792 5999/3160/791
f 6002/1674/792 6004/1670/793 6003/3154/793 6001/3158/792
f 6004/1670/793 6006/1668/794 6005/3152/794 6003/3154/793
f 6006/1668/794 6008/1665/795 6007/3149/795 6005/3152/794
f 6008/1665/795 5912/1661/747 5911/3145/747 6007/3149/795
f 6010/1741/796 6012/1749/797 6011/3233/797 6009/3225/796
f 6012/1749/797 6014/1758/798 6013/3242/798 6011/3233/797
f 6014/1758/798 6016/1761/799 6015/3245/799 6013/3242/798
f 6016/1761/799 6018/1763/800 6017/3247/800 6015/3245/799
f 6018/1763/800 6020/1766/801 6019/3250/801 6017/3247/800
f 6020/1766/801 6022/1768/802 6021/3252/802 6019/3250/801
f 6022/1768/802 6024/1769/803 6023/3253/803 6021/3252/802
f 6024/1769/803 6026/1767/804 6025/3251/804 6023/3253/803
f 6026/1767/804 6028/1764/805 6027/3248/805 6025/3251/804
f 6028/1764/805 6030/1762/806 6029/3246/806 6027/3248/805
f 6030/1762/806 6032/1760/1017 6031/3244/1017 6029/3246/806
f 6032/1760/1017 6034/1746/808 6033/3230/808 6031/3244/1017
f 6034/1746/808 6036/1737/809 6035/3221/809 6033/3230/808
f 6036/1737/809 6038/1734/810 6037/3218/810 6035/3221/809
f 6038/1734/810 6040/1730/1018 6039/3214/1018 6037/3218/810
f 6040/1730/1018 6042/1729/812 6041/3213/812 6039/3214/1018
f 6042/1729/812 6044/1725/813 6043/3209/813 6041/3213/812
f 6044/1725/813 6046/1723/814 6045/3207/814 6043/3209/813
f 6046/1723/814 6048/1720/815 6047/3204/815 6045/3207/814
f 6048/1720/815 6050/1717/816 6049/3201/816 6047/3204/815
f 6050/1717/816 6052/1714/817 6051/3198/817 6049/3201/816
f 6052/1714/817 6054/1712/818 6053/3196/818 6051/3198/817
f 6054/1712/818 6056/1709/819 6055/3193/819 6053/3196/818
f 6056/1709/819 6058/1705/820 6057/3189/820 6055/3193/819
f 6058/1705/821 6060/1708/822 6059/3192/822 6057/3189/821
f 6060/1708/822 6062/1715/823 6061/3199/823 6059/3192/822
f 6062/1715/823 6064/1721/824 6063/3205/824 6061/3199/823
f 6064/1721/824 6066/1727/825 6065/3211/825 6063/3205/824
f 6066/1727/825 6068/1732/826 6067/3216/826 6065/3211/825
f 6068/1732/826 6070/1736/827 6069/3220/827 6067/3216/826
f 6070/1736/827 6072/1740/828 6071/3224/828 6069/3220/827
f 6072/1740/828 6074/1747/829 6073/3231/829 6071/3224/828
f 6074/1747/829 6076/1759/830 6075/3243/830 6073/3231/829
f 6076/1759/830 6078/1770/831 6077/3254/831 6075/3243/830
f 6078/1770/831 6080/1771/832 6079/3255/832 6077/3254/831
f 6080/1771/832 6082/1772/833 6081/3256/833 6079/3255/832
f 6082/1772/833 6084/1765/834 6083/3249/834 6081/3256/833
f 6084/1765/834 6086/1748/835 6085/3232/835 6083/3249/834
f 6086/1748/835 6088/1739/836 6087/3223/836 6085/3232/835
f 6088/1739/836 6090/1733/837 6089/3217/837 6087/3223/836
f 6090/1733/837 6092/1726/838 6091/3210/838 6089/3217/837
f 6092/1726/838 6094/1719/839 6093/3203/839 6091/3210/838
f 6094/1719/839 6096/1711/840 6095/3195/840 6093/3203/839
f 6096/1711/840 6098/1699/841 6097/3183/841 6095/3195/840
f 6098/1699/841 6100/1685/842 6099/3169/842 6097/3183/841
f 6100/1685/842 6102/1672/843 6101/3156/843 6099/3169/842
f 6102/1672/843 6104/1660/844 6103/3144/844 6101/3156/843
f 6104/1660/844 6106/1653/845 6105/3137/845 6103/3144/844
f 6106/1653/845 6108/1647/846 6107/3131/846 6105/3137/845
f 6108/1647/846 6110/1641/847 6109/3125/847 6107/3131/846
f 6110/1641/847 6112/1636/848 6111/3120/848 6109/3125/847
f 6112/1636/848 6114/1631/849 6113/3115/849 6111/3120/848
f 6114/1631/849 6116/1626/850 6115/3110/850 6113/3115/849
f 6116/1626/850 6118/1622/851 6117/3106/851 6115/3110/850
f 6118/1622/851 6120/1615/852 6119/3099/852 6117/3106/851
f 6120/1615/852 6122/1613/853 6121/3097/853 6119/3099/852
f 6122/1613/853 6124/1612/854 6123/3096/854 6121/3097/853
f 6124/1612/854 6126/1610/855 6125/3094/855 6123/3096/854
f 6126/1610/855 6128/1609/856 6127/3093/856 6125/3094/855
f 6128/1609/856 6130/1608/857 6129/3092/857 6127/3093/856
f 6130/1608/857 6132/1606/858 6131/3090/858 6129/3092/857
f 6132/1606/858 6134/1605/859 6133/3089/859 6131/3090/858
f 6134/1605/859 6136/1604/860 6135/3088/860 6133/3089/859
f 6136/1604/860 6138/1602/861 6137/3086/861 6135/3088/860
f 6138/1602/861 6140/1601/862 6139/3085/862 6137/3086/861
f 6140/1601/862 6142/1600/863 6141/3084/863 6139/3085/862
f 6142/1600/863 6144/1598/864 6143/3082/864 6141/3084/863
f 6144/1598/864 6146/1597/865 6145/3081/865 6143/3082/864
f 6146/1597/865 6148/1595/866 6147/3079/866 6145/3081/865
f 6148/1595/866 6150/1594/867 6149/3078/867 6147/3079/866
f 6150/1594/867 6152/1593/868 6151/3077/868 6149/3078/867
f 6152/1593/868 6154/1592/869 6153/3076/869 6151/3077/868
f 6154/1592/151 6156/1591/151 6155/3075/151 6153/3076/151
f 6156/1591/151 6158/1590/151 6157/3074/151 6155/3075/151
f 6158/1590/151 6160/1589/151 6159/3073/151 6157/3074/151
f 6160/1589/151 6162/1588/151 6161/3072/151 6159/3073/151
f 6162/1588/151 6164/1587/151 6163/3071/151 6161/3072/151
f 6164/1587/151 6166/1586/151 6165/3070/151 6163/3071/151
f 6166/1586/151 6168/1585/151 6167/3069/151 6165/3070/151
f 6168/1585/151 6170/1584/151 6169/3068/151 6167/3069/151
f 6170/1584/151 6172/1583/151 6171/3067/151 6169/3068/151
f 6172/1583/151 6174/1581/151 6173/3065/151 6171/3067/151
f 6174/1581/151 6176/1580/151 6175/3064/151 6173/3065/151
f 6176/1580/151 6178/1579/870 6177/3063/870 6175/3064/151
f 6178/1579/870 6180/1578/871 6179/3062/871 6177/3063/870
f 6180/1578/871 6182/1576/872 6181/3060/872 6179/3062/871
f 6182/1576/872 6184/1566/873 6183/3050/873 6181/3060/872
f 6184/1566/873 6186/1553/874 6185/3037/874 6183/3050/873
f 6186/1553/874 6188/1544/875 6187/3028/875 6185/3037/874
f 6188/1544/875 6190/1539/876 6189/3023/876 6187/3028/875
f 6190/1539/876 6192/1534/877 6191/3018/877 6189/3023/876
f 6192/1534/877 6194/1532/878 6193/3016/878 6191/3018/877
f 6194/1532/878 6196/1530/879 6195/3014/879 6193/3016/878
f 6196/1530/879 6198/1527/880 6197/3011/880 6195/3014/879
f 6198/1527/880 6200/1525/881 6199/3009/881 6197/3011/880
f 6200/1525/881 6202/1523/882 6201/3007/882 6199/3009/881
f 6202/1523/882 6204/1520/883 6203/3004/883 6201/3007/882
f 6204/1520/883 6206/1518/884 6205/3002/884 6203/3004/883
f 6206/1518/884 6208/1517/885 6207/3001/885 6205/3002/884
f 6208/1517/885 6210/1515/1019 6209/2999/1019 6207/3001/885
f 6210/1515/1019 6212/1512/887 6211/2996/887 6209/2999/1019
f 6212/1512/887 6214/1511/888 6213/2995/888 6211/2996/887
f 6214/1511/888 6216/1509/889 6215/2993/889 6213/2995/888
f 6216/1509/889 6218/1507/890 6217/2991/890 6215/2993/889
f 6218/1507/890 6220/1506/891 6219/2990/891 6217/2991/890
f 6220/1506/891 6222/1504/892 6221/2988/892 6219/2990/891
f 6222/1504/892 6224/1500/893 6223/2984/893 6221/2988/892
f 6224/1500/893 6226/1499/894 6225/2983/894 6223/2984/893
f 6226/1499/894 6228/1503/895 6227/2987/895 6225/2983/894
f 6228/1503/895 6230/1505/896 6229/2989/896 6227/2987/895
f 6230/1505/896 6232/1508/897 6231/2992/897 6229/2989/896
f 6232/1508/897 6234/1510/898 6233/2994/898 6231/2992/897
f 6234/1510/898 6236/1513/899 6235/2997/899 6233/2994/898
f 6236/1513/899 6238/1516/900 6237/3000/900 6235/2997/899
f 6238/1516/900 6240/1519/901 6239/3003/901 6237/3000/900
f 6240/1519/901 6242/1522/902 6241/3006/902 6239/3003/901
f 6242/1522/902 6244/1526/1020 6243/3010/1020 6241/3006/902
f 6244/1526/1020 6246/1528/904 6245/3012/904 6243/3010/1020
f 6246/1528/904 6248/1531/905 6247/3015/905 6245/3012/904
f 6248/1531/905 6250/1536/906 6249/3020/906 6247/3015/905
f 6250/1536/906 6252/1543/1021 6251/3027/1021 6249/3020/906
f 6252/1543/1021 6254/1546/908 6253/3030/908 6251/3027/1021
f 6254/1546/908 6256/1549/909 6255/3033/909 6253/3030/908
f 6256/1549/909 6258/1552/1022 6257/3036/1022 6255/3033/909
f 6258/1552/1022 6260/1559/1023 6259/3043/1023 6257/3036/1022
f 6260/1559/1023 6262/1562/912 6261/3046/912 6259/3043/1023
f 6262/1562/912 6264/1564/913 6263/3048/913 6261/3046/912
f 6264/1564/913 6266/1567/914 6265/3051/914 6263/3048/913
f 6266/1567/914 6268/1569/1024 6267/3053/1024 6265/3051/914
f 6268/1569/1024 6270/1571/916 6269/3055/916 6267/3053/1024
f 6270/1571/916 6272/1573/917 6271/3057/917 6269/3055/916
f 6272/1573/917 6274/1575/918 6273/3059/918 6271/3057/917
f 6274/1575/918 6276/1574/919 6275/3058/919 6273/3059/918
f 6276/1574/919 6278/1572/919 6277/3056/919 6275/3058/919
f 6278/1572/919 6280/1570/919 6279/3054/919 6277/3056/919
f 6280/1570/919 6282/1568/919 6281/3052/919 6279/3054/919
f 6282/1568/919 6284/1565/919 6283/3049/919 6281/3052/919
f 6284/1565/919 6286/1563/919 6285/3047/919 6283/3049/919
f 6286/1563/919 6288/1561/919 6287/3045/919 6285/3047/919
f 6288/1561/919 6290/1560/919 6289/3044/919 6287/3045/919
f 6290/1560/919 6292/1558/919 6291/3042/919 6289/3044/919
f 6292/1558/919 6294/1557/919 6293/3041/919 6291/3042/919
f 6294/1557/919 6296/1556/919 6295/3040/919 6293/3041/919
f 6296/1556/919 6298/1554/920 6297/3038/920 6295/3040/919
f 6298/1554/920 6300/1551/921 6299/3035/921 6297/3038/920
f 6300/1551/921 6302/1550/922 6301/3034/922 6299/3035/921
f 6302/1550/922 6304/1548/923 6303/3032/923 6301/3034/922
f 6304/1548/923 6306/1547/924 6305/3031/924 6303/3032/923
f 6306/1547/924 6308/1545/925 6307/3029/925 6305/3031/924
f 6308/1545/925 6310/1542/1025 6309/3026/1025 6307/3029/925
f 6310/1542/1025 6312/1541/927 6311/3025/927 6309/3026/1025
f 6312/1541/927 6314/1540/928 6313/3024/928 6311/3025/927
f 6314/1540/928 6316/1538/929 6315/3022/929 6313/3024/928
f 6316/1538/929 6318/1535/930 6317/3019/930 6315/3022/929
f 6318/1535/930 6320/1533/931 6319/3017/931 6317/3019/930
f 6320/1533/931 6322/1521/1026 6321/3005/1026 6319/3017/931
f 6322/1521/1026 6324/1502/933 6323/2986/933 6321/3005/1026
f 6324/1502/933 6326/1497/934 6325/2981/934 6323/2986/933
f 6326/1497/934 6328/1494/935 6327/2978/935 6325/2981/934
f 6328/1494/935 6330/1492/936 6329/2976/936 6327/2978/935
f 6330/1492/936 6332/1489/937 6331/2973/937 6329/2976/936
f 6332/1489/937 6334/1487/938 6333/2971/938 6331/2973/937
f 6334/1487/938 6336/1484/939 6335/2968/939 6333/2971/938
f 6336/1484/939 6338/1481/940 6337/2965/940 6335/2968/939
f 6338/1481/940 6340/1479/941 6339/2963/941 6337/2965/940
f 6340/1479/941 6342/1476/942 6341/2960/942 6339/2963/941
f 6342/1476/942 6344/1472/943 6343/2956/943 6341/2960/942
f 6344/1472/943 6346/1474/944 6345/2957/944 6343/2956/943
f 6346/1474/944 6348/1473/945 6347/2958/945 6345/2957/944
f 6348/1473/945 6350/1475/946 6349/2959/946 6347/2958/945
f 6350/1475/946 6352/1477/947 6351/2961/947 6349/2959/946
f 6352/1477/947 6354/1478/948 6353/2962/948 6351/2961/947
f 6354/1478/948 6356/1480/949 6355/2964/949 6353/2962/948
f 6356/1480/949 6358/1482/950 6357/2966/950 6355/2964/949
f 6358/1482/950 6360/1483/951 6359/2967/951 6357/2966/950
f 6360/1483/951 6362/1485/952 6361/2969/952 6359/2967/951
f 6362/1485/952 6364/1486/953 6363/2970/953 6361/2969/952
f 6364/1486/953 6366/1488/954 6365/2972/954 6363/2970/953
f 6366/1488/954 6368/1490/955 6367/2974/955 6365/2972/954
f 6368/1490/955 6370/1491/956 6369/2975/956 6367/2974/955
f 6370/1491/956 6372/1493/957 6371/2977/957 6369/2975/956
f 6372/1493/957 6374/1495/958 6373/2979/958 6371/2977/957
f 6374/1495/958 6376/1496/959 6375/2980/959 6373/2979/958
f 6376/1496/959 6378/1498/960 6377/2982/960 6375/2980/959
f 6378/1498/960 6380/1501/961 6379/2985/961 6377/2982/960
f 6380/1501/961 6382/1514/962 6381/2998/962 6379/2985/961
f 6382/1514/962 6384/1524/963 6383/3008/963 6381/2998/962
f 6384/1524/963 6386/1529/964 6385/3013/964 6383/3008/963
f 6386/1529/964 6388/1537/965 6387/3021/965 6385/3013/964
f 6388/1537/965 6390/1555/966 6389/3039/966 6387/3021/965
f 6390/1555/966 6392/1577/967 6391/3061/967 6389/3039/966
f 6392/1577/967 6394/1582/968 6393/3066/968 6391/3061/967
f 6394/1582/968 6396/1596/196 6395/3080/196 6393/3066/968
f 6396/1596/196 6398/1599/196 6397/3083/196 6395/3080/196
f 6398/1599/196 6400/1603/196 6399/3087/196 6397/3083/196
f 6400/1603/196 6402/1607/196 6401/3091/196 6399/3087/196
f 6402/1607/196 6404/1611/196 6403/3095/196 6401/3091/196
f 6404/1611/196 6406/1614/196 6405/3098/196 6403/3095/196
f 6406/1614/196 6408/1621/196 6407/3105/196 6405/3098/196
f 6408/1621/196 6410/1628/196 6409/3112/196 6407/3105/196
f 6410/1628/196 6412/1634/196 6411/3118/196 6409/3112/196
f 6412/1634/196 6414/1639/196 6413/3123/196 6411/3118/196
f 6414/1639/196 6416/1644/196 6415/3128/196 6413/3123/196
f 6416/1644/196 6418/1646/1027 6417/3130/1027 6415/3128/196
f 6418/1646/1027 6420/1648/970 6419/3132/970 6417/3130/1027
f 6420/1648/970 6422/1651/971 6421/3135/971 6419/3132/970
f 6422/1651/971 6424/1655/717 6423/3139/717 6421/3135/971
f 6424/1655/717 6426/1658/973 6425/3142/973 6423/3139/717
f 6426/1658/973 6428/1662/974 6427/3146/974 6425/3142/973
f 6428/1662/974 6430/1664/975 6429/3148/975 6427/3146/974
f 6430/1664/975 6432/1667/976 6431/3151/976 6429/3148/975
f 6432/1667/976 6434/1671/977 6433/3155/977 6431/3151/976
f 6434/1671/977 6436/1675/978 6435/3159/978 6433/3155/977
f 6436/1675/978 6438/1678/979 6437/3162/979 6435/3159/978
f 6438/1678/979 6440/1681/980 6439/3165/980 6437/3162/979
f 6440/1681/980 6442/1686/981 6441/3170/981 6439/3165/980
f 6442/1686/981 6444/1693/982 6443/3177/982 6441/3170/981
f 6444/1693/982 6446/1694/983 6445/3178/983 6443/3177/982
f 6446/1694/983 6448/1695/984 6447/3179/984 6445/3178/983
f 6448/1695/984 6450/1696/985 6449/3180/985 6447/3179/984
f 6450/1696/985 6452/1697/986 6451/3181/986 6449/3180/985
f 6452/1697/986 6454/1698/987 6453/3182/987 6451/3181/986
f 6454/1698/987 6456/1700/988 6455/3184/988 6453/3182/987
f 6456/1700/988 6458/1701/989 6457/3185/989 6455/3184/988
f 6458/1701/989 6460/1702/990 6459/3186/990 6457/3185/989
f 6460/1702/990 6462/1703/991 6461/3187/991 6459/3186/990
f 6462/1703/991 6464/1704/992 6463/3188/992 6461/3187/991
f 6464/1704/992 6466/1706/993 6465/3190/993 6463/3188/992
f 6466/1706/993 6468/1707/994 6467/3191/994 6465/3190/993
f 6468/1707/994 6470/1710/995 6469/3194/995 6467/3191/994
f 6470/1710/995 6472/1713/996 6471/3197/996 6469/3194/995
f 6472/1713/996 6474/1716/997 6473/3200/997 6471/3197/996
f 6474/1716/997 6476/1718/998 6475/3202/998 6473/3200/997
f 6476/1718/998 6478/1722/999 6477/3206/999 6475/3202/998
f 6478/1722/999 6480/1724/1000 6479/3208/1000 6477/3206/999
f 6480/1724/1000 6482/1728/1001 6481/3212/1001 6479/3208/1000
f 6482/1728/1001 6484/1731/1002 6483/3215/1002 6481/3212/1001
f 6484/1731/1002 6486/1735/1003 6485/3219/1003 6483/3215/1002
f 6486/1735/1003 6488/1738/1028 6487/3222/1028 6485/3219/1003
f 6488/1738/1028 6490/1745/1029 6489/3229/1029 6487/3222/1028
f 6490/1745/1030 6492/1757/1031 6491/3241/1031 6489/3229/1030
f 6492/1757/1031 6494/1756/1010 6493/3240/1010 6491/3241/1031
f 6494/1756/1010 6496/1755/1032 6495/3239/1032 6493/3240/1010
f 6496/1755/1032 6498/1754/1011 6497/3238/1011 6495/3239/1032
f 6498/1754/1011 6500/1753/1033 6499/3237/1033 6497/3238/1011
f 6500/1753/1033 6502/1752/1032 6501/3236/1032 6499/3237/1033
f 6502/1752/1032 6504/1751/1032 6503/3235/1032 6501/3236/1032
f 6504/1751/1032 6506/1744/1011 6505/3228/1011 6503/3235/1032
f 6506/1744/1011 6508/1750/1032 6507/3234/1032 6505/3228/1011
f 6508/1750/1032 6510/1743/1010 6509/3227/1010 6507/3234/1032
f 6510/1743/1010 6512/1742/1034 6511/3226/1034 6509/3227/1010
f 6512/1742/1034 6010/1741/1013 6009/3225/1013 6511/3226/1034
