# Blender 5.1.1
# www.blender.org
mtllib hombro.mtl
o robotic_arm.004
v -95.979538 123.551674 -49.821213
v -96.121231 123.382812 -49.821213
v -96.103371 123.375702 -49.821236
v -96.086227 123.384842 -49.821213
v -96.052635 123.394905 -49.821213
v -96.023338 123.414162 -49.821213
v -95.980507 123.463242 -49.821213
v -95.999283 123.439674 -49.821213
v -95.983543 123.471001 -49.821213
v -95.975464 123.505119 -49.821213
v -95.972900 123.544151 -49.676857
v -95.997398 123.599281 -49.821190
v -95.999283 123.594025 -49.821213
v -96.032326 123.627068 -49.821213
v -96.063660 123.642807 -49.821213
v -96.097778 123.650887 -49.821213
v -96.144325 123.646812 -49.821213
v -96.200577 123.620422 -49.821198
v -96.186676 123.627068 -49.821213
v -96.219719 123.594025 -49.821213
v -96.239471 123.551674 -49.821213
v -96.245392 123.529037 -49.821228
v -96.243538 123.505119 -49.821213
v -96.231445 123.459984 -49.821213
v -96.220886 123.437080 -49.821205
v -96.204643 123.421707 -49.821213
v -96.166367 123.394905 -49.821213
v -96.061394 123.592865 -50.076206
v -96.003143 123.659180 -50.294014
v -96.020294 123.695801 -50.364502
v -95.923332 123.858910 -50.617897
v -95.859276 124.079865 -50.809982
v -95.788078 124.337891 -50.938595
v -95.746094 124.577286 -50.985939
v -95.628029 124.924362 -50.984413
v -95.574501 125.060974 -50.961712
v -95.541580 125.232552 -50.891960
v -95.479210 125.340958 -50.812725
v -95.443169 125.453568 -50.703892
v -95.406570 125.558090 -50.542248
v -95.408699 125.611313 -50.414337
v -95.409882 125.652245 -50.252632
v -95.509476 125.215706 -50.902264
v -96.031456 123.570213 -50.051308
v -95.370247 125.625603 -50.383495
v -95.358688 125.652191 -50.237743
v -95.694496 124.580544 -51.008629
v -95.975250 123.629509 -50.302570
v -95.886909 123.875999 -50.674122
v -95.820969 124.110130 -50.852631
v -95.748428 124.377213 -50.970905
v -95.584503 124.919327 -51.009911
v -95.521996 125.104965 -50.971977
v -96.012634 123.546608 -50.081760
v -95.936104 123.742561 -50.495735
v -95.445343 125.340546 -50.845291
v -95.395447 125.505478 -50.663433
v -95.341171 125.643913 -50.456009
v -95.565582 124.944351 -51.055626
v -95.955353 123.644386 -50.475361
v -95.863586 123.912521 -50.742878
v -95.779137 124.195290 -50.951633
v -96.023346 123.501335 -50.056225
v -95.841606 123.984055 -50.838612
v -95.725189 124.435043 -51.057316
v -96.062531 123.460953 -49.897663
v -95.904495 123.813591 -50.713398
v -95.775383 124.268738 -51.015083
v -95.489975 125.196777 -50.996246
v -95.398331 125.477448 -50.780468
v -95.328682 125.695030 -50.326756
v -96.017174 123.530014 -50.251179
v -95.365562 125.627937 -50.592896
v -95.586929 124.955582 -51.086784
v -95.452179 125.405624 -50.895660
v -95.412170 125.546249 -50.754051
v -95.341736 125.747498 -50.235870
v -95.387024 125.664200 -50.577541
v -95.350868 125.713310 -50.408569
v -96.121193 123.451172 -49.816040
v -96.098579 123.460114 -49.973808
v -96.060921 123.501488 -50.175659
v -96.017723 123.590469 -50.414021
v -95.984329 123.733673 -50.634567
v -95.923286 123.885353 -50.801250
v -95.843895 124.080795 -50.939869
v -95.801674 124.300980 -51.045593
v -95.744102 124.559738 -51.104679
v -95.635307 124.936882 -51.102226
v -95.551270 125.121056 -51.057499
v -95.523392 125.290680 -50.989807
v -95.437721 125.581085 -50.723682
v -96.037384 123.647415 -50.487019
v -95.838829 124.310333 -51.039841
v -95.638893 125.031372 -51.076309
v -95.480087 125.461952 -50.860790
v -95.392883 125.730217 -50.423595
v -95.439659 125.648911 -50.608051
v -96.148666 123.481499 -49.897289
v -96.099167 123.512444 -50.164902
v -96.075058 123.570099 -50.324718
v -95.987328 123.850983 -50.725365
v -95.935875 123.958115 -50.844662
v -95.895668 124.088577 -50.935730
v -95.792259 124.551933 -51.084045
v -95.584793 125.229828 -50.999599
v -95.509842 125.453697 -50.855377
v -95.477943 125.582748 -50.690388
v -95.926201 124.090164 -50.896751
v -95.439285 125.726181 -50.275913
v -96.130997 123.536751 -50.068974
v -96.044830 123.712379 -50.529255
v -95.432053 125.718178 -50.412140
v -95.829880 124.471848 -51.036823
v -95.654320 125.043396 -51.021038
v -95.563728 125.283897 -50.892086
v -95.537949 125.409882 -50.845840
v -95.471619 125.589661 -50.572788
v -95.435364 125.677658 -50.256042
v -96.126312 123.563187 -49.817829
v -96.052193 123.694199 -50.408230
v -96.002319 123.832840 -50.612122
v -95.949051 123.999039 -50.777187
v -95.877258 124.251907 -50.930897
v -95.660233 124.961922 -50.999817
v -95.444763 125.611687 -50.467834
v -96.104881 123.581825 -50.084457
v -95.809494 124.496384 -51.000771
v -95.965363 123.861916 -50.616215
v -95.896599 124.084038 -50.812302
v -95.825157 124.342529 -50.941544
v -95.509758 125.393814 -50.783371
v -95.466660 125.507912 -50.647602
v -95.601852 125.092300 -50.957367
v -97.490837 126.099464 -49.485947
v -97.490974 125.723701 -50.083282
v -97.490173 125.986366 -49.988987
v -97.490707 125.868980 -50.057396
v -97.488770 126.083443 -49.882793
v -96.689026 126.147018 -49.644230
v -96.689423 126.100838 -49.859272
v -96.689484 125.976410 -50.003162
v -96.688759 125.833130 -50.072113
v -96.690269 125.647758 -50.083439
v -96.689690 125.447617 -49.341537
v -96.688766 125.672775 -49.241669
v -96.689774 125.871567 -49.270016
v -96.689835 126.096184 -49.465603
v -97.490570 126.041573 -49.393906
v -97.489067 126.138306 -49.602501
v -96.668755 126.120094 -49.743706
v -96.668724 126.001228 -49.962120
v -96.668800 125.581833 -50.040676
v -96.668762 125.665916 -49.266327
v -96.668716 125.908890 -49.301632
v -96.668678 126.093407 -49.499641
v -97.488731 125.574844 -50.061073
v -96.668747 125.770935 -50.066631
v -96.668716 125.477188 -49.344921
v -96.668777 125.358841 -49.495403
v -97.825974 118.602089 -48.333267
v -97.830421 118.184967 -47.612247
v -97.826080 118.745102 -47.984043
v -97.824615 118.163177 -47.376961
v -97.827888 117.967621 -47.413113
v -97.824768 118.504097 -47.482803
v -97.826385 118.665550 -47.661160
v -97.826736 117.810226 -48.406868
v -97.830070 117.957481 -48.007771
v -97.827728 118.731232 -47.843098
v -97.827477 117.602577 -48.052715
v -97.825951 118.196213 -48.528984
v -97.830322 118.405579 -48.265278
v -97.826500 118.010864 -48.508976
v -97.825882 117.644333 -47.709709
v -97.825470 117.592415 -47.923782
v -96.344543 118.402916 -48.153545
v -96.344521 118.480835 -47.951447
v -96.584274 118.428230 -48.121075
v -96.584259 118.475754 -47.941841
v -96.584267 118.403282 -47.748981
v -96.344536 118.401878 -47.753395
v -96.344521 118.287727 -47.673313
v -96.344521 118.145256 -47.646858
v -96.584274 118.199242 -47.645367
v -96.344528 117.992821 -47.702820
v -96.584259 117.965469 -47.715057
v -96.584267 117.861656 -47.916595
v -96.344513 117.861061 -48.008919
v -96.584259 117.889587 -48.083305
v -96.344536 117.963745 -48.183117
v -96.584267 118.013115 -48.222885
v -96.344528 118.082420 -48.248188
v -96.584251 118.245941 -48.256973
v -96.344521 118.246689 -48.253078
v -96.344536 117.896019 -47.811157
v -97.782936 118.705254 -47.527367
v -97.782936 118.560783 -47.391682
v -97.500244 118.505302 -47.352322
v -97.782936 118.317566 -47.280075
v -96.584259 118.222176 -47.268154
v -96.867836 118.280586 -47.273220
v -96.872704 118.505882 -47.351593
v -96.584267 118.460472 -47.333530
v -96.584259 118.648315 -47.463150
v -96.584259 118.766731 -47.621311
v -96.584259 118.850113 -48.023830
v -97.782944 118.840393 -47.788994
v -96.584259 118.838600 -47.804958
v -96.584259 117.958733 -47.299725
v -97.782944 117.972946 -47.291115
v -96.584259 117.697227 -47.448891
v -97.782936 117.670059 -47.474895
v -97.782944 117.525520 -47.714916
v -96.584259 117.518585 -47.726170
v -96.584267 117.482124 -48.002151
v -97.782944 117.483810 -47.909912
v -97.782944 117.508179 -48.151123
v -96.584267 117.569794 -48.301216
v -96.584259 117.777046 -48.518715
v -97.782944 117.685905 -48.450470
v -96.584259 118.049377 -48.634518
v -97.782944 117.981262 -48.617268
v -97.782936 118.260651 -48.635586
v -96.584267 118.381645 -48.609402
v -97.782944 118.482658 -48.563549
v -97.782936 118.654152 -48.438763
v -96.584267 118.611282 -48.478336
v -96.584259 118.779022 -48.272205
v -97.782936 118.823517 -48.181496
v -97.782913 118.571228 -48.369102
v -97.782944 118.416061 -48.475475
v -97.782967 118.245857 -48.527306
v -97.782921 117.978661 -48.506653
v -97.782997 117.708725 -48.312782
v -97.782944 117.605370 -48.085815
v -97.782890 117.593071 -47.896904
v -97.782913 117.656418 -47.681885
v -97.782936 117.781242 -47.525875
v -97.782936 117.930649 -47.426739
v -97.782936 118.136276 -47.376484
v -97.782944 118.334488 -47.400520
v -97.782906 118.560989 -47.523083
v -97.782936 118.718422 -47.770393
v -97.782936 118.744148 -48.018131
v -97.782944 118.684654 -48.212353
v -97.826622 118.326782 -47.402264
v -97.824158 117.778366 -47.527740
v -97.826012 117.660583 -48.229309
v -97.826920 118.411774 -48.479443
v -97.456573 118.243004 -47.041714
v -96.910133 118.143166 -47.215904
v -96.913673 118.957108 -47.371948
v -97.468559 118.804642 -47.634026
v -96.902512 118.805840 -47.632198
v -96.913673 118.278770 -46.979839
v -97.456573 118.957108 -47.371948
v -97.839516 118.265495 -48.498051
v -97.834763 118.379646 -48.303730
v -97.837257 118.157883 -48.176502
v -97.834763 118.044006 -48.371849
v -97.831406 118.632133 -47.870098
v -97.900154 118.402885 -48.254177
v -97.897507 117.966805 -48.005188
v -97.897499 118.623711 -47.872272
v -97.825317 118.695511 -48.185635
v -97.900154 118.187630 -47.623283
v -97.505257 118.788536 -47.653889
v -97.496765 118.110336 -47.264858
v -97.461678 118.745392 -47.505550
v -97.505814 118.687973 -47.501205
v -97.467300 118.656403 -47.421585
v -97.498177 118.582695 -47.402412
v -97.460838 118.504539 -47.302406
v -97.500343 118.392769 -47.301403
v -97.460770 118.325409 -47.236118
v -97.461823 118.140144 -47.221375
v -97.507278 118.222519 -47.267441
v -96.862816 118.788414 -47.650467
v -96.889359 118.123390 -47.249645
v -96.854408 118.103325 -47.270428
v -96.861313 118.644333 -47.455906
v -96.870087 118.384949 -47.299091
v -96.900711 118.335228 -47.254837
v -96.911240 118.515640 -47.297112
v -96.894463 118.655846 -47.439384
v -96.906677 118.726799 -47.488098
v -97.688530 125.921722 -49.529705
v -98.163925 125.950867 -49.532101
v -97.689575 125.955971 -49.523483
v -98.163925 125.947044 -49.502613
v -98.163925 125.919067 -49.520920
v -97.689606 125.938126 -49.500496
v -98.163925 125.921219 -49.470329
v -97.689636 125.917091 -49.462601
v -97.689606 125.959488 -49.465492
v -97.689606 125.936806 -49.433701
v -98.163925 125.926231 -49.437378
v -97.496613 125.362862 -49.754040
v -97.490898 125.307793 -49.707813
v -97.491844 125.394531 -49.924496
v -97.495132 126.003281 -49.410778
v -97.489799 125.710243 -49.246422
v -97.489983 125.847992 -49.264904
v -97.496796 125.730865 -50.005241
v -97.490501 126.101265 -49.488121
v -97.491020 125.721695 -50.083141
v -97.497520 125.680428 -49.467171
v -97.498405 125.487000 -49.544163
v -97.497421 125.467331 -49.977695
v -97.490387 126.019829 -49.959988
v -97.489983 125.900932 -50.047573
v -97.498238 125.599060 -50.027378
v -97.498550 125.829865 -49.929150
v -97.490158 126.095268 -49.856384
v -97.497063 126.003647 -49.925621
v -97.766991 125.826744 -49.925262
v -98.050468 125.812027 -49.938198
v -98.050514 125.867889 -49.834263
v -98.050507 125.869530 -49.700966
v -97.762627 125.879417 -49.761402
v -97.772583 125.855644 -49.664288
v -98.050522 125.766922 -49.553154
v -97.759506 125.689178 -49.519592
v -98.050499 125.708862 -50.009212
v -98.050552 125.572311 -50.020737
v -98.050545 125.450531 -49.958832
v -97.504379 125.385078 -49.873089
v -98.050514 125.362892 -49.806828
v -97.497131 125.395142 -49.638523
v -98.050476 125.419785 -49.605339
v -98.050499 125.585587 -49.513660
v -97.488647 126.135727 -49.737675
v -96.689026 126.135628 -49.763451
v -96.689018 126.042267 -49.943295
v -96.689575 125.900612 -50.048161
v -96.689369 125.636314 -50.080078
v -96.688370 125.423264 -49.967632
v -96.689690 125.303093 -49.735329
v -97.483459 125.333046 -49.824429
v -97.490746 125.313499 -49.582493
v -97.482323 125.345947 -49.475342
v -96.689468 125.326805 -49.516933
v -96.689629 125.448975 -49.340244
v -96.674225 125.611526 -49.264469
v -97.482483 125.593063 -49.263454
v -96.688736 125.820602 -49.250259
v -96.689217 125.996628 -49.343582
v -97.482658 125.955956 -49.312874
v -96.675438 126.081467 -49.453732
v -97.489380 126.138428 -49.607391
v -96.689514 126.136978 -49.579937
v -96.668716 125.407570 -49.920868
v -96.668800 125.381073 -49.643211
v -96.668716 125.320305 -49.692528
v -96.668800 125.411537 -49.803898
v -96.668800 125.951912 -49.919312
v -96.668793 125.793877 -50.000648
v -96.668602 126.012138 -49.955513
v -96.668808 125.643036 -49.995567
v -96.668808 125.445923 -49.461266
v -96.668785 125.511017 -49.933830
v -96.668793 125.604568 -50.050587
v -96.668762 125.760498 -49.264763
v -96.668800 125.739952 -49.324245
v -96.668701 125.968330 -49.339954
v -96.668793 125.891655 -49.366291
v -96.668732 126.127090 -49.695354
v -96.668800 126.065811 -49.636883
v -96.668800 125.597382 -49.347000
v -96.668655 125.385956 -49.436302
v -96.668793 126.006836 -49.474766
v -98.053474 125.844269 -49.797588
v -98.053177 125.811676 -49.892677
v -98.163925 125.733543 -49.967270
v -98.163925 125.570557 -49.987801
v -98.053589 125.548927 -49.983665
v -98.163933 125.466354 -49.928989
v -98.052414 125.479927 -49.944702
v -98.052689 125.423836 -49.876808
v -98.163925 125.405273 -49.827248
v -98.053268 125.393715 -49.768497
v -98.163918 125.418694 -49.664783
v -98.053223 125.430527 -49.648632
v -98.163925 125.541107 -49.559509
v -98.053421 125.493080 -49.584648
v -98.052872 125.688583 -49.552380
v -98.163910 125.670807 -49.549648
v -98.163925 125.776680 -49.608013
v -98.052673 125.769699 -49.599102
v -98.163925 125.838249 -49.711510
v -98.053558 125.835831 -49.696262
v -97.689606 125.999474 -49.416119
v -97.688881 125.694679 -49.424599
v -97.689606 125.999474 -49.922726
v -96.472893 125.489777 -49.416111
v -96.472862 125.892883 -49.362579
v -96.472893 126.028557 -49.511101
v -96.472885 126.067215 -49.709347
v -96.668800 126.036514 -49.799774
v -96.472908 125.955940 -49.920055
v -96.472862 125.790634 -49.998989
v -96.472878 125.587143 -49.984734
v -96.472885 125.411758 -49.811054
v -97.695808 125.687492 -49.460526
v -97.754562 125.635910 -49.511135
v -97.749489 125.873039 -49.836613
v -97.768585 125.780182 -49.565895
v -97.727989 125.858322 -49.622536
v -97.719170 125.743858 -49.511414
v -97.727638 125.850822 -49.923237
v -97.720184 125.904648 -49.747456
v -97.699158 125.828011 -49.536041
v -97.696724 125.905914 -49.921219
v -97.693901 125.947098 -49.754040
v -97.702408 125.901329 -49.642311
v -97.498314 125.633095 -49.507633
v -98.052750 125.578690 -49.546856
v -98.052979 125.733307 -49.964069
v -98.052368 125.659622 -49.990543
v -97.495590 125.694695 -49.412773
v -97.489075 125.572136 -50.059475
v -97.492050 125.453331 -49.342529
v -96.674408 125.777786 -50.074673
v -98.163849 125.344116 -49.785271
v -98.193970 125.350098 -49.783073
v -98.189903 125.449867 -49.944813
v -98.191040 125.586296 -50.031002
v -98.163857 125.488396 -49.983990
v -98.163872 125.707230 -50.060974
v -98.189880 125.741295 -50.058647
v -98.189613 125.956421 -49.982750
v -98.163963 125.912140 -50.012337
v -98.163879 126.052628 -49.882591
v -98.191086 126.110458 -49.707565
v -98.163948 126.113243 -49.719185
v -98.170471 126.109207 -49.573818
v -98.191780 126.069832 -49.482838
v -98.163902 126.022842 -49.406963
v -98.192230 125.943924 -49.340771
v -98.168129 125.835587 -49.283085
v -98.191353 125.695183 -49.275204
v -98.163910 125.668411 -49.275723
v -98.190941 125.556602 -49.312519
v -98.163910 125.513985 -49.330475
v -98.163895 125.398308 -49.444279
v -98.187210 125.430733 -49.401100
v -98.163948 125.339844 -49.577477
v -98.188881 125.337791 -49.582840
v -98.190277 126.072464 -49.840755
v -98.163925 125.961723 -49.457115
v -98.163933 125.834000 -49.839882
v -94.829948 125.889114 -50.224762
v -94.628616 125.848961 -50.236076
v -95.936600 125.288292 -49.744888
v -95.936554 126.075630 -49.861019
v -95.936752 126.160904 -49.808937
v -95.936546 126.114975 -49.673264
v -95.936577 125.350868 -49.903885
v -95.936592 125.310066 -49.944344
v -95.936539 125.466690 -50.024574
v -95.936722 125.522751 -50.123783
v -95.936584 125.692169 -50.101463
v -95.936607 125.802536 -50.140484
v -95.936577 125.933151 -50.026375
v -95.936615 126.001999 -50.041969
v -95.989655 125.346603 -49.891457
v -95.982475 125.430450 -49.996792
v -95.983459 125.767342 -50.091805
v -95.982895 125.859886 -49.298054
v -95.988724 125.523651 -49.304195
v -95.983383 125.307137 -49.546646
v -95.982880 125.285606 -49.724682
v -95.982849 125.933182 -50.022850
v -95.991516 126.046585 -49.902576
v -95.983253 126.103729 -49.772881
v -95.983215 126.029892 -49.420368
v -95.991768 125.388054 -49.415382
v -95.998482 125.307755 -49.649788
v -95.998520 125.826782 -50.053371
v -95.989868 126.107826 -49.626850
v -95.998634 125.990433 -49.413136
v -95.990509 125.724258 -49.269367
v -95.990395 125.575264 -50.072800
v -94.213692 117.856911 -48.414867
v -94.548721 117.797813 -48.370377
v -94.212990 118.007019 -48.489788
v -94.548721 118.299995 -47.389027
v -94.214340 118.229988 -47.377045
v -94.548714 118.143372 -47.375820
v -94.213615 117.888245 -47.464771
v -94.548721 117.906456 -47.450817
v -94.213646 117.741203 -47.592632
v -94.548721 117.689796 -47.661518
v -94.213905 117.628471 -47.830528
v -94.548714 117.616295 -47.958668
v -94.548714 117.665726 -48.174854
v -94.548721 126.217339 -49.398697
v -94.548714 126.086082 -49.245766
v -94.214027 126.142517 -49.299236
v -94.212524 125.970497 -49.173019
v -94.548714 125.919586 -49.154495
v -94.548714 125.698456 -50.265182
v -94.215866 125.740646 -50.270985
v -94.548714 125.888077 -50.242424
v -94.212395 126.010681 -50.193035
v -94.548721 126.073967 -50.149868
v -94.213852 126.173485 -50.049999
v -94.214088 126.262947 -49.894619
v -94.548714 126.282661 -49.831299
v -94.212608 126.301369 -49.680180
v -94.548714 126.294395 -49.600060
v -94.115044 119.647980 -48.712955
v -94.115044 124.682472 -49.186565
v -94.118919 119.715973 -48.660103
v -94.110489 119.160988 -48.335659
v -94.110497 118.527145 -47.700539
v -94.110497 125.312416 -49.673393
v -94.110481 125.339539 -49.849174
v -94.110489 124.686119 -49.614349
v -94.110489 124.757355 -49.306549
v -94.110504 125.475471 -49.359211
v -94.110489 118.613541 -47.942410
v -94.110481 125.349121 -49.517456
v -94.110489 118.383743 -47.581783
v -94.110489 125.447578 -50.000462
v -94.110527 118.512589 -48.221725
v -94.110504 118.276161 -48.359581
v -94.110497 125.676895 -49.279167
v -94.110489 119.232224 -48.027859
v -94.112358 119.236649 -48.456879
v -94.110481 125.614044 -50.094948
v -94.110512 125.958748 -50.038063
v -94.110443 125.853371 -50.148586
v -94.110497 125.798073 -50.101231
v -94.110489 125.669495 -50.157776
v -94.110512 125.852570 -49.298168
v -94.110481 125.913620 -49.262371
v -94.110474 125.993790 -49.374950
v -94.110405 126.092590 -49.392532
v -94.110512 126.118904 -49.546841
v -94.110481 126.186356 -49.597576
v -94.110451 126.188568 -49.783352
v -94.110489 126.135063 -49.766918
v -94.110405 126.078545 -50.009621
v -94.110489 126.077240 -49.913498
v -94.110504 117.931206 -47.624413
v -94.110489 118.077301 -47.551380
v -94.110397 117.980431 -47.524239
v -94.110497 118.228714 -47.535431
v -94.110481 118.214973 -47.479366
v -94.110481 118.069107 -48.345760
v -94.110413 117.932983 -48.348156
v -94.110489 117.878517 -48.229446
v -94.110443 117.753624 -48.126877
v -94.110474 117.723579 -47.916058
v -94.110497 117.821053 -47.764267
v -94.110451 117.780884 -47.716457
v -94.548721 118.392738 -47.466454
v -94.548714 124.686119 -49.614349
v -94.548721 119.102867 -48.586800
v -94.548721 118.701973 -47.857662
v -94.548714 118.424301 -48.414478
v -94.548706 118.584427 -48.286678
v -94.548721 119.232224 -48.027859
v -94.548706 118.617371 -47.647469
v -94.548721 124.376854 -49.807369
v -94.548714 124.815475 -49.055405
v -94.548737 118.694679 -48.092289
v -94.548721 117.734695 -48.201328
v -94.548721 117.992935 -48.485966
v -94.548729 118.174126 -48.470409
v -94.548721 118.143791 -47.432781
v -94.548721 117.961967 -47.485157
v -94.548706 117.815071 -47.593113
v -94.548721 117.714073 -47.749893
v -94.548721 126.207497 -50.002892
v -94.677605 118.046501 -48.448566
v -94.677597 118.470627 -48.388409
v -94.677605 118.635788 -48.220448
v -94.677612 117.925056 -47.505089
v -94.677620 117.759857 -47.657825
v -94.548706 117.672211 -47.942951
v -94.677620 117.668648 -47.939537
v -94.677643 117.739143 -48.203323
v -94.548714 117.925392 -48.396172
v -94.677620 117.869431 -48.354118
v -94.677628 118.709564 -47.997120
v -94.677605 118.687408 -47.798946
v -94.677605 118.590828 -47.613804
v -94.677612 118.391815 -47.469578
v -94.677605 118.144608 -47.429405
v -94.677628 118.265671 -48.462509
v -94.543411 119.162689 -48.338387
v -94.548721 119.541489 -47.834839
v -94.110489 119.541489 -47.834839
v -94.115044 124.270363 -48.929253
v -94.543411 124.755646 -49.303822
v -94.522942 119.229759 -48.445847
v -94.522942 119.133797 -48.567501
v -94.522942 124.784546 -49.074707
v -94.520271 124.210541 -48.966522
v -94.522942 124.688583 -49.196362
v -94.520271 119.707794 -48.675686
v -94.110489 124.376854 -49.807369
v -94.548721 119.659225 -48.715561
v -94.213058 118.038765 -47.397602
v -94.213242 117.631470 -48.066719
v -94.213394 117.705467 -48.254059
v -94.213730 126.247406 -49.453873
v -94.118919 124.202370 -48.982105
v -94.548721 124.259117 -48.926647
v -94.031792 117.929245 -48.274963
v -94.032707 117.810127 -48.110641
v -94.110466 117.772400 -47.972134
v -94.033485 117.776825 -47.950653
v -94.033340 118.534637 -47.717056
v -94.033531 118.595757 -47.850784
v -94.032722 118.603348 -47.994102
v -94.033829 118.390717 -48.318237
v -94.032967 118.155151 -48.365177
v -94.032906 117.807129 -47.795959
v -94.032806 118.025078 -47.568420
v -94.033630 118.196854 -47.534031
v -94.033287 118.400604 -47.586109
v -94.007301 118.580887 -47.995804
v -94.007164 118.472534 -48.229221
v -94.007378 117.810799 -48.034302
v -94.007332 118.250198 -48.336063
v -94.007309 118.040314 -48.310486
v -94.007332 117.886765 -48.190647
v -94.007225 117.822365 -47.819244
v -94.007347 117.929550 -47.662479
v -94.007027 118.384064 -47.602413
v -94.007339 118.551178 -47.796104
v -94.033058 125.451149 -50.006931
v -94.033577 125.353317 -49.872295
v -94.033134 125.313492 -49.737404
v -94.032051 125.337265 -49.542957
v -94.032204 126.121063 -49.833153
v -94.033630 125.992302 -50.012135
v -94.032516 125.847733 -50.089191
v -94.032402 125.658142 -50.104359
v -94.032318 125.619293 -49.288715
v -94.032806 125.857353 -49.296669
v -94.033524 126.017128 -49.397144
v -94.007339 126.116249 -49.758934
v -94.007011 125.944717 -50.026524
v -94.007095 125.625374 -50.077225
v -94.007225 125.395195 -49.904484
v -94.007286 125.334717 -49.678177
v -94.007210 125.414131 -49.454437
v -94.007187 125.640762 -49.306297
v -94.007233 125.891632 -49.337986
v -94.007278 126.066872 -49.497246
v -94.032967 126.126762 -49.568787
v -94.033623 125.444374 -49.387924
v -94.033455 118.554420 -48.154747
v -94.033318 117.885941 -47.669025
v -94.007240 118.098564 -47.566822
v -96.289940 118.004852 -47.391953
v -95.954880 118.183121 -47.353077
v -96.291451 118.198074 -47.355934
v -96.289459 117.985512 -48.463562
v -95.954880 118.040359 -48.479439
v -95.954880 117.912743 -48.429630
v -96.289520 117.811058 -48.356335
v -96.290100 117.700897 -48.216331
v -96.290779 117.637138 -48.054916
v -95.954872 117.650032 -48.102085
v -96.289299 117.626450 -47.877041
v -95.954880 117.623375 -47.916199
v -96.291084 117.686043 -47.662403
v -95.954880 117.877731 -47.447338
v -96.289871 117.851540 -47.472424
v -96.290031 125.943405 -50.205231
v -95.954880 125.885254 -50.225212
v -96.291542 125.739197 -50.249458
v -95.954880 125.698273 -50.247128
v -96.289307 126.003021 -49.164658
v -95.954880 126.079086 -49.217117
v -95.954872 126.221680 -49.379494
v -96.289986 126.194313 -49.338184
v -95.954865 126.305679 -49.619022
v -96.291077 126.279213 -49.508224
v -96.290489 126.302269 -49.680958
v -95.954872 126.247223 -49.932343
v -96.288567 126.263939 -49.893845
v -96.290688 126.112839 -50.103329
v -95.954880 126.066513 -50.140518
v -96.388557 119.839783 -47.884190
v -96.388557 124.570457 -49.670547
v -96.384674 119.877640 -47.961544
v -96.393097 118.417442 -48.282543
v -96.393105 119.236549 -48.009174
v -96.393105 125.336662 -49.804611
v -96.393051 125.377823 -49.452763
v -96.393112 125.316383 -49.640705
v -96.393105 124.761673 -49.287865
v -96.393105 124.690445 -49.595665
v -96.393097 125.423248 -49.954449
v -96.393097 118.547905 -48.152584
v -96.393120 118.513802 -47.662354
v -96.393082 118.122879 -48.339561
v -96.393112 125.543068 -49.300751
v -96.393105 118.275002 -48.336945
v -96.393105 118.589424 -47.799862
v -96.393097 118.394409 -47.567097
v -96.393120 118.198158 -47.510071
v -96.393105 119.165314 -48.316975
v -96.393112 125.796906 -49.259499
v -96.391388 119.357834 -47.933475
v -96.393105 118.611336 -47.967342
v -96.393097 125.559029 -50.051605
v -96.393143 126.160797 -49.479607
v -96.393127 126.027344 -49.308933
v -96.393105 125.889572 -49.233414
v -96.393143 125.777878 -50.093014
v -96.393105 125.658447 -50.136265
v -96.393219 125.845322 -50.137291
v -96.393097 126.001076 -49.990494
v -96.393082 126.099342 -49.862072
v -96.393204 126.115486 -49.952869
v -96.393120 126.144722 -49.713104
v -96.393135 126.201210 -49.706482
v -96.393097 126.113800 -49.509754
v -96.393097 117.809189 -48.082317
v -96.393318 117.835243 -48.245720
v -96.393105 117.932327 -48.254246
v -96.393105 118.041725 -48.372780
v -96.393112 118.208885 -47.460953
v -96.393135 118.007980 -47.497845
v -96.393112 117.972237 -47.579857
v -96.393097 117.854019 -47.696991
v -96.393143 117.826180 -47.637669
v -96.393097 117.782387 -47.873295
v -96.393250 117.719986 -47.904171
v -95.954880 125.919556 -49.134949
v -95.954865 125.365402 -49.306118
v -95.954887 125.209602 -49.674812
v -95.954872 118.133766 -48.444008
v -95.954880 124.761673 -49.287865
v -95.954887 125.257004 -49.882626
v -95.954880 118.425491 -47.465187
v -95.954880 119.294670 -47.758034
v -95.954903 118.669601 -48.156376
v -95.954880 118.630028 -47.635773
v -95.954880 119.165314 -48.316975
v -95.954887 118.507225 -48.344498
v -95.954887 125.257820 -49.462730
v -95.954880 125.351585 -50.028278
v -95.954887 125.539993 -49.191044
v -95.954880 124.568657 -48.978600
v -95.954880 125.503792 -50.140110
v -95.954880 124.632317 -49.846806
v -95.954880 118.185654 -47.408012
v -95.954887 117.942780 -48.384655
v -95.954880 117.742165 -48.281761
v -95.954880 117.781136 -48.240608
v -95.954872 117.689552 -48.049358
v -95.954880 117.675232 -47.684143
v -95.954887 117.690849 -47.808395
v -95.954887 117.782867 -47.618645
v -95.954887 117.932465 -47.483093
v -95.954880 125.770615 -49.155315
v -95.954880 125.938354 -50.149078
v -95.954880 125.724663 -50.195248
v -95.954872 126.018097 -49.239861
v -95.954880 126.163055 -49.389671
v -95.954887 126.249329 -49.609684
v -95.954887 126.209610 -49.877548
v -95.954880 126.087639 -50.049500
v -95.825989 118.249527 -47.408928
v -95.825989 118.542145 -47.537823
v -95.825989 118.678192 -47.740101
v -95.954865 118.713631 -47.890015
v -95.825966 118.715393 -47.940056
v -95.825996 117.723434 -48.154350
v -95.825966 117.679016 -47.869137
v -95.825996 117.779808 -47.617023
v -95.825981 117.975273 -47.460255
v -95.825996 118.645584 -48.201614
v -95.954887 118.323608 -48.435127
v -95.825981 118.462372 -48.374458
v -95.825989 118.277534 -48.444172
v -95.825996 118.065704 -48.432587
v -95.825981 117.888336 -48.347919
v -95.960182 119.239281 -48.007473
v -95.954880 119.358337 -48.626240
v -96.393105 119.358337 -48.626240
v -96.388557 124.087212 -49.720650
v -95.961563 124.687004 -49.597809
v -95.980659 119.346733 -47.940403
v -95.980659 119.313972 -47.788960
v -95.980652 124.613022 -49.815880
v -95.983322 124.049843 -49.660889
v -95.980652 124.580254 -49.664433
v -95.983322 119.877144 -47.943951
v -96.393105 124.568657 -48.978600
v -95.954880 119.851028 -47.886791
v -96.384674 124.049347 -49.643295
v -95.954880 124.075958 -49.718048
v -96.470848 118.367760 -47.553722
v -96.470116 118.227196 -47.516750
v -96.471542 118.020935 -47.549969
v -96.470596 117.845901 -47.705524
v -96.470497 117.783813 -47.882530
v -96.470268 118.455826 -48.255581
v -96.470184 118.588135 -48.078884
v -96.470535 118.602341 -47.830006
v -96.470177 118.499222 -47.645386
v -96.469727 117.796516 -48.040691
v -96.472862 117.892273 -48.218662
v -96.469551 118.080872 -48.329594
v -96.472267 118.274429 -48.339870
v -96.496307 118.587471 -47.946388
v -96.496284 118.375496 -47.576866
v -96.496262 118.542992 -47.751270
v -96.496223 118.122627 -47.545994
v -96.496613 117.879173 -47.687958
v -96.496613 117.808098 -48.019569
v -96.496368 117.979027 -48.257473
v -96.496368 118.234047 -48.323055
v -96.496414 118.493484 -48.195251
v -96.470772 125.841011 -49.272320
v -96.471031 125.519806 -49.317867
v -96.469604 125.404762 -49.416298
v -96.470612 125.327705 -49.573071
v -96.471466 125.945290 -50.033710
v -96.470985 126.098183 -49.868610
v -96.487144 126.135796 -49.708218
v -96.470490 126.122398 -49.531075
v -96.393112 125.995323 -49.354164
v -96.469864 126.008980 -49.365326
v -96.478661 125.322121 -49.707153
v -96.470390 125.349716 -49.838871
v -96.470757 125.460358 -49.991478
v -96.469612 125.686615 -50.092415
v -96.496216 125.360718 -49.550529
v -96.496597 126.041138 -49.425243
v -96.496269 125.809784 -49.291355
v -96.496262 125.635475 -49.297302
v -96.496315 125.468987 -49.382572
v -96.496513 125.399971 -49.893272
v -96.496239 125.610954 -50.048515
v -96.496254 125.810165 -50.055374
v -96.496223 125.970047 -49.982899
v -96.496262 126.095589 -49.817558
v -96.470695 125.655357 -49.266521
v -95.927925 117.830292 -47.765114
v -95.926903 117.822350 -47.973587
v -95.927368 117.885391 -48.126560
v -95.927155 118.047089 -48.271091
v -95.926628 118.273125 -48.307938
v -95.926857 118.344185 -47.493835
v -95.927689 118.137497 -47.486309
v -95.927055 117.959190 -47.578236
v -95.926361 118.471329 -48.233940
v -95.927879 118.605431 -48.072041
v -95.927101 118.643272 -47.906364
v -95.926788 118.623505 -47.764702
v -95.926613 118.527138 -47.600033
v -95.952873 118.114128 -47.518856
v -95.952812 117.953552 -47.619247
v -95.952805 117.859093 -47.768974
v -95.952866 117.853279 -48.021717
v -95.952881 118.037148 -48.235394
v -95.952835 118.232178 -48.283295
v -95.953087 118.593475 -48.052605
v -95.953232 118.591011 -47.730053
v -95.953026 118.367081 -47.524063
v -94.535469 117.861305 -47.697731
v -94.535927 118.014877 -47.534378
v -94.534912 118.199554 -47.480030
v -94.535057 118.431198 -48.256382
v -94.535034 118.288399 -48.303883
v -94.534470 118.092796 -48.288704
v -94.534851 117.901009 -48.150581
v -94.533318 117.812355 -47.928097
v -94.534592 118.386253 -47.507244
v -94.534538 118.535164 -47.614117
v -94.535576 118.632011 -47.777878
v -94.535080 118.635071 -47.980057
v -94.534447 118.563583 -48.141907
v -94.509178 118.255264 -48.286572
v -94.508995 117.990768 -48.208008
v -94.509178 117.867729 -47.747425
v -94.509186 117.980728 -47.591389
v -94.509178 118.147263 -47.512951
v -94.509041 118.534508 -47.645153
v -94.509186 118.616188 -47.847122
v -94.509102 118.589722 -48.049839
v -94.509163 118.458595 -48.208633
v -94.509163 118.332489 -47.516209
v -94.509010 117.843285 -47.976288
v -95.952827 118.413635 -48.237804
vn -0.0000 -0.0001 -1.0000
vn -0.0000 -0.0000 -1.0000
vn -0.0000 0.0001 -1.0000
vn -0.0000 -0.0002 -1.0000
vn -0.0000 -0.0003 -1.0000
vn -0.4077 0.1235 -0.9047
vn 0.0028 0.7564 -0.6541
vn -0.0028 0.7381 -0.6747
vn -0.0090 0.5035 -0.8639
vn 0.0029 0.4336 -0.9011
vn -0.0102 0.1755 -0.9844
vn 0.0056 0.0609 -0.9981
vn -0.0142 -0.1477 -0.9889
vn -0.0101 0.8464 0.5324
vn -0.0041 0.9487 0.3161
vn 0.0038 0.9618 0.2737
vn 0.8410 -0.0738 -0.5359
vn 0.4114 0.0522 -0.9099
vn 0.8375 0.2257 -0.4977
vn 0.7816 0.2738 -0.5604
vn 0.3621 0.7051 -0.6097
vn 0.8801 0.4171 -0.2268
vn 0.2576 0.9446 -0.2033
vn 0.8798 0.4726 0.0513
vn 0.4952 0.8350 0.2400
vn 0.7746 0.0932 0.6256
vn 0.7853 0.0888 0.6127
vn 0.7090 -0.2709 0.6511
vn 0.5854 -0.3307 0.7402
vn 0.7706 -0.5013 0.3935
vn -0.9998 0.0196 -0.0084
vn -0.9997 0.0172 -0.0144
vn -0.9998 0.0200 -0.0087
vn -0.9997 0.0168 -0.0154
vn -0.9997 -0.0086 0.0238
vn -0.9998 0.0200 -0.0090
vn -0.9999 0.0143 0.0084
vn -0.9999 0.0137 0.0101
vn -0.9997 0.0134 0.0222
vn -0.9996 0.0120 0.0258
vn -0.9998 0.0105 0.0190
vn -1.0000 -0.0088 0.0034
vn -1.0000 -0.0082 0.0038
vn -0.9998 -0.0212 0.0038
vn -0.9982 -0.0262 -0.0539
vn -0.9997 0.0107 0.0224
vn -0.9993 0.0319 0.0189
vn -0.9999 -0.0026 0.0113
vn -0.9994 -0.0350 0.0071
vn -0.9993 -0.0355 0.0080
vn -0.9994 -0.0352 0.0075
vn -0.9986 0.0448 -0.0285
vn -0.9997 0.0205 -0.0097
vn -0.9997 -0.0222 0.0041
vn -0.9999 -0.0060 -0.0103
vn -0.9999 -0.0060 -0.0101
vn -0.9999 -0.0061 -0.0100
vn -0.9956 0.0893 -0.0281
vn -0.7412 0.1471 -0.6550
vn -0.9788 -0.1167 -0.1681
vn -0.9982 -0.0034 -0.0593
vn -0.9830 0.1835 -0.0104
vn -0.9954 0.0556 0.0777
vn -0.9887 0.0745 0.1304
vn -0.9995 -0.0327 0.0037
vn -0.9999 -0.0103 -0.0046
vn -0.9999 -0.0096 0.0143
vn -0.9999 -0.0096 0.0135
vn -0.9998 -0.0092 0.0149
vn -0.9999 -0.0124 0.0011
vn -0.0455 0.5971 -0.8009
vn 0.0497 0.9319 -0.3593
vn -0.0307 0.9661 -0.2562
vn -0.0058 0.9361 0.3517
vn 0.0122 0.9288 0.3703
vn 0.0184 0.5742 0.8185
vn -0.0630 0.4519 0.8898
vn 0.0472 0.1824 0.9821
vn -0.0583 -0.2852 0.9567
vn -0.0086 -0.3446 0.9387
vn 0.0510 -0.7447 0.6654
vn -0.0737 -0.8866 0.4567
vn 0.0645 -0.9827 0.1737
vn -0.0660 -0.9841 -0.1649
vn 0.0549 -0.8602 -0.5071
vn -0.0442 -0.7482 -0.6621
vn 0.0464 -0.4802 -0.8759
vn -0.0624 -0.1446 -0.9875
vn 0.0163 -0.0298 -0.9994
vn 0.0120 0.5373 -0.8433
vn 1.0000 -0.0000 -0.0000
vn 1.0000 0.0001 -0.0000
vn 1.0000 -0.0003 0.0001
vn 1.0000 -0.0000 0.0002
vn 1.0000 -0.0000 -0.0003
vn 1.0000 -0.0000 0.0001
vn 1.0000 -0.0001 -0.0000
vn -0.0017 0.9324 0.3615
vn 0.0343 0.9307 0.3642
vn -0.0572 0.8870 0.4582
vn 0.0002 0.8351 0.5500
vn -0.0261 0.6844 0.7287
vn -0.0251 0.6832 0.7298
vn -0.0259 0.6841 0.7289
vn -0.0250 0.6831 0.7299
vn -0.0102 0.5436 0.8393
vn -0.0447 0.4166 0.9080
vn -0.0416 0.4127 0.9099
vn -0.0447 0.4164 0.9081
vn -0.0409 0.4119 0.9103
vn 0.0222 0.1947 0.9806
vn -0.0568 -0.0320 0.9979
vn 0.0440 -0.1189 0.9919
vn 0.0063 -0.2003 0.9797
vn 0.0050 -0.1915 0.9815
vn 0.0059 -0.1976 0.9803
vn -0.0979 0.0137 0.9951
vn -0.0148 0.0146 0.9998
vn 0.0323 0.2412 0.9699
vn 0.0462 0.2643 0.9633
vn 0.0053 0.3983 0.9172
vn 0.0442 0.5988 0.7996
vn 0.0133 0.5679 0.8230
vn -0.0000 0.8008 0.5989
vn 0.0039 0.8037 0.5951
vn 0.0037 0.8035 0.5953
vn -0.0003 0.8005 0.5994
vn 0.0149 0.9613 -0.2751
vn -0.0165 0.9989 -0.0430
vn 0.0022 0.9986 0.0525
vn 0.0057 0.9480 0.3182
vn 0.0048 -0.1900 0.9818
vn 0.0004 -0.4955 0.8686
vn -0.0068 -0.5187 0.8549
vn 0.0073 -0.8406 0.5416
vn -0.0001 -0.8567 0.5159
vn -0.0037 -0.9779 0.2092
vn 0.0087 -0.9913 0.1310
vn -0.0091 -0.9949 -0.1005
vn 0.0141 -0.9595 -0.2813
vn -0.0197 -0.8597 -0.5104
vn 0.0158 -0.7239 -0.6898
vn -0.0122 -0.4917 -0.8707
vn 0.0090 -0.3913 -0.9202
vn -0.0106 -0.0654 -0.9978
vn 0.0142 0.0754 -0.9971
vn -0.0104 0.3086 -0.9511
vn 0.0086 0.4957 -0.8685
vn -0.0057 0.5884 -0.8086
vn 0.0069 0.7756 -0.6312
vn -0.0106 0.8352 -0.5498
vn -1.0000 -0.0001 0.0002
vn -1.0000 -0.0000 0.0001
vn -1.0000 -0.0001 0.0001
vn -1.0000 0.0001 -0.0000
vn -1.0000 0.0001 -0.0002
vn -1.0000 -0.0000 0.0002
vn -1.0000 -0.0003 -0.0003
vn -1.0000 -0.0001 -0.0000
vn -1.0000 0.0004 0.0001
vn -1.0000 0.0004 -0.0000
vn -1.0000 0.0003 -0.0002
vn -1.0000 0.0002 -0.0002
vn -1.0000 -0.0000 -0.0001
vn -1.0000 -0.0000 -0.0000
vn -1.0000 -0.0000 -0.0002
vn -1.0000 -0.0001 -0.0002
vn -1.0000 -0.0002 -0.0001
vn 1.0000 -0.0000 -0.0001
vn -0.2173 0.5952 -0.7736
vn 0.0921 0.8066 -0.5838
vn -0.1192 0.8393 -0.5305
vn 0.0606 0.9544 -0.2924
vn -0.1655 0.9575 -0.2362
vn 0.1031 0.9894 0.1027
vn 0.1224 0.9876 0.0986
vn -0.2745 0.9038 0.3284
vn 0.3077 0.8027 0.5108
vn -0.3370 0.6964 0.6336
vn 0.1958 0.4667 0.8625
vn -0.1090 0.4120 0.9046
vn -0.0662 0.1517 0.9862
vn 0.0663 0.1202 0.9905
vn -0.1263 -0.1782 0.9759
vn 0.0988 -0.2362 0.9667
vn -0.1669 -0.5132 0.8419
vn 0.0008 -0.5530 0.8332
vn 0.0259 -0.7805 0.6246
vn -0.1565 -0.7945 0.5867
vn 0.0860 -0.9557 0.2816
vn -0.1325 -0.9633 0.2335
vn 0.0562 -0.9963 -0.0649
vn 0.0040 -0.9969 -0.0786
vn -0.1708 -0.9357 -0.3088
vn 0.2096 -0.8899 -0.4052
vn -0.3650 -0.7127 -0.5990
vn 0.3658 -0.5430 -0.7559
vn -0.2763 -0.4356 -0.8567
vn -0.0263 -0.1073 -0.9939
vn 0.1269 -0.0764 -0.9890
vn -0.2144 0.2179 -0.9521
vn 0.0578 0.2908 -0.9550
vn 0.0194 0.5654 -0.8246
vn 0.0004 -0.8671 0.4981
vn 0.0025 -0.8640 0.5034
vn 0.0011 -0.8664 0.4994
vn -0.0009 -0.8678 0.4969
vn -0.0001 -0.8670 0.4983
vn 0.0036 -0.8261 0.5635
vn -0.0000 0.8644 -0.5029
vn -0.0001 0.8645 -0.5026
vn -0.0001 0.8644 -0.5028
vn -0.0002 0.8646 -0.5025
vn 0.9999 0.0055 0.0118
vn 0.9999 0.0060 0.0121
vn 0.9999 0.0073 0.0131
vn 0.9993 0.0120 0.0363
vn 0.9993 0.0124 0.0355
vn 0.9999 0.0078 0.0135
vn 0.9992 0.0118 0.0369
vn -0.9987 -0.0075 0.0500
vn -0.9997 0.0106 0.0224
vn -0.9997 0.0083 0.0251
vn -0.9995 0.0123 0.0286
vn -0.9997 0.0077 0.0249
vn -0.9995 0.0138 0.0286
vn -0.9997 0.0123 0.0187
vn -0.0000 0.5005 0.8658
vn -0.1300 0.4162 0.8999
vn -0.9997 0.0189 0.0134
vn -0.9998 -0.0216 -0.0002
vn -0.1084 -0.8616 0.4959
vn -0.1030 -0.8617 0.4969
vn -0.1001 -0.8617 0.4975
vn -0.1113 -0.8615 0.4954
vn -0.1176 0.4930 0.8620
vn -0.0918 0.4973 0.8627
vn -0.0936 0.8622 -0.4979
vn -0.1120 0.8619 -0.4945
vn -0.1181 -0.4929 -0.8621
vn -0.1014 -0.4958 -0.8625
vn -1.0000 -0.0075 -0.0026
vn -1.0000 0.0076 0.0026
vn -0.5353 0.7558 0.3772
vn -0.4103 0.7622 0.5006
vn -0.8436 0.3957 0.3629
vn 0.7537 0.4256 0.5007
vn -0.7267 0.4413 0.5266
vn -0.6753 0.4373 0.5939
vn -0.7197 0.3907 0.5739
vn -0.7634 0.2240 0.6059
vn -0.6250 0.3223 0.7110
vn -0.8311 0.0488 0.5539
vn -0.5096 0.1882 0.8396
vn -0.7592 -0.0563 0.6484
vn 0.0007 0.7245 -0.6893
vn 0.0035 0.7735 -0.6338
vn -0.0019 -0.7210 0.6929
vn 0.5199 0.7425 0.4223
vn 0.5328 0.0536 0.8445
vn 0.5495 0.0499 0.8340
vn 0.8649 0.0586 0.4986
vn -0.2757 0.2037 0.9394
vn 0.6972 0.1866 0.6922
vn 0.6824 0.2043 0.7019
vn 0.8114 0.2475 0.5295
vn 0.5191 0.4866 0.7027
vn 0.7817 0.3957 0.4820
vn 0.6454 0.5045 0.5735
vn 0.5180 0.5429 0.6610
vn 0.7239 0.5570 0.4070
vn -0.0156 -0.3316 -0.9433
vn 0.0159 0.1791 -0.9837
vn -0.0130 0.9916 0.1285
vn 0.0121 0.7898 0.6132
vn -0.0140 -0.5474 0.8367
vn 0.0139 -0.8716 0.4900
vn 0.0157 -0.0680 -0.9976
vn -0.0153 0.3101 -0.9506
vn 0.0141 0.8140 0.5807
vn -0.0176 0.4859 0.8738
vn 0.0141 -0.8260 0.5635
vn -0.0111 -0.9886 0.1504
vn -0.9960 -0.0868 0.0198
vn -0.9994 0.0334 -0.0063
vn -0.9993 0.0358 -0.0053
vn -0.9991 0.0431 -0.0023
vn -0.9994 -0.0038 0.0351
vn -0.9994 0.0046 0.0330
vn -0.9995 0.0064 0.0304
vn -0.9972 -0.0748 0.0046
vn -0.9873 -0.1489 -0.0554
vn -0.9994 -0.0058 0.0327
vn -0.9940 0.0928 0.0579
vn -0.9990 0.0436 -0.0021
vn -0.9995 -0.0075 0.0298
vn -0.9995 -0.0070 0.0304
vn -0.9986 0.0528 0.0071
vn -0.9995 -0.0083 0.0294
vn -0.9979 -0.0584 0.0287
vn -0.9989 -0.0394 0.0249
vn -0.9968 0.0209 -0.0766
vn -0.9968 0.0224 -0.0766
vn -0.9968 0.0223 -0.0766
vn -0.9996 0.0131 0.0243
vn -0.9981 0.0336 -0.0518
vn -0.9981 0.0270 -0.0559
vn -0.9981 0.0259 -0.0565
vn -0.9981 0.0345 -0.0514
vn -0.9653 -0.0003 0.2613
vn -0.9745 -0.0843 -0.2078
vn -0.9707 -0.0499 -0.2350
vn -0.9968 0.0238 -0.0766
vn -0.9974 0.0723 0.0038
vn -0.9803 0.1606 -0.1147
vn -0.9826 0.0122 -0.1853
vn -0.0241 0.8806 -0.4732
vn -0.0188 0.8878 -0.4599
vn -0.0177 0.9960 -0.0876
vn -0.0369 0.9992 -0.0123
vn 0.0169 0.9708 0.2393
vn -0.0342 0.8210 0.5699
vn -0.0099 0.7933 0.6088
vn 0.0188 0.4549 0.8904
vn -0.0346 0.1536 0.9875
vn -0.0558 0.2125 0.9756
vn -0.0133 0.0283 0.9995
vn -0.0177 0.8305 -0.5567
vn -0.0067 0.6093 -0.7929
vn -0.0166 0.5669 -0.8236
vn 0.0005 0.1656 -0.9862
vn -0.0161 0.0841 -0.9963
vn 0.0058 -0.3529 -0.9357
vn -0.0166 -0.4531 -0.8913
vn 0.0028 -0.7862 -0.6180
vn -0.0254 -0.8661 -0.4993
vn 0.0175 -0.9827 -0.1845
vn -0.0265 -0.9622 0.2711
vn -0.0259 -0.9626 0.2696
vn -0.0257 -0.9628 0.2689
vn -0.0266 -0.9620 0.2716
vn 0.0099 -0.7164 0.6976
vn -0.0380 -0.4836 0.8745
vn 0.0103 -0.2426 0.9701
vn -0.0005 0.9998 -0.0207
vn 0.0015 0.9999 -0.0107
vn 0.0002 0.9999 -0.0173
vn -0.0103 0.9465 -0.3225
vn 0.0088 0.8875 -0.4607
vn -0.0104 0.8084 -0.5886
vn -0.0000 0.5937 -0.8047
vn -0.0002 0.5945 -0.8041
vn 0.0001 0.5931 -0.8051
vn -0.0003 0.5950 -0.8037
vn -0.0006 0.2109 -0.9775
vn -0.0032 0.1947 -0.9809
vn 0.0078 0.0374 -0.9993
vn -0.0129 -0.1565 -0.9876
vn 0.0147 -0.4667 -0.8843
vn -0.0211 -0.6047 -0.7962
vn 0.0024 -0.8519 -0.5236
vn 0.0180 -0.8881 -0.4593
vn -0.0130 -0.9771 -0.2124
vn -0.0043 -0.9990 0.0455
vn 0.0077 -0.9941 0.1079
vn -0.0079 -0.9569 0.2904
vn 0.0100 -0.8225 0.5687
vn -0.0060 -0.7778 0.6284
vn -0.0052 -0.4922 0.8705
vn 0.0108 -0.4233 0.9059
vn 0.0045 -0.1435 0.9896
vn 0.0140 -0.0668 0.9977
vn -0.0136 0.1330 0.9910
vn -0.0028 0.4062 0.9138
vn 0.0102 0.4684 0.8835
vn -0.0071 0.6870 0.7266
vn 0.0061 0.7919 0.6106
vn -0.0021 0.8447 0.5352
vn 0.0053 0.9156 0.4021
vn -0.0085 0.9547 0.2974
vn 0.0020 1.0000 -0.0074
vn 1.0000 -0.0021 0.0020
vn 1.0000 -0.0023 0.0013
vn 1.0000 -0.0016 0.0007
vn 1.0000 -0.0010 0.0002
vn 1.0000 0.0015 0.0001
vn 1.0000 0.0009 0.0007
vn 1.0000 0.0015 0.0006
vn 1.0000 0.0003 0.0001
vn 1.0000 0.0022 -0.0008
vn 1.0000 0.0018 -0.0005
vn 1.0000 -0.0021 0.0017
vn 0.9967 0.0162 -0.0792
vn 0.9968 0.0155 -0.0789
vn 0.9966 0.0205 -0.0800
vn 1.0000 -0.0015 0.0027
vn 1.0000 0.0002 0.0001
vn 1.0000 -0.0001 0.0004
vn 0.9966 0.0212 -0.0802
vn 0.9993 -0.0366 0.0122
vn 0.9977 -0.0108 0.0673
vn 1.0000 -0.0008 -0.0010
vn 1.0000 -0.0003 -0.0006
vn 1.0000 -0.0007 -0.0011
vn 1.0000 -0.0002 -0.0004
vn 0.9990 0.0309 0.0336
vn 0.9964 0.0817 0.0229
vn 0.9963 0.0814 0.0260
vn 0.9963 0.0805 0.0293
vn 0.9956 -0.0568 0.0752
vn 0.9998 0.0104 0.0187
vn 0.9963 0.0823 0.0228
vn 1.0000 -0.0009 -0.0008
vn -0.9969 0.0064 -0.0788
vn -0.9967 0.0072 -0.0811
vn -0.9968 0.0069 -0.0801
vn -0.9925 0.1075 -0.0584
vn -0.9974 -0.0326 -0.0639
vn -0.9851 -0.0969 -0.1424
vn -0.9970 0.0062 -0.0778
vn -0.9980 0.0142 -0.0623
vn -0.9970 0.0512 -0.0585
vn -0.9965 0.0783 -0.0299
vn -0.9925 0.1222 -0.0014
vn -0.9924 -0.1184 0.0336
vn -0.9886 -0.1436 0.0450
vn -0.9943 0.0604 -0.0876
vn -0.9969 0.0607 0.0507
vn -0.9958 0.0911 0.0068
vn -0.9984 0.0304 0.0484
vn -0.9892 0.0311 0.1431
vn -0.9978 0.0023 0.0670
vn -0.9962 -0.0424 0.0764
vn -0.9508 -0.1192 0.2859
vn -0.9927 0.0995 0.0686
vn -0.9979 -0.0613 -0.0222
vn -0.9927 -0.1041 -0.0605
vn -0.9982 -0.0440 -0.0403
vn -0.9973 -0.0541 0.0499
vn -0.0801 0.9962 -0.0330
vn 0.0363 0.9454 -0.3239
vn -0.1359 0.7780 -0.6134
vn 0.0228 0.6733 -0.7391
vn 0.0278 0.3382 -0.9406
vn -0.1232 0.1240 -0.9846
vn 0.0252 -0.0623 -0.9977
vn -0.0631 -0.4911 -0.8688
vn -0.0632 -0.4910 -0.8689
vn -0.0635 -0.4906 -0.8691
vn -0.0626 -0.4916 -0.8686
vn 0.0039 -0.7709 -0.6369
vn -0.0858 -0.8542 -0.5128
vn 0.0415 -0.9627 -0.2675
vn -0.1462 -0.9859 0.0815
vn 0.0593 -0.9543 0.2931
vn -0.0254 -0.7148 0.6989
vn -0.1103 -0.6481 0.7535
vn 0.0325 -0.4038 0.9143
vn -0.0875 -0.0755 0.9933
vn 0.0165 0.0502 0.9986
vn -0.0557 0.4820 0.8744
vn -0.0381 0.4989 0.8658
vn 0.0069 0.8267 0.5626
vn -0.0517 0.8583 0.5105
vn 0.0102 0.9965 0.0830
vn -0.0213 0.0484 -0.9986
vn -0.0321 0.0206 -0.9993
vn -0.0147 -0.0151 -0.9998
vn -0.0273 -0.0064 0.9996
vn -0.0610 -0.0279 0.9977
vn -0.0202 0.9998 0.0002
vn -0.0211 0.9998 0.0006
vn -0.0217 0.9998 0.0008
vn -0.0195 0.9998 -0.0000
vn -1.0000 -0.0012 -0.0006
vn -1.0000 -0.0018 0.0063
vn -1.0000 -0.0026 -0.0002
vn -1.0000 -0.0016 0.0018
vn -1.0000 -0.0027 0.0090
vn -1.0000 -0.0029 0.0032
vn -0.9992 -0.0341 0.0200
vn -0.9998 -0.0063 -0.0168
vn -0.9993 -0.0322 -0.0186
vn -1.0000 -0.0003 -0.0005
vn -1.0000 0.0009 -0.0008
vn -1.0000 0.0007 -0.0006
vn -0.9971 0.0758 -0.0019
vn -0.9920 0.1257 0.0138
vn -0.0491 -0.6016 0.7973
vn -0.0199 0.2670 0.9635
vn -0.0181 0.6855 0.7279
vn 0.0432 0.7377 0.6738
vn -0.0408 0.9390 0.3416
vn 0.0636 0.9795 0.1910
vn -0.0724 0.9816 -0.1765
vn 0.0768 0.8817 -0.4656
vn -0.0190 0.8161 -0.5776
vn -0.0128 0.4575 -0.8891
vn 0.0147 0.4309 -0.9023
vn 0.0073 -0.0698 -0.9975
vn 0.0456 -0.0337 -0.9984
vn -0.0706 -0.4225 -0.9036
vn 0.0884 -0.7009 -0.7077
vn -0.0213 -0.7938 -0.6078
vn -0.0057 -0.9825 -0.1863
vn 1.0000 0.0004 -0.0004
vn 1.0000 0.0001 -0.0001
vn 1.0000 0.0003 0.0002
vn -0.0157 0.1094 -0.9939
vn -0.5341 0.6602 0.5281
vn -0.2501 0.9460 0.2060
vn -0.5856 0.3205 0.7446
vn -0.2877 0.6555 0.6982
vn -0.3457 0.1157 0.9312
vn -0.5550 0.7907 0.2585
vn -0.4664 0.8708 -0.1555
vn -0.4802 0.8128 -0.3297
vn -0.8591 0.3210 0.3987
vn -0.8159 0.5569 0.1556
vn -0.6134 0.7860 -0.0770
vn -0.7478 0.2467 0.6163
vn -0.8189 0.4715 -0.3274
vn -0.8525 0.5107 -0.1114
vn -0.6723 0.5996 0.4342
vn -0.8286 0.5373 0.1573
vn -0.9551 -0.1945 0.2233
vn -0.8159 0.3324 0.4731
vn -0.9891 0.1052 0.1028
vn -0.9459 0.3192 0.0587
vn -0.9739 0.0966 0.2052
vn -0.0176 -0.6495 0.7601
vn -0.0009 -0.6997 0.7144
vn -0.0260 -0.9667 0.2545
vn -0.0120 -0.9801 0.1984
vn -0.9223 -0.2714 -0.2751
vn -0.0089 -0.9831 -0.1826
vn -0.9292 -0.3444 -0.1337
vn -0.2453 -0.5848 -0.7732
vn -0.9341 0.1957 0.2985
vn -0.9500 -0.1023 0.2952
vn -0.9453 -0.2840 0.1603
vn 0.8312 -0.5194 -0.1986
vn 0.3551 -0.8312 -0.4279
vn 0.8404 -0.2980 -0.4528
vn 0.4831 -0.4069 -0.7753
vn 0.7872 -0.0598 -0.6138
vn 0.8734 0.2033 -0.4425
vn 0.3672 0.5525 -0.7482
vn 0.7184 0.6174 -0.3204
vn 0.8670 0.4560 -0.2011
vn 0.4044 0.9146 -0.0057
vn 0.8685 0.4821 0.1153
vn 0.6663 0.5481 0.5056
vn 0.4404 0.4212 0.7929
vn 0.8627 0.1719 0.4757
vn 0.5505 -0.0185 0.8346
vn 0.8967 -0.2539 0.3625
vn 0.1327 -0.8153 0.5636
vn 0.8735 -0.4717 0.1206
vn 0.5126 -0.8537 0.0921
vn -0.1982 -0.9786 -0.0551
vn -0.2028 -0.8312 -0.5177
vn 0.2992 -0.7719 -0.5609
vn -0.4286 -0.4849 -0.7623
vn 0.3999 -0.3040 -0.8647
vn -0.3006 -0.1653 -0.9393
vn 0.2106 0.2257 -0.9512
vn -0.4559 0.2968 -0.8391
vn 0.3077 0.6457 -0.6989
vn -0.3902 0.7121 -0.5836
vn 0.1517 0.9268 -0.3436
vn -0.2111 0.9396 -0.2695
vn -0.0923 0.9955 0.0235
vn 0.2670 0.8602 0.4345
vn -0.4748 0.6594 0.5828
vn 0.4041 0.4984 0.7670
vn 0.0632 0.0455 0.9970
vn -0.2297 -0.2537 0.9396
vn 0.0988 -0.3325 0.9379
vn -0.3553 -0.5453 0.7592
vn 0.3260 -0.6630 0.6740
vn -0.3616 -0.8287 0.4273
vn -0.0105 -0.9157 0.4018
vn 0.0858 -0.9961 -0.0204
vn -0.9980 -0.0396 -0.0494
vn -1.0000 0.0060 -0.0063
vn -1.0000 0.0065 -0.0056
vn -1.0000 0.0059 -0.0080
vn -1.0000 0.0044 -0.0085
vn -1.0000 0.0045 -0.0077
vn -1.0000 0.0042 -0.0070
vn -1.0000 0.0036 -0.0013
vn -1.0000 0.0032 -0.0003
vn -1.0000 -0.0046 0.0082
vn -1.0000 -0.0018 0.0064
vn -1.0000 -0.0049 0.0085
vn -0.9999 -0.0053 0.0087
vn -0.9984 -0.0494 0.0282
vn -0.9993 -0.0283 0.0236
vn 0.9987 0.0271 0.0431
vn 0.9975 0.0534 0.0462
vn 1.0000 -0.0002 -0.0000
vn 1.0000 -0.0003 -0.0000
vn 1.0000 -0.0003 -0.0001
vn 0.9991 0.0358 -0.0208
vn 1.0000 -0.0001 0.0007
vn 1.0000 -0.0002 0.0002
vn 1.0000 -0.0002 -0.0002
vn 0.9997 -0.0074 0.0229
vn 1.0000 0.0002 0.0003
vn 1.0000 0.0006 0.0016
vn 1.0000 0.0005 0.0015
vn 1.0000 0.0039 0.0027
vn 1.0000 0.0004 -0.0002
vn 1.0000 -0.0004 0.0001
vn 1.0000 0.0028 0.0018
vn 1.0000 0.0050 0.0028
vn 1.0000 0.0015 0.0014
vn -0.7317 0.6711 0.1191
vn -0.7654 0.1616 0.6230
vn -1.0000 -0.0016 0.0007
vn -1.0000 -0.0027 0.0006
vn -1.0000 -0.0028 0.0008
vn -1.0000 0.0013 0.0018
vn -1.0000 0.0006 0.0013
vn -1.0000 0.0007 0.0020
vn -1.0000 -0.0000 0.0010
vn -1.0000 -0.0000 0.0005
vn -1.0000 -0.0004 0.0004
vn -1.0000 -0.0021 0.0012
vn -0.0932 -0.9363 -0.3386
vn -0.0109 -0.9305 -0.3662
vn -0.0838 -0.7768 -0.6241
vn 0.1488 -0.7134 -0.6847
vn -0.1589 -0.4657 -0.8706
vn 0.1933 -0.3167 -0.9286
vn -0.3249 -0.0815 -0.9422
vn 0.2699 0.2865 -0.9193
vn -0.0698 0.3832 -0.9210
vn -0.0519 0.7248 -0.6870
vn 0.0928 0.7542 -0.6500
vn -0.1852 0.9036 -0.3863
vn 0.1974 0.9595 -0.2010
vn -0.1629 0.9860 -0.0350
vn -0.9996 -0.0014 0.0290
vn -0.9985 -0.0350 -0.0413
vn -0.9984 -0.0369 -0.0424
vn -0.9988 -0.0295 -0.0381
vn -0.9989 -0.0294 -0.0377
vn -0.9996 0.0169 0.0219
vn -0.9999 0.0107 0.0035
vn -0.9993 0.0117 -0.0345
vn -0.9993 -0.0121 0.0342
vn -0.9992 -0.0155 0.0379
vn -0.9321 -0.3506 -0.0904
vn -0.9709 -0.1508 -0.1862
vn -0.9320 -0.0021 -0.3625
vn -0.9614 0.1076 0.2533
vn -0.9386 -0.3172 0.1355
vn -0.6453 -0.7586 0.0899
vn -0.6381 0.2975 -0.7102
vn -0.9380 0.2159 -0.2712
vn -0.9655 0.2553 -0.0510
vn -0.9058 0.3859 0.1749
vn -0.7431 0.3901 0.5437
vn 0.0144 0.2258 0.9741
vn 0.0174 0.2259 0.9740
vn 0.0194 0.2260 0.9739
vn 0.0124 0.2257 0.9741
vn -0.0340 -0.8282 -0.5595
vn 0.0373 -0.7275 -0.6851
vn -0.0243 -0.5096 -0.8601
vn 0.0085 -0.4465 -0.8947
vn -0.0181 0.0840 0.9963
vn 0.0313 -0.1066 0.9938
vn -0.0322 -0.3016 0.9529
vn 0.0159 -0.4075 0.9131
vn -0.0042 -0.6562 0.7546
vn -0.0404 -0.6966 0.7163
vn 0.0505 -0.9025 0.4276
vn -0.0565 -0.9692 0.2397
vn 0.0412 -0.9991 -0.0126
vn -0.0277 -0.9745 -0.2228
vn 0.0234 -0.9298 -0.3673
vn 0.0077 -0.2248 -0.9744
vn 0.0020 -0.2246 -0.9745
vn -0.0017 -0.2244 -0.9745
vn 0.0115 -0.2250 -0.9743
vn 0.0182 0.8274 0.5613
vn -0.0239 0.7586 0.6511
vn 0.0290 0.5915 0.8058
vn -0.0244 0.4806 0.8766
vn -0.0324 0.1191 -0.9924
vn 0.0402 0.2767 -0.9601
vn -0.0310 0.4455 -0.8948
vn 0.0278 0.6599 -0.7508
vn -0.0194 0.7400 -0.6723
vn 0.0178 0.8665 -0.4989
vn -0.0220 0.9157 -0.4012
vn 0.0246 0.9840 -0.1765
vn -0.0328 0.9982 -0.0507
vn 0.0351 0.9721 0.2320
vn -0.0250 0.9337 0.3573
vn 0.9997 -0.0066 -0.0242
vn 0.9996 0.0070 0.0261
vn 0.9952 -0.0222 -0.0957
vn 0.9994 -0.0201 -0.0279
vn 0.9997 0.0016 0.0228
vn 0.9992 -0.0028 -0.0388
vn 0.9989 0.0289 0.0360
vn 1.0000 0.0007 -0.0093
vn 0.9916 0.0294 0.1257
vn 1.0000 -0.0000 -0.0002
vn 0.9997 -0.0005 -0.0245
vn 1.0000 0.0005 0.0009
vn 1.0000 0.0009 0.0027
vn 1.0000 0.0004 0.0032
vn 1.0000 0.0020 -0.0012
vn 1.0000 0.0017 -0.0027
vn 1.0000 0.0018 -0.0021
vn 1.0000 -0.0002 -0.0001
vn 1.0000 0.0022 -0.0009
vn 1.0000 -0.0003 -0.0008
vn 0.9993 -0.0014 0.0370
vn 1.0000 -0.0041 -0.0065
vn 0.9988 -0.0254 -0.0407
vn 1.0000 -0.0001 -0.0007
vn 1.0000 -0.0012 0.0013
vn 1.0000 -0.0004 0.0010
vn 1.0000 -0.0013 0.0013
vn 1.0000 -0.0002 0.0007
vn 1.0000 -0.0007 -0.0004
vn 1.0000 -0.0009 -0.0006
vn 1.0000 -0.0006 -0.0001
vn 1.0000 -0.0006 0.0002
vn 1.0000 -0.0007 0.0002
vn 1.0000 -0.0012 0.0008
vn 1.0000 0.0012 -0.0014
vn 1.0000 0.0005 -0.0010
vn 1.0000 0.0007 -0.0013
vn 1.0000 0.0012 0.0013
vn 1.0000 0.0008 0.0008
vn 1.0000 0.0001 0.0001
vn 1.0000 0.0007 -0.0014
vn 1.0000 0.0009 -0.0004
vn -1.0000 -0.0000 0.0008
vn -1.0000 -0.0003 -0.0000
vn -1.0000 -0.0000 -0.0007
vn -1.0000 -0.0001 -0.0001
vn -0.9997 0.0201 0.0165
vn -0.9998 0.0021 -0.0176
vn -1.0000 0.0002 -0.0000
vn -1.0000 0.0001 -0.0001
vn 0.1199 -0.2839 -0.9513
vn -0.1057 -0.0632 -0.9924
vn 0.0947 0.2172 -0.9715
vn -0.0679 0.3392 -0.9383
vn 0.0659 0.6224 -0.7799
vn -0.0760 0.7110 -0.6991
vn 0.0927 0.8661 -0.4912
vn -0.1211 0.9425 -0.3114
vn 0.0449 -0.5916 0.8050
vn -0.0776 -0.6768 0.7321
vn 0.0879 -0.8374 0.5395
vn -0.1170 -0.9448 0.3059
vn 0.0326 -0.9768 0.2118
vn 0.0206 -0.9718 -0.2350
vn -0.0293 -0.9657 -0.2580
vn -0.0160 -0.7566 -0.6537
vn 0.0819 -0.7123 -0.6971
vn -0.0832 -0.4690 -0.8793
vn 0.0921 0.9953 -0.0309
vn -0.0615 0.9919 0.1109
vn 0.0650 0.9257 0.3726
vn -0.0616 0.8850 0.4616
vn 0.0740 0.6257 0.7765
vn -0.0239 0.5866 0.8095
vn -0.0251 0.1603 0.9867
vn 0.0268 0.1340 0.9906
vn 0.0234 -0.2768 0.9607
vn -0.0528 -0.3254 0.9441
vn -1.0000 0.0002 0.0001
vn -1.0000 -0.0000 -0.0005
vn -1.0000 -0.0001 0.0006
vn 0.0005 0.9757 -0.2191
vn 0.0048 0.9744 -0.2248
vn -0.0000 0.9758 -0.2185
vn 0.0053 0.9742 -0.2255
vn -0.0000 -0.2255 -0.9742
vn -0.0000 -0.2255 -0.9743
vn 0.0005 -0.9757 0.2191
vn 0.0048 -0.9744 0.2248
vn -0.0000 -0.9758 0.2185
vn 0.0053 -0.9742 0.2255
vn -0.0000 0.2255 0.9742
vn -0.0000 0.2255 0.9743
vn 0.0407 0.1052 0.9936
vn 0.0250 0.1039 0.9943
vn 0.0407 -0.1054 -0.9936
vn 0.0223 -0.1039 -0.9943
vn -0.9856 -0.1329 0.1048
vn -0.9856 0.1329 -0.1048
vn -1.0000 -0.0041 0.0032
vn -0.9999 0.0022 0.0163
vn -0.9999 -0.0022 -0.0163
vn -1.0000 0.0040 -0.0032
vn -0.0000 -0.5295 0.8483
vn -0.0000 0.5295 -0.8483
vn -0.0000 0.8483 0.5295
vn -0.0000 -0.8483 -0.5295
vn 0.0181 -0.6143 0.7889
vn 0.0209 -0.6270 0.7787
vn 0.0181 0.6143 -0.7889
vn 0.0209 0.6270 -0.7788
vn 0.7009 0.1609 0.6949
vn 0.7030 0.1605 0.6929
vn 0.7044 0.1603 0.6915
vn 0.6995 0.1612 0.6962
vn 0.7521 -0.5120 -0.4149
vn 0.6996 -0.5195 -0.4906
vn 0.6723 -0.3331 -0.6611
vn 0.6947 -0.0723 0.7157
vn 0.7415 -0.1258 0.6590
vn 0.6656 -0.3062 0.6806
vn 0.7144 -0.4592 0.5280
vn 0.7491 -0.4597 0.4769
vn 0.6523 -0.6853 0.3240
vn 0.7435 -0.6427 0.1845
vn 0.6735 -0.7392 -0.0076
vn 0.7381 -0.6679 -0.0951
vn 0.6646 -0.6947 -0.2750
vn 0.6709 0.6130 0.4172
vn 0.7106 0.4203 0.5643
vn 0.7194 0.4083 0.5619
vn 0.7419 0.0333 -0.6697
vn 0.6399 0.2055 -0.7404
vn 0.7632 0.3393 -0.5499
vn 0.6697 0.4935 -0.5549
vn 0.7037 0.6162 -0.3537
vn 0.7443 0.6006 -0.2919
vn 0.6696 0.7303 -0.1354
vn 0.7448 0.6672 0.0080
vn 0.6703 0.7211 0.1753
vn 0.7448 0.6070 0.2773
vn 0.6672 -0.1670 -0.7259
vn 0.7629 -0.1472 -0.6296
vn -0.7116 -0.6864 0.1502
vn -0.8626 -0.0976 -0.4964
vn -0.7069 -0.1594 -0.6891
vn -0.7069 0.1594 0.6891
vn -0.8625 0.0976 0.4965
vn -0.7111 0.6869 -0.1502
vn -0.1733 -0.0656 -0.9827
vn 0.1753 -0.3643 -0.9146
vn -0.1559 -0.5145 -0.8432
vn 0.1804 -0.7969 -0.5766
vn -0.2246 -0.9008 -0.3715
vn 0.1121 -0.9730 -0.2020
vn 0.0028 -0.9813 0.1922
vn 0.0003 0.9095 0.4157
vn -0.1798 0.9264 0.3308
vn 0.1645 0.9850 0.0531
vn -0.0677 0.9545 -0.2904
vn -0.2105 0.9194 -0.3322
vn 0.2260 0.6882 -0.6895
vn -0.2755 0.4841 -0.8305
vn 0.2292 0.1910 -0.9544
vn -0.0813 -0.9705 0.2271
vn 0.0630 -0.8478 0.5266
vn -0.1025 -0.7814 0.6156
vn 0.1234 -0.5818 0.8039
vn -0.1039 -0.4447 0.8896
vn 0.0831 -0.1952 0.9772
vn -0.0614 -0.1046 0.9926
vn 0.0847 0.2466 0.9654
vn -0.0089 0.2865 0.9580
vn -0.0956 0.6349 0.7666
vn 0.0849 0.6963 0.7127
vn 1.0000 -0.0004 -0.0002
vn 1.0000 0.0002 0.0004
vn 1.0000 0.0014 -0.0005
vn 1.0000 0.0024 -0.0009
vn 1.0000 -0.0002 -0.0006
vn 1.0000 0.0001 -0.0005
vn -0.1007 -0.0340 -0.9943
vn 0.1305 -0.4225 -0.8969
vn -0.0499 -0.4930 -0.8686
vn -0.0109 -0.8137 -0.5812
vn -0.0318 -0.8086 -0.5876
vn 0.0862 -0.9554 -0.2823
vn -0.1116 -0.9821 -0.1515
vn 0.1128 -0.9864 0.1199
vn -0.0753 0.8063 0.5868
vn 0.0669 0.8408 0.5373
vn -0.0800 0.9941 0.0730
vn 0.1588 0.9871 -0.0208
vn -0.1426 0.9207 -0.3632
vn 0.1445 0.8027 -0.5786
vn -0.0837 0.7220 -0.6868
vn 0.0916 0.4689 -0.8785
vn -0.0890 0.3644 -0.9270
vn 0.1025 0.0794 -0.9916
vn -0.0721 -0.9709 0.2285
vn 0.0605 -0.8209 0.5678
vn -0.0825 -0.7789 0.6217
vn 0.1240 -0.4903 0.8627
vn -0.1567 -0.3646 0.9179
vn 0.1453 0.0333 0.9888
vn -0.0258 0.1075 0.9939
vn -0.0462 0.4772 0.8776
vn 0.0822 0.5308 0.8435
vn 1.0000 -0.0001 0.0009
vn 1.0000 -0.0005 0.0016
vn 1.0000 -0.0000 0.0003
vn 1.0000 0.0001 0.0004
vn 1.0000 0.0001 -0.0003
vn 1.0000 0.0001 -0.0002
vn 0.3847 -0.3941 -0.8347
vn 0.8816 -0.2836 -0.3772
vn 0.4961 -0.7032 -0.5093
vn 0.7606 -0.6220 -0.1861
vn 0.8107 -0.5657 -0.1510
vn 0.4780 -0.8722 0.1040
vn 0.4184 0.7648 0.4899
vn 0.8714 0.4821 0.0908
vn 0.2485 0.9684 -0.0202
vn 0.8705 0.4148 -0.2650
vn 0.7474 0.5366 -0.3919
vn 0.3457 0.4434 -0.8270
vn 0.8777 0.0749 -0.4734
vn 0.7612 0.0522 -0.6464
vn 0.8653 -0.4726 0.1674
vn 0.4481 -0.7335 0.5112
vn 0.8288 -0.3063 0.4683
vn 0.7185 -0.3472 0.6027
vn 0.5563 0.0289 0.8305
vn 0.8202 0.0718 0.5675
vn 0.5448 0.4483 0.7087
vn 0.8398 0.3653 0.4016
vn 0.8443 -0.0647 -0.5319
vn 0.3111 -0.3509 -0.8833
vn 0.8550 -0.3193 -0.4087
vn 0.5182 -0.6939 -0.5001
vn 0.8015 -0.5380 -0.2612
vn 0.5340 -0.8282 -0.1698
vn 0.8266 -0.5620 0.0297
vn 0.6023 -0.7838 0.1512
vn 0.8319 0.4208 0.3617
vn 0.5636 0.7516 0.3426
vn 0.8088 0.5817 0.0866
vn 0.6630 0.7474 0.0434
vn 0.6362 0.7373 -0.2274
vn 0.8532 0.4733 -0.2192
vn 0.1914 0.6933 -0.6948
vn 0.8599 0.2206 -0.4603
vn 0.3584 0.1836 -0.9153
vn 0.7014 -0.6045 0.3776
vn 0.7790 -0.5173 0.3543
vn 0.6166 -0.4628 0.6369
vn 0.8065 -0.2917 0.5143
vn 0.4443 -0.1737 0.8789
vn 0.8606 0.0624 0.5055
vn 0.6033 0.1964 0.7729
vn 0.6625 0.5236 0.5357
vn -0.0126 -0.2248 -0.9743
vn -0.0174 -0.2245 -0.9743
vn -0.0205 -0.2244 -0.9743
vn -0.0094 -0.2249 -0.9743
vn -0.0299 -0.4645 0.8850
vn 0.0460 -0.2946 0.9545
vn -0.0165 -0.1833 0.9829
vn 0.0154 -0.3636 -0.9314
vn -0.0275 -0.5234 -0.8516
vn 0.0335 -0.6547 -0.7552
vn -0.0240 -0.7856 -0.6183
vn 0.0205 -0.8897 -0.4562
vn -0.0159 -0.9299 -0.3674
vn 0.0181 -0.9897 -0.1419
vn -0.0162 -0.9981 -0.0598
vn 0.0166 -0.9758 0.2181
vn -0.0137 -0.9635 0.2674
vn 0.0175 -0.7599 0.6498
vn 0.0105 -0.7545 0.6563
vn 0.0176 -0.7596 0.6501
vn 0.0098 -0.7540 0.6568
vn 0.0018 0.2258 0.9742
vn -0.0305 0.2243 0.9740
vn -0.0238 0.5152 -0.8567
vn 0.0195 0.4232 -0.9058
vn -0.0215 0.2118 -0.9771
vn 0.0210 0.1163 -0.9930
vn 0.0353 0.4576 0.8885
vn -0.0366 0.6714 0.7402
vn 0.0200 0.7513 0.6597
vn -0.0180 0.8945 0.4467
vn 0.0348 0.9431 0.3307
vn -0.0345 0.9906 0.1321
vn 0.0234 0.9838 -0.1777
vn 0.0283 0.9827 -0.1829
vn 0.0227 0.9840 -0.1770
vn 0.0281 0.9826 -0.1833
vn -0.0269 0.8109 -0.5846
vn 0.0316 0.7548 -0.6552
vn -0.9997 0.0048 0.0248
vn -1.0000 0.0008 0.0014
vn -0.9997 -0.0048 -0.0247
vn -0.9960 0.0202 0.0872
vn -0.9998 0.0014 0.0205
vn -0.9997 -0.0086 -0.0212
vn -0.9992 0.0149 0.0370
vn -0.9989 0.0105 -0.0449
vn -1.0000 0.0031 0.0030
vn -1.0000 0.0038 0.0065
vn -1.0000 0.0050 0.0085
vn -0.9951 -0.0223 -0.0968
vn -1.0000 -0.0000 0.0003
vn -1.0000 0.0027 0.0020
vn -1.0000 0.0021 0.0030
vn -1.0000 -0.0001 0.0009
vn -1.0000 0.0001 0.0001
vn -1.0000 0.0023 0.0004
vn -1.0000 0.0024 0.0008
vn -1.0000 0.0003 -0.0000
vn -1.0000 -0.0003 -0.0001
vn -0.9993 -0.0179 -0.0320
vn -1.0000 -0.0008 0.0079
vn -0.9988 -0.0049 0.0477
vn -1.0000 -0.0007 -0.0004
vn -1.0000 -0.0002 -0.0002
vn -1.0000 -0.0005 0.0006
vn -1.0000 -0.0012 0.0018
vn -1.0000 -0.0011 0.0017
vn -1.0000 -0.0027 0.0016
vn -1.0000 -0.0017 0.0011
vn -1.0000 -0.0017 0.0006
vn -1.0000 -0.0003 0.0003
vn -1.0000 0.0028 0.0011
vn -1.0000 0.0011 0.0006
vn -1.0000 0.0049 0.0024
vn -1.0000 0.0001 -0.0005
vn -1.0000 0.0003 -0.0007
vn -1.0000 0.0018 -0.0006
vn -1.0000 0.0007 -0.0004
vn -1.0000 0.0016 -0.0002
vn -1.0000 0.0050 0.0013
vn 1.0000 0.0003 -0.0004
vn 1.0000 -0.0001 0.0012
vn 1.0000 0.0004 -0.0005
vn 1.0000 -0.0000 -0.0024
vn 1.0000 0.0001 0.0003
vn 0.9997 0.0064 0.0255
vn 0.9996 -0.0208 -0.0166
vn 1.0000 0.0097 -0.0018
vn 0.9997 0.0051 -0.0224
vn 0.9999 0.0051 0.0158
vn 1.0000 -0.0000 -0.0005
vn 1.0000 -0.0004 -0.0001
vn -0.1074 0.2306 0.9671
vn 0.1492 0.3986 0.9049
vn -0.1454 0.6337 0.7598
vn 0.1402 0.8216 0.5526
vn -0.1017 0.9450 0.3107
vn 0.0573 0.9815 0.1826
vn -0.0765 0.9837 -0.1626
vn -0.1139 -0.8961 -0.4291
vn 0.1333 -0.9793 -0.1525
vn -0.0890 -0.9960 0.0054
vn 0.0894 -0.9248 0.3697
vn -0.0269 -0.8995 0.4362
vn -0.0252 -0.6713 0.7408
vn 0.0694 -0.6241 0.7782
vn -0.0753 -0.2835 0.9560
vn 0.0977 -0.1831 0.9782
vn 0.0891 0.9623 -0.2568
vn -0.0879 0.7541 -0.6509
vn 0.0695 0.6846 -0.7256
vn -0.0543 0.4419 -0.8954
vn 0.0604 0.3523 -0.9339
vn -0.0533 0.0467 -0.9975
vn 0.0595 -0.0546 -0.9967
vn -0.0719 -0.2960 -0.9525
vn 0.0750 -0.4295 -0.8999
vn -0.0680 -0.6638 -0.7448
vn 0.0928 -0.7579 -0.6457
vn 1.0000 -0.0001 0.0001
vn 1.0000 0.0001 0.0002
vn -0.0006 0.9727 -0.2319
vn -0.0048 0.9741 -0.2262
vn -0.0000 0.9726 -0.2324
vn -0.0053 0.9742 -0.2255
vn -0.0005 -0.9724 0.2334
vn -0.0060 -0.9740 0.2263
vn -0.0000 -0.9722 0.2342
vn -0.0067 -0.9742 0.2254
vn -0.0407 -0.3421 -0.9388
vn -0.0251 -0.3435 -0.9388
vn -0.0407 0.3419 0.9389
vn -0.0223 0.3435 0.9389
vn 0.9873 -0.1555 -0.0336
vn 0.9856 0.1655 0.0358
vn 1.0000 -0.0050 -0.0011
vn 0.9999 -0.0051 -0.0157
vn 0.9999 0.0051 0.0156
vn 1.0000 0.0050 0.0012
vn -0.0000 -0.8483 -0.5294
vn -0.0000 -0.5294 0.8484
vn -0.0182 -0.8984 -0.4388
vn -0.0209 -0.9054 -0.4241
vn -0.0181 0.8984 0.4387
vn -0.0210 0.9054 0.4241
vn -0.6983 -0.1609 -0.6975
vn -0.6716 -0.1671 -0.7218
vn -0.7456 -0.4062 0.5283
vn -0.6780 -0.3418 0.6508
vn -0.7117 -0.1341 0.6895
vn -0.7124 -0.1333 0.6890
vn -0.7186 -0.1261 0.6839
vn -0.7192 -0.1254 0.6834
vn -0.7175 -0.3646 -0.5935
vn -0.7175 -0.3645 -0.5935
vn -0.6449 -0.5993 -0.4742
vn -0.7408 -0.6237 -0.2496
vn -0.7775 -0.5959 -0.2009
vn -0.6627 -0.7478 -0.0395
vn -0.6837 -0.7046 0.1900
vn -0.7644 -0.5989 0.2389
vn -0.6570 -0.5664 0.4976
vn -0.7676 0.3614 -0.5294
vn -0.7250 0.3530 -0.5914
vn -0.6474 0.1659 -0.7439
vn -0.7428 -0.0041 -0.6695
vn -0.7418 0.3223 0.5881
vn -0.6582 0.5045 0.5587
vn -0.7401 0.5298 0.4143
vn -0.6725 0.6604 0.3341
vn -0.7378 0.6645 0.1183
vn -0.7100 0.6983 0.0908
vn -0.6776 0.7227 -0.1362
vn -0.7560 0.6183 -0.2150
vn -0.6383 0.6274 -0.4460
vn -0.6658 0.1686 0.7269
vn -0.7009 0.1604 0.6950
vn 0.7125 -0.6811 0.1687
vn 0.8626 0.1304 0.4889
vn 0.7070 0.1594 0.6890
vn 0.7068 -0.1594 -0.6892
vn 0.8626 -0.1304 -0.4888
vn 0.7110 0.6831 -0.1668
vn 0.0694 0.2783 0.9580
vn 0.0120 0.2544 0.9670
vn -0.1437 -0.1564 0.9772
vn 0.1779 -0.2904 0.9402
vn -0.1270 -0.6593 0.7411
vn -0.0044 -0.7038 0.7104
vn 0.0555 -0.9250 0.3758
vn -0.0567 -0.9421 0.3304
vn -0.1060 0.4200 -0.9013
vn 0.1029 0.7020 -0.7047
vn -0.1534 0.7910 -0.5923
vn 0.1810 0.9305 -0.3186
vn -0.2128 0.9755 -0.0560
vn 0.1142 0.9851 0.1289
vn -0.0411 0.8755 0.4815
vn -0.0579 0.8716 0.4868
vn 0.0542 0.6228 0.7805
vn -0.0550 0.5713 0.8189
vn -0.0090 -0.9967 -0.0801
vn 0.0948 -0.9874 -0.1266
vn -0.1097 -0.8762 -0.4694
vn 0.1467 -0.8041 -0.5760
vn -0.1301 -0.5010 -0.8556
vn 0.1049 -0.4064 -0.9077
vn -0.0998 -0.0541 -0.9935
vn 0.0368 0.0172 -0.9992
vn 0.0318 0.3567 -0.9337
vn -1.0000 0.0004 0.0003
vn -1.0000 0.0003 0.0004
vn -1.0000 0.0005 0.0003
vn -1.0000 0.0003 0.0019
vn -1.0000 0.0001 0.0025
vn -1.0000 0.0008 -0.0003
vn -1.0000 0.0004 -0.0001
vn -0.1457 0.0308 0.9888
vn 0.1993 -0.1572 0.9672
vn -0.0993 -0.3523 0.9306
vn 0.0272 -0.6496 0.7598
vn 0.1116 -0.6728 0.7314
vn -0.1046 -0.8923 0.4392
vn 0.1315 -0.9423 0.3080
vn 0.2000 0.4090 -0.8904
vn -0.1463 0.7260 -0.6719
vn 0.0390 0.7936 -0.6072
vn 0.0101 0.9566 -0.2914
vn -0.1040 0.9659 -0.2370
vn -0.0898 0.9925 0.0835
vn 0.0681 0.9863 0.1500
vn -0.0637 0.8235 0.5637
vn 0.0533 0.7944 0.6050
vn -0.0410 0.4842 0.8740
vn 0.0951 0.4287 0.8984
vn -0.1038 -0.9935 0.0476
vn 0.0289 -0.9920 -0.1227
vn -0.0723 -0.9753 -0.2088
vn 0.0754 -0.8633 -0.4990
vn -0.1064 -0.8052 -0.5834
vn 0.1089 -0.5785 -0.8084
vn -0.1874 -0.3994 -0.8974
vn 0.2095 -0.1818 -0.9608
vn -0.2603 0.2119 -0.9420
vn -0.9970 0.0266 0.0731
vn -0.9995 0.0053 -0.0316
vn -1.0000 -0.0002 0.0002
vn -1.0000 -0.0008 0.0011
vn -1.0000 0.0006 -0.0008
vn -1.0000 0.0005 -0.0005
vn -1.0000 0.0009 -0.0012
vn -0.9538 -0.2985 -0.0334
vn -1.0000 0.0016 0.0010
vn -1.0000 0.0021 0.0011
vn -1.0000 -0.0002 0.0001
vn -0.6168 0.0243 0.7867
vn -0.7621 -0.0221 0.6470
vn -0.6490 -0.2682 0.7120
vn -0.8062 -0.2695 0.5268
vn -0.5268 -0.5565 0.6424
vn -0.8011 -0.5032 0.3240
vn -0.6064 -0.7121 0.3538
vn -0.5490 0.6139 -0.5672
vn -0.7934 0.4846 -0.3683
vn -0.5691 0.7860 -0.2415
vn -0.8910 0.4387 0.1169
vn -0.2652 0.7953 0.5452
vn -0.8064 0.2896 0.5157
vn -0.7830 0.3109 0.5387
vn -0.7634 -0.6418 0.0726
vn -0.7840 -0.5959 -0.1740
vn -0.3196 -0.7674 -0.5558
vn -0.8605 -0.3012 -0.4108
vn -0.3332 -0.3827 -0.8617
vn -0.8403 -0.0187 -0.5418
vn -0.3226 0.2072 -0.9236
vn -0.8243 0.2339 -0.5156
vn -0.6268 0.1951 0.7543
vn -0.8475 0.0642 0.5269
vn -0.4345 -0.1402 0.8897
vn -0.8876 -0.2311 0.3984
vn -0.3279 -0.6287 0.7052
vn -0.7016 -0.6725 0.2353
vn -0.8069 0.2610 -0.5299
vn -0.8234 0.2464 -0.5111
vn -0.2240 0.7804 -0.5838
vn -0.8755 0.4522 -0.1704
vn -0.3020 0.9517 -0.0547
vn -0.8431 0.5243 0.1196
vn -0.4602 0.7747 0.4336
vn -0.8481 0.3821 0.3670
vn -0.4951 0.4986 0.7115
vn -0.8952 -0.4358 0.0935
vn -0.4433 -0.8933 -0.0739
vn -0.5980 -0.7101 -0.3716
vn -0.8969 -0.3588 -0.2585
vn -0.3891 -0.4621 -0.7969
vn -0.8564 -0.1286 -0.5001
vn -0.5107 -0.0528 -0.8582
vn -1.0000 -0.0006 0.0003
vn -1.0000 -0.0005 0.0003
vn -1.0000 0.0003 0.0003
vn -1.0000 -0.0000 -0.0003
vn -1.0000 -0.0003 -0.0007
vn -1.0000 -0.0005 -0.0001
vn 1.0000 0.0009 0.0006
vn 1.0000 0.0007 0.0005
vn 1.0000 -0.0002 0.0001
vn 0.8281 -0.5573 0.0601
vn 0.5403 -0.8220 0.1799
vn 0.7941 -0.4923 0.3564
vn 0.4699 -0.6422 0.6056
vn 0.8106 -0.2495 0.5297
vn 0.5426 -0.2400 0.8049
vn 0.7961 0.0106 0.6051
vn 0.8354 0.4237 -0.3501
vn 0.5774 0.5324 -0.6190
vn 0.8022 0.2137 -0.5576
vn 0.7208 0.2189 -0.6577
vn 0.4955 -0.0658 -0.8661
vn 0.8852 -0.1319 -0.4461
vn 0.2218 -0.5701 -0.7910
vn 0.8665 -0.4211 -0.2680
vn 0.4040 -0.8488 -0.3411
vn 0.5456 0.1198 0.8294
vn 0.8200 0.3075 0.4828
vn 0.7088 0.4112 0.5731
vn 0.5384 0.7269 0.4264
vn 0.8382 0.5057 0.2041
vn 0.5414 0.8406 0.0140
vn 0.8107 0.5806 -0.0755
vn 0.4593 0.8132 -0.3574
vn -0.7578 -0.6523 0.0152
vn -0.7806 -0.6247 0.0199
vn -0.3702 -0.8593 -0.3530
vn -0.8653 -0.3799 -0.3268
vn -0.6138 -0.5256 -0.5890
vn -0.7820 -0.1484 -0.6053
vn -0.5619 -0.1318 -0.8166
vn -0.8924 0.3051 0.3325
vn -0.4879 0.4386 0.7547
vn -0.7457 0.0272 0.6657
vn -0.7948 0.0120 0.6067
vn -0.5844 -0.3735 0.7204
vn -0.7768 -0.3339 0.5338
vn -0.5886 -0.6642 0.4608
vn -0.7282 -0.5798 0.3655
vn -0.7907 0.1488 -0.5938
vn -0.5315 0.2969 -0.7933
vn -0.8251 0.4049 -0.3941
vn -0.6513 0.5813 -0.4877
vn -0.5343 0.8246 -0.1858
vn -0.8902 0.4555 0.0031
vn -0.7183 0.6888 0.0979
vn -0.3696 0.8018 0.4696
vn 0.9799 -0.1739 0.0980
vn 0.9788 -0.1805 0.0973
vn 0.9791 -0.1783 0.0973
vn 0.9717 -0.1532 0.1798
vn 0.8710 -0.4822 0.0940
vn 0.5996 -0.2031 -0.7741
vn 0.7600 -0.2362 -0.6055
vn -0.5736 0.1963 -0.7952
vn -0.9084 -0.3615 -0.2099
vn -0.8703 -0.3347 -0.3614
vn -0.8252 0.0562 -0.5621
vn -0.8775 0.4792 0.0185
vn -0.8976 0.3327 0.2890
vn -0.8994 0.3312 0.2851
vn -0.8983 0.3321 0.2878
vn -0.9001 0.3306 0.2839
vn -0.9052 0.2690 0.3289
vn -0.7081 0.2256 0.6691
vn 0.4061 -0.1421 0.9027
vn 0.4244 -0.3078 0.8515
vn 0.7361 0.6032 0.3071
vn 0.7097 0.5356 0.4576
vn 0.6661 0.1771 0.7245
vn 0.5985 0.0530 0.7993
vn 0.4505 -0.3219 0.8327
vn 0.7878 0.2177 0.5762
vn 0.3094 -0.7451 0.5909
vn 0.8938 0.3486 0.2822
vn -0.0261 -0.9177 0.3963
vn 0.9521 -0.0368 0.3037
vn 0.9484 -0.1295 0.2895
vn 0.8669 0.2536 0.4291
vn 0.9182 -0.3479 0.1897
vn 0.9794 -0.1754 0.1000
vn 0.9802 -0.1718 0.0980
vn 0.9353 -0.3490 0.0589
vn 0.9364 -0.3469 0.0535
vn 0.9360 -0.3476 0.0555
vn 0.9349 -0.3498 0.0608
vn 0.9101 -0.4039 -0.0926
vn 0.8905 0.0563 -0.4515
vn 0.9429 0.2676 -0.1985
vn 0.9437 0.2661 -0.1965
vn 0.9434 0.2667 -0.1970
vn 0.7282 -0.0358 -0.6844
vn 0.8493 0.3292 -0.4126
vn 0.7454 0.5803 -0.3282
vn 0.5886 0.2619 -0.7648
vn 0.3522 0.6125 -0.7077
vn 0.1732 0.7162 -0.6761
vn -0.2087 0.3918 -0.8961
vn -0.0377 0.9178 -0.3951
vn -0.3146 0.7625 -0.5653
vn -0.7487 -0.4176 -0.5148
vn -0.7479 -0.4194 -0.5145
vn -0.7487 -0.4180 -0.5145
vn -0.7781 -0.1804 -0.6017
vn -0.7862 -0.0860 -0.6120
vn -0.9313 -0.2744 -0.2395
vn -0.8630 -0.1294 -0.4884
vn -0.8891 0.0577 -0.4540
vn -0.9663 -0.1213 -0.2272
vn -0.8740 0.3631 -0.3229
vn -0.8320 0.4693 -0.2958
vn -0.9710 0.0894 -0.2217
vn -0.8887 0.4526 -0.0737
vn -0.8590 0.5105 0.0376
vn -0.9447 0.3277 -0.0081
vn -0.9535 0.2980 0.0451
vn -0.9531 0.3006 0.0338
vn -0.9897 0.1360 0.0453
vn -0.6962 -0.1175 0.7081
vn -0.8700 0.4917 -0.0356
vn -0.5488 0.7476 0.3740
vn -0.5478 0.7482 0.3743
vn -0.5492 0.7477 0.3732
vn -0.6717 0.5963 0.4396
vn -0.6978 0.4651 0.5448
vn -0.6023 0.3395 0.7225
vn -0.4682 -0.2000 0.8607
vn -0.6983 -0.2997 0.6500
vn -0.8967 -0.3272 0.2980
vn -0.2536 0.9662 0.0471
vn -0.4902 -0.0636 0.8693
vn -0.1262 -0.7394 0.6613
vn -0.1892 -0.8402 0.5081
vn -0.4934 -0.8060 0.3270
vn 0.9851 0.1223 -0.1206
vn 0.0897 -0.3899 0.9165
vn 0.1645 0.8911 0.4230
vn 0.1604 -0.9566 0.2433
vn 0.6303 0.5282 0.5690
vn 0.4113 0.5271 0.7437
vn 0.4419 0.2605 0.8584
vn 0.3984 0.0641 0.9150
vn 0.4859 -0.1545 0.8603
vn 0.5439 -0.4901 0.6811
vn 0.0346 -0.9225 0.3845
vn 0.5683 -0.5650 0.5981
vn 0.5051 -0.6780 0.5341
vn 0.3367 -0.5286 0.7792
vn 0.9102 0.0331 0.4128
vn 0.6368 -0.0258 0.7706
vn 0.7990 -0.5754 0.1750
vn 0.9771 -0.2120 0.0178
vn 0.9475 -0.3058 0.0935
vn 0.9608 -0.2767 0.0139
vn 0.9461 -0.3227 0.0277
vn 0.8927 -0.4418 0.0884
vn 0.8658 -0.3516 -0.3559
vn 0.9844 0.0050 -0.1760
vn 0.4438 -0.8885 -0.1167
vn 0.7482 -0.4712 -0.4671
vn 0.9426 0.2679 -0.1991
vn 0.4829 -0.6274 -0.6109
vn 0.4749 -0.6294 -0.6150
vn 0.4851 -0.6269 -0.6096
vn 0.7336 0.3672 -0.5718
vn 0.1089 -0.9932 -0.0407
vn 0.0110 -0.9374 -0.3481
vn 0.2212 -0.8329 -0.5074
vn 0.1215 -0.7558 -0.6435
vn 0.3599 -0.2831 -0.8890
vn 0.5204 0.2414 -0.8191
vn 0.3648 0.7494 -0.5526
vn 0.4529 0.8255 -0.3368
vn -0.3305 -0.9105 -0.2484
vn -0.4581 -0.7565 -0.4667
vn -0.0612 0.2619 -0.9632
vn 0.0421 0.8621 -0.5050
vn -0.6302 -0.7494 -0.2033
vn -0.5114 -0.5343 -0.6731
vn -0.5378 -0.4988 -0.6797
vn -0.2673 0.4099 -0.8721
vn -0.3037 0.6211 -0.7225
vn -0.3966 0.7586 -0.5169
vn -0.7476 -0.4201 -0.5144
vn -0.4731 0.5836 -0.6600
vn -0.3588 0.8843 -0.2986
vn -0.7097 0.6724 -0.2103
vn -0.8418 0.4919 -0.2221
vn -0.8194 -0.4817 0.3106
vn -0.9079 0.0323 0.4180
vn -0.3824 0.8905 0.2467
vn -0.5474 0.7481 0.3751
vn -0.4832 0.6900 0.5389
vn -0.4197 0.5557 0.7177
vn -0.4592 0.3596 0.8123
vn -0.8257 0.1976 0.5284
vn -0.7377 -0.0817 0.6702
vn -0.9162 -0.1118 0.3849
vn -0.2866 0.9145 0.2857
vn 0.3605 0.8611 0.3586
vn 0.3570 0.8626 0.3583
vn 0.3619 0.8604 0.3589
vn 0.0809 0.8237 0.5612
vn -0.0214 -0.1556 0.9876
vn -0.2305 -0.3282 0.9161
vn -0.1271 -0.5367 0.8342
vn 0.9205 -0.2928 0.2588
vn 0.3557 0.8633 0.3580
vn 0.6045 0.5443 0.5816
vn -0.0394 -0.5749 0.8172
vn -0.0546 -0.9815 0.1833
vn 0.5135 -0.7690 0.3807
vn 0.6693 -0.7385 0.0817
vn 0.3431 -0.9297 -0.1336
vn 0.8285 -0.5572 -0.0558
vn 0.7332 -0.4656 -0.4957
vn 0.8029 -0.1023 -0.5873
vn 0.8796 0.4556 -0.1367
vn -0.3056 -0.8756 -0.3741
vn 0.4230 -0.8490 -0.3166
vn 0.3056 -0.8056 -0.5075
vn 0.4742 -0.6293 -0.6157
vn 0.3731 -0.4588 -0.8064
vn 0.4934 -0.3511 -0.7958
vn 0.3344 -0.0903 -0.9381
vn 0.2622 0.1131 -0.9584
vn 0.6468 0.5883 -0.4853
vn 0.4258 0.8830 -0.1973
vn -0.1552 -0.5304 -0.8334
vn -0.2472 -0.7951 -0.5538
vn -0.1756 -0.3898 -0.9040
vn -0.9146 0.2925 -0.2792
vn -0.1939 -0.1771 -0.9649
vn 0.1447 0.5718 -0.8075
vn -0.5452 -0.8289 -0.1251
vn -0.3791 -0.0954 -0.9204
vn -0.3610 0.8017 -0.4764
vn -0.8953 0.4222 0.1423
vn -0.9223 0.3601 -0.1404
vn -0.3449 0.1106 0.9321
vn -0.9966 -0.0554 0.0615
vn -0.7047 -0.5018 0.5016
vn -0.5556 -0.7960 0.2402
vn 0.0526 0.6490 0.7590
vn -0.0100 0.4489 0.8935
vn -0.0524 0.2026 0.9779
vn -0.3335 -0.5977 0.7291
vn -0.3672 -0.7409 0.5623
vt 0.342507 0.177539
vt 0.342503 0.177677
vt 0.341898 0.177064
vt 0.342480 0.177403
vt 0.342415 0.177282
vt 0.342325 0.177179
vt 0.342209 0.177107
vt 0.342080 0.177064
vt 0.341589 0.177246
vt 0.341728 0.177127
vt 0.341518 0.177363
vt 0.341475 0.177495
vt 0.341475 0.177679
vt 0.341537 0.177851
vt 0.341653 0.177992
vt 0.341810 0.178084
vt 0.341989 0.178115
vt 0.342168 0.178083
vt 0.342325 0.177991
vt 0.342441 0.177850
vt 0.198003 0.320930
vt 0.197995 0.322453
vt 0.197825 0.322548
vt 0.317580 0.215592
vt 0.317081 0.218745
vt 0.316927 0.215599
vt 0.317567 0.218745
vt 0.309373 0.242714
vt 0.308983 0.239560
vt 0.309393 0.239561
vt 0.308864 0.242717
vt 0.308437 0.239560
vt 0.308152 0.242713
vt 0.307845 0.239570
vt 0.304276 0.336172
vt 0.303967 0.333032
vt 0.304276 0.333008
vt 0.303550 0.333072
vt 0.303629 0.336225
vt 0.363949 0.292481
vt 0.364080 0.292010
vt 0.364080 0.292761
vt 0.308619 0.242797
vt 0.356747 0.349095
vt 0.356868 0.348313
vt 0.356868 0.349308
vt 0.356761 0.348469
vt 0.317401 0.215512
vt 0.356747 0.326252
vt 0.356898 0.325816
vt 0.356898 0.326795
vt 0.363949 0.195866
vt 0.364029 0.196270
vt 0.363949 0.196732
vt 0.356894 0.333824
vt 0.356747 0.334413
vt 0.356747 0.333447
vt 0.304149 0.336265
vt 0.341802 0.252294
vt 0.341475 0.251392
vt 0.341613 0.251526
vt 0.341709 0.252330
vt 0.341475 0.253100
vt 0.129179 0.389656
vt 0.129097 0.389539
vt 0.129179 0.388884
vt 0.364048 0.381021
vt 0.363949 0.381713
vt 0.363949 0.380959
vt 0.278044 0.213426
vt 0.278700 0.213219
vt 0.279119 0.213922
vt 0.279643 0.213262
vt 0.277595 0.217212
vt 0.277166 0.216721
vt 0.278126 0.216448
vt 0.277383 0.213908
vt 0.276837 0.216028
vt 0.278275 0.217599
vt 0.276803 0.215082
vt 0.279815 0.215834
vt 0.281270 0.215006
vt 0.280478 0.214519
vt 0.280925 0.214189
vt 0.277434 0.214538
vt 0.277067 0.214367
vt 0.280001 0.217526
vt 0.279136 0.217734
vt 0.279640 0.214818
vt 0.280997 0.216599
vt 0.281270 0.215920
vt 0.280132 0.213577
vt 0.279295 0.213873
vt 0.280418 0.213659
vt 0.280700 0.217013
vt 0.199912 0.356267
vt 0.199915 0.355598
vt 0.200859 0.355743
vt 0.200859 0.354902
vt 0.199915 0.354870
vt 0.199912 0.354183
vt 0.200856 0.354200
vt 0.334436 0.264844
vt 0.333492 0.265355
vt 0.333492 0.264845
vt 0.334436 0.265720
vt 0.333492 0.265925
vt 0.334436 0.266552
vt 0.333492 0.266458
vt 0.325349 0.354253
vt 0.324404 0.354681
vt 0.324406 0.354183
vt 0.325348 0.355116
vt 0.324404 0.355471
vt 0.325349 0.355733
vt 0.324408 0.356055
vt 0.230372 0.356222
vt 0.230370 0.355650
vt 0.231315 0.355867
vt 0.231314 0.355363
vt 0.230370 0.354724
vt 0.231314 0.354723
vt 0.231315 0.354183
vt 0.307845 0.231337
vt 0.308904 0.232908
vt 0.307845 0.232133
vt 0.308359 0.232734
vt 0.309963 0.232418
vt 0.309532 0.232793
vt 0.310190 0.231918
vt 0.310062 0.231088
vt 0.309393 0.230559
vt 0.308665 0.230534
vt 0.308117 0.230879
vt 0.265935 0.275948
vt 0.268464 0.275935
vt 0.264844 0.276429
vt 0.269560 0.275840
vt 0.269563 0.276492
vt 0.264839 0.275526
vt 0.277327 0.180223
vt 0.276803 0.180225
vt 0.277237 0.179132
vt 0.277914 0.179132
vt 0.277820 0.180253
vt 0.278162 0.180245
vt 0.278947 0.179131
vt 0.278640 0.180244
vt 0.279323 0.180217
vt 0.280257 0.179131
vt 0.280304 0.183851
vt 0.279324 0.183851
vt 0.279777 0.182787
vt 0.279755 0.180258
vt 0.279095 0.182734
vt 0.278672 0.182726
vt 0.278351 0.183851
vt 0.278161 0.182715
vt 0.277536 0.182761
vt 0.277514 0.183851
vt 0.276807 0.182755
vt 0.276917 0.183852
vt 0.264846 0.277956
vt 0.269565 0.277327
vt 0.269564 0.278341
vt 0.281171 0.183852
vt 0.281251 0.179132
vt 0.276803 0.280133
vt 0.278020 0.284824
vt 0.276803 0.284853
vt 0.277848 0.280108
vt 0.278633 0.280087
vt 0.279112 0.284795
vt 0.279540 0.280062
vt 0.280188 0.284764
vt 0.280541 0.280030
vt 0.280413 0.257152
vt 0.280013 0.252432
vt 0.280963 0.252430
vt 0.279155 0.257153
vt 0.278879 0.252433
vt 0.278059 0.257153
vt 0.277607 0.252432
vt 0.277246 0.257151
vt 0.276803 0.252430
vt 0.264838 0.279699
vt 0.264842 0.279082
vt 0.269561 0.279269
vt 0.266843 0.207485
vt 0.267674 0.207407
vt 0.266984 0.207887
vt 0.267723 0.207839
vt 0.268571 0.207609
vt 0.268403 0.208005
vt 0.269480 0.208232
vt 0.269266 0.208612
vt 0.270144 0.209390
vt 0.269790 0.209811
vt 0.270144 0.210761
vt 0.269684 0.210787
vt 0.269742 0.211627
vt 0.269346 0.211451
vt 0.269209 0.212203
vt 0.268699 0.212052
vt 0.268237 0.212725
vt 0.267963 0.212329
vt 0.267258 0.212365
vt 0.266842 0.212739
vt 0.266461 0.212122
vt 0.265654 0.212084
vt 0.265838 0.211642
vt 0.265055 0.211217
vt 0.265318 0.210772
vt 0.264838 0.210468
vt 0.265282 0.209618
vt 0.264907 0.209310
vt 0.265693 0.208728
vt 0.265753 0.208015
vt 0.266285 0.208190
vt 0.265374 0.187734
vt 0.264838 0.186699
vt 0.266465 0.186720
vt 0.266262 0.185816
vt 0.264838 0.185387
vt 0.265285 0.184447
vt 0.266742 0.185060
vt 0.266044 0.183727
vt 0.266998 0.183374
vt 0.267431 0.184820
vt 0.267861 0.183355
vt 0.268210 0.185047
vt 0.268603 0.183582
vt 0.269260 0.184000
vt 0.269824 0.184699
vt 0.268677 0.185818
vt 0.270152 0.185616
vt 0.270106 0.186659
vt 0.268473 0.186756
vt 0.269598 0.187730
vt 0.268562 0.188514
vt 0.267713 0.187223
vt 0.267489 0.188739
vt 0.267050 0.187163
vt 0.266289 0.188483
vt 0.325316 0.247730
vt 0.325324 0.247016
vt 0.325493 0.247178
vt 0.325494 0.246484
vt 0.325327 0.246373
vt 0.325494 0.245688
vt 0.325324 0.245556
vt 0.325491 0.244753
vt 0.325316 0.245023
vt 0.325318 0.244373
vt 0.317098 0.265115
vt 0.316927 0.265641
vt 0.316927 0.264814
vt 0.317092 0.265896
vt 0.316927 0.266620
vt 0.317099 0.266648
vt 0.317091 0.267298
vt 0.316927 0.267402
vt 0.317104 0.268015
vt 0.316927 0.268144
vt 0.317089 0.268636
vt 0.180345 0.344429
vt 0.180183 0.344419
vt 0.180187 0.343912
vt 0.180179 0.345124
vt 0.180348 0.345242
vt 0.180177 0.346004
vt 0.180345 0.346109
vt 0.180177 0.346721
vt 0.180352 0.346596
vt 0.180348 0.347227
vt 0.180179 0.347507
vt 0.185492 0.357279
vt 0.185487 0.356580
vt 0.185660 0.357036
vt 0.185659 0.355859
vt 0.185487 0.355733
vt 0.185490 0.355000
vt 0.185659 0.354809
vt 0.185487 0.354197
vt 0.185660 0.354183
vt 0.325489 0.247711
vt 0.316927 0.171799
vt 0.317218 0.169665
vt 0.317949 0.171826
vt 0.317996 0.169654
vt 0.318094 0.171910
vt 0.318190 0.169519
vt 0.266130 0.274728
vt 0.268267 0.274728
vt 0.266080 0.275859
vt 0.268308 0.275851
vt 0.170014 0.336090
vt 0.170472 0.334660
vt 0.171086 0.336093
vt 0.170237 0.333564
vt 0.169901 0.333011
vt 0.171086 0.333008
vt 0.163249 0.333008
vt 0.162929 0.333464
vt 0.162055 0.333008
vt 0.162716 0.334686
vt 0.162845 0.335426
vt 0.162347 0.336092
vt 0.163162 0.336086
vt 0.300287 0.310351
vt 0.298149 0.313305
vt 0.298149 0.310350
vt 0.300287 0.313387
vt 0.341475 0.309971
vt 0.341750 0.308298
vt 0.341741 0.309953
vt 0.341475 0.308259
vt 0.341475 0.153745
vt 0.341735 0.151827
vt 0.341749 0.153724
vt 0.341475 0.151797
vt 0.341750 0.316623
vt 0.341475 0.318286
vt 0.341489 0.316638
vt 0.341750 0.318327
vt 0.341750 0.160397
vt 0.341484 0.162273
vt 0.341475 0.160414
vt 0.341750 0.162307
vt 0.316927 0.190510
vt 0.318664 0.188542
vt 0.318664 0.190519
vt 0.316927 0.188533
vt 0.266104 0.275410
vt 0.277521 0.180374
vt 0.356889 0.236178
vt 0.356747 0.235717
vt 0.356889 0.235127
vt 0.356773 0.182949
vt 0.356747 0.183709
vt 0.356747 0.182468
vt 0.162902 0.334224
vt 0.162820 0.333933
vt 0.163030 0.333671
vt 0.162885 0.334587
vt 0.278957 0.180400
vt 0.162935 0.335071
vt 0.279680 0.180396
vt 0.371233 0.296320
vt 0.371059 0.296203
vt 0.371233 0.295879
vt 0.318190 0.172049
vt 0.268289 0.275358
vt 0.279719 0.182650
vt 0.278903 0.182605
vt 0.342018 0.381204
vt 0.342153 0.381964
vt 0.342018 0.382038
vt 0.278173 0.182564
vt 0.279674 0.182568
vt 0.184936 0.373788
vt 0.185144 0.373853
vt 0.184901 0.374306
vt 0.277507 0.182630
vt 0.184901 0.373105
vt 0.277191 0.182582
vt 0.356747 0.310950
vt 0.356931 0.311608
vt 0.356747 0.311903
vt 0.341606 0.343570
vt 0.341475 0.343569
vt 0.341606 0.341698
vt 0.341477 0.341701
vt 0.349270 0.210461
vt 0.349159 0.210461
vt 0.349237 0.208593
vt 0.349216 0.233995
vt 0.349248 0.235862
vt 0.349159 0.235862
vt 0.349159 0.160156
vt 0.349253 0.160157
vt 0.349159 0.162024
vt 0.349285 0.162029
vt 0.341493 0.283341
vt 0.341641 0.285208
vt 0.341475 0.285209
vt 0.341641 0.283341
vt 0.341475 0.299739
vt 0.341591 0.301607
vt 0.341475 0.301607
vt 0.341629 0.299739
vt 0.341475 0.358410
vt 0.341603 0.360276
vt 0.341475 0.360277
vt 0.341606 0.358408
vt 0.290734 0.275222
vt 0.290720 0.275504
vt 0.290295 0.275396
vt 0.288427 0.273140
vt 0.288842 0.272838
vt 0.288133 0.274032
vt 0.288315 0.275342
vt 0.288045 0.274866
vt 0.288874 0.274995
vt 0.290314 0.275785
vt 0.291193 0.274716
vt 0.289229 0.275918
vt 0.288142 0.273541
vt 0.287989 0.273952
vt 0.289310 0.272682
vt 0.289318 0.274962
vt 0.289781 0.275333
vt 0.289079 0.274910
vt 0.290373 0.272836
vt 0.290911 0.273313
vt 0.290645 0.273470
vt 0.290171 0.273341
vt 0.289815 0.272672
vt 0.291187 0.274362
vt 0.291029 0.273831
vt 0.291193 0.273838
vt 0.289746 0.272805
vt 0.318162 0.162860
vt 0.317717 0.162852
vt 0.318117 0.161742
vt 0.317740 0.161667
vt 0.317444 0.161714
vt 0.317202 0.162845
vt 0.317087 0.161750
vt 0.232492 0.333009
vt 0.233019 0.333008
vt 0.232579 0.334103
vt 0.232957 0.334118
vt 0.233348 0.334154
vt 0.233560 0.334173
vt 0.233750 0.333008
vt 0.233574 0.335182
vt 0.318146 0.160686
vt 0.318517 0.160687
vt 0.318517 0.162867
vt 0.317860 0.277463
vt 0.318269 0.275288
vt 0.318357 0.277468
vt 0.317747 0.275288
vt 0.317316 0.277468
vt 0.317233 0.275290
vt 0.316927 0.277442
vt 0.317118 0.151872
vt 0.317437 0.154011
vt 0.316927 0.154034
vt 0.317556 0.151824
vt 0.318027 0.151808
vt 0.318260 0.153979
vt 0.318468 0.151797
vt 0.234100 0.335182
vt 0.234302 0.333009
vt 0.299401 0.226077
vt 0.298896 0.226081
vt 0.299498 0.222928
vt 0.299891 0.226083
vt 0.300265 0.222929
vt 0.300350 0.226085
vt 0.300782 0.226086
vt 0.300782 0.222935
vt 0.298608 0.290722
vt 0.298149 0.293933
vt 0.298149 0.290781
vt 0.298821 0.293938
vt 0.299153 0.290781
vt 0.299417 0.293930
vt 0.300055 0.290776
vt 0.300196 0.293939
vt 0.300584 0.259071
vt 0.300110 0.255943
vt 0.300443 0.255908
vt 0.299792 0.259070
vt 0.299683 0.255915
vt 0.299196 0.255916
vt 0.298932 0.259071
vt 0.298757 0.255949
vt 0.298149 0.259068
vt 0.298155 0.255908
vt 0.300676 0.249177
vt 0.300201 0.246054
vt 0.300664 0.246018
vt 0.300121 0.249236
vt 0.299767 0.246024
vt 0.299333 0.249177
vt 0.299223 0.246022
vt 0.298765 0.246050
vt 0.298574 0.249174
vt 0.298364 0.246018
vt 0.298149 0.249227
vt 0.298346 0.222879
vt 0.298465 0.226087
vt 0.298149 0.226090
vt 0.298789 0.222932
vt 0.289063 0.293384
vt 0.290180 0.293462
vt 0.289650 0.293586
vt 0.290271 0.293783
vt 0.288707 0.296277
vt 0.288073 0.295553
vt 0.288487 0.295754
vt 0.288218 0.295169
vt 0.289720 0.296519
vt 0.288991 0.296156
vt 0.289078 0.293661
vt 0.288217 0.293981
vt 0.288505 0.294061
vt 0.287983 0.294629
vt 0.288245 0.294596
vt 0.289743 0.296264
vt 0.291006 0.295530
vt 0.290733 0.296050
vt 0.290761 0.295492
vt 0.290420 0.295947
vt 0.291126 0.294668
vt 0.290893 0.294887
vt 0.290938 0.294065
vt 0.290727 0.294286
vt 0.281983 0.333169
vt 0.281852 0.333008
vt 0.282340 0.333237
vt 0.281272 0.333204
vt 0.280966 0.333292
vt 0.281360 0.333048
vt 0.282506 0.333678
vt 0.282634 0.333688
vt 0.282347 0.333410
vt 0.281680 0.333114
vt 0.280974 0.333464
vt 0.280698 0.333744
vt 0.282092 0.334785
vt 0.282634 0.334379
vt 0.282044 0.334954
vt 0.282454 0.334449
vt 0.280804 0.333826
vt 0.280838 0.334288
vt 0.280757 0.334450
vt 0.281023 0.334606
vt 0.281298 0.334941
vt 0.281387 0.334841
vt 0.281753 0.334881
vt 0.282564 0.334020
vt 0.349162 0.251961
vt 0.349161 0.251463
vt 0.349597 0.251790
vt 0.349597 0.252183
vt 0.349159 0.252532
vt 0.349596 0.252520
vt 0.349160 0.330752
vt 0.349597 0.330755
vt 0.349599 0.331023
vt 0.349159 0.331370
vt 0.349594 0.331457
vt 0.349160 0.331814
vt 0.349599 0.331751
vt 0.349598 0.332014
vt 0.349159 0.186014
vt 0.349596 0.185839
vt 0.349598 0.186179
vt 0.349160 0.185623
vt 0.349596 0.185203
vt 0.349160 0.185131
vt 0.349162 0.184832
vt 0.349598 0.184695
vt 0.349597 0.268767
vt 0.349162 0.268929
vt 0.349159 0.268635
vt 0.349597 0.268279
vt 0.349160 0.268209
vt 0.349597 0.267821
vt 0.349159 0.267856
vt 0.349162 0.267514
vt 0.349596 0.251406
vt 0.349159 0.251112
vt 0.349530 0.308075
vt 0.349831 0.307299
vt 0.349741 0.308199
vt 0.349159 0.307283
vt 0.349167 0.308041
vt 0.342241 0.275516
vt 0.341480 0.276689
vt 0.341475 0.275509
vt 0.342241 0.276676
vt 0.333500 0.189317
vt 0.334258 0.187337
vt 0.334258 0.189323
vt 0.333492 0.187363
vt 0.188284 0.344106
vt 0.188441 0.343912
vt 0.188441 0.345907
vt 0.188194 0.343981
vt 0.187241 0.343945
vt 0.188117 0.344095
vt 0.188235 0.345242
vt 0.188135 0.344359
vt 0.188270 0.344335
vt 0.188200 0.344244
vt 0.188072 0.345901
vt 0.240722 0.373105
vt 0.241270 0.373757
vt 0.240722 0.373903
vt 0.341475 0.193574
vt 0.342246 0.193576
vt 0.342246 0.194195
vt 0.342246 0.193036
vt 0.341475 0.192920
vt 0.137763 0.364054
vt 0.136993 0.364510
vt 0.136991 0.363931
vt 0.137765 0.364788
vt 0.136993 0.365161
vt 0.137762 0.365689
vt 0.136991 0.365689
vt 0.260654 0.354183
vt 0.259881 0.354758
vt 0.259882 0.354199
vt 0.260652 0.354772
vt 0.260652 0.355571
vt 0.259880 0.355346
vt 0.259881 0.355900
vt 0.260654 0.356367
vt 0.259882 0.356373
vt 0.157230 0.374093
vt 0.157230 0.373105
vt 0.157692 0.373475
vt 0.136061 0.345163
vt 0.136268 0.344472
vt 0.137021 0.343912
vt 0.136239 0.345946
vt 0.137021 0.346523
vt 0.349374 0.323337
vt 0.349159 0.324100
vt 0.349159 0.322571
vt 0.349831 0.308356
vt 0.232606 0.334278
vt 0.316927 0.161572
vt 0.233146 0.334313
vt 0.317373 0.161546
vt 0.318093 0.161586
vt 0.187432 0.344287
vt 0.187765 0.344384
vt 0.187882 0.344724
vt 0.188054 0.344802
vt 0.188065 0.345216
vt 0.318043 0.161462
vt 0.187212 0.344087
vt 0.187004 0.344286
vt 0.371270 0.352535
vt 0.371059 0.352595
vt 0.371059 0.352244
vt 0.164565 0.374118
vt 0.164761 0.373105
vt 0.164761 0.374114
vt 0.164525 0.373338
vt 0.164344 0.374128
vt 0.164381 0.373366
vt 0.371059 0.288703
vt 0.371154 0.289044
vt 0.371059 0.289227
vt 0.316927 0.151831
vt 0.291026 0.275147
vt 0.299878 0.293962
vt 0.287938 0.274413
vt 0.288648 0.275668
vt 0.289900 0.275938
vt 0.288526 0.296258
vt 0.300417 0.259149
vt 0.287938 0.295413
vt 0.299296 0.290700
vt 0.287938 0.294464
vt 0.288535 0.293603
vt 0.300336 0.222850
vt 0.289160 0.293302
vt 0.289958 0.293308
vt 0.299242 0.222849
vt 0.290600 0.293640
vt 0.291165 0.294563
vt 0.298686 0.249255
vt 0.291166 0.295348
vt 0.299550 0.249256
vt 0.290170 0.296476
vt 0.298572 0.259152
vt 0.289330 0.296577
vt 0.299612 0.259152
vt 0.179809 0.365155
vt 0.179830 0.365915
vt 0.179711 0.365928
vt 0.179817 0.366453
vt 0.186487 0.365922
vt 0.186589 0.365746
vt 0.186590 0.366439
vt 0.186482 0.365335
vt 0.186589 0.364846
vt 0.186487 0.364715
vt 0.186590 0.364083
vt 0.186490 0.363931
vt 0.349159 0.227194
vt 0.349264 0.226731
vt 0.349259 0.227343
vt 0.349161 0.226554
vt 0.349266 0.226053
vt 0.349159 0.226010
vt 0.349241 0.225496
vt 0.371059 0.217224
vt 0.371157 0.216964
vt 0.371157 0.217540
vt 0.356857 0.250560
vt 0.356857 0.251172
vt 0.356747 0.250809
vt 0.356761 0.251639
vt 0.303625 0.373649
vt 0.303517 0.373752
vt 0.303532 0.373105
vt 0.303625 0.374146
vt 0.303519 0.374294
vt 0.179822 0.363931
vt 0.179805 0.364378
vt 0.179715 0.364036
vt 0.179712 0.364571
vt 0.179711 0.365132
vt 0.299225 0.154812
vt 0.298578 0.154435
vt 0.299858 0.154858
vt 0.300448 0.154666
vt 0.301054 0.154003
vt 0.301193 0.153295
vt 0.301077 0.152762
vt 0.300519 0.152057
vt 0.299818 0.151797
vt 0.298833 0.152031
vt 0.298421 0.152418
vt 0.298149 0.152959
vt 0.298164 0.153763
vt 0.286581 0.319316
vt 0.285408 0.319559
vt 0.285954 0.319114
vt 0.284331 0.320344
vt 0.284545 0.319813
vt 0.285187 0.319875
vt 0.285241 0.319772
vt 0.285250 0.319584
vt 0.285320 0.319878
vt 0.285093 0.319315
vt 0.285381 0.319688
vt 0.285726 0.320394
vt 0.285357 0.320692
vt 0.286662 0.320538
vt 0.286197 0.320324
vt 0.285197 0.321172
vt 0.284331 0.321030
vt 0.284672 0.321701
vt 0.285393 0.321779
vt 0.285362 0.322161
vt 0.285967 0.322078
vt 0.286275 0.322177
vt 0.287347 0.320308
vt 0.286970 0.321094
vt 0.287380 0.320880
vt 0.287076 0.319729
vt 0.286432 0.322004
vt 0.286797 0.321712
vt 0.287080 0.321641
vt 0.300826 0.152299
vt 0.299337 0.151797
vt 0.308568 0.152149
vt 0.307845 0.151931
vt 0.308392 0.151797
vt 0.307845 0.155198
vt 0.308490 0.155006
vt 0.308634 0.155180
vt 0.309002 0.154593
vt 0.309411 0.154407
vt 0.309381 0.153735
vt 0.309571 0.153316
vt 0.309168 0.152764
vt 0.309253 0.152500
vt 0.163679 0.388884
vt 0.163679 0.389474
vt 0.163494 0.388950
vt 0.163468 0.389508
vt 0.158733 0.366297
vt 0.158760 0.365901
vt 0.158942 0.366272
vt 0.158941 0.365742
vt 0.158729 0.365288
vt 0.158940 0.364816
vt 0.158756 0.364530
vt 0.158942 0.363931
vt 0.158760 0.363933
vt 0.349193 0.260849
vt 0.349159 0.260296
vt 0.349375 0.260862
vt 0.349375 0.260112
vt 0.349190 0.259750
vt 0.349372 0.259356
vt 0.349161 0.259184
vt 0.180658 0.322133
vt 0.180004 0.322355
vt 0.181280 0.321381
vt 0.180881 0.319451
vt 0.181471 0.320436
vt 0.179928 0.319174
vt 0.178908 0.319424
vt 0.178300 0.320355
vt 0.178436 0.321306
vt 0.179217 0.322205
vt 0.181464 0.321135
vt 0.181308 0.319932
vt 0.180199 0.319114
vt 0.178756 0.321910
vt 0.181138 0.321761
vt 0.292956 0.389280
vt 0.292895 0.389586
vt 0.292895 0.388884
vt 0.158697 0.364326
vt 0.179492 0.319138
vt 0.178517 0.319823
vt 0.178300 0.321224
vt 0.147581 0.236431
vt 0.146264 0.267506
vt 0.146257 0.236219
vt 0.147581 0.267227
vt 0.129100 0.268850
vt 0.129098 0.268206
vt 0.130419 0.268643
vt 0.130417 0.267948
vt 0.129097 0.267372
vt 0.130419 0.267315
vt 0.147581 0.267839
vt 0.146259 0.268220
vt 0.147580 0.268678
vt 0.146261 0.268736
vt 0.309571 0.182673
vt 0.308249 0.183359
vt 0.308251 0.182743
vt 0.309568 0.183666
vt 0.308249 0.184368
vt 0.309568 0.184871
vt 0.308249 0.185274
vt 0.309571 0.185661
vt 0.308252 0.185933
vt 0.130408 0.236116
vt 0.129097 0.236283
vt 0.147580 0.235068
vt 0.146263 0.235445
vt 0.146261 0.234903
vt 0.147581 0.235710
vt 0.129098 0.235563
vt 0.130423 0.235120
vt 0.129100 0.234903
vt 0.307845 0.204724
vt 0.309165 0.204260
vt 0.309167 0.204940
vt 0.307848 0.204051
vt 0.309166 0.203590
vt 0.307849 0.203330
vt 0.309172 0.202733
vt 0.307848 0.202429
vt 0.309165 0.201902
vt 0.307845 0.201713
vt 0.140836 0.200600
vt 0.140643 0.195330
vt 0.141852 0.199585
vt 0.140826 0.219711
vt 0.144099 0.220901
vt 0.144282 0.226305
vt 0.143083 0.221916
vt 0.144109 0.201790
vt 0.144294 0.195190
vt 0.142860 0.224365
vt 0.141442 0.221517
vt 0.141839 0.221915
vt 0.143846 0.202004
vt 0.141089 0.219498
vt 0.143489 0.199980
vt 0.140699 0.226614
vt 0.143711 0.224911
vt 0.141533 0.196870
vt 0.142183 0.197131
vt 0.142814 0.197129
vt 0.143533 0.196785
vt 0.143096 0.199586
vt 0.140960 0.225287
vt 0.140829 0.226094
vt 0.144039 0.225567
vt 0.144079 0.226203
vt 0.141049 0.196321
vt 0.141699 0.224503
vt 0.140834 0.195599
vt 0.144019 0.196084
vt 0.144103 0.195393
vt 0.141359 0.194327
vt 0.140842 0.194633
vt 0.141575 0.193893
vt 0.140974 0.194887
vt 0.143934 0.194783
vt 0.143954 0.194388
vt 0.143386 0.194150
vt 0.143251 0.193846
vt 0.142556 0.193892
vt 0.142541 0.193672
vt 0.141942 0.193983
vt 0.143473 0.227265
vt 0.143883 0.226769
vt 0.143901 0.227165
vt 0.141105 0.226928
vt 0.141388 0.227499
vt 0.141998 0.227564
vt 0.142170 0.227801
vt 0.142986 0.227759
vt 0.142838 0.227563
vt 0.208751 0.156256
vt 0.208750 0.158504
vt 0.208153 0.151933
vt 0.208130 0.182722
vt 0.212610 0.151797
vt 0.212015 0.176334
vt 0.212025 0.157272
vt 0.212610 0.182928
vt 0.212014 0.178582
vt 0.211954 0.181337
vt 0.212390 0.182247
vt 0.208840 0.181276
vt 0.208345 0.182298
vt 0.209755 0.178581
vt 0.210478 0.180586
vt 0.209572 0.180765
vt 0.211322 0.180836
vt 0.208741 0.177566
vt 0.211008 0.178572
vt 0.211747 0.184171
vt 0.212340 0.183779
vt 0.211707 0.184459
vt 0.212326 0.183267
vt 0.208218 0.183335
vt 0.208436 0.183283
vt 0.208798 0.183934
vt 0.208716 0.184177
vt 0.209342 0.184402
vt 0.209716 0.184821
vt 0.210033 0.184650
vt 0.210921 0.184840
vt 0.210811 0.184640
vt 0.325316 0.172042
vt 0.325823 0.171532
vt 0.325824 0.172547
vt 0.325316 0.171182
vt 0.325825 0.170599
vt 0.325318 0.170437
vt 0.316927 0.325634
vt 0.317437 0.325152
vt 0.317433 0.325771
vt 0.316931 0.324855
vt 0.317439 0.324315
vt 0.316932 0.323936
vt 0.325827 0.206454
vt 0.325317 0.206886
vt 0.325320 0.206347
vt 0.325824 0.207181
vt 0.325316 0.207574
vt 0.325823 0.208341
vt 0.325316 0.208352
vt 0.325319 0.209293
vt 0.325827 0.209297
vt 0.325318 0.173399
vt 0.325316 0.172792
vt 0.325825 0.173417
vt 0.317439 0.323404
vt 0.316930 0.323189
vt 0.317435 0.322660
vt 0.316927 0.322551
vt 0.325823 0.311370
vt 0.325316 0.312262
vt 0.325316 0.311237
vt 0.325824 0.312263
vt 0.325824 0.313247
vt 0.325316 0.313247
vt 0.325316 0.313896
vt 0.325823 0.314019
vt 0.213384 0.306411
vt 0.212312 0.306335
vt 0.214692 0.305582
vt 0.214113 0.306120
vt 0.215012 0.303927
vt 0.215025 0.304785
vt 0.214599 0.303096
vt 0.213862 0.302535
vt 0.213096 0.302363
vt 0.212283 0.302485
vt 0.211491 0.303041
vt 0.211024 0.303909
vt 0.211024 0.304823
vt 0.211380 0.305634
vt 0.268517 0.343912
vt 0.269770 0.345616
vt 0.268517 0.345637
vt 0.269761 0.343912
vt 0.219262 0.234853
vt 0.220991 0.253888
vt 0.219265 0.253888
vt 0.220970 0.234807
vt 0.285424 0.345637
vt 0.284171 0.343933
vt 0.285424 0.343912
vt 0.284180 0.345637
vt 0.237751 0.171873
vt 0.236025 0.152807
vt 0.237751 0.152807
vt 0.236043 0.171919
vt 0.252294 0.151797
vt 0.250677 0.171316
vt 0.250713 0.151814
vt 0.252294 0.171353
vt 0.236025 0.251255
vt 0.237631 0.231611
vt 0.237606 0.251234
vt 0.236025 0.231580
vt 0.209757 0.156265
vt 0.209404 0.156615
vt 0.208852 0.156355
vt 0.211360 0.178218
vt 0.211912 0.178478
vt 0.208946 0.158652
vt 0.211819 0.176180
vt 0.236026 0.151797
vt 0.237751 0.151797
vt 0.220988 0.254959
vt 0.219262 0.254959
vt 0.270131 0.345533
vt 0.270169 0.343917
vt 0.283814 0.344015
vt 0.283782 0.345622
vt 0.349420 0.153491
vt 0.349159 0.153505
vt 0.349353 0.151910
vt 0.349159 0.151797
vt 0.349159 0.168694
vt 0.349417 0.168681
vt 0.349225 0.170275
vt 0.349417 0.170388
vt 0.145855 0.267471
vt 0.145855 0.236356
vt 0.140855 0.227571
vt 0.140373 0.226848
vt 0.130824 0.267697
vt 0.144685 0.226340
vt 0.144436 0.227055
vt 0.144045 0.227573
vt 0.143424 0.228023
vt 0.307845 0.183802
vt 0.142411 0.228244
vt 0.307845 0.184618
vt 0.141508 0.228022
vt 0.143855 0.193741
vt 0.144354 0.194281
vt 0.144685 0.195053
vt 0.140270 0.194958
vt 0.130825 0.235760
vt 0.140809 0.193991
vt 0.141502 0.193494
vt 0.142178 0.193289
vt 0.309572 0.203220
vt 0.143035 0.193333
vt 0.309570 0.202505
vt 0.130824 0.236468
vt 0.140219 0.226205
vt 0.129197 0.381204
vt 0.129197 0.382210
vt 0.129097 0.381307
vt 0.171675 0.355474
vt 0.171369 0.355821
vt 0.171370 0.355008
vt 0.171679 0.356411
vt 0.171370 0.356638
vt 0.171677 0.356983
vt 0.252920 0.356450
vt 0.253225 0.355949
vt 0.253229 0.356849
vt 0.252922 0.355862
vt 0.252920 0.355242
vt 0.333796 0.161010
vt 0.333797 0.161477
vt 0.333492 0.160952
vt 0.333495 0.161816
vt 0.333801 0.162024
vt 0.333797 0.162682
vt 0.333492 0.162973
vt 0.333791 0.163442
vt 0.171673 0.354592
vt 0.171373 0.354183
vt 0.253226 0.355108
vt 0.252924 0.354687
vt 0.253229 0.354478
vt 0.252925 0.354183
vt 0.333593 0.198062
vt 0.333899 0.197877
vt 0.333899 0.198371
vt 0.333597 0.197435
vt 0.333899 0.197312
vt 0.333595 0.196607
vt 0.333899 0.196676
vt 0.333899 0.196018
vt 0.333595 0.195975
vt 0.205207 0.321591
vt 0.204965 0.320607
vt 0.207911 0.321339
vt 0.205985 0.322172
vt 0.206815 0.322232
vt 0.207499 0.321885
vt 0.207734 0.319812
vt 0.208029 0.320499
vt 0.207153 0.319315
vt 0.206023 0.319236
vt 0.205231 0.319858
vt 0.267613 0.355418
vt 0.267305 0.355595
vt 0.267305 0.354877
vt 0.267611 0.356286
vt 0.267306 0.356304
vt 0.267308 0.356825
vt 0.267611 0.356756
vt 0.221534 0.366007
vt 0.221531 0.365522
vt 0.221837 0.365930
vt 0.221835 0.365277
vt 0.221526 0.364754
vt 0.178532 0.354759
vt 0.178835 0.354233
vt 0.178835 0.354868
vt 0.178529 0.354183
vt 0.242560 0.364009
vt 0.242257 0.364767
vt 0.242254 0.363931
vt 0.242565 0.365033
vt 0.242256 0.365378
vt 0.242557 0.365825
vt 0.242254 0.365952
vt 0.267609 0.354183
vt 0.267613 0.354692
vt 0.267306 0.354296
vt 0.221835 0.364646
vt 0.221533 0.364068
vt 0.221837 0.363931
vt 0.178532 0.356962
vt 0.178527 0.356381
vt 0.178835 0.356868
vt 0.178835 0.356169
vt 0.178529 0.355462
vt 0.178835 0.355479
vt 0.216688 0.322217
vt 0.215435 0.321991
vt 0.214783 0.320923
vt 0.217609 0.321557
vt 0.217866 0.320671
vt 0.217573 0.319783
vt 0.216693 0.319181
vt 0.215703 0.319285
vt 0.214999 0.319897
vt 0.267713 0.355563
vt 0.217380 0.321956
vt 0.267714 0.356572
vt 0.217945 0.320906
vt 0.217777 0.321434
vt 0.221429 0.365276
vt 0.178428 0.354477
vt 0.214758 0.320174
vt 0.242662 0.364751
vt 0.214758 0.321215
vt 0.215250 0.321930
vt 0.267714 0.354358
vt 0.215812 0.322246
vt 0.216557 0.322322
vt 0.217868 0.320139
vt 0.221429 0.364349
vt 0.217460 0.319519
vt 0.216779 0.319114
vt 0.178428 0.356283
vt 0.215842 0.319125
vt 0.178428 0.355293
vt 0.215204 0.319507
vt 0.206331 0.322357
vt 0.171776 0.355956
vt 0.207272 0.322180
vt 0.171776 0.356632
vt 0.207856 0.321635
vt 0.252820 0.356155
vt 0.208106 0.321042
vt 0.252820 0.355318
vt 0.205355 0.319566
vt 0.333899 0.161302
vt 0.205018 0.320036
vt 0.333900 0.162048
vt 0.204947 0.321242
vt 0.333898 0.163034
vt 0.205456 0.321997
vt 0.171776 0.355125
vt 0.207898 0.319871
vt 0.208106 0.320421
vt 0.207436 0.319377
vt 0.333493 0.197782
vt 0.206799 0.319114
vt 0.333492 0.196656
vt 0.205972 0.319161
vt 0.139201 0.236416
vt 0.137884 0.267535
vt 0.137875 0.236255
vt 0.139201 0.267312
vt 0.154233 0.268626
vt 0.155552 0.268189
vt 0.155551 0.268703
vt 0.154233 0.267541
vt 0.155558 0.267481
vt 0.139202 0.267841
vt 0.137885 0.268284
vt 0.139203 0.268601
vt 0.137884 0.268805
vt 0.307851 0.176021
vt 0.307847 0.175408
vt 0.309169 0.175803
vt 0.309169 0.175236
vt 0.307845 0.174715
vt 0.309162 0.174561
vt 0.307845 0.173779
vt 0.309168 0.173685
vt 0.307847 0.172697
vt 0.309166 0.172815
vt 0.155550 0.235936
vt 0.154233 0.236283
vt 0.139203 0.235058
vt 0.137882 0.235492
vt 0.137881 0.234903
vt 0.139201 0.235705
vt 0.154233 0.235597
vt 0.155552 0.235046
vt 0.154233 0.234903
vt 0.309567 0.211728
vt 0.308246 0.212181
vt 0.308247 0.211592
vt 0.309572 0.212586
vt 0.308251 0.212829
vt 0.308260 0.213681
vt 0.309574 0.213841
vt 0.308250 0.214608
vt 0.309571 0.214787
vt 0.197603 0.159121
vt 0.197406 0.153829
vt 0.198618 0.158106
vt 0.197609 0.178228
vt 0.200883 0.179415
vt 0.201081 0.184689
vt 0.199868 0.180430
vt 0.200877 0.160307
vt 0.201075 0.153913
vt 0.199020 0.182865
vt 0.198226 0.180032
vt 0.198624 0.180430
vt 0.200614 0.160521
vt 0.197872 0.178014
vt 0.200256 0.158498
vt 0.197435 0.184859
vt 0.199862 0.158105
vt 0.199478 0.155665
vt 0.200089 0.155441
vt 0.200401 0.183328
vt 0.199786 0.182944
vt 0.198703 0.155596
vt 0.197973 0.155098
vt 0.200587 0.154976
vt 0.197936 0.183510
vt 0.197677 0.184053
vt 0.200736 0.183826
vt 0.200881 0.184407
vt 0.197633 0.184856
vt 0.198397 0.183098
vt 0.200839 0.154369
vt 0.197589 0.154161
vt 0.198267 0.152723
vt 0.197775 0.153316
vt 0.198110 0.152570
vt 0.197574 0.153233
vt 0.200803 0.153493
vt 0.200913 0.153195
vt 0.200211 0.152728
vt 0.199965 0.152323
vt 0.199631 0.152466
vt 0.199020 0.152424
vt 0.198944 0.152213
vt 0.200174 0.185839
vt 0.200724 0.185214
vt 0.200777 0.185594
vt 0.197755 0.185596
vt 0.198101 0.185660
vt 0.198453 0.186169
vt 0.198656 0.186010
vt 0.199396 0.186128
vt 0.199570 0.186339
vt 0.174150 0.199561
vt 0.174153 0.201810
vt 0.173556 0.195117
vt 0.173571 0.226062
vt 0.178019 0.195251
vt 0.177445 0.219639
vt 0.177425 0.200573
vt 0.178019 0.226510
vt 0.177448 0.221887
vt 0.174565 0.197133
vt 0.175320 0.197498
vt 0.176409 0.199559
vt 0.175367 0.223934
vt 0.174502 0.224390
vt 0.175189 0.221890
vt 0.174090 0.196641
vt 0.177329 0.224546
vt 0.177803 0.225481
vt 0.174173 0.220876
vt 0.173992 0.225015
vt 0.173790 0.225735
vt 0.176177 0.197501
vt 0.175154 0.199572
vt 0.176442 0.221879
vt 0.176428 0.224000
vt 0.176873 0.197226
vt 0.177469 0.196658
vt 0.173795 0.195958
vt 0.177809 0.195805
vt 0.173779 0.195062
vt 0.177299 0.227357
vt 0.177811 0.226452
vt 0.177388 0.227599
vt 0.173849 0.226521
vt 0.173650 0.226596
vt 0.174066 0.227381
vt 0.174259 0.227268
vt 0.174912 0.227789
vt 0.174674 0.227894
vt 0.175364 0.228160
vt 0.175837 0.227997
vt 0.176300 0.228166
vt 0.176647 0.227811
vt 0.174659 0.193798
vt 0.174145 0.194283
vt 0.174291 0.193799
vt 0.173806 0.194419
vt 0.177704 0.194780
vt 0.177845 0.194567
vt 0.177257 0.194092
vt 0.177348 0.193876
vt 0.176489 0.193566
vt 0.176503 0.193342
vt 0.175249 0.193289
vt 0.175426 0.193482
vt 0.232792 0.345855
vt 0.233299 0.345129
vt 0.233299 0.346100
vt 0.232792 0.344617
vt 0.233299 0.344191
vt 0.232791 0.343912
vt 0.325825 0.161167
vt 0.325320 0.161717
vt 0.325316 0.160803
vt 0.325827 0.161909
vt 0.325319 0.162780
vt 0.150837 0.346794
vt 0.151343 0.346418
vt 0.151346 0.347077
vt 0.150834 0.345734
vt 0.151342 0.345490
vt 0.150835 0.344679
vt 0.151343 0.344683
vt 0.151346 0.344036
vt 0.150839 0.343912
vt 0.232791 0.346859
vt 0.233299 0.347002
vt 0.325827 0.162973
vt 0.325316 0.163633
vt 0.325822 0.163785
vt 0.144182 0.344066
vt 0.143673 0.344564
vt 0.143675 0.343912
vt 0.144181 0.344736
vt 0.143673 0.345294
vt 0.144180 0.345566
vt 0.143673 0.346075
vt 0.144181 0.346311
vt 0.143674 0.346799
vt 0.144182 0.347080
vt 0.243576 0.305924
vt 0.243004 0.305020
vt 0.245544 0.306391
vt 0.244445 0.306390
vt 0.246965 0.304800
vt 0.246584 0.305681
vt 0.246965 0.303999
vt 0.246506 0.303037
vt 0.245673 0.302500
vt 0.244907 0.302363
vt 0.244095 0.302561
vt 0.243470 0.303016
vt 0.242971 0.303884
vt 0.208288 0.334252
vt 0.209999 0.333008
vt 0.210013 0.334261
vt 0.208295 0.333008
vt 0.250695 0.178049
vt 0.252402 0.197116
vt 0.250677 0.197115
vt 0.252402 0.178005
vt 0.218393 0.334046
vt 0.216686 0.335290
vt 0.216667 0.334035
vt 0.218385 0.335289
vt 0.252402 0.222804
vt 0.250677 0.203768
vt 0.252402 0.203769
vt 0.250695 0.222849
vt 0.237730 0.205156
vt 0.236035 0.224509
vt 0.236150 0.205162
vt 0.237652 0.224555
vt 0.236025 0.198504
vt 0.237704 0.178962
vt 0.237605 0.198493
vt 0.236098 0.178923
vt 0.174804 0.199922
vt 0.174251 0.199663
vt 0.176793 0.221527
vt 0.177346 0.221786
vt 0.174348 0.201961
vt 0.177249 0.219488
vt 0.216667 0.333008
vt 0.218393 0.333019
vt 0.210015 0.335301
vt 0.208290 0.335292
vt 0.236025 0.224929
vt 0.237730 0.224928
vt 0.237724 0.178570
vt 0.236025 0.178574
vt 0.341475 0.333355
vt 0.341740 0.333338
vt 0.341543 0.334935
vt 0.341740 0.335046
vt 0.341743 0.326669
vt 0.341475 0.326686
vt 0.341675 0.325089
vt 0.341475 0.324979
vt 0.137477 0.267378
vt 0.137477 0.236644
vt 0.197795 0.186210
vt 0.197350 0.185694
vt 0.197041 0.184985
vt 0.201478 0.184815
vt 0.201222 0.185580
vt 0.200783 0.186127
vt 0.200220 0.186515
vt 0.309573 0.174586
vt 0.198671 0.186676
vt 0.309573 0.173472
vt 0.200543 0.152191
vt 0.201085 0.152750
vt 0.137477 0.235918
vt 0.201436 0.153494
vt 0.197041 0.153446
vt 0.197536 0.152558
vt 0.198113 0.152082
vt 0.198755 0.151840
vt 0.307845 0.213008
vt 0.199606 0.151797
vt 0.307845 0.214026
vt 0.155958 0.236308
vt 0.155958 0.267344
vt 0.313469 0.366179
vt 0.313469 0.363931
vt 0.313570 0.364033
vt 0.172959 0.364589
vt 0.172653 0.365278
vt 0.172653 0.364475
vt 0.172956 0.365161
vt 0.172962 0.365921
vt 0.172653 0.366081
vt 0.238279 0.354183
vt 0.238272 0.354929
vt 0.237970 0.354339
vt 0.237967 0.354889
vt 0.237966 0.355627
vt 0.238271 0.355662
vt 0.296383 0.354830
vt 0.296393 0.354183
vt 0.296696 0.354314
vt 0.317446 0.356571
vt 0.317751 0.356101
vt 0.317748 0.356705
vt 0.317449 0.355785
vt 0.317752 0.355336
vt 0.317447 0.354814
vt 0.317751 0.354708
vt 0.317748 0.354237
vt 0.317444 0.354183
vt 0.172956 0.364002
vt 0.172653 0.363931
vt 0.238269 0.356259
vt 0.237968 0.356409
vt 0.238285 0.356863
vt 0.296381 0.356394
vt 0.296695 0.356215
vt 0.296696 0.356808
vt 0.296393 0.355588
vt 0.296694 0.355419
vt 0.296695 0.354830
vt 0.235244 0.319370
vt 0.234373 0.320804
vt 0.234656 0.319895
vt 0.235700 0.322303
vt 0.234748 0.321734
vt 0.236978 0.321917
vt 0.237473 0.320876
vt 0.237214 0.319872
vt 0.236280 0.319221
vt 0.333798 0.153110
vt 0.333798 0.153827
vt 0.333492 0.153291
vt 0.333492 0.154226
vt 0.333799 0.154299
vt 0.303656 0.354268
vt 0.303649 0.354743
vt 0.303349 0.354183
vt 0.303348 0.354907
vt 0.303654 0.355411
vt 0.303350 0.355681
vt 0.289327 0.354371
vt 0.289636 0.354183
vt 0.289635 0.354980
vt 0.165692 0.366086
vt 0.165694 0.365328
vt 0.166001 0.365874
vt 0.166001 0.365301
vt 0.165999 0.364691
vt 0.165629 0.364680
vt 0.165691 0.364007
vt 0.165995 0.363931
vt 0.333797 0.151797
vt 0.333795 0.152382
vt 0.333492 0.151849
vt 0.333492 0.152445
vt 0.303688 0.355931
vt 0.303353 0.356295
vt 0.303658 0.356415
vt 0.303357 0.356798
vt 0.289333 0.356812
vt 0.289330 0.356280
vt 0.289636 0.356449
vt 0.289635 0.355857
vt 0.289333 0.355335
vt 0.151254 0.319469
vt 0.149588 0.322057
vt 0.150870 0.319219
vt 0.149700 0.319336
vt 0.148985 0.320107
vt 0.148856 0.320782
vt 0.149038 0.321495
vt 0.150939 0.322205
vt 0.150157 0.322340
vt 0.151719 0.321531
vt 0.151919 0.320772
vt 0.151780 0.320095
vt 0.333899 0.153213
vt 0.148755 0.320676
vt 0.148834 0.321242
vt 0.303755 0.354559
vt 0.149112 0.321769
vt 0.303755 0.355296
vt 0.165594 0.365871
vt 0.151453 0.319501
vt 0.165594 0.365134
vt 0.150178 0.319114
vt 0.333900 0.152205
vt 0.148940 0.319969
vt 0.149443 0.319405
vt 0.149647 0.322201
vt 0.150687 0.322349
vt 0.289230 0.356581
vt 0.151369 0.322057
vt 0.289229 0.355658
vt 0.151954 0.321276
vt 0.289229 0.354880
vt 0.151954 0.320232
vt 0.173059 0.364538
vt 0.234447 0.321427
vt 0.173059 0.365535
vt 0.234954 0.322075
vt 0.238375 0.354833
vt 0.237195 0.319699
vt 0.236559 0.319234
vt 0.317343 0.356308
vt 0.235698 0.319114
vt 0.317345 0.355274
vt 0.234813 0.319539
vt 0.317343 0.354557
vt 0.234373 0.320245
vt 0.236551 0.322260
vt 0.238375 0.356168
vt 0.237504 0.321247
vt 0.296288 0.356032
vt 0.237527 0.320385
vt 0.296288 0.354998
vt 0.224984 0.319755
vt 0.225822 0.319217
vt 0.225233 0.321971
vt 0.224679 0.320435
vt 0.224698 0.321132
vt 0.227045 0.321996
vt 0.226303 0.322267
vt 0.227539 0.321450
vt 0.227721 0.320450
vt 0.227006 0.319400
vt 0.129522 0.321797
vt 0.129121 0.320792
vt 0.129478 0.319766
vt 0.130309 0.322245
vt 0.131068 0.322243
vt 0.131702 0.321891
vt 0.132117 0.321292
vt 0.132170 0.320350
vt 0.131713 0.319624
vt 0.131004 0.319242
vt 0.130195 0.319296
vt 0.129604 0.322006
vt 0.211867 0.381391
vt 0.211968 0.381204
vt 0.211968 0.382132
vt 0.130453 0.322380
vt 0.363949 0.351548
vt 0.364053 0.351299
vt 0.364053 0.352057
vt 0.131328 0.322265
vt 0.286141 0.389053
vt 0.286244 0.388884
vt 0.286244 0.389542
vt 0.131926 0.321800
vt 0.130649 0.319114
vt 0.371159 0.267643
vt 0.371059 0.267850
vt 0.371059 0.267304
vt 0.129979 0.319274
vt 0.129499 0.319621
vt 0.364050 0.329307
vt 0.363949 0.329936
vt 0.363949 0.329167
vt 0.129097 0.320281
vt 0.364050 0.233474
vt 0.363949 0.233861
vt 0.363949 0.233025
vt 0.129097 0.321211
vt 0.363949 0.314401
vt 0.364045 0.314243
vt 0.364045 0.315024
vt 0.177108 0.389081
vt 0.177209 0.388884
vt 0.177209 0.389623
vt 0.132269 0.321141
vt 0.132270 0.320419
vt 0.371160 0.238777
vt 0.371059 0.239212
vt 0.371059 0.238656
vt 0.131970 0.319733
vt 0.364051 0.299693
vt 0.363949 0.300190
vt 0.363949 0.299413
vt 0.131331 0.319258
vt 0.238519 0.389189
vt 0.238419 0.389564
vt 0.238419 0.388884
vt 0.224597 0.321181
vt 0.225028 0.321880
vt 0.371161 0.274662
vt 0.371059 0.275037
vt 0.371059 0.274502
vt 0.225570 0.322243
vt 0.197462 0.388946
vt 0.197563 0.388883
vt 0.197563 0.389607
vt 0.226415 0.322361
vt 0.252858 0.381380
vt 0.252961 0.381204
vt 0.252961 0.382106
vt 0.226514 0.319114
vt 0.364052 0.285243
vt 0.363949 0.285358
vt 0.363949 0.284560
vt 0.224991 0.319596
vt 0.225683 0.319168
vt 0.371158 0.159156
vt 0.371059 0.159696
vt 0.371059 0.159096
vt 0.224609 0.320287
vt 0.364050 0.247988
vt 0.363949 0.248653
vt 0.363949 0.247825
vt 0.227235 0.321986
vt 0.211261 0.389105
vt 0.211365 0.388884
vt 0.211365 0.389603
vt 0.227721 0.321310
vt 0.150475 0.373708
vt 0.150575 0.373774
vt 0.150578 0.374504
vt 0.150578 0.373105
vt 0.227565 0.319862
vt 0.227190 0.319442
vt 0.371059 0.231896
vt 0.371164 0.231446
vt 0.371164 0.232005
vt 0.245065 0.283889
vt 0.245989 0.284473
vt 0.244393 0.283774
vt 0.244345 0.283382
vt 0.243432 0.282633
vt 0.244273 0.276401
vt 0.243805 0.276473
vt 0.245133 0.275925
vt 0.198169 0.320817
vt 0.198210 0.322928
vt 0.242429 0.278424
vt 0.242548 0.278477
vt 0.242372 0.280478
vt 0.197893 0.320598
vt 0.219730 0.284683
vt 0.220348 0.284332
vt 0.220737 0.284346
vt 0.221307 0.283995
vt 0.221982 0.283281
vt 0.221871 0.283565
vt 0.223473 0.280552
vt 0.223333 0.279931
vt 0.223451 0.279582
vt 0.221530 0.283448
vt 0.223097 0.281522
vt 0.223100 0.280867
vt 0.223174 0.279864
vt 0.222815 0.277726
vt 0.222798 0.278057
vt 0.261333 0.320427
vt 0.261412 0.321832
vt 0.261226 0.321744
vt 0.261121 0.319657
vt 0.261271 0.319886
vt 0.245108 0.283776
vt 0.246031 0.284205
vt 0.261165 0.323750
vt 0.261304 0.322801
vt 0.261267 0.323940
vt 0.261204 0.322584
vt 0.261170 0.320376
vt 0.243067 0.281821
vt 0.243904 0.282885
vt 0.243690 0.282799
vt 0.316986 0.246555
vt 0.317138 0.246783
vt 0.317039 0.247414
vt 0.245904 0.284287
vt 0.317082 0.245377
vt 0.317113 0.246059
vt 0.242707 0.281454
vt 0.242692 0.280733
vt 0.242929 0.277874
vt 0.242719 0.278591
vt 0.243505 0.276990
vt 0.242865 0.277505
vt 0.243515 0.283032
vt 0.243080 0.282321
vt 0.243328 0.276718
vt 0.245342 0.275668
vt 0.245657 0.275766
vt 0.242598 0.277783
vt 0.244590 0.275943
vt 0.243931 0.276212
vt 0.244662 0.275806
vt 0.198070 0.319560
vt 0.198234 0.319114
vt 0.198295 0.319870
vt 0.317173 0.237348
vt 0.317327 0.236822
vt 0.317319 0.237498
vt 0.317198 0.236703
vt 0.198133 0.320180
vt 0.317085 0.235420
vt 0.317252 0.236045
vt 0.317079 0.236218
vt 0.317055 0.237361
vt 0.222628 0.282586
vt 0.222371 0.283110
vt 0.223249 0.281495
vt 0.223002 0.282074
vt 0.222584 0.277018
vt 0.223038 0.277727
vt 0.221847 0.276442
vt 0.221849 0.276264
vt 0.221109 0.275895
vt 0.219396 0.275668
vt 0.219928 0.275590
vt 0.220372 0.284144
vt 0.222205 0.282747
vt 0.222709 0.281971
vt 0.220650 0.275961
vt 0.222126 0.276893
vt 0.219358 0.284429
vt 0.129277 0.357099
vt 0.129097 0.356366
vt 0.129259 0.356230
vt 0.317258 0.373105
vt 0.317378 0.373451
vt 0.317258 0.374276
vt 0.356747 0.151797
vt 0.356870 0.152139
vt 0.356747 0.152941
vt 0.261569 0.322186
vt 0.261450 0.322821
vt 0.261449 0.319114
vt 0.261406 0.319804
vt 0.261311 0.319279
vt 0.221619 0.276552
vt 0.222166 0.277090
vt 0.221004 0.276216
vt 0.220228 0.275958
vt 0.129340 0.355190
vt 0.129164 0.355189
vt 0.129319 0.354183
vt 0.261499 0.320311
vt 0.317337 0.247176
vt 0.317273 0.246539
vt 0.317317 0.245757
vt 0.317210 0.245531
vt 0.357247 0.319164
vt 0.356747 0.318746
vt 0.357247 0.318555
vt 0.261174 0.319297
vt 0.129381 0.356010
vt 0.129473 0.356765
vt 0.317322 0.244884
vt 0.261121 0.325540
vt 0.261121 0.324840
vt 0.261227 0.324991
vt 0.317233 0.247775
vt 0.317423 0.248170
vt 0.317220 0.248139
vt 0.317191 0.247312
vt 0.261122 0.323304
vt 0.245411 0.276021
vt 0.242611 0.279922
vt 0.245992 0.275964
vt 0.242482 0.281145
vt 0.218580 0.344852
vt 0.218615 0.344257
vt 0.218701 0.345568
vt 0.242715 0.281908
vt 0.198265 0.325661
vt 0.198163 0.324453
vt 0.198295 0.324876
vt 0.218780 0.343912
vt 0.218813 0.344517
vt 0.218816 0.345273
vt 0.218819 0.346131
vt 0.218618 0.346366
vt 0.218839 0.346869
vt 0.198064 0.326096
vt 0.198099 0.325357
vt 0.198066 0.323519
vt 0.317236 0.235340
vt 0.218954 0.345193
vt 0.218975 0.345766
vt 0.218943 0.346343
vt 0.218944 0.344171
vt 0.197909 0.325604
vt 0.197965 0.325072
vt 0.197901 0.319848
vt 0.317145 0.238004
vt 0.317014 0.236612
vt 0.316927 0.238143
vt 0.316927 0.235421
vt 0.220739 0.275702
vt 0.129133 0.357071
vt 0.363949 0.255970
vt 0.364059 0.255305
vt 0.364059 0.256119
vt 0.356747 0.168009
vt 0.356858 0.167262
vt 0.356858 0.168406
vt 0.261548 0.323221
vt 0.222530 0.277583
vt 0.261357 0.325919
vt 0.261389 0.325028
vt 0.317367 0.247742
vt 0.129473 0.355141
vt 0.317133 0.244795
vt 0.316927 0.245619
vt 0.245234 0.284297
vt 0.246031 0.275590
vt 0.218580 0.347162
vt 0.198206 0.323630
vt 0.317353 0.236112
vt 0.317115 0.234656
vt 0.197960 0.324483
vt 0.170457 0.388883
vt 0.170457 0.389598
vt 0.170331 0.389347
vt 0.197917 0.323528
vt 0.219358 0.275871
vt 0.317423 0.244893
vt 0.261414 0.323964
s 1
g robotic_arm.004_brazoRobot
usemtl brazoRobot
f 4/1/1 2/2/2 1/3/2
f 5/4/2 4/1/1 1/3/2
f 6/5/3 5/4/2 1/3/2
f 8/6/4 6/5/3 1/3/2
f 9/7/2 8/6/4 1/3/2
f 10/8/2 9/7/2 1/3/2
f 14/9/2 13/10/2 1/3/2
f 15/11/5 14/9/2 1/3/2
f 16/12/1 15/11/5 1/3/2
f 17/13/4 16/12/1 1/3/2
f 19/14/3 17/13/4 1/3/2
f 20/15/3 19/14/3 1/3/2
f 21/16/1 20/15/3 1/3/2
f 23/17/1 21/16/1 1/3/2
f 24/18/2 23/17/1 1/3/2
f 26/19/2 24/18/2 1/3/2
f 27/20/2 26/19/2 1/3/2
f 2/2/2 27/20/2 1/3/2
f 89/21/6 88/22/6 105/23/6
f 142/24/7 139/25/7 141/26/7
f 142/24/8 137/27/8 139/25/8
f 142/28/9 138/29/9 137/30/9
f 143/31/10 138/29/10 142/28/10
f 143/31/11 136/32/11 138/29/11
f 143/31/12 144/33/12 136/32/12
f 144/33/13 157/34/13 136/32/13
f 148/35/14 135/36/14 149/37/14
f 148/35/15 150/38/15 135/36/15
f 148/35/16 140/39/16 150/38/16
f 144/40/17 158/41/17 153/42/17
f 144/33/18 143/31/18 158/43/18
f 143/44/19 152/45/19 158/46/19
f 142/47/20 152/45/20 143/44/20
f 141/26/21 152/48/21 142/24/21
f 141/49/22 151/50/22 152/51/22
f 140/52/23 151/53/23 141/54/23
f 140/55/24 156/56/24 151/57/24
f 140/39/25 148/35/25 156/58/25
f 146/59/26 155/60/26 147/61/26
f 146/59/27 154/62/27 155/60/27
f 146/59/28 159/63/28 154/62/28
f 145/64/29 159/65/29 146/66/29
f 145/67/30 160/68/30 159/69/30
f 266/70/31 161/71/32 173/72/33
f 250/73/34 173/72/33 161/71/32
f 164/74/35 247/75/35 162/76/35
f 163/77/36 266/70/31 173/72/33
f 247/75/37 166/78/38 162/76/39
f 165/79/40 164/74/40 162/76/40
f 166/78/38 167/80/41 162/76/39
f 165/79/42 162/76/43 169/81/44
f 168/82/45 261/83/45 174/84/45
f 167/80/41 262/85/46 162/76/39
f 167/80/47 170/86/47 262/85/47
f 175/87/48 248/88/48 169/81/48
f 260/89/49 261/83/50 168/82/51
f 170/86/52 173/72/52 262/85/52
f 170/86/53 163/77/36 173/72/33
f 248/88/54 165/79/42 169/81/44
f 171/90/55 169/81/56 249/91/57
f 250/73/58 258/92/58 259/93/58
f 250/73/59 172/94/59 258/92/59
f 172/94/60 261/83/60 258/92/60
f 172/94/61 174/84/61 261/83/61
f 259/93/62 173/72/62 250/73/62
f 259/93/63 260/89/63 173/72/63
f 260/89/64 169/81/64 173/72/64
f 260/89/49 168/82/51 169/81/65
f 168/82/66 249/91/57 169/81/56
f 176/95/67 169/81/68 171/90/69
f 176/95/67 175/87/70 169/81/68
f 194/96/71 179/97/71 177/98/71
f 179/97/72 178/99/72 177/98/72
f 179/97/73 180/100/73 178/99/73
f 180/100/74 181/101/74 178/99/74
f 181/101/75 182/102/75 178/99/75
f 181/103/76 183/104/76 182/105/76
f 181/103/77 185/106/77 183/104/77
f 185/106/78 184/107/78 183/104/78
f 185/106/79 187/108/79 184/107/79
f 187/108/80 186/109/80 184/107/80
f 187/110/81 196/111/81 186/112/81
f 187/110/82 188/113/82 196/111/82
f 188/113/83 189/114/83 196/111/83
f 188/113/84 190/115/84 189/114/84
f 190/115/85 191/116/85 189/114/85
f 190/117/86 192/118/86 191/119/86
f 192/118/87 193/120/87 191/119/87
f 192/118/88 194/121/88 193/120/88
f 194/121/89 195/122/89 193/120/89
f 194/121/90 177/123/90 195/122/90
f 191/124/91 186/125/91 189/126/92
f 196/127/93 189/126/92 186/125/91
f 183/128/94 184/129/95 186/125/91
f 182/130/96 183/128/94 186/125/91
f 178/131/91 182/130/96 186/125/91
f 178/131/91 186/125/91 177/132/91
f 195/133/96 177/132/91 186/125/91
f 193/134/97 195/133/96 186/125/91
f 193/134/97 186/125/91 191/124/91
f 268/135/98 279/136/98 208/137/98
f 206/138/99 209/139/99 279/136/99
f 268/135/100 208/137/100 197/140/100
f 271/141/101 268/142/101 197/143/101
f 197/143/102 198/144/103 271/141/104
f 198/144/103 273/145/105 271/141/104
f 198/144/106 199/146/106 273/145/106
f 198/144/107 200/147/108 199/146/109
f 275/148/110 199/146/109 200/147/108
f 278/149/111 275/148/111 200/147/111
f 200/147/112 211/150/112 278/149/112
f 210/151/113 201/152/113 281/153/113
f 269/154/114 211/150/115 281/153/116
f 269/154/117 278/149/117 211/150/117
f 202/155/118 281/153/118 201/152/118
f 201/152/119 283/156/119 202/155/119
f 201/152/120 204/157/120 283/156/120
f 203/158/121 283/156/121 204/157/121
f 204/157/122 282/159/122 203/158/122
f 204/157/123 205/160/123 282/159/123
f 279/161/124 282/159/125 205/160/126
f 205/160/126 206/162/127 279/161/124
f 230/163/128 207/164/128 229/165/128
f 230/163/129 208/137/129 207/164/129
f 208/137/130 209/139/130 207/164/130
f 208/137/131 279/136/131 209/139/131
f 211/150/115 210/151/132 281/153/116
f 211/150/133 212/166/133 210/151/133
f 211/150/134 213/167/134 212/166/134
f 213/168/135 215/169/135 212/170/135
f 213/168/136 214/171/136 215/169/136
f 214/171/137 217/172/137 215/169/137
f 217/172/138 216/173/138 215/169/138
f 217/172/139 218/174/139 216/173/139
f 218/174/140 219/175/140 216/173/140
f 218/174/141 221/176/141 219/175/141
f 221/177/142 220/178/142 219/179/142
f 221/177/143 223/180/143 220/178/143
f 223/180/144 222/181/144 220/178/144
f 223/180/145 224/182/145 222/181/145
f 224/182/146 225/183/146 222/181/146
f 224/182/147 226/184/147 225/183/147
f 226/184/148 228/185/148 225/183/148
f 226/186/149 227/187/149 228/188/149
f 227/187/150 229/165/150 228/188/150
f 227/187/151 230/163/151 229/165/151
f 227/189/152 226/190/153 231/191/154
f 226/190/153 232/192/155 231/191/154
f 226/190/153 224/193/156 232/192/155
f 224/193/156 233/194/156 232/192/155
f 224/193/156 223/195/157 233/194/156
f 223/195/157 234/196/157 233/194/156
f 223/195/157 221/197/154 234/196/157
f 221/197/154 235/198/158 234/196/157
f 221/197/154 218/199/159 235/198/158
f 218/199/159 236/200/153 235/198/158
f 218/199/159 217/201/160 236/200/153
f 217/201/160 237/202/161 236/200/153
f 217/201/160 214/203/162 237/202/161
f 214/203/162 238/204/163 237/202/161
f 214/203/162 213/205/164 238/204/163
f 213/205/164 239/206/165 238/204/163
f 213/205/164 240/207/164 239/206/165
f 213/205/164 211/208/164 240/207/164
f 211/208/164 241/209/165 240/207/164
f 211/208/164 200/210/153 241/209/165
f 200/210/153 242/211/153 241/209/165
f 200/210/153 198/212/166 242/211/153
f 198/212/166 243/213/167 242/211/153
f 198/212/166 197/214/168 243/213/167
f 197/214/168 244/215/159 243/213/167
f 197/214/168 208/216/159 244/215/159
f 208/216/159 245/217/165 244/215/159
f 208/216/159 230/218/165 245/217/165
f 230/218/165 246/219/155 245/217/165
f 230/218/165 231/191/154 246/219/155
f 230/218/165 227/189/152 231/191/154
f 220/220/91 222/221/91 192/222/91
f 222/221/91 194/223/91 192/222/91
f 222/221/91 225/224/91 194/223/91
f 225/224/91 228/225/91 194/223/91
f 228/225/91 179/226/91 194/223/91
f 228/225/91 229/227/91 179/226/91
f 229/227/91 207/228/91 179/226/91
f 207/228/91 180/229/91 179/226/91
f 207/228/91 209/230/91 180/229/91
f 209/230/91 181/231/91 180/229/91
f 209/230/91 206/232/91 181/231/91
f 206/232/91 205/233/91 181/231/91
f 205/233/91 204/234/91 181/231/91
f 204/234/91 185/235/91 181/231/91
f 204/234/91 201/236/169 185/235/91
f 201/236/169 210/237/91 185/235/91
f 210/237/91 187/238/91 185/235/91
f 210/237/91 212/239/91 187/238/91
f 212/239/91 215/240/91 187/238/91
f 215/240/91 188/241/91 187/238/91
f 215/240/91 216/242/91 188/241/91
f 216/242/91 190/243/91 188/241/91
f 216/242/91 219/244/91 190/243/91
f 219/244/91 192/222/91 190/243/91
f 219/244/91 220/220/91 192/222/91
f 250/245/170 161/246/170 231/247/170
f 161/246/171 246/248/171 231/247/171
f 161/246/172 266/249/172 246/248/172
f 266/249/173 245/250/173 246/248/173
f 266/249/174 163/251/174 245/250/174
f 163/251/175 244/252/175 245/250/175
f 163/251/176 170/253/176 244/252/176
f 170/253/177 167/254/177 244/252/177
f 167/255/178 243/256/178 244/257/178
f 167/255/179 166/258/179 243/256/179
f 166/258/180 242/259/180 243/256/180
f 166/258/181 247/260/181 242/259/181
f 247/260/182 164/261/182 242/259/182
f 164/261/183 241/262/183 242/259/183
f 164/261/184 165/263/184 241/262/184
f 165/263/185 240/264/185 241/262/185
f 165/263/186 248/265/186 240/264/186
f 248/266/187 239/267/187 240/268/187
f 248/266/188 238/269/188 239/267/188
f 248/266/189 175/270/189 238/269/189
f 175/270/190 237/271/190 238/269/190
f 175/270/191 176/272/191 237/271/191
f 176/272/192 236/273/192 237/271/192
f 176/272/193 171/274/193 236/273/193
f 171/274/194 249/275/194 236/273/194
f 249/275/195 235/276/195 236/273/195
f 249/277/196 168/278/196 235/279/196
f 168/278/197 234/280/197 235/279/197
f 168/278/198 174/281/198 234/280/198
f 174/281/199 172/282/199 234/280/199
f 172/282/200 233/283/200 234/280/200
f 172/282/201 250/284/201 233/283/201
f 250/284/202 232/285/202 233/283/202
f 250/245/203 231/247/203 232/286/203
f 256/287/204 251/288/205 252/289/206
f 277/290/207 280/291/208 251/288/205
f 252/289/206 251/288/205 280/291/208
f 277/290/209 269/292/209 280/291/209
f 257/293/210 253/294/211 254/295/212
f 255/296/213 254/295/212 253/294/211
f 252/297/214 285/298/215 256/299/216
f 287/300/217 255/301/218 253/302/217
f 285/298/215 253/302/219 256/299/216
f 285/298/220 287/300/217 253/302/217
f 254/303/221 270/304/221 257/305/221
f 274/306/222 276/307/223 251/308/224
f 276/307/223 277/309/225 251/308/224
f 274/306/222 257/305/226 270/304/227
f 274/306/222 251/308/224 257/305/226
f 257/310/228 256/311/228 253/312/228
f 257/310/229 251/313/229 256/311/229
f 258/92/230 260/89/230 259/93/230
f 258/92/231 261/83/231 260/89/231
f 169/314/232 267/315/233 264/316/234
f 169/314/232 162/317/235 267/315/233
f 162/318/236 265/319/236 267/320/236
f 162/318/237 262/321/237 265/319/237
f 262/322/238 263/323/238 265/324/238
f 262/322/239 173/325/239 263/323/239
f 173/326/240 264/327/240 263/328/240
f 173/326/241 169/329/241 264/327/241
f 267/330/242 263/331/242 264/332/242
f 267/330/243 265/333/243 263/331/243
f 254/295/244 268/135/244 270/334/244
f 271/141/245 272/335/245 268/142/245
f 272/336/246 270/337/246 268/338/246
f 272/339/247 274/340/247 270/341/247
f 273/342/248 272/343/248 271/344/248
f 274/306/249 272/343/249 273/342/249
f 199/345/250 274/306/250 273/342/250
f 276/307/251 274/306/251 199/345/251
f 275/148/252 276/346/252 199/146/252
f 277/309/253 276/307/253 275/347/253
f 277/348/254 275/148/254 278/149/254
f 269/349/255 277/350/255 278/351/255
f 255/296/256 279/136/256 254/295/256
f 279/136/257 268/135/257 254/295/257
f 269/292/258 281/352/258 280/291/258
f 287/353/259 279/136/259 255/296/259
f 202/155/260 280/354/260 281/153/260
f 202/155/261 284/355/261 280/354/261
f 284/356/262 252/357/262 280/358/262
f 285/359/263 252/360/263 284/355/263
f 283/156/264 284/355/264 202/155/264
f 283/156/265 285/359/265 284/355/265
f 203/361/266 285/362/266 283/363/266
f 286/364/267 203/158/267 282/159/267
f 286/365/268 285/362/268 203/361/268
f 287/366/269 285/359/269 286/364/269
f 287/366/270 286/364/270 282/159/270
f 279/367/271 287/368/271 282/369/271
f 292/370/272 289/371/272 288/372/272
f 289/371/273 290/373/273 288/372/273
f 289/374/274 291/375/274 290/376/274
f 291/377/275 293/378/275 290/379/275
f 291/380/276 292/381/276 293/382/276
f 292/381/277 288/383/277 293/382/277
f 294/384/278 296/385/278 295/386/278
f 294/384/279 451/387/279 296/385/279
f 451/388/280 297/389/280 296/390/280
f 451/388/281 298/391/281 297/389/281
f 298/392/282 295/393/282 297/394/282
f 298/392/283 294/395/283 295/393/283
f 299/396/284 300/397/284 330/398/284
f 351/399/285 333/400/286 302/401/287
f 303/402/288 304/403/289 421/404/290
f 300/397/291 341/405/291 330/398/291
f 299/396/292 301/406/292 300/397/292
f 303/402/288 421/404/290 423/407/293
f 306/408/294 302/401/294 149/409/294
f 315/410/295 302/401/287 333/400/286
f 423/407/293 417/411/296 309/412/297
f 306/408/298 351/399/298 302/401/298
f 417/411/296 423/407/293 308/413/299
f 341/405/300 423/407/300 330/398/300
f 423/407/301 309/412/301 330/398/301
f 312/414/302 307/415/303 305/416/304
f 421/404/290 308/413/299 423/407/293
f 149/409/305 421/404/290 304/403/289
f 314/417/306 312/414/307 305/416/308
f 311/418/309 312/414/307 314/417/306
f 149/409/310 302/401/310 421/404/310
f 310/419/311 313/420/311 422/421/311
f 313/420/312 307/415/312 422/421/312
f 313/420/313 305/416/304 307/415/303
f 315/410/314 316/422/314 302/401/314
f 315/410/315 311/418/315 316/422/315
f 311/418/316 314/417/316 316/422/316
f 318/423/317 319/424/317 317/425/317
f 319/424/318 407/426/318 317/425/318
f 407/426/319 319/424/319 321/427/319
f 319/424/320 320/428/320 321/427/320
f 320/428/321 322/429/321 321/427/321
f 320/430/322 323/431/322 322/432/322
f 323/431/323 408/433/323 322/432/323
f 323/431/324 324/434/324 408/433/324
f 406/435/325 324/434/325 332/436/325
f 324/434/326 323/431/326 332/436/326
f 406/435/327 332/436/327 417/437/327
f 314/438/328 318/423/328 317/425/328
f 314/438/329 305/439/329 318/423/329
f 305/439/330 325/440/330 318/423/330
f 313/441/331 325/442/331 305/443/331
f 313/441/332 326/444/332 325/442/332
f 313/441/333 310/445/333 326/444/333
f 310/445/334 327/446/334 326/444/334
f 310/445/335 328/447/335 327/446/335
f 328/448/336 329/449/336 327/450/336
f 328/448/337 299/451/337 329/449/337
f 330/452/338 329/449/339 299/451/340
f 330/452/338 331/453/341 329/449/339
f 330/452/342 309/454/342 331/453/342
f 309/455/343 332/436/343 331/456/343
f 309/455/344 417/437/344 332/436/344
f 333/457/345 351/458/346 334/459/347
f 334/459/348 315/460/348 333/457/348
f 334/459/349 335/461/349 315/460/349
f 335/461/350 311/462/350 315/460/350
f 335/461/351 312/463/352 311/462/353
f 335/461/351 336/464/354 312/463/352
f 424/465/355 312/466/355 336/467/355
f 424/465/356 307/468/356 312/466/356
f 337/469/357 307/468/357 424/465/357
f 337/469/358 422/470/358 307/468/358
f 338/471/359 422/470/359 337/469/359
f 338/471/360 301/472/360 422/470/360
f 338/473/361 340/474/361 301/475/361
f 338/473/362 339/476/362 340/474/362
f 339/476/363 300/477/363 340/474/363
f 339/476/364 341/478/364 300/477/364
f 339/476/365 343/479/365 341/478/365
f 343/479/366 342/480/366 341/478/366
f 344/481/367 342/480/367 343/479/367
f 344/481/368 423/482/368 342/480/368
f 344/483/369 346/484/369 423/485/369
f 345/486/370 346/484/370 344/483/370
f 345/486/371 303/487/371 346/484/371
f 347/488/372 303/487/372 345/486/372
f 347/488/373 304/489/373 303/487/373
f 347/488/374 349/490/374 304/489/374
f 348/491/375 349/490/375 347/488/375
f 348/491/376 149/492/376 349/490/376
f 350/493/377 149/492/377 348/491/377
f 350/494/378 306/495/378 149/496/378
f 352/497/379 306/495/379 350/494/379
f 352/497/380 351/458/380 306/495/380
f 352/497/381 334/459/347 351/458/346
f 359/498/382 368/499/383 400/500/384
f 368/499/383 369/501/385 400/500/384
f 355/502/386 353/503/387 356/504/388
f 353/503/387 362/505/389 356/504/388
f 371/506/390 355/502/386 354/507/391
f 355/502/386 356/504/388 354/507/391
f 359/498/382 400/500/384 357/508/392
f 424/509/393 359/498/394 358/510/395
f 359/498/382 357/508/392 358/510/396
f 363/511/397 360/512/94 362/505/389
f 363/511/397 358/510/398 360/512/94
f 363/511/399 424/509/393 358/510/395
f 371/506/390 354/507/391 361/513/390
f 353/503/387 363/511/397 362/505/389
f 364/514/400 345/515/400 365/516/400
f 345/515/401 370/517/401 365/516/401
f 366/518/402 364/514/403 367/519/404
f 364/514/403 365/516/405 367/519/404
f 368/499/406 350/520/406 369/501/406
f 350/520/407 372/521/408 369/501/409
f 345/515/410 361/513/410 370/517/410
f 345/515/411 371/506/411 361/513/411
f 350/520/407 366/518/412 372/521/408
f 366/518/402 367/519/404 372/521/413
f 420/522/414 325/523/415 326/524/416
f 374/525/417 319/526/417 318/527/417
f 379/528/418 326/524/418 327/529/418
f 379/528/419 377/530/419 326/524/419
f 420/522/414 326/524/416 377/530/420
f 420/522/421 419/531/421 325/523/421
f 419/531/422 374/525/422 318/527/422
f 374/525/423 373/532/423 319/526/423
f 373/532/424 320/533/424 319/526/424
f 384/534/425 329/535/425 331/536/425
f 384/534/426 382/537/426 329/535/426
f 419/531/427 318/527/427 325/523/427
f 392/538/428 390/539/428 323/540/428
f 373/532/429 392/538/429 320/533/429
f 390/539/430 387/541/430 323/540/430
f 387/541/431 332/542/431 323/540/431
f 387/541/432 418/543/432 332/542/432
f 418/543/433 331/536/433 332/542/433
f 418/543/434 386/544/434 331/536/434
f 392/538/435 323/540/435 320/533/435
f 382/537/436 380/545/436 329/535/436
f 380/545/437 327/529/437 329/535/437
f 380/545/438 379/528/438 327/529/438
f 386/544/439 384/534/439 331/536/439
f 452/546/440 391/547/440 373/548/440
f 373/548/441 374/549/441 452/546/441
f 374/549/442 375/550/442 452/546/442
f 374/549/443 419/551/443 375/550/443
f 375/552/444 419/553/444 420/554/444
f 420/554/445 376/555/445 375/552/445
f 377/556/446 376/555/446 420/554/446
f 377/556/447 378/557/448 376/555/449
f 377/556/447 379/558/450 378/557/448
f 378/557/451 379/558/451 380/559/451
f 380/560/452 381/561/452 378/562/452
f 380/560/453 382/563/453 381/561/453
f 382/563/454 383/564/454 381/561/454
f 383/564/455 382/563/455 384/565/455
f 384/565/456 386/566/456 383/564/456
f 386/566/457 385/567/457 383/564/457
f 385/568/458 386/569/458 418/570/458
f 418/570/459 388/571/459 385/568/459
f 387/572/460 388/571/460 418/570/460
f 387/572/461 389/573/461 388/571/461
f 389/573/462 387/572/462 390/574/462
f 389/573/463 390/574/463 392/575/463
f 392/576/464 391/547/464 389/577/464
f 392/576/465 373/548/465 391/547/465
f 414/578/466 314/579/466 411/580/466
f 414/578/467 316/581/467 314/579/467
f 414/578/468 395/582/468 316/581/468
f 393/583/469 421/584/469 302/585/469
f 393/583/470 394/586/470 421/584/470
f 395/587/471 302/588/472 316/589/473
f 395/587/471 393/590/474 302/588/472
f 296/591/475 393/592/476 395/593/477
f 297/594/478 393/592/476 296/591/475
f 297/594/478 394/595/479 393/592/476
f 297/594/478 295/596/480 394/595/479
f 415/597/481 288/598/481 290/599/481
f 288/598/482 394/595/482 295/596/482
f 293/600/483 288/598/483 295/596/483
f 290/599/484 293/600/485 296/591/475
f 293/600/485 295/596/486 296/591/475
f 296/591/475 395/593/477 290/599/484
f 414/601/487 415/597/487 395/593/487
f 290/599/488 395/593/488 415/597/488
f 396/602/489 370/603/489 361/604/489
f 397/605/490 367/606/490 365/607/490
f 397/605/491 372/608/491 367/606/491
f 397/605/492 398/609/492 372/608/492
f 398/610/493 369/611/493 372/612/493
f 398/610/494 399/613/494 369/611/494
f 399/613/495 400/614/495 369/611/495
f 399/613/496 401/615/496 400/614/496
f 401/615/497 357/616/497 400/614/497
f 401/617/498 358/618/498 357/619/498
f 401/617/499 402/620/499 358/618/499
f 402/620/500 403/621/500 358/618/500
f 403/621/501 360/622/501 358/618/501
f 403/621/502 362/623/502 360/622/502
f 403/621/503 404/624/503 362/623/503
f 404/624/504 356/625/504 362/623/504
f 404/626/505 354/627/505 356/628/505
f 402/629/96 401/630/506 399/631/507
f 403/632/91 402/629/96 399/631/507
f 403/632/91 399/631/507 404/633/169
f 398/634/508 397/635/508 399/636/508
f 317/637/509 411/580/509 314/579/509
f 409/638/510 322/432/510 408/433/510
f 409/639/511 321/427/511 322/429/511
f 324/434/512 410/640/512 408/433/512
f 410/640/513 409/638/513 408/433/513
f 406/435/514 410/640/514 324/434/514
f 409/639/515 412/641/515 321/427/515
f 412/641/516 407/426/516 321/427/516
f 407/426/517 411/642/517 317/425/517
f 410/643/518 413/644/518 409/645/518
f 416/646/519 412/647/519 409/645/519
f 414/648/520 407/426/520 412/641/520
f 405/649/521 410/643/521 406/650/521
f 414/651/522 411/652/522 407/653/522
f 415/597/523 414/601/523 412/647/523
f 413/644/524 416/646/524 409/645/524
f 416/646/525 415/597/525 412/647/525
f 405/649/526 394/595/526 410/643/526
f 394/595/527 413/644/527 410/643/527
f 413/644/528 288/598/528 416/646/528
f 288/598/529 415/597/529 416/646/529
f 288/598/530 413/644/530 394/595/530
f 308/654/531 406/655/531 417/656/531
f 405/657/532 406/655/532 308/654/532
f 405/657/533 308/654/533 421/658/533
f 394/659/534 405/657/534 421/658/534
f 310/660/535 301/661/535 328/662/535
f 301/663/536 299/451/536 328/448/536
f 300/397/537 301/406/537 340/664/537
f 310/665/538 422/470/538 301/472/538
f 149/409/539 304/403/539 349/666/539
f 303/402/540 423/407/540 346/667/540
f 423/407/541 341/405/541 342/668/541
f 339/669/542 353/503/542 355/502/542
f 339/476/543 338/473/543 353/670/543
f 338/671/544 363/511/544 353/503/544
f 337/469/545 363/672/545 338/471/545
f 337/673/546 424/509/546 363/511/546
f 336/674/547 359/498/547 424/509/547
f 336/464/548 335/461/548 359/675/548
f 335/676/549 334/677/549 359/498/549
f 334/677/550 368/499/550 359/498/550
f 352/497/551 368/678/551 334/459/551
f 352/679/552 350/520/552 368/499/552
f 348/680/553 366/518/553 350/520/553
f 347/488/554 366/681/554 348/491/554
f 347/682/555 364/514/555 366/518/555
f 345/486/556 364/683/556 347/488/556
f 344/684/557 371/506/557 345/515/557
f 343/479/558 371/685/558 344/481/558
f 343/686/559 355/502/559 371/506/559
f 343/479/560 339/476/560 355/687/560
f 449/688/561 426/689/561 425/690/561
f 426/689/562 427/691/562 425/690/562
f 427/692/563 429/693/563 425/694/563
f 427/692/564 428/695/564 429/693/564
f 428/695/565 430/696/565 429/693/565
f 428/695/566 431/697/566 430/696/566
f 431/697/567 433/698/567 430/696/567
f 431/697/568 432/699/568 433/698/568
f 432/700/569 434/701/569 433/702/569
f 432/700/570 450/703/570 434/701/570
f 450/703/571 436/704/571 434/701/571
f 450/703/572 435/705/572 436/704/572
f 435/705/573 437/706/573 436/704/573
f 438/707/574 439/708/574 437/709/574
f 438/710/575 440/711/575 439/712/575
f 440/711/576 441/713/576 439/712/576
f 442/714/577 443/715/577 441/716/577
f 442/714/578 444/717/578 443/715/578
f 444/717/579 445/718/579 443/715/579
f 444/719/580 447/720/580 445/721/580
f 447/720/581 446/722/581 445/721/581
f 447/720/582 449/688/582 446/722/582
f 449/688/583 448/723/583 446/722/583
f 449/688/584 425/690/584 448/723/584
f 427/724/585 426/725/585 428/726/585
f 431/727/586 428/726/587 426/725/588
f 431/727/586 426/725/588 432/728/589
f 450/729/590 432/728/589 426/725/588
f 450/729/590 426/725/588 435/730/591
f 438/731/592 435/730/591 426/725/588
f 438/731/592 426/725/588 440/732/593
f 442/733/594 440/732/595 426/725/596
f 442/733/594 426/725/596 444/734/597
f 447/735/598 444/734/598 426/725/598
f 449/736/599 447/735/599 426/725/599
f 443/737/600 298/738/600 441/739/600
f 436/740/601 437/741/601 289/742/601
f 291/743/602 451/744/603 292/745/169
f 291/743/602 439/746/604 451/744/603
f 291/743/602 289/742/603 439/746/604
f 289/742/605 437/741/605 439/746/605
f 451/744/603 294/747/91 292/745/169
f 389/748/91 391/749/507 294/747/91
f 385/750/92 388/751/606 294/747/91
f 289/742/169 391/749/507 436/740/94
f 391/749/507 452/752/91 436/740/94
f 294/747/91 298/738/92 443/737/169
f 289/742/169 292/745/169 391/749/507
f 434/753/607 436/740/94 452/752/91
f 391/749/507 292/745/169 294/747/91
f 433/754/169 434/753/607 452/752/91
f 439/746/604 298/738/608 451/744/603
f 439/746/609 441/739/609 298/738/609
f 388/751/606 389/748/91 294/747/91
f 433/754/169 452/752/91 375/755/610
f 430/756/611 433/754/169 375/755/610
f 375/755/610 376/757/612 430/756/611
f 376/757/612 429/758/613 430/756/611
f 446/759/169 383/760/614 385/750/92
f 446/759/169 448/761/615 383/760/614
f 385/750/92 445/762/92 446/759/169
f 376/757/612 378/763/616 429/758/613
f 378/763/616 381/764/617 429/758/613
f 381/764/617 425/765/618 429/758/613
f 425/765/618 381/764/617 383/760/614
f 448/761/615 425/765/618 383/760/614
f 445/762/92 294/747/91 443/737/169
f 445/762/92 385/750/92 294/747/91
f 435/730/619 438/731/619 437/766/619
f 440/732/620 442/733/620 441/767/620
f 456/768/621 458/769/622 457/770/623
f 455/771/160 459/772/160 460/773/624
f 459/772/160 461/774/625 460/773/624
f 461/774/625 462/775/626 460/773/624
f 461/774/625 463/776/627 462/775/626
f 463/776/627 464/777/628 462/775/626
f 463/776/627 465/778/629 464/777/628
f 465/778/629 466/779/630 464/777/628
f 465/778/629 456/768/621 466/779/630
f 456/768/621 457/770/623 466/779/630
f 473/780/631 467/781/631 455/782/631
f 467/781/632 459/783/632 455/782/632
f 467/784/633 468/785/633 459/786/633
f 468/785/634 461/787/634 459/786/634
f 468/785/635 484/788/635 461/787/635
f 484/788/636 463/789/636 461/787/636
f 484/788/637 469/790/637 463/789/637
f 469/790/638 465/791/638 463/789/638
f 469/790/639 474/792/639 465/791/639
f 474/793/640 475/794/640 465/795/640
f 475/794/641 456/796/641 465/795/641
f 475/794/642 476/797/642 456/796/642
f 476/797/643 458/798/643 456/796/643
f 476/797/644 481/799/644 458/798/644
f 478/800/645 471/801/645 479/802/645
f 484/803/646 467/804/647 479/802/648
f 480/805/649 484/803/646 479/802/648
f 475/806/650 480/805/650 479/802/650
f 481/807/651 475/806/651 479/802/651
f 481/807/652 479/802/652 482/808/652
f 483/809/653 482/808/653 479/802/653
f 483/809/654 479/802/654 471/801/654
f 479/802/655 467/804/655 473/810/655
f 467/804/656 484/803/656 468/811/656
f 484/803/657 480/805/657 469/812/657
f 482/808/658 483/809/658 470/813/658
f 478/800/659 479/802/659 472/814/659
f 479/815/660 473/816/660 472/817/660
f 480/818/661 474/792/661 469/790/661
f 480/805/662 475/806/662 474/819/662
f 475/806/663 481/807/663 476/820/663
f 481/807/664 482/808/664 477/821/664
f 482/808/665 470/813/665 477/821/665
f 502/822/666 489/823/667 501/824/668
f 502/822/666 488/825/669 489/823/667
f 497/826/670 486/827/670 609/828/670
f 486/827/671 485/829/671 609/828/671
f 486/827/672 571/830/672 485/829/672
f 571/830/673 487/831/673 485/829/673
f 488/825/674 490/832/674 489/823/674
f 490/832/675 607/833/675 489/823/675
f 490/832/676 492/834/676 607/833/676
f 492/834/677 491/835/677 607/833/677
f 492/836/678 493/837/678 491/838/678
f 492/836/679 494/839/679 493/837/679
f 494/839/680 495/840/680 493/837/680
f 494/839/681 496/841/681 495/840/681
f 496/841/682 608/842/682 495/840/682
f 496/841/683 497/843/683 608/842/683
f 497/843/684 609/844/684 608/842/684
f 571/830/685 504/845/686 487/831/687
f 571/830/685 503/846/688 504/845/686
f 498/847/689 500/848/689 610/849/689
f 498/847/690 499/850/690 500/848/690
f 499/850/691 501/824/691 500/848/691
f 499/850/692 502/822/692 501/824/692
f 503/846/693 505/851/693 504/845/693
f 505/851/694 506/852/694 504/845/694
f 505/851/695 507/853/695 506/852/695
f 507/854/696 508/855/696 506/856/696
f 507/854/697 577/857/697 508/855/697
f 577/857/698 509/858/698 508/855/698
f 577/857/699 510/859/699 509/858/699
f 510/859/700 511/860/700 509/858/700
f 510/859/701 512/861/701 511/860/701
f 512/861/702 610/862/702 511/860/702
f 512/861/703 498/863/703 610/862/703
f 605/864/91 536/865/169 520/866/91
f 605/864/704 513/867/704 536/865/704
f 596/868/91 551/869/507 530/870/91
f 596/868/705 597/871/705 551/869/705
f 597/871/706 538/872/706 551/869/706
f 523/873/707 531/874/707 516/875/707
f 611/876/708 515/877/708 514/878/708
f 611/876/709 531/874/709 515/877/709
f 531/874/710 513/867/710 515/877/710
f 531/874/711 553/879/711 513/867/711
f 553/879/712 536/865/712 513/867/712
f 517/880/97 523/873/96 516/875/91
f 519/881/96 518/882/91 520/866/91
f 524/883/91 522/884/713 521/885/91
f 518/882/91 521/885/91 520/866/91
f 518/882/91 524/883/91 521/885/91
f 517/880/97 516/875/91 530/870/91
f 528/886/714 553/879/714 531/874/714
f 552/887/715 553/879/716 528/886/717
f 525/888/603 551/869/507 550/889/97
f 519/881/96 520/866/91 526/890/91
f 527/891/718 528/886/719 531/874/720
f 525/888/603 530/870/91 551/869/507
f 525/888/603 517/880/97 530/870/91
f 532/892/721 526/890/91 536/865/169
f 522/884/713 529/893/507 521/885/91
f 523/873/722 527/891/718 531/874/720
f 526/890/91 520/866/91 536/865/169
f 529/893/507 538/872/723 521/885/91
f 538/872/724 514/878/724 521/885/724
f 538/872/725 597/871/725 514/878/725
f 597/871/726 611/876/726 514/878/726
f 529/893/507 537/894/727 538/872/723
f 533/895/728 534/896/729 545/897/730
f 533/895/728 535/898/731 534/896/729
f 535/898/731 536/865/169 534/896/729
f 535/898/731 532/892/721 536/865/169
f 537/894/727 539/899/732 538/872/723
f 539/899/732 540/900/733 538/872/723
f 539/899/732 541/901/732 540/900/733
f 541/901/732 542/902/734 540/900/733
f 541/901/732 544/903/735 542/902/734
f 544/903/735 543/904/736 542/902/734
f 544/903/735 546/905/737 543/904/736
f 546/905/737 545/897/730 543/904/736
f 546/905/737 533/895/728 545/897/730
f 547/906/738 548/907/739 549/908/740
f 548/907/739 551/869/507 549/908/740
f 548/907/739 550/889/97 551/869/507
f 552/887/715 554/909/741 553/879/716
f 554/909/741 555/910/742 553/879/716
f 554/909/741 615/911/743 555/910/742
f 615/911/743 556/912/721 555/910/742
f 615/911/743 558/913/744 556/912/721
f 615/911/743 557/914/745 558/913/744
f 557/914/745 547/906/738 558/913/744
f 547/906/738 549/908/740 558/913/744
f 568/915/165 612/916/165 502/917/165
f 612/916/165 488/918/165 502/917/165
f 503/919/153 606/920/153 567/921/153
f 503/919/165 571/922/164 606/920/165
f 571/922/164 561/923/166 606/920/165
f 563/924/165 561/923/166 572/925/746
f 566/926/747 559/927/748 565/928/165
f 569/929/153 562/930/165 565/928/165
f 564/931/165 561/923/166 563/924/165
f 562/930/165 566/926/747 565/928/165
f 595/932/153 488/918/165 612/916/165
f 595/932/153 565/928/165 488/918/165
f 565/928/165 559/927/748 488/918/165
f 572/925/746 561/923/166 571/922/164
f 564/931/165 569/929/749 561/923/166
f 569/929/750 594/933/750 561/923/750
f 569/929/751 565/928/751 594/933/751
f 570/934/159 486/935/155 497/936/749
f 570/934/159 586/937/155 486/935/155
f 586/937/155 571/922/164 486/935/155
f 586/937/155 572/925/746 571/922/164
f 559/927/748 490/938/165 488/918/165
f 559/927/748 573/939/165 490/938/165
f 573/939/165 574/940/164 490/938/165
f 574/940/164 492/941/164 490/938/165
f 574/940/164 575/942/752 492/941/164
f 575/942/752 494/943/155 492/941/164
f 575/942/752 576/944/165 494/943/155
f 576/944/165 496/945/155 494/943/155
f 576/944/165 583/946/753 496/945/155
f 583/946/753 570/934/159 496/945/155
f 570/934/159 497/936/749 496/945/155
f 578/947/754 572/948/754 586/949/754
f 578/947/755 593/950/755 572/948/755
f 593/950/756 563/951/756 572/948/756
f 593/950/757 579/952/757 563/951/757
f 579/953/758 564/954/758 563/955/758
f 579/953/759 580/956/759 564/954/759
f 580/956/760 569/957/760 564/954/760
f 580/956/761 588/958/761 569/957/761
f 581/959/762 575/960/762 574/961/762
f 581/959/763 582/962/763 575/960/763
f 582/962/764 576/963/764 575/960/764
f 582/962/765 584/964/765 576/963/765
f 584/964/766 583/965/766 576/963/766
f 584/964/767 570/966/767 583/965/767
f 584/964/768 585/967/768 570/966/768
f 585/968/769 587/969/769 570/970/769
f 587/969/770 586/949/770 570/970/770
f 587/969/771 578/947/771 586/949/771
f 588/958/772 562/971/772 569/957/772
f 588/958/773 589/972/773 562/971/773
f 589/972/774 566/973/774 562/971/774
f 589/972/775 590/974/775 566/973/775
f 590/975/776 559/976/776 566/977/776
f 590/975/777 591/978/777 559/976/777
f 591/978/778 592/979/778 559/976/778
f 592/979/779 573/980/779 559/976/779
f 592/979/780 574/981/780 573/980/780
f 592/979/781 581/982/781 574/981/781
f 585/983/782 584/984/155 578/985/165
f 587/986/783 585/983/782 578/985/165
f 579/987/164 593/988/784 578/985/165
f 580/989/164 579/987/164 578/985/165
f 580/989/164 578/985/165 588/990/159
f 589/991/165 588/990/159 578/985/165
f 590/992/165 589/991/165 578/985/165
f 590/992/165 578/985/165 591/993/165
f 592/994/165 591/993/165 578/985/165
f 592/994/165 578/985/165 581/995/165
f 582/996/165 581/995/165 578/985/165
f 584/984/155 582/996/165 578/985/165
f 530/997/785 594/998/786 565/999/787
f 530/997/785 516/1000/788 594/998/786
f 612/1001/789 596/1002/790 595/1003/790
f 612/1001/789 597/1004/789 596/1002/790
f 520/1005/791 598/1006/792 560/1007/793
f 520/1005/791 521/1008/794 598/1006/792
f 606/1009/795 605/1010/796 567/1011/796
f 606/1009/795 513/1012/795 605/1010/796
f 602/1013/797 531/1014/797 611/1015/797
f 602/1013/798 599/1016/798 531/1014/798
f 604/1017/799 514/1018/799 515/1019/799
f 604/1017/800 603/1020/800 514/1018/800
f 598/1021/801 603/1022/801 601/1023/801
f 594/933/802 599/1024/802 600/1025/802
f 601/1023/803 603/1022/803 602/1026/803
f 603/1022/804 599/1024/804 602/1026/804
f 603/1022/805 604/1027/805 599/1024/805
f 604/1027/806 600/1025/806 599/1024/806
f 520/1028/807 567/1011/807 605/1010/807
f 520/1028/807 560/1029/807 567/1011/807
f 530/1030/808 595/1003/808 596/1002/808
f 530/1030/808 565/1031/808 595/1003/808
f 599/1032/809 516/1000/809 531/1033/809
f 599/1032/809 594/998/809 516/1000/809
f 603/1034/810 521/1008/810 514/1035/810
f 603/1034/810 598/1006/810 521/1008/810
f 611/1036/811 597/1037/811 602/1038/811
f 597/1037/812 612/1039/812 602/1038/812
f 515/1040/813 513/1041/813 604/1042/813
f 513/1041/814 606/1043/814 604/1042/814
f 551/1044/815 501/824/816 489/823/817
f 551/1044/815 538/1045/818 501/824/816
f 609/1046/819 553/879/819 555/910/819
f 609/1046/820 485/1047/820 553/879/820
f 485/829/821 487/831/821 553/1048/821
f 489/1049/822 607/1050/822 551/869/822
f 607/1050/823 549/908/823 551/869/823
f 607/1050/824 491/1051/824 549/908/824
f 491/1051/825 493/1052/825 549/908/825
f 493/1052/826 558/913/826 549/908/826
f 493/837/827 495/840/827 558/1053/827
f 495/1054/828 556/912/828 558/913/828
f 495/840/829 608/842/829 556/1055/829
f 608/1056/830 555/910/830 556/912/830
f 608/1056/831 609/1046/831 555/910/831
f 610/1057/832 500/1058/832 540/900/832
f 500/1058/833 501/1059/833 540/900/833
f 501/1059/834 538/872/834 540/900/834
f 504/1060/835 534/896/835 536/865/835
f 504/845/836 506/852/836 534/1061/836
f 506/1062/837 545/897/837 534/896/837
f 506/1062/838 508/1063/838 545/897/838
f 508/1063/839 509/1064/839 545/897/839
f 509/1064/840 543/904/840 545/897/840
f 509/858/841 511/860/841 543/1065/841
f 511/1066/842 542/902/842 543/904/842
f 511/860/843 610/862/843 542/1067/843
f 610/1057/844 540/900/844 542/902/844
f 536/1068/845 487/831/845 504/845/845
f 536/865/846 553/879/846 487/1069/846
f 568/1070/847 598/1071/847 601/1072/847
f 612/916/848 601/1023/848 602/1026/848
f 612/916/849 568/915/849 601/1023/849
f 600/1025/850 606/920/850 561/923/850
f 600/1025/851 604/1027/851 606/920/851
f 561/923/852 594/933/852 600/1025/852
f 621/1073/853 552/1074/853 528/1075/853
f 621/1073/854 613/1076/854 552/1074/854
f 613/1076/855 554/1077/855 552/1074/855
f 613/1076/856 614/1078/856 554/1077/856
f 614/1079/857 615/1080/857 554/1081/857
f 614/1079/858 616/1082/858 615/1080/858
f 616/1082/859 622/1083/859 615/1080/859
f 617/1084/860 618/1085/860 517/1086/860
f 618/1085/861 523/1087/861 517/1086/861
f 618/1085/862 619/1088/862 523/1087/862
f 619/1088/863 658/1089/863 523/1087/863
f 658/1089/864 527/1090/864 523/1087/864
f 658/1089/865 620/1091/865 527/1090/865
f 620/1092/866 528/1075/866 527/1093/866
f 620/1092/867 621/1073/867 528/1075/867
f 622/1083/868 557/1094/868 615/1080/868
f 622/1083/869 659/1095/869 557/1094/869
f 659/1095/870 547/1096/870 557/1094/870
f 659/1095/871 623/1097/871 547/1096/871
f 623/1098/872 548/1099/872 547/1100/872
f 623/1098/873 624/1101/873 548/1099/873
f 624/1101/874 550/1102/874 548/1099/874
f 624/1101/875 625/1103/875 550/1102/875
f 625/1103/876 525/1104/876 550/1102/876
f 625/1103/877 517/1105/877 525/1104/877
f 625/1103/878 617/1106/878 517/1105/878
f 627/1107/879 626/1108/398 628/1109/169
f 629/1110/97 627/1107/879 628/1109/169
f 630/1111/880 629/1110/97 628/1109/169
f 630/1111/880 628/1109/169 631/1112/743
f 633/1113/881 632/1114/882 628/1109/169
f 660/1115/736 633/1113/881 628/1109/169
f 634/1116/883 660/1115/736 628/1109/169
f 634/1116/883 628/1109/169 635/1117/884
f 626/1108/398 635/1117/884 628/1109/169
f 643/1118/885 532/1119/885 535/1120/885
f 643/1118/886 636/1121/886 532/1119/886
f 636/1121/887 526/1122/887 532/1119/887
f 636/1121/888 519/1123/888 526/1122/888
f 636/1121/889 637/1124/889 519/1123/889
f 637/1125/890 638/1126/890 519/1127/890
f 638/1126/891 518/1128/891 519/1127/891
f 638/1126/892 639/1129/892 518/1128/892
f 646/1130/893 541/1131/893 539/1132/893
f 646/1130/894 656/1133/894 541/1131/894
f 656/1134/895 544/1135/895 541/1136/895
f 656/1134/896 640/1137/896 544/1135/896
f 640/1137/897 546/1138/897 544/1135/897
f 640/1137/898 641/1139/898 546/1138/898
f 641/1139/899 533/1140/899 546/1138/899
f 641/1141/900 642/1142/900 533/1143/900
f 642/1142/901 535/1120/901 533/1143/901
f 642/1142/902 643/1118/902 535/1120/902
f 639/1129/903 524/1144/903 518/1128/903
f 639/1129/904 657/1145/904 524/1144/904
f 657/1145/905 522/1146/905 524/1144/905
f 657/1147/906 644/1148/906 522/1149/906
f 644/1148/907 529/1150/907 522/1149/907
f 644/1148/908 645/1151/908 529/1150/908
f 645/1151/909 537/1152/909 529/1150/909
f 645/1151/910 539/1132/910 537/1152/910
f 645/1151/911 646/1130/911 539/1132/911
f 649/1153/912 648/1154/913 647/1155/914
f 650/1156/915 649/1153/912 647/1155/914
f 650/1156/915 647/1155/914 651/1157/507
f 652/1158/95 651/1157/507 647/1155/914
f 653/1159/916 652/1158/95 647/1155/914
f 654/1160/917 653/1159/916 647/1155/914
f 654/1160/917 647/1155/914 655/1161/917
f 649/1162/918 636/1121/918 643/1118/918
f 649/1153/919 650/1156/919 636/1163/919
f 650/1164/920 637/1124/920 636/1121/920
f 650/1156/921 638/1165/921 637/1166/921
f 650/1156/922 651/1157/922 638/1165/922
f 651/1167/923 639/1129/923 638/1126/923
f 655/1168/924 656/1133/924 646/1130/924
f 655/1161/925 647/1155/925 656/1169/925
f 647/1170/926 640/1137/926 656/1134/926
f 647/1155/927 648/1154/927 640/1171/927
f 648/1154/928 641/1172/928 640/1171/928
f 648/1173/929 642/1142/929 641/1141/929
f 648/1154/930 649/1153/930 642/1174/930
f 649/1153/931 643/1175/931 642/1174/931
f 651/1157/932 652/1158/932 639/1176/932
f 652/1177/933 657/1145/933 639/1129/933
f 652/1158/934 653/1159/934 657/1178/934
f 653/1159/935 644/1179/935 657/1178/935
f 653/1180/936 645/1151/936 644/1148/936
f 653/1159/937 654/1160/937 645/1181/937
f 654/1182/938 646/1130/938 645/1151/938
f 654/1160/939 655/1161/939 646/1183/939
f 629/1110/940 630/1111/940 621/1184/940
f 630/1185/941 613/1076/941 621/1073/941
f 630/1111/942 631/1112/942 613/1186/942
f 631/1187/943 614/1078/943 613/1076/943
f 631/1112/944 628/1109/944 614/1188/944
f 628/1189/945 616/1082/945 614/1079/945
f 628/1109/946 632/1114/946 616/1190/946
f 632/1191/947 622/1083/947 616/1082/947
f 634/1116/948 635/1117/948 617/1192/948
f 635/1193/949 618/1085/949 617/1084/949
f 635/1117/950 626/1108/950 618/1194/950
f 626/1195/951 619/1088/951 618/1085/951
f 626/1195/952 658/1089/952 619/1088/952
f 626/1108/953 627/1107/953 658/1196/953
f 627/1197/954 620/1091/954 658/1089/954
f 627/1107/955 629/1110/955 620/1198/955
f 629/1199/956 621/1073/956 620/1092/956
f 632/1114/957 659/1200/957 622/1201/957
f 632/1114/958 633/1113/958 659/1200/958
f 633/1113/959 623/1202/959 659/1200/959
f 633/1113/960 660/1115/960 623/1202/960
f 660/1203/961 624/1101/961 623/1098/961
f 660/1115/962 634/1116/962 624/1204/962
f 634/1205/963 625/1103/963 624/1101/963
f 634/1116/964 617/1192/964 625/1206/964
f 679/1207/965 664/1208/966 678/1209/967
f 679/1207/965 665/1210/968 664/1208/966
f 674/1211/969 661/1212/969 675/1213/969
f 674/1211/970 662/1214/970 661/1212/970
f 662/1214/971 663/1215/971 661/1212/971
f 665/1210/972 666/1216/972 664/1208/972
f 666/1216/973 667/1217/973 664/1208/973
f 666/1216/974 758/1218/974 667/1217/974
f 758/1218/975 668/1219/975 667/1217/975
f 758/1220/976 670/1221/976 668/1222/976
f 670/1221/977 669/1223/977 668/1222/977
f 670/1221/978 672/1224/978 669/1223/978
f 672/1224/979 671/1225/979 669/1223/979
f 672/1224/980 761/1226/980 671/1225/980
f 761/1226/981 673/1227/981 671/1225/981
f 761/1226/982 674/1228/983 673/1227/984
f 674/1228/983 675/1229/985 673/1227/984
f 662/1214/986 680/1230/986 663/1215/986
f 662/1214/987 738/1231/987 680/1230/987
f 690/1232/988 676/1233/988 689/1234/988
f 690/1232/989 677/1235/989 676/1233/989
f 677/1235/990 678/1209/990 676/1233/990
f 677/1235/991 679/1207/991 678/1209/991
f 738/1231/992 681/1236/992 680/1230/992
f 681/1236/993 683/1237/993 680/1230/993
f 681/1236/994 682/1238/994 683/1237/994
f 682/1239/995 685/1240/995 683/1241/995
f 682/1239/996 684/1242/996 685/1240/996
f 684/1242/997 686/1243/997 685/1240/997
f 684/1242/998 688/1244/999 686/1243/1000
f 684/1242/998 687/1245/1001 688/1244/999
f 687/1245/1002 689/1246/1002 688/1244/1002
f 687/1245/1003 690/1247/1003 689/1246/1003
f 799/1248/165 717/1249/157 699/1250/165
f 799/1248/1004 691/1251/1004 717/1249/1004
f 790/1252/165 730/1253/1005 710/1254/165
f 790/1252/1006 791/1255/1006 730/1253/1006
f 791/1255/1007 719/1256/1007 730/1253/1007
f 713/1257/1008 712/1258/1008 695/1259/1008
f 801/1260/1009 693/1261/1009 692/1262/1009
f 801/1260/1010 712/1258/1010 693/1261/1010
f 712/1258/1011 691/1251/1011 693/1261/1011
f 712/1258/1012 731/1263/1013 691/1251/1014
f 731/1263/1015 717/1249/1015 691/1251/1015
f 700/1264/165 698/1265/153 696/1266/166
f 694/1267/1016 702/1268/165 695/1259/165
f 697/1269/753 698/1265/153 699/1250/165
f 702/1268/165 713/1257/165 695/1259/165
f 697/1269/753 699/1250/165 705/1270/164
f 698/1265/153 700/1264/165 699/1250/165
f 696/1266/166 701/1271/155 700/1264/165
f 712/1258/1012 703/1272/1017 708/1273/1018
f 706/1274/1019 730/1253/1005 704/1275/753
f 694/1267/1016 695/1259/165 710/1254/165
f 708/1273/1018 731/1263/1013 712/1258/1012
f 709/1276/1020 731/1263/1013 708/1273/1018
f 713/1257/1021 707/1277/1022 712/1258/1012
f 706/1274/1019 710/1254/165 730/1253/1005
f 706/1274/1019 694/1267/1016 710/1254/165
f 714/1278/1023 719/1256/1024 701/1271/155
f 703/1272/1017 712/1258/1012 707/1277/1022
f 711/1279/628 699/1250/165 717/1249/157
f 711/1279/628 705/1270/164 699/1250/165
f 701/1271/155 719/1256/1024 700/1264/165
f 719/1256/1025 692/1262/1025 700/1264/1025
f 719/1256/1026 791/1255/1026 692/1262/1026
f 791/1255/1027 801/1260/1027 692/1262/1027
f 726/1280/1028 833/1281/1029 715/1282/1028
f 833/1281/1029 716/1283/168 715/1282/1028
f 833/1281/1029 711/1279/628 716/1283/168
f 711/1279/628 717/1249/157 716/1283/168
f 718/1284/1030 719/1256/1024 714/1278/1023
f 718/1284/1030 720/1285/1031 719/1256/1024
f 718/1284/1030 721/1286/1032 720/1285/1031
f 721/1286/1032 723/1287/1033 720/1285/1031
f 721/1286/1032 722/1288/1034 723/1287/1033
f 722/1288/1034 724/1289/1035 723/1287/1033
f 724/1289/1035 725/1290/1036 723/1287/1033
f 724/1289/1035 726/1280/1028 725/1290/1036
f 726/1280/1028 715/1282/1028 725/1290/1036
f 727/1291/1037 729/1292/1038 728/1293/1039
f 729/1292/1038 730/1253/1005 728/1293/1039
f 729/1292/1038 704/1275/753 730/1253/1005
f 709/1276/1020 732/1294/1040 731/1263/1013
f 709/1276/1020 733/1295/1041 732/1294/1040
f 733/1295/1041 735/1296/1042 732/1294/1040
f 733/1295/1041 734/1297/1043 735/1296/1042
f 734/1297/1043 736/1298/1044 735/1296/1042
f 736/1298/1044 737/1299/1045 735/1296/1042
f 736/1298/1044 727/1291/1037 737/1299/1045
f 727/1291/1037 728/1293/1039 737/1299/1045
f 755/1300/91 802/1301/91 679/1302/91
f 802/1301/91 665/1303/91 679/1302/91
f 738/1304/169 800/1305/91 753/1306/96
f 738/1304/169 662/1307/91 800/1305/91
f 662/1307/91 745/1308/96 800/1305/91
f 743/1309/1046 740/1310/91 742/1311/91
f 746/1312/94 749/1313/91 748/1314/1047
f 743/1309/1046 742/1311/91 751/1315/1048
f 747/1316/91 745/1308/96 744/1317/91
f 789/1318/91 665/1303/91 802/1301/91
f 789/1318/91 748/1314/1047 665/1303/91
f 748/1314/1047 783/1319/1049 665/1303/91
f 783/1319/1049 741/1320/1050 665/1303/91
f 740/1310/91 753/1306/96 742/1311/91
f 740/1310/91 750/1321/91 753/1306/96
f 749/1313/91 783/1319/1049 748/1314/1047
f 751/1315/1051 792/1322/1051 755/1300/1051
f 751/1315/1052 742/1311/1052 792/1322/1052
f 744/1317/91 745/1308/96 662/1307/91
f 746/1312/1053 788/1323/1053 776/1324/1053
f 750/1321/91 739/1325/96 753/1306/96
f 739/1325/96 752/1326/91 753/1306/96
f 747/1316/91 776/1324/96 745/1308/96
f 754/1327/91 755/1300/91 679/1302/91
f 776/1324/1054 788/1323/1054 745/1308/1054
f 746/1312/1055 748/1314/1055 788/1323/1055
f 765/1328/1056 753/1306/96 752/1326/91
f 765/1328/1056 738/1304/169 753/1306/96
f 754/1327/91 679/1302/91 767/1329/91
f 751/1315/91 755/1300/91 754/1327/91
f 764/1330/91 756/1331/91 674/1332/92
f 756/1331/91 662/1307/91 674/1332/92
f 756/1331/91 744/1317/91 662/1307/91
f 741/1320/1050 757/1333/169 665/1303/91
f 757/1333/169 666/1334/917 665/1303/91
f 757/1333/169 758/1335/91 666/1334/917
f 757/1333/169 759/1336/91 758/1335/91
f 759/1336/91 760/1337/91 758/1335/91
f 760/1337/91 670/1338/91 758/1335/91
f 760/1337/91 672/1339/91 670/1338/91
f 760/1337/91 762/1340/92 672/1339/91
f 762/1340/92 761/1341/92 672/1339/91
f 762/1340/92 763/1342/92 761/1341/92
f 763/1342/92 674/1332/92 761/1341/92
f 763/1342/92 764/1330/91 674/1332/92
f 772/1343/97 766/1344/91 690/1345/169
f 766/1344/91 677/1346/91 690/1345/169
f 766/1344/91 767/1329/91 677/1346/91
f 767/1329/91 679/1302/91 677/1346/91
f 765/1328/1056 768/1347/507 738/1304/169
f 768/1347/507 681/1348/507 738/1304/169
f 768/1347/507 769/1349/97 681/1348/507
f 769/1349/97 682/1350/97 681/1348/507
f 769/1349/97 770/1351/1057 682/1350/97
f 770/1351/1057 684/1352/1057 682/1350/97
f 770/1351/1057 687/1353/602 684/1352/1057
f 770/1351/1057 771/1354/93 687/1353/602
f 771/1354/93 772/1343/97 687/1353/602
f 772/1343/97 690/1345/169 687/1353/602
f 773/1355/1058 744/1356/1058 756/1357/1058
f 773/1355/1059 774/1358/1059 744/1356/1059
f 774/1358/1060 747/1359/1060 744/1356/1060
f 774/1358/1061 775/1360/1061 747/1359/1061
f 775/1361/1062 776/1362/1062 747/1363/1062
f 775/1361/1063 777/1364/1063 776/1362/1063
f 777/1364/1064 746/1365/1064 776/1362/1064
f 778/1366/1065 760/1367/1065 759/1368/1065
f 778/1366/1066 779/1369/1066 760/1367/1066
f 779/1369/1067 762/1370/1067 760/1367/1067
f 779/1369/1068 780/1371/1068 762/1370/1068
f 780/1371/1069 763/1372/1069 762/1370/1069
f 780/1371/1070 764/1373/1070 763/1372/1070
f 780/1371/1071 781/1374/1071 764/1373/1071
f 781/1375/1072 756/1357/1072 764/1376/1072
f 781/1375/1073 773/1355/1073 756/1357/1073
f 777/1364/1074 782/1377/1074 746/1365/1074
f 782/1377/1075 749/1378/1075 746/1365/1075
f 782/1377/1076 784/1379/1076 749/1378/1076
f 784/1380/1077 783/1381/1077 749/1382/1077
f 784/1380/1078 785/1383/1078 783/1381/1078
f 785/1383/1079 741/1384/1079 783/1381/1079
f 785/1383/1080 786/1385/1080 741/1384/1080
f 786/1385/1081 757/1386/1081 741/1384/1081
f 786/1385/1082 787/1387/1082 757/1386/1082
f 787/1387/1083 759/1388/1083 757/1386/1083
f 787/1387/1084 778/1389/1084 759/1388/1084
f 780/1390/1085 779/1391/507 773/1392/91
f 780/1390/1085 773/1392/91 781/1393/92
f 775/1394/1086 774/1395/91 773/1392/91
f 777/1396/97 775/1394/1086 773/1392/91
f 777/1396/97 773/1392/91 782/1397/91
f 784/1398/91 782/1397/91 773/1392/91
f 785/1399/91 784/1398/91 773/1392/91
f 786/1400/91 785/1399/91 773/1392/91
f 787/1401/91 786/1400/91 773/1392/91
f 778/1402/91 787/1401/91 773/1392/91
f 779/1391/507 778/1402/91 773/1392/91
f 710/1403/1087 788/1404/1088 748/1405/1089
f 710/1403/1087 695/1406/1090 788/1404/1088
f 802/1407/795 790/1408/796 789/1409/796
f 802/1407/795 791/1410/795 790/1408/796
f 699/1411/1091 792/1412/1092 742/1413/1093
f 699/1411/1091 700/1414/1094 792/1412/1092
f 800/1415/789 799/1416/790 753/1417/790
f 800/1415/789 691/1418/789 799/1416/790
f 796/1419/1095 712/1420/1095 801/1421/1095
f 796/1419/1096 793/1422/1096 712/1420/1096
f 798/1423/1097 692/1424/1097 693/1425/1097
f 798/1423/1098 797/1426/1098 692/1424/1098
f 792/1322/1099 797/1427/1099 795/1428/1099
f 788/1323/1100 793/1429/1100 794/1430/1100
f 795/1428/1101 797/1427/1101 796/1431/1101
f 797/1427/1102 793/1429/1102 796/1431/1102
f 797/1427/1103 798/1432/1103 793/1429/1103
f 798/1432/1104 794/1430/1104 793/1429/1104
f 699/1411/810 753/1433/810 799/1434/1105
f 699/1411/810 742/1413/810 753/1433/810
f 710/1403/809 789/1435/809 790/1436/809
f 710/1403/809 748/1405/809 789/1435/809
f 793/1422/808 695/1437/808 712/1420/808
f 793/1422/808 788/1438/808 695/1437/808
f 797/1426/807 700/1439/1106 692/1424/1106
f 797/1426/807 792/1440/807 700/1439/1106
f 801/1441/1107 791/1442/1107 796/1443/1107
f 791/1442/1108 802/1444/1108 796/1443/1108
f 693/1445/1109 691/1446/1109 798/1447/1109
f 691/1446/1110 800/1448/1110 798/1447/1110
f 730/1449/1111 678/1209/1111 664/1208/1111
f 730/1449/1112 719/1450/1112 678/1209/1112
f 675/1451/1113 732/1294/1113 735/1296/1113
f 675/1451/1114 661/1452/1114 732/1294/1114
f 661/1452/1115 663/1453/1116 732/1294/1117
f 663/1453/1116 731/1263/1118 732/1294/1117
f 664/1454/1119 728/1293/1119 730/1253/1120
f 664/1454/1119 667/1455/1119 728/1293/1119
f 667/1455/1121 668/1456/1121 728/1293/1121
f 668/1456/1122 669/1457/1122 728/1293/1122
f 669/1457/1123 737/1299/1123 728/1293/1123
f 669/1223/1124 671/1225/1124 737/1458/1124
f 671/1225/1125 673/1227/1125 737/1458/1125
f 673/1459/1126 735/1296/1126 737/1299/1126
f 673/1227/1127 675/1229/1127 735/1460/1127
f 689/1461/1128 720/1285/1128 723/1287/1128
f 689/1461/1129 676/1462/1129 720/1285/1129
f 676/1233/1130 678/1209/1130 720/1463/1130
f 678/1464/1131 719/1256/1131 720/1285/1131
f 680/1465/1132 716/1283/1132 717/1249/1132
f 680/1465/1133 683/1466/1133 716/1283/1133
f 683/1466/1134 715/1282/1134 716/1283/1134
f 683/1466/1135 685/1467/1135 715/1282/1135
f 685/1467/1136 725/1290/1136 715/1282/1136
f 685/1467/1137 686/1468/1137 725/1290/1137
f 686/1243/1138 688/1244/1138 725/1469/1138
f 688/1470/1139 723/1287/1139 725/1290/1139
f 688/1244/1140 689/1246/1140 723/1471/1140
f 717/1472/1141 663/1215/1141 680/1230/1141
f 717/1472/1142 731/1473/1142 663/1215/1142
f 755/1300/1143 792/1322/1143 795/1428/1143
f 802/1301/1144 795/1428/1144 796/1431/1144
f 802/1474/1145 755/1475/1145 795/1476/1145
f 794/1430/1146 800/1305/1146 745/1308/1146
f 794/1430/1147 798/1432/1147 800/1305/1147
f 745/1308/1148 788/1323/1148 794/1430/1148
f 803/1477/1149 709/1478/1149 708/1479/1149
f 803/1477/1150 804/1480/1150 709/1478/1150
f 804/1480/1151 805/1481/1151 709/1478/1151
f 805/1481/1152 733/1482/1152 709/1478/1152
f 805/1483/1153 806/1484/1153 733/1485/1153
f 806/1484/1154 734/1486/1154 733/1485/1154
f 806/1484/1155 736/1487/1155 734/1486/1155
f 806/1484/1156 807/1488/1156 736/1487/1156
f 815/1489/1157 808/1490/1157 694/1491/1157
f 808/1492/1158 702/1493/1158 694/1494/1158
f 808/1492/1159 809/1495/1159 702/1493/1159
f 809/1495/1160 713/1496/1160 702/1493/1160
f 809/1495/1161 810/1497/1161 713/1496/1161
f 810/1497/1162 707/1498/1162 713/1496/1162
f 810/1497/1163 703/1499/1163 707/1498/1163
f 810/1497/1164 811/1500/1164 703/1499/1164
f 811/1501/1165 708/1479/1165 703/1502/1165
f 811/1501/1166 803/1477/1166 708/1479/1166
f 807/1488/1167 812/1503/1167 736/1487/1167
f 812/1503/1168 727/1504/1168 736/1487/1168
f 812/1503/1169 813/1505/1169 727/1504/1169
f 813/1506/1170 729/1507/1170 727/1508/1170
f 813/1506/1171 814/1509/1171 729/1507/1171
f 814/1509/1172 704/1510/1172 729/1507/1172
f 814/1509/1173 815/1489/1173 704/1510/1173
f 815/1489/1174 706/1511/1174 704/1510/1174
f 815/1489/1175 694/1491/1175 706/1511/1175
f 816/1512/1176 817/1513/1177 818/1514/1178
f 820/1515/1179 819/1516/1180 817/1513/1177
f 820/1515/1179 817/1513/1177 821/1517/1181
f 822/1518/1182 821/1517/1181 817/1513/1177
f 822/1518/1182 817/1513/1177 823/1519/154
f 824/1520/152 823/1519/154 817/1513/1177
f 816/1512/1176 824/1520/152 817/1513/1177
f 825/1521/1183 849/1522/1183 711/1523/1183
f 849/1522/1184 705/1524/1184 711/1523/1184
f 849/1522/1185 826/1525/1185 705/1524/1185
f 826/1526/1186 827/1527/1186 705/1528/1186
f 827/1527/1187 697/1529/1187 705/1528/1187
f 827/1527/1188 828/1530/1188 697/1529/1188
f 828/1530/1189 698/1531/1189 697/1529/1189
f 829/1532/1190 721/1533/1190 718/1534/1190
f 829/1535/1191 830/1536/1191 721/1537/1191
f 830/1536/1192 722/1538/1192 721/1537/1192
f 830/1536/1193 724/1539/1193 722/1538/1193
f 830/1536/1194 831/1540/1194 724/1539/1194
f 831/1540/1195 832/1541/1195 724/1539/1195
f 832/1541/1196 726/1542/1196 724/1539/1196
f 832/1543/1197 834/1544/1197 726/1545/1197
f 834/1544/1198 833/1546/1198 726/1545/1198
f 834/1544/1199 825/1521/1199 833/1546/1199
f 825/1521/1200 711/1523/1200 833/1546/1200
f 828/1530/1201 835/1547/1201 698/1531/1201
f 835/1547/1202 696/1548/1202 698/1531/1202
f 835/1547/1203 836/1549/1203 696/1548/1203
f 836/1549/1204 701/1550/1204 696/1548/1204
f 836/1551/1205 837/1552/1205 701/1553/1205
f 837/1552/1206 714/1554/1206 701/1553/1206
f 837/1552/1207 838/1555/1207 714/1554/1207
f 838/1555/1208 718/1534/1208 714/1554/1208
f 838/1555/1209 829/1532/1209 718/1534/1209
f 848/1556/1210 839/1557/1210 831/1558/1210
f 840/1559/1211 831/1558/1211 839/1557/1211
f 841/1560/1212 840/1559/1213 839/1557/1214
f 841/1560/1212 839/1557/1214 842/1561/1215
f 842/1561/1215 839/1557/1214 843/1562/1216
f 844/1563/1217 835/1564/1217 839/1557/1217
f 845/1565/1218 844/1563/1219 839/1557/1220
f 846/1566/1020 845/1565/1218 839/1557/1220
f 847/1567/165 846/1566/1020 839/1557/1220
f 847/1567/165 839/1557/1220 848/1556/749
f 841/1568/1221 849/1522/1221 825/1521/1221
f 841/1560/1222 842/1561/1222 849/1569/1222
f 842/1561/1223 826/1570/1223 849/1569/1223
f 842/1561/1224 843/1562/1224 826/1570/1224
f 843/1571/1225 827/1527/1225 826/1526/1225
f 843/1562/1226 839/1557/1226 827/1572/1226
f 839/1573/1227 828/1530/1227 827/1527/1227
f 847/1574/1228 830/1536/1228 829/1535/1228
f 847/1567/1229 848/1556/1229 830/1575/1229
f 848/1576/1230 831/1540/1230 830/1536/1230
f 831/1558/1231 840/1559/1231 832/1577/1231
f 840/1578/1232 834/1544/1232 832/1543/1232
f 840/1559/1233 825/1579/1233 834/1580/1233
f 840/1559/1234 841/1560/1234 825/1579/1234
f 839/1557/1235 835/1564/1235 828/1581/1235
f 844/1563/1236 836/1582/1236 835/1564/1236
f 844/1583/1237 837/1552/1237 836/1551/1237
f 844/1563/1238 845/1565/1238 837/1584/1238
f 845/1585/1239 838/1555/1239 837/1552/1239
f 845/1565/1240 846/1566/1240 838/1586/1240
f 846/1587/1241 829/1532/1241 838/1555/1241
f 846/1566/1242 847/1567/1242 829/1588/1242
f 817/1589/1243 804/1480/1243 803/1477/1243
f 817/1513/1244 819/1516/1244 804/1590/1244
f 819/1591/1245 805/1481/1245 804/1480/1245
f 819/1516/1246 820/1515/1246 805/1592/1246
f 820/1593/1247 806/1484/1247 805/1483/1247
f 820/1593/1248 807/1488/1248 806/1484/1248
f 823/1519/1249 824/1520/1249 815/1594/1249
f 824/1520/1250 808/1595/1250 815/1594/1250
f 824/1596/1251 809/1495/1251 808/1492/1251
f 824/1520/1252 816/1512/1252 809/1597/1252
f 816/1598/1253 810/1497/1253 809/1495/1253
f 816/1512/1254 818/1514/1254 810/1599/1254
f 818/1600/1255 811/1500/1255 810/1497/1255
f 818/1514/1256 817/1513/1256 811/1601/1256
f 817/1589/1257 803/1477/1257 811/1501/1257
f 820/1515/1258 821/1517/1258 807/1602/1258
f 821/1603/1259 812/1503/1259 807/1488/1259
f 821/1603/1260 813/1505/1260 812/1503/1260
f 821/1517/1261 822/1518/1261 813/1604/1261
f 822/1605/1262 814/1509/1262 813/1506/1262
f 822/1518/1263 823/1519/1263 814/1606/1263
f 823/1607/1264 815/1489/1264 814/1509/1264
f 863/1608/1265 871/1609/1265 866/1610/747
f 864/1611/1266 863/1608/1265 866/1610/747
f 864/1611/1266 866/1610/747 865/1612/1266
f 868/1613/753 867/1614/1267 866/1610/747
f 896/1615/1268 868/1613/753 866/1610/747
f 869/1616/1269 896/1615/1268 866/1610/747
f 869/1616/1269 866/1610/747 870/1617/1270
f 870/1617/1270 866/1610/747 871/1609/1265
f 895/1618/1271 886/1619/1271 885/1620/397
f 895/1618/1271 885/1620/397 887/1621/1272
f 888/1622/91 887/1621/1272 885/1620/397
f 888/1622/91 885/1620/397 889/1623/97
f 894/1624/603 889/1623/97 885/1620/397
f 890/1625/721 894/1624/603 885/1620/397
f 891/1626/1273 890/1625/721 885/1620/397
f 892/1627/93 891/1626/1273 885/1620/397
f 892/1627/93 885/1620/397 893/1628/884
f 895/1618/1274 887/1621/1274 879/1629/1274
f 887/1630/1275 872/1631/1275 879/1632/1275
f 887/1621/1276 888/1622/1276 872/1633/1276
f 888/1634/1277 873/1635/1277 872/1636/1277
f 888/1622/1278 889/1623/1278 873/1637/1278
f 889/1638/1279 874/1639/1279 873/1640/1279
f 889/1623/1280 894/1624/1280 874/1641/1280
f 892/1627/1281 893/1628/1281 884/1642/1281
f 893/1643/1282 875/1644/1282 884/1645/1282
f 893/1628/1283 885/1620/1283 875/1646/1283
f 885/1620/1284 876/1647/1284 875/1646/1284
f 885/1648/1285 877/1649/1285 876/1650/1285
f 885/1620/1286 886/1619/1286 877/1651/1286
f 886/1652/1287 878/1653/1287 877/1654/1287
f 886/1619/1288 895/1618/1288 878/1655/1288
f 895/1656/1289 879/1657/1289 878/1658/1289
f 894/1659/1290 880/1660/1290 874/1661/1290
f 894/1624/1291 890/1625/1291 880/1662/1291
f 890/1625/1292 881/1663/1292 880/1662/1292
f 890/1664/1293 882/1665/1293 881/1666/1293
f 890/1625/1294 891/1626/1294 882/1667/1294
f 891/1668/1295 883/1669/1295 882/1670/1295
f 891/1626/1296 892/1627/1296 883/1671/1296
f 892/1672/1297 884/1673/1297 883/1674/1297
f 865/1612/1298 866/1610/1298 850/1675/1298
f 866/1610/1299 851/1676/1299 850/1675/1299
f 866/1677/1300 852/1678/1300 851/1679/1300
f 866/1610/1301 867/1614/1301 852/1680/1301
f 867/1681/1302 853/1682/1302 852/1683/1302
f 867/1614/1303 868/1613/1303 853/1684/1303
f 868/1685/1304 854/1686/1304 853/1687/1304
f 870/1617/1305 871/1609/1305 862/1688/1305
f 871/1689/1306 855/1690/1306 862/1691/1306
f 871/1609/1307 856/1692/1307 855/1693/1307
f 871/1609/1308 863/1608/1308 856/1692/1308
f 863/1694/1309 857/1695/1309 856/1696/1309
f 863/1608/1310 864/1611/1310 857/1697/1310
f 864/1698/1311 850/1699/1311 857/1700/1311
f 864/1611/1312 865/1612/1312 850/1675/1312
f 868/1613/1313 896/1615/1313 854/1701/1313
f 896/1702/1314 858/1703/1314 854/1704/1314
f 896/1615/1315 869/1616/1315 858/1705/1315
f 869/1706/1316 859/1707/1316 858/1708/1316
f 869/1706/1317 860/1709/1317 859/1707/1317
f 869/1616/1318 870/1617/1318 860/1710/1318
f 870/1617/1319 861/1711/1319 860/1710/1319
f 870/1712/1320 862/1713/1320 861/1714/1320
f 48/1715/1321 63/1716/1322 60/1717/1323
f 55/1718/1324 60/1717/1324 61/1719/1324
f 57/1720/1325 70/1721/1325 58/1722/1325
f 88/22/1326 74/1723/1326 65/1724/1326
f 74/1725/1327 59/1726/1327 65/1727/1327
f 95/1728/1328 89/21/1328 105/23/1328
f 99/1729/1329 111/1730/1329 100/1731/1329
f 101/1732/1330 112/1733/1330 93/1734/1330
f 94/1735/1331 114/1736/1331 105/1737/1331
f 111/1730/1332 121/1738/1332 112/1733/1332
f 109/1739/1333 124/1740/1334 114/1736/1335
f 124/1740/1334 128/1741/1336 114/1736/1335
f 128/1741/1337 115/1742/1337 114/1736/1337
f 128/1741/1338 125/1743/1338 115/1742/1338
f 35/1744/1339 34/1745/1339 47/1746/1339
f 53/1747/1340 36/1748/1340 35/1744/1340
f 48/1715/1341 29/1749/1341 44/1750/1341
f 48/1715/1342 55/1718/1342 29/1749/1342
f 50/1751/1343 33/1752/1343 32/1753/1343
f 51/1754/1344 34/1745/1344 33/1752/1344
f 53/1747/1345 35/1744/1345 52/1755/1345
f 50/1756/1346 31/1757/1346 49/1758/1346
f 57/1759/1347 39/1760/1347 56/1761/1347
f 48/1715/1348 44/1750/1348 54/1762/1348
f 57/1759/1349 45/1763/1349 40/1764/1349
f 61/1719/1350 50/1756/1350 49/1758/1350
f 62/1765/1351 51/1766/1351 50/1756/1351
f 49/1758/1352 55/1718/1352 61/1719/1352
f 59/1726/1353 53/1767/1353 52/1768/1353
f 48/1715/1354 54/1762/1354 63/1716/1354
f 55/1718/1355 48/1715/1321 60/1717/1323
f 56/1769/1356 69/1770/1357 70/1721/1358
f 57/1720/1359 56/1769/1356 70/1721/1358
f 67/1771/1360 61/1719/1360 60/1717/1360
f 67/1771/1360 64/1772/1360 61/1719/1360
f 70/1721/1361 69/1770/1361 75/1773/1361
f 79/1774/1362 71/1775/1363 58/1722/1364
f 90/1776/1365 69/1770/1365 74/1725/1365
f 73/1777/1366 70/1721/1366 76/1778/1366
f 78/1779/1367 79/1774/1367 73/1777/1367
f 91/1780/1368 75/1781/1368 69/1782/1368
f 96/1783/1369 76/1784/1369 75/1785/1369
f 96/1783/1370 92/1786/1370 76/1784/1370
f 95/1728/1371 91/1780/1371 90/1787/1371
f 97/1788/1372 78/1789/1372 98/1790/1372
f 107/1791/1373 92/1786/1373 96/1783/1373
f 102/1792/1374 84/1793/1375 112/1733/1376
f 109/1739/1377 104/1794/1377 103/1795/1377
f 94/1735/1378 104/1794/1378 109/1739/1378
f 101/1732/1379 100/1731/1379 111/1730/1379
f 109/1739/1380 103/1795/1380 102/1792/1380
f 114/1736/1381 94/1735/1381 109/1739/1381
f 112/1733/1382 101/1732/1382 111/1730/1382
f 106/1796/1383 95/1797/1383 115/1742/1383
f 117/1798/1384 107/1799/1384 106/1796/1384
f 102/1792/1385 112/1733/1385 109/1739/1385
f 108/1800/1386 110/1801/1386 113/1802/1386
f 111/1730/1387 127/1803/1387 121/1738/1387
f 112/1733/1388 121/1738/1388 122/1804/1388
f 109/1739/1389 123/1805/1389 124/1740/1389
f 118/1806/1390 108/1800/1390 117/1798/1390
f 110/1801/1391 108/1800/1391 118/1806/1391
f 116/1807/1392 117/1798/1392 115/1742/1392
f 111/1730/1393 120/1808/1393 127/1803/1393
f 129/1809/1394 121/1810/1395 30/1811/1396
f 130/1812/1397 123/1813/1397 129/1814/1397
f 131/1815/1398 124/1816/1398 130/1817/1398
f 34/1745/1399 128/1818/1399 131/1819/1399
f 116/1820/1400 134/1821/1400 37/1822/1400
f 132/1823/1401 116/1807/1401 37/1824/1401
f 133/1825/1402 126/1826/1402 118/1806/1402
f 28/1827/1403 127/1828/1403 120/1829/1403
f 134/1821/1404 125/1830/1404 35/1744/1404
f 132/1831/1405 39/1760/1405 133/1832/1405
f 126/1833/1406 133/1832/1406 40/1764/1406
f 41/1834/1407 126/1833/1407 40/1764/1407
f 11/1835/1408 7/1836/1408 12/1837/1408
f 43/1838/1409 37/1822/1409 36/1748/1409
f 29/1839/1410 55/1840/1410 30/1811/1410
f 45/1763/1411 42/1841/1411 41/1834/1411
f 55/1842/1412 49/1843/1412 31/1844/1412
f 31/1844/1413 50/1751/1413 32/1753/1413
f 50/1751/1414 51/1754/1414 33/1752/1414
f 51/1754/1415 47/1746/1415 34/1745/1415
f 52/1755/1416 35/1744/1416 47/1746/1416
f 43/1845/1417 36/1846/1417 53/1847/1417
f 45/1763/1418 41/1834/1418 40/1764/1418
f 56/1761/1419 38/1848/1419 43/1845/1419
f 56/1761/1420 39/1760/1420 38/1848/1420
f 56/1761/1421 43/1845/1421 53/1847/1421
f 61/1719/1422 62/1765/1422 50/1756/1422
f 62/1849/1423 47/1746/1423 51/1754/1423
f 58/1722/1424 45/1850/1424 57/1720/1424
f 47/1851/1425 62/1765/1425 65/1727/1425
f 59/1726/1426 69/1770/1426 53/1767/1426
f 64/1772/1427 62/1765/1427 61/1719/1427
f 69/1770/1428 56/1769/1428 53/1767/1428
f 46/1852/1429 58/1722/1429 71/1775/1429
f 68/1853/1430 65/1727/1430 62/1765/1430
f 70/1721/1431 73/1777/1431 58/1722/1431
f 63/1854/1432 66/1855/1432 72/1856/1432
f 62/1765/1433 64/1772/1433 86/1857/1433
f 73/1777/1434 79/1774/1362 58/1722/1364
f 67/1858/1435 86/1859/1436 64/1860/1437
f 70/1721/1438 75/1773/1438 76/1778/1438
f 66/1855/1439 80/1861/1439 81/1862/1439
f 72/1856/1440 82/1863/1440 83/1864/1440
f 60/1865/1441 83/1864/1441 84/1866/1441
f 67/1858/1442 84/1867/1442 85/1868/1442
f 65/1724/1443 87/1869/1443 88/22/1443
f 69/1782/1444 90/1787/1444 91/1780/1444
f 92/1786/1445 78/1789/1445 76/1784/1445
f 97/1788/1446 79/1870/1446 78/1789/1446
f 82/1863/1447 81/1862/1447 100/1871/1447
f 83/1864/1448 101/1872/1448 93/1873/1448
f 89/21/1449 95/1728/1449 90/1787/1449
f 92/1786/1450 98/1790/1450 78/1789/1450
f 81/1862/1451 99/1874/1451 100/1871/1451
f 85/1868/1452 84/1867/1452 102/1875/1452
f 85/1868/1453 102/1875/1453 103/1876/1453
f 95/1728/1454 106/1877/1454 91/1780/1454
f 107/1791/1455 96/1783/1455 91/1878/1455
f 108/1879/1456 92/1786/1456 107/1791/1456
f 112/1733/1376 84/1793/1375 93/1734/1457
f 106/1880/1458 107/1791/1458 91/1878/1458
f 98/1790/1459 113/1881/1459 97/1788/1459
f 113/1802/1460 98/1882/1460 108/1800/1460
f 117/1798/1461 108/1800/1461 107/1799/1461
f 118/1806/1462 126/1826/1462 110/1801/1462
f 117/1798/1463 116/1807/1463 132/1823/1463
f 30/1811/1464 121/1810/1464 127/1828/1464
f 129/1809/1394 122/1883/1465 121/1810/1395
f 129/1884/1466 123/1885/1466 122/1886/1466
f 130/1887/1467 124/1888/1467 123/1889/1467
f 131/1819/1468 128/1818/1468 124/1890/1468
f 134/1891/1469 115/1742/1469 125/1743/1469
f 134/1891/1470 116/1807/1470 115/1742/1470
f 133/1825/1471 117/1798/1471 132/1823/1471
f 28/1827/1472 30/1811/1472 127/1828/1472
f 28/1827/1473 29/1839/1474 30/1811/1475
f 30/1892/1476 31/1844/1476 129/1893/1476
f 35/1744/1477 36/1748/1477 134/1821/1477
f 36/1748/1478 37/1822/1478 134/1821/1478
f 38/1848/1479 132/1831/1479 37/1894/1479
f 52/1768/1480 47/1851/1480 65/1727/1480 59/1726/1480
f 28/1827/1473 44/1895/1481 29/1839/1474
f 30/1892/1482 55/1842/1482 31/1844/1482
f 38/1848/1483 37/1894/1483 43/1845/1483
f 45/1763/1484 46/1896/1484 42/1841/1484
f 40/1764/1485 39/1760/1485 57/1759/1485
f 58/1897/1486 46/1896/1486 45/1763/1486
f 81/1862/1487 82/1863/1487 72/1856/1487 66/1855/1487
f 60/1717/1488 63/1716/1488 72/1898/1488
f 68/1853/1489 62/1765/1489 86/1857/1489
f 74/1725/1490 69/1770/1490 59/1726/1490
f 71/1775/1491 79/1774/1491 77/1899/1491
f 100/1871/1492 101/1872/1492 83/1864/1492 82/1863/1492
f 60/1865/1493 72/1856/1493 83/1864/1493
f 67/1900/1494 60/1865/1494 84/1866/1494
f 86/1859/1436 67/1858/1435 85/1868/1495
f 68/1901/1496 86/1859/1496 87/1869/1496
f 65/1724/1497 68/1901/1497 87/1869/1497
f 88/22/1498 89/21/1498 74/1723/1498
f 89/21/1499 90/1787/1499 74/1723/1499
f 78/1789/1500 73/1902/1500 76/1784/1500
f 77/1903/1501 79/1870/1501 97/1788/1501
f 103/1876/1502 104/1904/1502 86/1859/1502 85/1868/1502
f 84/1905/1503 83/1906/1503 93/1907/1503
f 104/1904/1504 94/1908/1504 87/1869/1504 86/1859/1504
f 95/1797/1505 105/1737/1505 114/1736/1505 115/1742/1505
f 88/22/1506 87/1869/1506 94/1908/1506
f 75/1785/1507 91/1878/1507 96/1783/1507
f 81/1862/1508 80/1861/1508 99/1874/1508
f 88/22/1509 94/1908/1509 105/23/1509
f 108/1879/1510 98/1790/1510 92/1786/1510
f 123/1805/1511 109/1739/1511 112/1733/1511 122/1804/1511
f 106/1796/1512 115/1742/1512 117/1798/1512
f 125/1830/1513 128/1818/1513 34/1745/1513 35/1744/1513
f 110/1801/1514 126/1826/1514 119/1909/1514
f 117/1798/1515 133/1825/1515 118/1806/1515
f 41/1834/1516 42/1841/1516 119/1910/1516 126/1833/1516
f 32/1753/1517 130/1911/1517 129/1893/1517 31/1844/1517
f 33/1752/1518 131/1819/1518 130/1911/1518 32/1753/1518
f 131/1819/1519 33/1752/1519 34/1745/1519
f 132/1831/1520 38/1848/1520 39/1760/1520
f 39/1760/1521 40/1764/1521 133/1832/1521
l 18 22
l 22 25
l 25 3
l 454 453
l 3 7
l 155 156
l 396 399
