# Blender 5.1.0
# www.blender.org
mtllib oracle.mtl
o oracle
v -251.976593 134.399414 -59.129227
v -251.952576 134.399414 -59.180283
v -251.886154 134.399414 -59.321430
v -251.785828 134.399414 -59.534657
v -251.660049 134.399414 -59.801941
v -251.517319 134.399414 -60.105263
v -251.366104 134.399414 -60.426601
v -251.214890 134.399414 -60.747944
v -251.072159 134.399414 -61.051262
v -250.946381 134.399414 -61.318546
v -250.846054 134.399414 -61.531773
v -250.779633 134.399414 -61.672924
v -250.755600 134.399414 -61.723976
v -250.612564 134.422043 -62.027954
v -250.475754 134.487900 -62.318695
v -250.346359 134.593933 -62.593674
v -250.225555 134.737091 -62.850380
v -250.114548 134.914337 -63.086304
v -250.014481 135.122604 -63.298927
v -249.926575 135.358856 -63.485737
v -249.852005 135.620041 -63.644218
v -249.791946 135.903091 -63.771858
v -249.747574 136.204987 -63.866146
v -249.720093 136.522675 -63.924561
v -249.710663 136.853073 -63.944592
v -249.720306 137.188965 -63.924110
v -249.748352 137.510208 -63.864510
v -249.793503 137.814056 -63.768547
v -249.854477 138.097702 -63.638981
v -249.929947 138.358383 -63.478577
v -250.018646 138.593323 -63.290085
v -250.119263 138.799744 -63.076275
v -250.230484 138.974854 -62.839901
v -250.351028 139.115891 -62.583725
v -250.479599 139.220062 -62.310505
v -250.614899 139.284607 -62.023003
v -250.755600 139.306747 -61.723976
v -250.779633 139.306747 -61.672920
v -250.846054 139.306747 -61.531773
v -250.946381 139.306747 -61.318546
v -251.072159 139.306747 -61.051262
v -251.214890 139.306747 -60.747940
v -251.366104 139.306747 -60.426601
v -251.517319 139.306747 -60.105259
v -251.660049 139.306747 -59.801941
v -251.785828 139.306747 -59.534657
v -251.886154 139.306747 -59.321430
v -251.952576 139.306747 -59.180283
v -251.976593 139.306747 -59.129227
v -252.119644 139.284119 -58.825249
v -252.256454 139.218262 -58.534512
v -252.385849 139.112228 -58.259529
v -252.506653 138.969070 -58.002823
v -252.617661 138.791824 -57.766899
v -252.717712 138.583557 -57.554276
v -252.805618 138.347305 -57.367466
v -252.880203 138.086121 -57.208984
v -252.940262 137.803055 -57.081341
v -252.984634 137.501160 -56.987057
v -253.012115 137.183487 -56.928642
v -253.021545 136.853073 -56.908611
v -253.011902 136.517197 -56.929092
v -252.983856 136.195953 -56.988693
v -252.938705 135.892105 -57.084656
v -252.877731 135.608459 -57.214222
v -252.802246 135.347778 -57.374626
v -252.713562 135.112839 -57.563118
v -252.612946 134.906418 -57.776928
v -252.501709 134.731308 -58.013298
v -252.381165 134.590271 -58.269478
v -252.252594 134.486084 -58.542698
v -252.117310 134.421539 -58.830200
v -250.788589 135.277634 -61.653862
v -250.811539 135.277634 -61.605110
v -250.874969 135.277634 -61.470325
v -250.970779 135.277634 -61.266708
v -251.090881 135.277634 -61.011475
v -251.227188 135.277634 -60.721825
v -251.371582 135.277634 -60.414967
v -251.515976 135.277634 -60.108112
v -251.652267 135.277634 -59.818462
v -251.772369 135.277634 -59.563225
v -251.868195 135.277634 -59.359612
v -251.931610 135.277634 -59.224823
v -251.954559 135.277634 -59.176071
v -251.999512 135.281723 -59.080532
v -252.044022 135.292633 -58.985954
v -252.087936 135.310257 -58.892609
v -252.131165 135.334457 -58.800777
v -252.173523 135.365112 -58.710732
v -252.214935 135.402084 -58.622753
v -252.255234 135.445236 -58.537113
v -252.294296 135.494461 -58.454094
v -252.332001 135.549637 -58.373966
v -252.368210 135.610611 -58.297012
v -252.402802 135.677261 -58.223503
v -252.435638 135.749481 -58.153717
v -252.466400 135.826584 -58.088364
v -252.494781 135.907806 -58.028034
v -252.520752 135.992844 -57.972851
v -252.544235 136.081375 -57.922928
v -252.565201 136.173111 -57.878372
v -252.583588 136.267746 -57.839310
v -252.599335 136.364960 -57.805855
v -252.612381 136.464447 -57.778114
v -252.622696 136.565918 -57.756214
v -252.630203 136.669067 -57.740265
v -252.634842 136.773575 -57.730385
v -252.636581 136.879135 -57.726685
v -252.634842 136.984695 -57.730385
v -252.630203 137.089203 -57.740265
v -252.622696 137.192337 -57.756214
v -252.612381 137.293808 -57.778114
v -252.599335 137.393311 -57.805855
v -252.583588 137.490524 -57.839310
v -252.565201 137.585144 -57.878372
v -252.544235 137.676880 -57.922928
v -252.520752 137.765411 -57.972855
v -252.494781 137.850449 -58.028038
v -252.466400 137.931671 -58.088364
v -252.435638 138.008774 -58.153717
v -252.402802 138.080994 -58.223503
v -252.368210 138.147644 -58.297012
v -252.332001 138.208633 -58.373966
v -252.294296 138.263794 -58.454094
v -252.255234 138.313019 -58.537113
v -252.214935 138.356186 -58.622753
v -252.173523 138.393158 -58.710732
v -252.131165 138.423798 -58.800777
v -252.087936 138.447998 -58.892609
v -252.044022 138.465622 -58.985954
v -251.999512 138.476547 -59.080532
v -251.954559 138.480637 -59.176071
v -251.931610 138.480637 -59.224823
v -251.868195 138.480637 -59.359612
v -251.772369 138.480637 -59.563225
v -251.652267 138.480637 -59.818462
v -251.515976 138.480637 -60.108112
v -251.371582 138.480637 -60.414967
v -251.227188 138.480637 -60.721825
v -251.090881 138.480637 -61.011475
v -250.970779 138.480637 -61.266708
v -250.874969 138.480637 -61.470325
v -250.811539 138.480637 -61.605110
v -250.788589 138.480637 -61.653862
v -250.743637 138.476547 -61.749401
v -250.699127 138.465622 -61.843983
v -250.655212 138.447998 -61.937325
v -250.612000 138.423798 -62.029160
v -250.569626 138.393158 -62.119202
v -250.528229 138.356186 -62.207184
v -250.487930 138.313019 -62.292824
v -250.448853 138.263794 -62.375843
v -250.411148 138.208633 -62.455971
v -250.374939 138.147644 -62.532925
v -250.340347 138.080994 -62.606434
v -250.307510 138.008774 -62.676216
v -250.276764 137.931671 -62.741570
v -250.248367 137.850449 -62.801899
v -250.222397 137.765411 -62.857086
v -250.198914 137.676880 -62.907009
v -250.177948 137.585144 -62.951561
v -250.159561 137.490524 -62.990623
v -250.143814 137.393311 -63.024082
v -250.130768 137.293808 -63.051819
v -250.120468 137.192337 -63.073719
v -250.112961 137.089203 -63.089668
v -250.108307 136.984695 -63.099552
v -250.106567 136.879135 -63.103252
v -250.108307 136.773560 -63.099552
v -250.112961 136.669067 -63.089668
v -250.120468 136.565918 -63.073719
v -250.130768 136.464447 -63.051819
v -250.143814 136.364960 -63.024082
v -250.159561 136.267746 -62.990623
v -250.177948 136.173111 -62.951561
v -250.198914 136.081375 -62.907009
v -250.222397 135.992844 -62.857086
v -250.248367 135.907806 -62.801899
v -250.276764 135.826584 -62.741573
v -250.307510 135.749481 -62.676216
v -250.340347 135.677261 -62.606434
v -250.374939 135.610611 -62.532925
v -250.411148 135.549637 -62.455971
v -250.448853 135.494461 -62.375843
v -250.487930 135.445236 -62.292824
v -250.528229 135.402084 -62.207184
v -250.569626 135.365112 -62.119202
v -250.612000 135.334457 -62.029160
v -250.655212 135.310257 -61.937325
v -250.699127 135.292633 -61.843983
v -250.743637 135.281723 -61.749401
v -256.981171 135.277634 -48.493980
v -256.739410 136.133575 -49.007717
v -257.817352 136.133575 -46.716991
v -257.245392 138.277359 -47.932465
v -256.200470 134.377136 -50.153080
v -255.727478 134.377136 -51.158218
v -256.990936 139.048965 -48.473194
v -257.005402 139.093018 -48.442509
v -257.021179 139.134644 -48.408981
v -257.038239 139.173599 -48.372700
v -257.056580 139.209595 -48.333740
v -257.076141 139.242371 -48.292187
v -257.096863 139.271652 -48.248123
v -257.118744 139.297165 -48.201626
v -257.141724 139.318649 -48.152786
v -257.165771 139.335831 -48.101677
v -257.190857 139.348434 -48.048382
v -257.216919 139.356201 -47.992985
v -257.243927 139.358856 -47.935566
v -257.268433 139.356720 -47.883503
v -257.292389 139.350388 -47.832577
v -257.315765 139.339935 -47.782955
v -257.338409 139.325455 -47.734791
v -257.360321 139.307022 -47.688248
v -257.381378 139.284729 -47.643486
v -257.401520 139.258636 -47.600662
v -257.420685 139.228851 -47.559937
v -257.438812 139.195435 -47.521469
v -257.455750 139.158493 -47.485420
v -257.471527 139.118103 -47.451946
v -257.485992 139.074341 -47.421211
v -257.511078 138.982361 -47.367859
v -257.580475 138.728043 -47.220364
v -257.685333 138.343887 -46.997551
v -257.816772 137.862320 -46.718254
v -257.965912 137.315826 -46.401299
v -258.123932 136.736877 -46.065510
v -258.281921 136.157913 -45.729725
v -258.431091 135.611435 -45.412769
v -258.562500 135.129868 -45.133469
v -258.667358 134.745697 -44.910656
v -258.736755 134.491394 -44.763161
v -258.761871 134.399414 -44.709812
v -258.290192 134.399414 -45.712162
v -258.070190 135.277634 -46.179672
v -259.610016 134.347305 -42.907387
v -259.610016 134.348328 -42.907372
v -259.610046 134.351166 -42.907341
v -259.610077 134.355453 -42.907288
v -259.610107 134.360809 -42.907227
v -259.610138 134.366913 -42.907154
v -259.610168 134.373352 -42.907078
v -259.610199 134.379807 -42.907001
v -259.610229 134.385895 -42.906929
v -259.610260 134.391266 -42.906868
v -259.610291 134.395554 -42.906815
v -259.610291 134.398392 -42.906784
v -259.610321 134.399414 -42.906769
v -259.467285 134.422043 -43.210747
v -259.330475 134.487900 -43.501484
v -259.201080 134.593933 -43.776463
v -259.080261 134.737091 -44.033173
v -258.969238 134.914337 -44.269093
v -258.869202 135.122604 -44.481716
v -258.781281 135.358856 -44.668526
v -258.706726 135.620041 -44.827007
v -258.646667 135.903091 -44.954647
v -258.602295 136.204987 -45.048935
v -258.574799 136.522675 -45.107346
v -258.565369 136.853073 -45.127380
v -258.575012 137.188965 -45.106899
v -258.603058 137.510208 -45.047298
v -258.648224 137.814056 -44.951332
v -258.709167 138.097702 -44.821770
v -258.784668 138.358383 -44.661362
v -258.873352 138.593323 -44.472874
v -258.973969 138.799744 -44.259064
v -259.085205 138.974854 -44.022694
v -259.205750 139.115891 -43.766518
v -259.334320 139.220062 -43.493298
v -259.469604 139.284607 -43.205795
v -259.610321 139.306747 -42.906769
v -259.638885 139.306747 -42.846054
v -259.717865 139.306747 -42.678207
v -259.837189 139.306747 -42.424652
v -259.986755 139.306747 -42.106812
v -260.156464 139.306747 -41.746120
v -260.336273 139.306747 -41.363998
v -260.516083 139.306747 -40.981880
v -260.685822 139.306747 -40.621185
v -260.835388 139.306747 -40.303345
v -260.954712 139.306747 -40.049789
v -261.033691 139.306747 -39.881943
v -261.062256 139.306747 -39.821236
v -260.820221 138.428528 -40.335594
v -259.632202 138.428528 -42.860229
v -259.587250 138.424438 -42.955769
v -259.542755 138.413513 -43.050346
v -259.498810 138.395889 -43.143692
v -259.455597 138.371704 -43.235523
v -259.413239 138.341049 -43.325569
v -259.371826 138.304077 -43.413551
v -259.331543 138.260925 -43.499187
v -259.292480 138.211685 -43.582211
v -259.254761 138.156525 -43.662338
v -259.218567 138.095551 -43.739292
v -259.183960 138.028885 -43.812798
v -259.151123 137.956680 -43.882584
v -259.120361 137.879562 -43.947937
v -259.091980 137.798340 -44.008266
v -259.066010 137.713318 -44.063450
v -259.042511 137.624771 -44.113377
v -259.021545 137.533051 -44.157928
v -259.003174 137.438416 -44.196991
v -258.987427 137.341202 -44.230450
v -258.974396 137.241714 -44.258186
v -258.964081 137.140244 -44.280090
v -258.956573 137.037094 -44.296036
v -258.951935 136.932587 -44.305920
v -258.950195 136.827026 -44.309620
v -258.951935 136.721466 -44.305920
v -258.956573 136.616959 -44.296036
v -258.964081 136.513824 -44.280087
v -258.974396 136.412354 -44.258186
v -258.987427 136.312851 -44.230450
v -259.003174 136.215637 -44.196991
v -259.021576 136.121017 -44.157928
v -259.042542 136.029282 -44.113377
v -259.066010 135.940735 -44.063450
v -259.091980 135.855713 -44.008263
v -259.120361 135.774490 -43.947937
v -259.151123 135.697372 -43.882584
v -259.183960 135.625168 -43.812801
v -259.218567 135.558502 -43.739292
v -259.254761 135.497528 -43.662338
v -259.292480 135.442368 -43.582211
v -259.331543 135.393143 -43.499191
v -259.371826 135.349976 -43.413551
v -259.413239 135.313004 -43.325569
v -259.455597 135.282364 -43.235527
v -259.498810 135.258163 -43.143696
v -259.542755 135.240540 -43.050350
v -259.587250 135.229614 -42.955772
v -259.632202 135.225525 -42.860229
v -259.660767 135.225525 -42.799519
v -259.739777 135.225525 -42.631672
v -259.859070 135.225525 -42.378117
v -260.008636 135.225525 -42.060276
v -260.178375 135.225525 -41.699585
v -260.358185 135.225525 -41.317463
v -260.537994 135.225525 -40.935341
v -260.707733 135.225525 -40.574650
v -260.857300 135.225525 -40.256809
v -260.976593 135.225525 -40.003254
v -261.055573 135.225525 -39.835407
v -261.084167 135.225525 -39.774700
v -260.842102 134.347305 -40.289059
v -263.306152 134.402832 -35.052711
v -263.270020 134.402832 -35.129524
v -263.170074 134.402832 -35.341873
v -263.019135 134.402832 -35.662655
v -262.829926 134.402832 -36.064762
v -262.615173 134.402832 -36.521088
v -262.387695 134.402832 -37.004517
v -262.160217 134.402832 -37.487949
v -261.945496 134.402832 -37.944271
v -261.756256 134.402832 -38.346378
v -261.605316 134.402832 -38.667164
v -261.505402 134.402832 -38.879509
v -261.469269 134.402832 -38.956318
v -261.455719 134.403915 -38.985088
v -261.442596 134.407181 -39.012985
v -261.429840 134.412582 -39.040073
v -261.417450 134.420151 -39.066437
v -261.405334 134.429871 -39.092148
v -261.393494 134.441742 -39.117287
v -261.381927 134.455750 -39.141930
v -261.370514 134.471909 -39.166145
v -261.359283 134.490189 -39.190022
v -261.348175 134.510590 -39.213631
v -261.337158 134.533127 -39.237045
v -261.326202 134.557785 -39.260345
v -261.318146 134.583664 -39.277435
v -261.310608 134.609634 -39.293457
v -261.303619 134.635773 -39.308327
v -261.297180 134.662170 -39.321960
v -261.291382 134.688904 -39.334290
v -261.286255 134.716110 -39.345230
v -261.281799 134.743835 -39.354698
v -261.278046 134.772186 -39.362625
v -261.275085 134.801254 -39.368927
v -261.272919 134.831146 -39.373528
v -261.271606 134.861923 -39.376343
v -261.271149 134.893707 -39.377300
v -261.271149 139.336227 -39.377300
v -261.678314 139.336227 -38.512070
v -261.678314 135.281052 -38.512070
v -263.548187 135.281052 -34.538357
v -266.023315 135.329056 -29.278433
v -265.781281 134.450836 -29.792795
v -265.756836 134.450836 -29.844769
v -265.689209 134.450836 -29.988466
v -265.587067 134.450836 -30.205540
v -265.459015 134.450836 -30.477648
v -265.313690 134.450836 -30.786448
v -265.159760 134.450836 -31.113590
v -265.005829 134.450836 -31.440731
v -264.860504 134.450836 -31.749529
v -264.732483 134.450836 -32.021637
v -264.630310 134.450836 -32.238716
v -264.562714 134.450836 -32.382412
v -264.538239 134.450836 -32.434387
v -264.397522 134.472961 -32.733418
v -264.262238 134.537506 -33.020920
v -264.133667 134.641693 -33.294140
v -264.013123 134.782730 -33.550316
v -263.901886 134.957840 -33.786690
v -263.801300 135.164261 -34.000500
v -263.712585 135.399200 -34.188988
v -263.637115 135.659882 -34.349392
v -263.576141 135.943527 -34.478958
v -263.530975 136.247360 -34.574921
v -263.502930 136.568619 -34.634521
v -263.493286 136.904495 -34.655003
v -263.502716 137.234909 -34.634972
v -263.530212 137.552582 -34.576557
v -263.574585 137.854477 -34.482273
v -263.634644 138.137543 -34.354633
v -263.709229 138.398727 -34.196152
v -263.797119 138.634964 -34.009338
v -263.897186 138.843246 -33.796715
v -264.008209 139.020477 -33.560791
v -264.128998 139.163651 -33.304085
v -264.258392 139.269684 -33.029106
v -264.395203 139.335541 -32.738369
v -264.538239 139.358170 -32.434387
v -265.990326 139.358170 -29.348545
v -265.748291 138.479950 -29.862904
v -265.724915 138.479950 -29.912579
v -265.660278 138.479950 -30.049913
v -265.562653 138.479950 -30.257376
v -265.440277 138.479950 -30.517439
v -265.301422 138.479950 -30.812565
v -265.154297 138.479950 -31.125221
v -265.007172 138.479950 -31.437880
v -264.868286 138.479950 -31.733006
v -264.745911 138.479950 -31.993069
v -264.648285 138.479950 -32.200531
v -264.583649 138.479950 -32.337868
v -264.560272 138.479950 -32.387543
v -264.484283 138.469910 -32.549072
v -264.410583 138.440521 -32.705647
v -264.339752 138.392853 -32.856216
v -264.272217 138.327972 -32.999729
v -264.208496 138.246964 -33.135124
v -264.149109 138.150864 -33.261341
v -264.094543 138.040787 -33.377327
v -264.045258 137.917770 -33.482029
v -264.001801 137.782913 -33.574387
v -263.964661 137.637268 -33.653339
v -263.934296 137.481903 -33.717838
v -263.911255 137.317902 -33.766819
v -265.869171 137.317902 -29.606035
v -265.627136 136.439682 -30.120394
v -265.593140 136.439682 -30.192604
v -265.499207 136.439682 -30.392246
v -265.357300 136.439682 -30.693829
v -265.179382 136.439682 -31.071873
v -264.977509 136.439682 -31.500891
v -264.763641 136.439682 -31.955393
v -264.549774 136.439682 -32.409897
v -264.347900 136.439682 -32.838913
v -264.169983 136.439682 -33.216957
v -264.028076 136.439682 -33.518543
v -263.934143 136.439682 -33.718185
v -263.900146 136.439682 -33.790398
v -263.923248 136.275818 -33.741291
v -263.953705 136.120544 -33.676598
v -263.990967 135.974960 -33.597397
v -264.034546 135.840103 -33.504780
v -264.083923 135.717087 -33.399834
v -264.138611 135.606964 -33.283638
v -264.198059 135.510834 -33.157284
v -264.261810 135.429749 -33.021858
v -264.329285 135.364822 -32.878441
v -264.400024 135.317093 -32.728123
v -264.473480 135.287674 -32.571987
v -264.549194 135.277634 -32.411121
v -264.549194 135.278641 -32.411118
v -264.549194 135.281433 -32.411098
v -264.549225 135.285660 -32.411072
v -264.549225 135.290955 -32.411041
v -264.549255 135.296967 -32.411003
v -264.549255 135.303345 -32.410965
v -264.549286 135.309708 -32.410927
v -264.549286 135.315720 -32.410889
v -264.549316 135.321014 -32.410858
v -264.549316 135.325241 -32.410831
v -264.549347 135.328033 -32.410816
v -255.639587 134.399750 -51.344978
v -255.056534 134.399750 -52.584030
v -253.857590 136.853424 -55.131935
v -253.879868 136.853424 -55.084568
v -253.941498 136.853424 -54.953613
v -254.034592 136.853424 -54.755783
v -254.151276 136.853424 -54.507801
v -254.283707 136.853424 -54.226383
v -254.423996 136.853424 -53.928249
v -254.564285 136.853424 -53.630112
v -254.696716 136.853424 -53.348698
v -254.813400 136.853424 -53.100716
v -254.906494 136.853424 -52.902885
v -254.968124 136.853424 -52.771931
v -254.990402 136.853424 -52.724564
v -255.012878 136.855484 -52.676807
v -255.035126 136.860962 -52.629532
v -255.057083 136.869797 -52.582878
v -255.078674 136.881912 -52.536976
v -255.099854 136.897247 -52.491970
v -255.120544 136.915741 -52.447998
v -255.140686 136.937332 -52.405197
v -255.160217 136.961960 -52.363705
v -255.179062 136.989548 -52.323658
v -255.197159 137.020035 -52.285198
v -255.214447 137.053360 -52.248463
v -255.230850 137.089462 -52.213585
v -255.246231 137.128021 -52.180923
v -255.260406 137.168625 -52.150776
v -255.273392 137.211136 -52.123199
v -255.285126 137.255402 -52.098248
v -255.295609 137.301254 -52.075985
v -255.304794 137.348557 -52.056461
v -255.312653 137.397156 -52.039742
v -255.319183 137.446884 -52.025883
v -255.324326 137.497604 -52.014938
v -255.328079 137.549164 -52.006966
v -255.330414 137.601410 -52.002029
v -255.331284 137.654175 -52.000179
v -255.330414 137.706955 -52.002029
v -255.328079 137.759201 -52.006969
v -255.324326 137.810776 -52.014946
v -255.319183 137.861511 -52.025894
v -255.312653 137.911255 -52.039764
v -255.304779 137.959869 -52.056492
v -255.295593 138.007172 -52.076023
v -255.285110 138.053040 -52.098301
v -255.273361 138.097321 -52.123264
v -255.260376 138.139832 -52.150856
v -255.246185 138.180435 -52.181019
v -255.230804 138.218994 -52.213696
v -255.214386 138.255096 -52.248589
v -255.197083 138.288437 -52.285343
v -255.178986 138.318924 -52.323822
v -255.160126 138.346497 -52.363884
v -255.140594 138.371124 -52.405396
v -255.120453 138.392700 -52.448212
v -255.099747 138.411179 -52.492203
v -255.078568 138.426514 -52.537228
v -255.056961 138.438599 -52.583141
v -255.034988 138.447418 -52.629814
v -255.012741 138.452881 -52.677105
v -254.990265 138.454926 -52.724873
v -253.659332 138.454926 -55.553223
v -253.659332 134.373352 -55.553223
v -253.252335 134.373352 -56.418140
v -253.252335 139.306747 -56.418140
v -253.286972 139.306747 -56.344543
v -253.382721 139.306747 -56.141071
v -253.527359 139.306747 -55.833698
v -253.708664 139.306747 -55.448402
v -253.914413 139.306747 -55.011154
v -254.132401 139.306747 -54.547928
v -254.350372 139.306747 -54.084705
v -254.556122 139.306747 -53.647457
v -254.737427 139.306747 -53.262161
v -254.882080 139.306747 -52.954788
v -254.977814 139.306747 -52.751316
v -255.012451 139.306747 -52.677719
v -255.107162 139.291992 -52.476437
v -255.198257 139.248886 -52.282860
v -255.284836 139.179260 -52.098858
v -255.366043 139.084869 -51.926300
v -255.440979 138.967529 -51.767052
v -255.508774 138.829025 -51.622982
v -255.568542 138.671158 -51.495953
v -255.619431 138.495682 -51.387836
v -255.660522 138.304428 -51.300495
v -255.690964 138.099182 -51.235794
v -255.709885 137.881714 -51.195606
v -255.716385 137.653824 -51.181797
v -255.710098 137.431412 -51.195156
v -255.691742 137.217529 -51.234158
v -255.662079 137.014221 -51.297176
v -255.621887 136.823547 -51.382595
v -255.571915 136.647583 -51.488789
v -255.512939 136.488388 -51.614140
v -255.445694 136.348038 -51.757023
v -255.370972 136.228577 -51.915821
v -255.289520 136.132065 -52.088909
v -255.202118 136.060577 -52.274670
v -255.109497 136.016174 -52.471481
v -255.012451 136.000916 -52.677719
v -255.008774 136.000916 -52.685535
v -254.998611 136.000931 -52.707134
v -254.983261 136.000961 -52.739765
v -254.964005 136.001007 -52.780670
v -254.942169 136.001038 -52.827087
v -254.919022 136.001083 -52.876266
v -254.895874 136.001129 -52.925442
v -254.874039 136.001160 -52.971863
v -254.854797 136.001205 -53.012764
v -254.839432 136.001236 -53.045395
v -254.829269 136.001251 -53.066998
v -254.825592 136.001251 -53.074810
v -249.778183 134.399414 -58.094727
v -249.754150 134.399414 -58.145782
v -249.687729 134.399414 -58.286930
v -249.587402 134.399414 -58.500156
v -249.461624 134.399414 -58.767441
v -249.318893 134.399414 -59.070763
v -249.167679 134.399414 -59.392101
v -249.016464 134.399414 -59.713444
v -248.873734 134.399414 -60.016762
v -248.747955 134.399414 -60.284046
v -248.647629 134.399414 -60.497272
v -248.581207 134.399414 -60.638424
v -248.557175 134.399414 -60.689476
v -248.414139 134.422043 -60.993454
v -248.277328 134.487900 -61.284195
v -248.147934 134.593933 -61.559174
v -248.027130 134.737091 -61.815880
v -247.916122 134.914337 -62.051804
v -247.816071 135.122604 -62.264427
v -247.728165 135.358856 -62.451237
v -247.653580 135.620041 -62.609718
v -247.593521 135.903091 -62.737358
v -247.549149 136.204987 -62.831646
v -247.521667 136.522675 -62.890060
v -247.512238 136.853073 -62.910091
v -247.521881 137.188965 -62.889610
v -247.549927 137.510208 -62.830009
v -247.595078 137.814056 -62.734047
v -247.656052 138.097702 -62.604481
v -247.731522 138.358383 -62.444077
v -247.820221 138.593323 -62.255585
v -247.920837 138.799744 -62.041775
v -248.032059 138.974854 -61.805401
v -248.152618 139.115891 -61.549225
v -248.281174 139.220062 -61.276005
v -248.416473 139.284607 -60.988503
v -248.557175 139.306747 -60.689476
v -248.581207 139.306747 -60.638420
v -248.647629 139.306747 -60.497272
v -248.747955 139.306747 -60.284046
v -248.873734 139.306747 -60.016762
v -249.016464 139.306747 -59.713440
v -249.167679 139.306747 -59.392101
v -249.318893 139.306747 -59.070759
v -249.461624 139.306747 -58.767441
v -249.587402 139.306747 -58.500156
v -249.687729 139.306747 -58.286930
v -249.754150 139.306747 -58.145782
v -249.778183 139.306747 -58.094727
v -249.921219 139.284119 -57.790749
v -250.058029 139.218262 -57.500011
v -250.187424 139.112228 -57.225029
v -250.308228 138.969070 -56.968323
v -250.419235 138.791824 -56.732399
v -250.519287 138.583557 -56.519775
v -250.607193 138.347305 -56.332966
v -250.681778 138.086121 -56.174484
v -250.741837 137.803055 -56.046841
v -250.786209 137.501160 -55.952557
v -250.813690 137.183487 -55.894142
v -250.823120 136.853073 -55.874111
v -250.813477 136.517197 -55.894592
v -250.785431 136.195953 -55.954193
v -250.740280 135.892105 -56.050156
v -250.679306 135.608459 -56.179722
v -250.603836 135.347778 -56.340126
v -250.515137 135.112839 -56.528618
v -250.414520 134.906418 -56.742428
v -250.303299 134.731308 -56.978798
v -250.182739 134.590271 -57.234978
v -250.054184 134.486084 -57.508198
v -249.918884 134.421539 -57.795700
v -248.590179 135.277634 -60.619362
v -248.613113 135.277634 -60.570610
v -248.676544 135.277634 -60.435825
v -248.772354 135.277634 -60.232208
v -248.892456 135.277634 -59.976974
v -249.028763 135.277634 -59.687325
v -249.173157 135.277634 -59.380466
v -249.317551 135.277634 -59.073612
v -249.453842 135.277634 -58.783962
v -249.573959 135.277634 -58.528725
v -249.669769 135.277634 -58.325111
v -249.733185 135.277634 -58.190323
v -249.756134 135.277634 -58.141571
v -249.801086 135.281723 -58.046032
v -249.845596 135.292633 -57.951454
v -249.889526 135.310257 -57.858109
v -249.932739 135.334457 -57.766277
v -249.975098 135.365112 -57.676231
v -250.016510 135.402084 -57.588253
v -250.056808 135.445236 -57.502613
v -250.095871 135.494461 -57.419594
v -250.133575 135.549637 -57.339466
v -250.169785 135.610611 -57.262512
v -250.204376 135.677261 -57.189003
v -250.237213 135.749481 -57.119217
v -250.267975 135.826584 -57.053864
v -250.296356 135.907806 -56.993534
v -250.322327 135.992844 -56.938351
v -250.345825 136.081375 -56.888428
v -250.366791 136.173111 -56.843872
v -250.385162 136.267746 -56.804810
v -250.400909 136.364960 -56.771355
v -250.413956 136.464447 -56.743614
v -250.424271 136.565918 -56.721714
v -250.431778 136.669067 -56.705765
v -250.436417 136.773575 -56.695885
v -250.438171 136.879135 -56.692184
v -250.436417 136.984695 -56.695885
v -250.431778 137.089203 -56.705765
v -250.424271 137.192337 -56.721714
v -250.413956 137.293808 -56.743614
v -250.400909 137.393311 -56.771355
v -250.385162 137.490524 -56.804810
v -250.366791 137.585144 -56.843872
v -250.345825 137.676880 -56.888428
v -250.322327 137.765411 -56.938354
v -250.296356 137.850449 -56.993538
v -250.267975 137.931671 -57.053864
v -250.237213 138.008774 -57.119217
v -250.204376 138.080994 -57.189003
v -250.169785 138.147644 -57.262512
v -250.133575 138.208633 -57.339466
v -250.095871 138.263794 -57.419594
v -250.056808 138.313019 -57.502613
v -250.016510 138.356186 -57.588253
v -249.975098 138.393158 -57.676231
v -249.932739 138.423798 -57.766277
v -249.889526 138.447998 -57.858109
v -249.845596 138.465622 -57.951454
v -249.801086 138.476547 -58.046032
v -249.756134 138.480637 -58.141571
v -249.733185 138.480637 -58.190323
v -249.669769 138.480637 -58.325111
v -249.573959 138.480637 -58.528725
v -249.453842 138.480637 -58.783962
v -249.317551 138.480637 -59.073612
v -249.173157 138.480637 -59.380466
v -249.028763 138.480637 -59.687325
v -248.892456 138.480637 -59.976974
v -248.772354 138.480637 -60.232208
v -248.676544 138.480637 -60.435825
v -248.613113 138.480637 -60.570610
v -248.590179 138.480637 -60.619362
v -248.545212 138.476547 -60.714901
v -248.500717 138.465622 -60.809483
v -248.456787 138.447998 -60.902824
v -248.413574 138.423798 -60.994659
v -248.371201 138.393158 -61.084702
v -248.329803 138.356186 -61.172684
v -248.289505 138.313019 -61.258324
v -248.250427 138.263794 -61.341343
v -248.212723 138.208633 -61.421471
v -248.176514 138.147644 -61.498425
v -248.141922 138.080994 -61.571934
v -248.109085 138.008774 -61.641716
v -248.078339 137.931671 -61.707069
v -248.049942 137.850449 -61.767399
v -248.023987 137.765411 -61.822586
v -248.000488 137.676880 -61.872509
v -247.979523 137.585144 -61.917061
v -247.961136 137.490524 -61.956123
v -247.945404 137.393311 -61.989582
v -247.932343 137.293808 -62.017319
v -247.922043 137.192337 -62.039219
v -247.914536 137.089203 -62.055168
v -247.909882 136.984695 -62.065052
v -247.908142 136.879135 -62.068752
v -247.909882 136.773560 -62.065052
v -247.914536 136.669067 -62.055168
v -247.922043 136.565918 -62.039219
v -247.932343 136.464447 -62.017319
v -247.945404 136.364960 -61.989582
v -247.961136 136.267746 -61.956123
v -247.979523 136.173111 -61.917061
v -248.000488 136.081375 -61.872509
v -248.023987 135.992844 -61.822586
v -248.049942 135.907806 -61.767399
v -248.078339 135.826584 -61.707073
v -248.109085 135.749481 -61.641716
v -248.141922 135.677261 -61.571934
v -248.176514 135.610611 -61.498425
v -248.212723 135.549637 -61.421471
v -248.250427 135.494461 -61.341343
v -248.289505 135.445236 -61.258324
v -248.329803 135.402084 -61.172684
v -248.371201 135.365112 -61.084702
v -248.413574 135.334457 -60.994659
v -248.456787 135.310257 -60.902824
v -248.500717 135.292633 -60.809483
v -248.545212 135.281723 -60.714901
v -254.782745 135.277634 -47.459480
v -254.541000 136.133575 -47.973217
v -255.618927 136.133575 -45.682491
v -255.046982 138.277359 -46.897964
v -254.002029 134.377136 -49.118580
v -253.529053 134.377136 -50.123718
v -254.792526 139.048965 -47.438694
v -254.806961 139.093018 -47.408009
v -254.822739 139.134644 -47.374481
v -254.839813 139.173599 -47.338200
v -254.858154 139.209595 -47.299240
v -254.877701 139.242371 -47.257687
v -254.898438 139.271652 -47.213623
v -254.920319 139.297165 -47.167130
v -254.943298 139.318649 -47.118286
v -254.967346 139.335831 -47.067177
v -254.992432 139.348434 -47.013882
v -255.018494 139.356201 -46.958485
v -255.045517 139.358856 -46.901070
v -255.070023 139.356720 -46.849003
v -255.093979 139.350388 -46.798077
v -255.117325 139.339935 -46.748455
v -255.139999 139.325455 -46.700291
v -255.161896 139.307022 -46.653748
v -255.182953 139.284729 -46.608986
v -255.203110 139.258636 -46.566162
v -255.222275 139.228851 -46.525436
v -255.240372 139.195435 -46.486969
v -255.257339 139.158493 -46.450920
v -255.273087 139.118103 -46.417446
v -255.287552 139.074341 -46.386711
v -255.312653 138.982361 -46.333359
v -255.382065 138.728043 -46.185863
v -255.486908 138.343887 -45.963055
v -255.618347 137.862320 -45.683754
v -255.767487 137.315826 -45.366798
v -255.925491 136.736877 -45.031010
v -256.083496 136.157913 -44.695225
v -256.232666 135.611435 -44.378269
v -256.364075 135.129868 -44.098969
v -256.468933 134.745697 -43.876156
v -256.538330 134.491394 -43.728661
v -256.563446 134.399414 -43.675312
v -256.091766 134.399414 -44.677662
v -255.871780 135.277634 -45.145172
v -257.411591 134.347305 -41.872887
v -257.411591 134.348328 -41.872871
v -257.411621 134.351166 -41.872841
v -257.411652 134.355453 -41.872787
v -257.411682 134.360809 -41.872726
v -257.411713 134.366913 -41.872654
v -257.411743 134.373352 -41.872578
v -257.411774 134.379807 -41.872501
v -257.411804 134.385895 -41.872429
v -257.411835 134.391266 -41.872368
v -257.411865 134.395554 -41.872314
v -257.411896 134.398392 -41.872284
v -257.411896 134.399414 -41.872269
v -257.268860 134.422043 -42.176247
v -257.132050 134.487900 -42.466984
v -257.002655 134.593933 -42.741962
v -256.881836 134.737091 -42.998672
v -256.770813 134.914337 -43.234592
v -256.670776 135.122604 -43.447216
v -256.582855 135.358856 -43.634026
v -256.508301 135.620041 -43.792511
v -256.448242 135.903091 -43.920147
v -256.403870 136.204987 -44.014435
v -256.376373 136.522675 -44.072845
v -256.366943 136.853073 -44.092880
v -256.376587 137.188965 -44.072399
v -256.404633 137.510208 -44.012798
v -256.449799 137.814056 -43.916832
v -256.510773 138.097702 -43.787270
v -256.586243 138.358383 -43.626862
v -256.674927 138.593323 -43.438374
v -256.775543 138.799744 -43.224564
v -256.886780 138.974854 -42.988194
v -257.007324 139.115891 -42.732018
v -257.135895 139.220062 -42.458797
v -257.271179 139.284607 -42.171295
v -257.411896 139.306747 -41.872269
v -257.440460 139.306747 -41.811554
v -257.519440 139.306747 -41.643707
v -257.638763 139.306747 -41.390152
v -257.788330 139.306747 -41.072311
v -257.958038 139.306747 -40.711620
v -258.137848 139.306747 -40.329498
v -258.317688 139.306747 -39.947380
v -258.487396 139.306747 -39.586685
v -258.636963 139.306747 -39.268845
v -258.756287 139.306747 -39.015289
v -258.835266 139.306747 -38.847443
v -258.863831 139.306747 -38.786736
v -258.621796 138.428528 -39.301094
v -257.433777 138.428528 -41.825729
v -257.388824 138.424438 -41.921268
v -257.344330 138.413513 -42.015846
v -257.300415 138.395889 -42.109192
v -257.257202 138.371704 -42.201023
v -257.214813 138.341049 -42.291069
v -257.173401 138.304077 -42.379051
v -257.133118 138.260925 -42.464687
v -257.094055 138.211685 -42.547710
v -257.056335 138.156525 -42.627838
v -257.020142 138.095551 -42.704792
v -256.985535 138.028885 -42.778297
v -256.952698 137.956680 -42.848083
v -256.921967 137.879562 -42.913437
v -256.893555 137.798340 -42.973766
v -256.867584 137.713318 -43.028950
v -256.844116 137.624771 -43.078876
v -256.823151 137.533051 -43.123428
v -256.804749 137.438416 -43.162491
v -256.789001 137.341202 -43.195950
v -256.775970 137.241714 -43.223686
v -256.765656 137.140244 -43.245590
v -256.758148 137.037094 -43.261536
v -256.753510 136.932587 -43.271420
v -256.751770 136.827026 -43.275120
v -256.753510 136.721466 -43.271420
v -256.758148 136.616959 -43.261536
v -256.765656 136.513824 -43.245586
v -256.775970 136.412354 -43.223686
v -256.789001 136.312851 -43.195950
v -256.804749 136.215637 -43.162491
v -256.823151 136.121017 -43.123428
v -256.844116 136.029282 -43.078876
v -256.867584 135.940735 -43.028950
v -256.893555 135.855713 -42.973763
v -256.921967 135.774490 -42.913437
v -256.952698 135.697372 -42.848083
v -256.985535 135.625168 -42.778301
v -257.020142 135.558502 -42.704792
v -257.056335 135.497528 -42.627838
v -257.094055 135.442368 -42.547710
v -257.133118 135.393143 -42.464691
v -257.173401 135.349976 -42.379051
v -257.214813 135.313004 -42.291069
v -257.257202 135.282364 -42.201027
v -257.300415 135.258163 -42.109196
v -257.344330 135.240540 -42.015850
v -257.388824 135.229614 -41.921272
v -257.433777 135.225525 -41.825729
v -257.462341 135.225525 -41.765018
v -257.541351 135.225525 -41.597172
v -257.660645 135.225525 -41.343616
v -257.810211 135.225525 -41.025776
v -257.979950 135.225525 -40.665085
v -258.159760 135.225525 -40.282963
v -258.339569 135.225525 -39.900841
v -258.509308 135.225525 -39.540150
v -258.658875 135.225525 -39.222309
v -258.778168 135.225525 -38.968754
v -258.857178 135.225525 -38.800907
v -258.885742 135.225525 -38.740200
v -258.643677 134.347305 -39.254559
v -261.107727 134.402832 -34.018211
v -261.071594 134.402832 -34.095024
v -260.971649 134.402832 -34.307373
v -260.820709 134.402832 -34.628155
v -260.631500 134.402832 -35.030262
v -260.416779 134.402832 -35.486588
v -260.189270 134.402832 -35.970016
v -259.961792 134.402832 -36.453449
v -259.747070 134.402832 -36.909771
v -259.557861 134.402832 -37.311878
v -259.406891 134.402832 -37.632664
v -259.306976 134.402832 -37.845009
v -259.270844 134.402832 -37.921818
v -259.257294 134.403915 -37.950588
v -259.244171 134.407181 -37.978485
v -259.231415 134.412582 -38.005573
v -259.219025 134.420151 -38.031937
v -259.206909 134.429871 -38.057648
v -259.195099 134.441742 -38.082787
v -259.183502 134.455750 -38.107430
v -259.172089 134.471909 -38.131645
v -259.160858 134.490189 -38.155521
v -259.149750 134.510590 -38.179131
v -259.138733 134.533127 -38.202545
v -259.127777 134.557785 -38.225845
v -259.119720 134.583664 -38.242935
v -259.112183 134.609634 -38.258957
v -259.105194 134.635773 -38.273827
v -259.098785 134.662170 -38.287460
v -259.092957 134.688904 -38.299789
v -259.087830 134.716110 -38.310730
v -259.083374 134.743835 -38.320198
v -259.079651 134.772186 -38.328125
v -259.076660 134.801254 -38.334427
v -259.074493 134.831146 -38.339027
v -259.073181 134.861923 -38.341843
v -259.072723 134.893707 -38.342800
v -259.072723 139.336227 -38.342800
v -259.479889 139.336227 -37.477570
v -259.479889 135.281052 -37.477570
v -261.349762 135.281052 -33.503857
v -263.824890 135.329056 -28.243933
v -263.582855 134.450836 -28.758295
v -263.558411 134.450836 -28.810268
v -263.490784 134.450836 -28.953966
v -263.388641 134.450836 -29.171040
v -263.260590 134.450836 -29.443148
v -263.115295 134.450836 -29.751947
v -262.961334 134.450836 -30.079090
v -262.807404 134.450836 -30.406231
v -262.662079 134.450836 -30.715029
v -262.534058 134.450836 -30.987139
v -262.431885 134.450836 -31.204214
v -262.364288 134.450836 -31.347912
v -262.339813 134.450836 -31.399887
v -262.199097 134.472961 -31.698917
v -262.063812 134.537506 -31.986422
v -261.935242 134.641693 -32.259640
v -261.814697 134.782730 -32.515816
v -261.703461 134.957840 -32.752190
v -261.602875 135.164261 -32.966000
v -261.514160 135.399200 -33.154488
v -261.438690 135.659882 -33.314892
v -261.377716 135.943527 -33.444458
v -261.332550 136.247360 -33.540421
v -261.304504 136.568619 -33.600021
v -261.294891 136.904495 -33.620502
v -261.304291 137.234909 -33.600471
v -261.331787 137.552582 -33.542057
v -261.376160 137.854477 -33.447773
v -261.436218 138.137543 -33.320133
v -261.510803 138.398727 -33.161652
v -261.598694 138.634964 -32.974838
v -261.698761 138.843246 -32.762215
v -261.809784 139.020477 -32.526291
v -261.930573 139.163651 -32.269585
v -262.059967 139.269684 -31.994604
v -262.196777 139.335541 -31.703869
v -262.339813 139.358170 -31.399887
v -263.791901 139.358170 -28.314045
v -263.549866 138.479950 -28.828403
v -263.526489 138.479950 -28.878078
v -263.461853 138.479950 -29.015413
v -263.364258 138.479950 -29.222876
v -263.241882 138.479950 -29.482939
v -263.102997 138.479950 -29.778065
v -262.955872 138.479950 -30.090721
v -262.808746 138.479950 -30.403379
v -262.669861 138.479950 -30.698505
v -262.547485 138.479950 -30.958569
v -262.449860 138.479950 -31.166033
v -262.385223 138.479950 -31.303370
v -262.361877 138.479950 -31.353045
v -262.285858 138.469910 -31.514570
v -262.212189 138.440521 -31.671146
v -262.141327 138.392853 -31.821718
v -262.073792 138.327972 -31.965231
v -262.010071 138.246964 -32.100624
v -261.950684 138.150864 -32.226841
v -261.896118 138.040787 -32.342827
v -261.846832 137.917770 -32.447529
v -261.803375 137.782913 -32.539886
v -261.766235 137.637268 -32.618839
v -261.735870 137.481903 -32.683338
v -261.712830 137.317902 -32.732319
v -263.670746 137.317902 -28.571535
v -263.428711 136.439682 -29.085894
v -263.394714 136.439682 -29.158104
v -263.300781 136.439682 -29.357746
v -263.158875 136.439682 -29.659328
v -262.980957 136.439682 -30.037373
v -262.779083 136.439682 -30.466391
v -262.565216 136.439682 -30.920893
v -262.351349 136.439682 -31.375397
v -262.149475 136.439682 -31.804413
v -261.971558 136.439682 -32.182457
v -261.829651 136.439682 -32.484043
v -261.735718 136.439682 -32.683685
v -261.701721 136.439682 -32.755898
v -261.724823 136.275818 -32.706791
v -261.755280 136.120544 -32.642097
v -261.792542 135.974960 -32.562897
v -261.836121 135.840103 -32.470280
v -261.885529 135.717087 -32.365334
v -261.940186 135.606964 -32.249138
v -261.999664 135.510834 -32.122787
v -262.063385 135.429749 -31.987356
v -262.130859 135.364822 -31.843941
v -262.201599 135.317093 -31.693623
v -262.275085 135.287674 -31.537487
v -262.350769 135.277634 -31.376621
v -262.350769 135.278641 -31.376616
v -262.350769 135.281433 -31.376598
v -262.350800 135.285660 -31.376574
v -262.350800 135.290955 -31.376541
v -262.350830 135.296967 -31.376505
v -262.350830 135.303345 -31.376465
v -262.350861 135.309708 -31.376427
v -262.350891 135.315720 -31.376390
v -262.350891 135.321014 -31.376356
v -262.350891 135.325241 -31.376331
v -262.350922 135.328033 -31.376316
v -253.441162 134.399750 -50.310478
v -252.858109 134.399750 -51.549530
v -251.659164 136.853424 -54.097435
v -251.681442 136.853424 -54.050068
v -251.743073 136.853424 -53.919113
v -251.836166 136.853424 -53.721283
v -251.952850 136.853424 -53.473301
v -252.085281 136.853424 -53.191883
v -252.225571 136.853424 -52.893749
v -252.365860 136.853424 -52.595612
v -252.498291 136.853424 -52.314198
v -252.614975 136.853424 -52.066216
v -252.708069 136.853424 -51.868385
v -252.769699 136.853424 -51.737431
v -252.791977 136.853424 -51.690063
v -252.814453 136.855484 -51.642307
v -252.836700 136.860962 -51.595032
v -252.858658 136.869797 -51.548378
v -252.880249 136.881912 -51.502476
v -252.901428 136.897247 -51.457470
v -252.922119 136.915741 -51.413498
v -252.942261 136.937332 -51.370697
v -252.961792 136.961960 -51.329205
v -252.980637 136.989548 -51.289158
v -252.998734 137.020035 -51.250698
v -253.016022 137.053360 -51.213963
v -253.032425 137.089462 -51.179085
v -253.047806 137.128021 -51.146427
v -253.061981 137.168625 -51.116276
v -253.074966 137.211136 -51.088699
v -253.086700 137.255402 -51.063747
v -253.097183 137.301254 -51.041485
v -253.106369 137.348557 -51.021961
v -253.114243 137.397156 -51.005241
v -253.120758 137.446884 -50.991383
v -253.125916 137.497604 -50.980438
v -253.129654 137.549164 -50.972466
v -253.131989 137.601410 -50.967529
v -253.132858 137.654175 -50.965679
v -253.131989 137.706955 -50.967529
v -253.129654 137.759201 -50.972469
v -253.125900 137.810776 -50.980446
v -253.120758 137.861511 -50.991394
v -253.114227 137.911255 -51.005264
v -253.106354 137.959869 -51.021992
v -253.097168 138.007172 -51.041523
v -253.086685 138.053040 -51.063801
v -253.074936 138.097321 -51.088764
v -253.061951 138.139832 -51.116356
v -253.047760 138.180435 -51.146519
v -253.032379 138.218994 -51.179195
v -253.015961 138.255096 -51.214088
v -252.998672 138.288437 -51.250843
v -252.980560 138.318924 -51.289322
v -252.961700 138.346497 -51.329384
v -252.942169 138.371124 -51.370895
v -252.922028 138.392700 -51.413715
v -252.901321 138.411179 -51.457703
v -252.880142 138.426514 -51.502728
v -252.858536 138.438599 -51.548641
v -252.836563 138.447418 -51.595314
v -252.814316 138.452881 -51.642605
v -252.791840 138.454926 -51.690372
v -251.460922 138.454926 -54.518723
v -251.460922 134.373352 -54.518723
v -251.053925 134.373352 -55.383640
v -251.053925 139.306747 -55.383640
v -251.088547 139.306747 -55.310043
v -251.184296 139.306747 -55.106571
v -251.328934 139.306747 -54.799198
v -251.510239 139.306747 -54.413902
v -251.716003 139.306747 -53.976654
v -251.933975 139.306747 -53.513428
v -252.151947 139.306747 -53.050205
v -252.357697 139.306747 -52.612957
v -252.539017 139.306747 -52.227661
v -252.683655 139.306747 -51.920288
v -252.779388 139.306747 -51.716816
v -252.814026 139.306747 -51.643219
v -252.908737 139.291992 -51.441936
v -252.999832 139.248886 -51.248360
v -253.086426 139.179260 -51.064358
v -253.167618 139.084869 -50.891800
v -253.242554 138.967529 -50.732552
v -253.310349 138.829025 -50.588482
v -253.370117 138.671158 -50.461452
v -253.421005 138.495682 -50.353336
v -253.462097 138.304428 -50.265995
v -253.492538 138.099182 -50.201294
v -253.511459 137.881714 -50.161106
v -253.517960 137.653824 -50.147297
v -253.511673 137.431412 -50.160656
v -253.493317 137.217529 -50.199657
v -253.463654 137.014221 -50.262676
v -253.423462 136.823547 -50.348095
v -253.373489 136.647583 -50.454288
v -253.314514 136.488388 -50.579639
v -253.247269 136.348038 -50.722523
v -253.172546 136.228577 -50.881321
v -253.091095 136.132065 -51.054409
v -253.003693 136.060577 -51.240170
v -252.911072 136.016174 -51.436981
v -252.814026 136.000916 -51.643219
v -252.810349 136.000916 -51.651035
v -252.800186 136.000931 -51.672634
v -252.784836 136.000961 -51.705265
v -252.765579 136.001007 -51.746170
v -252.743744 136.001038 -51.792587
v -252.720596 136.001083 -51.841766
v -252.697464 136.001129 -51.890942
v -252.675613 136.001160 -51.937363
v -252.656372 136.001205 -51.978264
v -252.641006 136.001236 -52.010895
v -252.630844 136.001251 -52.032497
v -252.627167 136.001251 -52.040310
v -254.782745 135.277634 -47.459480
v -256.981171 135.277634 -48.493980
v -254.541000 136.133575 -47.973217
v -256.739410 136.133575 -49.007717
v -255.618927 136.133575 -45.682491
v -257.817352 136.133575 -46.716991
v -255.046982 138.277359 -46.897964
v -257.245392 138.277359 -47.932465
v -254.002029 134.377136 -49.118580
v -256.200470 134.377136 -50.153080
v -253.529053 134.377136 -50.123718
v -255.727478 134.377136 -51.158218
v -254.792526 139.048965 -47.438694
v -256.990936 139.048965 -48.473194
v -254.806961 139.093018 -47.408009
v -257.005402 139.093018 -48.442509
v -254.822739 139.134644 -47.374481
v -257.021179 139.134644 -48.408981
v -254.839813 139.173599 -47.338200
v -257.038239 139.173599 -48.372700
v -254.858154 139.209595 -47.299240
v -257.056580 139.209595 -48.333740
v -254.877701 139.242371 -47.257687
v -257.076141 139.242371 -48.292187
v -254.898438 139.271652 -47.213623
v -257.096863 139.271652 -48.248123
v -254.920319 139.297165 -47.167130
v -257.118744 139.297165 -48.201626
v -254.943298 139.318649 -47.118286
v -257.141724 139.318649 -48.152786
v -254.967346 139.335831 -47.067177
v -257.165771 139.335831 -48.101677
v -254.992432 139.348434 -47.013882
v -257.190857 139.348434 -48.048382
v -255.018494 139.356201 -46.958485
v -257.216919 139.356201 -47.992985
v -255.045517 139.358856 -46.901070
v -257.243927 139.358856 -47.935566
v -255.070023 139.356720 -46.849003
v -257.268433 139.356720 -47.883503
v -255.093979 139.350388 -46.798077
v -257.292389 139.350388 -47.832577
v -255.117325 139.339935 -46.748455
v -257.315765 139.339935 -47.782955
v -255.139999 139.325455 -46.700291
v -257.338409 139.325455 -47.734791
v -255.161896 139.307022 -46.653748
v -257.360321 139.307022 -47.688248
v -255.182953 139.284729 -46.608986
v -257.381378 139.284729 -47.643486
v -255.203110 139.258636 -46.566162
v -257.401520 139.258636 -47.600662
v -255.222275 139.228851 -46.525436
v -257.420685 139.228851 -47.559937
v -255.240372 139.195435 -46.486969
v -257.438812 139.195435 -47.521469
v -255.257339 139.158493 -46.450920
v -257.455750 139.158493 -47.485420
v -255.273087 139.118103 -46.417446
v -257.471527 139.118103 -47.451946
v -255.287552 139.074341 -46.386711
v -257.485992 139.074341 -47.421211
v -255.312653 138.982361 -46.333359
v -257.511078 138.982361 -47.367859
v -255.382065 138.728043 -46.185863
v -257.580475 138.728043 -47.220364
v -255.486908 138.343887 -45.963055
v -257.685333 138.343887 -46.997551
v -255.618347 137.862320 -45.683754
v -257.816772 137.862320 -46.718254
v -255.767487 137.315826 -45.366798
v -257.965912 137.315826 -46.401299
v -255.925491 136.736877 -45.031010
v -258.123932 136.736877 -46.065510
v -256.083496 136.157913 -44.695225
v -258.281921 136.157913 -45.729725
v -256.232666 135.611435 -44.378269
v -258.431091 135.611435 -45.412769
v -256.364075 135.129868 -44.098969
v -258.562500 135.129868 -45.133469
v -256.468933 134.745697 -43.876156
v -258.667358 134.745697 -44.910656
v -256.538330 134.491394 -43.728661
v -258.736755 134.491394 -44.763161
v -256.563446 134.399414 -43.675312
v -258.761871 134.399414 -44.709812
v -256.091766 134.399414 -44.677662
v -258.290192 134.399414 -45.712162
v -255.871780 135.277634 -45.145172
v -258.070190 135.277634 -46.179672
v -261.107727 134.402832 -34.018211
v -263.306152 134.402832 -35.052711
v -261.071594 134.402832 -34.095024
v -263.270020 134.402832 -35.129524
v -260.971649 134.402832 -34.307373
v -263.170074 134.402832 -35.341873
v -260.820709 134.402832 -34.628155
v -263.019135 134.402832 -35.662655
v -260.631500 134.402832 -35.030262
v -262.829926 134.402832 -36.064762
v -260.416779 134.402832 -35.486588
v -262.615173 134.402832 -36.521088
v -260.189270 134.402832 -35.970016
v -262.387695 134.402832 -37.004517
v -259.961792 134.402832 -36.453449
v -262.160217 134.402832 -37.487949
v -259.747070 134.402832 -36.909771
v -261.945496 134.402832 -37.944271
v -259.557861 134.402832 -37.311878
v -261.756256 134.402832 -38.346378
v -259.406891 134.402832 -37.632664
v -261.605316 134.402832 -38.667164
v -259.306976 134.402832 -37.845009
v -261.505402 134.402832 -38.879509
v -259.270844 134.402832 -37.921818
v -261.469269 134.402832 -38.956318
v -259.257294 134.403915 -37.950588
v -261.455719 134.403915 -38.985088
v -259.244171 134.407181 -37.978485
v -261.442596 134.407181 -39.012985
v -259.231415 134.412582 -38.005573
v -261.429840 134.412582 -39.040073
v -259.219025 134.420151 -38.031937
v -261.417450 134.420151 -39.066437
v -259.206909 134.429871 -38.057648
v -261.405334 134.429871 -39.092148
v -259.195099 134.441742 -38.082787
v -261.393494 134.441742 -39.117287
v -259.183502 134.455750 -38.107430
v -261.381927 134.455750 -39.141930
v -259.172089 134.471909 -38.131645
v -261.370514 134.471909 -39.166145
v -259.160858 134.490189 -38.155521
v -261.359283 134.490189 -39.190022
v -259.149750 134.510590 -38.179131
v -261.348175 134.510590 -39.213631
v -259.138733 134.533127 -38.202545
v -261.337158 134.533127 -39.237045
v -259.127777 134.557785 -38.225845
v -261.326202 134.557785 -39.260345
v -259.119720 134.583664 -38.242935
v -261.318146 134.583664 -39.277435
v -259.112183 134.609634 -38.258957
v -261.310608 134.609634 -39.293457
v -259.105194 134.635773 -38.273827
v -261.303619 134.635773 -39.308327
v -259.098785 134.662170 -38.287460
v -261.297180 134.662170 -39.321960
v -259.092957 134.688904 -38.299789
v -261.291382 134.688904 -39.334290
v -259.087830 134.716110 -38.310730
v -261.286255 134.716110 -39.345230
v -259.083374 134.743835 -38.320198
v -261.281799 134.743835 -39.354698
v -259.079651 134.772186 -38.328125
v -261.278046 134.772186 -39.362625
v -259.076660 134.801254 -38.334427
v -261.275085 134.801254 -39.368927
v -259.074493 134.831146 -38.339027
v -261.272919 134.831146 -39.373528
v -259.073181 134.861923 -38.341843
v -261.271606 134.861923 -39.376343
v -259.072723 134.893707 -38.342800
v -261.271149 134.893707 -39.377300
v -259.072723 139.336227 -38.342800
v -261.271149 139.336227 -39.377300
v -259.479889 139.336227 -37.477570
v -261.678314 139.336227 -38.512070
v -259.479889 135.281052 -37.477570
v -261.678314 135.281052 -38.512070
v -261.349762 135.281052 -33.503857
v -263.548187 135.281052 -34.538357
v -253.441162 134.399750 -50.310478
v -255.639587 134.399750 -51.344978
v -252.858109 134.399750 -51.549530
v -255.056534 134.399750 -52.584030
v -251.659164 136.853424 -54.097435
v -253.857590 136.853424 -55.131935
v -251.681442 136.853424 -54.050068
v -253.879868 136.853424 -55.084568
v -251.743073 136.853424 -53.919113
v -253.941498 136.853424 -54.953613
v -251.836166 136.853424 -53.721283
v -254.034592 136.853424 -54.755783
v -251.952850 136.853424 -53.473301
v -254.151276 136.853424 -54.507801
v -252.085281 136.853424 -53.191883
v -254.283707 136.853424 -54.226383
v -252.225571 136.853424 -52.893749
v -254.423996 136.853424 -53.928249
v -252.365860 136.853424 -52.595612
v -254.564285 136.853424 -53.630112
v -252.498291 136.853424 -52.314198
v -254.696716 136.853424 -53.348698
v -252.614975 136.853424 -52.066216
v -254.813400 136.853424 -53.100716
v -252.708069 136.853424 -51.868385
v -254.906494 136.853424 -52.902885
v -252.769699 136.853424 -51.737431
v -254.968124 136.853424 -52.771931
v -252.791977 136.853424 -51.690063
v -254.990402 136.853424 -52.724564
v -252.814453 136.855484 -51.642307
v -255.012878 136.855484 -52.676807
v -252.836700 136.860962 -51.595032
v -255.035126 136.860962 -52.629532
v -252.858658 136.869797 -51.548378
v -255.057083 136.869797 -52.582878
v -252.880249 136.881912 -51.502476
v -255.078674 136.881912 -52.536976
v -252.901428 136.897247 -51.457470
v -255.099854 136.897247 -52.491970
v -252.922119 136.915741 -51.413498
v -255.120544 136.915741 -52.447998
v -252.942261 136.937332 -51.370697
v -255.140686 136.937332 -52.405197
v -252.961792 136.961960 -51.329205
v -255.160217 136.961960 -52.363705
v -252.980637 136.989548 -51.289158
v -255.179062 136.989548 -52.323658
v -252.998734 137.020035 -51.250698
v -255.197159 137.020035 -52.285198
v -253.016022 137.053360 -51.213963
v -255.214447 137.053360 -52.248463
v -253.032425 137.089462 -51.179085
v -255.230850 137.089462 -52.213585
v -253.047806 137.128021 -51.146427
v -255.246231 137.128021 -52.180923
v -253.061981 137.168625 -51.116276
v -255.260406 137.168625 -52.150776
v -253.074966 137.211136 -51.088699
v -255.273392 137.211136 -52.123199
v -253.086700 137.255402 -51.063747
v -255.285126 137.255402 -52.098248
v -253.097183 137.301254 -51.041485
v -255.295609 137.301254 -52.075985
v -253.106369 137.348557 -51.021961
v -255.304794 137.348557 -52.056461
v -253.114243 137.397156 -51.005241
v -255.312653 137.397156 -52.039742
v -253.120758 137.446884 -50.991383
v -255.319183 137.446884 -52.025883
v -253.125916 137.497604 -50.980438
v -255.324326 137.497604 -52.014938
v -253.129654 137.549164 -50.972466
v -255.328079 137.549164 -52.006966
v -253.131989 137.601410 -50.967529
v -255.330414 137.601410 -52.002029
v -253.132858 137.654175 -50.965679
v -255.331284 137.654175 -52.000179
v -253.131989 137.706955 -50.967529
v -255.330414 137.706955 -52.002029
v -253.129654 137.759201 -50.972469
v -255.328079 137.759201 -52.006969
v -253.125900 137.810776 -50.980446
v -255.324326 137.810776 -52.014946
v -253.120758 137.861511 -50.991394
v -255.319183 137.861511 -52.025894
v -253.114227 137.911255 -51.005264
v -255.312653 137.911255 -52.039764
v -253.106354 137.959869 -51.021992
v -255.304779 137.959869 -52.056492
v -253.097168 138.007172 -51.041523
v -255.295593 138.007172 -52.076023
v -253.086685 138.053040 -51.063801
v -255.285110 138.053040 -52.098301
v -253.074936 138.097321 -51.088764
v -255.273361 138.097321 -52.123264
v -253.061951 138.139832 -51.116356
v -255.260376 138.139832 -52.150856
v -253.047760 138.180435 -51.146519
v -255.246185 138.180435 -52.181019
v -253.032379 138.218994 -51.179195
v -255.230804 138.218994 -52.213696
v -253.015961 138.255096 -51.214088
v -255.214386 138.255096 -52.248589
v -252.998672 138.288437 -51.250843
v -255.197083 138.288437 -52.285343
v -252.980560 138.318924 -51.289322
v -255.178986 138.318924 -52.323822
v -252.961700 138.346497 -51.329384
v -255.160126 138.346497 -52.363884
v -252.942169 138.371124 -51.370895
v -255.140594 138.371124 -52.405396
v -252.922028 138.392700 -51.413715
v -255.120453 138.392700 -52.448212
v -252.901321 138.411179 -51.457703
v -255.099747 138.411179 -52.492203
v -252.880142 138.426514 -51.502728
v -255.078568 138.426514 -52.537228
v -252.858536 138.438599 -51.548641
v -255.056961 138.438599 -52.583141
v -252.836563 138.447418 -51.595314
v -255.034988 138.447418 -52.629814
v -252.814316 138.452881 -51.642605
v -255.012741 138.452881 -52.677105
v -252.791840 138.454926 -51.690372
v -254.990265 138.454926 -52.724873
v -251.460922 138.454926 -54.518723
v -253.659332 138.454926 -55.553223
v -251.460922 134.373352 -54.518723
v -253.659332 134.373352 -55.553223
v -251.053925 134.373352 -55.383640
v -253.252335 134.373352 -56.418140
v -251.053925 139.306747 -55.383640
v -253.252335 139.306747 -56.418140
v -251.088547 139.306747 -55.310043
v -253.286972 139.306747 -56.344543
v -251.184296 139.306747 -55.106571
v -253.382721 139.306747 -56.141071
v -251.328934 139.306747 -54.799198
v -253.527359 139.306747 -55.833698
v -251.510239 139.306747 -54.413902
v -253.708664 139.306747 -55.448402
v -251.716003 139.306747 -53.976654
v -253.914413 139.306747 -55.011154
v -251.933975 139.306747 -53.513428
v -254.132401 139.306747 -54.547928
v -252.151947 139.306747 -53.050205
v -254.350372 139.306747 -54.084705
v -252.357697 139.306747 -52.612957
v -254.556122 139.306747 -53.647457
v -252.539017 139.306747 -52.227661
v -254.737427 139.306747 -53.262161
v -252.683655 139.306747 -51.920288
v -254.882080 139.306747 -52.954788
v -252.779388 139.306747 -51.716816
v -254.977814 139.306747 -52.751316
v -252.814026 139.306747 -51.643219
v -255.012451 139.306747 -52.677719
v -252.908737 139.291992 -51.441936
v -255.107162 139.291992 -52.476437
v -252.999832 139.248886 -51.248360
v -255.198257 139.248886 -52.282860
v -253.086426 139.179260 -51.064358
v -255.284836 139.179260 -52.098858
v -253.167618 139.084869 -50.891800
v -255.366043 139.084869 -51.926300
v -253.242554 138.967529 -50.732552
v -255.440979 138.967529 -51.767052
v -253.310349 138.829025 -50.588482
v -255.508774 138.829025 -51.622982
v -253.370117 138.671158 -50.461452
v -255.568542 138.671158 -51.495953
v -253.421005 138.495682 -50.353336
v -255.619431 138.495682 -51.387836
v -253.462097 138.304428 -50.265995
v -255.660522 138.304428 -51.300495
v -253.492538 138.099182 -50.201294
v -255.690964 138.099182 -51.235794
v -253.511459 137.881714 -50.161106
v -255.709885 137.881714 -51.195606
v -253.517960 137.653824 -50.147297
v -255.716385 137.653824 -51.181797
v -253.511673 137.431412 -50.160656
v -255.710098 137.431412 -51.195156
v -253.493317 137.217529 -50.199657
v -255.691742 137.217529 -51.234158
v -253.463654 137.014221 -50.262676
v -255.662079 137.014221 -51.297176
v -253.423462 136.823547 -50.348095
v -255.621887 136.823547 -51.382595
v -253.373489 136.647583 -50.454288
v -255.571915 136.647583 -51.488789
v -253.314514 136.488388 -50.579639
v -255.512939 136.488388 -51.614140
v -253.247269 136.348038 -50.722523
v -255.445694 136.348038 -51.757023
v -253.172546 136.228577 -50.881321
v -255.370972 136.228577 -51.915821
v -253.091095 136.132065 -51.054409
v -255.289520 136.132065 -52.088909
v -253.003693 136.060577 -51.240170
v -255.202118 136.060577 -52.274670
v -252.911072 136.016174 -51.436981
v -255.109497 136.016174 -52.471481
v -252.814026 136.000916 -51.643219
v -255.012451 136.000916 -52.677719
v -252.810349 136.000916 -51.651035
v -255.008774 136.000916 -52.685535
v -252.800186 136.000931 -51.672634
v -254.998611 136.000931 -52.707134
v -252.784836 136.000961 -51.705265
v -254.983261 136.000961 -52.739765
v -252.765579 136.001007 -51.746170
v -254.964005 136.001007 -52.780670
v -252.743744 136.001038 -51.792587
v -254.942169 136.001038 -52.827087
v -252.720596 136.001083 -51.841766
v -254.919022 136.001083 -52.876266
v -252.697464 136.001129 -51.890942
v -254.895874 136.001129 -52.925442
v -252.675613 136.001160 -51.937363
v -254.874039 136.001160 -52.971863
v -252.656372 136.001205 -51.978264
v -254.854797 136.001205 -53.012764
v -252.641006 136.001236 -52.010895
v -254.839432 136.001236 -53.045395
v -252.630844 136.001251 -52.032497
v -254.829269 136.001251 -53.066998
v -252.627167 136.001251 -52.040310
v -254.825592 136.001251 -53.074810
v -249.778183 134.399414 -58.094727
v -251.976593 134.399414 -59.129227
v -249.754150 134.399414 -58.145782
v -251.952576 134.399414 -59.180283
v -249.687729 134.399414 -58.286930
v -251.886154 134.399414 -59.321430
v -249.587402 134.399414 -58.500156
v -251.785828 134.399414 -59.534657
v -249.461624 134.399414 -58.767441
v -251.660049 134.399414 -59.801941
v -249.318893 134.399414 -59.070763
v -251.517319 134.399414 -60.105263
v -249.167679 134.399414 -59.392101
v -251.366104 134.399414 -60.426601
v -249.016464 134.399414 -59.713444
v -251.214890 134.399414 -60.747944
v -248.873734 134.399414 -60.016762
v -251.072159 134.399414 -61.051262
v -248.747955 134.399414 -60.284046
v -250.946381 134.399414 -61.318546
v -248.647629 134.399414 -60.497272
v -250.846054 134.399414 -61.531773
v -248.581207 134.399414 -60.638424
v -250.779633 134.399414 -61.672924
v -248.557175 134.399414 -60.689476
v -250.755600 134.399414 -61.723976
v -248.414139 134.422043 -60.993454
v -250.612564 134.422043 -62.027954
v -248.277328 134.487900 -61.284195
v -250.475754 134.487900 -62.318695
v -248.147934 134.593933 -61.559174
v -250.346359 134.593933 -62.593674
v -248.027130 134.737091 -61.815880
v -250.225555 134.737091 -62.850380
v -247.916122 134.914337 -62.051804
v -250.114548 134.914337 -63.086304
v -247.816071 135.122604 -62.264427
v -250.014481 135.122604 -63.298927
v -247.728165 135.358856 -62.451237
v -249.926575 135.358856 -63.485737
v -247.653580 135.620041 -62.609718
v -249.852005 135.620041 -63.644218
v -247.593521 135.903091 -62.737358
v -249.791946 135.903091 -63.771858
v -247.549149 136.204987 -62.831646
v -249.747574 136.204987 -63.866146
v -247.521667 136.522675 -62.890060
v -249.720093 136.522675 -63.924561
v -247.512238 136.853073 -62.910091
v -249.710663 136.853073 -63.944592
v -247.521881 137.188965 -62.889610
v -249.720306 137.188965 -63.924110
v -247.549927 137.510208 -62.830009
v -249.748352 137.510208 -63.864510
v -247.595078 137.814056 -62.734047
v -249.793503 137.814056 -63.768547
v -247.656052 138.097702 -62.604481
v -249.854477 138.097702 -63.638981
v -247.731522 138.358383 -62.444077
v -249.929947 138.358383 -63.478577
v -247.820221 138.593323 -62.255585
v -250.018646 138.593323 -63.290085
v -247.920837 138.799744 -62.041775
v -250.119263 138.799744 -63.076275
v -248.032059 138.974854 -61.805401
v -250.230484 138.974854 -62.839901
v -248.152618 139.115891 -61.549225
v -250.351028 139.115891 -62.583725
v -248.281174 139.220062 -61.276005
v -250.479599 139.220062 -62.310505
v -248.416473 139.284607 -60.988503
v -250.614899 139.284607 -62.023003
v -248.557175 139.306747 -60.689476
v -250.755600 139.306747 -61.723976
v -248.581207 139.306747 -60.638420
v -250.779633 139.306747 -61.672920
v -248.647629 139.306747 -60.497272
v -250.846054 139.306747 -61.531773
v -248.747955 139.306747 -60.284046
v -250.946381 139.306747 -61.318546
v -248.873734 139.306747 -60.016762
v -251.072159 139.306747 -61.051262
v -249.016464 139.306747 -59.713440
v -251.214890 139.306747 -60.747940
v -249.167679 139.306747 -59.392101
v -251.366104 139.306747 -60.426601
v -249.318893 139.306747 -59.070759
v -251.517319 139.306747 -60.105259
v -249.461624 139.306747 -58.767441
v -251.660049 139.306747 -59.801941
v -249.587402 139.306747 -58.500156
v -251.785828 139.306747 -59.534657
v -249.687729 139.306747 -58.286930
v -251.886154 139.306747 -59.321430
v -249.754150 139.306747 -58.145782
v -251.952576 139.306747 -59.180283
v -249.778183 139.306747 -58.094727
v -251.976593 139.306747 -59.129227
v -249.921219 139.284119 -57.790749
v -252.119644 139.284119 -58.825249
v -250.058029 139.218262 -57.500011
v -252.256454 139.218262 -58.534512
v -250.187424 139.112228 -57.225029
v -252.385849 139.112228 -58.259529
v -250.308228 138.969070 -56.968323
v -252.506653 138.969070 -58.002823
v -250.419235 138.791824 -56.732399
v -252.617661 138.791824 -57.766899
v -250.519287 138.583557 -56.519775
v -252.717712 138.583557 -57.554276
v -250.607193 138.347305 -56.332966
v -252.805618 138.347305 -57.367466
v -250.681778 138.086121 -56.174484
v -252.880203 138.086121 -57.208984
v -250.741837 137.803055 -56.046841
v -252.940262 137.803055 -57.081341
v -250.786209 137.501160 -55.952557
v -252.984634 137.501160 -56.987057
v -250.813690 137.183487 -55.894142
v -253.012115 137.183487 -56.928642
v -250.823120 136.853073 -55.874111
v -253.021545 136.853073 -56.908611
v -250.813477 136.517197 -55.894592
v -253.011902 136.517197 -56.929092
v -250.785431 136.195953 -55.954193
v -252.983856 136.195953 -56.988693
v -250.740280 135.892105 -56.050156
v -252.938705 135.892105 -57.084656
v -250.679306 135.608459 -56.179722
v -252.877731 135.608459 -57.214222
v -250.603836 135.347778 -56.340126
v -252.802246 135.347778 -57.374626
v -250.515137 135.112839 -56.528618
v -252.713562 135.112839 -57.563118
v -250.414520 134.906418 -56.742428
v -252.612946 134.906418 -57.776928
v -250.303299 134.731308 -56.978798
v -252.501709 134.731308 -58.013298
v -250.182739 134.590271 -57.234978
v -252.381165 134.590271 -58.269478
v -250.054184 134.486084 -57.508198
v -252.252594 134.486084 -58.542698
v -249.918884 134.421539 -57.795700
v -252.117310 134.421539 -58.830200
v -248.590179 135.277634 -60.619362
v -250.788589 135.277634 -61.653862
v -248.613113 135.277634 -60.570610
v -250.811539 135.277634 -61.605110
v -248.676544 135.277634 -60.435825
v -250.874969 135.277634 -61.470325
v -248.772354 135.277634 -60.232208
v -250.970779 135.277634 -61.266708
v -248.892456 135.277634 -59.976974
v -251.090881 135.277634 -61.011475
v -249.028763 135.277634 -59.687325
v -251.227188 135.277634 -60.721825
v -249.173157 135.277634 -59.380466
v -251.371582 135.277634 -60.414967
v -249.317551 135.277634 -59.073612
v -251.515976 135.277634 -60.108112
v -249.453842 135.277634 -58.783962
v -251.652267 135.277634 -59.818462
v -249.573959 135.277634 -58.528725
v -251.772369 135.277634 -59.563225
v -249.669769 135.277634 -58.325111
v -251.868195 135.277634 -59.359612
v -249.733185 135.277634 -58.190323
v -251.931610 135.277634 -59.224823
v -249.756134 135.277634 -58.141571
v -251.954559 135.277634 -59.176071
v -249.801086 135.281723 -58.046032
v -251.999512 135.281723 -59.080532
v -249.845596 135.292633 -57.951454
v -252.044022 135.292633 -58.985954
v -249.889526 135.310257 -57.858109
v -252.087936 135.310257 -58.892609
v -249.932739 135.334457 -57.766277
v -252.131165 135.334457 -58.800777
v -249.975098 135.365112 -57.676231
v -252.173523 135.365112 -58.710732
v -250.016510 135.402084 -57.588253
v -252.214935 135.402084 -58.622753
v -250.056808 135.445236 -57.502613
v -252.255234 135.445236 -58.537113
v -250.095871 135.494461 -57.419594
v -252.294296 135.494461 -58.454094
v -250.133575 135.549637 -57.339466
v -252.332001 135.549637 -58.373966
v -250.169785 135.610611 -57.262512
v -252.368210 135.610611 -58.297012
v -250.204376 135.677261 -57.189003
v -252.402802 135.677261 -58.223503
v -250.237213 135.749481 -57.119217
v -252.435638 135.749481 -58.153717
v -250.267975 135.826584 -57.053864
v -252.466400 135.826584 -58.088364
v -250.296356 135.907806 -56.993534
v -252.494781 135.907806 -58.028034
v -250.322327 135.992844 -56.938351
v -252.520752 135.992844 -57.972851
v -250.345825 136.081375 -56.888428
v -252.544235 136.081375 -57.922928
v -250.366791 136.173111 -56.843872
v -252.565201 136.173111 -57.878372
v -250.385162 136.267746 -56.804810
v -252.583588 136.267746 -57.839310
v -250.400909 136.364960 -56.771355
v -252.599335 136.364960 -57.805855
v -250.413956 136.464447 -56.743614
v -252.612381 136.464447 -57.778114
v -250.424271 136.565918 -56.721714
v -252.622696 136.565918 -57.756214
v -250.431778 136.669067 -56.705765
v -252.630203 136.669067 -57.740265
v -250.436417 136.773575 -56.695885
v -252.634842 136.773575 -57.730385
v -250.438171 136.879135 -56.692184
v -252.636581 136.879135 -57.726685
v -250.436417 136.984695 -56.695885
v -252.634842 136.984695 -57.730385
v -250.431778 137.089203 -56.705765
v -252.630203 137.089203 -57.740265
v -250.424271 137.192337 -56.721714
v -252.622696 137.192337 -57.756214
v -250.413956 137.293808 -56.743614
v -252.612381 137.293808 -57.778114
v -250.400909 137.393311 -56.771355
v -252.599335 137.393311 -57.805855
v -250.385162 137.490524 -56.804810
v -252.583588 137.490524 -57.839310
v -250.366791 137.585144 -56.843872
v -252.565201 137.585144 -57.878372
v -250.345825 137.676880 -56.888428
v -252.544235 137.676880 -57.922928
v -250.322327 137.765411 -56.938354
v -252.520752 137.765411 -57.972855
v -250.296356 137.850449 -56.993538
v -252.494781 137.850449 -58.028038
v -250.267975 137.931671 -57.053864
v -252.466400 137.931671 -58.088364
v -250.237213 138.008774 -57.119217
v -252.435638 138.008774 -58.153717
v -250.204376 138.080994 -57.189003
v -252.402802 138.080994 -58.223503
v -250.169785 138.147644 -57.262512
v -252.368210 138.147644 -58.297012
v -250.133575 138.208633 -57.339466
v -252.332001 138.208633 -58.373966
v -250.095871 138.263794 -57.419594
v -252.294296 138.263794 -58.454094
v -250.056808 138.313019 -57.502613
v -252.255234 138.313019 -58.537113
v -250.016510 138.356186 -57.588253
v -252.214935 138.356186 -58.622753
v -249.975098 138.393158 -57.676231
v -252.173523 138.393158 -58.710732
v -249.932739 138.423798 -57.766277
v -252.131165 138.423798 -58.800777
v -249.889526 138.447998 -57.858109
v -252.087936 138.447998 -58.892609
v -249.845596 138.465622 -57.951454
v -252.044022 138.465622 -58.985954
v -249.801086 138.476547 -58.046032
v -251.999512 138.476547 -59.080532
v -249.756134 138.480637 -58.141571
v -251.954559 138.480637 -59.176071
v -249.733185 138.480637 -58.190323
v -251.931610 138.480637 -59.224823
v -249.669769 138.480637 -58.325111
v -251.868195 138.480637 -59.359612
v -249.573959 138.480637 -58.528725
v -251.772369 138.480637 -59.563225
v -249.453842 138.480637 -58.783962
v -251.652267 138.480637 -59.818462
v -249.317551 138.480637 -59.073612
v -251.515976 138.480637 -60.108112
v -249.173157 138.480637 -59.380466
v -251.371582 138.480637 -60.414967
v -249.028763 138.480637 -59.687325
v -251.227188 138.480637 -60.721825
v -248.892456 138.480637 -59.976974
v -251.090881 138.480637 -61.011475
v -248.772354 138.480637 -60.232208
v -250.970779 138.480637 -61.266708
v -248.676544 138.480637 -60.435825
v -250.874969 138.480637 -61.470325
v -248.613113 138.480637 -60.570610
v -250.811539 138.480637 -61.605110
v -248.590179 138.480637 -60.619362
v -250.788589 138.480637 -61.653862
v -248.545212 138.476547 -60.714901
v -250.743637 138.476547 -61.749401
v -248.500717 138.465622 -60.809483
v -250.699127 138.465622 -61.843983
v -248.456787 138.447998 -60.902824
v -250.655212 138.447998 -61.937325
v -248.413574 138.423798 -60.994659
v -250.612000 138.423798 -62.029160
v -248.371201 138.393158 -61.084702
v -250.569626 138.393158 -62.119202
v -248.329803 138.356186 -61.172684
v -250.528229 138.356186 -62.207184
v -248.289505 138.313019 -61.258324
v -250.487930 138.313019 -62.292824
v -248.250427 138.263794 -61.341343
v -250.448853 138.263794 -62.375843
v -248.212723 138.208633 -61.421471
v -250.411148 138.208633 -62.455971
v -248.176514 138.147644 -61.498425
v -250.374939 138.147644 -62.532925
v -248.141922 138.080994 -61.571934
v -250.340347 138.080994 -62.606434
v -248.109085 138.008774 -61.641716
v -250.307510 138.008774 -62.676216
v -248.078339 137.931671 -61.707069
v -250.276764 137.931671 -62.741570
v -248.049942 137.850449 -61.767399
v -250.248367 137.850449 -62.801899
v -248.023987 137.765411 -61.822586
v -250.222397 137.765411 -62.857086
v -248.000488 137.676880 -61.872509
v -250.198914 137.676880 -62.907009
v -247.979523 137.585144 -61.917061
v -250.177948 137.585144 -62.951561
v -247.961136 137.490524 -61.956123
v -250.159561 137.490524 -62.990623
v -247.945404 137.393311 -61.989582
v -250.143814 137.393311 -63.024082
v -247.932343 137.293808 -62.017319
v -250.130768 137.293808 -63.051819
v -247.922043 137.192337 -62.039219
v -250.120468 137.192337 -63.073719
v -247.914536 137.089203 -62.055168
v -250.112961 137.089203 -63.089668
v -247.909882 136.984695 -62.065052
v -250.108307 136.984695 -63.099552
v -247.908142 136.879135 -62.068752
v -250.106567 136.879135 -63.103252
v -247.909882 136.773560 -62.065052
v -250.108307 136.773560 -63.099552
v -247.914536 136.669067 -62.055168
v -250.112961 136.669067 -63.089668
v -247.922043 136.565918 -62.039219
v -250.120468 136.565918 -63.073719
v -247.932343 136.464447 -62.017319
v -250.130768 136.464447 -63.051819
v -247.945404 136.364960 -61.989582
v -250.143814 136.364960 -63.024082
v -247.961136 136.267746 -61.956123
v -250.159561 136.267746 -62.990623
v -247.979523 136.173111 -61.917061
v -250.177948 136.173111 -62.951561
v -248.000488 136.081375 -61.872509
v -250.198914 136.081375 -62.907009
v -248.023987 135.992844 -61.822586
v -250.222397 135.992844 -62.857086
v -248.049942 135.907806 -61.767399
v -250.248367 135.907806 -62.801899
v -248.078339 135.826584 -61.707073
v -250.276764 135.826584 -62.741573
v -248.109085 135.749481 -61.641716
v -250.307510 135.749481 -62.676216
v -248.141922 135.677261 -61.571934
v -250.340347 135.677261 -62.606434
v -248.176514 135.610611 -61.498425
v -250.374939 135.610611 -62.532925
v -248.212723 135.549637 -61.421471
v -250.411148 135.549637 -62.455971
v -248.250427 135.494461 -61.341343
v -250.448853 135.494461 -62.375843
v -248.289505 135.445236 -61.258324
v -250.487930 135.445236 -62.292824
v -248.329803 135.402084 -61.172684
v -250.528229 135.402084 -62.207184
v -248.371201 135.365112 -61.084702
v -250.569626 135.365112 -62.119202
v -248.413574 135.334457 -60.994659
v -250.612000 135.334457 -62.029160
v -248.456787 135.310257 -60.902824
v -250.655212 135.310257 -61.937325
v -248.500717 135.292633 -60.809483
v -250.699127 135.292633 -61.843983
v -248.545212 135.281723 -60.714901
v -250.743637 135.281723 -61.749401
v -257.411591 134.347305 -41.872887
v -259.610016 134.347305 -42.907387
v -257.411591 134.348328 -41.872871
v -259.610016 134.348328 -42.907372
v -257.411621 134.351166 -41.872841
v -259.610046 134.351166 -42.907341
v -257.411652 134.355453 -41.872787
v -259.610077 134.355453 -42.907288
v -257.411682 134.360809 -41.872726
v -259.610107 134.360809 -42.907227
v -257.411713 134.366913 -41.872654
v -259.610138 134.366913 -42.907154
v -257.411743 134.373352 -41.872578
v -259.610168 134.373352 -42.907078
v -257.411774 134.379807 -41.872501
v -259.610199 134.379807 -42.907001
v -257.411804 134.385895 -41.872429
v -259.610229 134.385895 -42.906929
v -257.411835 134.391266 -41.872368
v -259.610260 134.391266 -42.906868
v -257.411865 134.395554 -41.872314
v -259.610291 134.395554 -42.906815
v -257.411896 134.398392 -41.872284
v -259.610291 134.398392 -42.906784
v -257.411896 134.399414 -41.872269
v -259.610321 134.399414 -42.906769
v -257.268860 134.422043 -42.176247
v -259.467285 134.422043 -43.210747
v -257.132050 134.487900 -42.466984
v -259.330475 134.487900 -43.501484
v -257.002655 134.593933 -42.741962
v -259.201080 134.593933 -43.776463
v -256.881836 134.737091 -42.998672
v -259.080261 134.737091 -44.033173
v -256.770813 134.914337 -43.234592
v -258.969238 134.914337 -44.269093
v -256.670776 135.122604 -43.447216
v -258.869202 135.122604 -44.481716
v -256.582855 135.358856 -43.634026
v -258.781281 135.358856 -44.668526
v -256.508301 135.620041 -43.792511
v -258.706726 135.620041 -44.827007
v -256.448242 135.903091 -43.920147
v -258.646667 135.903091 -44.954647
v -256.403870 136.204987 -44.014435
v -258.602295 136.204987 -45.048935
v -256.376373 136.522675 -44.072845
v -258.574799 136.522675 -45.107346
v -256.366943 136.853073 -44.092880
v -258.565369 136.853073 -45.127380
v -256.376587 137.188965 -44.072399
v -258.575012 137.188965 -45.106899
v -256.404633 137.510208 -44.012798
v -258.603058 137.510208 -45.047298
v -256.449799 137.814056 -43.916832
v -258.648224 137.814056 -44.951332
v -256.510773 138.097702 -43.787270
v -258.709167 138.097702 -44.821770
v -256.586243 138.358383 -43.626862
v -258.784668 138.358383 -44.661362
v -256.674927 138.593323 -43.438374
v -258.873352 138.593323 -44.472874
v -256.775543 138.799744 -43.224564
v -258.973969 138.799744 -44.259064
v -256.886780 138.974854 -42.988194
v -259.085205 138.974854 -44.022694
v -257.007324 139.115891 -42.732018
v -259.205750 139.115891 -43.766518
v -257.135895 139.220062 -42.458797
v -259.334320 139.220062 -43.493298
v -257.271179 139.284607 -42.171295
v -259.469604 139.284607 -43.205795
v -257.411896 139.306747 -41.872269
v -259.610321 139.306747 -42.906769
v -257.440460 139.306747 -41.811554
v -259.638885 139.306747 -42.846054
v -257.519440 139.306747 -41.643707
v -259.717865 139.306747 -42.678207
v -257.638763 139.306747 -41.390152
v -259.837189 139.306747 -42.424652
v -257.788330 139.306747 -41.072311
v -259.986755 139.306747 -42.106812
v -257.958038 139.306747 -40.711620
v -260.156464 139.306747 -41.746120
v -258.137848 139.306747 -40.329498
v -260.336273 139.306747 -41.363998
v -258.317688 139.306747 -39.947380
v -260.516083 139.306747 -40.981880
v -258.487396 139.306747 -39.586685
v -260.685822 139.306747 -40.621185
v -258.636963 139.306747 -39.268845
v -260.835388 139.306747 -40.303345
v -258.756287 139.306747 -39.015289
v -260.954712 139.306747 -40.049789
v -258.835266 139.306747 -38.847443
v -261.033691 139.306747 -39.881943
v -258.863831 139.306747 -38.786736
v -261.062256 139.306747 -39.821236
v -258.621796 138.428528 -39.301094
v -260.820221 138.428528 -40.335594
v -257.433777 138.428528 -41.825729
v -259.632202 138.428528 -42.860229
v -257.388824 138.424438 -41.921268
v -259.587250 138.424438 -42.955769
v -257.344330 138.413513 -42.015846
v -259.542755 138.413513 -43.050346
v -257.300415 138.395889 -42.109192
v -259.498810 138.395889 -43.143692
v -257.257202 138.371704 -42.201023
v -259.455597 138.371704 -43.235523
v -257.214813 138.341049 -42.291069
v -259.413239 138.341049 -43.325569
v -257.173401 138.304077 -42.379051
v -259.371826 138.304077 -43.413551
v -257.133118 138.260925 -42.464687
v -259.331543 138.260925 -43.499187
v -257.094055 138.211685 -42.547710
v -259.292480 138.211685 -43.582211
v -257.056335 138.156525 -42.627838
v -259.254761 138.156525 -43.662338
v -257.020142 138.095551 -42.704792
v -259.218567 138.095551 -43.739292
v -256.985535 138.028885 -42.778297
v -259.183960 138.028885 -43.812798
v -256.952698 137.956680 -42.848083
v -259.151123 137.956680 -43.882584
v -256.921967 137.879562 -42.913437
v -259.120361 137.879562 -43.947937
v -256.893555 137.798340 -42.973766
v -259.091980 137.798340 -44.008266
v -256.867584 137.713318 -43.028950
v -259.066010 137.713318 -44.063450
v -256.844116 137.624771 -43.078876
v -259.042511 137.624771 -44.113377
v -256.823151 137.533051 -43.123428
v -259.021545 137.533051 -44.157928
v -256.804749 137.438416 -43.162491
v -259.003174 137.438416 -44.196991
v -256.789001 137.341202 -43.195950
v -258.987427 137.341202 -44.230450
v -256.775970 137.241714 -43.223686
v -258.974396 137.241714 -44.258186
v -256.765656 137.140244 -43.245590
v -258.964081 137.140244 -44.280090
v -256.758148 137.037094 -43.261536
v -258.956573 137.037094 -44.296036
v -256.753510 136.932587 -43.271420
v -258.951935 136.932587 -44.305920
v -256.751770 136.827026 -43.275120
v -258.950195 136.827026 -44.309620
v -256.753510 136.721466 -43.271420
v -258.951935 136.721466 -44.305920
v -256.758148 136.616959 -43.261536
v -258.956573 136.616959 -44.296036
v -256.765656 136.513824 -43.245586
v -258.964081 136.513824 -44.280087
v -256.775970 136.412354 -43.223686
v -258.974396 136.412354 -44.258186
v -256.789001 136.312851 -43.195950
v -258.987427 136.312851 -44.230450
v -256.804749 136.215637 -43.162491
v -259.003174 136.215637 -44.196991
v -256.823151 136.121017 -43.123428
v -259.021576 136.121017 -44.157928
v -256.844116 136.029282 -43.078876
v -259.042542 136.029282 -44.113377
v -256.867584 135.940735 -43.028950
v -259.066010 135.940735 -44.063450
v -256.893555 135.855713 -42.973763
v -259.091980 135.855713 -44.008263
v -256.921967 135.774490 -42.913437
v -259.120361 135.774490 -43.947937
v -256.952698 135.697372 -42.848083
v -259.151123 135.697372 -43.882584
v -256.985535 135.625168 -42.778301
v -259.183960 135.625168 -43.812801
v -257.020142 135.558502 -42.704792
v -259.218567 135.558502 -43.739292
v -257.056335 135.497528 -42.627838
v -259.254761 135.497528 -43.662338
v -257.094055 135.442368 -42.547710
v -259.292480 135.442368 -43.582211
v -257.133118 135.393143 -42.464691
v -259.331543 135.393143 -43.499191
v -257.173401 135.349976 -42.379051
v -259.371826 135.349976 -43.413551
v -257.214813 135.313004 -42.291069
v -259.413239 135.313004 -43.325569
v -257.257202 135.282364 -42.201027
v -259.455597 135.282364 -43.235527
v -257.300415 135.258163 -42.109196
v -259.498810 135.258163 -43.143696
v -257.344330 135.240540 -42.015850
v -259.542755 135.240540 -43.050350
v -257.388824 135.229614 -41.921272
v -259.587250 135.229614 -42.955772
v -257.433777 135.225525 -41.825729
v -259.632202 135.225525 -42.860229
v -257.462341 135.225525 -41.765018
v -259.660767 135.225525 -42.799519
v -257.541351 135.225525 -41.597172
v -259.739777 135.225525 -42.631672
v -257.660645 135.225525 -41.343616
v -259.859070 135.225525 -42.378117
v -257.810211 135.225525 -41.025776
v -260.008636 135.225525 -42.060276
v -257.979950 135.225525 -40.665085
v -260.178375 135.225525 -41.699585
v -258.159760 135.225525 -40.282963
v -260.358185 135.225525 -41.317463
v -258.339569 135.225525 -39.900841
v -260.537994 135.225525 -40.935341
v -258.509308 135.225525 -39.540150
v -260.707733 135.225525 -40.574650
v -258.658875 135.225525 -39.222309
v -260.857300 135.225525 -40.256809
v -258.778168 135.225525 -38.968754
v -260.976593 135.225525 -40.003254
v -258.857178 135.225525 -38.800907
v -261.055573 135.225525 -39.835407
v -258.885742 135.225525 -38.740200
v -261.084167 135.225525 -39.774700
v -258.643677 134.347305 -39.254559
v -260.842102 134.347305 -40.289059
v -263.824890 135.329056 -28.243933
v -266.023315 135.329056 -29.278433
v -263.582855 134.450836 -28.758295
v -265.781281 134.450836 -29.792795
v -263.558411 134.450836 -28.810268
v -265.756836 134.450836 -29.844769
v -263.490784 134.450836 -28.953966
v -265.689209 134.450836 -29.988466
v -263.388641 134.450836 -29.171040
v -265.587067 134.450836 -30.205540
v -263.260590 134.450836 -29.443148
v -265.459015 134.450836 -30.477648
v -263.115295 134.450836 -29.751947
v -265.313690 134.450836 -30.786448
v -262.961334 134.450836 -30.079090
v -265.159760 134.450836 -31.113590
v -262.807404 134.450836 -30.406231
v -265.005829 134.450836 -31.440731
v -262.662079 134.450836 -30.715029
v -264.860504 134.450836 -31.749529
v -262.534058 134.450836 -30.987139
v -264.732483 134.450836 -32.021637
v -262.431885 134.450836 -31.204214
v -264.630310 134.450836 -32.238716
v -262.364288 134.450836 -31.347912
v -264.562714 134.450836 -32.382412
v -262.339813 134.450836 -31.399887
v -264.538239 134.450836 -32.434387
v -262.199097 134.472961 -31.698917
v -264.397522 134.472961 -32.733418
v -262.063812 134.537506 -31.986422
v -264.262238 134.537506 -33.020920
v -261.935242 134.641693 -32.259640
v -264.133667 134.641693 -33.294140
v -261.814697 134.782730 -32.515816
v -264.013123 134.782730 -33.550316
v -261.703461 134.957840 -32.752190
v -263.901886 134.957840 -33.786690
v -261.602875 135.164261 -32.966000
v -263.801300 135.164261 -34.000500
v -261.514160 135.399200 -33.154488
v -263.712585 135.399200 -34.188988
v -261.438690 135.659882 -33.314892
v -263.637115 135.659882 -34.349392
v -261.377716 135.943527 -33.444458
v -263.576141 135.943527 -34.478958
v -261.332550 136.247360 -33.540421
v -263.530975 136.247360 -34.574921
v -261.304504 136.568619 -33.600021
v -263.502930 136.568619 -34.634521
v -261.294891 136.904495 -33.620502
v -263.493286 136.904495 -34.655003
v -261.304291 137.234909 -33.600471
v -263.502716 137.234909 -34.634972
v -261.331787 137.552582 -33.542057
v -263.530212 137.552582 -34.576557
v -261.376160 137.854477 -33.447773
v -263.574585 137.854477 -34.482273
v -261.436218 138.137543 -33.320133
v -263.634644 138.137543 -34.354633
v -261.510803 138.398727 -33.161652
v -263.709229 138.398727 -34.196152
v -261.598694 138.634964 -32.974838
v -263.797119 138.634964 -34.009338
v -261.698761 138.843246 -32.762215
v -263.897186 138.843246 -33.796715
v -261.809784 139.020477 -32.526291
v -264.008209 139.020477 -33.560791
v -261.930573 139.163651 -32.269585
v -264.128998 139.163651 -33.304085
v -262.059967 139.269684 -31.994604
v -264.258392 139.269684 -33.029106
v -262.196777 139.335541 -31.703869
v -264.395203 139.335541 -32.738369
v -262.339813 139.358170 -31.399887
v -264.538239 139.358170 -32.434387
v -263.791901 139.358170 -28.314045
v -265.990326 139.358170 -29.348545
v -263.549866 138.479950 -28.828403
v -265.748291 138.479950 -29.862904
v -263.526489 138.479950 -28.878078
v -265.724915 138.479950 -29.912579
v -263.461853 138.479950 -29.015413
v -265.660278 138.479950 -30.049913
v -263.364258 138.479950 -29.222876
v -265.562653 138.479950 -30.257376
v -263.241882 138.479950 -29.482939
v -265.440277 138.479950 -30.517439
v -263.102997 138.479950 -29.778065
v -265.301422 138.479950 -30.812565
v -262.955872 138.479950 -30.090721
v -265.154297 138.479950 -31.125221
v -262.808746 138.479950 -30.403379
v -265.007172 138.479950 -31.437880
v -262.669861 138.479950 -30.698505
v -264.868286 138.479950 -31.733006
v -262.547485 138.479950 -30.958569
v -264.745911 138.479950 -31.993069
v -262.449860 138.479950 -31.166033
v -264.648285 138.479950 -32.200531
v -262.385223 138.479950 -31.303370
v -264.583649 138.479950 -32.337868
v -262.361877 138.479950 -31.353045
v -264.560272 138.479950 -32.387543
v -262.285858 138.469910 -31.514570
v -264.484283 138.469910 -32.549072
v -262.212189 138.440521 -31.671146
v -264.410583 138.440521 -32.705647
v -262.141327 138.392853 -31.821718
v -264.339752 138.392853 -32.856216
v -262.073792 138.327972 -31.965231
v -264.272217 138.327972 -32.999729
v -262.010071 138.246964 -32.100624
v -264.208496 138.246964 -33.135124
v -261.950684 138.150864 -32.226841
v -264.149109 138.150864 -33.261341
v -261.896118 138.040787 -32.342827
v -264.094543 138.040787 -33.377327
v -261.846832 137.917770 -32.447529
v -264.045258 137.917770 -33.482029
v -261.803375 137.782913 -32.539886
v -264.001801 137.782913 -33.574387
v -261.766235 137.637268 -32.618839
v -263.964661 137.637268 -33.653339
v -261.735870 137.481903 -32.683338
v -263.934296 137.481903 -33.717838
v -261.712830 137.317902 -32.732319
v -263.911255 137.317902 -33.766819
v -263.670746 137.317902 -28.571535
v -265.869171 137.317902 -29.606035
v -263.428711 136.439682 -29.085894
v -265.627136 136.439682 -30.120394
v -263.394714 136.439682 -29.158104
v -265.593140 136.439682 -30.192604
v -263.300781 136.439682 -29.357746
v -265.499207 136.439682 -30.392246
v -263.158875 136.439682 -29.659328
v -265.357300 136.439682 -30.693829
v -262.980957 136.439682 -30.037373
v -265.179382 136.439682 -31.071873
v -262.779083 136.439682 -30.466391
v -264.977509 136.439682 -31.500891
v -262.565216 136.439682 -30.920893
v -264.763641 136.439682 -31.955393
v -262.351349 136.439682 -31.375397
v -264.549774 136.439682 -32.409897
v -262.149475 136.439682 -31.804413
v -264.347900 136.439682 -32.838913
v -261.971558 136.439682 -32.182457
v -264.169983 136.439682 -33.216957
v -261.829651 136.439682 -32.484043
v -264.028076 136.439682 -33.518543
v -261.735718 136.439682 -32.683685
v -263.934143 136.439682 -33.718185
v -261.701721 136.439682 -32.755898
v -263.900146 136.439682 -33.790398
v -261.724823 136.275818 -32.706791
v -263.923248 136.275818 -33.741291
v -261.755280 136.120544 -32.642097
v -263.953705 136.120544 -33.676598
v -261.792542 135.974960 -32.562897
v -263.990967 135.974960 -33.597397
v -261.836121 135.840103 -32.470280
v -264.034546 135.840103 -33.504780
v -261.885529 135.717087 -32.365334
v -264.083923 135.717087 -33.399834
v -261.940186 135.606964 -32.249138
v -264.138611 135.606964 -33.283638
v -261.999664 135.510834 -32.122787
v -264.198059 135.510834 -33.157284
v -262.063385 135.429749 -31.987356
v -264.261810 135.429749 -33.021858
v -262.130859 135.364822 -31.843941
v -264.329285 135.364822 -32.878441
v -262.201599 135.317093 -31.693623
v -264.400024 135.317093 -32.728123
v -262.275085 135.287674 -31.537487
v -264.473480 135.287674 -32.571987
v -262.350769 135.277634 -31.376621
v -264.549194 135.277634 -32.411121
v -262.350769 135.278641 -31.376616
v -264.549194 135.278641 -32.411118
v -262.350769 135.281433 -31.376598
v -264.549194 135.281433 -32.411098
v -262.350800 135.285660 -31.376574
v -264.549225 135.285660 -32.411072
v -262.350800 135.290955 -31.376541
v -264.549225 135.290955 -32.411041
v -262.350830 135.296967 -31.376505
v -264.549255 135.296967 -32.411003
v -262.350830 135.303345 -31.376465
v -264.549255 135.303345 -32.410965
v -262.350861 135.309708 -31.376427
v -264.549286 135.309708 -32.410927
v -262.350891 135.315720 -31.376390
v -264.549286 135.315720 -32.410889
v -262.350891 135.321014 -31.376356
v -264.549316 135.321014 -32.410858
v -262.350891 135.325241 -31.376331
v -264.549316 135.325241 -32.410831
v -262.350922 135.328033 -31.376316
v -264.549347 135.328033 -32.410816
vn -0.9048 -0.0000 -0.4258
vn 0.9048 -0.0000 0.4258
vn -0.9044 -0.0000 -0.4267
vn -0.9046 -0.0000 -0.4262
vn -0.9047 -0.0000 -0.4261
vn -0.9050 -0.0000 -0.4253
vn 0.9052 -0.0000 0.4249
vn 0.9050 -0.0000 0.4253
vn 0.9050 -0.0000 0.4255
vn 0.9046 -0.0000 0.4262
vn 0.2013 -0.8811 -0.4279
vn 0.3752 0.4729 -0.7973
vn 0.3725 0.4843 -0.7917
vn 0.0004 -1.0000 -0.0009
vn -0.2058 -0.8754 0.4374
vn 0.3732 -0.4816 -0.7930
vn 0.3487 0.5737 -0.7411
vn 0.3279 0.6378 -0.6969
vn 0.3076 0.6915 -0.6536
vn 0.2851 0.7428 -0.6058
vn 0.2604 0.7912 -0.5534
vn 0.2335 0.8361 -0.4963
vn 0.2046 0.8770 -0.4347
vn 0.1736 0.9131 -0.3688
vn 0.1408 0.9437 -0.2992
vn 0.1066 0.9682 -0.2265
vn 0.0714 0.9858 -0.1517
vn 0.0357 0.9965 -0.0758
vn 0.0010 1.0000 -0.0021
vn -0.0317 0.9972 0.0673
vn -0.0637 0.9888 0.1353
vn -0.0958 0.9744 0.2036
vn -0.1278 0.9539 0.2716
vn -0.1594 0.9272 0.3388
vn -0.1904 0.8944 0.4047
vn -0.2204 0.8555 0.4685
vn -0.2492 0.8108 0.5297
vn -0.2765 0.7604 0.5876
vn -0.3020 0.7049 0.6418
vn -0.3254 0.6448 0.6916
vn -0.3478 0.5770 0.7390
vn -0.3585 0.5397 0.7618
vn -0.3585 0.5396 0.7618
vn -0.3736 -0.4798 0.7939
vn 0.2114 -0.8681 -0.4492
vn -0.2034 -0.8785 0.4323
vn -0.0000 -1.0000 -0.0000
vn 0.0073 -0.9999 -0.0154
vn 0.0296 -0.9976 -0.0629
vn 0.0602 -0.9899 -0.1280
vn 0.0915 -0.9767 -0.1944
vn 0.1225 -0.9577 -0.2604
vn 0.1526 -0.9335 -0.3244
vn 0.1811 -0.9050 -0.3849
vn 0.2075 -0.8732 -0.4409
vn 0.2313 -0.8395 -0.4916
vn 0.2525 -0.8052 -0.5366
vn 0.2711 -0.7712 -0.5760
vn 0.2871 -0.7385 -0.6101
vn 0.3204 -0.6585 -0.6810
vn 0.3479 -0.5765 -0.7393
vn 0.3562 -0.5479 -0.7569
vn 0.3652 -0.5142 -0.7761
vn 0.3747 -0.4750 -0.7962
vn 0.3844 -0.4302 -0.8168
vn 0.3939 -0.3799 -0.8370
vn 0.4028 -0.3243 -0.8559
vn 0.4107 -0.2642 -0.8727
vn 0.4171 -0.2004 -0.8865
vn 0.4219 -0.1342 -0.8966
vn 0.4248 -0.0670 -0.9028
vn 0.4257 -0.0166 -0.9047
vn 0.3011 0.7071 -0.6398
vn -0.3011 0.7071 0.6398
vn -0.3740 0.4778 0.7949
vn -0.4002 -0.3416 0.8504
vn 0.1493 -0.9365 -0.3174
vn 0.3987 0.3508 -0.8473
vn -0.0000 1.0000 -0.0000
vn 0.0083 0.9998 -0.0177
vn 0.0305 0.9974 -0.0649
vn 0.0582 0.9906 -0.1236
vn 0.0854 0.9797 -0.1815
vn 0.1122 0.9646 -0.2385
vn 0.1385 0.9456 -0.2944
vn 0.1642 0.9226 -0.3489
vn 0.1892 0.8959 -0.4021
vn 0.2134 0.8653 -0.4536
vn 0.2368 0.8310 -0.5033
vn 0.2593 0.7932 -0.5511
vn 0.2808 0.7518 -0.5967
vn 0.3011 0.7070 -0.6399
vn 0.3202 0.6593 -0.6804
vn 0.3378 0.6088 -0.7178
vn 0.3539 0.5560 -0.7521
vn 0.3685 0.5011 -0.7830
vn 0.3815 0.4441 -0.8107
vn 0.3929 0.3854 -0.8349
vn 0.4027 0.3251 -0.8557
vn 0.4108 0.2633 -0.8729
vn 0.4172 0.2003 -0.8865
vn 0.4218 0.1362 -0.8964
vn 0.4247 0.0713 -0.9025
vn 0.4258 -0.0000 -0.9048
vn 0.4247 -0.0714 -0.9025
vn 0.4218 -0.1363 -0.8964
vn 0.4107 -0.2634 -0.8729
vn 0.4026 -0.3251 -0.8557
vn 0.3929 -0.3855 -0.8349
vn 0.3815 -0.4442 -0.8106
vn 0.3684 -0.5012 -0.7830
vn 0.3539 -0.5562 -0.7520
vn 0.3377 -0.6090 -0.7177
vn 0.3201 -0.6594 -0.6802
vn 0.3010 -0.7072 -0.6397
vn 0.2807 -0.7519 -0.5965
vn 0.2592 -0.7933 -0.5509
vn 0.2367 -0.8312 -0.5031
vn 0.2133 -0.8654 -0.4533
vn 0.1891 -0.8960 -0.4018
vn 0.1641 -0.9228 -0.3487
vn 0.1384 -0.9457 -0.2941
vn 0.1121 -0.9647 -0.2382
vn 0.0853 -0.9797 -0.1812
vn 0.0580 -0.9907 -0.1233
vn 0.0304 -0.9975 -0.0645
vn 0.0082 -0.9998 -0.0175
vn -0.3011 -0.7071 0.6398
vn 0.3011 -0.7071 -0.6398
vn -0.0141 0.9995 0.0300
vn -0.0563 0.9912 0.1196
vn -0.1112 0.9653 0.2364
vn -0.1637 0.9231 0.3480
vn -0.2130 0.8659 0.4526
vn -0.2583 0.7949 0.5490
vn -0.2994 0.7110 0.6363
vn -0.3357 0.6150 0.7135
vn -0.3668 0.5078 0.7795
vn -0.3920 0.3906 0.8329
vn -0.4105 0.2651 0.8724
vn -0.4220 0.1338 0.8967
vn -0.4258 0.0003 0.9048
vn -0.4220 -0.1322 0.8969
vn -0.4110 -0.2614 0.8734
vn -0.3930 -0.3847 0.8352
vn -0.3687 -0.5003 0.7834
vn -0.3384 -0.6069 0.7191
vn -0.3026 -0.7034 0.6432
vn -0.2618 -0.7887 0.5563
vn -0.2161 -0.8616 0.4593
vn -0.1663 -0.9206 0.3533
vn -0.1128 -0.9642 0.2398
vn -0.0569 -0.9910 0.1210
vn -0.0140 -0.9995 0.0298
vn 0.0004 -1.0000 -0.0008
vn 0.0003 -1.0000 -0.0007
vn -0.4001 -0.3420 0.8503
vn -0.0142 -0.9994 0.0302
vn 0.0143 -0.9994 -0.0304
vn 0.0572 -0.9909 -0.1215
vn 0.1131 -0.9641 -0.2404
vn 0.1664 -0.9205 -0.3536
vn 0.2160 -0.8617 -0.4591
vn 0.2614 -0.7893 -0.5556
vn 0.3021 -0.7046 -0.6420
vn 0.3378 -0.6087 -0.7179
vn 0.3681 -0.5025 -0.7823
vn 0.3926 -0.3870 -0.8343
vn 0.4108 -0.2633 -0.8729
vn 0.4220 -0.1333 -0.8968
vn 0.4258 0.0002 -0.9048
vn 0.4219 0.1344 -0.8966
vn 0.4105 0.2658 -0.8723
vn 0.3919 0.3909 -0.8328
vn 0.3669 0.5076 -0.7796
vn 0.3360 0.6142 -0.7141
vn 0.3000 0.7097 -0.6374
vn 0.2591 0.7935 -0.5507
vn 0.2139 0.8646 -0.4546
vn 0.1647 0.9221 -0.3500
vn 0.1121 0.9647 -0.2381
vn 0.0567 0.9911 -0.1206
vn 0.0142 0.9994 -0.0302
vn -0.0143 0.9994 0.0304
vn -0.0572 0.9909 0.1215
vn -0.1131 0.9641 0.2404
vn -0.1664 0.9205 0.3536
vn -0.2160 0.8617 0.4591
vn -0.2614 0.7893 0.5556
vn -0.3021 0.7046 0.6420
vn -0.3378 0.6087 0.7179
vn -0.3681 0.5025 0.7823
vn -0.3926 0.3870 0.8343
vn -0.4108 0.2633 0.8729
vn -0.4220 0.1333 0.8968
vn -0.4258 -0.0002 0.9048
vn -0.4219 -0.1344 0.8966
vn -0.4105 -0.2658 0.8723
vn -0.3919 -0.3910 0.8328
vn -0.3669 -0.5076 0.7796
vn -0.3360 -0.6142 0.7141
vn -0.3000 -0.7097 0.6374
vn -0.2591 -0.7935 0.5507
vn -0.2139 -0.8646 0.4546
vn -0.1647 -0.9221 0.3500
vn -0.1121 -0.9647 0.2381
vn -0.0567 -0.9911 0.1206
vn -0.0082 0.9998 0.0175
vn 0.0082 0.9998 -0.0175
vn 0.0304 0.9975 -0.0645
vn 0.0580 0.9907 -0.1233
vn 0.0853 0.9797 -0.1812
vn 0.1121 0.9647 -0.2382
vn 0.1384 0.9457 -0.2941
vn 0.1641 0.9228 -0.3487
vn 0.1891 0.8960 -0.4018
vn 0.2133 0.8654 -0.4533
vn 0.2367 0.8312 -0.5031
vn 0.2592 0.7933 -0.5509
vn 0.2807 0.7519 -0.5965
vn 0.3010 0.7072 -0.6397
vn 0.3201 0.6594 -0.6802
vn 0.3377 0.6090 -0.7177
vn 0.3539 0.5562 -0.7520
vn 0.3684 0.5012 -0.7830
vn 0.3815 0.4442 -0.8106
vn 0.3929 0.3855 -0.8349
vn 0.4026 0.3252 -0.8557
vn 0.4107 0.2634 -0.8729
vn 0.4171 0.2003 -0.8865
vn 0.4218 0.1363 -0.8964
vn 0.4247 0.0714 -0.9025
vn 0.4026 -0.3252 -0.8557
vn -0.0082 -0.9998 0.0175
vn -0.0304 -0.9975 0.0645
vn -0.0580 -0.9907 0.1233
vn -0.0853 -0.9797 0.1812
vn -0.1121 -0.9647 0.2382
vn -0.1384 -0.9457 0.2941
vn -0.1641 -0.9228 0.3487
vn -0.1891 -0.8960 0.4018
vn -0.2133 -0.8654 0.4533
vn -0.2367 -0.8312 0.5031
vn -0.2592 -0.7933 0.5509
vn -0.2807 -0.7519 0.5965
vn -0.3010 -0.7072 0.6397
vn -0.3201 -0.6594 0.6802
vn -0.3377 -0.6090 0.7177
vn -0.3539 -0.5562 0.7520
vn -0.3684 -0.5012 0.7830
vn -0.3815 -0.4442 0.8106
vn -0.3929 -0.3855 0.8349
vn -0.4026 -0.3252 0.8557
vn -0.4107 -0.2634 0.8729
vn -0.4171 -0.2003 0.8865
vn -0.4218 -0.1363 0.8964
vn -0.4247 -0.0714 0.9025
vn -0.4258 -0.0000 0.9048
vn -0.4247 0.0714 0.9025
vn -0.4218 0.1363 0.8964
vn -0.4171 0.2003 0.8865
vn -0.4107 0.2634 0.8729
vn -0.4026 0.3252 0.8557
vn -0.3929 0.3855 0.8349
vn -0.3815 0.4442 0.8106
vn -0.3684 0.5012 0.7830
vn -0.3539 0.5562 0.7520
vn -0.3377 0.6090 0.7177
vn -0.3201 0.6594 0.6802
vn -0.3010 0.7072 0.6397
vn -0.2807 0.7519 0.5965
vn -0.2592 0.7933 0.5509
vn -0.2367 0.8312 0.5031
vn -0.2133 0.8654 0.4533
vn -0.1891 0.8960 0.4018
vn -0.1641 0.9228 0.3487
vn -0.1384 0.9457 0.2941
vn -0.1121 0.9647 0.2382
vn -0.0853 0.9797 0.1812
vn -0.0580 0.9907 0.1233
vn -0.0304 0.9975 0.0645
vn 0.3031 -0.7023 -0.6441
vn 0.4257 0.0132 -0.9047
vn 0.4257 0.0130 -0.9048
vn 0.4257 0.0131 -0.9047
vn 0.4257 0.0150 -0.9047
vn 0.3135 -0.6766 -0.6663
vn 0.3919 0.3910 -0.8328
vn 0.3360 0.6141 -0.7141
vn -0.4026 -0.3251 0.8557
vn -0.4171 -0.2004 0.8865
vn -0.4171 0.2004 0.8865
vn -0.4026 0.3251 0.8557
vn -0.3740 0.4779 0.7948
vn 0.0142 -0.9994 -0.0302
vn 0.0567 -0.9911 -0.1206
vn 0.1121 -0.9647 -0.2381
vn 0.1647 -0.9221 -0.3500
vn 0.2139 -0.8646 -0.4546
vn 0.2591 -0.7935 -0.5507
vn 0.3000 -0.7097 -0.6374
vn 0.3360 -0.6142 -0.7141
vn 0.3669 -0.5076 -0.7796
vn 0.3919 -0.3910 -0.8328
vn 0.4105 -0.2658 -0.8723
vn 0.4219 -0.1344 -0.8966
vn 0.4258 -0.0002 -0.9048
vn 0.4220 0.1333 -0.8968
vn 0.3926 0.3870 -0.8343
vn 0.3681 0.5025 -0.7823
vn 0.3378 0.6087 -0.7179
vn 0.3021 0.7046 -0.6420
vn 0.2614 0.7893 -0.5556
vn 0.2160 0.8617 -0.4591
vn 0.1664 0.9205 -0.3536
vn 0.1131 0.9641 -0.2404
vn 0.0572 0.9909 -0.1215
vn 0.0143 0.9994 -0.0304
vn -0.0120 -0.9996 0.0254
vn -0.0477 -0.9937 0.1013
vn -0.0944 -0.9751 0.2006
vn -0.1394 -0.9449 0.2963
vn -0.1822 -0.9038 0.3873
vn -0.2224 -0.8527 0.4727
vn -0.2598 -0.7922 0.5522
vn -0.2942 -0.7229 0.6252
vn -0.3253 -0.6452 0.6913
vn -0.3529 -0.5595 0.7499
vn -0.3767 -0.4662 0.8005
vn -0.3963 -0.3658 0.8421
vn -0.3450 0.5859 0.7333
vn -0.3452 -0.5855 0.7335
vn -0.3961 0.3669 0.8417
vn -0.3764 0.4675 0.7999
vn -0.3525 0.5607 0.7492
vn -0.3249 0.6462 0.6905
vn -0.2939 0.7236 0.6246
vn -0.2597 0.7925 0.5518
vn -0.2224 0.8527 0.4727
vn -0.1824 0.9036 0.3876
vn -0.1397 0.9447 0.2969
vn -0.0947 0.9750 0.2012
vn -0.0479 0.9937 0.1017
vn 0.2914 0.7290 -0.6193
vn 0.4258 0.0066 -0.9048
vn 0.4258 0.0065 -0.9048
vn 0.4258 0.0068 -0.9048
vn 0.4258 0.0067 -0.9048
vn 0.4258 0.0064 -0.9048
vn 0.3002 0.7092 -0.6379
vt 0.345455 0.000000
vt 0.348760 0.000000
vt 0.347107 0.000000
vt 0.350413 0.000000
vt 0.343802 0.000000
vt 0.352066 0.000000
vt 0.342149 0.000000
vt 0.353719 0.000000
vt 0.340496 0.000000
vt 0.355372 0.000000
vt 0.338843 0.000000
vt 0.357025 0.000000
vt 0.449587 0.000000
vt 0.452893 0.000000
vt 0.451240 0.000000
vt 0.454545 0.000000
vt 0.456198 0.000000
vt 0.457851 0.000000
vt 0.459504 0.000000
vt 0.461157 0.000000
vt 0.462810 0.000000
vt 0.464463 0.000000
vt 0.466116 0.000000
vt 0.467769 0.000000
vt 0.469421 0.000000
vt 0.471074 0.000000
vt 0.472727 0.000000
vt 0.337190 0.000000
vt 0.358678 0.000000
vt 0.447934 0.000000
vt 0.335537 0.000000
vt 0.360331 0.000000
vt 0.333884 0.000000
vt 0.361983 0.000000
vt 0.446281 0.000000
vt 0.332231 0.000000
vt 0.363636 0.000000
vt 0.330579 0.000000
vt 0.365289 0.000000
vt 0.328926 0.000000
vt 0.366942 0.000000
vt 0.444628 0.000000
vt 0.327273 0.000000
vt 0.368595 0.000000
vt 0.325620 0.000000
vt 0.322314 0.000000
vt 0.370248 0.000000
vt 0.442975 0.000000
vt 0.441322 0.000000
vt 0.371901 0.000000
vt 0.439669 0.000000
vt 0.474380 0.000000
vt 0.476033 0.000000
vt 0.477686 0.000000
vt 0.479339 0.000000
vt 0.480992 0.000000
vt 0.482645 0.000000
vt 0.438017 0.000000
vt 0.373554 0.000000
vt 0.484298 0.000000
vt 0.485950 0.000000
vt 0.323967 0.000000
vt 0.320661 0.000000
vt 0.487603 0.000000
vt 0.489256 0.000000
vt 0.490909 0.000000
vt 0.436364 0.000000
vt 0.492562 0.000000
vt 0.494215 0.000000
vt 0.495868 0.000000
vt 0.497521 0.000000
vt 0.375207 0.000000
vt 0.434711 0.000000
vt 0.499174 0.000000
vt 0.500826 0.000000
vt 0.502479 0.000000
vt 0.504132 0.000000
vt 0.433058 0.000000
vt 0.505785 0.000000
vt 0.507438 0.000000
vt 0.376860 0.000000
vt 0.509091 0.000000
vt 0.431405 0.000000
vt 0.510744 0.000000
vt 0.512397 0.000000
vt 0.514050 0.000000
vt 0.429752 0.000000
vt 0.515702 0.000000
vt 0.378512 0.000000
vt 0.517355 0.000000
vt 0.519008 0.000000
vt 0.428099 0.000000
vt 0.520661 0.000000
vt 0.522314 0.000000
vt 0.523967 0.000000
vt 0.525620 0.000000
vt 0.426446 0.000000
vt 0.380165 0.000000
vt 0.317355 0.000000
vt 0.319008 0.000000
vt 0.527273 0.000000
vt 0.528926 0.000000
vt 0.530578 0.000000
vt 0.424793 0.000000
vt 0.532231 0.000000
vt 0.533884 0.000000
vt 0.535537 0.000000
vt 0.537190 0.000000
vt 0.423140 0.000000
vt 0.390083 0.000000
vt 0.381818 0.000000
vt 0.538843 0.000000
vt 0.540496 0.000000
vt 0.542149 0.000000
vt 0.543802 0.000000
vt 0.421488 0.000000
vt 0.545455 0.000000
vt 0.547107 0.000000
vt 0.548760 0.000000
vt 0.388430 0.000000
vt 0.550413 0.000000
vt 0.552066 0.000000
vt 0.553719 0.000000
vt 0.555372 0.000000
vt 0.557025 0.000000
vt 0.558678 0.000000
vt 0.560331 0.000000
vt 0.561983 0.000000
vt 0.563636 0.000000
vt 0.565289 0.000000
vt 0.566942 0.000000
vt 0.568595 0.000000
vt 0.570248 0.000000
vt 0.571901 0.000000
vt 0.573554 0.000000
vt 0.575207 0.000000
vt 0.383471 0.000000
vt 0.419835 0.000000
vt 0.418182 0.000000
vt 0.385124 0.000000
vt 0.416529 0.000000
vt 0.414876 0.000000
vt 0.386777 0.000000
vt 0.413223 0.000000
vt 0.411570 0.000000
vt 0.409917 0.000000
vt 0.408264 0.000000
vt 0.406612 0.000000
vt 0.404959 0.000000
vt 0.403306 0.000000
vt 0.401653 0.000000
vt 0.400000 0.000000
vt 0.398347 0.000000
vt 0.396694 0.000000
vt 0.395041 0.000000
vt 0.393388 0.000000
vt 0.391736 0.000000
vt 0.704132 0.000000
vt 0.707438 0.000000
vt 0.705785 0.000000
vt 0.709091 0.000000
vt 0.636364 0.000000
vt 0.639669 0.000000
vt 0.638017 0.000000
vt 0.641322 0.000000
vt 0.702479 0.000000
vt 0.700826 0.000000
vt 0.699174 0.000000
vt 0.697521 0.000000
vt 0.695868 0.000000
vt 0.694215 0.000000
vt 0.728926 0.000000
vt 0.730579 0.000000
vt 0.727273 0.000000
vt 0.725620 0.000000
vt 0.723967 0.000000
vt 0.722314 0.000000
vt 0.720661 0.000000
vt 0.719008 0.000000
vt 0.717355 0.000000
vt 0.715702 0.000000
vt 0.714050 0.000000
vt 0.712397 0.000000
vt 0.710744 0.000000
vt 0.732231 0.000000
vt 0.733884 0.000000
vt 0.692562 0.000000
vt 0.735537 0.000000
vt 0.737190 0.000000
vt 0.738843 0.000000
vt 0.740496 0.000000
vt 0.690909 0.000000
vt 0.742149 0.000000
vt 0.743802 0.000000
vt 0.689256 0.000000
vt 0.745455 0.000000
vt 0.747107 0.000000
vt 0.687603 0.000000
vt 0.748760 0.000000
vt 0.750413 0.000000
vt 0.752066 0.000000
vt 0.685950 0.000000
vt 0.684298 0.000000
vt 0.682645 0.000000
vt 0.771901 0.000000
vt 0.773554 0.000000
vt 0.770248 0.000000
vt 0.768595 0.000000
vt 0.766942 0.000000
vt 0.765289 0.000000
vt 0.763636 0.000000
vt 0.761983 0.000000
vt 0.760331 0.000000
vt 0.758678 0.000000
vt 0.757025 0.000000
vt 0.755372 0.000000
vt 0.753719 0.000000
vt 0.775207 0.000000
vt 0.680992 0.000000
vt 0.776860 0.000000
vt 0.778512 0.000000
vt 0.679339 0.000000
vt 0.780165 0.000000
vt 0.781818 0.000000
vt 0.677686 0.000000
vt 0.783471 0.000000
vt 0.785124 0.000000
vt 0.786777 0.000000
vt 0.676033 0.000000
vt 0.788430 0.000000
vt 0.809917 0.000000
vt 0.646281 0.000000
vt 0.644628 0.000000
vt 0.808264 0.000000
vt 0.806612 0.000000
vt 0.804959 0.000000
vt 0.790083 0.000000
vt 0.803306 0.000000
vt 0.801653 0.000000
vt 0.800000 0.000000
vt 0.798347 0.000000
vt 0.796694 0.000000
vt 0.791736 0.000000
vt 0.795041 0.000000
vt 0.793388 0.000000
vt 0.642975 0.000000
vt 0.576860 0.000000
vt 0.674380 0.000000
vt 0.672727 0.000000
vt 0.634711 0.000000
vt 0.633058 0.000000
vt 0.631405 0.000000
vt 0.629752 0.000000
vt 0.671074 0.000000
vt 0.628099 0.000000
vt 0.626446 0.000000
vt 0.624793 0.000000
vt 0.623141 0.000000
vt 0.621488 0.000000
vt 0.669421 0.000000
vt 0.619835 0.000000
vt 0.618182 0.000000
vt 0.616529 0.000000
vt 0.614876 0.000000
vt 0.667769 0.000000
vt 0.613223 0.000000
vt 0.611570 0.000000
vt 0.609917 0.000000
vt 0.666116 0.000000
vt 0.608264 0.000000
vt 0.606612 0.000000
vt 0.664463 0.000000
vt 0.662810 0.000000
vt 0.661157 0.000000
vt 0.659504 0.000000
vt 0.657851 0.000000
vt 0.656198 0.000000
vt 0.654545 0.000000
vt 0.652893 0.000000
vt 0.651240 0.000000
vt 0.649587 0.000000
vt 0.647934 0.000000
vt 0.604959 0.000000
vt 0.603306 0.000000
vt 0.601653 0.000000
vt 0.600000 0.000000
vt 0.598347 0.000000
vt 0.596694 0.000000
vt 0.595041 0.000000
vt 0.593388 0.000000
vt 0.591736 0.000000
vt 0.590083 0.000000
vt 0.588430 0.000000
vt 0.586777 0.000000
vt 0.585124 0.000000
vt 0.583471 0.000000
vt 0.581818 0.000000
vt 0.580165 0.000000
vt 0.578512 0.000000
vt 0.919008 0.000000
vt 0.922314 0.000000
vt 0.920661 0.000000
vt 0.923967 0.000000
vt 0.925620 0.000000
vt 0.927273 0.000000
vt 0.915702 0.000000
vt 0.928926 0.000000
vt 0.930579 0.000000
vt 0.932231 0.000000
vt 0.933884 0.000000
vt 0.935537 0.000000
vt 0.937190 0.000000
vt 0.938843 0.000000
vt 0.940496 0.000000
vt 0.942149 0.000000
vt 0.943802 0.000000
vt 0.945455 0.000000
vt 0.947107 0.000000
vt 0.948760 0.000000
vt 0.950413 0.000000
vt 0.952066 0.000000
vt 0.953719 0.000000
vt 0.914050 0.000000
vt 0.912397 0.000000
vt 0.955372 0.000000
vt 0.917355 0.000000
vt 0.910744 0.000000
vt 0.909091 0.000000
vt 0.907438 0.000000
vt 0.905785 0.000000
vt 0.904132 0.000000
vt 0.902479 0.000000
vt 0.900826 0.000000
vt 0.899174 0.000000
vt 0.897521 0.000000
vt 0.957025 0.000000
vt 0.895868 0.000000
vt 0.894215 0.000000
vt 0.892562 0.000000
vt 0.890909 0.000000
vt 0.889256 0.000000
vt 0.958678 0.000000
vt 0.887603 0.000000
vt 0.885950 0.000000
vt 0.884298 0.000000
vt 0.882645 0.000000
vt 0.880992 0.000000
vt 0.960331 0.000000
vt 0.879339 0.000000
vt 0.877686 0.000000
vt 0.876033 0.000000
vt 0.874380 0.000000
vt 0.872727 0.000000
vt 0.961983 0.000000
vt 0.871074 0.000000
vt 0.869421 0.000000
vt 0.867769 0.000000
vt 0.866116 0.000000
vt 0.963636 0.000000
vt 0.864463 0.000000
vt 0.862810 0.000000
vt 0.861157 0.000000
vt 0.859504 0.000000
vt 0.965289 0.000000
vt 0.857851 0.000000
vt 0.856198 0.000000
vt 0.854545 0.000000
vt 0.852893 0.000000
vt 0.851240 0.000000
vt 0.849587 0.000000
vt 0.966942 0.000000
vt 0.847934 0.000000
vt 0.846281 0.000000
vt 0.844628 0.000000
vt 0.842975 0.000000
vt 0.841322 0.000000
vt 0.839669 0.000000
vt 0.838017 0.000000
vt 0.836364 0.000000
vt 0.834711 0.000000
vt 0.813223 0.000000
vt 0.816529 0.000000
vt 0.814876 0.000000
vt 0.818182 0.000000
vt 0.819835 0.000000
vt 0.821488 0.000000
vt 0.823141 0.000000
vt 0.824793 0.000000
vt 0.826446 0.000000
vt 0.828099 0.000000
vt 1.000000 0.000000
vt 0.829752 0.000000
vt 0.831405 0.000000
vt 0.833058 0.000000
vt 0.968595 0.000000
vt 0.970248 0.000000
vt 0.971901 0.000000
vt 0.973554 0.000000
vt 0.975207 0.000000
vt 0.976860 0.000000
vt 0.978512 0.000000
vt 0.996694 0.000000
vt 0.991736 0.000000
vt 0.985124 0.000000
vt 0.983471 0.000000
vt 0.981818 0.000000
vt 0.980165 0.000000
vt 0.811570 0.000000
vt 0.998347 0.000000
vt 0.995041 0.000000
vt 0.993388 0.000000
vt 0.990083 0.000000
vt 0.988430 0.000000
vt 0.986777 0.000000
vt 0.057851 0.000000
vt 0.061157 0.000000
vt 0.059504 0.000000
vt 0.062810 0.000000
vt 0.064463 0.000000
vt 0.066116 0.000000
vt 0.067769 0.000000
vt 0.069421 0.000000
vt 0.071074 0.000000
vt 0.072727 0.000000
vt 0.074380 0.000000
vt 0.076033 0.000000
vt 0.077686 0.000000
vt 0.079339 0.000000
vt 0.080992 0.000000
vt 0.056198 0.000000
vt 0.082645 0.000000
vt 0.054545 0.000000
vt 0.084298 0.000000
vt 0.052893 0.000000
vt 0.085950 0.000000
vt 0.051240 0.000000
vt 0.087603 0.000000
vt 0.049587 0.000000
vt 0.089256 0.000000
vt 0.047934 0.000000
vt 0.239669 0.000000
vt 0.238017 0.000000
vt 0.236364 0.000000
vt 0.234711 0.000000
vt 0.233058 0.000000
vt 0.231405 0.000000
vt 0.229752 0.000000
vt 0.228099 0.000000
vt 0.226446 0.000000
vt 0.224793 0.000000
vt 0.223140 0.000000
vt 0.221488 0.000000
vt 0.219835 0.000000
vt 0.218182 0.000000
vt 0.216529 0.000000
vt 0.090909 0.000000
vt 0.214876 0.000000
vt 0.241322 0.000000
vt 0.242975 0.000000
vt 0.213223 0.000000
vt 0.244628 0.000000
vt 0.211570 0.000000
vt 0.246281 0.000000
vt 0.209917 0.000000
vt 0.247934 0.000000
vt 0.208264 0.000000
vt 0.046281 0.000000
vt 0.249587 0.000000
vt 0.206612 0.000000
vt 0.092562 0.000000
vt 0.251240 0.000000
vt 0.204959 0.000000
vt 0.252893 0.000000
vt 0.203306 0.000000
vt 0.254545 0.000000
vt 0.201653 0.000000
vt 0.256198 0.000000
vt 0.200000 0.000000
vt 0.044628 0.000000
vt 0.094215 0.000000
vt 0.257851 0.000000
vt 0.198347 0.000000
vt 0.259504 0.000000
vt 0.196694 0.000000
vt 0.195041 0.000000
vt 0.261157 0.000000
vt 0.193388 0.000000
vt 0.262810 0.000000
vt 0.042975 0.000000
vt 0.095868 0.000000
vt 0.264463 0.000000
vt 0.191736 0.000000
vt 0.266116 0.000000
vt 0.190083 0.000000
vt 0.267769 0.000000
vt 0.188430 0.000000
vt 0.041322 0.000000
vt 0.097521 0.000000
vt 0.269421 0.000000
vt 0.186777 0.000000
vt 0.271074 0.000000
vt 0.185124 0.000000
vt 0.272727 0.000000
vt 0.183471 0.000000
vt 0.274380 0.000000
vt 0.181818 0.000000
vt 0.039669 0.000000
vt 0.099174 0.000000
vt 0.276033 0.000000
vt 0.180165 0.000000
vt 0.277686 0.000000
vt 0.178512 0.000000
vt 0.279339 0.000000
vt 0.176859 0.000000
vt 0.038017 0.000000
vt 0.100826 0.000000
vt 0.175207 0.000000
vt 0.280992 0.000000
vt 0.173554 0.000000
vt 0.282645 0.000000
vt 0.171901 0.000000
vt 0.284298 0.000000
vt 0.036364 0.000000
vt 0.102479 0.000000
vt 0.170248 0.000000
vt 0.285950 0.000000
vt 0.168595 0.000000
vt 0.287603 0.000000
vt 0.166942 0.000000
vt 0.289256 0.000000
vt 0.034711 0.000000
vt 0.104132 0.000000
vt 0.165289 0.000000
vt 0.290909 0.000000
vt 0.163636 0.000000
vt 0.292562 0.000000
vt 0.161983 0.000000
vt 0.294215 0.000000
vt 0.160331 0.000000
vt 0.295868 0.000000
vt 0.033058 0.000000
vt 0.105785 0.000000
vt 0.158678 0.000000
vt 0.297521 0.000000
vt 0.299174 0.000000
vt 0.157025 0.000000
vt 0.300826 0.000000
vt 0.155372 0.000000
vt 0.031405 0.000000
vt 0.302479 0.000000
vt 0.153719 0.000000
vt 0.107438 0.000000
vt 0.304132 0.000000
vt 0.152066 0.000000
vt 0.305785 0.000000
vt 0.150413 0.000000
vt 0.307438 0.000000
vt 0.148760 0.000000
vt 0.309091 0.000000
vt 0.147107 0.000000
vt 0.310744 0.000000
vt 0.145455 0.000000
vt 0.029752 0.000000
vt 0.109091 0.000000
vt 0.312397 0.000000
vt 0.143802 0.000000
vt 0.314050 0.000000
vt 0.142149 0.000000
vt 0.315702 0.000000
vt 0.140496 0.000000
vt 0.119008 0.000000
vt 0.138843 0.000000
vt 0.120661 0.000000
vt 0.122314 0.000000
vt 0.123967 0.000000
vt 0.125620 0.000000
vt 0.127273 0.000000
vt 0.128926 0.000000
vt 0.130579 0.000000
vt 0.132231 0.000000
vt 0.133884 0.000000
vt 0.135537 0.000000
vt 0.137190 0.000000
vt 0.028099 0.000000
vt 0.110744 0.000000
vt 0.026446 0.000000
vt 0.112397 0.000000
vt 0.024793 0.000000
vt 0.114050 0.000000
vt 0.023140 0.000000
vt 0.115702 0.000000
vt 0.021488 0.000000
vt 0.117355 0.000000
vt 0.019835 0.000000
vt 0.000000 0.000000
vt 0.018182 0.000000
vt 0.016529 0.000000
vt 0.014876 0.000000
vt 0.013223 0.000000
vt 0.011570 0.000000
vt 0.009917 0.000000
vt 0.008264 0.000000
vt 0.006612 0.000000
vt 0.004959 0.000000
vt 0.003306 0.000000
vt 0.001653 0.000000
vt 0.000000 1.000000
vt 0.022222 1.000000
vt 0.022222 0.000000
vt 0.044444 1.000000
vt 0.044444 0.000000
vt 0.066667 1.000000
vt 0.066667 0.000000
vt 0.088889 1.000000
vt 0.088889 0.000000
vt 0.111111 1.000000
vt 0.111111 0.000000
vt 0.133333 1.000000
vt 0.133333 0.000000
vt 0.155556 1.000000
vt 0.155556 0.000000
vt 0.177778 1.000000
vt 0.177778 0.000000
vt 0.200000 1.000000
vt 0.222222 1.000000
vt 0.222222 0.000000
vt 0.244444 1.000000
vt 0.244444 0.000000
vt 0.266667 1.000000
vt 0.266667 0.000000
vt 0.288889 1.000000
vt 0.288889 0.000000
vt 0.311111 1.000000
vt 0.311111 0.000000
vt 0.333333 1.000000
vt 0.333333 0.000000
vt 0.355556 1.000000
vt 0.355556 0.000000
vt 0.377778 1.000000
vt 0.377778 0.000000
vt 0.400000 1.000000
vt 0.422222 1.000000
vt 0.422222 0.000000
vt 0.444444 1.000000
vt 0.444444 0.000000
vt 0.466667 1.000000
vt 0.466667 0.000000
vt 0.488889 1.000000
vt 0.488889 0.000000
vt 0.511111 1.000000
vt 0.511111 0.000000
vt 0.533333 1.000000
vt 0.533333 0.000000
vt 0.555556 1.000000
vt 0.555556 0.000000
vt 0.577778 1.000000
vt 0.577778 0.000000
vt 0.600000 1.000000
vt 0.622222 1.000000
vt 0.622222 0.000000
vt 0.644444 1.000000
vt 0.644444 0.000000
vt 0.666667 1.000000
vt 0.666667 0.000000
vt 0.688889 1.000000
vt 0.688889 0.000000
vt 0.711111 1.000000
vt 0.711111 0.000000
vt 0.733333 1.000000
vt 0.733333 0.000000
vt 0.755556 1.000000
vt 0.755556 0.000000
vt 0.777778 1.000000
vt 0.777778 0.000000
vt 0.800000 1.000000
vt 0.822222 1.000000
vt 0.822222 0.000000
vt 0.844444 1.000000
vt 0.844444 0.000000
vt 0.866667 1.000000
vt 0.866667 0.000000
vt 0.888889 1.000000
vt 0.888889 0.000000
vt 0.911111 1.000000
vt 0.911111 0.000000
vt 0.933333 1.000000
vt 0.933333 0.000000
vt 0.955556 1.000000
vt 0.955556 0.000000
vt 0.977778 1.000000
vt 0.977778 0.000000
vt 1.000000 1.000000
vt 0.024390 1.000000
vt 0.024390 0.000000
vt 0.048780 1.000000
vt 0.048780 0.000000
vt 0.073171 1.000000
vt 0.073171 0.000000
vt 0.097561 1.000000
vt 0.097561 0.000000
vt 0.121951 1.000000
vt 0.121951 0.000000
vt 0.146341 1.000000
vt 0.146341 0.000000
vt 0.170732 1.000000
vt 0.170732 0.000000
vt 0.195122 1.000000
vt 0.195122 0.000000
vt 0.219512 1.000000
vt 0.219512 0.000000
vt 0.243902 1.000000
vt 0.243902 0.000000
vt 0.268293 1.000000
vt 0.268293 0.000000
vt 0.292683 1.000000
vt 0.292683 0.000000
vt 0.317073 1.000000
vt 0.317073 0.000000
vt 0.341463 1.000000
vt 0.341463 0.000000
vt 0.365854 1.000000
vt 0.365854 0.000000
vt 0.390244 1.000000
vt 0.390244 0.000000
vt 0.414634 1.000000
vt 0.414634 0.000000
vt 0.439024 1.000000
vt 0.439024 0.000000
vt 0.463415 1.000000
vt 0.463415 0.000000
vt 0.487805 1.000000
vt 0.487805 0.000000
vt 0.512195 1.000000
vt 0.512195 0.000000
vt 0.536585 1.000000
vt 0.536585 0.000000
vt 0.560976 1.000000
vt 0.560976 0.000000
vt 0.585366 1.000000
vt 0.585366 0.000000
vt 0.609756 1.000000
vt 0.609756 0.000000
vt 0.634146 1.000000
vt 0.634146 0.000000
vt 0.658537 1.000000
vt 0.658537 0.000000
vt 0.682927 1.000000
vt 0.682927 0.000000
vt 0.707317 1.000000
vt 0.707317 0.000000
vt 0.731707 1.000000
vt 0.731707 0.000000
vt 0.756098 1.000000
vt 0.756098 0.000000
vt 0.780488 1.000000
vt 0.780488 0.000000
vt 0.804878 1.000000
vt 0.804878 0.000000
vt 0.829268 1.000000
vt 0.829268 0.000000
vt 0.853659 1.000000
vt 0.853659 0.000000
vt 0.878049 1.000000
vt 0.878049 0.000000
vt 0.902439 1.000000
vt 0.902439 0.000000
vt 0.926829 1.000000
vt 0.926829 0.000000
vt 0.951219 1.000000
vt 0.951219 0.000000
vt 0.975610 1.000000
vt 0.975610 0.000000
vt 0.008696 1.000000
vt 0.008696 0.000000
vt 0.017391 1.000000
vt 0.017391 0.000000
vt 0.026087 1.000000
vt 0.026087 0.000000
vt 0.034783 1.000000
vt 0.034783 0.000000
vt 0.043478 1.000000
vt 0.043478 0.000000
vt 0.052174 1.000000
vt 0.052174 0.000000
vt 0.060870 1.000000
vt 0.060870 0.000000
vt 0.069565 1.000000
vt 0.069565 0.000000
vt 0.078261 1.000000
vt 0.078261 0.000000
vt 0.086957 1.000000
vt 0.086957 0.000000
vt 0.095652 1.000000
vt 0.095652 0.000000
vt 0.104348 1.000000
vt 0.104348 0.000000
vt 0.113043 1.000000
vt 0.113043 0.000000
vt 0.121739 1.000000
vt 0.121739 0.000000
vt 0.130435 1.000000
vt 0.130435 0.000000
vt 0.139130 1.000000
vt 0.139130 0.000000
vt 0.147826 1.000000
vt 0.147826 0.000000
vt 0.156522 1.000000
vt 0.156522 0.000000
vt 0.165217 1.000000
vt 0.165217 0.000000
vt 0.173913 1.000000
vt 0.173913 0.000000
vt 0.182609 1.000000
vt 0.182609 0.000000
vt 0.191304 1.000000
vt 0.191304 0.000000
vt 0.208696 1.000000
vt 0.208696 0.000000
vt 0.217391 1.000000
vt 0.217391 0.000000
vt 0.226087 1.000000
vt 0.226087 0.000000
vt 0.234783 1.000000
vt 0.234783 0.000000
vt 0.243478 1.000000
vt 0.243478 0.000000
vt 0.252174 1.000000
vt 0.252174 0.000000
vt 0.260870 1.000000
vt 0.260870 0.000000
vt 0.269565 1.000000
vt 0.269565 0.000000
vt 0.278261 1.000000
vt 0.278261 0.000000
vt 0.286957 1.000000
vt 0.286957 0.000000
vt 0.295652 1.000000
vt 0.295652 0.000000
vt 0.304348 1.000000
vt 0.304348 0.000000
vt 0.313043 1.000000
vt 0.313043 0.000000
vt 0.321739 1.000000
vt 0.321739 0.000000
vt 0.330435 1.000000
vt 0.330435 0.000000
vt 0.339130 1.000000
vt 0.339130 0.000000
vt 0.347826 1.000000
vt 0.347826 0.000000
vt 0.356522 1.000000
vt 0.356522 0.000000
vt 0.365217 1.000000
vt 0.365217 0.000000
vt 0.373913 1.000000
vt 0.373913 0.000000
vt 0.382609 1.000000
vt 0.382609 0.000000
vt 0.391304 1.000000
vt 0.391304 0.000000
vt 0.408696 1.000000
vt 0.408696 0.000000
vt 0.417391 1.000000
vt 0.417391 0.000000
vt 0.426087 1.000000
vt 0.426087 0.000000
vt 0.434783 1.000000
vt 0.434783 0.000000
vt 0.443478 1.000000
vt 0.443478 0.000000
vt 0.452174 1.000000
vt 0.452174 0.000000
vt 0.460870 1.000000
vt 0.460870 0.000000
vt 0.469565 1.000000
vt 0.469565 0.000000
vt 0.478261 1.000000
vt 0.478261 0.000000
vt 0.486957 1.000000
vt 0.486957 0.000000
vt 0.495652 1.000000
vt 0.495652 0.000000
vt 0.504348 1.000000
vt 0.504348 0.000000
vt 0.513043 1.000000
vt 0.513043 0.000000
vt 0.521739 1.000000
vt 0.521739 0.000000
vt 0.530435 1.000000
vt 0.530435 0.000000
vt 0.539130 1.000000
vt 0.539130 0.000000
vt 0.547826 1.000000
vt 0.547826 0.000000
vt 0.556522 1.000000
vt 0.556522 0.000000
vt 0.565217 1.000000
vt 0.565217 0.000000
vt 0.573913 1.000000
vt 0.573913 0.000000
vt 0.582609 1.000000
vt 0.582609 0.000000
vt 0.591304 1.000000
vt 0.591304 0.000000
vt 0.608696 1.000000
vt 0.608696 0.000000
vt 0.617391 1.000000
vt 0.617391 0.000000
vt 0.626087 1.000000
vt 0.626087 0.000000
vt 0.634783 1.000000
vt 0.634783 0.000000
vt 0.643478 1.000000
vt 0.643478 0.000000
vt 0.652174 1.000000
vt 0.652174 0.000000
vt 0.660870 1.000000
vt 0.660870 0.000000
vt 0.669565 1.000000
vt 0.669565 0.000000
vt 0.678261 1.000000
vt 0.678261 0.000000
vt 0.686957 1.000000
vt 0.686957 0.000000
vt 0.695652 1.000000
vt 0.695652 0.000000
vt 0.704348 1.000000
vt 0.704348 0.000000
vt 0.713043 1.000000
vt 0.713043 0.000000
vt 0.721739 1.000000
vt 0.721739 0.000000
vt 0.730435 1.000000
vt 0.730435 0.000000
vt 0.739130 1.000000
vt 0.739130 0.000000
vt 0.747826 1.000000
vt 0.747826 0.000000
vt 0.756522 1.000000
vt 0.756522 0.000000
vt 0.765217 1.000000
vt 0.765217 0.000000
vt 0.773913 1.000000
vt 0.773913 0.000000
vt 0.782609 1.000000
vt 0.782609 0.000000
vt 0.791304 1.000000
vt 0.791304 0.000000
vt 0.808696 1.000000
vt 0.808696 0.000000
vt 0.817391 1.000000
vt 0.817391 0.000000
vt 0.826087 1.000000
vt 0.826087 0.000000
vt 0.834783 1.000000
vt 0.834783 0.000000
vt 0.843478 1.000000
vt 0.843478 0.000000
vt 0.852174 1.000000
vt 0.852174 0.000000
vt 0.860870 1.000000
vt 0.860870 0.000000
vt 0.869565 1.000000
vt 0.869565 0.000000
vt 0.878261 1.000000
vt 0.878261 0.000000
vt 0.886957 1.000000
vt 0.886957 0.000000
vt 0.895652 1.000000
vt 0.895652 0.000000
vt 0.904348 1.000000
vt 0.904348 0.000000
vt 0.913043 1.000000
vt 0.913043 0.000000
vt 0.921739 1.000000
vt 0.921739 0.000000
vt 0.930435 1.000000
vt 0.930435 0.000000
vt 0.939130 1.000000
vt 0.939130 0.000000
vt 0.947826 1.000000
vt 0.947826 0.000000
vt 0.956522 1.000000
vt 0.956522 0.000000
vt 0.965217 1.000000
vt 0.965217 0.000000
vt 0.973913 1.000000
vt 0.973913 0.000000
vt 0.982609 1.000000
vt 0.982609 0.000000
vt 0.991304 1.000000
vt 0.991304 0.000000
vt 0.013889 1.000000
vt 0.013889 0.000000
vt 0.027778 1.000000
vt 0.027778 0.000000
vt 0.041667 1.000000
vt 0.041667 0.000000
vt 0.055556 1.000000
vt 0.055556 0.000000
vt 0.069444 1.000000
vt 0.069444 0.000000
vt 0.083333 1.000000
vt 0.083333 0.000000
vt 0.097222 1.000000
vt 0.097222 0.000000
vt 0.125000 1.000000
vt 0.125000 0.000000
vt 0.138889 1.000000
vt 0.138889 0.000000
vt 0.152778 1.000000
vt 0.152778 0.000000
vt 0.166667 1.000000
vt 0.166667 0.000000
vt 0.180556 1.000000
vt 0.180556 0.000000
vt 0.194444 1.000000
vt 0.194444 0.000000
vt 0.208333 1.000000
vt 0.208333 0.000000
vt 0.236111 1.000000
vt 0.236111 0.000000
vt 0.250000 1.000000
vt 0.250000 0.000000
vt 0.263889 1.000000
vt 0.263889 0.000000
vt 0.277778 1.000000
vt 0.277778 0.000000
vt 0.291667 1.000000
vt 0.291667 0.000000
vt 0.305556 1.000000
vt 0.305556 0.000000
vt 0.319444 1.000000
vt 0.319444 0.000000
vt 0.347222 1.000000
vt 0.347222 0.000000
vt 0.361111 1.000000
vt 0.361111 0.000000
vt 0.375000 1.000000
vt 0.375000 0.000000
vt 0.388889 1.000000
vt 0.388889 0.000000
vt 0.402778 1.000000
vt 0.402778 0.000000
vt 0.416667 1.000000
vt 0.416667 0.000000
vt 0.430556 1.000000
vt 0.430556 0.000000
vt 0.458333 1.000000
vt 0.458333 0.000000
vt 0.472222 1.000000
vt 0.472222 0.000000
vt 0.486111 1.000000
vt 0.486111 0.000000
vt 0.500000 1.000000
vt 0.500000 0.000000
vt 0.513889 1.000000
vt 0.513889 0.000000
vt 0.527778 1.000000
vt 0.527778 0.000000
vt 0.541667 1.000000
vt 0.541667 0.000000
vt 0.569444 1.000000
vt 0.569444 0.000000
vt 0.583333 1.000000
vt 0.583333 0.000000
vt 0.597222 1.000000
vt 0.597222 0.000000
vt 0.611111 1.000000
vt 0.611111 0.000000
vt 0.625000 1.000000
vt 0.625000 0.000000
vt 0.638889 1.000000
vt 0.638889 0.000000
vt 0.652778 1.000000
vt 0.652778 0.000000
vt 0.680556 1.000000
vt 0.680556 0.000000
vt 0.694444 1.000000
vt 0.694444 0.000000
vt 0.708333 1.000000
vt 0.708333 0.000000
vt 0.722222 1.000000
vt 0.722222 0.000000
vt 0.736111 1.000000
vt 0.736111 0.000000
vt 0.750000 1.000000
vt 0.750000 0.000000
vt 0.763889 1.000000
vt 0.763889 0.000000
vt 0.791667 1.000000
vt 0.791667 0.000000
vt 0.805556 1.000000
vt 0.805556 0.000000
vt 0.819444 1.000000
vt 0.819444 0.000000
vt 0.833333 1.000000
vt 0.833333 0.000000
vt 0.847222 1.000000
vt 0.847222 0.000000
vt 0.861111 1.000000
vt 0.861111 0.000000
vt 0.875000 1.000000
vt 0.875000 0.000000
vt 0.902778 1.000000
vt 0.902778 0.000000
vt 0.916667 1.000000
vt 0.916667 0.000000
vt 0.930556 1.000000
vt 0.930556 0.000000
vt 0.944444 1.000000
vt 0.944444 0.000000
vt 0.958333 1.000000
vt 0.958333 0.000000
vt 0.972222 1.000000
vt 0.972222 0.000000
vt 0.986111 1.000000
vt 0.986111 0.000000
vt 0.008333 1.000000
vt 0.008333 0.000000
vt 0.016667 1.000000
vt 0.016667 0.000000
vt 0.025000 1.000000
vt 0.025000 0.000000
vt 0.033333 1.000000
vt 0.033333 0.000000
vt 0.050000 1.000000
vt 0.050000 0.000000
vt 0.058333 1.000000
vt 0.058333 0.000000
vt 0.075000 1.000000
vt 0.075000 0.000000
vt 0.091667 1.000000
vt 0.091667 0.000000
vt 0.100000 1.000000
vt 0.100000 0.000000
vt 0.108333 1.000000
vt 0.108333 0.000000
vt 0.116667 1.000000
vt 0.116667 0.000000
vt 0.141667 1.000000
vt 0.141667 0.000000
vt 0.150000 1.000000
vt 0.150000 0.000000
vt 0.158333 1.000000
vt 0.158333 0.000000
vt 0.175000 1.000000
vt 0.175000 0.000000
vt 0.183333 1.000000
vt 0.183333 0.000000
vt 0.191667 1.000000
vt 0.191667 0.000000
vt 0.216667 1.000000
vt 0.216667 0.000000
vt 0.225000 1.000000
vt 0.225000 0.000000
vt 0.233333 1.000000
vt 0.233333 0.000000
vt 0.241667 1.000000
vt 0.241667 0.000000
vt 0.258333 1.000000
vt 0.258333 0.000000
vt 0.275000 1.000000
vt 0.275000 0.000000
vt 0.283333 1.000000
vt 0.283333 0.000000
vt 0.300000 1.000000
vt 0.300000 0.000000
vt 0.308333 1.000000
vt 0.308333 0.000000
vt 0.316667 1.000000
vt 0.316667 0.000000
vt 0.325000 1.000000
vt 0.325000 0.000000
vt 0.341667 1.000000
vt 0.341667 0.000000
vt 0.350000 1.000000
vt 0.350000 0.000000
vt 0.358333 1.000000
vt 0.358333 0.000000
vt 0.366667 1.000000
vt 0.366667 0.000000
vt 0.383333 1.000000
vt 0.383333 0.000000
vt 0.391667 1.000000
vt 0.391667 0.000000
vt 0.408333 1.000000
vt 0.408333 0.000000
vt 0.425000 1.000000
vt 0.425000 0.000000
vt 0.433333 1.000000
vt 0.433333 0.000000
vt 0.441667 1.000000
vt 0.441667 0.000000
vt 0.450000 1.000000
vt 0.450000 0.000000
vt 0.475000 1.000000
vt 0.475000 0.000000
vt 0.483333 1.000000
vt 0.483333 0.000000
vt 0.491667 1.000000
vt 0.491667 0.000000
vt 0.508333 1.000000
vt 0.508333 0.000000
vt 0.516667 1.000000
vt 0.516667 0.000000
vt 0.525000 1.000000
vt 0.525000 0.000000
vt 0.550000 1.000000
vt 0.550000 0.000000
vt 0.558333 1.000000
vt 0.558333 0.000000
vt 0.566667 1.000000
vt 0.566667 0.000000
vt 0.575000 1.000000
vt 0.575000 0.000000
vt 0.591667 1.000000
vt 0.591667 0.000000
vt 0.608333 1.000000
vt 0.608333 0.000000
vt 0.616667 1.000000
vt 0.616667 0.000000
vt 0.633333 1.000000
vt 0.633333 0.000000
vt 0.641667 1.000000
vt 0.641667 0.000000
vt 0.650000 1.000000
vt 0.650000 0.000000
vt 0.658333 1.000000
vt 0.658333 0.000000
vt 0.675000 1.000000
vt 0.675000 0.000000
vt 0.683333 1.000000
vt 0.683333 0.000000
vt 0.691667 1.000000
vt 0.691667 0.000000
vt 0.700000 1.000000
vt 0.700000 0.000000
vt 0.716667 1.000000
vt 0.716667 0.000000
vt 0.725000 1.000000
vt 0.725000 0.000000
vt 0.741667 1.000000
vt 0.741667 0.000000
vt 0.758333 1.000000
vt 0.758333 0.000000
vt 0.766667 1.000000
vt 0.766667 0.000000
vt 0.775000 1.000000
vt 0.775000 0.000000
vt 0.783333 1.000000
vt 0.783333 0.000000
vt 0.808333 1.000000
vt 0.808333 0.000000
vt 0.816667 1.000000
vt 0.816667 0.000000
vt 0.825000 1.000000
vt 0.825000 0.000000
vt 0.841667 1.000000
vt 0.841667 0.000000
vt 0.850000 1.000000
vt 0.850000 0.000000
vt 0.858333 1.000000
vt 0.858333 0.000000
vt 0.883333 1.000000
vt 0.883333 0.000000
vt 0.891667 1.000000
vt 0.891667 0.000000
vt 0.900000 1.000000
vt 0.900000 0.000000
vt 0.908333 1.000000
vt 0.908333 0.000000
vt 0.925000 1.000000
vt 0.925000 0.000000
vt 0.941667 1.000000
vt 0.941667 0.000000
vt 0.950000 1.000000
vt 0.950000 0.000000
vt 0.966667 1.000000
vt 0.966667 0.000000
vt 0.975000 1.000000
vt 0.975000 0.000000
vt 0.983333 1.000000
vt 0.983333 0.000000
vt 0.991667 1.000000
vt 0.991667 0.000000
vt 0.008929 1.000000
vt 0.008929 0.000000
vt 0.017857 1.000000
vt 0.017857 0.000000
vt 0.026786 1.000000
vt 0.026786 0.000000
vt 0.035714 1.000000
vt 0.035714 0.000000
vt 0.044643 1.000000
vt 0.044643 0.000000
vt 0.053571 1.000000
vt 0.053571 0.000000
vt 0.062500 1.000000
vt 0.062500 0.000000
vt 0.071429 1.000000
vt 0.071429 0.000000
vt 0.080357 1.000000
vt 0.080357 0.000000
vt 0.089286 1.000000
vt 0.089286 0.000000
vt 0.098214 1.000000
vt 0.098214 0.000000
vt 0.107143 1.000000
vt 0.107143 0.000000
vt 0.116071 1.000000
vt 0.116071 0.000000
vt 0.133929 1.000000
vt 0.133929 0.000000
vt 0.142857 1.000000
vt 0.142857 0.000000
vt 0.151786 1.000000
vt 0.151786 0.000000
vt 0.160714 1.000000
vt 0.160714 0.000000
vt 0.169643 1.000000
vt 0.169643 0.000000
vt 0.178571 1.000000
vt 0.178571 0.000000
vt 0.187500 1.000000
vt 0.187500 0.000000
vt 0.196429 1.000000
vt 0.196429 0.000000
vt 0.205357 1.000000
vt 0.205357 0.000000
vt 0.214286 1.000000
vt 0.214286 0.000000
vt 0.223214 1.000000
vt 0.223214 0.000000
vt 0.232143 1.000000
vt 0.232143 0.000000
vt 0.241071 1.000000
vt 0.241071 0.000000
vt 0.258929 1.000000
vt 0.258929 0.000000
vt 0.267857 1.000000
vt 0.267857 0.000000
vt 0.276786 1.000000
vt 0.276786 0.000000
vt 0.285714 1.000000
vt 0.285714 0.000000
vt 0.294643 1.000000
vt 0.294643 0.000000
vt 0.303571 1.000000
vt 0.303571 0.000000
vt 0.312500 1.000000
vt 0.312500 0.000000
vt 0.321429 1.000000
vt 0.321429 0.000000
vt 0.330357 1.000000
vt 0.330357 0.000000
vt 0.339286 1.000000
vt 0.339286 0.000000
vt 0.348214 1.000000
vt 0.348214 0.000000
vt 0.357143 1.000000
vt 0.357143 0.000000
vt 0.366071 1.000000
vt 0.366071 0.000000
vt 0.383929 1.000000
vt 0.383929 0.000000
vt 0.392857 1.000000
vt 0.392857 0.000000
vt 0.401786 1.000000
vt 0.401786 0.000000
vt 0.410714 1.000000
vt 0.410714 0.000000
vt 0.419643 1.000000
vt 0.419643 0.000000
vt 0.428571 1.000000
vt 0.428571 0.000000
vt 0.437500 1.000000
vt 0.437500 0.000000
vt 0.446429 1.000000
vt 0.446429 0.000000
vt 0.455357 1.000000
vt 0.455357 0.000000
vt 0.464286 1.000000
vt 0.464286 0.000000
vt 0.473214 1.000000
vt 0.473214 0.000000
vt 0.482143 1.000000
vt 0.482143 0.000000
vt 0.491071 1.000000
vt 0.491071 0.000000
vt 0.508929 1.000000
vt 0.508929 0.000000
vt 0.517857 1.000000
vt 0.517857 0.000000
vt 0.526786 1.000000
vt 0.526786 0.000000
vt 0.535714 1.000000
vt 0.535714 0.000000
vt 0.544643 1.000000
vt 0.544643 0.000000
vt 0.553571 1.000000
vt 0.553571 0.000000
vt 0.562500 1.000000
vt 0.562500 0.000000
vt 0.571429 1.000000
vt 0.571429 0.000000
vt 0.580357 1.000000
vt 0.580357 0.000000
vt 0.589286 1.000000
vt 0.589286 0.000000
vt 0.598214 1.000000
vt 0.598214 0.000000
vt 0.607143 1.000000
vt 0.607143 0.000000
vt 0.616071 1.000000
vt 0.616071 0.000000
vt 0.633929 1.000000
vt 0.633929 0.000000
vt 0.642857 1.000000
vt 0.642857 0.000000
vt 0.651786 1.000000
vt 0.651786 0.000000
vt 0.660714 1.000000
vt 0.660714 0.000000
vt 0.669643 1.000000
vt 0.669643 0.000000
vt 0.678571 1.000000
vt 0.678571 0.000000
vt 0.687500 1.000000
vt 0.687500 0.000000
vt 0.696429 1.000000
vt 0.696429 0.000000
vt 0.705357 1.000000
vt 0.705357 0.000000
vt 0.714286 1.000000
vt 0.714286 0.000000
vt 0.723214 1.000000
vt 0.723214 0.000000
vt 0.732143 1.000000
vt 0.732143 0.000000
vt 0.741071 1.000000
vt 0.741071 0.000000
vt 0.758929 1.000000
vt 0.758929 0.000000
vt 0.767857 1.000000
vt 0.767857 0.000000
vt 0.776786 1.000000
vt 0.776786 0.000000
vt 0.785714 1.000000
vt 0.785714 0.000000
vt 0.794643 1.000000
vt 0.794643 0.000000
vt 0.803571 1.000000
vt 0.803571 0.000000
vt 0.812500 1.000000
vt 0.812500 0.000000
vt 0.821429 1.000000
vt 0.821429 0.000000
vt 0.830357 1.000000
vt 0.830357 0.000000
vt 0.839286 1.000000
vt 0.839286 0.000000
vt 0.848214 1.000000
vt 0.848214 0.000000
vt 0.857143 1.000000
vt 0.857143 0.000000
vt 0.866071 1.000000
vt 0.866071 0.000000
vt 0.883929 1.000000
vt 0.883929 0.000000
vt 0.892857 1.000000
vt 0.892857 0.000000
vt 0.901786 1.000000
vt 0.901786 0.000000
vt 0.910714 1.000000
vt 0.910714 0.000000
vt 0.919643 1.000000
vt 0.919643 0.000000
vt 0.928571 1.000000
vt 0.928571 0.000000
vt 0.937500 1.000000
vt 0.937500 0.000000
vt 0.946429 1.000000
vt 0.946429 0.000000
vt 0.955357 1.000000
vt 0.955357 0.000000
vt 0.964286 1.000000
vt 0.964286 0.000000
vt 0.973214 1.000000
vt 0.973214 0.000000
vt 0.982143 1.000000
vt 0.982143 0.000000
vt 0.991071 1.000000
vt 0.991071 0.000000
vt 0.009901 1.000000
vt 0.009901 0.000000
vt 0.019802 1.000000
vt 0.019802 0.000000
vt 0.029703 1.000000
vt 0.029703 0.000000
vt 0.039604 1.000000
vt 0.039604 0.000000
vt 0.049505 1.000000
vt 0.049505 0.000000
vt 0.059406 1.000000
vt 0.059406 0.000000
vt 0.069307 1.000000
vt 0.069307 0.000000
vt 0.079208 1.000000
vt 0.079208 0.000000
vt 0.089109 1.000000
vt 0.089109 0.000000
vt 0.099010 1.000000
vt 0.099010 0.000000
vt 0.108911 1.000000
vt 0.108911 0.000000
vt 0.118812 1.000000
vt 0.118812 0.000000
vt 0.128713 1.000000
vt 0.128713 0.000000
vt 0.138614 1.000000
vt 0.138614 0.000000
vt 0.148515 1.000000
vt 0.148515 0.000000
vt 0.158416 1.000000
vt 0.158416 0.000000
vt 0.168317 1.000000
vt 0.168317 0.000000
vt 0.178218 1.000000
vt 0.178218 0.000000
vt 0.188119 1.000000
vt 0.188119 0.000000
vt 0.198020 1.000000
vt 0.198020 0.000000
vt 0.207921 1.000000
vt 0.207921 0.000000
vt 0.217822 1.000000
vt 0.217822 0.000000
vt 0.227723 1.000000
vt 0.227723 0.000000
vt 0.237624 1.000000
vt 0.237624 0.000000
vt 0.247525 1.000000
vt 0.247525 0.000000
vt 0.257426 1.000000
vt 0.257426 0.000000
vt 0.267327 1.000000
vt 0.267327 0.000000
vt 0.277228 1.000000
vt 0.277228 0.000000
vt 0.287129 1.000000
vt 0.287129 0.000000
vt 0.297030 1.000000
vt 0.297030 0.000000
vt 0.306931 1.000000
vt 0.306931 0.000000
vt 0.316832 1.000000
vt 0.316832 0.000000
vt 0.326733 1.000000
vt 0.326733 0.000000
vt 0.336634 1.000000
vt 0.336634 0.000000
vt 0.346535 1.000000
vt 0.346535 0.000000
vt 0.356436 1.000000
vt 0.356436 0.000000
vt 0.366337 1.000000
vt 0.366337 0.000000
vt 0.376238 1.000000
vt 0.376238 0.000000
vt 0.386139 1.000000
vt 0.386139 0.000000
vt 0.396040 1.000000
vt 0.396040 0.000000
vt 0.405941 1.000000
vt 0.405941 0.000000
vt 0.415842 1.000000
vt 0.415842 0.000000
vt 0.425743 1.000000
vt 0.425743 0.000000
vt 0.435644 1.000000
vt 0.435644 0.000000
vt 0.445545 1.000000
vt 0.445545 0.000000
vt 0.455446 1.000000
vt 0.455446 0.000000
vt 0.465347 1.000000
vt 0.465347 0.000000
vt 0.475248 1.000000
vt 0.475248 0.000000
vt 0.485149 1.000000
vt 0.485149 0.000000
vt 0.495050 1.000000
vt 0.495050 0.000000
vt 0.504951 1.000000
vt 0.504951 0.000000
vt 0.514852 1.000000
vt 0.514852 0.000000
vt 0.524752 1.000000
vt 0.524752 0.000000
vt 0.534653 1.000000
vt 0.534653 0.000000
vt 0.544554 1.000000
vt 0.544554 0.000000
vt 0.554455 1.000000
vt 0.554455 0.000000
vt 0.564356 1.000000
vt 0.564356 0.000000
vt 0.574257 1.000000
vt 0.574257 0.000000
vt 0.584158 1.000000
vt 0.584158 0.000000
vt 0.594059 1.000000
vt 0.594059 0.000000
vt 0.603960 1.000000
vt 0.603960 0.000000
vt 0.613861 1.000000
vt 0.613861 0.000000
vt 0.623762 1.000000
vt 0.623762 0.000000
vt 0.633663 1.000000
vt 0.633663 0.000000
vt 0.643564 1.000000
vt 0.643564 0.000000
vt 0.653465 1.000000
vt 0.653465 0.000000
vt 0.663366 1.000000
vt 0.663366 0.000000
vt 0.673267 1.000000
vt 0.673267 0.000000
vt 0.683168 1.000000
vt 0.683168 0.000000
vt 0.693069 1.000000
vt 0.693069 0.000000
vt 0.702970 1.000000
vt 0.702970 0.000000
vt 0.712871 1.000000
vt 0.712871 0.000000
vt 0.722772 1.000000
vt 0.722772 0.000000
vt 0.732673 1.000000
vt 0.732673 0.000000
vt 0.742574 1.000000
vt 0.742574 0.000000
vt 0.752475 1.000000
vt 0.752475 0.000000
vt 0.762376 1.000000
vt 0.762376 0.000000
vt 0.772277 1.000000
vt 0.772277 0.000000
vt 0.782178 1.000000
vt 0.782178 0.000000
vt 0.792079 1.000000
vt 0.792079 0.000000
vt 0.801980 1.000000
vt 0.801980 0.000000
vt 0.811881 1.000000
vt 0.811881 0.000000
vt 0.821782 1.000000
vt 0.821782 0.000000
vt 0.831683 1.000000
vt 0.831683 0.000000
vt 0.841584 1.000000
vt 0.841584 0.000000
vt 0.851485 1.000000
vt 0.851485 0.000000
vt 0.861386 1.000000
vt 0.861386 0.000000
vt 0.871287 1.000000
vt 0.871287 0.000000
vt 0.881188 1.000000
vt 0.881188 0.000000
vt 0.891089 1.000000
vt 0.891089 0.000000
vt 0.900990 1.000000
vt 0.900990 0.000000
vt 0.910891 1.000000
vt 0.910891 0.000000
vt 0.920792 1.000000
vt 0.920792 0.000000
vt 0.930693 1.000000
vt 0.930693 0.000000
vt 0.940594 1.000000
vt 0.940594 0.000000
vt 0.950495 1.000000
vt 0.950495 0.000000
vt 0.960396 1.000000
vt 0.960396 0.000000
vt 0.970297 1.000000
vt 0.970297 0.000000
vt 0.980198 1.000000
vt 0.980198 0.000000
vt 0.990099 1.000000
vt 0.990099 0.000000
s 0
usemtl SVGMat.005
f 210/1/1 212/2/1 211/3/1
f 210/1/1 213/4/1 212/2/1
f 209/5/1 213/4/1 210/1/1
f 209/5/1 214/6/1 213/4/1
f 208/7/1 214/6/1 209/5/1
f 208/7/1 215/8/1 214/6/1
f 207/9/1 215/8/1 208/7/1
f 207/9/1 216/10/1 215/8/1
f 206/11/1 216/10/1 207/9/1
f 206/11/1 217/12/1 216/10/1
f 273/13/1 275/14/1 274/15/1
f 273/13/1 276/16/1 275/14/1
f 273/13/1 277/17/1 276/16/1
f 273/13/1 278/18/1 277/17/1
f 273/13/1 279/19/1 278/18/1
f 273/13/1 280/20/1 279/19/1
f 273/13/1 281/21/1 280/20/1
f 273/13/1 282/22/1 281/21/1
f 273/13/1 283/23/1 282/22/1
f 273/13/1 284/24/1 283/23/1
f 273/13/1 285/25/1 284/24/1
f 273/13/1 286/26/1 285/25/1
f 273/13/1 287/27/1 286/26/1
f 205/28/1 217/12/1 206/11/1
f 205/28/1 218/29/1 217/12/1
f 272/30/1 287/27/1 273/13/1
f 204/31/1 218/29/1 205/28/1
f 204/31/1 219/32/1 218/29/1
f 203/33/1 219/32/1 204/31/1
f 203/33/1 220/34/1 219/32/1
f 271/35/1 287/27/1 272/30/1
f 202/36/1 220/34/1 203/33/1
f 202/36/1 221/37/1 220/34/1
f 201/38/1 221/37/1 202/36/1
f 201/38/1 222/39/1 221/37/1
f 200/40/1 222/39/1 201/38/1
f 200/40/1 223/41/1 222/39/1
f 270/42/1 287/27/1 271/35/1
f 199/43/1 223/41/1 200/40/1
f 199/43/1 224/44/1 223/41/1
f 198/45/1 224/44/1 199/43/1
f 198/45/1 196/46/1 224/44/1
f 196/46/1 225/47/1 224/44/1
f 269/48/1 287/27/1 270/42/1
f 268/49/1 287/27/1 269/48/1
f 196/46/1 226/50/1 225/47/1
f 267/51/1 288/52/1 268/49/1
f 288/52/1 287/27/1 268/49/1
f 267/51/1 289/53/1 288/52/1
f 267/51/1 290/54/1 289/53/1
f 267/51/1 291/55/1 290/54/1
f 267/51/1 292/56/1 291/55/1
f 267/51/1 293/57/1 292/56/1
f 266/58/1 293/57/1 267/51/1
f 196/46/1 227/59/1 226/50/1
f 266/58/1 294/60/1 293/57/1
f 266/58/1 295/61/1 294/60/1
f 198/45/1 197/62/1 196/46/1
f 195/63/1 227/59/1 196/46/1
f 266/58/1 296/64/1 295/61/1
f 266/58/1 297/65/1 296/64/1
f 266/58/1 298/66/1 297/65/1
f 265/67/1 298/66/1 266/58/1
f 265/67/1 299/68/1 298/66/1
f 265/67/1 300/69/1 299/68/1
f 265/67/1 301/70/1 300/69/1
f 265/67/1 302/71/1 301/70/1
f 195/63/1 228/72/1 227/59/1
f 264/73/1 302/71/1 265/67/1
f 264/73/1 303/74/1 302/71/1
f 264/73/1 304/75/1 303/74/1
f 264/73/1 305/76/1 304/75/1
f 264/73/1 306/77/1 305/76/1
f 263/78/1 306/77/1 264/73/1
f 263/78/1 307/79/1 306/77/1
f 263/78/1 308/80/1 307/79/1
f 195/63/1 229/81/1 228/72/1
f 263/78/1 309/82/1 308/80/1
f 262/83/1 309/82/1 263/78/1
f 262/83/1 310/84/1 309/82/1
f 262/83/1 311/85/1 310/84/1
f 262/83/1 312/86/1 311/85/1
f 261/87/1 312/86/1 262/83/1
f 261/87/1 313/88/1 312/86/1
f 195/63/1 230/89/1 229/81/1
f 261/87/1 314/90/1 313/88/1
f 261/87/1 315/91/1 314/90/1
f 260/92/1 315/91/1 261/87/1
f 260/92/1 316/93/1 315/91/1
f 260/92/1 317/94/1 316/93/1
f 260/92/1 318/95/1 317/94/1
f 260/92/1 319/96/1 318/95/1
f 259/97/1 319/96/1 260/92/1
f 195/63/1 231/98/1 230/89/1
f 193/99/1 195/63/1 194/100/1
f 193/99/1 231/98/1 195/63/1
f 259/97/1 320/101/1 319/96/1
f 259/97/1 321/102/1 320/101/1
f 259/97/1 322/103/1 321/102/1
f 258/104/1 322/103/1 259/97/1
f 258/104/1 323/105/1 322/103/1
f 258/104/1 324/106/1 323/105/1
f 258/104/1 325/107/1 324/106/1
f 258/104/1 326/108/1 325/107/1
f 257/109/1 326/108/1 258/104/1
f 193/99/1 237/110/1 231/98/1
f 237/110/1 232/111/1 231/98/1
f 257/109/1 327/112/1 326/108/1
f 257/109/1 328/113/1 327/112/1
f 257/109/1 329/114/1 328/113/1
f 257/109/1 330/115/1 329/114/1
f 256/116/1 330/115/1 257/109/1
f 256/116/1 331/117/1 330/115/1
f 256/116/1 332/118/1 331/117/1
f 256/116/1 333/119/1 332/118/1
f 236/120/1 232/111/1 237/110/1
f 256/116/1 334/121/1 333/119/1
f 256/116/1 335/122/1 334/121/1
f 256/116/1 336/123/1 335/122/1
f 256/116/1 337/124/1 336/123/1
f 256/116/1 338/125/1 337/124/1
f 256/116/1 339/126/1 338/125/1
f 256/116/1 340/127/1 339/126/1
f 256/116/1 341/128/1 340/127/1
f 256/116/1 342/129/1 341/128/1
f 256/116/1 343/130/1 342/129/1
f 256/116/1 344/131/1 343/130/1
f 256/116/1 345/132/1 344/131/1
f 256/116/1 346/133/1 345/132/1
f 256/116/1 347/134/1 346/133/1
f 256/116/1 348/135/1 347/134/1
f 256/116/1 349/136/1 348/135/1
f 236/120/1 233/137/1 232/111/1
f 255/138/1 349/136/1 256/116/1
f 254/139/1 349/136/1 255/138/1
f 236/120/1 234/140/1 233/137/1
f 253/141/1 349/136/1 254/139/1
f 252/142/1 349/136/1 253/141/1
f 236/120/1 235/143/1 234/140/1
f 251/144/1 349/136/1 252/142/1
f 250/145/1 349/136/1 251/144/1
f 249/146/1 349/136/1 250/145/1
f 248/147/1 349/136/1 249/146/1
f 247/148/1 349/136/1 248/147/1
f 246/149/1 349/136/1 247/148/1
f 245/150/1 349/136/1 246/149/1
f 244/151/1 349/136/1 245/150/1
f 243/152/1 349/136/1 244/151/1
f 242/153/1 349/136/1 243/152/1
f 241/154/1 349/136/1 242/153/1
f 240/155/1 349/136/1 241/154/1
f 239/156/1 349/136/1 240/155/1
f 238/157/1 349/136/1 239/156/1
f 427/158/1 429/159/1 428/160/1
f 427/158/1 430/161/1 429/159/1
f 386/162/1 388/163/1 387/164/1
f 386/162/1 389/165/1 388/163/1
f 426/166/1 430/161/1 427/158/1
f 425/167/1 430/161/1 426/166/1
f 424/168/1 430/161/1 425/167/1
f 423/169/1 430/161/1 424/168/1
f 422/170/1 430/161/1 423/169/1
f 421/171/1 442/172/1 422/170/1
f 442/172/1 430/161/1 422/170/1
f 421/171/1 443/173/1 442/172/1
f 441/174/1 430/161/1 442/172/1
f 440/175/1 430/161/1 441/174/1
f 439/176/1 430/161/1 440/175/1
f 438/177/2 430/161/2 439/176/2
f 437/178/1 430/161/1 438/177/1
f 436/179/1 430/161/1 437/178/1
f 435/180/1 430/161/1 436/179/1
f 434/181/2 430/161/2 435/180/2
f 433/182/1 430/161/1 434/181/1
f 432/183/1 430/161/1 433/182/1
f 431/184/1 430/161/1 432/183/1
f 421/171/1 444/185/1 443/173/1
f 421/171/1 445/186/1 444/185/1
f 420/187/1 445/186/1 421/171/1
f 420/187/1 446/188/1 445/186/1
f 420/187/1 447/189/1 446/188/1
f 420/187/1 448/190/1 447/189/1
f 420/187/1 449/191/1 448/190/1
f 419/192/1 449/191/1 420/187/1
f 419/192/1 450/193/1 449/191/1
f 419/192/1 451/194/1 450/193/1
f 418/195/1 451/194/1 419/192/1
f 418/195/1 452/196/1 451/194/1
f 418/195/1 453/197/1 452/196/1
f 417/198/1 453/197/1 418/195/1
f 417/198/1 454/199/1 453/197/1
f 417/198/1 455/200/1 454/199/1
f 417/198/1 456/201/1 455/200/1
f 416/202/1 456/201/1 417/198/1
f 415/203/1 456/201/1 416/202/1
f 414/204/1 468/205/1 415/203/1
f 468/205/1 456/201/1 415/203/1
f 414/204/1 469/206/1 468/205/1
f 467/207/2 456/201/2 468/205/2
f 466/208/1 456/201/1 467/207/1
f 465/209/1 456/201/1 466/208/1
f 464/210/1 456/201/1 465/209/1
f 463/211/1 456/201/1 464/210/1
f 462/212/1 456/201/1 463/211/1
f 461/213/1 456/201/1 462/212/1
f 460/214/2 456/201/2 461/213/2
f 459/215/1 456/201/1 460/214/1
f 458/216/1 456/201/1 459/215/1
f 457/217/1 456/201/1 458/216/1
f 414/204/1 470/218/1 469/206/1
f 413/219/1 470/218/1 414/204/1
f 413/219/1 471/220/1 470/218/1
f 413/219/1 472/221/1 471/220/1
f 412/222/1 472/221/1 413/219/1
f 412/222/1 473/223/1 472/221/1
f 412/222/1 474/224/1 473/223/1
f 411/225/1 474/224/1 412/222/1
f 411/225/1 475/226/1 474/224/1
f 411/225/1 476/227/1 475/226/1
f 411/225/1 477/228/1 476/227/1
f 410/229/1 477/228/1 411/225/1
f 410/229/1 478/230/1 477/228/1
f 491/231/1 392/232/1 391/233/1
f 490/234/1 392/232/1 491/231/1
f 489/235/1 392/232/1 490/234/1
f 488/236/1 392/232/1 489/235/1
f 410/229/1 479/237/1 478/230/1
f 487/238/1 392/232/1 488/236/1
f 486/239/1 392/232/1 487/238/1
f 485/240/1 392/232/1 486/239/1
f 484/241/1 392/232/1 485/240/1
f 483/242/1 392/232/1 484/241/1
f 410/229/1 480/243/1 479/237/1
f 482/244/1 392/232/1 483/242/1
f 481/245/1 392/232/1 482/244/1
f 386/162/1 390/246/1 389/165/1
f 386/162/1 350/247/1 390/246/1
f 480/243/1 392/232/1 481/245/1
f 410/229/1 392/232/1 480/243/1
f 409/248/1 392/232/1 410/229/1
f 408/249/1 392/232/1 409/248/1
f 385/250/1 350/247/1 386/162/1
f 384/251/1 350/247/1 385/250/1
f 383/252/1 350/247/1 384/251/1
f 382/253/1 350/247/1 383/252/1
f 407/254/1 392/232/1 408/249/1
f 381/255/1 350/247/1 382/253/1
f 380/256/1 350/247/1 381/255/1
f 379/257/1 350/247/1 380/256/1
f 378/258/1 350/247/1 379/257/1
f 377/259/1 350/247/1 378/258/1
f 406/260/1 392/232/1 407/254/1
f 376/261/1 350/247/1 377/259/1
f 375/262/1 350/247/1 376/261/1
f 374/263/1 350/247/1 375/262/1
f 373/264/1 350/247/1 374/263/1
f 405/265/1 392/232/1 406/260/1
f 372/266/1 350/247/1 373/264/1
f 371/267/1 350/247/1 372/266/1
f 370/268/1 350/247/1 371/267/1
f 404/269/1 392/232/1 405/265/1
f 369/270/1 350/247/1 370/268/1
f 368/271/1 350/247/1 369/270/1
f 403/272/1 392/232/1 404/269/1
f 402/273/1 392/232/1 403/272/1
f 401/274/1 392/232/1 402/273/1
f 400/275/1 392/232/1 401/274/1
f 399/276/1 392/232/1 400/275/1
f 398/277/1 392/232/1 399/276/1
f 397/278/1 392/232/1 398/277/1
f 396/279/2 392/232/2 397/278/2
f 395/280/1 392/232/1 396/279/1
f 394/281/1 392/232/1 395/280/1
f 393/282/1 392/232/1 394/281/1
f 367/283/1 350/247/1 368/271/1
f 366/284/1 350/247/1 367/283/1
f 365/285/1 350/247/1 366/284/1
f 364/286/1 350/247/1 365/285/1
f 363/287/1 350/247/1 364/286/1
f 362/288/1 350/247/1 363/287/1
f 361/289/1 350/247/1 362/288/1
f 360/290/1 350/247/1 361/289/1
f 359/291/1 350/247/1 360/290/1
f 358/292/2 350/247/2 359/291/2
f 357/293/1 350/247/1 358/292/1
f 356/294/1 350/247/1 357/293/1
f 355/295/1 350/247/1 356/294/1
f 354/296/1 350/247/1 355/295/1
f 353/297/2 350/247/2 354/296/2
f 352/298/1 350/247/1 353/297/1
f 351/299/1 350/247/1 352/298/1
f 557/300/1 559/301/1 558/302/1
f 557/300/1 560/303/1 559/301/1
f 557/300/1 561/304/1 560/303/1
f 557/300/1 562/305/1 561/304/1
f 557/300/1 555/306/1 562/305/1
f 555/306/1 563/307/1 562/305/1
f 555/306/1 564/308/1 563/307/1
f 555/306/1 565/309/1 564/308/1
f 555/306/1 566/310/1 565/309/1
f 555/306/1 567/311/1 566/310/1
f 555/306/1 568/312/1 567/311/1
f 555/306/1 569/313/1 568/312/1
f 555/306/1 570/314/1 569/313/1
f 555/306/1 571/315/1 570/314/1
f 555/306/1 572/316/1 571/315/1
f 555/306/1 573/317/1 572/316/1
f 555/306/1 574/318/1 573/317/1
f 555/306/1 575/319/1 574/318/1
f 555/306/1 576/320/1 575/319/1
f 555/306/1 577/321/1 576/320/1
f 555/306/1 578/322/1 577/321/1
f 555/306/1 554/323/1 578/322/1
f 554/323/1 553/324/1 578/322/1
f 553/324/1 579/325/1 578/322/1
f 557/300/1 556/326/1 555/306/1
f 552/327/1 579/325/1 553/324/1
f 551/328/1 579/325/1 552/327/1
f 550/329/1 579/325/1 551/328/1
f 549/330/1 579/325/1 550/329/1
f 548/331/1 579/325/1 549/330/1
f 547/332/1 579/325/1 548/331/1
f 546/333/1 579/325/1 547/332/1
f 545/334/1 579/325/1 546/333/1
f 544/335/1 579/325/1 545/334/1
f 544/335/1 580/336/1 579/325/1
f 543/337/1 580/336/1 544/335/1
f 542/338/1 580/336/1 543/337/1
f 541/339/1 580/336/1 542/338/1
f 540/340/1 580/336/1 541/339/1
f 539/341/1 580/336/1 540/340/1
f 539/341/1 581/342/1 580/336/1
f 538/343/1 581/342/1 539/341/1
f 537/344/1 581/342/1 538/343/1
f 536/345/1 581/342/1 537/344/1
f 535/346/1 581/342/1 536/345/1
f 534/347/1 581/342/1 535/346/1
f 534/347/1 582/348/1 581/342/1
f 533/349/1 582/348/1 534/347/1
f 532/350/1 582/348/1 533/349/1
f 531/351/1 582/348/1 532/350/1
f 530/352/1 582/348/1 531/351/1
f 529/353/1 582/348/1 530/352/1
f 529/353/1 583/354/1 582/348/1
f 528/355/1 583/354/1 529/353/1
f 527/356/1 583/354/1 528/355/1
f 526/357/1 583/354/1 527/356/1
f 525/358/1 583/354/1 526/357/1
f 525/358/1 584/359/1 583/354/1
f 524/360/1 584/359/1 525/358/1
f 523/361/1 584/359/1 524/360/1
f 522/362/1 584/359/1 523/361/1
f 521/363/1 584/359/1 522/362/1
f 521/363/1 585/364/1 584/359/1
f 520/365/1 585/364/1 521/363/1
f 519/366/1 585/364/1 520/365/1
f 518/367/1 585/364/1 519/366/1
f 517/368/1 585/364/1 518/367/1
f 516/369/1 585/364/1 517/368/1
f 515/370/1 585/364/1 516/369/1
f 515/370/1 586/371/1 585/364/1
f 514/372/1 586/371/1 515/370/1
f 513/373/1 586/371/1 514/372/1
f 512/374/1 586/371/1 513/373/1
f 511/375/1 586/371/1 512/374/1
f 510/376/1 586/371/1 511/375/1
f 509/377/1 586/371/1 510/376/1
f 508/378/1 586/371/1 509/377/1
f 507/379/1 586/371/1 508/378/1
f 506/380/1 586/371/1 507/379/1
f 493/381/1 495/382/1 494/383/1
f 493/381/1 496/384/1 495/382/1
f 493/381/1 497/385/1 496/384/1
f 493/381/1 498/386/1 497/385/1
f 493/381/1 499/387/1 498/386/1
f 493/381/1 500/388/1 499/387/1
f 493/381/1 501/389/1 500/388/1
f 493/381/1 502/390/1 501/389/1
f 493/381/1 606/391/1 502/390/1
f 606/391/1 503/392/1 502/390/1
f 606/391/1 504/393/1 503/392/1
f 606/391/1 505/394/1 504/393/1
f 606/391/1 506/380/1 505/394/1
f 606/391/1 586/371/1 506/380/1
f 606/391/1 587/395/1 586/371/1
f 606/391/1 588/396/1 587/395/1
f 606/391/1 589/397/1 588/396/1
f 606/391/1 590/398/1 589/397/1
f 606/391/1 591/399/1 590/398/1
f 606/391/1 592/400/1 591/399/1
f 606/391/1 593/401/1 592/400/1
f 606/391/1 604/402/1 593/401/1
f 604/402/1 601/403/1 593/401/1
f 601/403/1 597/404/1 593/401/1
f 597/404/1 596/405/1 593/401/1
f 596/405/1 595/406/1 593/401/1
f 595/406/1 594/407/1 593/401/1
f 493/381/1 492/408/1 606/391/1
f 605/409/3 604/402/3 606/391/3
f 603/410/4 601/403/4 604/402/4
f 602/411/1 601/403/1 603/410/1
f 600/412/1 597/404/1 601/403/1
f 599/413/5 598/414/5 600/412/5
f 598/414/6 597/404/6 600/412/6
f 36/415/1 38/416/1 37/417/1
f 36/415/1 39/418/1 38/416/1
f 36/415/1 40/419/1 39/418/1
f 36/415/1 41/420/1 40/419/1
f 36/415/1 42/421/1 41/420/1
f 36/415/1 43/422/1 42/421/1
f 36/415/1 44/423/1 43/422/1
f 36/415/1 45/424/1 44/423/1
f 36/415/1 46/425/1 45/424/1
f 36/415/1 47/426/1 46/425/1
f 36/415/1 48/427/1 47/426/1
f 36/415/1 49/428/1 48/427/1
f 36/415/1 50/429/1 49/428/1
f 35/430/1 50/429/1 36/415/1
f 35/430/1 51/431/1 50/429/1
f 34/432/1 51/431/1 35/430/1
f 34/432/1 52/433/1 51/431/1
f 33/434/1 52/433/1 34/432/1
f 33/434/1 53/435/1 52/433/1
f 32/436/1 53/435/1 33/434/1
f 32/436/1 54/437/1 53/435/1
f 31/438/1 54/437/1 32/436/1
f 31/438/1 55/439/1 54/437/1
f 30/440/1 146/441/1 31/438/1
f 146/441/1 145/442/1 31/438/1
f 145/442/1 55/439/1 31/438/1
f 145/442/1 144/443/1 55/439/1
f 144/443/1 143/444/1 55/439/1
f 143/444/1 142/445/1 55/439/1
f 142/445/1 141/446/1 55/439/1
f 141/446/1 140/447/1 55/439/1
f 140/447/1 139/448/1 55/439/1
f 139/448/1 138/449/1 55/439/1
f 138/449/1 137/450/1 55/439/1
f 137/450/1 136/451/1 55/439/1
f 136/451/1 135/452/1 55/439/1
f 135/452/1 134/453/1 55/439/1
f 134/453/1 133/454/1 55/439/1
f 133/454/1 132/455/1 55/439/1
f 132/455/1 56/456/1 55/439/1
f 131/457/1 56/456/1 132/455/1
f 30/440/1 147/458/1 146/441/1
f 30/440/1 148/459/1 147/458/1
f 130/460/1 56/456/1 131/457/1
f 30/440/1 149/461/1 148/459/1
f 129/462/1 56/456/1 130/460/1
f 30/440/1 150/463/1 149/461/1
f 128/464/1 56/456/1 129/462/1
f 30/440/1 151/465/1 150/463/1
f 127/466/1 56/456/1 128/464/1
f 29/467/1 151/465/1 30/440/1
f 29/467/1 152/468/1 151/465/1
f 126/469/1 56/456/1 127/466/1
f 126/469/1 57/470/1 56/456/1
f 29/467/1 153/471/1 152/468/1
f 125/472/1 57/470/1 126/469/1
f 29/467/1 154/473/1 153/471/1
f 124/474/1 57/470/1 125/472/1
f 29/467/1 155/475/1 154/473/1
f 123/476/1 57/470/1 124/474/1
f 29/467/1 156/477/1 155/475/1
f 122/478/1 57/470/1 123/476/1
f 28/479/1 156/477/1 29/467/1
f 122/478/1 58/480/1 57/470/1
f 28/479/1 157/481/1 156/477/1
f 121/482/1 58/480/1 122/478/1
f 28/479/1 158/483/1 157/481/1
f 120/484/1 58/480/1 121/482/1
f 119/485/1 58/480/1 120/484/1
f 28/479/1 159/486/1 158/483/1
f 118/487/1 58/480/1 119/485/1
f 28/479/1 160/488/1 159/486/1
f 27/489/1 160/488/1 28/479/1
f 118/487/1 59/490/1 58/480/1
f 27/489/1 161/491/1 160/488/1
f 117/492/1 59/490/1 118/487/1
f 27/489/1 162/493/1 161/491/1
f 116/494/1 59/490/1 117/492/1
f 27/489/1 163/495/1 162/493/1
f 115/496/1 59/490/1 116/494/1
f 26/497/1 163/495/1 27/489/1
f 115/496/1 60/498/1 59/490/1
f 26/497/1 164/499/1 163/495/1
f 114/500/1 60/498/1 115/496/1
f 26/497/1 165/501/1 164/499/1
f 113/502/1 60/498/1 114/500/1
f 26/497/1 166/503/1 165/501/1
f 112/504/1 60/498/1 113/502/1
f 26/497/1 167/505/1 166/503/1
f 111/506/1 60/498/1 112/504/1
f 25/507/1 167/505/1 26/497/1
f 111/506/1 61/508/1 60/498/1
f 25/507/1 168/509/1 167/505/1
f 110/510/1 61/508/1 111/506/1
f 25/507/1 169/511/1 168/509/1
f 109/512/1 61/508/1 110/510/1
f 25/507/1 170/513/1 169/511/1
f 108/514/1 61/508/1 109/512/1
f 24/515/1 170/513/1 25/507/1
f 108/514/1 62/516/1 61/508/1
f 107/517/1 62/516/1 108/514/1
f 24/515/1 171/518/1 170/513/1
f 106/519/1 62/516/1 107/517/1
f 24/515/1 172/520/1 171/518/1
f 105/521/1 62/516/1 106/519/1
f 24/515/1 173/522/1 172/520/1
f 23/523/1 173/522/1 24/515/1
f 105/521/1 63/524/1 62/516/1
f 104/525/1 63/524/1 105/521/1
f 23/523/1 174/526/1 173/522/1
f 103/527/1 63/524/1 104/525/1
f 23/523/1 175/528/1 174/526/1
f 102/529/1 63/524/1 103/527/1
f 23/523/1 176/530/1 175/528/1
f 22/531/1 176/530/1 23/523/1
f 102/529/1 64/532/1 63/524/1
f 101/533/1 64/532/1 102/529/1
f 22/531/1 177/534/1 176/530/1
f 100/535/1 64/532/1 101/533/1
f 22/531/1 178/536/1 177/534/1
f 99/537/1 64/532/1 100/535/1
f 22/531/1 179/538/1 178/536/1
f 98/539/1 64/532/1 99/537/1
f 22/531/1 180/540/1 179/538/1
f 21/541/1 180/540/1 22/531/1
f 98/539/1 65/542/1 64/532/1
f 97/543/1 65/542/1 98/539/1
f 21/541/1 181/544/1 180/540/1
f 21/541/1 182/545/1 181/544/1
f 96/546/1 65/542/1 97/543/1
f 21/541/1 183/547/1 182/545/1
f 95/548/1 65/542/1 96/546/1
f 20/549/1 183/547/1 21/541/1
f 20/549/1 184/550/1 183/547/1
f 94/551/1 65/542/1 95/548/1
f 94/551/1 66/552/1 65/542/1
f 20/549/1 185/553/1 184/550/1
f 93/554/1 66/552/1 94/551/1
f 20/549/1 186/555/1 185/553/1
f 92/556/1 66/552/1 93/554/1
f 20/549/1 187/557/1 186/555/1
f 91/558/1 66/552/1 92/556/1
f 20/549/1 188/559/1 187/557/1
f 90/560/1 66/552/1 91/558/1
f 20/549/1 189/561/1 188/559/1
f 89/562/1 66/552/1 90/560/1
f 19/563/1 189/561/1 20/549/1
f 89/562/1 67/564/1 66/552/1
f 19/563/1 190/565/1 189/561/1
f 88/566/1 67/564/1 89/562/1
f 19/563/1 191/567/1 190/565/1
f 87/568/1 67/564/1 88/566/1
f 19/563/1 192/569/1 191/567/1
f 86/570/1 67/564/1 87/568/1
f 19/563/1 73/571/1 192/569/1
f 85/572/1 67/564/1 86/570/1
f 19/563/1 74/573/1 73/571/1
f 19/563/1 75/574/1 74/573/1
f 19/563/1 76/575/1 75/574/1
f 19/563/1 77/576/1 76/575/1
f 19/563/1 78/577/1 77/576/1
f 19/563/1 79/578/1 78/577/1
f 19/563/1 80/579/1 79/578/1
f 19/563/1 81/580/1 80/579/1
f 19/563/1 82/581/1 81/580/1
f 19/563/1 83/582/1 82/581/1
f 19/563/1 84/583/1 83/582/1
f 19/563/1 85/572/1 84/583/1
f 19/563/1 67/564/1 85/572/1
f 18/584/1 67/564/1 19/563/1
f 18/584/1 68/585/1 67/564/1
f 17/586/1 68/585/1 18/584/1
f 17/586/1 69/587/1 68/585/1
f 16/588/1 69/587/1 17/586/1
f 16/588/1 70/589/1 69/587/1
f 15/590/1 70/589/1 16/588/1
f 15/590/1 71/591/1 70/589/1
f 14/592/1 71/591/1 15/590/1
f 14/592/1 72/593/1 71/591/1
f 13/594/1 72/593/1 14/592/1
f 13/594/1 1/595/1 72/593/1
f 12/596/1 1/595/1 13/594/1
f 11/597/1 1/595/1 12/596/1
f 10/598/1 1/595/1 11/597/1
f 9/599/1 1/595/1 10/598/1
f 8/600/2 1/595/2 9/599/2
f 7/601/1 1/595/1 8/600/1
f 6/602/1 1/595/1 7/601/1
f 5/603/1 1/595/1 6/602/1
f 4/604/1 1/595/1 5/603/1
f 3/605/1 1/595/1 4/604/1
f 2/606/1 1/595/1 3/605/1
f 816/1/2 817/3/2 818/2/2
f 816/1/2 818/2/2 819/4/2
f 815/5/2 816/1/2 819/4/2
f 815/5/2 819/4/2 820/6/2
f 814/7/2 815/5/2 820/6/2
f 814/7/2 820/6/2 821/8/2
f 813/9/2 814/7/2 821/8/2
f 813/9/2 821/8/2 822/10/2
f 812/11/2 813/9/2 822/10/2
f 812/11/2 822/10/2 823/12/2
f 879/13/2 880/15/2 881/14/2
f 879/13/2 881/14/2 882/16/2
f 879/13/2 882/16/2 883/17/2
f 879/13/2 883/17/2 884/18/2
f 879/13/2 884/18/2 885/19/2
f 879/13/2 885/19/2 886/20/2
f 879/13/2 886/20/2 887/21/2
f 879/13/2 887/21/2 888/22/2
f 879/13/2 888/22/2 889/23/2
f 879/13/2 889/23/2 890/24/2
f 879/13/2 890/24/2 891/25/2
f 879/13/2 891/25/2 892/26/2
f 879/13/2 892/26/2 893/27/2
f 811/28/2 812/11/2 823/12/2
f 811/28/2 823/12/2 824/29/2
f 878/30/2 879/13/2 893/27/2
f 810/31/2 811/28/2 824/29/2
f 810/31/2 824/29/2 825/32/2
f 809/33/2 810/31/2 825/32/2
f 809/33/2 825/32/2 826/34/2
f 877/35/2 878/30/2 893/27/2
f 808/36/2 809/33/2 826/34/2
f 808/36/2 826/34/2 827/37/2
f 807/38/2 808/36/2 827/37/2
f 807/38/2 827/37/2 828/39/2
f 806/40/2 807/38/2 828/39/2
f 806/40/2 828/39/2 829/41/2
f 876/42/2 877/35/2 893/27/2
f 805/43/2 806/40/2 829/41/2
f 805/43/2 829/41/2 830/44/2
f 804/45/2 805/43/2 830/44/2
f 804/45/2 830/44/2 802/46/2
f 802/46/2 830/44/2 831/47/2
f 875/48/2 876/42/2 893/27/2
f 874/49/2 875/48/2 893/27/2
f 802/46/2 831/47/2 832/50/2
f 873/51/2 874/49/2 894/52/2
f 894/52/2 874/49/2 893/27/2
f 873/51/2 894/52/2 895/53/2
f 873/51/2 895/53/2 896/54/2
f 873/51/2 896/54/2 897/55/2
f 873/51/2 897/55/2 898/56/2
f 873/51/2 898/56/2 899/57/2
f 872/58/2 873/51/2 899/57/2
f 802/46/2 832/50/2 833/59/2
f 872/58/2 899/57/2 900/60/2
f 872/58/2 900/60/2 901/61/2
f 804/45/2 802/46/2 803/62/2
f 801/63/2 802/46/2 833/59/2
f 872/58/2 901/61/2 902/64/2
f 872/58/2 902/64/2 903/65/2
f 872/58/2 903/65/2 904/66/2
f 871/67/2 872/58/2 904/66/2
f 871/67/2 904/66/2 905/68/2
f 871/67/2 905/68/2 906/69/2
f 871/67/2 906/69/2 907/70/2
f 871/67/2 907/70/2 908/71/2
f 801/63/2 833/59/2 834/72/2
f 870/73/2 871/67/2 908/71/2
f 870/73/2 908/71/2 909/74/2
f 870/73/2 909/74/2 910/75/2
f 870/73/2 910/75/2 911/76/2
f 870/73/2 911/76/2 912/77/2
f 869/78/2 870/73/2 912/77/2
f 869/78/2 912/77/2 913/79/2
f 869/78/2 913/79/2 914/80/2
f 801/63/2 834/72/2 835/81/2
f 869/78/2 914/80/2 915/82/2
f 868/83/2 869/78/2 915/82/2
f 868/83/2 915/82/2 916/84/2
f 868/83/2 916/84/2 917/85/2
f 868/83/2 917/85/2 918/86/2
f 867/87/2 868/83/2 918/86/2
f 867/87/2 918/86/2 919/88/2
f 801/63/2 835/81/2 836/89/2
f 867/87/2 919/88/2 920/90/2
f 867/87/2 920/90/2 921/91/2
f 866/92/2 867/87/2 921/91/2
f 866/92/2 921/91/2 922/93/2
f 866/92/2 922/93/2 923/94/2
f 866/92/2 923/94/2 924/95/2
f 866/92/2 924/95/2 925/96/2
f 865/97/2 866/92/2 925/96/2
f 801/63/2 836/89/2 837/98/2
f 799/99/2 800/100/2 801/63/2
f 799/99/2 801/63/2 837/98/2
f 865/97/2 925/96/2 926/101/2
f 865/97/2 926/101/2 927/102/2
f 865/97/2 927/102/2 928/103/2
f 864/104/2 865/97/2 928/103/2
f 864/104/2 928/103/2 929/105/2
f 864/104/2 929/105/2 930/106/2
f 864/104/2 930/106/2 931/107/2
f 864/104/2 931/107/2 932/108/2
f 863/109/2 864/104/2 932/108/2
f 799/99/2 837/98/2 843/110/2
f 843/110/2 837/98/2 838/111/2
f 863/109/2 932/108/2 933/112/2
f 863/109/2 933/112/2 934/113/2
f 863/109/2 934/113/2 935/114/2
f 863/109/2 935/114/2 936/115/2
f 862/116/2 863/109/2 936/115/2
f 862/116/2 936/115/2 937/117/2
f 862/116/2 937/117/2 938/118/2
f 862/116/2 938/118/2 939/119/2
f 842/120/2 843/110/2 838/111/2
f 862/116/2 939/119/2 940/121/2
f 862/116/2 940/121/2 941/122/2
f 862/116/2 941/122/2 942/123/2
f 862/116/2 942/123/2 943/124/2
f 862/116/2 943/124/2 944/125/2
f 862/116/2 944/125/2 945/126/2
f 862/116/2 945/126/2 946/127/2
f 862/116/2 946/127/2 947/128/2
f 862/116/2 947/128/2 948/129/2
f 862/116/2 948/129/2 949/130/2
f 862/116/2 949/130/2 950/131/2
f 862/116/2 950/131/2 951/132/2
f 862/116/2 951/132/2 952/133/2
f 862/116/2 952/133/2 953/134/2
f 862/116/2 953/134/2 954/135/2
f 862/116/2 954/135/2 955/136/2
f 842/120/2 838/111/2 839/137/2
f 861/138/2 862/116/2 955/136/2
f 860/139/2 861/138/2 955/136/2
f 842/120/2 839/137/2 840/140/2
f 859/141/2 860/139/2 955/136/2
f 858/142/2 859/141/2 955/136/2
f 842/120/2 840/140/2 841/143/2
f 857/144/2 858/142/2 955/136/2
f 856/145/2 857/144/2 955/136/2
f 855/146/2 856/145/2 955/136/2
f 854/147/2 855/146/2 955/136/2
f 853/148/2 854/147/2 955/136/2
f 852/149/2 853/148/2 955/136/2
f 851/150/2 852/149/2 955/136/2
f 850/151/2 851/150/2 955/136/2
f 849/152/2 850/151/2 955/136/2
f 848/153/2 849/152/2 955/136/2
f 847/154/2 848/153/2 955/136/2
f 846/155/2 847/154/2 955/136/2
f 845/156/2 846/155/2 955/136/2
f 844/157/2 845/156/2 955/136/2
f 1033/158/2 1034/160/2 1035/159/2
f 1033/158/2 1035/159/2 1036/161/2
f 992/162/2 993/164/2 994/163/2
f 992/162/2 994/163/2 995/165/2
f 1032/166/2 1033/158/2 1036/161/2
f 1031/167/2 1032/166/2 1036/161/2
f 1030/168/2 1031/167/2 1036/161/2
f 1029/169/2 1030/168/2 1036/161/2
f 1028/170/2 1029/169/2 1036/161/2
f 1027/171/2 1028/170/2 1048/172/2
f 1048/172/2 1028/170/2 1036/161/2
f 1027/171/2 1048/172/2 1049/173/2
f 1047/174/1 1048/172/1 1036/161/1
f 1046/175/1 1047/174/1 1036/161/1
f 1045/176/1 1046/175/1 1036/161/1
f 1044/177/1 1045/176/1 1036/161/1
f 1043/178/1 1044/177/1 1036/161/1
f 1042/179/1 1043/178/1 1036/161/1
f 1041/180/1 1042/179/1 1036/161/1
f 1040/181/1 1041/180/1 1036/161/1
f 1039/182/1 1040/181/1 1036/161/1
f 1038/183/1 1039/182/1 1036/161/1
f 1037/184/1 1038/183/1 1036/161/1
f 1027/171/2 1049/173/2 1050/185/2
f 1027/171/2 1050/185/2 1051/186/2
f 1026/187/2 1027/171/2 1051/186/2
f 1026/187/2 1051/186/2 1052/188/2
f 1026/187/2 1052/188/2 1053/189/2
f 1026/187/2 1053/189/2 1054/190/2
f 1026/187/2 1054/190/2 1055/191/2
f 1025/192/2 1026/187/2 1055/191/2
f 1025/192/2 1055/191/2 1056/193/2
f 1025/192/2 1056/193/2 1057/194/2
f 1024/195/2 1025/192/2 1057/194/2
f 1024/195/2 1057/194/2 1058/196/2
f 1024/195/2 1058/196/2 1059/197/2
f 1023/198/2 1024/195/2 1059/197/2
f 1023/198/2 1059/197/2 1060/199/2
f 1023/198/2 1060/199/2 1061/200/2
f 1023/198/2 1061/200/2 1062/201/2
f 1022/202/2 1023/198/2 1062/201/2
f 1021/203/2 1022/202/2 1062/201/2
f 1020/204/2 1021/203/2 1074/205/2
f 1074/205/2 1021/203/2 1062/201/2
f 1020/204/2 1074/205/2 1075/206/2
f 1073/207/1 1074/205/1 1062/201/1
f 1072/208/2 1073/207/2 1062/201/2
f 1071/209/1 1072/208/1 1062/201/1
f 1070/210/1 1071/209/1 1062/201/1
f 1069/211/1 1070/210/1 1062/201/1
f 1068/212/1 1069/211/1 1062/201/1
f 1067/213/1 1068/212/1 1062/201/1
f 1066/214/1 1067/213/1 1062/201/1
f 1065/215/1 1066/214/1 1062/201/1
f 1064/216/1 1065/215/1 1062/201/1
f 1063/217/2 1064/216/2 1062/201/2
f 1020/204/2 1075/206/2 1076/218/2
f 1019/219/2 1020/204/2 1076/218/2
f 1019/219/2 1076/218/2 1077/220/2
f 1019/219/2 1077/220/2 1078/221/2
f 1018/222/2 1019/219/2 1078/221/2
f 1018/222/2 1078/221/2 1079/223/2
f 1018/222/2 1079/223/2 1080/224/2
f 1017/225/2 1018/222/2 1080/224/2
f 1017/225/2 1080/224/2 1081/226/2
f 1017/225/2 1081/226/2 1082/227/2
f 1017/225/2 1082/227/2 1083/228/2
f 1016/229/2 1017/225/2 1083/228/2
f 1016/229/2 1083/228/2 1084/230/2
f 1097/231/2 997/233/2 998/232/2
f 1096/234/2 1097/231/2 998/232/2
f 1095/235/2 1096/234/2 998/232/2
f 1094/236/2 1095/235/2 998/232/2
f 1016/229/2 1084/230/2 1085/237/2
f 1093/238/2 1094/236/2 998/232/2
f 1092/239/2 1093/238/2 998/232/2
f 1091/240/2 1092/239/2 998/232/2
f 1090/241/2 1091/240/2 998/232/2
f 1089/242/2 1090/241/2 998/232/2
f 1016/229/2 1085/237/2 1086/243/2
f 1088/244/2 1089/242/2 998/232/2
f 1087/245/2 1088/244/2 998/232/2
f 992/162/2 995/165/2 996/246/2
f 992/162/2 996/246/2 956/247/2
f 1086/243/2 1087/245/2 998/232/2
f 1016/229/2 1086/243/2 998/232/2
f 1015/248/2 1016/229/2 998/232/2
f 1014/249/2 1015/248/2 998/232/2
f 991/250/2 992/162/2 956/247/2
f 990/251/2 991/250/2 956/247/2
f 989/252/2 990/251/2 956/247/2
f 988/253/2 989/252/2 956/247/2
f 1013/254/2 1014/249/2 998/232/2
f 987/255/2 988/253/2 956/247/2
f 986/256/2 987/255/2 956/247/2
f 985/257/2 986/256/2 956/247/2
f 984/258/2 985/257/2 956/247/2
f 983/259/2 984/258/2 956/247/2
f 1012/260/2 1013/254/2 998/232/2
f 982/261/2 983/259/2 956/247/2
f 981/262/2 982/261/2 956/247/2
f 980/263/2 981/262/2 956/247/2
f 979/264/2 980/263/2 956/247/2
f 1011/265/2 1012/260/2 998/232/2
f 978/266/2 979/264/2 956/247/2
f 977/267/2 978/266/2 956/247/2
f 976/268/2 977/267/2 956/247/2
f 1010/269/2 1011/265/2 998/232/2
f 975/270/2 976/268/2 956/247/2
f 974/271/2 975/270/2 956/247/2
f 1009/272/1 1010/269/1 998/232/1
f 1008/273/1 1009/272/1 998/232/1
f 1007/274/2 1008/273/2 998/232/2
f 1006/275/1 1007/274/1 998/232/1
f 1005/276/1 1006/275/1 998/232/1
f 1004/277/1 1005/276/1 998/232/1
f 1003/278/1 1004/277/1 998/232/1
f 1002/279/1 1003/278/1 998/232/1
f 1001/280/2 1002/279/2 998/232/2
f 1000/281/2 1001/280/2 998/232/2
f 999/282/1 1000/281/1 998/232/1
f 973/283/2 974/271/2 956/247/2
f 972/284/2 973/283/2 956/247/2
f 971/285/2 972/284/2 956/247/2
f 970/286/2 971/285/2 956/247/2
f 969/287/2 970/286/2 956/247/2
f 968/288/2 969/287/2 956/247/2
f 967/289/1 968/288/1 956/247/1
f 966/290/1 967/289/1 956/247/1
f 965/291/1 966/290/1 956/247/1
f 964/292/1 965/291/1 956/247/1
f 963/293/2 964/292/2 956/247/2
f 962/294/1 963/293/1 956/247/1
f 961/295/1 962/294/1 956/247/1
f 960/296/1 961/295/1 956/247/1
f 959/297/1 960/296/1 956/247/1
f 958/298/2 959/297/2 956/247/2
f 957/299/1 958/298/1 956/247/1
f 1163/300/2 1164/302/2 1165/301/2
f 1163/300/2 1165/301/2 1166/303/2
f 1163/300/2 1166/303/2 1167/304/2
f 1163/300/2 1167/304/2 1168/305/2
f 1163/300/2 1168/305/2 1161/306/2
f 1161/306/2 1168/305/2 1169/307/2
f 1161/306/2 1169/307/2 1170/308/2
f 1161/306/2 1170/308/2 1171/309/2
f 1161/306/2 1171/309/2 1172/310/2
f 1161/306/2 1172/310/2 1173/311/2
f 1161/306/2 1173/311/2 1174/312/2
f 1161/306/2 1174/312/2 1175/313/2
f 1161/306/2 1175/313/2 1176/314/2
f 1161/306/2 1176/314/2 1177/315/2
f 1161/306/2 1177/315/2 1178/316/2
f 1161/306/2 1178/316/2 1179/317/2
f 1161/306/2 1179/317/2 1180/318/2
f 1161/306/2 1180/318/2 1181/319/2
f 1161/306/2 1181/319/2 1182/320/2
f 1161/306/2 1182/320/2 1183/321/2
f 1161/306/2 1183/321/2 1184/322/2
f 1161/306/2 1184/322/2 1160/323/2
f 1160/323/2 1184/322/2 1159/324/2
f 1159/324/2 1184/322/2 1185/325/2
f 1163/300/2 1161/306/2 1162/326/2
f 1158/327/2 1159/324/2 1185/325/2
f 1157/328/2 1158/327/2 1185/325/2
f 1156/329/2 1157/328/2 1185/325/2
f 1155/330/2 1156/329/2 1185/325/2
f 1154/331/2 1155/330/2 1185/325/2
f 1153/332/2 1154/331/2 1185/325/2
f 1152/333/2 1153/332/2 1185/325/2
f 1151/334/2 1152/333/2 1185/325/2
f 1150/335/2 1151/334/2 1185/325/2
f 1150/335/2 1185/325/2 1186/336/2
f 1149/337/2 1150/335/2 1186/336/2
f 1148/338/2 1149/337/2 1186/336/2
f 1147/339/2 1148/338/2 1186/336/2
f 1146/340/2 1147/339/2 1186/336/2
f 1145/341/2 1146/340/2 1186/336/2
f 1145/341/2 1186/336/2 1187/342/2
f 1144/343/2 1145/341/2 1187/342/2
f 1143/344/2 1144/343/2 1187/342/2
f 1142/345/2 1143/344/2 1187/342/2
f 1141/346/2 1142/345/2 1187/342/2
f 1140/347/2 1141/346/2 1187/342/2
f 1140/347/2 1187/342/2 1188/348/2
f 1139/349/2 1140/347/2 1188/348/2
f 1138/350/2 1139/349/2 1188/348/2
f 1137/351/2 1138/350/2 1188/348/2
f 1136/352/2 1137/351/2 1188/348/2
f 1135/353/2 1136/352/2 1188/348/2
f 1135/353/2 1188/348/2 1189/354/2
f 1134/355/2 1135/353/2 1189/354/2
f 1133/356/2 1134/355/2 1189/354/2
f 1132/357/2 1133/356/2 1189/354/2
f 1131/358/2 1132/357/2 1189/354/2
f 1131/358/2 1189/354/2 1190/359/2
f 1130/360/2 1131/358/2 1190/359/2
f 1129/361/2 1130/360/2 1190/359/2
f 1128/362/2 1129/361/2 1190/359/2
f 1127/363/2 1128/362/2 1190/359/2
f 1127/363/2 1190/359/2 1191/364/2
f 1126/365/2 1127/363/2 1191/364/2
f 1125/366/2 1126/365/2 1191/364/2
f 1124/367/2 1125/366/2 1191/364/2
f 1123/368/2 1124/367/2 1191/364/2
f 1122/369/2 1123/368/2 1191/364/2
f 1121/370/2 1122/369/2 1191/364/2
f 1121/370/2 1191/364/2 1192/371/2
f 1120/372/2 1121/370/2 1192/371/2
f 1119/373/2 1120/372/2 1192/371/2
f 1118/374/2 1119/373/2 1192/371/2
f 1117/375/2 1118/374/2 1192/371/2
f 1116/376/2 1117/375/2 1192/371/2
f 1115/377/2 1116/376/2 1192/371/2
f 1114/378/2 1115/377/2 1192/371/2
f 1113/379/2 1114/378/2 1192/371/2
f 1112/380/2 1113/379/2 1192/371/2
f 1099/381/2 1100/383/2 1101/382/2
f 1099/381/2 1101/382/2 1102/384/2
f 1099/381/2 1102/384/2 1103/385/2
f 1099/381/2 1103/385/2 1104/386/2
f 1099/381/2 1104/386/2 1105/387/2
f 1099/381/2 1105/387/2 1106/388/2
f 1099/381/2 1106/388/2 1107/389/2
f 1099/381/2 1107/389/2 1108/390/2
f 1099/381/2 1108/390/2 1212/391/2
f 1212/391/2 1108/390/2 1109/392/2
f 1212/391/2 1109/392/2 1110/393/2
f 1212/391/2 1110/393/2 1111/394/2
f 1212/391/2 1111/394/2 1112/380/2
f 1212/391/2 1112/380/2 1192/371/2
f 1212/391/2 1192/371/2 1193/395/2
f 1212/391/2 1193/395/2 1194/396/2
f 1212/391/2 1194/396/2 1195/397/2
f 1212/391/2 1195/397/2 1196/398/2
f 1212/391/2 1196/398/2 1197/399/2
f 1212/391/2 1197/399/2 1198/400/2
f 1212/391/2 1198/400/2 1199/401/2
f 1212/391/2 1199/401/2 1210/402/2
f 1210/402/2 1199/401/2 1207/403/2
f 1207/403/2 1199/401/2 1203/404/2
f 1203/404/2 1199/401/2 1202/405/2
f 1202/405/2 1199/401/2 1201/406/2
f 1201/406/2 1199/401/2 1200/407/2
f 1099/381/2 1212/391/2 1098/408/2
f 1211/409/7 1212/391/7 1210/402/7
f 1209/410/8 1210/402/8 1207/403/8
f 1208/411/2 1209/410/2 1207/403/2
f 1206/412/2 1207/403/2 1203/404/2
f 1205/413/9 1206/412/9 1204/414/9
f 1204/414/10 1206/412/10 1203/404/10
f 642/415/2 643/417/2 644/416/2
f 642/415/2 644/416/2 645/418/2
f 642/415/2 645/418/2 646/419/2
f 642/415/2 646/419/2 647/420/2
f 642/415/2 647/420/2 648/421/2
f 642/415/2 648/421/2 649/422/2
f 642/415/2 649/422/2 650/423/2
f 642/415/2 650/423/2 651/424/2
f 642/415/2 651/424/2 652/425/2
f 642/415/2 652/425/2 653/426/2
f 642/415/2 653/426/2 654/427/2
f 642/415/2 654/427/2 655/428/2
f 642/415/2 655/428/2 656/429/2
f 641/430/2 642/415/2 656/429/2
f 641/430/2 656/429/2 657/431/2
f 640/432/2 641/430/2 657/431/2
f 640/432/2 657/431/2 658/433/2
f 639/434/2 640/432/2 658/433/2
f 639/434/2 658/433/2 659/435/2
f 638/436/2 639/434/2 659/435/2
f 638/436/2 659/435/2 660/437/2
f 637/438/2 638/436/2 660/437/2
f 637/438/2 660/437/2 661/439/2
f 636/440/2 637/438/2 752/441/2
f 752/441/2 637/438/2 751/442/2
f 751/442/2 637/438/2 661/439/2
f 751/442/2 661/439/2 750/443/2
f 750/443/2 661/439/2 749/444/2
f 749/444/2 661/439/2 748/445/2
f 748/445/2 661/439/2 747/446/2
f 747/446/2 661/439/2 746/447/2
f 746/447/2 661/439/2 745/448/2
f 745/448/2 661/439/2 744/449/2
f 744/449/2 661/439/2 743/450/2
f 743/450/2 661/439/2 742/451/2
f 742/451/2 661/439/2 741/452/2
f 741/452/2 661/439/2 740/453/2
f 740/453/2 661/439/2 739/454/2
f 739/454/2 661/439/2 738/455/2
f 738/455/2 661/439/2 662/456/2
f 737/457/2 738/455/2 662/456/2
f 636/440/2 752/441/2 753/458/2
f 636/440/2 753/458/2 754/459/2
f 736/460/2 737/457/2 662/456/2
f 636/440/2 754/459/2 755/461/2
f 735/462/2 736/460/2 662/456/2
f 636/440/2 755/461/2 756/463/2
f 734/464/2 735/462/2 662/456/2
f 636/440/2 756/463/2 757/465/2
f 733/466/2 734/464/2 662/456/2
f 635/467/2 636/440/2 757/465/2
f 635/467/2 757/465/2 758/468/2
f 732/469/2 733/466/2 662/456/2
f 732/469/2 662/456/2 663/470/2
f 635/467/2 758/468/2 759/471/2
f 731/472/2 732/469/2 663/470/2
f 635/467/2 759/471/2 760/473/2
f 730/474/2 731/472/2 663/470/2
f 635/467/2 760/473/2 761/475/2
f 729/476/2 730/474/2 663/470/2
f 635/467/2 761/475/2 762/477/2
f 728/478/2 729/476/2 663/470/2
f 634/479/2 635/467/2 762/477/2
f 728/478/2 663/470/2 664/480/2
f 634/479/2 762/477/2 763/481/2
f 727/482/2 728/478/2 664/480/2
f 634/479/2 763/481/2 764/483/2
f 726/484/2 727/482/2 664/480/2
f 725/485/2 726/484/2 664/480/2
f 634/479/2 764/483/2 765/486/2
f 724/487/2 725/485/2 664/480/2
f 634/479/2 765/486/2 766/488/2
f 633/489/2 634/479/2 766/488/2
f 724/487/2 664/480/2 665/490/2
f 633/489/2 766/488/2 767/491/2
f 723/492/2 724/487/2 665/490/2
f 633/489/2 767/491/2 768/493/2
f 722/494/2 723/492/2 665/490/2
f 633/489/2 768/493/2 769/495/2
f 721/496/2 722/494/2 665/490/2
f 632/497/2 633/489/2 769/495/2
f 721/496/2 665/490/2 666/498/2
f 632/497/2 769/495/2 770/499/2
f 720/500/2 721/496/2 666/498/2
f 632/497/2 770/499/2 771/501/2
f 719/502/2 720/500/2 666/498/2
f 632/497/2 771/501/2 772/503/2
f 718/504/2 719/502/2 666/498/2
f 632/497/2 772/503/2 773/505/2
f 717/506/2 718/504/2 666/498/2
f 631/507/2 632/497/2 773/505/2
f 717/506/2 666/498/2 667/508/2
f 631/507/2 773/505/2 774/509/2
f 716/510/2 717/506/2 667/508/2
f 631/507/2 774/509/2 775/511/2
f 715/512/2 716/510/2 667/508/2
f 631/507/2 775/511/2 776/513/2
f 714/514/2 715/512/2 667/508/2
f 630/515/2 631/507/2 776/513/2
f 714/514/2 667/508/2 668/516/2
f 713/517/2 714/514/2 668/516/2
f 630/515/2 776/513/2 777/518/2
f 712/519/2 713/517/2 668/516/2
f 630/515/2 777/518/2 778/520/2
f 711/521/2 712/519/2 668/516/2
f 630/515/2 778/520/2 779/522/2
f 629/523/2 630/515/2 779/522/2
f 711/521/2 668/516/2 669/524/2
f 710/525/2 711/521/2 669/524/2
f 629/523/2 779/522/2 780/526/2
f 709/527/2 710/525/2 669/524/2
f 629/523/2 780/526/2 781/528/2
f 708/529/2 709/527/2 669/524/2
f 629/523/2 781/528/2 782/530/2
f 628/531/2 629/523/2 782/530/2
f 708/529/2 669/524/2 670/532/2
f 707/533/2 708/529/2 670/532/2
f 628/531/2 782/530/2 783/534/2
f 706/535/2 707/533/2 670/532/2
f 628/531/2 783/534/2 784/536/2
f 705/537/2 706/535/2 670/532/2
f 628/531/2 784/536/2 785/538/2
f 704/539/2 705/537/2 670/532/2
f 628/531/2 785/538/2 786/540/2
f 627/541/2 628/531/2 786/540/2
f 704/539/2 670/532/2 671/542/2
f 703/543/2 704/539/2 671/542/2
f 627/541/2 786/540/2 787/544/2
f 627/541/2 787/544/2 788/545/2
f 702/546/2 703/543/2 671/542/2
f 627/541/2 788/545/2 789/547/2
f 701/548/2 702/546/2 671/542/2
f 626/549/2 627/541/2 789/547/2
f 626/549/2 789/547/2 790/550/2
f 700/551/2 701/548/2 671/542/2
f 700/551/2 671/542/2 672/552/2
f 626/549/2 790/550/2 791/553/2
f 699/554/2 700/551/2 672/552/2
f 626/549/2 791/553/2 792/555/2
f 698/556/2 699/554/2 672/552/2
f 626/549/2 792/555/2 793/557/2
f 697/558/2 698/556/2 672/552/2
f 626/549/2 793/557/2 794/559/2
f 696/560/2 697/558/2 672/552/2
f 626/549/2 794/559/2 795/561/2
f 695/562/2 696/560/2 672/552/2
f 625/563/2 626/549/2 795/561/2
f 695/562/2 672/552/2 673/564/2
f 625/563/2 795/561/2 796/565/2
f 694/566/2 695/562/2 673/564/2
f 625/563/2 796/565/2 797/567/2
f 693/568/2 694/566/2 673/564/2
f 625/563/2 797/567/2 798/569/2
f 692/570/2 693/568/2 673/564/2
f 625/563/2 798/569/2 679/571/2
f 691/572/2 692/570/2 673/564/2
f 625/563/2 679/571/2 680/573/2
f 625/563/2 680/573/2 681/574/2
f 625/563/2 681/574/2 682/575/2
f 625/563/2 682/575/2 683/576/2
f 625/563/2 683/576/2 684/577/2
f 625/563/2 684/577/2 685/578/2
f 625/563/2 685/578/2 686/579/2
f 625/563/2 686/579/2 687/580/2
f 625/563/2 687/580/2 688/581/2
f 625/563/2 688/581/2 689/582/2
f 625/563/2 689/582/2 690/583/2
f 625/563/2 690/583/2 691/572/2
f 625/563/2 691/572/2 673/564/2
f 624/584/2 625/563/2 673/564/2
f 624/584/2 673/564/2 674/585/2
f 623/586/2 624/584/2 674/585/2
f 623/586/2 674/585/2 675/587/2
f 622/588/2 623/586/2 675/587/2
f 622/588/2 675/587/2 676/589/2
f 621/590/2 622/588/2 676/589/2
f 621/590/2 676/589/2 677/591/2
f 620/592/2 621/590/2 677/591/2
f 620/592/2 677/591/2 678/593/2
f 619/594/2 620/592/2 678/593/2
f 619/594/2 678/593/2 607/595/2
f 618/596/1 619/594/1 607/595/1
f 617/597/2 618/596/2 607/595/2
f 616/598/1 617/597/1 607/595/1
f 615/599/1 616/598/1 607/595/1
f 614/600/1 615/599/1 607/595/1
f 613/601/1 614/600/1 607/595/1
f 612/602/1 613/601/1 607/595/1
f 611/603/1 612/602/1 607/595/1
f 610/604/1 611/603/1 607/595/1
f 609/605/1 610/604/1 607/595/1
f 608/606/1 609/605/1 607/595/1
s 1
f 1214/607/11 1216/608/12 1215/609/12 1213/595/11
f 1216/608/12 1218/610/13 1217/611/13 1215/609/12
f 1218/610/13 1220/612/14 1219/613/14 1217/611/13
f 1220/612/14 1222/614/15 1221/615/15 1219/613/14
f 1222/614/15 1224/616/16 1223/617/16 1221/615/15
f 1224/616/16 1226/618/17 1225/619/17 1223/617/16
f 1226/618/17 1228/620/18 1227/621/18 1225/619/17
f 1228/620/18 1230/622/19 1229/623/19 1227/621/18
f 1230/622/19 1232/624/20 1231/478/20 1229/623/19
f 1232/624/20 1234/625/21 1233/626/21 1231/478/20
f 1234/625/21 1236/627/22 1235/628/22 1233/626/21
f 1236/627/22 1238/629/23 1237/630/23 1235/628/22
f 1238/629/23 1240/631/24 1239/632/24 1237/630/23
f 1240/631/24 1242/633/25 1241/634/25 1239/632/24
f 1242/633/25 1244/635/26 1243/636/26 1241/634/25
f 1244/635/26 1246/637/27 1245/638/27 1243/636/26
f 1246/637/27 1248/639/28 1247/640/28 1245/638/27
f 1248/639/28 1250/641/29 1249/152/29 1247/640/28
f 1250/641/29 1252/642/30 1251/643/30 1249/152/29
f 1252/642/30 1254/644/31 1253/645/31 1251/643/30
f 1254/644/31 1256/646/32 1255/647/32 1253/645/31
f 1256/646/32 1258/648/33 1257/649/33 1255/647/32
f 1258/648/33 1260/650/34 1259/651/34 1257/649/33
f 1260/650/34 1262/652/35 1261/653/35 1259/651/34
f 1262/652/35 1264/654/36 1263/655/36 1261/653/35
f 1264/654/36 1266/656/37 1265/657/37 1263/655/36
f 1266/656/37 1268/658/38 1267/286/38 1265/657/37
f 1268/658/38 1270/659/39 1269/660/39 1267/286/38
f 1270/659/39 1272/661/40 1271/662/40 1269/660/39
f 1272/661/40 1274/663/41 1273/664/41 1271/662/40
f 1274/663/41 1276/665/42 1275/666/42 1273/664/41
f 1276/665/42 1278/667/43 1277/668/43 1275/666/42
f 1278/667/43 1280/669/43 1279/670/43 1277/668/43
f 1280/669/43 1282/671/43 1281/672/43 1279/670/43
f 1282/671/43 1284/673/43 1283/674/43 1281/672/43
f 1284/673/43 1286/675/43 1285/240/43 1283/674/43
f 1286/675/43 1288/676/43 1287/677/43 1285/240/43
f 1288/676/43 1290/678/43 1289/679/43 1287/677/43
f 1290/678/43 1292/680/43 1291/681/43 1289/679/43
f 1292/680/43 1294/682/43 1293/683/43 1291/681/43
f 1294/682/43 1296/684/43 1295/685/43 1293/683/43
f 1296/684/43 1298/686/44 1297/687/44 1295/685/43
f 1298/686/44 1300/688/45 1299/689/45 1297/687/44
f 1300/688/45 1302/690/45 1301/691/45 1299/689/45
f 1302/690/45 1214/692/11 1213/391/11 1301/691/45
f 1304/607/46 1306/693/47 1305/694/47 1303/595/46
f 1306/693/47 1308/695/47 1307/696/47 1305/694/47
f 1308/695/47 1310/697/47 1309/698/47 1307/696/47
f 1310/697/47 1312/699/47 1311/700/47 1309/698/47
f 1312/699/47 1314/701/47 1313/702/47 1311/700/47
f 1314/701/47 1316/703/47 1315/704/47 1313/702/47
f 1316/703/47 1318/705/47 1317/706/47 1315/704/47
f 1318/705/47 1320/707/47 1319/708/47 1317/706/47
f 1320/707/47 1322/709/47 1321/710/47 1319/708/47
f 1322/709/47 1324/711/47 1323/712/47 1321/710/47
f 1324/711/47 1326/713/47 1325/714/47 1323/712/47
f 1326/713/47 1328/715/48 1327/716/48 1325/714/47
f 1328/715/48 1330/717/49 1329/718/49 1327/716/48
f 1330/717/49 1332/719/50 1331/720/50 1329/718/49
f 1332/719/50 1334/721/51 1333/722/51 1331/720/50
f 1334/721/51 1336/723/52 1335/724/52 1333/722/51
f 1336/723/52 1338/725/53 1337/726/53 1335/724/52
f 1338/725/53 1340/727/54 1339/728/54 1337/726/53
f 1340/727/54 1342/729/55 1341/730/55 1339/728/54
f 1342/729/55 1344/731/56 1343/732/56 1341/730/55
f 1344/731/56 1346/733/57 1345/734/57 1343/732/56
f 1346/733/57 1348/735/58 1347/736/58 1345/734/57
f 1348/735/58 1350/737/59 1349/738/59 1347/736/58
f 1350/737/59 1352/739/60 1351/740/60 1349/738/59
f 1352/739/60 1354/741/61 1353/742/61 1351/740/60
f 1354/741/61 1356/743/62 1355/744/62 1353/742/61
f 1356/743/62 1358/745/63 1357/746/63 1355/744/62
f 1358/745/63 1360/747/64 1359/748/64 1357/746/63
f 1360/747/64 1362/749/65 1361/750/65 1359/748/64
f 1362/749/65 1364/751/66 1363/752/66 1361/750/65
f 1364/751/66 1366/753/67 1365/754/67 1363/752/66
f 1366/753/67 1368/755/68 1367/756/68 1365/754/67
f 1368/755/68 1370/757/69 1369/758/69 1367/756/68
f 1370/757/69 1372/759/70 1371/760/70 1369/758/69
f 1372/759/70 1374/761/71 1373/762/71 1371/760/70
f 1374/761/71 1376/763/72 1375/764/72 1373/762/71
f 1376/763/72 1378/765/73 1377/766/73 1375/764/72
f 1378/765/73 1380/767/74 1379/768/74 1377/766/73
f 1380/767/74 1382/769/74 1381/770/74 1379/768/74
f 1382/769/74 1384/771/75 1383/772/75 1381/770/74
f 1384/771/75 1304/692/46 1303/391/46 1383/772/75
f 1386/607/76 1388/773/77 1387/774/77 1385/595/76
f 1388/773/77 1390/775/78 1389/776/78 1387/774/77
f 1390/775/78 1392/777/79 1391/778/79 1389/776/78
f 1392/777/79 1394/779/79 1393/780/79 1391/778/79
f 1394/779/79 1396/781/79 1395/782/79 1393/780/79
f 1396/781/79 1398/783/79 1397/784/79 1395/782/79
f 1398/783/79 1400/785/79 1399/786/79 1397/784/79
f 1400/785/79 1402/787/79 1401/788/79 1399/786/79
f 1402/787/79 1404/789/79 1403/790/79 1401/788/79
f 1404/789/79 1406/791/79 1405/792/79 1403/790/79
f 1406/791/79 1408/793/79 1407/794/79 1405/792/79
f 1408/793/79 1410/795/79 1409/796/79 1407/794/79
f 1410/795/79 1412/797/79 1411/798/79 1409/796/79
f 1412/797/79 1414/799/80 1413/800/80 1411/798/79
f 1414/799/80 1416/801/81 1415/802/81 1413/800/80
f 1416/801/81 1418/803/82 1417/804/82 1415/802/81
f 1418/803/82 1420/805/83 1419/806/83 1417/804/82
f 1420/805/83 1422/807/84 1421/808/84 1419/806/83
f 1422/807/84 1424/809/85 1423/810/85 1421/808/84
f 1424/809/85 1426/811/86 1425/812/86 1423/810/85
f 1426/811/86 1428/813/87 1427/814/87 1425/812/86
f 1428/813/87 1430/815/88 1429/816/88 1427/814/87
f 1430/815/88 1432/624/89 1431/478/89 1429/816/88
f 1432/624/89 1434/817/90 1433/818/90 1431/478/89
f 1434/817/90 1436/819/91 1435/820/91 1433/818/90
f 1436/819/91 1438/821/92 1437/822/92 1435/820/91
f 1438/821/92 1440/823/93 1439/824/93 1437/822/92
f 1440/823/93 1442/825/94 1441/826/94 1439/824/93
f 1442/825/94 1444/827/95 1443/828/95 1441/826/94
f 1444/827/95 1446/829/96 1445/830/96 1443/828/95
f 1446/829/96 1448/831/97 1447/832/97 1445/830/96
f 1448/831/97 1450/833/98 1449/834/98 1447/832/97
f 1450/833/98 1452/835/99 1451/836/99 1449/834/98
f 1452/835/99 1454/837/100 1453/838/100 1451/836/99
f 1454/837/100 1456/839/101 1455/840/101 1453/838/100
f 1456/839/101 1458/841/102 1457/842/102 1455/840/101
f 1458/841/102 1460/843/103 1459/844/103 1457/842/102
f 1460/843/103 1462/845/104 1461/846/104 1459/844/103
f 1462/845/104 1464/847/105 1463/848/105 1461/846/104
f 1464/847/105 1466/849/106 1465/850/106 1463/848/105
f 1466/849/106 1468/851/69 1467/852/69 1465/850/106
f 1468/851/69 1470/853/107 1469/854/107 1467/852/69
f 1470/853/107 1472/855/108 1471/856/108 1469/854/107
f 1472/855/108 1474/857/109 1473/858/109 1471/856/108
f 1474/857/109 1476/859/110 1475/860/110 1473/858/109
f 1476/859/110 1478/641/111 1477/152/111 1475/860/110
f 1478/641/111 1480/861/112 1479/862/112 1477/152/111
f 1480/861/112 1482/863/113 1481/864/113 1479/862/112
f 1482/863/113 1484/865/114 1483/866/114 1481/864/113
f 1484/865/114 1486/867/115 1485/868/115 1483/866/114
f 1486/867/115 1488/869/116 1487/870/116 1485/868/115
f 1488/869/116 1490/871/117 1489/872/117 1487/870/116
f 1490/871/117 1492/873/118 1491/874/118 1489/872/117
f 1492/873/118 1494/875/119 1493/876/119 1491/874/118
f 1494/875/119 1496/877/120 1495/878/120 1493/876/119
f 1496/877/120 1498/879/121 1497/880/121 1495/878/120
f 1498/879/121 1500/881/122 1499/882/122 1497/880/121
f 1500/881/122 1502/883/123 1501/884/123 1499/882/122
f 1502/883/123 1504/885/124 1503/886/124 1501/884/123
f 1504/885/124 1506/887/125 1505/888/125 1503/886/124
f 1506/887/125 1508/889/126 1507/890/126 1505/888/125
f 1508/889/126 1510/891/127 1509/892/127 1507/890/126
f 1510/891/127 1512/893/128 1511/894/128 1509/892/127
f 1512/893/128 1514/895/128 1513/896/128 1511/894/128
f 1514/895/128 1516/897/129 1515/898/129 1513/896/128
f 1516/897/129 1518/899/73 1517/900/73 1515/898/129
f 1518/899/73 1520/901/79 1519/902/79 1517/900/73
f 1520/901/79 1522/903/79 1521/904/79 1519/902/79
f 1522/903/79 1524/658/79 1523/286/79 1521/904/79
f 1524/658/79 1526/905/79 1525/906/79 1523/286/79
f 1526/905/79 1528/907/79 1527/908/79 1525/906/79
f 1528/907/79 1530/909/79 1529/910/79 1527/908/79
f 1530/909/79 1532/911/79 1531/912/79 1529/910/79
f 1532/911/79 1534/913/79 1533/914/79 1531/912/79
f 1534/913/79 1536/915/79 1535/916/79 1533/914/79
f 1536/915/79 1538/917/79 1537/918/79 1535/916/79
f 1538/917/79 1540/919/79 1539/920/79 1537/918/79
f 1540/919/79 1542/921/130 1541/922/130 1539/920/79
f 1542/921/130 1544/923/131 1543/924/131 1541/922/130
f 1544/923/131 1546/925/132 1545/926/132 1543/924/131
f 1546/925/132 1548/927/133 1547/928/133 1545/926/132
f 1548/927/133 1550/929/134 1549/930/134 1547/928/133
f 1550/929/134 1552/931/135 1551/932/135 1549/930/134
f 1552/931/135 1554/933/136 1553/934/136 1551/932/135
f 1554/933/136 1556/935/137 1555/936/137 1553/934/136
f 1556/935/137 1558/937/138 1557/938/138 1555/936/137
f 1558/937/138 1560/939/139 1559/940/139 1557/938/138
f 1560/939/139 1562/941/140 1561/942/140 1559/940/139
f 1562/941/140 1564/943/141 1563/944/141 1561/942/140
f 1564/943/141 1566/945/142 1565/946/142 1563/944/141
f 1566/945/142 1568/947/143 1567/948/143 1565/946/142
f 1568/947/143 1570/675/144 1569/240/144 1567/948/143
f 1570/675/144 1572/949/145 1571/950/145 1569/240/144
f 1572/949/145 1574/951/146 1573/952/146 1571/950/145
f 1574/951/146 1576/953/147 1575/954/147 1573/952/146
f 1576/953/147 1578/955/148 1577/956/148 1575/954/147
f 1578/955/148 1580/957/149 1579/958/149 1577/956/148
f 1580/957/149 1582/959/150 1581/960/150 1579/958/149
f 1582/959/150 1584/961/151 1583/962/151 1581/960/150
f 1584/961/151 1586/963/152 1585/964/152 1583/962/151
f 1586/963/152 1588/965/153 1587/966/153 1585/964/152
f 1588/965/153 1590/967/154 1589/968/154 1587/966/153
f 1590/967/154 1592/969/155 1591/970/155 1589/968/154
f 1592/969/155 1594/971/156 1593/972/156 1591/970/155
f 1594/971/156 1596/973/156 1595/974/156 1593/972/156
f 1596/973/156 1598/975/156 1597/976/156 1595/974/156
f 1598/975/156 1600/977/156 1599/978/156 1597/976/156
f 1600/977/156 1602/979/156 1601/980/156 1599/978/156
f 1602/979/156 1604/981/156 1603/982/156 1601/980/156
f 1604/981/156 1606/983/156 1605/984/156 1603/982/156
f 1606/983/156 1608/985/156 1607/986/156 1605/984/156
f 1608/985/156 1610/987/156 1609/988/156 1607/986/156
f 1610/987/156 1612/989/156 1611/990/156 1609/988/156
f 1612/989/156 1614/991/157 1613/992/157 1611/990/156
f 1614/991/157 1386/692/76 1385/391/76 1613/992/157
f 1616/607/158 1618/993/47 1617/994/47 1615/595/158
f 1618/993/47 1620/995/47 1619/996/47 1617/994/47
f 1620/995/47 1622/997/47 1621/998/47 1619/996/47
f 1622/997/47 1624/999/47 1623/1000/47 1621/998/47
f 1624/999/47 1626/1001/47 1625/1002/47 1623/1000/47
f 1626/1001/47 1628/1003/47 1627/1004/47 1625/1002/47
f 1628/1003/47 1630/1005/47 1629/1006/47 1627/1004/47
f 1630/1005/47 1632/616/47 1631/617/47 1629/1006/47
f 1632/616/47 1634/1007/47 1633/1008/47 1631/617/47
f 1634/1007/47 1636/1009/47 1635/1010/47 1633/1008/47
f 1636/1009/47 1638/1011/47 1637/1012/47 1635/1010/47
f 1638/1011/47 1640/1013/159 1639/1014/159 1637/1012/47
f 1640/1013/159 1642/1015/160 1641/1016/160 1639/1014/159
f 1642/1015/160 1644/1017/161 1643/1018/161 1641/1016/160
f 1644/1017/161 1646/1019/162 1645/1020/162 1643/1018/161
f 1646/1019/162 1648/625/163 1647/626/163 1645/1020/162
f 1648/625/163 1650/1021/164 1649/1022/164 1647/626/163
f 1650/1021/164 1652/1023/165 1651/1024/165 1649/1022/164
f 1652/1023/165 1654/1025/166 1653/1026/166 1651/1024/165
f 1654/1025/166 1656/1027/167 1655/1028/167 1653/1026/166
f 1656/1027/167 1658/1029/168 1657/1030/168 1655/1028/167
f 1658/1029/168 1660/1031/169 1659/1032/169 1657/1030/168
f 1660/1031/169 1662/1033/170 1661/1034/170 1659/1032/169
f 1662/1033/170 1664/635/171 1663/636/171 1661/1034/170
f 1664/635/171 1666/1035/172 1665/1036/172 1663/636/171
f 1666/1035/172 1668/1037/173 1667/1038/173 1665/1036/172
f 1668/1037/173 1670/1039/174 1669/1040/174 1667/1038/173
f 1670/1039/174 1672/1041/175 1671/1042/175 1669/1040/174
f 1672/1041/175 1674/1043/176 1673/1044/176 1671/1042/175
f 1674/1043/176 1676/1045/177 1675/1046/177 1673/1044/176
f 1676/1045/177 1678/1047/178 1677/1048/178 1675/1046/177
f 1678/1047/178 1680/644/179 1679/645/179 1677/1048/178
f 1680/644/179 1682/1049/180 1681/1050/180 1679/645/179
f 1682/1049/180 1684/1051/181 1683/1052/181 1681/1050/180
f 1684/1051/181 1686/1053/182 1685/1054/182 1683/1052/181
f 1686/1053/182 1688/1055/183 1687/1056/183 1685/1054/182
f 1688/1055/183 1690/1057/79 1689/1058/79 1687/1056/183
f 1690/1057/79 1692/1059/79 1691/1060/79 1689/1058/79
f 1692/1059/79 1694/1061/79 1693/1062/79 1691/1060/79
f 1694/1061/79 1696/654/79 1695/655/79 1693/1062/79
f 1696/654/79 1698/1063/79 1697/1064/79 1695/655/79
f 1698/1063/79 1700/1065/79 1699/1066/79 1697/1064/79
f 1700/1065/79 1702/1067/79 1701/1068/79 1699/1066/79
f 1702/1067/79 1704/1069/79 1703/1070/79 1701/1068/79
f 1704/1069/79 1706/1071/79 1705/1072/79 1703/1070/79
f 1706/1071/79 1708/1073/79 1707/1074/79 1705/1072/79
f 1708/1073/79 1710/1075/79 1709/1076/79 1707/1074/79
f 1710/1075/79 1712/663/184 1711/664/184 1709/1076/79
f 1712/663/184 1714/1077/185 1713/1078/185 1711/664/184
f 1714/1077/185 1716/1079/186 1715/1080/186 1713/1078/185
f 1716/1079/186 1718/1081/187 1717/1082/187 1715/1080/186
f 1718/1081/187 1720/1083/188 1719/1084/188 1717/1082/187
f 1720/1083/188 1722/1085/189 1721/1086/189 1719/1084/188
f 1722/1085/189 1724/1087/190 1723/1088/190 1721/1086/189
f 1724/1087/190 1726/1089/191 1725/1090/191 1723/1088/190
f 1726/1089/191 1728/673/192 1727/674/192 1725/1090/191
f 1728/673/192 1730/1091/193 1729/1092/193 1727/674/192
f 1730/1091/193 1732/1093/194 1731/1094/194 1729/1092/193
f 1732/1093/194 1734/1095/195 1733/1096/195 1731/1094/194
f 1734/1095/195 1736/1097/196 1735/1098/196 1733/1096/195
f 1736/1097/196 1738/1099/197 1737/1100/197 1735/1098/196
f 1738/1099/197 1740/1101/198 1739/1102/198 1737/1100/197
f 1740/1101/198 1742/1103/199 1741/1104/199 1739/1102/198
f 1742/1103/199 1744/682/200 1743/683/200 1741/1104/199
f 1744/682/200 1746/1105/201 1745/1106/201 1743/683/200
f 1746/1105/201 1748/1107/202 1747/1108/202 1745/1106/201
f 1748/1107/202 1750/1109/203 1749/1110/203 1747/1108/202
f 1750/1109/203 1752/1111/204 1751/1112/204 1749/1110/203
f 1752/1111/204 1754/1113/205 1753/1114/205 1751/1112/204
f 1754/1113/205 1756/1115/206 1755/1116/206 1753/1114/205
f 1756/1115/206 1758/1117/207 1757/1118/207 1755/1116/206
f 1758/1117/207 1616/692/158 1615/391/158 1757/1118/207
f 1760/607/208 1762/1119/79 1761/1120/79 1759/595/208
f 1762/1119/79 1764/1121/79 1763/1122/79 1761/1120/79
f 1764/1121/79 1766/1123/79 1765/1124/79 1763/1122/79
f 1766/1123/79 1768/1125/79 1767/1126/79 1765/1124/79
f 1768/1125/79 1770/997/79 1769/998/79 1767/1126/79
f 1770/997/79 1772/1127/79 1771/1128/79 1769/998/79
f 1772/1127/79 1774/1129/79 1773/1130/79 1771/1128/79
f 1774/1129/79 1776/612/79 1775/613/79 1773/1130/79
f 1776/612/79 1778/1131/79 1777/1132/79 1775/613/79
f 1778/1131/79 1780/1003/79 1779/1004/79 1777/1132/79
f 1780/1003/79 1782/1133/79 1781/1134/79 1779/1004/79
f 1782/1133/79 1784/1135/209 1783/1136/209 1781/1134/79
f 1784/1135/209 1786/1137/210 1785/1138/210 1783/1136/209
f 1786/1137/210 1788/1139/211 1787/1140/211 1785/1138/210
f 1788/1139/211 1790/1007/212 1789/1008/212 1787/1140/211
f 1790/1007/212 1792/618/213 1791/619/213 1789/1008/212
f 1792/618/213 1794/1141/214 1793/1142/214 1791/619/213
f 1794/1141/214 1796/1143/215 1795/1144/215 1793/1142/214
f 1796/1143/215 1798/1145/216 1797/1146/216 1795/1144/215
f 1798/1145/216 1800/1013/217 1799/1014/217 1797/1146/216
f 1800/1013/217 1802/1147/218 1801/1148/218 1799/1014/217
f 1802/1147/218 1804/1149/219 1803/1150/219 1801/1148/218
f 1804/1149/219 1806/1151/220 1805/1152/220 1803/1150/219
f 1806/1151/220 1808/624/221 1807/478/221 1805/1152/220
f 1808/624/221 1810/1019/222 1809/1020/222 1807/478/221
f 1810/1019/222 1812/1153/223 1811/1154/223 1809/1020/222
f 1812/1153/223 1814/1155/224 1813/1156/224 1811/1154/223
f 1814/1155/224 1816/1157/225 1815/1158/225 1813/1156/224
f 1816/1157/225 1818/1159/226 1817/1160/226 1815/1158/225
f 1818/1159/226 1820/1023/227 1819/1024/227 1817/1160/226
f 1820/1023/227 1822/1161/228 1821/1162/228 1819/1024/227
f 1822/1161/228 1824/629/229 1823/630/229 1821/1162/228
f 1824/629/229 1826/1163/230 1825/1164/230 1823/630/229
f 1826/1163/230 1828/1165/231 1827/1166/231 1825/1164/230
f 1828/1165/231 1830/1029/232 1829/1030/232 1827/1166/231
f 1830/1029/232 1832/1167/104 1831/1168/104 1829/1030/232
f 1832/1167/104 1834/1169/105 1833/1170/105 1831/1168/104
f 1834/1169/105 1836/1171/106 1835/1172/106 1833/1170/105
f 1836/1171/106 1838/1173/69 1837/1174/69 1835/1172/106
f 1838/1173/69 1840/635/107 1839/636/107 1837/1174/69
f 1840/635/107 1842/1175/233 1841/1176/233 1839/636/107
f 1842/1175/233 1844/1177/109 1843/1178/109 1841/1176/233
f 1844/1177/109 1846/1179/110 1845/1180/110 1843/1178/109
f 1846/1179/110 1848/1181/111 1847/1182/111 1845/1180/110
f 1848/1181/111 1850/1039/112 1849/1040/112 1847/1182/111
f 1850/1039/112 1852/1183/113 1851/1184/113 1849/1040/112
f 1852/1183/113 1854/1185/114 1853/1186/114 1851/1184/113
f 1854/1185/114 1856/641/115 1855/152/115 1853/1186/114
f 1856/641/115 1858/1187/116 1857/1188/116 1855/152/115
f 1858/1187/116 1860/1045/117 1859/1046/117 1857/1188/116
f 1860/1045/117 1862/1189/118 1861/1190/118 1859/1046/117
f 1862/1189/118 1864/1191/119 1863/1192/119 1861/1190/118
f 1864/1191/119 1866/1193/120 1865/1194/120 1863/1192/119
f 1866/1193/120 1868/1195/121 1867/1196/121 1865/1194/120
f 1868/1195/121 1870/1049/122 1869/1050/122 1867/1196/121
f 1870/1049/122 1872/646/123 1871/647/123 1869/1050/122
f 1872/646/123 1874/1197/124 1873/1198/124 1871/647/123
f 1874/1197/124 1876/1199/125 1875/1200/125 1873/1198/124
f 1876/1199/125 1878/1201/126 1877/1202/126 1875/1200/125
f 1878/1201/126 1880/1055/127 1879/1056/127 1877/1202/126
f 1880/1055/127 1882/1203/47 1881/1204/47 1879/1056/127
f 1882/1203/47 1884/1205/47 1883/1206/47 1881/1204/47
f 1884/1205/47 1886/1207/47 1885/1208/47 1883/1206/47
f 1886/1207/47 1888/652/47 1887/653/47 1885/1208/47
f 1888/652/47 1890/1061/47 1889/1062/47 1887/653/47
f 1890/1061/47 1892/1209/47 1891/1210/47 1889/1062/47
f 1892/1209/47 1894/1211/47 1893/1212/47 1891/1210/47
f 1894/1211/47 1896/1213/47 1895/1214/47 1893/1212/47
f 1896/1213/47 1898/1215/47 1897/1216/47 1895/1214/47
f 1898/1215/47 1900/1065/47 1899/1066/47 1897/1216/47
f 1900/1065/47 1902/1217/47 1901/1218/47 1899/1066/47
f 1902/1217/47 1904/658/234 1903/286/234 1901/1218/47
f 1904/658/234 1906/1219/235 1905/1220/235 1903/286/234
f 1906/1219/235 1908/1221/236 1907/1222/236 1905/1220/235
f 1908/1221/236 1910/1071/237 1909/1072/237 1907/1222/236
f 1910/1071/237 1912/1223/238 1911/1224/238 1909/1072/237
f 1912/1223/238 1914/1225/239 1913/1226/239 1911/1224/238
f 1914/1225/239 1916/1227/240 1915/1228/240 1913/1226/239
f 1916/1227/240 1918/1229/241 1917/1230/241 1915/1228/240
f 1918/1229/241 1920/663/242 1919/664/242 1917/1230/241
f 1920/663/242 1922/1231/243 1921/1232/243 1919/664/242
f 1922/1231/243 1924/1233/244 1923/1234/244 1921/1232/243
f 1924/1233/244 1926/1235/245 1925/1236/245 1923/1234/244
f 1926/1235/245 1928/1237/246 1927/1238/246 1925/1236/245
f 1928/1237/246 1930/1081/247 1929/1082/247 1927/1238/246
f 1930/1081/247 1932/1239/248 1931/1240/248 1929/1082/247
f 1932/1239/248 1934/1241/249 1933/1242/249 1931/1240/248
f 1934/1241/249 1936/669/250 1935/670/250 1933/1242/249
f 1936/669/250 1938/1243/251 1937/1244/251 1935/670/250
f 1938/1243/251 1940/1087/252 1939/1088/252 1937/1244/251
f 1940/1087/252 1942/1245/253 1941/1246/253 1939/1088/252
f 1942/1245/253 1944/1247/254 1943/1248/254 1941/1246/253
f 1944/1247/254 1946/1249/255 1945/1250/255 1943/1248/254
f 1946/1249/255 1948/1251/256 1947/1252/256 1945/1250/255
f 1948/1251/256 1950/1091/257 1949/1092/257 1947/1252/256
f 1950/1091/257 1952/675/258 1951/240/258 1949/1092/257
f 1952/675/258 1954/1253/259 1953/1254/259 1951/240/258
f 1954/1253/259 1956/1255/260 1955/1256/260 1953/1254/259
f 1956/1255/260 1958/1257/261 1957/1258/261 1955/1256/260
f 1958/1257/261 1960/1097/262 1959/1098/262 1957/1258/261
f 1960/1097/262 1962/1259/263 1961/1260/263 1959/1098/262
f 1962/1259/263 1964/1261/264 1963/1262/264 1961/1260/263
f 1964/1261/264 1966/1263/265 1965/1264/265 1963/1262/264
f 1966/1263/265 1968/680/266 1967/681/266 1965/1264/265
f 1968/680/266 1970/1103/267 1969/1104/267 1967/681/266
f 1970/1103/267 1972/1265/268 1971/1266/268 1969/1104/267
f 1972/1265/268 1974/1267/269 1973/1268/269 1971/1266/268
f 1974/1267/269 1976/1269/270 1975/1270/270 1973/1268/269
f 1976/1269/270 1978/1271/271 1977/1272/271 1975/1270/270
f 1978/1271/271 1980/1107/272 1979/1108/272 1977/1272/271
f 1980/1107/272 1982/1273/273 1981/1274/273 1979/1108/272
f 1982/1273/273 1984/686/274 1983/687/274 1981/1274/273
f 1984/686/274 1986/1275/275 1985/1276/275 1983/687/274
f 1986/1275/275 1988/1277/276 1987/1278/276 1985/1276/275
f 1988/1277/276 1990/1113/277 1989/1114/277 1987/1278/276
f 1990/1113/277 1992/1279/278 1991/1280/278 1989/1114/277
f 1992/1279/278 1994/1281/279 1993/1282/279 1991/1280/278
f 1994/1281/279 1996/1283/280 1995/1284/280 1993/1282/279
f 1996/1283/280 1998/1285/281 1997/1286/281 1995/1284/280
f 1998/1285/281 1760/692/208 1759/391/208 1997/1286/281
f 2000/607/282 2002/1287/283 2001/1288/283 1999/595/282
f 2002/1287/283 2004/1289/284 2003/1290/284 2001/1288/283
f 2004/1289/284 2006/1291/285 2005/1292/285 2003/1290/284
f 2006/1291/285 2008/1293/284 2007/1294/284 2005/1292/285
f 2008/1293/284 2010/1295/284 2009/1296/284 2007/1294/284
f 2010/1295/284 2012/1297/284 2011/1298/284 2009/1296/284
f 2012/1297/284 2014/1299/284 2013/1300/284 2011/1298/284
f 2014/1299/284 2016/1301/285 2015/1302/285 2013/1300/284
f 2016/1301/285 2018/1303/285 2017/1304/285 2015/1302/285
f 2018/1303/285 2020/1305/284 2019/1306/284 2017/1304/285
f 2020/1305/284 2022/1307/286 2021/1308/286 2019/1306/284
f 2022/1307/286 2024/1309/287 2023/1310/287 2021/1308/286
f 2024/1309/287 2026/1311/160 2025/1312/160 2023/1310/287
f 2026/1311/160 2028/1007/161 2027/1008/161 2025/1312/160
f 2028/1007/161 2030/1313/162 2029/1314/162 2027/1008/161
f 2030/1313/162 2032/1315/163 2031/1316/163 2029/1314/162
f 2032/1315/163 2034/1317/164 2033/1318/164 2031/1316/163
f 2034/1317/164 2036/1319/165 2035/1320/165 2033/1318/164
f 2036/1319/165 2038/1321/166 2037/1322/166 2035/1320/165
f 2038/1321/166 2040/1323/167 2039/1324/167 2037/1322/166
f 2040/1323/167 2042/1325/168 2041/1326/168 2039/1324/167
f 2042/1325/168 2044/1327/169 2043/1328/169 2041/1326/168
f 2044/1327/169 2046/1329/170 2045/1330/170 2043/1328/169
f 2046/1329/170 2048/1331/171 2047/1332/171 2045/1330/170
f 2048/1331/171 2050/1333/172 2049/1334/172 2047/1332/171
f 2050/1333/172 2052/1335/173 2051/1336/173 2049/1334/172
f 2052/1335/173 2054/1337/288 2053/1338/288 2051/1336/173
f 2054/1337/288 2056/1023/175 2055/1024/175 2053/1338/288
f 2056/1023/175 2058/1339/289 2057/1340/289 2055/1024/175
f 2058/1339/289 2060/1341/177 2059/1342/177 2057/1340/289
f 2060/1341/177 2062/1343/178 2061/1344/178 2059/1342/177
f 2062/1343/178 2064/1345/179 2063/1346/179 2061/1344/178
f 2064/1345/179 2066/1347/180 2065/1348/180 2063/1346/179
f 2066/1347/180 2068/1349/181 2067/1350/181 2065/1348/180
f 2068/1349/181 2070/1351/182 2069/1352/182 2067/1350/181
f 2070/1351/182 2072/1353/183 2071/1354/183 2069/1352/182
f 2072/1353/183 2074/1355/79 2073/1356/79 2071/1354/183
f 2074/1355/79 2076/1357/79 2075/1358/79 2073/1356/79
f 2076/1357/79 2078/1359/79 2077/1360/79 2075/1358/79
f 2078/1359/79 2080/1361/79 2079/1362/79 2077/1360/79
f 2080/1361/79 2082/1363/79 2081/1364/79 2079/1362/79
f 2082/1363/79 2084/1039/79 2083/1040/79 2081/1364/79
f 2084/1039/79 2086/1365/79 2085/1366/79 2083/1040/79
f 2086/1365/79 2088/1367/79 2087/1368/79 2085/1366/79
f 2088/1367/79 2090/1369/79 2089/1370/79 2087/1368/79
f 2090/1369/79 2092/1371/79 2091/1372/79 2089/1370/79
f 2092/1371/79 2094/1373/79 2093/1374/79 2091/1372/79
f 2094/1373/79 2096/1375/75 2095/1376/75 2093/1374/79
f 2096/1375/75 2098/1377/46 2097/1378/46 2095/1376/75
f 2098/1377/46 2100/1379/234 2099/1380/234 2097/1378/46
f 2100/1379/234 2102/1381/235 2101/1382/235 2099/1380/234
f 2102/1381/235 2104/1383/236 2103/1384/236 2101/1382/235
f 2104/1383/236 2106/1385/237 2105/1386/237 2103/1384/236
f 2106/1385/237 2108/1387/238 2107/1388/238 2105/1386/237
f 2108/1387/238 2110/1389/239 2109/1390/239 2107/1388/238
f 2110/1389/239 2112/1055/240 2111/1056/240 2109/1390/239
f 2112/1055/240 2114/1391/241 2113/1392/241 2111/1056/240
f 2114/1391/241 2116/1393/242 2115/1394/242 2113/1392/241
f 2116/1393/242 2118/1395/243 2117/1396/243 2115/1394/242
f 2118/1395/243 2120/1397/244 2119/1398/244 2117/1396/243
f 2120/1397/244 2122/1399/245 2121/1400/245 2119/1398/244
f 2122/1399/245 2124/1401/246 2123/1402/246 2121/1400/245
f 2124/1401/246 2126/1403/247 2125/1404/247 2123/1402/246
f 2126/1403/247 2128/1405/248 2127/1406/248 2125/1404/247
f 2128/1405/248 2130/1407/249 2129/1408/249 2127/1406/248
f 2130/1407/249 2132/1409/250 2131/1410/250 2129/1408/249
f 2132/1409/250 2134/1411/251 2133/1412/251 2131/1410/250
f 2134/1411/251 2136/1413/252 2135/1414/252 2133/1412/251
f 2136/1413/252 2138/1415/290 2137/1416/290 2135/1414/252
f 2138/1415/290 2140/1071/254 2139/1072/254 2137/1416/290
f 2140/1071/254 2142/1417/291 2141/1418/291 2139/1072/254
f 2142/1417/291 2144/1419/256 2143/1420/256 2141/1418/291
f 2144/1419/256 2146/1421/257 2145/1422/257 2143/1420/256
f 2146/1421/257 2148/1423/258 2147/1424/258 2145/1422/257
f 2148/1423/258 2150/1425/259 2149/1426/259 2147/1424/258
f 2150/1425/259 2152/1427/260 2151/1428/260 2149/1426/259
f 2152/1427/260 2154/1429/292 2153/1430/292 2151/1428/260
f 2154/1429/292 2156/1431/262 2155/1432/262 2153/1430/292
f 2156/1431/262 2158/1433/293 2157/1434/293 2155/1432/262
f 2158/1433/293 2160/1435/264 2159/1436/264 2157/1434/293
f 2160/1435/264 2162/1437/265 2161/1438/265 2159/1436/264
f 2162/1437/265 2164/1439/266 2163/1440/266 2161/1438/265
f 2164/1439/266 2166/1441/267 2165/1442/267 2163/1440/266
f 2166/1441/267 2168/1087/268 2167/1088/268 2165/1442/267
f 2168/1087/268 2170/1443/269 2169/1444/269 2167/1088/268
f 2170/1443/269 2172/1445/270 2171/1446/270 2169/1444/269
f 2172/1445/270 2174/1447/271 2173/1448/271 2171/1446/270
f 2174/1447/271 2176/1449/272 2175/1450/272 2173/1448/271
f 2176/1449/272 2178/1451/273 2177/1452/273 2175/1450/272
f 2178/1451/273 2180/1453/274 2179/1454/274 2177/1452/273
f 2180/1453/274 2182/1455/275 2181/1456/275 2179/1454/274
f 2182/1455/275 2184/1457/276 2183/1458/276 2181/1456/275
f 2184/1457/276 2186/1459/277 2185/1460/277 2183/1458/276
f 2186/1459/277 2188/1461/278 2187/1462/278 2185/1460/277
f 2188/1461/278 2190/1463/279 2189/1464/279 2187/1462/278
f 2190/1463/279 2192/1465/280 2191/1466/280 2189/1464/279
f 2192/1465/280 2194/1467/281 2193/1468/281 2191/1466/280
f 2194/1467/281 2196/1103/208 2195/1104/208 2193/1468/281
f 2196/1103/208 2198/1469/79 2197/1470/79 2195/1104/208
f 2198/1469/79 2200/1471/79 2199/1472/79 2197/1470/79
f 2200/1471/79 2202/1473/79 2201/1474/79 2199/1472/79
f 2202/1473/79 2204/1475/79 2203/1476/79 2201/1474/79
f 2204/1475/79 2206/1477/79 2205/1478/79 2203/1476/79
f 2206/1477/79 2208/1479/79 2207/1480/79 2205/1478/79
f 2208/1479/79 2210/1481/79 2209/1482/79 2207/1480/79
f 2210/1481/79 2212/1483/79 2211/1484/79 2209/1482/79
f 2212/1483/79 2214/1485/79 2213/1486/79 2211/1484/79
f 2214/1485/79 2216/1487/79 2215/1488/79 2213/1486/79
f 2216/1487/79 2218/1489/79 2217/1490/79 2215/1488/79
f 2218/1489/79 2220/1491/75 2219/1492/75 2217/1490/79
f 2220/1491/75 2222/1493/46 2221/1494/46 2219/1492/75
f 2222/1493/46 2000/692/282 1999/391/282 2221/1494/46
f 2224/607/294 2226/1495/46 2225/1496/46 2223/595/294
f 2226/1495/46 2228/1497/47 2227/1498/47 2225/1496/46
f 2228/1497/47 2230/1499/47 2229/1500/47 2227/1498/47
f 2230/1499/47 2232/1501/47 2231/1502/47 2229/1500/47
f 2232/1501/47 2234/1503/47 2233/1504/47 2231/1502/47
f 2234/1503/47 2236/1505/47 2235/1506/47 2233/1504/47
f 2236/1505/47 2238/1507/47 2237/1508/47 2235/1506/47
f 2238/1507/47 2240/1509/47 2239/1510/47 2237/1508/47
f 2240/1509/47 2242/1511/47 2241/1512/47 2239/1510/47
f 2242/1511/47 2244/1513/47 2243/1514/47 2241/1512/47
f 2244/1513/47 2246/1515/47 2245/1516/47 2243/1514/47
f 2246/1515/47 2248/1517/47 2247/1518/47 2245/1516/47
f 2248/1517/47 2250/1519/295 2249/1520/295 2247/1518/47
f 2250/1519/295 2252/1521/296 2251/1522/296 2249/1520/295
f 2252/1521/296 2254/1523/297 2253/1524/297 2251/1522/296
f 2254/1523/297 2256/1525/298 2255/1526/298 2253/1524/297
f 2256/1525/298 2258/1527/299 2257/1528/299 2255/1526/298
f 2258/1527/299 2260/1529/300 2259/1530/300 2257/1528/299
f 2260/1529/300 2262/1531/301 2261/1532/301 2259/1530/300
f 2262/1531/301 2264/1533/302 2263/1534/302 2261/1532/301
f 2264/1533/302 2266/1535/303 2265/1536/303 2263/1534/302
f 2266/1535/303 2268/1537/304 2267/1538/304 2265/1536/303
f 2268/1537/304 2270/1539/305 2269/1540/305 2267/1538/304
f 2270/1539/305 2272/1541/306 2271/1542/306 2269/1540/305
f 2272/1541/306 2274/1543/307 2273/1544/307 2271/1542/306
f 2274/1543/307 2276/1545/308 2275/1546/308 2273/1544/307
f 2276/1545/308 2278/1547/100 2277/1548/100 2275/1546/308
f 2278/1547/100 2280/1549/309 2279/1550/309 2277/1548/100
f 2280/1549/309 2282/1551/310 2281/1552/310 2279/1550/309
f 2282/1551/310 2284/1553/311 2283/1554/311 2281/1552/310
f 2284/1553/311 2286/1555/312 2285/1556/312 2283/1554/311
f 2286/1555/312 2288/1557/313 2287/1558/313 2285/1556/312
f 2288/1557/313 2290/1559/314 2289/1560/314 2287/1558/313
f 2290/1559/314 2292/1561/315 2291/1562/315 2289/1560/314
f 2292/1561/315 2294/1563/316 2293/1564/316 2291/1562/315
f 2294/1563/316 2296/1565/317 2295/1566/317 2293/1564/316
f 2296/1565/317 2298/1567/318 2297/1568/318 2295/1566/317
f 2298/1567/318 2300/1569/75 2299/1570/75 2297/1568/318
f 2300/1569/75 2302/1571/46 2301/1572/46 2299/1570/75
f 2302/1571/46 2304/1573/47 2303/1574/47 2301/1572/46
f 2304/1573/47 2306/1575/47 2305/1576/47 2303/1574/47
f 2306/1575/47 2308/1577/47 2307/1578/47 2305/1576/47
f 2308/1577/47 2310/1579/47 2309/1580/47 2307/1578/47
f 2310/1579/47 2312/1581/47 2311/1582/47 2309/1580/47
f 2312/1581/47 2314/1583/47 2313/1584/47 2311/1582/47
f 2314/1583/47 2316/1585/47 2315/1586/47 2313/1584/47
f 2316/1585/47 2318/1587/47 2317/1588/47 2315/1586/47
f 2318/1587/47 2320/1589/47 2319/1590/47 2317/1588/47
f 2320/1589/47 2322/1591/47 2321/1592/47 2319/1590/47
f 2322/1591/47 2324/1593/47 2323/1594/47 2321/1592/47
f 2324/1593/47 2326/1595/319 2325/1596/319 2323/1594/47
f 2326/1595/319 2328/1597/320 2327/1598/320 2325/1596/319
f 2328/1597/320 2330/1599/321 2329/1600/321 2327/1598/320
f 2330/1599/321 2332/1601/322 2331/1602/322 2329/1600/321
f 2332/1601/322 2334/1603/323 2333/1604/323 2331/1602/322
f 2334/1603/323 2336/1605/324 2335/1606/324 2333/1604/323
f 2336/1605/324 2338/1607/325 2337/1608/325 2335/1606/324
f 2338/1607/325 2340/1609/326 2339/1610/326 2337/1608/325
f 2340/1609/326 2342/1611/327 2341/1612/327 2339/1610/326
f 2342/1611/327 2344/1613/328 2343/1614/328 2341/1612/327
f 2344/1613/328 2346/1615/329 2345/1616/329 2343/1614/328
f 2346/1615/329 2348/1617/330 2347/1618/330 2345/1616/329
f 2348/1617/330 2350/1619/331 2349/1620/331 2347/1618/330
f 2350/1619/331 2352/1621/75 2351/1622/75 2349/1620/331
f 2352/1621/75 2354/1623/46 2353/1624/46 2351/1622/75
f 2354/1623/46 2356/1625/47 2355/1626/47 2353/1624/46
f 2356/1625/47 2358/1627/47 2357/1628/47 2355/1626/47
f 2358/1627/47 2360/1629/47 2359/1630/47 2357/1628/47
f 2360/1629/47 2362/1631/47 2361/1632/47 2359/1630/47
f 2362/1631/47 2364/1633/47 2363/1634/47 2361/1632/47
f 2364/1633/47 2366/1635/47 2365/1636/47 2363/1634/47
f 2366/1635/47 2368/1637/47 2367/1638/47 2365/1636/47
f 2368/1637/47 2370/1639/47 2369/1640/47 2367/1638/47
f 2370/1639/47 2372/1641/47 2371/1642/47 2369/1640/47
f 2372/1641/47 2374/1643/47 2373/1644/47 2371/1642/47
f 2374/1643/47 2376/1645/47 2375/1646/47 2373/1644/47
f 2376/1645/47 2378/1647/332 2377/1648/332 2375/1646/47
f 2378/1647/332 2380/1649/333 2379/1650/333 2377/1648/332
f 2380/1649/333 2382/1651/334 2381/1652/334 2379/1650/333
f 2382/1651/334 2384/1653/335 2383/1654/335 2381/1652/334
f 2384/1653/335 2386/1655/336 2385/1656/336 2383/1654/335
f 2386/1655/336 2388/1657/337 2387/1658/337 2385/1656/336
f 2388/1657/337 2390/1659/338 2389/1660/338 2387/1658/337
f 2390/1659/338 2392/1661/339 2391/1662/339 2389/1660/338
f 2392/1661/339 2394/1663/340 2393/1664/340 2391/1662/339
f 2394/1663/340 2396/1665/341 2395/1666/341 2393/1664/340
f 2396/1665/341 2398/1667/342 2397/1668/342 2395/1666/341
f 2398/1667/342 2400/1669/343 2399/1670/343 2397/1668/342
f 2400/1669/343 2402/1671/344 2401/1672/344 2399/1670/343
f 2402/1671/344 2404/1673/345 2403/1674/345 2401/1672/344
f 2404/1673/345 2406/1675/346 2405/1676/346 2403/1674/345
f 2406/1675/346 2408/1677/345 2407/1678/345 2405/1676/346
f 2408/1677/345 2410/1679/347 2409/1680/347 2407/1678/345
f 2410/1679/347 2412/1681/347 2411/1682/347 2409/1680/347
f 2412/1681/347 2414/1683/347 2413/1684/347 2411/1682/347
f 2414/1683/347 2416/1685/348 2415/1686/348 2413/1684/347
f 2416/1685/348 2418/1687/347 2417/1688/347 2415/1686/348
f 2418/1687/347 2420/1689/348 2419/1690/348 2417/1688/347
f 2420/1689/348 2422/1691/349 2421/1692/349 2419/1690/348
f 2422/1691/349 2424/1693/350 2423/1694/350 2421/1692/349
f 2424/1693/350 2224/692/294 2223/391/294 2423/1694/350
