# Blender 5.1.1
# www.blender.org
mtllib brazo.mtl
o robotic_arm.006
v -95.256645 125.728134 -50.196396
v -95.390686 125.582367 -50.196396
v -95.400436 125.580353 -50.196396
v -95.355858 125.586441 -50.196396
v -95.279648 125.627983 -50.196392
v -95.323662 125.600327 -50.196396
v -95.295540 125.621269 -50.196396
v -95.268738 125.659546 -50.196396
v -95.258675 125.693130 -50.196396
v -95.260109 125.755844 -50.196396
v -95.268738 125.773270 -50.196396
v -95.295540 125.811554 -50.196396
v -95.315094 125.829918 -50.196396
v -95.333824 125.838356 -50.196396
v -95.367409 125.848419 -50.196396
v -95.418167 125.851700 -50.196396
v -95.402412 125.850449 -50.196396
v -95.447540 125.838356 -50.196396
v -95.485825 125.811554 -50.196396
v -95.526924 125.757011 -50.196400
v -95.512627 125.773270 -50.196396
v -95.524719 125.728134 -50.196396
v -95.522690 125.693130 -50.196396
v -95.512627 125.659546 -50.196396
v -95.493439 125.624619 -50.196396
v -95.485825 125.621269 -50.196396
v -95.457703 125.600327 -50.196396
v -95.358688 125.652191 -50.237743
v -95.328682 125.695030 -50.326756
v -95.341736 125.747498 -50.235870
v -95.392883 125.730217 -50.423595
v -95.393166 125.762924 -50.230705
v -95.439285 125.726181 -50.275913
v -95.432053 125.718178 -50.412140
v -95.435364 125.677658 -50.256042
v -96.241409 122.567657 -42.589470
v -96.239861 123.085266 -42.256905
v -96.240349 122.545700 -42.454132
v -96.245155 123.079483 -42.682613
v -96.246483 123.072121 -42.293282
v -96.241333 122.868156 -42.797287
v -96.246201 122.835083 -42.750008
v -96.247681 122.946419 -42.679428
v -96.239304 123.140480 -42.634285
v -96.245949 122.814781 -42.356102
v -96.240860 122.960938 -42.184017
v -96.238365 123.021118 -42.759674
v -96.244873 122.842705 -42.293983
v -96.247093 122.722931 -42.744804
v -96.429512 122.948402 -42.675976
v -96.660713 122.941345 -42.682831
v -96.660881 122.977119 -42.531147
v -96.439964 122.933899 -42.430523
v -96.660744 122.929390 -42.431984
v -96.442833 122.859619 -42.379326
v -96.660904 122.823997 -42.369209
v -96.660828 122.807755 -42.751640
v -96.660706 122.706406 -42.735165
v -96.251038 122.646927 -42.691555
v -96.245064 122.593765 -42.597176
v -96.660843 122.605339 -42.636303
v -96.247719 122.593307 -42.535084
v -96.660812 122.611862 -42.476616
v -96.246796 122.637177 -42.437286
v -96.660873 122.695305 -42.391335
v -96.235146 122.751633 -42.778915
v -95.629410 122.935410 -42.785362
v -95.628830 123.048141 -42.734337
v -95.639725 123.131401 -42.652550
v -96.240891 123.173683 -42.522907
v -95.627731 123.171013 -42.532154
v -96.240356 123.168968 -42.400665
v -95.640106 123.170219 -42.407787
v -95.628174 123.127068 -42.316425
v -95.628860 123.019058 -42.210999
v -95.640350 122.888161 -42.166313
v -96.239975 122.846756 -42.166882
v -95.628380 122.784332 -42.179779
v -96.240402 122.700279 -42.211910
v -95.629517 122.667946 -42.240139
v -95.629372 122.582199 -42.343761
v -96.239006 122.602547 -42.305336
v -95.631943 122.547783 -42.501453
v -95.628960 122.588867 -42.629837
v -95.629219 122.663879 -42.723980
v -95.624557 122.632378 -42.601582
v -95.624557 122.747040 -42.711586
v -95.630188 122.794342 -42.789742
v -95.624557 122.874207 -42.739513
v -95.624557 123.026291 -42.683933
v -95.624565 123.103004 -42.569859
v -95.624550 123.119240 -42.451988
v -95.624557 123.066154 -42.325974
v -95.624550 122.932083 -42.231045
v -95.624557 122.665985 -42.317890
v -95.624550 122.608932 -42.442207
v -96.663574 122.753235 -42.727173
v -96.662659 122.835091 -42.722908
v -96.745911 122.855606 -42.716957
v -96.662704 122.915581 -42.671837
v -96.745880 122.942993 -42.625019
v -96.745911 122.946762 -42.503876
v -96.663040 122.935020 -42.473232
v -96.745872 122.850471 -42.400982
v -96.663116 122.814171 -42.390781
v -96.662437 122.686363 -42.422230
v -96.745895 122.731819 -42.401726
v -96.745888 122.640144 -42.473183
v -96.663643 122.630524 -42.494968
v -96.745888 122.622856 -42.602142
v -96.662567 122.620262 -42.600960
v -96.745895 122.702850 -42.710030
v -96.391426 122.837570 -42.322784
v -96.390160 123.070206 -42.296055
v -96.390160 123.070206 -42.676010
v -95.477631 122.771767 -42.721901
v -95.477631 122.670959 -42.653519
v -95.477608 122.603416 -42.502678
v -95.477615 122.641182 -42.355877
v -95.477631 122.724167 -42.264450
v -95.477623 122.858223 -42.226578
v -95.477631 122.976425 -42.251530
v -95.477615 123.074921 -42.337654
v -95.477615 123.121727 -42.481449
v -95.477631 123.063271 -42.649181
v -95.477600 122.906738 -42.737152
v -96.425781 122.985886 -42.553326
v -96.438965 122.971893 -42.500595
v -96.436676 122.801186 -42.366123
v -96.425194 122.980766 -42.609684
v -96.398491 122.931007 -42.378475
v -96.397400 122.990860 -42.451412
v -96.393372 123.030891 -42.581905
v -96.392776 123.005318 -42.675812
v -96.662758 122.667442 -42.681316
v -96.662727 122.954285 -42.586693
v -96.239540 122.639969 -42.705898
v -96.245697 122.711197 -42.380264
v -95.420494 123.082077 -42.340126
v -95.096497 123.082077 -42.340126
v -95.447067 122.579536 -42.406837
v -95.450668 122.676506 -42.246288
v -95.071510 122.581154 -42.404167
v -94.842278 122.444077 -42.469055
v -95.873398 122.444077 -42.469055
v -94.842278 122.825500 -42.027802
v -94.842278 122.857643 -42.022224
v -95.873398 122.793228 -42.032612
v -95.873398 122.825500 -42.027802
v -94.842278 122.904373 -42.022064
v -95.873398 122.993767 -42.027828
v -95.873398 122.904373 -42.022064
v -94.842278 122.983047 -42.030113
v -94.842278 123.051201 -42.044128
v -95.873398 122.983047 -42.030113
v -94.842278 123.059128 -42.051701
v -95.873398 123.059128 -42.051701
v -94.842278 123.130302 -42.086170
v -95.873398 123.204842 -42.135860
v -95.873398 123.130302 -42.086170
v -94.842278 123.194412 -42.132477
v -94.842278 123.219345 -42.153519
v -95.873398 123.194412 -42.132477
v -94.842278 123.249512 -42.189209
v -95.873398 123.249512 -42.189209
v -94.842278 123.293915 -42.254650
v -94.842278 123.326988 -42.315872
v -95.873398 123.315941 -42.295868
v -95.873398 123.293915 -42.254650
v -94.842278 123.326279 -42.326809
v -95.873398 123.326279 -42.326809
v -94.842278 123.345627 -42.403488
v -95.873398 123.352226 -42.449757
v -95.873398 123.345627 -42.403488
v -94.842278 123.351364 -42.482365
v -94.842278 123.349396 -42.551918
v -95.873398 123.351364 -42.482365
v -94.842278 123.343315 -42.561039
v -95.873398 123.333694 -42.606766
v -95.873398 123.343315 -42.561039
v -94.842278 123.321724 -42.637119
v -95.873398 123.321724 -42.637119
v -94.842278 123.287254 -42.708294
v -94.842278 123.250778 -42.767548
v -95.873398 123.237572 -42.782829
v -95.873398 123.287254 -42.708294
v -94.842278 123.240952 -42.772404
v -95.873398 123.240952 -42.772404
v -94.842278 123.184219 -42.827499
v -95.873398 123.184219 -42.827499
v -94.842278 123.118774 -42.871902
v -94.842278 123.090477 -42.888134
v -95.873398 123.038475 -42.911606
v -95.873398 123.118774 -42.871902
v -94.842278 123.046616 -42.904270
v -95.873398 123.046616 -42.904270
v -94.842278 122.969940 -42.923615
v -94.842278 122.937798 -42.929192
v -95.873398 122.969940 -42.923615
v -94.842278 122.891060 -42.929352
v -95.873398 122.801666 -42.923588
v -95.873398 122.891060 -42.929352
v -94.842278 122.812386 -42.921303
v -94.842278 122.780273 -42.915550
v -95.873398 122.812386 -42.921303
v -94.842278 122.736305 -42.899719
v -95.873398 122.736305 -42.899719
v -94.842278 122.665131 -42.865250
v -94.842278 122.605881 -42.828766
v -95.873398 122.625450 -42.840569
v -95.873398 122.665131 -42.865250
v -94.842278 122.601021 -42.818939
v -95.873398 122.601021 -42.818939
v -94.842278 122.545929 -42.762207
v -95.873398 122.492882 -42.690018
v -95.873398 122.545929 -42.762207
v -94.842278 122.501526 -42.696766
v -94.842278 122.485291 -42.668465
v -95.873398 122.501526 -42.696766
v -94.842278 122.469154 -42.624611
v -95.873398 122.469154 -42.624611
v -94.842278 122.449814 -42.547928
v -94.842278 122.444237 -42.515785
v -95.873398 122.443207 -42.501667
v -95.873398 122.449814 -42.547928
v -94.842278 122.452118 -42.390377
v -94.842278 122.457878 -42.358269
v -95.873398 122.461746 -42.344650
v -95.873398 122.452118 -42.390377
v -94.842278 122.473709 -42.314297
v -95.873398 122.473709 -42.314297
v -94.842278 122.508179 -42.243122
v -94.842278 122.524567 -42.214916
v -95.873398 122.532860 -42.203442
v -95.873398 122.508179 -42.243122
v -94.842278 122.554489 -42.179012
v -95.873398 122.554489 -42.179012
v -94.842278 122.611221 -42.123917
v -94.842278 122.665764 -42.080715
v -95.873398 122.647980 -42.095070
v -95.873398 122.611221 -42.123917
v -94.842278 122.676659 -42.079514
v -95.873398 122.676659 -42.079514
v -94.842278 122.748817 -42.047146
v -95.873398 122.748817 -42.047146
v -94.829948 126.283966 -49.756748
v -94.629105 126.286995 -49.730843
v -94.829948 126.281082 -49.561985
v -94.628166 126.278244 -49.557018
v -94.629448 125.252289 -50.016396
v -94.829948 125.192978 -49.897274
v -94.829941 125.259201 -50.018208
v -94.629379 125.512291 -50.214859
v -94.829956 125.429337 -50.170177
v -94.829948 125.640068 -50.241360
v -94.829956 125.889114 -50.224762
v -94.628616 125.848961 -50.236076
v -94.629112 126.076637 -50.119919
v -94.829948 126.101311 -50.098824
v -94.628738 126.228371 -49.940701
v -94.829956 122.340752 -42.301785
v -94.629013 122.323814 -42.385567
v -94.829941 122.321342 -42.569740
v -94.627983 122.325989 -42.582718
v -94.629074 123.398582 -42.216255
v -94.829948 123.370224 -42.163277
v -94.629074 123.281593 -42.053925
v -94.829964 123.205910 -41.996449
v -94.628693 123.083122 -41.936707
v -94.829948 123.015739 -41.917908
v -94.629196 122.835922 -41.900459
v -94.829948 122.632545 -41.964005
v -94.628105 122.593178 -41.985199
v -94.829956 122.468399 -42.085125
v -94.629128 122.406441 -42.158501
v -94.571388 125.521088 -48.036377
v -94.571396 123.064758 -43.618469
v -94.574493 125.444473 -48.012074
v -94.567017 125.487602 -48.655952
v -94.566994 125.384995 -49.422241
v -94.566963 125.586655 -49.272163
v -94.567032 123.196281 -42.754719
v -94.567024 123.069778 -42.849476
v -94.567017 123.413361 -43.377731
v -94.567032 122.914047 -42.890026
v -94.567017 123.119308 -43.493286
v -94.566986 122.724731 -42.859543
v -94.567009 125.863319 -49.280270
v -94.567024 126.076500 -49.452637
v -94.567032 123.298134 -42.570709
v -94.566986 122.561928 -42.732861
v -94.566986 125.303322 -49.621841
v -94.567017 125.193558 -48.771503
v -94.568687 125.542801 -48.529278
v -94.567055 123.106438 -42.117088
v -94.566994 123.282097 -42.214985
v -94.567062 123.274864 -42.314293
v -94.567024 122.487709 -42.579216
v -94.567009 122.428528 -42.566292
v -94.567009 122.478287 -42.413574
v -94.567009 122.545670 -42.240715
v -94.566902 122.436714 -42.328346
v -94.566971 122.601418 -42.101540
v -94.567039 122.709892 -42.098640
v -94.567001 122.898895 -42.060951
v -94.566978 122.811188 -42.010990
v -94.566895 123.073303 -42.036552
v -94.567001 125.500114 -50.027592
v -94.566978 125.399239 -50.021202
v -94.566963 125.345261 -49.867641
v -94.567017 125.300468 -49.885899
v -94.567001 126.182899 -49.603111
v -94.567024 126.132957 -49.680496
v -94.566940 126.161743 -49.839745
v -94.566986 126.083145 -49.875931
v -94.566963 125.994736 -50.057789
v -94.567039 125.923805 -50.035881
v -94.567032 125.703537 -50.091309
v -94.566780 125.679794 -50.151711
v -94.829941 123.014244 -42.978134
v -94.829926 123.324486 -42.759342
v -94.829948 123.413361 -43.377731
v -94.829895 122.812866 -42.990032
v -94.829948 125.201248 -49.710453
v -94.829941 126.079498 -49.298443
v -94.826378 125.719803 -48.558308
v -94.829948 125.193558 -48.771503
v -94.829948 125.311966 -49.352119
v -94.829956 123.172699 -42.909801
v -94.829971 123.409309 -42.515518
v -94.829941 122.579834 -42.895073
v -94.829948 123.747559 -43.523365
v -94.824150 122.891922 -43.593033
v -94.829948 125.607071 -49.167927
v -94.829948 126.225266 -49.940960
v -94.829926 126.172264 -49.930508
v -94.829948 126.237427 -49.674877
v -94.829979 126.198547 -49.480637
v -94.829933 125.364830 -50.056927
v -94.829948 125.562080 -50.167358
v -94.829979 125.801514 -50.190453
v -94.829948 126.012253 -50.098976
v -94.829933 123.364601 -42.267509
v -94.829948 122.397621 -42.308533
v -94.829964 122.372032 -42.535030
v -94.829941 123.003891 -41.966728
v -94.829941 122.828987 -41.904533
v -94.829956 122.761436 -41.973373
v -94.829941 122.542030 -42.084358
v -94.907310 126.235168 -49.627880
v -94.907257 126.171188 -49.421253
v -94.907303 126.024963 -49.253971
v -94.829948 125.829147 -49.162605
v -94.907295 125.628159 -49.163708
v -94.829948 125.443047 -49.233753
v -94.907257 125.430420 -50.104935
v -94.907288 125.675018 -50.195660
v -94.907295 125.952682 -50.136982
v -94.907272 126.127686 -49.992771
v -94.907295 126.213745 -49.821159
v -94.907272 125.438156 -49.234051
v -94.829987 125.221588 -49.518681
v -94.907349 125.195274 -49.695801
v -94.829964 125.241249 -49.876587
v -94.907295 125.280411 -49.954342
v -94.907265 125.817062 -49.163548
v -94.907288 125.264488 -49.417160
v -94.907265 123.399979 -42.383038
v -94.907288 123.335976 -42.214684
v -94.829956 123.229561 -42.082924
v -94.907295 123.208481 -42.065849
v -94.907272 122.838112 -41.959976
v -94.907272 122.664764 -42.943333
v -94.907272 122.867630 -42.994991
v -94.907295 123.117371 -42.945217
v -94.907288 123.288048 -42.805927
v -94.907295 123.390213 -42.619648
v -94.907288 122.622749 -42.028149
v -94.907288 122.464851 -42.178764
v -94.907295 122.376854 -42.383415
v -94.907310 122.397430 -42.651146
v -94.829933 122.439980 -42.733173
v -94.907265 122.520142 -42.838581
v -94.907288 123.024071 -41.975468
v -94.827599 125.488228 -48.654507
v -94.829948 124.859352 -48.625870
v -94.567017 124.859352 -48.625870
v -94.571396 123.085823 -44.112862
v -94.827179 123.118568 -43.494987
v -94.814484 125.539490 -48.536880
v -94.811974 123.152275 -44.137817
v -94.814484 123.067421 -43.612358
v -94.811974 125.454636 -48.011417
v -94.567017 123.747559 -43.523365
v -94.829948 125.518654 -48.030170
v -94.574493 123.162437 -44.137161
v -94.829948 123.088257 -44.119064
v -94.512848 126.116226 -49.571999
v -94.520042 126.131760 -49.703041
v -94.520851 125.964043 -50.009575
v -94.519928 125.429596 -49.369453
v -94.521004 125.617004 -49.270470
v -94.511368 125.762405 -49.265903
v -94.520996 125.919388 -49.309200
v -94.513115 126.041206 -49.418659
v -94.513077 125.810326 -50.074249
v -94.515610 125.637581 -50.079029
v -94.514511 125.461937 -49.998882
v -94.520493 125.353790 -49.870338
v -94.520454 125.302185 -49.707645
v -94.505096 125.351830 -49.820740
v -94.504875 126.054436 -49.885532
v -94.514282 125.325653 -49.549282
v -94.504921 125.473557 -49.364021
v -94.520073 123.294815 -42.380070
v -94.520592 123.214981 -42.732128
v -94.512825 123.084114 -42.838940
v -94.520706 122.648804 -42.137844
v -94.521057 122.870338 -42.061443
v -94.513412 123.005661 -42.081902
v -94.520477 123.180374 -42.174618
v -94.520676 122.925751 -42.891678
v -94.520470 122.616631 -42.789246
v -94.511490 122.536751 -42.686947
v -94.520348 122.476341 -42.516861
v -94.510826 122.483948 -42.421810
v -94.511726 122.760353 -42.088753
v -94.505104 123.203262 -42.713135
v -94.505005 123.180855 -42.212524
v -94.504990 123.282967 -42.458195
v -94.512726 122.765602 -42.867462
v -94.504860 122.568665 -42.243401
v -94.520912 123.291069 -42.584255
v -94.520554 122.532288 -42.262272
v -94.520218 126.086227 -49.864170
v -95.874092 125.445618 -50.196468
v -95.673645 125.376701 -50.152798
v -95.673645 125.220367 -49.998642
v -95.875626 125.234642 -50.020271
v -95.874344 126.272598 -49.608635
v -95.673645 126.245399 -49.512230
v -95.673645 126.276245 -49.696411
v -95.874756 126.233200 -49.897797
v -95.673637 126.180542 -50.003284
v -95.875145 126.097359 -50.093357
v -95.673653 125.945229 -50.200958
v -95.874565 125.937515 -50.201485
v -95.875214 125.710686 -50.256584
v -95.673645 125.755142 -50.249439
v -95.874916 122.990974 -41.920521
v -95.874352 123.177856 -41.999680
v -95.875984 123.337791 -42.146034
v -95.673660 123.335182 -42.136890
v -95.874519 122.320969 -42.638000
v -95.673645 122.294830 -42.452679
v -95.875244 122.297447 -42.448391
v -95.874336 122.352570 -42.240128
v -95.673645 122.372513 -42.199818
v -95.874756 122.507988 -42.033691
v -95.673637 122.552963 -42.001484
v -95.673645 122.795967 -41.914112
v -95.874931 122.756432 -41.920650
v -95.673653 123.066620 -41.937744
v -95.932205 124.729355 -48.347511
v -95.932205 123.520691 -43.439297
v -95.929100 124.768929 -48.277550
v -95.936592 122.919395 -42.896057
v -95.936584 125.175705 -48.778519
v -95.936630 125.891876 -49.307343
v -95.936493 125.623245 -49.268299
v -95.936592 122.728783 -42.873829
v -95.936584 123.101463 -43.500301
v -95.936577 123.125847 -42.815720
v -95.936584 123.395508 -43.384747
v -95.936584 123.247719 -42.656490
v -95.936584 126.065582 -49.479744
v -95.936600 125.288292 -49.744888
v -95.936584 125.469749 -48.662964
v -95.936539 122.538750 -42.738602
v -95.934639 125.049179 -48.723385
v -95.936607 123.286301 -42.503185
v -95.936569 123.241577 -42.283947
v -95.936546 122.452118 -42.480740
v -95.936638 122.404442 -42.410751
v -95.936584 122.416489 -42.596867
v -95.936592 123.258469 -42.215412
v -95.936539 123.060860 -42.111923
v -95.936653 123.075096 -42.054287
v -95.936615 122.822487 -42.013584
v -95.936546 122.868835 -42.066841
v -95.936584 122.652634 -42.125969
v -95.936760 122.546410 -42.129768
v -95.936752 126.160904 -49.808937
v -95.936546 126.114975 -49.673264
v -95.936584 126.155014 -49.567490
v -95.936592 125.310066 -49.944344
v -95.936729 125.522751 -50.123783
v -95.936607 125.802536 -50.140484
v -95.936615 126.001999 -50.041969
v -95.673645 122.324104 -42.646011
v -95.673622 123.250084 -42.841988
v -95.673645 126.005058 -49.258457
v -95.673645 123.101463 -43.500301
v -95.673668 123.012955 -42.984859
v -95.677216 124.939148 -48.865093
v -95.673683 125.180084 -49.707256
v -95.673637 125.310623 -49.335880
v -95.673622 125.540329 -49.180229
v -95.673645 125.469749 -48.662964
v -95.673660 125.799019 -49.171814
v -95.673676 122.723633 -42.983482
v -95.673645 122.458618 -42.807392
v -95.673660 123.389984 -42.465748
v -95.673645 125.213745 -49.502644
v -95.673645 123.360222 -42.653099
v -95.673645 122.955826 -43.834503
v -95.678802 123.630569 -43.301601
v -95.673645 125.563286 -50.238697
v -95.673637 125.368057 -50.078686
v -95.673637 125.243660 -49.927528
v -95.673660 126.221573 -49.687943
v -95.673660 126.136497 -49.967690
v -95.673668 125.909782 -50.158409
v -95.673653 125.598557 -50.194527
v -95.673630 123.169830 -42.058365
v -95.673668 123.330765 -42.237106
v -95.673637 122.358665 -42.563671
v -95.673653 122.377914 -42.311108
v -95.673630 122.542000 -42.078514
v -95.673660 123.000168 -41.981441
v -95.596344 125.187843 -49.764870
v -95.596313 125.200493 -49.529175
v -95.596298 125.328400 -49.317513
v -95.596313 125.488869 -49.207432
v -95.596291 126.186287 -49.863213
v -95.596313 125.783791 -50.197498
v -95.596268 125.515862 -50.165970
v -95.596245 125.292435 -50.009003
v -95.596313 125.656952 -49.164326
v -95.596306 125.834106 -49.179844
v -95.596275 126.031250 -49.279259
v -95.673622 126.159019 -49.437962
v -95.596275 126.154587 -49.433933
v -95.596329 126.217705 -49.628662
v -95.596352 126.049309 -50.067749
v -95.596306 122.439171 -42.767803
v -95.596298 122.366135 -42.601562
v -95.596291 122.365089 -42.355900
v -95.596283 122.481773 -42.140148
v -95.596306 122.664055 -42.005867
v -95.673653 122.779961 -41.969975
v -95.596298 123.321053 -42.750141
v -95.596313 123.160889 -42.911781
v -95.596313 122.998573 -42.985523
v -95.596313 122.815422 -42.997536
v -95.596298 122.601707 -42.930214
v -95.596352 122.896423 -41.963760
v -95.596298 123.119766 -42.025188
v -95.596313 123.330177 -42.230026
v -95.596313 123.390480 -42.494488
v -95.675995 125.174263 -48.777889
v -95.673645 125.615387 -48.328762
v -95.936584 125.615387 -48.328762
v -95.932205 123.841858 -43.815754
v -95.677025 123.397583 -43.385651
v -95.689110 125.056633 -48.726631
v -95.691620 123.810173 -43.879276
v -95.689110 123.514580 -43.436634
v -95.691620 124.761040 -48.283989
v -95.936584 122.955826 -43.834503
v -95.673645 124.726913 -48.341309
v -95.929100 123.802284 -43.885715
v -95.673645 123.844292 -43.821957
v -95.982895 125.859886 -49.298054
v -95.988724 125.523651 -49.304195
v -95.983383 125.307137 -49.546646
v -95.982880 125.285606 -49.724682
v -95.983215 126.029892 -49.420368
v -95.991768 125.388054 -49.415382
v -95.989868 126.107826 -49.626850
v -95.990509 125.724258 -49.269367
v -95.985970 122.494881 -42.653816
v -95.983269 122.594406 -42.792713
v -95.992264 122.763870 -42.879173
v -95.982986 122.895760 -42.898361
v -95.983429 123.109451 -42.827354
v -95.988815 122.928398 -42.073261
v -95.982925 122.590454 -42.175148
v -95.936577 122.513985 -42.272293
v -95.983330 122.486458 -42.328476
v -95.983124 122.455879 -42.494984
v -95.981911 123.269989 -42.616383
v -95.983742 123.276474 -42.392410
v -95.991356 123.231697 -42.282372
v -95.989502 123.101440 -42.140640
v -95.998459 122.596725 -42.760460
v -95.998825 122.483444 -42.387775
v -95.998627 123.070419 -42.822006
v -95.998726 123.246101 -42.608910
v -95.998619 122.676468 -42.140202
v -95.983620 122.751625 -42.085697
v -94.842278 125.781403 -50.130573
v -95.873398 126.005875 -49.339432
v -94.842278 125.636963 -49.234756
v -94.842278 125.669106 -49.229183
v -95.873398 125.683228 -49.228157
v -95.873398 125.636963 -49.234756
v -94.842278 125.715836 -49.229023
v -95.873398 125.715836 -49.229023
v -94.842278 125.794510 -49.237068
v -94.842278 125.862663 -49.251083
v -95.873398 125.881546 -49.258270
v -95.873398 125.794510 -49.237068
v -94.842278 125.870590 -49.258656
v -95.873398 125.870590 -49.258656
v -94.842278 125.941765 -49.293129
v -95.873398 125.941765 -49.293129
v -94.842278 126.005875 -49.339432
v -94.842278 126.030807 -49.360474
v -95.873398 126.040665 -49.370628
v -94.842278 126.060966 -49.396168
v -95.873398 126.060966 -49.396168
v -94.842278 126.105377 -49.461609
v -94.842278 126.121605 -49.489910
v -95.873398 126.145081 -49.541908
v -95.873398 126.105377 -49.461609
v -94.842278 126.137741 -49.533768
v -95.873398 126.137741 -49.533768
v -94.842278 126.157089 -49.610447
v -94.842278 126.162659 -49.642590
v -95.873398 126.157089 -49.610447
v -94.842278 126.162827 -49.689323
v -95.873398 126.161293 -49.736034
v -95.873398 126.162827 -49.689323
v -94.842278 126.154778 -49.767998
v -94.842278 126.140762 -49.836155
v -95.873398 126.154778 -49.767998
v -94.842278 126.133186 -49.844078
v -95.873398 126.115768 -49.887447
v -95.873398 126.133186 -49.844078
v -94.842278 126.098717 -49.915253
v -95.873398 126.098717 -49.915253
v -94.842278 126.052414 -49.979362
v -94.842278 126.006195 -50.031384
v -95.873398 125.990532 -50.044136
v -95.873398 126.052414 -49.979362
v -94.842278 125.995674 -50.034458
v -95.873398 125.995674 -50.034458
v -94.842278 125.930237 -50.078861
v -95.873398 125.930237 -50.078861
v -94.842278 125.858078 -50.111229
v -94.842278 125.792046 -50.133171
v -95.873398 125.813667 -50.125763
v -95.873398 125.858078 -50.111229
v -95.873398 125.781403 -50.130573
v -94.842278 125.702522 -50.136311
v -95.873398 125.613129 -50.130547
v -95.873398 125.702522 -50.136311
v -94.842278 125.623848 -50.128262
v -94.842278 125.555695 -50.114250
v -95.873398 125.623848 -50.128262
v -94.842278 125.547768 -50.106678
v -95.873398 125.547768 -50.106678
v -94.842278 125.476593 -50.072205
v -95.873398 125.436913 -50.047527
v -95.873398 125.476593 -50.072205
v -94.842278 125.412483 -50.025898
v -94.842278 125.360466 -49.979683
v -95.873398 125.412483 -50.025898
v -94.842278 125.357391 -49.969166
v -95.873398 125.328545 -49.932400
v -95.873398 125.357391 -49.969166
v -94.842278 125.312981 -49.903725
v -95.873398 125.312981 -49.903725
v -94.842278 125.280617 -49.831566
v -94.842278 125.269547 -49.800880
v -95.873398 125.255463 -49.745594
v -95.873398 125.280617 -49.831566
v -94.842278 125.261269 -49.754887
v -95.873398 125.261269 -49.754887
v -94.842278 125.255539 -49.676010
v -94.842278 125.255630 -49.643387
v -95.873398 125.255539 -49.676010
v -94.842278 125.263580 -49.597336
v -95.873398 125.273201 -49.551609
v -95.873398 125.263580 -49.597336
v -94.842278 125.285172 -49.521255
v -94.842278 125.296417 -49.490627
v -95.873398 125.285172 -49.521255
v -94.842278 125.319641 -49.450081
v -95.873398 125.369331 -49.375546
v -95.873398 125.319641 -49.450081
v -94.842278 125.365944 -49.385971
v -94.842278 125.386986 -49.361038
v -95.873398 125.365944 -49.385971
v -94.842278 125.422684 -49.330875
v -94.842278 125.488121 -49.286472
v -94.842278 125.516418 -49.270241
v -95.873398 125.529335 -49.264446
v -95.873398 125.488121 -49.286472
v -94.842278 125.560280 -49.254105
v -95.873398 125.560280 -49.254105
v -94.548721 126.217339 -49.398697
v -94.548714 126.086082 -49.245766
v -94.548721 125.919586 -49.154495
v -94.548714 125.698456 -50.265182
v -94.548721 125.888077 -50.242424
v -94.548721 126.073967 -50.149868
v -94.548714 126.282661 -49.831299
v -94.548714 126.294395 -49.600060
v -94.548737 125.393044 -49.296486
v -94.548729 125.267822 -49.449253
v -94.548721 124.686119 -49.614349
v -94.548706 125.203583 -49.706818
v -94.548721 125.275322 -49.949257
v -94.548721 125.425522 -50.118053
v -94.548721 124.376854 -49.807369
v -94.548721 124.815475 -49.055405
v -94.548698 125.747810 -49.176506
v -94.548729 125.562553 -49.199486
v -94.548714 126.123863 -49.361839
v -94.548706 125.957664 -49.224899
v -94.548714 125.697327 -50.216236
v -94.548721 125.977234 -50.149220
v -94.548714 126.129929 -50.016918
v -94.548721 126.207497 -50.002892
v -94.548706 126.238564 -49.799957
v -94.548714 126.220596 -49.532211
v -94.677628 125.623940 -50.202358
v -94.677628 125.879738 -50.191284
v -94.677605 126.086670 -50.066639
v -94.677605 125.368439 -49.317719
v -94.677620 125.232384 -49.522686
v -94.677635 125.216858 -49.802879
v -94.677605 125.305740 -49.993919
v -94.677620 125.429306 -50.118210
v -94.677620 126.228760 -49.841400
v -94.677605 126.224213 -49.533512
v -94.677612 126.102219 -49.337204
v -94.677612 125.960205 -49.229820
v -94.677605 125.759140 -49.174866
v -94.677635 125.539993 -49.208115
v -94.543411 124.755646 -49.303822
v -95.954872 125.365402 -49.306118
v -95.954887 125.209602 -49.674812
v -95.954887 125.257004 -49.882626
v -95.954887 125.257820 -49.462730
v -95.954880 125.351585 -50.028278
v -95.954887 125.539993 -49.191044
v -95.954887 125.503792 -50.140110
v -95.954880 125.770615 -49.155315
v -95.954880 125.938354 -50.149078
v -95.954880 125.724663 -50.195248
v -95.954872 126.018097 -49.239861
v -95.954880 126.163055 -49.389671
v -95.954887 126.249329 -49.609684
v -95.954887 126.209610 -49.877548
v -95.954880 126.087639 -50.049500
v -95.825989 126.189911 -49.435810
v -95.825996 126.245850 -49.610867
v -95.825958 126.211746 -49.882816
v -95.825989 125.496780 -49.212105
v -95.825974 125.662262 -49.160789
v -95.825981 126.036636 -50.092823
v -95.825981 125.859871 -50.176273
v -95.826004 125.652695 -50.187675
v -95.825989 125.420952 -50.094532
vn -0.0000 -0.0000 -1.0000
vn -0.0000 -0.0002 -1.0000
vn -0.0000 0.0001 -1.0000
vn -0.0000 -0.0001 -1.0000
vn -0.9812 -0.1917 -0.0233
vn -0.9938 0.1094 -0.0178
vn -0.8988 0.4383 0.0052
vn -0.9998 0.0151 0.0122
vn -0.9997 0.0180 0.0173
vn -0.9959 -0.0784 0.0443
vn -0.9876 -0.1511 -0.0434
vn -0.9833 -0.0075 0.1818
vn -0.9950 0.0033 -0.0999
vn -0.9963 0.0380 -0.0770
vn -0.9961 0.0378 -0.0800
vn -0.9960 0.0378 -0.0806
vn -0.9964 0.0380 -0.0758
vn -0.9992 -0.0090 0.0387
vn -0.9992 -0.0087 0.0387
vn -0.9993 -0.0025 0.0385
vn -0.9993 -0.0020 0.0386
vn -0.9985 -0.0552 0.0022
vn -0.9995 -0.0162 0.0255
vn -0.9995 -0.0132 0.0279
vn -0.9995 -0.0096 0.0307
vn -0.9948 0.0165 -0.1001
vn -0.9995 -0.0170 0.0250
vn -0.9987 -0.0427 0.0274
vn -0.9987 -0.0417 0.0289
vn -0.9987 -0.0418 0.0286
vn -0.9850 -0.0958 0.1432
vn -0.9987 -0.0438 0.0258
vn -0.9772 -0.1732 -0.1232
vn -0.0144 0.8989 -0.4378
vn -0.1369 0.9864 -0.0910
vn -0.0578 0.9717 -0.2292
vn -0.0122 0.9672 0.2536
vn -0.0385 0.9003 0.4335
vn -0.0211 0.8791 0.4762
vn -0.0170 0.5678 0.8230
vn -0.0437 0.5113 0.8583
vn 0.0091 0.2213 0.9752
vn -0.0040 0.7606 -0.6492
vn 0.0004 0.5354 -0.8446
vn -0.0267 0.4578 -0.8887
vn 0.0070 -0.0464 -0.9989
vn -0.0166 -0.1604 -0.9869
vn 0.0038 -0.5740 -0.8189
vn -0.0254 -0.6990 -0.7147
vn 0.0220 -0.8705 -0.4917
vn -0.0270 -0.9996 -0.0085
vn -0.0391 -0.9984 0.0408
vn 0.0169 -0.9123 0.4091
vn -0.0227 -0.7146 0.6991
vn 0.0022 -0.6102 0.7922
vn -0.0198 -0.1694 0.9853
vn -0.0354 -0.2281 0.9730
vn -0.0364 -0.2301 0.9725
vn -0.0349 -0.2270 0.9733
vn -0.0369 -0.2311 0.9722
vn -0.0067 -0.1561 -0.9877
vn 0.0161 0.0309 -0.9994
vn -0.0073 0.2389 -0.9710
vn 0.0196 0.4122 -0.9109
vn -0.0014 0.7007 -0.7135
vn -0.0101 0.7242 -0.6895
vn 0.0048 0.9498 -0.3130
vn -0.0001 0.9583 -0.2857
vn 0.0049 0.9992 0.0385
vn -0.0020 1.0000 0.0062
vn 0.0032 0.9044 0.4267
vn -0.0101 0.8641 0.5032
vn 0.0219 0.6983 0.7155
vn -0.0100 0.5058 0.8626
vn 0.0111 0.3222 0.9466
vn -0.0112 0.1483 0.9889
vn 0.0079 -0.1277 0.9918
vn -0.0098 -0.2938 0.9558
vn 0.0166 -0.4604 0.8875
vn -0.0032 -0.6910 0.7228
vn 0.0145 -0.7703 0.6375
vn -0.0087 -0.9341 0.3569
vn 0.0199 -0.9769 0.2129
vn -0.0091 -0.9871 -0.1601
vn 0.0129 -0.9524 -0.3045
vn -0.0054 -0.8494 -0.5277
vn 0.0122 -0.7820 -0.6232
vn -0.0034 -0.5472 -0.8370
vn 0.0158 -0.4499 -0.8929
vn 0.9952 -0.0979 -0.0092
vn 0.9945 -0.1035 -0.0142
vn 0.9943 -0.1052 -0.0154
vn 0.9954 -0.0958 -0.0076
vn 0.9964 -0.0653 -0.0547
vn 0.9976 -0.0484 -0.0504
vn 0.9945 -0.0413 -0.0965
vn 0.9964 -0.0182 -0.0827
vn 0.9941 -0.0021 -0.1081
vn 0.9970 0.0273 -0.0722
vn 0.9971 0.0262 -0.0713
vn 0.9971 0.0259 -0.0709
vn 0.9970 0.0277 -0.0725
vn 0.9958 0.0759 -0.0515
vn 0.9958 0.0758 -0.0515
vn 0.9960 0.0744 -0.0502
vn 0.9960 0.0739 -0.0500
vn 0.9987 0.0504 -0.0069
vn 0.9954 0.0939 0.0211
vn 0.9982 0.0556 0.0234
vn 0.9971 0.0501 0.0578
vn 0.9973 0.0474 0.0568
vn 0.9978 0.0398 0.0536
vn 0.9979 0.0373 0.0527
vn 0.9914 0.0193 0.1292
vn 0.9949 -0.0774 0.0652
vn 0.9973 -0.0668 0.0307
vn 0.9912 -0.1321 0.0126
vn -0.9983 -0.0506 -0.0272
vn -0.9918 -0.1274 0.0054
vn -0.9893 -0.1459 0.0041
vn -0.9945 -0.0747 0.0728
vn -0.9943 -0.0762 0.0745
vn -0.9942 -0.0767 0.0756
vn -0.9947 -0.0741 0.0717
vn -0.9982 -0.0191 0.0561
vn -0.9937 -0.0193 0.1106
vn -0.9955 0.0536 0.0778
vn -0.9975 0.0377 0.0606
vn -0.9850 0.1551 0.0759
vn -0.9981 0.0619 0.0079
vn -0.9803 0.1919 -0.0465
vn -0.9975 0.0645 -0.0296
vn -0.9962 0.0458 -0.0738
vn -0.9899 0.0654 -0.1256
vn -0.9969 0.0152 -0.0778
vn -0.9838 -0.0300 -0.1768
vn -0.9961 -0.0485 -0.0731
vn -0.9847 -0.1210 -0.1252
vn 0.1037 -0.4681 -0.8776
vn -0.1774 -0.0446 -0.9831
vn -0.0583 0.0526 -0.9969
vn 0.0715 0.5344 -0.8422
vn -0.1472 0.7169 -0.6814
vn 0.0668 0.9084 -0.4128
vn -0.1204 0.9922 -0.0309
vn 0.0773 0.9829 0.1671
vn -0.1473 0.7221 0.6759
vn 0.1437 0.5577 0.8175
vn -0.1250 -0.0062 0.9921
vn 0.1081 -0.2370 0.9655
vn -0.1396 -0.6087 0.7810
vn 0.0681 -0.7920 0.6068
vn -0.0803 -0.9879 0.1325
vn -0.0322 -0.9949 0.0960
vn -0.0196 -0.8622 -0.5062
vn -0.1353 -0.7959 -0.5901
vn -1.0000 -0.0001 0.0005
vn -1.0000 -0.0000 0.0001
vn -1.0000 0.0001 -0.0001
vn -1.0000 -0.0001 -0.0000
vn -1.0000 0.0001 -0.0000
vn -0.0343 -0.0233 -0.9991
vn -0.0454 -0.0012 -0.9990
vn -0.0188 0.0150 -0.9997
vn -0.0193 -0.0032 0.9998
vn -0.1879 -0.1111 0.9759
vn -0.0630 0.9978 0.0187
vn -0.0133 0.9999 -0.0000
vn -0.9987 0.0462 0.0230
vn -0.9958 0.0912 -0.0014
vn -0.9965 0.0836 -0.0004
vn -0.9967 0.0814 -0.0000
vn -0.9935 -0.0076 0.1133
vn -0.9990 0.0402 -0.0175
vn -0.9955 0.0943 -0.0018
vn -0.0608 0.3427 -0.9375
vn 0.0408 -0.1122 -0.9928
vn -0.0325 -0.2144 -0.9762
vn 0.0363 -0.5610 -0.8270
vn -0.0731 -0.6904 -0.7197
vn 0.0948 -0.9085 -0.4069
vn -0.0966 -0.9847 -0.1448
vn 0.0660 -0.9664 0.2486
vn -0.0456 -0.9079 0.4167
vn 0.0487 -0.7396 0.6713
vn 0.0739 0.2059 0.9758
vn -0.0606 0.5767 0.8147
vn 0.0206 0.6582 0.7526
vn -0.0240 0.9213 0.3881
vn 0.0458 0.9499 0.3092
vn -0.0441 0.9897 -0.1363
vn 0.0775 0.9415 -0.3281
vn -0.0766 0.8274 -0.5564
vn 0.0827 0.4883 -0.8688
vn 1.0000 -0.0001 0.0001
vn 1.0000 0.0003 -0.0002
vn 1.0000 -0.0000 -0.0000
vn 1.0000 -0.0000 -0.0001
vn 1.0000 -0.0000 0.0001
vn 1.0000 -0.0001 -0.0000
vn 1.0000 0.0001 0.0001
vn 1.0000 -0.0002 -0.0001
vn -0.5404 0.4917 0.6828
vn -0.7219 0.0793 0.6875
vn -0.6908 0.6397 0.3369
vn -0.7365 0.3042 0.6042
vn -0.5915 0.6276 0.5062
vn -0.5082 0.8555 0.0999
vn -0.7481 0.6140 -0.2515
vn -0.8303 0.5364 -0.1511
vn -0.8275 0.5583 -0.0592
vn -0.7428 0.6462 0.1753
vn 0.0222 -0.7771 0.6290
vn -0.0486 -0.9107 0.4102
vn -0.8093 -0.3080 -0.5001
vn -0.7369 -0.6080 -0.2956
vn -0.9043 -0.1129 -0.4117
vn -0.8659 0.3591 -0.3481
vn -0.7731 -0.3257 -0.5443
vn 0.9168 0.0545 0.3955
vn 0.8929 0.4409 0.0916
vn 0.9290 0.3139 -0.1958
vn -1.0000 -0.0000 -0.0000
vn -1.0000 -0.0000 0.0002
vn -1.0000 -0.0000 -0.0001
vn -1.0000 -0.0000 -0.0002
vn 1.0000 -0.0000 -0.0002
vn 1.0000 -0.0000 -0.0003
vn -1.0000 -0.0000 -0.0003
vn -1.0000 -0.0000 0.0004
vn -0.0022 -0.9305 -0.3663
vn 0.0587 -0.9295 -0.3642
vn -0.0143 0.9527 -0.3036
vn 0.0201 0.9629 -0.2690
vn -0.0170 0.9997 0.0148
vn 0.0127 0.9987 0.0502
vn -0.0259 -0.8768 -0.4801
vn -0.0163 -0.6661 -0.7457
vn 0.0737 -0.6051 -0.7927
vn -0.0784 -0.3190 -0.9445
vn 0.0913 -0.0628 -0.9938
vn -0.0428 0.0664 -0.9969
vn 0.0406 0.4541 -0.8900
vn -0.0277 0.5102 -0.8596
vn 0.0259 0.7629 -0.6460
vn -0.0114 0.7864 -0.6176
vn 0.0041 0.9309 0.3652
vn -0.0348 0.9300 0.3659
vn 0.0633 -0.9378 0.3413
vn -0.0539 -0.9959 0.0721
vn 0.0224 -0.9997 -0.0109
vn 0.0396 0.8106 0.5842
vn -0.0675 0.7109 0.7001
vn 0.0547 0.5079 0.8597
vn -0.0414 0.3814 0.9235
vn 0.0438 0.1448 0.9885
vn -0.0227 0.0714 0.9972
vn -0.0094 -0.2898 0.9571
vn 0.0349 -0.3293 0.9436
vn -0.0313 -0.5935 0.8043
vn 0.0577 -0.6792 0.7316
vn -0.0800 -0.8588 0.5060
vn 1.0000 -0.0030 -0.0009
vn 1.0000 -0.0006 -0.0001
vn 0.9996 0.0255 0.0092
vn 1.0000 -0.0005 -0.0001
vn 0.9997 -0.0226 -0.0079
vn 0.9957 0.0865 0.0339
vn 0.9998 0.0220 0.0037
vn 0.9999 -0.0149 -0.0088
vn 0.9995 0.0281 0.0166
vn 0.9992 -0.0393 0.0037
vn 1.0000 0.0008 0.0040
vn 0.9999 0.0121 0.0089
vn 1.0000 0.0071 0.0058
vn 0.9949 -0.0936 -0.0367
vn 1.0000 -0.0005 -0.0000
vn 1.0000 -0.0034 -0.0003
vn 1.0000 -0.0012 -0.0010
vn 1.0000 -0.0002 0.0001
vn 1.0000 0.0052 0.0051
vn 1.0000 0.0002 0.0023
vn 1.0000 0.0007 0.0026
vn 1.0000 -0.0006 -0.0003
vn 1.0000 -0.0018 -0.0005
vn 1.0000 -0.0000 0.0002
vn 1.0000 -0.0011 -0.0015
vn 0.9993 -0.0296 -0.0220
vn 1.0000 0.0074 0.0003
vn 0.9992 0.0409 0.0017
vn 1.0000 -0.0008 -0.0016
vn 1.0000 -0.0013 -0.0018
vn 1.0000 0.0003 0.0003
vn 1.0000 0.0009 -0.0003
vn 1.0000 0.0015 -0.0005
vn 1.0000 0.0012 -0.0005
vn 1.0000 0.0013 -0.0012
vn 1.0000 0.0006 -0.0013
vn 1.0000 -0.0001 -0.0008
vn 1.0000 -0.0004 -0.0011
vn 1.0000 0.0009 0.0035
vn 1.0000 0.0019 0.0026
vn 1.0000 -0.0003 0.0024
vn 1.0000 -0.0006 0.0015
vn 1.0000 -0.0003 -0.0001
vn 1.0000 -0.0008 0.0002
vn 1.0000 -0.0007 0.0002
vn 1.0000 -0.0008 0.0003
vn 1.0000 -0.0008 0.0004
vn 1.0000 -0.0005 0.0019
vn 1.0000 -0.0013 0.0037
vn -0.9949 0.0900 0.0445
vn -1.0000 -0.0002 -0.0001
vn -1.0000 -0.0001 -0.0002
vn -0.9979 -0.0577 -0.0287
vn -1.0000 -0.0013 -0.0021
vn -1.0000 0.0042 0.0041
vn -1.0000 0.0002 0.0001
vn -1.0000 -0.0006 -0.0001
vn -1.0000 -0.0008 -0.0000
vn -1.0000 -0.0005 0.0001
vn -1.0000 0.0009 0.0007
vn -1.0000 0.0006 0.0001
vn -1.0000 0.0016 0.0011
vn -1.0000 -0.0003 -0.0006
vn -1.0000 0.0036 0.0066
vn -1.0000 0.0003 0.0061
vn -1.0000 0.0014 0.0070
vn -0.9998 -0.0112 -0.0133
vn -0.9999 -0.0082 -0.0119
vn -0.9997 -0.0167 -0.0158
vn -0.9999 -0.0056 -0.0096
vn -0.9998 0.0172 0.0130
vn -1.0000 0.0018 0.0054
vn -1.0000 -0.0008 -0.0001
vn -0.9991 -0.0333 -0.0244
vn -0.9997 -0.0200 -0.0172
vn -1.0000 0.0002 0.0039
vn -1.0000 -0.0002 -0.0000
vn -1.0000 -0.0003 0.0002
vn -1.0000 -0.0004 0.0002
vn -1.0000 0.0001 0.0003
vn -1.0000 -0.0000 0.0003
vn -1.0000 -0.0001 -0.0001
vn -1.0000 0.0002 -0.0001
vn -1.0000 -0.0003 -0.0000
vn -1.0000 -0.0003 -0.0001
vn -1.0000 -0.0003 -0.0002
vn -1.0000 -0.0001 -0.0003
vn -1.0000 -0.0001 0.0001
vn -1.0000 -0.0001 0.0002
vn -1.0000 0.0002 -0.0003
vn 0.0902 0.9765 0.1955
vn -0.1102 0.9494 0.2940
vn 0.1229 0.8307 0.5429
vn -0.1506 0.7444 0.6505
vn 0.1668 0.4702 0.8666
vn -0.0733 0.3977 0.9146
vn -0.0121 -0.0008 0.9999
vn 0.0479 -0.0239 0.9986
vn -0.0435 -0.3469 0.9369
vn 0.0198 -0.3723 0.9279
vn 0.1263 -0.4846 -0.8656
vn -0.1626 -0.3432 -0.9251
vn 0.2186 -0.0936 -0.9713
vn -0.2629 0.1995 -0.9440
vn 0.1426 0.3941 -0.9079
vn -0.1100 0.6321 -0.7670
vn 0.1355 0.7185 -0.6823
vn -0.1526 0.8834 -0.4431
vn 0.1680 0.9552 -0.2435
vn -0.0955 0.9894 -0.1097
vn 0.0395 -0.6697 0.7415
vn -0.1320 -0.7192 0.6822
vn 0.1375 -0.8706 0.4723
vn -0.2164 -0.9475 0.2354
vn 0.0962 -0.9898 0.1050
vn 0.0308 -0.9718 -0.2339
vn -0.1642 -0.9369 -0.3085
vn 0.1490 -0.8157 -0.5590
vn -0.1606 -0.6993 -0.6965
vn -1.0000 -0.0001 0.0003
vn -1.0000 0.0001 -0.0002
vn -1.0000 -0.0002 0.0001
vn -1.0000 0.0001 0.0001
vn -1.0000 -0.0002 -0.0003
vn -1.0000 -0.0003 -0.0003
vn 0.1823 0.9677 0.1744
vn -0.1027 0.9298 0.3535
vn 0.1042 0.8027 0.5872
vn -0.0632 0.7580 0.6492
vn 0.0713 0.4566 0.8868
vn 0.0132 0.4402 0.8978
vn -0.0906 0.0827 0.9924
vn 0.1445 -0.0271 0.9891
vn -0.1329 -0.2991 0.9449
vn 0.1612 -0.3724 -0.9140
vn -0.1118 -0.2453 -0.9630
vn 0.1052 0.0587 -0.9927
vn -0.1549 0.1931 -0.9689
vn 0.1359 0.3924 -0.9097
vn -0.0971 0.6293 -0.7711
vn 0.0958 0.7007 -0.7070
vn -0.1225 0.8702 -0.4772
vn 0.2048 0.9245 -0.3216
vn -0.1881 0.9813 -0.0405
vn 0.1747 -0.4444 0.8786
vn -0.1909 -0.6775 0.7103
vn 0.1752 -0.8276 0.5332
vn -0.1346 -0.9103 0.3913
vn 0.1562 -0.9815 0.1109
vn -0.2077 -0.9753 -0.0749
vn 0.1739 -0.9315 -0.3194
vn -0.1199 -0.8306 -0.5438
vn 0.1059 -0.7525 -0.6500
vn -0.1375 -0.5810 -0.8022
vn -1.0000 0.0002 -0.0000
vn -1.0000 -0.0001 0.0004
vn 0.0040 -0.3659 0.9306
vn 0.0002 -0.3687 0.9295
vn -0.0000 -0.3690 0.9294
vn 0.0043 -0.3658 0.9307
vn -0.0001 0.9307 0.3658
vn -0.0000 0.9307 0.3657
vn 0.0045 0.3658 -0.9307
vn 0.0002 0.3691 -0.9294
vn -0.0000 0.3696 -0.9292
vn 0.0050 0.3657 -0.9307
vn -0.0000 -0.9307 -0.3658
vn -0.0000 -0.9307 -0.3657
vn 0.0302 -0.8786 -0.4766
vn 0.0354 -0.8786 -0.4763
vn 0.0390 -0.8785 -0.4761
vn 0.0266 -0.8786 -0.4768
vn 0.0390 0.8787 0.4758
vn 0.0217 0.8787 0.4769
vn -0.9913 0.0408 -0.1253
vn -0.9900 -0.0496 0.1319
vn -0.9985 0.0554 0.0042
vn -0.9999 -0.0140 -0.0070
vn -0.9999 0.0140 0.0070
vn -0.9978 -0.0665 -0.0059
vn -0.0000 -0.3995 -0.9167
vn -0.0000 0.3995 0.9167
vn -0.0000 0.3995 0.9168
vn -0.0000 -0.9167 0.3995
vn -0.0001 -0.9167 0.3995
vn 0.0001 -0.9167 0.3995
vn -0.0000 0.9167 -0.3995
vn 0.0001 0.9167 -0.3995
vn 0.0155 -0.3017 -0.9533
vn 0.0203 -0.2863 -0.9579
vn 0.0155 0.3017 0.9533
vn 0.0203 0.2864 0.9579
vn 0.8294 -0.5198 -0.2048
vn 0.8571 -0.4795 -0.1882
vn 0.8277 0.5409 -0.1496
vn 0.8799 0.4733 -0.0421
vn 0.8464 0.5321 0.0222
vn 0.8803 -0.3834 -0.2795
vn 0.8070 -0.3584 -0.4693
vn 0.8984 -0.1857 -0.3979
vn 0.7635 -0.0423 -0.6445
vn 0.9022 0.1237 -0.4132
vn 0.8306 0.2545 -0.4952
vn 0.8554 0.3944 -0.3357
vn 0.8796 0.3776 -0.2892
vn 0.8122 -0.5481 0.1998
vn 0.8763 -0.4818 -0.0007
vn 0.8582 -0.5130 0.0172
vn 0.8337 0.4480 0.3228
vn 0.8913 0.2948 0.3445
vn 0.8269 0.2872 0.4836
vn 0.8511 0.0744 0.5197
vn 0.8750 0.0467 0.4820
vn 0.8407 -0.1751 0.5124
vn 0.8742 -0.1924 0.4459
vn 0.8285 -0.3834 0.4082
vn 0.8943 -0.3620 0.2631
vn 0.8657 0.4659 0.1828
vn 0.8664 0.4648 0.1825
vn 0.8669 0.4640 0.1821
vn 0.8653 0.4666 0.1832
vn -0.9455 0.3016 0.1231
vn -0.9459 -0.3010 -0.1210
vn 0.2963 0.8577 0.4201
vn -0.1788 0.9550 0.2367
vn 0.0791 0.9904 0.1130
vn -0.0934 0.9648 -0.2458
vn 0.0048 0.9623 -0.2720
vn 0.1107 0.7607 -0.6396
vn -0.2103 0.6925 -0.6901
vn 0.1759 0.3894 -0.9041
vn -0.1285 -0.9179 0.3755
vn 0.2420 -0.8367 0.4912
vn -0.3169 -0.5662 0.7609
vn 0.2651 -0.4492 0.8532
vn -0.0169 -0.0302 0.9994
vn -0.2009 0.0286 0.9792
vn 0.2530 0.2716 0.9286
vn -0.2669 0.6059 0.7494
vn -0.0302 0.6692 0.7425
vn -0.1737 0.2404 -0.9550
vn 0.2599 0.0229 -0.9654
vn -0.1536 -0.2954 -0.9429
vn 0.1930 -0.4063 -0.8931
vn -0.1406 -0.7113 -0.6887
vn 0.1033 -0.7635 -0.6375
vn 0.1558 -0.9416 -0.2986
vn -0.3174 -0.9348 -0.1595
vn 0.2242 -0.9652 0.1343
vn 0.9997 0.0247 -0.0069
vn 0.9999 0.0088 0.0050
vn 0.9999 0.0089 0.0047
vn 0.9999 0.0084 0.0056
vn 0.9999 0.0083 0.0058
vn 0.9997 0.0020 0.0250
vn 0.9993 -0.0039 -0.0383
vn 0.9984 -0.0131 -0.0552
vn 0.9974 -0.0248 -0.0681
vn 0.9953 -0.0938 0.0246
vn 0.2967 0.8340 0.4652
vn -0.2842 0.9548 0.0866
vn 0.1462 0.9891 -0.0187
vn 0.0025 0.8892 -0.4575
vn -0.1160 0.8689 -0.4812
vn 0.1178 0.6321 -0.7659
vn -0.0031 0.5995 -0.8004
vn 0.1388 -0.9454 0.2949
vn -0.0995 -0.9271 0.3615
vn 0.1064 -0.7257 0.6797
vn -0.2173 -0.6386 0.7382
vn 0.2132 -0.4079 0.8878
vn 0.0431 -0.2373 0.9705
vn -0.1105 -0.1944 0.9747
vn 0.0996 0.1433 0.9846
vn -0.1413 0.2584 0.9556
vn 0.3082 0.4556 0.8352
vn -0.3750 0.7049 0.6021
vn 0.1019 0.3098 -0.9453
vn -0.0976 0.2508 -0.9631
vn 0.0049 -0.1590 -0.9873
vn -0.0306 -0.1510 -0.9881
vn 0.2228 -0.4622 -0.8583
vn -0.2282 -0.5980 -0.7683
vn 0.1598 -0.7711 -0.6163
vn -0.0483 -0.8994 -0.4344
vn 0.2001 -0.9265 -0.3188
vn -0.1652 -0.9847 -0.0560
vn 0.1099 -0.9916 0.0684
vn 0.9999 0.0064 0.0152
vn 0.9998 0.0075 0.0160
vn 0.9997 0.0119 0.0191
vn 0.9988 -0.0497 -0.0025
vn 1.0000 -0.0007 -0.0002
vn 0.9977 0.0063 -0.0674
vn 0.9997 -0.0104 -0.0199
vn 0.9999 -0.0098 -0.0044
vn 0.9995 -0.0180 -0.0249
vn 0.9996 0.0173 0.0229
vn 0.7599 0.5672 0.3174
vn 0.9383 0.3193 0.1329
vn 0.5604 0.8281 -0.0175
vn 0.9438 0.3153 -0.0990
vn 0.7765 0.5611 -0.2869
vn 0.8164 0.3935 -0.4228
vn 0.8597 -0.4720 0.1953
vn 0.6556 -0.5510 0.5164
vn 0.9328 -0.2053 0.2961
vn 0.9428 -0.0028 0.3333
vn 0.8994 0.2328 0.3700
vn 0.9794 0.0183 -0.2010
vn 0.9645 -0.1603 -0.2097
vn 0.9417 -0.3296 -0.0680
vn 0.9688 0.2465 -0.0239
vn 0.8501 0.5066 -0.1440
vn 0.5647 0.6305 -0.5326
vn 0.9622 0.1454 -0.2302
vn 0.9134 -0.3395 0.2248
vn 0.7186 -0.3215 0.6167
vn 0.9586 -0.0722 0.2754
vn 0.9737 0.1141 0.1973
vn 0.8751 -0.3896 -0.2870
vn 0.6488 -0.7253 -0.2302
vn 0.9584 -0.2853 0.0049
vn -0.0047 0.9306 0.3660
vn -0.0502 0.9290 0.3666
vn 0.0540 -0.4176 -0.9070
vn -0.0530 -0.6399 -0.7667
vn 0.0266 -0.7019 -0.7118
vn 0.0543 0.9848 0.1649
vn -0.0768 0.9879 -0.1345
vn 0.0934 0.9505 -0.2964
vn -0.0837 0.8185 -0.5684
vn 0.0765 0.6413 -0.7635
vn -0.0194 0.5602 -0.8282
vn -0.0065 0.2360 -0.9717
vn -0.0202 0.2471 -0.9688
vn 0.0477 -0.0558 -0.9973
vn -0.0752 -0.2209 -0.9724
vn -0.0263 -0.9298 -0.3670
vn -0.0001 -0.9304 -0.3665
vn -0.0677 0.3893 0.9186
vn 0.0819 0.5936 0.8006
vn -0.0245 0.6748 0.7376
vn 0.0094 -0.9887 -0.1497
vn -0.0154 -0.9923 -0.1231
vn -0.0072 -0.9667 0.2559
vn 0.0360 -0.9553 0.2935
vn -0.0414 -0.7983 0.6009
vn 0.0575 -0.7384 0.6719
vn -0.0531 -0.4136 0.9089
vn 0.0359 -0.3381 0.9404
vn -0.0324 -0.0005 0.9995
vn 0.0525 0.0868 0.9948
vn -1.0000 0.0020 0.0010
vn -1.0000 0.0012 0.0009
vn -0.9997 -0.0227 -0.0100
vn -1.0000 0.0005 0.0003
vn -0.9997 0.0227 0.0099
vn -0.9950 -0.0926 -0.0363
vn -0.9994 -0.0257 -0.0238
vn -0.9998 0.0169 0.0037
vn -0.9995 -0.0304 -0.0067
vn -0.9992 0.0267 0.0294
vn -1.0000 -0.0077 -0.0000
vn -0.9952 0.0906 0.0355
vn -1.0000 -0.0004 -0.0002
vn -1.0000 0.0015 0.0002
vn -1.0000 -0.0002 -0.0004
vn -1.0000 -0.0006 -0.0007
vn -1.0000 -0.0004 -0.0005
vn -1.0000 0.0006 0.0004
vn -0.9999 -0.0157 -0.0018
vn -1.0000 -0.0004 0.0004
vn -1.0000 0.0015 -0.0006
vn -0.9993 0.0368 0.0043
vn -1.0000 -0.0056 -0.0048
vn -0.9992 -0.0313 -0.0267
vn -1.0000 -0.0004 -0.0004
vn -1.0000 0.0016 -0.0012
vn -1.0000 0.0025 -0.0011
vn -1.0000 0.0023 -0.0024
vn -1.0000 0.0014 -0.0001
vn -1.0000 -0.0005 -0.0011
vn -1.0000 -0.0007 -0.0018
vn -1.0000 -0.0002 -0.0012
vn -1.0000 0.0009 -0.0022
vn -1.0000 0.0011 -0.0014
vn -1.0000 -0.0026 0.0006
vn 0.9955 -0.0908 -0.0274
vn 1.0000 0.0002 0.0004
vn 0.9978 0.0633 0.0188
vn 1.0000 -0.0059 0.0001
vn 1.0000 0.0006 0.0001
vn 1.0000 0.0060 -0.0028
vn 1.0000 0.0003 -0.0001
vn 1.0000 0.0083 -0.0031
vn 1.0000 -0.0005 0.0001
vn 1.0000 -0.0004 -0.0000
vn 1.0000 -0.0097 0.0014
vn 1.0000 -0.0063 0.0029
vn 1.0000 -0.0082 0.0021
vn 1.0000 -0.0060 0.0023
vn 1.0000 0.0008 0.0012
vn 1.0000 0.0005 0.0007
vn 0.9999 0.0095 -0.0041
vn 0.9999 0.0126 -0.0026
vn 0.9996 -0.0275 -0.0037
vn 0.9999 0.0140 -0.0021
vn 0.9987 0.0507 0.0086
vn 1.0000 -0.0034 0.0027
vn 1.0000 0.0002 -0.0000
vn 1.0000 -0.0000 0.0003
vn 1.0000 -0.0002 -0.0000
vn 1.0000 -0.0003 -0.0000
vn 1.0000 -0.0003 0.0002
vn 1.0000 -0.0004 0.0002
vn 1.0000 -0.0001 0.0005
vn 1.0000 0.0003 0.0001
vn 1.0000 0.0001 -0.0000
vn 1.0000 -0.0001 0.0002
vn 1.0000 0.0001 -0.0002
vn 0.1627 -0.9070 -0.3885
vn -0.1095 -0.9550 -0.2756
vn 0.1387 -0.9889 0.0530
vn -0.1125 -0.9805 0.1613
vn 0.0240 -0.8644 0.5023
vn 0.0740 -0.8535 0.5158
vn -0.0674 -0.5597 0.8260
vn -0.0862 -0.5635 0.8216
vn -0.2176 0.9338 -0.2840
vn 0.2119 0.8120 -0.5439
vn -0.2557 0.6224 -0.7397
vn 0.2527 0.4248 -0.8693
vn -0.2998 0.1100 -0.9476
vn 0.2349 -0.1136 -0.9654
vn -0.1484 -0.4440 -0.8836
vn 0.1723 -0.5662 -0.8061
vn -0.1796 -0.7596 -0.6251
vn 0.1729 -0.2447 0.9540
vn -0.1546 -0.0322 0.9875
vn 0.0637 0.0871 0.9942
vn -0.0798 0.3864 0.9189
vn 0.0873 0.4485 0.8895
vn -0.0817 0.7566 0.6488
vn 0.0124 0.7818 0.6234
vn 0.0385 0.9506 0.3082
vn -0.1364 0.9610 0.2405
vn 0.1496 0.9800 -0.1312
vn 1.0000 0.0002 0.0002
vn 1.0000 0.0003 0.0005
vn 1.0000 0.0003 0.0004
vn 1.0000 -0.0001 -0.0001
vn 1.0000 0.0002 -0.0001
vn 1.0000 0.0003 -0.0004
vn 1.0000 0.0004 -0.0006
vn -0.0244 -0.9153 -0.4021
vn -0.0964 -0.9209 -0.3777
vn 0.0943 -0.9955 -0.0042
vn -0.1204 -0.9899 0.0754
vn 0.1286 -0.8723 0.4718
vn -0.1743 -0.8046 0.5677
vn 0.1769 -0.5838 0.7924
vn -0.1957 -0.4069 0.8923
vn -0.1909 0.8480 -0.4944
vn 0.1812 0.6985 -0.6922
vn -0.1753 0.5082 -0.8432
vn 0.0690 0.4127 -0.9083
vn 0.0036 0.0654 -0.9979
vn -0.1734 -0.0047 -0.9848
vn 0.1801 -0.2955 -0.9382
vn -0.2861 -0.5303 -0.7981
vn 0.1812 -0.6951 -0.6957
vn 0.1862 -0.1752 0.9668
vn -0.1566 0.0514 0.9863
vn 0.1341 0.2628 0.9555
vn -0.1224 0.4098 0.9039
vn 0.1427 0.6904 0.7092
vn -0.0555 0.7420 0.6680
vn -0.0152 0.9680 0.2506
vn 0.0758 0.9722 0.2217
vn -0.0643 0.9856 -0.1566
vn 0.1579 0.9529 -0.2588
vn 1.0000 0.0001 0.0002
vn -0.0041 -0.3654 0.9308
vn -0.0004 -0.3625 0.9320
vn -0.0000 -0.3625 0.9320
vn -0.0043 -0.3657 0.9307
vn -0.0058 0.3654 -0.9308
vn -0.0004 0.3613 -0.9325
vn -0.0000 0.3611 -0.9325
vn -0.0062 0.3658 -0.9307
vn -0.0000 0.9307 0.3658
vn -0.0297 0.9680 0.2490
vn -0.0352 0.9678 0.2492
vn -0.0389 0.9676 0.2494
vn -0.0261 0.9682 0.2489
vn -0.0389 -0.9676 -0.2496
vn -0.0217 -0.9683 -0.2490
vn 0.9916 0.0505 -0.1191
vn 0.9900 -0.0535 0.1305
vn 0.9983 -0.0462 -0.0366
vn 0.9999 0.0151 0.0044
vn 0.9999 -0.0151 -0.0044
vn 0.9978 0.0528 0.0409
vn -0.0000 -0.3995 -0.9168
vn -0.0156 0.8700 -0.4928
vn -0.0203 0.8619 -0.5067
vn -0.0156 -0.8700 0.4928
vn -0.0203 -0.8618 0.5068
vn -0.8348 0.5124 0.2013
vn -0.8534 0.4850 0.1911
vn -0.8591 -0.3245 -0.3959
vn -0.8682 -0.3203 -0.3790
vn -0.8820 0.4711 0.0121
vn -0.8028 0.5909 -0.0794
vn -0.8711 0.4042 -0.2790
vn -0.8686 0.4092 -0.2795
vn -0.8415 0.3006 -0.4489
vn -0.8792 0.2110 -0.4272
vn -0.8281 0.1346 -0.5442
vn -0.8923 -0.0265 -0.4507
vn -0.8155 -0.1313 -0.5637
vn -0.8242 0.2230 0.5205
vn -0.8685 0.3298 0.3700
vn -0.8679 0.3301 0.3713
vn -0.8655 0.3312 0.3759
vn -0.8649 0.3314 0.3769
vn -0.8498 -0.5228 -0.0681
vn -0.8717 -0.4890 -0.0320
vn -0.8356 -0.5301 0.1440
vn -0.8923 -0.4031 0.2033
vn -0.8185 -0.4597 0.3445
vn -0.8576 -0.2136 0.4680
vn -0.8746 -0.1877 0.4471
vn -0.8333 -0.0003 0.5528
vn -0.8872 0.0733 0.4555
vn -0.8586 -0.4769 -0.1880
vn -0.8491 -0.4915 -0.1935
vn 0.9456 -0.3041 -0.1156
vn 0.9459 0.3028 0.1163
vn 0.0555 0.2037 0.9775
vn 0.2421 0.1396 0.9601
vn -0.3261 -0.1645 0.9309
vn 0.0850 0.9655 0.2463
vn -0.2470 0.9039 0.3491
vn 0.3427 0.6617 0.6668
vn -0.2340 0.5674 0.7895
vn -0.0055 -0.9712 -0.2383
vn 0.2830 -0.9092 -0.3056
vn -0.2752 -0.7789 -0.5635
vn 0.2454 -0.5620 -0.7899
vn -0.2027 -0.4536 -0.8679
vn 0.0040 -0.1442 -0.9895
vn 0.1077 -0.1151 -0.9875
vn -0.1127 0.3131 -0.9430
vn 0.1038 0.3607 -0.9269
vn -0.2224 0.3530 0.9088
vn 0.1396 0.2263 0.9640
vn -0.2050 -0.0747 0.9759
vn 0.2613 -0.2547 0.9310
vn -0.2649 -0.4687 0.8427
vn 0.2369 -0.7053 0.6681
vn -0.1845 -0.8131 0.5521
vn 0.2168 -0.9359 0.2778
vn -0.1335 -0.9748 0.1789
vn -0.1276 0.7898 -0.6000
vn -0.1458 0.7856 -0.6013
vn 0.2520 0.9385 -0.2361
vn -0.2715 0.9620 -0.0301
vn 0.2565 0.9470 0.1932
vn -0.1549 0.9188 0.3631
vn -0.1127 0.7307 0.6733
vn 0.1345 0.6833 0.7176
vn -1.0000 0.0017 -0.0004
vn -0.9824 -0.1782 -0.0551
vn -0.9979 -0.0087 -0.0643
vn -0.9998 -0.0050 0.0215
vn -0.9997 -0.0056 0.0224
vn -0.9999 0.0012 0.0134
vn -0.9999 0.0010 0.0136
vn -0.9999 0.0013 0.0134
vn -0.9992 0.0403 -0.0054
vn -0.9488 -0.3102 -0.0592
vn -0.8131 -0.4656 -0.3495
vn -0.8826 -0.2498 -0.3982
vn -0.9639 0.0293 -0.2647
vn -0.7516 0.2068 -0.6263
vn -0.9428 -0.0509 0.3295
vn -0.5898 -0.3943 0.7048
vn -0.9469 -0.2533 0.1982
vn -0.8946 -0.3687 0.2524
vn -0.4457 -0.8806 0.1610
vn -0.9107 0.3185 -0.2630
vn -0.8144 0.4647 -0.3477
vn -0.8207 0.5709 -0.0232
vn -0.9690 0.2450 0.0327
vn -1.0000 -0.0000 0.0007
vn -1.0000 -0.0000 -0.0006
vn 1.0000 -0.0000 0.0006
vn 1.0000 -0.0000 -0.0006
vn -1.0000 -0.0002 0.0009
vn -1.0000 -0.0003 0.0010
vn -0.9998 -0.0039 -0.0204
vn -0.9998 -0.0091 0.0191
vn -1.0000 0.0001 -0.0006
vn -0.0105 -0.3967 -0.9179
vn 0.0918 -0.3383 -0.9365
vn -0.1310 0.0429 -0.9905
vn 0.1398 0.2305 -0.9630
vn -0.1101 0.5128 -0.8514
vn 0.0716 0.6532 -0.7538
vn -0.0778 0.8432 -0.5319
vn 0.0758 0.8916 -0.4465
vn 0.0288 -0.4965 0.8676
vn -0.0360 -0.5380 0.8421
vn 0.0431 -0.7726 0.6334
vn -0.0857 -0.8301 0.5510
vn 0.1276 -0.9623 0.2400
vn -0.1426 -0.9883 0.0548
vn 0.1120 -0.9529 -0.2820
vn -0.0677 -0.9046 -0.4209
vn 0.0539 -0.7460 -0.6638
vn -0.0200 -0.7090 -0.7049
vn -0.0803 0.9967 0.0147
vn 0.0271 0.9974 0.0669
vn 0.0195 0.8694 0.4937
vn -0.0418 0.8486 0.5274
vn 0.0405 0.6354 0.7711
vn -0.0185 0.6030 0.7975
vn -0.0316 0.2636 0.9641
vn 0.0321 0.2246 0.9739
vn 0.0018 -0.1231 0.9924
vn -0.0399 -0.1499 0.9879
vn -1.0000 0.0003 -0.0000
vn -1.0000 0.0002 -0.0008
vn -0.0632 0.9291 0.3643
vn 0.0286 0.9521 0.3043
vn 0.0255 0.9919 -0.1244
vn -0.0223 0.9889 -0.1466
vn -0.0480 -0.5496 0.8340
vn 0.0567 -0.2957 0.9536
vn -0.0864 -0.1526 0.9845
vn -0.0372 0.8151 -0.5781
vn 0.0882 0.7650 -0.6379
vn -0.0599 0.5539 -0.8304
vn 0.0690 0.4259 -0.9021
vn -0.0774 0.2106 -0.9745
vn 0.0890 0.0547 -0.9945
vn -0.0780 -0.2414 -0.9673
vn 0.0881 -0.3715 -0.9242
vn -0.0952 -0.5894 -0.8022
vn -0.5730 0.8158 -0.0783
vn 0.2684 0.9498 -0.1606
vn -0.3312 0.9302 -0.1583
vn -0.0086 -0.0239 0.9997
vn -0.0113 0.4556 0.8901
vn -0.0059 0.9733 0.2295
vn -0.0089 0.9931 -0.1172
vn -0.0121 0.0505 -0.9986
vn -0.0067 -0.7505 -0.6608
vn -0.0060 -0.3950 0.9187
vn -0.0089 0.9965 0.0832
vn -0.0089 0.9576 -0.2879
vn -0.0067 0.0239 -0.9997
vn -0.0094 -0.4262 -0.9046
vn -0.0089 -0.7281 -0.6854
vn -0.0088 -0.9958 0.0911
vn -0.0086 -0.8777 0.4792
vn -0.0000 0.8275 0.5615
vn 0.0094 0.1125 0.9936
vn 0.0067 0.5453 0.8382
vn 0.0026 0.8954 -0.4452
vn 0.0121 0.9955 0.0945
vn -0.0026 0.5701 -0.8216
vn -0.0000 -0.4359 -0.9000
vn 0.0089 0.2597 -0.9657
vn 0.0060 -0.0863 -0.9963
vn -0.0022 -0.9664 -0.2571
vn 0.0067 -0.7991 -0.6011
vn -0.0000 -0.9948 0.1018
vn -0.0000 -0.9000 0.4358
vn 0.0022 -0.6874 0.7263
vn -0.0009 0.1316 0.9913
vn 0.0086 -0.2915 0.9565
vn 0.0009 0.5609 0.8279
vn -0.0028 0.8388 0.5445
vn 0.0026 0.8045 -0.5939
vn 0.0089 0.9657 0.2597
vn 0.0089 0.9936 -0.1124
vn 0.0036 0.4247 -0.9053
vn -0.0000 -0.9124 -0.4093
vn 0.0113 -0.0798 -0.9967
vn 0.0121 -0.5675 -0.8233
vn -0.0022 -0.5721 0.8202
vn 0.0089 -0.9961 -0.0880
vn 0.0065 -0.9661 0.2580
vn 0.0060 -0.8196 0.5729
vn -0.0000 -0.2446 0.9696
vt 0.377632 0.219165
vt 0.377542 0.219273
vt 0.377542 0.218498
vt 0.377688 0.219038
vt 0.377713 0.218902
vt 0.377689 0.218722
vt 0.377629 0.218601
vt 0.362952 0.285253
vt 0.363133 0.285239
vt 0.363306 0.285288
vt 0.362784 0.285330
vt 0.362681 0.285424
vt 0.362602 0.285539
vt 0.362547 0.285717
vt 0.362555 0.285901
vt 0.362625 0.286069
vt 0.362748 0.286201
vt 0.362867 0.286264
vt 0.362998 0.286297
vt 0.363179 0.286283
vt 0.363306 0.286229
vt 0.321486 0.194909
vt 0.321845 0.194801
vt 0.322031 0.194952
vt 0.322880 0.193057
vt 0.321872 0.192442
vt 0.322751 0.192775
vt 0.321235 0.192629
vt 0.321363 0.192714
vt 0.320834 0.193042
vt 0.321148 0.193605
vt 0.321507 0.194538
vt 0.322086 0.194859
vt 0.322908 0.194069
vt 0.323123 0.193986
vt 0.322781 0.194498
vt 0.323123 0.193357
vt 0.322741 0.193570
vt 0.320694 0.194079
vt 0.320659 0.193468
vt 0.322351 0.192540
vt 0.321362 0.193772
vt 0.321357 0.194197
vt 0.320963 0.194547
vt 0.322551 0.194783
vt 0.346796 0.347204
vt 0.346816 0.346999
vt 0.347740 0.346984
vt 0.346797 0.347408
vt 0.347736 0.347504
vt 0.346850 0.347625
vt 0.347736 0.347941
vt 0.346854 0.347940
vt 0.346868 0.348233
vt 0.347740 0.348320
vt 0.347439 0.240144
vt 0.347643 0.240152
vt 0.347600 0.241029
vt 0.338845 0.342413
vt 0.338880 0.341688
vt 0.338850 0.343336
vt 0.339384 0.341698
vt 0.339438 0.343356
vt 0.339809 0.341715
vt 0.339809 0.343367
vt 0.287985 0.357935
vt 0.287679 0.357921
vt 0.287925 0.356284
vt 0.287414 0.356285
vt 0.287252 0.357945
vt 0.287019 0.357934
vt 0.286826 0.356284
vt 0.286715 0.357937
vt 0.346663 0.239453
vt 0.347088 0.241074
vt 0.346663 0.241113
vt 0.347015 0.239416
vt 0.347436 0.239380
vt 0.148329 0.334870
vt 0.148756 0.334836
vt 0.148536 0.337281
vt 0.149083 0.337272
vt 0.149384 0.334833
vt 0.149571 0.337263
vt 0.149979 0.337210
vt 0.149979 0.334816
vt 0.141362 0.337251
vt 0.140963 0.334816
vt 0.141362 0.334858
vt 0.140990 0.337263
vt 0.140525 0.337270
vt 0.140497 0.334874
vt 0.140094 0.334836
vt 0.139871 0.337285
vt 0.139552 0.334855
vt 0.139429 0.337304
vt 0.158370 0.337260
vt 0.158111 0.334863
vt 0.158544 0.334818
vt 0.157963 0.337256
vt 0.157702 0.334816
vt 0.157351 0.337260
vt 0.157184 0.334822
vt 0.156859 0.337258
vt 0.156723 0.334826
vt 0.320659 0.309769
vt 0.321135 0.309764
vt 0.320782 0.312203
vt 0.321323 0.312192
vt 0.321672 0.309758
vt 0.321861 0.312203
vt 0.322209 0.309764
vt 0.322318 0.312199
vt 0.322638 0.309778
vt 0.148106 0.337294
vt 0.322354 0.224102
vt 0.321848 0.223968
vt 0.322463 0.223781
vt 0.321820 0.224173
vt 0.321352 0.224063
vt 0.321255 0.223742
vt 0.320892 0.223705
vt 0.320937 0.223331
vt 0.320667 0.223188
vt 0.320878 0.222687
vt 0.320659 0.222694
vt 0.321179 0.221906
vt 0.321159 0.222216
vt 0.321556 0.221956
vt 0.322032 0.221696
vt 0.322102 0.221932
vt 0.322597 0.221906
vt 0.322673 0.222254
vt 0.323110 0.222700
vt 0.323091 0.223223
vt 0.322864 0.223709
vt 0.322814 0.223363
vt 0.233966 0.357477
vt 0.234002 0.357328
vt 0.234240 0.357615
vt 0.233889 0.356844
vt 0.233975 0.356904
vt 0.234148 0.356582
vt 0.234164 0.356454
vt 0.234632 0.356376
vt 0.234656 0.356284
vt 0.235161 0.356623
vt 0.235112 0.356464
vt 0.235364 0.356825
vt 0.235309 0.357058
vt 0.235320 0.357445
vt 0.235211 0.357418
vt 0.234927 0.357671
vt 0.234837 0.357802
vt 0.234607 0.357740
vt 0.234428 0.357802
vt 0.202998 0.375604
vt 0.203326 0.375469
vt 0.203330 0.375761
vt 0.280907 0.376484
vt 0.280907 0.375904
vt 0.281236 0.376309
vt 0.281240 0.375990
vt 0.281239 0.375625
vt 0.280907 0.375469
vt 0.362880 0.364364
vt 0.362547 0.364492
vt 0.362550 0.364225
vt 0.362878 0.364813
vt 0.362547 0.364944
vt 0.362880 0.365330
vt 0.362551 0.365418
vt 0.323459 0.375469
vt 0.323458 0.375917
vt 0.323128 0.375592
vt 0.323125 0.376115
vt 0.323459 0.376357
vt 0.323131 0.376422
vt 0.202998 0.376577
vt 0.202999 0.376119
vt 0.203327 0.376509
vt 0.203332 0.376127
vt 0.140688 0.366500
vt 0.140688 0.367110
vt 0.140305 0.366168
vt 0.139822 0.366175
vt 0.139429 0.366577
vt 0.139453 0.367050
vt 0.139755 0.367403
vt 0.140272 0.367449
vt 0.338631 0.342259
vt 0.338373 0.341661
vt 0.338383 0.342241
vt 0.146873 0.375474
vt 0.146299 0.376333
vt 0.146299 0.375469
vt 0.146886 0.376385
vt 0.355335 0.200856
vt 0.354756 0.202290
vt 0.354756 0.200819
vt 0.355330 0.202282
vt 0.225687 0.367065
vt 0.225926 0.367356
vt 0.225370 0.367685
vt 0.225527 0.366544
vt 0.225370 0.366168
vt 0.226299 0.367578
vt 0.225629 0.366169
vt 0.355343 0.185451
vt 0.354757 0.185579
vt 0.354757 0.184934
vt 0.355343 0.185953
vt 0.354756 0.186037
vt 0.333794 0.366168
vt 0.333796 0.366565
vt 0.333208 0.366242
vt 0.333210 0.366813
vt 0.333797 0.367223
vt 0.333210 0.367442
vt 0.333795 0.367719
vt 0.333208 0.367827
vt 0.209574 0.384284
vt 0.209152 0.384182
vt 0.209574 0.383681
vt 0.230568 0.384328
vt 0.230195 0.384154
vt 0.230568 0.383681
vt 0.297682 0.367778
vt 0.298267 0.367377
vt 0.298270 0.367916
vt 0.297680 0.367321
vt 0.298267 0.366832
vt 0.297681 0.366717
vt 0.298270 0.366412
vt 0.297687 0.366168
vt 0.355343 0.184754
vt 0.354756 0.184516
vt 0.261588 0.336762
vt 0.261070 0.336267
vt 0.261011 0.335560
vt 0.262125 0.336838
vt 0.262583 0.336673
vt 0.262994 0.336158
vt 0.262994 0.335552
vt 0.262764 0.335116
vt 0.262283 0.334837
vt 0.261801 0.334816
vt 0.261335 0.335051
vt 0.346663 0.348475
vt 0.365722 0.399233
vt 0.365522 0.399130
vt 0.365722 0.398994
vt 0.346682 0.347784
vt 0.225914 0.367149
vt 0.346688 0.348139
vt 0.225856 0.366169
vt 0.225727 0.366433
vt 0.225706 0.366658
vt 0.347617 0.239946
vt 0.284808 0.392050
vt 0.284725 0.391467
vt 0.284918 0.391467
vt 0.322502 0.194742
vt 0.322941 0.194420
vt 0.322982 0.222302
vt 0.321629 0.221696
vt 0.320812 0.222254
vt 0.303045 0.181225
vt 0.302749 0.181333
vt 0.300639 0.180348
vt 0.302122 0.191740
vt 0.304084 0.190094
vt 0.302438 0.191740
vt 0.303319 0.181067
vt 0.301811 0.191685
vt 0.303561 0.180864
vt 0.301515 0.191577
vt 0.303764 0.180622
vt 0.301241 0.191419
vt 0.303922 0.180349
vt 0.300999 0.191217
vt 0.304030 0.180052
vt 0.300796 0.190975
vt 0.304084 0.179741
vt 0.300639 0.190701
vt 0.304084 0.179425
vt 0.300531 0.190405
vt 0.304030 0.179114
vt 0.300476 0.190094
vt 0.303922 0.178818
vt 0.300476 0.189778
vt 0.303764 0.178544
vt 0.300531 0.189467
vt 0.303561 0.178302
vt 0.300639 0.189170
vt 0.303319 0.178099
vt 0.300796 0.188897
vt 0.303046 0.177942
vt 0.300999 0.188655
vt 0.302749 0.177834
vt 0.301241 0.188452
vt 0.302438 0.177779
vt 0.301515 0.188294
vt 0.302122 0.177779
vt 0.301811 0.188186
vt 0.301811 0.177834
vt 0.302122 0.188132
vt 0.301515 0.177942
vt 0.302438 0.188132
vt 0.301241 0.178099
vt 0.302749 0.188186
vt 0.300999 0.178302
vt 0.303046 0.188294
vt 0.300797 0.178544
vt 0.303319 0.188452
vt 0.300639 0.178818
vt 0.303561 0.188655
vt 0.300531 0.179114
vt 0.303764 0.188897
vt 0.300476 0.179425
vt 0.303922 0.189170
vt 0.300476 0.179741
vt 0.304030 0.189467
vt 0.300531 0.180052
vt 0.304084 0.189778
vt 0.300999 0.180864
vt 0.300796 0.180622
vt 0.303922 0.190701
vt 0.304030 0.190405
vt 0.301241 0.181067
vt 0.303764 0.190975
vt 0.301515 0.181225
vt 0.303561 0.191217
vt 0.301811 0.181333
vt 0.303319 0.191420
vt 0.302122 0.181387
vt 0.303046 0.191577
vt 0.302438 0.181387
vt 0.302749 0.191685
vt 0.202665 0.268397
vt 0.203465 0.236454
vt 0.203471 0.268342
vt 0.202665 0.236982
vt 0.211030 0.235351
vt 0.211024 0.235962
vt 0.210227 0.235348
vt 0.210222 0.236055
vt 0.211021 0.236697
vt 0.210215 0.236720
vt 0.202665 0.236438
vt 0.202662 0.235631
vt 0.203462 0.235348
vt 0.285586 0.338134
vt 0.285587 0.337402
vt 0.286387 0.337864
vt 0.286391 0.336594
vt 0.285587 0.336427
vt 0.286389 0.335593
vt 0.285587 0.335475
vt 0.286389 0.334816
vt 0.285586 0.334828
vt 0.210223 0.268189
vt 0.211025 0.268426
vt 0.202662 0.269372
vt 0.203465 0.269082
vt 0.203462 0.269815
vt 0.210226 0.268957
vt 0.211030 0.269276
vt 0.210231 0.269668
vt 0.166100 0.334816
vt 0.166096 0.335427
vt 0.165294 0.335198
vt 0.165293 0.336081
vt 0.166094 0.336112
vt 0.166094 0.336931
vt 0.165288 0.337107
vt 0.166096 0.337710
vt 0.165295 0.338040
vt 0.166100 0.338478
vt 0.177145 0.221163
vt 0.177329 0.226704
vt 0.176117 0.222193
vt 0.177134 0.201806
vt 0.173814 0.200583
vt 0.173610 0.195258
vt 0.174842 0.199554
vt 0.173825 0.219941
vt 0.173645 0.226647
vt 0.175570 0.197119
vt 0.176494 0.199943
vt 0.176103 0.199553
vt 0.174074 0.219739
vt 0.176885 0.202008
vt 0.174470 0.221808
vt 0.177301 0.195018
vt 0.174602 0.196857
vt 0.174006 0.196235
vt 0.176221 0.224824
vt 0.176869 0.225359
vt 0.175613 0.224657
vt 0.174855 0.222193
vt 0.174975 0.224734
vt 0.174316 0.225124
vt 0.177126 0.195732
vt 0.176586 0.196684
vt 0.173803 0.195260
vt 0.177157 0.226345
vt 0.173897 0.225833
vt 0.176820 0.227324
vt 0.176815 0.227672
vt 0.173846 0.226512
vt 0.174053 0.227141
vt 0.174023 0.227519
vt 0.174556 0.227685
vt 0.174967 0.228120
vt 0.175374 0.227973
vt 0.175878 0.228150
vt 0.176131 0.227836
vt 0.174807 0.193905
vt 0.174144 0.194440
vt 0.174630 0.193716
vt 0.173779 0.194611
vt 0.177002 0.194804
vt 0.176877 0.194170
vt 0.176532 0.194150
vt 0.175937 0.193604
vt 0.175706 0.193789
vt 0.143295 0.222173
vt 0.143335 0.219932
vt 0.143919 0.226808
vt 0.143961 0.195390
vt 0.139429 0.226785
vt 0.140022 0.201850
vt 0.140015 0.221181
vt 0.139429 0.195045
vt 0.140047 0.199594
vt 0.142707 0.224529
vt 0.141942 0.224278
vt 0.141043 0.222211
vt 0.142062 0.197490
vt 0.142722 0.197241
vt 0.142313 0.199571
vt 0.143657 0.196072
vt 0.143751 0.195396
vt 0.143301 0.196755
vt 0.139616 0.195468
vt 0.139792 0.196319
vt 0.143434 0.225222
vt 0.143342 0.200601
vt 0.141253 0.224301
vt 0.140524 0.197190
vt 0.142310 0.222206
vt 0.140470 0.224638
vt 0.141357 0.197494
vt 0.139798 0.225420
vt 0.143717 0.226028
vt 0.141048 0.199575
vt 0.139602 0.226406
vt 0.140371 0.193835
vt 0.139703 0.194318
vt 0.140190 0.193719
vt 0.139756 0.194690
vt 0.143892 0.194844
vt 0.143556 0.194546
vt 0.143482 0.194031
vt 0.142984 0.193847
vt 0.142803 0.193458
vt 0.142129 0.193412
vt 0.141853 0.193156
vt 0.141212 0.193443
vt 0.140881 0.193314
vt 0.143254 0.227667
vt 0.143680 0.226863
vt 0.143455 0.227775
vt 0.139834 0.227289
vt 0.139795 0.227645
vt 0.140502 0.228051
vt 0.140387 0.228215
vt 0.141061 0.228537
vt 0.141413 0.228380
vt 0.141878 0.228604
vt 0.142390 0.228289
vt 0.142665 0.228394
vt 0.139737 0.347093
vt 0.139429 0.347696
vt 0.139429 0.346915
vt 0.139739 0.347956
vt 0.139434 0.348542
vt 0.139745 0.348783
vt 0.139445 0.349393
vt 0.289518 0.345871
vt 0.289514 0.346533
vt 0.289205 0.346487
vt 0.289513 0.347244
vt 0.289204 0.347330
vt 0.289513 0.348053
vt 0.289205 0.348035
vt 0.338373 0.235402
vt 0.338679 0.234984
vt 0.338683 0.235673
vt 0.146554 0.359324
vt 0.146554 0.358483
vt 0.146863 0.358886
vt 0.146863 0.357991
vt 0.146554 0.357352
vt 0.146863 0.357082
vt 0.146554 0.356523
vt 0.146862 0.356284
vt 0.139745 0.345871
vt 0.139740 0.346397
vt 0.139433 0.346044
vt 0.289207 0.348685
vt 0.289518 0.348950
vt 0.289212 0.349247
vt 0.338373 0.238205
vt 0.338375 0.237261
vt 0.338683 0.237886
vt 0.338684 0.237197
vt 0.338684 0.236520
vt 0.338375 0.236175
vt 0.234173 0.304073
vt 0.235016 0.303745
vt 0.236142 0.303869
vt 0.233632 0.304617
vt 0.233310 0.305323
vt 0.233294 0.306186
vt 0.233640 0.307003
vt 0.234315 0.307606
vt 0.235032 0.307841
vt 0.235840 0.307811
vt 0.236727 0.307334
vt 0.237337 0.306364
vt 0.237337 0.305277
vt 0.236957 0.304519
vt 0.252132 0.347180
vt 0.251822 0.347661
vt 0.251827 0.346670
vt 0.252131 0.347899
vt 0.251824 0.348538
vt 0.252133 0.348632
vt 0.251830 0.349282
vt 0.252138 0.349222
vt 0.295040 0.356284
vt 0.295038 0.356964
vt 0.294731 0.356349
vt 0.294729 0.357270
vt 0.295038 0.357865
vt 0.266673 0.349009
vt 0.266982 0.348491
vt 0.266981 0.349283
vt 0.266673 0.348286
vt 0.266982 0.347704
vt 0.266674 0.347272
vt 0.266982 0.347021
vt 0.266673 0.346465
vt 0.266982 0.346275
vt 0.266673 0.345871
vt 0.252138 0.346306
vt 0.251836 0.345871
vt 0.294730 0.358244
vt 0.295040 0.358660
vt 0.294735 0.359085
vt 0.338373 0.287482
vt 0.338376 0.286840
vt 0.338684 0.287091
vt 0.338685 0.286280
vt 0.338377 0.285810
vt 0.338685 0.285444
vt 0.338375 0.284938
vt 0.338683 0.284643
vt 0.338373 0.284343
vt 0.214758 0.303988
vt 0.215450 0.304632
vt 0.215749 0.305426
vt 0.214081 0.303745
vt 0.213299 0.303745
vt 0.212546 0.304069
vt 0.212016 0.304593
vt 0.211663 0.305423
vt 0.211710 0.306293
vt 0.212102 0.307091
vt 0.212967 0.307724
vt 0.213854 0.307839
vt 0.214547 0.307672
vt 0.215230 0.307192
vt 0.215728 0.306305
vt 0.338377 0.198586
vt 0.339413 0.197318
vt 0.339426 0.198583
vt 0.338373 0.197326
vt 0.201420 0.295925
vt 0.200370 0.276600
vt 0.201420 0.276600
vt 0.200388 0.295951
vt 0.339422 0.152214
vt 0.338384 0.153474
vt 0.338373 0.152214
vt 0.339423 0.153469
vt 0.192594 0.276626
vt 0.193626 0.295955
vt 0.192576 0.295954
vt 0.193626 0.276600
vt 0.147228 0.296758
vt 0.148258 0.276996
vt 0.148176 0.296750
vt 0.147277 0.276969
vt 0.156051 0.276600
vt 0.155036 0.296337
vt 0.155103 0.276607
vt 0.156006 0.296360
vt 0.142672 0.221844
vt 0.140686 0.199937
vt 0.143124 0.219768
vt 0.140233 0.202013
vt 0.338373 0.151088
vt 0.339423 0.151088
vt 0.339422 0.199648
vt 0.338373 0.199651
vt 0.148268 0.276600
vt 0.147228 0.276601
vt 0.155012 0.296732
vt 0.156051 0.296731
vt 0.309527 0.376488
vt 0.309259 0.376501
vt 0.309485 0.375540
vt 0.309259 0.375469
vt 0.337325 0.376490
vt 0.337069 0.376501
vt 0.337285 0.375542
vt 0.337069 0.375469
vt 0.173241 0.226737
vt 0.173241 0.194845
vt 0.176977 0.193699
vt 0.177502 0.194392
vt 0.177724 0.195051
vt 0.173917 0.193727
vt 0.175136 0.193156
vt 0.176152 0.193255
vt 0.174160 0.228195
vt 0.173521 0.227472
vt 0.177761 0.226530
vt 0.177564 0.227304
vt 0.176998 0.228029
vt 0.176133 0.228526
vt 0.175107 0.228566
vt 0.346664 0.330217
vt 0.346663 0.329539
vt 0.346879 0.330041
vt 0.346880 0.329109
vt 0.346693 0.329026
vt 0.346885 0.328444
vt 0.346698 0.328484
vt 0.346849 0.292208
vt 0.346847 0.292835
vt 0.346662 0.292233
vt 0.346663 0.293018
vt 0.346878 0.293496
vt 0.162659 0.368200
vt 0.162446 0.368592
vt 0.162449 0.367960
vt 0.346679 0.304051
vt 0.346697 0.303421
vt 0.346886 0.303659
vt 0.346883 0.302700
vt 0.346700 0.302584
vt 0.346663 0.302030
vt 0.346886 0.301669
vt 0.346703 0.301497
vt 0.346700 0.330794
vt 0.346885 0.330979
vt 0.346663 0.293925
vt 0.346868 0.294165
vt 0.346662 0.294637
vt 0.346872 0.294752
vt 0.162657 0.366328
vt 0.162449 0.366983
vt 0.162446 0.366168
vt 0.162634 0.366961
vt 0.162635 0.367641
vt 0.171873 0.323749
vt 0.170664 0.323904
vt 0.169427 0.322479
vt 0.172604 0.322712
vt 0.172604 0.322031
vt 0.171833 0.321015
vt 0.170626 0.320766
vt 0.169999 0.321052
vt 0.169509 0.321648
vt 0.169809 0.323499
vt 0.240262 0.367856
vt 0.240259 0.366929
vt 0.240446 0.367203
vt 0.240450 0.366209
vt 0.240266 0.366168
vt 0.346847 0.337765
vt 0.346848 0.338218
vt 0.346663 0.337723
vt 0.346663 0.338314
vt 0.346880 0.338836
vt 0.346663 0.338903
vt 0.346889 0.232045
vt 0.346848 0.232574
vt 0.346665 0.232084
vt 0.346662 0.232636
vt 0.204528 0.368522
vt 0.204526 0.367918
vt 0.204713 0.368443
vt 0.204710 0.367636
vt 0.204489 0.367433
vt 0.204526 0.366983
vt 0.204710 0.366874
vt 0.204497 0.366501
vt 0.204713 0.366168
vt 0.240239 0.368442
vt 0.240450 0.368172
vt 0.346848 0.339502
vt 0.346663 0.339545
vt 0.346663 0.340239
vt 0.346879 0.340091
vt 0.346878 0.229985
vt 0.346850 0.230486
vt 0.346662 0.230072
vt 0.346665 0.230773
vt 0.346887 0.230980
vt 0.346666 0.231452
vt 0.346852 0.231701
vt 0.182571 0.322676
vt 0.182091 0.323530
vt 0.180706 0.320805
vt 0.182434 0.321814
vt 0.181755 0.320997
vt 0.179349 0.322065
vt 0.180041 0.320993
vt 0.179562 0.323209
vt 0.180401 0.323888
vt 0.181188 0.323920
vt 0.182054 0.321100
vt 0.182567 0.321886
vt 0.240201 0.366652
vt 0.181325 0.320734
vt 0.180661 0.320729
vt 0.181054 0.324014
vt 0.204465 0.368360
vt 0.181710 0.323833
vt 0.182392 0.323192
vt 0.179561 0.321455
vt 0.179349 0.322737
vt 0.180051 0.323739
vt 0.172430 0.321534
vt 0.171984 0.321036
vt 0.346910 0.292353
vt 0.171291 0.320729
vt 0.170498 0.323962
vt 0.171343 0.323988
vt 0.172360 0.323318
vt 0.169347 0.322298
vt 0.162696 0.367149
vt 0.169447 0.322972
vt 0.195110 0.268743
vt 0.195910 0.236703
vt 0.195918 0.268705
vt 0.195108 0.237102
vt 0.189550 0.337759
vt 0.189549 0.338383
vt 0.188749 0.338165
vt 0.218579 0.235608
vt 0.217774 0.236302
vt 0.217777 0.235348
vt 0.218581 0.236403
vt 0.195110 0.236369
vt 0.195918 0.235672
vt 0.195119 0.235348
vt 0.189549 0.335132
vt 0.188745 0.335550
vt 0.188746 0.334816
vt 0.189550 0.336251
vt 0.188748 0.336281
vt 0.188745 0.337212
vt 0.189550 0.337034
vt 0.217779 0.267981
vt 0.218581 0.267946
vt 0.236712 0.335152
vt 0.237515 0.334816
vt 0.237514 0.335414
vt 0.195119 0.269856
vt 0.195916 0.269472
vt 0.218580 0.268710
vt 0.217775 0.268722
vt 0.217776 0.269424
vt 0.218576 0.269546
vt 0.236713 0.338114
vt 0.237513 0.337382
vt 0.237515 0.338242
vt 0.236709 0.337171
vt 0.237512 0.336297
vt 0.236709 0.336140
vt 0.200960 0.179099
vt 0.201155 0.184485
vt 0.199930 0.180128
vt 0.200965 0.159742
vt 0.197645 0.158517
vt 0.197451 0.153126
vt 0.198675 0.157488
vt 0.197641 0.177874
vt 0.197470 0.184672
vt 0.198989 0.155015
vt 0.200326 0.157878
vt 0.199936 0.157488
vt 0.197890 0.177672
vt 0.200715 0.159944
vt 0.198284 0.179742
vt 0.201140 0.152961
vt 0.199724 0.182639
vt 0.200400 0.183000
vt 0.198840 0.182636
vt 0.198154 0.183049
vt 0.198669 0.180128
vt 0.198048 0.154477
vt 0.200908 0.183780
vt 0.200930 0.153734
vt 0.197655 0.153583
vt 0.197787 0.183562
vt 0.197633 0.184442
vt 0.200319 0.185548
vt 0.200928 0.185194
vt 0.199990 0.186030
vt 0.200853 0.184864
vt 0.198053 0.185345
vt 0.197916 0.185538
vt 0.198700 0.185793
vt 0.198795 0.186059
vt 0.199590 0.185889
vt 0.197754 0.152792
vt 0.197781 0.152221
vt 0.165871 0.222169
vt 0.165904 0.219923
vt 0.166478 0.226927
vt 0.166497 0.195275
vt 0.161978 0.226515
vt 0.162570 0.201846
vt 0.162585 0.221177
vt 0.161978 0.194968
vt 0.162592 0.199590
vt 0.164364 0.197540
vt 0.165337 0.197193
vt 0.164858 0.199564
vt 0.165816 0.224973
vt 0.165130 0.224433
vt 0.163615 0.222205
vt 0.164041 0.224249
vt 0.162254 0.196109
vt 0.162168 0.195198
vt 0.162679 0.196820
vt 0.163283 0.197298
vt 0.165888 0.200593
vt 0.165975 0.196569
vt 0.166285 0.195677
vt 0.164883 0.222198
vt 0.162968 0.224677
vt 0.166200 0.225625
vt 0.163593 0.199570
vt 0.162241 0.225719
vt 0.166315 0.226561
vt 0.163096 0.193687
vt 0.162333 0.194167
vt 0.162900 0.193575
vt 0.162409 0.194455
vt 0.166151 0.194657
vt 0.166342 0.194546
vt 0.165537 0.193546
vt 0.165426 0.193743
vt 0.164305 0.193366
vt 0.164374 0.193156
vt 0.163597 0.193254
vt 0.165461 0.227995
vt 0.165979 0.227461
vt 0.165772 0.228060
vt 0.162227 0.226771
vt 0.162152 0.227276
vt 0.162668 0.227681
vt 0.162810 0.228102
vt 0.163617 0.228304
vt 0.163771 0.228574
vt 0.164660 0.228359
vt 0.164801 0.228543
vt 0.227145 0.357184
vt 0.227145 0.358243
vt 0.226836 0.357557
vt 0.226836 0.358470
vt 0.227144 0.359107
vt 0.226835 0.359188
vt 0.273733 0.349259
vt 0.274037 0.348588
vt 0.274041 0.349174
vt 0.273728 0.348496
vt 0.274035 0.347516
vt 0.273726 0.347746
vt 0.304675 0.346195
vt 0.304987 0.345871
vt 0.304980 0.346804
vt 0.312040 0.345871
vt 0.312040 0.346619
vt 0.311731 0.346175
vt 0.311732 0.347253
vt 0.312041 0.347780
vt 0.311732 0.348488
vt 0.312041 0.348775
vt 0.311731 0.349248
vt 0.227141 0.356284
vt 0.226835 0.356818
vt 0.273727 0.347056
vt 0.274037 0.346531
vt 0.273729 0.346410
vt 0.274041 0.345871
vt 0.304686 0.349240
vt 0.304677 0.348598
vt 0.304987 0.348711
vt 0.304981 0.347828
vt 0.304672 0.347849
vt 0.304671 0.347033
vt 0.244082 0.306277
vt 0.244082 0.305200
vt 0.244600 0.307236
vt 0.245519 0.307765
vt 0.246459 0.307824
vt 0.247358 0.307416
vt 0.247869 0.306831
vt 0.248119 0.306185
vt 0.248140 0.305475
vt 0.247838 0.304647
vt 0.247282 0.304086
vt 0.246539 0.303745
vt 0.245595 0.303760
vt 0.244720 0.304208
vt 0.161180 0.357489
vt 0.161180 0.358213
vt 0.160871 0.357314
vt 0.160871 0.358365
vt 0.161177 0.359133
vt 0.160868 0.359282
vt 0.223102 0.349296
vt 0.223097 0.348569
vt 0.223410 0.349188
vt 0.223405 0.348261
vt 0.223095 0.347705
vt 0.223404 0.347221
vt 0.338682 0.255353
vt 0.338373 0.255725
vt 0.338373 0.255097
vt 0.338682 0.256144
vt 0.338373 0.256791
vt 0.338682 0.256847
vt 0.338682 0.257564
vt 0.338373 0.257901
vt 0.338681 0.258312
vt 0.161179 0.356655
vt 0.160868 0.356284
vt 0.223096 0.346774
vt 0.223406 0.346407
vt 0.223100 0.346015
vt 0.223410 0.345871
vt 0.167931 0.359279
vt 0.167924 0.358224
vt 0.168238 0.359086
vt 0.168233 0.358196
vt 0.168234 0.357257
vt 0.167925 0.357149
vt 0.168238 0.356595
vt 0.167932 0.356284
vt 0.277417 0.303998
vt 0.279911 0.304267
vt 0.276869 0.304484
vt 0.276459 0.305279
vt 0.276463 0.306196
vt 0.276729 0.306871
vt 0.277423 0.307564
vt 0.278362 0.307839
vt 0.279255 0.307700
vt 0.280028 0.307159
vt 0.280481 0.306353
vt 0.280492 0.305181
vt 0.278083 0.303745
vt 0.278991 0.303745
vt 0.347712 0.221577
vt 0.346672 0.222842
vt 0.346663 0.221577
vt 0.347712 0.222837
vt 0.140483 0.296974
vt 0.139429 0.277646
vt 0.140478 0.277645
vt 0.139451 0.297001
vt 0.346663 0.206729
vt 0.347699 0.205467
vt 0.347712 0.206729
vt 0.346663 0.205474
vt 0.262697 0.244856
vt 0.263759 0.264181
vt 0.262709 0.264181
vt 0.263729 0.244829
vt 0.177137 0.296487
vt 0.178117 0.276622
vt 0.178085 0.296473
vt 0.177137 0.276600
vt 0.185832 0.276600
vt 0.184862 0.296448
vt 0.184884 0.276613
vt 0.185832 0.296467
vt 0.165243 0.221837
vt 0.163231 0.199933
vt 0.165693 0.219761
vt 0.162781 0.202009
vt 0.263747 0.265236
vt 0.262697 0.265236
vt 0.139434 0.276600
vt 0.140483 0.276600
vt 0.346722 0.223216
vt 0.347702 0.223240
vt 0.347651 0.205073
vt 0.346680 0.205052
vt 0.370468 0.160011
vt 0.370240 0.160024
vt 0.370433 0.159063
vt 0.370240 0.158991
vt 0.358308 0.375483
vt 0.358550 0.375469
vt 0.358345 0.376431
vt 0.358550 0.376501
vt 0.197075 0.184813
vt 0.197075 0.152801
vt 0.201006 0.151825
vt 0.201533 0.152788
vt 0.200612 0.151983
vt 0.197644 0.151784
vt 0.198434 0.151256
vt 0.198712 0.151587
vt 0.199186 0.151088
vt 0.199597 0.151513
vt 0.200109 0.151215
vt 0.198034 0.186157
vt 0.197455 0.185590
vt 0.201571 0.184471
vt 0.201382 0.185210
vt 0.200873 0.185903
vt 0.199994 0.186443
vt 0.198906 0.186500
vt 0.362732 0.348421
vt 0.362762 0.348893
vt 0.362547 0.348313
vt 0.362547 0.349273
vt 0.362758 0.349694
vt 0.362760 0.217494
vt 0.362547 0.218103
vt 0.362547 0.217310
vt 0.362734 0.218375
vt 0.362553 0.218987
vt 0.362739 0.219065
vt 0.346725 0.249725
vt 0.346711 0.249077
vt 0.346911 0.249783
vt 0.346907 0.248697
vt 0.346718 0.248418
vt 0.346901 0.247926
vt 0.346677 0.247857
vt 0.218404 0.368397
vt 0.218441 0.367911
vt 0.218626 0.368526
vt 0.218626 0.367818
vt 0.218439 0.367013
vt 0.218625 0.366938
vt 0.346878 0.282899
vt 0.346872 0.283461
vt 0.346665 0.283014
vt 0.346663 0.283676
vt 0.346850 0.284143
vt 0.346663 0.284569
vt 0.346848 0.284868
vt 0.346665 0.285285
vt 0.346853 0.285464
vt 0.346725 0.250304
vt 0.346911 0.250475
vt 0.218443 0.366168
vt 0.218625 0.366297
vt 0.247387 0.366289
vt 0.247201 0.366690
vt 0.247208 0.366168
vt 0.247385 0.367120
vt 0.247194 0.367574
vt 0.247413 0.367595
vt 0.247405 0.368304
vt 0.247194 0.368466
vt 0.149564 0.323007
vt 0.149579 0.321754
vt 0.150825 0.323918
vt 0.150244 0.323825
vt 0.152479 0.322968
vt 0.151643 0.323891
vt 0.152522 0.321866
vt 0.151687 0.320864
vt 0.150930 0.320729
vt 0.150217 0.320933
vt 0.149736 0.323415
vt 0.150896 0.324026
vt 0.152108 0.323633
vt 0.152616 0.322891
vt 0.149686 0.321400
vt 0.346911 0.284498
vt 0.149390 0.322074
vt 0.149430 0.322812
vt 0.346663 0.250087
vt 0.152616 0.321833
vt 0.152095 0.321105
vt 0.303921 0.201054
vt 0.303764 0.201328
vt 0.300797 0.199250
vt 0.283208 0.367364
vt 0.283529 0.366168
vt 0.283263 0.367675
vt 0.304029 0.200758
vt 0.283208 0.367049
vt 0.304084 0.200447
vt 0.283263 0.366738
vt 0.304084 0.200131
vt 0.283371 0.366441
vt 0.304030 0.199820
vt 0.303922 0.199523
vt 0.303764 0.199250
vt 0.300991 0.263451
vt 0.300476 0.263812
vt 0.300718 0.263609
vt 0.303561 0.199008
vt 0.301288 0.263343
vt 0.303319 0.198805
vt 0.301599 0.263288
vt 0.303046 0.198647
vt 0.301914 0.263288
vt 0.302749 0.198539
vt 0.302225 0.263343
vt 0.302438 0.198484
vt 0.302522 0.263451
vt 0.302122 0.198484
vt 0.302795 0.263609
vt 0.301811 0.198539
vt 0.303037 0.263812
vt 0.301515 0.198647
vt 0.303240 0.264054
vt 0.301241 0.198805
vt 0.303398 0.264327
vt 0.300999 0.199008
vt 0.303506 0.264624
vt 0.303561 0.264935
vt 0.303561 0.265251
vt 0.300531 0.199820
vt 0.300639 0.199523
vt 0.303506 0.265561
vt 0.300476 0.200131
vt 0.303398 0.265858
vt 0.300476 0.200447
vt 0.303240 0.266132
vt 0.300531 0.200757
vt 0.303037 0.266373
vt 0.300639 0.201054
vt 0.302795 0.266576
vt 0.300796 0.201328
vt 0.302522 0.266734
vt 0.300999 0.201569
vt 0.302225 0.266842
vt 0.301241 0.201772
vt 0.301914 0.266897
vt 0.301515 0.201930
vt 0.301599 0.266897
vt 0.301811 0.202038
vt 0.301288 0.266842
vt 0.302122 0.202093
vt 0.300991 0.266734
vt 0.302438 0.202093
vt 0.300718 0.266576
vt 0.302749 0.202038
vt 0.300476 0.266373
vt 0.303045 0.201930
vt 0.303319 0.201772
vt 0.303561 0.201570
vt 0.283371 0.367972
vt 0.283529 0.368245
vt 0.265955 0.280655
vt 0.266694 0.280928
vt 0.268077 0.282906
vt 0.267750 0.280833
vt 0.268571 0.280246
vt 0.269209 0.283821
vt 0.265367 0.280142
vt 0.266815 0.283050
vt 0.265800 0.283149
vt 0.265038 0.279473
vt 0.264731 0.278854
vt 0.264947 0.278619
vt 0.269011 0.279459
vt 0.269209 0.278237
vt 0.269026 0.278305
vt 0.265762 0.277225
vt 0.265246 0.277813
vt 0.265263 0.277412
vt 0.264858 0.278107
vt 0.268876 0.277551
vt 0.268408 0.277337
vt 0.268284 0.276971
vt 0.267709 0.276934
vt 0.267555 0.276660
vt 0.266749 0.276808
vt 0.266809 0.276600
vt 0.265922 0.276858
vt 0.329867 0.258915
vt 0.329868 0.258259
vt 0.330382 0.258930
vt 0.330383 0.257992
vt 0.329868 0.257264
vt 0.330383 0.256844
vt 0.329868 0.256334
vt 0.330383 0.256114
vt 0.329867 0.255544
vt 0.169251 0.346395
vt 0.168735 0.346537
vt 0.168744 0.345871
vt 0.237814 0.347424
vt 0.237300 0.348094
vt 0.237299 0.347327
vt 0.237815 0.348215
vt 0.237303 0.348769
vt 0.237819 0.349000
vt 0.153607 0.358787
vt 0.154124 0.358138
vt 0.154120 0.359011
vt 0.153609 0.357761
vt 0.154124 0.357132
vt 0.153609 0.356922
vt 0.154122 0.356290
vt 0.153607 0.356284
vt 0.169245 0.347556
vt 0.168731 0.347566
vt 0.168732 0.348337
vt 0.169247 0.348459
vt 0.168736 0.349077
vt 0.169251 0.349056
vt 0.237819 0.345871
vt 0.237815 0.346555
vt 0.237304 0.345874
vt 0.237300 0.346599
vt 0.269636 0.306481
vt 0.269081 0.307291
vt 0.269715 0.305364
vt 0.269371 0.304596
vt 0.268885 0.304093
vt 0.268113 0.303745
vt 0.267092 0.303774
vt 0.266258 0.304260
vt 0.265678 0.305150
vt 0.265678 0.306379
vt 0.266153 0.307170
vt 0.266714 0.307607
vt 0.267513 0.307838
vt 0.268390 0.307719
vt 0.261317 0.367875
vt 0.261830 0.367140
vt 0.261833 0.368083
vt 0.261315 0.367142
vt 0.261318 0.366168
vt 0.261833 0.366189
vt 0.340541 0.367274
vt 0.341056 0.367083
vt 0.341057 0.367894
vt 0.340541 0.366583
vt 0.341057 0.366168
vt 0.330382 0.334222
vt 0.329868 0.334880
vt 0.329867 0.334225
vt 0.330383 0.335123
vt 0.329868 0.335562
vt 0.330383 0.335893
vt 0.329868 0.336433
vt 0.330382 0.336701
vt 0.329867 0.337221
vt 0.330382 0.337490
vt 0.370755 0.290397
vt 0.370240 0.290740
vt 0.370240 0.290108
vt 0.181331 0.384163
vt 0.181187 0.384332
vt 0.181159 0.383692
vt 0.180992 0.383681
vt 0.180992 0.384393
vt 0.301438 0.252427
vt 0.301175 0.256543
vt 0.300676 0.252424
vt 0.300476 0.171034
vt 0.300614 0.166916
vt 0.301169 0.171026
vt 0.301921 0.171024
vt 0.302009 0.166907
vt 0.302548 0.171024
vt 0.302925 0.166910
vt 0.303112 0.171027
vt 0.301449 0.287813
vt 0.301854 0.283697
vt 0.302371 0.287813
vt 0.312912 0.174826
vt 0.312841 0.178943
vt 0.312163 0.174828
vt 0.302067 0.252428
vt 0.301975 0.256544
vt 0.301899 0.223930
vt 0.302354 0.219820
vt 0.302650 0.223942
vt 0.303050 0.219833
vt 0.303156 0.223953
vt 0.301894 0.213008
vt 0.302137 0.208898
vt 0.302669 0.213037
vt 0.303024 0.208931
vt 0.303256 0.213059
vt 0.302754 0.230697
vt 0.302394 0.234815
vt 0.302171 0.230699
vt 0.301371 0.230699
vt 0.300990 0.234814
vt 0.300670 0.230697
vt 0.303156 0.241559
vt 0.302984 0.245677
vt 0.302560 0.241563
vt 0.301253 0.166910
vt 0.300476 0.256539
vt 0.303600 0.166918
vt 0.303641 0.171034
vt 0.301223 0.283697
vt 0.300544 0.287814
vt 0.300476 0.283697
vt 0.303020 0.283697
vt 0.302958 0.287814
vt 0.302444 0.283697
vt 0.311445 0.178944
vt 0.311390 0.174828
vt 0.312073 0.178944
vt 0.310875 0.178943
vt 0.310829 0.174826
vt 0.302685 0.256543
vt 0.302645 0.252427
vt 0.303100 0.252424
vt 0.303127 0.256540
vt 0.300534 0.245676
vt 0.300476 0.241559
vt 0.301182 0.241563
vt 0.301234 0.245679
vt 0.301115 0.219806
vt 0.301114 0.223922
vt 0.300476 0.223919
vt 0.300476 0.219803
vt 0.301725 0.219811
vt 0.301204 0.208864
vt 0.301127 0.212980
vt 0.300476 0.212956
vt 0.300476 0.208837
vt 0.301598 0.234815
vt 0.303170 0.234811
vt 0.301863 0.245680
vt 0.301810 0.241564
vt 0.302471 0.245679
vt 0.300476 0.234813
s 1
g robotic_arm.006_brazoRobot
usemtl brazoRobot
f 4/1/1 2/2/1 1/3/1
f 6/4/1 4/1/1 1/3/1
f 7/5/2 6/4/1 1/3/1
f 8/6/1 7/5/2 1/3/1
f 9/7/1 8/6/1 1/3/1
f 12/8/3 11/9/2 1/10/1
f 14/11/4 12/8/3 1/10/1
f 15/12/1 14/11/4 1/10/1
f 17/13/1 15/12/1 1/10/1
f 18/14/1 17/13/1 1/10/1
f 19/15/1 18/14/1 1/10/1
f 21/16/1 19/15/1 1/10/1
f 22/17/1 21/16/1 1/10/1
f 23/18/1 22/17/1 1/10/1
f 24/19/1 23/18/1 1/10/1
f 26/20/1 24/19/1 1/10/1
f 27/21/1 26/20/1 1/10/1
f 38/22/5 62/23/5 36/24/5
f 39/25/6 72/26/6 44/27/6
f 37/28/7 39/25/7 40/29/7
f 37/28/8 72/26/8 39/25/8
f 46/30/9 37/28/9 48/31/9
f 38/22/10 64/32/10 62/23/10
f 62/23/11 60/33/11 36/24/11
f 37/28/12 40/29/12 48/31/12
f 42/34/13 41/35/13 49/36/13
f 47/37/14 42/34/15 43/38/16
f 47/37/14 41/35/17 42/34/15
f 79/39/18 77/40/19 48/31/20
f 77/40/19 46/30/21 48/31/20
f 44/27/22 72/26/22 70/41/22
f 79/39/23 45/42/24 138/43/25
f 39/25/26 47/37/26 43/38/26
f 45/42/24 79/39/23 48/31/27
f 82/44/28 79/39/29 138/43/30
f 38/22/31 138/43/31 64/32/31
f 38/22/32 82/44/28 138/43/30
f 60/33/33 137/45/33 36/24/33
f 130/46/34 50/47/34 51/48/34
f 127/49/35 130/46/35 51/48/35
f 127/49/36 51/48/36 52/50/36
f 128/51/37 127/49/37 52/50/37
f 128/51/38 52/50/38 54/52/38
f 53/53/39 128/51/39 54/52/39
f 55/54/40 53/53/40 54/52/40
f 56/55/41 55/54/41 54/52/41
f 129/56/42 55/57/42 56/58/42
f 50/59/43 43/60/43 51/61/43
f 43/60/44 42/62/44 51/61/44
f 42/62/45 57/63/45 51/61/45
f 42/62/46 49/64/46 57/63/46
f 49/64/47 58/65/47 57/63/47
f 49/66/48 59/67/48 58/68/48
f 59/67/49 61/69/49 58/68/49
f 59/67/50 60/70/50 61/69/50
f 60/70/51 62/71/51 61/69/51
f 62/71/52 63/72/52 61/69/52
f 64/73/53 63/72/53 62/71/53
f 64/74/54 65/75/54 63/76/54
f 138/77/55 65/75/55 64/74/55
f 138/77/56 56/58/56 65/75/56
f 129/56/57 138/77/58 45/78/59
f 129/56/57 56/58/60 138/77/58
f 66/79/61 41/80/61 88/81/61
f 41/80/62 67/82/62 88/81/62
f 41/80/63 47/83/63 67/82/63
f 47/83/64 68/84/64 67/82/64
f 47/83/65 69/85/65 68/84/65
f 47/83/66 44/86/66 69/85/66
f 44/87/67 71/88/67 69/89/67
f 44/87/68 70/90/68 71/88/68
f 70/90/69 72/91/69 71/88/69
f 72/91/70 73/92/70 71/88/70
f 72/91/71 74/93/71 73/92/71
f 72/91/72 37/94/72 74/93/72
f 37/94/73 75/95/73 74/93/73
f 37/94/74 46/96/74 75/95/74
f 46/97/75 76/98/75 75/99/75
f 46/97/76 77/100/76 76/98/76
f 77/100/77 78/101/77 76/98/77
f 77/100/78 79/102/78 78/101/78
f 79/102/79 80/103/79 78/101/79
f 79/102/80 82/104/80 80/103/80
f 82/104/81 81/105/81 80/103/81
f 82/106/82 38/107/82 81/108/82
f 38/107/83 83/109/83 81/108/83
f 38/107/84 36/110/84 83/109/84
f 36/110/85 84/111/85 83/109/85
f 36/110/86 137/112/86 84/111/86
f 137/112/87 85/113/87 84/111/87
f 137/112/88 66/114/88 85/113/88
f 66/79/89 88/81/89 85/115/89
f 83/116/90 86/117/91 96/118/92
f 83/116/90 84/119/93 86/117/91
f 84/119/94 85/120/94 86/117/94
f 85/120/95 87/121/95 86/117/95
f 85/120/96 88/122/96 87/121/96
f 88/122/97 89/123/97 87/121/97
f 88/122/98 67/124/98 89/123/98
f 67/124/99 90/125/100 89/123/101
f 67/124/99 68/126/102 90/125/100
f 68/126/103 71/127/104 90/125/105
f 71/127/104 91/128/106 90/125/105
f 71/127/107 92/129/107 91/128/107
f 71/127/108 74/130/108 92/129/108
f 74/130/109 93/131/109 92/129/109
f 74/130/110 75/132/111 93/131/112
f 75/132/111 94/133/113 93/131/112
f 75/132/114 78/134/114 94/133/114
f 80/135/115 81/136/115 95/137/115
f 81/136/116 96/118/116 95/137/116
f 81/136/117 83/116/117 96/118/117
f 61/138/118 111/139/118 135/140/118
f 61/138/119 63/141/119 111/139/119
f 63/141/120 109/142/120 111/139/120
f 63/141/121 106/143/122 109/142/123
f 63/141/121 65/144/124 106/143/122
f 65/144/125 105/145/125 106/143/125
f 65/144/126 56/146/126 105/145/126
f 56/146/127 103/147/127 105/145/127
f 56/146/128 54/148/128 103/147/128
f 54/148/129 52/149/129 103/147/129
f 52/149/130 136/150/130 103/147/130
f 52/149/131 51/151/131 136/150/131
f 51/151/132 100/152/132 136/150/132
f 51/151/133 98/153/133 100/152/133
f 51/151/134 57/154/134 98/153/134
f 57/154/135 97/155/135 98/153/135
f 57/154/136 58/156/136 97/155/136
f 58/156/137 135/140/137 97/155/137
f 58/156/138 61/138/138 135/140/138
f 112/157/139 97/158/139 135/159/139
f 112/160/140 99/161/140 97/162/140
f 99/161/141 98/163/141 97/162/141
f 99/161/142 100/164/142 98/163/142
f 99/161/143 101/165/143 100/164/143
f 101/166/144 136/167/144 100/168/144
f 101/166/145 102/169/145 136/167/145
f 102/169/146 103/170/146 136/167/146
f 102/169/147 104/171/147 103/170/147
f 104/171/148 105/172/148 103/170/148
f 104/173/149 107/174/149 105/175/149
f 107/174/150 106/176/150 105/175/150
f 107/174/151 108/177/151 106/176/151
f 108/177/152 109/178/152 106/176/152
f 108/179/153 110/180/153 109/181/153
f 110/180/154 111/182/154 109/181/154
f 110/180/155 135/159/155 111/182/155
f 110/180/156 112/157/156 135/159/156
f 99/183/157 112/184/158 101/185/159
f 102/186/160 101/185/159 112/184/158
f 104/187/158 102/186/160 112/184/158
f 107/188/161 104/187/158 112/184/158
f 107/188/161 112/184/158 108/189/160
f 108/189/160 112/184/158 110/190/160
f 134/191/162 39/192/162 43/60/162
f 134/191/163 115/193/163 39/192/163
f 50/59/164 134/191/164 43/60/164
f 114/194/165 48/195/165 40/196/165
f 114/194/166 113/197/166 48/195/166
f 115/198/167 40/199/167 39/200/167
f 115/198/168 114/201/168 40/199/168
f 132/202/169 131/203/169 114/204/169
f 133/205/170 114/204/171 115/206/172
f 113/207/173 114/204/173 131/203/173
f 134/208/174 133/205/174 115/206/174
f 133/205/170 132/202/175 114/204/171
f 126/209/176 89/210/176 90/211/176
f 126/209/177 116/212/177 89/210/177
f 116/212/178 87/213/178 89/210/178
f 116/214/179 117/215/179 87/216/179
f 117/215/180 86/217/180 87/216/180
f 117/215/181 118/218/181 86/217/181
f 118/218/182 96/219/182 86/217/182
f 118/218/183 119/220/183 96/219/183
f 119/220/184 95/221/184 96/219/184
f 119/222/185 120/223/185 95/224/185
f 121/225/186 122/226/186 94/227/186
f 122/228/187 93/229/187 94/230/187
f 122/228/188 123/231/188 93/229/188
f 123/231/189 92/232/189 93/229/189
f 123/231/190 124/233/190 92/232/190
f 124/233/191 91/234/191 92/232/191
f 124/233/192 125/235/192 91/234/192
f 125/236/193 90/211/193 91/237/193
f 125/236/194 126/209/194 90/211/194
f 126/238/195 125/239/196 124/240/197
f 116/241/195 126/238/195 124/240/197
f 116/241/195 124/240/197 117/242/198
f 118/243/198 117/242/198 124/240/197
f 119/244/197 118/243/198 124/240/197
f 120/245/199 119/244/197 124/240/197
f 121/246/197 120/245/200 124/240/200
f 121/246/197 124/240/200 122/247/201
f 122/247/201 124/240/200 123/248/202
f 113/249/203 53/53/203 55/54/203
f 129/250/204 113/251/204 55/252/204
f 132/253/205 128/51/205 53/53/205
f 131/203/206 53/254/206 113/207/206
f 131/255/207 132/253/207 53/53/207
f 132/253/208 127/49/208 128/51/208
f 133/205/209 50/256/209 130/257/209
f 133/205/210 134/208/210 50/256/210
f 133/205/211 130/257/211 127/258/211
f 132/202/212 133/205/212 127/258/212
f 113/259/213 129/56/213 45/78/213
f 113/260/214 45/261/214 48/262/214
f 137/45/215 59/263/215 49/36/215
f 137/45/216 60/33/216 59/263/216
f 49/36/217 41/35/217 66/264/217
f 39/25/218 44/27/218 47/37/218
f 49/36/219 66/264/219 137/45/219
f 78/134/220 75/132/220 76/265/220
f 74/130/221 71/127/221 73/266/221
f 71/127/222 68/126/222 69/267/222
f 150/268/197 146/269/197 144/270/197
f 152/271/158 145/272/223 149/273/224
f 153/274/197 150/268/197 144/270/197
f 155/275/223 145/272/223 152/271/158
f 156/276/198 153/274/197 144/270/197
f 157/277/223 145/272/223 155/275/223
f 158/278/199 156/276/198 144/270/197
f 160/279/223 145/272/223 157/277/223
f 161/280/199 158/278/199 144/270/197
f 163/281/223 145/272/223 160/279/223
f 164/282/197 161/280/199 144/270/197
f 165/283/223 145/272/223 163/281/223
f 166/284/197 164/282/197 144/270/197
f 169/285/223 145/272/223 165/283/223
f 170/286/197 166/284/197 144/270/197
f 171/287/223 145/272/223 169/285/223
f 172/288/198 170/286/197 144/270/197
f 174/289/225 145/272/223 171/287/223
f 175/290/198 172/288/198 144/270/197
f 177/291/225 145/272/223 174/289/225
f 178/292/197 175/290/198 144/270/197
f 180/293/223 145/272/223 177/291/225
f 181/294/197 178/292/197 144/270/197
f 182/295/223 145/272/223 180/293/223
f 183/296/197 181/294/197 144/270/197
f 186/297/158 145/272/223 182/295/223
f 187/298/197 183/296/197 144/270/197
f 188/299/158 145/272/223 186/297/158
f 189/300/197 187/298/197 144/270/197
f 190/301/223 145/272/223 188/299/158
f 191/302/197 189/300/197 144/270/197
f 194/303/223 145/272/223 190/301/223
f 195/304/197 191/302/197 144/270/197
f 196/305/223 145/272/223 194/303/223
f 197/306/198 195/304/197 144/270/197
f 199/307/223 145/272/223 196/305/223
f 200/308/197 197/306/198 144/270/197
f 202/309/223 145/272/223 199/307/223
f 203/310/197 200/308/197 144/270/197
f 205/311/225 145/272/223 202/309/223
f 206/312/197 203/310/197 144/270/197
f 207/313/226 145/272/223 205/311/225
f 208/314/227 206/312/197 144/270/197
f 211/315/223 145/272/223 207/313/226
f 212/316/197 208/314/227 144/270/197
f 213/317/223 145/272/223 211/315/223
f 214/318/197 212/316/197 144/270/197
f 216/319/224 145/272/223 213/317/223
f 217/320/228 214/318/197 144/270/197
f 219/321/223 145/272/223 216/319/224
f 220/322/197 217/320/228 144/270/197
f 221/323/229 145/272/223 219/321/223
f 222/324/197 220/322/197 144/270/197
f 225/325/230 145/272/223 221/323/229
f 230/326/197 226/327/199 144/270/197
f 231/328/158 145/272/223 229/329/223
f 232/330/198 230/326/197 144/270/197
f 235/331/158 145/272/223 231/328/158
f 236/332/197 232/330/198 144/270/197
f 237/333/224 145/272/223 235/331/158
f 238/334/199 236/332/197 144/270/197
f 241/335/223 145/272/223 237/333/224
f 242/336/197 238/334/199 144/270/197
f 243/337/223 145/272/223 241/335/223
f 244/338/198 242/336/197 144/270/197
f 245/339/225 145/272/223 243/337/223
f 146/269/197 244/338/198 144/270/197
f 149/273/224 145/272/223 245/339/225
f 263/340/231 250/341/231 264/342/231
f 263/340/232 251/343/232 250/341/232
f 335/344/233 246/345/233 260/346/233
f 246/345/234 247/347/234 260/346/234
f 246/345/235 248/348/235 247/347/235
f 248/348/236 249/349/236 247/347/236
f 251/343/237 252/350/237 250/341/237
f 252/350/238 254/351/238 250/341/238
f 254/351/239 253/352/239 250/341/239
f 254/353/240 255/354/240 253/355/240
f 255/354/241 257/356/241 253/355/241
f 255/354/242 256/357/242 257/356/242
f 256/357/243 258/358/243 257/356/243
f 256/357/244 259/359/244 258/358/244
f 259/359/245 260/360/245 258/358/245
f 259/359/246 335/361/246 260/360/246
f 248/348/247 265/362/247 249/349/247
f 248/348/248 266/363/248 265/362/248
f 261/364/249 262/365/249 275/366/249
f 261/364/250 263/340/250 262/365/250
f 263/340/251 264/342/251 262/365/251
f 266/363/252 267/367/252 265/362/252
f 266/363/253 268/368/253 267/367/253
f 268/368/254 269/369/254 267/367/254
f 268/370/255 270/371/255 269/372/255
f 270/371/256 271/373/256 269/372/256
f 270/371/257 347/374/257 271/373/257
f 347/374/258 272/375/258 271/373/258
f 272/375/259 273/376/259 271/373/259
f 272/375/260 274/377/260 273/376/260
f 274/377/261 275/378/261 273/376/261
f 274/377/262 261/379/262 275/378/262
f 394/380/197 296/381/263 284/382/264
f 394/380/265 276/383/265 296/381/265
f 387/384/197 311/385/266 293/386/266
f 387/384/267 388/387/267 311/385/267
f 388/387/268 299/388/268 311/385/268
f 281/389/269 294/390/269 279/391/269
f 396/392/270 278/393/270 277/394/270
f 396/392/271 294/390/271 278/393/271
f 294/390/272 276/383/272 278/393/272
f 294/390/273 312/395/274 276/383/275
f 312/395/276 296/381/276 276/383/276
f 280/396/197 279/391/200 292/397/277
f 282/398/197 284/382/264 290/399/278
f 283/400/197 284/382/264 282/398/197
f 286/401/279 285/402/201 287/403/198
f 281/389/280 279/391/200 280/396/197
f 283/400/197 286/401/279 284/382/264
f 283/400/197 285/402/201 286/401/279
f 292/397/277 279/391/200 293/386/266
f 289/404/281 312/395/274 294/390/273
f 281/389/282 288/405/283 294/390/273
f 310/406/284 292/397/277 311/385/266
f 292/397/277 293/386/266 311/385/266
f 297/407/285 290/399/278 296/381/263
f 288/405/283 289/404/281 294/390/273
f 290/399/278 284/382/264 296/381/263
f 287/403/198 291/408/286 286/401/279
f 291/408/286 299/388/287 286/401/279
f 299/388/288 277/394/288 286/401/288
f 299/388/289 388/387/289 277/394/289
f 388/387/290 396/392/290 277/394/290
f 295/409/291 296/381/263 307/410/292
f 295/409/291 297/407/285 296/381/263
f 298/411/293 299/388/287 291/408/286
f 298/411/293 300/412/294 299/388/287
f 300/412/294 302/413/295 299/388/287
f 300/412/294 301/414/296 302/413/295
f 301/414/296 303/415/297 302/413/295
f 301/414/296 304/416/298 303/415/297
f 304/416/298 306/417/299 303/415/297
f 304/416/298 305/418/300 306/417/299
f 305/418/300 307/410/292 306/417/299
f 305/418/300 295/409/291 307/410/292
f 318/419/301 308/420/302 319/421/303
f 308/420/302 309/422/304 319/421/303
f 308/420/302 310/406/284 309/422/304
f 310/406/284 311/385/266 309/422/304
f 289/404/305 313/423/306 312/395/307
f 313/423/306 314/424/308 312/395/307
f 313/423/306 315/425/309 314/424/308
f 315/425/309 316/426/310 314/424/308
f 315/425/309 317/427/311 316/426/310
f 317/427/311 319/421/303 316/426/310
f 317/427/311 318/419/301 319/421/303
f 333/428/312 397/429/312 263/430/312
f 397/429/223 251/431/313 263/430/223
f 266/432/314 395/433/223 332/434/223
f 266/432/314 248/435/223 395/433/223
f 248/435/315 326/436/315 395/433/315
f 323/437/225 320/438/313 322/439/316
f 355/440/317 328/441/318 327/442/319
f 324/443/320 364/444/313 251/431/313
f 362/445/321 324/443/320 327/442/319
f 248/435/322 338/446/323 325/447/324
f 331/448/325 323/437/225 322/439/316
f 386/449/223 251/431/313 397/429/223
f 386/449/223 327/442/319 251/431/313
f 327/442/319 324/443/320 251/431/313
f 320/438/313 332/434/223 322/439/316
f 320/438/313 329/450/223 332/434/223
f 325/447/326 353/451/327 326/436/328
f 331/448/329 389/452/330 333/428/331
f 331/448/325 322/439/316 389/452/332
f 325/447/333 326/436/333 248/435/333
f 329/450/223 321/453/160 332/434/223
f 353/451/327 334/454/334 326/436/328
f 362/445/321 327/442/319 328/441/318
f 330/455/335 332/434/223 321/453/160
f 382/456/336 333/428/336 263/430/336
f 382/456/337 331/448/329 333/428/331
f 334/454/334 385/457/338 326/436/328
f 334/454/334 355/440/317 385/457/338
f 355/440/317 327/442/319 385/457/338
f 330/455/335 266/432/314 332/434/223
f 330/455/335 343/458/339 266/432/314
f 336/459/340 246/460/160 335/461/341
f 336/459/340 337/462/223 246/460/160
f 337/462/223 248/435/322 246/460/160
f 337/462/223 338/446/323 248/435/322
f 364/444/313 252/463/225 251/431/313
f 364/444/313 339/464/342 252/463/225
f 339/464/342 254/465/342 252/463/225
f 339/464/342 340/466/343 254/465/342
f 340/466/343 255/467/344 254/465/342
f 340/466/343 341/468/229 255/467/344
f 341/468/229 256/469/345 255/467/344
f 341/468/229 342/470/223 256/469/345
f 342/470/223 259/471/158 256/469/345
f 342/470/223 336/459/340 259/471/158
f 336/459/340 335/461/341 259/471/158
f 344/472/159 345/473/346 261/474/161
f 345/473/346 263/430/347 261/474/161
f 345/473/346 382/456/348 263/430/347
f 343/458/339 370/475/225 266/432/314
f 370/475/225 268/476/349 266/432/314
f 370/475/225 346/477/350 268/476/349
f 346/477/350 270/478/351 268/476/349
f 346/477/350 347/479/224 270/478/351
f 346/477/350 348/480/343 347/479/224
f 348/480/343 272/481/158 347/479/224
f 348/480/343 349/482/352 272/481/158
f 349/482/352 274/483/345 272/481/158
f 349/482/352 261/474/161 274/483/345
f 349/482/352 344/472/159 261/474/161
f 350/484/353 338/485/353 337/486/353
f 350/484/354 351/487/354 338/485/354
f 351/487/355 325/488/355 338/485/355
f 351/487/356 352/489/356 325/488/356
f 352/489/357 353/490/357 325/488/357
f 352/491/358 366/492/358 353/493/358
f 366/492/359 354/494/359 353/493/359
f 354/494/360 334/495/360 353/493/360
f 354/494/361 361/496/361 334/495/361
f 361/496/362 355/497/362 334/495/362
f 356/498/363 340/499/363 339/500/363
f 356/501/364 357/502/364 340/503/364
f 357/502/365 341/504/365 340/503/365
f 357/502/366 358/505/366 341/504/366
f 358/505/367 342/506/367 341/504/367
f 358/505/368 359/507/368 342/506/368
f 359/507/369 336/508/369 342/506/369
f 359/509/370 360/510/370 336/511/370
f 360/510/371 337/486/371 336/511/371
f 360/510/372 350/484/372 337/486/372
f 361/496/373 328/512/373 355/497/373
f 361/496/374 367/513/374 328/512/374
f 367/513/375 362/514/375 328/512/375
f 367/515/376 363/516/376 362/517/376
f 363/516/377 324/518/377 362/517/377
f 363/516/378 364/519/378 324/518/378
f 363/516/379 365/520/379 364/519/379
f 365/520/380 339/500/380 364/519/380
f 365/520/381 356/498/381 339/500/381
f 359/521/159 358/522/382 357/523/223
f 359/521/159 357/523/223 360/524/383
f 360/524/383 357/523/223 350/525/384
f 351/526/161 350/525/384 357/523/223
f 351/526/161 357/523/223 352/527/223
f 352/527/223 357/523/223 366/528/223
f 366/528/223 357/523/223 354/529/223
f 354/529/223 357/523/223 361/530/160
f 367/531/385 361/530/160 357/523/223
f 363/532/318 367/531/385 357/523/223
f 363/532/318 357/523/223 365/533/386
f 356/534/387 365/533/386 357/523/223
f 368/535/388 343/536/388 330/537/388
f 368/535/389 369/538/389 343/536/389
f 369/538/390 370/539/390 343/536/390
f 369/538/391 371/540/391 370/539/391
f 371/540/392 346/541/392 370/539/392
f 371/540/393 384/542/393 346/541/393
f 384/543/394 372/544/394 346/545/394
f 372/544/395 348/546/395 346/545/395
f 372/544/396 378/547/396 348/546/396
f 373/548/397 323/549/397 331/550/397
f 373/548/398 374/551/398 323/549/398
f 374/551/399 320/552/399 323/549/399
f 374/551/400 375/553/400 320/552/400
f 375/553/401 329/554/401 320/552/401
f 375/553/402 376/555/402 329/554/402
f 376/555/403 321/556/403 329/554/403
f 376/555/404 377/557/404 321/556/404
f 377/558/405 330/537/405 321/559/405
f 377/558/406 368/535/406 330/537/406
f 378/547/407 349/560/407 348/546/407
f 378/547/408 379/561/408 349/560/408
f 379/561/409 344/562/409 349/560/409
f 379/563/410 380/564/410 344/565/410
f 380/564/411 345/566/411 344/565/411
f 380/564/412 381/567/412 345/566/412
f 381/567/413 382/568/413 345/566/413
f 381/567/414 383/569/414 382/568/414
f 383/569/415 331/570/415 382/568/415
f 383/569/416 373/571/416 331/570/416
f 368/572/417 377/573/340 376/574/223
f 369/575/161 368/572/417 376/574/223
f 371/576/223 369/575/161 376/574/223
f 384/577/160 371/576/223 376/574/223
f 372/578/223 384/577/160 376/574/223
f 378/579/223 372/578/223 376/574/223
f 378/579/223 376/574/223 379/580/223
f 380/581/223 379/580/223 376/574/223
f 381/582/223 380/581/223 376/574/223
f 383/583/226 381/582/223 376/574/223
f 373/584/223 383/583/226 376/574/223
f 373/584/223 376/574/223 374/585/225
f 374/585/225 376/574/223 375/586/418
f 293/587/419 385/588/420 327/589/421
f 293/587/419 279/590/422 385/588/420
f 397/591/423 387/592/424 386/593/424
f 397/591/423 388/594/423 387/592/424
f 284/595/425 389/596/426 322/597/427
f 284/595/425 286/598/428 389/596/426
f 395/599/429 394/600/430 332/601/430
f 395/599/429 276/602/429 394/600/430
f 391/603/431 294/604/432 396/605/433
f 391/603/431 390/606/434 294/604/432
f 393/607/435 277/608/435 278/609/435
f 393/607/436 392/610/436 277/608/436
f 389/452/437 392/611/437 333/428/437
f 385/457/438 390/612/438 326/436/438
f 333/428/439 392/611/439 391/613/439
f 392/611/440 390/612/440 391/613/440
f 392/611/441 393/614/441 390/612/441
f 393/614/442 326/436/442 390/612/442
f 284/595/443 332/615/443 394/616/443
f 284/595/443 322/597/443 332/615/443
f 293/587/444 386/617/444 387/618/445
f 293/587/444 327/589/444 386/617/444
f 390/606/446 279/619/446 294/604/447
f 390/606/446 385/620/448 279/619/446
f 392/610/449 286/621/449 277/608/450
f 392/610/449 389/622/449 286/621/449
f 396/623/451 388/624/451 391/625/451
f 388/624/452 397/626/452 391/625/452
f 278/627/453 276/628/453 393/629/453
f 276/628/454 395/630/454 393/629/454
f 311/385/455 264/631/455 250/632/455
f 311/385/456 299/388/456 264/631/456
f 260/633/457 247/634/457 314/424/457
f 247/634/458 312/395/458 314/424/458
f 247/634/459 249/635/459 312/395/459
f 250/632/460 309/422/460 311/385/460
f 250/632/461 253/636/461 309/422/461
f 253/636/462 319/421/462 309/422/462
f 253/636/463 257/637/463 319/421/463
f 257/637/464 316/426/464 319/421/464
f 257/637/465 258/638/465 316/426/465
f 258/638/466 260/633/466 316/426/466
f 260/633/467 314/424/467 316/426/467
f 275/639/468 262/640/468 302/413/468
f 262/640/469 264/631/469 302/413/469
f 264/631/470 299/388/470 302/413/470
f 265/641/471 267/642/471 296/381/471
f 267/642/472 307/410/472 296/381/472
f 267/642/473 269/643/473 307/410/473
f 269/643/474 271/644/474 307/410/474
f 271/644/475 306/417/475 307/410/475
f 271/644/476 273/645/476 306/417/476
f 273/645/477 303/415/477 306/417/477
f 273/645/478 275/639/478 303/415/478
f 275/639/479 302/413/479 303/415/479
f 296/381/480 249/635/481 265/641/482
f 296/381/480 312/395/483 249/635/481
f 397/429/484 333/428/484 391/613/484
f 326/436/485 393/614/485 395/433/485
f 405/646/486 398/647/486 289/648/486
f 398/647/487 313/649/487 289/648/487
f 398/647/488 399/650/488 313/649/488
f 399/650/489 315/651/489 313/649/489
f 399/650/490 435/652/490 315/651/490
f 435/653/491 400/654/491 315/655/491
f 400/654/492 317/656/492 315/655/492
f 400/654/493 406/657/493 317/656/493
f 413/658/494 280/659/494 292/660/494
f 413/661/495 401/662/495 280/663/495
f 401/662/496 281/664/496 280/663/496
f 401/662/497 402/665/497 281/664/497
f 402/665/498 403/666/498 281/664/498
f 403/666/499 288/667/499 281/664/499
f 403/666/500 404/668/500 288/667/500
f 404/669/501 289/648/501 288/670/501
f 404/669/502 405/646/502 289/648/502
f 406/657/503 318/671/503 317/656/503
f 406/657/504 407/672/504 318/671/504
f 407/672/505 308/673/505 318/671/505
f 407/672/506 408/674/506 308/673/506
f 408/675/507 310/676/507 308/677/507
f 408/675/508 409/678/508 310/676/508
f 409/678/509 410/679/509 310/676/509
f 410/679/510 292/660/510 310/676/510
f 410/679/511 413/658/511 292/660/511
f 403/680/512 414/681/512 411/682/512
f 405/683/513 403/680/514 411/682/515
f 405/683/513 411/682/515 398/684/516
f 412/685/517 398/684/517 411/682/517
f 406/686/518 412/685/518 411/682/518
f 407/687/519 406/686/519 411/682/519
f 408/688/520 407/687/520 411/682/520
f 414/681/521 413/689/521 411/682/521
f 421/690/522 415/691/522 297/692/522
f 415/691/523 290/693/523 297/692/523
f 415/691/524 433/694/524 290/693/524
f 433/695/525 416/696/525 290/697/525
f 416/696/526 282/698/526 290/697/526
f 416/696/527 417/699/527 282/698/527
f 417/699/528 283/700/528 282/698/528
f 426/701/529 434/702/529 300/703/529
f 434/702/530 301/704/530 300/703/530
f 434/705/531 418/706/531 301/707/531
f 418/706/532 304/708/532 301/707/532
f 418/706/533 427/709/533 304/708/533
f 427/709/534 419/710/534 304/708/534
f 419/710/535 305/711/535 304/708/535
f 419/710/536 420/712/536 305/711/536
f 420/712/537 295/713/537 305/711/537
f 420/714/538 421/690/538 295/715/538
f 421/690/539 297/692/539 295/715/539
f 417/699/540 422/716/540 283/700/540
f 422/716/541 285/717/541 283/700/541
f 422/716/542 287/718/542 285/717/542
f 422/716/543 431/719/543 287/718/543
f 431/720/544 423/721/544 287/722/544
f 423/721/545 291/723/545 287/722/545
f 423/721/546 424/724/546 291/723/546
f 424/724/547 298/725/547 291/723/547
f 424/724/548 425/726/548 298/725/548
f 425/726/549 300/703/549 298/725/549
f 425/726/550 426/701/550 300/703/550
f 420/727/551 427/728/552 428/729/553
f 420/727/554 428/729/554 429/730/554
f 430/731/555 429/730/555 428/729/555
f 431/732/556 417/733/556 428/729/556
f 431/732/557 428/729/557 424/734/557
f 426/735/558 424/734/558 428/729/558
f 426/735/559 428/729/559 432/736/559
f 427/728/552 432/736/560 428/729/553
f 429/730/561 415/737/561 421/738/561
f 429/730/562 430/731/562 415/737/562
f 430/739/563 433/694/563 415/691/563
f 430/731/564 428/729/564 433/740/564
f 428/729/565 416/741/565 433/740/565
f 428/729/566 417/733/566 416/741/566
f 432/736/567 434/742/567 426/735/567
f 432/743/568 418/706/568 434/705/568
f 432/736/569 427/728/569 418/744/569
f 427/728/570 420/727/570 419/745/570
f 420/727/571 429/730/571 421/738/571
f 417/733/572 431/732/572 422/746/572
f 431/732/573 424/734/573 423/747/573
f 424/734/574 426/735/574 425/748/574
f 398/684/575 412/685/575 399/749/575
f 412/685/576 435/750/576 399/749/576
f 412/751/577 400/654/577 435/653/577
f 412/685/578 406/686/578 400/752/578
f 413/689/579 414/681/579 401/753/579
f 414/681/580 402/754/580 401/753/580
f 414/681/581 403/680/581 402/754/581
f 403/680/582 405/683/582 404/755/582
f 411/682/583 409/756/583 408/688/583
f 411/757/584 410/679/584 409/678/584
f 411/682/585 413/689/585 410/758/585
f 453/759/586 440/760/586 452/761/586
f 453/759/587 441/762/587 440/760/587
f 518/763/588 437/764/588 436/765/588
f 437/766/589 439/767/589 436/768/589
f 437/766/590 438/769/590 439/767/590
f 441/762/591 442/770/591 440/760/591
f 442/770/592 443/771/592 440/760/592
f 442/770/593 444/772/593 443/771/593
f 444/773/594 445/774/594 443/775/594
f 444/773/595 446/776/595 445/774/595
f 446/776/596 447/777/596 445/774/596
f 446/776/597 448/778/597 447/777/597
f 446/776/598 449/779/598 448/778/598
f 449/779/599 518/763/599 448/778/599
f 518/763/600 436/765/600 448/778/600
f 438/769/601 454/780/601 439/767/601
f 438/769/602 500/781/602 454/780/602
f 463/782/603 451/783/603 450/784/603
f 463/785/604 453/759/604 451/786/604
f 453/759/605 452/761/605 451/786/605
f 500/781/606 455/787/606 454/780/606
f 455/787/607 456/788/607 454/780/607
f 455/787/608 457/789/608 456/788/608
f 455/787/609 458/790/609 457/789/609
f 458/791/610 459/792/610 457/793/610
f 458/791/611 460/794/611 459/792/611
f 460/794/612 462/795/612 459/792/612
f 460/794/613 461/796/613 462/795/613
f 461/796/614 450/784/614 462/795/614
f 461/796/615 463/782/615 450/784/615
f 570/797/223 485/798/616 472/799/617
f 570/797/618 464/800/618 485/798/618
f 563/801/223 495/802/313 478/803/619
f 563/801/620 564/804/620 495/802/620
f 564/804/621 486/805/621 495/802/621
f 470/806/622 480/807/622 468/808/622
f 572/809/623 466/810/623 465/811/623
f 572/809/624 480/807/624 466/810/624
f 480/807/625 464/800/625 466/810/625
f 480/807/626 496/812/626 464/800/626
f 496/812/627 485/798/627 464/800/627
f 467/813/223 472/799/617 471/814/628
f 467/813/223 473/815/223 472/799/617
f 473/815/223 475/816/347 474/817/629
f 473/815/223 474/817/629 472/799/617
f 469/818/630 470/806/631 468/808/632
f 479/819/633 471/814/628 472/799/617
f 469/818/630 468/808/632 478/803/619
f 477/820/634 496/812/634 480/807/634
f 476/821/619 478/803/619 495/802/313
f 476/821/619 469/818/630 478/803/619
f 475/816/347 481/822/635 474/817/629
f 479/819/633 472/799/617 485/798/616
f 481/822/635 486/805/636 474/817/629
f 486/805/637 465/811/637 474/817/637
f 486/805/638 564/804/638 465/811/638
f 564/804/639 572/809/639 465/811/639
f 481/822/635 482/823/640 486/805/636
f 589/824/641 484/825/642 492/826/643
f 589/824/641 483/827/644 484/825/642
f 483/827/644 485/798/616 484/825/642
f 483/827/644 479/819/633 485/798/616
f 482/823/640 487/828/645 486/805/636
f 487/828/645 488/829/646 486/805/636
f 487/828/645 490/830/647 488/829/646
f 490/830/647 489/831/648 488/829/646
f 490/830/647 491/832/649 489/831/648
f 491/832/649 492/826/643 489/831/648
f 491/832/649 589/824/641 492/826/643
f 494/833/650 495/802/650 493/834/650
f 494/833/347 476/821/619 495/802/313
f 517/835/651 573/836/651 453/837/651
f 573/836/201 441/838/652 453/837/201
f 500/839/200 571/840/197 516/841/197
f 500/839/200 438/842/197 571/840/197
f 438/842/653 505/843/653 571/840/653
f 508/844/654 510/845/198 509/846/655
f 515/847/656 501/848/657 503/849/658
f 501/848/657 504/850/200 503/849/658
f 506/851/659 438/842/202 520/852/660
f 506/851/661 514/853/662 505/843/663
f 507/854/664 505/843/663 514/853/662
f 562/855/197 441/838/652 573/836/201
f 562/855/197 509/846/655 441/838/652
f 509/846/655 502/856/665 441/838/652
f 504/850/200 516/841/197 503/849/658
f 542/857/666 441/838/652 502/856/665
f 515/847/656 565/858/667 517/835/668
f 515/847/656 503/849/658 565/858/667
f 506/851/669 505/843/669 438/842/669
f 511/859/201 516/841/197 504/850/200
f 515/847/656 517/835/668 513/860/670
f 510/845/198 502/856/665 509/846/655
f 513/860/671 517/835/671 453/837/671
f 507/854/664 561/861/672 505/843/663
f 507/854/664 508/844/654 561/861/672
f 508/844/654 509/846/655 561/861/672
f 511/859/201 512/862/197 516/841/197
f 526/863/673 513/860/660 453/837/674
f 512/862/197 500/839/200 516/841/197
f 524/864/227 437/865/197 518/866/198
f 524/864/227 519/867/200 437/865/197
f 519/867/200 438/842/202 437/865/197
f 519/867/200 520/852/660 438/842/202
f 542/857/666 521/868/675 441/838/652
f 521/868/675 442/869/676 441/838/652
f 521/868/675 444/870/677 442/869/676
f 521/868/675 522/871/678 444/870/677
f 522/871/678 523/872/679 444/870/677
f 523/872/679 446/873/679 444/870/677
f 523/872/679 449/874/286 446/873/679
f 523/872/679 524/864/227 449/874/286
f 524/864/227 518/866/198 449/874/286
f 530/875/197 525/876/201 463/877/680
f 525/876/201 453/837/674 463/877/680
f 525/876/201 526/863/673 453/837/674
f 512/862/197 527/878/200 500/839/200
f 527/878/200 455/879/197 500/839/200
f 527/878/200 528/880/681 455/879/197
f 528/880/681 458/881/198 455/879/197
f 528/880/681 529/882/682 458/881/198
f 529/882/682 460/883/199 458/881/198
f 529/882/682 551/884/683 460/883/199
f 551/884/683 461/885/228 460/883/199
f 551/884/683 463/877/680 461/885/228
f 551/884/683 530/875/197 463/877/680
f 538/886/684 531/887/684 520/888/684
f 531/887/685 506/889/685 520/888/685
f 531/887/686 532/890/686 506/889/686
f 532/890/687 514/891/687 506/889/687
f 532/892/688 507/893/688 514/894/688
f 532/892/689 533/895/689 507/893/689
f 533/895/690 508/896/690 507/893/690
f 533/895/691 534/897/691 508/896/691
f 535/898/692 522/899/692 521/900/692
f 535/901/693 545/902/693 522/903/693
f 545/902/694 523/904/694 522/903/694
f 545/902/695 536/905/695 523/904/695
f 536/905/696 524/906/696 523/904/696
f 536/905/697 537/907/697 524/906/697
f 537/907/698 519/908/698 524/906/698
f 537/909/699 538/886/699 519/910/699
f 538/886/700 520/888/700 519/910/700
f 534/897/701 539/911/701 508/896/701
f 539/911/702 510/912/702 508/896/702
f 539/911/703 540/913/703 510/912/703
f 540/913/704 502/914/704 510/912/704
f 540/915/705 541/916/705 502/917/705
f 541/916/706 542/918/706 502/917/706
f 541/916/707 543/919/707 542/918/707
f 543/919/708 544/920/708 542/918/708
f 544/920/709 521/900/709 542/918/709
f 544/920/710 535/898/710 521/900/710
f 537/921/711 536/922/681 538/923/712
f 538/923/712 536/922/681 531/924/713
f 532/925/714 531/924/713 536/922/681
f 532/925/714 536/922/681 533/926/197
f 533/926/197 536/922/681 534/927/197
f 534/927/197 536/922/681 539/928/197
f 539/928/197 536/922/681 540/929/200
f 541/930/200 540/929/200 536/922/681
f 543/931/198 541/930/200 536/922/681
f 544/932/715 543/931/198 536/922/681
f 535/933/716 544/932/715 536/922/681
f 535/933/716 536/922/681 545/934/717
f 546/935/718 547/936/718 512/937/718
f 547/936/719 527/938/719 512/937/719
f 547/936/720 548/939/720 527/938/720
f 548/939/721 528/940/721 527/938/721
f 548/941/722 549/942/722 528/943/722
f 549/942/723 529/944/723 528/943/723
f 549/942/724 550/945/724 529/944/724
f 550/945/725 551/946/725 529/944/725
f 552/947/726 501/948/726 515/949/726
f 552/947/727 553/950/727 501/948/727
f 553/950/728 504/951/728 501/948/728
f 553/950/729 554/952/729 504/951/729
f 554/952/730 555/953/730 504/951/730
f 555/953/731 511/954/731 504/951/731
f 555/953/732 556/955/732 511/954/732
f 556/956/733 512/937/733 511/957/733
f 556/956/734 546/935/734 512/937/734
f 550/945/735 557/958/735 551/946/735
f 557/958/736 530/959/736 551/946/736
f 557/958/737 558/960/737 530/959/737
f 558/960/738 525/961/738 530/959/738
f 558/962/739 559/963/739 525/964/739
f 559/963/740 526/965/740 525/964/740
f 559/963/741 513/966/741 526/965/741
f 559/963/742 560/967/742 513/966/742
f 560/967/743 515/968/743 513/966/743
f 560/967/744 552/969/744 515/968/744
f 554/970/197 560/971/197 555/972/197
f 555/972/197 560/971/197 556/973/197
f 546/974/197 556/973/197 560/971/197
f 547/975/198 546/974/197 560/971/197
f 548/976/198 547/975/198 560/971/197
f 549/977/197 548/976/198 560/971/197
f 550/978/201 549/977/197 560/971/197
f 550/978/201 560/971/197 557/979/745
f 558/980/305 557/979/745 560/971/197
f 558/980/305 560/971/197 559/981/681
f 553/982/199 552/983/280 560/971/197
f 554/970/197 553/982/199 560/971/197
f 478/984/746 561/985/747 509/986/748
f 478/984/746 468/987/749 561/985/747
f 573/988/430 563/989/429 562/990/429
f 573/988/430 564/991/430 563/989/429
f 472/992/750 565/993/751 503/994/752
f 472/992/750 474/995/753 565/993/751
f 571/996/754 570/997/754 516/998/754
f 571/996/754 464/999/754 570/997/754
f 567/1000/755 480/1001/756 572/1002/757
f 567/1000/755 566/1003/758 480/1001/756
f 569/1004/759 465/1005/759 466/1006/759
f 569/1004/760 568/1007/760 465/1005/760
f 565/858/761 568/1008/761 517/835/761
f 561/861/762 566/1009/762 505/843/762
f 517/835/763 568/1008/763 567/1010/763
f 568/1008/764 566/1009/764 567/1010/764
f 568/1008/765 569/1011/765 566/1009/765
f 569/1011/766 505/843/766 566/1009/766
f 472/1012/449 516/998/449 570/997/449
f 472/1012/449 503/1013/449 516/998/449
f 478/1014/446 562/990/446 563/989/446
f 478/1014/446 509/1015/446 562/990/446
f 566/1016/444 468/987/444 480/1017/444
f 566/1016/444 561/985/444 468/987/444
f 568/1018/443 474/995/443 465/1019/443
f 568/1018/443 565/993/767 474/995/443
f 572/1020/768 564/1021/768 567/1022/768
f 564/1021/769 573/1023/769 567/1022/769
f 466/1024/770 464/1025/770 569/1026/770
f 464/1025/771 571/1027/771 569/1026/771
f 495/802/772 452/1028/772 440/1029/772
f 495/802/773 486/805/773 452/1028/773
f 436/1030/774 439/1031/774 497/1032/774
f 439/1031/775 496/812/775 497/1032/775
f 440/1029/776 493/834/776 495/802/776
f 440/1029/777 443/1033/777 493/834/777
f 443/1033/778 445/1034/778 493/834/778
f 445/1034/779 499/1035/779 493/834/779
f 445/1034/780 447/1036/780 499/1035/780
f 447/1036/781 498/1037/781 499/1035/781
f 447/1036/782 448/1038/782 498/1037/782
f 448/1038/783 497/1032/783 498/1037/783
f 448/1038/784 436/1030/784 497/1032/784
f 450/1039/785 451/1040/785 488/829/785
f 451/1040/786 452/1028/787 488/829/788
f 452/1028/787 486/805/789 488/829/788
f 454/1041/790 456/1042/790 485/798/790
f 456/1042/791 484/825/791 485/798/791
f 456/1042/792 457/1043/792 484/825/792
f 457/1043/793 492/826/793 484/825/793
f 457/1043/794 459/1044/794 492/826/794
f 459/1044/795 462/1045/795 492/826/795
f 462/1045/796 489/831/796 492/826/796
f 462/1045/797 450/1039/797 489/831/797
f 450/1039/798 488/829/798 489/831/798
f 485/798/799 439/1031/799 454/1041/799
f 485/798/800 496/812/800 439/1031/800
f 573/836/801 517/835/801 567/1010/801
f 505/843/802 569/1011/802 571/840/802
f 574/1046/803 581/1047/803 469/1048/803
f 581/1047/804 470/1049/804 469/1048/804
f 581/1047/805 575/1050/805 470/1049/805
f 580/1051/806 476/1052/806 494/1053/806
f 580/1051/807 578/1054/807 476/1052/807
f 578/1054/808 469/1055/808 476/1052/808
f 578/1054/809 574/1056/809 469/1055/809
f 591/1057/810 582/1058/810 483/1059/810
f 582/1058/811 479/1060/811 483/1059/811
f 582/1058/812 583/1061/812 479/1060/812
f 583/1061/813 471/1062/813 479/1060/813
f 583/1061/814 584/1063/814 471/1062/814
f 584/1064/815 585/1065/815 471/1066/815
f 585/1065/816 467/1067/816 471/1066/816
f 585/1065/817 586/1068/817 467/1067/817
f 586/1068/818 473/1069/818 467/1067/818
f 595/1070/819 587/1071/819 487/1072/819
f 587/1071/820 490/1073/820 487/1072/820
f 587/1071/821 601/1074/821 490/1073/821
f 601/1074/822 491/1075/822 490/1073/822
f 601/1074/823 588/1076/823 491/1075/823
f 588/1076/824 589/1077/824 491/1075/824
f 588/1076/825 590/1078/825 589/1077/825
f 590/1079/826 483/1059/826 589/1080/826
f 590/1079/827 591/1057/827 483/1059/827
f 586/1068/828 592/1081/828 473/1069/828
f 592/1081/829 475/1082/829 473/1069/829
f 592/1083/830 481/1084/830 475/1085/830
f 592/1083/831 593/1086/831 481/1084/831
f 593/1086/832 482/1087/832 481/1084/832
f 593/1086/833 594/1088/833 482/1087/833
f 594/1088/834 595/1089/834 482/1087/834
f 595/1089/835 487/1090/835 482/1087/835
f 597/1091/836 600/1092/836 596/1093/836
f 582/1094/837 597/1091/837 596/1093/837
f 598/1095/838 584/1096/838 596/1093/838
f 599/1097/628 598/1095/628 596/1093/628
f 594/1098/839 599/1097/840 596/1093/841
f 595/1099/842 594/1098/839 596/1093/841
f 587/1100/843 595/1099/842 596/1093/841
f 587/1100/844 596/1093/844 600/1092/844
f 597/1091/845 582/1094/845 591/1101/845
f 596/1093/846 583/1102/846 582/1094/846
f 596/1093/847 584/1096/847 583/1102/847
f 584/1096/848 598/1095/848 585/1103/848
f 598/1095/849 586/1104/849 585/1103/849
f 587/1100/850 600/1092/850 601/1105/850
f 600/1106/851 588/1076/851 601/1074/851
f 600/1092/852 597/1091/852 588/1107/852
f 597/1091/853 590/1108/853 588/1107/853
f 597/1109/854 591/1057/854 590/1079/854
f 598/1095/855 599/1097/855 586/1104/855
f 599/1097/856 592/1110/856 586/1104/856
f 599/1097/857 593/1111/857 592/1110/857
f 599/1097/858 594/1098/858 593/1111/858
f 608/1112/197 604/1113/197 602/1114/197
f 609/1115/859 603/1116/158 607/1117/158
f 610/1118/197 608/1112/197 602/1114/197
f 613/1119/223 603/1116/158 609/1115/859
f 614/1120/197 610/1118/197 602/1114/197
f 615/1121/223 603/1116/158 613/1119/223
f 616/1122/197 614/1120/197 602/1114/197
f 617/1123/223 603/1116/158 615/1121/223
f 618/1124/197 616/1122/197 602/1114/197
f 621/1125/197 618/1124/197 602/1114/197
f 623/1126/197 621/1125/197 602/1114/197
f 626/1127/860 603/1128/223 622/1129/223
f 627/1130/197 623/1126/197 602/1114/197
f 628/1131/223 603/1128/223 626/1127/860
f 629/1132/197 627/1130/197 602/1114/197
f 631/1133/223 603/1128/223 628/1131/223
f 632/1134/199 629/1132/197 602/1114/197
f 634/1135/223 603/1128/223 631/1133/223
f 635/1136/286 632/1134/199 602/1114/197
f 637/1137/223 603/1128/223 634/1135/223
f 638/1138/197 635/1136/286 602/1114/197
f 640/1139/223 603/1128/223 637/1137/223
f 641/1140/197 638/1138/197 602/1114/197
f 642/1141/223 603/1128/223 640/1139/223
f 643/1142/199 641/1140/197 602/1114/197
f 646/1143/223 603/1128/223 642/1141/223
f 647/1144/861 643/1142/199 602/1114/197
f 648/1145/223 603/1128/223 646/1143/223
f 649/1146/197 647/1144/861 602/1114/197
f 650/1147/223 603/1128/223 648/1145/223
f 651/1148/197 649/1146/197 602/1114/197
f 654/1149/223 603/1128/223 650/1147/223
f 655/1150/223 603/1128/223 654/1149/223
f 658/1151/223 603/1128/223 655/1150/223
f 659/1152/862 656/1153/197 602/1114/197
f 661/1154/223 603/1128/223 658/1151/223
f 662/1155/197 659/1152/862 602/1114/197
f 663/1156/223 603/1128/223 661/1154/223
f 664/1157/197 662/1155/197 602/1114/197
f 666/1158/225 603/1128/223 663/1156/223
f 667/1159/197 664/1157/197 602/1114/197
f 669/1160/223 603/1128/223 666/1158/225
f 670/1161/197 667/1159/197 602/1114/197
f 672/1162/158 603/1128/223 669/1160/223
f 673/1163/197 670/1161/197 602/1114/197
f 674/1164/223 603/1128/223 672/1162/158
f 675/1165/197 673/1163/197 602/1114/197
f 678/1166/223 603/1128/223 674/1164/223
f 679/1167/197 675/1165/197 602/1114/197
f 680/1168/223 603/1128/223 678/1166/223
f 681/1169/197 679/1167/197 602/1114/197
f 683/1170/223 603/1128/223 680/1168/223
f 684/1171/197 681/1169/197 602/1114/197
f 686/1172/225 603/1128/223 683/1170/223
f 687/1173/197 684/1171/197 602/1114/197
f 689/1174/226 603/1128/223 686/1172/225
f 690/1175/197 687/1173/197 602/1114/197
f 692/1176/223 603/1128/223 689/1174/226
f 693/1177/197 690/1175/197 602/1114/197
f 695/1178/223 603/1128/223 692/1176/223
f 696/1179/197 693/1177/197 602/1114/197
f 697/1180/197 696/1179/197 602/1114/197
f 701/1181/197 697/1180/197 602/1114/197
f 702/1182/223 603/1116/158 700/1183/223
f 604/1113/197 701/1181/197 602/1114/197
f 607/1117/158 603/1116/158 702/1182/223
f 711/1184/863 712/1185/223 713/1186/223
f 714/1187/158 715/1188/225 717/1189/223
f 711/1184/863 713/1186/223 720/1190/864
f 714/1187/225 713/1186/223 712/1185/223
f 714/1187/158 717/1189/223 713/1186/225
f 720/1190/865 743/1191/865 718/1192/865
f 720/1190/866 713/1186/866 743/1191/866
f 719/1193/223 705/1194/344 722/1195/349
f 719/1193/223 718/1192/867 705/1194/344
f 719/1193/223 720/1190/342 718/1192/867
f 715/1188/225 716/1196/223 717/1189/223
f 716/1196/223 706/1197/223 717/1189/223
f 716/1196/223 723/1198/223 706/1197/223
f 728/1199/344 721/1200/314 703/1201/160
f 721/1200/314 704/1202/314 703/1201/160
f 721/1200/314 722/1195/349 704/1202/314
f 722/1195/349 705/1194/344 704/1202/314
f 723/1198/223 707/1203/158 706/1197/223
f 723/1198/223 724/1204/223 707/1203/158
f 724/1204/223 708/1205/223 707/1203/158
f 724/1204/223 725/1206/350 708/1205/223
f 725/1206/350 726/1207/351 708/1205/223
f 725/1206/350 727/1208/350 726/1207/351
f 727/1208/350 709/1209/350 726/1207/351
f 727/1208/350 710/1210/225 709/1209/350
f 727/1208/350 728/1199/344 710/1210/225
f 728/1199/344 703/1201/160 710/1210/225
f 736/1211/868 729/1212/868 716/1213/868
f 729/1212/869 723/1214/869 716/1213/869
f 729/1212/870 730/1215/870 723/1214/870
f 730/1215/871 724/1216/871 723/1214/871
f 730/1215/872 731/1217/872 724/1216/872
f 731/1217/873 725/1218/873 724/1216/873
f 731/1217/874 737/1219/874 725/1218/874
f 737/1220/875 727/1221/875 725/1222/875
f 742/1223/876 711/1224/876 720/1225/876
f 742/1223/877 732/1226/877 711/1224/877
f 732/1226/878 712/1227/878 711/1224/878
f 732/1226/879 733/1228/879 712/1227/879
f 733/1229/880 714/1230/880 712/1231/880
f 733/1229/881 734/1232/881 714/1230/881
f 734/1232/882 715/1233/882 714/1230/882
f 734/1232/883 735/1234/883 715/1233/883
f 735/1234/884 716/1235/884 715/1233/884
f 735/1234/885 736/1236/885 716/1235/885
f 737/1220/886 738/1237/886 727/1221/886
f 738/1237/887 728/1238/887 727/1221/887
f 738/1237/888 721/1239/888 728/1238/888
f 738/1237/889 739/1240/889 721/1239/889
f 739/1240/890 722/1241/890 721/1239/890
f 739/1240/891 740/1242/891 722/1241/891
f 740/1243/892 741/1244/892 722/1245/892
f 741/1244/893 719/1246/893 722/1245/893
f 741/1244/894 720/1225/894 719/1246/894
f 741/1244/895 742/1223/895 720/1225/895
f 733/1247/158 732/1248/225 734/1249/896
f 735/1250/223 734/1249/896 732/1248/225
f 735/1250/223 732/1248/225 736/1251/160
f 736/1251/160 732/1248/225 729/1252/223
f 730/1253/223 729/1252/223 732/1248/225
f 730/1253/223 732/1248/225 731/1254/223
f 731/1254/223 732/1248/225 737/1255/223
f 738/1256/223 737/1255/223 732/1248/225
f 739/1257/223 738/1256/223 732/1248/225
f 740/1258/225 739/1257/223 732/1248/225
f 741/1259/383 740/1258/225 732/1248/225
f 742/1260/897 741/1259/383 732/1248/225
f 759/1261/898 756/1262/898 755/1263/898
f 759/1261/899 760/1264/899 756/1262/899
f 760/1264/900 761/1265/900 756/1262/900
f 761/1265/901 757/1266/901 756/1262/901
f 762/1267/902 749/1268/902 744/1269/902
f 762/1267/903 763/1270/903 749/1268/903
f 763/1270/904 751/1271/904 749/1268/904
f 761/1272/905 758/1273/905 757/1274/905
f 761/1272/906 764/1275/906 758/1273/906
f 764/1275/907 752/1276/907 758/1273/907
f 764/1275/908 765/1277/908 752/1276/908
f 765/1277/909 753/1278/909 752/1276/909
f 765/1277/910 766/1279/910 753/1278/910
f 766/1279/911 750/1280/911 753/1278/911
f 766/1279/912 767/1281/912 750/1280/912
f 767/1282/913 748/1283/913 750/1284/913
f 33/1285/914 32/1286/914 34/1287/914
f 31/1288/915 32/1286/915 30/1289/915
f 31/1288/916 34/1287/916 32/1286/916
f 148/1290/917 147/1291/917 151/1292/917
f 151/1293/918 154/1294/918 159/1295/918
f 168/1296/919 167/1297/919 173/1298/919
f 173/1298/920 176/1299/920 179/1300/920
f 193/1301/921 198/1302/921 201/1303/921
f 210/1304/922 209/1305/922 215/1306/922
f 240/1307/923 239/1308/923 148/1290/923
f 625/1309/924 630/1310/924 633/1311/924
f 633/1311/925 636/1312/925 639/1313/925
f 653/1314/926 652/1315/926 657/1316/926
f 657/1316/927 660/1317/927 665/1318/927
f 665/1319/928 668/1320/928 671/1321/928
f 677/1322/929 682/1323/929 685/1324/929
f 685/1325/930 688/1326/930 691/1327/930
f 167/1297/931 168/1296/931 159/1295/931 162/1328/931
f 151/1292/932 147/1291/932 154/1329/932
f 159/1295/933 154/1294/933 162/1328/933
f 184/1330/934 185/1331/934 179/1300/934 176/1299/934
f 173/1298/935 167/1297/935 176/1299/935
f 192/1332/936 193/1301/936 185/1333/936 184/1334/936
f 209/1335/937 210/1336/937 201/1303/937 204/1337/937
f 193/1301/938 192/1332/938 198/1302/938
f 201/1303/939 198/1302/939 204/1337/939
f 223/1338/940 224/1339/940 215/1306/940 218/1340/940
f 215/1306/941 209/1305/941 218/1340/941
f 227/1341/942 228/1342/942 224/1339/942 223/1338/942
f 233/1343/943 234/1344/943 228/1345/943 227/1346/943
f 239/1308/944 240/1307/944 234/1344/944 233/1343/944
f 611/1347/945 612/1348/945 606/1349/945 605/1350/945
f 148/1290/946 239/1308/946 147/1291/946
f 619/1351/947 620/1352/947 612/1353/947 611/1354/947
f 624/1355/948 625/1309/948 620/1352/948 619/1351/948
f 644/1356/949 645/1357/949 639/1358/949 636/1359/949
f 625/1309/950 624/1355/950 630/1310/950
f 633/1311/951 630/1310/951 636/1312/951
f 652/1315/952 653/1314/952 645/1357/952 644/1356/952
f 676/1360/953 677/1322/953 671/1321/953 668/1320/953
f 657/1316/954 652/1315/954 660/1317/954
f 665/1319/955 660/1361/955 668/1320/955
f 698/1362/956 699/1363/956 691/1327/956 694/1364/956
f 677/1322/957 676/1360/957 682/1323/957
f 685/1324/958 682/1323/958 688/1365/958
f 691/1327/959 688/1326/959 694/1364/959
f 605/1350/960 606/1349/960 699/1363/960 698/1362/960
l 33 35
l 141 142
l 746 745
l 754 755
l 3 5
l 16 20
l 25 3
l 575 579
l 576 579
l 748 746
l 143 141
l 477 577
l 744 747
l 5 10
l 10 13
l 13 16
l 20 25
l 576 577
l 754 751
l 139 140
l 745 747
l 29 28
l 30 29
