# Blender 5.1.1
# www.blender.org
mtllib cuerpo.mtl
o cuerpo
v -8.787394 116.393417 -22.056705
v -8.972492 116.581818 -22.381193
v -8.922813 116.758568 -21.944954
v -8.706053 116.493469 -22.605595
v -8.373205 116.643311 -21.530046
v -8.883430 117.134926 -21.707876
v -8.154064 117.154907 -21.422573
v -7.877534 117.102913 -22.000988
v -8.019634 116.940781 -22.398733
v -8.310528 116.783997 -22.632973
v -7.423128 115.581139 -20.967800
v -7.506347 115.760353 -20.835949
v -7.492549 115.554977 -20.859549
v -7.640236 115.552834 -21.014849
v -7.409708 115.992142 -21.115572
v -7.430785 115.851089 -20.950037
v -7.617990 115.674942 -20.815126
v -7.673962 115.583488 -20.894026
v -7.460521 115.604507 -21.080576
v -7.609986 116.133492 -20.920027
v -7.596762 115.997299 -21.279400
v -7.715243 116.012070 -20.916744
v -7.473067 116.040939 -21.247269
v -7.831476 116.401573 -21.090336
v -7.811866 116.120544 -21.094658
v -7.738698 116.023087 -21.213615
v -8.130396 115.721802 -22.043367
v -7.807218 115.597504 -21.889347
v -8.231610 116.040985 -21.963402
v -7.739590 115.674767 -21.807539
v -7.582227 116.434761 -21.294430
v -7.487751 116.114456 -21.001625
v -7.576929 116.235420 -21.425755
v -7.865664 116.318375 -21.412575
v -7.675948 116.199112 -21.433104
v -7.754758 116.301682 -21.537546
v -7.668599 116.305046 -21.518764
v -7.711887 116.351318 -21.479668
v -8.229432 115.536385 -22.196270
v -8.341278 115.612083 -22.318911
v -7.929945 116.378128 -21.270109
v -7.804741 116.798683 -21.178789
v -8.057472 116.472900 -21.352062
v -8.317597 116.274307 -21.841246
v -8.255307 116.893326 -21.364592
v -8.389177 115.686249 -22.435898
v -8.014276 115.574226 -22.534351
v -7.681301 115.900024 -21.702360
v -7.547196 115.806931 -21.610409
v -7.643651 116.433189 -21.461941
v -7.512590 115.936623 -21.528925
v -7.485554 116.344833 -21.770239
v -7.333634 116.108276 -21.620584
v -7.390050 115.942200 -21.536266
v -7.530908 116.497253 -21.519394
v -7.402863 115.873276 -21.927923
v -7.799460 116.206078 -22.246801
v -8.243039 115.982246 -22.577984
v -7.552830 116.201775 -22.003857
v -7.686613 116.822159 -21.378244
v -7.903393 117.092865 -21.624308
v -7.838798 116.871124 -21.991096
v -8.013865 116.699692 -22.332661
v -8.197369 116.394669 -21.634422
v -8.534160 116.016785 -22.220161
v -8.854719 116.285995 -22.358818
v -8.621750 116.225494 -22.613390
v -8.355126 116.454132 -22.564939
v -6.960097 114.831215 -21.490158
v -7.068574 114.892639 -21.256880
v -6.887801 114.750328 -21.290861
v -7.096007 114.984421 -21.654657
v -7.211144 114.896553 -21.337032
v -7.000673 115.224243 -21.480494
v -7.198665 115.231712 -21.374216
v -7.309075 115.223816 -21.456478
v -7.241523 114.957184 -21.507421
v -7.064840 114.480858 -21.380623
v -6.940233 114.530312 -21.320251
v -7.146356 114.521225 -21.311378
v -7.127224 114.601883 -21.179630
v -6.998196 114.592575 -21.129803
v -6.911980 114.562477 -21.150085
v -7.029831 114.427681 -21.285862
v -7.286843 115.926163 -21.654415
v -7.316112 116.001617 -21.852188
v -7.489457 115.720512 -21.817642
v -7.086545 115.321976 -21.687868
v -7.048748 115.171799 -21.364658
v -7.187047 114.882034 -21.572933
v -7.583609 115.746719 -21.734940
v -7.437905 114.778641 -21.896530
v -7.289968 114.429771 -21.796101
v -7.345709 114.095032 -21.606499
v -7.381614 114.376923 -21.424234
v -7.191432 114.245766 -21.348969
v -7.116515 114.138687 -21.406111
v -7.117213 114.527359 -21.621309
v -7.153101 114.125282 -21.573385
v -7.243047 114.104027 -21.638348
v -7.391155 115.568512 -21.926022
v -7.524528 115.840698 -22.135830
v -7.719200 115.571083 -22.062872
v -7.663326 115.644691 -22.148571
v -7.168103 114.508728 -21.753033
v -7.461272 114.493263 -21.630575
v -7.391066 114.583359 -21.517618
v -7.242860 114.576309 -21.460499
v -7.383814 115.096535 -21.605463
v -7.134155 114.456108 -21.480328
v -7.228419 115.073563 -21.812019
v -7.281429 115.062843 -21.665382
v -7.555228 114.949921 -21.789627
v -7.483750 115.022583 -21.672794
v -7.399614 114.136337 -21.502319
v -7.317146 114.174141 -21.397953
v -7.274765 114.037010 -21.521999
v -7.272743 115.053833 -21.948893
v -7.401064 114.976784 -21.980881
v -7.493001 115.363541 -21.644796
v -7.625229 115.324203 -21.697548
v -7.723485 115.313980 -21.815714
v -7.636367 116.819687 -21.576170
v -7.533774 114.384361 -21.708817
v -7.446960 114.287148 -21.742008
v -7.431161 114.393150 -21.881248
v -7.511126 114.386047 -22.040237
v -7.617581 114.165176 -21.988857
v -7.984532 115.596329 -21.983057
v -8.095730 115.529869 -22.135647
v -7.716188 115.617256 -22.168783
v -7.810279 115.744652 -22.372681
v -7.591279 114.935074 -22.216637
v -7.877096 115.583313 -21.919502
v -7.888305 114.961212 -22.038063
v -7.768535 114.565559 -22.073524
v -7.650602 114.907585 -21.843822
v -7.543890 114.914017 -21.937120
v -7.648021 114.500015 -22.118996
v -7.453675 114.085571 -21.744574
v -7.693397 114.073318 -21.903128
v -7.708861 114.081604 -21.790016
v -7.573826 114.112137 -21.660110
v -7.576905 114.001053 -21.819817
v -7.549638 114.030807 -21.898870
v -8.082789 114.402115 -22.243271
v -7.869128 114.637161 -22.358704
v -8.055645 114.479477 -22.306116
v -8.025246 114.508194 -22.075668
v -7.899402 114.530853 -22.035206
v -7.809934 114.500702 -22.097784
v -7.883962 114.342880 -22.232683
v -8.096256 114.672218 -22.234467
v -7.918862 115.574905 -22.346569
v -8.024109 115.526649 -22.274904
v -7.959927 115.692116 -22.463081
v -8.204497 115.100800 -22.400625
v -8.254554 115.674545 -22.575365
v -8.001165 115.569794 -22.404964
v -7.845646 115.024323 -22.342739
v -8.045300 114.716759 -22.134939
v -7.901736 115.036835 -22.467583
v -8.048185 114.917023 -22.462543
v -7.984013 115.062325 -22.155457
v -8.104048 115.002731 -22.194780
v -8.176517 114.977585 -22.288458
v -7.954787 114.300293 -22.209209
v -8.021489 114.328514 -22.188398
v -7.876783 114.368225 -22.090403
v -7.798027 114.472946 -22.158400
v -7.795719 114.912544 -21.888062
v -7.521258 114.966492 -22.057621
v -7.700436 114.501717 -21.776585
v -7.796524 114.476768 -21.901747
v -11.904809 127.689941 -18.169128
v -11.859505 127.838196 -18.643715
v -11.967843 128.045242 -19.076904
v -12.200981 128.213593 -19.313557
v -12.934380 128.380096 -19.447706
v -13.315551 128.412384 -19.309746
v -12.553369 128.320023 -19.416519
v -13.648820 128.380264 -18.940308
v -12.076097 127.501701 -17.889322
v -13.344709 128.096252 -17.710726
v -12.880013 127.844658 -17.559328
v -13.743141 128.373032 -18.458254
v -12.397275 127.613701 -17.636240
v -13.609346 128.266388 -18.057621
v -10.803240 100.329796 -15.217291
v -10.737557 100.280418 -15.516651
v -10.940737 100.459236 -15.385897
v -10.837978 99.920128 -15.521062
v -10.724298 99.972656 -15.571070
v -11.316543 100.520966 -15.174452
v -11.712755 100.400871 -15.167641
v -11.141927 99.858086 -15.418203
v -10.296214 117.618324 -16.956522
v -10.525186 118.061752 -16.903095
v -10.710371 118.299957 -16.867723
v -10.778322 118.865631 -16.790899
v -10.991921 118.645195 -16.648695
v -10.745066 118.305000 -17.025118
v -10.979531 118.038689 -16.958168
v -9.135180 100.319572 -17.713467
v -9.517467 100.485565 -17.909986
v -9.756262 100.320488 -17.796509
v -11.012634 121.832855 -16.702322
v -11.061376 123.379089 -16.859146
v -12.923242 115.649132 -15.894135
v -12.966024 116.386162 -15.904976
v -13.445330 115.920029 -15.724988
v -13.608146 115.215141 -15.772452
v -13.181779 115.159416 -15.804491
v -12.328190 115.474510 -16.298382
v -11.874898 116.764992 -16.878305
v -12.315784 116.802567 -16.422146
v -11.130644 117.789215 -17.263451
v -11.226171 117.737030 -16.832289
v -11.363049 117.708664 -16.983974
v -11.280725 117.469177 -17.175385
v -10.783687 118.070442 -17.206919
v -10.931183 117.475319 -17.505285
v -12.442416 115.031708 -16.160097
v -13.795955 115.535988 -15.694565
v -12.338580 117.096947 -16.404589
v -11.220330 123.923332 -16.885983
v -11.446880 124.206467 -16.717163
v -11.869905 115.527489 -16.746342
v -11.553926 115.265732 -17.127871
v -11.447312 114.791214 -17.702776
v -13.855930 116.185005 -15.798615
v -14.522901 115.000595 -15.949763
v -14.140418 114.788261 -15.834430
v -16.824387 127.011185 -12.902656
v -16.911999 126.862350 -12.596880
v -16.691473 126.933434 -12.680147
v -16.504663 126.943657 -12.949204
v -8.851845 99.889252 -18.221071
v -12.359758 123.871429 -15.870544
v -11.823728 124.124619 -16.284906
v -12.894622 124.318192 -15.652860
v -12.641692 123.214264 -15.793808
v -12.485063 125.396271 -16.436878
v -12.396838 125.104454 -16.036757
v -17.312038 126.961090 -12.634649
v -17.507519 126.909851 -12.792617
v -17.301910 126.740738 -12.316884
v -17.589985 126.761230 -12.634998
v -13.086957 101.395424 -16.356243
v -13.214785 100.836090 -16.186819
v -13.198991 100.175423 -15.947129
v -12.613276 100.095200 -15.476573
v -13.591985 101.197472 -16.490385
v -17.077507 126.913742 -13.209231
v -16.784628 127.027580 -13.276506
v -17.494656 126.717354 -13.140285
v -12.903345 125.164345 -15.215005
v -8.825825 100.226746 -18.675941
v -11.843628 113.742691 -17.639927
v -12.093792 113.099739 -16.906071
v -11.916354 113.740677 -17.155869
v -12.006691 113.285622 -17.589319
v -17.684551 126.759201 -12.907972
v -13.454809 102.524323 -16.626814
v -13.326215 102.316635 -16.780756
v -12.794304 102.264130 -16.932999
v -10.394487 117.198318 -18.661938
v -10.542624 117.330261 -18.081524
v -12.566972 122.056320 -15.948402
v -13.802478 122.538887 -16.044424
v -13.382894 121.855652 -15.839344
v -13.220968 121.130920 -15.841824
v -16.064939 126.490211 -12.898142
v -15.902967 126.231529 -12.861331
v -16.335566 126.676277 -12.702165
v -15.463965 126.321823 -13.478339
v -15.647787 126.507713 -13.431473
v -16.446306 126.367386 -12.492993
v -13.437787 103.913887 -16.364405
v -13.586172 103.948540 -16.369114
v -13.450104 103.616386 -16.522972
v -13.300927 104.184288 -16.605244
v -13.661918 103.477341 -16.560587
v -13.202538 104.390457 -17.012259
v -13.348314 104.514328 -16.527140
v -13.539964 104.980415 -16.892029
v -12.778566 102.374428 -17.181202
v -12.941316 102.607475 -16.880173
v -12.850977 102.571304 -16.703751
v -12.640614 102.355049 -16.959709
v -12.578768 102.051689 -17.051138
v -12.713438 101.919456 -17.257832
v -12.981681 102.490433 -17.108593
v -18.085217 126.815392 -12.536598
v -18.154207 126.825356 -12.252241
v -11.453665 114.271034 -17.857332
v -11.201649 114.376450 -17.946625
v -11.202366 115.497154 -17.569378
v -16.514214 126.999428 -13.296657
v -16.307384 126.746826 -13.007636
v -16.169975 126.602829 -13.394230
v -16.335745 126.768585 -14.006686
v -16.542536 126.898895 -14.047297
v -13.474115 121.289886 -15.863687
v -13.952620 121.546417 -16.197348
v -14.013067 120.279022 -15.975289
v -13.910366 121.028412 -16.207760
v -15.705004 126.597038 -13.678330
v -13.561868 104.594421 -16.573303
v -13.353440 104.237206 -16.380766
v -16.778269 126.120354 -12.047976
v -16.687069 125.896919 -12.054684
v -16.727922 125.333183 -11.959358
v -14.501104 115.524124 -16.141483
v -13.521885 103.536713 -16.969296
v -13.563217 103.350548 -16.740273
v -13.248428 103.725700 -16.676155
v -13.357829 103.760361 -17.003838
v -14.781771 115.304222 -16.199789
v -12.509469 100.923737 -17.248365
v -12.606949 100.685944 -17.305084
v -12.800716 101.435173 -17.367752
v -12.232178 101.046570 -16.921516
v -13.880017 103.491600 -16.563530
v -13.903851 103.316071 -16.698509
v -13.494941 103.170815 -16.800621
v -16.850101 126.857285 -14.270727
v -16.777931 126.910835 -13.741426
v -13.184558 104.546120 -16.964893
v -14.264235 121.530380 -16.374302
v -14.412252 120.572578 -16.681862
v -15.941490 126.806076 -14.466166
v -15.426989 126.977539 -14.719275
v -16.096334 126.993866 -15.474982
v -15.397727 127.190102 -15.140099
v -14.312004 103.389168 -16.306479
v -14.147185 103.619713 -16.271881
v -13.902014 105.045563 -16.618002
v -14.268096 105.357826 -16.473965
v -14.428738 105.223289 -16.316586
v -13.553861 104.998856 -16.788321
v -13.912740 123.978729 -15.843698
v -14.030494 124.359406 -15.857346
v -13.805405 103.095566 -16.669491
v -14.148908 102.764206 -16.362469
v -14.359985 103.118546 -16.330917
v -14.590445 103.071022 -16.390451
v -14.588945 102.659531 -16.642849
v -14.049878 103.018005 -16.461121
v -14.132592 102.640213 -16.666586
v -14.423187 102.568665 -16.919378
v -13.902953 105.613670 -16.435671
v -13.567857 105.419769 -16.631397
v -13.566038 105.958832 -16.551559
v -16.547003 126.895348 -14.802849
v -17.030764 126.701187 -14.654477
v -14.122074 104.174248 -16.492346
v -14.605494 104.403862 -16.546961
v -14.563843 103.862602 -16.418823
v -14.521435 103.500664 -16.315857
v -14.781676 103.642448 -16.462341
v -10.199832 117.658890 -19.248295
v -10.205034 117.589127 -19.527143
v -14.161327 101.989525 -16.605440
v -14.338285 101.677704 -16.648129
v -13.883939 101.637802 -16.503468
v -13.641522 101.788155 -16.441730
v -14.226057 102.286278 -16.780462
v -14.481229 102.059196 -16.844076
v -14.743469 102.764404 -16.764004
v -14.788232 105.126465 -16.583546
v -15.065616 105.150856 -16.707018
v -14.543287 120.787949 -16.802036
v -14.485888 120.012711 -16.816040
v -13.405434 103.464424 -17.348028
v -13.497608 103.583755 -17.480225
v -13.441059 103.607071 -17.203106
v -13.319333 103.426804 -17.295298
v -10.132542 124.050934 -18.238745
v -9.792524 124.581863 -19.210518
v -10.704559 125.047272 -18.001566
v -10.626634 124.391899 -17.555912
v -10.543879 125.621796 -18.910610
v -10.287809 117.779312 -19.721975
v -10.171698 117.722847 -19.672325
v -10.314775 117.450752 -19.902784
v -10.394102 117.591888 -20.057138
v -10.370150 118.016876 -19.431999
v -10.265000 117.848640 -19.345762
v -16.517729 126.723511 -15.558234
v -16.616365 126.518295 -15.825315
v -13.348481 104.969429 -17.476664
v -13.173542 105.006584 -17.872610
v -13.063398 105.285866 -17.980137
v -14.390805 101.420769 -16.863876
v -13.178514 102.375580 -17.925652
v -13.104001 102.159630 -17.999725
v -12.799316 126.561241 -17.196890
v -11.903736 127.384842 -17.751205
v -11.747209 127.481865 -18.242832
v -12.401487 127.510513 -17.496675
v -12.005635 127.143967 -17.492460
v -13.103386 104.812698 -18.041521
v -13.135266 104.672493 -17.609591
v -13.208113 104.449074 -17.641813
v -13.303847 104.451881 -18.103800
v -13.120156 105.249878 -18.179106
v -17.251524 126.288818 -14.644621
v -17.433826 126.075951 -14.349396
v -17.162380 126.455360 -14.257408
v -17.640100 126.044037 -13.937487
v -10.310342 124.156036 -20.316994
v -9.910578 124.279961 -19.831997
v -14.317066 120.106056 -16.448711
v -14.639454 119.881470 -17.143873
v -14.711414 119.503922 -16.648598
v -14.651003 119.046440 -16.397921
v -14.333304 119.964630 -16.178589
v -11.179309 126.324387 -18.733194
v -11.564085 126.136673 -17.863434
v -11.364027 126.850517 -19.610844
v -11.705815 126.985947 -19.103733
v -11.484241 126.593712 -18.550528
v -13.306258 102.608810 -18.318182
v -13.249497 102.278389 -18.278307
v -13.121342 102.279747 -18.148308
v -11.308486 101.919891 -19.154978
v -10.943541 101.920555 -19.178474
v -10.805595 102.024834 -19.399929
v -11.195868 101.424042 -19.018045
v -11.950902 126.975830 -18.084679
v -11.921973 126.876663 -18.115700
v -11.708998 127.237106 -17.993578
v -13.544958 103.725182 -18.017372
v -13.557720 103.301147 -17.769608
v -13.670699 104.266518 -18.433981
v -13.527489 104.352058 -17.968832
v -10.461244 123.331589 -20.245483
v -13.669247 102.833794 -18.173567
v -13.472203 103.050453 -17.751747
v -13.712766 103.121758 -17.994835
v -11.648188 127.216187 -18.563160
v -10.119061 122.337601 -19.337744
v -10.307531 122.509506 -19.815256
v -10.133502 123.195847 -19.884602
v -14.758864 103.113983 -16.960062
v -14.751516 102.894554 -17.078320
v -10.565585 120.529068 -20.073509
v -10.988317 120.338318 -20.372833
v -10.852606 120.989441 -20.300556
v -11.445635 120.438110 -20.678556
v -13.515068 104.635681 -18.292063
v -14.712399 120.792679 -17.208626
v -14.766758 120.077682 -17.649807
v -14.859243 121.511650 -17.215775
v -14.928001 120.697578 -17.846706
v -10.350822 122.856247 -20.176003
v -10.593199 121.156311 -20.038622
v -10.607601 122.065704 -20.298260
v -10.383764 121.101974 -19.762482
v -8.620300 118.268692 -21.344479
v -8.302655 118.267517 -21.594185
v -8.713250 118.425171 -21.455240
v -13.603171 102.283653 -18.228109
v -13.600342 102.061928 -18.341059
v -13.842313 101.916084 -18.425076
v -14.585906 102.374580 -17.228664
v -14.734503 102.485573 -17.110146
v -14.861040 102.311012 -17.421885
v -14.860086 102.063210 -17.404314
v -14.811937 102.226608 -17.381107
v -14.923815 102.112747 -17.656565
v -8.161311 118.239433 -21.864550
v -8.126431 117.859451 -22.138626
v -8.046939 118.050339 -22.139254
v -8.413919 118.573074 -21.856781
v -11.709955 102.199593 -19.243786
v -11.909185 102.234741 -19.228165
v -11.932829 100.106651 -19.385611
v -11.505202 100.700668 -18.981686
v -12.255512 100.533386 -19.490152
v -11.646340 100.015938 -19.367117
v -11.092330 102.356941 -19.820362
v -10.817038 102.207275 -19.534481
v -10.858279 102.284637 -20.222967
v -11.208170 102.377144 -20.068264
v -11.047509 102.715652 -19.913502
v -11.250656 102.269638 -19.570709
v -11.237085 102.565224 -19.771492
v -9.031288 118.499710 -21.328691
v -11.812505 102.555649 -19.454891
v -8.956666 118.074242 -21.467083
v -14.118152 99.785828 -18.095530
v -14.268848 99.835304 -18.317398
v -13.510198 102.515182 -18.279568
v -13.848516 102.493927 -18.292547
v -13.635740 102.696213 -18.413710
v -14.393044 102.026245 -18.129248
v -14.146716 102.106728 -18.283062
v -14.433817 101.518425 -18.340620
v -14.229923 101.557793 -18.443781
v -11.259677 103.858444 -19.694073
v -11.252157 104.232841 -19.769995
v -10.632677 101.334343 -19.508078
v -10.698089 102.048080 -19.959108
v -16.594357 125.797768 -15.857915
v -16.679043 126.180733 -15.924817
v -16.415792 125.506477 -16.133461
v -16.338739 125.127991 -15.426596
v -16.544659 125.414787 -15.420948
v -16.275677 125.636307 -16.593845
v -11.495294 105.718513 -19.822830
v -10.775680 100.811180 -20.006845
v -10.921325 100.497688 -20.171564
v -10.348809 100.826424 -19.528770
v -11.039213 121.149185 -20.555183
v -10.841720 122.086685 -20.398361
v -12.403529 103.740364 -19.099298
v -12.529656 103.740692 -19.076460
v -12.523630 103.364479 -19.196920
v -11.013681 103.988846 -20.053537
v -11.047215 103.867783 -19.804598
v -14.865681 99.884712 -17.954775
v -14.831863 99.844032 -17.854849
v -12.835374 103.208847 -19.343681
v -12.225048 103.387146 -19.257484
v -11.434201 104.460938 -19.794361
v -11.625657 104.112999 -19.513065
v -11.289260 104.593536 -19.954260
v -11.493900 104.565147 -19.650143
v -11.237965 104.987221 -20.004292
v -11.132515 104.945358 -19.837309
v -15.006344 102.272217 -17.748161
v -14.733147 101.975388 -17.484821
v -14.939610 102.203789 -18.015810
v -11.053190 103.758072 -20.133417
v -11.263784 103.536430 -20.074638
v -11.109519 103.737869 -20.440193
v -11.087998 103.621307 -19.846214
v -11.320104 103.288460 -19.944099
v -11.119899 103.894234 -20.403063
v -11.261162 102.829872 -20.000370
v -11.172379 102.918198 -19.909252
v -11.310234 102.465370 -20.268064
v -11.334291 103.141449 -20.066999
v -14.143932 103.713356 -18.424864
v -14.023791 103.357468 -18.485453
v -14.212944 103.741089 -18.544472
v -12.668836 112.132225 -18.699089
v -12.852866 112.933823 -18.893314
v -13.122912 112.918663 -19.244606
v -13.425887 113.123199 -19.618364
v -13.127326 112.138138 -19.257198
v -9.337650 117.606354 -22.011557
v -9.175425 117.370674 -21.790930
v -9.185688 117.830170 -21.590981
v -9.180689 117.253006 -22.110197
v -9.063279 117.134743 -22.056713
v -9.406381 117.366020 -22.247505
v -16.457548 124.934998 -14.826481
v -12.679644 103.916664 -19.205549
v -12.464181 104.157196 -19.215433
v -12.819355 104.153252 -19.390617
v -14.361710 109.972626 -18.364498
v -13.765382 110.688072 -18.489033
v -13.907112 113.138176 -18.972153
v -13.454777 112.543945 -18.814770
v -13.769962 112.443993 -18.801786
v -13.220323 113.270729 -18.786867
v -11.150691 103.134163 -20.006159
v -11.409097 103.184174 -20.425543
v -10.931315 102.083511 -20.156179
v -9.826475 126.192467 -20.829464
v -9.610350 125.706833 -20.890245
v -14.284758 102.953629 -18.599907
v -14.155802 103.303452 -18.614147
v -13.993392 110.828949 -18.511984
v -8.895887 117.095184 -22.579769
v -15.872965 125.201096 -15.502357
v -16.130121 124.989761 -14.856059
v -15.613457 125.197754 -15.337732
v -15.534163 125.187920 -14.625036
v -15.955593 125.219093 -15.967146
v -11.201296 121.702026 -20.609789
v -11.801325 121.059540 -20.669752
v -11.934950 121.286415 -20.711567
v -11.486587 121.880936 -20.806126
v -15.327660 114.411079 -18.167416
v -15.379666 114.378754 -17.687155
v -15.496967 115.100006 -17.913145
v -15.136169 114.136620 -18.028164
v -12.529004 101.160767 -19.680386
v -12.730653 105.212837 -19.652067
v -12.694352 104.493217 -19.658363
v -14.670321 103.979370 -18.297235
v -14.268420 104.318352 -18.264730
v -14.111846 104.243492 -18.372234
v -14.344026 103.846291 -18.608698
v -14.494732 103.495407 -18.684143
v -15.068764 103.420570 -18.323729
v -15.018486 103.538361 -18.357203
v -9.223866 119.329735 -21.349520
v -9.372971 120.006676 -21.432425
v -14.862610 120.106331 -18.261215
v -14.876402 119.875977 -18.206167
v -9.679378 118.719406 -21.337105
v -15.580517 115.921005 -18.252314
v -15.475423 116.371933 -18.993156
v -15.426252 114.776169 -18.295115
v -15.391025 115.302574 -17.476830
v -15.538502 115.973953 -17.724640
v -14.917212 120.385376 -18.165051
v -14.752796 120.248535 -18.452574
v -12.630077 102.010635 -19.605614
v -9.529715 117.633713 -22.168680
v -9.384113 117.327209 -22.411285
v -9.329882 117.309891 -22.540779
v -14.817268 113.755737 -18.617710
v -15.069360 114.167892 -18.710211
v -14.889397 114.214317 -18.915718
v -14.439535 112.916016 -18.803308
v -14.635054 113.019852 -18.721060
v -14.471351 113.299080 -18.785324
v -14.463041 113.373329 -18.821686
v -14.242317 113.054688 -18.953785
v -13.945032 112.924034 -18.905943
v -8.878016 119.299721 -21.498550
v -9.630702 120.090073 -21.359875
v -9.717690 119.936935 -21.443649
v -9.548503 120.211006 -21.357935
v -9.938123 120.245338 -21.385239
v -9.031462 117.453308 -22.892405
v -8.957505 117.210922 -22.663710
v -15.254501 122.053146 -17.857277
v -14.991969 121.504959 -17.559412
v -15.133920 122.240074 -17.289097
v -13.013913 105.476906 -19.880074
v -12.627729 104.636749 -19.720888
v -11.146664 106.124275 -20.660238
v -11.237411 105.958954 -20.971283
v -9.336824 121.729950 -21.510023
v -9.340872 122.218605 -21.314901
v -9.799612 122.497704 -21.024925
v -10.081127 122.309082 -20.864408
v -10.088843 121.767799 -21.101131
v -10.148084 121.302132 -21.209682
v -9.982867 121.159653 -21.313988
v -12.708217 103.813454 -19.439880
v -12.765487 103.826225 -19.813492
v -13.692774 114.043068 -18.979998
v -14.510999 114.247543 -18.947922
v -14.216329 114.752403 -19.217463
v -12.838958 102.573067 -19.598907
v -12.580172 102.603836 -19.569450
v -13.075302 102.467430 -19.843275
v -12.673318 102.168518 -19.385607
v -15.654903 123.124344 -18.096718
v -15.456203 122.652580 -18.261951
v -10.363521 123.432732 -20.704758
v -9.986260 123.788010 -20.569160
v -10.246647 124.278419 -20.636694
v -10.673293 124.597908 -20.723869
v -10.875772 122.527214 -21.102158
v -10.412965 122.295830 -20.989807
v -10.098218 120.513245 -21.399483
v -11.068501 124.762550 -20.619057
v -10.967393 124.592461 -20.786018
v -9.966805 125.000473 -20.284286
v -10.664404 124.966415 -20.327900
v -11.052286 123.524643 -20.956308
v -12.929369 101.594147 -20.043560
v -12.879397 102.002388 -20.324642
v -12.975935 101.775024 -20.399979
v -12.757761 101.561729 -19.769539
v -13.026378 101.310059 -20.407068
v -11.365506 103.501961 -20.884802
v -11.362812 103.449188 -21.063200
v -11.248647 103.700684 -20.927370
v -9.831482 121.094658 -21.540939
v -9.634748 121.376099 -21.575497
v -10.042086 120.004501 -21.389778
v -10.544517 120.413589 -21.355436
v -11.401309 102.592911 -20.454285
v -11.280227 102.470734 -20.608732
v -11.324595 102.565369 -20.921783
v -11.407676 102.669006 -20.606035
v -9.781893 119.425858 -21.383554
v -10.100297 119.264000 -21.517427
v -11.323291 107.595093 -21.058653
v -11.531246 106.085609 -21.328510
v -11.431538 108.309036 -21.225698
v -10.943519 107.788803 -20.822863
v -8.716199 118.275452 -22.639147
v -9.095963 118.573532 -22.769123
v -8.913683 118.949371 -22.849369
v -8.837780 117.405472 -23.037024
v -9.055267 117.612953 -22.983219
v -14.615407 119.229599 -18.956451
v -14.580221 119.405457 -19.047607
v -14.485254 119.163567 -19.101488
v -14.475310 119.203171 -19.317883
v -10.557761 122.135635 -21.136042
v -10.454602 121.789291 -21.004780
v -10.879720 122.116005 -21.290657
v -9.387511 117.676949 -22.899137
v -9.440634 117.690689 -22.805801
v -9.193064 117.888626 -22.931137
v -12.985984 106.109238 -19.717419
v -12.985306 105.095901 -20.072233
v -11.170964 124.872757 -20.938148
v -9.172436 121.680801 -21.987669
v -9.361223 121.469757 -21.975851
v -9.244989 122.230614 -21.771149
v -9.228348 121.378334 -22.259371
v -9.240773 121.522545 -22.433842
v -8.875611 119.087181 -22.590374
v -8.694378 119.109314 -22.350929
v -8.638007 118.953049 -22.656555
v -8.427296 118.804497 -22.343740
v -14.481206 119.461357 -19.389343
v -14.444466 119.322701 -19.501448
v -10.184763 120.903999 -21.261616
v -10.571581 121.065117 -21.242081
v -15.558342 123.313377 -18.593405
v -15.298295 122.707245 -18.658236
v -8.442095 118.706741 -22.621952
v -8.356930 117.994926 -22.637667
v -8.638080 117.774536 -22.816252
v -13.352562 113.461761 -20.242674
v -13.343588 113.024712 -20.102613
v -13.506064 113.166214 -19.833080
v -13.251238 112.770386 -20.384905
v -13.258702 112.852997 -20.559523
v -12.968719 99.827599 -20.137253
v -14.162371 118.914482 -20.041180
v -14.239979 119.236298 -19.583920
v -11.578438 102.258026 -20.629154
v -12.166590 102.327309 -20.856319
v -11.606852 102.628677 -21.138912
v -11.973999 120.034332 -20.772173
v -12.022494 119.621269 -20.853153
v -11.953225 118.738899 -21.174822
v -12.271315 119.123810 -21.110435
v -12.609464 119.645897 -20.810440
v -11.951775 101.780800 -20.794037
v -11.733791 101.844734 -20.785313
v -12.197189 101.880920 -20.789009
v -14.378058 119.056778 -19.493799
v -14.687094 118.854202 -19.391901
v -9.215403 121.182892 -22.209219
v -9.341166 120.980347 -22.336645
v -13.407278 113.837860 -20.489079
v -13.158775 113.744370 -20.538349
v -13.041263 113.731804 -20.549280
v -11.681084 104.989723 -21.335691
v -11.421083 103.878319 -21.200466
v -11.485793 103.791710 -21.287790
v -11.527975 104.999992 -21.113712
v -11.815324 103.887817 -21.410841
v -13.263036 106.378426 -20.315485
v -13.223667 105.789726 -20.605448
v -13.211535 105.541756 -20.228722
v -12.507411 118.961403 -20.969767
v -13.046578 118.784088 -20.897017
v -12.720221 119.425247 -20.714739
v -12.073750 118.107719 -21.142727
v -12.543575 117.868774 -21.087717
v -12.947309 120.376572 -20.483080
v -13.191460 120.305107 -20.499495
v -12.797826 120.532570 -20.584068
v -12.954256 120.541870 -20.531265
v -11.851451 102.916611 -21.198664
v -11.409595 102.720688 -21.128777
v -11.780225 103.682648 -21.369118
v -12.538455 102.511726 -21.056154
v -12.648487 102.751350 -20.937670
v -13.237501 111.940765 -20.580614
v -13.379229 114.467880 -20.420530
v -13.481796 113.915894 -20.347567
v -13.188046 103.139381 -20.374977
v -12.727724 110.412003 -20.694431
v -13.007967 111.176239 -20.698908
v -9.168600 120.222237 -22.649208
v -9.232237 120.561417 -22.589348
v -8.921955 119.817177 -22.386757
v -12.848593 109.524773 -20.636566
v -12.720285 109.978264 -20.659988
v -12.175679 110.339584 -20.901972
v -15.151335 117.031174 -19.452562
v -14.567597 116.383835 -19.985136
v -15.247584 116.197266 -19.331108
v -13.180406 102.548538 -20.289669
v -12.980703 102.268242 -20.774492
v -12.896212 103.748642 -20.289871
v -12.842540 104.088593 -19.860893
v -13.011723 104.010811 -20.854897
v -13.157898 103.529602 -20.732164
v -12.357163 102.436409 -21.054115
v -15.885757 124.069092 -18.041159
v -15.885823 124.351616 -18.032858
v -15.406538 124.258820 -19.061155
v -12.392759 114.507835 -21.395046
v -12.353070 114.967499 -21.359037
v -10.809345 121.478386 -21.482513
v -10.822983 120.895599 -21.406883
v -12.212897 103.117950 -21.047821
v -12.218027 115.283615 -21.488857
v -12.066289 114.609810 -21.436401
v -12.168769 115.780113 -21.497709
v -12.576569 115.493813 -21.445847
v -12.941561 104.506432 -20.318842
v -12.935324 104.763100 -20.742098
v -12.893891 104.448730 -20.812149
v -9.628830 121.842316 -22.400671
v -13.191717 103.108673 -20.676998
v -13.225703 102.764656 -20.352955
v -13.198627 102.750694 -20.757027
v -14.652040 126.724365 -19.182209
v -15.104986 126.607620 -18.635149
v -14.763572 127.085037 -18.509731
v -14.053960 127.613495 -19.029514
v -12.567728 102.149849 -20.963831
v -12.571028 102.317070 -21.032316
v -12.356831 102.213196 -20.908587
v -13.101747 102.462784 -20.803141
v -13.195427 127.133141 -20.403551
v -13.608948 126.832596 -20.288937
v -12.837483 127.444725 -20.283485
v -12.773726 127.205254 -20.510780
v -13.222800 127.563675 -20.051497
v -13.231840 104.883041 -20.498360
v -13.212208 104.711601 -20.086216
v -13.304256 105.034378 -20.377102
v -13.302363 105.339012 -20.508284
v -13.513263 115.061821 -20.785563
v -13.487621 115.155571 -21.105633
v -13.359490 114.736877 -21.010540
v -13.680001 115.701630 -21.007133
v -10.743078 124.242554 -22.370390
v -14.141190 116.596703 -20.774389
v -13.698505 116.906540 -21.094009
v -14.184019 116.190247 -20.551037
v -13.501007 116.056839 -21.216459
v -12.797533 104.691406 -21.126648
v -13.083754 104.984940 -20.935890
v -12.841583 104.794556 -21.253567
v -12.948447 105.983284 -21.099697
v -12.479714 105.106682 -21.500715
v -12.659273 104.481155 -21.405369
v -12.063742 124.415108 -21.710577
v -12.123915 123.773674 -21.678940
v -12.256801 124.910233 -21.823374
v -11.640255 125.165245 -21.353552
v -10.309903 123.319572 -22.540855
v -10.511975 123.057327 -22.669954
v -10.778192 123.840721 -22.314022
v -12.680305 123.005020 -21.545841
v -13.548485 123.378479 -21.206839
v -12.718687 123.822144 -21.684727
v -12.384962 123.210770 -21.640476
v -12.836249 122.219238 -21.384241
v -11.630491 124.248192 -21.600172
v -11.505917 124.927834 -21.327770
v -11.563863 125.048431 -21.461334
v -11.588348 123.635216 -21.948261
v -10.918682 123.987038 -22.272366
v -11.200049 123.707878 -22.213764
v -10.994000 124.210938 -22.349678
v -10.767965 124.689178 -22.454720
v -11.074553 124.532036 -22.241720
v -9.937064 121.101570 -22.917130
v -10.125690 121.211220 -22.901438
v -11.434266 124.025024 -21.936764
v -11.156196 124.124329 -22.256069
v -11.257835 124.731026 -22.225691
v -11.157950 125.191147 -22.177608
v -11.362224 124.297760 -21.976006
v -11.501816 124.502342 -21.755037
v -11.501109 125.181770 -22.110880
v -10.482286 122.052986 -22.851271
v -12.886834 102.130615 -20.612097
v -14.088499 122.695229 -16.090429
v -13.602646 121.806923 -15.995418
v -12.938469 120.742035 -15.960859
v -13.502328 120.200081 -15.899468
v -13.948407 119.192444 -15.976676
v -13.478533 118.739655 -15.816217
v -13.954452 118.033035 -15.851153
v -14.725673 118.021957 -16.448185
v -14.374530 118.028534 -16.123964
v -15.014142 118.850456 -16.744255
v -15.098525 118.002541 -16.899456
v -14.840221 117.934677 -16.705675
v -15.265023 117.958603 -17.220875
v -15.362972 117.931351 -17.588690
v -15.166594 117.872223 -17.574469
v -15.195637 117.711182 -17.647783
v -14.889813 117.816856 -16.811840
v -15.311290 117.207695 -17.498295
v -15.151100 117.906189 -18.650833
v -15.399251 117.287636 -18.689661
v -15.575421 116.555496 -18.530373
v -15.516710 116.916603 -18.065193
v -15.031432 117.554016 -19.389902
v -14.693571 117.851822 -19.613165
v -14.825744 117.977982 -19.367762
v -14.649731 118.496361 -19.590767
v -14.183012 117.775604 -20.305307
v -13.965799 117.964813 -20.415173
v -13.727420 117.475624 -20.884293
v -13.208117 116.981979 -21.317844
v -12.366086 117.091660 -21.319851
v -13.088863 115.761047 -21.371130
v -11.406711 117.115555 -21.146078
v -11.776911 115.963463 -21.414566
v -11.347879 115.818237 -21.224686
v -11.572411 114.783607 -21.263939
v -11.008933 115.709526 -21.178265
v -10.913826 115.184631 -21.201775
v -10.636782 114.804428 -20.948622
v -10.906596 110.884430 -20.828110
v -10.683782 110.099434 -20.406874
v -10.471847 110.698746 -19.839777
v -10.446277 110.400459 -19.358622
v -10.502825 109.417603 -19.479845
v -10.669039 108.276756 -19.918365
v -10.611519 107.617966 -19.792683
v -10.915327 108.355125 -19.451778
v -10.885863 107.694229 -19.670910
v -11.243081 106.385742 -19.770910
v -11.826993 106.992233 -19.330866
v -11.596189 106.043205 -19.707880
v -12.111330 106.763466 -19.341261
v -12.033075 106.090935 -19.534763
v -12.471852 106.281151 -19.449577
v -12.253513 105.102486 -19.544119
v -12.379937 104.471336 -19.607021
v -12.687026 106.435982 -19.499180
v -12.648262 107.543137 -19.388510
v -13.003064 107.613602 -19.595009
v -13.028380 106.876068 -19.746716
v -13.207651 106.538025 -20.042677
v -13.252854 106.971375 -20.339472
v -13.184087 107.567986 -20.767174
v -13.135283 105.737144 -20.907297
v -12.789735 106.887550 -21.298859
v -12.545010 107.241821 -21.444355
v -12.250033 106.808304 -21.543839
v -12.017909 106.714417 -21.536041
v -11.920476 105.047180 -21.524403
v -11.285465 105.457283 -21.099836
v -11.193911 105.274811 -20.901176
v -11.250628 105.227074 -20.618742
v -11.105489 104.730392 -20.613815
v -11.324611 104.919571 -20.142426
v -11.130991 105.856735 -20.215212
v -11.055510 105.497513 -20.013292
v -10.911523 105.482399 -19.968876
v -11.141113 105.016739 -19.718176
v -11.489890 104.631004 -19.486902
v -10.878478 105.438438 -19.792480
v -11.314349 105.216827 -19.546831
v -12.349319 104.144157 -19.106215
v -11.780198 104.461700 -19.203629
v -11.820096 104.132912 -19.277523
v -12.105378 104.074951 -19.091141
v -11.925172 104.007111 -19.163729
v -11.635764 103.794434 -19.379454
v -12.123938 103.584427 -19.370996
v -11.833714 103.269104 -19.518457
v -11.422176 103.084488 -19.596106
v -11.119053 103.005081 -19.778015
v -11.272278 103.137169 -19.902538
v -11.148571 102.838570 -19.769377
v -11.620342 102.853630 -19.618771
v -12.047739 103.013504 -19.522604
v -11.749939 102.961281 -19.602631
v -12.434981 102.836372 -19.627806
v -12.556275 102.267448 -19.340149
v -12.377751 102.077110 -19.229311
v -11.894258 101.952522 -19.136568
v -12.844584 100.179749 -19.865082
v -12.632385 100.206299 -19.701239
v -12.816528 99.812691 -19.871983
v -12.342069 99.785919 -19.551556
v -12.094247 99.756767 -20.197353
v -11.873074 99.770874 -19.546307
v -11.227157 99.916443 -18.993326
v -10.781305 99.850632 -18.536028
v -10.806823 99.953415 -18.409281
v -11.572407 100.327820 -19.124250
v -10.925307 100.340622 -18.536140
v -10.534493 100.608139 -18.406857
v -11.424735 101.156090 -18.959564
v -10.177341 100.765747 -18.658342
v -10.785202 101.498573 -19.142244
v -10.410412 101.107391 -19.106693
v -10.658639 101.520676 -19.302553
v -10.002375 100.704498 -18.970804
v -9.923388 100.454361 -19.408047
v -9.502948 100.417488 -18.994482
v -9.340360 99.891220 -19.283789
v -9.935521 100.184326 -19.640553
v -9.931217 99.957924 -19.717573
v -10.586309 99.876228 -19.949545
v -11.219202 100.008827 -20.316555
v -11.399550 100.307953 -20.455652
v -11.204458 99.975403 -20.175529
v -11.707562 99.860870 -20.653248
v -11.502892 99.836899 -20.327610
v -12.075801 99.795929 -20.566452
v -11.722899 99.830917 -19.853539
v -11.952455 99.761749 -19.407286
v -12.835815 99.855072 -20.769220
v -12.301600 99.869461 -20.877266
v -12.224840 100.165222 -20.932829
v -11.874198 100.478920 -20.707563
v -11.737614 100.997925 -20.621832
v -11.920665 101.475098 -20.814554
v -11.708039 101.326271 -20.741226
v -11.509330 101.589493 -20.651205
v -11.417903 101.785614 -20.482763
v -11.141772 101.531189 -20.247980
v -11.807498 102.148170 -20.647633
v -12.122305 102.001999 -20.909264
v -12.438764 101.363747 -20.890434
v -12.212777 100.561607 -20.815407
v -12.695753 100.487503 -20.844776
v -12.590447 100.149963 -20.959307
v -12.877637 100.106285 -20.824810
v -13.003893 100.961296 -20.504915
v -12.842639 100.953583 -20.788080
v -13.000614 100.111809 -20.681461
v -13.078245 100.135735 -20.489187
v -13.001618 99.851250 -20.482218
v -13.065638 100.139694 -20.196381
v -12.972149 100.583282 -20.228857
v -12.891736 101.024979 -20.114147
v -12.956973 101.756897 -20.756382
v -12.951736 101.461365 -20.824524
v -12.864274 101.981773 -20.619385
v -12.113625 101.758995 -20.741009
v -10.846596 99.865730 -19.602001
v -10.359428 99.815735 -19.068861
v -9.600079 99.849350 -18.205011
v -10.041119 99.798576 -17.997168
v -9.797286 99.877335 -17.751448
v -10.316520 99.895462 -18.028170
v -9.756921 100.123940 -17.705627
v -10.257355 100.151413 -17.972868
v -10.323578 100.724747 -18.522097
v -9.120039 100.450203 -18.072203
v -8.999528 100.368721 -18.611444
v -9.705096 100.606400 -18.370399
v -8.898094 100.369156 -18.365009
v -8.817558 100.291733 -17.888588
v -8.714905 100.280426 -18.268301
v -8.646414 100.069962 -18.072777
v -8.620390 100.069313 -18.281935
v -8.703601 100.046204 -18.571314
v -8.956802 99.861290 -18.894861
v -9.266455 99.803497 -19.079872
v -9.737654 99.780289 -18.866684
v -9.339696 99.876717 -17.680742
v -9.111792 99.858040 -17.758068
v -8.763170 100.035316 -17.852337
v -8.945020 100.056458 -17.702045
v -8.745487 99.937782 -17.972662
v -8.724552 99.869026 -18.479324
v -9.303013 100.023582 -17.618496
v -12.542651 101.937317 -19.298830
v -12.570005 102.058830 -19.361444
v -12.900223 102.853996 -19.513071
v -12.681325 103.630371 -19.228912
v -13.076602 102.965775 -19.684507
v -13.143441 102.706879 -19.754543
v -12.836644 103.568192 -19.988214
v -12.064526 103.153793 -19.316753
v -11.297795 103.508751 -19.688122
v -11.241547 103.580620 -19.643591
v -12.043946 104.537018 -19.442194
v -11.257607 105.454376 -19.743252
v -12.101225 104.714134 -19.599012
v -11.231168 105.710175 -19.876947
v -10.795528 106.060432 -19.954187
v -11.052549 106.075409 -19.926807
v -10.626433 106.765816 -19.885452
v -10.698867 108.397308 -20.272848
v -10.765287 107.567505 -20.588865
v -10.955671 109.401001 -20.825453
v -11.270093 110.494064 -21.145092
v -10.917567 113.299843 -21.115515
v -11.505604 111.678207 -21.212879
v -11.199840 112.232353 -21.226969
v -11.100540 113.793930 -21.252068
v -11.599434 112.312950 -21.102318
v -11.320837 113.798149 -21.261818
v -11.976572 112.745972 -21.232935
v -12.003915 113.681885 -21.263466
v -12.270822 114.576889 -21.458290
v -12.604265 113.629135 -21.283630
v -12.917786 112.993866 -21.019976
v -12.891191 113.428650 -20.906796
v -12.974570 113.489624 -20.602837
v -12.593764 114.807388 -21.149117
v -13.071199 115.136360 -21.231932
v -13.257464 114.273422 -20.811287
v -13.452394 114.285027 -20.682283
v -12.475928 113.131569 -21.207190
v -12.618847 111.477844 -20.974377
v -12.263889 110.739510 -20.870190
v -11.944906 111.029572 -20.978228
v -12.057040 109.669159 -21.247452
v -11.905146 109.644524 -21.348434
v -12.026376 108.426582 -21.398447
v -11.753434 109.463341 -21.333385
v -11.794730 107.747292 -21.407179
v -11.304098 109.313843 -21.113173
v -12.225638 108.806107 -21.365494
v -11.750792 106.576279 -21.453064
v -12.752376 107.781357 -21.198429
v -13.056130 108.235176 -20.804014
v -13.179762 108.097298 -20.756107
v -13.133617 109.043846 -20.652580
v -13.148895 109.883003 -20.585035
v -13.206772 110.517632 -20.342693
v -13.207104 110.616486 -20.552776
v -13.135614 111.292397 -20.008978
v -13.049552 111.170593 -19.491222
v -13.221705 112.252106 -19.597656
v -12.855470 110.200836 -19.160374
v -12.607393 111.706856 -18.688112
v -12.354930 110.461487 -18.711130
v -12.081175 111.699280 -18.460285
v -12.259883 112.564331 -18.379833
v -12.338244 113.190849 -18.389175
v -12.776486 113.449020 -18.704205
v -12.996606 113.756767 -18.890907
v -13.162720 113.884697 -19.132309
v -13.366889 113.378830 -19.582783
v -13.464181 113.604630 -19.882893
v -13.330760 114.451866 -19.625584
v -13.288785 114.438782 -19.976576
v -13.817760 115.211273 -20.278015
v -13.672204 114.858269 -19.815624
v -14.033166 115.514740 -20.064472
v -13.940635 115.660240 -20.536289
v -14.265723 115.969498 -20.002216
v -14.641199 116.769478 -20.038492
v -14.213236 117.077591 -20.615837
v -14.404100 115.781364 -19.698933
v -14.484385 115.168335 -19.314854
v -15.023876 115.207405 -19.161428
v -15.287408 114.717705 -18.653870
v -14.707576 113.886406 -18.948492
v -14.059591 113.859390 -18.902784
v -14.326306 113.456116 -19.021391
v -13.422658 113.912086 -18.889254
v -13.040562 114.025459 -18.752241
v -13.790199 114.662262 -19.180286
v -13.262782 114.418266 -19.002918
v -13.664014 114.981148 -19.260448
v -13.513651 114.720657 -19.298605
v -13.975171 115.293488 -19.467127
v -14.029017 115.489655 -19.713366
v -13.144272 114.082520 -19.146786
v -13.108397 114.233337 -19.013243
v -12.952351 114.162971 -18.836107
v -12.889339 114.201752 -18.736454
v -12.521628 113.821144 -18.496313
v -12.376930 113.349785 -18.332806
v -12.762521 113.753586 -18.651823
v -12.939242 113.177238 -18.657145
v -12.887321 112.597031 -18.538673
v -13.361045 111.739502 -18.558897
v -13.832467 111.936600 -18.770489
v -14.509517 111.388603 -18.623116
v -14.699354 112.582565 -18.614277
v -14.854102 112.738441 -18.495796
v -15.066826 112.842995 -18.101446
v -15.199394 113.217506 -17.785696
v -15.034180 113.839989 -18.014420
v -15.320041 113.983688 -17.479572
v -15.314312 113.868217 -17.352446
v -15.057737 114.131996 -16.922176
v -15.355631 114.307022 -17.319187
v -15.153479 114.888145 -16.942326
v -15.120656 116.496811 -16.894096
v -15.398329 116.235130 -17.364119
v -14.874860 117.189423 -16.651299
v -14.967699 117.491005 -16.873236
v -14.329064 117.754105 -16.211189
v -13.957337 117.938347 -15.946661
v -13.597040 117.926514 -15.867830
v -13.501875 118.010910 -15.713457
v -12.920238 117.966515 -15.678110
v -12.255389 118.372353 -15.844614
v -12.816930 119.264511 -15.840059
v -11.546352 119.426559 -16.169991
v -11.682586 120.928391 -16.270327
v -12.240771 120.967491 -16.111601
v -11.710793 121.921120 -16.314663
v -11.471849 123.061539 -16.378065
v -10.896820 121.847694 -16.695028
v -11.178807 119.569893 -16.513355
v -10.970485 119.762161 -16.616613
v -10.624589 118.898636 -16.525656
v -10.700701 119.221786 -16.555939
v -10.824021 120.237221 -16.659845
v -10.466552 119.228317 -16.832783
v -10.550917 120.197144 -16.895105
v -10.796483 120.969925 -16.749826
v -10.655152 122.735931 -17.056101
v -10.843149 122.754128 -16.821135
v -10.773087 123.495476 -17.064449
v -11.025940 125.888512 -18.368671
v -10.824050 124.323563 -17.395741
v -10.878132 124.393555 -17.293854
v -11.338812 125.279205 -17.205917
v -11.647691 125.300980 -17.140329
v -11.821409 124.909935 -16.697001
v -12.124631 125.506332 -16.771389
v -12.894878 126.219330 -16.623972
v -12.633317 125.757080 -16.334198
v -14.064981 126.960091 -16.018425
v -12.684141 125.260429 -15.537949
v -12.728011 125.268188 -15.262430
v -14.183838 126.903961 -15.770060
v -14.732388 127.208015 -15.375546
v -14.160114 126.656105 -15.473515
v -15.113631 126.806931 -14.707995
v -15.018814 126.555344 -14.558828
v -14.966377 126.468567 -14.607788
v -15.371305 126.731575 -14.098999
v -15.028934 126.271561 -14.318879
v -15.541803 126.122528 -13.337975
v -15.249756 126.068413 -13.799938
v -15.565681 125.739243 -13.481738
v -16.356035 125.824799 -12.439551
v -16.380724 125.532661 -12.574149
v -16.126038 125.403351 -13.123276
v -16.641483 125.344719 -12.107477
v -16.606693 125.275581 -12.488207
v -16.866980 125.171082 -11.867672
v -17.010628 125.096306 -12.158764
v -17.467123 125.005798 -12.510469
v -17.109123 124.908859 -13.182610
v -17.199753 124.957764 -12.469955
v -16.704983 124.985588 -12.991444
v -16.008032 125.008652 -13.752623
v -15.792852 125.283806 -13.542357
v -15.682734 125.049530 -14.303930
v -15.357203 125.723770 -13.844906
v -15.118351 125.952438 -14.248142
v -14.838214 126.403114 -15.266930
v -14.248163 126.288582 -15.331680
v -14.171700 124.666428 -15.828300
v -13.318603 124.984222 -15.245527
v -15.021673 126.064240 -15.322346
v -15.404839 125.455658 -15.150610
v -16.392967 124.815193 -14.039793
v -16.171434 124.868294 -14.432499
v -16.695192 124.882904 -14.360084
v -17.457043 125.033791 -13.246839
v -17.627363 125.224205 -13.634033
v -17.925894 125.260857 -12.743670
v -18.116856 125.495888 -12.803118
v -18.237066 125.850433 -12.944899
v -17.997707 125.877106 -13.518806
v -17.996908 125.609756 -13.455143
v -17.727619 125.755676 -14.057785
v -17.314358 125.753342 -14.496010
v -17.253292 125.396698 -14.510179
v -17.524372 125.390938 -14.094030
v -16.770466 125.775429 -15.248892
v -16.746252 125.160606 -14.684251
v -16.876522 126.054893 -15.340452
v -17.016048 126.239426 -14.832924
v -17.390522 125.924850 -14.498253
v -18.239105 126.161827 -12.978950
v -17.833710 126.515076 -13.098013
v -15.415931 125.404022 -15.734859
v -15.464381 125.431923 -16.341011
v -14.635461 124.596489 -16.108238
v -14.774206 123.230103 -16.515284
v -14.487360 123.486702 -16.206100
v -14.683924 122.905830 -16.455610
v -14.785004 122.137451 -16.796652
v -14.465726 122.225677 -16.594236
v -14.278214 123.127289 -16.228949
v -14.190460 122.830704 -16.136707
v -14.492219 121.787750 -16.685408
v -15.004017 122.638153 -16.921923
v -15.074554 123.238205 -16.712549
v -15.328993 123.098602 -17.036589
v -15.515705 122.931259 -17.385399
v -15.366318 123.844261 -16.935427
v -15.691165 125.691315 -16.841114
v -15.940175 124.655998 -17.536364
v -15.657110 125.104973 -16.123419
v -15.927989 125.059753 -16.472950
v -15.847202 125.009201 -16.998055
v -16.126503 125.295654 -16.342134
v -15.878415 125.704178 -17.376753
v -15.312735 125.759247 -18.806505
v -15.531671 126.415871 -17.172689
v -15.700048 126.194595 -17.285891
v -15.883066 125.272217 -17.042391
v -15.198111 126.600006 -17.030842
v -15.774045 125.673668 -17.231245
v -15.530102 126.096710 -17.287546
v -16.177237 125.988152 -16.664110
v -16.199236 126.276566 -16.692379
v -16.017159 126.790985 -16.590931
v -15.225917 126.675980 -17.072475
v -15.365559 126.425644 -17.207989
v -16.717899 126.961472 -15.046360
v -15.736301 127.142998 -16.345781
v -15.564348 127.172287 -16.250610
v -16.317657 126.820084 -14.710556
v -15.342869 127.192284 -16.053827
v -14.251025 127.028839 -16.405655
v -14.841702 127.310883 -16.607817
v -14.991714 126.926605 -16.917297
v -13.897621 126.844360 -16.366188
v -14.215845 126.823013 -16.524279
v -14.072897 127.077156 -16.995514
v -14.438634 127.013695 -16.882380
v -14.894066 126.845291 -16.975374
v -14.607928 127.242569 -17.965923
v -14.207727 127.414513 -17.810963
v -14.004972 127.751633 -18.411469
v -13.854196 127.806236 -18.943401
v -13.882043 127.961960 -18.984032
v -13.482410 127.980888 -19.464500
v -13.467377 127.813210 -19.427034
v -12.955522 127.808914 -19.703539
v -12.634791 127.701401 -19.752810
v -12.355118 127.566216 -19.699329
v -11.969536 127.894470 -19.201832
v -11.805737 127.766678 -18.798800
v -13.419958 127.950485 -17.659910
v -13.023309 127.731300 -17.474184
v -13.721913 128.122238 -18.004932
v -13.920959 127.656738 -17.982063
v -13.811853 127.556244 -17.715162
v -13.396061 126.832062 -17.031868
v -13.996308 127.371155 -17.388748
v -13.846278 128.267410 -18.454815
v -13.777769 128.274506 -18.977383
v -13.408717 128.310593 -19.403500
v -12.958767 128.280731 -19.552286
v -12.579952 128.173706 -19.564539
v -11.963583 127.254837 -19.414789
v -11.835924 127.246910 -20.030649
v -12.028765 127.293152 -20.319565
v -12.328243 127.493286 -20.063553
v -11.764417 127.138298 -20.708858
v -12.263988 127.067528 -20.883789
v -12.410743 127.320724 -20.417608
v -12.573058 126.948631 -20.975670
v -12.206488 126.175148 -21.765907
v -12.948125 126.765251 -20.978153
v -12.837687 125.599457 -21.558872
v -13.468149 126.308456 -20.861704
v -12.896307 125.070839 -21.651041
v -13.831894 125.141266 -21.073963
v -14.423121 125.197357 -20.174568
v -13.947094 125.996506 -20.428837
v -14.599095 126.166389 -19.584328
v -14.525441 122.720169 -20.260260
v -15.063887 124.085052 -19.603615
v -15.033689 123.313866 -19.611105
v -14.973485 122.316833 -19.568996
v -15.286785 123.188507 -19.028040
v -15.114568 122.109558 -18.862362
v -14.872671 121.118355 -18.824434
v -14.977100 121.480713 -18.475548
v -15.173248 121.486496 -18.304214
v -15.277503 122.133194 -18.554407
v -14.722075 120.722702 -18.429585
v -15.023039 120.920319 -18.322041
v -14.822423 120.953133 -19.139002
v -14.761315 120.225929 -19.034683
v -14.584861 119.666252 -19.024158
v -14.740374 119.907066 -18.685337
v -14.940904 119.406380 -18.455099
v -14.700547 119.080002 -19.144503
v -15.095926 118.749474 -18.792078
v -15.225429 118.439178 -18.408579
v -14.987372 119.350197 -18.146698
v -15.167787 119.300049 -17.892962
v -14.888431 119.813766 -17.996056
v -15.310184 118.778770 -17.443520
v -15.326588 118.516045 -18.060202
v -15.377199 118.305099 -17.598146
v -15.246267 117.854805 -18.039772
v -14.565803 119.911530 -19.460123
v -14.689890 120.747711 -19.581276
v -14.356756 120.242310 -19.893827
v -13.945697 120.232986 -20.242825
v -13.718956 119.874054 -20.114462
v -13.790146 119.599007 -19.983879
v -13.324641 120.110733 -20.421881
v -13.171779 119.644142 -20.456095
v -13.043890 120.034943 -20.551441
v -12.954189 119.689407 -20.604189
v -12.851916 120.201843 -20.592199
v -12.618884 120.406166 -20.708372
v -12.780040 120.038361 -20.677290
v -12.254807 120.719482 -20.635550
v -12.766506 120.425392 -20.745592
v -12.549785 121.242180 -21.109442
v -11.980667 122.337883 -21.300222
v -11.785127 121.956436 -21.066151
v -12.833798 120.866875 -20.908842
v -12.729345 121.480186 -21.203346
v -12.887260 120.947151 -20.722231
v -12.890523 121.521538 -21.056831
v -13.143424 121.047150 -20.785370
v -13.163874 122.628876 -21.243317
v -13.525126 121.000206 -20.703375
v -13.514431 122.254326 -21.060791
v -14.149424 123.134270 -20.798164
v -14.229748 124.233109 -20.768398
v -13.811889 124.420738 -21.123877
v -12.906506 124.394150 -21.687916
v -12.348316 125.278847 -21.863176
v -12.335258 125.711891 -21.918892
v -11.831032 125.708260 -22.021212
v -11.583369 125.533478 -21.955675
v -11.598319 125.330643 -21.786570
v -11.492116 125.764961 -22.041016
v -11.359763 125.516106 -22.185452
v -11.348117 126.016052 -22.088655
v -11.262227 126.267792 -21.995918
v -11.525123 126.966400 -20.881811
v -10.918169 126.365959 -21.864399
v -10.469963 126.420906 -21.520531
v -11.525167 127.078438 -20.465878
v -11.050511 126.790390 -20.099390
v -10.981376 126.300026 -19.190630
v -10.091339 126.029900 -20.040112
v -10.375839 126.342850 -20.196318
v -10.014946 126.351486 -21.013664
v -9.964413 126.172806 -21.332327
v -10.353258 126.208183 -21.813902
v -10.130531 125.890945 -21.914566
v -10.390352 125.766968 -22.155964
v -10.576289 126.110382 -22.057564
v -10.799649 125.569328 -22.218077
v -11.023098 125.944153 -22.173370
v -10.508805 125.337929 -22.318199
v -10.967310 124.915710 -22.349926
v -10.372432 124.895554 -22.359657
v -10.412951 124.275345 -22.356964
v -10.118765 124.128609 -22.282419
v -9.904226 124.619774 -22.137936
v -9.705200 125.215561 -21.674057
v -9.805824 125.849258 -21.529381
v -9.560303 125.393723 -20.898718
v -9.656459 124.821533 -20.830082
v -9.534834 124.754166 -21.244421
v -9.817501 124.325363 -20.723202
v -9.397447 124.140701 -21.093725
v -9.712487 124.150635 -21.656244
v -9.513397 123.351639 -21.034405
v -9.583870 123.520172 -21.704430
v -9.967052 123.595421 -22.131092
v -9.374428 122.903000 -21.747309
v -10.078857 122.984642 -22.436317
v -10.145150 123.577919 -22.447071
v -10.338153 122.810875 -22.681885
v -9.789999 121.320755 -22.731781
v -10.823572 122.210144 -22.706022
v -11.070224 123.172951 -22.444050
v -10.804512 123.081543 -22.587988
v -11.154862 122.637642 -22.462488
v -11.371243 123.621284 -22.172117
v -11.502282 123.693222 -22.093525
v -11.346273 122.027275 -22.150105
v -11.598643 123.232330 -21.732361
v -11.272769 121.639603 -21.993038
v -11.241396 121.896339 -21.652929
v -11.481628 122.534142 -21.624994
v -11.297891 122.602295 -21.270796
v -11.513158 123.388351 -21.291460
v -11.269171 123.448639 -21.036463
v -11.342275 124.913040 -21.125299
v -11.237421 124.848503 -20.867905
v -11.671288 123.441605 -21.409189
v -10.745502 123.295074 -20.678047
v -11.234563 122.741028 -20.990427
v -10.938772 124.237846 -21.064541
v -11.051346 121.031319 -22.078871
v -10.949832 120.846832 -21.907040
v -10.889790 120.302292 -22.028278
v -10.749528 120.313889 -21.724319
v -10.664654 119.596466 -22.146145
v -10.611781 119.662872 -21.776003
v -10.333055 119.813019 -21.551716
v -10.647413 120.332558 -21.544939
v -10.146851 118.697571 -21.851160
v -10.044937 118.523224 -21.743174
v -9.945831 118.592911 -21.528908
v -9.791611 117.990387 -21.886715
v -9.636869 118.052841 -21.720079
v -9.385414 118.276672 -21.345303
v -9.733473 117.791672 -22.366451
v -9.561728 117.505264 -22.514849
v -10.399908 119.028656 -22.125401
v -9.936364 118.503792 -22.583546
v -10.267010 118.966942 -22.588598
v -10.546495 119.624298 -22.605204
v -11.133880 121.212784 -22.294302
v -10.776172 120.784332 -22.656755
v -11.054395 121.566536 -22.563705
v -10.626152 121.458900 -22.850758
v -10.537384 120.911804 -22.854834
v -10.198153 120.477394 -23.083139
v -10.434973 120.459435 -23.001709
v -9.966552 119.835007 -23.207247
v -10.180233 119.795486 -23.134045
v -9.861285 119.083832 -23.028080
v -10.374130 119.686867 -22.916597
v -9.857463 118.553802 -22.909277
v -9.412165 117.924896 -22.933224
v -9.746794 118.028748 -22.621128
v -9.487426 118.389587 -22.985332
v -9.483057 118.689774 -23.004457
v -9.552533 119.642853 -22.883770
v -9.142896 119.046295 -22.995790
v -10.035892 120.844254 -22.962429
v -9.851497 120.474373 -22.953850
v -9.491937 121.153786 -22.780163
v -9.382537 120.373795 -22.696342
v -9.316864 121.275238 -22.585106
v -9.434202 120.965797 -22.714146
v -9.532309 121.458664 -22.542614
v -9.132090 120.744843 -22.396824
v -9.004770 120.375343 -22.440239
v -8.837394 119.994331 -22.113430
v -8.753269 119.583328 -22.182020
v -8.534407 118.902924 -22.029831
v -8.144215 118.462585 -22.029387
v -8.170424 118.400635 -22.216066
v -8.699490 119.260994 -21.795317
v -8.823408 120.031395 -21.872581
v -8.992658 119.872658 -21.564535
v -9.322942 120.894142 -21.872517
v -9.577813 120.421471 -21.491545
v -9.687052 120.713120 -21.597572
v -9.347299 121.257103 -21.989231
v -9.602165 121.093880 -21.752205
v -9.296300 120.993858 -22.033091
v -9.960043 124.660271 -20.410370
v -9.714109 125.061516 -20.454908
v -9.680948 125.489243 -20.570513
v -9.722980 125.633194 -20.078880
v -9.764923 125.447113 -20.161314
v -9.723549 125.911972 -20.542900
v -9.707672 125.186798 -19.821341
v -9.969734 125.221741 -19.983173
v -9.829513 125.564079 -19.838364
v -14.055367 121.586632 -20.611988
v -14.533115 121.477409 -20.110565
v -13.510818 120.554054 -20.513538
v -13.611959 118.975838 -20.553226
v -13.495698 118.581123 -20.735537
v -12.962490 117.954727 -21.000055
v -13.421191 117.950684 -20.798130
v -11.588468 117.920654 -21.011084
v -11.754107 117.814079 -21.046934
v -11.283731 117.875549 -20.869432
v -10.891820 117.892975 -20.625500
v -10.943446 116.651840 -21.039986
v -10.608552 117.512177 -20.519167
v -10.429004 116.710693 -20.473370
v -10.633913 115.809143 -20.800987
v -10.397310 115.786140 -20.804993
v -10.590851 115.245842 -20.923574
v -10.483566 114.156654 -20.764803
v -10.273791 113.853546 -20.369356
v -10.202630 113.380516 -19.832008
v -10.366933 111.645981 -19.342299
v -10.654926 110.916252 -19.189497
v -10.717623 109.770531 -19.278700
v -10.991429 109.905334 -19.032030
v -11.475599 107.554123 -19.304688
v -12.413737 108.891396 -18.931768
v -12.061844 107.736259 -19.157881
v -12.612740 108.647026 -19.078485
v -12.712963 108.659882 -19.186216
v -12.936701 108.308029 -19.665604
v -13.048572 108.547729 -20.203463
v -13.112326 110.397202 -19.913267
v -13.059114 109.485191 -20.272785
v -12.993400 109.280571 -19.565619
v -12.580621 109.896423 -18.941452
v -12.053395 109.941856 -18.687336
v -11.742373 109.808792 -18.736460
v -11.361947 109.499908 -18.896973
v -11.281427 111.036888 -18.736301
v -11.471578 113.052368 -18.254042
v -11.736642 111.394012 -18.537512
v -11.758677 113.130798 -18.132355
v -11.782835 113.485764 -18.012037
v -11.972709 113.396751 -18.118925
v -11.855121 113.880829 -17.975700
v -12.168976 114.142265 -18.286558
v -12.369546 113.934746 -18.425777
v -12.479108 114.202072 -18.446840
v -12.299910 114.096161 -18.240967
v -12.129364 113.753647 -18.092953
v -12.470789 111.935898 -18.137833
v -12.558264 112.496086 -18.338028
v -12.825171 111.643723 -18.445202
v -13.039587 110.049820 -18.406235
v -13.154102 111.164261 -18.506887
v -13.302015 109.858101 -18.459614
v -13.722319 109.877289 -18.500189
v -13.429039 108.885910 -18.454655
v -14.596047 109.872437 -18.349680
v -14.631917 110.531548 -18.494968
v -14.700708 109.969452 -18.271702
v -14.703900 111.438721 -18.564714
v -14.708639 110.432335 -18.133425
v -14.889030 112.096298 -18.256660
v -14.743351 111.375267 -18.164865
v -15.108396 112.622040 -17.910923
v -15.032727 112.353317 -17.661507
v -14.937519 112.054016 -17.354433
v -15.022350 113.279045 -16.819925
v -15.017327 113.141891 -17.214220
v -14.909866 114.760887 -16.530331
v -14.785974 113.589104 -16.373613
v -14.491491 114.050545 -15.981770
v -14.287364 114.054878 -15.813045
v -13.915679 113.309364 -15.744001
v -13.883502 114.480797 -15.733530
v -13.531388 113.585251 -15.698836
v -13.013127 114.947800 -15.839092
v -12.458694 114.499664 -16.199062
v -12.070206 113.646446 -16.913279
v -11.791278 114.199860 -17.135838
v -11.755219 114.211540 -17.718254
v -11.659113 114.445641 -17.858734
v -11.869431 114.294540 -18.014824
v -11.631393 114.257576 -17.858566
v -11.577646 113.866089 -17.902084
v -11.021314 113.553795 -18.310047
v -11.128819 113.979210 -18.189291
v -10.707098 113.598320 -18.568588
v -10.544024 114.233452 -18.674864
v -10.879258 114.448807 -18.189606
v -10.719316 114.677002 -18.491688
v -10.910044 115.080376 -18.012947
v -10.654058 115.781021 -18.392563
v -11.067929 115.602486 -17.672180
v -11.173843 116.596100 -17.649248
v -11.368092 116.580612 -17.503817
v -10.975780 116.840958 -17.582844
v -11.248229 116.797264 -17.367935
v -10.839201 117.266670 -17.283916
v -11.652367 117.421783 -16.750751
v -11.825803 117.692566 -16.624071
v -12.179338 117.425301 -16.360689
v -12.388351 117.785255 -16.335470
v -12.821866 117.690575 -16.038376
v -13.003646 117.117310 -16.034533
v -13.580688 117.477440 -15.927205
v -13.636255 116.456871 -15.637978
v -13.769220 117.253502 -15.903763
v -14.393766 117.262428 -16.157078
v -14.185760 115.769119 -15.910460
v -14.763236 115.988335 -16.318119
v -13.921915 117.687752 -16.004364
v -13.556453 117.693481 -15.936969
v -13.174237 117.708015 -15.935324
v -13.179839 117.953453 -15.853250
v -12.563968 117.952217 -15.996225
v -12.443379 117.893135 -15.702421
v -12.056634 117.793152 -16.144939
v -11.867333 117.722946 -15.870274
v -11.563917 118.150650 -16.101917
v -11.233797 117.398666 -16.498489
v -11.396399 117.507317 -16.580992
v -11.058183 117.576462 -16.647387
v -11.551714 117.668762 -16.662403
v -10.857608 117.877563 -16.742159
v -10.633916 117.302917 -17.658548
v -10.618651 117.444626 -17.941132
v -10.472818 117.661552 -18.565954
v -10.983920 117.742317 -17.510670
v -10.770851 117.899284 -17.759071
v -10.376563 117.979340 -18.160711
v -10.543036 118.017639 -17.486132
v -10.304566 117.850945 -17.771845
v -10.416113 117.762947 -17.028967
v -10.112277 117.645164 -17.464310
v -9.964809 117.846596 -18.127813
v -10.410213 118.120193 -16.621202
v -10.534215 118.397087 -16.806110
v -10.274619 118.579712 -17.121176
v -10.120992 118.737167 -17.891380
v -10.177153 119.537628 -17.749264
v -10.326829 121.441780 -17.879639
v -10.460175 120.996460 -17.295807
v -10.538837 121.818817 -17.318069
v -9.958242 123.567749 -18.637909
v -10.366674 123.065689 -17.601658
v -10.059473 122.441666 -18.828167
v -10.153473 120.907242 -18.665436
v -10.149984 121.269585 -19.207119
v -10.281816 121.655838 -19.557760
v -10.185076 121.063103 -19.473629
v -10.033490 118.870430 -18.645861
v -10.084482 119.105438 -19.269615
v -10.253696 119.373215 -19.794762
v -9.940770 118.023636 -18.981054
v -10.161660 118.043564 -19.405014
v -9.963457 118.054489 -19.404846
v -10.297301 118.102386 -18.893265
v -10.424683 117.907028 -18.567747
v -10.360260 117.447891 -18.493809
v -10.353166 117.987160 -19.979023
v -10.165387 118.103317 -19.895241
v -10.457776 118.140770 -20.354982
v -10.845682 118.211411 -20.750719
v -10.595707 120.027542 -20.286880
v -10.499664 119.102074 -20.260555
v -10.350229 120.282791 -19.969656
v -11.304732 118.685516 -21.017702
v -11.073742 119.723625 -20.650434
v -11.456208 119.928589 -20.724609
v -11.390566 118.077728 -21.025343
v -10.533850 117.961380 -20.339121
v -10.960006 116.749680 -18.124573
v -10.491219 117.029152 -18.817205
v -10.302256 117.368210 -19.665014
v -10.238878 116.446114 -20.542078
v -10.185253 116.276482 -19.676722
v -10.248207 115.256424 -20.246861
v -10.186125 115.296791 -19.858414
v -10.263290 115.990685 -19.275551
v -10.244871 114.550453 -19.369486
v -10.482374 114.882751 -18.862516
v -10.334045 114.319023 -18.980110
v -10.226892 113.070633 -19.254030
v -10.395453 112.402443 -19.097425
v -10.928886 112.927216 -18.561874
v -10.907539 112.141151 -18.740362
v -10.508979 115.390717 -18.649679
v -11.868159 114.116669 -17.929316
v -12.042718 113.392487 -17.907816
v -12.169682 112.448990 -17.545923
v -12.223514 112.696793 -17.877306
v -12.347919 111.825790 -17.463751
v -12.494166 110.836945 -17.769953
v -12.520601 109.955849 -17.744099
v -12.634712 110.132668 -18.093361
v -12.787857 110.152573 -18.280182
v -13.084702 108.246796 -18.325031
v -13.145665 108.799454 -18.418636
v -13.632041 107.982834 -18.510326
v -14.505342 106.718910 -18.506502
v -14.130557 108.506081 -18.395119
v -14.422211 108.667015 -18.313545
v -14.942190 107.564156 -18.235382
v -14.678756 108.250679 -18.301519
v -14.769675 109.119835 -18.267939
v -14.720982 109.648460 -18.101475
v -14.865826 110.679451 -17.684793
v -15.086485 110.541710 -17.257717
v -14.857805 111.424408 -17.514393
v -15.013611 112.080696 -17.054556
v -15.090013 111.679359 -16.921068
v -15.013582 112.319298 -16.640200
v -13.833909 112.254425 -15.880097
v -13.367761 112.376274 -15.802162
v -13.037002 113.434608 -15.807352
v -12.587982 112.580017 -16.054523
v -12.764786 113.350304 -15.936514
v -12.472272 113.565659 -16.158987
v -12.216249 113.681488 -16.480810
v -12.324469 112.517174 -16.719563
v -12.148671 112.648705 -17.239660
v -12.554322 110.150925 -16.746586
v -12.419433 111.359131 -16.872427
v -12.514778 110.029152 -17.175501
v -12.511063 109.373840 -17.358011
v -12.695145 108.028130 -17.777943
v -12.881038 107.083664 -17.952187
v -13.003331 107.537254 -18.138569
v -13.347596 104.867569 -18.330097
v -13.515741 106.979401 -18.385550
v -14.270172 105.793121 -18.508043
v -14.146411 106.534752 -18.547842
v -14.618438 105.173843 -18.368479
v -14.833488 106.258270 -18.334955
v -15.081768 105.652946 -18.176991
v -15.139717 106.599770 -18.077667
v -14.997706 107.723953 -18.106108
v -15.310375 107.324562 -17.701010
v -14.887093 109.325050 -17.837360
v -15.102557 109.321915 -17.463118
v -15.124693 109.609238 -17.248346
v -15.113134 110.224022 -17.075811
v -14.980753 109.595642 -16.689573
v -15.031050 109.957764 -16.833939
v -14.768612 111.106415 -16.454576
v -14.685489 109.735184 -16.439962
v -14.408218 109.535309 -16.281046
v -14.228479 111.346344 -16.128565
v -13.563301 109.504303 -16.252621
v -13.467035 110.566299 -16.059666
v -13.102383 110.167397 -16.216106
v -13.063446 112.260178 -15.878544
v -12.948749 111.291069 -16.081799
v -12.521902 111.549164 -16.423660
v -12.755380 109.985771 -16.450336
v -12.918277 108.052338 -16.876740
v -12.723670 107.914246 -17.480356
v -12.942624 107.196945 -16.938154
v -13.034799 106.639549 -17.050337
v -12.830117 106.980453 -17.418430
v -13.422446 105.366028 -17.248201
v -13.525095 105.413033 -16.979799
v -13.462087 105.400536 -16.789440
v -13.102374 107.089653 -16.486740
v -12.940022 109.141731 -16.369318
v -13.143481 109.385422 -16.347984
v -13.062532 107.860321 -16.415222
v -13.776872 109.025375 -16.215399
v -13.469760 107.162430 -16.508675
v -13.362947 105.989578 -16.575069
v -14.076218 107.161102 -16.356358
v -14.502084 105.927551 -16.382446
v -14.767614 105.952194 -16.388182
v -14.604448 105.199356 -16.393530
v -14.284910 104.434402 -16.500473
v -14.095110 104.663063 -16.302307
v -13.808250 103.622864 -16.351675
v -14.619025 107.002060 -16.419956
v -14.834311 107.597656 -16.523865
v -14.380401 108.158714 -16.375305
v -13.439721 107.706131 -16.416143
v -14.025185 110.100792 -16.155729
v -12.788396 110.973404 -16.164528
v -14.571438 108.398918 -16.366295
v -15.016949 108.398636 -16.732447
v -15.188355 108.542175 -16.944460
v -15.373024 106.484390 -17.168222
v -15.244275 105.313927 -16.935337
v -15.093657 105.777489 -16.663303
v -15.273975 105.366920 -17.345688
v -15.047312 104.210342 -16.795076
v -14.734225 103.087547 -16.585155
v -15.012199 102.403168 -17.443153
v -14.871951 102.445068 -18.151424
v -14.842864 102.836243 -18.375656
v -14.839905 102.378128 -18.313313
v -14.788841 102.193924 -18.267189
v -14.493240 102.563919 -18.600534
v -14.550059 102.331474 -18.432440
v -14.235085 102.386986 -18.370007
v -14.657428 102.156464 -18.150244
v -14.747063 102.048172 -17.873116
v -14.742433 101.921661 -17.930441
v -14.708717 101.957680 -17.770206
v -14.582507 101.924362 -17.632242
v -14.470547 101.427521 -17.027914
v -14.434691 101.863609 -16.937870
v -14.660869 101.358025 -17.526968
v -14.566056 101.076637 -17.378294
v -13.983648 101.184784 -16.712172
v -13.375215 101.429604 -16.422375
v -13.827515 102.100250 -16.520424
v -12.944519 101.963425 -16.613161
v -12.974305 101.563187 -16.425579
v -12.706160 101.574005 -16.495644
v -12.629597 101.661079 -16.695021
v -12.709016 100.877388 -16.027130
v -12.323929 101.037460 -16.177706
v -12.127290 101.075691 -16.370661
v -12.569219 101.575279 -16.907551
v -11.938772 100.680077 -15.777485
v -11.753943 100.684761 -15.999014
v -11.652811 100.607033 -16.282661
v -11.574507 100.336288 -16.530132
v -10.936533 100.171219 -15.936187
v -11.183661 99.941795 -16.286562
v -10.745059 100.050713 -15.762801
v -10.659555 100.114693 -15.480951
v -10.740270 100.163574 -15.189924
v -10.787815 100.030701 -15.294310
v -11.011582 100.143547 -14.947418
v -11.239520 99.807098 -15.645761
v -11.742165 99.781502 -16.438374
v -11.048365 99.834373 -16.077892
v -11.944308 99.839058 -16.771301
v -11.660723 99.909393 -16.726900
v -12.862819 100.278053 -17.374010
v -13.124910 100.090065 -17.543304
v -13.366697 100.658325 -17.879412
v -13.365630 100.108879 -17.881937
v -13.710533 100.122169 -18.243816
v -13.847172 101.304596 -18.201656
v -13.670140 100.739746 -18.144449
v -13.295968 101.338776 -17.892052
v -13.519088 101.752281 -18.355474
v -13.137646 102.037933 -18.186184
v -13.085443 101.772644 -17.879631
v -12.532282 101.841911 -17.010925
v -12.955616 102.145592 -16.808046
v -12.959232 102.080360 -17.833727
v -12.903111 102.125694 -17.716574
v -13.308963 102.012146 -18.300598
v -14.030006 101.451317 -18.437227
v -14.022106 100.624550 -18.292290
v -14.416873 100.511597 -18.352182
v -14.642939 100.773834 -18.308109
v -14.580215 101.194901 -18.239075
v -14.799915 101.531059 -17.926182
v -14.808544 101.554611 -17.719543
v -14.837697 100.870544 -17.896320
v -14.792546 101.008553 -17.715719
v -14.846481 100.055702 -17.702515
v -14.708707 100.083557 -17.436605
v -13.978581 99.869560 -16.750200
v -14.227032 101.057518 -16.972849
v -13.916482 100.386612 -16.686354
v -13.820116 100.054131 -16.646421
v -13.543568 100.025558 -16.308670
v -13.164179 99.843529 -16.122734
v -13.052538 99.848389 -15.773401
v -12.177272 99.847542 -15.200989
v -11.714953 99.895706 -15.010258
v -11.815502 100.014061 -15.003674
v -11.787853 100.216179 -15.058311
v -11.293784 100.100319 -14.864641
v -11.309266 100.289322 -14.939088
v -11.038071 100.346642 -15.023546
v -12.291211 100.641937 -15.725656
v -11.224035 100.012024 -14.932982
v -12.616945 99.800415 -15.722822
v -12.479445 99.845726 -16.816105
v -12.930204 100.018707 -17.283060
v -13.187828 99.806290 -17.571621
v -13.811316 99.825974 -18.228685
v -13.931823 100.028900 -18.361975
v -14.310899 100.026169 -18.432831
v -14.077996 100.277969 -18.424772
v -14.449904 100.293915 -18.385021
v -14.754940 99.957870 -18.192142
v -14.771584 100.686371 -18.168327
v -14.831606 100.652107 -18.047855
v -14.588216 99.856598 -18.218069
v -14.186949 99.766579 -17.378782
v -14.515564 99.799995 -17.298706
v -13.707330 99.977364 -16.777393
v -13.476246 99.955551 -16.488380
v -13.199924 100.031647 -17.383877
v -13.609100 99.825661 -17.105492
v -13.630956 99.764832 -17.804251
v -13.898331 102.389870 -16.639759
v -13.066873 102.501823 -16.616867
v -13.092792 102.755440 -16.625664
v -13.144646 102.927750 -16.883268
v -13.433919 103.078659 -16.789618
v -13.350058 102.904785 -17.233356
v -13.505148 103.368362 -16.952240
v -13.251474 103.204765 -17.504625
v -13.260563 102.672760 -17.115971
v -14.256611 102.283203 -18.223333
v -13.970585 102.351425 -18.232475
v -14.047236 102.500244 -18.506350
v -14.185603 102.609169 -18.645962
v -14.213971 102.748833 -18.604013
v -14.533298 102.979797 -18.677252
v -14.903038 102.767746 -18.189684
v -14.839840 102.792068 -17.998083
v -15.130130 103.687737 -18.169132
v -14.776724 102.942093 -17.516239
v -15.236548 104.631744 -17.786995
v -15.018992 103.845673 -17.414591
v -15.165936 103.994957 -17.856958
v -15.374757 106.573776 -17.689816
v -15.324917 107.913002 -17.242092
v -14.992575 104.920845 -18.277462
v -14.631072 104.641014 -18.253325
v -13.712399 105.197388 -18.423447
v -14.118057 104.074219 -18.556988
v -14.972886 127.340248 -15.674932
v -15.265753 122.303802 -17.456249
v -17.371317 126.795074 -12.576855
v -16.869946 126.516167 -12.305922
v -16.542936 125.968513 -12.246337
v -16.516216 125.567474 -12.203974
v -15.567442 126.850746 -14.286637
v -11.984722 126.154991 -17.408268
v -11.131186 125.579437 -17.508602
v -11.495538 126.601784 -17.736393
v -11.777472 126.557434 -17.477419
v -11.200186 125.318192 -17.681036
v -11.833621 126.462357 -17.895620
v -10.750238 106.937508 -20.421804
v -10.633928 106.472206 -20.145874
v -10.723833 106.009567 -20.066397
v -10.945271 105.589310 -19.765085
v -11.019995 106.358131 -20.283916
v -11.109101 106.768768 -20.569941
v -12.966501 103.494591 -20.917576
v -12.762209 103.971558 -21.232845
v -12.722219 104.272255 -21.250910
v -13.069842 102.991264 -20.751448
v -12.776931 102.229668 -19.993149
v -12.939336 102.385635 -20.039553
v -12.916652 104.143585 -19.716816
v -11.363204 103.063339 -21.119225
v -11.391326 102.424545 -20.944117
v -11.184794 102.423172 -20.758144
v -11.236008 102.301987 -20.718660
v -8.157241 117.467628 -22.624443
v -8.548817 117.576965 -22.894684
v -8.803825 117.187759 -22.939426
v -8.401990 117.225868 -22.800499
v -8.208555 117.036926 -22.627731
v -8.527645 116.910469 -22.726397
v -8.957100 116.843704 -22.024265
v -8.888057 117.635696 -21.544783
v -8.572329 117.605003 -21.476936
v -8.441917 117.652107 -21.504997
v -8.565500 118.078842 -21.445122
v -8.266285 117.929092 -21.646736
v -8.174980 117.685112 -21.720198
v -8.030014 117.598022 -22.165182
v -8.104436 117.745262 -22.019444
v -8.254110 118.027367 -22.330601
v -8.297269 118.377571 -22.351028
v -7.970190 117.234993 -22.252535
v -8.185630 117.312271 -21.512447
v -7.995845 117.326683 -21.802214
v -13.600319 104.254547 -17.865969
v -13.564897 104.047089 -17.821362
v -13.791698 104.107544 -18.098785
v -13.515198 104.277725 -17.500397
v -13.353496 103.959045 -17.604841
v -13.245906 103.880478 -17.020399
v -13.475328 103.777046 -17.480923
v -13.312996 104.004051 -16.859751
v -11.965369 101.236801 -19.205202
v -13.235102 124.030075 -15.654286
v -16.832710 126.752426 -15.034915
v -11.753241 126.911942 -17.823889
v -12.079724 101.138664 -19.312145
v -13.252154 122.769768 -15.796816
v -16.792105 126.512840 -15.041704
v -11.999050 99.894997 -19.350515
v -11.070475 101.176361 -20.177576
v -11.850726 99.975182 -19.521803
v -12.819408 124.748955 -15.743433
v -14.077765 101.263992 -18.240698
v -8.330009 118.288040 -22.508286
v -10.008453 124.915100 -19.037018
v -15.546537 122.747528 -17.642052
v -14.787764 117.228928 -19.842571
v -12.654492 126.854637 -17.410051
v -12.344609 126.999207 -17.735838
v -13.039837 126.762177 -17.303318
v -12.221995 126.714783 -17.720335
v -11.945011 126.867447 -17.503128
v -9.214416 119.439774 -22.741884
v -12.313066 126.299088 -17.225750
v -12.518110 127.306648 -17.410130
vn -0.4050 -0.0788 0.9109
vn -0.6796 -0.3184 0.6609
vn -0.5644 -0.4332 0.7027
vn -0.7207 -0.5331 0.4431
vn -0.4635 -0.7826 -0.4156
vn 0.5431 -0.6380 0.5459
vn -0.3113 -0.1063 0.9444
vn -0.6955 -0.4936 -0.5221
vn -0.0508 -0.5326 -0.8448
vn 0.7259 -0.6849 0.0631
vn 0.5079 -0.6114 -0.6068
vn 0.9894 0.1333 -0.0570
vn 0.7968 0.3596 0.4856
vn 0.1714 0.3797 0.9091
vn 0.8794 0.1621 0.4477
vn -0.9538 -0.2406 0.1798
vn -0.6069 0.0951 0.7890
vn -0.6272 0.0664 0.7760
vn -0.5794 -0.5741 0.5785
vn -0.5024 -0.4510 0.7377
vn -0.5667 -0.3538 0.7441
vn 0.9323 0.1054 0.3459
vn 0.9507 0.2588 -0.1711
vn 0.6902 -0.3041 -0.6567
vn -0.5890 -0.8039 -0.0821
vn -0.6551 -0.7438 0.1326
vn -0.0636 -0.6356 -0.7694
vn -0.4723 -0.6415 0.6045
vn -0.6239 -0.5875 0.5153
vn 0.2522 0.5454 0.7993
vn 0.2581 0.4411 0.8596
vn -0.2035 -0.2108 -0.9561
vn 0.2984 0.0562 -0.9528
vn 0.5877 0.0393 -0.8081
vn -0.5535 -0.3126 0.7720
vn -0.6444 -0.0851 0.7599
vn 0.8507 0.4366 -0.2928
vn 0.8868 0.3938 0.2418
vn 0.8431 0.3361 -0.4197
vn 0.8467 0.3785 0.3738
vn -0.3673 -0.1249 0.9217
vn 0.3650 0.2340 0.9011
vn -0.7687 0.6186 0.1625
vn 0.7595 0.1558 -0.6316
vn 0.6041 0.0571 -0.7948
vn 0.7427 0.3249 -0.5855
vn 0.6288 0.1937 -0.7531
vn 0.8697 -0.0504 -0.4911
vn -0.6467 -0.5420 0.5366
vn -0.3889 -0.2465 -0.8877
vn -0.6913 -0.5055 0.5163
vn -0.4269 -0.6199 0.6584
vn 0.3016 -0.0050 -0.9534
vn 0.7339 0.0534 -0.6771
vn -0.6643 -0.2168 0.7154
vn -0.1181 0.2984 0.9471
vn -0.8108 -0.0058 0.5853
vn 0.8053 -0.4674 -0.3647
vn 0.1792 -0.3282 -0.9275
vn 0.7824 -0.1376 -0.6073
vn -0.7867 -0.1397 0.6013
vn -0.9111 -0.3660 -0.1894
vn -0.8772 -0.4774 -0.0513
vn -0.0052 -0.7106 -0.7036
vn 0.1396 -0.9569 0.2546
vn 0.4541 -0.3303 0.8275
vn 0.9075 0.2832 0.3103
vn 0.4487 0.4104 0.7939
vn 0.9251 0.3710 0.0806
vn -0.7643 -0.2780 0.5818
vn 0.6432 -0.7607 -0.0874
vn 0.5741 -0.5724 0.5854
vn 0.9880 0.1223 -0.0947
vn 0.8374 0.2758 0.4719
vn 0.7720 -0.5156 -0.3716
vn 0.9711 0.2304 -0.0629
vn -0.6924 -0.4020 0.5991
vn 0.7574 -0.1603 -0.6330
vn 0.9659 0.2591 -0.0026
vn 0.2191 0.3744 0.9010
vn 0.0085 0.1838 0.9829
vn 0.1290 -0.3117 -0.9414
vn -0.4896 -0.4091 -0.7700
vn -0.0664 -0.2796 -0.9578
vn -0.6922 -0.0268 0.7212
vn -0.6358 0.1342 0.7601
vn 0.1971 -0.9657 0.1688
vn -0.5378 -0.7251 -0.4303
vn 0.1177 -0.6542 -0.7471
vn -0.8648 -0.4609 0.1992
vn -0.4181 -0.3891 0.8209
vn -0.9205 -0.3469 0.1797
vn -0.9708 -0.1907 0.1458
vn 0.4019 -0.6754 -0.6183
vn 0.1738 -0.4193 -0.8911
vn 0.7080 0.6877 0.1608
vn 0.8006 0.5312 0.2774
vn 0.8998 0.4222 -0.1103
vn 0.7314 -0.6291 0.2631
vn 0.5999 -0.2848 -0.7477
vn 0.9833 -0.0504 -0.1749
vn -0.5643 -0.1618 0.8095
vn -0.8079 -0.0925 0.5820
vn -0.1595 -0.1598 0.9742
vn -0.6110 -0.0182 0.7914
vn -0.7336 -0.3203 -0.5994
vn -0.9585 -0.2322 0.1653
vn 0.6088 -0.4080 -0.6804
vn 0.5077 -0.0819 -0.8576
vn 0.9682 0.1774 -0.1762
vn -0.6494 -0.5548 -0.5201
vn -0.0600 -0.4284 -0.9016
vn 0.3839 -0.6224 -0.6821
vn -0.5301 0.1438 0.8357
vn -0.2550 -0.2463 0.9350
vn 0.2340 0.1595 0.9591
vn 0.1659 -0.9821 0.0889
vn -0.8612 -0.4506 0.2350
vn 0.9702 -0.2401 0.0339
vn 0.5531 -0.6493 -0.5220
vn 0.5627 -0.2604 -0.7846
vn 0.6326 -0.0607 -0.7721
vn -0.0751 -0.3873 -0.9189
vn -0.6252 -0.2673 0.7332
vn -0.8575 -0.3048 -0.4145
vn -0.8647 -0.4434 -0.2358
vn 0.9917 -0.0971 0.0841
vn -0.5932 -0.0633 0.8026
vn -0.9316 -0.2052 0.3001
vn -0.6623 0.0344 0.7485
vn -0.2618 -0.1985 -0.9445
vn -0.4525 -0.3468 -0.8215
vn 0.9838 0.1791 0.0075
vn 0.6373 -0.0902 -0.7653
vn 0.1986 0.1713 0.9650
vn -0.8624 -0.4380 -0.2538
vn -0.5456 -0.7973 0.2580
vn -0.6390 -0.1110 0.7611
vn 0.1535 -0.7804 0.6061
vn 0.8359 -0.0665 0.5448
vn 0.1510 0.0319 0.9880
vn -0.0490 -0.9516 -0.3033
vn -0.1085 -0.3282 -0.9384
vn 0.2043 0.2338 0.9506
vn 0.8221 0.2915 0.4890
vn 0.8250 0.0746 0.5602
vn -0.9521 -0.1766 0.2496
vn -0.9636 -0.1298 0.2339
vn 0.1051 -0.0097 0.9944
vn 0.7310 -0.0076 -0.6823
vn 0.6771 0.0573 -0.7336
vn -0.8649 -0.3194 0.3873
vn 0.8101 0.1810 -0.5576
vn -0.3221 0.1730 0.9308
vn 0.9941 0.0361 0.1026
vn -0.5845 -0.4453 -0.6783
vn -0.8451 -0.4868 0.2208
vn -0.8764 -0.4681 -0.1131
vn 0.0730 0.8986 0.4325
vn -0.3046 0.6938 0.6526
vn -0.0200 0.5178 0.8553
vn 0.0780 0.0335 0.9964
vn 0.6282 -0.0106 0.7780
vn 0.4610 -0.1920 0.8664
vn 0.6859 -0.7033 -0.1869
vn 0.1380 -0.9525 0.2714
vn 0.0227 0.8768 0.4804
vn -0.2643 0.5299 0.8058
vn 0.2017 0.6381 0.7431
vn 0.4884 0.0651 0.8702
vn 0.3086 0.3038 0.9014
vn 0.8115 0.2931 0.5056
vn 0.6762 0.1992 0.7092
vn 0.7122 -0.6021 0.3609
vn 0.6879 0.3311 0.6459
vn 0.7312 -0.4993 0.4648
vn 0.2576 -0.0544 0.9647
vn -0.1717 -0.0116 0.9851
vn 0.0623 -0.0364 0.9974
vn -0.5463 0.0133 0.8375
vn -0.2903 -0.0003 0.9569
vn 0.2146 0.7664 0.6055
vn -0.0493 0.9934 0.1037
vn 0.2130 0.7544 0.6209
vn 0.4939 0.8479 0.1927
vn 0.4744 0.0636 0.8780
vn 0.6440 0.2234 0.7316
vn 0.8606 -0.0865 0.5019
vn -0.6397 0.1675 0.7502
vn -0.5016 0.2530 0.8273
vn -0.4760 0.2901 0.8302
vn -0.3914 0.8996 -0.1936
vn -0.1587 0.9838 -0.0833
vn -0.2846 0.9247 0.2528
vn -0.4490 0.8158 -0.3646
vn 0.0284 -0.6728 0.7393
vn 0.2259 0.0165 0.9740
vn 0.4692 -0.1287 0.8736
vn 0.2619 -0.3739 0.8897
vn 0.8832 -0.4469 0.1422
vn 0.8493 -0.3369 0.4064
vn 0.6856 -0.6059 0.4036
vn -0.0514 -0.1144 0.9921
vn -0.2942 -0.0515 0.9544
vn 0.0618 -0.0618 0.9962
vn 0.6037 0.5354 0.5906
vn 0.5154 0.4080 0.7536
vn 0.6218 0.6127 0.4879
vn 0.5752 0.1660 0.8010
vn -0.0201 0.0471 0.9987
vn 0.5289 -0.1598 0.8335
vn 0.2399 -0.5224 0.8183
vn 0.9806 -0.0021 0.1962
vn 0.8711 -0.4872 -0.0616
vn 0.9622 0.2115 0.1716
vn 0.6859 0.5956 -0.4181
vn 0.4612 0.7677 -0.4448
vn 0.6689 0.7268 -0.1559
vn 0.6944 0.7100 0.1174
vn 0.4992 0.8527 0.1541
vn 0.2838 0.9496 0.1332
vn 0.2054 0.9787 -0.0043
vn -0.4129 0.0579 0.9089
vn -0.5328 -0.0905 0.8414
vn -0.6808 0.0779 0.7284
vn -0.4487 0.1276 0.8845
vn -0.5310 0.1778 0.8285
vn -0.5338 0.1318 0.8353
vn 0.8724 -0.4663 0.1467
vn 0.6491 -0.5517 0.5238
vn 0.9336 -0.2741 0.2306
vn 0.6655 0.1523 -0.7307
vn 0.7672 0.1198 -0.6301
vn 0.7643 0.3742 -0.5251
vn 0.6328 -0.1963 -0.7490
vn -0.2969 0.9345 -0.1964
vn -0.4118 -0.1251 0.9026
vn -0.6755 -0.0847 0.7325
vn 0.4932 0.1604 0.8550
vn 0.3867 0.0240 0.9219
vn 0.0735 0.0245 0.9970
vn 0.3296 0.5094 0.7949
vn 0.8553 0.1557 0.4942
vn 0.3838 0.3234 0.8649
vn 0.1607 -0.2653 0.9507
vn -0.0203 -0.4810 0.8765
vn -0.4767 0.8782 0.0380
vn -0.1891 0.2351 0.9534
vn 0.0343 0.0500 0.9982
vn -0.1903 0.0216 0.9815
vn -0.6640 -0.0199 0.7475
vn -0.3742 -0.0152 0.9272
vn 0.1490 -0.3203 0.9355
vn 0.9861 0.0559 0.1566
vn 0.9776 -0.2049 -0.0478
vn -0.5525 0.1813 0.8136
vn -0.7300 0.1877 0.6571
vn -0.4933 0.1193 0.8616
vn -0.4357 -0.1802 0.8819
vn -0.4414 -0.1835 0.8783
vn -0.5726 -0.1540 0.8052
vn -0.6844 -0.1037 0.7217
vn -0.1523 0.0773 0.9853
vn -0.2736 -0.1806 0.9447
vn -0.5082 -0.1343 0.8507
vn -0.6421 -0.0647 0.7638
vn -0.7544 -0.0005 0.6564
vn -0.8644 -0.0576 0.4996
vn -0.9270 0.1900 0.3234
vn 0.7084 0.5339 -0.4617
vn 0.9987 -0.0508 0.0021
vn 0.9397 0.3421 0.0022
vn 0.8155 0.3671 0.4475
vn 0.7085 0.5429 0.4508
vn 0.6686 0.4500 0.5920
vn -0.7759 -0.3276 0.5392
vn -0.5177 -0.2329 0.8232
vn -0.6168 -0.2229 0.7549
vn 0.4139 -0.1908 -0.8901
vn 0.8107 -0.0741 -0.5808
vn 0.9624 -0.1665 -0.2145
vn 0.8765 0.4437 -0.1866
vn 0.7244 0.5202 0.4524
vn 0.7168 0.6201 0.3188
vn 0.8461 0.4704 0.2507
vn 0.9478 0.1177 -0.2964
vn 0.3265 -0.0060 -0.9452
vn 0.4324 0.3977 -0.8093
vn 0.6294 -0.6355 -0.4472
vn 0.5388 -0.8368 -0.0979
vn 0.5496 -0.2419 -0.7997
vn 0.7613 -0.6371 -0.1205
vn 0.4913 0.6263 -0.6053
vn 0.4348 0.6819 -0.5882
vn 0.7528 0.0859 -0.6526
vn 0.4855 0.1728 -0.8570
vn 0.9684 0.2447 -0.0477
vn 0.9166 0.1057 0.3857
vn 0.8933 -0.1772 -0.4130
vn 0.8960 -0.1266 -0.4257
vn 0.9765 -0.1064 -0.1874
vn -0.9888 0.1311 0.0708
vn -0.9806 -0.1768 0.0850
vn -0.9897 -0.0753 0.1221
vn 0.5172 0.1673 -0.8394
vn 0.2856 0.0708 -0.9557
vn 0.6444 -0.1023 -0.7578
vn 0.7662 -0.0546 -0.6403
vn 0.6657 -0.0973 -0.7398
vn 0.7506 -0.1000 -0.6532
vn 0.1815 0.3154 -0.9315
vn 0.0104 0.1698 -0.9854
vn -0.0156 0.0954 -0.9953
vn 0.9978 -0.0002 -0.0660
vn 0.9903 -0.1240 -0.0633
vn 0.8977 0.2249 0.3789
vn 0.6957 0.4710 0.5423
vn 0.7613 0.2768 0.5863
vn 0.0236 0.4509 0.8923
vn -0.1292 0.1642 0.9779
vn 0.2550 0.5169 0.8172
vn 0.5779 0.7131 0.3969
vn 0.8127 0.3478 -0.4675
vn 0.5344 0.7922 0.2947
vn 0.7400 0.6434 -0.1962
vn 0.9797 0.1728 -0.1018
vn 0.3829 0.1599 0.9099
vn -0.0382 0.4597 0.8872
vn 0.0487 -0.4040 -0.9135
vn 0.1117 -0.7764 -0.6202
vn 0.3065 -0.7054 -0.6391
vn -0.2845 0.0339 -0.9581
vn -0.5711 0.2046 -0.7950
vn -0.3582 0.2652 -0.8952
vn -0.5134 0.0421 -0.8571
vn -0.8530 -0.4665 -0.2342
vn -0.7807 -0.4269 -0.4562
vn -0.8928 -0.2848 -0.3490
vn -0.8837 -0.1945 -0.4257
vn -0.9694 0.0574 -0.2386
vn -0.7286 -0.6753 -0.1143
vn 0.3657 -0.1987 0.9093
vn 0.3112 -0.0526 0.9489
vn 0.1627 0.0021 0.9867
vn 0.4080 -0.2174 0.8867
vn 0.6511 0.2861 -0.7030
vn 0.5129 0.1316 -0.8483
vn 0.6786 0.0379 -0.7336
vn 0.4964 -0.0618 -0.8659
vn 0.7199 0.1454 0.6787
vn 0.5288 0.2059 0.8234
vn 0.7995 -0.0633 0.5973
vn -0.7378 -0.5227 -0.4272
vn -0.8868 -0.3930 0.2431
vn -0.7514 -0.6556 0.0751
vn 0.9148 -0.3701 -0.1619
vn 0.8555 -0.4679 -0.2219
vn 0.9325 -0.3114 -0.1832
vn 0.9456 0.0390 -0.3229
vn 0.7666 0.6010 -0.2262
vn 0.7391 0.0832 -0.6684
vn 0.9526 0.0162 0.3039
vn 0.9597 -0.0372 -0.2785
vn 0.7100 0.0728 -0.7005
vn 0.5868 -0.0889 -0.8048
vn 0.8339 -0.3004 -0.4630
vn -0.7301 -0.0691 0.6799
vn -0.7958 -0.0512 0.6034
vn -0.6668 -0.0833 0.7406
vn -0.6000 -0.5489 0.5820
vn -0.6682 -0.4031 0.6253
vn -0.3817 -0.4736 0.7937
vn -0.7711 -0.6078 0.1898
vn -0.6962 -0.7134 0.0798
vn -0.8103 0.0382 0.5848
vn -0.1642 -0.0638 0.9844
vn -0.7294 0.1456 0.6684
vn -0.9779 -0.1053 0.1805
vn -0.4099 0.5951 0.6913
vn -0.7635 0.2307 0.6032
vn -0.0729 -0.1081 -0.9915
vn -0.4666 -0.1938 -0.8630
vn 0.0473 -0.1554 -0.9867
vn 0.0706 -0.0470 -0.9964
vn 0.3415 -0.0565 -0.9382
vn 0.2838 -0.2123 -0.9351
vn 0.3761 -0.8212 -0.4291
vn 0.3974 -0.7109 -0.5802
vn 0.8775 0.2820 -0.3878
vn 0.2349 -0.9711 -0.0428
vn -0.4520 -0.8351 -0.3134
vn -0.3303 -0.9424 -0.0532
vn -0.2884 0.4840 0.8262
vn -0.9842 -0.1619 -0.0724
vn -0.9055 -0.1519 -0.3963
vn -0.9679 0.0692 -0.2416
vn -0.6310 -0.6493 0.4246
vn -0.3449 -0.9076 0.2395
vn -0.8769 -0.4249 -0.2246
vn -0.8115 -0.4258 -0.4001
vn -0.8013 -0.4820 -0.3544
vn -0.3466 -0.2305 -0.9093
vn -0.7219 0.1906 -0.6652
vn -0.7205 -0.0421 -0.6922
vn 0.0702 -0.2468 0.9665
vn 0.3771 0.2380 0.8951
vn 0.0115 0.1143 0.9934
vn -0.4822 0.1239 0.8673
vn -0.5639 -0.1537 0.8114
vn -0.8014 -0.1773 0.5712
vn -0.7740 -0.0597 0.6303
vn -0.8731 -0.4871 0.0185
vn -0.9118 -0.4088 -0.0382
vn 0.1758 -0.2079 0.9622
vn 0.4674 -0.1693 0.8677
vn -0.2802 -0.1521 0.9478
vn 0.3724 -0.6201 0.6905
vn 0.8314 -0.4958 -0.2507
vn -0.2725 -0.5253 0.8061
vn 0.6367 -0.2346 0.7345
vn 0.7343 -0.4917 0.4680
vn 0.5301 -0.3152 0.7872
vn -0.3720 -0.2766 0.8861
vn -0.4977 -0.2860 0.8189
vn -0.0796 -0.1530 0.9850
vn -0.1906 -0.0089 0.9816
vn 0.0065 -0.1634 0.9865
vn 0.7515 -0.0818 -0.6546
vn 0.6048 -0.0153 -0.7963
vn 0.5395 0.0267 -0.8416
vn 0.6892 -0.1002 -0.7176
vn 0.3500 0.1731 -0.9206
vn 0.3621 -0.0587 -0.9303
vn 0.5551 0.0709 -0.8287
vn -0.5606 -0.5726 -0.5982
vn -0.0341 0.0179 -0.9993
vn 0.1372 -0.0871 -0.9867
vn -0.6989 0.3779 -0.6072
vn -0.9142 -0.0697 -0.3992
vn -0.8765 0.3717 -0.3060
vn -0.3668 -0.2018 0.9081
vn -0.3986 -0.2803 0.8732
vn -0.5730 -0.2140 0.7911
vn -0.5831 -0.8096 -0.0677
vn -0.5616 -0.2710 0.7817
vn 0.7565 -0.3856 -0.5282
vn 0.6263 0.5017 -0.5967
vn 0.6400 0.5358 -0.5507
vn 0.8301 0.5348 -0.1580
vn 0.8121 0.4290 -0.3955
vn -0.8494 -0.1544 -0.5047
vn 0.2423 -0.2209 0.9447
vn 0.2827 -0.2172 0.9343
vn -0.3515 -0.1145 0.9292
vn 0.7286 0.1814 -0.6605
vn -0.9322 -0.1204 -0.3413
vn -0.9872 -0.1429 -0.0708
vn -0.6830 -0.3451 -0.6438
vn -0.9798 -0.1645 0.1135
vn -0.9903 -0.1340 -0.0365
vn -0.9205 0.0573 -0.3866
vn -0.7126 0.3074 -0.6307
vn -0.7623 0.3920 -0.5151
vn -0.6906 0.1545 -0.7066
vn 0.0941 -0.3506 -0.9318
vn 0.3750 -0.6373 -0.6732
vn 0.0691 -0.4045 -0.9119
vn -0.3500 0.1217 -0.9288
vn 0.0330 0.1626 -0.9861
vn -0.0116 0.2915 -0.9565
vn -0.0676 -0.2440 -0.9674
vn 0.2310 0.0011 -0.9729
vn -0.1916 -0.0614 -0.9796
vn -0.2433 -0.5819 -0.7760
vn 0.9828 -0.1327 0.1288
vn 0.9376 0.2563 0.2352
vn 0.9243 0.2439 -0.2936
vn -0.6489 -0.4133 -0.6388
vn -0.3367 -0.4313 -0.8370
vn 0.8459 0.0519 -0.5309
vn 0.6079 -0.0184 -0.7938
vn 0.7359 0.0024 -0.6771
vn -0.9353 -0.0549 -0.3497
vn -0.9905 -0.0554 0.1261
vn -0.9271 -0.0209 0.3743
vn -0.9996 -0.0088 0.0274
vn -0.9417 -0.0138 0.3362
vn -0.7070 0.0383 -0.7062
vn -0.9773 0.0371 0.2086
vn -0.9849 -0.0449 -0.1673
vn -0.9599 0.1484 0.2379
vn -0.8832 0.1177 0.4539
vn -0.9174 0.2980 0.2638
vn -0.9552 0.2047 -0.2140
vn -0.9795 0.1725 0.1039
vn -0.2669 -0.1120 -0.9572
vn -0.4742 -0.1204 -0.8722
vn -0.2909 -0.1538 -0.9443
vn -0.6355 -0.7697 0.0611
vn -0.8977 -0.4361 0.0630
vn -0.6746 -0.6189 -0.4023
vn -0.9474 0.1817 0.2634
vn -0.8972 -0.3936 -0.2002
vn -0.4333 -0.1315 -0.8916
vn -0.2483 0.0288 -0.9682
vn -0.6397 0.0351 -0.7679
vn -0.4564 -0.3590 0.8141
vn -0.7249 -0.1797 0.6651
vn -0.3417 -0.0799 -0.9364
vn -0.3643 0.1663 -0.9163
vn -0.3861 0.0495 -0.9211
vn -0.1845 -0.1580 -0.9700
vn 0.0888 0.0307 -0.9956
vn -0.0112 -0.1547 -0.9879
vn -0.8468 -0.4362 -0.3044
vn -0.9709 0.0453 -0.2353
vn 0.6183 0.3201 -0.7178
vn 0.9634 0.2270 -0.1423
vn 0.9751 -0.2180 0.0416
vn -0.9301 0.0338 -0.3657
vn -0.7666 -0.2731 -0.5811
vn -0.2048 -0.5231 -0.8273
vn -0.3010 -0.0056 -0.9536
vn -0.8164 -0.1869 -0.5464
vn -0.8414 -0.4354 -0.3200
vn -0.9223 -0.0702 0.3800
vn -0.9913 -0.0427 0.1244
vn -0.9937 0.0236 -0.1091
vn -0.8294 -0.3203 -0.4577
vn -0.7374 -0.0637 -0.6725
vn -0.7264 0.1975 -0.6583
vn -0.5047 0.1361 -0.8525
vn -0.8200 -0.3194 -0.4750
vn -0.6929 -0.1953 -0.6941
vn -0.6876 0.0084 -0.7261
vn -0.7597 -0.2169 -0.6130
vn -0.3170 -0.0123 -0.9483
vn 0.1325 -0.4671 -0.8742
vn 0.2648 -0.0953 -0.9596
vn 0.4025 -0.1394 -0.9047
vn 0.1486 -0.1241 -0.9811
vn -0.0441 0.3007 -0.9527
vn -0.3171 0.2256 -0.9212
vn -0.2384 0.1317 -0.9622
vn -0.9877 0.1524 -0.0345
vn -0.8298 -0.2267 0.5099
vn -0.9796 -0.2000 -0.0173
vn -0.8840 0.0171 -0.4672
vn -0.9234 0.0946 -0.3719
vn -0.9950 -0.0961 0.0281
vn -0.1466 -0.1518 -0.9775
vn -0.2836 0.1353 -0.9493
vn -0.0674 0.0005 -0.9977
vn 0.1368 -0.0044 -0.9906
vn -0.0923 -0.1477 -0.9847
vn -0.4177 -0.0481 -0.9073
vn 0.1833 0.2666 -0.9462
vn 0.5127 0.3195 -0.7969
vn 0.0312 0.1469 -0.9887
vn -0.7766 0.2283 -0.5872
vn -0.5907 0.1195 -0.7980
vn -0.7535 0.1759 -0.6335
vn -0.5911 -0.1626 -0.7900
vn -0.3348 0.1283 -0.9335
vn -0.6406 -0.0533 -0.7661
vn -0.5080 0.0660 -0.8588
vn -0.9291 -0.2948 -0.2234
vn -0.6225 0.2085 -0.7543
vn -0.9594 0.1947 0.2043
vn -0.4722 -0.0242 0.8811
vn -0.2960 -0.1248 0.9470
vn 0.5841 -0.1394 -0.7996
vn 0.7526 -0.0770 -0.6540
vn -0.0639 -0.0015 0.9980
vn 0.1981 -0.0134 0.9801
vn -0.6899 0.1259 0.7129
vn -0.3865 0.0332 0.9217
vn -0.4372 -0.3755 0.8173
vn -0.1429 0.0994 0.9847
vn -0.5990 -0.1960 0.7764
vn -0.6375 -0.3625 0.6798
vn -0.6742 -0.5409 0.5029
vn -0.7612 -0.4175 0.4962
vn -0.8768 0.0247 0.4802
vn -0.7268 -0.6423 0.2432
vn -0.9544 0.1797 0.2382
vn -0.9361 0.2750 -0.2193
vn -0.9779 0.1724 0.1181
vn -0.9999 0.0121 0.0024
vn -0.9878 0.0880 -0.1286
vn -0.7981 0.3948 -0.4552
vn -0.8311 0.1441 -0.5371
vn -0.9497 0.1919 -0.2476
vn -0.7709 0.2921 -0.5660
vn -0.8843 -0.0560 -0.4635
vn -0.8018 0.1848 -0.5683
vn -0.6381 0.2573 -0.7257
vn -0.6951 0.3646 -0.6196
vn -0.4225 0.2483 -0.8717
vn -0.5251 0.3416 -0.7795
vn -0.2422 0.1941 -0.9506
vn -0.2965 -0.0930 -0.9505
vn -0.2496 0.2093 -0.9455
vn 0.0396 0.2153 -0.9757
vn 0.2670 0.0477 -0.9625
vn 0.3112 0.2137 -0.9260
vn 0.5575 0.1228 -0.8210
vn 0.3908 0.0996 -0.9151
vn 0.2541 0.0114 -0.9671
vn 0.7899 -0.0129 -0.6132
vn 0.9347 -0.0401 -0.3532
vn 0.7699 -0.0777 -0.6334
vn 0.9049 -0.0473 -0.4229
vn 0.9782 -0.0895 -0.1874
vn 0.8984 -0.0900 0.4299
vn 0.9346 -0.1269 0.3323
vn 0.9759 -0.0086 -0.2182
vn 0.8996 -0.1496 0.4102
vn 0.2594 -0.1767 0.9495
vn -0.1014 -0.1311 0.9862
vn 0.0844 -0.0715 0.9939
vn -0.8328 -0.0090 0.5535
vn -0.7198 -0.0762 0.6900
vn -0.6950 -0.0732 0.7152
vn -0.9001 0.0483 -0.4331
vn -0.8472 0.0047 -0.5312
vn -0.9898 0.0290 -0.1395
vn -0.6947 0.0202 -0.7190
vn -0.4390 0.0847 -0.8945
vn -0.1068 0.0412 -0.9934
vn 0.0953 -0.1535 -0.9835
vn 0.3031 -0.0503 -0.9516
vn 0.1609 0.0323 -0.9864
vn 0.3895 0.0231 -0.9208
vn 0.7082 -0.0917 -0.7000
vn 0.7066 -0.1077 -0.6994
vn 0.9882 0.0794 -0.1312
vn 0.9962 0.0190 0.0853
vn 0.9099 0.1685 0.3791
vn 0.8835 -0.2085 -0.4195
vn 0.5391 -0.2932 -0.7896
vn 0.6418 -0.3110 -0.7010
vn 0.3649 0.1352 0.9212
vn 0.7196 -0.0183 0.6942
vn 0.8000 -0.4384 0.4097
vn 0.5228 -0.2055 0.8273
vn 0.5074 0.3702 0.7781
vn 0.4558 0.2779 0.8456
vn 0.1464 -0.1958 0.9697
vn 0.7159 -0.0363 0.6973
vn 0.8307 0.2947 0.4723
vn 0.5327 0.1998 0.8224
vn 0.1546 -0.6796 0.7171
vn 0.0762 -0.2545 0.9641
vn -0.3171 0.3373 0.8864
vn -0.0361 0.3229 0.9458
vn -0.3259 0.1795 0.9282
vn -0.7639 0.0433 0.6438
vn -0.5927 -0.4508 0.6674
vn -0.6036 0.0064 0.7972
vn -0.6917 -0.6508 0.3130
vn 0.0330 -0.9989 -0.0340
vn 0.3522 -0.9322 0.0838
vn -0.1927 -0.8787 0.4368
vn -0.0099 -0.9999 -0.0094
vn -0.4580 -0.8230 0.3359
vn -0.5507 -0.3258 0.7685
vn -0.6237 -0.3841 0.6808
vn -0.5752 0.1309 0.8075
vn -0.2880 0.5415 0.7898
vn -0.3262 0.1953 0.9249
vn -0.5601 -0.0754 0.8250
vn 0.0002 0.3829 0.9238
vn 0.0817 0.8021 0.5916
vn 0.4491 0.5267 0.7217
vn 0.6076 0.5581 0.5651
vn 0.8750 0.3920 0.2839
vn 0.9069 0.2180 -0.3605
vn 0.9292 0.1264 -0.3472
vn 0.5948 0.3810 -0.7078
vn 0.5891 -0.2272 -0.7754
vn 0.5094 -0.2930 -0.8091
vn 0.4903 0.0161 -0.8714
vn 0.1814 -0.8166 -0.5479
vn 0.1772 -0.9839 -0.0222
vn 0.5824 -0.5347 -0.6123
vn 0.3592 -0.9282 -0.0970
vn 0.3347 -0.5036 -0.7965
vn -0.5412 -0.6440 -0.5408
vn 0.0565 -0.9812 -0.1843
vn 0.0883 -0.5442 -0.8343
vn 0.2470 0.0419 -0.9681
vn 0.4276 0.1077 -0.8975
vn 0.6348 0.0143 -0.7725
vn 0.6509 0.1689 -0.7401
vn 0.7165 -0.0299 -0.6970
vn 0.1535 -0.7990 -0.5814
vn 0.1801 -0.1178 -0.9766
vn 0.5025 0.1766 -0.8463
vn 0.4467 -0.1934 -0.8735
vn 0.1959 0.0885 -0.9766
vn -0.0111 0.0782 -0.9969
vn -0.5990 -0.0760 -0.7971
vn -0.1520 0.1011 -0.9832
vn -0.1902 -0.0197 -0.9815
vn -0.5967 -0.0261 -0.8020
vn -0.8572 -0.0971 -0.5058
vn 0.4291 -0.6202 0.6567
vn -0.0588 -0.9983 -0.0053
vn -0.1291 -0.9902 -0.0536
vn 0.0428 -0.9991 -0.0008
vn -0.3586 -0.8910 0.2785
vn -0.5181 0.1913 0.8337
vn -0.2881 0.1538 0.9452
vn 0.2438 0.9678 0.0621
vn 0.5710 0.8094 -0.1371
vn 0.3697 0.8769 0.3072
vn 0.4062 0.8683 -0.2847
vn 0.4896 0.7466 -0.4504
vn 0.2705 0.9515 0.1463
vn 0.3917 0.9135 -0.1104
vn 0.7471 0.6643 -0.0220
vn 0.6052 0.6615 0.4429
vn 0.9677 -0.0016 0.2519
vn 0.9124 0.0064 -0.4093
vn 0.6774 -0.5014 -0.5382
vn 0.6913 0.5353 -0.4853
vn 0.6254 -0.7740 -0.0990
vn 0.2281 -0.9398 -0.2545
vn 0.1132 -0.9904 0.0797
vn 0.2058 -0.8477 0.4889
vn 0.5928 -0.7343 0.3306
vn 0.9996 -0.0017 -0.0268
vn 0.4477 -0.0998 0.8886
vn 0.7378 -0.2253 0.6363
vn -0.1695 -0.9541 0.2470
vn -0.6950 -0.1760 0.6971
vn -0.8248 -0.1023 0.5561
vn -0.8904 -0.0459 0.4529
vn -0.7348 -0.1998 0.6482
vn -0.7741 -0.1266 0.6203
vn -0.5025 -0.0651 0.8621
vn -0.4181 -0.3018 0.8568
vn -0.5996 -0.0808 0.7962
vn -0.8765 -0.0854 0.4737
vn -0.9960 -0.0743 0.0490
vn 0.3079 -0.2878 0.9069
vn 0.5677 -0.3575 0.7415
vn 0.8624 0.0872 0.4987
vn 0.8618 -0.4267 0.2743
vn 0.4454 0.0048 0.8953
vn 0.2453 -0.0776 0.9663
vn 0.2904 -0.1710 0.9415
vn -0.0298 0.4802 0.8766
vn -0.5100 0.7063 0.4909
vn -0.3165 0.4032 0.8586
vn -0.2708 0.5329 0.8017
vn -0.1161 0.3236 0.9390
vn 0.0256 0.2239 0.9743
vn 0.6215 -0.0570 -0.7814
vn 0.5706 -0.0581 -0.8191
vn 0.1638 -0.0212 -0.9863
vn -0.0164 -0.0118 -0.9998
vn -0.0042 -0.1147 -0.9934
vn 0.0555 -0.0888 -0.9945
vn 0.1981 -0.0180 -0.9800
vn 0.0885 -0.1046 -0.9906
vn -0.0222 -0.1176 -0.9928
vn -0.4241 -0.0450 -0.9045
vn -0.8777 0.2417 -0.4139
vn -0.8584 0.1910 -0.4760
vn -0.5173 -0.2298 -0.8244
vn -0.1837 -0.3264 -0.9272
vn -0.6395 -0.2950 -0.7100
vn -0.2185 -0.4562 -0.8626
vn -0.5641 -0.3505 -0.7477
vn -0.8725 -0.2373 -0.4272
vn -0.5430 -0.1409 -0.8278
vn -0.2370 -0.1139 -0.9648
vn -0.3754 0.0405 -0.9260
vn -0.5980 0.1080 -0.7942
vn -0.6197 0.2160 -0.7545
vn -0.2325 0.1223 -0.9649
vn -0.3833 0.1435 -0.9124
vn 0.2847 -0.0136 -0.9585
vn -0.0638 -0.0244 -0.9977
vn 0.5297 -0.0112 -0.8481
vn 0.2834 0.0634 -0.9569
vn -0.3784 0.1125 -0.9188
vn -0.1227 -0.0641 -0.9904
vn -0.3396 0.0125 -0.9405
vn -0.9954 -0.0366 0.0887
vn -0.8440 -0.0458 -0.5344
vn -0.9740 -0.0636 0.2173
vn -0.9408 -0.0685 0.3318
vn -0.8887 -0.0960 0.4484
vn -0.8395 -0.0899 0.5358
vn -0.6622 -0.1280 0.7383
vn -0.6689 -0.1099 0.7352
vn -0.4229 -0.1249 0.8975
vn -0.1399 -0.1662 0.9761
vn -0.5242 -0.0806 0.8478
vn -0.5718 -0.0759 0.8169
vn -0.8978 0.0065 0.4404
vn -0.8773 0.0621 0.4760
vn -0.8882 -0.0389 0.4578
vn -0.9038 -0.3581 -0.2345
vn -0.8207 -0.5251 -0.2254
vn -0.7771 -0.6180 -0.1192
vn -0.8639 -0.4677 -0.1869
vn -0.8409 -0.3881 -0.3772
vn -0.7477 -0.6226 -0.2310
vn -0.7685 -0.4958 -0.4045
vn -0.7174 -0.3501 -0.6023
vn -0.7860 -0.0899 -0.6116
vn -0.8393 -0.2511 -0.4822
vn -0.5067 -0.3290 -0.7969
vn -0.2226 -0.4183 -0.8806
vn -0.0901 -0.2094 -0.9737
vn -0.4317 -0.2817 -0.8569
vn -0.4342 -0.2981 -0.8501
vn 0.0412 -0.0284 -0.9987
vn -0.2312 -0.0833 -0.9693
vn 0.2176 -0.2194 -0.9511
vn 0.3258 -0.1564 -0.9324
vn 0.0848 -0.2724 -0.9584
vn -0.0688 -0.6643 -0.7443
vn 0.0984 -0.3258 -0.9403
vn -0.3353 -0.6098 -0.7181
vn -0.8242 -0.5538 0.1186
vn -0.3131 -0.4566 -0.8328
vn -0.8005 -0.4263 0.4213
vn -0.3284 -0.4108 -0.8505
vn 0.4375 -0.0707 -0.8964
vn 0.6688 -0.1121 -0.7350
vn 0.4464 -0.1092 -0.8882
vn 0.4459 -0.1169 -0.8874
vn 0.4127 -0.0589 -0.9090
vn 0.2202 -0.1409 -0.9652
vn 0.1529 -0.0674 -0.9859
vn 0.0119 -0.0795 -0.9968
vn -0.4290 -0.0718 -0.9005
vn -0.0863 -0.3178 -0.9442
vn -0.0248 -0.1494 -0.9885
vn -0.7897 0.0336 -0.6125
vn -0.8875 -0.1979 -0.4161
vn -0.9627 -0.0585 -0.2643
vn -0.9826 -0.1036 -0.1541
vn -0.9664 -0.2204 -0.1321
vn -0.9342 -0.0888 0.3456
vn -0.9927 -0.1185 0.0221
vn -0.9498 -0.0433 0.3100
vn -0.9016 -0.0634 0.4279
vn -0.8761 -0.0208 0.4817
vn -0.9210 0.2036 0.3321
vn -0.9175 0.0582 0.3934
vn -0.8628 0.0822 0.4988
vn -0.7806 0.1401 0.6091
vn -0.8439 0.1851 0.5035
vn -0.5878 -0.1230 0.7996
vn -0.3676 -0.4689 0.8031
vn 0.2770 0.1280 0.9523
vn 0.0928 0.0914 0.9915
vn -0.1128 -0.3675 0.9232
vn 0.4350 -0.0156 0.9003
vn 0.2126 -0.0493 0.9759
vn 0.6056 0.0674 0.7929
vn 0.4109 0.0610 0.9097
vn 0.4437 0.0401 0.8953
vn 0.4906 0.0393 0.8705
vn 0.3972 0.1519 0.9051
vn 0.8220 0.0923 0.5620
vn 0.8107 0.1052 0.5759
vn 0.8395 0.0511 0.5409
vn 0.4229 0.3924 0.8168
vn 0.6556 0.3920 0.6454
vn 0.6875 0.2350 0.6871
vn 0.7899 0.3513 0.5026
vn 0.6045 0.4376 0.6656
vn 0.5081 0.6412 0.5750
vn 0.7779 0.4262 0.4617
vn 0.7952 0.5653 0.2193
vn 0.2577 0.9250 -0.2792
vn 0.4600 0.8250 -0.3282
vn 0.6076 0.7921 -0.0586
vn 0.9310 0.1755 0.3200
vn 0.7613 0.2606 0.5937
vn 0.6165 0.6532 0.4395
vn 0.0638 0.9980 0.0034
vn 0.3829 0.8548 0.3502
vn 0.6487 0.4759 0.5939
vn 0.1135 0.8993 0.4224
vn 0.4882 0.7002 0.5209
vn 0.7130 0.4682 0.5219
vn 0.8065 -0.0930 0.5839
vn 0.7251 0.0803 0.6840
vn 0.7374 -0.3768 0.5606
vn 0.8013 -0.4664 0.3747
vn 0.6523 -0.6901 0.3136
vn 0.8198 -0.4167 0.3928
vn 0.2153 -0.8904 0.4011
vn 0.1296 -0.9303 0.3432
vn -0.1425 -0.9544 0.2621
vn 0.3764 -0.8772 0.2981
vn 0.6360 -0.6122 0.4698
vn 0.7074 -0.4580 0.5383
vn 0.4608 -0.8346 0.3019
vn 0.8269 -0.4436 0.3456
vn 0.8493 -0.5034 0.1592
vn 0.8912 -0.0676 0.4485
vn 0.2524 -0.5619 0.7878
vn 0.6002 -0.7385 0.3073
vn 0.4276 -0.1639 0.8890
vn 0.7550 0.3132 0.5761
vn 0.9077 -0.1938 0.3721
vn -0.5271 -0.0739 0.8466
vn -0.0166 -0.3013 0.9534
vn -0.2005 -0.9797 -0.0065
vn -0.3482 -0.8965 -0.2740
vn 0.1041 -0.9941 0.0308
vn -0.4425 -0.8902 -0.1087
vn -0.5296 -0.8110 0.2486
vn -0.9821 -0.1337 -0.1328
vn -0.8589 -0.3767 -0.3471
vn -0.8876 -0.4502 -0.0975
vn -0.7175 -0.5071 -0.4776
vn -0.6952 -0.4758 -0.5388
vn -0.6394 -0.7184 -0.2741
vn -0.5813 -0.6094 -0.5392
vn -0.3120 -0.8649 -0.3932
vn -0.9203 -0.0525 -0.3877
vn -0.7808 -0.1382 -0.6093
vn -0.7525 -0.0483 -0.6568
vn -0.7746 0.0369 -0.6314
vn -0.8721 0.1144 -0.4758
vn -0.7605 0.4747 -0.4431
vn -0.8476 -0.0171 -0.5304
vn -0.9389 0.2511 -0.2352
vn -0.9220 0.3580 -0.1475
vn -0.6335 0.6225 -0.4595
vn -0.8133 0.4639 -0.3511
vn -0.3406 0.7880 -0.5128
vn -0.7555 0.6336 -0.1665
vn 0.3598 -0.7489 -0.5564
vn 0.8251 -0.5645 -0.0222
vn 0.6727 -0.7396 -0.0208
vn 0.5345 -0.8449 -0.0218
vn -0.5413 -0.3332 0.7720
vn -0.4600 -0.2016 0.8647
vn -0.6490 -0.1844 0.7381
vn -0.5992 -0.2003 0.7751
vn -0.6600 -0.1512 0.7359
vn -0.7873 -0.0972 0.6088
vn -0.7337 -0.2691 0.6239
vn -0.6501 -0.2356 0.7224
vn -0.7701 -0.2164 0.6001
vn -0.7748 -0.1888 0.6034
vn -0.1106 -0.9690 -0.2211
vn -0.4852 -0.7683 0.4175
vn -0.9750 0.1958 0.1050
vn -0.8513 0.2322 -0.4706
vn -0.9587 0.0764 -0.2740
vn -0.7363 0.5188 0.4345
vn -0.6064 0.5621 -0.5624
vn -0.0569 -0.1241 -0.9906
vn -0.8347 -0.3342 0.4377
vn -0.3148 0.8316 -0.4576
vn -0.4818 0.8659 -0.1345
vn -0.3574 0.8638 -0.3551
vn 0.1340 0.9807 0.1424
vn -0.1002 0.9791 0.1769
vn -0.1059 0.9693 0.2221
vn 0.1507 0.9792 0.1359
vn -0.1590 0.9828 -0.0945
vn -0.0159 0.9956 0.0925
vn 0.1221 0.4823 -0.8674
vn 0.5636 0.4274 0.7069
vn 0.1822 0.8768 -0.4450
vn -0.3626 0.8242 0.4350
vn -0.3115 0.8974 0.3125
vn -0.5354 0.8360 0.1205
vn -0.4554 0.8509 0.2620
vn -0.7808 0.6201 0.0765
vn -0.7361 0.3184 -0.5974
vn -0.8990 0.0442 -0.4357
vn -0.0798 0.8360 0.5429
vn -0.3232 0.6486 0.6891
vn 0.2564 0.3564 -0.8984
vn 0.5912 0.1447 -0.7934
vn 0.2594 0.4850 -0.8351
vn 0.9348 0.3414 -0.0982
vn 0.8547 0.5121 -0.0850
vn 0.4443 0.8954 0.0299
vn 0.2836 0.9325 -0.2235
vn 0.2670 0.9061 -0.3281
vn 0.2580 0.9048 -0.3388
vn -0.0265 0.8387 -0.5440
vn 0.0393 0.8686 -0.4939
vn -0.2169 0.7453 -0.6304
vn -0.4180 0.5756 -0.7028
vn -0.1877 0.7652 -0.6158
vn -0.7437 0.3263 -0.5835
vn -0.7854 0.1833 -0.5913
vn -0.7431 0.3040 -0.5962
vn -0.7917 -0.0627 -0.6077
vn -0.8460 -0.0521 -0.5306
vn -0.8098 0.0385 -0.5855
vn -0.8932 -0.1344 -0.4290
vn -0.9420 -0.2284 -0.2458
vn -0.9024 -0.1553 -0.4020
vn -0.9126 -0.1999 -0.3565
vn -0.9101 -0.2840 -0.3018
vn -0.8636 -0.2619 -0.4308
vn -0.9372 -0.3159 0.1477
vn -0.9429 -0.2232 -0.2471
vn -0.9371 -0.1258 -0.3256
vn -0.9738 -0.0832 -0.2115
vn -0.8939 0.3022 -0.3312
vn -0.9887 0.1161 -0.0952
vn -0.6703 0.5856 -0.4558
vn -0.9037 0.2156 -0.3701
vn -0.9568 0.0645 -0.2834
vn -0.9105 0.2748 -0.3091
vn -0.9198 0.3787 -0.1029
vn -0.9339 0.3551 0.0426
vn -0.9199 0.2516 0.3007
vn -0.9794 0.0448 0.1970
vn -0.9517 0.2291 0.2043
vn -0.8566 0.3676 0.3621
vn -0.9650 0.1094 -0.2385
vn -0.9974 0.0254 0.0674
vn -0.8256 -0.5022 0.2571
vn -0.7056 -0.6047 0.3695
vn -0.8381 0.1309 0.5296
vn -0.5213 -0.4093 -0.7488
vn -0.4788 -0.3853 -0.7889
vn -0.6873 -0.3557 -0.6333
vn -0.4231 0.0273 -0.9057
vn -0.5956 0.2388 -0.7669
vn -0.5694 -0.1719 -0.8039
vn -0.4713 0.1584 -0.8676
vn 0.2594 -0.2550 -0.9315
vn 0.1938 -0.1165 -0.9741
vn -0.3436 0.0483 -0.9379
vn 0.1684 -0.3566 -0.9189
vn 0.4798 -0.3623 -0.7991
vn 0.3495 -0.2669 -0.8981
vn -0.3812 -0.2718 -0.8836
vn -0.4563 -0.3968 -0.7965
vn -0.1203 -0.3859 -0.9147
vn -0.6415 -0.2826 -0.7131
vn -0.8102 0.0432 -0.5846
vn -0.6292 0.0293 -0.7767
vn -0.6745 -0.0924 -0.7324
vn -0.3226 -0.0545 -0.9449
vn -0.2167 -0.1226 -0.9685
vn -0.4825 -0.1201 -0.8676
vn -0.0488 -0.1169 -0.9919
vn -0.6299 -0.2179 -0.7454
vn -0.9182 -0.2578 -0.3008
vn -0.2484 0.0312 -0.9682
vn -0.4388 0.1827 -0.8798
vn -0.2184 0.2897 -0.9319
vn -0.0906 0.6229 -0.7771
vn -0.3580 0.4963 -0.7909
vn 0.1370 0.7398 -0.6587
vn 0.2671 0.9190 -0.2901
vn 0.4818 0.8460 -0.2284
vn 0.5484 0.7519 0.3660
vn 0.5184 0.8355 0.1821
vn 0.6524 0.6154 0.4423
vn 0.6527 0.6782 0.3378
vn 0.7631 0.6430 0.0648
vn 0.5841 0.8017 -0.1265
vn -0.0679 0.2151 -0.9742
vn 0.1442 0.2595 -0.9549
vn -0.2504 0.1511 -0.9563
vn 0.3561 0.1345 -0.9247
vn 0.7581 0.1595 -0.6323
vn 0.5376 0.0972 -0.8376
vn 0.9948 0.0794 0.0638
vn 0.8954 -0.0876 0.4365
vn 0.9951 0.0662 -0.0739
vn 0.8818 0.1780 -0.4367
vn 0.9069 0.0270 -0.4205
vn 0.7649 0.1030 -0.6359
vn 0.6672 0.1903 -0.7201
vn 0.5695 0.1429 -0.8095
vn -0.4574 0.0754 -0.8861
vn -0.0242 0.1083 -0.9938
vn -0.4802 0.1822 -0.8580
vn -0.5968 0.0636 -0.7999
vn -0.9408 -0.1372 -0.3099
vn 0.5637 -0.6565 -0.5013
vn -0.8883 -0.2341 0.3950
vn 0.4724 -0.1061 -0.8750
vn 0.5819 -0.2253 -0.7815
vn 0.4809 -0.3411 -0.8077
vn 0.7424 -0.1743 -0.6469
vn 0.5186 0.2107 -0.8287
vn -0.8627 -0.0778 0.4998
vn -0.6277 -0.3085 0.7147
vn -0.5763 -0.1326 0.8064
vn -0.9456 -0.2352 0.2247
vn -0.7476 -0.3825 0.5430
vn -0.9461 -0.3000 0.1218
vn -0.9318 -0.2363 0.2755
vn -0.9553 -0.2836 0.0838
vn -0.9354 -0.1335 0.3274
vn -0.6938 -0.3402 0.6347
vn -0.7817 -0.1294 0.6101
vn -0.8416 -0.2853 0.4586
vn -0.7686 -0.3356 0.5447
vn -0.8845 -0.3957 0.2470
vn -0.6179 -0.3394 0.7092
vn -0.5178 -0.5795 0.6293
vn -0.2852 -0.1366 0.9487
vn -0.8659 -0.4924 -0.0878
vn -0.7041 -0.6094 0.3646
vn -0.8568 -0.4505 -0.2509
vn -0.8776 -0.4794 0.0076
vn -0.8284 -0.4540 -0.3281
vn -0.9339 -0.2513 -0.2541
vn -0.7326 -0.0850 -0.6753
vn -0.7365 -0.1279 -0.6642
vn -0.4146 0.0788 -0.9066
vn -0.5582 0.0213 -0.8295
vn -0.3121 -0.2211 -0.9240
vn -0.6129 -0.3503 -0.7082
vn -0.7479 -0.2548 -0.6129
vn -0.3447 -0.1846 -0.9204
vn -0.6952 -0.4747 -0.5398
vn -0.8446 -0.3897 -0.3671
vn -0.7917 -0.5868 -0.1697
vn -0.5407 -0.7978 -0.2666
vn -0.5935 -0.7173 -0.3650
vn -0.4839 -0.3416 -0.8057
vn 0.0825 -0.0485 -0.9954
vn 0.3602 0.3077 -0.8807
vn 0.0063 -0.0036 -1.0000
vn 0.1941 -0.1515 -0.9692
vn 0.5190 0.1256 -0.8455
vn 0.1130 0.0720 -0.9910
vn 0.5601 0.3049 -0.7703
vn 0.3680 0.4103 -0.8344
vn 0.1314 0.1898 -0.9730
vn 0.8673 0.0880 -0.4900
vn 0.6671 0.2794 -0.6906
vn 0.8527 0.4431 -0.2767
vn 0.8765 0.2207 -0.4278
vn 0.5742 0.2643 -0.7749
vn 0.9569 0.2267 -0.1817
vn 0.8786 0.4731 0.0652
vn 0.9484 0.2386 -0.2088
vn 0.8986 0.2591 0.3541
vn 0.9117 0.3113 0.2681
vn 0.6638 0.3682 0.6510
vn 0.6524 0.2335 0.7210
vn 0.3330 0.4404 0.8337
vn 0.4214 0.2643 0.8675
vn 0.6577 -0.0008 0.7533
vn 0.8153 0.0942 0.5713
vn 0.8757 -0.3277 0.3548
vn 0.9010 0.1545 -0.4054
vn 0.8988 -0.0081 0.4383
vn 0.9130 0.2695 -0.3063
vn 0.8207 -0.1276 0.5569
vn 0.9666 0.2500 -0.0561
vn 0.8616 0.4374 0.2575
vn 0.8749 -0.1784 -0.4503
vn 0.7725 -0.5048 -0.3852
vn 0.9589 0.0844 0.2710
vn 0.9929 0.0097 -0.1182
vn 0.6656 0.6677 -0.3335
vn -0.5674 -0.1949 -0.8000
vn -0.7726 -0.1543 -0.6159
vn -0.9021 -0.1875 -0.3887
vn -0.2125 -0.3527 -0.9113
vn -0.1323 -0.0405 -0.9904
vn -0.3672 -0.3021 -0.8797
vn -0.5985 0.3070 -0.7400
vn -0.5163 0.1327 -0.8460
vn -0.0323 0.2020 -0.9789
vn 0.1526 0.2222 -0.9630
vn 0.5983 -0.0354 -0.8005
vn 0.7511 0.1791 -0.6354
vn 0.6914 0.2609 -0.6737
vn 0.4309 0.2100 -0.8776
vn 0.7477 -0.0266 -0.6635
vn 0.7702 -0.1287 0.6247
vn 0.5091 -0.1197 0.8524
vn 0.5307 -0.1408 0.8358
vn 0.3773 -0.1840 0.9076
vn 0.5184 -0.2069 0.8297
vn 0.4025 -0.2240 0.8876
vn 0.4469 -0.2370 0.8626
vn 0.1787 -0.1615 0.9706
vn -0.0902 -0.2107 0.9734
vn 0.2543 -0.2399 0.9369
vn 0.0982 -0.2271 0.9689
vn -0.9483 0.0599 0.3117
vn -0.9826 0.0249 0.1842
vn -0.9967 -0.0454 0.0678
vn -0.8032 -0.0820 -0.5901
vn -0.8491 0.0822 -0.5219
vn -0.2994 -0.1605 0.9405
vn -0.0830 -0.1365 0.9872
vn 0.1689 -0.1671 0.9714
vn 0.3923 -0.2213 0.8928
vn 0.1340 -0.2487 0.9593
vn -0.1761 -0.2902 0.9406
vn -0.4524 -0.1305 0.8822
vn -0.4809 -0.0351 0.8761
vn -0.6434 -0.1489 0.7509
vn -0.5998 0.0171 0.7999
vn -0.7699 -0.2948 0.5660
vn -0.7755 -0.0402 0.6300
vn -0.6670 -0.0910 0.7395
vn -0.9379 -0.1005 0.3321
vn 0.6942 -0.4057 0.5946
vn -0.3825 -0.9221 0.0591
vn 0.7028 -0.1000 -0.7043
vn 0.6310 -0.0239 -0.7754
vn 0.6553 -0.1555 -0.7392
vn 0.6503 -0.0926 -0.7540
vn 0.6456 -0.1051 -0.7564
vn 0.3644 -0.0533 -0.9297
vn 0.1161 -0.0218 -0.9930
vn 0.0547 -0.0106 -0.9984
vn -0.0667 -0.0312 -0.9973
vn -0.1608 -0.0215 -0.9867
vn -0.2745 -0.0750 -0.9587
vn -0.9100 -0.0921 -0.4044
vn -0.7788 -0.0786 -0.6223
vn -0.9710 0.0880 -0.2225
vn -0.9824 -0.0119 -0.1864
vn -0.9828 -0.1115 -0.1474
vn -0.9331 -0.1629 -0.3206
vn -0.9709 -0.1695 -0.1689
vn -0.8951 0.0435 -0.4437
vn -0.9811 -0.1827 0.0644
vn -0.9657 -0.1333 0.2229
vn -0.9505 -0.1346 0.2802
vn -0.7764 -0.0161 0.6301
vn -0.6366 -0.0540 0.7693
vn -0.6131 -0.0577 0.7879
vn -0.1032 0.0314 0.9942
vn -0.3688 -0.0229 0.9292
vn -0.2236 -0.0974 0.9698
vn 0.0488 -0.0270 0.9984
vn 0.2662 0.0133 0.9638
vn 0.8506 -0.0976 0.5166
vn 0.8983 -0.1605 0.4089
vn 0.9142 -0.3026 0.2696
vn 0.8265 -0.0750 0.5579
vn -0.2844 -0.1637 0.9446
vn 0.1904 -0.2313 0.9541
vn 0.2857 -0.1917 0.9390
vn 0.5490 -0.1870 0.8146
vn 0.6147 -0.1980 0.7635
vn 0.7855 -0.0268 0.6183
vn 0.8656 -0.0221 0.5002
vn 0.7430 -0.2063 0.6367
vn 0.8950 -0.0391 0.4444
vn 0.8685 0.0391 0.4941
vn 0.7961 -0.1385 0.5891
vn 0.7515 -0.2924 0.5914
vn 0.7846 0.0002 0.6200
vn 0.6396 -0.3303 0.6941
vn 0.5319 -0.5386 0.6535
vn 0.6982 -0.0848 0.7108
vn 0.5581 0.1782 0.8104
vn 0.5686 -0.0950 0.8171
vn 0.4553 -0.5157 0.7258
vn 0.4956 -0.1005 0.8627
vn -0.5770 0.1395 0.8048
vn -0.7264 0.0591 0.6847
vn -0.7128 0.1041 0.6936
vn -0.0600 -0.7018 0.7098
vn 0.0358 -0.9346 0.3540
vn 0.1529 -0.7027 0.6949
vn -0.3593 -0.9320 -0.0467
vn 0.3421 -0.3127 0.8861
vn 0.5143 0.0607 0.8554
vn 0.5824 0.0256 0.8125
vn -0.3797 -0.7960 -0.4714
vn 0.7025 -0.6358 -0.3197
vn 0.4576 -0.8246 0.3326
vn -0.2130 -0.9371 -0.2766
vn 0.1401 -0.9037 -0.4047
vn -0.0949 -0.0979 0.9907
vn 0.0083 0.0999 0.9950
vn 0.1544 -0.3200 0.9348
vn 0.7183 0.4232 0.5522
vn 0.9244 -0.1711 0.3410
vn 0.8507 0.3819 0.3612
vn 0.9080 0.1900 0.3735
vn 0.8055 -0.2649 0.5302
vn 0.5935 -0.7427 0.3102
vn 0.0076 -0.9987 -0.0509
vn -0.3918 -0.9191 0.0416
vn 0.5594 -0.6930 0.4548
vn -0.5239 -0.8232 -0.2188
vn 0.8094 -0.5872 -0.0078
vn 0.3192 -0.9266 0.1989
vn 0.9508 0.0688 0.3020
vn 0.2736 0.3685 0.8885
vn 0.2462 -0.9515 0.1842
vn -0.1215 0.1789 0.9763
vn -0.8328 -0.2504 0.4937
vn 0.9770 0.0668 0.2024
vn 0.9196 0.1024 0.3793
vn 0.9631 0.0198 0.2684
vn 0.9102 0.0147 0.4138
vn 0.8963 0.0423 0.4413
vn 0.9785 -0.0243 0.2050
vn 0.8776 0.1843 0.4425
vn 0.9974 -0.0701 0.0134
vn 0.9966 0.0176 0.0808
vn 0.9838 0.0353 -0.1758
vn 0.9281 0.0826 -0.3631
vn 0.9231 -0.0498 -0.3813
vn 0.9829 0.0721 -0.1692
vn 0.9950 0.0878 0.0484
vn 0.7545 -0.6119 -0.2372
vn 0.6988 -0.7128 -0.0604
vn 0.9825 0.0628 0.1751
vn 0.9186 -0.3488 0.1857
vn 0.9375 0.1516 0.3131
vn 0.9533 0.2977 0.0518
vn 0.8070 0.0685 -0.5866
vn 0.9247 0.0594 -0.3761
vn 0.8026 -0.5049 -0.3177
vn 0.6124 0.1911 -0.7671
vn 0.8331 0.1078 -0.5426
vn 0.8311 0.0652 -0.5522
vn 0.3951 0.1137 -0.9116
vn 0.3260 -0.3303 -0.8858
vn -0.0046 0.0942 -0.9955
vn 0.6384 -0.1264 -0.7592
vn 0.7857 -0.1964 -0.5866
vn 0.8139 -0.0546 -0.5784
vn 0.8296 -0.4753 -0.2930
vn 0.3039 -0.2878 -0.9082
vn 0.4684 -0.0900 -0.8789
vn 0.0308 -0.0616 -0.9976
vn 0.8920 -0.2656 0.3657
vn 0.9390 -0.2700 0.2130
vn 0.9930 -0.1155 -0.0248
vn 0.9093 0.1351 -0.3937
vn 0.9941 0.0423 0.0998
vn 0.7462 0.2294 -0.6250
vn 0.9999 0.0083 -0.0104
vn 0.9595 -0.0396 -0.2790
vn 0.9569 0.0204 0.2896
vn 0.9788 0.0302 0.2027
vn 0.9968 -0.0449 -0.0661
vn 0.9550 -0.0553 0.2913
vn 0.8976 -0.0206 0.4404
vn 0.9055 0.0630 0.4197
vn 0.6849 -0.1078 0.7206
vn 0.5464 -0.1664 0.8208
vn 0.4249 -0.1398 0.8944
vn 0.5061 -0.1910 0.8411
vn 0.9701 -0.2178 -0.1067
vn 0.8360 -0.2558 -0.4855
vn 0.7607 -0.2860 -0.5827
vn 0.9257 -0.2996 -0.2308
vn 0.9204 -0.2046 -0.3332
vn 0.9528 -0.2500 -0.1724
vn 0.9754 -0.1940 -0.1049
vn 0.8705 -0.0723 -0.4868
vn 0.5885 -0.1035 -0.8018
vn 0.3568 -0.0463 -0.9330
vn 0.3541 -0.0297 -0.9347
vn 0.0791 -0.0023 -0.9969
vn -0.2912 0.0218 -0.9564
vn -0.1805 0.0560 -0.9820
vn -0.6883 0.0723 -0.7218
vn -0.7736 0.0908 -0.6271
vn -0.2525 0.0571 -0.9659
vn -0.8601 0.1015 -0.4999
vn -0.8811 0.1161 -0.4584
vn -0.9331 0.0520 -0.3560
vn -0.9607 -0.0204 -0.2768
vn -0.9468 0.0728 -0.3135
vn -0.9630 0.0255 -0.2683
vn -0.9958 -0.0882 -0.0224
vn -0.9987 0.0269 0.0433
vn -0.9928 0.0009 0.1197
vn -0.8707 -0.0073 0.4917
vn 0.5086 -0.0033 0.8610
vn 0.6891 -0.0994 0.7178
vn 0.7008 0.0083 0.7133
vn 0.9278 -0.1531 0.3403
vn 0.9837 -0.1168 0.1370
vn 0.9710 -0.2096 0.1153
vn 0.9391 -0.1757 0.2954
vn 0.9411 -0.1061 0.3212
vn 0.9987 -0.0338 0.0373
vn 0.9819 -0.0536 -0.1818
vn 0.9874 -0.0763 -0.1388
vn 0.9900 -0.1150 0.0816
vn 0.9707 -0.1168 -0.2100
vn 0.8646 -0.0745 -0.4968
vn 0.6362 -0.1093 -0.7637
vn -0.4971 0.0047 -0.8677
vn -0.7643 -0.0018 -0.6448
vn -0.7656 0.0354 -0.6423
vn -0.9266 0.1031 -0.3617
vn -0.9976 0.0690 -0.0035
vn -0.9943 0.0050 0.1069
vn -0.9265 0.0158 0.3760
vn -0.7551 0.0026 0.6556
vn -0.5638 -0.0176 0.8257
vn -0.4437 -0.0721 0.8933
vn -0.3281 -0.0363 0.9440
vn -0.1272 -0.1051 0.9863
vn 0.2885 -0.1055 0.9516
vn 0.0610 -0.1246 0.9903
vn 0.0746 -0.1759 0.9816
vn 0.1837 -0.1525 0.9711
vn 0.3104 -0.1411 0.9401
vn 0.5483 -0.1476 0.8231
vn 0.9008 -0.1259 0.4155
vn 0.8498 -0.1457 0.5066
vn 0.9454 -0.1109 0.3064
vn 0.9427 -0.1476 0.2994
vn 0.9782 -0.1186 0.1706
vn 0.9738 -0.1564 0.1652
vn 0.9848 -0.1734 0.0100
vn 0.8826 -0.1912 0.4294
vn 0.9081 0.2485 0.3370
vn 0.9644 0.0116 0.2644
vn 0.5913 -0.2387 0.7703
vn 0.9607 -0.2379 0.1429
vn 0.6454 -0.2258 0.7297
vn 0.5910 -0.1787 0.7866
vn 0.9736 -0.1831 0.1361
vn 0.8357 -0.2522 0.4878
vn 0.5627 -0.1183 0.8181
vn 0.6250 -0.1017 0.7740
vn 0.0731 -0.1187 0.9902
vn 0.0991 -0.0993 0.9901
vn 0.2374 -0.0790 0.9682
vn 0.0842 -0.0244 0.9962
vn 0.2352 -0.1708 0.9568
vn -0.1552 -0.0941 0.9834
vn 0.2504 -0.7337 0.6317
vn -0.3898 -0.0144 0.9208
vn -0.5034 -0.1785 0.8454
vn -0.7399 -0.0437 0.6713
vn -0.2519 0.0303 0.9673
vn -0.5806 0.0232 0.8139
vn -0.7182 0.0324 0.6951
vn -0.3690 -0.0391 0.9286
vn -0.9123 0.0679 0.4039
vn -0.9708 -0.0035 0.2397
vn -0.9397 -0.0980 0.3276
vn -0.9378 -0.1568 0.3098
vn -0.8713 -0.2038 0.4464
vn -0.9751 -0.0806 0.2065
vn -0.9117 -0.2378 0.3350
vn -0.6368 -0.4973 0.5892
vn -0.3465 -0.7854 0.5130
vn -0.9819 0.0293 -0.1869
vn -0.8311 -0.4686 -0.2996
vn -0.9741 -0.2139 -0.0728
vn -0.8531 0.2564 -0.4545
vn -0.8169 -0.4411 0.3716
vn -0.8975 -0.1438 0.4169
vn -0.8618 -0.1908 0.4700
vn -0.8523 -0.4184 0.3138
vn -0.8639 0.0381 0.5022
vn -0.8319 -0.0445 0.5531
vn -0.7218 -0.1850 0.6669
vn -0.6650 -0.0077 0.7468
vn -0.4710 0.0121 0.8820
vn 0.9290 0.3246 -0.1778
vn 0.7302 0.5394 0.4195
vn 0.5902 0.7602 0.2716
vn 0.6569 0.7091 -0.2563
vn 0.6807 0.4782 -0.5549
vn 0.6802 0.3509 -0.6435
vn 0.7912 0.5874 -0.1703
vn 0.9995 -0.0141 0.0276
vn 0.9087 -0.0681 -0.4118
vn 0.2080 -0.9472 0.2439
vn 0.1082 -0.9916 0.0709
vn 0.3859 -0.9048 0.1799
vn 0.0955 -0.9832 -0.1554
vn 0.5814 -0.7199 -0.3790
vn 0.5184 -0.4200 -0.7449
vn 0.7492 -0.1155 -0.6521
vn 0.5473 -0.2605 -0.7954
vn 0.5755 -0.0495 -0.8163
vn 0.6442 -0.0633 -0.7622
vn 0.5174 0.0379 -0.8549
vn 0.4452 -0.3314 -0.8318
vn 0.8828 0.0192 -0.4694
vn 0.9639 0.2571 -0.0689
vn 0.9873 0.0222 -0.1576
vn 0.3847 0.5451 0.7449
vn 0.9096 0.0668 0.4101
vn 0.8219 0.2946 -0.4875
vn 0.9192 0.0040 -0.3938
vn 0.8802 0.3936 -0.2650
vn 0.7759 -0.3162 -0.5459
vn 0.7602 -0.2131 -0.6137
vn 0.4140 -0.0341 -0.9096
vn 0.2659 0.1553 -0.9514
vn 0.0079 0.1752 -0.9845
vn 0.3464 -0.2947 -0.8906
vn -0.9370 0.1163 -0.3294
vn -0.8996 0.1262 0.4182
vn -0.9396 0.0249 0.3413
vn -0.8097 -0.1245 0.5734
vn -0.3345 -0.6644 0.6683
vn -0.7647 -0.3830 0.5182
vn -0.5831 -0.3541 0.7312
vn -0.3860 0.4444 0.8084
vn -0.3152 -0.0092 0.9490
vn 0.3905 0.9128 0.1194
vn 0.4885 0.8721 0.0287
vn 0.0811 0.9128 0.4003
vn 0.0514 -0.0371 0.9980
vn 0.2176 -0.7164 0.6629
vn 0.5132 -0.1197 0.8499
vn -0.0894 -0.7537 0.6511
vn -0.3628 -0.6622 0.6557
vn -0.0756 -0.9935 0.0854
vn -0.2787 -0.9598 0.0336
vn 0.1746 -0.7939 -0.5825
vn 0.1944 -0.8363 -0.5127
vn -0.0603 -0.9730 -0.2229
vn 0.8244 -0.5422 0.1623
vn 0.1168 -0.9885 -0.0961
vn 0.3727 -0.6329 -0.6786
vn 0.6090 -0.0412 -0.7921
vn 0.3600 -0.2007 -0.9111
vn -0.1415 -0.2087 -0.9677
vn -0.3250 0.0646 -0.9435
vn 0.1856 0.0990 -0.9776
vn -0.8088 0.0348 -0.5871
vn -0.6964 -0.3821 -0.6075
vn -0.9677 0.0183 -0.2513
vn -0.7576 -0.6041 -0.2470
vn -0.6126 -0.7832 0.1062
vn -0.9499 -0.1182 0.2893
vn -0.0360 -0.7300 -0.6825
vn -0.0252 -0.9920 -0.1236
vn -0.2883 -0.7916 -0.5388
vn -0.0191 -0.9970 0.0752
vn -0.5734 -0.6849 0.4496
vn 0.4612 -0.8719 0.1648
vn 0.0879 -0.8944 0.4386
vn -0.2383 -0.9708 0.0265
vn -0.1086 0.3342 0.9362
vn -0.1582 0.1324 0.9785
vn -0.2808 -0.7328 0.6197
vn 0.5592 0.4725 0.6812
vn 0.3996 0.4986 0.7692
vn 0.9654 0.1886 0.1802
vn 0.9187 0.2067 0.3366
vn 0.8796 0.4136 -0.2349
vn 0.9762 0.1599 0.1465
vn 0.6689 0.6410 0.3763
vn 0.6891 0.6015 -0.4041
vn 0.7042 0.3979 0.5881
vn -0.1328 -0.5891 -0.7971
vn 0.2294 -0.8645 -0.4473
vn 0.1162 -0.1549 -0.9811
vn 0.3018 0.2606 -0.9171
vn 0.1674 -0.2612 -0.9507
vn -0.2377 -0.3527 -0.9050
vn -0.7723 -0.2015 -0.6024
vn -0.2381 -0.0821 -0.9678
vn -0.9826 -0.1710 -0.0721
vn -0.8947 -0.0867 -0.4382
vn -0.9960 -0.0724 -0.0523
vn -0.9768 -0.1081 -0.1851
vn -0.9721 -0.1904 0.1370
vn -0.9926 -0.1100 0.0505
vn -0.9646 0.0136 -0.2632
vn -0.9935 0.0869 0.0735
vn -0.9602 -0.2364 0.1491
vn -0.3883 -0.0718 -0.9187
vn -0.6328 0.2295 -0.7395
vn 0.0137 -0.0575 -0.9983
vn -0.2231 0.2436 -0.9439
vn -0.0851 0.2872 -0.9541
vn 0.2109 -0.0156 -0.9774
vn 0.0932 -0.1091 -0.9897
vn -0.1384 -0.1275 -0.9821
vn -0.9752 -0.1057 0.1944
vn -0.1830 0.1775 -0.9669
vn 0.6056 -0.0221 -0.7955
vn 0.1412 0.2901 -0.9465
vn -0.1150 0.3017 -0.9464
vn -0.2321 0.6122 -0.7559
vn 0.8663 0.1841 -0.4644
vn -0.9189 -0.2567 0.2995
vn -0.9437 -0.2251 0.2425
vn -0.8335 -0.2490 0.4932
vn 0.6804 0.2213 0.6986
vn 0.3737 0.5551 0.7431
vn 0.6747 0.4974 0.5453
vn 0.7901 -0.1415 0.5965
vn 0.5391 0.7326 0.4156
vn 0.0822 0.9560 0.2816
vn 0.4766 0.7715 0.4215
vn 0.0258 0.9458 0.3237
vn 0.8817 0.3889 -0.2672
vn -0.2854 -0.0607 0.9565
vn -0.0874 -0.3818 -0.9201
vn -0.6492 0.1460 -0.7465
vn 0.9476 -0.1967 -0.2519
vn 0.9017 -0.2868 -0.3235
vn 0.7210 -0.1705 -0.6717
vn 0.3546 0.2570 0.8990
vn 0.8326 -0.1416 -0.5355
vn 0.9814 -0.0634 -0.1811
vn 0.9882 0.0657 0.1383
vn 0.9453 -0.0288 -0.3249
vn 0.9812 0.0202 -0.1918
vn -0.5092 -0.1762 -0.8424
vn -0.5897 -0.1528 -0.7931
vn -0.9151 0.0098 -0.4031
vn -0.5785 -0.1765 -0.7963
vn -0.9204 0.0024 -0.3909
vn -0.9977 -0.0635 -0.0233
vn -0.7594 -0.6427 0.1009
vn -0.7458 -0.4175 0.5191
vn -0.7759 -0.5570 0.2962
vn -0.2476 0.5628 0.7886
vn 0.3139 0.4810 -0.8186
vn 0.8479 0.2684 -0.4571
vn 0.8763 -0.0451 -0.4796
vn 0.6646 -0.1902 -0.7226
vn 0.9680 -0.0168 -0.2504
vn 0.9450 -0.3269 0.0087
vn 0.9684 0.2312 0.0933
vn 0.9544 -0.0436 -0.2952
vn 0.6228 0.7786 0.0770
vn 0.9327 0.3380 -0.1257
vn -0.4790 0.2045 -0.8536
vn -0.3077 0.1375 -0.9415
vn 0.9414 -0.1461 -0.3041
vn 0.1255 -0.0478 -0.9909
vn 0.7774 0.1890 -0.5999
vn 0.3870 -0.2801 -0.8785
vn 0.4456 0.1654 -0.8798
vn -0.8542 -0.2865 0.4339
vn -0.9912 -0.0949 0.0923
vn -0.8627 -0.4890 0.1288
vn -0.2772 -0.2436 0.9294
vn 0.0391 0.0254 0.9989
vn -0.1030 -0.3113 0.9447
vn 0.3210 -0.1284 0.9383
vn 0.9285 0.3555 0.1078
vn 0.8733 0.1797 -0.4528
vn 0.7838 0.0955 -0.6136
vn 0.8307 0.1886 -0.5238
vn 0.8859 0.2929 -0.3598
vn 0.6099 0.4124 0.6767
vn 0.2880 0.0042 0.9576
vn -0.0759 -0.1968 0.9775
vn -0.6864 -0.2903 -0.6668
vn -0.9136 -0.3840 -0.1338
vn 0.8750 -0.3763 -0.3046
vn 0.8536 0.0231 -0.5204
vn 0.7207 -0.0272 -0.6927
vn 0.9281 -0.2726 -0.2536
vn 0.9546 0.0321 -0.2962
vn 0.8114 0.2934 -0.5056
vn 0.9935 -0.0668 -0.0920
vn 0.9548 0.2860 -0.0810
vn 0.1537 0.4721 0.8680
vn -0.8892 0.2888 0.3548
vn -0.7626 0.1891 0.6186
vn 0.2859 0.4630 0.8390
vn 0.1987 0.3235 0.9251
vn -0.0019 0.3406 0.9402
vn 0.4409 -0.2142 0.8716
vn 0.5172 0.3411 0.7850
vn 0.2349 -0.1170 0.9649
vn -0.0134 -0.2290 0.9733
vn -0.1242 -0.7485 -0.6514
vn 0.4327 0.0826 -0.8978
vn -0.8559 0.3476 -0.3829
vn -0.8717 0.3478 -0.3453
vn -0.8364 0.2407 -0.4924
vn -0.8253 0.5573 -0.0913
vn 0.7970 0.5263 -0.2963
vn 0.9527 0.2563 0.1634
vn -0.4196 -0.1198 0.8998
vn -0.5324 -0.2154 0.8186
vn -0.7636 0.1650 -0.6243
vn 0.4519 -0.1975 0.8699
vn -0.8047 0.1847 -0.5643
vn -0.2608 0.0176 0.9652
vn -0.0956 -0.6297 0.7709
vn -0.0519 -0.3897 0.9195
vn -0.1152 -0.3861 0.9152
vn -0.3445 0.0958 -0.9339
vn -0.9654 -0.1042 0.2391
vn -0.1054 0.8995 -0.4241
vn -0.4442 0.6237 -0.6432
vn 0.7477 -0.1216 0.6528
vn 0.7493 -0.3964 0.5305
vn -0.4899 0.1205 -0.8634
vn 0.1151 -0.3669 -0.9231
vn -0.0961 -0.2339 -0.9675
vn -0.7691 -0.5110 -0.3838
vn 0.6358 0.3449 -0.6905
vn -0.9334 -0.2882 -0.2140
vn -0.9219 -0.3217 0.2158
vn -0.9541 -0.2452 -0.1717
vn 0.6051 0.6989 -0.3812
vn 0.2187 0.6036 -0.7667
vn -0.2423 -0.1294 -0.9615
vn 0.1010 -0.1475 -0.9839
vn -0.9815 -0.1229 -0.1470
vn -0.8866 -0.2227 -0.4054
vn -0.8415 -0.4066 0.3558
vn -0.8244 -0.2994 0.4803
vn 0.2716 0.0332 0.9618
vn 0.2772 0.1536 0.9485
vn -0.0433 -0.2916 0.9556
vn 0.3580 0.6436 0.6765
vn 0.5097 0.6183 0.5982
vn 0.9448 -0.3165 -0.0848
vn 0.4442 0.1573 0.8820
vn 0.9184 -0.0806 0.3874
vn 0.8674 0.4593 0.1912
vn 0.5955 0.5959 0.5388
vn 0.6213 -0.7745 -0.1191
vn 0.5800 0.1495 -0.8008
vn 0.6490 0.2969 -0.7004
vn -0.8398 0.2860 -0.4614
vn -0.8785 -0.1035 -0.4664
vn -0.4529 -0.5629 -0.6914
vn 0.7374 -0.0960 -0.6686
vn 0.7923 -0.4622 -0.3983
vn 0.4785 -0.8433 0.2447
vn 0.5585 0.5416 0.6283
vn 0.3021 0.5492 0.7792
vn 0.8191 0.1765 -0.5458
vn 0.5072 0.1292 -0.8521
vn -0.9415 -0.2043 -0.2680
vn 0.4931 0.1272 0.8606
vn 0.7444 -0.1826 -0.6423
vn 0.3008 -0.1615 -0.9399
vn -0.3850 -0.1809 -0.9050
vn 0.4321 -0.1990 -0.8796
vn 0.8913 0.2875 -0.3507
vn 0.8150 -0.0777 -0.5742
vn 0.9539 0.2582 -0.1532
vn -0.1146 -0.0367 0.9927
vn -0.9842 -0.1744 0.0317
vn 0.7875 0.3176 0.5282
vn -0.6520 0.1523 0.7428
vn -0.0218 0.2457 0.9691
vn -0.5964 -0.0839 0.7983
vn 0.6891 0.6058 0.3977
vn 0.7575 -0.6492 -0.0686
vn 0.5636 -0.7262 0.3936
vn 0.3796 0.6259 0.6813
vn 0.4475 0.0132 0.8942
vn 0.4619 0.1184 0.8790
vn 0.6536 0.0364 0.7560
vn 0.6405 0.0268 0.7675
vn 0.5345 -0.1207 0.8365
vn 0.6112 0.0152 0.7913
vn 0.3800 0.0564 0.9233
vn 0.7405 0.0250 0.6716
vn 0.6369 -0.0120 0.7709
vn -0.4608 0.1030 0.8815
vn -0.1120 0.1375 0.9842
vn 0.7789 0.3276 0.5349
vn -0.3918 0.9062 -0.1594
vn -0.2512 0.9672 -0.0370
vn -0.0917 0.9949 0.0429
vn -0.1450 0.5534 0.8202
vn -0.1807 0.6995 0.6914
vn -0.1202 0.3631 0.9240
vn 0.9306 -0.2112 0.2988
vn 0.2791 -0.0591 0.9584
vn 0.7782 0.3160 0.5427
vn 0.3486 -0.6495 0.6758
vn 0.9501 0.2729 0.1514
vn 0.6870 0.0142 0.7265
vn 0.5785 -0.3329 0.7446
vn 0.4421 0.8924 -0.0908
vn 0.6985 -0.4257 0.5753
vn 0.7736 -0.5924 -0.2249
vn 0.7066 0.1629 0.6886
vn -0.1363 0.9633 0.2314
vn 0.3665 -0.0030 0.9304
vn -0.4970 -0.2841 0.8199
vn -0.3494 -0.7280 0.5899
vn -0.3754 -0.6823 0.6273
vn -0.2987 -0.1078 0.9482
vn -0.1865 0.0085 0.9824
vn 0.9556 0.0723 -0.2857
vn 0.6630 0.4015 0.6318
vn 0.9208 0.2967 -0.2533
vn 0.9364 0.2440 -0.2521
vn 0.7713 -0.6361 0.0223
vn -0.8128 0.4589 -0.3588
vn 0.6316 0.4641 0.6210
vn 0.8468 0.4431 0.2943
vn 0.3360 0.5728 0.7477
vn 0.5447 0.2551 0.7989
vn 0.9961 -0.0728 0.0496
vn -0.8478 0.3961 -0.3526
vn 0.5980 0.7728 0.2126
vn 0.3244 0.5085 0.7976
vn 0.3277 0.6538 0.6820
vn 0.9061 0.0413 -0.4210
vn 0.8940 -0.4010 -0.2001
vn 0.7433 0.0843 -0.6636
vn 0.6494 0.1423 -0.7470
vn -0.9259 -0.0988 0.3647
vn -0.7076 -0.2186 0.6720
vn 0.5149 0.5321 0.6722
vn 0.3199 0.1608 0.9337
vn 0.6185 0.1952 0.7611
vn -0.7924 -0.0375 0.6089
vn -0.5423 -0.4781 0.6909
vn 0.7636 0.0471 0.6439
vn -0.5369 -0.0751 0.8403
vn 0.1394 -0.0472 0.9891
vn -0.8931 0.0343 -0.4486
vn -0.8253 -0.4386 -0.3556
vn 0.7126 0.5390 -0.4491
vn -0.1259 -0.3556 0.9261
vn 0.5205 0.3150 0.7936
vn 0.8632 -0.4188 0.2821
vn 0.8779 -0.3072 -0.3673
vn 0.8486 -0.4990 -0.1755
vn -0.4604 -0.8876 0.0131
vn 0.9920 0.1259 0.0112
vn 0.8339 0.1386 -0.5342
vn -0.2009 -0.1156 -0.9728
vn 0.0255 -0.1330 -0.9908
vn 0.7951 0.1386 -0.5904
vn 0.9889 -0.1137 -0.0961
vn 0.4318 0.0566 -0.9002
vn 0.8372 0.3616 -0.4103
vn 0.2225 -0.9492 -0.2225
vn 0.4046 -0.3648 -0.8386
vn 0.3679 -0.1077 -0.9236
vn -0.9557 -0.2302 -0.1837
vn 0.1869 0.1054 0.9767
vn 0.1950 -0.0125 0.9807
vn -0.9943 0.0102 -0.1066
vn -0.9718 -0.0028 0.2359
vn -0.3402 -0.3290 -0.8809
vn -0.8163 -0.3197 0.4811
vn 0.8015 -0.2669 0.5351
vn 0.2900 -0.2944 0.9106
vn -0.9749 -0.0496 0.2169
vn 0.3139 -0.1662 0.9348
vn -0.3146 -0.1297 0.9403
vn -0.9620 0.2679 0.0524
vn -0.9346 0.0904 0.3439
vn -0.9281 -0.1439 0.3435
vn -0.6798 -0.0988 0.7267
vn -0.9982 -0.0466 0.0389
vn -0.6034 -0.1799 0.7769
vn -0.3226 -0.1932 0.9266
vn 0.9703 -0.2004 0.1352
vn 0.3180 -0.4827 -0.8160
vn 0.4529 -0.1276 -0.8824
vn -0.8375 -0.2906 -0.4627
vn -0.1582 0.2170 -0.9633
vn -0.7691 0.4025 -0.4964
vn -0.0645 -0.1664 -0.9839
vn -0.3216 0.1907 -0.9275
vn -0.0865 -0.1211 -0.9889
vn -0.2866 0.0191 -0.9579
vn -0.2672 -0.3592 -0.8942
vn -0.7264 -0.2205 -0.6510
vn -0.7755 -0.1369 -0.6163
vn -0.8727 0.0410 -0.4864
vn -0.8675 -0.4582 0.1935
vn -0.9661 0.1987 -0.1648
vn -0.8296 -0.0072 -0.5582
vn -0.7190 0.4487 -0.5307
vn -0.8082 0.4650 -0.3614
vn -0.7104 0.6753 -0.1983
vn -0.6636 0.6645 -0.3436
vn 0.3642 -0.1294 -0.9223
vn -0.6532 0.4704 -0.5934
vn -0.4550 0.5842 -0.6721
vn -0.6295 0.3831 -0.6760
vn -0.4809 -0.0436 -0.8757
vn -0.9428 -0.2951 -0.1548
vn 0.2413 0.2310 -0.9426
vn 0.3811 0.2187 -0.8983
vn -0.4026 -0.1746 -0.8986
vn -0.3367 -0.2130 -0.9172
vn -0.7837 -0.0030 -0.6211
vn -0.6983 -0.0630 -0.7130
vn -0.3627 -0.0235 -0.9316
vn 0.4076 0.0563 -0.9114
vn 0.2669 -0.0218 -0.9635
vn 0.7646 0.0019 -0.6445
vn 0.9884 -0.0385 -0.1469
vn 0.5833 -0.1635 0.7956
vn -0.4284 -0.0682 0.9010
vn -0.4562 -0.1428 0.8783
vn -0.9969 0.0532 0.0585
vn -0.8501 0.0871 -0.5193
vn 0.7260 -0.4218 -0.5432
vn 0.8368 -0.4856 0.2529
vn 0.8940 -0.2519 0.3706
vn 0.4118 -0.2822 0.8665
vn 0.4821 -0.1774 0.8580
vn 0.3903 -0.6820 0.6185
vn 0.6513 0.7095 0.2692
vn 0.7567 0.6536 -0.0146
vn 0.6240 0.5967 -0.5045
vn 0.4751 -0.1000 -0.8742
vn -0.9935 -0.0154 -0.1125
vn -0.8263 -0.5263 -0.2004
vn -0.9866 -0.0557 -0.1532
vn -0.9684 -0.0111 0.2491
vn -0.9388 0.1151 0.3246
vn -0.6906 0.3336 -0.6417
vn -0.6720 0.0747 -0.7368
vn -0.4992 -0.4572 0.7361
vn -0.0105 -0.9995 0.0289
vn -0.2883 -0.5716 0.7682
vn 0.0243 -0.0075 0.9997
vn -0.0546 -0.7067 0.7054
vn 0.5744 0.0259 0.8181
vn 0.7610 -0.1049 0.6402
vn 0.7419 -0.0040 -0.6705
vn 0.7886 -0.1390 -0.5990
vn -0.5054 0.1646 -0.8471
vn -0.9810 -0.1806 0.0710
vn -0.8797 -0.4754 0.0053
vn -0.3825 -0.9221 0.0592
vn -0.8906 -0.0366 0.4532
vn -0.1557 -0.2143 0.9643
vn -0.0983 -0.6749 0.7313
vn 0.2749 0.0233 0.9612
vn -0.1679 -0.1165 0.9789
vn 0.5884 0.0361 0.8078
vn 0.8510 0.1229 0.5106
vn 0.8590 0.5038 0.0910
vn 0.8476 0.2730 0.4550
vn 0.9419 0.3303 0.0605
vn 0.4279 0.2926 0.8552
vn 0.8546 -0.0854 0.5122
vn 0.5958 -0.7998 0.0729
vn 0.2093 -0.9734 -0.0928
vn -0.6803 -0.7282 0.0826
vn -0.2789 -0.9570 0.0795
vn 0.1660 -0.9057 -0.3901
vn -0.7272 -0.6661 -0.1657
vn -0.4659 0.4151 0.7814
vn -0.9223 0.1590 0.3523
vn -0.1805 -0.0110 0.9835
vn -0.8228 -0.0453 -0.5665
vn -0.7755 0.1634 -0.6098
vn -0.1402 0.2851 0.9482
vn -0.5839 0.5330 -0.6124
vn -0.6138 0.0356 -0.7887
vn -0.6383 0.6145 0.4637
vn -0.2337 0.5669 -0.7899
vn 0.9224 0.1590 -0.3520
vn 0.9819 0.1869 0.0311
vn 0.8151 0.3012 -0.4948
vn -0.3888 0.4280 0.8159
vn -0.0599 0.3472 0.9359
vn 0.0577 0.3994 0.9149
vn -0.5154 0.1775 0.8383
vn -0.6967 0.4916 0.5224
vn -0.8383 0.5345 0.1074
vn -0.7715 0.5286 -0.3539
vn -0.4548 0.5687 -0.6854
vn -0.0801 0.5522 -0.8299
vn -0.0501 0.3934 -0.9180
vn -0.4921 0.3020 -0.8165
vn -0.8402 0.3533 -0.4114
vn -0.8933 0.4191 0.1622
vn -0.7896 0.2855 0.5431
vn 0.6588 0.6321 -0.4080
vn -0.6628 0.1983 -0.7221
vn -0.5768 0.1783 -0.7972
vn -0.4465 0.0815 -0.8911
vn -0.8211 -0.3181 -0.4739
vn -0.9726 -0.2321 -0.0086
vn -0.9684 -0.1731 -0.1796
vn -0.9801 -0.1440 -0.1366
vn -0.4727 0.0908 -0.8765
vn -0.6976 -0.2360 -0.6765
vn -0.3259 -0.2882 -0.9004
vn -0.3833 -0.2122 -0.8989
vn -0.2513 -0.3630 -0.8973
vn -0.1663 -0.1269 -0.9779
vn -0.3288 0.0695 -0.9418
vn 0.3960 0.9182 -0.0134
vn 0.4816 0.6852 -0.5464
vn 0.2561 0.5430 -0.7997
vn 0.6539 0.4209 -0.6286
vn 0.3710 0.3134 -0.8741
vn -0.0557 0.2939 -0.9542
vn 0.6668 -0.0676 0.7422
vn 0.9831 0.0212 0.1818
vn -0.9308 -0.3655 0.0054
vn -0.8234 -0.4237 0.3775
vn -0.2692 -0.3750 0.8871
vn -0.8730 -0.3061 -0.3797
vn -0.4977 -0.1735 -0.8498
vn -0.0991 0.2115 -0.9723
vn 0.8459 0.4615 0.2673
vn 0.2961 -0.3592 0.8850
vn 0.8512 -0.2315 0.4710
vn 0.9662 -0.1839 0.1804
vn 0.9734 -0.0092 0.2288
vn 0.9068 0.3296 0.2627
vn 0.7741 0.4186 0.4749
vn 0.6081 0.0905 -0.7887
vn -0.5089 -0.1736 0.8431
vn 0.9858 -0.0858 0.1442
vn -0.7624 -0.0769 0.6425
vn -0.9284 -0.0498 0.3683
vn 0.8878 -0.1463 -0.4363
vn -0.2204 -0.1188 0.9681
vn 0.3521 -0.0266 0.9356
vn 0.9090 -0.3956 -0.1316
vn 0.4035 -0.4384 0.8031
vn 0.3413 -0.2615 0.9028
vn 0.3982 0.0525 0.9158
vn -0.3093 0.1831 0.9332
vn 0.4684 -0.8835 -0.0045
vn 0.0693 -0.9976 -0.0081
vn 0.4490 0.2038 -0.8700
vn 0.2529 0.2256 -0.9408
vn 0.0246 -0.0126 -0.9996
vn -0.0902 -0.0852 -0.9923
vn -0.9456 0.0835 -0.3144
vn 0.1587 -0.0842 0.9837
vn 0.0265 -0.0724 0.9970
vn 0.0936 -0.1088 0.9896
vn -0.0040 -0.0092 0.9999
vn -0.0277 -0.0693 0.9972
vn -0.4406 -0.6839 -0.5815
vn -0.7720 -0.2045 -0.6018
vn -0.0493 -0.7011 -0.7114
vn 0.0437 -0.9185 -0.3930
vn -0.2194 0.0983 0.9707
vn 0.3742 0.5003 0.7808
vn 0.1056 0.4341 0.8947
vn 0.2425 0.7388 0.6288
vn 0.3805 0.5587 0.7369
vn 0.8373 -0.0922 0.5389
vn 0.3971 -0.2692 -0.8774
vn -0.4416 0.0832 -0.8934
vn -0.9992 0.0346 -0.0195
vn -0.5852 -0.4909 0.6454
vn 0.5475 0.7997 -0.2465
vn -0.1519 0.5217 0.8395
vn 0.8814 0.1636 0.4430
vn 0.8499 -0.3438 0.3993
vn 0.7071 -0.0931 -0.7010
vn 0.4795 0.1271 0.8683
vn 0.8312 0.2839 0.4780
vn 0.9343 0.3409 -0.1041
vn 0.9518 0.1651 -0.2585
vn 0.8907 0.3770 0.2540
vn 0.0882 0.0182 0.9959
vt 0.516094 0.560693
vt 0.510800 0.551100
vt 0.522096 0.553604
vt 0.534447 0.585980
vt 0.536619 0.585510
vt 0.536564 0.590324
vt 0.535766 0.590002
vt 0.532569 0.585921
vt 0.539734 0.571732
vt 0.543200 0.572733
vt 0.539489 0.588336
vt 0.540331 0.585907
vt 0.546919 0.578745
vt 0.550540 0.579745
vt 0.553421 0.582557
vt 0.545925 0.585950
vt 0.535493 0.571561
vt 0.531402 0.576976
vt 0.530362 0.569306
vt 0.553990 0.524508
vt 0.537489 0.533746
vt 0.542077 0.522729
vt 0.557792 0.558153
vt 0.553606 0.567457
vt 0.548344 0.564433
vt 0.539742 0.561612
vt 0.550153 0.553598
vt 0.543932 0.564137
vt 0.533561 0.549237
vt 0.531451 0.560186
vt 0.521194 0.571122
vt 0.504755 0.565144
vt 0.619641 0.576981
vt 0.611118 0.575021
vt 0.622250 0.573143
vt 0.556527 0.539186
vt 0.556114 0.529355
vt 0.575858 0.555723
vt 0.572037 0.547357
vt 0.579913 0.545866
vt 0.566057 0.557763
vt 0.563999 0.542860
vt 0.568574 0.542992
vt 0.555438 0.554878
vt 0.589633 0.543114
vt 0.600396 0.549986
vt 0.587246 0.555667
vt 0.598361 0.561738
vt 0.615686 0.552923
vt 0.527602 0.525238
vt 0.609469 0.587995
vt 0.518597 0.532406
vt 0.533753 0.539159
vt 0.600264 0.582735
vt 0.589528 0.577484
vt 0.561907 0.503438
vt 0.565556 0.512953
vt 0.561513 0.515440
vt 0.571634 0.504782
vt 0.579805 0.517802
vt 0.574711 0.512824
vt 0.563207 0.527228
vt 0.558712 0.519431
vt 0.575485 0.500125
vt 0.575414 0.502306
vt 0.572682 0.501385
vt 0.557924 0.503653
vt 0.559255 0.500716
vt 0.568474 0.504058
vt 0.573951 0.542987
vt 0.569023 0.523004
vt 0.573143 0.524880
vt 0.561430 0.539564
vt 0.590211 0.537070
vt 0.624674 0.506768
vt 0.619216 0.516253
vt 0.619363 0.512192
vt 0.626244 0.507898
vt 0.597742 0.538882
vt 0.559164 0.533602
vt 0.621149 0.519387
vt 0.608679 0.529383
vt 0.615253 0.511982
vt 0.604431 0.524533
vt 0.625873 0.517609
vt 0.623605 0.529699
vt 0.616530 0.533671
vt 0.602889 0.520135
vt 0.612026 0.509784
vt 0.629422 0.506144
vt 0.630667 0.509246
vt 0.628745 0.509418
vt 0.632841 0.508159
vt 0.625769 0.501395
vt 0.621809 0.499941
vt 0.622900 0.503800
vt 0.625931 0.535235
vt 0.619993 0.544618
vt 0.617450 0.549241
vt 0.618500 0.546600
vt 0.613615 0.550593
vt 0.569105 0.580733
vt 0.561969 0.570606
vt 0.568500 0.567400
vt 0.656995 0.547882
vt 0.648077 0.552750
vt 0.648865 0.549227
vt 0.548100 0.520900
vt 0.543640 0.516483
vt 0.619931 0.545207
vt 0.623795 0.541872
vt 0.633036 0.541659
vt 0.643794 0.560034
vt 0.634715 0.564607
vt 0.626456 0.566538
vt 0.630798 0.554998
vt 0.630792 0.551445
vt 0.658894 0.553193
vt 0.655912 0.553743
vt 0.658627 0.550407
vt 0.646097 0.540969
vt 0.657186 0.546184
vt 0.650406 0.544476
vt 0.660002 0.547482
vt 0.660900 0.552900
vt 0.659900 0.544500
vt 0.642578 0.592286
vt 0.645389 0.595298
vt 0.635114 0.589215
vt 0.620208 0.566895
vt 0.622547 0.564143
vt 0.538350 0.515624
vt 0.622527 0.583375
vt 0.620119 0.581063
vt 0.624938 0.569338
vt 0.638551 0.572821
vt 0.641946 0.572685
vt 0.644532 0.581512
vt 0.627395 0.584133
vt 0.637417 0.594590
vt 0.630604 0.576651
vt 0.628140 0.578935
vt 0.634680 0.572208
vt 0.635136 0.565905
vt 0.651610 0.590640
vt 0.649807 0.593529
vt 0.648201 0.589889
vt 0.646078 0.593828
vt 0.643432 0.591050
vt 0.645254 0.590134
vt 0.645556 0.596168
vt 0.644945 0.556616
vt 0.633825 0.544731
vt 0.633478 0.548021
vt 0.653006 0.546723
vt 0.648880 0.563198
vt 0.649017 0.579492
vt 0.647724 0.581353
vt 0.622268 0.506945
vt 0.611030 0.533042
vt 0.631642 0.538592
vt 0.625100 0.540400
vt 0.613739 0.559778
vt 0.628660 0.565500
vt 0.639600 0.565900
vt 0.643702 0.569643
vt 0.578206 0.528987
vt 0.566070 0.525851
vt 0.570984 0.509684
vt 0.581513 0.513083
vt 0.533963 0.564395
vt 0.557661 0.574428
vt 0.528735 0.514548
vt 0.515333 0.523639
vt 0.437117 0.601841
vt 0.429395 0.592339
vt 0.442120 0.596020
vt 0.154400 0.064200
vt 0.145159 0.058294
vt 0.158300 0.046200
vt 0.158117 0.032592
vt 0.162300 0.043500
vt 0.044639 0.549318
vt 0.041636 0.555129
vt 0.036271 0.541605
vt 0.443336 0.028136
vt 0.423781 0.036006
vt 0.400756 0.038491
vt 0.137049 0.218736
vt 0.121493 0.193173
vt 0.129400 0.177100
vt 0.890800 0.616300
vt 0.896954 0.610141
vt 0.900700 0.618800
vt 0.827927 0.557436
vt 0.816700 0.547000
vt 0.821900 0.537900
vt 0.796525 0.531843
vt 0.806500 0.526500
vt 0.255885 0.445367
vt 0.262087 0.441995
vt 0.258700 0.450800
vt 0.255000 0.436400
vt 0.079929 0.197781
vt 0.095302 0.205901
vt 0.060044 0.214914
vt 0.406600 0.553700
vt 0.416643 0.567891
vt 0.387234 0.558965
vt 0.272500 0.437800
vt 0.265800 0.432300
vt 0.271064 0.456064
vt 0.283139 0.445138
vt 0.367028 0.134708
vt 0.374087 0.137103
vt 0.377263 0.150963
vt 0.368528 0.144528
vt 0.651035 0.914230
vt 0.654900 0.929700
vt 0.640739 0.946745
vt 0.056079 0.161775
vt 0.058800 0.136800
vt 0.067663 0.117682
vt 0.245600 0.440000
vt 0.239072 0.449208
vt 0.238500 0.432300
vt 0.307033 0.143171
vt 0.314740 0.135875
vt 0.316000 0.141200
vt 0.325496 0.133465
vt 0.308124 0.149337
vt 0.300578 0.159785
vt 0.296426 0.157252
vt 0.374000 0.161800
vt 0.365806 0.162401
vt 0.365900 0.155100
vt 0.248658 0.432281
vt 0.247291 0.420516
vt 0.260300 0.407500
vt 0.267892 0.409504
vt 0.059326 0.115461
vt 0.042636 0.124699
vt 0.044663 0.109477
vt 0.051217 0.088194
vt 0.793400 0.547400
vt 0.801878 0.554147
vt 0.321364 0.149592
vt 0.324900 0.144500
vt 0.331709 0.155486
vt 0.467179 0.506413
vt 0.472945 0.488811
vt 0.478670 0.514127
vt 0.455130 0.473617
vt 0.270222 0.420414
vt 0.034300 0.141900
vt 0.033046 0.122799
vt 0.281800 0.133300
vt 0.274500 0.120600
vt 0.278581 0.115244
vt 0.292920 0.142077
vt 0.282708 0.145581
vt 0.345706 0.126397
vt 0.340700 0.117700
vt 0.351974 0.120877
vt 0.278400 0.406600
vt 0.318341 0.111080
vt 0.326797 0.123800
vt 0.308802 0.122178
vt 0.321800 0.299200
vt 0.327650 0.291662
vt 0.334000 0.298900
vt 0.333173 0.119457
vt 0.330100 0.113300
vt 0.664534 0.896144
vt 0.661415 0.888268
vt 0.372266 0.284889
vt 0.377900 0.275700
vt 0.383300 0.285000
vt 0.913600 0.954100
vt 0.912605 0.947554
vt 0.923863 0.948756
vt 0.923585 0.957236
vt 0.303500 0.108400
vt 0.300190 0.117640
vt 0.282414 0.101995
vt 0.286100 0.296200
vt 0.284737 0.289718
vt 0.307400 0.299900
vt 0.699700 0.887800
vt 0.703674 0.876731
vt 0.705052 0.898111
vt 0.333408 0.169740
vt 0.330000 0.164000
vt 0.336313 0.166823
vt 0.380508 0.085446
vt 0.357129 0.071247
vt 0.378805 0.052039
vt 0.395755 0.269841
vt 0.405915 0.278299
vt 0.389800 0.276300
vt 0.281486 0.195714
vt 0.272250 0.188712
vt 0.284300 0.184800
vt 0.349016 0.028754
vt 0.355618 0.052769
vt 0.337530 0.053824
vt 0.331944 0.041341
vt 0.370030 0.190154
vt 0.369500 0.195200
vt 0.361479 0.194192
vt 0.295100 0.189300
vt 0.302712 0.187761
vt 0.302600 0.201300
vt 0.296500 0.176000
vt 0.343197 0.183602
vt 0.349000 0.197200
vt 0.339597 0.192645
vt 0.355148 0.202546
vt 0.114429 0.591195
vt 0.132354 0.590859
vt 0.130207 0.608212
vt 0.446910 0.118905
vt 0.431348 0.121365
vt 0.454464 0.105083
vt 0.347721 0.272664
vt 0.340080 0.275934
vt 0.341028 0.262038
vt 0.514267 0.143294
vt 0.507800 0.151400
vt 0.493000 0.141100
vt 0.488119 0.130298
vt 0.461889 0.136884
vt 0.440100 0.130600
vt 0.374710 0.205032
vt 0.379833 0.210430
vt 0.369052 0.202704
vt 0.035097 0.940720
vt 0.041100 0.940900
vt 0.045300 0.948400
vt 0.057879 0.950225
vt 0.046100 0.955300
vt 0.206466 0.809753
vt 0.198050 0.809523
vt 0.204722 0.802879
vt 0.171731 0.948714
vt 0.180087 0.934827
vt 0.182000 0.949200
vt 0.187800 0.943300
vt 0.192194 0.952718
vt 0.225474 0.798415
vt 0.216268 0.806651
vt 0.363310 0.202734
vt 0.361700 0.210200
vt 0.356928 0.215282
vt 0.389692 0.218083
vt 0.373639 0.229708
vt 0.371900 0.220600
vt 0.390494 0.223609
vt 0.330092 0.375111
vt 0.323163 0.382363
vt 0.318300 0.364500
vt 0.320987 0.340057
vt 0.321700 0.320900
vt 0.335800 0.330200
vt 0.325289 0.818738
vt 0.319499 0.812170
vt 0.332433 0.801030
vt 0.341289 0.812207
vt 0.114534 0.540475
vt 0.117181 0.527731
vt 0.127780 0.544530
vt 0.893341 0.898507
vt 0.904945 0.888348
vt 0.911400 0.895800
vt 0.270943 0.799193
vt 0.265860 0.788873
vt 0.282100 0.791500
vt 0.370264 0.242727
vt 0.375388 0.247133
vt 0.367000 0.252700
vt 0.227300 0.958500
vt 0.218548 0.956349
vt 0.229400 0.950200
vt 0.236885 0.956102
vt 0.194543 0.939283
vt 0.198600 0.951000
vt 0.210442 0.958549
vt 0.207800 0.953300
vt 0.320900 0.208700
vt 0.319962 0.212728
vt 0.310808 0.192939
vt 0.540659 0.699438
vt 0.541326 0.714736
vt 0.516153 0.697432
vt 0.041103 0.868127
vt 0.030800 0.864400
vt 0.041600 0.854900
vt 0.037645 0.876848
vt 0.031357 0.874522
vt 0.251961 0.832495
vt 0.255526 0.826997
vt 0.259700 0.833000
vt 0.256755 0.838637
vt 0.267773 0.829177
vt 0.265863 0.838986
vt 0.719172 0.388160
vt 0.722811 0.403694
vt 0.705157 0.410188
vt 0.685298 0.473340
vt 0.674180 0.469322
vt 0.680300 0.453200
vt 0.175771 0.929245
vt 0.192800 0.922908
vt 0.195726 0.925685
vt 0.355800 0.375300
vt 0.341572 0.374203
vt 0.346300 0.362200
vt 0.281235 0.832356
vt 0.743177 0.885465
vt 0.752898 0.876443
vt 0.753600 0.889300
vt 0.045187 0.873937
vt 0.037900 0.881400
vt 0.729769 0.507905
vt 0.712398 0.510579
vt 0.711600 0.496300
vt 0.702192 0.469762
vt 0.709400 0.473500
vt 0.708046 0.480246
vt 0.102600 0.822000
vt 0.103105 0.818130
vt 0.108746 0.824555
vt 0.283747 0.841255
vt 0.299778 0.846183
vt 0.304913 0.857575
vt 0.293204 0.858385
vt 0.265841 0.848269
vt 0.260612 0.852202
vt 0.222400 0.625300
vt 0.227822 0.615388
vt 0.243600 0.634600
vt 0.283008 0.635295
vt 0.272837 0.654665
vt 0.255900 0.649800
vt 0.190808 0.610180
vt 0.196815 0.605269
vt 0.192861 0.619252
vt 0.121204 0.836879
vt 0.107430 0.844453
vt 0.106400 0.832900
vt 0.090973 0.836631
vt 0.100259 0.826701
vt 0.337705 0.964002
vt 0.299564 0.943716
vt 0.357873 0.958104
vt 0.396100 0.754600
vt 0.380482 0.765724
vt 0.374100 0.756500
vt 0.055575 0.918023
vt 0.066300 0.912500
vt 0.074600 0.920700
vt 0.037474 0.896051
vt 0.043000 0.900900
vt 0.036000 0.902800
vt 0.770200 0.917000
vt 0.772362 0.912353
vt 0.775168 0.917723
vt 0.221600 0.634800
vt 0.228223 0.651712
vt 0.216853 0.640483
vt 0.254631 0.669810
vt 0.252500 0.660300
vt 0.261500 0.664900
vt 0.070600 0.928000
vt 0.078820 0.928243
vt 0.064155 0.936538
vt 0.076200 0.936900
vt 0.781685 0.910442
vt 0.197000 0.623500
vt 0.188586 0.622908
vt 0.191732 0.636105
vt 0.062600 0.929500
vt 0.545156 0.740392
vt 0.549287 0.732117
vt 0.558571 0.743007
vt 0.521770 0.728428
vt 0.536814 0.748565
vt 0.539500 0.752900
vt 0.800331 0.929787
vt 0.786043 0.922628
vt 0.791200 0.917900
vt 0.208713 0.914619
vt 0.202067 0.919230
vt 0.206834 0.893726
vt 0.851588 0.915778
vt 0.875797 0.906135
vt 0.864816 0.922906
vt 0.183400 0.893900
vt 0.175954 0.888170
vt 0.185077 0.888659
vt 0.188717 0.888980
vt 0.189031 0.583258
vt 0.183124 0.588588
vt 0.183161 0.579854
vt 0.570400 0.746800
vt 0.568663 0.751478
vt 0.238388 0.930899
vt 0.238235 0.924932
vt 0.271229 0.932943
vt 0.513755 0.759716
vt 0.497804 0.736117
vt 0.331415 0.870476
vt 0.323111 0.877940
vt 0.302999 0.868542
vt 0.538290 0.765968
vt 0.584808 0.737452
vt 0.571956 0.741823
vt 0.561805 0.731511
vt 0.230821 0.843214
vt 0.246567 0.853238
vt 0.241934 0.874608
vt 0.231929 0.863928
vt 0.475362 0.762351
vt 0.495606 0.760510
vt 0.500398 0.773625
vt 0.210167 0.851693
vt 0.215878 0.859433
vt 0.205221 0.872671
vt 0.252725 0.862126
vt 0.271089 0.867041
vt 0.597709 0.788505
vt 0.586193 0.791827
vt 0.584194 0.788252
vt 0.215048 0.650351
vt 0.198800 0.644700
vt 0.226373 0.901711
vt 0.218017 0.886892
vt 0.227769 0.875802
vt 0.614002 0.785340
vt 0.621062 0.799839
vt 0.605900 0.795300
vt 0.274969 0.880447
vt 0.265798 0.880910
vt 0.209401 0.571557
vt 0.219000 0.589600
vt 0.203000 0.586700
vt 0.230300 0.871900
vt 0.212366 0.872289
vt 0.200067 0.883671
vt 0.211389 0.888771
vt 0.205500 0.886400
vt 0.282571 0.873737
vt 0.281509 0.861653
vt 0.288541 0.870063
vt 0.296401 0.875618
vt 0.287206 0.886590
vt 0.647599 0.744559
vt 0.661942 0.743216
vt 0.653400 0.760900
vt 0.638500 0.737400
vt 0.623886 0.753421
vt 0.308658 0.899684
vt 0.275841 0.894210
vt 0.283025 0.911149
vt 0.951804 0.400530
vt 0.971700 0.397001
vt 0.964600 0.403300
vt 0.963800 0.418400
vt 0.244800 0.547000
vt 0.247821 0.539196
vt 0.268310 0.542523
vt 0.273000 0.505800
vt 0.277751 0.496575
vt 0.282739 0.503949
vt 0.281789 0.511679
vt 0.268555 0.515438
vt 0.256581 0.505002
vt 0.274455 0.538291
vt 0.268408 0.532299
vt 0.293781 0.546554
vt 0.278782 0.554688
vt 0.280400 0.545200
vt 0.282461 0.537746
vt 0.187467 0.549680
vt 0.185983 0.563494
vt 0.182200 0.545054
vt 0.276705 0.518290
vt 0.280383 0.531334
vt 0.269268 0.521125
vt 0.295626 0.532180
vt 0.299740 0.540886
vt 0.290500 0.535600
vt 0.267061 0.525092
vt 0.200238 0.868978
vt 0.194853 0.868237
vt 0.197987 0.859101
vt 0.051700 0.133900
vt 0.042488 0.152051
vt 0.462883 0.145715
vt 0.444300 0.141400
vt 0.068553 0.090807
vt 0.079576 0.108917
vt 0.041218 0.049324
vt 0.057611 0.060456
vt 0.064595 0.029016
vt 0.073265 0.051245
vt 0.051925 0.025818
vt 0.038984 0.022083
vt 0.034654 0.017040
vt 0.027923 0.018705
vt 0.770251 0.607999
vt 0.774101 0.611747
vt 0.746708 0.609398
vt 0.746770 0.604970
vt 0.713613 0.591845
vt 0.733750 0.583961
vt 0.732676 0.607471
vt 0.719600 0.573600
vt 0.691669 0.597013
vt 0.692100 0.583700
vt 0.712900 0.609172
vt 0.681265 0.606315
vt 0.689500 0.610700
vt 0.793000 0.954700
vt 0.783289 0.942855
vt 0.807571 0.955108
vt 0.685550 0.748771
vt 0.680266 0.742581
vt 0.689700 0.732200
vt 0.680686 0.768621
vt 0.668621 0.759912
vt 0.678650 0.781545
vt 0.621745 0.773265
vt 0.653869 0.776743
vt 0.653973 0.798197
vt 0.622391 0.812163
vt 0.651677 0.826688
vt 0.640348 0.838623
vt 0.616748 0.831346
vt 0.617500 0.822200
vt 0.568138 0.844538
vt 0.558208 0.855730
vt 0.478061 0.826070
vt 0.457666 0.837341
vt 0.470801 0.853365
vt 0.430500 0.800300
vt 0.425832 0.804188
vt 0.393891 0.792137
vt 0.376219 0.797190
vt 0.327204 0.832831
vt 0.331267 0.842502
vt 0.299116 0.831464
vt 0.363831 0.868203
vt 0.343952 0.865930
vt 0.323394 0.858616
vt 0.342288 0.896165
vt 0.303703 0.890501
vt 0.307529 0.881060
vt 0.331491 0.912368
vt 0.336843 0.922303
vt 0.323740 0.926498
vt 0.249268 0.913592
vt 0.275864 0.923154
vt 0.319619 0.933050
vt 0.314294 0.939546
vt 0.280815 0.946688
vt 0.269484 0.941148
vt 0.257241 0.955121
vt 0.260900 0.965700
vt 0.248300 0.967800
vt 0.325163 0.777818
vt 0.338826 0.777398
vt 0.314400 0.785400
vt 0.278789 0.811241
vt 0.274239 0.806746
vt 0.286100 0.801400
vt 0.250792 0.811437
vt 0.242329 0.804393
vt 0.243097 0.785915
vt 0.233931 0.794321
vt 0.226953 0.802689
vt 0.225208 0.786114
vt 0.231400 0.784600
vt 0.186200 0.955500
vt 0.192200 0.957400
vt 0.231810 0.812063
vt 0.226200 0.823300
vt 0.208042 0.826702
vt 0.219907 0.828435
vt 0.201357 0.821317
vt 0.063247 0.649518
vt 0.052744 0.648683
vt 0.061649 0.640915
vt 0.614075 0.643221
vt 0.608464 0.635645
vt 0.632641 0.631536
vt 0.644475 0.640110
vt 0.651807 0.653274
vt 0.641400 0.649700
vt 0.051500 0.602100
vt 0.064001 0.608006
vt 0.055100 0.613500
vt 0.048508 0.585571
vt 0.060158 0.585054
vt 0.064041 0.572259
vt 0.086620 0.598132
vt 0.074988 0.602272
vt 0.094858 0.590418
vt 0.068469 0.565664
vt 0.097628 0.578747
vt 0.165005 0.951257
vt 0.152070 0.943699
vt 0.152715 0.936739
vt 0.171222 0.937039
vt 0.086275 0.526258
vt 0.069896 0.515443
vt 0.087123 0.518381
vt 0.124154 0.517173
vt 0.676859 0.629280
vt 0.658706 0.629748
vt 0.656457 0.623692
vt 0.647370 0.625626
vt 0.640878 0.617363
vt 0.610188 0.620382
vt 0.631192 0.621498
vt 0.623586 0.614875
vt 0.053609 0.691686
vt 0.062492 0.693827
vt 0.052968 0.709046
vt 0.072408 0.705261
vt 0.061967 0.717719
vt 0.055100 0.719900
vt 0.174123 0.904210
vt 0.177000 0.911000
vt 0.166900 0.916800
vt 0.191400 0.913100
vt 0.191300 0.893100
vt 0.183264 0.898695
vt 0.169600 0.895800
vt 0.162000 0.883400
vt 0.175394 0.877359
vt 0.061481 0.676609
vt 0.071528 0.681818
vt 0.062084 0.684467
vt 0.054075 0.675987
vt 0.085187 0.676995
vt 0.061774 0.672194
vt 0.074761 0.693917
vt 0.638441 0.652620
vt 0.688935 0.650520
vt 0.665137 0.659687
vt 0.671005 0.640432
vt 0.714716 0.665929
vt 0.682122 0.668409
vt 0.044388 0.568667
vt 0.035271 0.556465
vt 0.060608 0.551758
vt 0.077954 0.550785
vt 0.072100 0.560300
vt 0.054393 0.530264
vt 0.068237 0.534816
vt 0.045042 0.539808
vt 0.048675 0.532170
vt 0.043595 0.528864
vt 0.037291 0.534025
vt 0.035808 0.526477
vt 0.046991 0.519810
vt 0.055748 0.513551
vt 0.052238 0.524736
vt 0.043071 0.516031
vt 0.064222 0.510900
vt 0.718383 0.641470
vt 0.734713 0.661253
vt 0.729599 0.672879
vt 0.031472 0.521033
vt 0.030729 0.526203
vt 0.040624 0.522828
vt 0.029871 0.536530
vt 0.031700 0.530400
vt 0.706810 0.675894
vt 0.175810 0.827854
vt 0.186866 0.837749
vt 0.170274 0.843549
vt 0.207848 0.831618
vt 0.202400 0.829400
vt 0.219300 0.836300
vt 0.227448 0.835886
vt 0.238942 0.834527
vt 0.222206 0.845968
vt 0.222506 0.861741
vt 0.238366 0.813200
vt 0.255624 0.788527
vt 0.263129 0.782127
vt 0.255400 0.781600
vt 0.246748 0.816798
vt 0.266391 0.817527
vt 0.255623 0.822908
vt 0.303467 0.803337
vt 0.282739 0.821464
vt 0.266491 0.823645
vt 0.312566 0.804540
vt 0.289240 0.826066
vt 0.320700 0.805200
vt 0.545820 0.827909
vt 0.467945 0.812876
vt 0.519543 0.816217
vt 0.560489 0.817000
vt 0.534142 0.795595
vt 0.560652 0.796184
vt 0.589497 0.812494
vt 0.586600 0.797500
vt 0.545961 0.784407
vt 0.560192 0.781291
vt 0.555500 0.767000
vt 0.557296 0.759387
vt 0.593856 0.779104
vt 0.606558 0.765803
vt 0.611822 0.756910
vt 0.582800 0.756200
vt 0.597000 0.758100
vt 0.583542 0.749626
vt 0.565100 0.755900
vt 0.480400 0.775328
vt 0.485658 0.791329
vt 0.459232 0.778342
vt 0.451007 0.785336
vt 0.393961 0.941000
vt 0.394270 0.951369
vt 0.377466 0.938246
vt 0.391565 0.956377
vt 0.365700 0.942700
vt 0.385723 0.969150
vt 0.347051 0.945444
vt 0.441727 0.809593
vt 0.443646 0.797735
vt 0.446555 0.792837
vt 0.502300 0.806600
vt 0.521022 0.803943
vt 0.458251 0.765149
vt 0.474183 0.746685
vt 0.476941 0.752121
vt 0.470311 0.732382
vt 0.495690 0.723210
vt 0.519200 0.716800
vt 0.471395 0.711567
vt 0.493330 0.702296
vt 0.426924 0.926069
vt 0.446175 0.924871
vt 0.461600 0.938500
vt 0.481035 0.927443
vt 0.500197 0.942711
vt 0.514057 0.950837
vt 0.500700 0.953100
vt 0.563854 0.710216
vt 0.552800 0.721500
vt 0.547651 0.725431
vt 0.605697 0.749557
vt 0.613678 0.735072
vt 0.600189 0.721840
vt 0.620784 0.725345
vt 0.623547 0.738690
vt 0.620185 0.716030
vt 0.633671 0.722036
vt 0.644771 0.719169
vt 0.654972 0.721312
vt 0.715604 0.526375
vt 0.696464 0.536678
vt 0.681965 0.531969
vt 0.692811 0.508168
vt 0.703500 0.509700
vt 0.701501 0.497003
vt 0.686877 0.493681
vt 0.695800 0.484700
vt 0.665612 0.487010
vt 0.654991 0.486873
vt 0.673464 0.494851
vt 0.655170 0.497928
vt 0.668616 0.512421
vt 0.662300 0.520800
vt 0.602911 0.704392
vt 0.592823 0.707402
vt 0.582424 0.698717
vt 0.613400 0.708100
vt 0.575606 0.700768
vt 0.648113 0.489247
vt 0.651452 0.477211
vt 0.650311 0.465231
vt 0.660084 0.462455
vt 0.664074 0.446121
vt 0.669154 0.424044
vt 0.681071 0.432980
vt 0.680468 0.413744
vt 0.695590 0.403055
vt 0.713165 0.463618
vt 0.691091 0.464398
vt 0.689300 0.452600
vt 0.719400 0.466400
vt 0.729803 0.498651
vt 0.734749 0.488042
vt 0.746415 0.504423
vt 0.740800 0.515900
vt 0.748595 0.522098
vt 0.734999 0.536234
vt 0.747700 0.541600
vt 0.764208 0.506668
vt 0.763377 0.529855
vt 0.748800 0.592100
vt 0.753914 0.567618
vt 0.768405 0.574682
vt 0.776802 0.592716
vt 0.769675 0.599650
vt 0.795571 0.607755
vt 0.808700 0.614200
vt 0.794600 0.614800
vt 0.106818 0.046949
vt 0.087888 0.068794
vt 0.088740 0.033352
vt 0.104433 0.145764
vt 0.124984 0.151585
vt 0.109487 0.178672
vt 0.117031 0.115199
vt 0.526682 0.018341
vt 0.515128 0.023869
vt 0.470844 0.027988
vt 0.466900 0.023500
vt 0.514400 0.034600
vt 0.492794 0.028804
vt 0.445500 0.037800
vt 0.111874 0.243228
vt 0.101083 0.229373
vt 0.119468 0.215378
vt 0.111500 0.210800
vt 0.093696 0.248079
vt 0.071855 0.263611
vt 0.078700 0.242100
vt 0.975700 0.729500
vt 0.951619 0.746218
vt 0.951795 0.731182
vt 0.950802 0.708685
vt 0.961674 0.705022
vt 0.952466 0.691554
vt 0.944400 0.698598
vt 0.234674 0.356517
vt 0.246678 0.356163
vt 0.236017 0.365726
vt 0.224509 0.371234
vt 0.244236 0.380777
vt 0.233500 0.381400
vt 0.227904 0.386609
vt 0.223200 0.417400
vt 0.229860 0.432958
vt 0.212154 0.418912
vt 0.380821 0.456424
vt 0.376936 0.445861
vt 0.385400 0.442300
vt 0.375800 0.461200
vt 0.370347 0.459111
vt 0.359690 0.453155
vt 0.366735 0.434974
vt 0.383965 0.409632
vt 0.383428 0.426164
vt 0.371392 0.408454
vt 0.397795 0.402492
vt 0.396100 0.412700
vt 0.208946 0.401776
vt 0.217695 0.405739
vt 0.208600 0.409200
vt 0.205000 0.399100
vt 0.207052 0.392693
vt 0.215981 0.383914
vt 0.221618 0.389702
vt 0.217600 0.396000
vt 0.938413 0.660798
vt 0.939000 0.654300
vt 0.941955 0.661016
vt 0.353197 0.435204
vt 0.347655 0.405826
vt 0.359124 0.405179
vt 0.342860 0.440800
vt 0.351030 0.456598
vt 0.315356 0.459000
vt 0.320433 0.442008
vt 0.326388 0.458172
vt 0.326615 0.422465
vt 0.326800 0.404805
vt 0.333679 0.430862
vt 0.338400 0.394400
vt 0.347013 0.386242
vt 0.310980 0.379777
vt 0.316400 0.407200
vt 0.311299 0.408544
vt 0.298591 0.392948
vt 0.312943 0.442035
vt 0.308169 0.425718
vt 0.315518 0.424210
vt 0.306837 0.457790
vt 0.296751 0.466520
vt 0.291534 0.450273
vt 0.290698 0.463273
vt 0.284300 0.453800
vt 0.292224 0.412960
vt 0.375419 0.375814
vt 0.396370 0.387051
vt 0.379800 0.385700
vt 0.377297 0.390287
vt 0.369900 0.380700
vt 0.929892 0.903926
vt 0.925681 0.922827
vt 0.919556 0.929689
vt 0.915787 0.938099
vt 0.922091 0.940223
vt 0.931409 0.932279
vt 0.930688 0.940734
vt 0.941175 0.953541
vt 0.696214 0.860777
vt 0.688200 0.863300
vt 0.941330 0.934757
vt 0.935339 0.925378
vt 0.941008 0.918751
vt 0.939847 0.908703
vt 0.935163 0.861789
vt 0.946418 0.838184
vt 0.942900 0.870600
vt 0.957211 0.842696
vt 0.972000 0.844200
vt 0.964100 0.877312
vt 0.960073 0.825355
vt 0.288224 0.341273
vt 0.289100 0.312600
vt 0.297437 0.312905
vt 0.280200 0.314100
vt 0.282357 0.384682
vt 0.276168 0.343411
vt 0.274700 0.389700
vt 0.271395 0.369420
vt 0.258167 0.389953
vt 0.267700 0.389700
vt 0.269900 0.344400
vt 0.261800 0.347600
vt 0.952163 0.758491
vt 0.965634 0.760473
vt 0.964200 0.770500
vt 0.976400 0.772200
vt 0.969798 0.780314
vt 0.763000 0.680400
vt 0.764789 0.666710
vt 0.784542 0.667352
vt 0.143700 0.712500
vt 0.140415 0.697594
vt 0.148400 0.712600
vt 0.063095 0.313502
vt 0.053500 0.309100
vt 0.055200 0.297900
vt 0.767289 0.652902
vt 0.755000 0.657600
vt 0.161500 0.551100
vt 0.158101 0.562340
vt 0.155818 0.549598
vt 0.144747 0.586157
vt 0.125412 0.578141
vt 0.863414 0.664206
vt 0.863300 0.672900
vt 0.852012 0.671391
vt 0.874710 0.677295
vt 0.867386 0.690265
vt 0.856346 0.681696
vt 0.862337 0.698791
vt 0.854663 0.707794
vt 0.849800 0.690000
vt 0.824300 0.731100
vt 0.810178 0.753092
vt 0.795527 0.727057
vt 0.802734 0.820049
vt 0.783300 0.803400
vt 0.785559 0.782433
vt 0.781848 0.830447
vt 0.761325 0.837996
vt 0.766429 0.806149
vt 0.754700 0.819700
vt 0.745100 0.853400
vt 0.746196 0.867899
vt 0.731619 0.843633
vt 0.750902 0.837500
vt 0.771400 0.905200
vt 0.759216 0.898200
vt 0.753238 0.913174
vt 0.745501 0.901129
vt 0.772947 0.922972
vt 0.760431 0.933504
vt 0.750966 0.942341
vt 0.745167 0.915769
vt 0.735865 0.919693
vt 0.737241 0.907953
vt 0.715312 0.901340
vt 0.729455 0.894752
vt 0.723994 0.932347
vt 0.701667 0.910560
vt 0.738221 0.941194
vt 0.727600 0.946800
vt 0.739192 0.959470
vt 0.726192 0.961774
vt 0.727200 0.956600
vt 0.715915 0.956057
vt 0.703600 0.931500
vt 0.814194 0.890017
vt 0.814245 0.901006
vt 0.798948 0.888447
vt 0.838794 0.901840
vt 0.830415 0.910128
vt 0.809118 0.908151
vt 0.838300 0.913574
vt 0.855681 0.893971
vt 0.868900 0.888900
vt 0.847833 0.902087
vt 0.865457 0.869793
vt 0.889634 0.857392
vt 0.885041 0.843846
vt 0.861019 0.860655
vt 0.848200 0.876700
vt 0.842715 0.871455
vt 0.854400 0.859200
vt 0.823637 0.780673
vt 0.839600 0.776400
vt 0.825692 0.811214
vt 0.867521 0.781219
vt 0.872300 0.800300
vt 0.848566 0.808060
vt 0.316681 0.520160
vt 0.309200 0.524000
vt 0.298800 0.516700
vt 0.319300 0.532100
vt 0.947702 0.443796
vt 0.961382 0.454510
vt 0.945281 0.471933
vt 0.946124 0.484269
vt 0.958887 0.475795
vt 0.945136 0.498527
vt 0.955285 0.512151
vt 0.942947 0.514361
vt 0.948600 0.553800
vt 0.965700 0.540000
vt 0.946274 0.571294
vt 0.335100 0.067100
vt 0.330500 0.082900
vt 0.937400 0.547500
vt 0.940454 0.534111
vt 0.316070 0.550487
vt 0.308166 0.557074
vt 0.306600 0.538100
vt 0.294012 0.557511
vt 0.288475 0.571700
vt 0.277516 0.563490
vt 0.307629 0.605990
vt 0.291200 0.610700
vt 0.290600 0.599500
vt 0.303564 0.585513
vt 0.274000 0.586600
vt 0.259100 0.570600
vt 0.241847 0.561266
vt 0.260359 0.560289
vt 0.224894 0.533603
vt 0.215728 0.542641
vt 0.251986 0.531117
vt 0.238212 0.525427
vt 0.225680 0.510980
vt 0.274514 0.482234
vt 0.279064 0.482713
vt 0.276121 0.489763
vt 0.967629 0.380595
vt 0.975081 0.364598
vt 0.980800 0.377400
vt 0.906368 0.848166
vt 0.897900 0.864500
vt 0.963615 0.350594
vt 0.973800 0.348300
vt 0.953422 0.365985
vt 0.259108 0.494341
vt 0.241755 0.489390
vt 0.256600 0.484800
vt 0.225300 0.658000
vt 0.242881 0.500231
vt 0.221996 0.496939
vt 0.215671 0.504861
vt 0.198265 0.502671
vt 0.145200 0.862700
vt 0.126827 0.862325
vt 0.143000 0.856100
vt 0.123100 0.844800
vt 0.138036 0.839224
vt 0.124700 0.851600
vt 0.107900 0.855500
vt 0.081395 0.862966
vt 0.072900 0.853900
vt 0.055587 0.860998
vt 0.072951 0.845140
vt 0.059240 0.879318
vt 0.057100 0.867000
vt 0.074835 0.883065
vt 0.090452 0.867689
vt 0.090386 0.880672
vt 0.202655 0.512153
vt 0.208556 0.521353
vt 0.188547 0.521664
vt 0.147619 0.893346
vt 0.128916 0.894254
vt 0.145556 0.883215
vt 0.088524 0.899395
vt 0.075259 0.892279
vt 0.108095 0.887136
vt 0.054933 0.897093
vt 0.049096 0.890837
vt 0.060200 0.886500
vt 0.045729 0.883294
vt 0.037162 0.885653
vt 0.028323 0.889764
vt 0.048700 0.894600
vt 0.062302 0.901308
vt 0.040540 0.912068
vt 0.051200 0.901400
vt 0.074944 0.903341
vt 0.079937 0.915206
vt 0.107126 0.902996
vt 0.100000 0.915900
vt 0.144573 0.871701
vt 0.197532 0.560447
vt 0.192239 0.545801
vt 0.179099 0.567464
vt 0.189825 0.572152
vt 0.131500 0.950800
vt 0.123947 0.944753
vt 0.135153 0.934211
vt 0.113418 0.941524
vt 0.120600 0.936000
vt 0.101100 0.947928
vt 0.067846 0.943625
vt 0.087006 0.942634
vt 0.078467 0.952434
vt 0.101449 0.954943
vt 0.126350 0.963879
vt 0.100902 0.965010
vt 0.105287 0.814656
vt 0.089900 0.813000
vt 0.121500 0.969800
vt 0.113600 0.969200
vt 0.127200 0.970500
vt 0.185051 0.600918
vt 0.191130 0.591726
vt 0.197012 0.590900
vt 0.129288 0.958145
vt 0.255900 0.587000
vt 0.251991 0.605971
vt 0.238100 0.588600
vt 0.220900 0.602000
vt 0.318736 0.603843
vt 0.334307 0.600726
vt 0.324635 0.610367
vt 0.945624 0.322502
vt 0.943008 0.346834
vt 0.932500 0.319600
vt 0.291700 0.640100
vt 0.953800 0.615700
vt 0.928721 0.620107
vt 0.937400 0.604700
vt 0.345122 0.591498
vt 0.331400 0.586800
vt 0.819407 0.852136
vt 0.800080 0.853918
vt 0.784915 0.873984
vt 0.828200 0.883700
vt 0.835869 0.893020
vt 0.828466 0.897939
vt 0.820260 0.929741
vt 0.823900 0.942700
vt 0.824400 0.957400
vt 0.675245 0.795472
vt 0.671169 0.818681
vt 0.672032 0.848416
vt 0.659861 0.858248
vt 0.638886 0.858847
vt 0.614500 0.845300
vt 0.583388 0.841154
vt 0.512527 0.884729
vt 0.471852 0.878551
vt 0.457339 0.866860
vt 0.444220 0.882080
vt 0.429200 0.822800
vt 0.425152 0.833013
vt 0.393766 0.810595
vt 0.371762 0.822405
vt 0.375153 0.804595
vt 0.425415 0.843484
vt 0.369483 0.841158
vt 0.354597 0.829432
vt 0.346600 0.837200
vt 0.382694 0.876563
vt 0.382447 0.892383
vt 0.407360 0.902904
vt 0.408160 0.912533
vt 0.392602 0.909695
vt 0.448700 0.741900
vt 0.448037 0.751196
vt 0.404267 0.856731
vt 0.425200 0.852300
vt 0.424500 0.917500
vt 0.435789 0.912941
vt 0.476031 0.916078
vt 0.522376 0.925883
vt 0.521922 0.933442
vt 0.531400 0.939600
vt 0.525326 0.944447
vt 0.540272 0.946304
vt 0.538023 0.961887
vt 0.528689 0.959521
vt 0.571932 0.693034
vt 0.561418 0.699417
vt 0.551604 0.694136
vt 0.572732 0.704801
vt 0.562759 0.685677
vt 0.564700 0.678600
vt 0.549864 0.954825
vt 0.535237 0.970601
vt 0.915879 0.485795
vt 0.929827 0.480185
vt 0.924389 0.490290
vt 0.918973 0.470404
vt 0.899417 0.387643
vt 0.914684 0.424591
vt 0.913678 0.449102
vt 0.905946 0.383200
vt 0.682141 0.383594
vt 0.691565 0.380100
vt 0.154900 0.212500
vt 0.172937 0.211589
vt 0.156200 0.222300
vt 0.721700 0.374900
vt 0.725993 0.386098
vt 0.729455 0.389270
vt 0.721921 0.426894
vt 0.734494 0.380482
vt 0.732279 0.407096
vt 0.731621 0.429500
vt 0.728058 0.450681
vt 0.739289 0.465426
vt 0.731266 0.470534
vt 0.745996 0.458054
vt 0.758302 0.482717
vt 0.750194 0.501565
vt 0.783838 0.493309
vt 0.780772 0.425445
vt 0.793062 0.506702
vt 0.813769 0.518039
vt 0.802199 0.506687
vt 0.811800 0.486300
vt 0.823725 0.493555
vt 0.832871 0.536040
vt 0.866865 0.494020
vt 0.878700 0.492100
vt 0.890157 0.506364
vt 0.895618 0.536681
vt 0.553392 0.947082
vt 0.543007 0.939145
vt 0.555629 0.940919
vt 0.538855 0.918301
vt 0.550300 0.925500
vt 0.560561 0.905578
vt 0.572500 0.914200
vt 0.564900 0.923200
vt 0.594903 0.911008
vt 0.608446 0.922749
vt 0.582000 0.930400
vt 0.629946 0.946873
vt 0.597100 0.943200
vt 0.903536 0.579738
vt 0.902300 0.590991
vt 0.885693 0.582786
vt 0.653252 0.952380
vt 0.639400 0.954800
vt 0.904800 0.603300
vt 0.882280 0.604147
vt 0.874578 0.613191
vt 0.864886 0.601570
vt 0.795355 0.593921
vt 0.784746 0.564129
vt 0.784632 0.540708
vt 0.088132 0.027001
vt 0.100776 0.023936
vt 0.103474 0.032628
vt 0.116000 0.024462
vt 0.118300 0.030600
vt 0.123900 0.078700
vt 0.126200 0.044108
vt 0.138700 0.021000
vt 0.145616 0.029204
vt 0.138763 0.026129
vt 0.137922 0.015984
vt 0.149900 0.022900
vt 0.820600 0.607600
vt 0.822636 0.598197
vt 0.831900 0.608800
vt 0.661100 0.949100
vt 0.661600 0.956900
vt 0.654500 0.941300
vt 0.659060 0.933965
vt 0.665148 0.916492
vt 0.669405 0.949140
vt 0.675705 0.939641
vt 0.678951 0.925462
vt 0.683289 0.944360
vt 0.679716 0.954910
vt 0.586356 0.057498
vt 0.578016 0.068542
vt 0.579600 0.052000
vt 0.556405 0.043347
vt 0.569621 0.032659
vt 0.580049 0.041546
vt 0.553350 0.023309
vt 0.569600 0.024800
vt 0.531305 0.062376
vt 0.492375 0.045916
vt 0.479523 0.065425
vt 0.469900 0.046800
vt 0.435646 0.054899
vt 0.419540 0.083107
vt 0.407500 0.069600
vt 0.450383 0.090855
vt 0.416100 0.114000
vt 0.493740 0.085353
vt 0.483907 0.101918
vt 0.490202 0.111346
vt 0.473000 0.113100
vt 0.544757 0.102809
vt 0.550354 0.084776
vt 0.574071 0.102599
vt 0.575748 0.087954
vt 0.552509 0.065186
vt 0.671509 0.915430
vt 0.658300 0.917300
vt 0.669600 0.892900
vt 0.548099 0.131319
vt 0.538691 0.118135
vt 0.574615 0.115998
vt 0.522043 0.135819
vt 0.513654 0.124172
vt 0.489348 0.120705
vt 0.884087 0.950320
vt 0.878728 0.965243
vt 0.866679 0.945041
vt 0.575903 0.143072
vt 0.582100 0.154800
vt 0.566104 0.158338
vt 0.575816 0.129112
vt 0.585384 0.140303
vt 0.580700 0.128600
vt 0.580715 0.116464
vt 0.672500 0.862600
vt 0.873101 0.969500
vt 0.882932 0.972345
vt 0.859700 0.962800
vt 0.633498 0.931760
vt 0.641529 0.909919
vt 0.654669 0.885281
vt 0.657307 0.877186
vt 0.622905 0.883749
vt 0.627590 0.860474
vt 0.595274 0.875128
vt 0.594996 0.860130
vt 0.611464 0.896073
vt 0.573122 0.885856
vt 0.543403 0.867930
vt 0.536518 0.883287
vt 0.579900 0.902700
vt 0.565100 0.895900
vt 0.543187 0.907217
vt 0.498799 0.895561
vt 0.472551 0.899245
vt 0.432436 0.891536
vt 0.523760 0.908130
vt 0.900143 0.490278
vt 0.905057 0.479431
vt 0.913307 0.498293
vt 0.896865 0.478497
vt 0.900431 0.459757
vt 0.889900 0.455500
vt 0.884187 0.438002
vt 0.153400 0.197500
vt 0.156146 0.190262
vt 0.189940 0.196850
vt 0.225828 0.205798
vt 0.174382 0.204004
vt 0.198679 0.216149
vt 0.235726 0.232806
vt 0.185609 0.228289
vt 0.216354 0.248591
vt 0.170818 0.250357
vt 0.194194 0.242923
vt 0.730600 0.375200
vt 0.210137 0.255305
vt 0.166029 0.261397
vt 0.160700 0.255800
vt 0.745169 0.410462
vt 0.749279 0.429820
vt 0.756142 0.408093
vt 0.760329 0.450883
vt 0.753600 0.449800
vt 0.766457 0.439656
vt 0.770724 0.480990
vt 0.773342 0.457960
vt 0.845188 0.486120
vt 0.846691 0.465714
vt 0.855146 0.491555
vt 0.867937 0.462850
vt 0.869707 0.427609
vt 0.882328 0.462899
vt 0.876684 0.477206
vt 0.855217 0.396326
vt 0.864235 0.391041
vt 0.882133 0.389531
vt 0.886337 0.409266
vt 0.870584 0.376497
vt 0.881600 0.374700
vt 0.892522 0.389639
vt 0.194162 0.179854
vt 0.220977 0.185119
vt 0.212921 0.192184
vt 0.249433 0.240941
vt 0.266384 0.247284
vt 0.239209 0.253266
vt 0.753677 0.375328
vt 0.761933 0.380193
vt 0.766594 0.398487
vt 0.772189 0.391079
vt 0.776154 0.380612
vt 0.788103 0.385682
vt 0.797272 0.431951
vt 0.798182 0.380604
vt 0.809571 0.397057
vt 0.834618 0.456922
vt 0.825033 0.460511
vt 0.822372 0.410221
vt 0.835451 0.399348
vt 0.838021 0.429808
vt 0.841617 0.420772
vt 0.852425 0.435541
vt 0.846849 0.392934
vt 0.154913 0.144504
vt 0.194312 0.150615
vt 0.154000 0.154700
vt 0.217882 0.155825
vt 0.196181 0.166680
vt 0.223311 0.170982
vt 0.271172 0.182803
vt 0.271281 0.157301
vt 0.282715 0.166573
vt 0.280381 0.177795
vt 0.271346 0.140230
vt 0.269871 0.146186
vt 0.249647 0.145274
vt 0.220625 0.142874
vt 0.270097 0.151171
vt 0.240552 0.156264
vt 0.163482 0.139380
vt 0.196527 0.140550
vt 0.157236 0.133879
vt 0.218664 0.132568
vt 0.254495 0.135424
vt 0.224440 0.116925
vt 0.264962 0.128952
vt 0.294593 0.124286
vt 0.331869 0.134404
vt 0.260519 0.102415
vt 0.280200 0.109400
vt 0.264405 0.093809
vt 0.230039 0.101682
vt 0.214369 0.092853
vt 0.837687 0.380683
vt 0.162500 0.092000
vt 0.189849 0.081982
vt 0.191354 0.098353
vt 0.190996 0.296606
vt 0.189794 0.289504
vt 0.266172 0.294235
vt 0.243803 0.276933
vt 0.276540 0.282665
vt 0.312916 0.283706
vt 0.342321 0.285826
vt 0.359314 0.258749
vt 0.350600 0.280100
vt 0.363500 0.261500
vt 0.359700 0.271500
vt 0.353633 0.244461
vt 0.362200 0.244200
vt 0.361500 0.251500
vt 0.376397 0.241538
vt 0.378632 0.252743
vt 0.393850 0.262612
vt 0.383460 0.270195
vt 0.370062 0.259460
vt 0.391683 0.250145
vt 0.404445 0.254412
vt 0.367473 0.517290
vt 0.391513 0.530863
vt 0.367100 0.534200
vt 0.405200 0.266400
vt 0.371964 0.547905
vt 0.364332 0.593455
vt 0.365893 0.587334
vt 0.388900 0.595800
vt 0.487788 0.546033
vt 0.476742 0.574694
vt 0.476283 0.543635
vt 0.475338 0.589522
vt 0.469500 0.590900
vt 0.471611 0.581859
vt 0.456591 0.583680
vt 0.457697 0.575458
vt 0.464355 0.585650
vt 0.455175 0.552422
vt 0.467074 0.570476
vt 0.462869 0.545082
vt 0.470100 0.562600
vt 0.446830 0.511383
vt 0.456543 0.509889
vt 0.447935 0.492184
vt 0.435655 0.478108
vt 0.432872 0.458777
vt 0.387402 0.161983
vt 0.383913 0.156130
vt 0.391100 0.155000
vt 0.487073 0.497288
vt 0.381700 0.144400
vt 0.376400 0.155100
vt 0.380436 0.171374
vt 0.377922 0.180605
vt 0.372824 0.186800
vt 0.387737 0.181574
vt 0.377574 0.191002
vt 0.376114 0.197942
vt 0.421500 0.473400
vt 0.409770 0.473758
vt 0.421680 0.458871
vt 0.389389 0.238406
vt 0.388330 0.243515
vt 0.402942 0.242014
vt 0.379043 0.479958
vt 0.391456 0.500362
vt 0.367875 0.497441
vt 0.402718 0.522433
vt 0.405843 0.537650
vt 0.402000 0.528600
vt 0.432825 0.587954
vt 0.435468 0.584558
vt 0.408491 0.603265
vt 0.445594 0.610025
vt 0.410577 0.595284
vt 0.445300 0.592700
vt 0.448425 0.590962
vt 0.451100 0.596400
vt 0.440485 0.584117
vt 0.432587 0.575625
vt 0.427759 0.559750
vt 0.418019 0.546574
vt 0.439503 0.518076
vt 0.456619 0.542196
vt 0.443751 0.534056
vt 0.430550 0.508993
vt 0.419859 0.500424
vt 0.420213 0.493110
vt 0.427177 0.488828
vt 0.419700 0.486700
vt 0.411961 0.484499
vt 0.407837 0.478961
vt 0.417887 0.479885
vt 0.396259 0.473085
vt 0.402503 0.486627
vt 0.391356 0.476787
vt 0.399122 0.490153
vt 0.399066 0.494148
vt 0.393400 0.493200
vt 0.412046 0.489229
vt 0.412660 0.495004
vt 0.405700 0.488500
vt 0.405622 0.508424
vt 0.397830 0.506108
vt 0.416316 0.518638
vt 0.408688 0.526657
vt 0.411519 0.535043
vt 0.378442 0.121145
vt 0.368479 0.121917
vt 0.360590 0.117352
vt 0.360424 0.146187
vt 0.344952 0.135421
vt 0.350348 0.163510
vt 0.339416 0.155993
vt 0.345633 0.176056
vt 0.366986 0.184081
vt 0.348330 0.148277
vt 0.358086 0.161987
vt 0.368500 0.150800
vt 0.366427 0.223524
vt 0.361895 0.221299
vt 0.365653 0.214745
vt 0.346676 0.216518
vt 0.351400 0.217500
vt 0.352289 0.225142
vt 0.343216 0.235846
vt 0.339984 0.223597
vt 0.344996 0.241837
vt 0.326715 0.239042
vt 0.294465 0.255116
vt 0.319610 0.245137
vt 0.312698 0.254497
vt 0.285115 0.270195
vt 0.243168 0.264023
vt 0.206887 0.279298
vt 0.317957 0.265047
vt 0.285421 0.240226
vt 0.322199 0.234678
vt 0.294604 0.229401
vt 0.301000 0.218900
vt 0.311000 0.229600
vt 0.291348 0.198900
vt 0.275524 0.210153
vt 0.274294 0.224481
vt 0.345068 0.247346
vt 0.326826 0.221428
vt 0.332329 0.214000
vt 0.310300 0.211900
vt 0.318301 0.218486
vt 0.304390 0.212756
vt 0.781100 0.375900
vt 0.661700 0.872100
vt 0.674974 0.823374
vt 0.682000 0.808000
vt 0.245400 0.343100
vt 0.727838 0.858162
vt 0.732946 0.876194
vt 0.713385 0.857076
vt 0.230118 0.458212
vt 0.248897 0.458731
vt 0.236403 0.464113
vt 0.223256 0.448384
vt 0.236225 0.395074
vt 0.240575 0.409888
vt 0.234500 0.414100
vt 0.243500 0.391200
vt 0.338400 0.024700
vt 0.809500 0.606900
vt 0.680830 0.517658
vt 0.354275 0.917822
vt 0.344177 0.787206
vt 0.331073 0.789322
vt 0.356252 0.777434
vt 0.317600 0.796900
vt 0.349874 0.767051
vt 0.333050 0.765846
vt 0.273999 0.959108
vt 0.292875 0.955985
vt 0.296226 0.964247
vt 0.274100 0.952000
vt 0.264595 0.899625
vt 0.251276 0.891960
vt 0.263965 0.893626
vt 0.239030 0.881798
vt 0.705884 0.567552
vt 0.726800 0.557900
vt 0.023700 0.041900
vt 0.025700 0.064100
vt 0.592925 0.044341
vt 0.582575 0.038477
vt 0.582500 0.023600
vt 0.577700 0.030600
vt 0.215900 0.846800
vt 0.276189 0.842786
vt 0.196700 0.567500
vt 0.196000 0.576300
vt 0.217600 0.924800
vt 0.209596 0.920922
vt 0.226900 0.930100
vt 0.225340 0.935436
vt 0.202642 0.932820
vt 0.202182 0.923581
vt 0.196344 0.930457
vt 0.199672 0.936018
vt 0.845400 0.920700
vt 0.850900 0.936200
vt 0.233453 0.936472
vt 0.885053 0.885834
vt 0.025825 0.924601
vt 0.023116 0.911504
vt 0.035100 0.912500
vt 0.038423 0.183459
vt 0.024289 0.196380
vt 0.027009 0.186600
vt 0.015753 0.189014
vt 0.025589 0.873655
vt 0.025600 0.864900
vt 0.032287 0.850490
vt 0.028432 0.845090
vt 0.041620 0.844666
vt 0.031922 0.969027
vt 0.042474 0.964644
vt 0.044600 0.970100
vt 0.031706 0.944177
vt 0.041500 0.933700
vt 0.051863 0.929421
vt 0.051700 0.934000
vt 0.050800 0.938600
vt 0.042200 0.213600
vt 0.029500 0.220400
vt 0.017180 0.214500
vt 0.134500 0.832900
vt 0.126963 0.820763
vt 0.117871 0.823394
vt 0.122400 0.815900
vt 0.263700 0.633000
vt 0.702900 0.483300
vt 0.727478 0.516567
vt 0.307100 0.185500
vt 0.323607 0.189497
vt 0.327095 0.206684
vt 0.307461 0.174976
vt 0.318412 0.175549
vt 0.313300 0.184000
vt 0.319601 0.159641
vt 0.314500 0.155900
vt 0.195260 0.791875
vt 0.034600 0.082500
vt 0.041700 0.078400
vt 0.028529 0.093316
vt 0.108300 0.269100
vt 0.117489 0.278747
vt 0.108700 0.279900
vt 0.368800 0.113800
vt 0.337769 0.135224
vt 0.299500 0.145400
vt 0.071573 0.177257
vt 0.055500 0.185500
vt 0.029522 0.900502
vt 0.118037 0.928394
vt 0.289800 0.370700
vt 0.289029 0.387225
vt 0.301197 0.403235
vt 0.289100 0.399100
vt 0.109900 0.614900
vt 0.108300 0.607600
vt 0.120100 0.613500
vt 0.091645 0.614994
vt 0.088893 0.619108
vt 0.670216 0.722670
vt 0.903700 0.628900
vt 0.897800 0.629400
vt 0.906400 0.636300
vt 0.058600 0.202000
vt 0.946351 0.649184
vt 0.966418 0.651392
vt 0.964015 0.667933
vt 0.294957 0.385974
vt 0.967300 0.322700
vt 0.971800 0.331900
vt 0.962762 0.335264
vt 0.637500 0.656600
vt 0.627900 0.650600
vt 0.107210 0.562505
vt 0.258700 0.671000
vt 0.948800 0.364600
vt 0.950182 0.376174
vt 0.674700 0.601100
vt 0.052700 0.618900
vt 0.058500 0.620700
vt 0.052900 0.623600
vt 0.644200 0.655000
vt 0.157132 0.915356
vt 0.446363 0.761144
vt 0.952766 0.877999
vt 0.843000 0.682900
vt 0.830400 0.682900
vt 0.186196 0.530730
vt 0.908000 0.545500
vt 0.910500 0.522600
vt 0.400967 0.226509
vt 0.393274 0.212353
vt 0.401033 0.216127
vt 0.028400 0.267600
vt 0.017437 0.281006
vt 0.016600 0.266800
vt 0.042900 0.924600
vt 0.974000 0.337600
vt 0.742590 0.821110
vt 0.724451 0.818794
vt 0.736969 0.806988
vt 0.843150 0.661825
vt 0.836600 0.666500
vt 0.870900 0.820000
vt 0.878887 0.817321
vt 0.677498 0.588905
vt 0.673800 0.575300
vt 0.738688 0.787209
vt 0.751800 0.802100
vt 0.956116 0.915995
vt 0.961800 0.886300
vt 0.955000 0.924900
vt 0.949518 0.914540
vt 0.126900 0.624400
vt 0.132573 0.640086
vt 0.123000 0.633700
vt 0.087903 0.281530
vt 0.071416 0.286558
vt 0.121300 0.606600
vt 0.121244 0.643785
vt 0.115467 0.603439
vt 0.138600 0.601700
vt 0.134700 0.617800
vt 0.151200 0.035700
vt 0.576000 0.022400
vt 0.110145 0.931794
vt 0.092330 0.925546
vt 0.780700 0.918700
vt 0.785600 0.914900
vt 0.630245 0.712334
vt 0.433678 0.497828
vt 0.437000 0.508600
vt 0.432813 0.514031
vt 0.115986 0.631486
vt 0.109900 0.641100
vt 0.097010 0.272125
vt 0.118011 0.655491
vt 0.022600 0.892800
vt 0.096891 0.937672
vt 0.123018 0.912675
vt 0.503968 0.528881
vt 0.507038 0.542014
vt 0.544100 0.591100
vt 0.529200 0.586300
vt 0.528294 0.575847
vt 0.545896 0.573694
vt 0.548816 0.558754
vt 0.534053 0.515447
vt 0.613993 0.596256
vt 0.607597 0.606993
vt 0.603993 0.595316
vt 0.564134 0.587860
vt 0.592132 0.593819
vt 0.580081 0.574924
vt 0.585308 0.585560
vt 0.577469 0.583220
vt 0.585492 0.512915
vt 0.564588 0.502466
vt 0.564400 0.501000
vt 0.600229 0.515877
vt 0.609838 0.505187
vt 0.607827 0.525546
vt 0.633177 0.521175
vt 0.616819 0.505666
vt 0.597549 0.531235
vt 0.595410 0.528148
vt 0.592507 0.525003
vt 0.590248 0.534131
vt 0.590300 0.530500
vt 0.590200 0.527800
vt 0.552000 0.523100
vt 0.646140 0.537339
vt 0.641742 0.598092
vt 0.530900 0.510200
vt 0.644400 0.597400
vt 0.480798 0.591678
vt 0.472400 0.597100
vt 0.467545 0.586357
vt 0.462717 0.593481
vt 0.447361 0.600221
vt 0.841300 0.549500
vt 0.841173 0.570107
vt 0.860310 0.544518
vt 0.859428 0.579240
vt 0.861616 0.590958
vt 0.889500 0.622100
vt 0.669700 0.957200
vt 0.856300 0.532100
vt 0.840237 0.529386
vt 0.879000 0.545900
vt 0.857016 0.518758
vt 0.813200 0.564900
vt 0.822142 0.569416
vt 0.062200 0.236700
vt 0.271700 0.463900
vt 0.278795 0.455263
vt 0.276712 0.465394
vt 0.393858 0.574927
vt 0.407594 0.584756
vt 0.372739 0.567631
vt 0.889306 0.491754
vt 0.084041 0.147736
vt 0.227623 0.412241
vt 0.331100 0.141200
vt 0.282533 0.149655
vt 0.570500 0.948500
vt 0.557637 0.950296
vt 0.593108 0.949344
vt 0.560400 0.934500
vt 0.259700 0.428500
vt 0.337400 0.146600
vt 0.325264 0.158786
vt 0.343875 0.148162
vt 0.250383 0.370930
vt 0.947343 0.678785
vt 0.344500 0.292500
vt 0.354700 0.284600
vt 0.355900 0.296300
vt 0.346100 0.298900
vt 0.946100 0.641300
vt 0.953400 0.642700
vt 0.941800 0.652800
vt 0.364000 0.290400
vt 0.363400 0.281300
vt 0.339700 0.302800
vt 0.395800 0.287700
vt 0.378700 0.110700
vt 0.390300 0.113400
vt 0.388100 0.121300
vt 0.394300 0.096000
vt 0.330815 0.172840
vt 0.400688 0.045349
vt 0.667500 0.881700
vt 0.664900 0.884300
vt 0.674900 0.890000
vt 0.671700 0.876300
vt 0.297600 0.365200
vt 0.141000 0.617800
vt 0.142800 0.603400
vt 0.083275 0.289759
vt 0.139300 0.635800
vt 0.143800 0.634200
vt 0.290100 0.173800
vt 0.022403 0.078086
vt 0.306400 0.413000
vt 0.318000 0.047400
vt 0.312854 0.065693
vt 0.193700 0.781400
vt 0.181195 0.788682
vt 0.181600 0.779200
vt 0.204600 0.784000
vt 0.210022 0.789186
vt 0.336100 0.183700
vt 0.324722 0.172838
vt 0.952979 0.335895
vt 0.506500 0.131300
vt 0.716030 0.876368
vt 0.697244 0.842527
vt 0.055514 0.961780
vt 0.048800 0.963900
vt 0.079509 0.963973
vt 0.365481 0.262773
vt 0.365100 0.270700
vt 0.036693 0.954905
vt 0.071700 0.628800
vt 0.181200 0.954200
vt 0.219491 0.787858
vt 0.056900 0.970100
vt 0.307300 0.363600
vt 0.326300 0.356900
vt 0.097888 0.548395
vt 0.488497 0.150181
vt 0.244900 0.826200
vt 0.274600 0.787100
vt 0.285198 0.785094
vt 0.284200 0.796700
vt 0.298900 0.785300
vt 0.298438 0.780123
vt 0.298800 0.790900
vt 0.373800 0.256100
vt 0.220900 0.964600
vt 0.226765 0.968383
vt 0.233174 0.963622
vt 0.198200 0.955200
vt 0.701564 0.382282
vt 0.715062 0.428047
vt 0.692801 0.436297
vt 0.204200 0.956600
vt 0.212900 0.943900
vt 0.341172 0.216856
vt 0.322221 0.586071
vt 0.016541 0.174212
vt 0.036500 0.168800
vt 0.355900 0.386000
vt 0.881900 0.876600
vt 0.903900 0.873100
vt 0.473200 0.154200
vt 0.724433 0.527517
vt 0.075092 0.824862
vt 0.095692 0.818130
vt 0.746678 0.893686
vt 0.741000 0.559800
vt 0.697000 0.473400
vt 0.097100 0.971700
vt 0.083100 0.971600
vt 0.711642 0.837183
vt 0.721459 0.831096
vt 0.207100 0.599700
vt 0.208500 0.623000
vt 0.255709 0.849414
vt 0.259100 0.624800
vt 0.111234 0.810988
vt 0.240600 0.656500
vt 0.190042 0.858066
vt 0.185734 0.845238
vt 0.198414 0.836544
vt 0.198454 0.826383
vt 0.179938 0.854420
vt 0.091000 0.847300
vt 0.320800 0.969000
vt 0.209300 0.633200
vt 0.193200 0.582000
vt 0.200086 0.897512
vt 0.186440 0.906449
vt 0.783991 0.897617
vt 0.858700 0.934200
vt 0.778612 0.930759
vt 0.238509 0.916283
vt 0.836831 0.940067
vt 0.847300 0.961800
vt 0.217900 0.909900
vt 0.841648 0.892858
vt 0.843460 0.885601
vt 0.847100 0.888800
vt 0.694042 0.562078
vt 0.766599 0.777139
vt 0.673400 0.563800
vt 0.204376 0.849206
vt 0.254200 0.880000
vt 0.740691 0.777896
vt 0.210756 0.484658
vt 0.226000 0.486300
vt 0.185700 0.643900
vt 0.220600 0.871900
vt 0.790522 0.709091
vt 0.769900 0.709400
vt 0.773100 0.692800
vt 0.795184 0.683044
vt 0.199713 0.890649
vt 0.828300 0.706300
vt 0.838600 0.696000
vt 0.841751 0.722212
vt 0.632250 0.762871
vt 0.272200 0.891400
vt 0.251748 0.555120
vt 0.237629 0.552529
vt 0.855306 0.827728
vt 0.862900 0.839700
vt 0.286756 0.524524
vt 0.302700 0.527500
vt 0.204800 0.534153
vt 0.932900 0.969200
vt 0.924549 0.972369
vt 0.924006 0.964403
vt 0.703600 0.959900
vt 0.704935 0.955539
vt 0.775600 0.955500
vt 0.597859 0.831050
vt 0.560357 0.822959
vt 0.596701 0.842896
vt 0.439600 0.852200
vt 0.440100 0.845600
vt 0.434425 0.814968
vt 0.334017 0.850693
vt 0.364500 0.857100
vt 0.341405 0.883946
vt 0.367558 0.903878
vt 0.310500 0.770200
vt 0.315800 0.789200
vt 0.300600 0.794400
vt 0.314294 0.793873
vt 0.265200 0.812107
vt 0.260874 0.801438
vt 0.250265 0.789696
vt 0.238200 0.785500
vt 0.198700 0.960000
vt 0.177416 0.818278
vt 0.179651 0.809760
vt 0.088700 0.636100
vt 0.086977 0.654626
vt 0.051300 0.633700
vt 0.044400 0.587900
vt 0.090430 0.562441
vt 0.149900 0.951300
vt 0.161300 0.955900
vt 0.102062 0.569931
vt 0.084264 0.536951
vt 0.101340 0.515099
vt 0.119943 0.511547
vt 0.070500 0.723400
vt 0.084100 0.712200
vt 0.083300 0.727300
vt 0.160200 0.893700
vt 0.085000 0.691900
vt 0.085734 0.667200
vt 0.054000 0.666750
vt 0.062415 0.667550
vt 0.062485 0.658961
vt 0.053500 0.658500
vt 0.607013 0.628063
vt 0.073867 0.658604
vt 0.167246 0.854368
vt 0.188186 0.866842
vt 0.178591 0.864753
vt 0.165597 0.863049
vt 0.164100 0.870900
vt 0.030315 0.567771
vt 0.038100 0.572400
vt 0.707419 0.649851
vt 0.029000 0.558700
vt 0.023918 0.537516
vt 0.028971 0.545469
vt 0.024800 0.545700
vt 0.733000 0.652800
vt 0.206300 0.959200
vt 0.331837 0.793808
vt 0.346093 0.792286
vt 0.441400 0.821800
vt 0.396917 0.783195
vt 0.374213 0.772942
vt 0.423267 0.777247
vt 0.422711 0.753901
vt 0.425633 0.765346
vt 0.403514 0.921072
vt 0.368823 0.910383
vt 0.403400 0.932200
vt 0.483200 0.947200
vt 0.455579 0.702067
vt 0.544082 0.686348
vt 0.585076 0.728720
vt 0.584842 0.718514
vt 0.670078 0.548612
vt 0.573620 0.688734
vt 0.643403 0.474354
vt 0.637800 0.481600
vt 0.775983 0.526056
vt 0.076600 0.031400
vt 0.065600 0.025700
vt 0.077182 0.026413
vt 0.095103 0.117613
vt 0.534461 0.023500
vt 0.556000 0.015400
vt 0.143980 0.090846
vt 0.135967 0.083981
vt 0.540663 0.033583
vt 0.130552 0.250832
vt 0.133800 0.218600
vt 0.137998 0.246606
vt 0.373256 0.034625
vt 0.120679 0.241890
vt 0.057300 0.281900
vt 0.059800 0.261100
vt 0.976900 0.709000
vt 0.942825 0.678217
vt 0.214100 0.435000
vt 0.214800 0.450400
vt 0.218800 0.459965
vt 0.213241 0.465131
vt 0.374570 0.395640
vt 0.911244 0.939985
vt 0.905800 0.946300
vt 0.400483 0.396907
vt 0.359679 0.393400
vt 0.334870 0.456597
vt 0.937300 0.962600
vt 0.935543 0.897314
vt 0.946496 0.945318
vt 0.686735 0.847455
vt 0.028100 0.104900
vt 0.703600 0.839200
vt 0.950900 0.933900
vt 0.933200 0.885600
vt 0.351544 0.348143
vt 0.363800 0.364600
vt 0.335300 0.351300
vt 0.947723 0.821039
vt 0.767687 0.739128
vt 0.960503 0.813936
vt 0.945582 0.806499
vt 0.961900 0.802500
vt 0.951007 0.789386
vt 0.311200 0.340600
vt 0.303000 0.340400
vt 0.311900 0.316200
vt 0.272200 0.318500
vt 0.264000 0.324900
vt 0.254400 0.333600
vt 0.949893 0.768086
vt 0.950384 0.778285
vt 0.749200 0.695500
vt 0.748500 0.681000
vt 0.965837 0.790960
vt 0.748715 0.722982
vt 0.746600 0.667100
vt 0.149300 0.520900
vt 0.155400 0.504400
vt 0.159700 0.506400
vt 0.154100 0.522800
vt 0.774300 0.662000
vt 0.797800 0.671800
vt 0.813600 0.672600
vt 0.827100 0.670300
vt 0.145638 0.535341
vt 0.154100 0.574900
vt 0.149400 0.588900
vt 0.148621 0.571574
vt 0.138159 0.552538
vt 0.141181 0.545124
vt 0.149231 0.669816
vt 0.143793 0.654009
vt 0.149200 0.652100
vt 0.153300 0.669400
vt 0.137770 0.685836
vt 0.131856 0.675778
vt 0.151831 0.683410
vt 0.075675 0.317733
vt 0.744800 0.657300
vt 0.155686 0.696137
vt 0.157871 0.710900
vt 0.168107 0.511108
vt 0.163550 0.526482
vt 0.159967 0.539120
vt 0.164200 0.539800
vt 0.167400 0.527800
vt 0.171900 0.513900
vt 0.160000 0.696000
vt 0.162600 0.709700
vt 0.157400 0.683400
vt 0.130500 0.566800
vt 0.290805 0.062037
vt 0.301400 0.046700
vt 0.853800 0.648200
vt 0.867600 0.714700
vt 0.866600 0.728600
vt 0.838600 0.756700
vt 0.866800 0.745500
vt 0.867683 0.763168
vt 0.752400 0.854800
vt 0.760745 0.864667
vt 0.771393 0.868685
vt 0.770797 0.888040
vt 0.755500 0.958200
vt 0.845500 0.897900
vt 0.853600 0.878200
vt 0.851600 0.891900
vt 0.841500 0.836100
vt 0.832021 0.870603
vt 0.979300 0.425400
vt 0.978800 0.440900
vt 0.962400 0.434200
vt 0.981300 0.409200
vt 0.978600 0.456900
vt 0.287054 0.499302
vt 0.313300 0.535200
vt 0.975700 0.493700
vt 0.973900 0.502300
vt 0.330154 0.540221
vt 0.971563 0.515104
vt 0.969500 0.523500
vt 0.877000 0.667900
vt 0.308200 0.080100
vt 0.290000 0.076700
vt 0.933800 0.564500
vt 0.332095 0.570836
vt 0.346040 0.573628
vt 0.330774 0.561948
vt 0.322379 0.572860
vt 0.319642 0.563367
vt 0.346954 0.558886
vt 0.324460 0.549456
vt 0.339829 0.547394
vt 0.275500 0.619100
vt 0.273400 0.604100
vt 0.980586 0.394830
vt 0.924600 0.857800
vt 0.238500 0.662400
vt 0.194600 0.498100
vt 0.197975 0.481921
vt 0.108400 0.865981
vt 0.073400 0.860400
vt 0.054900 0.847300
vt 0.052477 0.836751
vt 0.108352 0.878712
vt 0.108427 0.896838
vt 0.127200 0.901500
vt 0.141466 0.909665
vt 0.136884 0.930667
vt 0.051000 0.943600
vt 0.183000 0.594000
vt 0.278600 0.629000
vt 0.293800 0.619900
vt 0.300188 0.629836
vt 0.309700 0.613700
vt 0.315341 0.626958
vt 0.920600 0.612700
vt 0.926000 0.598300
vt 0.941500 0.589500
vt 0.930000 0.582800
vt 0.835400 0.959400
vt 0.671326 0.835202
vt 0.612200 0.851300
vt 0.395922 0.861834
vt 0.495621 0.873460
vt 0.436658 0.871781
vt 0.438700 0.862100
vt 0.394712 0.867926
vt 0.416418 0.885736
vt 0.412500 0.898400
vt 0.421856 0.865993
vt 0.449787 0.722902
vt 0.436436 0.903595
vt 0.903300 0.436559
vt 0.924100 0.459100
vt 0.920600 0.446600
vt 0.714500 0.374200
vt 0.182310 0.238823
vt 0.159600 0.246700
vt 0.812149 0.457142
vt 0.836078 0.488986
vt 0.906551 0.504184
vt 0.913054 0.510247
vt 0.917039 0.502857
vt 0.628041 0.953180
vt 0.857200 0.612300
vt 0.844438 0.606038
vt 0.839700 0.591100
vt 0.811416 0.594008
vt 0.821500 0.614100
vt 0.833300 0.616800
vt 0.880520 0.618291
vt 0.847089 0.619014
vt 0.590363 0.068886
vt 0.585500 0.089800
vt 0.579600 0.102700
vt 0.677100 0.905300
vt 0.585000 0.104500
vt 0.533400 0.152900
vt 0.884600 0.915800
vt 0.893400 0.924000
vt 0.904000 0.914100
vt 0.588378 0.151496
vt 0.872700 0.973300
vt 0.154000 0.204500
vt 0.740800 0.375500
vt 0.237519 0.222193
vt 0.156195 0.171224
vt 0.260300 0.223300
vt 0.218899 0.267294
vt 0.167330 0.274459
vt 0.164000 0.283300
vt 0.832097 0.379063
vt 0.820264 0.380258
vt 0.178171 0.116403
vt 0.197886 0.127161
vt 0.259201 0.109810
vt 0.196761 0.105822
vt 0.159800 0.111900
vt 0.161400 0.101200
vt 0.158200 0.122300
vt 0.360500 0.237200
vt 0.355400 0.237200
vt 0.358234 0.229337
vt 0.364900 0.236300
vt 0.400700 0.116200
vt 0.399600 0.124400
vt 0.406900 0.288700
vt 0.398700 0.130800
vt 0.368600 0.558900
vt 0.387748 0.140535
vt 0.399200 0.136900
vt 0.391100 0.588000
vt 0.370136 0.582657
vt 0.368711 0.575147
vt 0.399200 0.142800
vt 0.404081 0.610440
vt 0.461605 0.598216
vt 0.400257 0.168048
vt 0.399702 0.186487
vt 0.399400 0.205900
vt 0.386526 0.201992
vt 0.398900 0.153500
vt 0.399100 0.147500
vt 0.391200 0.464000
vt 0.400938 0.459164
vt 0.401598 0.469556
vt 0.402300 0.236600
vt 0.385735 0.475161
vt 0.417119 0.554835
vt 0.454678 0.603987
vt 0.356000 0.153000
vt 0.164400 0.289500
vt 0.164700 0.295800
vt 0.263380 0.462831
vt 0.227800 0.465200
vt 0.216465 0.467787
vt 0.127870 0.279515
vt 0.137500 0.271400
vt 0.138400 0.282400
vt 0.665900 0.531400
vt 0.349000 0.759800
vt 0.687900 0.959800
vt 0.029200 0.257200
vt 0.015400 0.255400
vt 0.040900 0.258300
vt 0.039300 0.269100
vt 0.038900 0.279600
vt 0.029300 0.963600
vt 0.028700 0.954000
vt 0.026300 0.940600
vt 0.029100 0.243300
vt 0.013500 0.240900
vt 0.042000 0.244700
vt 0.018774 0.208343
vt 0.041500 0.207100
vt 0.029400 0.230200
vt 0.042500 0.221100
vt 0.042100 0.232100
vt 0.013600 0.219600
vt 0.013400 0.228700
vt 0.113928 0.802762
vt 0.972500 0.680200
vt 0.181300 0.798700
vt 0.973500 0.691000
vt 0.962100 0.638700
vt 0.956000 0.599500
vt 0.960500 0.582000
vt 0.119300 0.623000
vt 0.114000 0.649800
vt 0.111500 0.622400
s 1
g cuerpo_rp_eric_rigged_001_mat.013
usemtl rp_eric_rigged_001_mat.013
f 45/1/1 6/2/2 5/3/3
f 18/4/4 14/5/5 13/6/6
f 18/4/4 13/7/6 17/8/7
f 18/4/4 26/9/8 14/5/5
f 14/5/5 26/9/8 21/10/9
f 11/11/10 19/12/11 15/13/12
f 32/14/13 20/15/14 16/16/15
f 25/17/16 26/9/8 18/4/4
f 25/17/16 22/18/17 24/19/18
f 28/20/19 29/21/20 27/22/21
f 50/23/22 31/24/23 33/25/24
f 34/26/25 36/27/26 35/28/27
f 36/27/26 34/26/25 64/29/28
f 43/30/29 64/29/28 34/26/25
f 42/31/30 45/1/1 24/19/18
f 45/1/1 5/3/3 43/30/29
f 7/32/31 45/1/1 42/31/30
f 158/33/32 58/34/33 47/35/34
f 48/36/35 28/20/19 30/37/36
f 52/38/37 53/39/38 86/40/39
f 55/41/40 50/23/22 53/39/38
f 50/23/22 51/42/41 54/43/42
f 50/23/22 38/44/43 51/42/41
f 56/45/44 102/46/45 59/47/46
f 57/48/47 102/46/45 131/49/48
f 57/48/47 59/47/46 102/46/45
f 65/50/49 27/22/21 29/21/20
f 67/51/50 58/34/33 158/33/32
f 5/3/3 64/29/28 43/30/29
f 1/52/51 65/50/49 44/53/52
f 68/54/53 63/55/54 58/34/33
f 1/52/51 64/29/28 5/3/3
f 81/56/55 70/57/56 73/58/57
f 79/59/58 72/60/59 69/61/60
f 76/62/61 77/63/62 73/58/57
f 80/64/63 78/65/64 84/66/65
f 80/67/63 84/68/65 81/56/55
f 79/59/58 83/69/66 84/66/65
f 53/39/38 54/43/42 85/70/67
f 85/70/67 89/71/68 74/72/69
f 77/63/62 76/62/61 49/73/70
f 72/60/59 87/74/71 56/45/44
f 51/42/41 89/71/68 54/43/42
f 97/75/72 98/76/73 110/77/74
f 99/78/75 98/76/73 97/75/72
f 56/45/44 87/74/71 101/79/76
f 48/36/35 30/37/36 91/80/77
f 105/81/78 111/82/79 98/76/73
f 108/83/80 110/77/74 109/84/81
f 111/82/79 110/77/74 98/76/73
f 93/85/82 92/86/83 119/87/84
f 109/84/81 114/88/85 107/89/86
f 117/90/87 94/91/88 100/92/89
f 117/90/87 115/93/90 94/91/88
f 117/94/87 100/92/89 99/78/75
f 115/95/90 117/94/87 116/96/91
f 92/86/83 113/97/92 122/98/93
f 103/99/94 122/98/93 28/100/19
f 104/101/95 102/46/45 119/87/84
f 61/102/96 60/103/97 123/104/98
f 53/39/38 52/38/37 55/41/40
f 140/105/99 127/106/100 126/107/101
f 129/108/102 27/22/21 130/109/103
f 131/49/48 104/101/95 103/99/94
f 134/110/104 129/111/102 171/112/105
f 136/113/106 135/114/107 155/115/108
f 133/116/109 172/117/110 126/107/101
f 141/118/111 128/119/112 145/120/113
f 173/121/114 143/122/115 124/123/116
f 141/118/111 145/120/113 144/124/117
f 142/125/118 141/118/111 144/124/117
f 144/124/117 143/122/115 142/126/118
f 127/106/100 145/120/113 128/119/112
f 170/127/119 152/128/120 147/129/121
f 156/130/122 154/131/123 155/115/108
f 156/130/122 47/35/34 58/34/33
f 39/132/124 130/109/103 27/22/21
f 158/33/32 157/133/125 46/134/126
f 156/130/122 155/115/108 159/135/127
f 165/136/128 166/137/129 161/138/130
f 163/139/131 148/140/132 157/133/125
f 160/141/133 162/142/134 159/135/127
f 165/136/128 164/143/135 39/144/124
f 166/137/129 165/136/128 39/144/124
f 146/145/136 168/146/137 149/147/138
f 169/148/139 151/149/140 150/150/141
f 169/148/139 170/127/119 151/149/140
f 169/148/139 168/146/137 167/151/142
f 133/116/109 139/152/143 154/131/123
f 172/117/110 133/116/109 131/49/48
f 134/110/104 171/112/105 137/153/144
f 126/107/101 138/154/145 125/155/146
f 136/113/106 174/156/147 135/114/107
f 174/156/147 136/113/106 141/118/111
f 148/157/132 153/158/148 166/137/129
f 160/141/133 151/149/140 170/127/119
f 147/129/121 148/140/132 163/139/131
f 96/159/149 110/77/74 108/83/80
f 101/79/76 118/160/150 102/46/45
f 118/160/150 119/87/84 102/46/45
f 135/161/107 129/111/102 130/162/103
f 154/131/123 132/163/151 133/116/109
f 47/35/34 159/135/127 162/142/134
f 39/144/124 164/143/135 130/164/103
f 40/165/152 157/166/125 166/137/129
f 157/133/125 158/33/32 163/139/131
f 72/60/59 88/167/153 69/61/60
f 70/57/56 89/71/68 75/168/154
f 83/69/66 71/169/155 89/71/68
f 80/64/63 90/170/156 78/65/64
f 49/73/70 75/168/154 51/42/41
f 75/168/154 89/71/68 51/42/41
f 24/19/18 41/171/157 25/17/16
f 32/14/13 42/172/30 20/15/14
f 65/50/49 29/21/20 44/53/52
f 46/173/126 65/50/49 66/174/158
f 194/175/159 195/176/160 1942/177/161
f 200/178/162 201/179/163 199/180/164
f 199/180/164 203/181/165 202/182/166
f 205/183/167 206/184/168 204/185/169
f 1214/186/170 1215/187/171 1217/188/172
f 1217/189/172 208/190/173 1214/191/170
f 219/192/174 220/193/175 217/194/176
f 211/195/177 224/196/178 212/197/179
f 232/198/180 233/199/181 224/196/178
f 236/200/182 234/201/183 235/202/184
f 236/200/182 237/203/185 234/201/183
f 239/204/186 240/205/187 2062/206/188
f 251/207/189 252/208/190 250/209/191
f 254/210/192 234/201/183 255/211/193
f 245/212/194 234/201/183 254/210/192
f 254/210/192 256/213/195 245/212/194
f 264/214/196 265/215/197 266/216/198
f 266/216/198 1967/217/199 264/214/196
f 267/218/200 268/219/201 1662/220/202
f 2057/221/203 271/222/204 272/223/205
f 275/224/206 278/225/207 273/226/208
f 310/227/209 280/228/210 279/229/211
f 279/229/211 280/228/210 1843/230/212
f 282/231/213 284/232/214 329/233/215
f 287/234/216 293/235/217 288/236/218
f 300/237/219 301/238/220 302/239/221
f 302/239/221 303/240/222 300/237/219
f 304/241/223 305/242/224 307/243/225
f 307/243/225 306/244/226 304/241/223
f 314/245/227 232/198/180 1675/246/228
f 317/247/229 281/248/230 315/249/231
f 320/250/232 322/251/233 323/252/234
f 1910/253/235 322/251/233 320/250/232
f 328/254/236 256/213/195 254/210/192
f 882/255/237 330/256/238 305/242/224
f 338/257/239 339/258/240 340/259/241
f 309/260/242 341/261/243 338/257/239
f 349/262/244 346/263/245 345/264/246
f 328/254/236 303/240/222 327/265/247
f 359/266/248 337/267/249 357/268/250
f 359/269/248 361/270/251 360/271/252
f 336/272/253 337/267/249 360/273/252
f 362/274/254 267/218/200 363/275/255
f 368/276/256 369/277/257 364/278/258
f 342/279/259 343/280/260 1290/281/261
f 1290/281/261 1291/282/262 342/279/259
f 358/283/263 357/268/250 1841/284/264
f 1841/284/264 371/285/265 358/283/263
f 371/286/265 372/287/266 358/288/263
f 331/289/267 373/290/268 374/291/269
f 375/292/270 377/293/271 378/294/272
f 2065/295/273 383/296/274 381/297/275
f 395/298/276 1876/299/277 365/300/278
f 1795/301/279 407/302/280 403/303/281
f 420/304/282 1216/305/283 419/306/284
f 419/306/284 423/307/285 420/304/282
f 426/308/286 425/309/287 424/310/288
f 406/311/289 437/312/290 436/313/291
f 405/314/292 437/312/290 406/311/289
f 440/315/293 424/310/288 439/316/294
f 439/316/294 441/317/295 440/315/293
f 424/310/288 497/318/296 439/316/294
f 423/319/285 442/320/297 433/321/298
f 444/322/299 445/323/300 443/324/301
f 447/325/302 446/326/303 1984/327/304
f 449/328/305 451/329/306 450/330/307
f 458/331/308 459/332/309 457/333/310
f 465/334/311 466/335/312 464/336/313
f 474/337/314 475/338/315 473/339/316
f 473/339/316 476/340/317 462/341/318
f 478/342/319 981/343/320 477/344/321
f 484/345/322 485/346/323 483/347/324
f 486/348/325 487/349/326 483/347/324
f 975/350/327 491/351/328 477/344/321
f 491/351/328 478/342/319 477/344/321
f 495/352/329 496/353/330 1977/354/331
f 501/355/332 498/356/333 499/357/334
f 499/357/334 466/335/312 501/355/332
f 500/358/335 498/356/333 501/355/332
f 510/359/336 1275/360/337 506/361/338
f 511/362/339 1308/363/340 1302/364/341
f 932/365/342 512/366/343 1086/367/344
f 1086/367/344 930/368/345 932/365/342
f 513/369/346 514/370/347 2060/371/348
f 451/372/306 516/373/349 450/374/307
f 459/332/309 458/331/308 450/330/307
f 528/375/350 502/376/351 527/377/352
f 1868/378/353 1870/379/354 472/380/355
f 536/381/356 537/382/357 538/383/358
f 538/383/358 541/384/359 536/381/356
f 487/349/326 544/385/360 542/386/361
f 537/382/357 540/387/362 545/388/363
f 546/389/364 548/390/365 2046/391/366
f 550/392/367 551/393/368 549/394/369
f 554/395/370 555/396/371 556/397/372
f 554/395/370 559/398/373 557/399/374
f 1074/400/375 519/401/376 561/402/377
f 648/403/378 1074/400/375 561/402/377
f 562/404/379 563/405/380 561/402/377
f 563/405/380 648/403/378 561/402/377
f 564/406/381 1624/407/382 577/408/383
f 566/409/384 569/410/385 567/411/386
f 485/346/323 572/412/387 2023/413/388
f 2023/413/388 2022/414/389 485/346/323
f 579/415/390 509/416/391 583/417/392
f 563/405/380 562/404/379 937/418/393
f 612/419/394 1381/420/395 613/421/396
f 559/398/373 615/422/397 616/423/398
f 559/398/373 554/395/370 615/422/397
f 591/424/399 619/425/400 618/426/401
f 621/427/402 622/428/403 623/429/404
f 628/430/405 630/431/406 631/432/407
f 638/433/408 593/434/409 637/435/410
f 637/435/410 709/436/411 638/433/408
f 648/403/378 2019/437/412 795/438/413
f 644/439/414 643/440/415 659/441/416
f 668/442/417 669/443/418 662/444/419
f 679/445/420 680/446/421 647/447/422
f 682/448/423 1501/449/424 681/450/425
f 687/451/426 629/452/427 681/450/425
f 689/453/428 690/454/429 691/455/430
f 691/456/430 692/457/431 689/458/428
f 693/459/432 694/460/433 695/461/434
f 632/462/435 697/463/436 696/464/437
f 698/465/438 699/466/439 700/467/440
f 664/468/441 663/469/442 702/470/443
f 710/471/444 667/472/445 666/473/446
f 718/474/447 716/475/448 719/476/449
f 717/477/450 719/476/449 716/475/448
f 699/466/439 720/478/451 700/467/440
f 646/479/452 722/480/453 647/447/422
f 723/481/454 722/480/453 646/479/452
f 718/474/447 719/476/449 726/482/455
f 730/483/456 731/484/457 729/485/458
f 1130/486/459 731/484/457 730/483/456
f 732/487/460 1130/486/459 730/483/456
f 730/483/456 733/488/461 732/487/460
f 735/489/462 748/490/463 736/491/464
f 739/492/465 2021/493/466 798/494/467
f 744/495/468 740/496/469 741/497/470
f 745/498/471 1019/499/472 1042/500/473
f 1042/500/473 747/501/474 745/498/471
f 750/502/475 1555/503/476 751/504/477
f 729/485/458 752/505/478 753/506/479
f 756/507/480 757/508/481 755/509/482
f 732/487/460 777/510/483 1128/511/484
f 942/512/485 760/513/486 762/514/487
f 1102/515/488 777/510/483 733/488/461
f 777/510/483 732/487/460 733/488/461
f 778/516/489 779/517/490 1141/518/491
f 1075/519/492 1077/520/493 797/521/494
f 797/521/494 780/522/495 1075/519/492
f 781/523/496 782/524/497 1110/525/498
f 2018/526/499 792/527/500 793/528/501
f 794/529/502 795/438/413 811/530/503
f 803/531/504 1100/532/505 802/533/506
f 702/470/443 704/534/507 804/535/508
f 806/536/509 776/537/510 2016/538/511
f 810/539/512 809/540/513 807/541/514
f 812/542/515 813/543/516 811/530/503
f 814/544/517 713/545/518 711/546/519
f 797/521/494 815/547/520 780/522/495
f 793/528/501 825/548/521 822/549/522
f 822/549/522 775/550/523 823/551/524
f 831/552/525 832/553/526 833/554/527
f 833/554/527 834/555/528 831/552/525
f 834/555/528 845/556/529 831/552/525
f 840/557/530 1150/558/531 841/559/532
f 842/560/533 840/557/530 838/561/534
f 845/556/529 847/562/535 846/563/536
f 847/562/535 848/564/537 846/563/536
f 853/565/538 851/566/539 850/567/540
f 852/568/541 853/565/538 850/567/540
f 855/569/542 1477/570/543 856/571/544
f 862/572/545 863/573/546 864/574/547
f 864/574/547 878/575/548 862/572/545
f 865/576/549 1482/577/550 862/572/545
f 866/578/551 856/571/544 867/579/552
f 869/580/553 1456/581/554 839/582/555
f 866/578/551 868/583/556 839/582/555
f 856/571/544 866/578/551 839/582/555
f 871/584/557 1535/585/558 1533/586/559
f 873/587/560 874/588/561 1480/589/562
f 1480/589/562 865/576/549 873/587/560
f 875/590/563 1454/591/564 870/592/565
f 874/588/561 867/579/552 1479/593/566
f 881/594/567 1041/595/568 672/596/569
f 305/242/224 883/597/570 270/598/571
f 459/332/309 517/599/572 438/600/573
f 271/222/204 270/598/571 883/597/570
f 885/601/574 884/602/575 272/223/205
f 417/603/576 886/604/577 306/244/226
f 888/605/578 887/606/579 886/604/577
f 886/604/577 417/603/576 888/605/578
f 890/607/580 888/605/578 417/603/576
f 417/603/576 889/608/581 890/607/580
f 893/609/582 889/608/581 892/610/583
f 898/611/584 893/612/582 896/613/585
f 896/613/585 897/614/586 898/611/584
f 901/615/587 903/616/588 1397/617/589
f 902/618/590 903/616/588 901/615/587
f 901/615/587 904/619/591 789/620/592
f 904/619/591 900/621/593 905/622/594
f 900/621/593 906/623/595 905/622/594
f 905/624/594 907/625/596 909/626/597
f 909/627/597 908/628/598 905/629/594
f 909/627/597 1571/630/599 910/631/600
f 1571/630/599 1570/632/601 910/631/600
f 809/540/513 913/633/602 911/634/603
f 912/635/604 915/636/605 809/540/513
f 914/637/606 1576/638/607 915/636/605
f 1576/638/607 918/639/608 916/640/609
f 1582/641/610 1583/642/611 921/643/612
f 922/644/613 921/643/612 1583/642/611
f 1583/642/611 923/645/614 922/644/613
f 924/646/615 925/647/616 926/648/617
f 927/649/618 926/648/617 925/647/616
f 934/650/619 935/651/620 936/652/621
f 940/653/622 942/512/485 941/654/623
f 941/654/623 942/512/485 708/655/624
f 944/656/625 945/657/626 761/658/627
f 834/555/528 761/658/627 945/657/626
f 945/657/626 845/556/529 834/555/528
f 847/562/535 944/656/625 946/659/628
f 947/660/629 948/661/630 848/564/537
f 759/662/631 848/564/537 950/663/632
f 755/509/482 759/662/631 950/663/632
f 950/663/632 949/664/633 1120/665/634
f 1120/665/634 690/454/429 950/663/632
f 951/666/635 758/667/636 690/454/429
f 954/668/637 541/384/359 951/666/635
f 954/668/637 955/669/638 529/670/639
f 956/671/640 2011/672/641 957/673/642
f 964/674/643 965/675/644 960/676/645
f 969/677/646 970/678/647 540/679/362
f 971/680/648 977/681/649 974/682/650
f 974/682/650 972/683/651 971/680/648
f 489/684/652 487/349/326 974/685/650
f 976/686/653 978/687/654 977/681/649
f 979/688/655 491/351/328 654/689/656
f 981/343/320 478/342/319 980/690/657
f 982/691/658 984/692/659 983/693/660
f 984/694/659 734/695/661 986/696/662
f 1012/697/663 482/698/664 987/699/665
f 988/700/666 991/701/667 482/702/664
f 990/703/668 992/704/669 991/701/667
f 992/704/669 993/705/670 994/706/671
f 994/706/671 480/707/672 992/704/669
f 993/705/670 430/708/673 994/706/671
f 993/705/670 1051/709/674 430/708/673
f 1051/709/674 996/710/675 430/708/673
f 484/345/322 429/711/676 998/712/677
f 998/712/677 504/713/678 505/714/679
f 505/714/679 484/345/322 998/712/677
f 1003/715/680 514/370/347 513/369/346
f 1003/715/680 1002/716/681 1004/717/682
f 1004/717/682 514/370/347 1003/715/680
f 1007/718/683 514/370/347 1004/717/682
f 1005/719/684 1008/720/685 1006/721/686
f 1010/722/687 1009/723/688 1006/721/686
f 1010/722/687 1012/697/663 986/696/662
f 1014/724/689 1011/725/690 986/696/662
f 986/696/662 734/695/661 1014/724/689
f 1014/724/689 1015/726/691 1011/725/690
f 1015/727/691 1016/728/692 1009/729/688
f 1016/728/692 1017/730/693 1007/731/683
f 1007/731/683 1006/732/686 1009/729/688
f 1021/733/694 1022/734/695 1023/735/696
f 737/736/697 2023/413/388 572/412/387
f 747/501/474 822/549/522 1025/737/698
f 1019/499/472 746/738/699 1020/739/700
f 1027/740/701 1026/741/702 1019/499/472
f 1030/742/703 1028/743/704 1029/744/705
f 1029/744/705 1015/727/691 1014/745/689
f 1014/745/689 1030/742/703 1029/744/705
f 1032/746/706 1028/743/704 1030/742/703
f 1030/742/703 1014/745/689 1033/747/707
f 1041/595/568 881/594/567 747/501/474
f 1016/728/692 1015/727/691 1029/744/705
f 1017/730/693 1016/728/692 1027/748/701
f 986/696/662 1012/697/663 1013/749/708
f 1044/750/709 988/751/666 1043/752/710
f 1045/753/711 989/754/712 1044/750/709
f 1050/755/713 992/704/669 990/703/668
f 1049/756/714 206/184/168 1050/755/713
f 205/183/167 1051/709/674 993/705/670
f 1054/757/715 999/758/716 995/759/717
f 1053/760/718 1001/761/719 1054/757/715
f 1053/760/718 1052/762/720 1055/763/721
f 1057/764/722 1056/765/723 1058/766/724
f 1060/767/725 1061/768/726 258/769/727
f 1002/716/681 258/769/727 1061/768/726
f 1061/768/726 1069/770/728 1062/771/729
f 1062/771/729 1002/716/681 1061/768/726
f 1043/752/710 1008/720/685 1005/719/684
f 1062/772/729 238/773/730 1045/753/711
f 238/773/730 1065/774/731 1045/753/711
f 238/775/730 1069/770/728 1068/776/732
f 1069/770/728 1060/767/725 1059/777/733
f 1067/778/734 1056/765/723 204/185/169
f 1066/779/735 1058/766/724 1056/765/723
f 1046/780/736 1045/753/711 1065/774/731
f 592/781/737 674/782/738 1038/783/739
f 979/688/655 656/784/740 1072/785/741
f 979/688/655 654/689/656 653/786/742
f 976/686/653 1073/787/743 978/687/654
f 525/788/744 1074/400/375 1075/519/492
f 1075/519/492 1073/787/743 525/788/744
f 780/522/495 1076/789/745 1075/519/492
f 816/790/746 792/527/500 1076/789/745
f 971/680/648 970/678/647 1078/791/747
f 1078/791/747 976/686/653 971/680/648
f 977/681/649 971/680/648 976/686/653
f 1080/792/748 522/793/749 502/376/351
f 539/794/750 522/793/749 1080/792/748
f 969/677/646 526/795/751 970/678/647
f 966/796/752 518/797/753 969/677/646
f 962/798/754 1081/799/755 963/800/756
f 962/798/754 1082/801/757 1081/799/755
f 1082/801/757 1083/802/758 1081/799/755
f 1082/801/757 1084/803/759 1083/802/758
f 1084/803/759 512/366/343 1083/802/758
f 1084/803/759 1086/367/344 512/366/343
f 1092/804/760 921/643/612 1091/805/761
f 1091/805/761 1094/806/762 1092/804/760
f 1097/807/763 1098/808/764 1099/809/765
f 1099/809/765 917/810/766 1097/807/763
f 917/810/766 1099/809/765 808/811/767
f 1099/809/765 1109/812/768 1100/532/505
f 1099/809/765 1100/532/505 808/811/767
f 1109/812/768 1101/813/769 1100/532/505
f 1101/813/769 1102/515/488 802/533/506
f 802/533/506 1103/814/770 1104/815/771
f 753/506/479 810/539/512 1105/816/772
f 913/633/602 809/540/513 810/539/512
f 1106/817/773 836/818/774 913/633/602
f 1106/817/773 1107/819/775 837/820/776
f 1107/819/775 1108/821/777 837/820/776
f 752/505/478 779/517/490 1108/821/777
f 1105/816/772 754/822/778 753/506/479
f 1110/525/498 782/524/497 1102/515/488
f 1098/808/764 1111/823/779 1110/525/498
f 1112/824/780 788/825/781 1111/823/779
f 1112/824/780 1113/826/782 788/825/781
f 1113/827/782 1114/828/783 1119/829/784
f 1116/830/785 1115/831/786 1114/828/783
f 1118/832/787 1117/833/788 1115/831/786
f 691/455/430 1117/833/788 1118/832/787
f 1118/834/787 1116/835/785 1091/805/761
f 1116/835/785 1114/836/783 1094/806/762
f 1094/806/762 1091/805/761 1116/835/785
f 1093/837/789 1094/806/762 1114/836/783
f 1098/808/764 1097/807/763 1096/838/790
f 1119/829/784 1115/831/786 1117/833/788
f 948/661/630 947/660/629 1119/829/784
f 782/524/497 781/523/496 787/839/791
f 1126/840/792 1128/511/484 1127/841/793
f 1127/841/793 1128/511/484 777/510/483
f 1596/842/794 1129/843/795 1128/511/484
f 1129/843/795 1130/486/459 1128/511/484
f 1130/486/459 1129/843/795 553/844/796
f 1131/845/797 1132/846/798 1129/843/795
f 1599/847/799 1133/848/800 1132/849/798
f 1133/848/800 1134/850/801 1135/851/802
f 1136/852/803 550/853/367 1135/851/802
f 1139/854/804 1141/518/491 1140/855/805
f 1141/518/491 552/856/806 1140/855/805
f 835/857/807 1108/821/777 778/516/489
f 1144/858/808 1145/859/809 1146/860/810
f 1146/860/810 1147/861/811 1144/858/808
f 1147/861/811 842/560/533 838/561/534
f 1146/860/810 1165/862/812 1148/863/813
f 790/864/814 1149/865/815 840/557/530
f 840/557/530 842/560/533 790/864/814
f 619/425/400 1154/866/816 1153/867/817
f 1152/868/818 651/869/819 1153/867/817
f 651/869/819 620/870/820 1153/867/817
f 651/869/819 1155/871/821 620/870/820
f 1156/872/822 566/409/384 1157/873/823
f 1158/874/824 1159/875/825 569/410/385
f 1156/872/822 651/869/819 650/876/826
f 1161/877/827 650/876/826 1160/878/828
f 1161/877/827 1160/878/828 1162/879/829
f 1162/880/829 1163/881/830 1161/882/827
f 1162/880/829 1164/883/831 1165/862/812
f 1162/880/829 1165/862/812 1163/881/830
f 1145/859/809 1163/881/830 1165/862/812
f 1165/862/812 1146/860/810 1145/859/809
f 1161/882/827 1163/881/830 1167/884/832
f 1169/885/833 1159/875/825 1161/877/827
f 1172/886/834 1171/887/835 1173/888/836
f 1173/888/836 1159/875/825 1172/886/834
f 1174/889/837 1617/890/838 1175/891/839
f 1174/889/837 1175/891/839 567/411/386
f 1175/891/839 1619/892/840 565/893/841
f 1178/894/842 626/895/843 568/896/844
f 1179/897/845 622/428/403 1178/894/842
f 1182/898/846 1181/899/847 1183/900/848
f 1183/900/848 591/424/399 1182/898/846
f 1183/900/848 589/901/849 591/424/399
f 1186/902/850 590/903/851 589/901/849
f 1186/902/850 610/904/852 590/903/851
f 1185/905/853 1187/906/854 1186/902/850
f 1186/902/850 1187/906/854 610/904/852
f 899/907/855 903/616/588 1189/908/856
f 1188/909/857 1190/910/858 1191/911/859
f 1192/912/860 1193/913/861 890/914/580
f 1197/915/862 1198/916/863 1196/917/864
f 1198/916/863 887/606/579 1196/917/864
f 884/602/575 885/601/574 1198/916/863
f 1202/918/865 207/919/866 1203/920/867
f 1202/918/865 1203/920/867 239/204/186
f 1202/918/865 1200/921/868 207/919/866
f 1206/922/869 1209/923/870 1204/924/871
f 1206/922/869 1204/924/871 207/925/866
f 1211/926/872 1212/927/873 1209/923/870
f 1204/924/871 1213/928/874 1214/186/170
f 1220/929/875 1221/930/876 226/931/877
f 1221/930/876 240/205/187 227/932/878
f 1222/933/879 1223/934/880 243/935/881
f 1224/936/882 1323/937/883 1322/938/884
f 1322/938/884 1225/939/885 1226/940/886
f 1227/941/887 1226/940/886 1225/939/885
f 1228/942/888 1227/941/887 1225/939/885
f 1228/943/888 1994/944/889 1229/945/890
f 1229/945/890 1230/946/891 1228/943/888
f 1229/945/890 333/947/892 1231/948/893
f 1231/948/893 1232/949/894 1229/945/890
f 1236/950/895 274/951/896 1238/952/897
f 1242/953/898 1243/954/899 1240/955/900
f 1243/954/899 1242/953/898 1244/956/901
f 1244/956/901 1245/957/902 1243/954/899
f 1248/958/903 1249/959/904 1245/957/902
f 1251/960/905 1241/961/906 1250/962/907
f 1253/963/908 1238/964/897 1251/960/905
f 1254/965/909 1237/966/910 1253/967/908
f 1254/965/909 1259/968/911 1255/969/912
f 1256/970/913 1233/971/914 1235/972/915
f 1256/973/913 1257/974/916 1258/975/917
f 1247/976/918 1263/977/919 1261/978/920
f 1247/976/918 1264/979/921 1263/977/919
f 1247/976/918 1246/980/922 1264/979/921
f 1268/981/923 1270/982/924 1267/983/925
f 1274/984/926 1273/985/927 1265/986/928
f 1265/986/928 1270/982/924 1274/984/926
f 1273/985/927 1276/987/929 1263/977/919
f 1275/360/337 560/988/930 1276/987/929
f 1275/360/337 1273/985/927 1277/989/931
f 1272/990/932 1279/991/933 1278/992/934
f 1269/993/935 411/994/936 1271/995/937
f 1269/993/935 1268/981/923 1280/996/938
f 1269/993/935 1280/996/938 411/994/936
f 295/997/939 411/994/936 1280/996/938
f 295/997/939 1281/998/940 411/994/936
f 1281/998/940 294/999/941 263/1000/942
f 1281/998/940 256/213/195 410/1001/943
f 1282/1002/944 1259/1003/911 1260/1004/945
f 1260/1004/945 582/1005/946 581/1006/947
f 1282/1007/944 1284/1008/948 1259/1009/911
f 1257/1010/916 1284/1008/948 1286/1011/949
f 1285/1012/950 1287/1013/951 1286/1011/949
f 1290/281/261 1287/1013/951 1289/1014/952
f 1292/1015/953 373/290/268 330/1016/238
f 1293/1017/954 1285/1012/950 1294/1018/955
f 1294/1018/955 1295/1019/956 1293/1017/954
f 1294/1018/955 1297/1020/957 1295/1019/956
f 1301/1021/958 1302/1022/341 1298/1023/959
f 1304/1024/960 1305/1025/961 800/1026/962
f 1304/1024/960 1307/1027/963 1305/1025/961
f 1314/1028/964 1316/1029/965 1311/1030/966
f 1314/1028/964 1315/1031/967 1316/1029/965
f 1317/1032/968 1318/1033/969 1314/1028/964
f 1318/1033/969 1317/1032/968 355/1034/970
f 355/1034/970 334/1035/971 1318/1033/969
f 332/1036/972 334/1035/971 1320/1037/973
f 1319/1038/974 334/1035/971 1321/1039/975
f 1324/1040/976 1323/937/883 1325/1041/977
f 1326/1042/978 1325/1041/977 1327/1043/979
f 1327/1043/979 1328/1044/980 1326/1042/978
f 1330/1045/981 1331/1046/982 1332/1047/983
f 1333/1048/984 1332/1049/983 1334/1050/985
f 1348/1051/986 1327/1052/979 1325/1053/977
f 1346/1054/987 1331/1046/982 1348/1055/986
f 181/1056/988 178/1057/989 1353/1058/990
f 1341/1059/991 442/320/297 422/1060/992
f 1355/1061/993 1356/1062/994 1357/1063/995
f 1358/1064/996 1359/1065/997 1360/1066/998
f 1361/1067/999 1363/1068/1000 829/1069/1001
f 1369/1070/1002 1368/1071/1003 1370/1072/1004
f 1371/1073/1005 1373/1074/1006 1372/1075/1007
f 1371/1073/1005 1374/1076/1008 1373/1074/1006
f 1374/1076/1008 1376/1077/1009 1375/1078/1010
f 1375/1078/1010 1376/1077/1009 725/1079/1011
f 1379/1080/1012 1382/1081/1013 634/1082/1014
f 634/1082/1014 1380/1083/1015 1379/1080/1012
f 1381/420/395 612/419/394 1382/1081/1013
f 1385/1084/1016 699/466/439 1386/1085/1017
f 699/466/439 1387/1086/1018 605/1087/1019
f 1387/1086/1018 699/466/439 698/465/438
f 698/465/438 1388/1088/1020 1387/1086/1018
f 1389/1089/1021 1387/1086/1018 1388/1088/1020
f 1389/1089/1021 1390/1090/1022 1391/1091/1023
f 1391/1091/1023 1387/1086/1018 1389/1089/1021
f 1391/1091/1023 1392/1092/1024 1393/1093/1025
f 1393/1093/1025 605/1087/1019 1391/1091/1023
f 1391/1091/1023 605/1087/1019 1387/1086/1018
f 415/1094/1026 454/1095/1027 1393/1093/1025
f 1392/1092/1024 1394/1096/1028 416/1097/1029
f 1395/1098/1030 1396/1099/1031 1394/1096/1028
f 1397/1100/589 896/1101/585 895/1102/1032
f 895/1102/1032 894/1103/1033 1396/1099/1031
f 894/1103/1033 1394/1096/1028 1396/1099/1031
f 891/1104/1034 416/1097/1029 1394/1096/1028
f 1401/1105/1035 1402/1106/1036 1400/1107/1037
f 1406/1108/1038 1405/1109/1039 1403/1110/1040
f 1406/1108/1038 1407/1111/1041 1405/1109/1039
f 1409/1112/1042 1411/1113/1043 1410/1114/1044
f 1409/1112/1042 1413/1115/1045 1415/1116/1046
f 1414/1117/1047 1415/1116/1046 1413/1115/1045
f 1413/1115/1045 1417/1118/1048 1414/1117/1047
f 1418/1119/1049 1420/1120/1050 1419/1121/1051
f 1425/1122/1052 1426/1123/1053 1424/1124/1054
f 1427/1125/1055 859/1126/1056 858/1127/1057
f 1430/1128/1058 1431/1129/1059 1432/1130/1060
f 878/575/548 864/574/547 1432/1130/1060
f 1430/1128/1058 1433/1131/1061 1431/1129/1059
f 1430/1132/1058 1429/1133/1062 1435/1134/1063
f 1436/1135/1064 1435/1134/1063 1362/1136/1065
f 1438/1137/1066 1437/1138/1067 1439/1139/1068
f 1444/1140/1069 1441/1141/1070 1443/1142/1071
f 1442/1143/1072 383/296/274 1443/1144/1071
f 573/1145/1073 1445/1146/1074 1444/1140/1069
f 1451/1147/1075 1453/1148/1076 1454/591/564
f 1454/591/564 876/1149/1077 1451/1147/1075
f 1453/1148/1076 1455/1150/1078 869/580/553
f 1455/1150/1078 1456/581/554 869/580/553
f 1458/1151/1079 1457/1152/1080 1455/1150/1078
f 1461/1153/1081 1462/1154/1082 1463/1155/1083
f 1458/1151/1079 1459/1156/1084 1466/1157/1085
f 1469/1158/1086 1471/1159/1087 1472/1160/1088
f 1475/1161/1089 1477/570/543 880/1162/1090
f 1475/1161/1089 1476/1163/1091 1477/570/543
f 1476/1163/1091 867/579/552 1477/570/543
f 1476/1163/1091 1478/1164/1092 1479/593/566
f 1479/593/566 867/579/552 1476/1163/1091
f 1481/1165/1093 1482/577/550 865/576/549
f 710/1166/444 1490/1167/1094 1489/1168/1095
f 1491/1169/1096 851/566/539 853/565/538
f 1493/1170/1097 1414/1171/1047 1491/1169/1096
f 1493/1172/1097 587/1173/1098 1415/1116/1046
f 1492/1174/1099 517/1175/572 1493/1170/1097
f 1493/1170/1097 1494/1176/1100 1492/1174/1099
f 1487/1177/1101 1486/1178/1102 1488/1179/1103
f 1486/1180/1102 704/534/507 663/469/442
f 1485/1181/1104 1484/1182/1105 1486/1178/1102
f 1484/1182/1105 1483/1183/1106 1495/1184/1107
f 1495/1185/1107 1497/1186/1108 1496/1187/1109
f 1502/1188/1110 805/1189/1111 1498/1190/1112
f 1502/1188/1110 1501/449/424 682/448/423
f 1500/1191/1113 1503/1192/1114 1501/449/424
f 1505/1193/1115 1507/1194/1116 606/1195/1117
f 1509/1196/1118 615/422/397 1506/1197/1119
f 1512/1198/1120 1509/1196/1118 1503/1192/1114
f 1503/1192/1114 1511/1199/1121 1512/1198/1120
f 1513/1200/1122 1512/1198/1120 1511/1199/1121
f 1515/1201/1123 1517/1202/1124 1516/1203/1125
f 1519/1204/1126 1521/1205/1127 1516/1206/1125
f 1524/1207/1128 1526/1208/1129 1525/1209/1130
f 1525/1209/1130 1526/1208/1129 1513/1200/1122
f 1526/1208/1129 1527/1210/1131 706/1211/1132
f 1512/1198/1120 1513/1200/1122 1526/1208/1129
f 1509/1196/1118 1512/1198/1120 1528/1212/1133
f 706/1211/1132 632/462/435 1510/1213/1134
f 617/1214/1135 632/462/435 633/1215/1136
f 706/1211/1132 1527/1210/1131 705/1216/1137
f 1529/1217/1138 728/1218/1139 707/1219/1140
f 1530/1220/1141 694/460/433 1529/1217/1138
f 1532/1221/1142 1530/1220/1141 1522/1222/1143
f 1531/1223/1144 1532/1221/1142 1522/1222/1143
f 1515/1201/1123 1483/1183/1106 1481/1165/1093
f 1515/1224/1123 1497/1186/1108 1495/1185/1107
f 1474/1225/1145 872/1226/1146 880/1162/1090
f 1474/1225/1145 871/584/557 872/1226/1146
f 751/504/477 1538/1227/1147 1537/1228/1148
f 751/1229/477 1540/1230/1149 1538/1231/1147
f 1541/1232/1150 784/1233/1151 1540/1230/1149
f 1540/1230/1149 1542/1234/1152 1541/1232/1150
f 1544/1235/1153 719/476/449 717/477/450
f 1544/1235/1153 1543/1236/1154 1547/1237/1155
f 1548/1238/1156 1550/1239/1157 1549/1240/1158
f 1551/1241/1159 630/431/406 1549/1242/1158
f 1550/1239/1157 1552/1243/1160 1551/1244/1159
f 1552/1243/1160 1550/1239/1157 1554/1245/1161
f 1554/1246/1161 1553/1247/1162 712/1248/1163
f 1555/1249/476 1540/1230/1149 751/1229/477
f 1550/1239/1157 1548/1238/1156 1555/1249/476
f 1548/1238/1156 1542/1234/1152 1540/1230/1149
f 1474/1225/1145 1471/1159/1087 814/544/517
f 1468/1250/1164 1467/1251/1165 1470/1252/1166
f 1467/1251/1165 643/440/415 642/1253/1167
f 574/1254/1168 573/1255/1073 1561/1256/1169
f 413/1257/1170 669/1258/418 1563/1259/1171
f 669/443/418 668/442/417 1563/1260/1171
f 380/1261/1172 413/1262/1170 1562/1263/1173
f 1445/1264/1074 573/1255/1073 1446/1265/1174
f 1565/1266/1175 1566/1267/1176 1371/1073/1005
f 1566/1267/1176 1399/1268/1177 1374/1076/1008
f 1374/1076/1008 1371/1073/1005 1566/1267/1176
f 1567/1269/1178 769/1270/1179 1404/1271/1180
f 1404/1271/1180 1401/1105/1035 1567/1269/1178
f 1407/1111/1041 1568/1272/1181 1405/1109/1039
f 909/626/597 1569/1273/1182 1571/1274/599
f 912/635/604 767/1275/1183 1573/1276/1184
f 1573/1276/1184 914/637/606 912/635/604
f 1575/1277/1185 1577/1278/1186 1576/638/607
f 918/639/608 1576/638/607 1578/1279/1187
f 1578/1279/1187 1579/1280/1188 918/639/608
f 1582/641/610 1092/804/760 920/1281/1189
f 1750/1282/1190 1586/1283/1191 924/1284/615
f 1586/1283/1191 1588/1285/1192 924/1284/615
f 1588/1286/1192 1602/1287/1193 928/1288/1194
f 1589/1289/1195 929/1290/1196 928/1288/1194
f 1602/1287/1193 1601/1291/1197 1589/1289/1195
f 1601/1291/1197 1591/1292/1198 931/1293/1199
f 1591/1292/1198 935/651/620 933/1294/1200
f 1594/1295/1201 1595/1296/1202 940/653/622
f 1597/1297/1203 1125/1298/1204 1124/1299/1205
f 1596/842/794 1126/840/792 1597/1300/1203
f 1597/1300/1203 1126/840/792 1125/1301/1204
f 1590/1302/1206 1591/1292/1198 1600/1303/1207
f 1590/1304/1206 1600/1305/1207 1133/848/800
f 1134/850/801 1133/848/800 1600/1305/1207
f 1605/1306/1208 1604/1307/1209 1606/1308/1210
f 1607/1309/1211 1608/1310/1212 1606/1308/1210
f 1607/1309/1211 1609/1311/1213 1608/1310/1212
f 1609/1311/1213 1610/1312/1214 1611/1313/1215
f 1168/1314/1216 1138/1315/1217 1137/1316/1218
f 1168/1314/1216 1166/1317/1219 1138/1315/1217
f 1611/1318/1215 1610/1319/1214 1168/1314/1216
f 1610/1312/1214 1648/1320/1220 1612/1321/1221
f 1614/1322/1222 1170/1323/1223 1613/1324/1224
f 1171/1325/835 1170/1323/1223 1614/1322/1222
f 1762/1326/1225 1617/1327/838 1616/1328/1226
f 1617/1327/838 1762/1326/1225 1618/1329/1227
f 1618/1330/1227 1619/892/840 1617/890/838
f 1619/892/840 1618/1330/1227 1620/1331/1228
f 1620/1332/1228 1622/1333/1229 1621/1334/1230
f 1768/1335/1231 1623/1336/1232 564/406/381
f 1624/407/382 564/406/381 1623/1336/1232
f 1625/1337/1233 1624/407/382 1623/1336/1232
f 1625/1337/1233 1626/1338/1234 1624/407/382
f 1625/1337/1233 1772/1339/1235 1627/1340/1236
f 1629/1341/1237 1628/1342/1238 1626/1338/1234
f 1630/1343/1239 1180/1344/1240 1628/1342/1238
f 1631/1345/1241 1634/1346/1242 1184/1347/1243
f 1636/1348/1244 1811/1349/1245 1637/1350/1246
f 1640/1351/1247 233/199/181 1638/1352/1248
f 1639/1353/1249 1641/1354/1250 1640/1351/1247
f 213/1355/1251 212/197/179 1640/1351/1247
f 1785/1356/1252 1644/1357/1253 1645/1358/1254
f 1645/1358/1254 229/1359/1255 1785/1356/1252
f 1648/1320/1220 1610/1312/1214 1649/1360/1256
f 1650/1361/1257 296/1362/1258 1649/1360/1256
f 1609/1311/1213 1650/1361/1257 1649/1360/1256
f 1651/1363/1259 1652/1364/1260 1650/1361/1257
f 1650/1361/1257 1606/1308/1210 1651/1363/1259
f 1654/1365/1261 1656/1366/1262 1655/1367/1263
f 1753/1368/1264 1658/1369/1265 1657/1370/1266
f 1658/1369/1265 1660/1371/1267 1659/1372/1268
f 1661/1373/1269 1663/1374/1270 215/1375/1271
f 1662/220/202 1664/1376/1272 1663/1377/1270
f 1664/1378/1272 220/193/175 1665/1379/1273
f 1665/1379/1273 1666/1380/1274 1667/1381/1275
f 1675/246/228 1674/1382/1276 1676/1383/1277
f 1676/1383/1277 319/1384/1278 314/245/227
f 1190/910/858 1188/909/857 1676/1383/1277
f 1680/1385/1279 1681/1386/1280 1682/1387/1281
f 1682/1387/1281 1196/917/864 1680/1385/1279
f 1682/1387/1281 1683/1388/1282 1684/1389/1283
f 1199/1390/1284 1197/915/862 1685/1391/1285
f 1687/1392/1286 1688/1393/1287 1686/1394/1288
f 1683/1388/1282 1689/1395/1289 1687/1392/1286
f 218/1396/1290 203/181/165 1688/1393/1287
f 1678/1397/1291 1671/1398/1292 1679/1399/1293
f 1664/1376/1272 222/1400/1294 220/1401/175
f 1664/1376/1272 1662/220/202 1691/1402/1295
f 1692/1403/1296 1693/1404/1297 1694/1405/1298
f 1694/1405/1298 222/1400/1294 1692/1403/1296
f 1695/1406/1299 1696/1407/1300 1697/1408/1301
f 1697/1408/1301 221/1409/1302 1695/1406/1299
f 1698/1410/1303 1701/1411/1304 1700/1412/1305
f 1704/1413/1306 1702/1414/1307 197/1415/1308
f 1207/1416/1309 1703/1417/1310 1702/1414/1307
f 1704/1413/1306 1706/1418/1311 1708/1419/1312
f 1708/1419/1312 1707/1420/1313 1709/1421/1314
f 1709/1421/1314 1707/1420/1313 1711/1422/1315
f 1711/1422/1315 1215/187/171 1213/928/874
f 1710/1423/1316 379/1424/1317 1711/1422/1315
f 1712/1425/1318 443/324/301 445/323/300
f 1712/1425/1318 445/323/300 413/1426/1170
f 1707/1420/1313 1713/1427/1319 1712/1425/1318
f 1714/1428/1320 1716/1429/1321 1715/1430/1322
f 1715/1430/1322 443/324/301 1714/1428/1320
f 1718/1431/1323 1717/1432/1324 1722/1433/1325
f 1720/1434/1326 1722/1433/1325 1717/1432/1324
f 1705/1435/1327 197/1415/1308 1701/1411/1304
f 1696/1407/1300 1695/1406/1299 1724/1436/1328
f 1725/1437/1329 362/274/254 1693/1404/1297
f 1693/1404/1297 1692/1403/1296 1725/1437/1329
f 1725/1437/1329 267/218/200 362/274/254
f 362/274/254 389/1438/1330 1724/1436/1328
f 1731/1439/1331 1719/1440/1332 1727/1441/1333
f 1730/1442/1334 1732/1443/1335 1731/1439/1331
f 1732/1443/1335 1716/1429/1321 1719/1440/1332
f 460/1444/1336 1715/1430/1322 1716/1429/1321
f 1733/1445/1337 1736/1446/1338 742/1447/1339
f 1729/1448/1340 1736/1449/1338 1733/1450/1337
f 1728/1451/1341 1575/1452/1185 1729/1448/1340
f 1737/1453/1342 1575/1452/1185 1728/1451/1341
f 1728/1451/1341 1727/1441/1333 1726/1454/1343
f 1728/1451/1341 1726/1454/1343 1737/1453/1342
f 1577/1278/1186 1575/1277/1185 1737/1455/1342
f 1572/1456/1344 1736/1446/1338 1574/1457/1345
f 766/1458/1346 742/1447/1339 1736/1446/1338
f 1691/1402/1295 1662/220/202 268/219/201
f 1738/1459/1347 1658/1369/1265 1739/1460/1348
f 1660/1371/1267 1658/1369/1265 1738/1459/1347
f 1740/1461/1349 363/275/255 267/218/200
f 267/218/200 1739/1460/1348 1740/1461/1349
f 386/1462/1350 1742/1463/1351 1741/1464/1352
f 1742/1463/1351 1744/1465/1353 1743/1466/1354
f 1744/1465/1353 1745/1467/1355 1746/1468/1356
f 1746/1468/1356 1584/1469/1357 1744/1465/1353
f 1749/1470/1358 1584/1469/1357 1746/1468/1356
f 1746/1468/1356 1747/1471/1359 1748/1472/1360
f 1748/1472/1360 1654/1365/1261 1749/1470/1358
f 1654/1365/1261 1653/1473/1361 1750/1282/1190
f 1586/1283/1191 1750/1282/1190 1752/1474/1362
f 1752/1474/1362 1603/1475/1363 1586/1283/1191
f 1588/1285/1192 1586/1283/1191 1603/1475/1363
f 1603/1475/1363 1602/1476/1193 1588/1285/1192
f 1751/1477/1364 1653/1473/1361 1651/1363/1259
f 1747/1471/1359 1753/1368/1264 1656/1366/1262
f 1745/1467/1355 1658/1369/1265 1753/1368/1264
f 1650/1361/1257 1607/1309/1211 1606/1308/1210
f 259/1478/1365 1755/1479/1366 1754/1480/1367
f 1755/1479/1366 1614/1322/1222 1754/1480/1367
f 262/1481/1368 1757/1482/1369 1755/1479/1366
f 1757/1482/1369 1614/1322/1222 1755/1479/1366
f 1756/1483/1370 1758/1484/1371 1757/1482/1369
f 1762/1485/1225 1761/1486/1372 1763/1487/1373
f 1763/1487/1373 1796/1488/1374 1764/1489/1375
f 1765/1490/1376 1622/1333/1229 1764/1489/1375
f 1765/1490/1376 1766/1491/1377 1767/1492/1378
f 1767/1492/1378 1622/1333/1229 1765/1490/1376
f 1769/1493/1379 1771/1494/1380 1770/1495/1381
f 1772/1339/1235 1625/1337/1233 1771/1496/1380
f 1803/1497/1382 1805/1498/1383 1772/1499/1235
f 1773/1500/1384 1627/1340/1236 1772/1339/1235
f 1775/1501/1385 1774/1502/1386 1776/1503/1387
f 1775/1501/1385 1776/1503/1387 1632/1504/1388
f 1777/1505/1389 1633/1506/1390 1776/1503/1387
f 1778/1507/1391 1633/1506/1390 1777/1505/1389
f 1783/1508/1392 1782/1509/1393 1784/1510/1394
f 1784/1510/1394 1782/1509/1393 1785/1356/1252
f 1786/1511/1395 1789/1512/1396 1787/1513/1397
f 1786/1511/1395 1787/1513/1397 260/1514/1398
f 1788/1515/1399 1790/1516/1400 1789/1512/1396
f 1790/1516/1400 1760/1517/1401 1759/1518/1402
f 1790/1516/1400 1791/1519/1403 1760/1517/1401
f 1792/1520/1404 1761/1521/1372 1760/1517/1401
f 1792/1522/1404 1793/1523/1405 1761/1486/1372
f 1793/1523/1405 1794/1524/1406 1763/1487/1373
f 1763/1487/1373 1761/1486/1372 1793/1523/1405
f 1795/301/279 1796/1488/1374 1794/1524/1406
f 1800/1525/1407 1801/1526/1408 1802/1527/1409
f 1802/1527/1409 1803/1497/1382 1769/1493/1379
f 1806/1528/1410 1807/1529/1411 1774/1502/1386
f 1807/1529/1411 1808/1530/1412 1774/1502/1386
f 1811/1349/1245 1778/1507/1391 1810/1531/1413
f 1809/1532/1414 1812/1533/1415 1811/1349/1245
f 1812/1533/1415 1814/1534/1416 1811/1349/1245
f 1813/1535/1417 1848/1536/1418 1814/1534/1416
f 1818/1537/1419 1780/1538/1420 1816/1539/1421
f 1818/1537/1419 1817/1540/1422 1819/1541/1423
f 1819/1541/1423 1849/1542/1424 1782/1509/1393
f 1782/1509/1393 1849/1542/1424 1820/1543/1425
f 1849/1542/1424 1821/1544/1426 1820/1543/1425
f 1821/1545/1426 1822/1546/1427 1788/1547/1399
f 1822/1546/1427 1824/1548/1428 1823/1549/1429
f 1826/1550/1430 394/1551/1431 1792/1522/1404
f 1792/1522/1404 1823/1549/1429 1826/1550/1430
f 1793/1523/1405 1792/1522/1404 394/1551/1431
f 1827/1552/1432 392/1553/1433 393/1554/1434
f 353/1555/1435 338/257/239 341/261/243
f 353/1555/1435 1829/1556/1436 1836/1557/1437
f 1830/1558/1438 1836/1557/1437 1829/1556/1436
f 1829/1556/1436 1828/1559/1439 1830/1558/1438
f 1824/1548/1428 1830/1558/1438 1828/1559/1439
f 1825/1560/1440 1824/1548/1428 1828/1559/1439
f 1822/1546/1427 1831/1561/1441 1833/1562/1442
f 1832/1563/1443 1833/1562/1442 1831/1561/1441
f 1835/1564/1444 354/1565/1445 1836/1557/1437
f 1836/1557/1437 1830/1558/1438 1835/1564/1444
f 354/1565/1445 1835/1564/1444 1837/1566/1446
f 1837/1566/1446 352/1567/1447 354/1565/1445
f 1842/1568/1448 310/227/209 340/259/241
f 336/272/253 324/1569/1449 1843/230/212
f 280/228/210 357/268/250 337/267/249
f 1839/1570/1450 371/285/265 1840/1571/1451
f 1855/1572/1452 371/285/265 1839/1570/1450
f 1844/1573/1453 1845/1574/1454 1839/1570/1450
f 1849/1542/1424 1819/1541/1423 1817/1540/1422
f 1831/1575/1441 1821/1544/1426 1849/1542/1424
f 1812/1576/1415 1851/1577/1455 1850/1578/1456
f 1851/1579/1455 1852/1580/1457 1855/1581/1452
f 1852/1580/1457 1853/1582/1458 1855/1581/1452
f 1854/1583/1459 372/287/266 1855/1581/1452
f 1857/1584/1460 372/287/266 1854/1583/1459
f 1857/1584/1460 361/270/251 372/287/266
f 1857/1584/1460 446/326/303 1858/1585/1461
f 446/326/303 447/325/302 1858/1585/1461
f 447/325/302 1859/1586/1462 370/1587/1463
f 1859/1586/1462 469/1588/1464 468/1589/1465
f 447/325/302 1860/1590/1466 1859/1586/1462
f 1860/1590/1466 535/1591/1467 533/1592/1468
f 1870/379/354 1868/378/353 1869/1593/1469
f 1871/1594/1470 1872/1595/1471 1873/1596/1472
f 470/1597/1473 1873/1596/1472 369/277/257
f 1871/1594/1470 1874/1598/1474 1872/1595/1471
f 1874/1598/1474 1875/1599/1475 1872/1595/1471
f 1931/1600/1476 1932/1601/1477 1876/1602/277
f 1876/299/277 395/298/276 1931/1603/1476
f 1932/1601/1477 253/1604/1478 1876/1602/277
f 1886/1605/1479 1882/1606/1480 1885/1607/1481
f 1889/1608/1482 1891/1609/1483 1890/1610/1484
f 190/1611/1485 1894/1612/1486 1893/1613/1487
f 196/1614/1488 1898/1615/1489 192/1616/1490
f 1898/1615/1489 1899/1617/1491 1900/1618/1492
f 1900/1618/1492 192/1616/1490 1898/1615/1489
f 1902/1619/1493 1892/1620/1494 1900/1618/1492
f 1902/1619/1493 1903/1621/1495 321/1622/1496
f 1902/1619/1493 1890/1610/1484 1892/1620/1494
f 1905/1623/1497 321/1622/1496 1903/1621/1495
f 1909/1624/1498 1910/253/235 1905/1623/1497
f 1908/1625/1499 1910/253/235 1909/1624/1498
f 292/1626/1500 291/1627/1501 1914/1628/1502
f 1886/1629/1479 323/252/234 322/251/233
f 266/216/198 265/215/197 1915/1630/1503
f 291/1627/1501 290/1631/1504 266/216/198
f 1917/1632/1505 1916/1633/1506 397/1634/1507
f 1913/1635/1508 1912/1636/1509 1916/1633/1506
f 1912/1636/1509 426/308/286 397/1634/1507
f 464/336/313 425/309/287 1918/1637/1510
f 1920/1638/1511 1921/1639/1512 2063/1640/1513
f 1924/1641/1514 1925/1642/1515 1869/1593/1469
f 1925/1642/1515 1927/1643/1516 1874/1598/1474
f 1927/1644/1516 1929/1645/1517 1875/1646/1475
f 1929/1645/1517 1930/1647/1518 1931/1600/1476
f 1931/1600/1476 1875/1646/1475 1929/1645/1517
f 1932/1601/1477 1934/1648/1519 253/1604/1478
f 1930/1647/1518 1933/1649/1520 1932/1601/1477
f 1940/1650/1521 252/208/190 1939/1651/1522
f 1940/1650/1521 1942/177/161 195/176/160
f 1888/1652/1523 194/175/159 191/1653/1524
f 1888/1652/1523 1887/1654/1525 194/175/159
f 1941/1655/1526 1945/1656/1527 1897/1657/1528
f 1938/1658/1529 196/1614/1488 1945/1656/1527
f 1937/1659/1530 1898/1615/1489 1938/1658/1529
f 1946/1660/1531 1898/1615/1489 1937/1659/1530
f 1946/1660/1531 1935/1661/1532 1899/1617/1491
f 1948/1662/1533 1901/1663/1534 1947/1664/1535
f 1949/1665/1536 1965/1666/1537 1950/1667/1538
f 1907/1668/1539 1950/1667/1538 1951/1669/1540
f 1952/1670/1541 1954/1671/1542 1953/1672/1543
f 1956/1673/1544 1955/1674/1545 1957/1675/1546
f 523/1676/1547 524/1677/1548 1928/1678/1549
f 494/1679/1550 493/1680/1551 1958/1681/1552
f 493/1680/1551 524/1677/1548 1958/1681/1552
f 493/1680/1551 1959/1682/1553 1960/1683/1554
f 1959/1682/1553 1964/1684/1555 1930/1647/1518
f 1959/1682/1553 1930/1647/1518 1960/1683/1554
f 1961/1685/1556 1948/1662/1533 1962/1686/1557
f 1948/1662/1533 1947/1664/1535 1935/1661/1532
f 1965/1666/1537 1949/1665/1536 1964/1684/1555
f 1964/1684/1555 1959/1682/1553 1965/1666/1537
f 1960/1683/1554 1930/1647/1518 1929/1645/1517
f 1878/1687/1558 265/215/197 1966/1688/1559
f 264/214/196 1967/217/199 345/264/246
f 264/214/196 345/264/246 350/1689/1560
f 1967/217/199 1968/1690/1561 345/264/246
f 1968/1690/1561 344/1691/1562 349/262/244
f 1971/1692/1563 378/294/272 1972/1693/1564
f 1973/1694/1565 378/294/272 1971/1692/1563
f 396/1695/1566 1973/1694/1565 1971/1692/1563
f 1971/1692/1563 1970/1696/1567 1974/1697/1568
f 1971/1692/1563 1974/1697/1568 396/1695/1566
f 397/1634/1507 396/1695/1566 1974/1697/1568
f 426/308/286 424/310/288 1973/1694/1565
f 1973/1694/1565 396/1695/1566 426/308/286
f 424/310/288 440/315/293 1973/1694/1565
f 1968/1690/1561 289/1698/1569 288/236/218
f 1968/1690/1561 1967/217/199 289/1698/1569
f 1975/1699/1570 499/357/334 498/356/333
f 1975/1699/1570 1866/1700/1571 1976/1701/1572
f 1866/1700/1571 1977/354/331 496/353/330
f 1979/1702/1573 497/318/296 1978/1703/1574
f 497/318/296 1977/354/331 1978/1703/1574
f 1864/1704/1575 1861/1705/1576 1980/1706/1577
f 1861/1705/1576 1981/1707/1578 600/1708/1579
f 1985/1709/1580 1983/1710/1581 1987/1711/1582
f 1856/1712/1583 1854/1583/1459 1853/1582/1458
f 1988/1713/1584 1801/1526/1408 1985/1709/1580
f 1853/1582/1458 1852/1580/1457 1989/1714/1585
f 446/326/303 1857/1584/1460 1986/1715/1586
f 1801/1526/1408 1983/1710/1581 1985/1709/1580
f 1801/1526/1408 1800/1525/1407 1990/1716/1587
f 1801/1526/1408 1990/1716/1587 1983/1710/1581
f 601/1717/1588 1983/1710/1581 1990/1716/1587
f 1991/1718/1589 596/1719/1590 595/1720/1591
f 1991/1718/1589 452/1721/1592 596/1719/1590
f 1992/1722/1593 1795/301/279 452/1721/1592
f 1990/1716/1587 1800/1525/1407 1799/1723/1594
f 1982/1724/1595 1860/1590/1466 447/325/302
f 447/325/302 1984/327/304 1982/1724/1595
f 1981/1707/1578 1861/1705/1576 1860/1590/1466
f 599/1725/1596 576/1726/1597 1980/1706/1577
f 1993/1727/1598 548/390/365 598/1728/1599
f 1993/1727/1598 597/1729/1600 436/313/291
f 1851/1730/1455 1812/1533/1415 1809/1532/1414
f 1630/1343/1239 1181/899/847 1180/1344/1240
f 1578/1279/1187 1577/1278/1186 387/1731/1601
f 1572/1732/1344 767/1275/1183 766/1733/1346
f 1994/944/889 1228/943/888 1225/1734/885
f 635/1735/1602 1382/1081/1013 456/1736/1603
f 635/1735/1602 456/1736/1603 455/1737/1604
f 1998/1738/1605 278/225/207 1997/1739/1606
f 311/1740/1607 1998/1738/1605 1997/1739/1606
f 274/951/896 1998/1738/1605 1239/1741/1608
f 1234/1742/1609 308/1743/1610 277/1744/1611
f 2000/1745/1612 332/1036/972 308/1743/1610
f 420/304/282 423/307/285 2006/1746/1613
f 1192/912/860 1677/1747/1614 1193/913/861
f 652/1748/1615 651/869/819 1152/868/818
f 552/856/806 551/393/368 1140/855/805
f 1141/518/491 731/484/457 552/856/806
f 1121/1749/1616 947/660/629 946/659/628
f 1109/812/768 1099/809/765 1098/808/764
f 2008/1750/1617 2009/1751/1618 2007/1752/1619
f 1082/801/757 962/798/754 2010/1753/1620
f 956/671/640 2012/1754/1621 2011/672/641
f 956/671/640 639/1755/1622 2012/1754/1621
f 953/1756/1623 640/1757/1624 639/1758/1622
f 952/1759/1625 640/1757/1624 953/1756/1623
f 690/454/429 689/453/428 951/666/635
f 849/1760/1626 848/564/537 759/662/631
f 2014/1761/1627 2015/1762/1628 849/1760/1626
f 2013/1763/1629 2015/1762/1628 2014/1761/1627
f 935/651/620 934/650/619 933/1294/1200
f 902/618/590 608/1764/1630 607/1765/1631
f 891/1766/1034 417/603/576 416/1767/1029
f 1697/1768/1301 1699/1769/1632 202/1770/166
f 1699/1769/1632 198/1771/1633 202/1770/166
f 656/784/740 655/1772/1634 2018/526/499
f 834/555/528 833/554/527 762/514/487
f 594/1773/1635 832/553/526 563/405/380
f 825/548/521 793/528/501 792/527/500
f 1537/1228/1148 1539/1774/1636 715/1775/1637
f 757/508/481 2020/1776/1638 773/1777/1639
f 677/1778/1640 676/1779/1641 2020/1776/1638
f 676/1779/1641 686/1780/1642 685/1781/1643
f 2021/493/466 739/492/465 773/1777/1639
f 2022/414/389 685/1781/1643 684/1782/1644
f 684/1782/1644 683/1783/1645 544/385/360
f 684/1782/1644 485/346/323 2022/414/389
f 544/385/360 487/349/326 486/348/325
f 765/1784/1646 744/495/468 763/1785/1647
f 541/384/359 678/1786/1648 756/507/480
f 585/1787/1649 451/372/306 740/496/469
f 2024/1788/1650 2027/1789/1651 2025/1790/1652
f 3/1791/1653 6/1792/2 2030/1793/1654
f 2030/1793/1654 6/1792/2 558/1794/1655
f 558/1795/1655 6/1796/2 555/396/371
f 2031/1797/1656 555/396/371 6/1796/2
f 2032/1798/1657 492/1799/1658 2031/1797/1656
f 2032/1800/1657 2034/1801/1659 492/1802/1658
f 2038/1803/1660 2024/1788/1650 474/337/314
f 474/337/314 2039/1804/1661 475/338/315
f 2039/1804/1661 2064/1805/1662 2040/1806/1663
f 2040/1806/1663 719/476/449 1546/1807/1664
f 7/1808/31 2042/1809/1665 2032/1810/1657
f 723/1811/454 682/448/423 722/1812/453
f 722/1812/453 665/1813/1666 679/1814/420
f 662/444/419 661/1815/1667 668/442/417
f 624/1816/1668 623/429/404 618/426/401
f 619/425/400 591/424/399 588/1817/1669
f 437/312/290 2046/391/366 548/390/365
f 2046/391/366 437/312/290 2044/1818/1670
f 434/1819/1671 547/1820/1672 2046/391/366
f 2047/1821/1673 2048/1822/1674 2045/1823/1675
f 2048/1822/1674 2047/1821/1673 2049/1824/1676
f 2051/1825/1677 282/231/213 317/247/229
f 317/247/229 2049/1824/1676 2051/1825/1677
f 2047/1821/1673 282/231/213 2051/1825/1677
f 2047/1821/1673 284/232/214 282/231/213
f 2044/1818/1670 437/312/290 2047/1821/1673
f 427/1826/1678 477/344/321 981/343/320
f 442/320/297 423/319/285 422/1060/992
f 434/1819/1671 441/317/295 547/1820/1672
f 307/243/225 414/1827/1679 418/1828/1680
f 307/243/225 331/1829/267 414/1827/1679
f 2001/1830/1681 2004/1831/1682 2071/1832/1683
f 1966/1688/1559 350/1689/1560 368/1833/256
f 325/1834/1684 336/272/253 346/263/245
f 310/227/209 285/1835/1685 309/260/242
f 242/1836/1686 2053/1837/1687 2057/221/203
f 696/464/437 2026/1838/1688 632/462/435
f 1538/1231/1147 784/1233/1151 1536/1839/1689
f 1317/1032/968 390/1840/1690 2054/1841/1691
f 408/1842/1692 410/1001/943 356/1843/1693
f 2003/1844/1694 2006/1845/1613 2055/1846/1695
f 480/707/672 2052/1847/1696 2056/1848/1697
f 1149/865/815 2067/1849/1698 1150/558/531
f 217/194/176 221/1850/1302 203/1851/165
f 221/1850/1302 202/1852/166 203/1851/165
f 2053/1837/1687 242/1836/1686 241/1853/1699
f 342/1854/259 2057/1855/203 2053/1856/1687
f 356/1843/1693 2054/1841/1691 408/1842/1692
f 2058/1857/1700 2054/1841/1691 390/1840/1690
f 445/1858/300 457/1859/310 438/1860/573
f 1013/749/708 2059/1861/1701 985/1862/1702
f 504/1863/678 513/369/346 2060/371/348
f 666/473/446 1490/1864/1094 710/471/444
f 666/1865/446 1494/1176/1100 1490/1866/1094
f 208/190/173 207/919/866 1214/191/170
f 1203/920/867 207/919/866 208/190/173
f 904/619/591 905/622/594 908/1867/598
f 2061/1868/1703 479/1869/1704 2059/1870/1701
f 482/698/664 2061/1871/1703 987/699/665
f 482/702/664 479/1869/1704 2061/1868/1703
f 1023/735/696 2060/1872/348 1021/733/694
f 786/1873/1705 787/839/791 788/825/781
f 800/1026/962 1299/1874/1706 1304/1024/960
f 1357/1063/995 828/1875/1707 830/1876/1708
f 1519/1877/1126 872/1226/1146 1533/586/559
f 1661/1373/1269 229/1359/1255 298/1878/1709
f 298/1878/1709 229/1359/1255 230/1879/1710
f 1923/1880/1711 1919/1881/1712 2063/1882/1513
f 2029/1883/1713 578/1884/1714 2027/1885/1651
f 727/1886/1715 693/459/432 2064/1805/1662
f 718/474/447 695/461/434 716/475/448
f 438/1860/573 457/1859/310 459/1887/309
f 718/474/447 693/459/432 695/461/434
f 718/474/447 726/482/455 693/459/432
f 658/1888/1716 2066/1889/1717 657/1890/1718
f 1339/1891/1719 1357/1063/995 1338/1892/1720
f 1539/1774/1636 1474/1225/1145 814/544/517
f 857/1893/1721 859/1126/1056 860/1894/1722
f 2067/1895/1698 1149/1896/815 789/620/592
f 657/1890/1718 799/1897/1723 724/1898/1724
f 2066/1899/1717 1299/1874/1706 799/1900/1723
f 2066/1899/1717 1995/1901/1725 1296/1902/1726
f 402/1903/1727 2075/1904/1728 2069/1905/1729
f 398/1906/1730 1347/1907/1731 1223/934/880
f 2055/1846/1695 431/1908/1732 433/321/298
f 2068/1909/1733 2069/1905/1729 2075/1904/1728
f 423/319/285 432/1910/1734 2006/1845/1613
f 433/321/298 400/1911/1735 399/1912/1736
f 1690/1913/1737 203/181/165 199/180/164
f 268/219/201 267/218/200 1725/1437/1329
f 1725/1437/1329 1692/1403/1296 268/219/201
f 1686/1394/1288 1685/1391/1285 1684/1389/1283
f 1685/1391/1285 1686/1394/1288 201/179/163
f 199/1914/164 202/1770/166 198/1771/1633
f 198/1771/1633 1703/1417/1310 199/1914/164
f 814/544/517 711/546/519 715/1775/1637
f 1539/1774/1636 814/544/517 715/1775/1637
f 784/1233/1151 783/1915/1738 1536/1839/1689
f 1536/1839/1689 783/1915/1738 2073/1916/1739
f 1299/1874/1706 800/1026/962 799/1900/1723
f 700/467/440 701/1917/1740 1388/1088/1020
f 1388/1088/1020 698/465/438 700/467/440
f 701/1917/1740 721/1918/1741 736/491/464
f 736/491/464 748/490/463 701/1917/1740
f 790/864/814 1148/863/813 1151/1919/1742
f 987/699/665 2061/1871/1703 1013/749/708
f 1013/749/708 2061/1871/1703 2059/1861/1701
f 1949/1665/1536 1906/1920/1743 1904/1921/1744
f 1904/1921/1744 1963/1922/1745 1949/1665/1536
f 2068/1909/1733 2071/1923/1683 2069/1905/1729
f 2074/1924/1746 2071/1923/1683 2068/1909/1733
f 1223/934/880 2074/1925/1746 398/1906/1730
f 226/931/877 1221/930/876 227/932/878
f 2071/1832/1683 2074/1925/1746 2001/1830/1681
f 399/1912/1736 402/1903/1727 433/321/298
f 400/1911/1735 433/321/298 442/320/297
f 2068/1909/1733 2075/1904/1728 2070/1926/1747
f 2027/1789/1651 578/1927/1714 2026/1838/1688
f 1532/1221/1142 1531/1223/1144 2073/1916/1739
f 716/475/448 2073/1916/1739 785/1928/1748
f 1531/1223/1144 1534/1929/1749 2073/1916/1739
f 2/1930/1750 1/52/51 3/1931/1653
f 12/1932/1751 13/6/6 11/11/10 16/16/15
f 14/5/5 19/12/11 11/11/10 13/6/6
f 17/8/7 13/7/6 12/1933/1751
f 18/4/4 17/8/7 22/18/17 25/17/16
f 16/16/15 11/11/10 15/13/12
f 16/16/15 20/15/14 12/1932/1751
f 17/8/7 12/1933/1751 20/1934/14
f 19/12/11 14/5/5 21/10/9
f 15/13/12 32/14/13 16/16/15
f 15/13/12 19/12/11 23/1935/1752
f 20/1934/14 22/18/17 17/8/7
f 35/28/27 33/25/24 23/1935/1752 21/10/9
f 21/10/9 23/1935/1752 19/12/11
f 24/19/18 22/18/17 20/1934/14
f 26/9/8 35/28/27 21/10/9
f 31/24/23 32/14/13 15/13/12
f 31/24/23 15/13/12 23/1935/1752 33/25/24
f 38/44/43 50/23/22 37/1936/1753 36/27/26
f 37/1936/1753 50/23/22 33/25/24
f 65/50/49 40/1937/152 39/132/124 27/22/21
f 35/28/27 36/27/26 37/1936/1753
f 24/19/18 45/1/1 43/30/29 41/171/157
f 32/14/13 60/103/97 42/172/30
f 41/171/157 43/30/29 34/26/25
f 51/42/41 38/44/43 36/27/26 48/36/35
f 40/1937/152 65/50/49 46/173/126
f 48/36/35 36/27/26 29/21/20 28/20/19
f 48/36/35 49/73/70 51/42/41
f 86/40/39 56/45/44 59/47/46 52/38/37
f 53/39/38 50/23/22 54/43/42
f 29/21/20 36/27/26 64/29/28 44/53/52
f 57/48/47 131/49/48 132/163/151
f 156/130/122 58/34/33 63/55/54 57/48/47
f 46/134/126 67/51/50 158/33/32
f 66/1938/158 2/1939/1750 4/1940/1754 67/51/50
f 60/103/97 32/14/13 31/24/23
f 50/23/22 60/103/97 31/24/23
f 60/103/97 61/102/96 42/172/30
f 64/29/28 1/52/51 44/53/52
f 65/50/49 1/52/51 66/174/158
f 46/134/126 66/1938/158 67/51/50
f 68/54/53 58/34/33 67/51/50
f 61/102/96 7/1941/31 42/172/30
f 2/1930/1750 66/174/158 1/52/51
f 4/1940/1754 10/1942/1755 68/54/53 67/51/50
f 62/1943/1756 63/55/54 9/1944/1757 8/1945/1758
f 62/1943/1756 8/1945/1758 61/102/96
f 10/1942/1755 9/1944/1757 63/55/54 68/54/53
f 77/63/62 80/67/63 81/56/55 73/58/57
f 80/64/63 77/1946/62 90/170/156
f 82/1947/1759 81/56/55 84/68/65 83/1948/66
f 79/59/58 69/61/60 71/169/155
f 75/168/154 76/62/61 73/58/57
f 84/66/65 78/65/64 79/59/58
f 71/169/155 83/69/66 79/59/58
f 56/45/44 86/40/39 88/167/153 72/60/59
f 86/40/39 53/39/38 85/70/67
f 48/36/35 91/80/77 49/73/70
f 88/167/153 85/70/67 74/72/69
f 75/168/154 49/73/70 76/62/61
f 119/87/84 118/160/150 105/81/78 93/85/82
f 85/70/67 88/167/153 86/40/39
f 85/70/67 54/43/42 89/71/68
f 96/159/149 97/75/72 110/77/74
f 102/46/45 56/45/44 101/79/76
f 104/101/95 131/49/48 102/46/45
f 107/89/86 108/83/80 109/84/81
f 105/81/78 118/160/150 111/82/79
f 114/88/85 113/1949/92 106/1950/1760 107/89/86
f 112/1951/1761 110/77/74 111/82/79
f 92/86/83 106/1952/1760 113/97/92
f 97/75/72 96/159/149 116/96/91 117/94/87
f 110/77/74 112/1951/1761 109/84/81
f 116/96/91 95/1953/1762 115/95/90
f 95/1953/1762 116/96/91 96/159/149
f 112/1951/1761 111/82/79 101/79/76 87/74/71
f 97/75/72 117/94/87 99/78/75
f 118/160/150 101/79/76 111/82/79
f 109/84/81 112/1951/1761 87/74/71 120/1954/1763
f 114/88/85 109/84/81 120/1954/1763 121/1955/1764
f 114/88/85 121/1955/1764 122/1956/93 113/1949/92
f 120/1954/1763 91/1957/77 30/1958/36 121/1955/1764
f 103/99/94 104/101/95 119/87/84
f 87/74/71 91/1957/77 120/1954/1763
f 121/1955/1764 30/1958/36 28/1959/19 122/1956/93
f 59/47/46 57/48/47 63/55/54 62/1943/1756
f 62/1943/1756 61/102/96 123/104/98
f 55/41/40 60/103/97 50/23/22
f 123/104/98 60/103/97 55/41/40 52/38/37
f 62/1943/1756 123/104/98 52/38/37 59/47/46
f 129/108/102 134/1960/104 28/20/19 27/22/21
f 125/155/146 140/105/99 126/107/101
f 28/100/19 134/110/104 103/99/94
f 140/105/99 125/155/146 124/123/116 143/122/115
f 135/161/107 171/112/105 129/111/102
f 154/131/123 136/113/106 155/115/108
f 126/107/101 172/117/110 138/154/145
f 173/121/114 174/1961/147 142/126/118 143/122/115
f 142/125/118 174/156/147 141/118/111
f 149/147/138 161/138/130 153/158/148 146/145/136
f 140/105/99 145/120/113 127/106/100
f 144/124/117 145/120/113 140/105/99
f 143/122/115 144/124/117 140/105/99
f 150/150/141 151/149/140 155/115/108 164/143/135
f 161/138/130 149/147/138 150/150/141
f 148/140/132 147/129/121 152/128/120
f 167/151/142 148/140/132 152/128/120
f 148/140/132 167/151/142 146/1962/136
f 154/131/123 156/130/122 132/163/151
f 40/1937/152 46/173/126 157/1963/125
f 156/130/122 159/135/127 47/35/34
f 160/141/133 155/115/108 151/149/140
f 161/138/130 150/150/141 164/143/135 165/136/128
f 149/147/138 168/146/137 169/148/139 150/150/141
f 157/166/125 148/157/132 166/137/129
f 155/115/108 160/141/133 159/135/127
f 168/1964/137 146/1962/136 167/151/142
f 167/151/142 152/128/120 170/127/119 169/148/139
f 131/49/48 103/99/94 138/154/145 172/117/110
f 154/131/123 139/152/143 136/113/106
f 137/153/144 138/154/145 103/99/94 134/110/104
f 137/153/144 124/123/116 125/155/146 138/154/145
f 139/152/143 133/116/109 127/106/100
f 127/106/100 133/116/109 126/107/101
f 173/121/114 124/123/116 137/153/144 171/112/105
f 174/1961/147 173/121/114 171/112/105 135/161/107
f 128/119/112 141/118/111 136/113/106 139/152/143
f 127/106/100 128/119/112 139/152/143
f 160/141/133 170/127/119 147/129/121 162/142/134
f 153/158/148 148/157/132 146/145/136
f 166/137/129 153/158/148 161/138/130
f 163/139/131 162/142/134 147/129/121
f 106/1950/1760 115/95/90 95/1953/1762 107/89/86
f 108/83/80 107/89/86 95/1953/1762 96/159/149
f 93/85/82 105/81/78 99/78/75 100/92/89
f 99/78/75 105/81/78 98/76/73
f 100/92/89 94/91/88 92/86/83 93/85/82
f 106/1952/1760 92/86/83 94/91/88 115/93/90
f 162/142/134 163/139/131 158/33/32 47/35/34
f 119/87/84 92/86/83 103/99/94
f 103/99/94 92/86/83 122/98/93
f 155/115/108 135/114/107 130/164/103
f 133/116/109 132/163/151 131/49/48
f 88/167/153 74/72/69 71/169/155 69/61/60
f 155/115/108 130/164/103 164/143/135
f 40/165/152 166/137/129 39/144/124
f 89/71/68 70/57/56 82/1947/1759 83/69/66
f 89/71/68 71/169/155 74/72/69
f 73/58/57 70/57/56 75/168/154
f 87/74/71 90/170/156 77/1946/62 91/1957/77
f 81/56/55 82/1947/1759 70/57/56
f 78/65/64 90/170/156 72/60/59
f 78/65/64 72/60/59 79/59/58
f 90/170/156 87/74/71 72/60/59
f 25/17/16 41/171/157 34/26/25 26/9/8
f 91/80/77 77/63/62 49/73/70
f 26/9/8 34/26/25 35/28/27
f 20/1934/14 42/31/30 24/19/18
f 37/1936/1753 33/25/24 35/28/27
f 57/48/47 132/163/151 156/130/122
f 6/2/2 3/1931/1653 1/52/51 5/3/3
f 190/1611/1485 191/1965/1524 189/1966/1765
f 193/1967/1766 1896/1968/1767 192/1616/1490
f 194/175/159 1942/177/161 1943/1969/1768
f 1702/1414/1307 198/1771/1633 1699/1769/1632 197/1415/1308
f 213/1355/1251 209/1970/1769 211/195/177 212/197/179
f 207/925/866 1204/924/871 1214/186/170
f 209/1970/1769 210/1971/1770 211/195/177
f 210/1971/1770 209/1970/1769 214/1972/1771 216/1973/1772
f 225/1974/1773 216/1973/1772 215/1375/1271 1663/1374/1270
f 209/1970/1769 213/1355/1251 214/1972/1771
f 216/1973/1772 214/1972/1771 215/1375/1271
f 218/1975/1290 219/192/174 217/194/176 203/1851/165
f 1694/1405/1298 217/1976/176 220/1401/175 222/1400/1294
f 217/1976/176 1694/1405/1298 221/1409/1302
f 223/1977/1774 214/1972/1771 213/1355/1251 1642/1978/1775
f 215/1375/1271 228/1979/1776 229/1359/1255 1661/1373/1269
f 225/1974/1773 1665/1379/1273 1667/1381/1275
f 208/190/173 226/931/877 227/932/878
f 228/1979/1776 1643/1980/1777 229/1359/1255
f 229/1359/1255 1645/1358/1254 230/1879/1710
f 231/1981/1778 232/198/180 224/196/178 1672/1982/1779
f 212/197/179 224/196/178 233/199/181 1640/1351/1247
f 239/204/186 2062/206/188 241/1853/1699 242/1836/1686
f 236/200/182 235/202/184 278/225/207
f 244/1983/1780 2062/206/188 240/205/187 243/935/881
f 1996/1984/1781 245/212/194 246/1985/1782 248/1986/1783
f 1883/1987/1784 250/209/191 252/208/190 1944/1988/1785
f 1883/1987/1784 249/1989/1786 250/209/191
f 1934/1648/1519 251/207/189 250/209/191 253/1604/1478
f 258/769/727 1053/760/718 1055/763/721 1057/764/722
f 260/1514/1398 1787/1513/1397 259/1478/1365 261/1990/1787
f 256/213/195 263/1000/942 246/1985/1782 245/212/194
f 259/1478/1365 1787/1513/1397 262/1481/1368
f 1739/1460/1348 267/218/200 1662/220/202 1738/1459/1347
f 263/1000/942 294/999/941 246/1985/1782
f 274/951/896 273/226/208 278/225/207 1998/1738/1605
f 2057/221/203 269/1991/1788 242/1836/1686
f 2057/221/203 270/598/571 271/222/204
f 300/237/219 275/224/206 273/226/208 301/238/220
f 276/1992/1789 277/1744/1611 273/226/208 274/951/896
f 310/227/209 279/229/211 317/247/229 282/231/213
f 279/229/211 281/248/230 317/247/229
f 281/248/230 279/229/211 1843/230/212 283/1993/1790
f 282/231/213 329/233/215 285/1835/1685 310/227/209
f 341/261/243 285/1835/1685 329/233/215 286/1994/1791
f 290/1631/1504 287/234/216 288/236/218 289/1698/1569
f 291/1627/1501 292/1626/1500 287/234/216 290/1631/1504
f 296/1362/1258 230/1995/1710 1647/1996/1792 1649/1360/1256
f 298/1997/1709 230/1995/1710 296/1362/1258 297/1998/1793
f 308/1743/1610 332/1036/972 302/239/221 301/238/220
f 300/237/219 303/240/222 299/1999/1794
f 283/1993/1790 316/2000/1795 315/249/231 281/248/230
f 315/249/231 318/2001/1796 317/247/229
f 317/247/229 318/2001/1796 2049/1824/1676
f 233/199/181 232/198/180 1637/1350/1246 1638/1352/1248
f 1637/1350/1246 232/198/180 319/1384/1278 1636/1348/1244
f 1910/253/235 320/250/232 321/1622/1496 1905/1623/1497
f 232/198/180 314/245/227 319/1384/1278
f 316/2000/1795 283/1993/1790 325/1834/1684 326/2002/1797
f 283/1993/1790 324/1569/1449 325/1834/1684
f 331/1829/267 307/243/225 305/242/224 330/256/238
f 328/254/236 254/210/192 255/211/193
f 309/260/242 338/257/239 340/259/241 310/227/209
f 332/1036/972 335/2003/1798 334/1035/971
f 332/1036/972 333/947/892 335/2003/1798
f 338/257/239 352/1567/1447 339/258/240
f 1258/975/917 342/1854/259 2053/1856/1687 257/2004/1799
f 347/2005/1800 348/2006/1801 345/2007/246 346/2008/245
f 342/1854/259 1291/2009/262 882/2010/237
f 342/1854/259 1258/975/917 343/2011/260
f 350/2012/1560 345/2007/246 348/2006/1801 351/2013/1802
f 349/262/244 325/1834/1684 346/263/245
f 355/1034/970 1317/1032/968 327/265/247 303/240/222
f 352/1567/1447 353/1555/1435 354/1565/1445
f 352/1567/1447 338/257/239 353/1555/1435
f 410/1001/943 328/254/236 327/265/247 356/1843/1693
f 346/2008/245 336/2014/253 360/271/252 347/2005/1800
f 357/268/250 358/283/263 359/266/248
f 359/266/248 360/273/252 337/267/249
f 347/2005/1800 360/271/252 361/270/251 1858/1585/1461
f 366/2015/1803 364/278/258 365/300/278 1876/299/277
f 1878/1687/1558 364/2016/258 366/2017/1803 367/2018/1804
f 368/1833/256 364/2016/258 1878/1687/1558 1966/1688/1559
f 1873/1596/1472 365/300/278 364/278/258 369/277/257
f 1858/1585/1461 370/1587/1463 348/2006/1801 347/2005/1800
f 1286/1011/949 1287/1013/951 1290/281/261
f 361/270/251 359/269/248 358/288/263 372/287/266
f 380/2019/1172 2065/295/273 379/1424/1317 1710/1423/1316
f 375/292/270 376/2020/1805 377/293/271
f 379/1424/1317 2065/295/273 381/297/275 382/2021/1806
f 386/1462/1350 387/1731/1601 384/2022/1807 385/2023/1808
f 384/2022/1807 388/2024/1809 389/1438/1330 385/2023/1808
f 1726/2025/1343 388/2024/1809 384/2022/1807 387/1731/1601
f 2058/1857/1700 390/1840/1690 391/2026/1810 1278/992/934
f 1257/1010/916 1286/1011/949 1290/281/261 343/280/260
f 1873/1596/1472 1872/1595/1471 395/298/276 365/300/278
f 183/2027/1811 399/1912/1736 400/1911/1735 175/2028/1812
f 398/1906/1730 2070/2029/1747 1347/1907/1731
f 2075/1904/1728 402/1903/1727 399/1912/1736 401/2030/1813
f 401/2030/1813 399/1912/1736 183/2027/1811 187/2031/1814
f 404/2032/1815 403/303/281 393/1554/1434 392/1553/1433
f 405/314/292 406/311/289 403/303/281 404/2032/1815
f 1795/301/279 403/303/281 406/311/289 452/1721/1592
f 393/1554/1434 403/303/281 407/302/280 394/1551/1431
f 374/2033/269 416/1767/1029 414/1827/1679 331/1829/267
f 410/1001/943 408/1842/1692 409/2034/1816
f 410/1001/943 409/2034/1816 411/994/936
f 418/1828/1680 414/1827/1679 416/1767/1029 417/603/576
f 416/1097/1029 374/291/269 415/1094/1026
f 422/2035/992 423/307/285 419/306/284 421/2036/1817
f 464/336/313 495/352/329 424/310/288 425/309/287
f 428/2037/1818 427/1826/1678 430/2038/673 996/2039/675
f 429/2040/676 488/2041/1819 427/1826/1678 428/2037/1818
f 431/1908/1732 432/1910/1734 423/319/285 433/321/298
f 376/2020/1805 435/2042/1820 434/1819/1671 2050/2043/1821
f 434/1819/1671 435/2042/1820 441/317/295
f 452/1721/1592 406/311/289 436/313/291 597/1729/1600
f 412/2044/1822 413/1257/1170 445/1858/300 438/1860/573
f 458/331/308 448/2045/1823 449/328/305 450/330/307
f 449/328/305 448/2045/1823 1730/1442/1334
f 374/291/269 373/290/268 453/2046/1824 415/1094/1026
f 455/1737/1604 453/2046/1824 1292/1015/953 1288/2047/1825
f 453/2046/1824 454/1095/1027 415/1094/1026
f 458/331/308 457/333/310 444/322/299 460/1444/1336
f 453/2046/1824 455/1737/1604 456/1736/1603
f 462/341/318 476/340/317 463/2048/1826 461/2049/1827
f 457/333/310 445/323/300 444/322/299
f 627/2050/1828 463/2048/1826 476/340/317 1547/1237/1155
f 468/1589/1465 469/1588/1464 471/2051/1829 467/2052/1830
f 470/1597/1473 471/2051/1829 469/1588/1464 472/380/355
f 2035/2053/1831 474/337/314 473/339/316 462/341/318
f 481/2054/1832 983/693/660 479/1869/1704 480/707/672
f 991/701/667 480/707/672 479/1869/1704 482/702/664
f 484/345/322 483/347/324 488/2055/1819 429/711/676
f 489/684/652 488/2055/1819 483/347/324 487/349/326
f 489/2056/652 975/350/327 477/344/321 488/2041/1819
f 490/2057/1833 461/2049/1827 463/2048/1826
f 1494/1176/1100 412/2044/1822 438/1860/573 1492/1174/1099
f 477/344/321 427/1826/1678 488/2041/1819
f 461/2049/1827 490/2057/1833 492/1802/1658 2034/1801/1659
f 1277/989/931 507/2058/1834 506/361/338 1275/360/337
f 493/1680/1551 494/1679/1550 1950/1667/1538
f 497/318/296 424/310/288 495/352/329
f 495/352/329 1977/354/331 497/318/296
f 509/416/391 510/359/336 506/361/338 508/2059/1835
f 500/358/335 501/355/332 1919/1881/1712 1923/1880/1711
f 513/369/346 504/1863/678 515/2060/1836
f 459/332/309 450/330/307 516/2061/349 517/599/572
f 526/795/751 518/797/753 519/401/376 520/2062/1837
f 518/797/753 526/795/751 969/677/646
f 1074/400/375 525/788/744 520/2062/1837 519/401/376
f 524/1677/1548 523/1676/1547 1955/1674/1545
f 503/2063/1838 529/2064/639 527/377/352 502/376/351
f 520/2062/1837 1078/791/747 526/795/751
f 528/375/350 527/377/352 530/2065/1839 965/675/644
f 531/2066/1840 527/377/352 529/2064/639 955/2067/638
f 532/2068/1841 530/2065/1839 527/377/352 531/2066/1840
f 1859/1586/1462 533/1592/1468 472/380/355 469/1588/1464
f 534/2069/1842 470/1597/1473 472/380/355 1870/379/354
f 1868/378/353 472/380/355 533/1592/1468 535/1591/1467
f 537/382/357 536/381/356 539/2070/750 540/387/362
f 522/2071/749 539/2070/750 536/381/356 521/2072/1843
f 548/390/365 546/389/364 547/1820/1672 576/1726/1597
f 536/381/356 541/384/359 521/2072/1843
f 487/349/326 542/386/361 543/2073/1844
f 438/1860/573 517/1175/572 1492/1174/1099
f 546/389/364 2046/391/366 547/1820/1672
f 552/856/806 553/844/796 549/394/369 551/393/368
f 555/396/371 554/395/370 557/399/374 558/1795/1655
f 963/800/756 562/404/379 561/402/377 519/401/376
f 510/359/336 560/988/930 1275/360/337
f 510/359/336 509/416/391 560/988/930
f 564/406/381 577/408/383 565/893/841 1621/2074/1230
f 1177/2075/1845 1176/2076/1846 577/408/383 1624/407/382
f 566/409/384 567/411/386 568/896/844 626/895/843
f 543/2073/1844 542/386/361 545/388/363 570/2077/1847
f 571/2078/1848 545/388/363 683/1783/1645 686/1780/1642
f 683/1783/1645 545/388/363 542/386/361 544/385/360
f 547/1820/1672 441/317/295 575/2079/1849 576/1726/1597
f 545/388/363 571/2078/1848 537/382/357
f 574/1254/1168 1460/2080/1850 573/1255/1073
f 2030/1793/1654 578/2081/1714 2/2082/1750 3/1791/1653
f 578/2081/1714 2030/1793/1654 558/1794/1655
f 509/416/391 579/415/390 580/2083/1851 560/988/930
f 580/2083/1851 579/415/390 581/1006/947 582/1005/946
f 586/2084/1852 587/1173/1098 584/2085/1853 585/1787/1649
f 584/2086/1853 517/599/572 516/2061/349
f 585/1787/1649 584/2085/1853 516/373/349 451/372/306
f 589/901/849 590/903/851 588/1817/1669 591/424/399
f 1081/799/755 1083/802/758 937/418/393 562/404/379
f 590/903/851 609/2087/1854 588/1817/1669
f 594/1773/1635 563/405/380 937/418/393 638/433/408
f 1083/802/758 936/652/621 937/418/393
f 937/418/393 593/434/409 638/433/408
f 597/1729/1600 598/1728/1599 595/1720/1591 596/1719/1590
f 601/1717/1588 595/1720/1591 598/1728/1599 599/1725/1596
f 687/451/426 606/1195/1117 602/2088/1855 603/2089/1856
f 604/2090/1857 605/1087/1019 454/1095/1027
f 609/2087/1854 590/903/851 607/1765/1631 608/1764/1630
f 611/2091/1858 607/1765/1631 590/903/851 610/904/852
f 456/1736/1603 612/419/394 604/2090/1857 453/2046/1824
f 604/2090/1857 612/419/394 613/421/396 1386/1085/1017
f 620/870/820 1155/871/821 618/426/401 619/425/400
f 616/423/398 617/1214/1135 559/398/373
f 1182/898/846 591/424/399 618/426/401 623/429/404
f 624/1816/1668 625/2092/1859 621/427/402 623/429/404
f 627/2050/1828 1549/1240/1158 603/2093/1856 602/2094/1855
f 625/2092/1859 626/895/843 621/427/402
f 1549/1242/1158 630/431/406 603/2089/1856
f 636/2095/1860 1995/2096/1725 634/1082/1014 635/1735/1602
f 629/452/427 603/2089/1856 628/430/405
f 629/452/427 687/451/426 603/2089/1856
f 630/431/406 1551/1241/1159 631/432/407
f 632/462/435 2026/1838/1688 633/1215/1136
f 642/1253/1167 643/440/415 647/447/422 641/2097/1861
f 634/1082/1014 1382/1081/1013 635/1735/1602
f 645/2098/1862 647/447/422 643/440/415 644/439/414
f 1076/789/745 653/786/742 1073/787/743 1075/519/492
f 645/2098/1862 646/479/452 647/447/422
f 647/447/422 680/446/421 641/2097/1861
f 648/403/378 795/438/413 649/2099/1863
f 651/869/819 652/1748/1615 650/876/826
f 653/786/742 654/689/656 1073/787/743
f 655/1772/1634 656/784/740 653/786/742 1076/789/745
f 660/2100/1864 661/1815/1667 659/441/416 643/440/415
f 644/439/414 659/441/416 663/469/442 664/468/441
f 659/441/416 662/444/419 663/469/442
f 1552/2101/1160 665/1813/1666 631/432/407 1551/1241/1159
f 666/473/446 667/472/445 662/444/419 669/443/418
f 670/2102/1865 663/469/442 662/444/419 667/472/445
f 672/596/569 673/2103/1866 671/2104/1867 614/2105/1868
f 614/2105/1868 671/2104/1867 674/782/738 1071/2106/1869
f 631/432/407 681/450/425 629/452/427 628/430/405
f 673/2103/1866 675/2107/1870 671/2104/1867
f 678/1786/1648 676/1779/1641 677/1778/1640
f 647/447/422 722/480/453 679/445/420
f 684/1782/1644 685/1781/1643 686/1780/1642 683/1783/1645
f 687/451/426 681/450/425 1501/449/424 688/2108/1871
f 2011/672/641 2012/1754/1621 689/458/428 692/457/431
f 2012/2109/1621 640/1757/1624 689/453/428
f 682/448/423 681/450/425 631/432/407 665/1813/1666
f 632/462/435 706/1211/1132 705/1216/1137 697/463/436
f 702/470/443 703/2110/1872 664/468/441
f 702/470/443 663/469/442 704/534/507
f 707/1219/1140 697/463/436 705/1216/1137 1527/1210/1131
f 762/514/487 637/435/410 708/655/624 942/512/485
f 637/435/410 593/434/409 708/655/624
f 680/446/421 712/1248/1163 711/546/519 641/2097/1861
f 637/435/410 762/514/487 709/436/411
f 641/2097/1861 711/546/519 713/545/518 642/1253/1167
f 714/2111/1873 715/1775/1637 711/546/519 712/1248/1163
f 701/1917/1740 700/467/440 720/478/451 721/1918/1741
f 703/2110/1872 723/481/454 646/479/452 645/2098/1862
f 658/1888/1716 657/1890/1718 724/1898/1724 725/1079/1011
f 1529/1217/1138 694/460/433 693/459/432 728/1218/1139
f 693/459/432 727/1886/1715 728/1218/1139
f 738/2112/1874 798/494/467 737/736/697 1024/2113/1875
f 720/478/451 1403/1110/1040 721/1918/1741
f 737/736/697 798/494/467 2021/493/466 2023/413/388
f 1403/1110/1040 720/478/451 1398/2114/1876 1402/1106/1036
f 744/495/468 585/1787/1649 740/496/469
f 741/497/470 742/1447/1339 743/2115/1877
f 745/498/471 746/738/699 1019/499/472
f 735/489/462 907/625/596 749/2116/1878 748/490/463
f 754/822/778 730/483/456 729/485/458 753/506/479
f 735/489/462 909/626/597 907/625/596
f 756/507/480 755/509/482 758/667/636 541/384/359
f 759/662/631 755/509/482 757/508/481 774/2117/1879
f 736/491/464 721/1918/1741 1403/1110/1040 1405/1109/1039
f 765/1784/1646 763/1785/1647 764/2118/1880 1407/1111/1041
f 732/487/460 1128/511/484 1130/486/459
f 762/514/487 760/513/486 761/658/627
f 762/514/487 833/554/527 709/436/411
f 742/1447/1339 766/1458/1346 763/1785/1647 743/2115/1877
f 767/2119/1183 764/2118/1880 763/1785/1647 766/1458/1346
f 743/2115/1877 763/1785/1647 744/495/468 741/497/470
f 773/1777/1639 772/2120/1881 774/2117/1879 757/508/481
f 833/554/527 832/553/526 709/436/411
f 768/2121/1882 771/2122/1883 770/2123/1884
f 768/2121/1882 769/1270/1179 771/2122/1883
f 772/2120/1881 773/1777/1639 739/492/465
f 775/550/523 772/2120/1881 739/492/465 798/494/467
f 806/536/509 772/2120/1881 775/550/523 776/537/510
f 772/2120/1881 806/536/509 774/2117/1879
f 789/620/592 1149/1896/815 791/2124/1885 608/1764/1630
f 1111/823/779 787/839/791 781/523/496
f 781/523/496 1110/525/498 1111/823/779
f 783/1915/1738 785/1928/1748 2073/1916/1739
f 783/1915/1738 784/1233/1151 1541/1232/1150
f 783/1915/1738 1541/1232/1150 785/1928/1748
f 787/839/791 1111/823/779 788/825/781
f 724/1898/1724 799/1897/1723 801/2125/1886 1375/1078/1010
f 791/2124/1885 1149/1896/815 790/2126/814
f 2018/526/499 793/528/501 2017/2127/1887
f 797/521/494 1077/520/493 794/529/502
f 794/529/502 796/2128/1888 797/521/494
f 799/1897/1723 800/2129/962 801/2125/1886
f 702/470/443 804/535/508 723/481/454 703/2110/1872
f 803/531/504 807/541/514 808/811/767 1100/532/505
f 804/2130/508 704/2131/507 1484/1182/1105
f 804/535/508 805/2132/1111 723/481/454
f 759/662/631 774/2117/1879 806/536/509
f 816/790/746 780/522/495 815/547/520 817/2133/1889
f 807/541/514 803/531/504 810/539/512
f 813/543/516 794/529/502 811/530/503
f 881/594/567 793/528/501 822/549/522 747/501/474
f 818/2134/1890 819/2135/1891 820/2136/1892
f 818/2134/1890 820/2136/1892 821/2137/1893
f 823/551/524 824/2138/1894 822/549/522
f 827/2139/1895 826/2140/1896 1363/1068/1000 1365/2141/1897
f 822/549/522 825/548/521 775/550/523
f 826/2140/1896 828/1875/1707 829/1069/1001 1363/1068/1000
f 830/1876/1708 828/1875/1707 826/2140/1896 827/2139/1895
f 836/818/774 835/857/807 1144/858/808 1147/861/811
f 812/542/515 811/530/503 831/552/525
f 831/552/525 845/556/529 812/542/515
f 837/820/776 1108/821/777 835/857/807 836/818/774
f 843/2142/1898 838/561/534 840/557/530 841/559/532
f 836/818/774 1147/861/811 838/561/534
f 856/571/544 839/582/555 1456/581/554
f 846/563/536 844/2143/1899 812/542/515 845/556/529
f 813/543/516 812/542/515 844/2143/1899 2015/1762/1628
f 844/2143/1899 846/563/536 2015/1762/1628
f 855/569/542 856/571/544 854/2144/1900 1473/2145/1901
f 849/1760/1626 2015/1762/1628 846/563/536
f 858/1127/1057 859/1126/1056 857/1893/1721 1421/2146/1902
f 1417/1118/1048 861/2147/1903 857/1893/1721 860/1894/1722
f 873/587/560 865/576/549 862/572/545 878/575/548
f 869/580/553 839/582/555 868/583/556 1454/591/564
f 866/578/551 867/579/552 868/583/556
f 877/2148/1904 870/592/565 868/583/556 874/588/561
f 878/575/548 879/2149/1905 875/590/563 877/2148/1904
f 870/592/565 1454/591/564 868/583/556
f 871/584/557 1533/586/559 872/1226/1146
f 1480/589/562 874/588/561 1479/593/566
f 870/592/565 877/2148/1904 875/590/563
f 875/590/563 876/1149/1077 1454/591/564
f 1518/2150/1906 880/1162/1090 872/1226/1146 1519/1877/1126
f 874/588/561 868/583/556 867/579/552
f 2017/2127/1887 793/528/501 881/594/567 672/596/569
f 271/222/204 883/597/570 304/241/223 272/223/205
f 305/2151/224 270/2152/571 882/2153/237
f 306/244/226 885/601/574 272/223/205 304/241/223
f 883/597/570 305/242/224 304/241/223
f 892/610/583 889/608/581 417/603/576 891/1766/1034
f 306/244/226 886/604/577 885/601/574
f 306/244/226 307/243/225 418/1828/1680
f 306/244/226 418/1828/1680 417/603/576
f 886/604/577 887/606/579 885/601/574
f 896/1101/585 893/2154/582 892/2155/583 894/1103/1033
f 899/907/855 897/614/586 1397/617/589 903/616/588
f 894/1103/1033 895/1102/1032 896/1101/585
f 897/614/586 896/613/585 1397/617/589
f 608/1764/1630 902/618/590 901/615/587 789/620/592
f 1397/617/589 900/621/593 901/615/587
f 907/625/596 905/624/594 906/2156/595 1389/1089/1021
f 904/619/591 901/615/587 900/621/593
f 911/634/603 841/559/532 910/631/600 1570/632/601
f 909/627/597 910/631/600 908/628/598
f 910/631/600 1150/558/531 908/628/598
f 841/559/532 1150/558/531 910/631/600
f 912/635/604 911/634/603 1570/632/601 767/1275/1183
f 911/634/603 843/2142/1898 841/559/532
f 915/636/605 916/640/609 917/810/766 809/540/513
f 911/634/603 912/635/604 809/540/513
f 912/635/604 914/637/606 915/636/605
f 915/636/605 1576/638/607 916/640/609
f 919/2157/1907 917/810/766 916/640/609 918/639/608
f 1095/2158/1908 919/2157/1907 920/1281/1189 1092/804/760
f 919/2157/1907 1095/2158/1908 1097/807/763
f 919/2157/1907 1581/2159/1909 920/1281/1189
f 923/645/614 924/1284/615 926/2160/617 1088/2161/1910
f 1092/804/760 1582/641/610 921/643/612
f 1583/642/611 1584/1469/1357 923/645/614
f 928/1288/1194 927/649/618 925/647/616 1587/2162/1911
f 930/368/345 1589/1289/1195 931/1293/1199 932/365/342
f 928/1288/1194 929/1290/1196 927/649/618
f 929/1290/1196 1086/367/344 927/649/618
f 929/1290/1196 930/368/345 1086/367/344
f 930/368/345 929/1290/1196 1589/1289/1195
f 933/1294/1200 934/650/619 932/365/342 931/1293/1199
f 512/366/343 932/365/342 934/650/619 936/652/621
f 937/418/393 936/652/621 935/651/620 938/2163/1912
f 593/434/409 937/418/393 938/2163/1912 708/655/624
f 939/2164/1913 940/653/622 941/654/623 938/2163/1912
f 938/2163/1912 941/654/623 708/655/624
f 943/2165/1914 942/512/485 940/653/622 1595/1296/1202
f 760/513/486 943/2165/1914 944/656/625 761/658/627
f 942/512/485 943/2165/1914 760/513/486
f 943/2165/1914 1595/1296/1202 1123/2166/1915
f 943/2165/1914 1123/2166/1915 944/656/625
f 848/564/537 847/562/535 946/659/628 947/660/629
f 945/657/626 847/562/535 845/556/529
f 950/663/632 848/564/537 948/661/630 949/664/633
f 755/509/482 950/663/632 690/454/429 758/667/636
f 521/2072/1843 954/668/637 529/670/639 522/2071/749
f 951/666/635 640/1757/1624 952/1759/1625
f 952/1759/1625 954/668/637 951/666/635
f 954/668/637 952/1759/1625 953/1756/1623
f 531/2066/1840 956/671/640 957/673/642 532/2068/1841
f 529/2064/639 503/2063/1838 522/793/749
f 955/669/638 954/668/637 953/1756/1623
f 953/2167/1623 956/671/640 955/2067/638
f 956/671/640 953/2167/1623 639/1755/1622
f 956/671/640 531/2066/1840 955/2067/638
f 2009/1751/1618 958/2168/1916 957/673/642 2011/672/641
f 959/2169/1917 532/2068/1841 957/673/642 958/2168/1916
f 530/2065/1839 532/2068/1841 959/2169/1917 960/676/645
f 960/676/645 959/2169/1917 961/2170/1918 964/674/643
f 959/2169/1917 958/2168/1916 961/2170/1918
f 967/2171/1919 965/675/644 964/674/643 966/796/752
f 964/674/643 961/2170/1918 962/798/754
f 962/798/754 963/800/756 964/674/643
f 965/675/644 530/2065/1839 960/676/645
f 965/675/644 967/2171/1919 968/2172/1920 528/375/350
f 1079/2173/1921 968/2172/1920 967/2171/1919 969/677/646
f 967/2171/1919 966/796/752 969/677/646
f 973/2174/1922 970/678/647 971/680/648 972/683/651
f 969/677/646 540/679/362 1079/2173/1921
f 543/2073/1844 972/2175/651 974/685/650 487/349/326
f 975/350/327 489/2056/652 974/682/650 977/681/649
f 654/689/656 491/351/328 977/681/649 978/687/654
f 975/350/327 977/681/649 491/351/328
f 491/351/328 979/688/655 980/690/657 478/342/319
f 978/687/654 1073/787/743 654/689/656
f 1071/2106/1869 2056/2176/1697 2052/2177/1696 980/690/657
f 981/343/320 980/690/657 2052/2177/1696
f 481/2054/1832 2056/1848/1697 592/2178/737 983/693/660
f 1038/2179/739 982/691/658 983/693/660 592/2178/737
f 1013/749/708 985/1862/1702 984/694/659 986/696/662
f 983/693/660 984/692/659 985/2180/1702
f 991/701/667 988/700/666 989/2181/712 990/703/668
f 1013/749/708 1012/697/663 987/699/665
f 997/2182/1923 996/710/675 995/759/717 999/758/716
f 992/704/669 480/707/672 991/701/667
f 1051/709/674 995/759/717 996/710/675
f 996/2183/675 998/712/677 429/711/676 428/2184/1818
f 996/710/675 997/2182/1923 998/2185/677
f 504/1863/678 998/2185/677 997/2182/1923 515/2060/1836
f 999/758/716 1000/2186/1924 515/2060/1836 997/2182/1923
f 1002/716/681 1003/715/680 1000/2186/1924 1001/761/719
f 513/369/346 515/2060/1836 1000/2186/1924 1003/715/680
f 1007/718/683 1004/717/682 1005/2187/684 1006/2188/686
f 514/2189/347 1017/730/693 1018/2190/1925 2060/2191/348
f 1008/720/685 1010/722/687 1006/721/686
f 986/696/662 1011/725/690 1010/722/687
f 1011/725/690 1015/726/691 1009/723/688
f 1009/729/688 1016/728/692 1007/731/683
f 1009/723/688 1010/722/687 1011/725/690
f 1017/730/693 514/2189/347 1007/731/683
f 1017/730/693 1027/748/701 1018/2190/1925
f 1019/499/472 1020/739/700 1018/2192/1925 1027/740/701
f 1021/733/694 2060/1872/348 1018/2192/1925 1020/739/700
f 1024/2113/1875 1022/734/695 1021/733/694 746/738/699
f 1020/739/700 746/738/699 1021/733/694
f 1023/735/696 1022/734/695 1024/2113/1875 505/714/679
f 824/2138/1894 1024/2113/1875 746/738/699 1025/737/698
f 1024/2113/1875 737/736/697 572/412/387
f 745/498/471 747/501/474 1025/737/698 746/738/699
f 1024/2113/1875 824/2138/1894 738/2112/1874
f 1025/737/698 822/549/522 824/2138/1894
f 1029/744/705 1028/743/704 1027/748/701 1016/728/692
f 1026/741/702 1042/500/473 1019/499/472
f 1026/2193/702 1027/748/701 1028/743/704
f 1032/746/706 1030/742/703 1033/747/707 1031/2194/1926
f 1035/2195/1927 1034/2196/1928 1033/747/707 1014/745/689
f 1036/2197/1929 734/2198/661 984/692/659 982/691/658
f 1035/2195/1927 1036/2197/1929 1034/2196/1928
f 1035/2199/1927 1014/724/689 734/695/661
f 1036/2197/1929 1037/2200/1930 1034/2196/1928
f 1036/2197/1929 1035/2195/1927 734/2198/661
f 1031/2194/1926 1034/2196/1928 1037/2200/1930 1038/2179/739
f 675/2107/1870 1031/2201/1926 1038/783/739 671/2104/1867
f 1039/2202/1931 1040/2203/1932 675/2107/1870 673/2103/1866
f 1031/2194/1926 1033/747/707 1034/2196/1928
f 1031/2201/1926 675/2107/1870 1040/2203/1932 1032/2204/706
f 1026/741/702 1040/2203/1932 1039/2202/1931 1042/500/473
f 1032/2204/706 1040/2203/1932 1026/741/702 1028/2205/704
f 1041/595/568 1039/2202/1931 673/2103/1866 672/596/569
f 1039/2202/1931 1041/595/568 1042/500/473
f 1042/500/473 1041/595/568 747/501/474
f 990/703/668 989/2181/712 1046/2206/736 1048/2207/1933
f 1038/783/739 674/782/738 671/2104/1867
f 1038/2179/739 1037/2200/1930 982/691/658
f 1037/2200/1930 1036/2197/1929 982/691/658
f 1043/752/710 988/751/666 482/698/664
f 1044/750/709 1063/2208/1934 1045/753/711
f 1044/750/709 989/754/712 988/751/666
f 1045/753/711 1046/780/736 989/754/712
f 1046/2206/736 1047/2209/1935 1048/2207/1933
f 1050/755/713 1048/2207/1933 1047/2209/1935 1049/756/714
f 993/705/670 992/704/669 1050/755/713 206/184/168
f 1048/2207/1933 1050/755/713 990/703/668
f 1054/757/715 1051/709/674 205/183/167 1052/762/720
f 206/184/168 205/183/167 993/705/670
f 1056/765/723 1057/764/722 1055/763/721 1052/762/720
f 1051/709/674 1054/757/715 995/759/717
f 1052/762/720 1053/760/718 1054/757/715
f 1054/757/715 1001/761/719 999/758/716
f 1001/761/719 1000/2186/1924 999/758/716
f 1057/764/722 1059/777/733 1060/767/725 258/769/727
f 1057/764/722 1058/766/724 1059/777/733
f 1004/717/682 1002/716/681 1062/771/729 1005/2187/684
f 1060/767/725 1069/770/728 1061/768/726
f 1067/778/734 1065/2210/731 1068/776/732 1066/779/735
f 1062/772/729 1063/2208/1934 1005/719/684
f 1063/2208/1934 1043/752/710 1005/719/684
f 1043/752/710 1063/2208/1934 1044/750/709
f 1043/752/710 482/698/664 1008/720/685
f 1063/2208/1934 1062/772/729 1045/753/711
f 238/775/730 1068/776/732 1065/2210/731
f 1059/777/733 1058/766/724 1068/776/732 1069/770/728
f 1068/776/732 1058/766/724 1066/779/735
f 1065/2210/731 1067/778/734 1070/2211/1936 1064/2212/1937
f 1064/2212/1937 1070/2211/1936 1049/756/714 1047/2209/1935
f 1066/779/735 1056/765/723 1067/778/734
f 1049/756/714 1070/2211/1936 204/185/169 206/184/168
f 1070/2211/1936 1067/778/734 204/185/169
f 1047/2209/1935 1046/2206/736 1065/2210/731 1064/2212/1937
f 204/185/169 1056/765/723 1052/762/720 205/183/167
f 1062/772/729 1069/2213/728 238/773/730
f 1002/716/681 1001/761/719 258/769/727
f 1008/720/685 482/698/664 1012/697/663 1010/722/687
f 1072/785/741 1071/2106/1869 980/690/657 979/688/655
f 1001/761/719 1053/760/718 258/769/727
f 2056/2176/1697 1071/2106/1869 592/781/737
f 2017/2127/1887 614/2105/1868 1072/785/741 656/784/740
f 1072/785/741 614/2105/1868 1071/2106/1869
f 1078/791/747 520/2062/1837 1073/787/743 976/686/653
f 979/688/655 653/786/742 656/784/740
f 649/2099/1863 1077/520/493 1074/400/375 648/403/378
f 1073/787/743 520/2062/1837 525/788/744
f 1075/519/492 1074/400/375 1077/520/493
f 780/522/495 816/790/746 1076/789/745
f 1076/789/745 792/527/500 655/1772/1634
f 794/529/502 1077/520/493 649/2099/1863
f 649/2099/1863 795/438/413 794/529/502
f 973/2214/1922 972/2175/651 543/2073/1844 570/2077/1847
f 1078/791/747 970/678/647 526/795/751
f 1080/792/748 1079/2173/1921 540/679/362 539/794/750
f 970/678/647 973/2174/1922 540/679/362
f 968/2172/1920 1080/792/748 502/376/351 528/375/350
f 519/401/376 518/797/753 966/796/752 963/800/756
f 1080/792/748 968/2172/1920 1079/2173/1921
f 1086/367/344 1084/803/759 1082/801/757 1085/2215/1938
f 963/800/756 966/796/752 964/674/643
f 963/800/756 1081/799/755 562/404/379
f 1083/802/758 512/366/343 936/652/621
f 927/649/618 1086/367/344 1085/2215/1938 1087/2216/1939
f 1091/805/761 921/643/612 1090/2217/1940 1118/834/787
f 1087/2216/1939 926/648/617 927/649/618
f 926/648/617 1087/2216/1939 1088/2218/1910
f 1088/2218/1910 1089/2219/1941 922/2220/613
f 922/644/613 1090/2217/1940 921/643/612
f 922/644/613 923/645/614 1088/2161/1910
f 1096/838/790 1097/807/763 1095/2158/1908 1094/806/762
f 1094/806/762 1095/2158/1908 1092/804/760
f 809/540/513 917/810/766 808/811/767 807/541/514
f 917/810/766 919/2157/1907 1097/807/763
f 803/531/504 802/533/506 1104/815/771 1105/816/772
f 1100/532/505 1101/813/769 802/533/506
f 802/533/506 1102/515/488 1103/814/770
f 836/818/774 838/561/534 843/2142/1898 913/633/602
f 1105/816/772 810/539/512 803/531/504
f 810/539/512 753/506/479 1106/817/773
f 810/539/512 1106/817/773 913/633/602
f 1108/821/777 1107/819/775 753/506/479 752/505/478
f 843/2142/1898 911/634/603 913/633/602
f 1106/817/773 837/820/776 836/818/774
f 1106/817/773 753/506/479 1107/819/775
f 730/483/456 754/822/778 1104/815/771 733/488/461
f 1108/821/777 779/517/490 778/516/489
f 1105/816/772 1104/815/771 754/822/778
f 733/488/461 1104/815/771 1103/814/770 1102/515/488
f 1096/838/790 1112/824/780 1111/823/779 1098/808/764
f 1101/813/769 1110/525/498 1102/515/488
f 1110/525/498 1101/813/769 1109/812/768
f 1110/525/498 1109/812/768 1098/808/764
f 691/456/430 1118/2221/787 1090/2222/1940 692/457/431
f 1114/828/783 1115/831/786 1119/829/784
f 1116/830/785 1118/832/787 1115/831/786
f 1112/824/780 1093/837/789 1114/836/783 1113/826/782
f 1093/837/789 1112/824/780 1096/838/790 1094/806/762
f 948/661/630 1119/829/784 1117/833/788 949/664/633
f 691/455/430 690/454/429 1120/665/634 1117/833/788
f 1117/833/788 1120/665/634 949/664/633
f 1124/1299/1205 786/2223/1705 1122/2224/1942 1123/2166/1915
f 1119/829/784 947/660/629 1121/1749/1616
f 1119/829/784 1122/2224/1942 1113/827/782
f 1122/2224/1942 788/2225/781 1113/827/782
f 787/839/791 786/1873/1705 1125/1301/1204 1127/841/793
f 1124/1299/1205 1125/1298/1204 786/2223/1705
f 1125/1301/1204 1126/840/792 1127/841/793
f 782/524/497 787/839/791 1127/841/793 777/510/483
f 731/484/457 1130/486/459 553/844/796 552/856/806
f 782/524/497 777/510/483 1102/515/488
f 1126/840/792 1596/842/794 1128/511/484
f 553/844/796 1129/843/795 1132/846/798 549/394/369
f 1135/851/802 549/2226/369 1132/849/798 1133/848/800
f 1129/843/795 1596/842/794 1131/845/797
f 1131/845/797 1599/2227/799 1132/846/798
f 1608/1310/1212 1136/852/803 1135/851/802 1134/850/801
f 1135/851/802 550/853/367 549/2226/369
f 551/393/368 550/392/367 1137/1316/1218 1138/1315/1217
f 1136/2228/803 1137/1316/1218 550/392/367
f 1140/855/805 551/393/368 1138/1315/1217 1139/854/804
f 1138/1315/1217 1166/1317/1219 1139/854/804
f 1139/854/804 1143/2229/1943 778/516/489 1141/518/491
f 835/857/807 1143/2229/1943 1142/2230/1944 1144/858/808
f 842/560/533 1146/860/810 1148/863/813 790/864/814
f 1143/2229/1943 835/857/807 778/516/489
f 1144/858/808 1142/2230/1944 1145/859/809
f 1147/861/811 1146/860/810 842/560/533
f 1153/867/817 790/2126/814 1151/2231/1742 1152/868/818
f 840/557/530 1149/865/815 1150/558/531
f 1151/1919/1742 1148/863/813 1165/862/812
f 791/2124/1885 790/2126/814 1153/867/817 1154/866/816
f 608/1764/1630 791/2124/1885 1154/866/816 609/2087/1854
f 588/1817/1669 609/2087/1854 1154/866/816 619/425/400
f 625/2092/1859 624/1816/1668 1157/873/823 566/409/384
f 619/425/400 1153/867/817 620/870/820
f 651/869/819 1156/872/822 1155/871/821
f 1155/871/821 1156/872/822 1157/873/823
f 1155/871/821 1157/873/823 624/1816/1668 618/426/401
f 650/876/826 1158/874/824 569/410/385 1156/872/822
f 1156/872/822 569/410/385 566/409/384
f 1159/875/825 1158/874/824 650/876/826 1161/877/827
f 1169/2232/833 1161/882/827 1167/884/832 1168/1314/1216
f 1145/859/809 1142/2230/1944 1167/884/832
f 1145/859/809 1167/884/832 1163/881/830
f 1142/2230/1944 1166/1317/1219 1167/884/832
f 1170/2233/1223 1172/886/834 1169/885/833 1612/2234/1945
f 1169/885/833 1172/886/834 1159/875/825
f 567/411/386 569/410/385 1173/888/836 1174/889/837
f 1172/886/834 1170/2233/1223 1171/887/835
f 1173/888/836 569/410/385 1159/875/825
f 577/408/383 1176/2076/1846 1175/891/839 565/893/841
f 568/896/844 567/411/386 1175/891/839 1176/2076/1846
f 1626/1338/1234 1179/897/845 1178/894/842 1177/2075/1845
f 1176/2076/1846 1178/894/842 568/896/844
f 1178/894/842 621/427/402 626/895/843
f 1178/894/842 1176/2076/1846 1177/2075/1845
f 1178/894/842 622/428/403 621/427/402
f 1180/1344/1240 1181/899/847 623/429/404 1179/897/845
f 1179/897/845 623/429/404 622/428/403
f 589/901/849 1183/900/848 1184/1347/1243 1186/902/850
f 1181/899/847 1182/898/846 623/429/404
f 1181/899/847 1184/1347/1243 1183/900/848
f 1188/909/857 1189/908/856 1187/906/854 1635/2235/1946
f 1184/1347/1243 1185/905/853 1186/902/850
f 610/904/852 1187/906/854 1189/908/856 611/2091/1858
f 1191/911/859 899/907/855 1189/908/856 1188/909/857
f 1189/908/856 903/616/588 611/2091/1858
f 899/907/855 1191/911/859 898/611/584 897/614/586
f 1192/912/860 1191/911/859 1190/910/858 1674/1382/1276
f 1195/2236/1947 888/605/578 1193/2237/861 1194/2238/1948
f 1191/911/859 1192/912/860 898/611/584
f 890/607/580 1193/2237/861 888/605/578
f 890/607/580 889/608/581 893/609/582
f 1201/2239/1949 884/602/575 1198/916/863 1197/915/862
f 888/605/578 1195/2236/1947 887/606/579
f 887/606/579 1195/2236/1947 1196/917/864
f 1198/916/863 885/601/574 887/606/579
f 1200/921/868 1201/2239/1949 1197/915/862 1199/1390/1284
f 1202/918/865 269/1991/1788 1201/2239/1949 1200/921/868
f 884/602/575 1201/2239/1949 269/1991/1788 272/223/205
f 269/1991/1788 1202/918/865 239/204/186 242/1836/1686
f 269/1991/1788 2057/221/203 272/223/205
f 1207/1416/1309 1208/2240/1950 1206/922/869 200/2241/162
f 239/204/186 1203/920/867 240/205/187
f 207/919/866 1200/921/868 1206/2242/869
f 1200/921/868 1205/2243/1951 1206/2242/869
f 1205/2243/1951 1200/921/868 1199/1390/1284
f 201/179/163 200/178/162 1206/2242/869 1205/2243/1951
f 1208/2240/1950 1209/923/870 1206/922/869
f 1210/2244/1952 1211/926/872 1209/923/870 1208/2240/1950
f 1216/305/283 1217/188/172 382/2021/1806 381/297/275
f 1212/927/873 1204/924/871 1209/923/870
f 1214/186/170 1213/928/874 1215/187/171
f 1215/187/171 382/2021/1806 1217/188/172
f 2002/2245/1953 1218/2246/1954 1217/189/172 2005/2247/1955
f 1217/188/172 1216/305/283 2005/2248/1955
f 1219/2249/1956 226/931/877 1218/2246/1954 2002/2245/1953
f 1217/189/172 1218/2246/1954 208/190/173
f 243/935/881 240/205/187 1221/930/876 1222/933/879
f 1218/2246/1954 226/931/877 208/190/173
f 226/931/877 1219/2249/1956 1220/929/875
f 1323/2250/883 1224/2251/882 1223/934/880 1347/1907/1731
f 243/935/881 1223/934/880 1224/2251/882 244/1983/1780
f 1226/940/886 244/2252/1780 1224/936/882 1322/938/884
f 257/2004/1799 1227/941/887 1228/942/888 1230/2253/891
f 1233/971/914 1232/949/894 1234/1742/1609 276/1992/1789
f 1229/945/890 1232/949/894 1230/946/891
f 1232/949/894 1231/948/893 1234/1742/1609
f 1235/972/915 1233/971/914 276/1992/1789 1237/966/910
f 1241/2254/906 274/951/896 1239/1741/1608 1240/2255/900
f 276/1992/1789 1234/1742/1609 277/1744/1611
f 276/1992/1789 1236/950/895 1237/966/910
f 1236/950/895 1238/952/897 1237/966/910
f 1236/950/895 276/1992/1789 274/951/896
f 274/951/896 1241/2254/906 1238/952/897
f 1999/2256/1957 1242/2257/898 1240/2255/900 1239/1741/1608
f 1240/955/900 1243/954/899 1241/961/906
f 1235/972/915 1254/965/909 1255/969/912 1256/970/913
f 1246/980/922 1247/976/918 1248/958/903
f 1249/959/904 1250/962/907 1243/954/899
f 1249/959/904 1243/954/899 1245/957/902
f 1250/962/907 1241/961/906 1243/954/899
f 1251/960/905 1252/2258/1958 1253/963/908
f 1251/960/905 1238/964/897 1241/961/906
f 1253/967/908 1237/966/910 1238/952/897
f 1230/2253/891 1256/973/913 1258/975/917 257/2004/1799
f 1254/965/909 1235/972/915 1237/966/910
f 1232/949/894 1233/971/914 1256/970/913 1230/946/891
f 1257/1010/916 1255/2259/912 1259/1009/911 1284/1008/948
f 1257/974/916 343/2011/260 1258/975/917
f 1257/1010/916 1256/2260/913 1255/2259/912
f 1253/963/908 1252/2258/1958 582/1005/946 1254/2261/909
f 1254/2261/909 582/1005/946 1259/1003/911
f 582/1005/946 1260/1004/945 1259/1003/911
f 1262/2262/1959 1252/2258/1958 1250/962/907 1261/978/920
f 1252/2258/1958 1262/2262/1959 582/1005/946
f 1252/2258/1958 1251/960/905 1250/962/907
f 1249/959/904 1248/958/903 1261/978/920 1250/962/907
f 1248/958/903 1247/976/918 1261/978/920
f 1264/979/921 1265/986/928 1263/977/919
f 1264/979/921 1246/980/922 1266/2263/1960
f 1266/2263/1960 1265/986/928 1264/979/921
f 1265/986/928 1266/2263/1960 1267/983/925 1270/982/924
f 1272/990/932 1273/985/927 1274/984/926 1271/995/937
f 1268/981/923 1269/993/935 1270/982/924
f 1270/982/924 1269/993/935 1271/995/937
f 1271/995/937 1274/984/926 1270/982/924
f 1261/978/920 1263/977/919 560/988/930 1262/2262/1959
f 1265/986/928 1273/985/927 1263/977/919
f 1273/985/927 1275/360/337 1276/987/929
f 1276/987/929 560/988/930 1263/977/919
f 560/988/930 580/2083/1851 1262/2262/1959
f 1272/990/932 1278/992/934 1277/989/931 1273/985/927
f 409/2034/1816 1279/991/933 1271/995/937 411/994/936
f 1279/991/933 409/2034/1816 408/1842/1692
f 1279/991/933 1272/990/932 1271/995/937
f 2054/1841/1691 1278/992/934 1279/991/933 408/1842/1692
f 411/994/936 1281/998/940 410/1001/943
f 1281/998/940 263/1000/942 256/213/195
f 410/1001/943 256/213/195 328/254/236
f 330/2264/238 1291/282/262 1290/281/261 1289/1014/952
f 580/2083/1851 582/1005/946 1262/2262/1959
f 1260/1004/945 581/1006/947 1282/1002/944
f 1282/1007/944 1283/2265/1961 1284/1008/948
f 1285/1012/950 1293/1017/954 1287/1013/951
f 1287/1013/951 1288/2266/1825 1289/1014/952
f 1283/2265/1961 1297/1020/957 1294/1018/955 1284/1008/948
f 1291/282/262 330/2264/238 882/2153/237
f 1289/2267/952 1292/1015/953 330/1016/238
f 373/2268/268 331/1829/267 330/256/238
f 1292/1015/953 453/2046/1824 373/290/268
f 1292/1015/953 1289/2267/952 1288/2047/1825
f 1287/1013/951 1293/1017/954 1288/2266/1825
f 1288/2047/1825 1293/2269/954 455/1737/1604
f 1293/1017/954 1295/1019/956 636/2270/1860
f 1295/1019/956 1297/1020/957 1296/1902/1726
f 1299/1874/1706 1297/1020/957 1283/2265/1961 1298/1023/959
f 1301/1021/958 1298/1023/959 1283/2265/1961 1300/2271/1962
f 1283/2265/1961 1282/1007/944 1300/2271/1962
f 583/417/392 1301/2272/958 1300/2273/1962 579/415/390
f 1301/2272/958 1303/2274/1963 511/362/339 1302/364/341
f 1301/2272/958 583/417/392 1303/2274/1963
f 508/2059/1835 1303/2274/1963 583/417/392 509/416/391
f 1298/1023/959 1302/1022/341 1304/1024/960 1299/1874/1706
f 1303/2274/1963 508/2059/1835 511/362/339
f 1302/1022/341 1308/2275/340 1307/1027/963 1304/1024/960
f 1305/2276/961 801/2125/1886 800/2129/962
f 1306/2277/1964 1307/1027/963 1308/2275/340 1310/2278/1965
f 1309/2279/1966 1306/2277/1964 1310/2278/1965 1311/2280/966
f 1312/2281/1967 1313/2282/1968 1311/1030/966 1310/2283/1965
f 507/2058/1834 391/2026/1810 1314/1028/964 1313/2282/1968
f 1313/2282/1968 1314/1028/964 1311/1030/966
f 1324/2284/976 1315/1031/967 1314/1028/964 1318/1033/969
f 391/2026/1810 390/1840/1690 1314/1028/964
f 303/240/222 302/239/221 1320/1037/973 355/1034/970
f 1314/1028/964 390/1840/1690 1317/1032/968
f 334/1035/971 1319/1038/974 1318/1033/969
f 355/1034/970 1320/1037/973 334/1035/971
f 1323/2285/883 1319/1038/974 1321/1039/975 1322/2286/884
f 1320/1037/973 302/239/221 332/1036/972
f 1324/2284/976 1318/1033/969 1319/1038/974 1323/2285/883
f 1315/2287/967 1324/1040/976 1325/1041/977 1326/1042/978
f 1316/2288/965 1315/2287/967 1326/1042/978 1328/1044/980
f 1330/1045/981 820/2136/1892 1306/2289/1964 1329/2290/1969
f 1329/2291/1969 1306/2277/1964 1309/2279/1966
f 1329/2291/1969 1309/2279/1966 1311/2280/966
f 819/2135/1891 1307/2292/963 1306/2289/1964 820/2136/1892
f 820/2136/1892 1330/1045/981 1332/1047/983 821/2137/1893
f 1331/1046/982 1330/1045/981 1329/2290/1969 1328/2293/980
f 1336/2294/1970 1333/2295/984 1334/2296/985 1335/2297/1971
f 1332/1047/983 1331/1046/982 1345/2298/1972
f 1332/1047/983 1333/2299/984 821/2137/1893
f 830/1876/1708 821/2137/1893 1336/2300/1970 1337/2301/1973
f 1333/2299/984 1336/2300/1970 821/2137/1893
f 1336/2294/1970 1335/2297/1971 1337/2302/1973
f 177/2303/1974 176/2304/1975 1341/1059/991 1340/2305/1976
f 1339/2306/1719 1338/2307/1720 1353/1058/990
f 1340/2305/1976 1341/1059/991 422/1060/992
f 1340/2305/1976 1339/2306/1719 178/1057/989
f 1341/1059/991 400/1911/1735 442/320/297
f 400/1911/1735 1341/1059/991 176/2304/1975 175/2028/1812
f 1342/2308/1977 1343/2309/1978 185/2310/1979 184/2311/1980
f 401/2030/1813 187/2031/1814 185/2310/1979 1343/2309/1978
f 1345/2312/1972 1346/2313/987 1342/2308/1977 1344/2314/1981
f 2070/1926/1747 1343/2309/1978 1342/2308/1977 1346/2313/987
f 1347/1907/1731 1348/1051/986 1325/1053/977 1323/2250/883
f 1346/1054/987 1345/2298/1972 1331/1046/982
f 1346/2315/987 1347/1907/1731 2070/2029/1747
f 1347/1907/1731 1346/2315/987 1348/1051/986
f 1328/2293/980 1327/2316/979 1348/1055/986 1331/1046/982
f 1332/1049/983 1345/2312/1972 1344/2314/1981 1349/2317/1982
f 1334/1050/985 1332/1049/983 1349/2317/1982 1350/2318/1983
f 1335/2297/1971 1334/2296/985 1350/2319/1983 1351/2320/1984
f 1337/2302/1973 1335/2297/1971 1351/2320/1984 1352/2321/1985
f 1337/2302/1973 1352/2321/1985 1353/1058/990 1338/2307/1720
f 181/1056/988 1353/1058/990 1352/2321/1985 179/2322/1986
f 1353/1058/990 178/1057/989 1339/2306/1719
f 180/2323/1987 179/2322/1986 1352/2321/1985 1351/2320/1984
f 178/1057/989 177/2303/1974 1340/2305/1976
f 182/2324/1988 180/2323/1987 1351/2320/1984 1350/2319/1983
f 186/2325/1989 182/2326/1988 1350/2318/1983 1349/2317/1982
f 188/2327/1990 186/2325/1989 1349/2317/1982 1344/2314/1981
f 184/2311/1980 188/2327/1990 1344/2314/1981 1342/2308/1977
f 1340/2305/1976 422/1060/992 1354/2328/1991 1339/2306/1719
f 421/2036/1817 1355/2329/993 1354/2330/1991 422/2035/992
f 1339/1891/1719 1354/2331/1991 1355/1061/993 1357/1063/995
f 829/1069/1001 1360/1066/998 1359/1065/997 1361/1067/999
f 1356/1062/994 1360/1066/998 1357/1063/995
f 1360/1066/998 1356/1062/994 1358/1064/996
f 1365/2141/1897 1363/1068/1000 1362/2332/1065 1429/2333/1062
f 1361/1067/999 1362/2332/1065 1363/1068/1000
f 1368/1071/1003 1369/1070/1002 1365/2141/1897 1367/2334/1992
f 1429/2333/1062 1364/2335/1993 1365/2141/1897
f 1365/2141/1897 1366/2336/1994 1367/2334/1992
f 818/2134/1890 827/2139/1895 1369/1070/1002 1370/1072/1004
f 1369/1070/1002 827/2139/1895 1365/2141/1897
f 819/2135/1891 818/2134/1890 1370/1072/1004 1305/2276/961
f 1370/1072/1004 1368/1071/1003 1305/2276/961
f 801/2125/1886 1305/2276/961 1368/1071/1003 1372/1075/1007
f 1375/1078/1010 801/2125/1886 1372/1075/1007 1373/1074/1006
f 1368/1071/1003 1371/1073/1005 1372/1075/1007
f 1378/2337/1995 1380/1083/1015 1376/1077/1009 1377/2338/1996
f 1373/1074/1006 1374/1076/1008 1375/1078/1010
f 725/1079/1011 724/1898/1724 1375/1078/1010
f 1376/1077/1009 1383/2339/1997 1377/2338/1996
f 725/1079/1011 1376/1077/1009 1380/1083/1015 658/1888/1716
f 1382/1081/1013 1379/1080/1012 1378/2337/1995 1381/420/395
f 1380/1083/1015 1378/2337/1995 1379/1080/1012
f 613/421/396 1381/420/395 1384/2340/1998 1386/1085/1017
f 612/419/394 456/1736/1603 1382/1081/1013
f 1381/420/395 1378/2337/1995 1377/2338/1996
f 1377/2338/1996 1384/2340/1998 1381/420/395
f 1384/2340/1998 1377/2338/1996 1383/2339/1997
f 1386/1085/1017 699/466/439 605/1087/1019 604/2090/1857
f 1384/2340/1998 1385/1084/1016 1386/1085/1017
f 416/1097/1029 415/1094/1026 1393/1093/1025 1392/1092/1024
f 1388/1088/1020 749/2116/1878 1389/1089/1021
f 1393/1093/1025 454/1095/1027 605/1087/1019
f 1391/1091/1023 1390/1090/1022 1395/1098/1030 1392/1092/1024
f 1392/1092/1024 1395/1098/1030 1394/1096/1028
f 1397/1100/589 1395/1098/1030 1390/1090/1022 900/2341/593
f 900/2341/593 1390/1090/1022 1389/1089/1021 906/2156/595
f 1396/1099/1031 1395/1098/1030 1397/1100/589 895/1102/1032
f 892/2155/583 891/1104/1034 1394/1096/1028 894/1103/1033
f 1398/2114/1876 720/478/451 1385/1084/1016 1384/2340/1998
f 749/2116/1878 907/625/596 1389/1089/1021
f 1388/1088/1020 748/490/463 749/2116/1878
f 1399/1268/1177 1398/2114/1876 1384/2340/1998 1383/2339/1997
f 1385/1084/1016 720/478/451 699/466/439
f 1398/2114/1876 1399/1268/1177 1400/1107/1037
f 1400/1107/1037 1402/1106/1036 1398/2114/1876
f 1403/1110/1040 1402/1106/1036 1404/1271/1180 1406/1108/1038
f 1402/1106/1036 1401/1105/1035 1404/1271/1180
f 1410/1114/1044 1407/1111/1041 1406/1108/1038 1408/2342/1999
f 1406/1108/1038 1404/1271/1180 769/1270/1179
f 1407/1111/1041 1410/1114/1044 744/495/468 765/1784/1646
f 585/1787/1649 744/495/468 1410/1114/1044 1411/1113/1043
f 586/2084/1852 1411/1113/1043 1409/1112/1042 1415/1116/1046
f 1419/1121/1051 1417/1118/1048 1416/2343/2000 1418/1119/1049
f 1409/1112/1042 1412/2344/2001 1413/1115/1045
f 1413/1115/1045 1416/2343/2000 1417/1118/1048
f 1421/2146/1902 861/2147/1903 1419/1121/1051 1420/1120/1050
f 1417/1118/1048 1419/1121/1051 861/2147/1903
f 1423/2345/2002 1421/2146/1902 1420/1120/1050 1422/2346/2003
f 1421/2146/1902 857/1893/1721 861/2147/1903
f 1565/1266/1175 1424/1124/1054 858/1127/1057 1423/2345/2002
f 1423/2345/2002 858/1127/1057 1421/2146/1902
f 1366/2336/1994 1427/1125/1055 1426/1123/1053 1367/2334/1992
f 1425/1122/1052 1424/1124/1054 1371/1073/1005
f 1371/1073/1005 1368/1071/1003 1425/1122/1052
f 1424/1124/1054 1426/1123/1053 1427/1125/1055 858/1127/1057
f 1367/2334/1992 1426/1123/1053 1425/1122/1052 1368/1071/1003
f 852/568/541 1427/2347/1055 1366/2348/1994 1428/2349/2004
f 850/567/540 859/2350/1056 1427/2347/1055 852/568/541
f 852/568/541 1428/2349/2004 1430/1132/1058 853/565/538
f 1428/2349/2004 1429/1133/1062 1430/1132/1058
f 1364/2351/1993 1429/1133/1062 1428/2349/2004 1366/2348/1994
f 853/2352/538 1430/1128/1058 1432/1130/1060 864/574/547
f 879/2149/1905 878/575/548 1432/1130/1060 1431/1129/1059
f 1434/2353/2005 879/2149/1905 1431/1129/1059 1433/1131/1061
f 1361/2354/999 1359/2355/997 1438/1137/1066 1436/1135/1064
f 1430/1128/1058 1435/2356/1063 1433/1131/1061
f 1435/1134/1063 1429/1133/1062 1362/1136/1065
f 1362/1136/1065 1361/2354/999 1436/1135/1064
f 1437/1138/1067 1438/1137/1066 1359/2355/997 1358/2357/996
f 1437/1138/1067 1440/2358/2006 1441/1141/1070 1445/1146/1074
f 1437/1138/1067 1358/2357/996 1440/2358/2006
f 1355/1061/993 1440/2359/2006 1358/1064/996 1356/1062/994
f 421/2036/1817 1441/2360/1070 1440/2361/2006 1355/2329/993
f 1443/1144/1071 1441/2360/1070 421/2036/1817 1442/1143/1072
f 1561/2362/1169 573/1145/1073 1444/1140/1069 1443/1142/1071
f 1444/1140/1069 1445/1146/1074 1441/1141/1070
f 1446/1265/1174 1447/2363/2007 1439/2364/1068 1445/1264/1074
f 1445/1146/1074 1439/1139/1068 1437/1138/1067
f 1450/2365/2008 1447/2363/2007 1448/2366/2009 1449/2367/2010
f 1438/2368/1066 1439/2364/1068 1447/2363/2007 1450/2365/2008
f 1452/2369/2011 1450/2365/2008 1449/2367/2010 1451/1147/1075
f 1438/2368/1066 1450/2365/2008 1452/2369/2011 1436/2370/1064
f 1434/2353/2005 1452/2369/2011 1451/1147/1075 876/1149/1077
f 1452/2369/2011 1435/2356/1063 1436/2370/1064
f 1433/1131/1061 1435/2356/1063 1452/2369/2011 1434/2353/2005
f 1459/1156/1084 1458/1151/1079 1448/2366/2009 1460/2080/1850
f 1454/591/564 1453/1148/1076 869/580/553
f 1451/1147/1075 1449/2367/2010 1453/1148/1076
f 1455/1150/1078 1457/1152/1080 1456/581/554
f 1453/1148/1076 1449/2367/2010 1455/1150/1078
f 1449/2367/2010 1448/2366/2009 1455/1150/1078
f 1458/1151/1079 1455/1150/1078 1448/2366/2009
f 1447/2363/2007 1446/1265/1174 1460/2080/1850 1448/2366/2009
f 1460/2080/1850 1461/1153/1081 1459/1156/1084
f 1464/2371/2012 1465/2372/2013 1463/1155/1083 1462/1154/1082
f 1446/1265/1174 573/1255/1073 1460/2080/1850
f 1461/1153/1081 1463/1155/1083 1459/1156/1084
f 1461/1153/1081 1460/2080/1850 574/1254/1168
f 1466/1157/1085 1459/1156/1084 1463/1155/1083 1465/2372/2013
f 1468/1250/1164 1466/1157/1085 1465/2372/2013 1467/1251/1165
f 1469/1158/1086 1458/1151/1079 1466/1157/1085 1468/1250/1164
f 1471/1159/1087 1469/1158/1086 1468/1250/1164 1470/1252/1166
f 1457/1152/1080 1458/1151/1079 1469/1158/1086 1472/1160/1088
f 1457/1152/1080 1472/1160/1088 854/2144/1900 1456/581/554
f 1471/1159/1087 854/2144/1900 1472/1160/1088
f 1473/2145/1901 854/2144/1900 1471/1159/1087 1474/1225/1145
f 1517/1202/1124 1480/589/562 1479/593/566 1478/1164/1092
f 1473/2145/1901 1474/1225/1145 880/1162/1090
f 880/1162/1090 855/569/542 1473/2145/1901
f 880/1162/1090 1477/570/543 855/569/542
f 880/1162/1090 1518/2150/1906 1475/1161/1089
f 1477/570/543 867/579/552 856/571/544
f 865/576/549 1480/589/562 1517/1202/1124 1481/1165/1093
f 1485/1181/1104 1482/577/550 1481/1165/1093 1483/1183/1106
f 862/572/545 1482/577/550 1487/1177/1101 863/573/546
f 1483/1183/1106 1484/1182/1105 1485/1181/1104
f 1485/1181/1104 1487/1177/1101 1482/577/550
f 1487/1177/1101 1485/1181/1104 1486/1178/1102
f 1487/1177/1101 1489/1168/1095 863/573/546
f 1488/1179/1103 710/1166/444 1489/1168/1095 1487/1177/1101
f 863/573/546 1489/1168/1095 1490/1167/1094 853/2352/538
f 851/566/539 1491/1169/1096 1414/1171/1047 860/2373/1722
f 1490/1866/1094 1494/1176/1100 1491/1169/1096
f 1490/1866/1094 1491/1169/1096 853/565/538
f 1494/1176/1100 1493/1170/1097 1491/1169/1096
f 584/2085/1853 587/1173/1098 1493/1172/1097 517/2374/572
f 1414/1117/1047 1493/1172/1097 1415/1116/1046
f 1414/1117/1047 1417/1118/1048 860/1894/1722
f 663/469/442 670/2102/1865 1488/2375/1103 1486/1180/1102
f 710/471/444 1488/2375/1103 670/2102/1865 667/472/445
f 804/2130/508 1495/1184/1107 1496/2376/1109 805/2377/1111
f 1486/1178/1102 1484/1182/1105 704/2131/507
f 1495/1184/1107 804/2130/508 1484/1182/1105
f 1498/1190/1112 805/1189/1111 1496/1187/1109 1497/1186/1108
f 1500/1191/1113 1498/1190/1112 1497/1186/1108 1499/2378/2014
f 1501/449/424 1502/1188/1110 1498/1190/1112 1500/1191/1113
f 805/1189/1111 1502/1188/1110 682/448/423 723/1811/454
f 1505/1193/1115 688/2108/1871 1503/1192/1114 1504/2379/2015
f 1501/449/424 1503/1192/1114 688/2108/1871
f 1507/1194/1116 1505/1193/1115 1504/2379/2015 1506/1197/1119
f 688/2108/1871 1505/1193/1115 606/1195/1117 687/451/426
f 556/397/372 1508/2380/2016 1507/1194/1116 554/395/370
f 606/1195/1117 1507/1194/1116 1508/2380/2016
f 492/1799/1658 490/2381/1833 1508/2380/2016 556/397/372
f 606/1195/1117 1508/2380/2016 490/2381/1833 602/2088/1855
f 554/395/370 1507/1194/1116 1506/1197/1119 615/422/397
f 1503/1192/1114 1509/1196/1118 1506/1197/1119 1504/2379/2015
f 1514/2382/2017 1513/1200/1122 1511/1199/1121 1499/2378/2014
f 1509/1196/1118 1510/1213/1134 615/422/397
f 1515/1224/1123 1514/2382/2017 1499/2378/2014 1497/1186/1108
f 1516/1203/1125 1517/1202/1124 1518/2150/1906 1519/1877/1126
f 1516/1206/1125 1525/1209/1130 1514/2382/2017
f 1514/2382/2017 1515/1224/1123 1516/1206/1125
f 1475/1161/1089 1518/2150/1906 1517/1202/1124 1478/1164/1092
f 1523/2383/2018 1521/1205/1127 1520/2384/2019 1522/1222/1143
f 1478/1164/1092 1476/1163/1091 1475/1161/1089
f 1517/1202/1124 1515/1201/1123 1481/1165/1093
f 1519/1204/1126 1520/2384/2019 1521/1205/1127
f 1521/1205/1127 1523/2383/2018 1525/1209/1130 1516/1206/1125
f 1523/2383/2018 1524/1207/1128 1525/1209/1130
f 1528/1212/1133 1512/1198/1120 1526/1208/1129 706/1211/1132
f 1513/1200/1122 1514/2382/2017 1525/1209/1130
f 1510/1213/1134 1509/1196/1118 1528/1212/1133 706/1211/1132
f 1510/1213/1134 617/1214/1135 616/423/398 615/422/397
f 1510/1213/1134 632/462/435 617/1214/1135
f 1524/1207/1128 1529/1217/1138 1527/1210/1131 1526/1208/1129
f 1529/1217/1138 707/1219/1140 1527/1210/1131
f 1534/1929/1749 1531/1223/1144 1522/1222/1143 1533/2385/559
f 1529/1217/1138 1524/1207/1128 1530/1220/1141
f 1530/1220/1141 1524/1207/1128 1522/1222/1143
f 1524/1207/1128 1523/2383/2018 1522/1222/1143
f 1522/1222/1143 1520/2384/2019 1533/2385/559
f 1530/1220/1141 1532/1221/1142 695/461/434 694/460/433
f 1534/1929/1749 1533/2385/559 1535/2386/558
f 1499/2378/2014 1511/1199/1121 1503/1192/1114 1500/1191/1113
f 1515/1201/1123 1495/1184/1107 1483/1183/1106
f 1539/1774/1636 1537/1228/1148 1535/585/558 1474/1225/1145
f 1474/1225/1145 1535/585/558 871/584/557
f 1535/2386/558 1536/1839/1689 1534/1929/1749
f 1537/1228/1148 1538/1227/1147 1535/585/558
f 717/477/450 785/1928/1748 1543/1236/1154 1544/1235/1153
f 1540/1230/1149 784/1233/1151 1538/1231/1147
f 1542/1234/1152 785/1928/1748 1541/1232/1150
f 1542/1234/1152 1543/1236/1154 785/1928/1748
f 1545/2387/2020 1544/1235/1153 476/340/317 473/339/316
f 785/1928/1748 717/477/450 716/475/448
f 1547/1237/1155 476/340/317 1544/1235/1153
f 1546/1807/1664 719/476/449 1544/1235/1153 1545/2387/2020
f 1548/1238/1156 1547/1237/1155 1543/1236/1154 1542/1234/1152
f 1549/1240/1158 627/2050/1828 1547/1237/1155 1548/1238/1156
f 679/445/420 1554/1246/1161 712/1248/1163 680/446/421
f 1549/1240/1158 1550/1239/1157 1551/1244/1159
f 1550/2388/1157 1553/1247/1162 1554/1246/1161
f 712/1248/1163 1553/1247/1162 750/502/475 714/2111/1873
f 1553/1247/1162 1555/503/476 750/502/475
f 814/544/517 1471/1159/1087 1470/1252/1166 713/545/518
f 1553/1247/1162 1550/2388/1157 1555/503/476
f 1555/1249/476 1548/1238/1156 1540/1230/1149
f 642/1253/1167 713/545/518 1470/1252/1166 1467/1251/1165
f 660/2100/1864 1467/1251/1165 1465/2372/2013 1464/2371/2012
f 1467/1251/1165 660/2100/1864 643/440/415
f 661/1815/1667 660/2100/1864 1464/2371/2012 1556/2389/2021
f 1556/2389/2021 1464/2371/2012 1462/1154/1082 1557/2390/2022
f 668/442/417 1556/2389/2021 1557/2390/2022 1560/2391/2023
f 1461/1153/1081 1558/2392/2024 1557/2390/2022 1462/1154/1082
f 1560/2391/2023 1557/2390/2022 1558/2392/2024 1559/2393/2025
f 1561/1256/1169 1559/2393/2025 1558/2392/2024 574/1254/1168
f 1563/2394/1171 1560/2395/2023 1562/1263/1173 413/1262/1170
f 1564/2396/2026 1562/1263/1173 1560/2395/2023 1559/2397/2025
f 1563/1260/1171 668/442/417 1560/2391/2023
f 1443/1142/1071 1564/2396/2026 1559/2397/2025 1561/2362/1169
f 879/2149/1905 1434/2353/2005 876/1149/1077 875/590/563
f 1558/2392/2024 1461/1153/1081 574/1254/1168
f 668/442/417 661/1815/1667 1556/2389/2021
f 1456/581/554 854/2144/1900 856/571/544
f 1374/1076/1008 1399/1268/1177 1383/2339/1997 1376/1077/1009
f 1366/2336/1994 1365/2141/1897 1364/2335/1993
f 1424/1124/1054 1565/1266/1175 1371/1073/1005
f 1423/2345/2002 1422/2346/2003 1565/1266/1175
f 1566/1267/1176 1400/1107/1037 1399/1268/1177
f 1400/1107/1037 1566/1267/1176 1565/1266/1175 1401/1105/1035
f 1567/1269/1178 1401/1105/1035 1565/1266/1175 1422/2346/2003
f 771/2122/1883 1567/1269/1178 1422/2346/2003 1420/1120/1050
f 771/2122/1883 1418/1119/1049 1416/2343/2000 770/2123/1884
f 1567/1269/1178 771/2122/1883 769/1270/1179
f 1420/1120/1050 1418/1119/1049 771/2122/1883
f 1412/2344/2001 770/2123/1884 1416/2343/2000 1413/1115/1045
f 1408/2342/1999 1412/2344/2001 1409/1112/1042 1410/1114/1044
f 1415/1116/1046 587/1173/1098 586/2084/1852
f 768/2121/1882 770/2123/1884 1412/2344/2001 1408/2342/1999
f 769/1270/1179 768/2121/1882 1408/2342/1999 1406/1108/1038
f 1411/1113/1043 586/2084/1852 585/1787/1649
f 909/626/597 735/489/462 1568/1272/1181 1569/1273/1182
f 1405/1109/1039 1568/1272/1181 735/489/462
f 735/489/462 736/491/464 1405/1109/1039
f 1571/1274/599 1569/1273/1182 764/2118/1880 1570/2398/601
f 1568/1272/1181 764/2118/1880 1569/1273/1182
f 1576/638/607 914/637/606 1574/2399/1345 1575/1277/1185
f 764/2118/1880 1568/1272/1181 1407/1111/1041
f 764/2118/1880 767/2119/1183 1570/2398/601
f 767/1275/1183 1572/1732/1344 1573/1276/1184
f 1573/1276/1184 1574/2399/1345 914/637/606
f 918/639/608 1579/1280/1188 1581/2159/1909 919/2157/1907
f 1576/638/607 1577/1278/1186 1578/1279/1187
f 1580/2400/2027 1579/1280/1188 1578/1279/1187 1741/1464/1352
f 920/1281/1189 1581/2159/1909 1580/2400/2027 1743/1466/1354
f 1579/1280/1188 1580/2400/2027 1581/2159/1909
f 1743/1466/1354 1583/642/611 1582/641/610 920/1281/1189
f 939/2164/1913 1591/1292/1198 1590/1302/1206 1592/2401/2028
f 1584/1469/1357 1749/1470/1358 1585/2402/2029
f 1585/2402/2029 923/645/614 1584/1469/1357
f 924/1284/615 923/645/614 1585/2402/2029
f 1585/2402/2029 1750/1282/1190 924/1284/615
f 1587/2403/1911 925/2404/616 924/1284/615
f 924/1284/615 1588/1285/1192 1587/2403/1911
f 1587/2162/1911 1588/1286/1192 928/1288/1194
f 928/1288/1194 1602/1287/1193 1589/1289/1195
f 1589/1289/1195 1601/1291/1197 931/1293/1199
f 1591/1292/1198 933/1294/1200 931/1293/1199
f 938/2163/1912 935/651/620 1591/1292/1198 939/2164/1913
f 940/653/622 939/2164/1913 1592/2401/2028 1593/2405/2030
f 1124/1299/1205 1123/2166/1915 1595/1296/1202 1597/1297/1203
f 1593/2405/2030 1594/1295/1201 940/653/622
f 946/659/628 944/656/625 1122/2224/1942 1121/1749/1616
f 1123/2166/1915 1122/2224/1942 944/656/625
f 1598/2406/2031 1596/2407/794 1595/1296/1202 1594/1295/1201
f 1122/2224/1942 1119/829/784 1121/1749/1616
f 1595/1296/1202 1596/2407/794 1597/1297/1203
f 1593/2405/2030 1599/2408/799 1598/2406/2031 1594/1295/1201
f 1598/2409/2031 1131/845/797 1596/842/794
f 1605/1306/1208 1134/850/801 1600/1305/1207 1601/2410/1197
f 1598/2409/2031 1599/2227/799 1131/845/797
f 1599/2408/799 1593/2405/2030 1592/2401/2028
f 1599/2408/799 1592/2401/2028 1590/1302/1206
f 1599/847/799 1590/1304/1206 1133/848/800
f 1603/1475/1363 1605/1306/1208 1601/2410/1197 1602/1476/1193
f 1134/850/801 1605/1306/1208 1606/1308/1210 1608/1310/1212
f 1605/1306/1208 1603/1475/1363 1604/1307/1209
f 1137/1316/1218 1136/2228/803 1611/1318/1215 1168/1314/1216
f 1608/1310/1212 1609/1311/1213 1611/1313/1215
f 1608/1310/1212 1611/1313/1215 1136/852/803
f 1168/1314/1216 1167/884/832 1166/1317/1219
f 1615/2411/2032 1616/1328/1226 1171/1325/835 1614/1322/1222
f 1173/2412/836 1171/1325/835 1616/1328/1226 1174/2413/837
f 1761/1521/1372 1762/1326/1225 1616/1328/1226 1615/2411/2032
f 1616/1328/1226 1617/1327/838 1174/2413/837
f 565/893/841 1619/892/840 1620/1331/1228 1621/2074/1230
f 1617/890/838 1619/892/840 1175/891/839
f 1626/1338/1234 1625/1337/1233 1627/1340/1236 1629/1341/1237
f 1621/1334/1230 1622/1333/1229 1767/1492/1378
f 1621/2074/1230 1767/2414/1378 564/406/381
f 1767/2414/1378 1768/1335/1231 564/406/381
f 1768/2415/1231 1770/1495/1381 1623/2416/1232
f 1623/1336/1232 1771/1496/1380 1625/1337/1233
f 1775/1501/1385 1631/1345/1241 1630/1343/1239 1629/1341/1237
f 1629/1341/1237 1630/1343/1239 1628/1342/1238
f 1181/899/847 1630/1343/1239 1631/1345/1241 1184/1347/1243
f 1633/1506/1390 1634/1346/1242 1632/1504/1388 1776/1503/1387
f 1631/1345/1241 1632/1504/1388 1634/1346/1242
f 1185/905/853 1633/1506/1390 1778/1507/1391 1635/2235/1946
f 1185/905/853 1184/1347/1243 1634/1346/1242
f 1634/1346/1242 1633/1506/1390 1185/905/853
f 1814/1534/1416 1638/1352/1248 1637/1350/1246 1811/1349/1245
f 1635/2235/1946 1187/906/854 1185/905/853
f 1635/2235/1946 1778/1507/1391 1636/1348/1244
f 1636/1348/1244 319/1384/1278 1635/2235/1946
f 1779/2417/2033 1639/1353/1249 1638/1352/1248 1814/1534/1416
f 1642/1978/1775 213/1355/1251 1641/1354/1250 1781/2418/2034
f 1639/1353/1249 1640/1351/1247 1638/1352/1248
f 1641/1354/1250 213/1355/1251 1640/1351/1247
f 1643/1980/1777 1642/1978/1775 1781/2418/2034 1783/1508/1392
f 1645/1358/1254 1646/2419/2035 1647/2420/1792 230/1879/1710
f 1643/1980/1777 223/1977/1774 1642/1978/1775
f 1643/1980/1777 1783/1508/1392 1784/1510/1394
f 1643/1980/1777 1784/1510/1394 1785/1356/1252
f 1785/1356/1252 229/1359/1255 1643/1980/1777
f 1645/1358/1254 1644/1357/1253 261/1990/1787
f 1645/1358/1254 261/1990/1787 1646/2419/2035
f 1648/2421/1220 1647/2420/1792 1646/2419/2035 1754/1480/1367
f 1646/2419/2035 261/1990/1787 259/1478/1365
f 296/1362/1258 1650/1361/1257 1652/1364/1260 297/1998/1793
f 1647/1996/1792 1648/1320/1220 1649/1360/1256
f 1649/1360/1256 1610/1312/1214 1609/1311/1213
f 1654/1365/1261 1652/1364/1260 1651/1363/1259 1653/1473/1361
f 1655/1367/1263 297/1998/1793 1652/1364/1260 1654/1365/1261
f 1657/1370/1266 1655/1367/1263 1656/1366/1262 1753/1368/1264
f 298/1997/1709 297/1998/1793 1655/1367/1263 1657/1370/1266
f 1659/1372/1268 298/1997/1709 1657/1370/1266 1658/1369/1265
f 1663/1377/1270 1661/2422/1269 1660/1371/1267 1662/220/202
f 1666/1380/1274 1665/1379/1273 220/193/175 219/192/174
f 1663/1374/1270 1664/1378/1272 1665/1379/1273
f 1665/1379/1273 225/1974/1773 1663/1374/1270
f 1668/2423/2036 1669/2424/2037 1667/1381/1275 1666/1380/1274
f 216/1973/1772 225/1974/1773 1670/2425/2038 210/1971/1770
f 1669/2424/2037 225/1974/1773 1667/1381/1275
f 1669/2424/2037 1670/2425/2038 225/1974/1773
f 210/1971/1770 1670/2425/2038 1671/1398/1292 1672/1982/1779
f 1670/2425/2038 1669/2424/2037 1671/1398/1292
f 231/1981/1778 1673/2426/2039 1674/1382/1276 1675/246/228
f 1672/1982/1779 211/195/177 210/1971/1770
f 1672/1982/1779 224/196/178 211/195/177
f 1672/1982/1779 1671/1398/1292 1673/2426/2039
f 1673/2426/2039 231/1981/1778 1672/1982/1779
f 1635/2235/1946 319/1384/1278 1676/1383/1277 1188/909/857
f 1675/246/228 232/198/180 231/1981/1778
f 1676/1383/1277 314/245/227 1675/246/228
f 1674/1382/1276 1190/910/858 1676/1383/1277
f 1677/1747/1614 1192/912/860 1674/1382/1276 1673/2426/2039
f 1671/1398/1292 1678/1397/1291 1677/1747/1614 1673/2426/2039
f 1193/913/861 1677/1747/1614 1678/1397/1291 1194/2427/1948
f 1679/1399/1293 1680/2428/1279 1194/2427/1948 1678/1397/1291
f 1195/2236/1947 1194/2238/1948 1680/1385/1279 1196/917/864
f 1197/915/862 1682/1387/1281 1684/1389/1283 1685/1391/1285
f 1205/2243/1951 1199/1390/1284 1685/1391/1285 201/179/163
f 1682/1387/1281 1197/915/862 1196/917/864
f 1666/1380/1274 1689/2429/1289 1681/2430/1280 1668/2423/2036
f 1686/1394/1288 1683/1388/1282 1687/1392/1286
f 1683/1388/1282 1686/1394/1288 1684/1389/1283
f 1683/1388/1282 1681/1386/1280 1689/1395/1289
f 219/192/174 218/1975/1290 1689/2429/1289 1666/1380/1274
f 1681/1386/1280 1683/1388/1282 1682/1387/1281
f 1681/2430/1280 1669/2424/2037 1668/2423/2036
f 1687/1392/1286 1689/1395/1289 218/1396/1290 1688/1393/1287
f 1669/2424/2037 1681/2430/1280 1680/2428/1279 1679/1399/1293
f 1688/1393/1287 203/181/165 1690/1913/1737
f 222/1400/1294 1664/1376/1272 1691/1402/1295 1692/1403/1296
f 1679/1399/1293 1671/1398/1292 1669/2424/2037
f 1700/1412/1305 197/1415/1308 1699/1769/1632 1698/1410/1303
f 1691/1402/1295 268/219/201 1692/1403/1296
f 1694/1405/1298 1693/1404/1297 1695/1406/1299
f 1695/1406/1299 221/1409/1302 1694/1405/1298
f 1697/1768/1301 1696/2431/1300 1698/1410/1303
f 1697/1768/1301 1698/1410/1303 1699/1769/1632
f 1210/2244/1952 1207/1416/1309 1702/1414/1307 1704/1413/1306
f 1700/1412/1305 1701/1411/1304 197/1415/1308
f 1210/2244/1952 1704/1413/1306 1708/1419/1312 1211/926/872
f 1702/1414/1307 1703/1417/1310 198/1771/1633
f 1210/2244/1952 1208/2240/1950 1207/1416/1309
f 1704/1413/1306 1705/1435/1327 1706/1418/1311
f 1212/927/873 1708/1419/1312 1709/1421/1314 1204/924/871
f 1708/1419/1312 1706/1418/1311 1707/1420/1313
f 1708/1419/1312 1212/927/873 1211/926/872
f 1204/924/871 1709/1421/1314 1711/1422/1315 1213/928/874
f 382/2021/1806 1215/187/171 1711/1422/1315 379/1424/1317
f 1707/1420/1313 1710/1423/1316 1711/1422/1315
f 1710/1423/1316 1712/1425/1318 413/1426/1170 380/2019/1172
f 1710/1423/1316 1707/1420/1313 1712/1425/1318
f 1714/1428/1320 443/324/301 1712/1425/1318 1713/1427/1319
f 1719/1440/1332 1716/1429/1321 1714/1428/1320 1718/1431/1323
f 1707/1420/1313 1706/1418/1311 1713/1427/1319
f 1718/1431/1323 1714/1428/1320 1713/1427/1319 1717/1432/1324
f 1727/1441/1333 1719/1440/1332 1718/1431/1323 1722/1433/1325
f 1717/1432/1324 1713/1427/1319 1706/1418/1311
f 1706/1418/1311 1705/1435/1327 1717/1432/1324
f 1701/1411/1304 1720/1434/1326 1717/1432/1324 1705/1435/1327
f 1720/1434/1326 1698/1410/1303 1696/2431/1300 1723/2432/2040
f 1720/1434/1326 1721/2433/2041 1722/1433/1325
f 1720/1434/1326 1701/1411/1304 1698/1410/1303
f 389/1438/1330 388/2024/1809 1723/2434/2040 1724/1436/1328
f 1721/2433/2041 1720/1434/1326 1723/2432/2040 388/2435/1809
f 1727/1441/1333 1722/1433/1325 1721/2433/2041 1726/1454/1343
f 1723/2434/2040 1696/1407/1300 1724/1436/1328
f 1693/1404/1297 362/274/254 1724/1436/1328
f 1724/1436/1328 1695/1406/1299 1693/1404/1297
f 460/1444/1336 1732/1443/1335 448/2045/1823 458/331/308
f 1728/1451/1341 1731/1439/1331 1727/1441/1333
f 1731/1439/1331 1728/1451/1341 1729/1448/1340
f 1729/1448/1340 1730/1442/1334 1731/1439/1331
f 1731/1439/1331 1732/1443/1335 1719/1440/1332
f 1730/1442/1334 448/2045/1823 1732/1443/1335
f 1733/1450/1337 1734/2436/2042 1730/1442/1334 1729/1448/1340
f 1732/1443/1335 460/1444/1336 1716/1429/1321
f 742/1447/1339 1735/2437/2043 1734/2438/2042 1733/1445/1337
f 1734/2436/2042 449/328/305 1730/1442/1334
f 449/2439/305 1734/2438/2042 1735/2437/2043 451/372/306
f 741/497/470 740/496/469 1735/2437/2043 742/1447/1339
f 1574/2440/1345 1736/1449/1338 1729/1448/1340 1575/1452/1185
f 1735/2437/2043 740/496/469 451/372/306
f 387/1731/1601 1577/1278/1186 1737/1455/1342 1726/2025/1343
f 443/324/301 1715/1430/1322 460/1444/1336 444/322/299
f 1574/1457/1345 1573/2441/1184 1572/1456/1344
f 1572/1456/1344 766/1458/1346 1736/1446/1338
f 1726/1454/1343 1721/2433/2041 388/2435/1809
f 1705/1435/1327 1704/1413/1306 197/1415/1308
f 1740/1461/1349 1739/1460/1348 1745/1467/1355 1742/1463/1351
f 1662/220/202 1660/1371/1267 1738/1459/1347
f 1658/1369/1265 1745/1467/1355 1739/1460/1348
f 385/2023/1808 363/275/255 1740/1461/1349 386/1462/1350
f 387/1731/1601 386/1462/1350 1741/1464/1352 1578/1279/1187
f 1583/642/611 1743/1466/1354 1744/1465/1353 1584/1469/1357
f 1743/1466/1354 1580/2400/2027 1741/1464/1352
f 1741/1464/1352 1742/1463/1351 1743/1466/1354
f 1603/1475/1363 1752/1474/1362 1751/1477/1364 1604/1307/1209
f 1746/1468/1356 1748/1472/1360 1749/1470/1358
f 1749/1470/1358 1654/1365/1261 1750/1282/1190
f 1750/1282/1190 1585/2402/2029 1749/1470/1358
f 1750/1282/1190 1653/1473/1361 1752/1474/1362
f 1653/1473/1361 1751/1477/1364 1752/1474/1362
f 1604/1307/1209 1751/1477/1364 1651/1363/1259 1606/1308/1210
f 1656/1366/1262 1654/1365/1261 1748/1472/1360 1747/1471/1359
f 1753/1368/1264 1747/1471/1359 1746/1468/1356 1745/1467/1355
f 1615/2411/2032 1758/1484/1371 1759/1518/1402 1761/1521/1372
f 1745/1467/1355 1744/1465/1353 1742/1463/1351
f 386/1462/1350 1740/1461/1349 1742/1463/1351
f 1650/1361/1257 1609/1311/1213 1607/1309/1211
f 1754/1480/1367 1613/1324/1224 1648/2421/1220
f 1646/2419/2035 259/1478/1365 1754/1480/1367
f 1754/1480/1367 1614/1322/1222 1613/1324/1224
f 259/1478/1365 262/1481/1368 1755/1479/1366
f 262/1481/1368 1756/1483/1370 1757/1482/1369
f 1757/1482/1369 1615/2411/2032 1614/1322/1222
f 1757/1482/1369 1758/1484/1371 1615/2411/2032
f 1618/2442/1227 1762/1485/1225 1763/1487/1373 1764/1489/1375
f 1761/1521/1372 1759/1518/1402 1760/1517/1401
f 1618/2442/1227 1764/1489/1375 1622/1333/1229 1620/1332/1228
f 1770/1495/1381 1768/2415/1231 1767/1492/1378 1766/1491/1377
f 1763/1487/1373 1794/1524/1406 1796/1488/1374
f 1764/1489/1375 1796/1488/1374 1765/1490/1376
f 1773/1500/1384 1772/1339/1235 1805/2443/1383 1806/1528/1410
f 1771/1494/1380 1623/2416/1232 1770/1495/1381
f 1771/1494/1380 1803/1497/1382 1772/1499/1235
f 1629/1341/1237 1627/1340/1236 1773/1500/1384 1775/1501/1385
f 1808/1530/1412 1777/1505/1389 1776/1503/1387 1774/1502/1386
f 1773/1500/1384 1774/1502/1386 1775/1501/1385
f 1632/1504/1388 1631/1345/1241 1775/1501/1385
f 1780/1538/1420 1779/2417/2033 1848/1536/1418 1816/1539/1421
f 1811/1349/1245 1636/1348/1244 1778/1507/1391
f 1814/1534/1416 1848/1536/1418 1779/2417/2033
f 1779/2417/2033 1780/1538/1420 1641/1354/1250 1639/1353/1249
f 1781/2418/2034 1641/1354/1250 1780/1538/1420 1818/1537/1419
f 1782/1509/1393 1783/1508/1392 1781/2418/2034 1818/1537/1419
f 1786/1511/1395 260/1514/1398 1785/1356/1252 1782/1509/1393
f 1756/1483/1370 1787/1513/1397 1789/1512/1396 1758/1484/1371
f 260/1514/1398 1644/1357/1253 1785/1356/1252
f 260/1514/1398 261/1990/1787 1644/1357/1253
f 1786/1511/1395 1820/1543/1425 1789/1512/1396
f 1798/2444/2044 1796/1488/1374 1795/301/279 1992/1722/1593
f 1787/1513/1397 1756/1483/1370 262/1481/1368
f 1789/1512/1396 1759/1518/1402 1758/1484/1371
f 1789/1512/1396 1790/1516/1400 1759/1518/1402
f 1791/1519/1403 1792/1520/1404 1760/1517/1401
f 1791/2445/1403 1823/1549/1429 1792/1522/1404
f 1794/1524/1406 407/302/280 1795/301/279
f 1799/1723/1594 1766/1491/1377 1798/2444/2044 1797/2446/2045
f 1798/2444/2044 1765/1490/1376 1796/1488/1374
f 1992/1722/1593 1797/2446/2045 1798/2444/2044
f 1798/2444/2044 1766/1491/1377 1765/1490/1376
f 1769/1493/1379 1770/1495/1381 1766/1491/1377 1800/1525/1407
f 1766/1491/1377 1799/1723/1594 1800/1525/1407
f 1804/2447/2046 1803/1497/1382 1802/1527/1409 1988/1713/1584
f 1800/1525/1407 1802/1527/1409 1769/1493/1379
f 1803/1497/1382 1771/1494/1380 1769/1493/1379
f 1777/1505/1389 1808/1530/1412 1810/1531/1413 1778/1507/1391
f 1803/1497/1382 1804/2447/2046 1805/1498/1383
f 1805/1498/1383 1804/2447/2046 1806/2448/1410
f 1804/2447/2046 1989/1714/1585 1806/2448/1410
f 1774/1502/1386 1773/1500/1384 1806/1528/1410
f 1806/2448/1410 1989/1714/1585 1807/2449/1411
f 1807/1529/1411 1810/1531/1413 1808/1530/1412
f 1832/2450/1443 1817/1540/1422 1816/1539/1421 1815/2451/2047
f 1810/1531/1413 1809/1532/1414 1811/1349/1245
f 1812/1533/1415 1813/1535/1417 1814/1534/1416
f 1848/1536/1418 1815/2451/2047 1816/1539/1421
f 1823/1549/1429 1791/2445/1403 1788/1547/1399 1822/1546/1427
f 1817/1540/1422 1818/1537/1419 1816/1539/1421
f 1819/1541/1423 1782/1509/1393 1818/1537/1419
f 1820/1543/1425 1786/1511/1395 1782/1509/1393
f 1820/1543/1425 1821/1544/1426 1788/1515/1399
f 1788/1515/1399 1789/1512/1396 1820/1543/1425
f 1793/1523/1405 394/1551/1431 407/302/280 1794/1524/1406
f 1791/1519/1403 1790/1516/1400 1788/1515/1399
f 1823/1549/1429 1824/1548/1428 1826/1550/1430
f 1824/1548/1428 1825/1560/1440 1826/1550/1430
f 1826/1550/1430 393/1554/1434 394/1551/1431
f 392/1553/1433 286/1994/1791 329/233/215 404/2032/1815
f 393/1554/1434 1826/1550/1430 1825/1560/1440
f 1825/1560/1440 1827/1552/1432 393/1554/1434
f 1828/1559/1439 286/1994/1791 392/1553/1433 1827/1552/1432
f 1829/1556/1436 341/261/243 286/1994/1791 1828/1559/1439
f 1822/1546/1427 1833/1562/1442 1830/1558/1438 1824/1548/1428
f 341/261/243 1829/1556/1436 353/1555/1435
f 1836/1557/1437 354/1565/1445 353/1555/1435
f 1828/1559/1439 1827/1552/1432 1825/1560/1440
f 1834/2452/2048 1847/2453/2049 1833/1562/1442 1832/1563/1443
f 1831/1561/1441 1822/1546/1427 1821/1545/1426
f 1839/1570/1450 1840/1571/1451 340/259/241 1838/2454/2050
f 1833/1562/1442 1847/2453/2049 1835/1564/1444
f 1835/1564/1444 1830/1558/1438 1833/1562/1442
f 1837/1566/1446 1838/2454/2050 352/1567/1447
f 1838/2454/2050 340/259/241 339/258/240
f 1838/2454/2050 339/258/240 352/1567/1447
f 1842/1568/1448 340/259/241 1840/1571/1451 1841/284/264
f 280/228/210 1842/1568/1448 1841/284/264 357/268/250
f 1843/230/212 280/228/210 337/267/249 336/272/253
f 1842/1568/1448 280/228/210 310/227/209
f 1846/2455/2051 1847/2453/2049 1834/2452/2048 1850/1578/1456
f 1843/230/212 324/1569/1449 283/1993/1790
f 1840/1571/1451 371/285/265 1841/284/264
f 1844/1573/1453 1839/1570/1450 1838/2454/2050
f 1838/2454/2050 1846/2455/2051 1844/1573/1453
f 1846/2455/2051 1850/1578/1456 1844/1573/1453
f 1846/2455/2051 1838/2454/2050 1837/1566/1446
f 1846/2455/2051 1837/1566/1446 1847/2453/2049
f 1850/1578/1456 1834/2452/2048 1848/2456/1418 1813/2457/1417
f 1837/1566/1446 1835/1564/1444 1847/2453/2049
f 1834/2452/2048 1815/2458/2047 1848/2456/1418
f 1834/2452/2048 1832/1563/1443 1815/2458/2047
f 1817/1540/1422 1832/2450/1443 1831/1575/1441
f 1831/1575/1441 1849/1542/1424 1817/1540/1422
f 370/1587/1463 1859/1586/1462 468/1589/1465 348/2006/1801
f 1813/2457/1417 1812/1576/1415 1850/1578/1456
f 1850/1578/1456 1851/1577/1455 1845/1574/1454
f 1845/1574/1454 1851/1577/1455 1855/1572/1452
f 1845/1574/1454 1844/1573/1453 1850/1578/1456
f 1855/1572/1452 1839/1570/1450 1845/1574/1454
f 1855/1581/1452 1853/1582/1458 1854/1583/1459
f 372/287/266 371/286/265 1855/1581/1452
f 1854/1583/1459 1856/1712/1583 1857/1584/1460
f 1857/1584/1460 1858/1585/1461 361/270/251
f 1858/1585/1461 447/325/302 370/1587/1463
f 1863/2459/2052 535/1591/1467 1860/1590/1466 1862/2460/2053
f 1859/1586/1462 1860/1590/1466 533/1592/1468
f 1860/1590/1466 1861/1705/1576 1862/2460/2053
f 1865/2461/2054 1863/2459/2052 1862/2460/2053 1864/1704/1575
f 1867/2462/2055 1863/2459/2052 1865/2461/2054 1866/1700/1571
f 535/1591/1467 1863/2459/2052 1867/2462/2055 1868/378/353
f 1975/1699/1570 1868/378/353 1867/2462/2055 1866/1700/1571
f 471/2051/1829 470/1597/1473 369/277/257 368/276/256
f 1868/378/353 1975/1699/1570 498/356/333
f 498/356/333 1869/1593/1469 1868/378/353
f 1869/1593/1469 1925/1642/1515 1870/379/354
f 1870/379/354 1925/1642/1515 1871/1594/1470
f 1873/1596/1472 470/1597/1473 534/2069/1842
f 1872/1595/1471 1875/1599/1475 1931/1603/1476 395/298/276
f 1874/1598/1474 1927/1643/1516 1875/1599/1475
f 367/2018/1804 366/2017/1803 253/2463/1478 1877/2464/2056
f 1876/299/277 253/2465/1478 366/2015/1803
f 1878/1687/1558 367/2018/1804 1877/2464/2056 249/2466/1786
f 253/1604/1478 250/209/191 1877/2467/2056
f 1879/2468/2057 1878/1687/1558 249/2466/1786 1880/2469/2058
f 1877/2467/2056 250/209/191 249/1989/1786
f 1878/1687/1558 1879/2468/2057 265/215/197
f 1884/2470/2059 1881/2471/2060 1880/2472/2058 1883/1987/1784
f 1880/2469/2058 1881/2473/2060 1879/2468/2057
f 1885/1607/1481 1882/1606/1480 1881/2471/2060 1884/2470/2059
f 1888/1652/1523 1885/1607/1481 1884/2470/2059 1887/1654/1525
f 1889/2474/1482 1886/1605/1479 1885/1607/1481 1888/1652/1523
f 1886/1629/1479 1889/1608/1482 1890/1610/1484 323/252/234
f 190/1611/1485 1891/1609/1483 1889/1608/1482 191/1965/1524
f 1892/1620/1494 1890/1610/1484 1891/1609/1483 1893/1613/1487
f 1895/2475/2061 1894/1612/1486 190/1611/1485 189/1966/1765
f 1891/1609/1483 190/1611/1485 1893/1613/1487
f 193/1967/1766 1900/1618/1492 1893/1613/1487
f 1893/1613/1487 1894/1612/1486 193/1967/1766
f 1896/1968/1767 193/1967/1766 1894/1612/1486 1895/2475/2061
f 1945/1656/1527 1896/1968/1767 1895/2475/2061 1897/1657/1528
f 196/1614/1488 192/1616/1490 1896/1968/1767 1945/1656/1527
f 1901/1663/1534 1902/1619/1493 1900/1618/1492 1899/1617/1491
f 1900/1618/1492 193/1967/1766 192/1616/1490
f 1890/1610/1484 1902/1619/1493 321/1622/1496 320/250/232
f 1892/1620/1494 1893/1613/1487 1900/1618/1492
f 1904/1921/1744 1905/1623/1497 1903/1621/1495 1948/1662/1533
f 1903/1621/1495 1901/1663/1534 1948/1662/1533
f 1903/1621/1495 1902/1619/1493 1901/1663/1534
f 322/2476/233 1910/2477/235 1913/1635/1508 1917/1632/1505
f 1905/1623/1497 1904/1921/1744 1906/1920/1743
f 1906/1920/1743 1909/1624/1498 1905/1623/1497
f 1909/1624/1498 1906/1920/1743 1907/1668/1539
f 1910/2477/235 1908/2478/1499 1911/2479/2062
f 1911/2479/2062 1913/1635/1508 1910/2477/235
f 1913/1635/1508 1911/2479/2062 1912/1636/1509
f 1886/2480/1479 322/2476/233 292/1626/1500 1914/1628/1502
f 1917/1632/1505 292/1626/1500 322/2476/233
f 291/1627/1501 1882/2481/1480 1886/2480/1479 1914/1628/1502
f 1881/2473/2060 1882/2481/1480 291/1627/1501 1879/2468/2057
f 291/1627/1501 1915/1630/1503 1879/2468/2057
f 293/235/217 287/234/216 1917/1632/1505 397/1634/1507
f 1915/1630/1503 291/1627/1501 266/216/198
f 1915/1630/1503 265/215/197 1879/2468/2057
f 1917/1632/1505 1913/1635/1508 1916/1633/1506
f 1917/1632/1505 287/234/216 292/1626/1500
f 426/308/286 1912/1636/1509 1918/1637/1510 425/309/287
f 1916/1633/1506 1912/1636/1509 397/1634/1507
f 465/334/311 1918/1637/1510 1911/2479/2062 466/335/312
f 1918/1637/1510 465/334/311 464/336/313
f 1920/1638/1511 2063/1640/1513 1908/1625/1499 1909/1624/1498
f 1918/1637/1510 1912/1636/1509 1911/2479/2062
f 1911/2479/2062 1919/1881/1712 466/335/312
f 1911/2479/2062 1908/2478/1499 1919/1881/1712
f 1924/2482/1514 1923/2483/1711 1922/2484/2063 1956/1673/1544
f 1921/1639/1512 1954/1671/1542 1922/2484/2063
f 1869/1593/1469 500/358/335 1923/1880/1711 1924/1641/1514
f 1925/1642/1515 1924/1641/1514 1926/2485/2064 1927/1643/1516
f 1869/1593/1469 498/356/333 500/358/335
f 1962/1686/1557 1934/1648/1519 1933/1649/1520 1961/1685/1556
f 1874/1598/1474 1871/1594/1470 1925/1642/1515
f 1927/1644/1516 1926/2486/2064 523/1676/1547
f 1927/1644/1516 1928/1678/1549 1929/1645/1517
f 1931/1600/1476 1930/1647/1518 1932/1601/1477
f 1932/1601/1477 1933/1649/1520 1934/1648/1519
f 1935/1661/1532 1936/2487/2065 1934/1648/1519 1962/1686/1557
f 252/208/190 1936/2487/2065 1937/1659/1530 1939/1651/1522
f 1934/1648/1519 1936/2487/2065 251/207/189
f 1935/1661/1532 1946/1660/1531 1936/2487/2065
f 1936/2487/2065 252/208/190 251/207/189
f 1936/2487/2065 1946/1660/1531 1937/1659/1530
f 1941/1655/1526 1942/177/161 1940/1650/1521 1939/1651/1522
f 1939/1651/1522 1937/1659/1530 1938/1658/1529
f 1897/1657/1528 1943/1969/1768 1942/177/161 1941/1655/1526
f 1895/2475/2061 189/2488/1765 1943/1969/1768 1897/1657/1528
f 1943/1969/1768 189/2488/1765 191/1653/1524 194/175/159
f 1884/2470/2059 1883/1987/1784 1944/1988/1785 1887/1654/1525
f 191/1653/1524 1889/2474/1482 1888/1652/1523
f 1887/1654/1525 1944/1988/1785 195/176/160
f 1887/1654/1525 195/176/160 194/175/159
f 1945/1656/1527 1941/1655/1526 1939/1651/1522 1938/1658/1529
f 252/208/190 1940/1650/1521 195/176/160 1944/1988/1785
f 1938/1658/1529 1898/1615/1489 196/1614/1488
f 1906/1920/1743 1949/1665/1536 1950/1667/1538 1907/1668/1539
f 1899/1617/1491 1898/1615/1489 1946/1660/1531
f 1899/1617/1491 1935/1661/1532 1947/1664/1535
f 1899/1617/1491 1947/1664/1535 1901/1663/1534
f 1963/1922/1745 1904/1921/1744 1948/1662/1533
f 1909/1624/1498 1907/1668/1539 1953/1672/1543 1920/1638/1511
f 1951/1669/1540 1953/1672/1543 1907/1668/1539
f 1953/1672/1543 1951/1669/1540 1952/1670/1541
f 1953/1672/1543 1921/1639/1512 1920/1638/1511
f 1958/1681/1552 1955/1674/1545 1952/1670/1541 494/1679/1550
f 1953/1672/1543 1954/1671/1542 1921/1639/1512
f 1954/1671/1542 1952/1670/1541 1955/1674/1545
f 1954/1671/1542 1955/1674/1545 1956/1673/1544
f 1956/1673/1544 1922/2484/2063 1954/1671/1542
f 1957/1675/1546 1955/1674/1545 523/1676/1547
f 1957/1675/1546 523/1676/1547 1926/2486/2064
f 1928/1678/1549 1927/1644/1516 523/1676/1547
f 1958/1681/1552 524/1677/1548 1955/1674/1545
f 524/1677/1548 1960/1683/1554 1929/1645/1517 1928/1678/1549
f 493/1680/1551 1960/1683/1554 524/1677/1548
f 1930/1647/1518 1964/1684/1555 1961/1685/1556
f 1961/1685/1556 1933/1649/1520 1930/1647/1518
f 1962/1686/1557 1948/1662/1533 1935/1661/1532
f 1961/1685/1556 1963/1922/1745 1948/1662/1533
f 1963/1922/1745 1961/1685/1556 1964/1684/1555
f 1964/1684/1555 1949/1665/1536 1963/1922/1745
f 1965/1666/1537 1959/1682/1553 493/1680/1551
f 494/1679/1550 1952/1670/1541 1951/1669/1540 1950/1667/1538
f 1956/1673/1544 1957/1675/1546 1926/2486/2064 1924/2482/1514
f 1950/1667/1538 1965/1666/1537 493/1680/1551
f 1968/1690/1561 1969/2489/2066 1970/1696/1567 344/1691/1562
f 1890/1610/1484 320/250/232 323/252/234
f 1883/1987/1784 1880/2472/2058 249/1989/1786
f 1966/1688/1559 265/215/197 264/214/196
f 264/214/196 350/1689/1560 1966/1688/1559
f 345/264/246 1968/1690/1561 349/262/244
f 344/1691/1562 1970/1696/1567 326/2002/1797
f 344/1691/1562 326/2002/1797 325/1834/1684
f 1971/1692/1563 1972/1693/1564 326/2002/1797 1970/1696/1567
f 316/2000/1795 326/2002/1797 1972/1693/1564 315/249/231
f 377/293/271 315/249/231 1972/1693/1564 378/294/272
f 1969/2489/2066 293/235/217 1974/1697/1568 1970/1696/1567
f 1974/1697/1568 293/235/217 397/1634/1507
f 375/292/270 378/294/272 1973/1694/1565 440/315/293
f 375/292/270 440/315/293 435/2042/1820 376/2020/1805
f 440/315/293 441/317/295 435/2042/1820
f 288/236/218 293/235/217 1969/2489/2066 1968/1690/1561
f 499/357/334 1975/1699/1570 1976/1701/1572 466/335/312
f 495/352/329 464/336/313 1976/1701/1572 496/353/330
f 1976/1701/1572 1866/1700/1571 496/353/330
f 1976/1701/1572 464/336/313 466/335/312
f 1978/1703/1574 1977/354/331 1865/2461/2054 1864/1704/1575
f 1866/1700/1571 1865/2461/2054 1977/354/331
f 1979/1702/1573 1978/1703/1574 1864/1704/1575 1980/1706/1577
f 1980/1706/1577 600/1708/1579 601/1717/1588 599/1725/1596
f 1980/1706/1577 575/2079/1849 1979/1702/1573
f 1980/1706/1577 1861/1705/1576 600/1708/1579
f 1983/1710/1581 600/1708/1579 1981/1707/1578 1982/1724/1595
f 1986/1715/1586 1983/1710/1581 1982/1724/1595 1984/327/304
f 1983/1710/1581 601/1717/1588 600/1708/1579
f 1856/1712/1583 1985/1709/1580 1987/1711/1582 1986/1715/1586
f 1983/1710/1581 1986/1715/1586 1987/1711/1582
f 1985/1709/1580 1856/1712/1583 1853/1582/1458 1988/1713/1584
f 1989/1714/1585 1804/2447/2046 1988/1713/1584 1853/1582/1458
f 1986/1715/1586 1857/1584/1460 1856/1712/1583
f 1988/1713/1584 1802/1527/1409 1801/1526/1408
f 1989/1714/1585 1852/1580/1457 1810/2490/1413 1807/2449/1411
f 1809/2491/1414 1810/2490/1413 1852/1580/1457 1851/1579/1455
f 595/1720/1591 601/1717/1588 1990/1716/1587 1991/1718/1589
f 446/326/303 1986/1715/1586 1984/327/304
f 452/1721/1592 1991/1718/1589 1799/1723/1594 1992/1722/1593
f 1990/1716/1587 1799/1723/1594 1991/1718/1589
f 576/1726/1597 599/1725/1596 598/1728/1599 548/390/365
f 1992/1722/1593 1799/1723/1594 1797/2446/2045
f 1982/1724/1595 1981/1707/1578 1860/1590/1466
f 1980/1706/1577 576/1726/1597 575/2079/1849
f 548/390/365 1993/1727/1598 436/313/291 437/312/290
f 598/1728/1599 597/1729/1600 1993/1727/1598
f 441/317/295 439/316/294 1979/1702/1573 575/2079/1849
f 1864/1704/1575 1862/2460/2053 1861/1705/1576
f 1179/897/845 1626/1338/1234 1628/1342/1238 1180/1344/1240
f 1979/1702/1573 439/316/294 497/318/296
f 1994/944/889 1225/1734/885 1322/2286/884 1321/1039/975
f 1626/1338/1234 1177/2075/1845 1624/407/382
f 1600/1303/1207 1591/1292/1198 1601/1291/1197
f 335/2003/1798 1994/944/889 1321/1039/975 334/1035/971
f 507/2058/1834 1313/2282/1968 1312/2281/1967 506/361/338
f 511/362/339 1312/2281/1967 1310/2283/1965 1308/363/340
f 508/2059/1835 506/361/338 1312/2281/1967 511/362/339
f 579/415/390 1300/2273/1962 1282/1002/944 581/1006/947
f 819/2135/1891 1305/2276/961 1307/2292/963
f 1284/1008/948 1294/1018/955 1285/1012/950 1286/1011/949
f 1995/1901/1725 636/2270/1860 1295/1019/956 1296/1902/1726
f 636/2095/1860 455/1737/1604 1293/2269/954
f 455/1737/1604 636/2095/1860 635/1735/1602
f 235/202/184 247/2492/2067 1997/1739/1606 278/225/207
f 1999/2256/1957 1998/1738/1605 312/2493/2068 313/2494/2069
f 311/1740/1607 312/2493/2068 1998/1738/1605
f 1998/1738/1605 1999/2256/1957 1239/1741/1608
f 277/1744/1611 308/1743/1610 301/238/220 273/226/208
f 1242/2257/898 1999/2256/1957 313/2494/2069
f 1234/1742/1609 2000/1745/1612 308/1743/1610
f 1231/948/893 333/947/892 2000/1745/1612 1234/1742/1609
f 335/2003/1798 333/947/892 1229/945/890 1994/944/889
f 2000/1745/1612 333/947/892 332/1036/972
f 2004/1831/1682 2001/1830/1681 1220/929/875 1219/2249/1956
f 2002/2245/1953 2003/2495/1694 2004/1831/1682 1219/2249/1956
f 2005/2247/1955 420/2496/282 2003/2495/1694 2002/2245/1953
f 1143/2229/1943 1139/854/804 1166/1317/1219 1142/2230/1944
f 420/2496/282 2006/2497/1613 2003/2495/1694
f 420/304/282 2005/2248/1955 1216/305/283
f 381/297/275 383/296/274 1216/305/283
f 652/1748/1615 1164/2498/831 1162/879/829 1160/878/828
f 1165/862/812 1164/883/831 1151/1919/1742
f 1152/868/818 1151/2231/1742 1164/2498/831 652/1748/1615
f 1089/2219/1941 692/457/431 1090/2222/1940 922/2220/613
f 1160/878/828 650/876/826 652/1748/1615
f 1141/518/491 779/517/490 731/484/457
f 692/457/431 1089/2219/1941 2007/1752/1619 2011/672/641
f 2008/1750/1617 2007/1752/1619 1089/2219/1941 1088/2218/1910
f 2009/1751/1618 2008/1750/1617 1087/2216/1939 1085/2215/1938
f 2008/1750/1617 1088/2218/1910 1087/2216/1939
f 961/2170/1918 2009/1751/1618 1085/2215/1938 2010/1753/1620
f 796/2128/1888 2015/1762/1628 2013/1763/1629 797/521/494
f 1085/2215/1938 1082/801/757 2010/1753/1620
f 2010/1753/1620 962/798/754 961/2170/1918
f 2009/1751/1618 961/2170/1918 958/2168/1916
f 2011/672/641 2007/1752/1619 2009/1751/1618
f 2012/1754/1621 639/1755/1622 640/2499/1624
f 541/384/359 758/667/636 951/666/635
f 954/668/637 521/2072/1843 541/384/359
f 951/666/635 689/453/428 640/1757/1624
f 849/1760/1626 759/662/631 2014/1761/1627
f 849/1760/1626 846/563/536 848/564/537
f 2014/1761/1627 806/536/509 2013/1763/1629
f 2014/1761/1627 759/662/631 806/536/509
f 815/547/520 797/521/494 2013/1763/1629 2016/538/511
f 2015/1762/1628 796/2128/1888 813/543/516
f 2016/538/511 825/548/521 817/2133/1889 815/547/520
f 2016/538/511 776/537/510 825/548/521
f 2016/538/511 2013/1763/1629 806/536/509
f 775/550/523 798/494/467 823/551/524
f 607/1765/1631 611/2091/1858 903/616/588 902/618/590
f 776/537/510 775/550/523 825/548/521
f 847/562/535 945/657/626 944/656/625
f 761/658/627 834/555/528 762/514/487
f 227/932/878 240/205/187 1203/920/867 208/190/173
f 1697/1408/1301 202/2500/166 221/1409/1302
f 811/530/503 795/438/413 2019/437/412 831/552/525
f 2017/2127/1887 656/784/740 2018/526/499
f 2017/2127/1887 672/596/569 614/2105/1868
f 2018/526/499 655/1772/1634 792/527/500
f 877/2148/1904 873/587/560 878/575/548
f 873/587/560 877/2148/1904 874/588/561
f 864/574/547 863/573/546 853/2352/538
f 796/2128/1888 794/529/502 813/543/516
f 1537/1228/1148 750/502/475 751/504/477
f 831/552/525 2019/437/412 832/553/526
f 2019/437/412 563/405/380 832/553/526
f 832/553/526 594/1773/1635 638/433/408 709/436/411
f 563/405/380 2019/437/412 648/403/378
f 821/2137/1893 830/1876/1708 827/2139/1895 818/2134/1890
f 817/2133/1889 825/548/521 792/527/500 816/790/746
f 798/494/467 738/2112/1874 824/2138/1894 823/551/524
f 750/502/475 1537/1228/1148 715/1775/1637 714/2111/1873
f 729/485/458 731/484/457 779/517/490 752/505/478
f 677/1778/1640 757/508/481 756/507/480 678/1786/1648
f 685/1781/1643 773/1777/1639 2020/1776/1638 676/1779/1641
f 757/508/481 677/1778/1640 2020/1776/1638
f 2023/413/388 2021/493/466 685/1781/1643 2022/414/389
f 685/1781/1643 2021/493/466 773/1777/1639
f 676/1779/1641 537/382/357 571/2078/1848
f 676/1779/1641 571/2078/1848 686/1780/1642
f 485/346/323 684/1782/1644 544/385/360 486/348/325
f 2025/1790/1652 728/1218/1139 727/1886/1715 2024/1788/1650
f 486/348/325 483/347/324 485/346/323
f 748/490/463 1388/1088/1020 701/1917/1740
f 728/1218/1139 697/463/436 707/1219/1140
f 696/464/437 697/463/436 728/1218/1139 2025/1790/1652
f 2026/1838/1688 696/464/437 2025/1790/1652 2027/1789/1651
f 2028/2501/2070 2029/1883/1713 2027/1885/1651 2024/2502/1650
f 10/2503/1755 4/2504/1754 2029/1883/1713 2028/2501/2070
f 578/1884/1714 2029/1883/1713 4/2504/1754 2/2505/1750
f 633/1215/1136 578/1927/1714 558/1795/1655 557/399/374
f 556/397/372 555/396/371 2031/1797/1656 492/1799/1658
f 557/399/374 559/398/373 617/1214/1135
f 557/399/374 617/1214/1135 633/1215/1136
f 462/341/318 461/2049/1827 2034/1801/1659 2035/2053/1831
f 2032/1800/1657 2033/2506/2071 2034/1801/1659
f 2033/2506/2071 2036/2507/2072 2035/2053/1831 2034/1801/1659
f 2038/1803/1660 2035/2053/1831 2036/2507/2072 2037/2508/2073
f 1546/1807/1664 475/338/315 2039/1804/1661 2040/1806/1663
f 2035/2053/1831 2038/1803/1660 474/337/314
f 726/482/455 719/476/449 2040/1806/1663 2064/1805/1662
f 2041/2509/2074 2028/2501/2070 2024/2502/1650 2037/2510/2073
f 2024/1788/1650 2038/1803/1660 2037/2508/2073
f 9/2511/1757 10/2503/1755 2028/2501/2070 2041/2509/2074
f 2032/1810/1657 2031/2512/1656 45/2513/1 7/1808/31
f 6/1792/2 45/2513/1 2031/2512/1656
f 2043/2514/2075 2042/1809/1665 61/2515/96 8/2516/1758
f 7/1808/31 61/2515/96 2042/1809/1665
f 2032/1810/1657 2042/1809/1665 2033/2517/2071
f 2036/2518/2072 2033/2517/2071 2042/1809/1665 2043/2514/2075
f 2041/2509/2074 2043/2514/2075 8/2516/1758 9/2511/1757
f 2037/2510/2073 2036/2518/2072 2043/2514/2075 2041/2509/2074
f 664/468/441 703/2110/1872 645/2098/1862 644/439/414
f 722/1812/453 682/448/423 665/1813/1666
f 1552/2101/1160 1554/2519/1161 679/1814/420 665/1813/1666
f 538/383/358 537/382/357 676/1779/1641 678/1786/1648
f 541/384/359 538/383/358 678/1786/1648
f 412/2044/1822 1494/1176/1100 666/1865/446 669/1258/418
f 1071/2106/1869 674/782/738 592/781/737
f 413/1257/1170 412/2044/1822 669/1258/418
f 662/444/419 659/441/416 661/1815/1667
f 463/2048/1826 627/2050/1828 602/2094/1855 490/2057/1833
f 2048/1822/1674 434/1819/1671 2046/391/366 2045/1823/1675
f 626/895/843 625/2092/1859 566/409/384
f 454/1095/1027 453/2046/1824 604/2090/1857
f 596/1719/1590 452/1721/1592 597/1729/1600
f 485/346/323 484/345/322 505/714/679
f 485/346/323 505/714/679 572/412/387
f 2046/391/366 2044/1818/1670 2045/1823/1675
f 2050/2043/1821 2048/1822/1674 2049/1824/1676 318/2001/1796
f 2045/1823/1675 2044/1818/1670 2047/1821/1673
f 377/293/271 376/2020/1805 2050/2043/1821 318/2001/1796
f 391/2026/1810 507/2058/1834 1277/989/931 1278/992/934
f 318/2001/1796 315/249/231 377/293/271
f 2049/1824/1676 2047/1821/1673 2051/1825/1677
f 2047/1821/1673 437/312/290 284/232/214
f 503/2063/1838 502/376/351 522/793/749
f 1546/1807/1664 1545/2387/2020 473/339/316 475/338/315
f 467/2052/1830 471/2051/1829 368/276/256 351/2013/1802
f 351/2013/1802 348/2006/1801 468/1589/1465 467/2052/1830
f 329/233/215 284/232/214 405/314/292 404/2032/1815
f 437/312/290 405/314/292 284/232/214
f 434/1819/1671 2048/1822/1674 2050/2043/1821
f 426/308/286 396/1695/1566 397/1634/1507
f 363/275/255 385/2023/1808 389/1438/1330 362/274/254
f 299/1999/1794 303/240/222 328/254/236 255/211/193
f 368/276/256 350/2012/1560 351/2013/1802
f 349/262/244 344/1691/1562 325/1834/1684
f 325/1834/1684 324/1569/1449 336/272/253
f 237/203/185 299/1999/1794 255/211/193 234/201/183
f 309/260/242 285/1835/1685 341/261/243
f 299/1999/1794 237/203/185 300/237/219
f 266/216/198 290/1631/1504 289/1698/1569 1967/217/199
f 237/203/185 236/200/182 275/224/206 300/237/219
f 278/225/207 275/224/206 236/200/182
f 234/201/183 245/212/194 247/2492/2067 235/202/184
f 214/1972/1771 223/1977/1774 1643/1980/1777 228/1979/1776
f 228/1979/1776 215/1375/1271 214/1972/1771
f 973/2214/1922 570/2077/1847 545/388/363 540/387/362
f 994/706/671 2052/1847/1696 480/707/672
f 501/355/332 466/335/312 1919/1881/1712
f 1360/1066/998 829/1069/1001 828/1875/1707 1357/1063/995
f 898/611/584 1192/912/860 890/914/580 893/612/582
f 200/2241/162 199/1914/164 1703/1417/1310 1207/1416/1309
f 257/2004/1799 2053/1856/1687 241/2520/1699 1227/941/887
f 356/1843/1693 327/265/247 1317/1032/968 2054/1841/1691
f 578/1927/1714 633/1215/1136 2026/1838/1688
f 630/431/406 628/430/405 603/2089/1856
f 634/1082/1014 1995/2096/1725 2066/1889/1717
f 2056/1848/1697 481/2054/1832 480/707/672
f 2067/1895/1698 789/620/592 904/619/591
f 634/1082/1014 2066/1889/1717 658/1888/1716 1380/1083/1015
f 983/693/660 985/2180/1702 2059/1870/1701 479/1869/1704
f 2058/1857/1700 1278/992/934 2054/1841/1691
f 2060/1872/348 1023/735/696 505/714/679 504/713/678
f 427/1826/1678 981/343/320 994/2521/671 430/2038/673
f 1122/2224/1942 786/2223/1705 788/2225/781
f 1226/940/886 2062/2522/188 244/2252/1780
f 1357/1063/995 830/1876/1708 1337/2301/1973 1338/1892/1720
f 383/296/274 1442/1143/1072 419/306/284 1216/305/283
f 421/2036/1817 419/306/284 1442/1143/1072
f 1520/2384/2019 1519/1204/1126 1533/2385/559
f 1661/2422/1269 298/1997/1709 1659/1372/1268 1660/1371/1267
f 1923/2483/1711 2063/1640/1513 1921/1639/1512 1922/2484/2063
f 2057/1855/203 342/1854/259 882/2010/237 270/2523/571
f 2064/1805/1662 2039/1804/1661 727/1886/1715
f 2064/1805/1662 693/459/432 726/482/455
f 1227/941/887 241/2520/1699 2062/2522/188 1226/940/886
f 2065/2524/273 380/1261/1172 1562/1263/1173 1564/2396/2026
f 383/2525/274 2065/2524/273 1564/2396/2026 1443/1142/1071
f 1299/1874/1706 2066/1899/1717 1296/1902/1726 1297/1020/957
f 1919/1881/1712 1908/2478/1499 2063/1882/1513
f 851/566/539 860/2373/1722 859/2350/1056 850/567/540
f 2055/1846/1695 2006/1845/1613 432/1910/1734 431/1908/1732
f 2052/2177/1696 994/2521/671 981/343/320
f 908/628/598 1150/558/531 2067/1849/1698
f 2067/1895/1698 904/619/591 908/1867/598
f 657/1890/1718 2066/1889/1717 799/1897/1723
f 2069/1905/1729 2071/1923/1683 2072/2526/2076 402/1903/1727
f 2070/1926/1747 398/2527/1730 2068/1909/1733
f 2071/1923/1683 2004/2528/1682 2072/2526/2076
f 201/179/163 1686/1394/1288 1690/1913/1737 199/180/164
f 1688/1393/1287 1690/1913/1737 1686/1394/1288
f 1222/933/879 1220/929/875 2001/1830/1681 2074/1925/1746
f 1535/2386/558 1538/1231/1147 1536/1839/1689
f 2073/1916/1739 1534/1929/1749 1536/1839/1689
f 2068/1909/1733 398/2527/1730 2074/1924/1746
f 2074/1925/1746 1223/934/880 1222/933/879
f 2055/1846/1695 2072/2526/2076 2004/2528/1682 2003/1844/1694
f 1222/933/879 1221/930/876 1220/929/875
f 402/1903/1727 2072/2526/2076 2055/1846/1695 433/321/298
f 2024/1788/1650 727/1886/1715 2039/1804/1661 474/337/314
f 2070/1926/1747 2075/1904/1728 1343/2309/1978
f 2075/1904/1728 401/2030/1813 1343/2309/1978
f 1532/1221/1142 2073/1916/1739 716/475/448 695/461/434
