# Blender 5.1.0
# www.blender.org
mtllib aero.mtl
o Cylinder.217
v -23.257513 129.661316 74.290550
v -23.257513 129.964447 74.648926
v -23.498287 129.661316 74.266838
v -23.568203 129.964447 74.618324
v -23.729811 129.661316 74.196609
v -23.866953 129.964447 74.527695
v -23.943182 129.661316 74.082558
v -24.142282 129.964447 74.380531
v -24.130203 129.661316 73.929070
v -24.383610 129.964447 74.182480
v -24.283689 129.661316 73.742050
v -24.581663 129.964447 73.941147
v -24.397738 129.661316 73.528679
v -24.728830 129.964447 73.665817
v -24.467970 129.661316 73.297157
v -24.819454 129.964447 73.367073
v -24.491684 129.661316 73.056381
v -24.850056 129.964447 73.056381
v -24.467970 129.661316 72.815605
v -24.819454 129.964447 72.745689
v -24.397738 129.661316 72.584084
v -24.728830 129.964447 72.446945
v -24.283689 129.661316 72.370712
v -24.581663 129.964447 72.171616
v -24.130203 129.661316 72.183693
v -24.383610 129.964447 71.930283
v -23.943182 129.661316 72.030205
v -24.142282 129.964447 71.732231
v -23.729811 129.661316 71.916153
v -23.866953 129.964447 71.585068
v -23.498287 129.661316 71.845924
v -23.568203 129.964447 71.494438
v -23.257513 129.661316 71.822212
v -23.257513 129.964447 71.463837
v -23.016739 129.661316 71.845924
v -22.946823 129.964447 71.494438
v -22.785215 129.661316 71.916153
v -22.648073 129.964447 71.585068
v -22.571844 129.661316 72.030205
v -22.372744 129.964447 71.732231
v -22.384823 129.661316 72.183693
v -22.131416 129.964447 71.930283
v -22.231337 129.661316 72.370712
v -21.933363 129.964447 72.171616
v -22.117289 129.661316 72.584084
v -21.786196 129.964447 72.446945
v -22.047056 129.661316 72.815605
v -21.695572 129.964447 72.745689
v -22.023342 129.661316 73.056381
v -21.664970 129.964447 73.056381
v -22.047056 129.661316 73.297157
v -21.695572 129.964447 73.367073
v -22.117289 129.661316 73.528679
v -21.786196 129.964447 73.665817
v -22.231337 129.661316 73.742050
v -21.933363 129.964447 73.941147
v -22.384823 129.661316 73.929070
v -22.131416 129.964447 74.182480
v -22.571844 129.661316 74.082558
v -22.372744 129.964447 74.380531
v -22.785215 129.661316 74.196609
v -22.648073 129.964447 74.527695
v -23.016739 129.661316 74.266838
v -22.946823 129.964447 74.618324
v -23.257513 129.661316 74.648926
v -23.568203 129.661316 74.618324
v -23.866953 129.661316 74.527695
v -24.142282 129.661316 74.380531
v -24.383610 129.661316 74.182480
v -24.581663 129.661316 73.941147
v -24.728830 129.661316 73.665817
v -24.819454 129.661316 73.367073
v -24.850056 129.661316 73.056381
v -24.819454 129.661316 72.745689
v -24.728830 129.661316 72.446945
v -24.581663 129.661316 72.171616
v -24.383610 129.661316 71.930283
v -24.142282 129.661316 71.732231
v -23.866953 129.661316 71.585068
v -23.568203 129.661316 71.494438
v -23.257513 129.661316 71.463837
v -22.946823 129.661316 71.494438
v -22.648073 129.661316 71.585068
v -22.372744 129.661316 71.732231
v -22.131416 129.661316 71.930283
v -21.933363 129.661316 72.171616
v -21.786196 129.661316 72.446945
v -21.695572 129.661316 72.745689
v -21.664970 129.661316 73.056381
v -21.695572 129.661316 73.367073
v -21.786196 129.661316 73.665817
v -21.933363 129.661316 73.941147
v -22.131416 129.661316 74.182480
v -22.372744 129.661316 74.380531
v -22.648073 129.661316 74.527695
v -22.946823 129.661316 74.618324
v -23.257513 129.661316 74.648926
v -23.568203 129.661316 74.618324
v -23.866953 129.661316 74.527695
v -24.142282 129.661316 74.380531
v -24.383610 129.661316 74.182480
v -24.581663 129.661316 73.941147
v -24.728830 129.661316 73.665817
v -24.819454 129.661316 73.367073
v -24.850056 129.661316 73.056381
v -24.819454 129.661316 72.745689
v -24.728830 129.661316 72.446945
v -24.581663 129.661316 72.171616
v -24.383610 129.661316 71.930283
v -24.142282 129.661316 71.732231
v -23.866953 129.661316 71.585068
v -23.568203 129.661316 71.494438
v -23.257513 129.661316 71.463837
v -22.946823 129.661316 71.494438
v -22.648073 129.661316 71.585068
v -22.372744 129.661316 71.732231
v -22.131416 129.661316 71.930283
v -21.933363 129.661316 72.171616
v -21.786196 129.661316 72.446945
v -21.695572 129.661316 72.745689
v -21.664970 129.661316 73.056381
v -21.695572 129.661316 73.367073
v -21.786196 129.661316 73.665817
v -21.933363 129.661316 73.941147
v -22.131416 129.661316 74.182480
v -22.372744 129.661316 74.380531
v -22.648073 129.661316 74.527695
v -22.946823 129.661316 74.618324
v -23.257513 129.661316 74.648926
v -23.568203 129.661316 74.618324
v -23.866953 129.661316 74.527695
v -24.142282 129.661316 74.380531
v -24.383610 129.661316 74.182480
v -24.581663 129.661316 73.941147
v -24.728830 129.661316 73.665817
v -24.819454 129.661316 73.367073
v -24.850056 129.661316 73.056381
v -24.819454 129.661316 72.745689
v -24.728830 129.661316 72.446945
v -24.581663 129.661316 72.171616
v -24.383610 129.661316 71.930283
v -24.142282 129.661316 71.732231
v -23.866953 129.661316 71.585068
v -23.568203 129.661316 71.494438
v -23.257513 129.661316 71.463837
v -22.946823 129.661316 71.494438
v -22.648073 129.661316 71.585068
v -22.372744 129.661316 71.732231
v -22.131416 129.661316 71.930283
v -21.933363 129.661316 72.171616
v -21.786196 129.661316 72.446945
v -21.695572 129.661316 72.745689
v -21.664970 129.661316 73.056381
v -21.695572 129.661316 73.367073
v -21.786196 129.661316 73.665817
v -21.933363 129.661316 73.941147
v -22.131416 129.661316 74.182480
v -22.372744 129.661316 74.380531
v -22.648073 129.661316 74.527695
v -22.946823 129.661316 74.618324
vn -0.0000 -1.0000 -0.0000
vn -0.0000 0.9949 0.1005
vn -0.0196 0.9949 0.0986
vn -0.0385 0.9949 0.0929
vn -0.0558 0.9949 0.0836
vn -0.0711 0.9949 0.0711
vn -0.0836 0.9949 0.0558
vn -0.0929 0.9949 0.0385
vn -0.0986 0.9949 0.0196
vn -0.1005 0.9949 -0.0000
vn -0.0986 0.9949 -0.0196
vn -0.0929 0.9949 -0.0385
vn -0.0836 0.9949 -0.0558
vn -0.0711 0.9949 -0.0711
vn -0.0558 0.9949 -0.0836
vn -0.0385 0.9949 -0.0929
vn -0.0196 0.9949 -0.0986
vn -0.0000 0.9949 -0.1005
vn 0.0196 0.9949 -0.0986
vn 0.0385 0.9949 -0.0929
vn 0.0558 0.9949 -0.0836
vn 0.0711 0.9949 -0.0711
vn 0.0836 0.9949 -0.0558
vn 0.0929 0.9949 -0.0385
vn 0.0986 0.9949 -0.0196
vn 0.1005 0.9949 -0.0000
vn 0.0986 0.9949 0.0196
vn 0.0929 0.9949 0.0385
vn 0.0836 0.9949 0.0558
vn 0.0711 0.9949 0.0711
vn 0.0558 0.9949 0.0836
vn 0.0385 0.9949 0.0929
vn 0.0196 0.9949 0.0986
vn -0.0000 0.9955 0.0943
vn -0.0184 0.9955 0.0925
vn -0.0361 0.9955 0.0871
vn -0.0524 0.9955 0.0784
vn -0.0667 0.9955 0.0667
vn -0.0784 0.9955 0.0524
vn -0.0871 0.9955 0.0361
vn -0.0925 0.9955 0.0184
vn -0.0943 0.9955 -0.0000
vn -0.0925 0.9955 -0.0184
vn -0.0871 0.9955 -0.0361
vn -0.0784 0.9955 -0.0524
vn -0.0667 0.9955 -0.0667
vn -0.0524 0.9955 -0.0784
vn -0.0361 0.9955 -0.0871
vn -0.0184 0.9955 -0.0925
vn -0.0000 0.9955 -0.0943
vn 0.0184 0.9955 -0.0925
vn 0.0361 0.9955 -0.0871
vn 0.0524 0.9955 -0.0784
vn 0.0667 0.9955 -0.0667
vn 0.0784 0.9955 -0.0524
vn 0.0871 0.9955 -0.0361
vn 0.0925 0.9955 -0.0184
vn 0.0943 0.9955 -0.0000
vn 0.0925 0.9955 0.0184
vn 0.0871 0.9955 0.0361
vn 0.0784 0.9955 0.0524
vn 0.0667 0.9955 0.0667
vn 0.0524 0.9955 0.0784
vn 0.0361 0.9955 0.0871
vn 0.0184 0.9955 0.0925
vn -0.0000 1.0000 -0.0000
vt 0.835768 0.814306
vt 0.835686 0.818363
vt 0.836788 0.820420
vt 0.836871 0.816340
vt 0.837424 0.822569
vt 0.837509 0.818466
vt 0.837562 0.824729
vt 0.837647 0.820601
vt 0.837186 0.826814
vt 0.837272 0.822664
vt 0.836303 0.828741
vt 0.836388 0.824570
vt 0.834940 0.830428
vt 0.835023 0.826238
vt 0.833145 0.831802
vt 0.833227 0.827596
vt 0.830989 0.832802
vt 0.831069 0.828585
vt 0.828559 0.833383
vt 0.828636 0.829160
vt 0.825956 0.833517
vt 0.826030 0.829293
vt 0.823291 0.833200
vt 0.823362 0.828979
vt 0.820675 0.832446
vt 0.820743 0.828233
vt 0.818219 0.831288
vt 0.818284 0.827088
vt 0.816022 0.829779
vt 0.816085 0.825596
vt 0.814172 0.827986
vt 0.814232 0.823822
vt 0.812737 0.825984
vt 0.812795 0.821843
vt 0.811767 0.823859
vt 0.811824 0.819741
vt 0.811293 0.821693
vt 0.811348 0.817599
vt 0.811322 0.819572
vt 0.811377 0.815502
vt 0.811844 0.817574
vt 0.811900 0.813525
vt 0.812832 0.815770
vt 0.812888 0.811742
vt 0.814241 0.814223
vt 0.814299 0.810212
vt 0.816017 0.812985
vt 0.816076 0.808988
vt 0.818091 0.812096
vt 0.818152 0.808109
vt 0.820389 0.811584
vt 0.820452 0.807603
vt 0.822829 0.811466
vt 0.822895 0.807486
vt 0.825327 0.811744
vt 0.825396 0.807761
vt 0.827796 0.812411
vt 0.827867 0.808421
vt 0.830148 0.813446
vt 0.830222 0.809444
vt 0.832299 0.814815
vt 0.832376 0.810797
vt 0.834169 0.816472
vt 0.834249 0.812437
vt 0.889539 0.815137
vt 0.891039 0.816720
vt 0.891892 0.818368
vt 0.892057 0.820020
vt 0.891516 0.821610
vt 0.890281 0.823076
vt 0.888393 0.824356
vt 0.885921 0.825396
vt 0.882960 0.826152
vt 0.879630 0.826591
vt 0.876067 0.826693
vt 0.872418 0.826453
vt 0.868835 0.825883
vt 0.865463 0.825007
vt 0.862440 0.823864
vt 0.859883 0.822502
vt 0.857890 0.820978
vt 0.856531 0.819355
vt 0.855851 0.817697
vt 0.855865 0.816068
vt 0.856563 0.814529
vt 0.857910 0.813136
vt 0.859847 0.811940
vt 0.862298 0.810980
vt 0.865171 0.810290
vt 0.868360 0.809892
vt 0.871750 0.809800
vt 0.875219 0.810017
vt 0.878646 0.810535
vt 0.881906 0.811338
vt 0.884880 0.812398
vt 0.887458 0.813679
vt 0.834078 0.816720
vt 0.833235 0.815137
vt 0.834558 0.818368
vt 0.834651 0.820020
vt 0.834347 0.821610
vt 0.833652 0.823076
vt 0.832590 0.824356
vt 0.831199 0.825396
vt 0.829534 0.826152
vt 0.827661 0.826591
vt 0.825657 0.826693
vt 0.823604 0.826453
vt 0.821588 0.825883
vt 0.819692 0.825007
vt 0.817991 0.823864
vt 0.816553 0.822502
vt 0.815432 0.820978
vt 0.814668 0.819355
vt 0.814285 0.817697
vt 0.814293 0.816068
vt 0.814686 0.814529
vt 0.815443 0.813136
vt 0.816533 0.811940
vt 0.817912 0.810980
vt 0.819528 0.810290
vt 0.821321 0.809892
vt 0.823228 0.809800
vt 0.825180 0.810017
vt 0.827107 0.810535
vt 0.828941 0.811338
vt 0.830614 0.812398
vt 0.832064 0.813679
s 1
usemtl Material.051
f 65/1/34 2/2/2 4/3/3 66/4/35
f 66/4/35 4/3/3 6/5/4 67/6/36
f 67/6/36 6/5/4 8/7/5 68/8/37
f 68/8/37 8/7/5 10/9/6 69/10/38
f 69/10/38 10/9/6 12/11/7 70/12/39
f 70/12/39 12/11/7 14/13/8 71/14/40
f 71/14/40 14/13/8 16/15/9 72/16/41
f 72/16/41 16/15/9 18/17/10 73/18/42
f 73/18/42 18/17/10 20/19/11 74/20/43
f 74/20/43 20/19/11 22/21/12 75/22/44
f 75/22/44 22/21/12 24/23/13 76/24/45
f 76/24/45 24/23/13 26/25/14 77/26/46
f 77/26/46 26/25/14 28/27/15 78/28/47
f 78/28/47 28/27/15 30/29/16 79/30/48
f 79/30/48 30/29/16 32/31/17 80/32/49
f 80/32/49 32/31/17 34/33/18 81/34/50
f 81/34/50 34/33/18 36/35/19 82/36/51
f 82/36/51 36/35/19 38/37/20 83/38/52
f 83/38/52 38/37/20 40/39/21 84/40/53
f 84/40/53 40/39/21 42/41/22 85/42/54
f 85/42/54 42/41/22 44/43/23 86/44/55
f 86/44/55 44/43/23 46/45/24 87/46/56
f 87/46/56 46/45/24 48/47/25 88/48/57
f 88/48/57 48/47/25 50/49/26 89/50/58
f 89/50/58 50/49/26 52/51/27 90/52/59
f 90/52/59 52/51/27 54/53/28 91/54/60
f 91/54/60 54/53/28 56/55/29 92/56/61
f 92/56/61 56/55/29 58/57/30 93/58/62
f 93/58/62 58/57/30 60/59/31 94/60/63
f 94/60/63 60/59/31 62/61/32 95/62/64
f 4/3/3 2/2/2 64/63/33 62/61/32 60/59/31 58/57/30 56/55/29 54/53/28 52/51/27 50/49/26 48/47/25 46/45/24 44/43/23 42/41/22 40/39/21 38/37/20 36/35/19 34/33/18 32/31/17 30/29/16 28/27/15 26/25/14 24/23/13 22/21/12 20/19/11 18/17/10 16/15/9 14/13/8 12/11/7 10/9/6 8/7/5 6/5/4
f 95/62/64 62/61/32 64/63/33 96/64/65
f 96/64/65 64/63/33 2/2/2 65/1/34
f 98/4/66 97/1/66 65/1/34 66/4/35
f 99/6/66 98/4/66 66/4/35 67/6/36
f 100/8/66 99/6/66 67/6/36 68/8/37
f 101/10/66 100/8/66 68/8/37 69/10/38
f 102/12/66 101/10/66 69/10/38 70/12/39
f 103/14/66 102/12/66 70/12/39 71/14/40
f 104/16/66 103/14/66 71/14/40 72/16/41
f 105/18/66 104/16/66 72/16/41 73/18/42
f 106/20/66 105/18/66 73/18/42 74/20/43
f 107/22/66 106/20/66 74/20/43 75/22/44
f 108/24/66 107/22/66 75/22/44 76/24/45
f 109/26/66 108/24/66 76/24/45 77/26/46
f 110/28/66 109/26/66 77/26/46 78/28/47
f 111/30/66 110/28/66 78/28/47 79/30/48
f 112/32/66 111/30/66 79/30/48 80/32/49
f 113/34/66 112/32/66 80/32/49 81/34/50
f 114/36/66 113/34/66 81/34/50 82/36/51
f 115/38/66 114/36/66 82/36/51 83/38/52
f 116/40/66 115/38/66 83/38/52 84/40/53
f 117/42/66 116/40/66 84/40/53 85/42/54
f 118/44/66 117/42/66 85/42/54 86/44/55
f 119/46/66 118/44/66 86/44/55 87/46/56
f 120/48/66 119/46/66 87/46/56 88/48/57
f 121/50/66 120/48/66 88/48/57 89/50/58
f 122/52/66 121/50/66 89/50/58 90/52/59
f 123/54/66 122/52/66 90/52/59 91/54/60
f 124/56/66 123/54/66 91/54/60 92/56/61
f 125/58/66 124/56/66 92/56/61 93/58/62
f 126/60/66 125/58/66 93/58/62 94/60/63
f 127/62/66 126/60/66 94/60/63 95/62/64
f 128/64/66 127/62/66 95/62/64 96/64/65
f 97/1/66 128/64/66 96/64/65 65/1/34
f 130/4/66 129/1/66 97/1/66 98/4/66
f 131/6/66 130/4/66 98/4/66 99/6/66
f 132/8/66 131/6/66 99/6/66 100/8/66
f 133/10/66 132/8/66 100/8/66 101/10/66
f 134/12/66 133/10/66 101/10/66 102/12/66
f 135/14/66 134/12/66 102/12/66 103/14/66
f 136/16/66 135/14/66 103/14/66 104/16/66
f 137/18/66 136/16/66 104/16/66 105/18/66
f 138/20/66 137/18/66 105/18/66 106/20/66
f 139/22/66 138/20/66 106/20/66 107/22/66
f 140/24/66 139/22/66 107/22/66 108/24/66
f 141/26/66 140/24/66 108/24/66 109/26/66
f 142/28/66 141/26/66 109/26/66 110/28/66
f 143/30/66 142/28/66 110/28/66 111/30/66
f 144/32/66 143/30/66 111/30/66 112/32/66
f 145/34/66 144/32/66 112/32/66 113/34/66
f 146/36/66 145/34/66 113/34/66 114/36/66
f 147/38/66 146/36/66 114/36/66 115/38/66
f 148/40/66 147/38/66 115/38/66 116/40/66
f 149/42/66 148/40/66 116/40/66 117/42/66
f 150/44/66 149/42/66 117/42/66 118/44/66
f 151/46/66 150/44/66 118/44/66 119/46/66
f 152/48/66 151/46/66 119/46/66 120/48/66
f 153/50/66 152/48/66 120/48/66 121/50/66
f 154/52/66 153/50/66 121/50/66 122/52/66
f 155/54/66 154/52/66 122/52/66 123/54/66
f 156/56/66 155/54/66 123/54/66 124/56/66
f 157/58/66 156/56/66 124/56/66 125/58/66
f 158/60/66 157/58/66 125/58/66 126/60/66
f 159/62/66 158/60/66 126/60/66 127/62/66
f 160/64/66 159/62/66 127/62/66 128/64/66
f 129/1/66 160/64/66 128/64/66 97/1/66
f 3/97/1 1/98/1 129/1/66 130/4/66
f 5/99/1 3/97/1 130/4/66 131/6/66
f 7/100/1 5/99/1 131/6/66 132/8/66
f 9/101/1 7/100/1 132/8/66 133/10/66
f 11/102/1 9/101/1 133/10/66 134/12/66
f 13/103/1 11/102/1 134/12/66 135/14/66
f 15/104/1 13/103/1 135/14/66 136/16/66
f 17/105/1 15/104/1 136/16/66 137/18/66
f 19/106/1 17/105/1 137/18/66 138/20/66
f 21/107/1 19/106/1 138/20/66 139/22/66
f 23/108/1 21/107/1 139/22/66 140/24/66
f 25/109/1 23/108/1 140/24/66 141/26/66
f 27/110/1 25/109/1 141/26/66 142/28/66
f 29/111/1 27/110/1 142/28/66 143/30/66
f 31/112/1 29/111/1 143/30/66 144/32/66
f 33/113/1 31/112/1 144/32/66 145/34/66
f 35/114/1 33/113/1 145/34/66 146/36/66
f 37/115/1 35/114/1 146/36/66 147/38/66
f 39/116/1 37/115/1 147/38/66 148/40/66
f 41/117/1 39/116/1 148/40/66 149/42/66
f 43/118/1 41/117/1 149/42/66 150/44/66
f 45/119/1 43/118/1 150/44/66 151/46/66
f 47/120/1 45/119/1 151/46/66 152/48/66
f 49/121/1 47/120/1 152/48/66 153/50/66
f 51/122/1 49/121/1 153/50/66 154/52/66
f 53/123/1 51/122/1 154/52/66 155/54/66
f 55/124/1 53/123/1 155/54/66 156/56/66
f 57/125/1 55/124/1 156/56/66 157/58/66
f 59/126/1 57/125/1 157/58/66 158/60/66
f 61/127/1 59/126/1 158/60/66 159/62/66
f 63/128/1 61/127/1 159/62/66 160/64/66
f 1/98/1 63/128/1 160/64/66 129/1/66
usemtl Material.051
f 1/65/1 3/66/1 5/67/1 7/68/1 9/69/1 11/70/1 13/71/1 15/72/1 17/73/1 19/74/1 21/75/1 23/76/1 25/77/1 27/78/1 29/79/1 31/80/1 33/81/1 35/82/1 37/83/1 39/84/1 41/85/1 43/86/1 45/87/1 47/88/1 49/89/1 51/90/1 53/91/1 55/92/1 57/93/1 59/94/1 61/95/1 63/96/1
o Cylinder.220
v -8.309525 129.661316 93.217239
v -8.667896 129.964447 93.217239
v -8.285811 129.661316 92.976463
v -8.637297 129.964447 92.906548
v -8.215580 129.661316 92.744942
v -8.546672 129.964447 92.607803
v -8.101530 129.661316 92.531570
v -8.399506 129.964447 92.332474
v -7.948045 129.661316 92.344551
v -8.201452 129.964447 92.091141
v -7.761024 129.661316 92.191063
v -7.960124 129.964447 91.893089
v -7.547652 129.661316 92.077011
v -7.684795 129.964447 91.745926
v -7.316130 129.661316 92.006783
v -7.386045 129.964447 91.655296
v -7.075355 129.661316 91.983070
v -7.075356 129.964447 91.624695
v -6.834580 129.661316 92.006783
v -6.764666 129.964447 91.655296
v -6.603058 129.661316 92.077011
v -6.465916 129.964447 91.745918
v -6.389686 129.661316 92.191063
v -6.190586 129.964447 91.893089
v -6.202664 129.661316 92.344551
v -5.949258 129.964447 92.091141
v -6.049179 129.661316 92.531570
v -5.751204 129.964447 92.332466
v -5.935129 129.661316 92.744942
v -5.604037 129.964447 92.607796
v -5.864898 129.661316 92.976463
v -5.513412 129.964447 92.906548
v -5.841183 129.661316 93.217239
v -5.482812 129.964447 93.217239
v -5.864897 129.661316 93.458015
v -5.513412 129.964447 93.527931
v -5.935128 129.661316 93.689537
v -5.604036 129.964447 93.826675
v -6.049178 129.661316 93.902908
v -5.751203 129.964447 94.102005
v -6.202663 129.661316 94.089928
v -5.949256 129.964447 94.343338
v -6.389685 129.661316 94.243416
v -6.190584 129.964447 94.541389
v -6.603056 129.661316 94.357468
v -6.465913 129.964447 94.688553
v -6.834579 129.661316 94.427696
v -6.764663 129.964447 94.779182
v -7.075353 129.661316 94.451408
v -7.075353 129.964447 94.809784
v -7.316128 129.661316 94.427696
v -7.386043 129.964447 94.779182
v -7.547650 129.661316 94.357468
v -7.684793 129.964447 94.688560
v -7.761022 129.661316 94.243416
v -7.960122 129.964447 94.541389
v -7.948044 129.661316 94.089928
v -8.201450 129.964447 94.343338
v -8.101529 129.661316 93.902908
v -8.399504 129.964447 94.102013
v -8.215579 129.661316 93.689537
v -8.546671 129.964447 93.826683
v -8.285810 129.661316 93.458015
v -8.637296 129.964447 93.527931
v -8.667896 129.661316 93.217239
v -8.637297 129.661316 92.906548
v -8.546672 129.661316 92.607803
v -8.399506 129.661316 92.332474
v -8.201452 129.661316 92.091141
v -7.960124 129.661316 91.893089
v -7.684795 129.661316 91.745926
v -7.386045 129.661316 91.655296
v -7.075356 129.661316 91.624695
v -6.764666 129.661316 91.655296
v -6.465916 129.661316 91.745918
v -6.190586 129.661316 91.893089
v -5.949258 129.661316 92.091141
v -5.751204 129.661316 92.332466
v -5.604037 129.661316 92.607796
v -5.513412 129.661316 92.906548
v -5.482812 129.661316 93.217239
v -5.513412 129.661316 93.527931
v -5.604036 129.661316 93.826675
v -5.751203 129.661316 94.102005
v -5.949256 129.661316 94.343338
v -6.190584 129.661316 94.541389
v -6.465913 129.661316 94.688553
v -6.764663 129.661316 94.779182
v -7.075353 129.661316 94.809784
v -7.386043 129.661316 94.779182
v -7.684793 129.661316 94.688560
v -7.960122 129.661316 94.541389
v -8.201450 129.661316 94.343338
v -8.399504 129.661316 94.102013
v -8.546671 129.661316 93.826683
v -8.637296 129.661316 93.527931
v -8.667896 129.661316 93.217239
v -8.637297 129.661316 92.906548
v -8.546672 129.661316 92.607803
v -8.399506 129.661316 92.332474
v -8.201452 129.661316 92.091141
v -7.960124 129.661316 91.893089
v -7.684795 129.661316 91.745926
v -7.386045 129.661316 91.655296
v -7.075356 129.661316 91.624695
v -6.764666 129.661316 91.655296
v -6.465916 129.661316 91.745918
v -6.190586 129.661316 91.893089
v -5.949258 129.661316 92.091141
v -5.751204 129.661316 92.332466
v -5.604037 129.661316 92.607796
v -5.513412 129.661316 92.906548
v -5.482812 129.661316 93.217239
v -5.513412 129.661316 93.527931
v -5.604036 129.661316 93.826675
v -5.751203 129.661316 94.102005
v -5.949256 129.661316 94.343338
v -6.190584 129.661316 94.541389
v -6.465913 129.661316 94.688553
v -6.764663 129.661316 94.779182
v -7.075353 129.661316 94.809784
v -7.386043 129.661316 94.779182
v -7.684793 129.661316 94.688560
v -7.960122 129.661316 94.541389
v -8.201450 129.661316 94.343338
v -8.399504 129.661316 94.102013
v -8.546671 129.661316 93.826683
v -8.637296 129.661316 93.527931
v -8.667896 129.661316 93.217239
v -8.637297 129.661316 92.906548
v -8.546672 129.661316 92.607803
v -8.399506 129.661316 92.332474
v -8.201452 129.661316 92.091141
v -7.960124 129.661316 91.893089
v -7.684795 129.661316 91.745926
v -7.386045 129.661316 91.655296
v -7.075356 129.661316 91.624695
v -6.764666 129.661316 91.655296
v -6.465916 129.661316 91.745918
v -6.190586 129.661316 91.893089
v -5.949258 129.661316 92.091141
v -5.751204 129.661316 92.332466
v -5.604037 129.661316 92.607796
v -5.513412 129.661316 92.906548
v -5.482812 129.661316 93.217239
v -5.513412 129.661316 93.527931
v -5.604036 129.661316 93.826675
v -5.751203 129.661316 94.102005
v -5.949256 129.661316 94.343338
v -6.190584 129.661316 94.541389
v -6.465913 129.661316 94.688553
v -6.764663 129.661316 94.779182
v -7.075353 129.661316 94.809784
v -7.386043 129.661316 94.779182
v -7.684793 129.661316 94.688560
v -7.960122 129.661316 94.541389
v -8.201450 129.661316 94.343338
v -8.399504 129.661316 94.102013
v -8.546671 129.661316 93.826683
v -8.637296 129.661316 93.527931
vn -0.0000 -1.0000 -0.0000
vn -0.1005 0.9949 -0.0000
vn -0.0986 0.9949 -0.0196
vn -0.0929 0.9949 -0.0385
vn -0.0836 0.9949 -0.0558
vn -0.0711 0.9949 -0.0711
vn -0.0558 0.9949 -0.0836
vn -0.0385 0.9949 -0.0929
vn -0.0196 0.9949 -0.0986
vn -0.0000 0.9949 -0.1005
vn 0.0196 0.9949 -0.0986
vn 0.0385 0.9949 -0.0929
vn 0.0558 0.9949 -0.0836
vn 0.0711 0.9949 -0.0711
vn 0.0836 0.9949 -0.0558
vn 0.0929 0.9949 -0.0385
vn 0.0986 0.9949 -0.0196
vn 0.1005 0.9949 -0.0000
vn 0.0986 0.9949 0.0196
vn 0.0929 0.9949 0.0385
vn 0.0836 0.9949 0.0558
vn 0.0711 0.9949 0.0711
vn 0.0558 0.9949 0.0836
vn 0.0385 0.9949 0.0929
vn 0.0196 0.9949 0.0986
vn -0.0000 0.9949 0.1005
vn -0.0196 0.9949 0.0986
vn -0.0385 0.9949 0.0929
vn -0.0558 0.9949 0.0836
vn -0.0711 0.9949 0.0711
vn -0.0836 0.9949 0.0558
vn -0.0929 0.9949 0.0385
vn -0.0986 0.9949 0.0196
vn -0.0943 0.9955 -0.0000
vn -0.0925 0.9955 -0.0184
vn -0.0871 0.9955 -0.0361
vn -0.0784 0.9955 -0.0524
vn -0.0667 0.9955 -0.0667
vn -0.0524 0.9955 -0.0784
vn -0.0361 0.9955 -0.0871
vn -0.0184 0.9955 -0.0925
vn -0.0000 0.9955 -0.0943
vn 0.0184 0.9955 -0.0925
vn 0.0361 0.9955 -0.0871
vn 0.0524 0.9955 -0.0784
vn 0.0667 0.9955 -0.0667
vn 0.0784 0.9955 -0.0524
vn 0.0871 0.9955 -0.0361
vn 0.0925 0.9955 -0.0184
vn 0.0943 0.9955 -0.0000
vn 0.0925 0.9955 0.0184
vn 0.0871 0.9955 0.0361
vn 0.0784 0.9955 0.0524
vn 0.0667 0.9955 0.0667
vn 0.0524 0.9955 0.0784
vn 0.0361 0.9955 0.0871
vn 0.0184 0.9955 0.0925
vn -0.0000 0.9955 0.0943
vn -0.0184 0.9955 0.0925
vn -0.0361 0.9955 0.0871
vn -0.0524 0.9955 0.0784
vn -0.0667 0.9955 0.0667
vn -0.0784 0.9955 0.0524
vn -0.0871 0.9955 0.0361
vn -0.0925 0.9955 0.0184
vn -0.0000 1.0000 -0.0000
vt 0.835768 0.814306
vt 0.835686 0.818363
vt 0.836788 0.820420
vt 0.836871 0.816340
vt 0.837424 0.822569
vt 0.837509 0.818466
vt 0.837562 0.824729
vt 0.837647 0.820601
vt 0.837186 0.826814
vt 0.837272 0.822664
vt 0.836303 0.828741
vt 0.836388 0.824570
vt 0.834940 0.830428
vt 0.835023 0.826238
vt 0.833145 0.831802
vt 0.833227 0.827596
vt 0.830989 0.832802
vt 0.831069 0.828585
vt 0.828559 0.833383
vt 0.828636 0.829160
vt 0.825956 0.833517
vt 0.826030 0.829293
vt 0.823291 0.833200
vt 0.823362 0.828979
vt 0.820675 0.832446
vt 0.820743 0.828233
vt 0.818219 0.831288
vt 0.818284 0.827088
vt 0.816022 0.829779
vt 0.816085 0.825596
vt 0.814172 0.827986
vt 0.814232 0.823822
vt 0.812737 0.825984
vt 0.812795 0.821843
vt 0.811767 0.823859
vt 0.811824 0.819741
vt 0.811293 0.821693
vt 0.811348 0.817599
vt 0.811322 0.819572
vt 0.811377 0.815502
vt 0.811844 0.817574
vt 0.811900 0.813525
vt 0.812832 0.815770
vt 0.812888 0.811742
vt 0.814241 0.814223
vt 0.814299 0.810212
vt 0.816017 0.812985
vt 0.816076 0.808988
vt 0.818091 0.812096
vt 0.818152 0.808109
vt 0.820389 0.811584
vt 0.820452 0.807603
vt 0.822829 0.811466
vt 0.822895 0.807486
vt 0.825327 0.811744
vt 0.825396 0.807761
vt 0.827796 0.812411
vt 0.827867 0.808421
vt 0.830148 0.813446
vt 0.830222 0.809444
vt 0.832299 0.814815
vt 0.832376 0.810797
vt 0.834169 0.816472
vt 0.834249 0.812437
vt 0.889539 0.815137
vt 0.891039 0.816720
vt 0.891892 0.818368
vt 0.892057 0.820020
vt 0.891516 0.821610
vt 0.890281 0.823076
vt 0.888393 0.824356
vt 0.885921 0.825396
vt 0.882960 0.826152
vt 0.879630 0.826591
vt 0.876067 0.826693
vt 0.872418 0.826453
vt 0.868835 0.825883
vt 0.865463 0.825007
vt 0.862440 0.823864
vt 0.859883 0.822502
vt 0.857890 0.820978
vt 0.856531 0.819355
vt 0.855851 0.817697
vt 0.855865 0.816068
vt 0.856563 0.814529
vt 0.857910 0.813136
vt 0.859847 0.811940
vt 0.862298 0.810980
vt 0.865171 0.810290
vt 0.868360 0.809892
vt 0.871750 0.809800
vt 0.875219 0.810017
vt 0.878646 0.810535
vt 0.881906 0.811338
vt 0.884880 0.812398
vt 0.887458 0.813679
vt 0.834078 0.816720
vt 0.833235 0.815137
vt 0.834558 0.818368
vt 0.834651 0.820020
vt 0.834347 0.821610
vt 0.833652 0.823076
vt 0.832590 0.824356
vt 0.831199 0.825396
vt 0.829534 0.826152
vt 0.827661 0.826591
vt 0.825657 0.826693
vt 0.823604 0.826453
vt 0.821588 0.825883
vt 0.819692 0.825007
vt 0.817991 0.823864
vt 0.816553 0.822502
vt 0.815432 0.820978
vt 0.814668 0.819355
vt 0.814285 0.817697
vt 0.814293 0.816068
vt 0.814686 0.814529
vt 0.815443 0.813136
vt 0.816533 0.811940
vt 0.817912 0.810980
vt 0.819528 0.810290
vt 0.821321 0.809892
vt 0.823228 0.809800
vt 0.825180 0.810017
vt 0.827107 0.810535
vt 0.828941 0.811338
vt 0.830614 0.812398
vt 0.832064 0.813679
s 1
usemtl Material.052
f 225/129/100 162/130/68 164/131/69 226/132/101
f 226/132/101 164/131/69 166/133/70 227/134/102
f 227/134/102 166/133/70 168/135/71 228/136/103
f 228/136/103 168/135/71 170/137/72 229/138/104
f 229/138/104 170/137/72 172/139/73 230/140/105
f 230/140/105 172/139/73 174/141/74 231/142/106
f 231/142/106 174/141/74 176/143/75 232/144/107
f 232/144/107 176/143/75 178/145/76 233/146/108
f 233/146/108 178/145/76 180/147/77 234/148/109
f 234/148/109 180/147/77 182/149/78 235/150/110
f 235/150/110 182/149/78 184/151/79 236/152/111
f 236/152/111 184/151/79 186/153/80 237/154/112
f 237/154/112 186/153/80 188/155/81 238/156/113
f 238/156/113 188/155/81 190/157/82 239/158/114
f 239/158/114 190/157/82 192/159/83 240/160/115
f 240/160/115 192/159/83 194/161/84 241/162/116
f 241/162/116 194/161/84 196/163/85 242/164/117
f 242/164/117 196/163/85 198/165/86 243/166/118
f 243/166/118 198/165/86 200/167/87 244/168/119
f 244/168/119 200/167/87 202/169/88 245/170/120
f 245/170/120 202/169/88 204/171/89 246/172/121
f 246/172/121 204/171/89 206/173/90 247/174/122
f 247/174/122 206/173/90 208/175/91 248/176/123
f 248/176/123 208/175/91 210/177/92 249/178/124
f 249/178/124 210/177/92 212/179/93 250/180/125
f 250/180/125 212/179/93 214/181/94 251/182/126
f 251/182/126 214/181/94 216/183/95 252/184/127
f 252/184/127 216/183/95 218/185/96 253/186/128
f 253/186/128 218/185/96 220/187/97 254/188/129
f 254/188/129 220/187/97 222/189/98 255/190/130
f 164/131/69 162/130/68 224/191/99 222/189/98 220/187/97 218/185/96 216/183/95 214/181/94 212/179/93 210/177/92 208/175/91 206/173/90 204/171/89 202/169/88 200/167/87 198/165/86 196/163/85 194/161/84 192/159/83 190/157/82 188/155/81 186/153/80 184/151/79 182/149/78 180/147/77 178/145/76 176/143/75 174/141/74 172/139/73 170/137/72 168/135/71 166/133/70
f 255/190/130 222/189/98 224/191/99 256/192/131
f 256/192/131 224/191/99 162/130/68 225/129/100
f 258/132/132 257/129/132 225/129/100 226/132/101
f 259/134/132 258/132/132 226/132/101 227/134/102
f 260/136/132 259/134/132 227/134/102 228/136/103
f 261/138/132 260/136/132 228/136/103 229/138/104
f 262/140/132 261/138/132 229/138/104 230/140/105
f 263/142/132 262/140/132 230/140/105 231/142/106
f 264/144/132 263/142/132 231/142/106 232/144/107
f 265/146/132 264/144/132 232/144/107 233/146/108
f 266/148/132 265/146/132 233/146/108 234/148/109
f 267/150/132 266/148/132 234/148/109 235/150/110
f 268/152/132 267/150/132 235/150/110 236/152/111
f 269/154/132 268/152/132 236/152/111 237/154/112
f 270/156/132 269/154/132 237/154/112 238/156/113
f 271/158/132 270/156/132 238/156/113 239/158/114
f 272/160/132 271/158/132 239/158/114 240/160/115
f 273/162/132 272/160/132 240/160/115 241/162/116
f 274/164/132 273/162/132 241/162/116 242/164/117
f 275/166/132 274/164/132 242/164/117 243/166/118
f 276/168/132 275/166/132 243/166/118 244/168/119
f 277/170/132 276/168/132 244/168/119 245/170/120
f 278/172/132 277/170/132 245/170/120 246/172/121
f 279/174/132 278/172/132 246/172/121 247/174/122
f 280/176/132 279/174/132 247/174/122 248/176/123
f 281/178/132 280/176/132 248/176/123 249/178/124
f 282/180/132 281/178/132 249/178/124 250/180/125
f 283/182/132 282/180/132 250/180/125 251/182/126
f 284/184/132 283/182/132 251/182/126 252/184/127
f 285/186/132 284/184/132 252/184/127 253/186/128
f 286/188/132 285/186/132 253/186/128 254/188/129
f 287/190/132 286/188/132 254/188/129 255/190/130
f 288/192/132 287/190/132 255/190/130 256/192/131
f 257/129/132 288/192/132 256/192/131 225/129/100
f 290/132/132 289/129/132 257/129/132 258/132/132
f 291/134/132 290/132/132 258/132/132 259/134/132
f 292/136/132 291/134/132 259/134/132 260/136/132
f 293/138/132 292/136/132 260/136/132 261/138/132
f 294/140/132 293/138/132 261/138/132 262/140/132
f 295/142/132 294/140/132 262/140/132 263/142/132
f 296/144/132 295/142/132 263/142/132 264/144/132
f 297/146/132 296/144/132 264/144/132 265/146/132
f 298/148/132 297/146/132 265/146/132 266/148/132
f 299/150/132 298/148/132 266/148/132 267/150/132
f 300/152/132 299/150/132 267/150/132 268/152/132
f 301/154/132 300/152/132 268/152/132 269/154/132
f 302/156/132 301/154/132 269/154/132 270/156/132
f 303/158/132 302/156/132 270/156/132 271/158/132
f 304/160/132 303/158/132 271/158/132 272/160/132
f 305/162/132 304/160/132 272/160/132 273/162/132
f 306/164/132 305/162/132 273/162/132 274/164/132
f 307/166/132 306/164/132 274/164/132 275/166/132
f 308/168/132 307/166/132 275/166/132 276/168/132
f 309/170/132 308/168/132 276/168/132 277/170/132
f 310/172/132 309/170/132 277/170/132 278/172/132
f 311/174/132 310/172/132 278/172/132 279/174/132
f 312/176/132 311/174/132 279/174/132 280/176/132
f 313/178/132 312/176/132 280/176/132 281/178/132
f 314/180/132 313/178/132 281/178/132 282/180/132
f 315/182/132 314/180/132 282/180/132 283/182/132
f 316/184/132 315/182/132 283/182/132 284/184/132
f 317/186/132 316/184/132 284/184/132 285/186/132
f 318/188/132 317/186/132 285/186/132 286/188/132
f 319/190/132 318/188/132 286/188/132 287/190/132
f 320/192/132 319/190/132 287/190/132 288/192/132
f 289/129/132 320/192/132 288/192/132 257/129/132
f 163/225/67 161/226/67 289/129/132 290/132/132
f 165/227/67 163/225/67 290/132/132 291/134/132
f 167/228/67 165/227/67 291/134/132 292/136/132
f 169/229/67 167/228/67 292/136/132 293/138/132
f 171/230/67 169/229/67 293/138/132 294/140/132
f 173/231/67 171/230/67 294/140/132 295/142/132
f 175/232/67 173/231/67 295/142/132 296/144/132
f 177/233/67 175/232/67 296/144/132 297/146/132
f 179/234/67 177/233/67 297/146/132 298/148/132
f 181/235/67 179/234/67 298/148/132 299/150/132
f 183/236/67 181/235/67 299/150/132 300/152/132
f 185/237/67 183/236/67 300/152/132 301/154/132
f 187/238/67 185/237/67 301/154/132 302/156/132
f 189/239/67 187/238/67 302/156/132 303/158/132
f 191/240/67 189/239/67 303/158/132 304/160/132
f 193/241/67 191/240/67 304/160/132 305/162/132
f 195/242/67 193/241/67 305/162/132 306/164/132
f 197/243/67 195/242/67 306/164/132 307/166/132
f 199/244/67 197/243/67 307/166/132 308/168/132
f 201/245/67 199/244/67 308/168/132 309/170/132
f 203/246/67 201/245/67 309/170/132 310/172/132
f 205/247/67 203/246/67 310/172/132 311/174/132
f 207/248/67 205/247/67 311/174/132 312/176/132
f 209/249/67 207/248/67 312/176/132 313/178/132
f 211/250/67 209/249/67 313/178/132 314/180/132
f 213/251/67 211/250/67 314/180/132 315/182/132
f 215/252/67 213/251/67 315/182/132 316/184/132
f 217/253/67 215/252/67 316/184/132 317/186/132
f 219/254/67 217/253/67 317/186/132 318/188/132
f 221/255/67 219/254/67 318/188/132 319/190/132
f 223/256/67 221/255/67 319/190/132 320/192/132
f 161/226/67 223/256/67 320/192/132 289/129/132
usemtl Material.052
f 161/193/67 163/194/67 165/195/67 167/196/67 169/197/67 171/198/67 173/199/67 175/200/67 177/201/67 179/202/67 181/203/67 183/204/67 185/205/67 187/206/67 189/207/67 191/208/67 193/209/67 195/210/67 197/211/67 199/212/67 201/213/67 203/214/67 205/215/67 207/216/67 209/217/67 211/218/67 213/219/67 215/220/67 217/221/67 219/222/67 221/223/67 223/224/67
o Cylinder.219
v 13.930098 129.661301 93.217239
v 13.571726 129.964432 93.217239
v 13.953812 129.661301 92.976463
v 13.602326 129.964432 92.906548
v 14.024043 129.661301 92.744942
v 13.692951 129.964432 92.607803
v 14.138092 129.661301 92.531570
v 13.840117 129.964432 92.332474
v 14.291577 129.661301 92.344551
v 14.038170 129.964432 92.091141
v 14.478599 129.661301 92.191063
v 14.279498 129.964432 91.893089
v 14.691971 129.661301 92.077011
v 14.554828 129.964432 91.745926
v 14.923492 129.661301 92.006783
v 14.853578 129.964432 91.655296
v 15.164268 129.661301 91.983070
v 15.164268 129.964432 91.624695
v 15.405043 129.661301 92.006783
v 15.474957 129.964432 91.655296
v 15.636564 129.661301 92.077011
v 15.773706 129.964432 91.745918
v 15.849936 129.661301 92.191063
v 16.049036 129.964432 91.893089
v 16.036959 129.661301 92.344551
v 16.290365 129.964432 92.091141
v 16.190443 129.661301 92.531570
v 16.488419 129.964432 92.332466
v 16.304493 129.661301 92.744942
v 16.635586 129.964432 92.607796
v 16.374725 129.661301 92.976463
v 16.726210 129.964432 92.906548
v 16.398439 129.661301 93.217239
v 16.756811 129.964432 93.217239
v 16.374725 129.661301 93.458015
v 16.726212 129.964432 93.527931
v 16.304495 129.661301 93.689537
v 16.635586 129.964432 93.826675
v 16.190445 129.661301 93.902908
v 16.488420 129.964432 94.102005
v 16.036961 129.661301 94.089928
v 16.290367 129.964432 94.343338
v 15.849938 129.661301 94.243416
v 16.049038 129.964432 94.541389
v 15.636566 129.661301 94.357468
v 15.773709 129.964432 94.688553
v 15.405045 129.661301 94.427696
v 15.474959 129.964432 94.779182
v 15.164269 129.661301 94.451408
v 15.164269 129.964432 94.809784
v 14.923494 129.661301 94.427696
v 14.853580 129.964432 94.779182
v 14.691973 129.661301 94.357468
v 14.554831 129.964432 94.688560
v 14.478601 129.661301 94.243416
v 14.279501 129.964432 94.541389
v 14.291578 129.661301 94.089928
v 14.038172 129.964432 94.343338
v 14.138094 129.661301 93.902908
v 13.840118 129.964432 94.102013
v 14.024044 129.661301 93.689537
v 13.692952 129.964432 93.826683
v 13.953812 129.661301 93.458015
v 13.602327 129.964432 93.527931
v 13.571726 129.661301 93.217239
v 13.602326 129.661301 92.906548
v 13.692951 129.661301 92.607803
v 13.840117 129.661301 92.332474
v 14.038170 129.661301 92.091141
v 14.279498 129.661301 91.893089
v 14.554828 129.661301 91.745926
v 14.853578 129.661301 91.655296
v 15.164268 129.661301 91.624695
v 15.474957 129.661301 91.655296
v 15.773706 129.661301 91.745918
v 16.049036 129.661301 91.893089
v 16.290365 129.661301 92.091141
v 16.488419 129.661301 92.332466
v 16.635586 129.661301 92.607796
v 16.726210 129.661301 92.906548
v 16.756811 129.661301 93.217239
v 16.726212 129.661301 93.527931
v 16.635586 129.661301 93.826675
v 16.488420 129.661301 94.102005
v 16.290367 129.661301 94.343338
v 16.049038 129.661301 94.541389
v 15.773709 129.661301 94.688553
v 15.474959 129.661301 94.779182
v 15.164269 129.661301 94.809784
v 14.853580 129.661301 94.779182
v 14.554831 129.661301 94.688560
v 14.279501 129.661301 94.541389
v 14.038172 129.661301 94.343338
v 13.840118 129.661301 94.102013
v 13.692952 129.661301 93.826683
v 13.602327 129.661301 93.527931
v 13.571726 129.661301 93.217239
v 13.602326 129.661301 92.906548
v 13.692951 129.661301 92.607803
v 13.840117 129.661301 92.332474
v 14.038170 129.661301 92.091141
v 14.279498 129.661301 91.893089
v 14.554828 129.661301 91.745926
v 14.853578 129.661301 91.655296
v 15.164268 129.661301 91.624695
v 15.474957 129.661301 91.655296
v 15.773706 129.661301 91.745918
v 16.049036 129.661301 91.893089
v 16.290365 129.661301 92.091141
v 16.488419 129.661301 92.332466
v 16.635586 129.661301 92.607796
v 16.726210 129.661301 92.906548
v 16.756811 129.661301 93.217239
v 16.726212 129.661301 93.527931
v 16.635586 129.661301 93.826675
v 16.488420 129.661301 94.102005
v 16.290367 129.661301 94.343338
v 16.049038 129.661301 94.541389
v 15.773709 129.661301 94.688553
v 15.474959 129.661301 94.779182
v 15.164269 129.661301 94.809784
v 14.853580 129.661301 94.779182
v 14.554831 129.661301 94.688560
v 14.279501 129.661301 94.541389
v 14.038172 129.661301 94.343338
v 13.840118 129.661301 94.102013
v 13.692952 129.661301 93.826683
v 13.602327 129.661301 93.527931
v 13.571726 129.661301 93.217239
v 13.602326 129.661301 92.906548
v 13.692951 129.661301 92.607803
v 13.840117 129.661301 92.332474
v 14.038170 129.661301 92.091141
v 14.279498 129.661301 91.893089
v 14.554828 129.661301 91.745926
v 14.853578 129.661301 91.655296
v 15.164268 129.661301 91.624695
v 15.474957 129.661301 91.655296
v 15.773706 129.661301 91.745918
v 16.049036 129.661301 91.893089
v 16.290365 129.661301 92.091141
v 16.488419 129.661301 92.332466
v 16.635586 129.661301 92.607796
v 16.726210 129.661301 92.906548
v 16.756811 129.661301 93.217239
v 16.726212 129.661301 93.527931
v 16.635586 129.661301 93.826675
v 16.488420 129.661301 94.102005
v 16.290367 129.661301 94.343338
v 16.049038 129.661301 94.541389
v 15.773709 129.661301 94.688553
v 15.474959 129.661301 94.779182
v 15.164269 129.661301 94.809784
v 14.853580 129.661301 94.779182
v 14.554831 129.661301 94.688560
v 14.279501 129.661301 94.541389
v 14.038172 129.661301 94.343338
v 13.840118 129.661301 94.102013
v 13.692952 129.661301 93.826683
v 13.602327 129.661301 93.527931
vn -0.0000 -1.0000 -0.0000
vn -0.1005 0.9949 -0.0000
vn -0.0986 0.9949 -0.0196
vn -0.0929 0.9949 -0.0385
vn -0.0836 0.9949 -0.0558
vn -0.0711 0.9949 -0.0711
vn -0.0558 0.9949 -0.0836
vn -0.0385 0.9949 -0.0929
vn -0.0196 0.9949 -0.0986
vn -0.0000 0.9949 -0.1005
vn 0.0196 0.9949 -0.0986
vn 0.0385 0.9949 -0.0929
vn 0.0558 0.9949 -0.0836
vn 0.0711 0.9949 -0.0711
vn 0.0836 0.9949 -0.0558
vn 0.0929 0.9949 -0.0385
vn 0.0986 0.9949 -0.0196
vn 0.1005 0.9949 -0.0000
vn 0.0986 0.9949 0.0196
vn 0.0929 0.9949 0.0385
vn 0.0836 0.9949 0.0558
vn 0.0711 0.9949 0.0711
vn 0.0558 0.9949 0.0836
vn 0.0385 0.9949 0.0929
vn 0.0196 0.9949 0.0986
vn -0.0000 0.9949 0.1005
vn -0.0196 0.9949 0.0986
vn -0.0385 0.9949 0.0929
vn -0.0558 0.9949 0.0836
vn -0.0711 0.9949 0.0711
vn -0.0836 0.9949 0.0558
vn -0.0929 0.9949 0.0385
vn -0.0986 0.9949 0.0196
vn -0.0943 0.9955 -0.0000
vn -0.0925 0.9955 -0.0184
vn -0.0871 0.9955 -0.0361
vn -0.0784 0.9955 -0.0524
vn -0.0667 0.9955 -0.0667
vn -0.0524 0.9955 -0.0784
vn -0.0361 0.9955 -0.0871
vn -0.0184 0.9955 -0.0925
vn -0.0000 0.9955 -0.0943
vn 0.0184 0.9955 -0.0925
vn 0.0361 0.9955 -0.0871
vn 0.0524 0.9955 -0.0784
vn 0.0667 0.9955 -0.0667
vn 0.0784 0.9955 -0.0524
vn 0.0871 0.9955 -0.0361
vn 0.0925 0.9955 -0.0184
vn 0.0943 0.9955 -0.0000
vn 0.0925 0.9955 0.0184
vn 0.0871 0.9955 0.0361
vn 0.0784 0.9955 0.0524
vn 0.0667 0.9955 0.0667
vn 0.0524 0.9955 0.0784
vn 0.0361 0.9955 0.0871
vn 0.0184 0.9955 0.0925
vn -0.0000 0.9955 0.0943
vn -0.0184 0.9955 0.0925
vn -0.0361 0.9955 0.0871
vn -0.0524 0.9955 0.0784
vn -0.0667 0.9955 0.0667
vn -0.0784 0.9955 0.0524
vn -0.0871 0.9955 0.0361
vn -0.0925 0.9955 0.0184
vn -0.0000 1.0000 -0.0000
vt 0.851514 0.759617
vt 0.851657 0.764347
vt 0.851602 0.767241
vt 0.851458 0.762480
vt 0.850933 0.770271
vt 0.850787 0.765477
vt 0.849663 0.773323
vt 0.849514 0.768497
vt 0.847827 0.776278
vt 0.847674 0.771420
vt 0.845488 0.779013
vt 0.845331 0.774127
vt 0.842732 0.781413
vt 0.842570 0.776501
vt 0.839666 0.783371
vt 0.839499 0.778439
vt 0.836416 0.784798
vt 0.836245 0.779850
vt 0.833119 0.785628
vt 0.832943 0.780671
vt 0.829917 0.785820
vt 0.829736 0.780861
vt 0.826947 0.785367
vt 0.826762 0.780413
vt 0.824336 0.784289
vt 0.824148 0.779347
vt 0.822192 0.782638
vt 0.822002 0.777713
vt 0.820601 0.780489
vt 0.820410 0.775587
vt 0.819619 0.777940
vt 0.819428 0.773065
vt 0.819276 0.775101
vt 0.819086 0.770256
vt 0.819573 0.772092
vt 0.819384 0.767279
vt 0.820483 0.769035
vt 0.820297 0.764255
vt 0.821958 0.766047
vt 0.821776 0.761298
vt 0.823931 0.763239
vt 0.823753 0.758520
vt 0.826319 0.760709
vt 0.826145 0.756018
vt 0.829029 0.758544
vt 0.828859 0.753876
vt 0.831959 0.756814
vt 0.831793 0.752165
vt 0.835004 0.755572
vt 0.834843 0.750937
vt 0.838060 0.754859
vt 0.837903 0.750230
vt 0.841020 0.754694
vt 0.840867 0.750067
vt 0.843785 0.755082
vt 0.843635 0.750452
vt 0.846259 0.756013
vt 0.846112 0.751373
vt 0.848354 0.757458
vt 0.848209 0.752802
vt 0.849992 0.759372
vt 0.849849 0.754695
vt 0.851110 0.761694
vt 0.850967 0.756992
vt 0.847952 0.760786
vt 0.847887 0.763014
vt 0.847347 0.765339
vt 0.846342 0.767674
vt 0.844904 0.769926
vt 0.843083 0.772005
vt 0.840947 0.773823
vt 0.838580 0.775303
vt 0.836076 0.776380
vt 0.833540 0.777005
vt 0.831078 0.777150
vt 0.828792 0.776808
vt 0.826779 0.775996
vt 0.825120 0.774750
vt 0.823881 0.773124
vt 0.823107 0.771190
vt 0.822823 0.769030
vt 0.823032 0.766734
vt 0.823718 0.764392
vt 0.824847 0.762096
vt 0.826367 0.759930
vt 0.828217 0.757974
vt 0.830325 0.756295
vt 0.832610 0.754951
vt 0.834991 0.753985
vt 0.837382 0.753428
vt 0.839699 0.753300
vt 0.841861 0.753603
vt 0.843791 0.754328
vt 0.845421 0.755452
vt 0.846689 0.756938
vt 0.847545 0.758736
s 1
usemtl Material.052
f 385/257/166 322/258/134 324/259/135 386/260/167
f 386/260/167 324/259/135 326/261/136 387/262/168
f 387/262/168 326/261/136 328/263/137 388/264/169
f 388/264/169 328/263/137 330/265/138 389/266/170
f 389/266/170 330/265/138 332/267/139 390/268/171
f 390/268/171 332/267/139 334/269/140 391/270/172
f 391/270/172 334/269/140 336/271/141 392/272/173
f 392/272/173 336/271/141 338/273/142 393/274/174
f 393/274/174 338/273/142 340/275/143 394/276/175
f 394/276/175 340/275/143 342/277/144 395/278/176
f 395/278/176 342/277/144 344/279/145 396/280/177
f 396/280/177 344/279/145 346/281/146 397/282/178
f 397/282/178 346/281/146 348/283/147 398/284/179
f 398/284/179 348/283/147 350/285/148 399/286/180
f 399/286/180 350/285/148 352/287/149 400/288/181
f 400/288/181 352/287/149 354/289/150 401/290/182
f 401/290/182 354/289/150 356/291/151 402/292/183
f 402/292/183 356/291/151 358/293/152 403/294/184
f 403/294/184 358/293/152 360/295/153 404/296/185
f 404/296/185 360/295/153 362/297/154 405/298/186
f 405/298/186 362/297/154 364/299/155 406/300/187
f 406/300/187 364/299/155 366/301/156 407/302/188
f 407/302/188 366/301/156 368/303/157 408/304/189
f 408/304/189 368/303/157 370/305/158 409/306/190
f 409/306/190 370/305/158 372/307/159 410/308/191
f 410/308/191 372/307/159 374/309/160 411/310/192
f 411/310/192 374/309/160 376/311/161 412/312/193
f 412/312/193 376/311/161 378/313/162 413/314/194
f 413/314/194 378/313/162 380/315/163 414/316/195
f 414/316/195 380/315/163 382/317/164 415/318/196
f 324/259/135 322/258/134 384/319/165 382/317/164 380/315/163 378/313/162 376/311/161 374/309/160 372/307/159 370/305/158 368/303/157 366/301/156 364/299/155 362/297/154 360/295/153 358/293/152 356/291/151 354/289/150 352/287/149 350/285/148 348/283/147 346/281/146 344/279/145 342/277/144 340/275/143 338/273/142 336/271/141 334/269/140 332/267/139 330/265/138 328/263/137 326/261/136
f 415/318/196 382/317/164 384/319/165 416/320/197
f 416/320/197 384/319/165 322/258/134 385/257/166
f 418/260/198 417/257/198 385/257/166 386/260/167
f 419/262/198 418/260/198 386/260/167 387/262/168
f 420/264/198 419/262/198 387/262/168 388/264/169
f 421/266/198 420/264/198 388/264/169 389/266/170
f 422/268/198 421/266/198 389/266/170 390/268/171
f 423/270/198 422/268/198 390/268/171 391/270/172
f 424/272/198 423/270/198 391/270/172 392/272/173
f 425/274/198 424/272/198 392/272/173 393/274/174
f 426/276/198 425/274/198 393/274/174 394/276/175
f 427/278/198 426/276/198 394/276/175 395/278/176
f 428/280/198 427/278/198 395/278/176 396/280/177
f 429/282/198 428/280/198 396/280/177 397/282/178
f 430/284/198 429/282/198 397/282/178 398/284/179
f 431/286/198 430/284/198 398/284/179 399/286/180
f 432/288/198 431/286/198 399/286/180 400/288/181
f 433/290/198 432/288/198 400/288/181 401/290/182
f 434/292/198 433/290/198 401/290/182 402/292/183
f 435/294/198 434/292/198 402/292/183 403/294/184
f 436/296/198 435/294/198 403/294/184 404/296/185
f 437/298/198 436/296/198 404/296/185 405/298/186
f 438/300/198 437/298/198 405/298/186 406/300/187
f 439/302/198 438/300/198 406/300/187 407/302/188
f 440/304/198 439/302/198 407/302/188 408/304/189
f 441/306/198 440/304/198 408/304/189 409/306/190
f 442/308/198 441/306/198 409/306/190 410/308/191
f 443/310/198 442/308/198 410/308/191 411/310/192
f 444/312/198 443/310/198 411/310/192 412/312/193
f 445/314/198 444/312/198 412/312/193 413/314/194
f 446/316/198 445/314/198 413/314/194 414/316/195
f 447/318/198 446/316/198 414/316/195 415/318/196
f 448/320/198 447/318/198 415/318/196 416/320/197
f 417/257/198 448/320/198 416/320/197 385/257/166
f 450/260/198 449/257/198 417/257/198 418/260/198
f 451/262/198 450/260/198 418/260/198 419/262/198
f 452/264/198 451/262/198 419/262/198 420/264/198
f 453/266/198 452/264/198 420/264/198 421/266/198
f 454/268/198 453/266/198 421/266/198 422/268/198
f 455/270/198 454/268/198 422/268/198 423/270/198
f 456/272/198 455/270/198 423/270/198 424/272/198
f 457/274/198 456/272/198 424/272/198 425/274/198
f 458/276/198 457/274/198 425/274/198 426/276/198
f 459/278/198 458/276/198 426/276/198 427/278/198
f 460/280/198 459/278/198 427/278/198 428/280/198
f 461/282/198 460/280/198 428/280/198 429/282/198
f 462/284/198 461/282/198 429/282/198 430/284/198
f 463/286/198 462/284/198 430/284/198 431/286/198
f 464/288/198 463/286/198 431/286/198 432/288/198
f 465/290/198 464/288/198 432/288/198 433/290/198
f 466/292/198 465/290/198 433/290/198 434/292/198
f 467/294/198 466/292/198 434/292/198 435/294/198
f 468/296/198 467/294/198 435/294/198 436/296/198
f 469/298/198 468/296/198 436/296/198 437/298/198
f 470/300/198 469/298/198 437/298/198 438/300/198
f 471/302/198 470/300/198 438/300/198 439/302/198
f 472/304/198 471/302/198 439/302/198 440/304/198
f 473/306/198 472/304/198 440/304/198 441/306/198
f 474/308/198 473/306/198 441/306/198 442/308/198
f 475/310/198 474/308/198 442/308/198 443/310/198
f 476/312/198 475/310/198 443/310/198 444/312/198
f 477/314/198 476/312/198 444/312/198 445/314/198
f 478/316/198 477/314/198 445/314/198 446/316/198
f 479/318/198 478/316/198 446/316/198 447/318/198
f 480/320/198 479/318/198 447/318/198 448/320/198
f 449/257/198 480/320/198 448/320/198 417/257/198
f 323/322/133 321/321/133 449/257/198 450/260/198
f 325/323/133 323/322/133 450/260/198 451/262/198
f 327/324/133 325/323/133 451/262/198 452/264/198
f 329/325/133 327/324/133 452/264/198 453/266/198
f 331/326/133 329/325/133 453/266/198 454/268/198
f 333/327/133 331/326/133 454/268/198 455/270/198
f 335/328/133 333/327/133 455/270/198 456/272/198
f 337/329/133 335/328/133 456/272/198 457/274/198
f 339/330/133 337/329/133 457/274/198 458/276/198
f 341/331/133 339/330/133 458/276/198 459/278/198
f 343/332/133 341/331/133 459/278/198 460/280/198
f 345/333/133 343/332/133 460/280/198 461/282/198
f 347/334/133 345/333/133 461/282/198 462/284/198
f 349/335/133 347/334/133 462/284/198 463/286/198
f 351/336/133 349/335/133 463/286/198 464/288/198
f 353/337/133 351/336/133 464/288/198 465/290/198
f 355/338/133 353/337/133 465/290/198 466/292/198
f 357/339/133 355/338/133 466/292/198 467/294/198
f 359/340/133 357/339/133 467/294/198 468/296/198
f 361/341/133 359/340/133 468/296/198 469/298/198
f 363/342/133 361/341/133 469/298/198 470/300/198
f 365/343/133 363/342/133 470/300/198 471/302/198
f 367/344/133 365/343/133 471/302/198 472/304/198
f 369/345/133 367/344/133 472/304/198 473/306/198
f 371/346/133 369/345/133 473/306/198 474/308/198
f 373/347/133 371/346/133 474/308/198 475/310/198
f 375/348/133 373/347/133 475/310/198 476/312/198
f 377/349/133 375/348/133 476/312/198 477/314/198
f 379/350/133 377/349/133 477/314/198 478/316/198
f 381/351/133 379/350/133 478/316/198 479/318/198
f 383/352/133 381/351/133 479/318/198 480/320/198
f 321/321/133 383/352/133 480/320/198 449/257/198
usemtl Material.052
f 321/321/133 323/322/133 325/323/133 327/324/133 329/325/133 331/326/133 333/327/133 335/328/133 337/329/133 339/330/133 341/331/133 343/332/133 345/333/133 347/334/133 349/335/133 351/336/133 353/337/133 355/338/133 357/339/133 359/340/133 361/341/133 363/342/133 365/343/133 367/344/133 369/345/133 371/346/133 373/347/133 375/348/133 377/349/133 379/350/133 381/351/133 383/352/133
o Cylinder.221
v -23.232712 129.661301 52.050926
v -23.232712 129.964432 52.409298
v -23.473486 129.661301 52.027214
v -23.543402 129.964432 52.378700
v -23.705009 129.661301 51.956982
v -23.842152 129.964432 52.288074
v -23.918381 129.661301 51.842934
v -24.117481 129.964432 52.140907
v -24.105402 129.661301 51.689449
v -24.358809 129.964432 51.942856
v -24.258888 129.661301 51.502426
v -24.556862 129.964432 51.701527
v -24.372936 129.661301 51.289055
v -24.704029 129.964432 51.426197
v -24.443169 129.661301 51.057533
v -24.794653 129.964432 51.127445
v -24.466883 129.661301 50.816757
v -24.825254 129.964432 50.816757
v -24.443169 129.661301 50.575981
v -24.794653 129.964432 50.506069
v -24.372936 129.661301 50.344460
v -24.704029 129.964432 50.207317
v -24.258888 129.661301 50.131088
v -24.556862 129.964432 49.931988
v -24.105402 129.661301 49.944065
v -24.358809 129.964432 49.690659
v -23.918381 129.661301 49.790581
v -24.117481 129.964432 49.492607
v -23.705009 129.661301 49.676533
v -23.842152 129.964432 49.345440
v -23.473486 129.661301 49.606300
v -23.543402 129.964432 49.254814
v -23.232712 129.661301 49.582588
v -23.232712 129.964432 49.224216
v -22.991938 129.661301 49.606300
v -22.922022 129.964432 49.254814
v -22.760414 129.661301 49.676533
v -22.623272 129.964432 49.345440
v -22.547043 129.661301 49.790581
v -22.347942 129.964432 49.492607
v -22.360022 129.661301 49.944065
v -22.106615 129.964432 49.690659
v -22.206535 129.661301 50.131088
v -21.908562 129.964432 49.931988
v -22.092487 129.661301 50.344460
v -21.761395 129.964432 50.207317
v -22.022255 129.661301 50.575981
v -21.670771 129.964432 50.506069
v -21.998541 129.661301 50.816757
v -21.640169 129.964432 50.816757
v -22.022255 129.661301 51.057533
v -21.670771 129.964432 51.127445
v -22.092487 129.661301 51.289055
v -21.761395 129.964432 51.426197
v -22.206535 129.661301 51.502426
v -21.908562 129.964432 51.701527
v -22.360022 129.661301 51.689449
v -22.106615 129.964432 51.942856
v -22.547043 129.661301 51.842934
v -22.347942 129.964432 52.140907
v -22.760414 129.661301 51.956982
v -22.623272 129.964432 52.288074
v -22.991938 129.661301 52.027214
v -22.922022 129.964432 52.378700
v -23.232712 129.661301 52.409298
v -23.543402 129.661301 52.378700
v -23.842152 129.661301 52.288074
v -24.117481 129.661301 52.140907
v -24.358809 129.661301 51.942856
v -24.556862 129.661301 51.701527
v -24.704029 129.661301 51.426197
v -24.794653 129.661301 51.127445
v -24.825254 129.661301 50.816757
v -24.794653 129.661301 50.506069
v -24.704029 129.661301 50.207317
v -24.556862 129.661301 49.931988
v -24.358809 129.661301 49.690659
v -24.117481 129.661301 49.492607
v -23.842152 129.661301 49.345440
v -23.543402 129.661301 49.254814
v -23.232712 129.661301 49.224216
v -22.922022 129.661301 49.254814
v -22.623272 129.661301 49.345440
v -22.347942 129.661301 49.492607
v -22.106615 129.661301 49.690659
v -21.908562 129.661301 49.931988
v -21.761395 129.661301 50.207317
v -21.670771 129.661301 50.506069
v -21.640169 129.661301 50.816757
v -21.670771 129.661301 51.127445
v -21.761395 129.661301 51.426197
v -21.908562 129.661301 51.701527
v -22.106615 129.661301 51.942856
v -22.347942 129.661301 52.140907
v -22.623272 129.661301 52.288074
v -22.922022 129.661301 52.378700
v -23.232712 129.661301 52.409298
v -23.543402 129.661301 52.378700
v -23.842152 129.661301 52.288074
v -24.117481 129.661301 52.140907
v -24.358809 129.661301 51.942856
v -24.556862 129.661301 51.701527
v -24.704029 129.661301 51.426197
v -24.794653 129.661301 51.127445
v -24.825254 129.661301 50.816757
v -24.794653 129.661301 50.506069
v -24.704029 129.661301 50.207317
v -24.556862 129.661301 49.931988
v -24.358809 129.661301 49.690659
v -24.117481 129.661301 49.492607
v -23.842152 129.661301 49.345440
v -23.543402 129.661301 49.254814
v -23.232712 129.661301 49.224216
v -22.922022 129.661301 49.254814
v -22.623272 129.661301 49.345440
v -22.347942 129.661301 49.492607
v -22.106615 129.661301 49.690659
v -21.908562 129.661301 49.931988
v -21.761395 129.661301 50.207317
v -21.670771 129.661301 50.506069
v -21.640169 129.661301 50.816757
v -21.670771 129.661301 51.127445
v -21.761395 129.661301 51.426197
v -21.908562 129.661301 51.701527
v -22.106615 129.661301 51.942856
v -22.347942 129.661301 52.140907
v -22.623272 129.661301 52.288074
v -22.922022 129.661301 52.378700
v -23.232712 129.661301 52.409298
v -23.543402 129.661301 52.378700
v -23.842152 129.661301 52.288074
v -24.117481 129.661301 52.140907
v -24.358809 129.661301 51.942856
v -24.556862 129.661301 51.701527
v -24.704029 129.661301 51.426197
v -24.794653 129.661301 51.127445
v -24.825254 129.661301 50.816757
v -24.794653 129.661301 50.506069
v -24.704029 129.661301 50.207317
v -24.556862 129.661301 49.931988
v -24.358809 129.661301 49.690659
v -24.117481 129.661301 49.492607
v -23.842152 129.661301 49.345440
v -23.543402 129.661301 49.254814
v -23.232712 129.661301 49.224216
v -22.922022 129.661301 49.254814
v -22.623272 129.661301 49.345440
v -22.347942 129.661301 49.492607
v -22.106615 129.661301 49.690659
v -21.908562 129.661301 49.931988
v -21.761395 129.661301 50.207317
v -21.670771 129.661301 50.506069
v -21.640169 129.661301 50.816757
v -21.670771 129.661301 51.127445
v -21.761395 129.661301 51.426197
v -21.908562 129.661301 51.701527
v -22.106615 129.661301 51.942856
v -22.347942 129.661301 52.140907
v -22.623272 129.661301 52.288074
v -22.922022 129.661301 52.378700
vn -0.0000 -1.0000 -0.0000
vn -0.0000 0.9949 0.1005
vn -0.0196 0.9949 0.0986
vn -0.0385 0.9949 0.0929
vn -0.0558 0.9949 0.0836
vn -0.0711 0.9949 0.0711
vn -0.0836 0.9949 0.0558
vn -0.0929 0.9949 0.0385
vn -0.0986 0.9949 0.0196
vn -0.1005 0.9949 -0.0000
vn -0.0986 0.9949 -0.0196
vn -0.0929 0.9949 -0.0385
vn -0.0836 0.9949 -0.0558
vn -0.0711 0.9949 -0.0711
vn -0.0558 0.9949 -0.0836
vn -0.0385 0.9949 -0.0929
vn -0.0196 0.9949 -0.0986
vn -0.0000 0.9949 -0.1005
vn 0.0196 0.9949 -0.0986
vn 0.0385 0.9949 -0.0929
vn 0.0558 0.9949 -0.0836
vn 0.0711 0.9949 -0.0711
vn 0.0836 0.9949 -0.0558
vn 0.0929 0.9949 -0.0385
vn 0.0986 0.9949 -0.0196
vn 0.1005 0.9949 -0.0000
vn 0.0986 0.9949 0.0196
vn 0.0929 0.9949 0.0385
vn 0.0836 0.9949 0.0558
vn 0.0711 0.9949 0.0711
vn 0.0558 0.9949 0.0836
vn 0.0385 0.9949 0.0929
vn 0.0196 0.9949 0.0986
vn -0.0000 0.9955 0.0943
vn -0.0184 0.9955 0.0925
vn -0.0361 0.9955 0.0871
vn -0.0524 0.9955 0.0784
vn -0.0667 0.9955 0.0667
vn -0.0784 0.9955 0.0524
vn -0.0871 0.9955 0.0361
vn -0.0925 0.9955 0.0184
vn -0.0943 0.9955 -0.0000
vn -0.0925 0.9955 -0.0184
vn -0.0871 0.9955 -0.0361
vn -0.0784 0.9955 -0.0524
vn -0.0667 0.9955 -0.0667
vn -0.0524 0.9955 -0.0784
vn -0.0361 0.9955 -0.0871
vn -0.0184 0.9955 -0.0925
vn -0.0000 0.9955 -0.0943
vn 0.0184 0.9955 -0.0925
vn 0.0361 0.9955 -0.0871
vn 0.0524 0.9955 -0.0784
vn 0.0667 0.9955 -0.0667
vn 0.0784 0.9955 -0.0524
vn 0.0871 0.9955 -0.0361
vn 0.0925 0.9955 -0.0184
vn 0.0943 0.9955 -0.0000
vn 0.0925 0.9955 0.0184
vn 0.0871 0.9955 0.0361
vn 0.0784 0.9955 0.0524
vn 0.0667 0.9955 0.0667
vn 0.0524 0.9955 0.0784
vn 0.0361 0.9955 0.0871
vn 0.0184 0.9955 0.0925
vn -0.0000 1.0000 -0.0000
vt 0.851514 0.759617
vt 0.851657 0.764347
vt 0.851602 0.767241
vt 0.851458 0.762480
vt 0.850933 0.770271
vt 0.850787 0.765477
vt 0.849663 0.773323
vt 0.849514 0.768497
vt 0.847827 0.776278
vt 0.847674 0.771420
vt 0.845488 0.779013
vt 0.845331 0.774127
vt 0.842732 0.781413
vt 0.842570 0.776501
vt 0.839666 0.783371
vt 0.839499 0.778439
vt 0.836416 0.784798
vt 0.836245 0.779850
vt 0.833119 0.785628
vt 0.832943 0.780671
vt 0.829917 0.785820
vt 0.829736 0.780861
vt 0.826947 0.785367
vt 0.826762 0.780413
vt 0.824336 0.784289
vt 0.824148 0.779347
vt 0.822192 0.782638
vt 0.822002 0.777713
vt 0.820601 0.780489
vt 0.820410 0.775587
vt 0.819619 0.777940
vt 0.819428 0.773065
vt 0.819276 0.775101
vt 0.819086 0.770256
vt 0.819573 0.772092
vt 0.819384 0.767279
vt 0.820483 0.769035
vt 0.820297 0.764255
vt 0.821958 0.766047
vt 0.821776 0.761298
vt 0.823931 0.763239
vt 0.823753 0.758520
vt 0.826319 0.760709
vt 0.826145 0.756018
vt 0.829029 0.758544
vt 0.828859 0.753876
vt 0.831959 0.756814
vt 0.831793 0.752165
vt 0.835004 0.755572
vt 0.834843 0.750937
vt 0.838060 0.754859
vt 0.837903 0.750230
vt 0.841020 0.754694
vt 0.840867 0.750067
vt 0.843785 0.755082
vt 0.843635 0.750452
vt 0.846259 0.756013
vt 0.846112 0.751373
vt 0.848354 0.757458
vt 0.848209 0.752802
vt 0.849992 0.759372
vt 0.849849 0.754695
vt 0.851110 0.761694
vt 0.850967 0.756992
vt 0.847952 0.760786
vt 0.847887 0.763014
vt 0.847347 0.765339
vt 0.846342 0.767674
vt 0.844904 0.769926
vt 0.843083 0.772005
vt 0.840947 0.773823
vt 0.838580 0.775303
vt 0.836076 0.776380
vt 0.833540 0.777005
vt 0.831078 0.777150
vt 0.828792 0.776808
vt 0.826779 0.775996
vt 0.825120 0.774750
vt 0.823881 0.773124
vt 0.823107 0.771190
vt 0.822823 0.769030
vt 0.823032 0.766734
vt 0.823718 0.764392
vt 0.824847 0.762096
vt 0.826367 0.759930
vt 0.828217 0.757974
vt 0.830325 0.756295
vt 0.832610 0.754951
vt 0.834991 0.753985
vt 0.837382 0.753428
vt 0.839699 0.753300
vt 0.841861 0.753603
vt 0.843791 0.754328
vt 0.845421 0.755452
vt 0.846689 0.756938
vt 0.847545 0.758736
s 1
usemtl Material.051
f 545/353/232 482/354/200 484/355/201 546/356/233
f 546/356/233 484/355/201 486/357/202 547/358/234
f 547/358/234 486/357/202 488/359/203 548/360/235
f 548/360/235 488/359/203 490/361/204 549/362/236
f 549/362/236 490/361/204 492/363/205 550/364/237
f 550/364/237 492/363/205 494/365/206 551/366/238
f 551/366/238 494/365/206 496/367/207 552/368/239
f 552/368/239 496/367/207 498/369/208 553/370/240
f 553/370/240 498/369/208 500/371/209 554/372/241
f 554/372/241 500/371/209 502/373/210 555/374/242
f 555/374/242 502/373/210 504/375/211 556/376/243
f 556/376/243 504/375/211 506/377/212 557/378/244
f 557/378/244 506/377/212 508/379/213 558/380/245
f 558/380/245 508/379/213 510/381/214 559/382/246
f 559/382/246 510/381/214 512/383/215 560/384/247
f 560/384/247 512/383/215 514/385/216 561/386/248
f 561/386/248 514/385/216 516/387/217 562/388/249
f 562/388/249 516/387/217 518/389/218 563/390/250
f 563/390/250 518/389/218 520/391/219 564/392/251
f 564/392/251 520/391/219 522/393/220 565/394/252
f 565/394/252 522/393/220 524/395/221 566/396/253
f 566/396/253 524/395/221 526/397/222 567/398/254
f 567/398/254 526/397/222 528/399/223 568/400/255
f 568/400/255 528/399/223 530/401/224 569/402/256
f 569/402/256 530/401/224 532/403/225 570/404/257
f 570/404/257 532/403/225 534/405/226 571/406/258
f 571/406/258 534/405/226 536/407/227 572/408/259
f 572/408/259 536/407/227 538/409/228 573/410/260
f 573/410/260 538/409/228 540/411/229 574/412/261
f 574/412/261 540/411/229 542/413/230 575/414/262
f 484/355/201 482/354/200 544/415/231 542/413/230 540/411/229 538/409/228 536/407/227 534/405/226 532/403/225 530/401/224 528/399/223 526/397/222 524/395/221 522/393/220 520/391/219 518/389/218 516/387/217 514/385/216 512/383/215 510/381/214 508/379/213 506/377/212 504/375/211 502/373/210 500/371/209 498/369/208 496/367/207 494/365/206 492/363/205 490/361/204 488/359/203 486/357/202
f 575/414/262 542/413/230 544/415/231 576/416/263
f 576/416/263 544/415/231 482/354/200 545/353/232
f 578/356/264 577/353/264 545/353/232 546/356/233
f 579/358/264 578/356/264 546/356/233 547/358/234
f 580/360/264 579/358/264 547/358/234 548/360/235
f 581/362/264 580/360/264 548/360/235 549/362/236
f 582/364/264 581/362/264 549/362/236 550/364/237
f 583/366/264 582/364/264 550/364/237 551/366/238
f 584/368/264 583/366/264 551/366/238 552/368/239
f 585/370/264 584/368/264 552/368/239 553/370/240
f 586/372/264 585/370/264 553/370/240 554/372/241
f 587/374/264 586/372/264 554/372/241 555/374/242
f 588/376/264 587/374/264 555/374/242 556/376/243
f 589/378/264 588/376/264 556/376/243 557/378/244
f 590/380/264 589/378/264 557/378/244 558/380/245
f 591/382/264 590/380/264 558/380/245 559/382/246
f 592/384/264 591/382/264 559/382/246 560/384/247
f 593/386/264 592/384/264 560/384/247 561/386/248
f 594/388/264 593/386/264 561/386/248 562/388/249
f 595/390/264 594/388/264 562/388/249 563/390/250
f 596/392/264 595/390/264 563/390/250 564/392/251
f 597/394/264 596/392/264 564/392/251 565/394/252
f 598/396/264 597/394/264 565/394/252 566/396/253
f 599/398/264 598/396/264 566/396/253 567/398/254
f 600/400/264 599/398/264 567/398/254 568/400/255
f 601/402/264 600/400/264 568/400/255 569/402/256
f 602/404/264 601/402/264 569/402/256 570/404/257
f 603/406/264 602/404/264 570/404/257 571/406/258
f 604/408/264 603/406/264 571/406/258 572/408/259
f 605/410/264 604/408/264 572/408/259 573/410/260
f 606/412/264 605/410/264 573/410/260 574/412/261
f 607/414/264 606/412/264 574/412/261 575/414/262
f 608/416/264 607/414/264 575/414/262 576/416/263
f 577/353/264 608/416/264 576/416/263 545/353/232
f 610/356/264 609/353/264 577/353/264 578/356/264
f 611/358/264 610/356/264 578/356/264 579/358/264
f 612/360/264 611/358/264 579/358/264 580/360/264
f 613/362/264 612/360/264 580/360/264 581/362/264
f 614/364/264 613/362/264 581/362/264 582/364/264
f 615/366/264 614/364/264 582/364/264 583/366/264
f 616/368/264 615/366/264 583/366/264 584/368/264
f 617/370/264 616/368/264 584/368/264 585/370/264
f 618/372/264 617/370/264 585/370/264 586/372/264
f 619/374/264 618/372/264 586/372/264 587/374/264
f 620/376/264 619/374/264 587/374/264 588/376/264
f 621/378/264 620/376/264 588/376/264 589/378/264
f 622/380/264 621/378/264 589/378/264 590/380/264
f 623/382/264 622/380/264 590/380/264 591/382/264
f 624/384/264 623/382/264 591/382/264 592/384/264
f 625/386/264 624/384/264 592/384/264 593/386/264
f 626/388/264 625/386/264 593/386/264 594/388/264
f 627/390/264 626/388/264 594/388/264 595/390/264
f 628/392/264 627/390/264 595/390/264 596/392/264
f 629/394/264 628/392/264 596/392/264 597/394/264
f 630/396/264 629/394/264 597/394/264 598/396/264
f 631/398/264 630/396/264 598/396/264 599/398/264
f 632/400/264 631/398/264 599/398/264 600/400/264
f 633/402/264 632/400/264 600/400/264 601/402/264
f 634/404/264 633/402/264 601/402/264 602/404/264
f 635/406/264 634/404/264 602/404/264 603/406/264
f 636/408/264 635/406/264 603/406/264 604/408/264
f 637/410/264 636/408/264 604/408/264 605/410/264
f 638/412/264 637/410/264 605/410/264 606/412/264
f 639/414/264 638/412/264 606/412/264 607/414/264
f 640/416/264 639/414/264 607/414/264 608/416/264
f 609/353/264 640/416/264 608/416/264 577/353/264
f 483/418/199 481/417/199 609/353/264 610/356/264
f 485/419/199 483/418/199 610/356/264 611/358/264
f 487/420/199 485/419/199 611/358/264 612/360/264
f 489/421/199 487/420/199 612/360/264 613/362/264
f 491/422/199 489/421/199 613/362/264 614/364/264
f 493/423/199 491/422/199 614/364/264 615/366/264
f 495/424/199 493/423/199 615/366/264 616/368/264
f 497/425/199 495/424/199 616/368/264 617/370/264
f 499/426/199 497/425/199 617/370/264 618/372/264
f 501/427/199 499/426/199 618/372/264 619/374/264
f 503/428/199 501/427/199 619/374/264 620/376/264
f 505/429/199 503/428/199 620/376/264 621/378/264
f 507/430/199 505/429/199 621/378/264 622/380/264
f 509/431/199 507/430/199 622/380/264 623/382/264
f 511/432/199 509/431/199 623/382/264 624/384/264
f 513/433/199 511/432/199 624/384/264 625/386/264
f 515/434/199 513/433/199 625/386/264 626/388/264
f 517/435/199 515/434/199 626/388/264 627/390/264
f 519/436/199 517/435/199 627/390/264 628/392/264
f 521/437/199 519/436/199 628/392/264 629/394/264
f 523/438/199 521/437/199 629/394/264 630/396/264
f 525/439/199 523/438/199 630/396/264 631/398/264
f 527/440/199 525/439/199 631/398/264 632/400/264
f 529/441/199 527/440/199 632/400/264 633/402/264
f 531/442/199 529/441/199 633/402/264 634/404/264
f 533/443/199 531/442/199 634/404/264 635/406/264
f 535/444/199 533/443/199 635/406/264 636/408/264
f 537/445/199 535/444/199 636/408/264 637/410/264
f 539/446/199 537/445/199 637/410/264 638/412/264
f 541/447/199 539/446/199 638/412/264 639/414/264
f 543/448/199 541/447/199 639/414/264 640/416/264
f 481/417/199 543/448/199 640/416/264 609/353/264
usemtl Material.051
f 481/417/199 483/418/199 485/419/199 487/420/199 489/421/199 491/422/199 493/423/199 495/424/199 497/425/199 499/426/199 501/427/199 503/428/199 505/429/199 507/430/199 509/431/199 511/432/199 513/433/199 515/434/199 517/435/199 519/436/199 521/437/199 523/438/199 525/439/199 527/440/199 529/441/199 531/442/199 533/443/199 535/444/199 537/445/199 539/446/199 541/447/199 543/448/199
o mesa.003
v 2.036772 109.069092 67.372414
v -8.989925 109.069092 67.372719
v -8.990454 109.069092 48.613125
v 2.036244 109.069092 48.612812
v -12.258554 108.916771 43.388397
v -12.060727 108.873817 42.980961
v -12.558565 108.764450 42.543129
v -12.175267 108.929741 43.173462
v -12.321811 108.826904 42.922428
v -12.300462 108.796494 42.776283
v -12.409071 108.809052 42.928722
v -10.082245 107.540604 46.390743
v -10.296822 107.540604 46.605335
v -10.445679 107.755188 46.137527
v -10.233976 107.540604 46.453598
v -10.280371 107.664497 46.375534
v -10.340742 107.692642 46.336712
v -10.251112 107.691978 46.316868
v 5.304050 108.916771 43.387901
v 5.604013 108.764450 42.542618
v 5.106200 108.873817 42.980480
v 5.454540 108.809052 42.928219
v 5.367280 108.826904 42.921928
v 5.345923 108.796494 42.775787
v 5.220752 108.929733 43.172974
v 3.127907 107.540604 46.390373
v 3.491327 107.755188 46.137138
v 3.342497 107.540604 46.604950
v 3.296770 107.691971 46.316486
v 3.326033 107.664497 46.375149
v 3.386403 107.692642 46.336327
v 3.279643 107.540604 46.453217
v -12.059882 108.873817 73.005058
v -12.257732 108.916771 72.597633
v -12.557695 108.764450 73.442917
v -12.174433 108.929733 72.812561
v -12.320962 108.826904 73.063606
v -12.408222 108.809052 73.057312
v -12.299605 108.796494 73.209747
v -10.081592 107.540604 69.595161
v -10.445011 107.755188 69.848396
v -10.296181 107.540604 69.380585
v -10.250455 107.691978 69.669052
v -10.279717 107.664497 69.610382
v -10.340086 107.692642 69.649208
v -10.233328 107.540604 69.532318
v 5.107045 108.873817 73.004570
v 5.604883 108.764450 73.442406
v 5.304873 108.916771 72.597137
v 5.346780 108.796494 73.209251
v 5.368129 108.826904 73.063110
v 5.455389 108.809052 73.056808
v 5.221585 108.929733 72.812073
v 3.128560 107.540604 69.594788
v 3.343138 107.540604 69.380203
v 3.491995 107.755188 69.848007
v 3.280293 107.540604 69.531937
v 3.326687 107.664497 69.610001
v 3.387059 107.692642 69.648819
v 3.297427 107.691971 69.668671
v -12.765644 107.969772 41.825798
v -12.831378 107.755188 42.079025
v -12.980223 107.969772 42.040390
v -12.796126 107.818657 41.899483
v -12.902963 107.845879 41.925240
v -12.935683 107.817131 42.062702
v -12.917376 107.969772 41.888649
v 5.811052 107.969772 41.825275
v 6.025642 107.969772 42.039852
v 5.876800 107.755188 42.078499
v 5.962788 107.969772 41.888123
v 5.948377 107.845879 41.924709
v 5.981106 107.817131 42.062164
v 5.841537 107.818657 41.898956
v 5.811962 107.969772 74.159737
v 5.877696 107.755188 73.906509
v 6.026541 107.969772 73.945145
v 5.842443 107.818657 74.086052
v 5.949281 107.845879 74.060295
v 5.982001 107.817131 73.922836
v 5.963694 107.969772 74.096886
v -12.764734 107.969772 74.160263
v -12.979324 107.969772 73.945679
v -12.830482 107.755188 73.907036
v -12.916470 107.969772 74.097412
v -12.902059 107.845879 74.060822
v -12.934788 107.817131 73.923363
v -12.795220 107.818657 74.086578
v -11.227732 107.755188 44.807114
v -11.227732 107.755188 44.807114
v -11.383444 107.755188 44.542217
v -11.227732 107.755188 44.807114
v -11.267336 107.755188 44.739738
v -11.305588 107.755188 44.674667
v -11.305588 107.755188 44.674667
v 4.273307 107.755188 44.806679
v 4.429005 107.755188 44.541775
v 4.273307 107.755188 44.806679
v 4.351156 107.755188 44.674225
v 4.312907 107.755188 44.739304
v 4.351156 107.755188 44.674225
v 4.273307 107.755188 44.806679
v 4.274050 107.755188 71.178421
v 4.274050 107.755188 71.178421
v 4.429762 107.755188 71.443314
v 4.274050 107.755188 71.178421
v 4.313654 107.755188 71.245796
v 4.351905 107.755188 71.310867
v 4.351905 107.755188 71.310867
v -11.226989 107.755188 71.178856
v -11.382687 107.755188 71.443764
v -11.226989 107.755188 71.178856
v -11.304838 107.755188 71.311310
v -11.266589 107.755188 71.246231
v -11.304838 107.755188 71.311310
v -11.226989 107.755188 71.178856
v -11.227732 107.755188 44.807114
v -11.013142 107.755188 45.021690
v -11.227732 107.755188 44.807114
v -11.120436 107.755188 44.914402
v -11.173153 107.755188 44.861691
v -11.120436 107.755188 44.914402
v -11.227732 107.755188 44.807114
v 4.273307 107.755188 44.806679
v 4.273307 107.755188 44.806679
v 4.058729 107.755188 45.021271
v 4.273307 107.755188 44.806679
v 4.218732 107.755188 44.861259
v 4.166018 107.755188 44.913971
v 4.166018 107.755188 44.913971
v 4.274050 107.755188 71.178421
v 4.059460 107.755188 70.963844
v 4.274050 107.755188 71.178421
v 4.166754 107.755188 71.071129
v 4.219471 107.755188 71.123840
v 4.166754 107.755188 71.071129
v 4.274050 107.755188 71.178421
v -11.226989 107.755188 71.178856
v -11.226989 107.755188 71.178856
v -11.012411 107.755188 70.964264
v -11.226989 107.755188 71.178856
v -11.172414 107.755188 71.124275
v -11.119699 107.755188 71.071564
v -11.119699 107.755188 71.071564
v -10.082197 107.002487 48.243473
v -10.082187 106.787903 48.458061
v -10.296770 107.002487 48.456551
v -10.082193 106.850754 48.306328
v -10.206081 106.878601 48.333298
v -10.233919 106.850754 48.456993
v -10.233928 107.002487 48.305256
v -10.081648 107.002487 67.742432
v -10.296233 107.002487 67.529366
v -10.081650 106.787903 67.527847
v -10.233382 107.002487 67.680656
v -10.205538 106.878601 67.652618
v -10.233383 106.850754 67.528923
v -10.081648 106.850754 67.679581
v 2.250315 106.787643 67.950485
v 2.464497 106.787903 67.521309
v 2.250440 107.002487 67.735901
v 2.465018 106.787903 67.522820
v 2.399845 106.787712 67.828552
v 2.323930 106.813522 67.721649
v 2.313027 106.850754 67.628716
v 2.313287 106.850754 67.629356
v 2.399836 106.787827 67.828285
v -8.988998 106.787903 67.521629
v -8.989508 106.787903 67.950798
v -9.203575 107.002487 67.736221
v -9.418165 106.787903 67.523148
v -8.989253 106.787903 67.736214
v -9.172404 106.813568 67.705246
v -9.140984 106.850754 67.843407
v -9.310556 106.850754 67.674126
v -9.203582 106.787903 67.522392
v -9.418707 106.787148 48.249687
v -8.990068 106.787903 48.035046
v -9.204124 107.002487 48.249634
v -8.989547 106.787903 48.036552
v -9.296243 106.787369 48.100224
v -9.189713 106.813438 48.176224
v -9.097095 106.850754 48.186783
v -9.097147 106.850754 48.187534
v -9.296363 106.787674 48.100071
v 2.464996 106.787903 48.033203
v 2.464481 106.787903 48.462383
v 2.249892 107.002487 48.249313
v 2.035824 106.787903 48.034733
v 2.464739 106.787903 48.247795
v 2.281293 106.813568 48.217567
v 2.312744 106.850754 48.355850
v 2.142860 106.850754 48.186466
v 2.250410 106.787903 48.033970
v -10.296181 99.889748 69.380585
v -10.081598 99.675163 69.380577
v -10.081592 99.889748 69.595161
v -10.233332 99.738014 69.380585
v -10.205484 99.765854 69.504471
v -10.081594 99.738014 69.532310
v -10.233328 99.889748 69.532318
v -10.082245 99.889748 46.390743
v -10.082239 99.675163 46.605328
v -10.296822 99.889748 46.605335
v -10.082243 99.738014 46.453594
v -10.206132 99.765854 46.481441
v -10.233973 99.738014 46.605331
v -10.233976 99.889748 46.453598
v 3.342497 99.889748 46.604950
v 3.127913 99.675163 46.604958
v 3.127907 99.889748 46.390373
v 3.279647 99.738014 46.604954
v 3.251800 99.765854 46.481064
v 3.127909 99.738014 46.453224
v 3.279643 99.889748 46.453220
v 3.343138 99.889748 69.380203
v 3.128560 99.889748 69.594788
v 3.128554 99.675163 69.380203
v 3.280292 99.889748 69.531937
v 3.252448 99.765854 69.504089
v 3.128558 99.738014 69.531944
v 3.280288 99.738014 69.380203
v 2.468947 99.889748 46.390388
v 2.468432 99.675163 46.604973
v 2.253848 99.889748 46.604980
v 2.468796 99.738014 46.453239
v 2.344839 99.765854 46.481087
v 2.316697 99.738014 46.604980
v 2.317061 99.889748 46.453243
v -9.208174 99.889748 46.605301
v -9.422759 99.675163 46.605309
v -9.423286 99.889748 46.390724
v -9.271025 99.738014 46.605305
v -9.299173 99.765854 46.481415
v -9.423132 99.738014 46.453575
v -9.271399 99.889748 46.453571
v 2.469600 99.889748 69.594810
v 2.254488 99.889748 69.380234
v 2.469073 99.675163 69.380226
v 2.317712 99.889748 69.531967
v 2.345488 99.765854 69.504120
v 2.317339 99.738014 69.380234
v 2.469446 99.738014 69.531960
v -9.422118 99.675163 69.380562
v -9.207533 99.889748 69.380554
v -9.422634 99.889748 69.595146
v -9.270384 99.738014 69.380554
v -9.298525 99.765854 69.504448
v -9.270748 99.889748 69.532288
v -9.422483 99.738014 69.532295
v 3.128513 99.889748 67.742058
v 3.343098 99.889748 67.958153
v 3.128514 99.675163 67.956650
v 3.280246 99.889748 67.805977
v 3.252402 99.765854 67.833626
v 3.280247 99.738014 67.957718
v 3.128512 99.738014 67.804916
v 2.465557 99.675163 67.951996
v 2.250968 99.889748 67.950485
v 2.465019 99.889748 67.737404
v 2.313822 99.738014 67.950928
v 2.341358 99.765854 67.827232
v 2.313442 99.889748 67.799187
v 2.465179 99.738014 67.800262
v 2.464470 99.889748 48.247795
v 2.250408 99.889748 48.034729
v 2.464996 99.675163 48.033203
v 2.312890 99.889748 48.186020
v 2.340804 99.765854 48.157974
v 2.313262 99.738014 48.034279
v 2.464627 99.738014 48.184940
v 3.342537 99.889748 48.027000
v 3.127964 99.889748 48.243103
v 3.127953 99.675163 48.028511
v 3.279694 99.889748 48.179180
v 3.251848 99.765854 48.151527
v 3.127960 99.738014 48.180248
v 3.279686 99.738014 48.027443
v -9.418155 99.889748 67.737740
v -9.204092 99.889748 67.950806
v -9.418680 99.675163 67.952332
v -9.266573 99.889748 67.799515
v -9.294487 99.765854 67.827560
v -9.266945 99.738014 67.951256
v -9.418310 99.738014 67.800598
v -10.296221 99.889748 67.958534
v -10.081648 99.889748 67.742432
v -10.081638 99.675163 67.957024
v -10.233379 99.889748 67.806358
v -10.205532 99.765854 67.834007
v -10.081645 99.738014 67.805283
v -10.233371 99.738014 67.958092
v -10.082197 99.889748 48.243473
v -10.296782 99.889748 48.027382
v -10.082199 99.675163 48.028885
v -10.233931 99.889748 48.179558
v -10.206087 99.765854 48.151909
v -10.233932 99.738014 48.027821
v -10.082197 99.738014 48.180618
v -9.418703 99.889748 48.248131
v -9.419241 99.675163 48.033535
v -9.204653 99.889748 48.035049
v -9.418862 99.738014 48.185272
v -9.295042 99.765854 48.158302
v -9.267506 99.738014 48.034607
v -9.267126 99.889748 48.186348
v 5.304730 108.916771 67.542786
v 5.609591 108.764450 67.707153
v 5.456630 108.809067 67.659012
v 5.609044 108.764450 48.277870
v 5.304193 108.916771 48.442253
v 5.456086 108.809067 48.326019
v 6.026365 107.969772 67.722420
v 5.872652 107.755188 67.729538
v 5.981343 107.818039 67.726219
v 5.872105 107.755188 48.255470
v 6.025818 107.969772 48.262577
v 5.980796 107.818039 48.258785
v -12.979500 108.549866 67.711807
v -12.825787 108.764450 67.707672
v -12.934478 108.701599 67.708885
v -12.258412 108.916771 48.442749
v -12.563273 108.764450 48.278381
v -12.410312 108.809067 48.326523
v -12.980047 107.969772 48.263115
v -12.826334 107.755188 48.255997
v -12.935025 107.818039 48.259319
v -12.825787 107.755188 67.730064
v -12.979500 107.969772 67.722961
v -12.934478 107.818039 67.726746
v 4.273953 107.755188 67.767075
v 4.273953 107.755188 67.760658
v 4.434021 107.755188 67.757538
v 4.273953 107.755188 67.763863
v 4.314665 107.755188 67.761497
v 4.353987 107.755188 67.759102
v 4.353987 107.755188 67.762306
v 4.273403 107.755188 48.224442
v 4.273397 107.755188 48.009857
v 4.433470 107.755188 48.227547
v 4.273400 107.755188 48.117149
v 4.273402 107.755188 48.170521
v 4.353434 107.755188 48.118702
v 4.320285 107.755188 48.225353
v -11.227635 107.755188 48.218460
v -11.227635 107.755188 48.224876
v -11.387703 107.755188 48.227993
v -11.227635 107.755188 48.221668
v -11.268347 107.755188 48.224037
v -11.307669 107.755188 48.226437
v -11.307669 107.755188 48.223228
v -11.227085 107.755188 67.761093
v -11.227079 107.755188 67.975677
v -11.387152 107.755188 67.757988
v -11.227082 107.755188 67.868385
v -11.227083 107.755188 67.815010
v -11.307116 107.755188 67.866829
v -11.273968 107.755188 67.760185
v 4.273953 107.755188 67.760834
v 4.273953 107.755188 67.767250
v 4.059370 107.755188 67.761795
v 4.273953 107.755188 67.764038
v 4.219377 107.755188 67.764229
v 4.166661 107.755188 67.764519
v 4.166661 107.755188 67.761314
v 4.273409 107.755188 48.432430
v 4.058819 107.755188 48.223320
v 4.273403 107.755188 48.217850
v 4.210557 107.755188 48.371185
v 4.228060 107.755188 48.282814
v 4.166111 107.755188 48.220585
v 4.273406 107.755188 48.325142
v -11.227635 107.755188 48.224701
v -11.227635 107.755188 48.218285
v -11.013052 107.755188 48.223743
v -11.227635 107.755188 48.221493
v -11.173059 107.755188 48.221306
v -11.120343 107.755188 48.221016
v -11.120343 107.755188 48.224224
v -11.227091 107.755188 67.553101
v -11.012501 107.755188 67.762215
v -11.227085 107.755188 67.767685
v -11.164238 107.755188 67.614349
v -11.181742 107.755188 67.702721
v -11.119793 107.755188 67.764954
v -11.227088 107.755188 67.660393
v 3.342537 107.540604 48.027000
v 3.496256 107.755188 48.237663
v 3.342549 107.540604 48.456169
v 3.127964 107.540604 48.243103
v 3.127964 107.540604 48.243103
v 3.388213 107.692947 48.147068
v 3.310297 107.655525 48.241383
v 3.388205 107.692932 48.331650
v 3.279696 107.540604 48.304878
v 3.127964 107.540604 48.243103
v 3.279693 107.540604 48.179176
v 3.128513 107.540604 67.742058
v 3.343086 107.540604 67.528984
v 3.496805 107.755188 67.747475
v 3.343098 107.540604 67.958153
v 3.128513 107.540604 67.742058
v 3.280242 107.540604 67.680275
v 3.310845 107.655525 67.743774
v 3.388749 107.692932 67.653503
v 3.388767 107.692947 67.838081
v 3.280245 107.540604 67.805977
v 3.128513 107.540604 67.742058
v -10.081648 107.540604 67.742432
v -10.081648 107.540604 67.742432
v -10.296221 107.540604 67.958534
v -10.449940 107.755188 67.747871
v -10.296233 107.540604 67.529366
v -10.081648 107.540604 67.742432
v -10.263981 107.655525 67.744156
v -10.233377 107.540604 67.806358
v -10.341898 107.692947 67.838470
v -10.341888 107.692932 67.653885
v -10.233381 107.540604 67.680656
v -10.082197 107.540604 48.243473
v -10.296770 107.540604 48.456551
v -10.450489 107.755188 48.238056
v -10.296782 107.540604 48.027382
v -10.082197 107.540604 48.243473
v -10.233927 107.540604 48.305260
v -10.264530 107.655525 48.241764
v -10.342432 107.692932 48.332035
v -10.342451 107.692947 48.147453
v -10.233930 107.540604 48.179558
v -10.082197 107.540604 48.243473
v -9.189890 108.549866 41.825699
v -9.187457 108.764450 42.076061
v -9.188171 108.701599 41.899025
v 2.163532 108.873817 42.980560
v 2.232892 108.764450 42.545574
v 2.212580 108.796486 42.776680
v 2.241852 107.969772 41.825378
v 2.245965 107.755188 42.075737
v 2.244061 107.818039 41.898705
v -9.200545 107.755188 42.076061
v -9.196445 107.969772 41.825699
v -9.198650 107.818039 41.899025
v 2.233762 108.764450 73.439636
v 2.164377 108.873817 73.004654
v 2.213436 108.796486 73.208534
v -9.117214 108.873817 73.004974
v -9.186574 108.764450 73.439957
v -9.166262 108.796486 73.208855
v -9.195536 107.969772 74.160156
v -9.199649 107.755188 73.909798
v -9.197744 107.818039 74.086830
v 2.246861 107.755188 73.909477
v 2.242763 107.969772 74.159836
v 2.244967 107.818039 74.086510
v 2.268080 107.755188 44.806732
v 2.264381 107.755188 44.806736
v 2.264374 107.755188 44.543770
v 2.266231 107.755188 44.806732
v 2.265322 107.755188 44.739853
v 2.264378 107.755188 44.675251
v 2.266228 107.755188 44.675251
v -9.218806 107.755188 44.807056
v -9.433390 107.755188 44.807064
v -9.218813 107.755188 44.544090
v -9.326097 107.755188 44.807060
v -9.282615 107.755188 44.807060
v -9.370541 107.755188 44.730042
v -9.218809 107.755188 44.675575
v -9.221762 107.755188 71.178802
v -9.218063 107.755188 71.178802
v -9.218056 107.755188 71.441765
v -9.219913 107.755188 71.178802
v -9.219004 107.755188 71.245682
v -9.218060 107.755188 71.310280
v -9.219910 107.755188 71.310287
v 2.265124 107.755188 71.178474
v 2.479708 107.755188 71.178467
v 2.265131 107.755188 71.441444
v 2.372416 107.755188 71.178474
v 2.328933 107.755188 71.178474
v 2.416859 107.755188 71.255493
v 2.265128 107.755188 71.309959
v 2.264558 107.755188 44.806732
v 2.268257 107.755188 44.806732
v 2.266375 107.755188 45.021317
v 2.266407 107.755188 44.806732
v 2.266838 107.755188 44.861313
v 2.267316 107.755188 44.914024
v 2.265467 107.755188 44.914024
v -9.008099 107.755188 44.807053
v -9.220787 107.755188 45.021645
v -9.222681 107.755188 44.807060
v -9.070393 107.755188 44.869904
v -9.158473 107.755188 44.852402
v -9.221734 107.755188 44.914349
v -9.115390 107.755188 44.807053
v -9.218241 107.755188 71.178802
v -9.221939 107.755188 71.178802
v -9.220057 107.755188 70.964218
v -9.220089 107.755188 71.178802
v -9.220520 107.755188 71.124222
v -9.220998 107.755188 71.071510
v -9.219149 107.755188 71.071510
v 2.054416 107.755188 71.178482
v 2.267105 107.755188 70.963890
v 2.269000 107.755188 71.178474
v 2.116711 107.755188 71.115631
v 2.204791 107.755188 71.133133
v 2.268052 107.755188 71.071182
v 2.161708 107.755188 71.178482
v -9.208173 107.540604 46.605301
v -9.208172 107.540604 46.605301
v -9.423285 107.540604 46.390724
v -9.210911 107.755188 46.140358
v -8.994118 107.540604 46.390713
v -9.208173 107.540604 46.605301
v -9.208851 107.655525 46.414139
v -9.271396 107.540604 46.453571
v -9.324203 107.691872 46.317760
v -9.095261 107.691872 46.317753
v -9.145696 107.540604 46.453568
v 2.253849 107.540604 46.604980
v 2.039782 107.540604 46.390404
v 2.256562 107.755188 46.140034
v 2.468949 107.540604 46.390388
v 2.253849 107.540604 46.604980
v 2.191364 107.540604 46.453247
v 2.254516 107.655525 46.413818
v 2.140921 107.691872 46.317436
v 2.369864 107.691864 46.317432
v 2.317065 107.540604 46.453247
v 2.253849 107.540604 46.604980
v -8.993464 107.540604 69.595131
v -9.210243 107.755188 69.845505
v -9.422631 107.540604 69.595146
v -9.207531 107.540604 69.380554
v -9.207532 107.540604 69.380554
v -9.094604 107.691872 69.668098
v -9.208199 107.655525 69.571716
v -9.323545 107.691872 69.668106
v -9.270746 107.540604 69.532288
v -9.207532 107.540604 69.380554
v -9.145046 107.540604 69.532288
v 2.469603 107.540604 69.594810
v 2.257229 107.755188 69.845177
v 2.040435 107.540604 69.594818
v 2.254490 107.540604 69.380234
v 2.254490 107.540604 69.380234
v 2.370522 107.691864 69.667770
v 2.255168 107.655525 69.571396
v 2.141579 107.691872 69.667786
v 2.192014 107.540604 69.531967
v 2.254490 107.540604 69.380234
v 2.317714 107.540604 69.531967
v -9.204653 107.540604 48.035049
v -8.990068 107.755188 48.035046
v -8.989534 107.755188 48.464214
v -9.204124 107.540604 48.249634
v -9.418703 107.540604 48.248131
v -9.141803 107.692337 48.035156
v -9.130731 107.689301 48.226692
v -8.989801 107.755188 48.249630
v -9.141272 107.692337 48.356926
v -8.499661 107.603531 48.254578
v -9.267128 107.540604 48.186344
v -9.204092 107.540604 67.950806
v -9.418155 107.540604 67.737740
v -9.203576 107.540604 67.736221
v -9.418154 107.755188 67.950813
v -9.051826 107.906906 67.736252
v -9.266575 107.540604 67.799515
v -9.232513 107.703156 67.782646
v -9.261350 107.626968 67.736633
v -9.310865 107.692337 67.799072
v -9.221975 107.799629 67.843529
v -9.159387 107.736778 67.843452
v 2.250969 107.540604 67.950485
v 2.098691 107.906906 67.735931
v 2.465030 107.755188 67.950478
v 2.250440 107.969772 67.735901
v 2.465019 107.540604 67.737404
v 2.206258 107.736778 67.843132
v 2.279381 107.742355 67.782326
v 2.268847 107.799622 67.843208
v 2.357734 107.818039 67.798744
v 2.313162 107.755501 67.736343
v 2.313444 107.540604 67.799194
v 2.250408 107.540604 48.034729
v 2.464470 107.540604 48.247795
v 2.249892 107.540604 48.249313
v 2.464469 107.755188 48.034721
v 2.098142 107.906906 48.249283
v 2.312891 107.540604 48.186020
v 2.278830 107.703156 48.202888
v 2.307664 107.626968 48.248905
v 2.357182 107.692337 48.186462
v 2.268292 107.799622 48.142002
v 2.205703 107.736778 48.142082
v 3.342549 107.002487 48.456169
v 3.127965 106.787903 48.457691
v 3.127964 107.002487 48.243103
v 3.279698 106.850754 48.456615
v 3.251853 106.878593 48.332920
v 3.127964 106.850754 48.305954
v 3.279697 107.002487 48.304878
v 3.128513 107.002487 67.742058
v 3.128502 106.787903 67.527473
v 3.343086 107.002487 67.528984
v 3.128509 106.850754 67.679207
v 3.252397 106.878593 67.652237
v 3.280235 106.850754 67.528542
v 3.280243 107.002487 67.680275
v -8.992948 106.787903 69.380547
v -8.993464 107.002487 69.595131
v -9.207532 107.002487 69.380554
v -8.993314 106.850754 69.532280
v -9.117136 106.878601 69.504440
v -9.145048 107.002487 69.532288
v -9.144682 106.850754 69.380554
v 2.040434 107.002487 69.594818
v 2.039905 106.787903 69.380234
v 2.254489 107.002487 69.380234
v 2.040279 106.850754 69.531967
v 2.164101 106.878593 69.504120
v 2.191639 106.850754 69.380234
v 2.192013 107.002487 69.531967
v -9.208173 107.002487 46.605301
v -8.994118 107.002487 46.390713
v -8.993588 106.787903 46.605297
v -9.145697 107.002487 46.453568
v -9.117785 106.878601 46.481411
v -8.993963 106.850754 46.453564
v -9.145323 106.850754 46.605301
v 2.253848 107.002487 46.604980
v 2.039264 106.787903 46.604988
v 2.039781 107.002487 46.390404
v 2.190998 106.850754 46.604980
v 2.163452 106.878593 46.481094
v 2.039629 106.850754 46.453255
v 2.191363 107.002487 46.453247
v -12.562726 108.764450 67.707664
v -12.257874 108.916771 67.543282
v -12.409768 108.809067 67.659515
v -12.826334 108.764450 48.278389
v -12.980047 108.549866 48.274265
v -12.935025 108.701599 48.277184
v 5.872652 108.764450 67.707146
v 6.026365 108.549866 67.711266
v 5.981343 108.701599 67.708351
v 6.025818 108.549866 48.273731
v 5.872105 108.764450 48.277863
v 5.980796 108.701599 48.276649
v -9.187444 108.764450 42.545898
v -9.118059 108.873817 42.980881
v -9.167118 108.796486 42.777000
v 2.232879 108.764450 42.075737
v 2.235296 108.549866 41.825378
v 2.233584 108.701599 41.898705
v 2.236207 108.549866 74.159836
v 2.233775 108.764450 73.909477
v 2.234490 108.701599 74.086510
v -9.186561 108.764450 73.909798
v -9.188978 108.549866 74.160156
v -9.187265 108.701599 74.086830
v 6.025642 108.549866 42.039852
v 5.811052 108.549866 41.825275
v 5.876800 108.764450 42.078499
v 5.962788 108.549866 41.888123
v 5.948377 108.673759 41.924709
v 5.841538 108.700981 41.898956
v 5.981105 108.702507 42.062168
v 5.811962 108.549866 74.159737
v 6.026541 108.549866 73.945145
v 5.877696 108.764450 73.906509
v 5.963694 108.549866 74.096886
v 5.949281 108.673759 74.060295
v 5.982002 108.702507 73.922836
v 5.842444 108.700981 74.086052
v -12.764734 108.549866 74.160263
v -12.830482 108.764450 73.907036
v -12.979324 108.549866 73.945679
v -12.795220 108.700981 74.086578
v -12.902059 108.673759 74.060822
v -12.934787 108.702515 73.923363
v -12.916470 108.549866 74.097412
v -12.980223 108.549866 42.040390
v -12.831378 108.764450 42.079025
v -12.765644 108.549866 41.825798
v -12.935684 108.702507 42.062702
v -12.902963 108.673759 41.925240
v -12.796126 108.700989 41.899483
v -12.917376 108.549866 41.888649
v -12.257874 108.916771 67.543282
v -11.892151 109.069092 67.378471
v -12.088153 109.024483 67.426918
v -11.892679 109.069092 48.607536
v -12.258412 108.916771 48.442749
v -12.088683 109.024483 48.559101
v 4.938997 109.069092 67.377998
v 5.304730 108.916771 67.542786
v 5.135001 109.024475 67.426437
v 5.304193 108.916771 48.442253
v 4.938469 109.069092 48.607063
v 5.134471 109.024475 48.558617
v -9.063559 108.959732 43.125912
v -8.994031 109.069092 43.525116
v -9.014458 109.037064 43.319305
v 2.039535 109.069092 43.524803
v 2.109040 108.959732 43.125595
v 2.059950 109.037064 43.318996
v -8.993217 109.069092 72.460732
v -9.062721 108.959732 72.859940
v -9.013632 109.037064 72.666542
v 2.109877 108.959732 72.859619
v 2.040349 109.069092 72.460419
v 2.060776 109.037064 72.666229
v 5.304050 108.916771 43.387901
v 5.020955 108.959732 43.125515
v 4.938326 109.069092 43.524723
v 5.178127 108.972694 43.245491
v 5.109185 109.020950 43.333916
v 4.979641 109.037064 43.318913
v 5.134327 109.024475 43.456310
v 5.021792 108.959732 72.859543
v 5.304873 108.916771 72.597137
v 4.939140 109.069092 72.460342
v 5.178957 108.972694 72.739555
v 5.110011 109.020950 72.651138
v 5.135145 109.024475 72.528740
v 4.980467 109.037064 72.666145
v -11.974637 108.959732 72.860016
v -11.892008 109.069092 72.460815
v -12.257732 108.916771 72.597633
v -11.933323 109.037064 72.666626
v -12.062867 109.020950 72.651619
v -12.088009 109.024483 72.529221
v -12.131808 108.972694 72.740044
v -12.258554 108.916771 43.388397
v -11.892822 109.069092 43.525196
v -11.975474 108.959732 43.125992
v -12.088827 109.024483 43.456799
v -12.063693 109.020950 43.334396
v -11.934149 109.037064 43.319389
v -12.132638 108.972694 43.245979
vn -0.0000 1.0000 -0.0000
vn -0.4236 0.9041 -0.0553
vn -0.3036 0.9183 -0.2543
vn -0.1730 0.9658 -0.1932
vn -0.2497 0.9661 -0.0654
vn -0.0674 0.9262 -0.3709
vn -0.0379 0.9825 -0.1824
vn -0.0218 0.9994 -0.0253
vn -0.1559 -0.2741 -0.9490
vn -0.6205 -0.4112 -0.6677
vn -0.3876 -0.7688 -0.5086
vn -0.1023 -0.8643 -0.4925
vn -0.9671 -0.2060 -0.1492
vn -0.4023 -0.8959 -0.1884
vn -0.0486 -0.9971 -0.0578
vn 0.4236 0.9041 -0.0554
vn 0.2497 0.9661 -0.0654
vn 0.1729 0.9658 -0.1932
vn 0.3036 0.9183 -0.2543
vn 0.0218 0.9994 -0.0253
vn 0.0378 0.9825 -0.1824
vn 0.0674 0.9262 -0.3709
vn 0.1558 -0.2741 -0.9490
vn 0.1023 -0.8643 -0.4925
vn 0.3875 -0.7688 -0.5087
vn 0.6205 -0.4112 -0.6678
vn 0.0486 -0.9971 -0.0578
vn 0.4023 -0.8959 -0.1884
vn 0.9671 -0.2060 -0.1492
vn -0.0674 0.9262 0.3709
vn -0.3036 0.9183 0.2543
vn -0.1729 0.9658 0.1932
vn -0.0378 0.9825 0.1824
vn -0.4236 0.9041 0.0554
vn -0.2497 0.9661 0.0654
vn -0.0218 0.9994 0.0253
vn -0.1558 -0.2741 0.9490
vn -0.1023 -0.8643 0.4925
vn -0.3875 -0.7688 0.5087
vn -0.6205 -0.4112 0.6678
vn -0.0486 -0.9971 0.0578
vn -0.4023 -0.8959 0.1884
vn -0.9671 -0.2060 0.1492
vn 0.0674 0.9262 0.3709
vn 0.0379 0.9825 0.1824
vn 0.1730 0.9658 0.1932
vn 0.3036 0.9183 0.2543
vn 0.0218 0.9994 0.0253
vn 0.2497 0.9661 0.0654
vn 0.4236 0.9041 0.0553
vn 0.1559 -0.2741 0.9490
vn 0.6205 -0.4112 0.6677
vn 0.3876 -0.7688 0.5086
vn 0.1023 -0.8643 0.4925
vn 0.9671 -0.2060 0.1492
vn 0.4023 -0.8959 0.1884
vn 0.0486 -0.9971 0.0578
vn -0.1726 -0.1996 -0.9646
vn -0.1881 -0.7130 -0.6755
vn -0.6166 -0.5476 -0.5657
vn -0.6916 -0.1599 -0.7044
vn -0.2410 -0.9571 -0.1610
vn -0.7580 -0.6285 -0.1748
vn -0.9728 -0.1371 -0.1866
vn 0.1726 -0.1996 -0.9646
vn 0.6915 -0.1599 -0.7044
vn 0.6165 -0.5476 -0.5657
vn 0.1880 -0.7130 -0.6755
vn 0.9728 -0.1371 -0.1867
vn 0.7579 -0.6285 -0.1748
vn 0.2410 -0.9571 -0.1610
vn 0.1726 -0.1996 0.9646
vn 0.1881 -0.7130 0.6755
vn 0.6166 -0.5476 0.5657
vn 0.6916 -0.1599 0.7044
vn 0.2410 -0.9571 0.1610
vn 0.7580 -0.6285 0.1748
vn 0.9728 -0.1371 0.1866
vn -0.1726 -0.1996 0.9646
vn -0.6915 -0.1599 0.7044
vn -0.6165 -0.5476 0.5657
vn -0.1880 -0.7130 0.6755
vn -0.9728 -0.1371 0.1867
vn -0.7579 -0.6285 0.1748
vn -0.2410 -0.9571 0.1610
vn -0.0000 -0.6484 -0.7613
vn -0.0000 -0.4319 -0.9019
vn -0.0000 0.9401 0.3410
vn -0.0000 0.9997 -0.0245
vn -0.0000 -1.0000 -0.0000
vn -0.0000 -0.8011 -0.5986
vn -0.0000 -0.6768 -0.7361
vn -0.0000 1.0000 -0.0086
vn -0.0000 -0.8011 0.5986
vn -0.0000 -0.4319 0.9019
vn -0.0000 1.0000 0.0084
vn -0.0000 -0.6484 0.7613
vn -0.0000 0.9997 0.0258
vn -0.0000 0.9401 -0.3410
vn -0.0000 0.2425 -0.9701
vn -0.0000 -0.4245 0.9054
vn -0.0000 -0.0000 -0.0000
vn -0.0000 0.8320 0.5547
vn -0.0000 0.2425 0.9701
vn -0.0000 0.8320 -0.5547
vn -0.2356 -0.3247 -0.9160
vn -0.1770 -0.9236 -0.3400
vn -0.5750 -0.5780 -0.5791
vn -0.6940 -0.1731 -0.6989
vn -0.1429 -0.9895 0.0196
vn -0.6959 -0.6970 -0.1730
vn -0.9672 -0.1795 -0.1799
vn -0.1731 -0.1795 0.9684
vn -0.6940 -0.1731 0.6989
vn -0.5750 -0.5780 0.5791
vn -0.1681 -0.6970 0.6971
vn -0.9672 -0.1795 0.1800
vn -0.6959 -0.6970 0.1731
vn -0.1783 -0.9675 0.1795
vn 0.6100 0.7402 0.2827
vn 0.3602 0.9231 0.1347
vn 0.6406 0.7639 -0.0784
vn 0.7933 0.4429 -0.4177
vn 0.8647 0.3619 -0.3483
vn 0.3460 -0.8040 -0.4836
vn -0.1636 -0.9862 0.0239
vn -0.1208 -0.9923 0.0269
vn -0.0695 -0.9951 0.0697
vn -0.1186 -0.9917 0.0494
vn -0.4941 -0.7895 0.3641
vn -0.4851 -0.7268 0.4862
vn -0.1612 -0.9846 0.0673
vn -0.6881 -0.2266 0.6893
vn -0.3634 -0.7892 0.4951
vn -0.1256 -0.9448 0.3027
vn 0.2124 0.4990 0.8402
vn -0.0222 -0.9848 0.1725
vn 0.6661 -0.6764 0.3142
vn 0.9023 0.4153 -0.1152
vn -0.4304 -0.9024 -0.0223
vn 0.9964 0.0491 0.0693
vn 0.5142 0.8163 -0.2632
vn -0.1534 -0.8966 -0.4155
vn -0.1071 -0.9509 -0.2904
vn -0.0693 -0.9952 0.0695
vn -0.1693 -0.9853 -0.0225
vn -0.4930 -0.7900 0.3644
vn -0.4835 -0.7288 0.4848
vn 0.0012 -0.9847 -0.1745
vn -0.6871 -0.2300 0.6892
vn -0.3628 -0.7904 0.4937
vn 0.0227 -0.9841 0.1764
vn 0.0131 -0.9883 0.1518
vn -0.9673 -0.1794 0.1794
vn -0.6965 -0.6965 0.1726
vn -0.5773 -0.5773 0.5774
vn -0.6965 -0.1726 0.6965
vn -0.1794 -0.9673 0.1794
vn -0.1725 -0.6965 0.6965
vn -0.1793 -0.1794 0.9673
vn -0.1794 -0.1794 -0.9673
vn -0.1726 -0.6965 -0.6965
vn -0.5774 -0.5774 -0.5773
vn -0.6965 -0.1726 -0.6965
vn -0.1794 -0.9673 -0.1794
vn -0.6965 -0.6965 -0.1725
vn -0.9673 -0.1794 -0.1793
vn 0.9673 -0.1794 -0.1794
vn 0.6965 -0.6965 -0.1726
vn 0.5773 -0.5774 -0.5774
vn 0.6965 -0.1726 -0.6965
vn 0.1794 -0.9673 -0.1794
vn 0.1725 -0.6965 -0.6965
vn 0.1793 -0.1794 -0.9673
vn 0.9673 -0.1794 0.1793
vn 0.6965 -0.1726 0.6965
vn 0.5774 -0.5774 0.5773
vn 0.6965 -0.6965 0.1725
vn 0.1794 -0.1794 0.9673
vn 0.1726 -0.6965 0.6965
vn 0.1794 -0.9673 0.1794
vn -0.1792 -0.1793 -0.9673
vn -0.1724 -0.6963 -0.6967
vn -0.5768 -0.5771 -0.5781
vn -0.6957 -0.1724 -0.6973
vn -0.1793 -0.9672 -0.1797
vn -0.6963 -0.6963 -0.1741
vn -0.9669 -0.1793 -0.1815
vn 0.9669 -0.1793 -0.1816
vn 0.6963 -0.6963 -0.1741
vn 0.5767 -0.5771 -0.5782
vn 0.6957 -0.1724 -0.6974
vn 0.1793 -0.9672 -0.1798
vn 0.1724 -0.6963 -0.6967
vn 0.1791 -0.1793 -0.9673
vn -0.1791 -0.1793 0.9673
vn -0.6957 -0.1724 0.6974
vn -0.5767 -0.5771 0.5782
vn -0.1724 -0.6963 0.6967
vn -0.9669 -0.1793 0.1816
vn -0.6963 -0.6963 0.1741
vn -0.1793 -0.9672 0.1798
vn 0.1793 -0.9672 0.1797
vn 0.6963 -0.6963 0.1741
vn 0.5768 -0.5771 0.5781
vn 0.1724 -0.6963 0.6967
vn 0.9669 -0.1793 0.1815
vn 0.6957 -0.1724 0.6973
vn 0.1792 -0.1793 0.9673
vn 0.1856 -0.1792 -0.9661
vn 0.6990 -0.1721 -0.6941
vn 0.5797 -0.5767 -0.5756
vn 0.1770 -0.6961 -0.6958
vn 0.9674 -0.1792 -0.1788
vn 0.6971 -0.6961 -0.1721
vn 0.1805 -0.9671 -0.1792
vn -0.1783 -0.9675 -0.1791
vn -0.6961 -0.6971 -0.1715
vn -0.5756 -0.5782 -0.5782
vn -0.1683 -0.6971 -0.6969
vn -0.9676 -0.1796 -0.1777
vn -0.6948 -0.1732 -0.6980
vn -0.1733 -0.1796 -0.9684
vn -0.1733 -0.1796 0.9684
vn -0.6948 -0.1732 0.6980
vn -0.5756 -0.5782 0.5783
vn -0.1683 -0.6971 0.6969
vn -0.9675 -0.1796 0.1778
vn -0.6961 -0.6971 0.1715
vn -0.1783 -0.9675 0.1791
vn 0.9674 -0.1792 0.1788
vn 0.6990 -0.1721 0.6941
vn 0.5797 -0.5767 0.5756
vn 0.6971 -0.6961 0.1721
vn 0.1856 -0.1792 0.9661
vn 0.1770 -0.6961 0.6958
vn 0.1805 -0.9671 0.1792
vn 0.1733 -0.1796 -0.9684
vn 0.6948 -0.1732 -0.6980
vn 0.5756 -0.5782 -0.5783
vn 0.1683 -0.6971 -0.6969
vn 0.9675 -0.1796 -0.1778
vn 0.6961 -0.6971 -0.1715
vn 0.1783 -0.9675 -0.1791
vn -0.9674 -0.1792 -0.1788
vn -0.6990 -0.1721 -0.6941
vn -0.5797 -0.5767 -0.5756
vn -0.6971 -0.6961 -0.1721
vn -0.1856 -0.1792 -0.9661
vn -0.1770 -0.6961 -0.6958
vn -0.1805 -0.9671 -0.1792
vn -0.1856 -0.1792 0.9661
vn -0.6990 -0.1721 0.6941
vn -0.5797 -0.5767 0.5756
vn -0.1770 -0.6961 0.6958
vn -0.9674 -0.1792 0.1788
vn -0.6971 -0.6961 0.1721
vn -0.1805 -0.9671 0.1792
vn 0.1733 -0.1796 0.9684
vn 0.1683 -0.6971 0.6969
vn 0.5756 -0.5782 0.5782
vn 0.6948 -0.1732 0.6980
vn 0.1783 -0.9675 0.1791
vn 0.6961 -0.6971 0.1715
vn 0.9676 -0.1796 0.1777
vn -0.0000 -0.0000 -1.0000
vn -0.0000 -0.0000 1.0000
vn -0.0000 0.0004 1.0000
vn -0.0000 0.0004 -1.0000
vn -0.0000 0.9926 0.1214
vn -0.0000 0.0365 -0.9993
vn -0.0000 0.0365 0.9993
vn 0.9691 -0.1855 0.1625
vn 0.6746 -0.7311 0.1023
vn 0.7045 -0.7097 -0.0006
vn 0.6826 -0.2911 0.6703
vn 0.2532 -0.9674 -0.0001
vn 0.6685 -0.7365 -0.1032
vn 0.9685 -0.1883 -0.1629
vn 0.6762 -0.2965 -0.6744
vn 0.1810 -0.1806 -0.9668
vn 0.5332 -0.8460 -0.0004
vn 0.1925 -0.1351 0.9719
vn 0.3168 -0.3091 0.8967
vn 0.6763 -0.2965 0.6744
vn 0.7045 -0.7097 0.0006
vn 0.2844 -0.4417 -0.8509
vn 0.9685 -0.1883 0.1628
vn 0.6685 -0.7365 0.1032
vn 0.2532 -0.9674 0.0001
vn 0.6746 -0.7311 -0.1024
vn 0.9691 -0.1855 -0.1626
vn 0.6826 -0.2911 -0.6703
vn 0.1925 -0.1351 -0.9720
vn -0.1795 -0.1369 0.9742
vn -0.5332 -0.8460 0.0004
vn -0.7045 -0.7097 0.0006
vn -0.6762 -0.2965 0.6744
vn -0.1925 -0.1351 -0.9719
vn -0.6826 -0.2911 -0.6703
vn -0.9691 -0.1855 -0.1625
vn -0.6746 -0.7311 -0.1023
vn -0.2532 -0.9674 0.0001
vn -0.6685 -0.7365 0.1032
vn -0.9685 -0.1883 0.1629
vn -0.1795 -0.1369 -0.9742
vn -0.6763 -0.2965 -0.6744
vn -0.7045 -0.7097 -0.0006
vn -0.5332 -0.8460 -0.0004
vn -0.9685 -0.1883 -0.1628
vn -0.6685 -0.7365 -0.1032
vn -0.2532 -0.9674 -0.0001
vn -0.6745 -0.7311 0.1024
vn -0.9691 -0.1855 0.1626
vn -0.6826 -0.2911 0.6703
vn -0.1925 -0.1351 0.9720
vn -0.0000 -0.7071 -0.7071
vn -0.0125 0.0129 -0.9998
vn -0.4356 0.9002 -0.0000
vn -0.0000 -0.7071 0.7071
vn -0.0124 0.0129 0.9998
vn -0.0546 -0.0000 0.9985
vn -0.0000 0.0150 0.9999
vn -0.0183 -0.0000 -0.9998
vn -0.8410 -0.4945 -0.2197
vn 0.4653 -0.8607 -0.2067
vn -0.0001 -0.7678 -0.6407
vn -0.6746 -0.3209 -0.6648
vn 0.9595 -0.2193 -0.1768
vn 0.6733 -0.3187 -0.6672
vn 0.1730 -0.2588 -0.9503
vn 0.0956 -0.8199 -0.5645
vn 0.0001 -0.9852 -0.1715
vn -0.0956 -0.8205 -0.5636
vn -0.1727 -0.2587 -0.9504
vn 0.9478 -0.2019 -0.2470
vn 0.6746 -0.3209 -0.6648
vn 0.0001 -0.7678 -0.6407
vn -0.5587 -0.7417 -0.3711
vn 0.1727 -0.2587 -0.9504
vn 0.0956 -0.8205 -0.5636
vn -0.0001 -0.9852 -0.1715
vn -0.0956 -0.8199 -0.5645
vn -0.1731 -0.2588 -0.9503
vn -0.6733 -0.3187 -0.6671
vn -0.9622 -0.1980 -0.1868
vn -0.1727 -0.2587 0.9504
vn -0.0956 -0.8205 0.5636
vn -0.0001 -0.7678 0.6407
vn -0.6746 -0.3209 0.6648
vn 0.0001 -0.9852 0.1715
vn 0.0956 -0.8199 0.5645
vn 0.1731 -0.2588 0.9503
vn 0.6733 -0.3187 0.6671
vn 0.9691 -0.1731 0.1759
vn 0.5524 -0.7449 0.3741
vn -0.9569 -0.1478 0.2502
vn -0.1730 -0.2588 0.9503
vn -0.0956 -0.8199 0.5645
vn 0.0001 -0.7678 0.6407
vn -0.6733 -0.3187 0.6672
vn -0.0001 -0.9852 0.1715
vn 0.0956 -0.8205 0.5636
vn 0.1727 -0.2587 0.9504
vn 0.6746 -0.3209 0.6648
vn 0.8594 -0.4257 0.2832
vn -0.6807 -0.6964 0.2273
vn -0.9622 -0.1980 0.1869
vn 0.9584 -0.2546 0.1294
vn 0.7391 -0.6698 0.0713
vn 0.6210 -0.7806 -0.0706
vn 0.9094 -0.4112 0.0620
vn 0.4038 -0.9147 -0.0181
vn 0.3951 -0.9184 0.0199
vn 0.4247 -0.7905 0.4412
vn 0.0652 0.0234 -0.9976
vn 0.7279 -0.6744 0.1242
vn 0.1050 -0.0243 0.9942
vn 0.9724 -0.1399 -0.1864
vn 0.7253 -0.2330 -0.6479
vn 0.1063 0.0326 -0.9938
vn 0.9083 -0.3026 -0.2887
vn 0.1521 -0.0510 -0.9871
vn -0.1422 -0.6538 -0.7431
vn -0.0961 0.0072 0.9953
vn -0.5548 0.4641 -0.6905
vn -0.4222 0.6227 -0.6587
vn -0.1199 -0.1182 -0.9857
vn -0.9710 -0.1360 -0.1965
vn -0.8812 -0.4212 -0.2146
vn -0.8953 0.0331 -0.4442
vn -0.6821 -0.1535 -0.7149
vn 0.1328 -0.1311 -0.9824
vn -0.1554 0.9831 0.0965
vn -0.6065 0.6779 0.4156
vn -0.5554 -0.2058 0.8057
vn -0.5352 -0.1020 -0.8385
vn -0.1696 -0.0406 -0.9847
vn -0.9724 -0.1399 0.1864
vn -0.7253 -0.2330 0.6479
vn -0.1063 0.0326 0.9938
vn -0.9083 -0.3026 0.2887
vn -0.1521 -0.0510 0.9871
vn 0.1423 -0.6538 0.7431
vn 0.1020 -0.1062 -0.9891
vn 0.5548 0.4641 0.6905
vn 0.4222 0.6228 0.6587
vn 0.1199 -0.1181 0.9857
vn 0.9672 -0.1795 -0.1800
vn 0.6959 -0.6970 -0.1731
vn 0.5750 -0.5780 -0.5791
vn 0.6940 -0.1731 -0.6989
vn 0.1913 -0.9740 -0.1215
vn 0.2569 -0.8326 -0.4908
vn 0.2485 -0.3423 -0.9061
vn 0.2204 -0.1483 0.9641
vn 0.2503 -0.8374 0.4859
vn 0.5750 -0.5780 0.5791
vn 0.6940 -0.1731 0.6989
vn 0.1929 -0.9745 0.1149
vn 0.6959 -0.6970 0.1730
vn 0.9672 -0.1795 0.1799
vn -0.1794 -0.9674 0.1790
vn -0.1727 -0.6967 0.6963
vn -0.5779 -0.5776 0.5766
vn -0.6967 -0.6967 0.1711
vn -0.1795 -0.1794 0.9673
vn -0.6973 -0.1727 0.6957
vn -0.9696 -0.1567 0.1878
vn 0.1796 -0.1794 0.9672
vn 0.1727 -0.6967 0.6963
vn 0.5780 -0.5776 0.5765
vn 0.6973 -0.1727 0.6956
vn -0.0225 -0.9872 0.1581
vn 0.3428 -0.9213 0.1837
vn 0.9214 -0.3166 0.2255
vn -0.9421 -0.2516 -0.2215
vn -0.6973 -0.1727 -0.6956
vn -0.5780 -0.5776 -0.5765
vn -0.5510 -0.8058 -0.2168
vn -0.1796 -0.1794 -0.9672
vn -0.1727 -0.6967 -0.6963
vn -0.1137 -0.9761 -0.1851
vn 0.9624 -0.1224 -0.2424
vn 0.5050 -0.8280 -0.2438
vn 0.5779 -0.5776 -0.5766
vn 0.6973 -0.1727 -0.6957
vn 0.1217 -0.9753 -0.1843
vn 0.1727 -0.6967 -0.6963
vn 0.1795 -0.1794 -0.9673
vn 0.9728 0.1371 -0.1867
vn 0.6915 0.1599 -0.7044
vn 0.6165 0.5476 -0.5657
vn 0.7579 0.6285 -0.1748
vn 0.1726 0.1996 -0.9646
vn 0.1880 0.7130 -0.6755
vn 0.2410 0.9571 -0.1610
vn 0.1726 0.1996 0.9646
vn 0.6916 0.1599 0.7044
vn 0.6166 0.5476 0.5657
vn 0.1881 0.7130 0.6755
vn 0.9728 0.1371 0.1866
vn 0.7580 0.6285 0.1748
vn 0.2410 0.9571 0.1610
vn -0.1726 0.1996 0.9646
vn -0.1880 0.7130 0.6755
vn -0.6165 0.5476 0.5657
vn -0.6915 0.1599 0.7044
vn -0.2410 0.9571 0.1610
vn -0.7579 0.6285 0.1748
vn -0.9728 0.1371 0.1867
vn -0.9728 0.1371 -0.1866
vn -0.7580 0.6285 -0.1748
vn -0.6166 0.5476 -0.5657
vn -0.6916 0.1599 -0.7044
vn -0.2410 0.9571 -0.1610
vn -0.1881 0.7130 -0.6755
vn -0.1726 0.1996 -0.9646
vn 0.3916 0.9174 -0.0715
vn 0.3735 0.8920 -0.2545
vn 0.2905 0.9379 -0.1898
vn 0.3692 0.9279 -0.0523
vn 0.0940 0.9022 -0.4210
vn 0.0852 0.9653 -0.2469
vn 0.0953 0.9936 -0.0599
vn 0.0940 0.9022 0.4210
vn 0.3735 0.8920 0.2545
vn 0.2905 0.9379 0.1898
vn 0.0852 0.9653 0.2469
vn 0.3916 0.9174 0.0715
vn 0.3692 0.9279 0.0523
vn 0.0953 0.9936 0.0599
vn -0.0940 0.9022 0.4210
vn -0.0852 0.9653 0.2469
vn -0.2905 0.9379 0.1898
vn -0.3735 0.8920 0.2545
vn -0.0953 0.9936 0.0599
vn -0.3692 0.9279 0.0523
vn -0.3916 0.9174 0.0715
vn -0.3916 0.9174 -0.0715
vn -0.3692 0.9279 -0.0523
vn -0.2905 0.9379 -0.1898
vn -0.3735 0.8920 -0.2545
vn -0.0953 0.9936 -0.0599
vn -0.0852 0.9653 -0.2469
vn -0.0940 0.9022 -0.4210
vn -0.6929 -0.7068 -0.1425
vn 0.2701 -0.8449 -0.4618
vn -0.0000 -1.0000 -0.0004
vn -0.0000 -1.0000 -0.0002
vn -0.1876 -0.8154 -0.5477
vn -0.8055 -0.5926 -0.0019
vn -0.9950 -0.0971 0.0214
vn 0.5809 -0.7895 0.1982
vn 0.0057 -0.5930 0.8052
vn 0.0070 -0.1512 0.9885
vn 0.0004 -1.0000 -0.0000
vn 0.0016 -1.0000 -0.0000
vn 0.1801 -0.8731 0.4530
vn -0.0668 -0.9773 -0.2008
vn -0.1609 -0.8800 -0.4468
vn 0.2709 -0.6258 0.7314
vn -0.4228 -0.9009 -0.0983
vn 0.1789 -0.9832 0.0374
vn 0.4205 -0.9026 0.0922
vn 0.4755 -0.8701 -0.1295
vn -0.0004 -0.2505 0.9681
vn -0.0000 -0.5926 0.8055
vn -0.9998 0.0219 -0.0015
vn -0.8052 -0.5930 -0.0000
vn -0.0167 -0.8745 -0.4847
vn -0.0101 -0.9431 -0.3325
vn -0.0076 -0.9620 -0.2728
vn -0.0032 -0.9854 -0.1700
vn 0.4673 -0.8841 0.0076
vn 0.5585 -0.8295 0.0099
vn 0.5622 -0.8269 0.0100
vn 0.8616 -0.5075 0.0086
vn 0.9642 -0.2653 0.0062
vn 0.0240 -0.9997 -0.0000
vn 0.0113 -0.9999 -0.0000
vn 0.0053 -1.0000 -0.0000
vn -0.5333 -0.8459 -0.0000
vn -0.2209 -0.9753 -0.0000
vn -0.2605 -0.9655 0.0001
vn -0.2605 -0.9655 -0.0001
vn -0.7866 -0.6174 -0.0001
vn -0.7866 -0.6174 0.0001
vn -0.9897 -0.1432 -0.0000
vn 0.2605 -0.9655 -0.0001
vn 0.2605 -0.9655 0.0001
vn 0.7866 -0.6174 0.0001
vn 0.7866 -0.6174 -0.0001
vn 0.9897 -0.1432 -0.0000
vn -0.2605 0.9655 -0.0001
vn -0.2605 0.9655 0.0001
vn -0.7866 0.6174 0.0001
vn -0.7866 0.6174 -0.0001
vn -0.9897 0.1432 -0.0000
vn -0.9897 0.1431 -0.0000
vn 0.9897 0.1432 -0.0000
vn 0.9897 0.1431 -0.0000
vn 0.7866 0.6174 0.0001
vn 0.7866 0.6174 -0.0001
vn 0.2605 0.9655 0.0001
vn 0.2605 0.9655 -0.0001
vn -0.0001 0.9855 -0.1696
vn 0.0001 0.9855 -0.1696
vn 0.0001 0.7450 -0.6671
vn -0.0001 0.7450 -0.6671
vn -0.0000 0.2236 -0.9747
vn 0.8315 -0.5538 -0.0446
vn 0.4226 -0.9029 -0.0789
vn -0.0001 -0.9855 0.1696
vn 0.0001 -0.9855 0.1696
vn 0.0001 -0.7450 0.6671
vn -0.0001 -0.7450 0.6671
vn -0.0000 -0.2236 0.9747
vn 0.0001 -0.9855 -0.1696
vn -0.0001 -0.9855 -0.1696
vn -0.0001 -0.7450 -0.6671
vn 0.0001 -0.7450 -0.6671
vn -0.0000 -0.2236 -0.9747
vn -0.8998 -0.4351 0.0317
vn -0.8315 -0.5538 0.0446
vn 0.0001 0.9855 0.1696
vn -0.0001 0.9855 0.1696
vn -0.0001 0.7450 0.6671
vn 0.0001 0.7450 0.6671
vn -0.0000 0.2236 0.9747
vn -0.3038 0.9527 -0.0000
vn -0.3039 0.9527 -0.0000
vn -0.4364 0.8998 -0.0000
vn -0.4364 0.8998 0.0001
vn -0.1422 0.9898 -0.0000
vn -0.1422 0.9898 0.0001
vn 0.1422 0.9898 -0.0000
vn 0.1422 0.9898 -0.0001
vn 0.4364 0.8998 -0.0001
vn 0.4364 0.8998 -0.0000
vn 0.3038 0.9527 -0.0000
vn 0.3039 0.9527 -0.0000
vn -0.0000 0.9011 -0.4336
vn -0.0000 0.9690 -0.2472
vn -0.0000 0.9976 -0.0687
vn -0.0000 0.9011 0.4336
vn -0.0000 0.9690 0.2472
vn -0.0000 0.9976 0.0687
vn -0.1117 0.9937 -0.0000
vn -0.3845 0.9231 -0.0000
vn -0.2790 0.9603 -0.0000
vn 0.2790 0.9603 -0.0000
vn 0.3845 0.9231 -0.0000
vn 0.1117 0.9937 -0.0000
vn -0.0000 0.9970 -0.0771
vn -0.0000 0.9645 -0.2642
vn -0.0000 0.8971 -0.4418
vn -0.0000 0.9970 0.0771
vn -0.0000 0.9645 0.2642
vn -0.0000 0.8971 0.4418
vn 0.0070 -0.0000 -1.0000
vn 0.5181 -0.8553 0.0010
vn -0.0033 -0.0050 -1.0000
vn -0.0015 -0.8945 -0.4470
vn -0.9610 0.2764 -0.0024
vn 0.9963 0.0859 0.0039
vn -0.0007 -0.1283 0.9917
vn -0.9955 0.0878 0.0354
vn 0.9927 0.1204 0.0018
vn -0.0006 -0.1644 0.9864
vn -0.9993 0.0357 -0.0087
vn 0.9977 -0.0585 -0.0338
vn 0.0012 -0.1692 -0.9856
vt 0.325062 0.700062
vt 0.325062 0.549938
vt 0.174938 0.549938
vt 0.174938 0.700062
vt 0.135112 0.742496
vt 0.132504 0.742496
vt 0.132829 0.742111
vt 0.133528 0.742496
vt 0.132504 0.739307
vt 0.132504 0.741059
vt 0.130546 0.744454
vt 0.839705 0.711882
vt 0.839705 0.714705
vt 0.839705 0.714597
vt 0.839705 0.714103
vt 0.778045 0.564335
vt 0.779786 0.564335
vt 0.841663 0.716663
vt 0.135112 0.507504
vt 0.133528 0.507504
vt 0.132829 0.507890
vt 0.132504 0.507504
vt 0.130546 0.505546
vt 0.132504 0.508941
vt 0.132504 0.510693
vt 0.839705 0.538118
vt 0.839705 0.535897
vt 0.839705 0.535368
vt 0.839705 0.535295
vt 0.841663 0.533338
vt 0.838046 0.535295
vt 0.367496 0.739307
vt 0.367496 0.742496
vt 0.367171 0.742110
vt 0.367496 0.741059
vt 0.364888 0.742496
vt 0.366472 0.742496
vt 0.369454 0.744454
vt 0.660295 0.711882
vt 0.660295 0.714103
vt 0.660295 0.714596
vt 0.660295 0.714705
vt 0.658338 0.716662
vt 0.660295 0.714705
vt 0.593208 0.564335
vt 0.591467 0.564335
vt 0.367496 0.510693
vt 0.367496 0.508941
vt 0.367171 0.507890
vt 0.367496 0.507504
vt 0.369454 0.505546
vt 0.366472 0.507504
vt 0.364888 0.507504
vt 0.660295 0.538118
vt 0.660295 0.535295
vt 0.660295 0.535368
vt 0.660295 0.535897
vt 0.661955 0.535295
vt 0.658338 0.533338
vt 0.571846 0.002823
vt 0.625000 0.002422
vt 0.625000 0.001016
vt 0.571846 0.000000
vt 0.873042 0.748042
vt 0.873168 0.750000
vt 0.874231 0.750000
vt 0.875000 0.747578
vt 0.571846 0.998341
vt 0.571846 1.000000
vt 0.602535 1.000000
vt 0.625000 0.998168
vt 0.571846 0.247177
vt 0.571846 0.250000
vt 0.613768 0.250384
vt 0.625000 0.247578
vt 0.571846 0.251659
vt 0.625000 0.251832
vt 0.873042 0.501958
vt 0.875000 0.502422
vt 0.875000 0.501016
vt 0.873168 0.500000
vt 0.571846 0.502823
vt 0.625000 0.502422
vt 0.617768 0.500339
vt 0.571846 0.500000
vt 0.626958 0.501958
vt 0.625916 0.499084
vt 0.571846 0.498341
vt 0.571846 0.747177
vt 0.571846 0.750000
vt 0.617512 0.749918
vt 0.625000 0.747578
vt 0.571846 0.751659
vt 0.625916 0.750916
vt 0.626958 0.748042
vt 0.851949 0.726949
vt 0.851949 0.726949
vt 0.853997 0.728997
vt 0.851949 0.523051
vt 0.853997 0.521003
vt 0.648051 0.523051
vt 0.646003 0.521003
vt 0.648051 0.726949
vt 0.646003 0.728997
vt 0.851949 0.725538
vt 0.851808 0.726710
vt 0.850290 0.724126
vt 0.851120 0.726949
vt 0.851808 0.523290
vt 0.851949 0.524462
vt 0.851120 0.523051
vt 0.850290 0.525874
vt 0.648051 0.524462
vt 0.648192 0.523290
vt 0.649710 0.525874
vt 0.648881 0.523051
vt 0.648192 0.726710
vt 0.648051 0.725538
vt 0.648881 0.726949
vt 0.649710 0.724127
vt 0.825380 0.711882
vt 0.825380 0.711876
vt 0.825155 0.714304
vt 0.825392 0.714705
vt 0.824136 0.711877
vt 0.823729 0.714705
vt 0.823733 0.714705
vt 0.674620 0.711882
vt 0.674608 0.714705
vt 0.674846 0.714304
vt 0.674620 0.711876
vt 0.676268 0.714705
vt 0.676271 0.714705
vt 0.676279 0.711882
vt 0.000000 0.000000
vt 0.675911 0.547558
vt 0.674668 0.549503
vt 0.674703 0.549346
vt 0.674668 0.549668
vt 0.675326 0.549505
vt 0.675984 0.546849
vt 0.674660 0.547694
vt 0.673341 0.697516
vt 0.674171 0.700172
vt 0.674748 0.700332
vt 0.674668 0.697513
vt 0.674668 0.700332
vt 0.674759 0.701453
vt 0.676315 0.702449
vt 0.676321 0.700332
vt 0.826991 0.698081
vt 0.825428 0.699206
vt 0.825332 0.700269
vt 0.826489 0.700337
vt 0.825332 0.700332
vt 0.825428 0.700332
vt 0.826980 0.698074
vt 0.825332 0.700332
vt 0.824017 0.546849
vt 0.824839 0.549505
vt 0.825414 0.549668
vt 0.825344 0.546842
vt 0.825332 0.549668
vt 0.825429 0.550794
vt 0.826991 0.551919
vt 0.826997 0.549661
vt 0.592203 0.564335
vt 0.661955 0.711882
vt 0.660295 0.711882
vt 0.660295 0.714108
vt 0.661955 0.714705
vt 0.660295 0.711882
vt 0.839705 0.711882
vt 0.839705 0.711882
vt 0.839354 0.714108
vt 0.839705 0.714705
vt 0.838046 0.711882
vt 0.838046 0.714705
vt 0.778045 0.564335
vt 0.838046 0.535295
vt 0.839471 0.535693
vt 0.838046 0.538118
vt 0.839705 0.538118
vt 0.839705 0.538118
vt 0.661954 0.535295
vt 0.660529 0.535693
vt 0.661954 0.535295
vt 0.661954 0.538118
vt 0.839705 0.546786
vt 0.839705 0.546788
vt 0.839472 0.549213
vt 0.839705 0.549608
vt 0.838046 0.546793
vt 0.838047 0.549615
vt 0.838046 0.549615
vt 0.838046 0.700385
vt 0.838047 0.700385
vt 0.839472 0.700788
vt 0.839705 0.700392
vt 0.838046 0.703207
vt 0.839705 0.703212
vt 0.839705 0.703214
vt 0.660295 0.546786
vt 0.660295 0.549608
vt 0.660529 0.549213
vt 0.660295 0.546788
vt 0.661955 0.549615
vt 0.661953 0.549615
vt 0.661955 0.546793
vt 0.661954 0.703207
vt 0.661953 0.700385
vt 0.660529 0.700787
vt 0.660295 0.703212
vt 0.661954 0.700385
vt 0.660295 0.700392
vt 0.660295 0.703214
vt 0.674620 0.538118
vt 0.674608 0.535295
vt 0.674378 0.535690
vt 0.674620 0.538112
vt 0.672949 0.535295
vt 0.672953 0.535295
vt 0.672961 0.538118
vt 0.672997 0.546838
vt 0.673004 0.549661
vt 0.674430 0.549266
vt 0.674656 0.546837
vt 0.673009 0.549661
vt 0.674656 0.546845
vt 0.825344 0.546845
vt 0.825570 0.549266
vt 0.825344 0.546838
vt 0.826991 0.549661
vt 0.826996 0.549661
vt 0.827003 0.546838
vt 0.827051 0.535295
vt 0.825392 0.535295
vt 0.825622 0.535690
vt 0.827048 0.535295
vt 0.825380 0.538118
vt 0.825380 0.538112
vt 0.827039 0.538118
vt 0.674656 0.703155
vt 0.674430 0.700735
vt 0.674656 0.703163
vt 0.673009 0.700339
vt 0.673004 0.700339
vt 0.672997 0.703162
vt 0.604749 0.564335
vt 0.606491 0.564335
vt 0.604753 0.564335
vt 0.674620 0.711882
vt 0.674620 0.711888
vt 0.674263 0.714112
vt 0.674609 0.714705
vt 0.672961 0.711882
vt 0.672953 0.714705
vt 0.764750 0.561372
vt 0.764763 0.564335
vt 0.765128 0.564335
vt 0.764750 0.561378
vt 0.766504 0.564335
vt 0.766501 0.564335
vt 0.827039 0.711882
vt 0.825380 0.711888
vt 0.825387 0.713520
vt 0.827048 0.714705
vt 0.764713 0.552211
vt 0.764713 0.552220
vt 0.764705 0.550513
vt 0.764700 0.549249
vt 0.827003 0.703162
vt 0.826996 0.700339
vt 0.825686 0.700334
vt 0.825344 0.703163
vt 0.826991 0.700339
vt 0.674427 0.523051
vt 0.674451 0.523051
vt 0.674472 0.523051
vt 0.674463 0.523051
vt 0.674476 0.523051
vt 0.674488 0.523051
vt 0.674500 0.520945
vt 0.825524 0.523051
vt 0.825575 0.523051
vt 0.825680 0.523051
vt 0.825517 0.523051
vt 0.827183 0.523051
vt 0.826342 0.523051
vt 0.825500 0.520945
vt 0.825574 0.726949
vt 0.825549 0.726949
vt 0.825528 0.726949
vt 0.825537 0.726949
vt 0.825524 0.726949
vt 0.825512 0.726949
vt 0.825500 0.729055
vt 0.674476 0.726949
vt 0.674425 0.726949
vt 0.674320 0.726949
vt 0.674483 0.726949
vt 0.672817 0.726949
vt 0.673659 0.726949
vt 0.674500 0.729055
vt 0.674475 0.523051
vt 0.674450 0.523051
vt 0.674441 0.523051
vt 0.674471 0.523051
vt 0.674425 0.523051
vt 0.674468 0.525874
vt 0.823916 0.523051
vt 0.824389 0.523051
vt 0.825391 0.523051
vt 0.825524 0.523051
vt 0.825533 0.525874
vt 0.825525 0.726949
vt 0.825550 0.726949
vt 0.825559 0.726949
vt 0.825529 0.726949
vt 0.825575 0.726949
vt 0.825533 0.724126
vt 0.676084 0.726949
vt 0.675611 0.726949
vt 0.674610 0.726949
vt 0.674467 0.724126
vt 0.827051 0.535295
vt 0.826123 0.535295
vt 0.825392 0.535380
vt 0.825422 0.533273
vt 0.824695 0.535295
vt 0.823733 0.535295
vt 0.825380 0.538118
vt 0.674620 0.538118
vt 0.674608 0.535380
vt 0.676268 0.535295
vt 0.675305 0.535295
vt 0.674578 0.533273
vt 0.673878 0.535295
vt 0.672949 0.535295
vt 0.674620 0.538118
vt 0.674620 0.711882
vt 0.674609 0.714599
vt 0.674620 0.711882
vt 0.604749 0.564335
vt 0.605724 0.564335
vt 0.606489 0.564335
vt 0.674578 0.716727
vt 0.675305 0.714705
vt 0.673878 0.714705
vt 0.676268 0.714705
vt 0.825380 0.711882
vt 0.825392 0.714705
vt 0.825392 0.714705
vt 0.824695 0.714705
vt 0.825422 0.716727
vt 0.826123 0.714705
vt 0.764762 0.564112
vt 0.765530 0.564335
vt 0.764750 0.561372
vt 0.851949 0.549427
vt 0.851949 0.549452
vt 0.851949 0.549468
vt 0.851949 0.549476
vt 0.853982 0.549476
vt 0.851949 0.700524
vt 0.851949 0.700575
vt 0.851949 0.700821
vt 0.851949 0.700524
vt 0.851949 0.703347
vt 0.851949 0.702520
vt 0.853982 0.700524
vt 0.648051 0.700573
vt 0.648051 0.700548
vt 0.648051 0.700532
vt 0.648051 0.700524
vt 0.646018 0.700524
vt 0.648051 0.549476
vt 0.648051 0.549425
vt 0.648051 0.549179
vt 0.648051 0.546653
vt 0.648051 0.547480
vt 0.646018 0.549476
vt 0.851949 0.549474
vt 0.851949 0.549449
vt 0.851949 0.549438
vt 0.851949 0.549462
vt 0.851949 0.549425
vt 0.850290 0.549450
vt 0.851949 0.697752
vt 0.851949 0.698572
vt 0.851949 0.700277
vt 0.850290 0.700550
vt 0.648051 0.700526
vt 0.648051 0.700551
vt 0.648051 0.700563
vt 0.648051 0.700538
vt 0.648051 0.700575
vt 0.649710 0.700550
vt 0.648051 0.552248
vt 0.648051 0.551428
vt 0.648051 0.549724
vt 0.649710 0.549450
vt 0.838046 0.700385
vt 0.839669 0.700392
vt 0.838046 0.700385
vt 0.839705 0.703214
vt 0.839705 0.701911
vt 0.841641 0.700421
vt 0.839705 0.698900
vt 0.839705 0.697569
vt 0.838046 0.549615
vt 0.839669 0.549608
vt 0.839705 0.552431
vt 0.839705 0.551101
vt 0.841641 0.549580
vt 0.839705 0.548089
vt 0.839705 0.546786
vt 0.660295 0.697569
vt 0.660295 0.698899
vt 0.660332 0.700392
vt 0.658360 0.700421
vt 0.660295 0.701911
vt 0.660295 0.703214
vt 0.661954 0.700385
vt 0.661955 0.700385
vt 0.660295 0.548089
vt 0.660332 0.549608
vt 0.660295 0.549608
vt 0.658360 0.549579
vt 0.660295 0.551101
vt 0.660295 0.552431
vt 0.661955 0.549615
vt 0.826991 0.700339
vt 0.826989 0.700339
vt 0.825391 0.700333
vt 0.825332 0.700332
vt 0.824226 0.697979
vt 0.824779 0.700192
vt 0.825331 0.698218
vt 0.764713 0.552211
vt 0.764700 0.549249
vt 0.674668 0.700428
vt 0.673840 0.700336
vt 0.674656 0.703155
vt 0.674666 0.701092
vt 0.674506 0.700332
vt 0.673008 0.701744
vt 0.674460 0.700333
vt 0.673840 0.549664
vt 0.674578 0.549571
vt 0.673008 0.547785
vt 0.674506 0.549668
vt 0.674391 0.549667
vt 0.674668 0.549668
vt 0.674664 0.548843
vt 0.674656 0.546845
vt 0.826991 0.549661
vt 0.825333 0.549572
vt 0.826161 0.549665
vt 0.825344 0.546845
vt 0.825335 0.548908
vt 0.825495 0.549668
vt 0.826992 0.547785
vt 0.825609 0.549667
vt 0.823733 0.535295
vt 0.823729 0.535295
vt 0.825155 0.535696
vt 0.825392 0.535295
vt 0.823721 0.538118
vt 0.825380 0.538124
vt 0.825380 0.538118
vt 0.674620 0.538124
vt 0.674846 0.535696
vt 0.676279 0.538118
vt 0.676271 0.535295
vt 0.676268 0.535295
vt 0.661954 0.697562
vt 0.660295 0.697567
vt 0.660530 0.699992
vt 0.661956 0.700385
vt 0.660295 0.697569
vt 0.661955 0.700385
vt 0.660295 0.552431
vt 0.660295 0.552433
vt 0.660530 0.550008
vt 0.661955 0.552438
vt 0.661956 0.549615
vt 0.661954 0.549615
vt 0.838046 0.700385
vt 0.839471 0.699992
vt 0.838045 0.700385
vt 0.839705 0.697569
vt 0.839705 0.697567
vt 0.838046 0.697562
vt 0.838045 0.549615
vt 0.839471 0.550008
vt 0.838046 0.552438
vt 0.839705 0.552433
vt 0.428154 0.251659
vt 0.428154 0.250000
vt 0.386232 0.249492
vt 0.375000 0.251832
vt 0.428154 0.247177
vt 0.375000 0.247578
vt 0.126958 0.501958
vt 0.126832 0.500000
vt 0.125769 0.500000
vt 0.125000 0.502422
vt 0.428154 0.502823
vt 0.428154 0.500000
vt 0.382488 0.500082
vt 0.375000 0.502422
vt 0.428154 0.498341
vt 0.374084 0.499084
vt 0.373042 0.501958
vt 0.428154 0.747177
vt 0.375000 0.747578
vt 0.382232 0.749661
vt 0.428154 0.750000
vt 0.373042 0.748042
vt 0.374084 0.750916
vt 0.428154 0.751659
vt 0.428154 0.998341
vt 0.375000 0.998168
vt 0.375000 0.999231
vt 0.428154 1.000000
vt 0.126958 0.748042
vt 0.125000 0.747578
vt 0.125000 0.748984
vt 0.126832 0.750000
vt 0.428154 0.002823
vt 0.428154 0.000000
vt 0.397465 0.000000
vt 0.375000 0.002422
vt 0.132568 0.507703
vt 0.133674 0.507504
vt 0.132504 0.510713
vt 0.132504 0.509863
vt 0.134221 0.510426
vt 0.367496 0.510713
vt 0.367433 0.507703
vt 0.367496 0.509863
vt 0.366326 0.507504
vt 0.365779 0.510426
vt 0.367496 0.739287
vt 0.367496 0.740137
vt 0.367432 0.742298
vt 0.365779 0.739574
vt 0.366326 0.742496
vt 0.133674 0.742496
vt 0.132568 0.742298
vt 0.132504 0.742496
vt 0.134221 0.739574
vt 0.132504 0.740137
vt 0.132504 0.739287
vt 0.825336 0.700332
vt 0.825344 0.546819
vt 0.673009 0.549670
vt 0.676327 0.697510
vt 0.826989 0.699398
vt 0.674669 0.699334
vt 0.825284 0.747978
vt 0.674716 0.747978
vt 0.674741 0.750000
vt 0.825259 0.750000
vt 0.625000 0.950259
vt 0.625000 0.799741
vt 0.571846 0.799771
vt 0.571846 0.950229
vt 0.674716 0.502022
vt 0.825284 0.502022
vt 0.825259 0.500000
vt 0.674741 0.500000
vt 0.625000 0.450259
vt 0.625000 0.299741
vt 0.571846 0.299771
vt 0.571846 0.450229
vt 0.325111 0.747978
vt 0.174889 0.747978
vt 0.174885 0.750000
vt 0.325115 0.750000
vt 0.375000 0.799885
vt 0.375000 0.950115
vt 0.428154 0.950143
vt 0.428154 0.799857
vt 0.428154 0.450143
vt 0.428154 0.299857
vt 0.375000 0.299885
vt 0.375000 0.450115
vt 0.325115 0.500000
vt 0.174885 0.500000
vt 0.174889 0.502022
vt 0.325111 0.502022
vt 0.126936 0.700111
vt 0.126936 0.549889
vt 0.125000 0.549885
vt 0.125000 0.700115
vt 0.375000 0.049885
vt 0.375000 0.200115
vt 0.428154 0.200143
vt 0.428154 0.049858
vt 0.674671 0.549668
vt 0.626936 0.700283
vt 0.626936 0.549717
vt 0.625000 0.549741
vt 0.625000 0.700259
vt 0.571846 0.549771
vt 0.571846 0.700229
vt 0.873064 0.549717
vt 0.873064 0.700283
vt 0.875000 0.700259
vt 0.875000 0.549741
vt 0.625000 0.200259
vt 0.625000 0.049741
vt 0.571846 0.049771
vt 0.571846 0.200229
vt 0.373064 0.549889
vt 0.373064 0.700111
vt 0.375000 0.700115
vt 0.375000 0.549885
vt 0.428154 0.700143
vt 0.428154 0.549857
vt 0.325111 0.742496
vt 0.174889 0.742496
vt 0.175076 0.742496
vt 0.324925 0.742496
vt 0.174889 0.744518
vt 0.325111 0.744518
vt 0.325111 0.505482
vt 0.174889 0.505482
vt 0.175076 0.507504
vt 0.324924 0.507504
vt 0.174889 0.507504
vt 0.325111 0.507504
vt 0.132504 0.700111
vt 0.132504 0.549889
vt 0.132504 0.550023
vt 0.132504 0.699977
vt 0.130568 0.549889
vt 0.130568 0.700111
vt 0.367496 0.549889
vt 0.367496 0.700111
vt 0.367496 0.699977
vt 0.367496 0.550023
vt 0.369432 0.700111
vt 0.369432 0.549889
vt 0.325107 0.739574
vt 0.174893 0.739574
vt 0.174697 0.742496
vt 0.325303 0.742496
vt 0.174889 0.507504
vt 0.174697 0.507504
vt 0.325303 0.507504
vt 0.174893 0.510426
vt 0.325107 0.510426
vt 0.134221 0.700109
vt 0.134221 0.549891
vt 0.132504 0.549751
vt 0.132504 0.700249
vt 0.132504 0.549889
vt 0.132504 0.700111
vt 0.365779 0.549891
vt 0.365779 0.700109
vt 0.367496 0.700249
vt 0.367496 0.549751
vt 0.367496 0.700111
vt 0.367496 0.549889
vt 0.825330 0.549668
s 1
usemtl Material.019
f 642/449/265 641/450/265 644/451/265 643/452/265
f 645/453/266 648/454/267 649/455/268 651/456/269
f 646/457/270 650/458/271 649/455/268 648/454/267
f 647/459/272 651/456/269 649/455/268 650/458/271
f 652/460/273 655/461/274 656/462/275 658/463/276
f 653/464/277 657/465/278 656/465/275 655/465/274
f 654/466/279 658/463/276 656/462/275 657/461/278
f 659/467/280 662/468/281 663/469/282 665/470/283
f 660/471/284 664/472/285 663/469/282 662/468/281
f 661/473/286 665/470/283 663/469/282 664/472/285
f 666/474/287 669/475/288 670/476/289 672/477/290
f 667/478/291 671/477/292 670/476/289 669/475/288
f 668/479/293 672/477/290 670/476/289 671/477/292
f 673/480/294 676/481/295 677/482/296 679/483/297
f 674/484/298 678/485/299 677/482/296 676/481/295
f 675/486/300 679/483/297 677/482/296 678/485/299
f 680/487/301 683/488/302 684/489/303 686/490/304
f 681/491/305 685/492/306 684/489/303 683/488/302
f 682/493/307 686/494/304 684/494/303 685/494/306
f 687/495/308 690/496/309 691/497/310 693/498/311
f 688/499/312 692/500/313 691/497/310 690/496/309
f 689/501/314 693/498/311 691/497/310 692/500/313
f 694/502/315 697/503/316 698/504/317 700/505/318
f 695/506/319 699/503/320 698/504/317 697/503/316
f 696/507/321 700/505/318 698/504/317 699/503/320
f 701/508/322 704/509/323 705/510/324 707/511/325
f 702/512/326 706/513/327 705/514/324 704/515/323
f 703/516/328 707/517/325 705/518/324 706/519/327
f 708/520/329 711/521/330 712/522/331 714/523/332
f 709/524/333 713/525/334 712/522/331 711/521/330
f 710/526/335 714/527/332 712/528/331 713/529/334
f 715/530/336 718/531/337 719/532/338 721/533/339
f 716/534/340 720/535/341 719/532/338 718/531/337
f 717/536/342 721/533/339 719/532/338 720/535/341
f 722/537/343 725/538/344 726/539/345 728/540/346
f 723/541/347 727/542/348 726/539/345 725/538/344
f 724/543/349 728/540/346 726/539/345 727/542/348
f 729/544/350 732/544/265 733/545/265 735/544/351
f 730/544/352 734/544/353 733/545/265 732/544/265
f 731/546/354 735/544/351 733/545/265 734/544/353
f 736/547/355 739/547/356 740/547/265 742/547/265
f 737/548/354 741/547/357 740/547/265 739/547/356
f 738/547/265 742/547/265 740/547/265 741/547/357
f 743/549/358 746/549/265 747/549/265 749/549/359
f 744/549/265 748/549/360 747/549/265 746/549/265
f 745/550/354 749/549/359 747/549/265 748/549/360
f 750/551/361 753/551/354 754/551/265 756/551/265
f 751/552/354 755/551/362 754/551/265 753/551/354
f 752/551/363 756/551/265 754/551/265 755/551/362
f 757/544/364 760/553/365 761/554/366 763/544/265
f 758/555/354 762/556/265 761/554/366 760/553/365
f 759/544/367 763/544/265 761/554/366 762/556/265
f 764/547/364 767/547/265 768/557/366 770/558/354
f 765/547/367 769/559/265 768/557/366 767/547/265
f 766/560/354 770/558/354 768/557/366 769/559/265
f 771/549/368 774/561/354 775/562/366 777/549/265
f 772/563/354 776/564/265 775/562/366 774/561/354
f 773/549/369 777/549/265 775/562/366 776/564/265
f 778/551/368 781/551/265 782/565/366 784/566/354
f 779/551/369 783/567/265 782/565/366 781/551/265
f 780/568/354 784/566/354 782/565/366 783/567/265
f 785/569/370 788/570/371 789/571/372 791/572/373
f 786/573/374 790/574/375 789/571/372 788/570/371
f 787/575/376 791/572/373 789/571/372 790/574/375
f 792/576/377 795/577/378 796/578/379 798/579/380
f 793/580/381 797/581/382 796/578/379 795/577/378
f 794/582/383 798/579/380 796/578/379 797/581/382
s 0
f 799/583/384 803/583/384 804/583/384 807/583/384
s 1
f 800/584/385 805/585/386 804/586/387 803/587/385
f 801/587/388 806/588/389 804/586/387 805/585/386
f 802/589/390 807/590/391 804/586/387 806/588/389
s 0
f 808/583/392 812/583/392 813/583/392 816/583/392
s 1
f 809/591/393 814/592/394 813/593/395 812/594/396
f 810/595/397 815/596/398 813/593/395 814/592/394
f 811/597/399 816/598/399 813/593/395 815/596/398
s 0
f 817/583/400 821/583/400 822/583/400 825/583/400
s 1
f 818/599/401 823/600/402 822/601/403 821/602/404
f 819/603/405 824/604/406 822/601/403 823/600/402
f 820/605/407 825/606/408 822/601/403 824/604/406
s 0
f 826/583/409 830/583/409 831/583/409 834/583/409
s 1
f 827/607/410 832/608/411 831/609/412 830/610/413
f 828/611/414 833/612/415 831/609/412 832/608/411
f 829/613/416 834/614/417 831/609/412 833/612/415
f 835/493/418 838/493/419 839/615/420 841/494/421
f 836/616/422 840/617/423 839/618/420 838/619/419
f 837/620/424 841/492/421 839/618/420 840/617/423
f 842/621/425 845/622/426 846/623/427 848/624/428
f 843/625/429 847/626/430 846/623/427 845/622/426
f 844/627/431 848/465/428 846/465/427 847/627/430
f 849/628/432 852/628/433 853/629/434 855/477/435
f 850/630/436 854/631/437 853/629/434 852/628/433
f 851/632/438 855/477/435 853/629/434 854/631/437
f 856/633/439 859/503/440 860/634/441 862/635/442
f 857/502/443 861/502/444 860/634/441 859/503/440
f 858/636/445 862/635/442 860/634/441 861/502/444
f 863/637/446 866/638/447 867/639/448 869/640/449
f 864/641/450 868/642/451 867/639/448 866/638/447
f 865/643/452 869/640/449 867/639/448 868/642/451
f 870/644/453 873/645/454 874/646/455 876/647/456
f 871/648/457 875/649/458 874/646/455 873/645/454
f 872/650/459 876/647/456 874/646/455 875/649/458
f 877/651/460 880/652/461 881/653/462 883/654/463
f 878/655/464 882/656/465 881/653/462 880/652/461
f 879/657/466 883/654/463 881/653/462 882/656/465
f 884/658/467 887/659/468 888/660/469 890/661/470
f 885/662/471 889/663/472 888/660/469 887/659/468
f 886/664/473 890/661/470 888/660/469 889/663/472
f 891/665/474 894/666/475 895/667/476 897/668/477
f 892/669/478 896/670/479 895/667/476 894/666/475
f 893/671/480 897/668/477 895/667/476 896/670/479
f 898/672/481 901/673/482 902/674/483 904/675/484
f 899/676/485 903/587/486 902/674/483 901/673/482
f 900/677/487 904/675/484 902/674/483 903/587/486
f 905/678/488 908/611/489 909/679/490 911/680/491
f 906/681/492 910/682/493 909/679/490 908/611/489
f 907/683/494 911/680/491 909/679/490 910/682/493
f 912/684/495 915/685/496 916/686/497 918/687/498
f 913/688/499 917/689/500 916/686/497 915/685/496
f 914/690/501 918/687/498 916/686/497 917/689/500
f 919/691/502 922/595/503 923/692/504 925/693/505
f 920/694/506 924/695/507 923/692/504 922/595/503
f 921/696/508 925/693/505 923/692/504 924/695/507
f 926/697/509 929/698/510 930/698/511 932/699/512
f 927/700/513 931/701/514 930/702/511 929/703/510
f 928/704/515 932/705/512 930/702/511 931/701/514
f 933/706/516 936/707/517 937/708/518 939/709/519
f 934/710/520 938/711/521 937/708/518 936/707/517
f 935/712/522 939/713/519 937/714/518 938/715/521
f 940/716/523 943/717/524 944/718/525 946/719/526
f 941/720/527 945/721/528 944/722/525 943/723/524
f 942/724/529 946/606/526 944/722/525 945/721/528
f 971/725/530 974/726/531 975/727/354 977/728/354
f 972/729/532 976/730/354 975/727/354 974/726/531
f 973/731/354 977/728/354 975/727/354 976/730/354
f 978/732/265 981/733/366 982/734/354 984/735/354
f 979/736/366 983/737/354 982/734/354 981/733/366
f 980/738/354 984/735/354 982/734/354 983/737/354
f 985/739/531 988/740/530 989/741/354 991/742/354
f 986/743/533 990/744/354 989/741/354 988/740/530
f 987/745/354 991/742/354 989/741/354 990/744/354
f 992/746/534 995/747/366 996/748/354 998/749/354
f 993/750/531 997/751/354 996/748/354 995/747/366
f 994/752/354 998/749/354 996/748/354 997/751/354
f 999/753/530 1002/754/531 1003/755/354 1005/756/354
f 1000/757/531 1004/757/354 1003/755/354 1002/754/531
f 1001/758/354 1005/756/354 1003/755/354 1004/757/354
f 1006/759/531 1009/760/354 1010/761/354 1012/762/535
f 1007/763/354 1011/733/354 1010/761/354 1009/760/354
f 1008/733/530 1012/762/535 1010/761/354 1011/733/354
f 1013/764/531 1016/765/530 1017/766/354 1019/767/354
f 1014/768/530 1018/768/354 1017/766/354 1016/765/530
f 1015/769/354 1019/767/354 1017/766/354 1018/768/354
f 1020/770/366 1023/771/354 1024/772/354 1026/746/536
f 1021/773/354 1025/747/354 1024/772/354 1023/771/354
f 1022/747/531 1026/746/536 1024/772/354 1025/747/354
f 1027/774/537 1032/775/538 1033/776/539 1037/685/540
f 1028/777/541 1034/778/542 1033/776/539 1032/775/538
f 1029/779/543 1035/685/544 1033/776/539 1034/778/542
f 1030/688/545 1036/780/546 1033/776/539 1035/685/544
f 1031/780/547 1037/685/540 1033/776/539 1036/780/546
f 1038/781/548 1043/666/549 1044/782/550 1048/781/551
f 1039/783/552 1045/784/553 1044/782/550 1043/666/549
f 1040/785/554 1046/786/555 1044/782/550 1045/784/553
f 1041/787/556 1047/666/557 1044/782/550 1046/786/555
f 1042/788/558 1048/781/551 1044/782/550 1047/666/557
f 1049/576/559 1054/789/560 1055/790/561 1059/577/562
f 1050/791/563 1056/577/564 1055/790/561 1054/789/560
f 1051/792/565 1057/793/566 1055/794/561 1056/698/564
f 1052/795/567 1058/796/568 1055/790/561 1057/797/566
f 1053/798/569 1059/577/562 1055/790/561 1058/796/568
f 1060/799/570 1065/800/571 1066/801/572 1070/799/573
f 1061/575/574 1067/802/575 1066/801/572 1065/800/571
f 1062/803/576 1068/804/577 1066/801/572 1067/802/575
f 1063/710/578 1069/707/579 1066/805/572 1068/806/577
f 1064/807/580 1070/706/573 1066/805/572 1069/707/579
f 1095/808/581 1098/809/581 1099/810/354 1101/809/354
f 1096/811/582 1100/811/354 1099/810/354 1098/809/581
f 1097/812/354 1101/809/354 1099/810/354 1100/811/354
f 1102/813/583 1105/814/584 1106/815/354 1108/816/354
f 1103/817/581 1107/818/354 1106/815/354 1105/814/584
f 1104/819/354 1108/816/354 1106/815/354 1107/818/354
f 1109/820/581 1112/821/581 1113/822/354 1115/821/354
f 1110/823/585 1114/823/354 1113/822/354 1112/821/581
f 1111/824/354 1115/821/354 1113/822/354 1114/823/354
f 1116/825/584 1119/826/581 1120/827/354 1122/825/354
f 1117/828/584 1121/829/354 1120/827/354 1119/826/581
f 1118/830/354 1122/825/354 1120/827/354 1121/829/354
f 1123/831/581 1126/832/581 1127/833/354 1129/834/354
f 1124/835/581 1128/835/354 1127/833/354 1126/832/581
f 1125/836/354 1129/834/354 1127/833/354 1128/835/354
f 1130/837/586 1133/838/354 1134/839/354 1136/816/587
f 1131/840/354 1135/814/354 1134/839/354 1133/838/354
f 1132/814/584 1136/816/587 1134/839/354 1135/814/354
f 1137/841/581 1140/842/581 1141/843/354 1143/844/354
f 1138/845/584 1142/845/354 1141/843/354 1140/842/581
f 1139/846/354 1143/844/354 1141/843/354 1142/845/354
f 1144/847/588 1147/848/354 1148/849/354 1150/825/584
f 1145/850/354 1149/826/354 1148/849/354 1147/848/354
f 1146/826/581 1150/825/584 1148/849/354 1149/826/354
f 1151/851/589 1156/851/590 1157/852/591 1161/647/592
f 1152/853/593 1158/647/594 1157/852/591 1156/851/590
f 1153/854/595 1159/855/596 1157/852/591 1158/647/594
f 1154/856/597 1160/857/598 1157/852/591 1159/855/596
f 1155/858/599 1161/647/592 1157/852/591 1160/857/598
f 1162/859/600 1167/640/601 1168/860/602 1172/859/603
f 1163/861/604 1169/862/605 1168/860/602 1167/640/601
f 1164/863/606 1170/864/607 1168/860/602 1169/862/605
f 1165/865/608 1171/640/609 1168/860/602 1170/864/607
f 1166/643/610 1172/859/603 1168/860/602 1171/640/609
f 1173/866/611 1178/867/612 1179/868/613 1183/663/614
f 1174/869/615 1180/870/616 1179/868/613 1178/867/612
f 1175/871/617 1181/663/618 1179/868/613 1180/870/616
f 1176/872/619 1182/873/620 1179/868/613 1181/663/618
f 1177/873/621 1183/663/614 1179/868/613 1182/873/620
f 1184/651/622 1189/874/623 1190/875/624 1194/876/625
f 1185/877/626 1191/878/627 1190/875/624 1189/874/623
f 1186/879/628 1192/652/629 1190/875/624 1191/878/627
f 1187/880/630 1193/880/631 1190/875/624 1192/652/629
f 1188/880/632 1194/876/625 1190/875/624 1193/880/631
f 1195/881/633 1200/882/634 1201/883/635 1205/884/636
s 0
f 1196/583/637 1202/583/637 1201/583/637 1200/583/637
s 1
f 1197/885/638 1203/886/639 1201/883/635 1202/887/638
f 1198/606/640 1204/606/641 1201/883/635 1203/886/639
f 1199/888/642 1205/889/636 1201/889/635 1204/889/641
f 1206/694/643 1211/595/644 1212/890/645 1216/891/646
f 1207/892/647 1213/893/648 1212/890/645 1211/595/644
f 1208/595/649 1214/894/650 1212/890/645 1213/893/648
f 1209/895/651 1215/896/651 1212/890/645 1214/894/650
s 0
f 1210/583/652 1216/583/652 1212/583/652 1215/583/652
s 1
f 1217/676/653 1222/897/654 1223/898/655 1227/587/656
s 0
f 1218/583/657 1224/583/657 1223/583/657 1222/583/657
s 1
f 1219/899/658 1225/900/659 1223/898/655 1224/901/658
f 1220/902/660 1226/903/661 1223/898/655 1225/900/659
f 1221/904/662 1227/587/656 1223/898/655 1226/903/661
f 1228/905/663 1233/611/664 1234/906/665 1238/907/666
f 1229/908/667 1235/909/668 1234/906/665 1233/611/664
f 1230/611/669 1236/910/670 1234/906/665 1235/909/668
f 1231/911/671 1237/912/671 1234/906/665 1236/910/670
s 0
f 1232/583/672 1238/583/672 1234/583/672 1237/583/672
s 1
f 1239/913/673 1242/914/674 1243/915/675 1245/916/676
f 1240/917/677 1244/918/678 1243/915/675 1242/914/674
f 1241/919/679 1245/916/676 1243/915/675 1244/918/678
f 1246/781/680 1249/920/681 1250/921/682 1252/666/683
f 1247/922/684 1251/923/685 1250/921/682 1249/920/681
f 1248/924/686 1252/666/683 1250/921/682 1251/923/685
f 1253/925/687 1256/926/688 1257/927/689 1259/928/690
f 1254/929/691 1258/663/692 1257/927/689 1256/926/688
f 1255/930/693 1259/928/690 1257/927/689 1258/663/692
f 1260/931/694 1263/932/695 1264/933/696 1266/652/697
f 1261/934/698 1265/935/699 1264/933/696 1263/932/695
f 1262/936/700 1266/652/697 1264/933/696 1265/935/699
f 1267/937/701 1270/647/702 1271/938/703 1273/939/704
f 1268/940/705 1272/941/706 1271/938/703 1270/647/702
f 1269/942/707 1273/939/704 1271/938/703 1272/941/706
f 1274/859/708 1277/943/709 1278/944/710 1280/640/711
f 1275/945/712 1279/946/713 1278/944/710 1277/943/709
f 1276/861/714 1280/640/711 1278/944/710 1279/946/713
f 1305/947/715 1308/948/716 1309/949/717 1311/950/718
f 1306/951/719 1310/952/720 1309/949/717 1308/948/716
f 1307/953/721 1311/954/718 1309/955/717 1310/956/720
f 1312/957/722 1315/958/723 1316/959/724 1318/960/725
f 1313/961/726 1317/962/727 1316/959/724 1315/958/723
f 1314/963/728 1318/960/725 1316/959/724 1317/962/727
f 1319/964/729 1322/965/730 1323/966/731 1325/967/732
f 1320/968/733 1324/969/734 1323/966/731 1322/965/730
f 1321/970/735 1325/967/732 1323/966/731 1324/969/734
f 1326/971/736 1329/972/737 1330/973/738 1332/974/739
f 1327/975/740 1331/976/741 1330/977/738 1329/978/737
f 1328/979/742 1332/980/739 1330/981/738 1331/982/741
f 1357/467/743 1360/470/744 1361/983/745 1363/984/746
f 1358/985/747 1362/986/748 1361/983/745 1360/470/744
f 1359/987/749 1363/984/746 1361/983/745 1362/986/748
f 1364/988/750 1367/498/751 1368/989/752 1370/990/753
f 1365/501/754 1369/991/755 1368/989/752 1367/498/751
f 1366/992/756 1370/990/753 1368/989/752 1369/991/755
f 1371/993/757 1374/994/758 1375/995/759 1377/481/760
f 1372/996/761 1376/997/762 1375/995/759 1374/994/758
f 1373/484/763 1377/481/760 1375/995/759 1376/997/762
f 1378/453/764 1381/998/765 1382/999/766 1384/1000/767
f 1379/1001/768 1383/1002/769 1382/999/766 1381/998/765
f 1380/1003/770 1384/1000/767 1382/999/766 1383/1002/769
f 1188/880/632 878/655/464 880/652/461 1194/876/625
f 1194/876/625 880/652/461 877/651/460 1184/651/622
f 1328/979/742 701/508/322 707/511/325 1332/980/739
f 1332/974/739 707/517/325 703/516/328 1326/971/736
f 912/684/495 1027/774/537 1037/685/540 915/685/496
f 915/685/496 1037/685/540 1031/780/547 913/688/499
f 708/520/329 1306/951/719 1308/948/716 711/521/330
f 711/521/330 1308/948/716 1305/947/715 709/524/333
f 1038/781/548 1246/781/680 1252/666/683 1043/666/549
f 1043/666/549 1252/666/683 1248/924/686 1039/783/552
f 717/536/342 1313/961/726 1315/958/723 721/533/339
f 721/533/339 1315/958/723 1312/957/722 715/530/336
f 1041/787/556 892/669/478 894/666/475 1047/666/557
f 1047/666/557 894/666/475 891/665/474 1042/788/558
f 652/460/273 842/621/425 848/624/428 655/461/274
f 655/465/274 848/465/428 844/627/431 653/464/277
f 722/537/343 1319/964/729 1325/967/732 725/538/344
f 725/538/344 1325/967/732 1321/970/735 723/541/347
f 1241/919/679 1030/688/545 1035/685/544 1245/916/676
f 1245/916/676 1035/685/544 1029/779/543 1239/913/673
f 837/620/424 680/487/301 686/490/304 841/492/421
f 841/494/421 686/494/304 682/493/307 835/493/418
f 836/616/422 884/658/467 890/661/470 840/617/423
f 840/617/423 890/661/470 886/664/473 837/620/424
f 1269/942/707 818/599/401 821/602/404 1273/939/704
f 1273/939/704 821/602/404 817/1004/771 1267/937/701
f 835/493/418 926/697/509 932/699/512 838/493/419
f 838/619/419 932/705/512 928/704/515 836/616/422
f 1253/925/687 1261/934/698 1263/932/695 1256/926/688
f 1256/926/688 1263/932/695 1260/931/694 1254/929/691
f 892/669/478 856/633/439 862/635/442 896/670/479
f 896/670/479 862/635/442 858/636/445 893/671/480
f 1240/917/677 827/607/410 830/610/413 1244/918/678
f 1244/918/678 830/610/413 826/1005/772 1241/919/679
f 729/544/350 757/544/364 763/544/265 732/544/265
f 732/544/265 763/544/265 759/544/367 730/544/352
f 764/547/364 736/547/355 742/547/265 767/547/265
f 767/547/265 742/547/265 738/547/265 765/547/367
f 773/549/369 744/549/265 746/549/265 777/549/265
f 777/549/265 746/549/265 743/549/358 771/549/368
f 778/551/368 750/551/361 756/551/265 781/551/265
f 781/551/265 756/551/265 752/551/363 779/551/369
f 878/655/464 899/676/485 901/673/482 882/656/465
f 882/656/465 901/673/482 898/672/481 879/657/466
f 1239/913/673 1248/924/686 1251/923/685 1242/914/674
f 1242/914/674 1251/923/685 1247/922/684 1240/917/677
f 913/688/499 905/678/488 911/680/491 917/689/500
f 917/689/500 911/680/491 907/683/494 914/690/501
s 0
f 808/583/773 800/583/773 803/583/773 812/583/773
s 1
f 812/594/396 803/587/774 799/1006/774 809/591/393
f 1177/873/621 1255/930/693 1258/663/692 1183/663/614
f 1183/663/614 1258/663/692 1254/929/691 1173/866/611
f 1276/861/714 1163/861/604 1167/640/601 1280/640/711
f 1280/640/711 1167/640/601 1162/859/600 1274/859/708
f 1060/799/570 785/569/370 791/572/373 1065/800/571
f 1065/800/571 791/572/373 787/575/376 1061/575/574
f 1268/940/705 1276/861/714 1279/946/713 1272/941/706
f 1272/941/706 1279/946/713 1275/945/712 1269/942/707
f 809/591/775 1253/925/687 1259/928/690 814/592/776
f 814/592/776 1259/928/690 1255/930/693 810/595/777
f 794/582/383 811/597/778 815/596/779 798/579/380
f 798/579/380 815/596/779 810/595/780 792/576/377
f 793/580/381 787/575/376 790/574/375 797/581/382
f 797/581/382 790/574/375 786/573/374 794/582/383
f 820/605/407 808/1007/781 816/598/781 825/606/408
s 0
f 825/583/782 816/583/782 811/583/782 817/583/782
s 1
f 819/603/783 786/573/374 788/570/371 824/604/784
f 824/604/784 788/570/371 785/569/370 820/605/785
f 802/589/390 1247/922/684 1249/920/681 807/590/391
s 0
f 807/583/786 1249/583/786 1246/583/786 799/583/786
s 1
f 1261/934/698 801/587/787 805/585/788 1265/935/699
f 1265/935/699 805/585/788 800/584/789 1262/936/700
f 829/613/416 1275/945/712 1277/943/709 834/614/417
s 0
f 834/583/790 1277/583/790 1274/583/790 826/583/790
s 1
f 1155/858/599 1268/940/705 1270/647/702 1161/647/592
f 1161/647/592 1270/647/702 1267/937/701 1151/851/589
f 1186/879/628 1260/931/694 1266/652/697 1192/652/629
f 1192/652/629 1266/652/697 1262/936/700 1187/880/630
f 828/611/791 819/603/791 823/600/792 833/612/792
f 833/612/792 823/600/792 818/599/401 829/613/416
f 792/576/377 1049/576/559 1059/577/562 795/577/378
f 795/577/378 1059/577/562 1053/798/569 793/580/381
f 1221/904/662 900/677/487 903/587/486 1227/587/656
f 1227/587/656 903/587/486 899/676/485 1217/676/653
f 668/479/293 849/628/432 855/477/435 672/477/290
f 672/477/290 855/477/435 851/632/438 666/474/287
f 919/691/502 1207/892/647 1211/595/644 922/595/503
f 922/595/503 1211/595/644 1206/694/643 920/694/506
f 933/706/516 1064/807/580 1069/707/579 936/707/517
f 936/707/517 1069/707/579 1063/710/578 934/710/520
f 1175/871/617 886/664/473 889/663/472 1181/663/618
f 1181/663/618 889/663/472 885/662/471 1176/872/619
f 850/630/436 864/641/450 866/638/447 854/631/437
f 854/631/437 866/638/447 863/637/446 851/632/438
f 934/710/520 844/627/431 847/627/430 938/711/521
f 938/715/521 847/626/430 843/625/429 935/712/522
f 906/681/492 865/643/452 868/642/451 910/682/493
f 910/682/493 868/642/451 864/641/450 907/683/494
f 920/694/506 885/662/471 887/659/468 924/695/507
f 924/695/507 887/659/468 884/658/467 921/696/508
f 927/700/513 919/691/502 925/693/505 931/701/514
f 931/701/514 925/693/505 921/696/508 928/704/515
f 801/587/793 828/611/793 832/608/794 806/588/794
f 806/588/794 832/608/794 827/607/410 802/589/390
f 865/643/452 1166/643/610 1171/640/609 869/640/449
f 869/640/449 1171/640/609 1165/865/608 863/637/446
f 940/716/523 933/706/516 939/709/519 943/717/524
f 943/723/524 939/713/519 935/712/522 941/720/527
f 870/644/453 942/724/529 945/721/528 873/645/454
f 873/645/454 945/721/528 941/720/527 871/648/457
f 849/628/432 912/684/495 918/687/498 852/628/433
f 852/628/433 918/687/498 914/690/501 850/630/436
f 879/657/466 858/636/445 861/502/444 883/654/463
f 883/654/463 861/502/444 857/502/443 877/651/460
f 871/648/457 843/625/429 845/622/426 875/649/458
f 875/649/458 845/622/426 842/621/425 872/650/459
f 1199/888/642 940/716/523 946/719/526 1205/889/636
f 1205/884/636 946/606/526 942/724/529 1195/881/633
f 856/633/439 695/506/319 697/503/316 859/503/440
f 859/503/440 697/503/316 694/502/315 857/502/443
f 900/677/487 891/665/474 897/668/477 904/675/484
f 904/675/484 897/668/477 893/671/480 898/672/481
f 1050/791/563 927/700/513 929/703/510 1056/577/564
f 1056/698/564 929/698/510 926/697/509 1051/792/565
f 872/650/459 1153/854/595 1158/647/594 876/647/456
f 876/647/456 1158/647/594 1152/853/593 870/644/453
f 905/678/488 1229/908/667 1233/611/664 908/611/489
f 908/611/489 1233/611/664 1228/905/663 906/681/492
f 1230/611/795 1197/885/795 1202/887/796 1236/910/797
f 1236/910/797 1202/887/796 1196/1008/798 1231/911/798
f 1197/885/799 1210/1009/799 1215/896/800 1203/886/801
f 1203/886/801 1215/896/800 1209/895/802 1198/606/803
f 1208/595/804 1220/902/804 1225/900/805 1214/894/805
f 1214/894/805 1225/900/805 1219/899/806 1209/895/806
s 0
f 1218/583/807 1232/583/807 1237/583/807 1224/583/807
s 1
f 1224/901/808 1237/912/808 1231/911/808 1219/899/808
f 689/501/314 1365/501/754 1367/498/751 693/498/311
f 693/498/311 1367/498/751 1364/988/750 687/495/308
f 1380/1003/770 646/457/270 648/454/267 1384/1000/767
f 1384/1000/767 648/454/267 645/453/266 1378/453/764
f 1052/795/567 1062/803/576 1067/802/575 1058/796/568
f 1058/796/568 1067/802/575 1061/575/574 1053/798/569
f 1015/769/354 1021/773/354 1023/771/354 1019/767/354
f 1019/767/354 1023/771/354 1020/770/366 1013/764/531
f 1028/777/541 1040/785/554 1045/784/553 1034/778/542
f 1034/778/542 1045/784/553 1039/783/552 1029/779/543
f 1001/758/354 1007/763/354 1009/760/354 1005/756/354
f 1005/756/354 1009/760/354 1006/759/531 999/753/530
f 1013/764/531 986/743/533 988/740/530 1016/765/530
f 1016/765/530 988/740/530 985/739/531 1014/768/530
f 986/743/533 992/746/534 998/749/354 990/744/354
f 990/744/354 998/749/354 994/752/354 987/745/354
f 992/746/534 1020/770/366 1026/746/536 995/747/366
f 995/747/366 1026/746/536 1022/747/531 993/750/531
f 999/753/530 972/729/532 974/726/531 1002/754/531
f 1002/754/531 974/726/531 971/725/530 1000/757/531
f 972/729/532 978/732/265 984/735/354 976/730/354
f 976/730/354 984/735/354 980/738/354 973/731/354
f 978/732/265 1006/759/531 1012/762/535 981/733/366
f 981/733/366 1012/762/535 1008/733/530 979/736/366
f 966/1010/809 968/1011/810 970/1012/811 967/1013/812
f 967/1014/812 970/1015/811 969/1016/813 965/1017/813
f 954/1018/814 956/1019/815 958/1020/816 955/1021/817
f 955/1022/817 958/1023/816 957/1024/818 953/1025/818
f 1198/606/640 1060/799/570 1070/799/573 1204/606/641
f 1204/889/641 1070/706/573 1064/807/580 1199/888/642
f 1049/576/559 1208/595/649 1213/893/648 1054/789/560
f 1054/789/560 1213/893/648 1207/892/647 1050/791/563
f 960/1026/819 1284/1027/820 1286/1028/821 961/1029/822
f 961/1030/822 1286/1031/821 1285/1032/823 959/1033/824
f 1288/1034/825 1290/1035/826 1292/1036/827 1289/1037/828
f 1289/1038/828 1292/1039/827 1291/1040/829 1287/1041/830
f 1030/688/545 1230/611/669 1235/909/668 1036/780/546
f 1036/780/546 1235/909/668 1229/908/667 1031/780/547
f 1220/902/660 1038/781/548 1048/781/551 1226/903/661
f 1226/903/661 1048/781/551 1042/788/558 1221/904/662
f 1072/1042/831 1296/1043/832 1298/1044/833 1073/1045/834
f 1073/1046/834 1298/1047/833 1297/1048/835 1071/1049/835
f 673/480/294 1371/993/757 1377/481/760 676/481/295
f 676/481/295 1377/481/760 1373/484/763 674/484/298
s 0
f 1210/583/836 1177/583/836 1182/583/836 1216/583/836
s 1
f 1216/891/646 1182/873/620 1176/872/619 1206/694/643
f 1173/866/611 1186/879/628 1191/878/627 1178/867/612
f 1178/867/612 1191/878/627 1185/877/626 1174/869/615
f 1187/880/630 1218/1050/837 1222/897/654 1193/880/631
f 1193/880/631 1222/897/654 1217/676/653 1188/880/632
f 1139/846/354 1145/850/354 1147/848/354 1143/844/354
f 1143/844/354 1147/848/354 1144/847/588 1137/841/581
f 1154/856/597 1164/863/606 1169/862/605 1160/857/598
f 1160/857/598 1169/862/605 1163/861/604 1155/858/599
f 1125/836/354 1131/840/354 1133/838/354 1129/834/354
f 1129/834/354 1133/838/354 1130/837/586 1123/831/581
f 1137/841/581 1110/823/585 1112/821/581 1140/842/581
f 1140/842/581 1112/821/581 1109/820/581 1138/845/584
f 1110/823/585 1116/825/584 1122/825/354 1114/823/354
f 1114/823/354 1122/825/354 1118/830/354 1111/824/354
f 1116/825/584 1144/847/588 1150/825/584 1119/826/581
f 1119/826/581 1150/825/584 1146/826/581 1117/828/584
f 1123/831/581 1096/811/582 1098/809/581 1126/832/581
f 1126/832/581 1098/809/581 1095/808/581 1124/835/581
f 1096/811/582 1102/813/583 1108/816/354 1100/811/354
f 1100/811/354 1108/816/354 1104/819/354 1097/812/354
f 1102/813/583 1130/837/586 1136/816/587 1105/814/584
f 1105/814/584 1136/816/587 1132/814/584 1103/817/581
f 1090/1051/838 1092/1052/839 1094/1053/840 1091/1054/841
f 1091/1054/841 1094/1053/840 1093/1055/842 1089/1056/842
f 1078/1057/843 1080/1058/844 1082/1059/845 1079/1060/846
f 1079/1061/846 1082/1062/845 1081/1063/847 1077/1064/847
f 1151/851/589 1196/1008/848 1200/882/634 1156/851/590
f 1156/851/590 1200/882/634 1195/881/633 1152/853/593
s 0
f 1232/583/849 1162/583/849 1172/583/849 1238/583/849
s 1
f 1238/907/666 1172/859/603 1166/643/610 1228/905/663
f 1300/1065/850 1302/1066/851 1304/1067/852 1301/1068/853
f 1301/1068/853 1304/1067/852 1303/1069/854 1299/1070/854
f 661/473/286 1358/985/747 1360/470/744 665/470/283
f 665/470/283 1360/470/744 1357/467/743 659/467/280
f 1296/1043/832 1307/953/721 1310/956/720 1298/1044/833
f 1298/1047/833 1310/952/720 1306/951/719 1297/1048/835
f 1307/953/721 1291/1040/829 1292/1039/827 1311/954/718
f 1311/950/718 1292/1036/827 1290/1035/826 1305/947/715
f 709/524/333 957/1024/818 958/1023/816 713/525/334
f 713/529/334 958/1020/816 956/1019/815 710/526/335
f 1287/1041/830 1314/963/728 1317/962/727 1289/1038/828
f 1289/1037/828 1317/962/727 1313/961/726 1288/1034/825
f 1314/963/728 1300/1065/850 1301/1068/853 1318/960/725
f 1318/960/725 1301/1068/853 1299/1070/854 1312/957/722
f 953/1025/818 717/536/342 720/535/341 955/1022/817
f 955/1021/817 720/535/341 716/534/340 954/1018/814
f 973/731/354 745/550/354 748/549/360 977/728/354
f 977/728/354 748/549/360 744/549/265 971/725/530
f 737/548/354 980/738/354 983/737/354 741/547/357
f 741/547/357 983/737/354 979/736/366 738/547/265
f 959/1033/824 1321/970/735 1324/969/734 961/1030/822
f 961/1029/822 1324/969/734 1320/968/733 960/1026/819
f 723/541/347 969/1016/813 970/1015/811 727/542/348
f 727/542/348 970/1012/811 968/1011/810 724/543/349
f 1327/975/740 1072/1042/831 1073/1045/834 1331/976/741
f 1331/982/741 1073/1046/834 1071/1049/835 1328/979/742
f 1284/1027/820 1327/975/740 1329/978/737 1286/1028/821
f 1286/1031/821 1329/972/737 1326/971/736 1285/1032/823
f 1302/1066/851 1320/968/733 1322/965/730 1304/1067/852
f 1304/1067/852 1322/965/730 1319/964/729 1303/1069/854
f 965/1017/813 703/516/328 706/519/327 967/1014/812
f 967/1013/812 706/513/327 702/512/326 966/1010/809
f 987/745/354 731/546/354 734/544/353 991/742/354
f 991/742/354 734/544/353 730/544/352 985/739/531
f 751/552/354 994/752/354 997/751/354 755/551/362
f 755/551/362 997/751/354 993/750/531 752/551/363
f 1000/757/531 773/549/369 776/564/265 1004/757/354
f 1004/757/354 776/564/265 772/563/354 1001/758/354
f 765/547/367 1008/733/530 1011/733/354 769/559/265
f 769/559/265 1011/733/354 1007/763/354 766/560/354
f 1014/768/530 759/544/367 762/556/265 1018/768/354
f 1018/768/354 762/556/265 758/555/354 1015/769/354
f 779/551/369 1022/747/531 1025/747/354 783/567/265
f 783/567/265 1025/747/354 1021/773/354 780/568/354
f 1040/785/554 696/507/321 699/503/320 1046/786/555
f 1046/786/555 699/503/320 695/506/319 1041/787/556
f 667/478/291 1028/777/541 1032/775/538 671/477/292
f 671/477/292 1032/775/538 1027/774/537 668/479/293
f 1062/803/576 654/466/279 657/461/278 1068/804/577
f 1068/806/577 657/465/278 653/464/277 1063/710/578
f 681/491/305 1052/795/567 1057/797/566 685/492/306
f 685/494/306 1057/793/566 1051/792/565 682/493/307
f 1184/651/622 694/502/315 700/505/318 1189/874/623
f 1189/874/623 700/505/318 696/507/321 1185/877/626
f 666/474/287 1165/865/608 1170/864/607 669/475/288
f 669/475/288 1170/864/607 1164/863/606 667/478/291
f 680/487/301 1175/871/617 1180/870/616 683/488/302
f 683/488/302 1180/870/616 1174/869/615 681/491/305
f 1153/854/595 652/460/273 658/463/276 1159/855/596
f 1159/855/596 658/463/276 654/466/279 1154/856/597
f 701/508/322 1081/1063/847 1082/1062/845 704/509/323
f 704/515/323 1082/1059/845 1080/1058/844 702/512/326
f 1077/1064/847 708/520/329 714/523/332 1079/1061/846
f 1079/1060/846 714/527/332 710/526/335 1078/1057/843
f 1097/812/354 737/548/354 739/547/356 1101/809/354
f 1101/809/354 739/547/356 736/547/355 1095/808/581
f 731/546/354 1104/819/354 1107/818/354 735/544/351
f 735/544/351 1107/818/354 1103/817/581 729/544/350
f 715/530/336 1093/1055/842 1094/1053/840 718/531/337
f 718/531/337 1094/1053/840 1092/1052/839 716/534/340
f 1089/1056/842 722/537/343 728/540/346 1091/1054/841
f 1091/1054/841 728/540/346 724/543/349 1090/1051/838
f 1111/824/354 751/552/354 753/551/354 1115/821/354
f 1115/821/354 753/551/354 750/551/361 1109/820/581
f 745/550/354 1118/830/354 1121/829/354 749/549/359
f 749/549/359 1121/829/354 1117/828/584 743/549/358
f 1124/835/581 764/547/364 770/558/354 1128/835/354
f 1128/835/354 770/558/354 766/560/354 1125/836/354
f 757/544/364 1132/814/584 1135/814/354 760/553/365
f 760/553/365 1135/814/354 1131/840/354 758/555/354
f 1138/845/584 778/551/368 784/566/354 1142/845/354
f 1142/845/354 784/566/354 780/568/354 1139/846/354
f 771/549/368 1146/826/581 1149/826/354 774/561/354
f 774/561/354 1149/826/354 1145/850/354 772/563/354
f 1282/1071/855 962/1072/856 964/1073/857 1283/1074/858
f 1283/1074/858 964/1073/857 963/1075/859 1281/1076/860
f 948/1077/861 950/1078/862 952/1079/863 949/1080/864
f 949/1080/864 952/1079/863 951/1081/865 947/1082/866
f 1294/1083/867 1074/1084/867 1076/1085/868 1295/1086/868
f 1295/1086/868 1076/1085/868 1075/1087/869 1293/1088/869
f 1084/1089/870 1086/1090/870 1088/1091/871 1085/1092/871
f 1085/1092/871 1088/1091/871 1087/1093/872 1083/1094/872
f 1074/1084/867 661/473/286 664/472/285 1076/1085/868
f 1076/1085/868 664/472/285 660/471/284 1075/1087/869
f 659/467/280 951/1081/865 952/1079/863 662/468/281
f 662/468/281 952/1079/863 950/1078/862 660/471/284
f 947/1082/866 689/501/314 692/500/313 949/1080/864
f 949/1080/864 692/500/313 688/499/312 948/1077/861
f 687/495/308 1084/1089/870 1085/1092/871 690/496/309
f 690/496/309 1085/1092/871 1083/1094/872 688/499/312
f 1281/1076/860 675/486/300 678/485/299 1283/1074/858
f 1283/1074/858 678/485/299 674/484/298 1282/1071/855
f 646/457/270 1294/1083/867 1295/1086/868 650/458/271
f 650/458/271 1295/1086/868 1293/1088/869 647/459/272
f 962/1072/856 645/453/266 651/456/269 964/1073/857
f 964/1073/857 651/456/269 647/459/272 963/1075/859
f 1086/1090/870 673/480/294 679/483/297 1088/1091/871
f 1088/1091/871 679/483/297 675/486/300 1087/1093/872
f 1334/1095/873 1336/1096/873 1338/1097/874 1335/1098/874
f 1335/1098/874 1338/1097/874 1337/1072/875 1333/1071/875
f 1340/1082/876 1342/1099/876 1344/1100/877 1341/1101/877
f 1341/1101/877 1344/1100/877 1343/1102/878 1339/1103/878
f 1346/1104/879 1348/1105/879 1350/1106/880 1347/1107/880
f 1347/1107/880 1350/1106/880 1349/1108/881 1345/1109/881
f 1355/1110/882 1351/1111/882 1353/1112/883 1356/1113/883
f 1356/1113/883 1353/1112/883 1352/1114/884 1354/1115/884
f 1348/1105/879 1359/987/749 1362/986/748 1350/1106/880
f 1350/1106/880 1362/986/748 1358/985/747 1349/1108/881
f 1359/987/749 1343/1102/878 1344/1100/877 1363/984/746
f 1363/984/746 1344/1100/877 1342/1099/876 1357/467/743
f 1339/1103/878 1366/992/756 1369/991/755 1341/1101/877
f 1341/1101/877 1369/991/755 1365/501/754 1340/1082/876
f 1366/992/756 1355/1110/882 1356/1113/883 1370/990/753
f 1370/990/753 1356/1113/883 1354/1115/884 1364/988/750
f 1333/1071/875 1373/484/763 1376/997/762 1335/1098/874
f 1335/1098/874 1376/997/762 1372/996/761 1334/1095/873
f 1379/1001/768 1346/1104/879 1347/1107/880 1383/1002/769
f 1383/1002/769 1347/1107/880 1345/1109/881 1380/1003/770
f 1336/1096/873 1379/1001/768 1381/998/765 1338/1097/874
f 1338/1097/874 1381/998/765 1378/453/764 1337/1072/875
f 1351/1111/882 1372/996/761 1374/994/758 1353/1112/883
f 1353/1112/883 1374/994/758 1371/993/757 1352/1114/884
f 962/1072/856 1337/1072/875 1378/453/764 645/453/266
f 647/459/272 1327/975/740 1284/1027/820 963/1075/859
f 646/457/270 1380/1003/770 1345/1109/881 1294/1083/867
f 1293/1088/869 1072/1042/831 1327/975/740 647/459/272
f 1153/854/595 872/650/459 842/621/425 652/460/273
f 653/464/277 844/627/431 934/710/520 1063/710/578
f 654/466/279 758/555/354 1131/840/354 1154/856/597
f 1062/803/576 1015/769/354 758/555/354 654/466/279
f 1074/1084/867 1349/1108/881 1358/985/747 661/473/286
f 950/1078/862 1291/1040/829 1307/953/721 660/471/284
f 660/471/284 1307/953/721 1296/1043/832 1075/1087/869
f 659/467/280 1357/467/743 1342/1099/876 951/1081/865
f 1164/863/606 1125/836/354 766/560/354 667/478/291
f 667/478/291 766/560/354 1007/763/354 1028/777/541
f 666/474/287 851/632/438 863/637/446 1165/865/608
f 1027/774/537 912/684/495 849/628/432 668/479/293
f 1086/1090/870 1352/1114/884 1371/993/757 673/480/294
f 675/486/300 1320/968/733 1302/1066/851 1087/1093/872
f 674/484/298 1373/484/763 1333/1071/875 1282/1071/855
f 1281/1076/860 960/1026/819 1320/968/733 675/486/300
f 680/487/301 837/620/424 886/664/473 1175/871/617
f 681/491/305 780/568/354 1021/773/354 1052/795/567
f 1051/792/565 926/697/509 835/493/418 682/493/307
f 1174/869/615 1139/846/354 780/568/354 681/491/305
f 687/495/308 1364/988/750 1354/1115/884 1084/1089/870
f 947/1082/866 1340/1082/876 1365/501/754 689/501/314
f 1083/1094/872 1300/1065/850 1314/963/728 688/499/312
f 688/499/312 1314/963/728 1287/1041/830 948/1077/861
f 696/507/321 772/563/354 1145/850/354 1185/877/626
f 695/506/319 856/633/439 892/669/478 1041/787/556
f 1040/785/554 1001/758/354 772/563/354 696/507/321
f 1184/651/622 877/651/460 857/502/443 694/502/315
f 1328/979/742 1071/1049/835 1081/1063/847 701/508/322
f 987/745/354 966/1010/809 702/512/326 731/546/354
f 1285/1032/823 1326/971/736 703/516/328 965/1017/813
f 731/546/354 702/512/326 1080/1058/844 1104/819/354
f 1297/1048/835 1306/951/719 708/520/329 1077/1064/847
f 1305/947/715 1290/1035/826 957/1024/818 709/524/333
f 1097/812/354 1078/1057/843 710/526/335 737/548/354
f 737/548/354 710/526/335 956/1019/815 980/738/354
f 1312/957/722 1299/1070/854 1093/1055/842 715/530/336
f 973/731/354 954/1018/814 716/534/340 745/550/354
f 1288/1034/825 1313/961/726 717/536/342 953/1025/818
f 745/550/354 716/534/340 1092/1052/839 1118/830/354
f 1303/1069/854 1319/964/729 722/537/343 1089/1056/842
f 1321/970/735 959/1033/824 969/1016/813 723/541/347
f 1111/824/354 1090/1051/838 724/543/349 751/552/354
f 751/552/354 724/543/349 968/1011/810 994/752/354
f 1014/768/530 985/739/531 730/544/352 759/544/367
f 757/544/364 729/544/350 1103/817/581 1132/814/584
f 1124/835/581 1095/808/581 736/547/355 764/547/364
f 765/547/367 738/547/265 979/736/366 1008/733/530
f 1000/757/531 971/725/530 744/549/265 773/549/369
f 771/549/368 743/549/358 1117/828/584 1146/826/581
f 1138/845/584 1109/820/581 750/551/361 778/551/368
f 779/551/369 752/551/363 993/750/531 1022/747/531
f 1198/606/640 819/603/885 785/569/370 1060/799/570
f 1061/575/574 787/575/376 793/580/381 1053/798/569
f 820/605/886 811/597/778 794/582/383 786/573/374
f 1049/576/559 792/576/377 810/595/780 1208/595/649
f 1220/902/887 801/587/887 805/585/887 800/584/888 809/591/775 814/592/887 810/595/887 1208/595/887
f 1231/911/889 1236/910/889 1230/611/889 828/611/793 801/587/793 1220/902/889 1225/900/889 1219/899/889
f 1187/880/630 1262/936/700 801/587/890 1220/902/890 1225/900/890 1219/899/890 1224/901/890 1218/1050/837
f 1220/902/660 801/587/891 806/588/891 802/589/891 1246/781/680 1038/781/548
f 809/591/775 800/584/888 1261/934/698 1253/925/687
f 1240/917/677 1247/922/684 802/589/390 827/607/410
f 1210/1009/892 1215/896/892 1209/895/892 1214/894/892 1208/595/892 810/595/777 1255/930/693 1177/873/621
f 1209/895/802 1214/894/893 1208/595/893 810/595/893 815/596/893 811/597/778 820/605/886 824/604/893 819/603/893 1198/606/803
f 1197/885/894 1203/886/894 1198/606/894 819/603/791 828/611/791 1230/611/894
f 1151/851/589 1267/937/701 818/599/895 823/600/895 819/603/895 1198/606/895 1203/886/895 1197/885/895 1202/887/895 1196/1008/848
f 1269/942/707 1275/945/712 829/613/416 818/599/401
f 1232/1116/896 1237/912/896 1231/911/896 1236/910/896 1230/611/896 828/611/896 833/612/896 829/613/896 1274/859/708 1162/859/600
f 1030/688/545 1241/919/679 827/607/897 832/608/897 828/611/897 1230/611/669
f 884/658/467 836/616/422 928/704/515 921/696/508
f 941/720/527 935/712/522 843/625/429 871/648/457
f 914/690/501 907/683/494 864/641/450 850/630/436
f 858/636/445 879/657/466 898/672/481 893/671/480
f 1166/643/610 865/643/452 906/681/492 1228/905/663
f 1195/881/633 942/724/529 870/644/453 1152/853/593
f 1217/676/653 899/676/485 878/655/464 1188/880/632
f 1176/872/619 885/662/471 920/694/506 1206/694/643
f 1042/788/558 891/665/474 900/677/487 1221/904/662
f 1229/908/667 905/678/488 913/688/499 1031/780/547
f 1207/892/647 919/691/502 927/700/513 1050/791/563
f 1064/807/580 933/706/516 940/716/523 1199/888/642
f 951/1081/865 1342/1099/876 1340/1082/876 947/1082/866
f 948/1077/861 1287/1041/830 1291/1040/829 950/1078/862
f 973/731/354 980/738/354 956/1019/815 954/1018/814
f 953/1025/818 957/1024/818 1290/1035/826 1288/1034/825
f 963/1075/859 1284/1027/820 960/1026/819 1281/1076/860
f 965/1017/813 969/1016/813 959/1033/824 1285/1032/823
f 1282/1071/855 1333/1071/875 1337/1072/875 962/1072/856
f 987/745/354 994/752/354 968/1011/810 966/1010/809
f 999/753/530 1006/759/531 978/732/265 972/729/532
f 1013/764/531 1020/770/366 992/746/534 986/743/533
f 1040/785/554 1028/777/541 1007/763/354 1001/758/354
f 1062/803/576 1052/795/567 1021/773/354 1015/769/354
f 1039/783/552 1248/924/686 1239/913/673 1029/779/543
f 1075/1087/869 1296/1043/832 1072/1042/831 1293/1088/869
f 1077/1064/847 1081/1063/847 1071/1049/835 1297/1048/835
f 1294/1083/867 1345/1109/881 1349/1108/881 1074/1084/867
f 1097/812/354 1104/819/354 1080/1058/844 1078/1057/843
f 1084/1089/870 1354/1115/884 1352/1114/884 1086/1090/870
f 1087/1093/872 1302/1066/851 1300/1065/850 1083/1094/872
f 1111/824/354 1118/830/354 1092/1052/839 1090/1051/838
f 1089/1056/842 1093/1055/842 1299/1070/854 1303/1069/854
f 1123/831/581 1130/837/586 1102/813/583 1096/811/582
f 1137/841/581 1144/847/588 1116/825/584 1110/823/585
f 1164/863/606 1154/856/597 1131/840/354 1125/836/354
f 1174/869/615 1185/877/626 1145/850/354 1139/846/354
f 1163/861/604 1276/861/714 1268/940/705 1155/858/599
f 1173/866/611 1254/929/691 1260/931/694 1186/879/628
f 1197/885/354 1231/911/354 1219/899/354 1209/895/354
f 642/449/265 1334/1095/873 1372/996/761 1351/1111/882
f 642/449/265 643/452/265 1336/1096/873 1334/1095/873
f 1346/1104/879 1379/1001/768 1336/1096/873 643/452/265
f 1339/1103/878 641/450/265 1355/1110/882 1366/992/756
f 1339/1103/878 1343/1102/878 644/451/265 641/450/265
f 1359/987/749 1348/1105/879 644/451/265 1343/1102/878
f 643/452/265 644/451/265 1348/1105/879 1346/1104/879
f 1351/1111/882 1355/1110/882 641/450/265 642/449/265
o Cube.023
v 28.493372 113.695297 96.608421
v 28.493372 100.166855 96.608421
v 1.348238 113.695297 96.609184
v 1.348238 100.166855 96.609184
v 28.493200 113.695297 90.489784
v 28.493200 100.166855 90.489784
v 1.348066 113.695297 90.490547
v 1.348066 100.166855 90.490547
vn -0.0000 -0.0000 1.0000
vn -1.0000 -0.0000 -0.0000
vn -0.0000 -0.0000 -1.0000
vn 1.0000 -0.0000 -0.0000
vn -0.0000 1.0000 -0.0000
vn -0.0000 -1.0000 -0.0000
vt 0.365760 0.000596
vt 0.621095 0.000076
vt 0.623165 0.248752
vt 0.372525 0.244392
vt 0.447514 0.329880
vt 0.495065 0.330708
vt 0.495412 0.378372
vt 0.447947 0.378203
vt 0.450470 0.188006
vt 0.477424 0.021284
vt 0.121029 0.053211
vt 0.143411 0.190456
vt 0.463801 0.443133
vt 0.467082 0.341671
vt 0.407694 0.341535
vt 0.411254 0.443256
vt 0.125000 0.500000
vt 0.375000 0.500000
vt 0.375000 0.750000
vt 0.125000 0.750000
vt 0.625000 0.500000
vt 0.875000 0.500000
vt 0.875000 0.750000
vt 0.625000 0.750000
s 0
usemtl Material.021
f 1385/1117/898 1387/1120/898 1388/1119/898 1386/1118/898
f 1387/1121/899 1391/1124/899 1392/1123/899 1388/1122/899
f 1391/1125/900 1389/1128/900 1390/1127/900 1392/1126/900
f 1389/1129/901 1385/1132/901 1386/1131/901 1390/1130/901
f 1387/1133/902 1385/1136/902 1389/1135/902 1391/1134/902
f 1392/1137/903 1390/1140/903 1386/1139/903 1388/1138/903
o Cube.024
v 29.777058 113.659569 95.784393
v 29.777058 114.254646 95.784393
v -0.545439 113.659569 95.785248
v -0.545439 114.254646 95.785248
v 29.776899 113.659569 90.153107
v 29.776899 114.254646 90.153107
v -0.545597 113.659569 90.153961
v -0.545597 114.254646 90.153961
vn -0.0000 -0.0000 1.0000
vn -1.0000 -0.0000 -0.0000
vn -0.0000 -0.0000 -1.0000
vn 1.0000 -0.0000 -0.0000
vn -0.0000 -1.0000 -0.0000
vn -0.0000 1.0000 -0.0000
vt 0.375000 0.000000
vt 0.625000 0.000000
vt 0.625000 0.250000
vt 0.375000 0.250000
vt 0.332277 0.697541
vt 0.332240 0.697770
vt 0.330428 0.697582
vt 0.330455 0.697332
vt 0.164241 0.800670
vt 0.164094 0.801998
vt 0.135769 0.807964
vt 0.135745 0.807282
vt 0.325079 0.698579
vt 0.325083 0.698708
vt 0.326312 0.698763
vt 0.326312 0.698640
vt 0.328656 0.697032
vt 0.329825 0.696876
vt 0.330509 0.698316
vt 0.330054 0.698337
s 0
usemtl Material.021
f 1393/1141/904 1394/1142/904 1396/1143/904 1395/1144/904
f 1395/1145/905 1396/1146/905 1400/1147/905 1399/1148/905
f 1399/1149/906 1400/1150/906 1398/1151/906 1397/1152/906
f 1397/1153/907 1398/1154/907 1394/1155/907 1393/1156/907
f 1395/1157/908 1399/1158/908 1397/1159/908 1393/1160/908
f 1400/1147/909 1396/1146/909 1394/1155/909 1398/1154/909
o Plane.006
v 30.192614 100.083725 102.956131
v 30.192415 100.083725 95.881447
v -19.330194 100.083725 102.957527
v -19.330393 100.083725 95.882843
v 30.192217 100.083725 88.870834
v -19.330591 100.083725 88.872231
v -19.330391 136.006256 95.946915
v 30.192417 136.006256 95.945518
v -19.330194 129.912399 102.957527
v 30.192614 129.912399 102.956131
v -19.330570 129.912399 89.566742
v 30.192238 129.912399 89.565346
v -19.330391 105.962692 95.946915
v 30.192417 105.962692 95.945518
v -19.330194 105.962692 102.957527
v 30.192614 105.962692 102.956131
v 30.192249 100.083725 90.002136
v 30.192417 105.962692 95.945518
v 30.192583 100.083725 101.888908
v 30.192266 100.112038 90.584694
v 30.192282 100.196686 91.161636
v 30.192297 100.336868 91.727409
v 30.192314 100.531235 92.276573
v 30.192327 100.777908 92.803833
v 30.192343 101.074509 93.304108
v 30.192356 101.418190 93.772583
v 30.192368 101.805634 94.204742
v 30.192379 102.233116 94.596436
v 30.192389 102.696510 94.943878
v 30.192396 103.191368 95.243736
v 30.192404 103.712906 95.493111
v 30.192410 104.256119 95.689598
v 30.192413 104.815758 95.831322
v 30.192415 105.386452 95.916901
v -19.330391 105.962692 95.946915
v -19.330559 100.083725 90.003532
v -19.330225 100.083725 101.890297
v -19.330393 105.386452 95.918297
v -19.330395 104.815758 95.832718
v -19.330399 104.256119 95.690994
v -19.330404 103.712906 95.494499
v -19.330412 103.191368 95.245132
v -19.330420 102.696510 94.945274
v -19.330429 102.233116 94.597832
v -19.330441 101.805634 94.206139
v -19.330452 101.418190 93.773972
v -19.330465 101.074509 93.305496
v -19.330481 100.777908 92.805222
v -19.330494 100.531235 92.277969
v -19.330511 100.336868 91.728806
v -19.330526 100.196686 91.163025
v -19.330542 100.112038 90.586082
v -19.330194 133.352081 102.957527
v -19.330269 136.006256 100.303360
v -19.330194 133.612228 102.944748
v -19.330196 133.869873 102.906525
v -19.330196 134.122543 102.843239
v -19.330200 134.367783 102.755493
v -19.330202 134.603241 102.644127
v -19.330206 134.826660 102.510216
v -19.330212 135.035858 102.355057
v -19.330215 135.228851 102.180138
v -19.330221 135.403778 101.987144
v -19.330227 135.558929 101.777939
v -19.330233 135.692841 101.554527
v -19.330240 135.804214 101.319061
v -19.330248 135.891968 101.073822
v -19.330254 135.955246 100.821159
v -19.330261 135.993469 100.563515
v 30.192539 136.006256 100.301964
v 30.192614 133.352081 102.956131
v 30.192547 135.993469 100.562119
v 30.192554 135.955246 100.819763
v 30.192560 135.891968 101.072426
v 30.192568 135.804214 101.317673
v 30.192575 135.692841 101.553131
v 30.192581 135.558929 101.776543
v 30.192587 135.403778 101.985748
v 30.192593 135.228851 102.178741
v 30.192596 135.035858 102.353668
v 30.192602 134.826660 102.508827
v 30.192606 134.603241 102.642731
v 30.192608 134.367783 102.754097
v 30.192612 134.122543 102.841843
v 30.192612 133.869873 102.905136
v 30.192614 133.612228 102.943352
v -19.330397 129.912399 95.743851
v -19.330391 129.709335 95.946915
v -19.330385 129.912399 96.149979
v -19.330391 130.115463 95.946915
v -19.330397 129.910660 95.770355
v -19.330395 129.905472 95.796410
v -19.330395 129.896942 95.821564
v -19.330395 129.885193 95.845383
v -19.330393 129.870438 95.867470
v -19.330393 129.852921 95.887444
v -19.330393 129.832947 95.904953
v -19.330393 129.810867 95.919708
v -19.330391 129.787033 95.931458
v -19.330391 129.761887 95.939995
v -19.330391 129.735840 95.945175
v 30.192417 129.709335 95.945518
v 30.192411 129.912399 95.742455
v 30.192417 130.115463 95.945518
v 30.192417 129.735840 95.943787
v 30.192417 129.761887 95.938599
v 30.192417 129.787033 95.930061
v 30.192415 129.810867 95.918320
v 30.192415 129.832947 95.903557
v 30.192415 129.852921 95.886047
v 30.192415 129.870438 95.866074
v 30.192413 129.885193 95.843987
v 30.192413 129.896942 95.820168
v 30.192413 129.905472 95.795013
v 30.192411 129.910660 95.768967
v -19.330536 136.006256 90.816498
v -19.330570 134.756500 89.566742
v -19.330542 135.993530 90.638634
v -19.330545 135.955627 90.464401
v -19.330551 135.893311 90.297325
v -19.330555 135.807861 90.140823
v -19.330559 135.700989 89.998077
v -19.330563 135.574905 89.871994
v -19.330566 135.432159 89.765137
v -19.330568 135.275665 89.679680
v -19.330570 135.108582 89.617363
v -19.330570 134.934357 89.579460
v 30.192238 134.756500 89.565346
v 30.192272 136.006256 90.815102
v 30.192238 134.934357 89.578064
v 30.192238 135.108582 89.615967
v 30.192240 135.275665 89.678284
v 30.192242 135.432159 89.763741
v 30.192245 135.574905 89.870598
v 30.192249 135.700989 89.996689
v 30.192253 135.807861 90.139435
v 30.192257 135.893311 90.295929
v 30.192263 135.955627 90.463005
v 30.192266 135.993530 90.637238
v -5.468909 100.083725 102.957138
v 11.038694 100.083725 102.956673
v 11.038494 100.083725 95.881989
v -5.469108 100.083725 95.882454
v 11.038298 100.083725 88.871376
v -5.469305 100.083725 88.871841
v -5.469107 136.006256 95.946526
v 11.038496 136.006256 95.946060
v 11.038694 129.912399 102.956673
v -5.468909 129.912399 102.957138
v -5.469286 129.912399 89.566353
v 11.038317 129.912399 89.565887
v -5.469107 105.962692 95.946526
v 11.038496 105.962692 95.946060
v 11.038694 105.962692 102.956673
v -5.468909 105.962692 102.957138
v -5.469107 105.962692 95.946526
v 11.038496 105.962692 95.946060
v 11.038496 105.386452 95.917442
v -5.469107 105.386452 95.917908
v 11.038493 104.815758 95.831863
v -5.469110 104.815758 95.832329
v 11.038489 104.256119 95.690140
v -5.469113 104.256119 95.690605
v 11.038484 103.712906 95.493645
v -5.469119 103.712906 95.494110
v 11.038477 103.191368 95.244278
v -5.469126 103.191368 95.244736
v 11.038468 102.696510 94.944420
v -5.469134 102.696510 94.944885
v 11.038458 102.233116 94.596977
v -5.469144 102.233116 94.597443
v 11.038447 101.805634 94.205284
v -5.469155 101.805634 94.205750
v 11.038435 101.418190 93.773117
v -5.469168 101.418190 93.773582
v 11.038422 101.074509 93.304642
v -5.469181 101.074509 93.305107
v 11.038408 100.777908 92.804367
v -5.469194 100.777908 92.804832
v 11.038393 100.531235 92.277115
v -5.469210 100.531235 92.277580
v 11.038378 100.336868 91.727951
v -5.469225 100.336868 91.728416
v 11.038362 100.196686 91.162170
v -5.469241 100.196686 91.162636
v 11.038345 100.112038 90.585228
v -5.469257 100.112038 90.585693
v 11.038329 100.083725 90.002678
v -5.469274 100.083725 90.003143
v -5.468909 133.352081 102.957138
v 11.038694 133.352081 102.956673
v 11.038693 133.612228 102.943893
v -5.468909 133.612228 102.944359
v 11.038692 133.869873 102.905670
v -5.468910 133.869873 102.906136
v 11.038691 134.122543 102.842384
v -5.468912 134.122543 102.842850
v 11.038689 134.367783 102.754639
v -5.468915 134.367783 102.755104
v 11.038685 134.603241 102.643272
v -5.468918 134.603241 102.643738
v 11.038681 134.826660 102.509361
v -5.468922 134.826660 102.509827
v 11.038677 135.035858 102.354202
v -5.468925 135.035858 102.354668
v 11.038671 135.228851 102.179283
v -5.468931 135.228851 102.179749
v 11.038667 135.403778 101.986290
v -5.468936 135.403778 101.986755
v 11.038660 135.558929 101.777084
v -5.468942 135.558929 101.777542
v 11.038654 135.692841 101.553673
v -5.468948 135.692841 101.554138
v 11.038648 135.804214 101.318207
v -5.468955 135.804214 101.318672
v 11.038641 135.891968 101.072968
v -5.468962 135.891968 101.073433
v 11.038633 135.955246 100.820305
v -5.468969 135.955246 100.820770
v 11.038627 135.993469 100.562660
v -5.468976 135.993469 100.563118
v 11.038619 136.006256 100.302505
v -5.468984 136.006256 100.302971
v -5.469112 129.912399 95.743462
v 11.038490 129.912399 95.742996
v 11.038492 129.910660 95.769501
v -5.469111 129.910660 95.769966
v 11.038492 129.905472 95.795555
v -5.469110 129.905472 95.796021
v 11.038493 129.896942 95.820709
v -5.469110 129.896942 95.821175
v 11.038494 129.885193 95.844528
v -5.469110 129.885193 95.844994
v 11.038494 129.870438 95.866615
v -5.469109 129.870438 95.867081
v 11.038494 129.852921 95.886581
v -5.469108 129.852921 95.887047
v 11.038495 129.832947 95.904099
v -5.469108 129.832947 95.904564
v 11.038496 129.810867 95.918854
v -5.469107 129.810867 95.919319
v 11.038496 129.787033 95.930603
v -5.469107 129.787033 95.931068
v 11.038496 129.761887 95.939140
v -5.469107 129.761887 95.939606
v 11.038496 129.735840 95.944321
v -5.469107 129.735840 95.944786
v 11.038496 129.709335 95.946060
v -5.469107 129.709335 95.946526
v -5.469251 136.006256 90.816101
v 11.038352 136.006256 90.815636
v 11.038347 135.993530 90.637779
v -5.469255 135.993530 90.638245
v 11.038342 135.955627 90.463539
v -5.469260 135.955627 90.464005
v 11.038338 135.893311 90.296471
v -5.469265 135.893311 90.296936
v 11.038333 135.807861 90.139969
v -5.469270 135.807861 90.140434
v 11.038329 135.700989 89.997223
v -5.469274 135.700989 89.997688
v 11.038325 135.574905 89.871140
v -5.469277 135.574905 89.871605
v 11.038322 135.432159 89.764282
v -5.469280 135.432159 89.764740
v 11.038321 135.275665 89.678825
v -5.469283 135.275665 89.679291
v 11.038319 135.108582 89.616508
v -5.469284 135.108582 89.616974
v 11.038317 134.934357 89.578606
v -5.469286 134.934357 89.579071
v 11.038317 134.756500 89.565887
v -5.469286 134.756500 89.566353
vn -0.0000 -1.0000 -0.0000
vn -0.0000 -0.0000 1.0000
vn 1.0000 -0.0000 -0.0000
vn -1.0000 -0.0000 -0.0000
vn -0.0000 0.0496 -0.9988
vn -0.0000 0.0991 -0.9951
vn -0.0000 0.1971 -0.9804
vn -0.0000 0.2932 -0.9561
vn -0.0000 0.3862 -0.9224
vn -0.0000 0.4754 -0.8798
vn -0.0000 0.5597 -0.8287
vn -0.0000 0.6385 -0.7696
vn -0.0000 0.7109 -0.7033
vn -0.0000 0.7764 -0.6303
vn -0.0000 0.8342 -0.5514
vn -0.0000 0.8840 -0.4674
vn -0.0000 0.9253 -0.3792
vn -0.0000 0.9578 -0.2874
vn -0.0000 0.9812 -0.1931
vn -0.0000 0.9953 -0.0970
vn -0.0000 0.9999 -0.0121
vn -0.0000 0.9997 -0.0243
vn -0.0000 1.0000 -0.0000
vn -0.0000 0.0245 0.9997
vn -0.0000 0.0980 0.9952
vn -0.0000 0.1951 0.9808
vn -0.0000 0.2903 0.9569
vn -0.0000 0.3827 0.9239
vn -0.0000 0.4714 0.8819
vn -0.0000 0.5556 0.8315
vn -0.0000 0.6344 0.7730
vn -0.0000 0.7071 0.7071
vn -0.0000 0.7730 0.6344
vn -0.0000 0.8315 0.5556
vn -0.0000 0.8819 0.4714
vn -0.0000 0.9239 0.3827
vn -0.0000 0.9569 0.2903
vn -0.0000 0.9808 0.1951
vn -0.0000 0.9952 0.0980
vn -0.0000 0.9997 0.0246
vn -0.0000 -0.9995 -0.0327
vn -0.0000 -0.9914 -0.1305
vn -0.0000 -0.9659 -0.2588
vn -0.0000 -0.9239 -0.3826
vn -0.0000 -0.8660 -0.5000
vn -0.0000 -0.7933 -0.6088
vn -0.0000 -0.7071 -0.7071
vn -0.0000 -0.6088 -0.7934
vn -0.0000 -0.5000 -0.8660
vn -0.0000 -0.3827 -0.9239
vn -0.0000 -0.2588 -0.9659
vn -0.0000 -0.1305 -0.9914
vn -0.0000 -0.0327 -0.9995
vn -0.0000 -0.0000 -1.0000
vn -0.0000 0.9994 -0.0357
vn -0.0000 0.9898 -0.1423
vn -0.0000 0.9595 -0.2817
vn -0.0000 0.9096 -0.4154
vn -0.0000 0.8413 -0.5406
vn -0.0000 0.7557 -0.6549
vn -0.0000 0.7558 -0.6549
vn -0.0000 0.6549 -0.7557
vn -0.0000 0.5406 -0.8413
vn -0.0000 0.4154 -0.9096
vn -0.0000 0.2817 -0.9595
vn -0.0000 0.1423 -0.9898
vn -0.0000 0.0357 -0.9994
vn -0.0000 -0.6087 -0.7934
vn -0.0000 -0.9239 -0.3827
vn -0.0000 0.9997 0.0245
vt 0.749338 0.071634
vt 0.780481 0.067821
vt 0.783133 0.080469
vt 0.751903 0.084305
vt 0.825936 0.201834
vt 0.785348 0.206819
vt 0.781914 0.190437
vt 0.822614 0.185424
vt 0.200752 0.834159
vt 0.301497 0.834296
vt 0.298734 0.934311
vt 0.199167 0.934715
vt 0.201147 0.809109
vt 0.302185 0.809384
vt 0.880069 0.000000
vt 0.757748 0.000000
vt 0.000000 0.000000
vt 0.676198 0.000000
vt 0.235170 0.778596
vt 0.234521 0.778724
vt 0.222842 0.778464
vt 0.233891 0.778901
vt 0.233286 0.779127
vt 0.232713 0.779400
vt 0.232175 0.779715
vt 0.231679 0.780071
vt 0.231230 0.780464
vt 0.230832 0.780891
vt 0.230488 0.781346
vt 0.230202 0.781826
vt 0.229977 0.782326
vt 0.229815 0.782840
vt 0.229717 0.783366
vt 0.229685 0.783896
vt 0.145936 0.791878
vt 0.145868 0.790781
vt 0.160078 0.780686
vt 0.145664 0.789694
vt 0.145327 0.788629
vt 0.144859 0.787595
vt 0.144266 0.786602
vt 0.143552 0.785660
vt 0.142725 0.784778
vt 0.141793 0.783964
vt 0.140765 0.783227
vt 0.139650 0.782572
vt 0.138460 0.782008
vt 0.137205 0.781538
vt 0.135899 0.781168
vt 0.134552 0.780901
vt 0.427171 0.847757
vt 0.427185 0.847749
vt 0.392586 0.856303
vt 0.427379 0.749652
vt 0.427273 0.749801
vt 0.429723 0.745346
vt 0.735252 0.106639
vt 0.681825 0.112856
vt 0.681944 0.111850
vt 0.734998 0.105579
vt 0.682004 0.110786
vt 0.734757 0.104449
vt 0.682005 0.109673
vt 0.734531 0.103256
vt 0.681947 0.108517
vt 0.734319 0.102007
vt 0.681831 0.107325
vt 0.734125 0.100709
vt 0.681658 0.106103
vt 0.733947 0.099369
vt 0.681429 0.104859
vt 0.733787 0.097993
vt 0.681145 0.103598
vt 0.733647 0.096588
vt 0.680807 0.102328
vt 0.733526 0.095162
vt 0.680416 0.101056
vt 0.733426 0.093721
vt 0.679973 0.099789
vt 0.733348 0.092273
vt 0.679481 0.098535
vt 0.733293 0.090826
vt 0.678941 0.097302
vt 0.733262 0.089389
vt 0.678355 0.096099
vt 0.733255 0.087971
vt 0.653624 0.365284
vt 0.648440 0.365323
vt 0.648382 0.365280
vt 0.653593 0.365240
vt 0.733274 0.086581
vt 0.677725 0.094934
vt 0.677055 0.093817
vt 0.733320 0.085230
vt 0.202800 0.277098
vt 0.823151 0.188078
vt 0.782469 0.193086
vt 1.000000 0.000000
vt 0.221612 0.778461
vt 0.221630 0.783886
vt 1.000000 1.000000
vt 0.000000 1.000000
vt 0.100568 1.000000
vt 0.893394 1.000000
vt 0.162617 0.780686
vt 0.162617 0.791878
vt 0.198942 0.948964
vt 0.298343 0.948484
vt 0.298288 0.949545
vt 0.198909 0.950030
vt 0.253969 0.803109
vt 0.261979 0.803070
vt 0.261970 0.803153
vt 0.253964 0.803193
vt 0.261958 0.803233
vt 0.253956 0.803273
vt 0.261941 0.803309
vt 0.253946 0.803350
vt 0.261921 0.803380
vt 0.253934 0.803421
vt 0.261897 0.803446
vt 0.253919 0.803487
vt 0.242570 0.802987
vt 0.242181 0.803001
vt 0.242151 0.802999
vt 0.242557 0.802984
vt 0.242121 0.802996
vt 0.242543 0.802980
vt 0.242090 0.802993
vt 0.242530 0.802977
vt 0.242060 0.802989
vt 0.242517 0.802972
vt 0.242031 0.802985
vt 0.242504 0.802967
vt 0.242003 0.802980
vt 0.242492 0.802961
vt 0.251991 0.801775
vt 0.250498 0.801833
vt 0.250424 0.801817
vt 0.251959 0.801757
vt 0.242481 0.802955
vt 0.241979 0.802975
vt 0.241959 0.802969
vt 0.242472 0.802949
vt 0.251931 0.801737
vt 0.250361 0.801799
vt 0.250312 0.801781
vt 0.251909 0.801717
vt 0.250279 0.801763
vt 0.251893 0.801698
vt 0.240665 0.800088
vt 0.240665 0.801104
vt 0.200538 0.490542
vt 0.200833 0.490527
vt 0.201123 0.490480
vt 0.201403 0.490404
vt 0.201669 0.490300
vt 0.201915 0.490168
vt 0.202137 0.490012
vt 0.202332 0.489834
vt 0.202497 0.489637
vt 0.202628 0.489425
vt 0.202723 0.489201
vt 0.202780 0.488968
vt 0.202800 0.488732
vt 0.205062 0.490542
vt 0.202800 0.492352
vt 0.315727 0.522324
vt 0.317300 0.531831
vt 0.317111 0.531822
vt 0.315555 0.522315
vt 0.000000 0.386770
vt 0.000000 0.386770
vt 0.000000 0.386770
vt 0.145936 0.837855
vt 0.146419 0.837468
vt 0.162617 0.837468
vt 0.162617 0.844016
vt 0.162587 0.844511
vt 0.162496 0.845002
vt 0.162345 0.845483
vt 0.162137 0.845950
vt 0.161872 0.846398
vt 0.161553 0.846823
vt 0.161184 0.847221
vt 0.160768 0.847589
vt 0.160308 0.847922
vt 0.159811 0.848217
vt 0.159279 0.848472
vt 0.158719 0.848684
vt 0.158135 0.848851
vt 0.157534 0.848972
vt 0.156921 0.849044
vt 0.156302 0.849069
vt 0.145936 0.849069
vt 0.106963 0.285982
vt 0.105825 0.279102
vt 0.138893 0.279024
vt 0.143080 0.285888
vt 0.145936 0.837082
vt 0.815630 0.241432
vt 0.911637 0.243133
vt 0.913325 0.373558
vt 0.816561 0.373908
vt 0.221702 0.805814
vt 0.229707 0.805973
vt 0.229712 0.811315
vt 0.224749 0.811336
vt 0.224452 0.811326
vt 0.224158 0.811292
vt 0.223870 0.811236
vt 0.223590 0.811158
vt 0.223321 0.811058
vt 0.223066 0.810938
vt 0.222827 0.810798
vt 0.222606 0.810640
vt 0.222406 0.810466
vt 0.222228 0.810277
vt 0.222074 0.810075
vt 0.221947 0.809861
vt 0.221846 0.809639
vt 0.221773 0.809410
vt 0.221728 0.809176
vt 0.221713 0.808940
vt 0.229706 0.805604
vt 0.229708 0.805628
vt 0.229714 0.805652
vt 0.229724 0.805675
vt 0.229737 0.805696
vt 0.229754 0.805716
vt 0.229774 0.805734
vt 0.229797 0.805750
vt 0.229822 0.805763
vt 0.229849 0.805774
vt 0.229878 0.805782
vt 0.229908 0.805786
vt 0.229938 0.805788
vt 0.240849 0.801449
vt 0.240849 0.802662
vt 0.141303 0.455502
vt 0.114253 0.453624
vt 0.113859 0.444340
vt 0.141190 0.447914
vt 0.145452 0.837468
vt 0.133728 0.849069
vt 0.133305 0.849044
vt 0.132890 0.848972
vt 0.132492 0.848854
vt 0.132120 0.848691
vt 0.131780 0.848487
vt 0.131480 0.848247
vt 0.131226 0.847976
vt 0.131023 0.847678
vt 0.130874 0.847360
vt 0.130784 0.847028
vt 0.130754 0.846690
vt 0.130754 0.837468
vt 0.236969 0.805766
vt 0.236964 0.810154
vt 0.236949 0.810315
vt 0.236906 0.810473
vt 0.236835 0.810624
vt 0.236738 0.810766
vt 0.236617 0.810896
vt 0.236473 0.811010
vt 0.236311 0.811108
vt 0.236133 0.811186
vt 0.235944 0.811243
vt 0.235746 0.811278
vt 0.235544 0.811290
vt 0.063642 0.415357
vt 0.078092 0.414664
vt 0.077960 0.417302
vt 0.063755 0.418098
vt -0.022738 0.314255
vt 0.469950 0.313249
vt 0.466935 0.427266
vt -0.023789 0.428578
vt 0.240665 0.800048
vt 0.240665 0.800066
vt 0.240849 0.799525
vt 0.240849 0.800403
vt 0.568630 0.237055
vt 0.701295 0.239406
vt 0.701322 0.374326
vt 0.567611 0.374810
vt 0.702794 0.240836
vt 0.815894 0.242841
vt 0.816814 0.373885
vt 0.702822 0.374298
vt 0.109893 0.303683
vt 0.108319 0.294176
vt 0.148067 0.294061
vt 0.153854 0.303545
vt 0.000000 0.720103
vt 0.313232 0.507250
vt 0.314371 0.514130
vt 0.314214 0.514123
vt 0.313090 0.507243
vt 0.041300 0.935355
vt 0.113355 0.935063
vt 0.113274 0.949377
vt 0.041340 0.949724
vt 0.254442 0.801616
vt 0.253286 0.801662
vt 0.253286 0.801642
vt 0.254456 0.801594
vt 0.254420 0.801638
vt 0.253284 0.801683
vt 0.243277 0.802924
vt 0.242914 0.802938
vt 0.242915 0.802931
vt 0.243287 0.802916
vt 0.254359 0.801683
vt 0.253278 0.801725
vt 0.253281 0.801705
vt 0.254392 0.801661
vt 0.243254 0.802938
vt 0.242912 0.802951
vt 0.242913 0.802945
vt 0.243266 0.802931
vt 0.243241 0.802944
vt 0.242910 0.802957
vt 0.243227 0.802950
vt 0.242909 0.802962
vt 0.243213 0.802955
vt 0.242908 0.802967
vt 0.243200 0.802960
vt 0.242906 0.802971
vt 0.243186 0.802964
vt 0.242905 0.802974
vt 0.241270 0.803486
vt 0.247050 0.803456
vt 0.247043 0.803523
vt 0.241270 0.803552
vt 0.241269 0.803414
vt 0.247055 0.803384
vt 0.241698 0.803247
vt 0.247060 0.803308
vt 0.241698 0.803221
vt 0.247063 0.803227
vt 0.241269 0.803171
vt 0.247065 0.803143
vt 0.241269 0.803256
vt 0.113261 0.950448
vt 0.041343 0.950799
vt 0.635949 0.112183
vt 0.633232 0.111022
vt 0.754769 0.110081
vt 0.756355 0.111259
vt 0.859676 0.109267
vt 0.860125 0.110464
vt 0.280878 0.278675
vt 0.236043 0.208525
vt 0.334818 0.207992
vt 0.334818 0.207990
vt 0.782801 0.194437
vt 0.823454 0.189434
vt 0.791185 0.077873
vt 0.792135 0.076253
vt 0.847470 0.071062
vt 0.790351 0.079518
vt 0.849265 0.069139
vt 0.845899 0.072981
vt 0.789632 0.081178
vt 0.844553 0.074888
vt 0.789028 0.082842
vt 0.843429 0.076772
vt 0.788539 0.084501
vt 0.842527 0.078624
vt 0.788164 0.086147
vt 0.841845 0.080437
vt 0.787902 0.087770
vt 0.841380 0.082203
vt 0.787752 0.089364
vt 0.841133 0.083916
vt 0.787713 0.090921
vt 0.841100 0.085567
vt 0.787784 0.092434
vt 0.658147 0.365937
vt 0.653820 0.365965
vt 0.653803 0.365855
vt 0.658143 0.365826
vt 0.841281 0.087152
vt 0.787965 0.093897
vt 0.841675 0.088662
vt 0.788254 0.095303
vt 0.842281 0.090092
vt 0.788650 0.096644
vt 0.843099 0.091433
vt 0.789152 0.097914
vt 0.844128 0.092680
vt 0.789760 0.099106
vt 0.845369 0.093824
vt 0.790473 0.100212
vt 0.040950 0.808674
vt 0.114069 0.808873
vt 0.113926 0.834040
vt 0.041020 0.833941
vt 0.671309 0.094202
vt 0.714641 0.088881
vt 0.717094 0.101533
vt 0.673643 0.106885
vt 0.754459 0.096931
vt 0.668968 0.081476
vt 0.712179 0.076184
s 1
usemtl Material.021
f 1540/1161/910 1403/1162/910 1404/1163/910 1543/1164/910
f 1543/1165/910 1404/1166/910 1406/1167/910 1545/1168/910
f 1554/1169/911 1416/1170/911 1410/1171/911 1548/1172/911
f 1541/1173/911 1401/1174/911 1416/1170/911 1554/1169/911
f 1417/1175/912 1420/1176/912 1419/1177/912
f 1420/1176/912 1421/1178/912 1419/1177/912
f 1421/1179/912 1422/1180/912 1419/1181/912
f 1422/1180/912 1423/1182/912 1419/1181/912
f 1423/1182/912 1424/1183/912 1419/1181/912
f 1424/1183/912 1425/1184/912 1419/1181/912
f 1425/1184/912 1426/1185/912 1419/1181/912
f 1426/1185/912 1427/1186/912 1419/1181/912
f 1427/1186/912 1428/1187/912 1419/1181/912
f 1428/1187/912 1429/1188/912 1419/1181/912
f 1429/1188/912 1430/1189/912 1419/1181/912
f 1430/1189/912 1431/1190/912 1419/1181/912
f 1431/1190/912 1432/1191/912 1419/1181/912
f 1432/1191/912 1433/1192/912 1419/1181/912
f 1433/1192/912 1434/1193/912 1419/1181/912
f 1434/1193/912 1418/1194/912 1419/1181/912
f 1435/1195/913 1438/1196/913 1437/1197/913
f 1438/1196/913 1439/1198/913 1437/1197/913
f 1439/1198/913 1440/1199/913 1437/1197/913
f 1440/1199/913 1441/1200/913 1437/1197/913
f 1441/1200/913 1442/1201/913 1437/1197/913
f 1442/1201/913 1443/1202/913 1437/1197/913
f 1443/1202/913 1444/1203/913 1437/1197/913
f 1444/1203/913 1445/1204/913 1437/1197/913
f 1445/1204/913 1446/1205/913 1437/1197/913
f 1446/1205/913 1447/1206/913 1437/1197/913
f 1447/1206/913 1448/1207/913 1437/1197/913
f 1448/1207/913 1449/1208/913 1437/1197/913
f 1449/1208/913 1450/1209/913 1437/1197/913
f 1450/1209/913 1451/1210/913 1437/1197/913
f 1451/1211/913 1452/1212/913 1437/1213/913
f 1452/1214/913 1436/1215/913 1437/1216/913
f 1557/1217/914 1418/1218/914 1434/1219/915 1558/1220/915
f 1558/1220/915 1434/1219/915 1433/1221/916 1560/1222/916
f 1560/1222/916 1433/1221/916 1432/1223/917 1562/1224/917
f 1562/1224/917 1432/1223/917 1431/1225/918 1564/1226/918
f 1564/1226/918 1431/1225/918 1430/1227/919 1566/1228/919
f 1566/1228/919 1430/1227/919 1429/1229/920 1568/1230/920
f 1568/1230/920 1429/1229/920 1428/1231/921 1570/1232/921
f 1570/1232/921 1428/1231/921 1427/1233/922 1572/1234/922
f 1572/1234/922 1427/1233/922 1426/1235/923 1574/1236/923
f 1574/1236/923 1426/1235/923 1425/1237/924 1576/1238/924
f 1576/1238/924 1425/1237/924 1424/1239/925 1578/1240/925
f 1578/1240/925 1424/1239/925 1423/1241/926 1580/1242/926
f 1580/1242/926 1423/1241/926 1422/1243/927 1582/1244/927
f 1582/1244/927 1422/1243/927 1421/1245/928 1584/1246/928
f 1584/1247/928 1421/1248/928 1420/1249/929 1586/1250/929
f 1586/1251/929 1420/1252/929 1417/1253/930 1588/1254/931
f 1556/1255/932 1435/1255/932 1413/1255/932 1552/1255/932
f 1589/1256/931 1545/1168/932 1406/1167/932 1436/1257/930
f 1401/1177/932 1402/1258/932 1405/1258/932 1417/1175/930 1419/1177/932
f 1401/1259/912 1419/1181/912 1418/1194/912 1414/1194/912 1416/1260/912
f 1404/1261/932 1403/1262/932 1437/1263/932 1436/1264/930 1406/1261/932
f 1435/1195/913 1437/1197/913 1403/1265/913 1415/1266/913 1413/1195/913
f 1591/1267/933 1471/1268/933 1486/1269/934 1592/1270/934
f 1592/1271/934 1486/1272/934 1485/1273/935 1594/1274/935
f 1594/1274/935 1485/1273/935 1484/1275/936 1596/1276/936
f 1596/1276/936 1484/1275/936 1483/1277/937 1598/1278/937
f 1598/1278/937 1483/1277/937 1482/1279/938 1600/1280/938
f 1600/1280/938 1482/1279/938 1481/1281/939 1602/1282/939
f 1602/1283/939 1481/1284/939 1480/1285/940 1604/1286/940
f 1604/1286/940 1480/1285/940 1479/1287/941 1606/1288/941
f 1606/1288/941 1479/1287/941 1478/1289/942 1608/1290/942
f 1608/1290/942 1478/1289/942 1477/1291/943 1610/1292/943
f 1610/1292/943 1477/1291/943 1476/1293/944 1612/1294/944
f 1612/1294/944 1476/1293/944 1475/1295/945 1614/1296/945
f 1614/1297/945 1475/1298/945 1474/1299/946 1616/1300/946
f 1616/1301/946 1474/1302/946 1473/1303/947 1618/1304/947
f 1618/1305/947 1473/1306/947 1472/1307/948 1620/1308/948
f 1620/1308/948 1472/1307/948 1470/1309/949 1622/1310/949
f 1548/1172/911 1410/1171/911 1471/1268/933 1591/1267/933
f 1622/1311/949 1470/1312/949 1408/1312/932 1547/1311/932
f 1487/1313/913 1491/1314/913 1492/1315/913 1493/1316/913 1494/1317/913 1495/1318/913 1496/1319/913 1497/1320/913 1498/1321/913 1499/1322/913 1500/1323/913 1501/1324/913 1488/1325/913 1489/1326/913 1490/1327/913
f 1625/1328/950 1503/1329/950 1515/1330/951 1626/1331/951
f 1626/1332/951 1515/1177/951 1514/1177/952 1628/1332/952
f 1628/1332/952 1514/1177/952 1513/1177/953 1630/1333/953
f 1630/1333/953 1513/1177/953 1512/1177/954 1632/1334/954
f 1632/1334/954 1512/1177/954 1511/1177/955 1634/1332/955
f 1634/1332/955 1511/1177/955 1510/1177/956 1636/1334/956
f 1636/1334/956 1510/1177/956 1509/1177/957 1638/1332/957
f 1638/1332/957 1509/1177/957 1508/1177/958 1640/1332/958
f 1640/1332/958 1508/1177/958 1507/1177/959 1642/1332/959
f 1642/1332/959 1507/1177/959 1506/1177/960 1644/1334/960
f 1644/1334/960 1506/1177/960 1505/1177/961 1646/1334/961
f 1646/1334/961 1505/1177/961 1502/1177/962 1648/1332/962
f 1490/1335/913 1489/1336/913 1409/1337/913 1453/1338/913 1455/1339/913 1456/1340/913 1457/1341/913 1458/1342/913 1459/1343/913 1460/1344/913 1461/1345/913 1462/1346/913 1463/1347/913 1464/1348/913 1465/1349/913 1466/1350/913 1467/1351/913 1468/1352/913 1469/1353/913 1454/1354/913 1407/1355/913
f 1624/1356/950 1487/1357/950 1411/1358/910 1550/1359/910
f 1413/1195/913 1415/1266/913 1409/1337/913 1489/1336/913 1488/1360/913
f 1552/1361/963 1413/1362/963 1488/1363/962 1649/1364/962
f 1410/1365/912 1504/1366/912 1408/1367/912 1470/1368/912 1472/1369/912 1473/1370/912 1474/1371/912 1475/1372/912 1476/1373/912 1477/1374/912 1478/1375/912 1479/1376/912 1480/1377/912 1481/1378/912 1482/1379/912 1483/1380/912 1484/1381/912 1485/1382/912 1486/1383/912 1471/1384/912
f 1416/1260/912 1414/1194/912 1502/1385/912 1505/1386/912 1506/1387/912 1507/1388/912 1508/1389/912 1509/1390/912 1510/1391/912 1511/1392/912 1512/1393/912 1513/1394/912 1514/1395/912 1515/1396/912 1503/1397/912 1504/1366/912 1410/1365/912
f 1651/1398/964 1529/1399/964 1539/1399/965 1652/1398/965
f 1652/1398/965 1539/1399/965 1538/1399/966 1654/1398/966
f 1654/1398/966 1538/1399/966 1537/1399/967 1656/1398/967
f 1656/1398/967 1537/1399/967 1536/1399/968 1658/1398/968
f 1658/1398/968 1536/1399/968 1535/1399/969 1660/1398/970
f 1660/1398/970 1535/1399/969 1534/1399/971 1662/1398/971
f 1662/1398/971 1534/1399/971 1533/1399/972 1664/1398/972
f 1664/1398/972 1533/1399/972 1532/1399/973 1666/1398/973
f 1666/1398/973 1532/1399/973 1531/1399/974 1668/1398/974
f 1668/1398/974 1531/1399/974 1530/1399/975 1670/1398/975
f 1670/1398/975 1530/1399/975 1528/1399/976 1672/1398/976
f 1547/1311/932 1408/1312/932 1529/1312/964 1651/1311/964
f 1550/1400/963 1411/1401/963 1517/1402/976 1673/1403/976
f 1487/1404/913 1490/1335/913 1407/1355/913 1516/1405/913 1518/1406/913 1519/1407/913 1520/1408/913 1521/1409/913 1522/1410/913 1523/1411/913 1524/1412/913 1525/1413/913 1526/1414/913 1527/1415/913 1517/1416/913 1411/1417/913
f 1408/1367/912 1504/1366/912 1503/1397/912 1412/1418/912 1528/1419/912 1530/1420/912 1531/1421/912 1532/1422/912 1533/1423/912 1534/1424/912 1535/1425/912 1536/1426/912 1537/1427/912 1538/1428/912 1539/1429/912 1529/1430/912
f 1412/1431/963 1551/1432/963 1672/1433/976 1528/1434/976
f 1551/1435/963 1550/1436/963 1673/1437/976 1672/1438/976
f 1407/1439/932 1546/1440/932 1650/1440/964 1516/1439/964
f 1546/1440/932 1547/1311/932 1651/1311/964 1650/1440/964
f 1527/1441/975 1671/1442/975 1673/1442/976 1517/1441/976
f 1671/1442/975 1670/1398/975 1672/1398/976 1673/1442/976
f 1526/1441/974 1669/1442/974 1671/1442/975 1527/1441/975
f 1669/1442/974 1668/1398/974 1670/1398/975 1671/1442/975
f 1525/1441/973 1667/1442/973 1669/1442/974 1526/1441/974
f 1667/1442/973 1666/1398/973 1668/1398/974 1669/1442/974
f 1524/1441/972 1665/1442/972 1667/1442/973 1525/1441/973
f 1665/1442/972 1664/1398/972 1666/1398/973 1667/1442/973
f 1523/1441/971 1663/1442/971 1665/1442/972 1524/1441/972
f 1663/1442/971 1662/1398/971 1664/1398/972 1665/1442/972
f 1522/1441/969 1661/1442/969 1663/1442/971 1523/1441/971
f 1661/1442/969 1660/1398/970 1662/1398/971 1663/1442/971
f 1521/1441/968 1659/1442/968 1661/1442/969 1522/1441/969
f 1659/1442/968 1658/1398/968 1660/1398/970 1661/1442/969
f 1520/1441/967 1657/1442/967 1659/1442/968 1521/1441/968
f 1657/1442/967 1656/1398/967 1658/1398/968 1659/1442/968
f 1519/1441/966 1655/1442/966 1657/1442/967 1520/1441/967
f 1655/1442/966 1654/1398/966 1656/1398/967 1657/1442/967
f 1518/1441/965 1653/1442/965 1655/1442/966 1519/1441/966
f 1653/1442/965 1652/1398/965 1654/1398/966 1655/1442/966
f 1516/1441/964 1650/1442/964 1653/1442/965 1518/1441/965
f 1650/1442/964 1651/1398/964 1652/1398/965 1653/1442/965
f 1414/1443/963 1553/1444/963 1648/1445/962 1502/1446/962
f 1553/1447/963 1552/1448/963 1649/1449/962 1648/1450/962
f 1503/1451/950 1625/1452/950 1551/1453/910 1412/1454/910
f 1625/1452/950 1624/1356/950 1550/1359/910 1551/1453/910
f 1501/1262/961 1647/1455/961 1649/1455/962 1488/1262/962
f 1647/1455/961 1646/1334/961 1648/1332/962 1649/1455/962
f 1500/1262/960 1645/1455/960 1647/1455/961 1501/1262/961
f 1645/1455/960 1644/1334/960 1646/1334/961 1647/1455/961
f 1499/1262/959 1643/1455/959 1645/1455/960 1500/1262/960
f 1643/1455/959 1642/1332/959 1644/1334/960 1645/1455/960
f 1498/1262/958 1641/1455/958 1643/1455/959 1499/1262/959
f 1641/1455/958 1640/1332/958 1642/1332/959 1643/1455/959
f 1497/1262/977 1639/1455/977 1641/1455/958 1498/1262/958
f 1639/1455/977 1638/1332/957 1640/1332/958 1641/1455/958
f 1496/1262/956 1637/1455/956 1639/1455/977 1497/1262/977
f 1637/1455/956 1636/1334/956 1638/1332/957 1639/1455/977
f 1495/1262/955 1635/1455/955 1637/1455/956 1496/1262/956
f 1635/1455/955 1634/1332/955 1636/1334/956 1637/1455/956
f 1494/1262/954 1633/1455/954 1635/1455/955 1495/1262/955
f 1633/1455/954 1632/1334/954 1634/1332/955 1635/1455/955
f 1493/1262/978 1631/1455/978 1633/1455/954 1494/1262/954
f 1631/1455/978 1630/1333/953 1632/1334/954 1633/1455/954
f 1492/1262/952 1629/1455/952 1631/1455/978 1493/1262/978
f 1629/1455/952 1628/1332/952 1630/1333/953 1631/1455/978
f 1491/1262/951 1627/1455/951 1629/1455/952 1492/1262/952
f 1627/1455/951 1626/1332/951 1628/1332/952 1629/1455/952
f 1487/1456/950 1624/1457/950 1627/1458/951 1491/1459/951
f 1624/1457/950 1625/1328/950 1626/1331/951 1627/1458/951
f 1454/1439/979 1623/1440/979 1546/1440/932 1407/1439/932
f 1623/1440/979 1622/1311/949 1547/1311/932 1546/1440/932
f 1409/1460/911 1549/1461/911 1590/1462/933 1453/1463/933
f 1549/1461/911 1548/1172/911 1591/1267/933 1590/1462/933
f 1469/1464/948 1621/1465/948 1623/1466/979 1454/1467/979
f 1621/1465/948 1620/1308/948 1622/1310/949 1623/1466/979
f 1468/1468/947 1619/1469/947 1621/1465/948 1469/1464/948
f 1619/1469/947 1618/1305/947 1620/1308/948 1621/1465/948
f 1467/1470/946 1617/1471/946 1619/1472/947 1468/1473/947
f 1617/1471/946 1616/1301/946 1618/1304/947 1619/1472/947
f 1466/1474/945 1615/1475/945 1617/1476/946 1467/1477/946
f 1615/1475/945 1614/1297/945 1616/1300/946 1617/1476/946
f 1465/1478/944 1613/1479/944 1615/1480/945 1466/1481/945
f 1613/1479/944 1612/1294/944 1614/1296/945 1615/1480/945
f 1464/1482/943 1611/1483/943 1613/1479/944 1465/1478/944
f 1611/1483/943 1610/1292/943 1612/1294/944 1613/1479/944
f 1463/1484/942 1609/1485/942 1611/1483/943 1464/1482/943
f 1609/1485/942 1608/1290/942 1610/1292/943 1611/1483/943
f 1462/1486/941 1607/1487/941 1609/1485/942 1463/1484/942
f 1607/1487/941 1606/1288/941 1608/1290/942 1609/1485/942
f 1461/1488/940 1605/1489/940 1607/1487/941 1462/1486/941
f 1605/1489/940 1604/1286/940 1606/1288/941 1607/1487/941
f 1460/1490/939 1603/1491/939 1605/1489/940 1461/1488/940
f 1603/1491/939 1602/1283/939 1604/1286/940 1605/1489/940
f 1459/1492/938 1601/1493/938 1603/1494/939 1460/1495/939
f 1601/1493/938 1600/1280/938 1602/1282/939 1603/1494/939
f 1458/1496/937 1599/1497/937 1601/1493/938 1459/1492/938
f 1599/1497/937 1598/1278/937 1600/1280/938 1601/1493/938
f 1457/1498/936 1597/1499/936 1599/1497/937 1458/1496/937
f 1597/1499/936 1596/1276/936 1598/1278/937 1599/1497/937
f 1456/1500/935 1595/1501/935 1597/1499/936 1457/1498/936
f 1595/1501/935 1594/1274/935 1596/1276/936 1597/1499/936
f 1455/1502/934 1593/1503/934 1595/1501/935 1456/1504/935
f 1593/1503/934 1592/1271/934 1594/1274/935 1595/1501/935
f 1453/1463/933 1590/1462/933 1593/1505/934 1455/1506/934
f 1590/1462/933 1591/1267/933 1592/1270/934 1593/1505/934
f 1417/1507/930 1405/1508/932 1544/1509/932 1588/1510/931
f 1588/1510/931 1544/1509/932 1545/1511/932 1589/1512/931
f 1418/1513/932 1557/1513/932 1553/1513/932 1414/1513/932
f 1557/1514/932 1556/1515/932 1552/1516/932 1553/1514/932
f 1452/1517/929 1587/1518/929 1589/1256/931 1436/1257/930
f 1587/1519/929 1586/1251/929 1588/1254/931 1589/1520/931
f 1451/1521/928 1585/1522/928 1587/1519/929 1452/1523/929
f 1585/1522/928 1584/1246/928 1586/1251/929 1587/1519/929
f 1450/1524/927 1583/1525/927 1585/1522/928 1451/1521/928
f 1583/1525/927 1582/1244/927 1584/1246/928 1585/1522/928
f 1449/1526/926 1581/1527/926 1583/1525/927 1450/1524/927
f 1581/1527/926 1580/1242/926 1582/1244/927 1583/1525/927
f 1448/1528/925 1579/1529/925 1581/1527/926 1449/1526/926
f 1579/1529/925 1578/1240/925 1580/1242/926 1581/1527/926
f 1447/1530/924 1577/1531/924 1579/1529/925 1448/1528/925
f 1577/1531/924 1576/1238/924 1578/1240/925 1579/1529/925
f 1446/1532/923 1575/1533/923 1577/1531/924 1447/1530/924
f 1575/1533/923 1574/1236/923 1576/1238/924 1577/1531/924
f 1445/1534/922 1573/1535/922 1575/1533/923 1446/1532/923
f 1573/1535/922 1572/1234/922 1574/1236/923 1575/1533/923
f 1444/1536/921 1571/1537/921 1573/1535/922 1445/1534/922
f 1571/1537/921 1570/1232/921 1572/1234/922 1573/1535/922
f 1443/1538/920 1569/1539/920 1571/1537/921 1444/1536/921
f 1569/1540/920 1568/1541/920 1570/1542/921 1571/1543/921
f 1442/1544/919 1567/1545/919 1569/1539/920 1443/1538/920
f 1567/1545/919 1566/1228/919 1568/1230/920 1569/1539/920
f 1441/1546/918 1565/1547/918 1567/1545/919 1442/1544/919
f 1565/1547/918 1564/1226/918 1566/1228/919 1567/1545/919
f 1440/1548/917 1563/1549/917 1565/1547/918 1441/1546/918
f 1563/1549/917 1562/1224/917 1564/1226/918 1565/1547/918
f 1439/1550/916 1561/1551/916 1563/1549/917 1440/1548/917
f 1561/1551/916 1560/1222/916 1562/1224/917 1563/1549/917
f 1438/1552/915 1559/1553/915 1561/1551/916 1439/1550/916
f 1559/1553/915 1558/1220/915 1560/1222/916 1561/1551/916
f 1435/1554/914 1556/1555/914 1559/1553/915 1438/1552/915
f 1556/1555/914 1557/1217/914 1558/1220/915 1559/1553/915
f 1403/1556/911 1540/1557/911 1555/1558/911 1415/1559/911
f 1540/1557/911 1541/1173/911 1554/1169/911 1555/1558/911
f 1415/1559/911 1555/1558/911 1549/1461/911 1409/1460/911
f 1555/1558/911 1554/1169/911 1548/1172/911 1549/1461/911
f 1402/1560/910 1542/1561/910 1544/1562/910 1405/1563/910
f 1542/1561/910 1543/1164/910 1545/1564/910 1544/1562/910
f 1401/1565/910 1541/1566/910 1542/1561/910 1402/1560/910
f 1541/1566/910 1540/1161/910 1543/1164/910 1542/1561/910
o Cube.025
v -27.274652 113.695297 84.877556
v -27.274652 100.166855 84.877556
v -27.275297 113.695297 57.732422
v -27.275297 100.166855 57.732422
v -21.156015 113.695297 84.877411
v -21.156015 100.166855 84.877411
v -21.156660 113.695297 57.732277
v -21.156660 100.166855 57.732277
vn -1.0000 -0.0000 -0.0000
vn -0.0000 -0.0000 -1.0000
vn 1.0000 -0.0000 -0.0000
vn -0.0000 -0.0000 1.0000
vn -0.0000 1.0000 -0.0000
vn -0.0000 -1.0000 -0.0000
vt 0.365760 0.000596
vt 0.621095 0.000076
vt 0.623165 0.248752
vt 0.372525 0.244392
vt 0.374858 0.113733
vt 0.625498 0.118093
vt 0.627328 0.369334
vt 0.377138 0.368445
vt 0.903867 0.629555
vt 0.901838 0.471335
vt 0.590630 0.468900
vt 0.590630 0.632802
vt 0.571684 0.506904
vt 0.581003 0.218664
vt 0.412291 0.218278
vt 0.422405 0.507253
vt 0.125000 0.500000
vt 0.375000 0.500000
vt 0.375000 0.750000
vt 0.125000 0.750000
vt 0.625000 0.500000
vt 0.875000 0.500000
vt 0.875000 0.750000
vt 0.625000 0.750000
s 0
usemtl Material.022
f 1674/1567/980 1676/1570/980 1677/1569/980 1675/1568/980
f 1676/1571/981 1680/1574/981 1681/1573/981 1677/1572/981
f 1680/1575/982 1678/1578/982 1679/1577/982 1681/1576/982
f 1678/1579/983 1674/1582/983 1675/1581/983 1679/1580/983
f 1676/1583/984 1674/1586/984 1678/1585/984 1680/1584/984
f 1681/1587/985 1679/1590/985 1675/1589/985 1677/1588/985
o Cube.026
v -26.450661 113.659569 86.161247
v -26.450661 114.254646 86.161247
v -26.451380 113.659569 55.838749
v -26.451380 114.254646 55.838749
v -20.819372 113.659569 86.161110
v -20.819372 114.254646 86.161110
v -20.820091 113.659569 55.838615
v -20.820091 114.254646 55.838615
vn -1.0000 -0.0000 -0.0000
vn -0.0000 -0.0000 -1.0000
vn 1.0000 -0.0000 -0.0000
vn -0.0000 -0.0000 1.0000
vn -0.0000 -1.0000 -0.0000
vn -0.0000 1.0000 -0.0000
vt 0.375000 0.000000
vt 0.625000 0.000000
vt 0.625000 0.250000
vt 0.375000 0.250000
vt 0.194870 0.801473
vt 0.194870 0.802345
vt 0.139354 0.802345
vt 0.139354 0.801473
s 0
usemtl Material.022
f 1682/1591/986 1683/1592/986 1685/1593/986 1684/1594/986
f 1684/1595/987 1685/1596/987 1689/1596/987 1688/1595/987
f 1688/1595/988 1689/1596/988 1687/1597/988 1686/1598/988
f 1686/1598/989 1687/1597/989 1683/1597/989 1682/1598/989
f 1684/1595/990 1688/1595/990 1686/1598/990 1682/1598/990
f 1689/1596/991 1685/1596/991 1683/1597/991 1687/1597/991
o Plane.007
v -33.622417 100.083725 86.576790
v -26.547729 100.083725 86.576622
v -33.623589 100.083725 37.053986
v -26.548903 100.083725 37.053818
v -19.537117 100.083725 86.576462
v -19.538292 100.083725 37.053650
v -26.612978 136.006256 37.053818
v -26.611805 136.006256 86.576630
v -33.623589 129.912399 37.053986
v -33.622417 129.912399 86.576790
v -20.232801 129.912399 37.053665
v -20.231628 129.912399 86.576477
v -26.612978 105.962692 37.053818
v -26.611805 105.962692 86.576630
v -33.623589 105.962692 37.053986
v -33.622417 105.962692 86.576790
v -20.668421 100.083725 86.576485
v -26.611805 105.962692 86.576630
v -32.555187 100.083725 86.576767
v -21.250973 100.112038 86.576500
v -21.827917 100.196686 86.576508
v -22.393692 100.336868 86.576523
v -22.942856 100.531235 86.576538
v -23.470112 100.777908 86.576553
v -23.970387 101.074509 86.576561
v -24.438862 101.418190 86.576576
v -24.871027 101.805634 86.576584
v -25.262718 102.233116 86.576591
v -25.610163 102.696510 86.576599
v -25.910017 103.191368 86.576607
v -26.159391 103.712906 86.576614
v -26.355885 104.256119 86.576622
v -26.497604 104.815758 86.576622
v -26.583185 105.386452 86.576622
v -26.612978 105.962692 37.053818
v -20.669594 100.083725 37.053677
v -32.556362 100.083725 37.053959
v -26.584358 105.386452 37.053818
v -26.498777 104.815758 37.053814
v -26.357058 104.256119 37.053810
v -26.160564 103.712906 37.053806
v -25.911190 103.191368 37.053802
v -25.611338 102.696510 37.053795
v -25.263891 102.233116 37.053787
v -24.872200 101.805634 37.053776
v -24.440037 101.418190 37.053764
v -23.971561 101.074509 37.053757
v -23.471287 100.777908 37.053741
v -22.944029 100.531235 37.053730
v -22.394867 100.336868 37.053719
v -21.829090 100.196686 37.053703
v -21.252148 100.112038 37.053688
v -33.623589 133.352081 37.053986
v -30.969419 136.006256 37.053921
v -33.610809 133.612228 37.053986
v -33.572590 133.869873 37.053982
v -33.509300 134.122543 37.053982
v -33.421555 134.367783 37.053978
v -33.310188 134.603241 37.053978
v -33.176281 134.826660 37.053970
v -33.021122 135.035858 37.053970
v -32.846199 135.228851 37.053963
v -32.653206 135.403778 37.053963
v -32.443996 135.558929 37.053955
v -32.220585 135.692841 37.053951
v -31.985126 135.804214 37.053947
v -31.739883 135.891968 37.053940
v -31.487223 135.955246 37.053932
v -31.229574 135.993469 37.053925
v -30.968246 136.006256 86.576729
v -33.622417 133.352081 86.576790
v -31.228399 135.993469 86.576736
v -31.486050 135.955246 86.576736
v -31.738710 135.891968 86.576752
v -31.983953 135.804214 86.576752
v -32.219414 135.692841 86.576759
v -32.442825 135.558929 86.576767
v -32.652035 135.403778 86.576767
v -32.845028 135.228851 86.576775
v -33.019947 135.035858 86.576775
v -33.175106 134.826660 86.576782
v -33.309013 134.603241 86.576782
v -33.420380 134.367783 86.576782
v -33.508129 134.122543 86.576790
v -33.571415 133.869873 86.576790
v -33.609634 133.612228 86.576790
v -26.409914 129.912399 37.053810
v -26.612978 129.709335 37.053818
v -26.816042 129.912399 37.053822
v -26.612978 130.115463 37.053818
v -26.436419 129.910660 37.053814
v -26.462471 129.905472 37.053814
v -26.487623 129.896942 37.053814
v -26.511446 129.885193 37.053818
v -26.533531 129.870438 37.053818
v -26.553501 129.852921 37.053818
v -26.571014 129.832947 37.053818
v -26.585772 129.810867 37.053818
v -26.597521 129.787033 37.053818
v -26.606058 129.761887 37.053818
v -26.611240 129.735840 37.053818
v -26.611805 129.709335 86.576630
v -26.408741 129.912399 86.576622
v -26.611805 130.115463 86.576630
v -26.610067 129.735840 86.576630
v -26.604885 129.761887 86.576630
v -26.596348 129.787033 86.576630
v -26.584599 129.810867 86.576630
v -26.569841 129.832947 86.576622
v -26.552328 129.852921 86.576622
v -26.532358 129.870438 86.576622
v -26.510273 129.885193 86.576622
v -26.486450 129.896942 86.576622
v -26.461296 129.905472 86.576622
v -26.435246 129.910660 86.576622
v -21.482555 136.006256 37.053696
v -20.232801 134.756500 37.053665
v -21.304695 135.993530 37.053692
v -21.130459 135.955627 37.053688
v -20.963388 135.893311 37.053684
v -20.806889 135.807861 37.053680
v -20.664141 135.700989 37.053677
v -20.538055 135.574905 37.053673
v -20.431194 135.432159 37.053673
v -20.345739 135.275665 37.053669
v -20.283424 135.108582 37.053665
v -20.245522 134.934357 37.053665
v -20.231628 134.756500 86.576477
v -21.481382 136.006256 86.576508
v -20.244349 134.934357 86.576477
v -20.282253 135.108582 86.576477
v -20.344566 135.275665 86.576477
v -20.430023 135.432159 86.576477
v -20.536880 135.574905 86.576477
v -20.662968 135.700989 86.576485
v -20.805714 135.807861 86.576492
v -20.962215 135.893311 86.576492
v -21.129286 135.955627 86.576492
v -21.303524 135.993530 86.576500
v -33.623260 100.083725 50.915268
v -33.622871 100.083725 67.422874
v -26.548183 100.083725 67.422707
v -26.548574 100.083725 50.915100
v -19.537571 100.083725 67.422539
v -19.537964 100.083725 50.914936
v -26.612648 136.006256 50.915104
v -26.612259 136.006256 67.422707
v -33.622871 129.912399 67.422874
v -33.623260 129.912399 50.915268
v -20.232473 129.912399 50.914951
v -20.232082 129.912399 67.422554
v -26.612648 105.962692 50.915104
v -26.612259 105.962692 67.422707
v -33.622871 105.962692 67.422874
v -33.623260 105.962692 50.915268
v -26.612648 105.962692 50.915104
v -26.612259 105.962692 67.422707
v -26.583639 105.386452 67.422707
v -26.584030 105.386452 50.915100
v -26.498058 104.815758 67.422699
v -26.498449 104.815758 50.915100
v -26.356339 104.256119 67.422699
v -26.356730 104.256119 50.915096
v -26.159845 103.712906 67.422691
v -26.160236 103.712906 50.915092
v -25.910471 103.191368 67.422691
v -25.910862 103.191368 50.915085
v -25.610617 102.696510 67.422684
v -25.611008 102.696510 50.915077
v -25.263172 102.233116 67.422676
v -25.263563 102.233116 50.915070
v -24.871481 101.805634 67.422661
v -24.871872 101.805634 50.915062
v -24.439316 101.418190 67.422653
v -24.439709 101.418190 50.915051
v -23.970840 101.074509 67.422646
v -23.971233 101.074509 50.915039
v -23.470566 100.777908 67.422630
v -23.470957 100.777908 50.915028
v -22.943310 100.531235 67.422615
v -22.943701 100.531235 50.915016
v -22.394146 100.336868 67.422607
v -22.394539 100.336868 50.915001
v -21.828371 100.196686 67.422592
v -21.828762 100.196686 50.914989
v -21.251427 100.112038 67.422577
v -21.251820 100.112038 50.914974
v -20.668875 100.083725 67.422562
v -20.669266 100.083725 50.914963
v -33.623260 133.352081 50.915268
v -33.622871 133.352081 67.422874
v -33.610088 133.612228 67.422874
v -33.610481 133.612228 50.915268
v -33.571869 133.869873 67.422867
v -33.572262 133.869873 50.915268
v -33.508583 134.122543 67.422867
v -33.508972 134.122543 50.915268
v -33.420834 134.367783 67.422867
v -33.421223 134.367783 50.915264
v -33.309467 134.603241 67.422867
v -33.309860 134.603241 50.915260
v -33.175560 134.826660 67.422859
v -33.175953 134.826660 50.915260
v -33.020401 135.035858 67.422859
v -33.020790 135.035858 50.915253
v -32.845482 135.228851 67.422852
v -32.845871 135.228851 50.915253
v -32.652489 135.403778 67.422852
v -32.652878 135.403778 50.915245
v -32.443279 135.558929 67.422844
v -32.443668 135.558929 50.915241
v -32.219868 135.692841 67.422836
v -32.220257 135.692841 50.915237
v -31.984407 135.804214 67.422836
v -31.984798 135.804214 50.915230
v -31.739164 135.891968 67.422829
v -31.739555 135.891968 50.915222
v -31.486504 135.955246 67.422821
v -31.486895 135.955246 50.915218
v -31.228853 135.993469 67.422813
v -31.229244 135.993469 50.915211
v -30.968700 136.006256 67.422806
v -30.969091 136.006256 50.915207
v -26.409586 129.912399 50.915100
v -26.409195 129.912399 67.422699
v -26.435699 129.910660 67.422699
v -26.436090 129.910660 50.915100
v -26.461750 129.905472 67.422699
v -26.462143 129.905472 50.915100
v -26.486904 129.896942 67.422699
v -26.487295 129.896942 50.915100
v -26.510727 129.885193 67.422699
v -26.511118 129.885193 50.915100
v -26.532812 129.870438 67.422707
v -26.533203 129.870438 50.915100
v -26.552782 129.852921 67.422707
v -26.553173 129.852921 50.915100
v -26.570295 129.832947 67.422707
v -26.570686 129.832947 50.915100
v -26.585052 129.810867 67.422707
v -26.585443 129.810867 50.915100
v -26.596802 129.787033 67.422707
v -26.597191 129.787033 50.915100
v -26.605339 129.761887 67.422707
v -26.605730 129.761887 50.915104
v -26.610521 129.735840 67.422707
v -26.610912 129.735840 50.915104
v -26.612259 129.709335 67.422707
v -26.612648 129.709335 50.915104
v -21.482227 136.006256 50.914982
v -21.481836 136.006256 67.422585
v -21.303978 135.993530 67.422577
v -21.304367 135.993530 50.914978
v -21.129740 135.955627 67.422577
v -21.130131 135.955627 50.914970
v -20.962669 135.893311 67.422569
v -20.963060 135.893311 50.914970
v -20.806168 135.807861 67.422569
v -20.806561 135.807861 50.914963
v -20.663422 135.700989 67.422562
v -20.663813 135.700989 50.914963
v -20.537334 135.574905 67.422562
v -20.537727 135.574905 50.914959
v -20.430477 135.432159 67.422562
v -20.430866 135.432159 50.914955
v -20.345020 135.275665 67.422554
v -20.345411 135.275665 50.914955
v -20.282707 135.108582 67.422554
v -20.283096 135.108582 50.914951
v -20.244802 134.934357 67.422554
v -20.245193 134.934357 50.914951
v -20.232082 134.756500 67.422554
v -20.232473 134.756500 50.914951
vn -0.0000 -1.0000 -0.0000
vn -1.0000 -0.0000 -0.0000
vn -0.0000 -0.0000 1.0000
vn -0.0000 -0.0000 -1.0000
vn 0.9988 0.0496 -0.0000
vn 0.9951 0.0991 -0.0000
vn 0.9804 0.1971 -0.0000
vn 0.9561 0.2932 -0.0000
vn 0.9224 0.3862 -0.0000
vn 0.8798 0.4754 -0.0000
vn 0.8287 0.5597 -0.0000
vn 0.7696 0.6385 -0.0000
vn 0.7033 0.7109 -0.0000
vn 0.6303 0.7764 -0.0000
vn 0.5514 0.8342 -0.0000
vn 0.4674 0.8840 -0.0000
vn 0.3792 0.9253 -0.0000
vn 0.2874 0.9578 -0.0000
vn 0.1931 0.9812 -0.0000
vn 0.0970 0.9953 -0.0000
vn 0.0121 0.9999 -0.0000
vn 0.0243 0.9997 -0.0000
vn -0.0000 1.0000 -0.0000
vn -0.9997 0.0245 -0.0000
vn -0.9952 0.0980 -0.0000
vn -0.9808 0.1951 -0.0000
vn -0.9569 0.2903 -0.0000
vn -0.9239 0.3827 -0.0000
vn -0.8819 0.4714 -0.0000
vn -0.8315 0.5556 -0.0000
vn -0.7730 0.6344 -0.0000
vn -0.7071 0.7071 -0.0000
vn -0.6344 0.7730 -0.0000
vn -0.5556 0.8315 -0.0000
vn -0.4714 0.8819 -0.0000
vn -0.3827 0.9239 -0.0000
vn -0.2903 0.9569 -0.0000
vn -0.1951 0.9808 -0.0000
vn -0.0980 0.9952 -0.0000
vn -0.0246 0.9997 -0.0000
vn 0.0327 -0.9995 -0.0000
vn 0.1305 -0.9914 -0.0000
vn 0.2588 -0.9659 -0.0000
vn 0.3826 -0.9239 -0.0000
vn 0.5000 -0.8660 -0.0000
vn 0.6088 -0.7933 -0.0000
vn 0.7071 -0.7071 -0.0000
vn 0.7934 -0.6088 -0.0000
vn 0.8660 -0.5000 -0.0000
vn 0.9239 -0.3827 -0.0000
vn 0.9659 -0.2588 -0.0000
vn 0.9914 -0.1305 -0.0000
vn 0.9995 -0.0327 -0.0000
vn 1.0000 -0.0000 -0.0000
vn 0.0357 0.9994 -0.0000
vn 0.1423 0.9898 -0.0000
vn 0.2817 0.9595 -0.0000
vn 0.4154 0.9096 -0.0000
vn 0.5406 0.8413 -0.0000
vn 0.6549 0.7557 -0.0000
vn 0.6549 0.7558 -0.0000
vn 0.7557 0.6549 -0.0000
vn 0.8413 0.5406 -0.0000
vn 0.9096 0.4154 -0.0000
vn 0.9595 0.2817 -0.0000
vn 0.9898 0.1423 -0.0000
vn 0.9994 0.0357 -0.0000
vn 0.7934 -0.6087 -0.0000
vn 0.3827 -0.9239 -0.0000
vn -0.0245 0.9997 -0.0000
vt 0.447237 0.421293
vt 0.444385 0.421293
vt 0.444385 0.420129
vt 0.447237 0.420129
vt 0.444385 0.418975
vt 0.447237 0.418975
vt 0.199579 0.826967
vt 0.293620 0.827095
vt 0.291041 0.920455
vt 0.198099 0.920832
vt 0.199948 0.803584
vt 0.294262 0.803840
vt 0.498891 0.350317
vt 0.482530 0.350317
vt 0.381178 0.350317
vt 0.471622 0.350317
vt 0.406517 0.458499
vt 0.406516 0.458499
vt 0.406501 0.458499
vt 0.406515 0.458499
vt 0.189433 0.808816
vt 0.189427 0.808818
vt 0.189326 0.808811
vt 0.189421 0.808820
vt 0.189416 0.808824
vt 0.189411 0.808827
vt 0.189407 0.808831
vt 0.189403 0.808835
vt 0.189400 0.808839
vt 0.189397 0.808844
vt 0.189395 0.808849
vt 0.189394 0.808854
vt 0.189393 0.808859
vt 0.189392 0.808864
vt 0.158804 0.815481
vt 0.158797 0.815370
vt 0.160240 0.814345
vt 0.158776 0.815259
vt 0.158742 0.815151
vt 0.158695 0.815046
vt 0.158634 0.814945
vt 0.158562 0.814850
vt 0.158478 0.814760
vt 0.158383 0.814677
vt 0.158279 0.814602
vt 0.158166 0.814536
vt 0.158045 0.814479
vt 0.157917 0.814431
vt 0.157785 0.814394
vt 0.157648 0.814366
vt 0.319369 0.358771
vt 0.318873 0.359047
vt 0.329849 0.338889
vt 0.318375 0.359743
vt 0.442394 0.373077
vt 0.440973 0.373085
vt 0.440973 0.373051
vt 0.442394 0.373043
vt 0.440972 0.373017
vt 0.442393 0.373008
vt 0.440969 0.372982
vt 0.442391 0.372974
vt 0.440964 0.372949
vt 0.442389 0.372940
vt 0.440958 0.372915
vt 0.442385 0.372906
vt 0.440951 0.372883
vt 0.442381 0.372874
vt 0.440942 0.372852
vt 0.442376 0.372843
vt 0.440932 0.372823
vt 0.442371 0.372813
vt 0.440921 0.372795
vt 0.442365 0.372785
vt 0.440908 0.372769
vt 0.442358 0.372759
vt 0.440895 0.372746
vt 0.442350 0.372735
vt 0.440880 0.372725
vt 0.442342 0.372714
vt 0.440865 0.372706
vt 0.442334 0.372695
vt 0.440849 0.372691
vt 0.442325 0.372680
vt 0.440832 0.372679
vt 0.442316 0.372667
vt 0.440815 0.372670
vt 0.442307 0.372658
vt 0.202800 0.277098
vt 0.447237 0.419161
vt 0.444385 0.419161
vt 0.000000 0.000000
vt 1.000000 0.000000
vt 0.880069 0.000000
vt 0.185756 0.809847
vt 0.185757 0.809899
vt 1.000000 1.000000
vt 0.000000 1.000000
vt 0.100568 1.000000
vt 0.893394 1.000000
vt 0.172164 0.816211
vt 0.172164 0.817348
vt 0.197889 0.934132
vt 0.290676 0.933685
vt 0.290624 0.934675
vt 0.197859 0.935128
vt 0.290524 0.935638
vt 0.197799 0.936096
vt 0.290378 0.936564
vt 0.197710 0.937027
vt 0.290186 0.937444
vt 0.197593 0.937910
vt 0.289951 0.938268
vt 0.197450 0.938739
vt 0.200397 0.817416
vt 0.200932 0.817413
vt 0.200931 0.817418
vt 0.200396 0.817421
vt 0.199730 0.817356
vt 0.199649 0.817359
vt 0.199643 0.817359
vt 0.199727 0.817356
vt 0.199636 0.817358
vt 0.199724 0.817355
vt 0.199630 0.817358
vt 0.199721 0.817354
vt 0.199992 0.817807
vt 0.199905 0.817810
vt 0.199899 0.817809
vt 0.199990 0.817806
vt 0.199719 0.817353
vt 0.199624 0.817357
vt 0.199617 0.817356
vt 0.199716 0.817352
vt 0.199612 0.817355
vt 0.199713 0.817351
vt 0.209206 0.812416
vt 0.209033 0.812422
vt 0.209024 0.812420
vt 0.209203 0.812413
vt 0.199983 0.817802
vt 0.199883 0.817806
vt 0.199879 0.817805
vt 0.199981 0.817801
vt 0.209199 0.812411
vt 0.209017 0.812418
vt 0.209011 0.812416
vt 0.209197 0.812409
vt 0.208709 0.811597
vt 0.208514 0.811605
vt 0.208510 0.811602
vt 0.208707 0.811594
vt 0.209808 0.811732
vt 0.200538 0.490542
vt 0.200833 0.490527
vt 0.201123 0.490480
vt 0.201403 0.490404
vt 0.201669 0.490300
vt 0.201915 0.490168
vt 0.202137 0.490012
vt 0.202332 0.489834
vt 0.202497 0.489637
vt 0.202628 0.489425
vt 0.202723 0.489201
vt 0.202780 0.488968
vt 0.202800 0.488732
vt 0.205062 0.490542
vt 0.202800 0.492352
vt 0.727296 0.884492
vt 0.582746 0.884492
vt 0.582746 0.884482
vt 0.727296 0.884482
vt 0.582746 0.884451
vt 0.727296 0.884451
vt 0.582746 0.884399
vt 0.727296 0.884399
vt 0.582746 0.884328
vt 0.727296 0.884328
vt 0.582746 0.884239
vt 0.727296 0.884239
vt 0.582746 0.884133
vt 0.727296 0.884133
vt 0.582746 0.884013
vt 0.727296 0.884013
vt 0.582746 0.883879
vt 0.727296 0.883879
vt 0.582746 0.883736
vt 0.727296 0.883736
vt 0.582746 0.883584
vt 0.727296 0.883584
vt 0.582746 0.883426
vt 0.727296 0.883426
vt 0.582746 0.883266
vt 0.727296 0.883266
vt 0.158804 0.820151
vt 0.158853 0.820111
vt 0.172164 0.821978
vt 0.172164 0.822643
vt 0.172161 0.822693
vt 0.172152 0.822743
vt 0.172136 0.822792
vt 0.172115 0.822839
vt 0.172088 0.822885
vt 0.172056 0.822928
vt 0.172018 0.822968
vt 0.171976 0.823006
vt 0.171930 0.823040
vt 0.171879 0.823070
vt 0.171825 0.823096
vt 0.171768 0.823117
vt 0.171709 0.823134
vt 0.171648 0.823146
vt 0.159920 0.821287
vt 0.159857 0.821290
vt 0.158804 0.821290
vt 0.114371 0.265242
vt 0.113232 0.258362
vt 0.146300 0.258284
vt 0.150488 0.265147
vt 0.158804 0.820072
vt 0.851875 0.739898
vt 0.956483 0.739898
vt 0.956483 0.883266
vt 0.851875 0.883266
vt 0.185757 0.810110
vt 0.189392 0.809076
vt 0.189393 0.809128
vt 0.189345 0.809128
vt 0.189342 0.809128
vt 0.185781 0.810163
vt 0.185778 0.810162
vt 0.185775 0.810162
vt 0.185773 0.810161
vt 0.185770 0.810159
vt 0.185768 0.810158
vt 0.185766 0.810157
vt 0.185764 0.810155
vt 0.185762 0.810153
vt 0.185761 0.810151
vt 0.185760 0.810149
vt 0.185759 0.810147
vt 0.185758 0.810145
vt 0.185757 0.810142
vt 0.185757 0.810140
vt 0.189392 0.809073
vt 0.189392 0.809073
vt 0.189393 0.809073
vt 0.189393 0.809074
vt 0.189393 0.809074
vt 0.189393 0.809074
vt 0.189393 0.809074
vt 0.189393 0.809074
vt 0.189394 0.809075
vt 0.189394 0.809075
vt 0.189394 0.809075
vt 0.189394 0.809075
vt 0.189395 0.809075
vt 0.472640 0.809342
vt 0.498320 0.809342
vt 0.498320 0.816522
vt 0.472640 0.816522
vt 0.158755 0.820111
vt 0.157564 0.821290
vt 0.157521 0.821287
vt 0.157479 0.821280
vt 0.157439 0.821268
vt 0.157401 0.821251
vt 0.157366 0.821231
vt 0.157336 0.821206
vt 0.157310 0.821179
vt 0.157289 0.821148
vt 0.157274 0.821116
vt 0.157265 0.821082
vt 0.157262 0.821048
vt 0.157262 0.820111
vt 0.189462 0.809075
vt 0.189462 0.809117
vt 0.189462 0.809118
vt 0.189462 0.809120
vt 0.189461 0.809121
vt 0.189460 0.809123
vt 0.189459 0.809124
vt 0.189458 0.809125
vt 0.189456 0.809126
vt 0.189454 0.809127
vt 0.189453 0.809127
vt 0.189451 0.809128
vt 0.189449 0.809128
vt 0.406570 0.809342
vt 0.442056 0.809342
vt 0.442056 0.816522
vt 0.406570 0.816522
vt -0.034776 0.311562
vt 0.474798 0.310522
vt 0.471679 0.428446
vt -0.035864 0.429803
vt 0.155645 0.812038
vt 0.148430 0.812092
vt 0.148443 0.812017
vt 0.155675 0.811959
vt 0.582746 0.739898
vt 0.727296 0.739898
vt 0.117300 0.282942
vt 0.115727 0.273435
vt 0.155475 0.273320
vt 0.161261 0.282804
vt 0.956483 0.883426
vt 0.851875 0.883426
vt 0.956483 0.883584
vt 0.851875 0.883584
vt 0.956483 0.883736
vt 0.851875 0.883736
vt 0.956483 0.883879
vt 0.851875 0.883879
vt 0.956483 0.884013
vt 0.851875 0.884013
vt 0.956483 0.884133
vt 0.851875 0.884133
vt 0.956483 0.884239
vt 0.851875 0.884239
vt 0.956483 0.884328
vt 0.851875 0.884328
vt 0.956483 0.884399
vt 0.851875 0.884399
vt 0.956483 0.884451
vt 0.851875 0.884451
vt 0.956483 0.884482
vt 0.851875 0.884482
vt 0.313232 0.507250
vt 0.314371 0.514130
vt 0.314214 0.514123
vt 0.313090 0.507243
vt 0.851875 0.884492
vt 0.050738 0.921430
vt 0.117998 0.921157
vt 0.117922 0.934518
vt 0.050775 0.934842
vt 0.209019 0.811584
vt 0.208878 0.811590
vt 0.208878 0.811588
vt 0.209020 0.811582
vt 0.209489 0.812400
vt 0.209357 0.812405
vt 0.209357 0.812402
vt 0.209492 0.812397
vt 0.200141 0.817796
vt 0.200069 0.817799
vt 0.200069 0.817798
vt 0.200142 0.817795
vt 0.209482 0.812405
vt 0.209356 0.812410
vt 0.209357 0.812407
vt 0.209486 0.812402
vt 0.199872 0.817346
vt 0.199801 0.817349
vt 0.199801 0.817348
vt 0.199875 0.817345
vt 0.199869 0.817348
vt 0.199801 0.817350
vt 0.200131 0.817801
vt 0.200068 0.817804
vt 0.200068 0.817803
vt 0.200133 0.817800
vt 0.199864 0.817350
vt 0.199800 0.817352
vt 0.199800 0.817351
vt 0.199867 0.817349
vt 0.199861 0.817351
vt 0.199800 0.817353
vt 0.199858 0.817352
vt 0.199799 0.817354
vt 0.199548 0.817420
vt 0.199936 0.817419
vt 0.199935 0.817423
vt 0.199548 0.817425
vt 0.148159 0.919059
vt 0.158782 0.919005
vt 0.158772 0.919137
vt 0.148160 0.919191
vt 0.171433 0.918941
vt 0.171410 0.919072
vt 0.050783 0.937760
vt 0.117845 0.937425
vt 0.117794 0.938313
vt 0.050786 0.938651
vt 0.050780 0.936822
vt 0.117884 0.936491
vt 0.050778 0.935846
vt 0.117910 0.935518
vt 0.108649 0.175645
vt 0.105932 0.174484
vt 0.227468 0.173543
vt 0.229055 0.174722
vt 0.442287 0.372644
vt 0.443587 0.372634
vt 0.443593 0.372648
vt 0.280878 0.278675
vt 0.236043 0.208525
vt 0.334818 0.207992
vt 0.334818 0.207990
vt 0.444670 0.372650
vt 0.443596 0.372658
vt 0.444673 0.372640
vt 0.444667 0.372662
vt 0.443598 0.372670
vt 0.444664 0.372678
vt 0.443600 0.372686
vt 0.444661 0.372697
vt 0.443603 0.372705
vt 0.444659 0.372718
vt 0.443605 0.372726
vt 0.444656 0.372743
vt 0.443607 0.372750
vt 0.444654 0.372769
vt 0.443609 0.372776
vt 0.444652 0.372797
vt 0.443611 0.372804
vt 0.444650 0.372828
vt 0.443612 0.372835
vt 0.444649 0.372859
vt 0.443614 0.372866
vt 0.444648 0.372892
vt 0.443615 0.372899
vt 0.444647 0.372926
vt 0.443616 0.372932
vt 0.444646 0.372960
vt 0.443617 0.372967
vt 0.444645 0.372995
vt 0.443617 0.373001
vt 0.444645 0.373030
vt 0.443618 0.373036
vt 0.444645 0.373065
vt 0.443618 0.373071
vt 0.050411 0.803178
vt 0.118664 0.803363
vt 0.118531 0.826856
vt 0.050476 0.826763
vt 0.454574 0.420129
vt 0.450633 0.420129
vt 0.450633 0.418975
vt 0.454574 0.418975
vt 0.406804 0.457252
vt 0.406622 0.457252
vt 0.407098 0.457060
vt 0.407280 0.457060
vt 0.450633 0.421293
s 1
usemtl Material.022
f 1829/1599/992 1692/1600/992 1693/1601/992 1832/1602/992
f 1832/1602/992 1693/1601/992 1695/1603/992 1834/1604/992
f 1843/1605/993 1705/1606/993 1699/1607/993 1837/1608/993
f 1830/1609/993 1690/1610/993 1705/1606/993 1843/1605/993
f 1706/1611/994 1709/1612/994 1708/1613/994
f 1709/1612/994 1710/1614/994 1708/1613/994
f 1710/1615/994 1711/1616/994 1708/1617/994
f 1711/1616/994 1712/1618/994 1708/1617/994
f 1712/1619/994 1713/1620/994 1708/1621/994
f 1713/1620/994 1714/1622/994 1708/1621/994
f 1714/1622/994 1715/1623/994 1708/1621/994
f 1715/1623/994 1716/1624/994 1708/1621/994
f 1716/1624/994 1717/1625/994 1708/1621/994
f 1717/1625/994 1718/1626/994 1708/1621/994
f 1718/1626/994 1719/1627/994 1708/1621/994
f 1719/1627/994 1720/1628/994 1708/1621/994
f 1720/1628/994 1721/1629/994 1708/1621/994
f 1721/1629/994 1722/1630/994 1708/1621/994
f 1722/1630/994 1723/1631/994 1708/1621/994
f 1723/1631/994 1707/1632/994 1708/1621/994
f 1724/1633/995 1727/1634/995 1726/1635/995
f 1727/1634/995 1728/1636/995 1726/1635/995
f 1728/1636/995 1729/1637/995 1726/1635/995
f 1729/1637/995 1730/1638/995 1726/1635/995
f 1730/1638/995 1731/1639/995 1726/1635/995
f 1731/1639/995 1732/1640/995 1726/1635/995
f 1732/1640/995 1733/1641/995 1726/1635/995
f 1733/1641/995 1734/1642/995 1726/1635/995
f 1734/1642/995 1735/1643/995 1726/1635/995
f 1735/1643/995 1736/1644/995 1726/1635/995
f 1736/1644/995 1737/1645/995 1726/1635/995
f 1737/1645/995 1738/1646/995 1726/1635/995
f 1738/1646/995 1739/1647/995 1726/1635/995
f 1739/1647/995 1740/1648/995 1726/1635/995
f 1740/1649/995 1741/1650/995 1726/1651/995
f 1741/1650/995 1725/1652/995 1726/1651/995
f 1846/1653/996 1707/1654/996 1723/1655/997 1847/1656/997
f 1847/1656/997 1723/1655/997 1722/1657/998 1849/1658/998
f 1849/1658/998 1722/1657/998 1721/1659/999 1851/1660/999
f 1851/1660/999 1721/1659/999 1720/1661/1000 1853/1662/1000
f 1853/1662/1000 1720/1661/1000 1719/1663/1001 1855/1664/1001
f 1855/1664/1001 1719/1663/1001 1718/1665/1002 1857/1666/1002
f 1857/1666/1002 1718/1665/1002 1717/1667/1003 1859/1668/1003
f 1859/1668/1003 1717/1667/1003 1716/1669/1004 1861/1670/1004
f 1861/1670/1004 1716/1669/1004 1715/1671/1005 1863/1672/1005
f 1863/1672/1005 1715/1671/1005 1714/1673/1006 1865/1674/1006
f 1865/1674/1006 1714/1673/1006 1713/1675/1007 1867/1676/1007
f 1867/1676/1007 1713/1675/1007 1712/1677/1008 1869/1678/1008
f 1869/1678/1008 1712/1677/1008 1711/1679/1009 1871/1680/1009
f 1871/1680/1009 1711/1679/1009 1710/1681/1010 1873/1682/1010
f 1873/1682/1010 1710/1681/1010 1709/1683/1011 1875/1684/1011
f 1875/1684/1011 1709/1683/1011 1706/1685/1012 1877/1686/1013
f 1845/1687/1014 1724/1687/1014 1702/1687/1014 1841/1687/1014
f 1878/1688/1013 1834/1604/1014 1695/1603/1014 1725/1689/1012
f 1690/1690/1014 1691/1691/1014 1694/1691/1014 1706/1692/1012 1708/1690/1014
f 1690/1693/994 1708/1621/994 1707/1632/994 1703/1632/994 1705/1694/994
f 1693/1695/1014 1692/1696/1014 1726/1697/1014 1725/1698/1012 1695/1695/1014
f 1724/1633/995 1726/1635/995 1692/1699/995 1704/1700/995 1702/1633/995
f 1880/1701/1015 1760/1702/1015 1775/1703/1016 1881/1704/1016
f 1881/1704/1016 1775/1703/1016 1774/1705/1017 1883/1706/1017
f 1883/1706/1017 1774/1705/1017 1773/1707/1018 1885/1708/1018
f 1885/1708/1018 1773/1707/1018 1772/1709/1019 1887/1710/1019
f 1887/1710/1019 1772/1709/1019 1771/1711/1020 1889/1712/1020
f 1889/1713/1020 1771/1714/1020 1770/1715/1021 1891/1716/1021
f 1891/1717/1021 1770/1718/1021 1769/1719/1022 1893/1720/1022
f 1893/1720/1022 1769/1719/1022 1768/1721/1023 1895/1722/1023
f 1895/1722/1023 1768/1721/1023 1767/1723/1024 1897/1724/1024
f 1897/1725/1024 1767/1726/1024 1766/1727/1025 1899/1728/1025
f 1899/1729/1025 1766/1730/1025 1765/1731/1026 1901/1732/1026
f 1901/1732/1026 1765/1731/1026 1764/1733/1027 1903/1734/1027
f 1903/1735/1027 1764/1736/1027 1763/1737/1028 1905/1738/1028
f 1905/1739/1028 1763/1740/1028 1762/1741/1029 1907/1742/1029
f 1907/1743/1029 1762/1744/1029 1761/1745/1030 1909/1746/1030
f 1909/1747/1030 1761/1748/1030 1759/1749/1031 1911/1750/1031
f 1837/1608/993 1699/1607/993 1760/1702/1015 1880/1701/1015
f 1911/1751/1031 1759/1751/1031 1697/1751/1014 1836/1751/1014
f 1776/1752/995 1780/1753/995 1781/1754/995 1782/1755/995 1783/1756/995 1784/1757/995 1785/1758/995 1786/1759/995 1787/1760/995 1788/1761/995 1789/1762/995 1790/1763/995 1777/1764/995 1778/1765/995 1779/1766/995
f 1914/1767/1032 1792/1768/1032 1804/1769/1033 1915/1770/1033
f 1915/1770/1033 1804/1769/1033 1803/1771/1034 1917/1772/1034
f 1917/1772/1034 1803/1771/1034 1802/1773/1035 1919/1774/1035
f 1919/1774/1035 1802/1773/1035 1801/1775/1036 1921/1776/1036
f 1921/1776/1036 1801/1775/1036 1800/1777/1037 1923/1778/1037
f 1923/1778/1037 1800/1777/1037 1799/1779/1038 1925/1780/1038
f 1925/1780/1038 1799/1779/1038 1798/1781/1039 1927/1782/1039
f 1927/1782/1039 1798/1781/1039 1797/1783/1040 1929/1784/1040
f 1929/1784/1040 1797/1783/1040 1796/1785/1041 1931/1786/1041
f 1931/1786/1041 1796/1785/1041 1795/1787/1042 1933/1788/1042
f 1933/1788/1042 1795/1787/1042 1794/1789/1043 1935/1790/1043
f 1935/1790/1043 1794/1789/1043 1791/1791/1044 1937/1792/1044
f 1779/1793/995 1778/1794/995 1698/1795/995 1742/1796/995 1744/1797/995 1745/1798/995 1746/1799/995 1747/1800/995 1748/1801/995 1749/1802/995 1750/1803/995 1751/1804/995 1752/1805/995 1753/1806/995 1754/1807/995 1755/1808/995 1756/1809/995 1757/1810/995 1758/1811/995 1743/1812/995 1696/1813/995
f 1913/1814/1032 1776/1815/1032 1700/1816/992 1839/1817/992
f 1702/1633/995 1704/1700/995 1698/1795/995 1778/1794/995 1777/1818/995
f 1841/1819/1045 1702/1820/1045 1777/1821/1044 1938/1822/1044
f 1699/1823/994 1793/1824/994 1697/1825/994 1759/1826/994 1761/1827/994 1762/1828/994 1763/1829/994 1764/1830/994 1765/1831/994 1766/1832/994 1767/1833/994 1768/1834/994 1769/1835/994 1770/1836/994 1771/1837/994 1772/1838/994 1773/1839/994 1774/1840/994 1775/1841/994 1760/1842/994
f 1705/1694/994 1703/1632/994 1791/1843/994 1794/1844/994 1795/1845/994 1796/1846/994 1797/1847/994 1798/1848/994 1799/1849/994 1800/1850/994 1801/1851/994 1802/1852/994 1803/1853/994 1804/1854/994 1792/1855/994 1793/1824/994 1699/1823/994
f 1940/1751/1046 1818/1751/1046 1828/1751/1047 1941/1751/1047
f 1941/1751/1047 1828/1751/1047 1827/1751/1048 1943/1751/1048
f 1943/1751/1048 1827/1751/1048 1826/1751/1049 1945/1751/1049
f 1945/1751/1049 1826/1751/1049 1825/1751/1050 1947/1751/1050
f 1947/1751/1050 1825/1751/1050 1824/1751/1051 1949/1751/1052
f 1949/1751/1052 1824/1751/1051 1823/1751/1053 1951/1751/1053
f 1951/1751/1053 1823/1751/1053 1822/1751/1054 1953/1751/1054
f 1953/1751/1054 1822/1751/1054 1821/1751/1055 1955/1751/1055
f 1955/1751/1055 1821/1751/1055 1820/1751/1056 1957/1751/1056
f 1957/1751/1056 1820/1751/1056 1819/1751/1057 1959/1751/1057
f 1959/1751/1057 1819/1751/1057 1817/1751/1058 1961/1751/1058
f 1836/1751/1014 1697/1751/1014 1818/1751/1046 1940/1751/1046
f 1839/1856/1045 1700/1857/1045 1806/1858/1058 1962/1859/1058
f 1776/1860/995 1779/1793/995 1696/1813/995 1805/1861/995 1807/1862/995 1808/1863/995 1809/1864/995 1810/1865/995 1811/1866/995 1812/1867/995 1813/1868/995 1814/1869/995 1815/1870/995 1816/1871/995 1806/1872/995 1700/1873/995
f 1697/1825/994 1793/1824/994 1792/1855/994 1701/1874/994 1817/1875/994 1819/1876/994 1820/1877/994 1821/1878/994 1822/1879/994 1823/1880/994 1824/1881/994 1825/1882/994 1826/1883/994 1827/1884/994 1828/1885/994 1818/1886/994
f 1701/1887/1045 1840/1888/1045 1961/1889/1058 1817/1890/1058
f 1840/1891/1045 1839/1892/1045 1962/1893/1058 1961/1894/1058
f 1696/1751/1014 1835/1751/1014 1939/1751/1046 1805/1751/1046
f 1835/1751/1014 1836/1751/1014 1940/1751/1046 1939/1751/1046
f 1816/1895/1057 1960/1896/1057 1962/1897/1058 1806/1898/1058
f 1960/1751/1057 1959/1751/1057 1961/1751/1058 1962/1751/1058
f 1815/1751/1056 1958/1751/1056 1960/1751/1057 1816/1751/1057
f 1958/1751/1056 1957/1751/1056 1959/1751/1057 1960/1751/1057
f 1814/1751/1055 1956/1751/1055 1958/1751/1056 1815/1751/1056
f 1956/1751/1055 1955/1751/1055 1957/1751/1056 1958/1751/1056
f 1813/1751/1054 1954/1751/1054 1956/1751/1055 1814/1751/1055
f 1954/1751/1054 1953/1751/1054 1955/1751/1055 1956/1751/1055
f 1812/1751/1053 1952/1751/1053 1954/1751/1054 1813/1751/1054
f 1952/1751/1053 1951/1751/1053 1953/1751/1054 1954/1751/1054
f 1811/1751/1051 1950/1751/1051 1952/1751/1053 1812/1751/1053
f 1950/1751/1051 1949/1751/1052 1951/1751/1053 1952/1751/1053
f 1810/1751/1050 1948/1751/1050 1950/1751/1051 1811/1751/1051
f 1948/1751/1050 1947/1751/1050 1949/1751/1052 1950/1751/1051
f 1809/1751/1049 1946/1751/1049 1948/1751/1050 1810/1751/1050
f 1946/1751/1049 1945/1751/1049 1947/1751/1050 1948/1751/1050
f 1808/1751/1048 1944/1751/1048 1946/1751/1049 1809/1751/1049
f 1944/1751/1048 1943/1751/1048 1945/1751/1049 1946/1751/1049
f 1807/1751/1047 1942/1751/1047 1944/1751/1048 1808/1751/1048
f 1942/1751/1047 1941/1751/1047 1943/1751/1048 1944/1751/1048
f 1805/1751/1046 1939/1751/1046 1942/1751/1047 1807/1751/1047
f 1939/1751/1046 1940/1751/1046 1941/1751/1047 1942/1751/1047
f 1703/1899/1045 1842/1900/1045 1937/1792/1044 1791/1791/1044
f 1842/1900/1045 1841/1819/1045 1938/1822/1044 1937/1792/1044
f 1792/1901/1032 1914/1902/1032 1840/1903/992 1701/1904/992
f 1914/1902/1032 1913/1814/1032 1839/1817/992 1840/1903/992
f 1790/1905/1043 1936/1906/1043 1938/1822/1044 1777/1821/1044
f 1936/1906/1043 1935/1790/1043 1937/1792/1044 1938/1822/1044
f 1789/1907/1042 1934/1908/1042 1936/1906/1043 1790/1905/1043
f 1934/1908/1042 1933/1788/1042 1935/1790/1043 1936/1906/1043
f 1788/1909/1041 1932/1910/1041 1934/1908/1042 1789/1907/1042
f 1932/1910/1041 1931/1786/1041 1933/1788/1042 1934/1908/1042
f 1787/1911/1040 1930/1912/1040 1932/1910/1041 1788/1909/1041
f 1930/1912/1040 1929/1784/1040 1931/1786/1041 1932/1910/1041
f 1786/1913/1059 1928/1914/1059 1930/1912/1040 1787/1911/1040
f 1928/1914/1059 1927/1782/1039 1929/1784/1040 1930/1912/1040
f 1785/1915/1038 1926/1916/1038 1928/1914/1059 1786/1913/1059
f 1926/1916/1038 1925/1780/1038 1927/1782/1039 1928/1914/1059
f 1784/1917/1037 1924/1918/1037 1926/1916/1038 1785/1915/1038
f 1924/1918/1037 1923/1778/1037 1925/1780/1038 1926/1916/1038
f 1783/1919/1036 1922/1920/1036 1924/1918/1037 1784/1917/1037
f 1922/1920/1036 1921/1776/1036 1923/1778/1037 1924/1918/1037
f 1782/1921/1060 1920/1922/1060 1922/1920/1036 1783/1919/1036
f 1920/1922/1060 1919/1774/1035 1921/1776/1036 1922/1920/1036
f 1781/1923/1034 1918/1924/1034 1920/1922/1060 1782/1921/1060
f 1918/1924/1034 1917/1772/1034 1919/1774/1035 1920/1922/1060
f 1780/1925/1033 1916/1926/1033 1918/1924/1034 1781/1923/1034
f 1916/1926/1033 1915/1770/1033 1917/1772/1034 1918/1924/1034
f 1776/1927/1032 1913/1928/1032 1916/1929/1033 1780/1930/1033
f 1913/1931/1032 1914/1767/1032 1915/1770/1033 1916/1926/1033
f 1743/1751/1061 1912/1751/1061 1835/1751/1014 1696/1751/1014
f 1912/1751/1061 1911/1751/1031 1836/1751/1014 1835/1751/1014
f 1698/1932/993 1838/1933/993 1879/1934/1015 1742/1935/1015
f 1838/1933/993 1837/1608/993 1880/1701/1015 1879/1934/1015
f 1758/1936/1030 1910/1937/1030 1912/1938/1061 1743/1939/1061
f 1910/1937/1030 1909/1747/1030 1911/1750/1031 1912/1938/1061
f 1757/1940/1029 1908/1941/1029 1910/1942/1030 1758/1943/1030
f 1908/1941/1029 1907/1743/1029 1909/1746/1030 1910/1942/1030
f 1756/1944/1028 1906/1945/1028 1908/1946/1029 1757/1947/1029
f 1906/1945/1028 1905/1739/1028 1907/1742/1029 1908/1946/1029
f 1755/1948/1027 1904/1949/1027 1906/1950/1028 1756/1951/1028
f 1904/1949/1027 1903/1735/1027 1905/1738/1028 1906/1950/1028
f 1754/1952/1026 1902/1953/1026 1904/1954/1027 1755/1955/1027
f 1902/1953/1026 1901/1732/1026 1903/1734/1027 1904/1954/1027
f 1753/1956/1025 1900/1957/1025 1902/1953/1026 1754/1952/1026
f 1900/1957/1025 1899/1729/1025 1901/1732/1026 1902/1953/1026
f 1752/1958/1024 1898/1959/1024 1900/1960/1025 1753/1961/1025
f 1898/1959/1024 1897/1725/1024 1899/1728/1025 1900/1960/1025
f 1751/1962/1023 1896/1963/1023 1898/1964/1024 1752/1965/1024
f 1896/1963/1023 1895/1722/1023 1897/1724/1024 1898/1964/1024
f 1750/1966/1022 1894/1967/1022 1896/1963/1023 1751/1962/1023
f 1894/1967/1022 1893/1720/1022 1895/1722/1023 1896/1963/1023
f 1749/1968/1021 1892/1969/1021 1894/1967/1022 1750/1966/1022
f 1892/1969/1021 1891/1717/1021 1893/1720/1022 1894/1967/1022
f 1748/1970/1020 1890/1971/1020 1892/1972/1021 1749/1973/1021
f 1890/1971/1020 1889/1713/1020 1891/1716/1021 1892/1972/1021
f 1747/1974/1019 1888/1975/1019 1890/1976/1020 1748/1977/1020
f 1888/1975/1019 1887/1978/1019 1889/1979/1020 1890/1976/1020
f 1746/1980/1018 1886/1981/1018 1888/1982/1019 1747/1983/1019
f 1886/1981/1018 1885/1708/1018 1887/1710/1019 1888/1982/1019
f 1745/1984/1017 1884/1985/1017 1886/1981/1018 1746/1980/1018
f 1884/1985/1017 1883/1706/1017 1885/1708/1018 1886/1981/1018
f 1744/1986/1016 1882/1987/1016 1884/1985/1017 1745/1984/1017
f 1882/1987/1016 1881/1704/1016 1883/1706/1017 1884/1985/1017
f 1742/1935/1015 1879/1934/1015 1882/1987/1016 1744/1986/1016
f 1879/1934/1015 1880/1701/1015 1881/1704/1016 1882/1987/1016
f 1706/1988/1012 1694/1989/1014 1833/1990/1014 1877/1991/1013
f 1877/1686/1013 1833/1992/1014 1834/1993/1014 1878/1994/1013
f 1707/1995/1014 1846/1995/1014 1842/1995/1014 1703/1995/1014
f 1846/1996/1014 1845/1997/1014 1841/1998/1014 1842/1996/1014
f 1741/1999/1011 1876/2000/1011 1878/1994/1013 1725/2001/1012
f 1876/2000/1011 1875/1684/1011 1877/1686/1013 1878/1994/1013
f 1740/2002/1010 1874/2003/1010 1876/2000/1011 1741/1999/1011
f 1874/2003/1010 1873/1682/1010 1875/1684/1011 1876/2000/1011
f 1739/2004/1009 1872/2005/1009 1874/2003/1010 1740/2002/1010
f 1872/2005/1009 1871/1680/1009 1873/1682/1010 1874/2003/1010
f 1738/2006/1008 1870/2007/1008 1872/2005/1009 1739/2004/1009
f 1870/2007/1008 1869/1678/1008 1871/1680/1009 1872/2005/1009
f 1737/2008/1007 1868/2009/1007 1870/2007/1008 1738/2006/1008
f 1868/2009/1007 1867/1676/1007 1869/1678/1008 1870/2007/1008
f 1736/2010/1006 1866/2011/1006 1868/2009/1007 1737/2008/1007
f 1866/2011/1006 1865/1674/1006 1867/1676/1007 1868/2009/1007
f 1735/2012/1005 1864/2013/1005 1866/2011/1006 1736/2010/1006
f 1864/2013/1005 1863/1672/1005 1865/1674/1006 1866/2011/1006
f 1734/2014/1004 1862/2015/1004 1864/2013/1005 1735/2012/1005
f 1862/2015/1004 1861/1670/1004 1863/1672/1005 1864/2013/1005
f 1733/2016/1003 1860/2017/1003 1862/2015/1004 1734/2014/1004
f 1860/2017/1003 1859/1668/1003 1861/1670/1004 1862/2015/1004
f 1732/2018/1002 1858/2019/1002 1860/2017/1003 1733/2016/1003
f 1858/2019/1002 1857/1666/1002 1859/1668/1003 1860/2017/1003
f 1731/2020/1001 1856/2021/1001 1858/2019/1002 1732/2018/1002
f 1856/2021/1001 1855/1664/1001 1857/1666/1002 1858/2019/1002
f 1730/2022/1000 1854/2023/1000 1856/2021/1001 1731/2020/1001
f 1854/2023/1000 1853/1662/1000 1855/1664/1001 1856/2021/1001
f 1729/2024/999 1852/2025/999 1854/2023/1000 1730/2022/1000
f 1852/2025/999 1851/1660/999 1853/1662/1000 1854/2023/1000
f 1728/2026/998 1850/2027/998 1852/2025/999 1729/2024/999
f 1850/2027/998 1849/1658/998 1851/1660/999 1852/2025/999
f 1727/2028/997 1848/2029/997 1850/2027/998 1728/2026/998
f 1848/2029/997 1847/1656/997 1849/1658/998 1850/2027/998
f 1724/2030/996 1845/2031/996 1848/2029/997 1727/2028/997
f 1845/2031/996 1846/1653/996 1847/1656/997 1848/2029/997
f 1692/2032/993 1829/2033/993 1844/2034/993 1704/2035/993
f 1829/2033/993 1830/1609/993 1843/1605/993 1844/2034/993
f 1704/2035/993 1844/2034/993 1838/1933/993 1698/1932/993
f 1844/2034/993 1843/1605/993 1837/1608/993 1838/1933/993
f 1691/2036/992 1831/2037/992 1833/2038/992 1694/2039/992
f 1831/2037/992 1832/1602/992 1834/1604/992 1833/2038/992
f 1690/2040/992 1830/2041/992 1831/2042/992 1691/2043/992
f 1830/2044/992 1829/1599/992 1832/1602/992 1831/2037/992
