# Blender 5.1.0
# www.blender.org
mtllib crofi.mtl
o Cylinder.187
v -285.545807 129.661316 74.290550
v -285.545807 129.964447 74.648926
v -285.786591 129.661316 74.266838
v -285.856506 129.964447 74.618324
v -286.018097 129.661316 74.196609
v -286.155243 129.964447 74.527695
v -286.231476 129.661316 74.082558
v -286.430573 129.964447 74.380531
v -286.418488 129.661316 73.929070
v -286.671906 129.964447 74.182480
v -286.571991 129.661316 73.742050
v -286.869965 129.964447 73.941147
v -286.686035 129.661316 73.528679
v -287.017120 129.964447 73.665817
v -286.756256 129.661316 73.297157
v -287.107758 129.964447 73.367073
v -286.779968 129.661316 73.056381
v -287.138336 129.964447 73.056381
v -286.756256 129.661316 72.815605
v -287.107758 129.964447 72.745689
v -286.686035 129.661316 72.584084
v -287.017120 129.964447 72.446945
v -286.571991 129.661316 72.370712
v -286.869965 129.964447 72.171616
v -286.418488 129.661316 72.183693
v -286.671906 129.964447 71.930283
v -286.231476 129.661316 72.030205
v -286.430573 129.964447 71.732231
v -286.018097 129.661316 71.916153
v -286.155243 129.964447 71.585068
v -285.786591 129.661316 71.845924
v -285.856506 129.964447 71.494438
v -285.545807 129.661316 71.822212
v -285.545807 129.964447 71.463837
v -285.305023 129.661316 71.845924
v -285.235107 129.964447 71.494438
v -285.073517 129.661316 71.916153
v -284.936371 129.964447 71.585068
v -284.860138 129.661316 72.030205
v -284.661041 129.964447 71.732231
v -284.673126 129.661316 72.183693
v -284.419708 129.964447 71.930283
v -284.519623 129.661316 72.370712
v -284.221649 129.964447 72.171616
v -284.405579 129.661316 72.584084
v -284.074493 129.964447 72.446945
v -284.335358 129.661316 72.815605
v -283.983856 129.964447 72.745689
v -284.311646 129.661316 73.056381
v -283.953278 129.964447 73.056381
v -284.335358 129.661316 73.297157
v -283.983856 129.964447 73.367073
v -284.405579 129.661316 73.528679
v -284.074493 129.964447 73.665817
v -284.519623 129.661316 73.742050
v -284.221649 129.964447 73.941147
v -284.673126 129.661316 73.929070
v -284.419708 129.964447 74.182480
v -284.860138 129.661316 74.082558
v -284.661041 129.964447 74.380531
v -285.073517 129.661316 74.196609
v -284.936371 129.964447 74.527695
v -285.305023 129.661316 74.266838
v -285.235107 129.964447 74.618324
v -285.545807 129.661316 74.648926
v -285.856506 129.661316 74.618324
v -286.155243 129.661316 74.527695
v -286.430573 129.661316 74.380531
v -286.671906 129.661316 74.182480
v -286.869965 129.661316 73.941147
v -287.017120 129.661316 73.665817
v -287.107758 129.661316 73.367073
v -287.138336 129.661316 73.056381
v -287.107758 129.661316 72.745689
v -287.017120 129.661316 72.446945
v -286.869965 129.661316 72.171616
v -286.671906 129.661316 71.930283
v -286.430573 129.661316 71.732231
v -286.155243 129.661316 71.585068
v -285.856506 129.661316 71.494438
v -285.545807 129.661316 71.463837
v -285.235107 129.661316 71.494438
v -284.936371 129.661316 71.585068
v -284.661041 129.661316 71.732231
v -284.419708 129.661316 71.930283
v -284.221649 129.661316 72.171616
v -284.074493 129.661316 72.446945
v -283.983856 129.661316 72.745689
v -283.953278 129.661316 73.056381
v -283.983856 129.661316 73.367073
v -284.074493 129.661316 73.665817
v -284.221649 129.661316 73.941147
v -284.419708 129.661316 74.182480
v -284.661041 129.661316 74.380531
v -284.936371 129.661316 74.527695
v -285.235107 129.661316 74.618324
v -285.545807 129.661316 74.648926
v -285.856506 129.661316 74.618324
v -286.155243 129.661316 74.527695
v -286.430573 129.661316 74.380531
v -286.671906 129.661316 74.182480
v -286.869965 129.661316 73.941147
v -287.017120 129.661316 73.665817
v -287.107758 129.661316 73.367073
v -287.138336 129.661316 73.056381
v -287.107758 129.661316 72.745689
v -287.017120 129.661316 72.446945
v -286.869965 129.661316 72.171616
v -286.671906 129.661316 71.930283
v -286.430573 129.661316 71.732231
v -286.155243 129.661316 71.585068
v -285.856506 129.661316 71.494438
v -285.545807 129.661316 71.463837
v -285.235107 129.661316 71.494438
v -284.936371 129.661316 71.585068
v -284.661041 129.661316 71.732231
v -284.419708 129.661316 71.930283
v -284.221649 129.661316 72.171616
v -284.074493 129.661316 72.446945
v -283.983856 129.661316 72.745689
v -283.953278 129.661316 73.056381
v -283.983856 129.661316 73.367073
v -284.074493 129.661316 73.665817
v -284.221649 129.661316 73.941147
v -284.419708 129.661316 74.182480
v -284.661041 129.661316 74.380531
v -284.936371 129.661316 74.527695
v -285.235107 129.661316 74.618324
v -285.545807 129.661316 74.648926
v -285.856506 129.661316 74.618324
v -286.155243 129.661316 74.527695
v -286.430573 129.661316 74.380531
v -286.671906 129.661316 74.182480
v -286.869965 129.661316 73.941147
v -287.017120 129.661316 73.665817
v -287.107758 129.661316 73.367073
v -287.138336 129.661316 73.056381
v -287.107758 129.661316 72.745689
v -287.017120 129.661316 72.446945
v -286.869965 129.661316 72.171616
v -286.671906 129.661316 71.930283
v -286.430573 129.661316 71.732231
v -286.155243 129.661316 71.585068
v -285.856506 129.661316 71.494438
v -285.545807 129.661316 71.463837
v -285.235107 129.661316 71.494438
v -284.936371 129.661316 71.585068
v -284.661041 129.661316 71.732231
v -284.419708 129.661316 71.930283
v -284.221649 129.661316 72.171616
v -284.074493 129.661316 72.446945
v -283.983856 129.661316 72.745689
v -283.953278 129.661316 73.056381
v -283.983856 129.661316 73.367073
v -284.074493 129.661316 73.665817
v -284.221649 129.661316 73.941147
v -284.419708 129.661316 74.182480
v -284.661041 129.661316 74.380531
v -284.936371 129.661316 74.527695
v -285.235107 129.661316 74.618324
vn -0.0000 -1.0000 -0.0000
vn -0.0000 0.9949 0.1005
vn -0.0196 0.9949 0.0986
vn -0.0385 0.9949 0.0929
vn -0.0558 0.9949 0.0836
vn -0.0711 0.9949 0.0711
vn -0.0836 0.9949 0.0558
vn -0.0929 0.9949 0.0385
vn -0.0986 0.9949 0.0196
vn -0.1005 0.9949 -0.0000
vn -0.0986 0.9949 -0.0196
vn -0.0929 0.9949 -0.0385
vn -0.0836 0.9949 -0.0558
vn -0.0711 0.9949 -0.0711
vn -0.0558 0.9949 -0.0836
vn -0.0385 0.9949 -0.0929
vn -0.0196 0.9949 -0.0986
vn -0.0000 0.9949 -0.1005
vn 0.0196 0.9949 -0.0986
vn 0.0385 0.9949 -0.0929
vn 0.0558 0.9949 -0.0836
vn 0.0711 0.9949 -0.0711
vn 0.0836 0.9949 -0.0558
vn 0.0929 0.9949 -0.0385
vn 0.0986 0.9949 -0.0196
vn 0.1005 0.9949 -0.0000
vn 0.0986 0.9949 0.0196
vn 0.0929 0.9949 0.0385
vn 0.0836 0.9949 0.0558
vn 0.0711 0.9949 0.0711
vn 0.0558 0.9949 0.0836
vn 0.0385 0.9949 0.0929
vn 0.0196 0.9949 0.0986
vn -0.0000 0.9955 0.0943
vn -0.0184 0.9955 0.0925
vn -0.0361 0.9955 0.0871
vn -0.0524 0.9955 0.0784
vn -0.0667 0.9955 0.0667
vn -0.0784 0.9955 0.0524
vn -0.0871 0.9955 0.0361
vn -0.0925 0.9955 0.0184
vn -0.0943 0.9955 -0.0000
vn -0.0925 0.9955 -0.0184
vn -0.0871 0.9955 -0.0361
vn -0.0784 0.9955 -0.0524
vn -0.0667 0.9955 -0.0667
vn -0.0524 0.9955 -0.0784
vn -0.0361 0.9955 -0.0871
vn -0.0184 0.9955 -0.0925
vn -0.0000 0.9955 -0.0943
vn 0.0184 0.9955 -0.0925
vn 0.0361 0.9955 -0.0871
vn 0.0524 0.9955 -0.0784
vn 0.0667 0.9955 -0.0667
vn 0.0784 0.9955 -0.0524
vn 0.0871 0.9955 -0.0361
vn 0.0925 0.9955 -0.0184
vn 0.0943 0.9955 -0.0000
vn 0.0925 0.9955 0.0184
vn 0.0871 0.9955 0.0361
vn 0.0784 0.9955 0.0524
vn 0.0667 0.9955 0.0667
vn 0.0524 0.9955 0.0784
vn 0.0361 0.9955 0.0871
vn 0.0184 0.9955 0.0925
vn -0.0000 1.0000 -0.0000
vt 0.835768 0.814306
vt 0.835686 0.818363
vt 0.836788 0.820420
vt 0.836871 0.816340
vt 0.837424 0.822569
vt 0.837509 0.818466
vt 0.837562 0.824729
vt 0.837647 0.820601
vt 0.837186 0.826814
vt 0.837272 0.822664
vt 0.836303 0.828741
vt 0.836388 0.824570
vt 0.834940 0.830428
vt 0.835023 0.826238
vt 0.833145 0.831802
vt 0.833227 0.827596
vt 0.830989 0.832802
vt 0.831069 0.828585
vt 0.828559 0.833383
vt 0.828636 0.829160
vt 0.825956 0.833517
vt 0.826030 0.829293
vt 0.823291 0.833200
vt 0.823362 0.828979
vt 0.820675 0.832446
vt 0.820743 0.828233
vt 0.818219 0.831288
vt 0.818284 0.827088
vt 0.816022 0.829779
vt 0.816085 0.825596
vt 0.814172 0.827986
vt 0.814232 0.823822
vt 0.812737 0.825984
vt 0.812795 0.821843
vt 0.811767 0.823859
vt 0.811824 0.819741
vt 0.811293 0.821693
vt 0.811348 0.817599
vt 0.811322 0.819572
vt 0.811377 0.815502
vt 0.811844 0.817574
vt 0.811900 0.813525
vt 0.812832 0.815770
vt 0.812888 0.811742
vt 0.814241 0.814223
vt 0.814299 0.810212
vt 0.816017 0.812985
vt 0.816076 0.808988
vt 0.818091 0.812096
vt 0.818152 0.808109
vt 0.820389 0.811584
vt 0.820452 0.807603
vt 0.822829 0.811466
vt 0.822895 0.807486
vt 0.825327 0.811744
vt 0.825396 0.807761
vt 0.827796 0.812411
vt 0.827867 0.808421
vt 0.830148 0.813446
vt 0.830222 0.809444
vt 0.832299 0.814815
vt 0.832376 0.810797
vt 0.834169 0.816472
vt 0.834249 0.812437
vt 0.889539 0.815137
vt 0.891039 0.816720
vt 0.891892 0.818368
vt 0.892057 0.820020
vt 0.891516 0.821610
vt 0.890281 0.823076
vt 0.888393 0.824356
vt 0.885921 0.825396
vt 0.882960 0.826152
vt 0.879630 0.826591
vt 0.876067 0.826693
vt 0.872418 0.826453
vt 0.868835 0.825883
vt 0.865463 0.825007
vt 0.862440 0.823864
vt 0.859883 0.822502
vt 0.857890 0.820978
vt 0.856531 0.819355
vt 0.855851 0.817697
vt 0.855865 0.816068
vt 0.856563 0.814529
vt 0.857910 0.813136
vt 0.859847 0.811940
vt 0.862298 0.810980
vt 0.865171 0.810290
vt 0.868360 0.809892
vt 0.871750 0.809800
vt 0.875219 0.810017
vt 0.878646 0.810535
vt 0.881906 0.811338
vt 0.884880 0.812398
vt 0.887458 0.813679
vt 0.834078 0.816720
vt 0.833235 0.815137
vt 0.834558 0.818368
vt 0.834651 0.820020
vt 0.834347 0.821610
vt 0.833652 0.823076
vt 0.832590 0.824356
vt 0.831199 0.825396
vt 0.829534 0.826152
vt 0.827661 0.826591
vt 0.825657 0.826693
vt 0.823604 0.826453
vt 0.821588 0.825883
vt 0.819692 0.825007
vt 0.817991 0.823864
vt 0.816553 0.822502
vt 0.815432 0.820978
vt 0.814668 0.819355
vt 0.814285 0.817697
vt 0.814293 0.816068
vt 0.814686 0.814529
vt 0.815443 0.813136
vt 0.816533 0.811940
vt 0.817912 0.810980
vt 0.819528 0.810290
vt 0.821321 0.809892
vt 0.823228 0.809800
vt 0.825180 0.810017
vt 0.827107 0.810535
vt 0.828941 0.811338
vt 0.830614 0.812398
vt 0.832064 0.813679
s 1
usemtl Material.049
f 65/1/34 2/2/2 4/3/3 66/4/35
f 66/4/35 4/3/3 6/5/4 67/6/36
f 67/6/36 6/5/4 8/7/5 68/8/37
f 68/8/37 8/7/5 10/9/6 69/10/38
f 69/10/38 10/9/6 12/11/7 70/12/39
f 70/12/39 12/11/7 14/13/8 71/14/40
f 71/14/40 14/13/8 16/15/9 72/16/41
f 72/16/41 16/15/9 18/17/10 73/18/42
f 73/18/42 18/17/10 20/19/11 74/20/43
f 74/20/43 20/19/11 22/21/12 75/22/44
f 75/22/44 22/21/12 24/23/13 76/24/45
f 76/24/45 24/23/13 26/25/14 77/26/46
f 77/26/46 26/25/14 28/27/15 78/28/47
f 78/28/47 28/27/15 30/29/16 79/30/48
f 79/30/48 30/29/16 32/31/17 80/32/49
f 80/32/49 32/31/17 34/33/18 81/34/50
f 81/34/50 34/33/18 36/35/19 82/36/51
f 82/36/51 36/35/19 38/37/20 83/38/52
f 83/38/52 38/37/20 40/39/21 84/40/53
f 84/40/53 40/39/21 42/41/22 85/42/54
f 85/42/54 42/41/22 44/43/23 86/44/55
f 86/44/55 44/43/23 46/45/24 87/46/56
f 87/46/56 46/45/24 48/47/25 88/48/57
f 88/48/57 48/47/25 50/49/26 89/50/58
f 89/50/58 50/49/26 52/51/27 90/52/59
f 90/52/59 52/51/27 54/53/28 91/54/60
f 91/54/60 54/53/28 56/55/29 92/56/61
f 92/56/61 56/55/29 58/57/30 93/58/62
f 93/58/62 58/57/30 60/59/31 94/60/63
f 94/60/63 60/59/31 62/61/32 95/62/64
f 4/3/3 2/2/2 64/63/33 62/61/32 60/59/31 58/57/30 56/55/29 54/53/28 52/51/27 50/49/26 48/47/25 46/45/24 44/43/23 42/41/22 40/39/21 38/37/20 36/35/19 34/33/18 32/31/17 30/29/16 28/27/15 26/25/14 24/23/13 22/21/12 20/19/11 18/17/10 16/15/9 14/13/8 12/11/7 10/9/6 8/7/5 6/5/4
f 95/62/64 62/61/32 64/63/33 96/64/65
f 96/64/65 64/63/33 2/2/2 65/1/34
f 98/4/66 97/1/66 65/1/34 66/4/35
f 99/6/66 98/4/66 66/4/35 67/6/36
f 100/8/66 99/6/66 67/6/36 68/8/37
f 101/10/66 100/8/66 68/8/37 69/10/38
f 102/12/66 101/10/66 69/10/38 70/12/39
f 103/14/66 102/12/66 70/12/39 71/14/40
f 104/16/66 103/14/66 71/14/40 72/16/41
f 105/18/66 104/16/66 72/16/41 73/18/42
f 106/20/66 105/18/66 73/18/42 74/20/43
f 107/22/66 106/20/66 74/20/43 75/22/44
f 108/24/66 107/22/66 75/22/44 76/24/45
f 109/26/66 108/24/66 76/24/45 77/26/46
f 110/28/66 109/26/66 77/26/46 78/28/47
f 111/30/66 110/28/66 78/28/47 79/30/48
f 112/32/66 111/30/66 79/30/48 80/32/49
f 113/34/66 112/32/66 80/32/49 81/34/50
f 114/36/66 113/34/66 81/34/50 82/36/51
f 115/38/66 114/36/66 82/36/51 83/38/52
f 116/40/66 115/38/66 83/38/52 84/40/53
f 117/42/66 116/40/66 84/40/53 85/42/54
f 118/44/66 117/42/66 85/42/54 86/44/55
f 119/46/66 118/44/66 86/44/55 87/46/56
f 120/48/66 119/46/66 87/46/56 88/48/57
f 121/50/66 120/48/66 88/48/57 89/50/58
f 122/52/66 121/50/66 89/50/58 90/52/59
f 123/54/66 122/52/66 90/52/59 91/54/60
f 124/56/66 123/54/66 91/54/60 92/56/61
f 125/58/66 124/56/66 92/56/61 93/58/62
f 126/60/66 125/58/66 93/58/62 94/60/63
f 127/62/66 126/60/66 94/60/63 95/62/64
f 128/64/66 127/62/66 95/62/64 96/64/65
f 97/1/66 128/64/66 96/64/65 65/1/34
f 130/4/66 129/1/66 97/1/66 98/4/66
f 131/6/66 130/4/66 98/4/66 99/6/66
f 132/8/66 131/6/66 99/6/66 100/8/66
f 133/10/66 132/8/66 100/8/66 101/10/66
f 134/12/66 133/10/66 101/10/66 102/12/66
f 135/14/66 134/12/66 102/12/66 103/14/66
f 136/16/66 135/14/66 103/14/66 104/16/66
f 137/18/66 136/16/66 104/16/66 105/18/66
f 138/20/66 137/18/66 105/18/66 106/20/66
f 139/22/66 138/20/66 106/20/66 107/22/66
f 140/24/66 139/22/66 107/22/66 108/24/66
f 141/26/66 140/24/66 108/24/66 109/26/66
f 142/28/66 141/26/66 109/26/66 110/28/66
f 143/30/66 142/28/66 110/28/66 111/30/66
f 144/32/66 143/30/66 111/30/66 112/32/66
f 145/34/66 144/32/66 112/32/66 113/34/66
f 146/36/66 145/34/66 113/34/66 114/36/66
f 147/38/66 146/36/66 114/36/66 115/38/66
f 148/40/66 147/38/66 115/38/66 116/40/66
f 149/42/66 148/40/66 116/40/66 117/42/66
f 150/44/66 149/42/66 117/42/66 118/44/66
f 151/46/66 150/44/66 118/44/66 119/46/66
f 152/48/66 151/46/66 119/46/66 120/48/66
f 153/50/66 152/48/66 120/48/66 121/50/66
f 154/52/66 153/50/66 121/50/66 122/52/66
f 155/54/66 154/52/66 122/52/66 123/54/66
f 156/56/66 155/54/66 123/54/66 124/56/66
f 157/58/66 156/56/66 124/56/66 125/58/66
f 158/60/66 157/58/66 125/58/66 126/60/66
f 159/62/66 158/60/66 126/60/66 127/62/66
f 160/64/66 159/62/66 127/62/66 128/64/66
f 129/1/66 160/64/66 128/64/66 97/1/66
f 3/97/1 1/98/1 129/1/66 130/4/66
f 5/99/1 3/97/1 130/4/66 131/6/66
f 7/100/1 5/99/1 131/6/66 132/8/66
f 9/101/1 7/100/1 132/8/66 133/10/66
f 11/102/1 9/101/1 133/10/66 134/12/66
f 13/103/1 11/102/1 134/12/66 135/14/66
f 15/104/1 13/103/1 135/14/66 136/16/66
f 17/105/1 15/104/1 136/16/66 137/18/66
f 19/106/1 17/105/1 137/18/66 138/20/66
f 21/107/1 19/106/1 138/20/66 139/22/66
f 23/108/1 21/107/1 139/22/66 140/24/66
f 25/109/1 23/108/1 140/24/66 141/26/66
f 27/110/1 25/109/1 141/26/66 142/28/66
f 29/111/1 27/110/1 142/28/66 143/30/66
f 31/112/1 29/111/1 143/30/66 144/32/66
f 33/113/1 31/112/1 144/32/66 145/34/66
f 35/114/1 33/113/1 145/34/66 146/36/66
f 37/115/1 35/114/1 146/36/66 147/38/66
f 39/116/1 37/115/1 147/38/66 148/40/66
f 41/117/1 39/116/1 148/40/66 149/42/66
f 43/118/1 41/117/1 149/42/66 150/44/66
f 45/119/1 43/118/1 150/44/66 151/46/66
f 47/120/1 45/119/1 151/46/66 152/48/66
f 49/121/1 47/120/1 152/48/66 153/50/66
f 51/122/1 49/121/1 153/50/66 154/52/66
f 53/123/1 51/122/1 154/52/66 155/54/66
f 55/124/1 53/123/1 155/54/66 156/56/66
f 57/125/1 55/124/1 156/56/66 157/58/66
f 59/126/1 57/125/1 157/58/66 158/60/66
f 61/127/1 59/126/1 158/60/66 159/62/66
f 63/128/1 61/127/1 159/62/66 160/64/66
f 1/98/1 63/128/1 160/64/66 129/1/66
usemtl Material.049
f 1/65/1 3/66/1 5/67/1 7/68/1 9/69/1 11/70/1 13/71/1 15/72/1 17/73/1 19/74/1 21/75/1 23/76/1 25/77/1 27/78/1 29/79/1 31/80/1 33/81/1 35/82/1 37/83/1 39/84/1 41/85/1 43/86/1 45/87/1 47/88/1 49/89/1 51/90/1 53/91/1 55/92/1 57/93/1 59/94/1 61/95/1 63/96/1
o Cylinder.183
v -285.520996 129.661301 52.050926
v -285.520996 129.964432 52.409298
v -285.761780 129.661301 52.027214
v -285.831696 129.964432 52.378700
v -285.993286 129.661301 51.956982
v -286.130432 129.964432 52.288074
v -286.206665 129.661301 51.842934
v -286.405762 129.964432 52.140907
v -286.393677 129.661301 51.689449
v -286.647095 129.964432 51.942856
v -286.547180 129.661301 51.502426
v -286.845154 129.964432 51.701527
v -286.661224 129.661301 51.289055
v -286.992310 129.964432 51.426197
v -286.731445 129.661301 51.057533
v -287.082947 129.964432 51.127445
v -286.755157 129.661301 50.816757
v -287.113525 129.964432 50.816757
v -286.731445 129.661301 50.575981
v -287.082947 129.964432 50.506069
v -286.661224 129.661301 50.344460
v -286.992310 129.964432 50.207317
v -286.547180 129.661301 50.131088
v -286.845154 129.964432 49.931988
v -286.393677 129.661301 49.944065
v -286.647095 129.964432 49.690659
v -286.206665 129.661301 49.790581
v -286.405762 129.964432 49.492607
v -285.993286 129.661301 49.676533
v -286.130432 129.964432 49.345440
v -285.761780 129.661301 49.606300
v -285.831696 129.964432 49.254814
v -285.520996 129.661301 49.582588
v -285.520996 129.964432 49.224216
v -285.280212 129.661301 49.606300
v -285.210297 129.964432 49.254814
v -285.048706 129.661301 49.676533
v -284.911560 129.964432 49.345440
v -284.835327 129.661301 49.790581
v -284.636230 129.964432 49.492607
v -284.648315 129.661301 49.944065
v -284.394897 129.964432 49.690659
v -284.494812 129.661301 50.131088
v -284.196838 129.964432 49.931988
v -284.380768 129.661301 50.344460
v -284.049683 129.964432 50.207317
v -284.310547 129.661301 50.575981
v -283.959045 129.964432 50.506069
v -284.286835 129.661301 50.816757
v -283.928467 129.964432 50.816757
v -284.310547 129.661301 51.057533
v -283.959045 129.964432 51.127445
v -284.380768 129.661301 51.289055
v -284.049683 129.964432 51.426197
v -284.494812 129.661301 51.502426
v -284.196838 129.964432 51.701527
v -284.648315 129.661301 51.689449
v -284.394897 129.964432 51.942856
v -284.835327 129.661301 51.842934
v -284.636230 129.964432 52.140907
v -285.048706 129.661301 51.956982
v -284.911560 129.964432 52.288074
v -285.280212 129.661301 52.027214
v -285.210297 129.964432 52.378700
v -285.520996 129.661301 52.409298
v -285.831696 129.661301 52.378700
v -286.130432 129.661301 52.288074
v -286.405762 129.661301 52.140907
v -286.647095 129.661301 51.942856
v -286.845154 129.661301 51.701527
v -286.992310 129.661301 51.426197
v -287.082947 129.661301 51.127445
v -287.113525 129.661301 50.816757
v -287.082947 129.661301 50.506069
v -286.992310 129.661301 50.207317
v -286.845154 129.661301 49.931988
v -286.647095 129.661301 49.690659
v -286.405762 129.661301 49.492607
v -286.130432 129.661301 49.345440
v -285.831696 129.661301 49.254814
v -285.520996 129.661301 49.224216
v -285.210297 129.661301 49.254814
v -284.911560 129.661301 49.345440
v -284.636230 129.661301 49.492607
v -284.394897 129.661301 49.690659
v -284.196838 129.661301 49.931988
v -284.049683 129.661301 50.207317
v -283.959045 129.661301 50.506069
v -283.928467 129.661301 50.816757
v -283.959045 129.661301 51.127445
v -284.049683 129.661301 51.426197
v -284.196838 129.661301 51.701527
v -284.394897 129.661301 51.942856
v -284.636230 129.661301 52.140907
v -284.911560 129.661301 52.288074
v -285.210297 129.661301 52.378700
v -285.520996 129.661301 52.409298
v -285.831696 129.661301 52.378700
v -286.130432 129.661301 52.288074
v -286.405762 129.661301 52.140907
v -286.647095 129.661301 51.942856
v -286.845154 129.661301 51.701527
v -286.992310 129.661301 51.426197
v -287.082947 129.661301 51.127445
v -287.113525 129.661301 50.816757
v -287.082947 129.661301 50.506069
v -286.992310 129.661301 50.207317
v -286.845154 129.661301 49.931988
v -286.647095 129.661301 49.690659
v -286.405762 129.661301 49.492607
v -286.130432 129.661301 49.345440
v -285.831696 129.661301 49.254814
v -285.520996 129.661301 49.224216
v -285.210297 129.661301 49.254814
v -284.911560 129.661301 49.345440
v -284.636230 129.661301 49.492607
v -284.394897 129.661301 49.690659
v -284.196838 129.661301 49.931988
v -284.049683 129.661301 50.207317
v -283.959045 129.661301 50.506069
v -283.928467 129.661301 50.816757
v -283.959045 129.661301 51.127445
v -284.049683 129.661301 51.426197
v -284.196838 129.661301 51.701527
v -284.394897 129.661301 51.942856
v -284.636230 129.661301 52.140907
v -284.911560 129.661301 52.288074
v -285.210297 129.661301 52.378700
v -285.520996 129.661301 52.409298
v -285.831696 129.661301 52.378700
v -286.130432 129.661301 52.288074
v -286.405762 129.661301 52.140907
v -286.647095 129.661301 51.942856
v -286.845154 129.661301 51.701527
v -286.992310 129.661301 51.426197
v -287.082947 129.661301 51.127445
v -287.113525 129.661301 50.816757
v -287.082947 129.661301 50.506069
v -286.992310 129.661301 50.207317
v -286.845154 129.661301 49.931988
v -286.647095 129.661301 49.690659
v -286.405762 129.661301 49.492607
v -286.130432 129.661301 49.345440
v -285.831696 129.661301 49.254814
v -285.520996 129.661301 49.224216
v -285.210297 129.661301 49.254814
v -284.911560 129.661301 49.345440
v -284.636230 129.661301 49.492607
v -284.394897 129.661301 49.690659
v -284.196838 129.661301 49.931988
v -284.049683 129.661301 50.207317
v -283.959045 129.661301 50.506069
v -283.928467 129.661301 50.816757
v -283.959045 129.661301 51.127445
v -284.049683 129.661301 51.426197
v -284.196838 129.661301 51.701527
v -284.394897 129.661301 51.942856
v -284.636230 129.661301 52.140907
v -284.911560 129.661301 52.288074
v -285.210297 129.661301 52.378700
vn -0.0000 -1.0000 -0.0000
vn -0.0000 0.9949 0.1005
vn -0.0196 0.9949 0.0986
vn -0.0385 0.9949 0.0929
vn -0.0558 0.9949 0.0836
vn -0.0711 0.9949 0.0711
vn -0.0836 0.9949 0.0558
vn -0.0929 0.9949 0.0385
vn -0.0986 0.9949 0.0196
vn -0.1005 0.9949 -0.0000
vn -0.0986 0.9949 -0.0196
vn -0.0929 0.9949 -0.0385
vn -0.0836 0.9949 -0.0558
vn -0.0711 0.9949 -0.0711
vn -0.0558 0.9949 -0.0836
vn -0.0385 0.9949 -0.0929
vn -0.0196 0.9949 -0.0986
vn -0.0000 0.9949 -0.1005
vn 0.0196 0.9949 -0.0986
vn 0.0385 0.9949 -0.0929
vn 0.0558 0.9949 -0.0836
vn 0.0711 0.9949 -0.0711
vn 0.0836 0.9949 -0.0558
vn 0.0929 0.9949 -0.0385
vn 0.0986 0.9949 -0.0196
vn 0.1005 0.9949 -0.0000
vn 0.0986 0.9949 0.0196
vn 0.0929 0.9949 0.0385
vn 0.0836 0.9949 0.0558
vn 0.0711 0.9949 0.0711
vn 0.0558 0.9949 0.0836
vn 0.0385 0.9949 0.0929
vn 0.0196 0.9949 0.0986
vn -0.0000 0.9955 0.0943
vn -0.0184 0.9955 0.0925
vn -0.0361 0.9955 0.0871
vn -0.0524 0.9955 0.0784
vn -0.0667 0.9955 0.0667
vn -0.0784 0.9955 0.0524
vn -0.0871 0.9955 0.0361
vn -0.0925 0.9955 0.0184
vn -0.0943 0.9955 -0.0000
vn -0.0925 0.9955 -0.0184
vn -0.0871 0.9955 -0.0361
vn -0.0784 0.9955 -0.0524
vn -0.0667 0.9955 -0.0667
vn -0.0524 0.9955 -0.0784
vn -0.0361 0.9955 -0.0871
vn -0.0184 0.9955 -0.0925
vn -0.0000 0.9955 -0.0943
vn 0.0184 0.9955 -0.0925
vn 0.0361 0.9955 -0.0871
vn 0.0524 0.9955 -0.0784
vn 0.0667 0.9955 -0.0667
vn 0.0784 0.9955 -0.0524
vn 0.0871 0.9955 -0.0361
vn 0.0925 0.9955 -0.0184
vn 0.0943 0.9955 -0.0000
vn 0.0925 0.9955 0.0184
vn 0.0871 0.9955 0.0361
vn 0.0784 0.9955 0.0524
vn 0.0667 0.9955 0.0667
vn 0.0524 0.9955 0.0784
vn 0.0361 0.9955 0.0871
vn 0.0184 0.9955 0.0925
vn -0.0000 1.0000 -0.0000
vt 0.851514 0.759617
vt 0.851657 0.764347
vt 0.851602 0.767241
vt 0.851458 0.762480
vt 0.850933 0.770271
vt 0.850787 0.765477
vt 0.849663 0.773323
vt 0.849514 0.768497
vt 0.847827 0.776278
vt 0.847674 0.771420
vt 0.845488 0.779013
vt 0.845331 0.774127
vt 0.842732 0.781413
vt 0.842570 0.776501
vt 0.839666 0.783371
vt 0.839499 0.778439
vt 0.836416 0.784798
vt 0.836245 0.779850
vt 0.833119 0.785628
vt 0.832943 0.780671
vt 0.829917 0.785820
vt 0.829736 0.780861
vt 0.826947 0.785367
vt 0.826762 0.780413
vt 0.824336 0.784289
vt 0.824148 0.779347
vt 0.822192 0.782638
vt 0.822002 0.777713
vt 0.820601 0.780489
vt 0.820410 0.775587
vt 0.819619 0.777940
vt 0.819428 0.773065
vt 0.819276 0.775101
vt 0.819086 0.770256
vt 0.819573 0.772092
vt 0.819384 0.767279
vt 0.820483 0.769035
vt 0.820297 0.764255
vt 0.821958 0.766047
vt 0.821776 0.761298
vt 0.823931 0.763239
vt 0.823753 0.758520
vt 0.826319 0.760709
vt 0.826145 0.756018
vt 0.829029 0.758544
vt 0.828859 0.753876
vt 0.831959 0.756814
vt 0.831793 0.752165
vt 0.835004 0.755572
vt 0.834843 0.750937
vt 0.838060 0.754859
vt 0.837903 0.750230
vt 0.841020 0.754694
vt 0.840867 0.750067
vt 0.843785 0.755082
vt 0.843635 0.750452
vt 0.846259 0.756013
vt 0.846112 0.751373
vt 0.848354 0.757458
vt 0.848209 0.752802
vt 0.849992 0.759372
vt 0.849849 0.754695
vt 0.851110 0.761694
vt 0.850967 0.756992
vt 0.847952 0.760786
vt 0.847887 0.763014
vt 0.847347 0.765339
vt 0.846342 0.767674
vt 0.844904 0.769926
vt 0.843083 0.772005
vt 0.840947 0.773823
vt 0.838580 0.775303
vt 0.836076 0.776380
vt 0.833540 0.777005
vt 0.831078 0.777150
vt 0.828792 0.776808
vt 0.826779 0.775996
vt 0.825120 0.774750
vt 0.823881 0.773124
vt 0.823107 0.771190
vt 0.822823 0.769030
vt 0.823032 0.766734
vt 0.823718 0.764392
vt 0.824847 0.762096
vt 0.826367 0.759930
vt 0.828217 0.757974
vt 0.830325 0.756295
vt 0.832610 0.754951
vt 0.834991 0.753985
vt 0.837382 0.753428
vt 0.839699 0.753300
vt 0.841861 0.753603
vt 0.843791 0.754328
vt 0.845421 0.755452
vt 0.846689 0.756938
vt 0.847545 0.758736
s 1
usemtl Material.049
f 225/129/100 162/130/68 164/131/69 226/132/101
f 226/132/101 164/131/69 166/133/70 227/134/102
f 227/134/102 166/133/70 168/135/71 228/136/103
f 228/136/103 168/135/71 170/137/72 229/138/104
f 229/138/104 170/137/72 172/139/73 230/140/105
f 230/140/105 172/139/73 174/141/74 231/142/106
f 231/142/106 174/141/74 176/143/75 232/144/107
f 232/144/107 176/143/75 178/145/76 233/146/108
f 233/146/108 178/145/76 180/147/77 234/148/109
f 234/148/109 180/147/77 182/149/78 235/150/110
f 235/150/110 182/149/78 184/151/79 236/152/111
f 236/152/111 184/151/79 186/153/80 237/154/112
f 237/154/112 186/153/80 188/155/81 238/156/113
f 238/156/113 188/155/81 190/157/82 239/158/114
f 239/158/114 190/157/82 192/159/83 240/160/115
f 240/160/115 192/159/83 194/161/84 241/162/116
f 241/162/116 194/161/84 196/163/85 242/164/117
f 242/164/117 196/163/85 198/165/86 243/166/118
f 243/166/118 198/165/86 200/167/87 244/168/119
f 244/168/119 200/167/87 202/169/88 245/170/120
f 245/170/120 202/169/88 204/171/89 246/172/121
f 246/172/121 204/171/89 206/173/90 247/174/122
f 247/174/122 206/173/90 208/175/91 248/176/123
f 248/176/123 208/175/91 210/177/92 249/178/124
f 249/178/124 210/177/92 212/179/93 250/180/125
f 250/180/125 212/179/93 214/181/94 251/182/126
f 251/182/126 214/181/94 216/183/95 252/184/127
f 252/184/127 216/183/95 218/185/96 253/186/128
f 253/186/128 218/185/96 220/187/97 254/188/129
f 254/188/129 220/187/97 222/189/98 255/190/130
f 164/131/69 162/130/68 224/191/99 222/189/98 220/187/97 218/185/96 216/183/95 214/181/94 212/179/93 210/177/92 208/175/91 206/173/90 204/171/89 202/169/88 200/167/87 198/165/86 196/163/85 194/161/84 192/159/83 190/157/82 188/155/81 186/153/80 184/151/79 182/149/78 180/147/77 178/145/76 176/143/75 174/141/74 172/139/73 170/137/72 168/135/71 166/133/70
f 255/190/130 222/189/98 224/191/99 256/192/131
f 256/192/131 224/191/99 162/130/68 225/129/100
f 258/132/132 257/129/132 225/129/100 226/132/101
f 259/134/132 258/132/132 226/132/101 227/134/102
f 260/136/132 259/134/132 227/134/102 228/136/103
f 261/138/132 260/136/132 228/136/103 229/138/104
f 262/140/132 261/138/132 229/138/104 230/140/105
f 263/142/132 262/140/132 230/140/105 231/142/106
f 264/144/132 263/142/132 231/142/106 232/144/107
f 265/146/132 264/144/132 232/144/107 233/146/108
f 266/148/132 265/146/132 233/146/108 234/148/109
f 267/150/132 266/148/132 234/148/109 235/150/110
f 268/152/132 267/150/132 235/150/110 236/152/111
f 269/154/132 268/152/132 236/152/111 237/154/112
f 270/156/132 269/154/132 237/154/112 238/156/113
f 271/158/132 270/156/132 238/156/113 239/158/114
f 272/160/132 271/158/132 239/158/114 240/160/115
f 273/162/132 272/160/132 240/160/115 241/162/116
f 274/164/132 273/162/132 241/162/116 242/164/117
f 275/166/132 274/164/132 242/164/117 243/166/118
f 276/168/132 275/166/132 243/166/118 244/168/119
f 277/170/132 276/168/132 244/168/119 245/170/120
f 278/172/132 277/170/132 245/170/120 246/172/121
f 279/174/132 278/172/132 246/172/121 247/174/122
f 280/176/132 279/174/132 247/174/122 248/176/123
f 281/178/132 280/176/132 248/176/123 249/178/124
f 282/180/132 281/178/132 249/178/124 250/180/125
f 283/182/132 282/180/132 250/180/125 251/182/126
f 284/184/132 283/182/132 251/182/126 252/184/127
f 285/186/132 284/184/132 252/184/127 253/186/128
f 286/188/132 285/186/132 253/186/128 254/188/129
f 287/190/132 286/188/132 254/188/129 255/190/130
f 288/192/132 287/190/132 255/190/130 256/192/131
f 257/129/132 288/192/132 256/192/131 225/129/100
f 290/132/132 289/129/132 257/129/132 258/132/132
f 291/134/132 290/132/132 258/132/132 259/134/132
f 292/136/132 291/134/132 259/134/132 260/136/132
f 293/138/132 292/136/132 260/136/132 261/138/132
f 294/140/132 293/138/132 261/138/132 262/140/132
f 295/142/132 294/140/132 262/140/132 263/142/132
f 296/144/132 295/142/132 263/142/132 264/144/132
f 297/146/132 296/144/132 264/144/132 265/146/132
f 298/148/132 297/146/132 265/146/132 266/148/132
f 299/150/132 298/148/132 266/148/132 267/150/132
f 300/152/132 299/150/132 267/150/132 268/152/132
f 301/154/132 300/152/132 268/152/132 269/154/132
f 302/156/132 301/154/132 269/154/132 270/156/132
f 303/158/132 302/156/132 270/156/132 271/158/132
f 304/160/132 303/158/132 271/158/132 272/160/132
f 305/162/132 304/160/132 272/160/132 273/162/132
f 306/164/132 305/162/132 273/162/132 274/164/132
f 307/166/132 306/164/132 274/164/132 275/166/132
f 308/168/132 307/166/132 275/166/132 276/168/132
f 309/170/132 308/168/132 276/168/132 277/170/132
f 310/172/132 309/170/132 277/170/132 278/172/132
f 311/174/132 310/172/132 278/172/132 279/174/132
f 312/176/132 311/174/132 279/174/132 280/176/132
f 313/178/132 312/176/132 280/176/132 281/178/132
f 314/180/132 313/178/132 281/178/132 282/180/132
f 315/182/132 314/180/132 282/180/132 283/182/132
f 316/184/132 315/182/132 283/182/132 284/184/132
f 317/186/132 316/184/132 284/184/132 285/186/132
f 318/188/132 317/186/132 285/186/132 286/188/132
f 319/190/132 318/188/132 286/188/132 287/190/132
f 320/192/132 319/190/132 287/190/132 288/192/132
f 289/129/132 320/192/132 288/192/132 257/129/132
f 163/194/67 161/193/67 289/129/132 290/132/132
f 165/195/67 163/194/67 290/132/132 291/134/132
f 167/196/67 165/195/67 291/134/132 292/136/132
f 169/197/67 167/196/67 292/136/132 293/138/132
f 171/198/67 169/197/67 293/138/132 294/140/132
f 173/199/67 171/198/67 294/140/132 295/142/132
f 175/200/67 173/199/67 295/142/132 296/144/132
f 177/201/67 175/200/67 296/144/132 297/146/132
f 179/202/67 177/201/67 297/146/132 298/148/132
f 181/203/67 179/202/67 298/148/132 299/150/132
f 183/204/67 181/203/67 299/150/132 300/152/132
f 185/205/67 183/204/67 300/152/132 301/154/132
f 187/206/67 185/205/67 301/154/132 302/156/132
f 189/207/67 187/206/67 302/156/132 303/158/132
f 191/208/67 189/207/67 303/158/132 304/160/132
f 193/209/67 191/208/67 304/160/132 305/162/132
f 195/210/67 193/209/67 305/162/132 306/164/132
f 197/211/67 195/210/67 306/164/132 307/166/132
f 199/212/67 197/211/67 307/166/132 308/168/132
f 201/213/67 199/212/67 308/168/132 309/170/132
f 203/214/67 201/213/67 309/170/132 310/172/132
f 205/215/67 203/214/67 310/172/132 311/174/132
f 207/216/67 205/215/67 311/174/132 312/176/132
f 209/217/67 207/216/67 312/176/132 313/178/132
f 211/218/67 209/217/67 313/178/132 314/180/132
f 213/219/67 211/218/67 314/180/132 315/182/132
f 215/220/67 213/219/67 315/182/132 316/184/132
f 217/221/67 215/220/67 316/184/132 317/186/132
f 219/222/67 217/221/67 317/186/132 318/188/132
f 221/223/67 219/222/67 318/188/132 319/190/132
f 223/224/67 221/223/67 319/190/132 320/192/132
f 161/193/67 223/224/67 320/192/132 289/129/132
usemtl Material.049
f 161/193/67 163/194/67 165/195/67 167/196/67 169/197/67 171/198/67 173/199/67 175/200/67 177/201/67 179/202/67 181/203/67 183/204/67 185/205/67 187/206/67 189/207/67 191/208/67 193/209/67 195/210/67 197/211/67 199/212/67 201/213/67 203/214/67 205/215/67 207/216/67 209/217/67 211/218/67 213/219/67 215/220/67 217/221/67 219/222/67 221/223/67 223/224/67
o Cylinder.184
v -270.597809 129.661316 93.217239
v -270.956177 129.964447 93.217239
v -270.574097 129.661316 92.976463
v -270.925598 129.964447 92.906548
v -270.503876 129.661316 92.744942
v -270.834961 129.964447 92.607803
v -270.389832 129.661316 92.531570
v -270.687805 129.964447 92.332474
v -270.236328 129.661316 92.344551
v -270.489746 129.964447 92.091141
v -270.049316 129.661316 92.191063
v -270.248413 129.964447 91.893089
v -269.835938 129.661316 92.077011
v -269.973083 129.964447 91.745926
v -269.604431 129.661316 92.006783
v -269.674347 129.964447 91.655296
v -269.363647 129.661316 91.983070
v -269.363647 129.964447 91.624695
v -269.122864 129.661316 92.006783
v -269.052948 129.964447 91.655296
v -268.891357 129.661316 92.077011
v -268.754211 129.964447 91.745918
v -268.677979 129.661316 92.191063
v -268.478882 129.964447 91.893089
v -268.490967 129.661316 92.344551
v -268.237549 129.964447 92.091141
v -268.337463 129.661316 92.531570
v -268.039490 129.964447 92.332466
v -268.223419 129.661316 92.744942
v -267.892334 129.964447 92.607796
v -268.153198 129.661316 92.976463
v -267.801697 129.964447 92.906548
v -268.129486 129.661316 93.217239
v -267.771118 129.964447 93.217239
v -268.153198 129.661316 93.458015
v -267.801697 129.964447 93.527931
v -268.223419 129.661316 93.689537
v -267.892334 129.964447 93.826675
v -268.337463 129.661316 93.902908
v -268.039490 129.964447 94.102005
v -268.490967 129.661316 94.089928
v -268.237549 129.964447 94.343338
v -268.677979 129.661316 94.243416
v -268.478882 129.964447 94.541389
v -268.891357 129.661316 94.357468
v -268.754211 129.964447 94.688553
v -269.122864 129.661316 94.427696
v -269.052948 129.964447 94.779182
v -269.363647 129.661316 94.451408
v -269.363647 129.964447 94.809784
v -269.604431 129.661316 94.427696
v -269.674347 129.964447 94.779182
v -269.835938 129.661316 94.357468
v -269.973083 129.964447 94.688560
v -270.049316 129.661316 94.243416
v -270.248413 129.964447 94.541389
v -270.236328 129.661316 94.089928
v -270.489746 129.964447 94.343338
v -270.389832 129.661316 93.902908
v -270.687805 129.964447 94.102013
v -270.503876 129.661316 93.689537
v -270.834961 129.964447 93.826683
v -270.574097 129.661316 93.458015
v -270.925598 129.964447 93.527931
v -270.956177 129.661316 93.217239
v -270.925598 129.661316 92.906548
v -270.834961 129.661316 92.607803
v -270.687805 129.661316 92.332474
v -270.489746 129.661316 92.091141
v -270.248413 129.661316 91.893089
v -269.973083 129.661316 91.745926
v -269.674347 129.661316 91.655296
v -269.363647 129.661316 91.624695
v -269.052948 129.661316 91.655296
v -268.754211 129.661316 91.745918
v -268.478882 129.661316 91.893089
v -268.237549 129.661316 92.091141
v -268.039490 129.661316 92.332466
v -267.892334 129.661316 92.607796
v -267.801697 129.661316 92.906548
v -267.771118 129.661316 93.217239
v -267.801697 129.661316 93.527931
v -267.892334 129.661316 93.826675
v -268.039490 129.661316 94.102005
v -268.237549 129.661316 94.343338
v -268.478882 129.661316 94.541389
v -268.754211 129.661316 94.688553
v -269.052948 129.661316 94.779182
v -269.363647 129.661316 94.809784
v -269.674347 129.661316 94.779182
v -269.973083 129.661316 94.688560
v -270.248413 129.661316 94.541389
v -270.489746 129.661316 94.343338
v -270.687805 129.661316 94.102013
v -270.834961 129.661316 93.826683
v -270.925598 129.661316 93.527931
v -270.956177 129.661316 93.217239
v -270.925598 129.661316 92.906548
v -270.834961 129.661316 92.607803
v -270.687805 129.661316 92.332474
v -270.489746 129.661316 92.091141
v -270.248413 129.661316 91.893089
v -269.973083 129.661316 91.745926
v -269.674347 129.661316 91.655296
v -269.363647 129.661316 91.624695
v -269.052948 129.661316 91.655296
v -268.754211 129.661316 91.745918
v -268.478882 129.661316 91.893089
v -268.237549 129.661316 92.091141
v -268.039490 129.661316 92.332466
v -267.892334 129.661316 92.607796
v -267.801697 129.661316 92.906548
v -267.771118 129.661316 93.217239
v -267.801697 129.661316 93.527931
v -267.892334 129.661316 93.826675
v -268.039490 129.661316 94.102005
v -268.237549 129.661316 94.343338
v -268.478882 129.661316 94.541389
v -268.754211 129.661316 94.688553
v -269.052948 129.661316 94.779182
v -269.363647 129.661316 94.809784
v -269.674347 129.661316 94.779182
v -269.973083 129.661316 94.688560
v -270.248413 129.661316 94.541389
v -270.489746 129.661316 94.343338
v -270.687805 129.661316 94.102013
v -270.834961 129.661316 93.826683
v -270.925598 129.661316 93.527931
v -270.956177 129.661316 93.217239
v -270.925598 129.661316 92.906548
v -270.834961 129.661316 92.607803
v -270.687805 129.661316 92.332474
v -270.489746 129.661316 92.091141
v -270.248413 129.661316 91.893089
v -269.973083 129.661316 91.745926
v -269.674347 129.661316 91.655296
v -269.363647 129.661316 91.624695
v -269.052948 129.661316 91.655296
v -268.754211 129.661316 91.745918
v -268.478882 129.661316 91.893089
v -268.237549 129.661316 92.091141
v -268.039490 129.661316 92.332466
v -267.892334 129.661316 92.607796
v -267.801697 129.661316 92.906548
v -267.771118 129.661316 93.217239
v -267.801697 129.661316 93.527931
v -267.892334 129.661316 93.826675
v -268.039490 129.661316 94.102005
v -268.237549 129.661316 94.343338
v -268.478882 129.661316 94.541389
v -268.754211 129.661316 94.688553
v -269.052948 129.661316 94.779182
v -269.363647 129.661316 94.809784
v -269.674347 129.661316 94.779182
v -269.973083 129.661316 94.688560
v -270.248413 129.661316 94.541389
v -270.489746 129.661316 94.343338
v -270.687805 129.661316 94.102013
v -270.834961 129.661316 93.826683
v -270.925598 129.661316 93.527931
vn -0.0000 -1.0000 -0.0000
vn -0.1005 0.9949 -0.0000
vn -0.0986 0.9949 -0.0196
vn -0.0929 0.9949 -0.0385
vn -0.0836 0.9949 -0.0558
vn -0.0711 0.9949 -0.0711
vn -0.0558 0.9949 -0.0836
vn -0.0385 0.9949 -0.0929
vn -0.0196 0.9949 -0.0986
vn -0.0000 0.9949 -0.1005
vn 0.0196 0.9949 -0.0986
vn 0.0385 0.9949 -0.0929
vn 0.0558 0.9949 -0.0836
vn 0.0711 0.9949 -0.0711
vn 0.0836 0.9949 -0.0558
vn 0.0929 0.9949 -0.0385
vn 0.0986 0.9949 -0.0196
vn 0.1005 0.9949 -0.0000
vn 0.0986 0.9949 0.0196
vn 0.0929 0.9949 0.0385
vn 0.0836 0.9949 0.0558
vn 0.0711 0.9949 0.0711
vn 0.0558 0.9949 0.0836
vn 0.0385 0.9949 0.0929
vn 0.0196 0.9949 0.0986
vn -0.0000 0.9949 0.1005
vn -0.0196 0.9949 0.0986
vn -0.0385 0.9949 0.0929
vn -0.0558 0.9949 0.0836
vn -0.0711 0.9949 0.0711
vn -0.0836 0.9949 0.0558
vn -0.0929 0.9949 0.0385
vn -0.0986 0.9949 0.0196
vn -0.0943 0.9955 -0.0000
vn -0.0925 0.9955 -0.0184
vn -0.0871 0.9955 -0.0361
vn -0.0784 0.9955 -0.0524
vn -0.0667 0.9955 -0.0667
vn -0.0524 0.9955 -0.0784
vn -0.0361 0.9955 -0.0871
vn -0.0184 0.9955 -0.0925
vn -0.0000 0.9955 -0.0943
vn 0.0184 0.9955 -0.0925
vn 0.0361 0.9955 -0.0871
vn 0.0524 0.9955 -0.0784
vn 0.0667 0.9955 -0.0667
vn 0.0784 0.9955 -0.0524
vn 0.0871 0.9955 -0.0361
vn 0.0925 0.9955 -0.0184
vn 0.0943 0.9955 -0.0000
vn 0.0925 0.9955 0.0184
vn 0.0871 0.9955 0.0361
vn 0.0784 0.9955 0.0524
vn 0.0667 0.9955 0.0667
vn 0.0524 0.9955 0.0784
vn 0.0361 0.9955 0.0871
vn 0.0184 0.9955 0.0925
vn -0.0000 0.9955 0.0943
vn -0.0184 0.9955 0.0925
vn -0.0361 0.9955 0.0871
vn -0.0524 0.9955 0.0784
vn -0.0667 0.9955 0.0667
vn -0.0784 0.9955 0.0524
vn -0.0871 0.9955 0.0361
vn -0.0925 0.9955 0.0184
vn -0.0000 1.0000 -0.0000
vt 0.835768 0.814306
vt 0.835686 0.818363
vt 0.836788 0.820420
vt 0.836871 0.816340
vt 0.837424 0.822569
vt 0.837509 0.818466
vt 0.837562 0.824729
vt 0.837647 0.820601
vt 0.837186 0.826814
vt 0.837272 0.822664
vt 0.836303 0.828741
vt 0.836388 0.824570
vt 0.834940 0.830428
vt 0.835023 0.826238
vt 0.833145 0.831802
vt 0.833227 0.827596
vt 0.830989 0.832802
vt 0.831069 0.828585
vt 0.828559 0.833383
vt 0.828636 0.829160
vt 0.825956 0.833517
vt 0.826030 0.829293
vt 0.823291 0.833200
vt 0.823362 0.828979
vt 0.820675 0.832446
vt 0.820743 0.828233
vt 0.818219 0.831288
vt 0.818284 0.827088
vt 0.816022 0.829779
vt 0.816085 0.825596
vt 0.814172 0.827986
vt 0.814232 0.823822
vt 0.812737 0.825984
vt 0.812795 0.821843
vt 0.811767 0.823859
vt 0.811824 0.819741
vt 0.811293 0.821693
vt 0.811348 0.817599
vt 0.811322 0.819572
vt 0.811377 0.815502
vt 0.811844 0.817574
vt 0.811900 0.813525
vt 0.812832 0.815770
vt 0.812888 0.811742
vt 0.814241 0.814223
vt 0.814299 0.810212
vt 0.816017 0.812985
vt 0.816076 0.808988
vt 0.818091 0.812096
vt 0.818152 0.808109
vt 0.820389 0.811584
vt 0.820452 0.807603
vt 0.822829 0.811466
vt 0.822895 0.807486
vt 0.825327 0.811744
vt 0.825396 0.807761
vt 0.827796 0.812411
vt 0.827867 0.808421
vt 0.830148 0.813446
vt 0.830222 0.809444
vt 0.832299 0.814815
vt 0.832376 0.810797
vt 0.834169 0.816472
vt 0.834249 0.812437
vt 0.889539 0.815137
vt 0.891039 0.816720
vt 0.891892 0.818368
vt 0.892057 0.820020
vt 0.891516 0.821610
vt 0.890281 0.823076
vt 0.888393 0.824356
vt 0.885921 0.825396
vt 0.882960 0.826152
vt 0.879630 0.826591
vt 0.876067 0.826693
vt 0.872418 0.826453
vt 0.868835 0.825883
vt 0.865463 0.825007
vt 0.862440 0.823864
vt 0.859883 0.822502
vt 0.857890 0.820978
vt 0.856531 0.819355
vt 0.855851 0.817697
vt 0.855865 0.816068
vt 0.856563 0.814529
vt 0.857910 0.813136
vt 0.859847 0.811940
vt 0.862298 0.810980
vt 0.865171 0.810290
vt 0.868360 0.809892
vt 0.871750 0.809800
vt 0.875219 0.810017
vt 0.878646 0.810535
vt 0.881906 0.811338
vt 0.884880 0.812398
vt 0.887458 0.813679
vt 0.834078 0.816720
vt 0.833235 0.815137
vt 0.834558 0.818368
vt 0.834651 0.820020
vt 0.834347 0.821610
vt 0.833652 0.823076
vt 0.832590 0.824356
vt 0.831199 0.825396
vt 0.829534 0.826152
vt 0.827661 0.826591
vt 0.825657 0.826693
vt 0.823604 0.826453
vt 0.821588 0.825883
vt 0.819692 0.825007
vt 0.817991 0.823864
vt 0.816553 0.822502
vt 0.815432 0.820978
vt 0.814668 0.819355
vt 0.814285 0.817697
vt 0.814293 0.816068
vt 0.814686 0.814529
vt 0.815443 0.813136
vt 0.816533 0.811940
vt 0.817912 0.810980
vt 0.819528 0.810290
vt 0.821321 0.809892
vt 0.823228 0.809800
vt 0.825180 0.810017
vt 0.827107 0.810535
vt 0.828941 0.811338
vt 0.830614 0.812398
vt 0.832064 0.813679
s 1
usemtl Material.050
f 385/225/166 322/226/134 324/227/135 386/228/167
f 386/228/167 324/227/135 326/229/136 387/230/168
f 387/230/168 326/229/136 328/231/137 388/232/169
f 388/232/169 328/231/137 330/233/138 389/234/170
f 389/234/170 330/233/138 332/235/139 390/236/171
f 390/236/171 332/235/139 334/237/140 391/238/172
f 391/238/172 334/237/140 336/239/141 392/240/173
f 392/240/173 336/239/141 338/241/142 393/242/174
f 393/242/174 338/241/142 340/243/143 394/244/175
f 394/244/175 340/243/143 342/245/144 395/246/176
f 395/246/176 342/245/144 344/247/145 396/248/177
f 396/248/177 344/247/145 346/249/146 397/250/178
f 397/250/178 346/249/146 348/251/147 398/252/179
f 398/252/179 348/251/147 350/253/148 399/254/180
f 399/254/180 350/253/148 352/255/149 400/256/181
f 400/256/181 352/255/149 354/257/150 401/258/182
f 401/258/182 354/257/150 356/259/151 402/260/183
f 402/260/183 356/259/151 358/261/152 403/262/184
f 403/262/184 358/261/152 360/263/153 404/264/185
f 404/264/185 360/263/153 362/265/154 405/266/186
f 405/266/186 362/265/154 364/267/155 406/268/187
f 406/268/187 364/267/155 366/269/156 407/270/188
f 407/270/188 366/269/156 368/271/157 408/272/189
f 408/272/189 368/271/157 370/273/158 409/274/190
f 409/274/190 370/273/158 372/275/159 410/276/191
f 410/276/191 372/275/159 374/277/160 411/278/192
f 411/278/192 374/277/160 376/279/161 412/280/193
f 412/280/193 376/279/161 378/281/162 413/282/194
f 413/282/194 378/281/162 380/283/163 414/284/195
f 414/284/195 380/283/163 382/285/164 415/286/196
f 324/227/135 322/226/134 384/287/165 382/285/164 380/283/163 378/281/162 376/279/161 374/277/160 372/275/159 370/273/158 368/271/157 366/269/156 364/267/155 362/265/154 360/263/153 358/261/152 356/259/151 354/257/150 352/255/149 350/253/148 348/251/147 346/249/146 344/247/145 342/245/144 340/243/143 338/241/142 336/239/141 334/237/140 332/235/139 330/233/138 328/231/137 326/229/136
f 415/286/196 382/285/164 384/287/165 416/288/197
f 416/288/197 384/287/165 322/226/134 385/225/166
f 418/228/198 417/225/198 385/225/166 386/228/167
f 419/230/198 418/228/198 386/228/167 387/230/168
f 420/232/198 419/230/198 387/230/168 388/232/169
f 421/234/198 420/232/198 388/232/169 389/234/170
f 422/236/198 421/234/198 389/234/170 390/236/171
f 423/238/198 422/236/198 390/236/171 391/238/172
f 424/240/198 423/238/198 391/238/172 392/240/173
f 425/242/198 424/240/198 392/240/173 393/242/174
f 426/244/198 425/242/198 393/242/174 394/244/175
f 427/246/198 426/244/198 394/244/175 395/246/176
f 428/248/198 427/246/198 395/246/176 396/248/177
f 429/250/198 428/248/198 396/248/177 397/250/178
f 430/252/198 429/250/198 397/250/178 398/252/179
f 431/254/198 430/252/198 398/252/179 399/254/180
f 432/256/198 431/254/198 399/254/180 400/256/181
f 433/258/198 432/256/198 400/256/181 401/258/182
f 434/260/198 433/258/198 401/258/182 402/260/183
f 435/262/198 434/260/198 402/260/183 403/262/184
f 436/264/198 435/262/198 403/262/184 404/264/185
f 437/266/198 436/264/198 404/264/185 405/266/186
f 438/268/198 437/266/198 405/266/186 406/268/187
f 439/270/198 438/268/198 406/268/187 407/270/188
f 440/272/198 439/270/198 407/270/188 408/272/189
f 441/274/198 440/272/198 408/272/189 409/274/190
f 442/276/198 441/274/198 409/274/190 410/276/191
f 443/278/198 442/276/198 410/276/191 411/278/192
f 444/280/198 443/278/198 411/278/192 412/280/193
f 445/282/198 444/280/198 412/280/193 413/282/194
f 446/284/198 445/282/198 413/282/194 414/284/195
f 447/286/198 446/284/198 414/284/195 415/286/196
f 448/288/198 447/286/198 415/286/196 416/288/197
f 417/225/198 448/288/198 416/288/197 385/225/166
f 450/228/198 449/225/198 417/225/198 418/228/198
f 451/230/198 450/228/198 418/228/198 419/230/198
f 452/232/198 451/230/198 419/230/198 420/232/198
f 453/234/198 452/232/198 420/232/198 421/234/198
f 454/236/198 453/234/198 421/234/198 422/236/198
f 455/238/198 454/236/198 422/236/198 423/238/198
f 456/240/198 455/238/198 423/238/198 424/240/198
f 457/242/198 456/240/198 424/240/198 425/242/198
f 458/244/198 457/242/198 425/242/198 426/244/198
f 459/246/198 458/244/198 426/244/198 427/246/198
f 460/248/198 459/246/198 427/246/198 428/248/198
f 461/250/198 460/248/198 428/248/198 429/250/198
f 462/252/198 461/250/198 429/250/198 430/252/198
f 463/254/198 462/252/198 430/252/198 431/254/198
f 464/256/198 463/254/198 431/254/198 432/256/198
f 465/258/198 464/256/198 432/256/198 433/258/198
f 466/260/198 465/258/198 433/258/198 434/260/198
f 467/262/198 466/260/198 434/260/198 435/262/198
f 468/264/198 467/262/198 435/262/198 436/264/198
f 469/266/198 468/264/198 436/264/198 437/266/198
f 470/268/198 469/266/198 437/266/198 438/268/198
f 471/270/198 470/268/198 438/268/198 439/270/198
f 472/272/198 471/270/198 439/270/198 440/272/198
f 473/274/198 472/272/198 440/272/198 441/274/198
f 474/276/198 473/274/198 441/274/198 442/276/198
f 475/278/198 474/276/198 442/276/198 443/278/198
f 476/280/198 475/278/198 443/278/198 444/280/198
f 477/282/198 476/280/198 444/280/198 445/282/198
f 478/284/198 477/282/198 445/282/198 446/284/198
f 479/286/198 478/284/198 446/284/198 447/286/198
f 480/288/198 479/286/198 447/286/198 448/288/198
f 449/225/198 480/288/198 448/288/198 417/225/198
f 323/321/133 321/322/133 449/225/198 450/228/198
f 325/323/133 323/321/133 450/228/198 451/230/198
f 327/324/133 325/323/133 451/230/198 452/232/198
f 329/325/133 327/324/133 452/232/198 453/234/198
f 331/326/133 329/325/133 453/234/198 454/236/198
f 333/327/133 331/326/133 454/236/198 455/238/198
f 335/328/133 333/327/133 455/238/198 456/240/198
f 337/329/133 335/328/133 456/240/198 457/242/198
f 339/330/133 337/329/133 457/242/198 458/244/198
f 341/331/133 339/330/133 458/244/198 459/246/198
f 343/332/133 341/331/133 459/246/198 460/248/198
f 345/333/133 343/332/133 460/248/198 461/250/198
f 347/334/133 345/333/133 461/250/198 462/252/198
f 349/335/133 347/334/133 462/252/198 463/254/198
f 351/336/133 349/335/133 463/254/198 464/256/198
f 353/337/133 351/336/133 464/256/198 465/258/198
f 355/338/133 353/337/133 465/258/198 466/260/198
f 357/339/133 355/338/133 466/260/198 467/262/198
f 359/340/133 357/339/133 467/262/198 468/264/198
f 361/341/133 359/340/133 468/264/198 469/266/198
f 363/342/133 361/341/133 469/266/198 470/268/198
f 365/343/133 363/342/133 470/268/198 471/270/198
f 367/344/133 365/343/133 471/270/198 472/272/198
f 369/345/133 367/344/133 472/272/198 473/274/198
f 371/346/133 369/345/133 473/274/198 474/276/198
f 373/347/133 371/346/133 474/276/198 475/278/198
f 375/348/133 373/347/133 475/278/198 476/280/198
f 377/349/133 375/348/133 476/280/198 477/282/198
f 379/350/133 377/349/133 477/282/198 478/284/198
f 381/351/133 379/350/133 478/284/198 479/286/198
f 383/352/133 381/351/133 479/286/198 480/288/198
f 321/322/133 383/352/133 480/288/198 449/225/198
usemtl Material.050
f 321/289/133 323/290/133 325/291/133 327/292/133 329/293/133 331/294/133 333/295/133 335/296/133 337/297/133 339/298/133 341/299/133 343/300/133 345/301/133 347/302/133 349/303/133 351/304/133 353/305/133 355/306/133 357/307/133 359/308/133 361/309/133 363/310/133 365/311/133 367/312/133 369/313/133 371/314/133 373/315/133 375/316/133 377/317/133 379/318/133 381/319/133 383/320/133
o Cylinder.185
v -248.358200 129.661301 93.217239
v -248.716568 129.964432 93.217239
v -248.334473 129.661301 92.976463
v -248.685959 129.964432 92.906548
v -248.264252 129.661301 92.744942
v -248.595337 129.964432 92.607803
v -248.150192 129.661301 92.531570
v -248.448181 129.964432 92.332474
v -247.996719 129.661301 92.344551
v -248.250122 129.964432 92.091141
v -247.809692 129.661301 92.191063
v -248.008789 129.964432 91.893089
v -247.596329 129.661301 92.077011
v -247.733459 129.964432 91.745926
v -247.364792 129.661301 92.006783
v -247.434708 129.964432 91.655296
v -247.124023 129.661301 91.983070
v -247.124023 129.964432 91.624695
v -246.883255 129.661301 92.006783
v -246.813339 129.964432 91.655296
v -246.651733 129.661301 92.077011
v -246.514587 129.964432 91.745918
v -246.438354 129.661301 92.191063
v -246.239258 129.964432 91.893089
v -246.251328 129.661301 92.344551
v -245.997925 129.964432 92.091141
v -246.097855 129.661301 92.531570
v -245.799881 129.964432 92.332466
v -245.983795 129.661301 92.744942
v -245.652710 129.964432 92.607796
v -245.913574 129.661301 92.976463
v -245.562088 129.964432 92.906548
v -245.889847 129.661301 93.217239
v -245.531479 129.964432 93.217239
v -245.913574 129.661301 93.458015
v -245.562088 129.964432 93.527931
v -245.983795 129.661301 93.689537
v -245.652710 129.964432 93.826675
v -246.097855 129.661301 93.902908
v -245.799866 129.964432 94.102005
v -246.251328 129.661301 94.089928
v -245.997925 129.964432 94.343338
v -246.438354 129.661301 94.243416
v -246.239258 129.964432 94.541389
v -246.651718 129.661301 94.357468
v -246.514587 129.964432 94.688553
v -246.883255 129.661301 94.427696
v -246.813339 129.964432 94.779182
v -247.124023 129.661301 94.451408
v -247.124023 129.964432 94.809784
v -247.364792 129.661301 94.427696
v -247.434708 129.964432 94.779182
v -247.596313 129.661301 94.357468
v -247.733459 129.964432 94.688560
v -247.809692 129.661301 94.243416
v -248.008789 129.964432 94.541389
v -247.996719 129.661301 94.089928
v -248.250122 129.964432 94.343338
v -248.150192 129.661301 93.902908
v -248.448166 129.964432 94.102013
v -248.264252 129.661301 93.689537
v -248.595337 129.964432 93.826683
v -248.334473 129.661301 93.458015
v -248.685959 129.964432 93.527931
v -248.716568 129.661301 93.217239
v -248.685959 129.661301 92.906548
v -248.595337 129.661301 92.607803
v -248.448181 129.661301 92.332474
v -248.250122 129.661301 92.091141
v -248.008789 129.661301 91.893089
v -247.733459 129.661301 91.745926
v -247.434708 129.661301 91.655296
v -247.124023 129.661301 91.624695
v -246.813339 129.661301 91.655296
v -246.514587 129.661301 91.745918
v -246.239258 129.661301 91.893089
v -245.997925 129.661301 92.091141
v -245.799881 129.661301 92.332466
v -245.652710 129.661301 92.607796
v -245.562088 129.661301 92.906548
v -245.531479 129.661301 93.217239
v -245.562088 129.661301 93.527931
v -245.652710 129.661301 93.826675
v -245.799866 129.661301 94.102005
v -245.997925 129.661301 94.343338
v -246.239258 129.661301 94.541389
v -246.514587 129.661301 94.688553
v -246.813339 129.661301 94.779182
v -247.124023 129.661301 94.809784
v -247.434708 129.661301 94.779182
v -247.733459 129.661301 94.688560
v -248.008789 129.661301 94.541389
v -248.250122 129.661301 94.343338
v -248.448166 129.661301 94.102013
v -248.595337 129.661301 93.826683
v -248.685959 129.661301 93.527931
v -248.716568 129.661301 93.217239
v -248.685959 129.661301 92.906548
v -248.595337 129.661301 92.607803
v -248.448181 129.661301 92.332474
v -248.250122 129.661301 92.091141
v -248.008789 129.661301 91.893089
v -247.733459 129.661301 91.745926
v -247.434708 129.661301 91.655296
v -247.124023 129.661301 91.624695
v -246.813339 129.661301 91.655296
v -246.514587 129.661301 91.745918
v -246.239258 129.661301 91.893089
v -245.997925 129.661301 92.091141
v -245.799881 129.661301 92.332466
v -245.652710 129.661301 92.607796
v -245.562088 129.661301 92.906548
v -245.531479 129.661301 93.217239
v -245.562088 129.661301 93.527931
v -245.652710 129.661301 93.826675
v -245.799866 129.661301 94.102005
v -245.997925 129.661301 94.343338
v -246.239258 129.661301 94.541389
v -246.514587 129.661301 94.688553
v -246.813339 129.661301 94.779182
v -247.124023 129.661301 94.809784
v -247.434708 129.661301 94.779182
v -247.733459 129.661301 94.688560
v -248.008789 129.661301 94.541389
v -248.250122 129.661301 94.343338
v -248.448166 129.661301 94.102013
v -248.595337 129.661301 93.826683
v -248.685959 129.661301 93.527931
v -248.716568 129.661301 93.217239
v -248.685959 129.661301 92.906548
v -248.595337 129.661301 92.607803
v -248.448181 129.661301 92.332474
v -248.250122 129.661301 92.091141
v -248.008789 129.661301 91.893089
v -247.733459 129.661301 91.745926
v -247.434708 129.661301 91.655296
v -247.124023 129.661301 91.624695
v -246.813339 129.661301 91.655296
v -246.514587 129.661301 91.745918
v -246.239258 129.661301 91.893089
v -245.997925 129.661301 92.091141
v -245.799881 129.661301 92.332466
v -245.652710 129.661301 92.607796
v -245.562088 129.661301 92.906548
v -245.531479 129.661301 93.217239
v -245.562088 129.661301 93.527931
v -245.652710 129.661301 93.826675
v -245.799866 129.661301 94.102005
v -245.997925 129.661301 94.343338
v -246.239258 129.661301 94.541389
v -246.514587 129.661301 94.688553
v -246.813339 129.661301 94.779182
v -247.124023 129.661301 94.809784
v -247.434708 129.661301 94.779182
v -247.733459 129.661301 94.688560
v -248.008789 129.661301 94.541389
v -248.250122 129.661301 94.343338
v -248.448166 129.661301 94.102013
v -248.595337 129.661301 93.826683
v -248.685959 129.661301 93.527931
vn -0.0000 -1.0000 -0.0000
vn -0.1005 0.9949 -0.0000
vn -0.0986 0.9949 -0.0196
vn -0.0929 0.9949 -0.0385
vn -0.0836 0.9949 -0.0558
vn -0.0711 0.9949 -0.0711
vn -0.0558 0.9949 -0.0836
vn -0.0385 0.9949 -0.0929
vn -0.0196 0.9949 -0.0986
vn -0.0000 0.9949 -0.1005
vn 0.0196 0.9949 -0.0986
vn 0.0385 0.9949 -0.0929
vn 0.0558 0.9949 -0.0836
vn 0.0711 0.9949 -0.0711
vn 0.0836 0.9949 -0.0558
vn 0.0929 0.9949 -0.0385
vn 0.0986 0.9949 -0.0196
vn 0.1005 0.9949 -0.0000
vn 0.0986 0.9949 0.0196
vn 0.0929 0.9949 0.0385
vn 0.0836 0.9949 0.0558
vn 0.0711 0.9949 0.0711
vn 0.0558 0.9949 0.0836
vn 0.0385 0.9949 0.0929
vn 0.0196 0.9949 0.0986
vn -0.0000 0.9949 0.1005
vn -0.0196 0.9949 0.0986
vn -0.0385 0.9949 0.0929
vn -0.0558 0.9949 0.0836
vn -0.0711 0.9949 0.0711
vn -0.0836 0.9949 0.0558
vn -0.0929 0.9949 0.0385
vn -0.0986 0.9949 0.0196
vn -0.0943 0.9955 -0.0000
vn -0.0925 0.9955 -0.0184
vn -0.0871 0.9955 -0.0361
vn -0.0784 0.9955 -0.0524
vn -0.0667 0.9955 -0.0667
vn -0.0524 0.9955 -0.0784
vn -0.0361 0.9955 -0.0871
vn -0.0184 0.9955 -0.0925
vn -0.0000 0.9955 -0.0943
vn 0.0184 0.9955 -0.0925
vn 0.0361 0.9955 -0.0871
vn 0.0524 0.9955 -0.0784
vn 0.0667 0.9955 -0.0667
vn 0.0784 0.9955 -0.0524
vn 0.0871 0.9955 -0.0361
vn 0.0925 0.9955 -0.0184
vn 0.0943 0.9955 -0.0000
vn 0.0925 0.9955 0.0184
vn 0.0871 0.9955 0.0361
vn 0.0784 0.9955 0.0524
vn 0.0667 0.9955 0.0667
vn 0.0524 0.9955 0.0784
vn 0.0361 0.9955 0.0871
vn 0.0184 0.9955 0.0925
vn -0.0000 0.9955 0.0943
vn -0.0184 0.9955 0.0925
vn -0.0361 0.9955 0.0871
vn -0.0524 0.9955 0.0784
vn -0.0667 0.9955 0.0667
vn -0.0784 0.9955 0.0524
vn -0.0871 0.9955 0.0361
vn -0.0925 0.9955 0.0184
vn -0.0000 1.0000 -0.0000
vt 0.851514 0.759617
vt 0.851657 0.764347
vt 0.851602 0.767241
vt 0.851458 0.762480
vt 0.850933 0.770271
vt 0.850787 0.765477
vt 0.849663 0.773323
vt 0.849514 0.768497
vt 0.847827 0.776278
vt 0.847674 0.771420
vt 0.845488 0.779013
vt 0.845331 0.774127
vt 0.842732 0.781413
vt 0.842570 0.776501
vt 0.839666 0.783371
vt 0.839499 0.778439
vt 0.836416 0.784798
vt 0.836245 0.779850
vt 0.833119 0.785628
vt 0.832943 0.780671
vt 0.829917 0.785820
vt 0.829736 0.780861
vt 0.826947 0.785367
vt 0.826762 0.780413
vt 0.824336 0.784289
vt 0.824148 0.779347
vt 0.822192 0.782638
vt 0.822002 0.777713
vt 0.820601 0.780489
vt 0.820410 0.775587
vt 0.819619 0.777940
vt 0.819428 0.773065
vt 0.819276 0.775101
vt 0.819086 0.770256
vt 0.819573 0.772092
vt 0.819384 0.767279
vt 0.820483 0.769035
vt 0.820297 0.764255
vt 0.821958 0.766047
vt 0.821776 0.761298
vt 0.823931 0.763239
vt 0.823753 0.758520
vt 0.826319 0.760709
vt 0.826145 0.756018
vt 0.829029 0.758544
vt 0.828859 0.753876
vt 0.831959 0.756814
vt 0.831793 0.752165
vt 0.835004 0.755572
vt 0.834843 0.750937
vt 0.838060 0.754859
vt 0.837903 0.750230
vt 0.841020 0.754694
vt 0.840867 0.750067
vt 0.843785 0.755082
vt 0.843635 0.750452
vt 0.846259 0.756013
vt 0.846112 0.751373
vt 0.848354 0.757458
vt 0.848209 0.752802
vt 0.849992 0.759372
vt 0.849849 0.754695
vt 0.851110 0.761694
vt 0.850967 0.756992
vt 0.847952 0.760786
vt 0.847887 0.763014
vt 0.847347 0.765339
vt 0.846342 0.767674
vt 0.844904 0.769926
vt 0.843083 0.772005
vt 0.840947 0.773823
vt 0.838580 0.775303
vt 0.836076 0.776380
vt 0.833540 0.777005
vt 0.831078 0.777150
vt 0.828792 0.776808
vt 0.826779 0.775996
vt 0.825120 0.774750
vt 0.823881 0.773124
vt 0.823107 0.771190
vt 0.822823 0.769030
vt 0.823032 0.766734
vt 0.823718 0.764392
vt 0.824847 0.762096
vt 0.826367 0.759930
vt 0.828217 0.757974
vt 0.830325 0.756295
vt 0.832610 0.754951
vt 0.834991 0.753985
vt 0.837382 0.753428
vt 0.839699 0.753300
vt 0.841861 0.753603
vt 0.843791 0.754328
vt 0.845421 0.755452
vt 0.846689 0.756938
vt 0.847545 0.758736
s 1
usemtl Material.050
f 545/353/232 482/354/200 484/355/201 546/356/233
f 546/356/233 484/355/201 486/357/202 547/358/234
f 547/358/234 486/357/202 488/359/203 548/360/235
f 548/360/235 488/359/203 490/361/204 549/362/236
f 549/362/236 490/361/204 492/363/205 550/364/237
f 550/364/237 492/363/205 494/365/206 551/366/238
f 551/366/238 494/365/206 496/367/207 552/368/239
f 552/368/239 496/367/207 498/369/208 553/370/240
f 553/370/240 498/369/208 500/371/209 554/372/241
f 554/372/241 500/371/209 502/373/210 555/374/242
f 555/374/242 502/373/210 504/375/211 556/376/243
f 556/376/243 504/375/211 506/377/212 557/378/244
f 557/378/244 506/377/212 508/379/213 558/380/245
f 558/380/245 508/379/213 510/381/214 559/382/246
f 559/382/246 510/381/214 512/383/215 560/384/247
f 560/384/247 512/383/215 514/385/216 561/386/248
f 561/386/248 514/385/216 516/387/217 562/388/249
f 562/388/249 516/387/217 518/389/218 563/390/250
f 563/390/250 518/389/218 520/391/219 564/392/251
f 564/392/251 520/391/219 522/393/220 565/394/252
f 565/394/252 522/393/220 524/395/221 566/396/253
f 566/396/253 524/395/221 526/397/222 567/398/254
f 567/398/254 526/397/222 528/399/223 568/400/255
f 568/400/255 528/399/223 530/401/224 569/402/256
f 569/402/256 530/401/224 532/403/225 570/404/257
f 570/404/257 532/403/225 534/405/226 571/406/258
f 571/406/258 534/405/226 536/407/227 572/408/259
f 572/408/259 536/407/227 538/409/228 573/410/260
f 573/410/260 538/409/228 540/411/229 574/412/261
f 574/412/261 540/411/229 542/413/230 575/414/262
f 484/355/201 482/354/200 544/415/231 542/413/230 540/411/229 538/409/228 536/407/227 534/405/226 532/403/225 530/401/224 528/399/223 526/397/222 524/395/221 522/393/220 520/391/219 518/389/218 516/387/217 514/385/216 512/383/215 510/381/214 508/379/213 506/377/212 504/375/211 502/373/210 500/371/209 498/369/208 496/367/207 494/365/206 492/363/205 490/361/204 488/359/203 486/357/202
f 575/414/262 542/413/230 544/415/231 576/416/263
f 576/416/263 544/415/231 482/354/200 545/353/232
f 578/356/264 577/353/264 545/353/232 546/356/233
f 579/358/264 578/356/264 546/356/233 547/358/234
f 580/360/264 579/358/264 547/358/234 548/360/235
f 581/362/264 580/360/264 548/360/235 549/362/236
f 582/364/264 581/362/264 549/362/236 550/364/237
f 583/366/264 582/364/264 550/364/237 551/366/238
f 584/368/264 583/366/264 551/366/238 552/368/239
f 585/370/264 584/368/264 552/368/239 553/370/240
f 586/372/264 585/370/264 553/370/240 554/372/241
f 587/374/264 586/372/264 554/372/241 555/374/242
f 588/376/264 587/374/264 555/374/242 556/376/243
f 589/378/264 588/376/264 556/376/243 557/378/244
f 590/380/264 589/378/264 557/378/244 558/380/245
f 591/382/264 590/380/264 558/380/245 559/382/246
f 592/384/264 591/382/264 559/382/246 560/384/247
f 593/386/264 592/384/264 560/384/247 561/386/248
f 594/388/264 593/386/264 561/386/248 562/388/249
f 595/390/264 594/388/264 562/388/249 563/390/250
f 596/392/264 595/390/264 563/390/250 564/392/251
f 597/394/264 596/392/264 564/392/251 565/394/252
f 598/396/264 597/394/264 565/394/252 566/396/253
f 599/398/264 598/396/264 566/396/253 567/398/254
f 600/400/264 599/398/264 567/398/254 568/400/255
f 601/402/264 600/400/264 568/400/255 569/402/256
f 602/404/264 601/402/264 569/402/256 570/404/257
f 603/406/264 602/404/264 570/404/257 571/406/258
f 604/408/264 603/406/264 571/406/258 572/408/259
f 605/410/264 604/408/264 572/408/259 573/410/260
f 606/412/264 605/410/264 573/410/260 574/412/261
f 607/414/264 606/412/264 574/412/261 575/414/262
f 608/416/264 607/414/264 575/414/262 576/416/263
f 577/353/264 608/416/264 576/416/263 545/353/232
f 610/356/264 609/353/264 577/353/264 578/356/264
f 611/358/264 610/356/264 578/356/264 579/358/264
f 612/360/264 611/358/264 579/358/264 580/360/264
f 613/362/264 612/360/264 580/360/264 581/362/264
f 614/364/264 613/362/264 581/362/264 582/364/264
f 615/366/264 614/364/264 582/364/264 583/366/264
f 616/368/264 615/366/264 583/366/264 584/368/264
f 617/370/264 616/368/264 584/368/264 585/370/264
f 618/372/264 617/370/264 585/370/264 586/372/264
f 619/374/264 618/372/264 586/372/264 587/374/264
f 620/376/264 619/374/264 587/374/264 588/376/264
f 621/378/264 620/376/264 588/376/264 589/378/264
f 622/380/264 621/378/264 589/378/264 590/380/264
f 623/382/264 622/380/264 590/380/264 591/382/264
f 624/384/264 623/382/264 591/382/264 592/384/264
f 625/386/264 624/384/264 592/384/264 593/386/264
f 626/388/264 625/386/264 593/386/264 594/388/264
f 627/390/264 626/388/264 594/388/264 595/390/264
f 628/392/264 627/390/264 595/390/264 596/392/264
f 629/394/264 628/392/264 596/392/264 597/394/264
f 630/396/264 629/394/264 597/394/264 598/396/264
f 631/398/264 630/396/264 598/396/264 599/398/264
f 632/400/264 631/398/264 599/398/264 600/400/264
f 633/402/264 632/400/264 600/400/264 601/402/264
f 634/404/264 633/402/264 601/402/264 602/404/264
f 635/406/264 634/404/264 602/404/264 603/406/264
f 636/408/264 635/406/264 603/406/264 604/408/264
f 637/410/264 636/408/264 604/408/264 605/410/264
f 638/412/264 637/410/264 605/410/264 606/412/264
f 639/414/264 638/412/264 606/412/264 607/414/264
f 640/416/264 639/414/264 607/414/264 608/416/264
f 609/353/264 640/416/264 608/416/264 577/353/264
f 483/418/199 481/417/199 609/353/264 610/356/264
f 485/419/199 483/418/199 610/356/264 611/358/264
f 487/420/199 485/419/199 611/358/264 612/360/264
f 489/421/199 487/420/199 612/360/264 613/362/264
f 491/422/199 489/421/199 613/362/264 614/364/264
f 493/423/199 491/422/199 614/364/264 615/366/264
f 495/424/199 493/423/199 615/366/264 616/368/264
f 497/425/199 495/424/199 616/368/264 617/370/264
f 499/426/199 497/425/199 617/370/264 618/372/264
f 501/427/199 499/426/199 618/372/264 619/374/264
f 503/428/199 501/427/199 619/374/264 620/376/264
f 505/429/199 503/428/199 620/376/264 621/378/264
f 507/430/199 505/429/199 621/378/264 622/380/264
f 509/431/199 507/430/199 622/380/264 623/382/264
f 511/432/199 509/431/199 623/382/264 624/384/264
f 513/433/199 511/432/199 624/384/264 625/386/264
f 515/434/199 513/433/199 625/386/264 626/388/264
f 517/435/199 515/434/199 626/388/264 627/390/264
f 519/436/199 517/435/199 627/390/264 628/392/264
f 521/437/199 519/436/199 628/392/264 629/394/264
f 523/438/199 521/437/199 629/394/264 630/396/264
f 525/439/199 523/438/199 630/396/264 631/398/264
f 527/440/199 525/439/199 631/398/264 632/400/264
f 529/441/199 527/440/199 632/400/264 633/402/264
f 531/442/199 529/441/199 633/402/264 634/404/264
f 533/443/199 531/442/199 634/404/264 635/406/264
f 535/444/199 533/443/199 635/406/264 636/408/264
f 537/445/199 535/444/199 636/408/264 637/410/264
f 539/446/199 537/445/199 637/410/264 638/412/264
f 541/447/199 539/446/199 638/412/264 639/414/264
f 543/448/199 541/447/199 639/414/264 640/416/264
f 481/417/199 543/448/199 640/416/264 609/353/264
usemtl Material.050
f 481/417/199 483/418/199 485/419/199 487/420/199 489/421/199 491/422/199 493/423/199 495/424/199 497/425/199 499/426/199 501/427/199 503/428/199 505/429/199 507/430/199 509/431/199 511/432/199 513/433/199 515/434/199 517/435/199 519/436/199 521/437/199 523/438/199 525/439/199 527/440/199 529/441/199 531/442/199 533/443/199 535/444/199 537/445/199 539/446/199 541/447/199 543/448/199
o mesa.004
v -259.163971 109.089729 69.213203
v -270.190674 109.089729 69.215996
v -270.195404 109.089729 50.456398
v -259.168701 109.089729 50.453606
v -273.464691 108.937408 45.232407
v -273.266937 108.894455 44.824928
v -273.764893 108.785088 44.387207
v -273.381439 108.950378 45.017452
v -273.528046 108.847542 44.766449
v -273.506714 108.817131 44.620300
v -273.615295 108.829689 44.772766
v -271.287689 107.561241 48.234264
v -271.502228 107.561241 48.448902
v -271.651184 107.775826 47.981133
v -271.439423 107.561241 48.297150
v -271.485840 107.685135 48.219097
v -271.546204 107.713280 48.180290
v -271.456573 107.712616 48.160423
v -255.902084 108.937408 45.227962
v -255.602310 108.785088 44.382610
v -256.100037 108.894455 44.820583
v -255.751694 108.829689 44.768246
v -255.838959 108.847542 44.761974
v -255.860352 108.817131 44.615837
v -255.985428 108.950371 45.013050
v -258.077545 107.561241 48.230919
v -257.714172 107.775826 47.977604
v -257.862915 107.561241 48.445450
v -257.908691 107.712608 48.156998
v -257.879425 107.685135 48.215652
v -257.819061 107.713280 48.176819
v -257.925812 107.561241 48.293732
v -273.259338 108.894455 74.849014
v -273.457306 108.937408 74.441635
v -273.757080 108.785088 75.286995
v -273.373932 108.950378 74.656548
v -273.520416 108.847542 74.907631
v -273.607666 108.829689 74.901352
v -273.499023 108.817131 75.053764
v -271.281830 107.561241 71.438683
v -271.645203 107.775826 71.692001
v -271.496460 107.561241 71.224152
v -271.450684 107.712616 71.512604
v -271.479950 107.685135 71.453949
v -271.540314 107.713280 71.492783
v -271.433563 107.561241 71.375870
v -256.092438 108.894455 74.844673
v -255.594482 108.785088 75.282394
v -255.894684 108.937408 74.437195
v -255.852646 108.817131 75.049301
v -255.831329 108.847542 74.903152
v -255.744064 108.829689 74.896835
v -255.977936 108.950371 74.652145
v -258.071686 107.561241 71.435333
v -257.857147 107.561241 71.220703
v -257.708191 107.775826 71.688469
v -257.919952 107.561241 71.372452
v -257.873535 107.685135 71.450500
v -257.813171 107.713280 71.489311
v -257.902802 107.712608 71.509178
v -273.972137 107.990410 43.669922
v -274.037811 107.775826 43.923164
v -274.186646 107.990410 43.884560
v -274.002594 107.839294 43.743610
v -274.109436 107.866516 43.769394
v -274.142120 107.837769 43.906864
v -274.123840 107.990410 43.732811
v -255.395432 107.990410 43.665222
v -255.180786 107.990410 43.879749
v -255.329620 107.775826 43.918427
v -255.243683 107.990410 43.728035
v -255.258087 107.866516 43.764626
v -255.225327 107.837769 43.902073
v -255.364929 107.839294 43.738895
v -255.387253 107.990410 75.999680
v -255.321579 107.775826 75.746437
v -255.172714 107.990410 75.785042
v -255.356781 107.839294 75.925995
v -255.249954 107.866516 75.900208
v -255.217255 107.837769 75.762741
v -255.235535 107.990410 75.936790
v -273.963959 107.990410 76.004379
v -274.178589 107.990410 75.789848
v -274.029755 107.775826 75.751175
v -274.115692 107.990410 75.941566
v -274.101288 107.866516 75.904976
v -274.134064 107.837769 75.767525
v -273.994446 107.839294 75.930710
v -272.433533 107.775826 46.650890
v -272.433533 107.775826 46.650890
v -272.589325 107.775826 46.386032
v -272.433533 107.775826 46.650890
v -272.473175 107.775826 46.583527
v -272.511414 107.775826 46.518463
v -272.511414 107.775826 46.518463
v -256.932495 107.775826 46.646969
v -256.776855 107.775826 46.382030
v -256.932495 107.775826 46.646969
v -256.854675 107.775826 46.514500
v -256.892914 107.775826 46.579582
v -256.854675 107.775826 46.514500
v -256.932495 107.775826 46.646969
v -256.925842 107.775826 73.018707
v -256.925842 107.775826 73.018707
v -256.770050 107.775826 73.283569
v -256.925842 107.775826 73.018707
v -256.886200 107.775826 73.086075
v -256.847961 107.775826 73.151138
v -256.847961 107.775826 73.151138
v -272.426880 107.775826 73.022629
v -272.582520 107.775826 73.287575
v -272.426880 107.775826 73.022629
v -272.504700 107.775826 73.155106
v -272.466461 107.775826 73.090019
v -272.504700 107.775826 73.155106
v -272.426880 107.775826 73.022629
v -272.433533 107.775826 46.650890
v -272.218903 107.775826 46.865421
v -272.433533 107.775826 46.650890
v -272.326233 107.775826 46.758156
v -272.378967 107.775826 46.705456
v -272.326233 107.775826 46.758156
v -272.433533 107.775826 46.650890
v -256.932495 107.775826 46.646969
v -256.932495 107.775826 46.646969
v -257.147034 107.775826 46.861607
v -256.932495 107.775826 46.646969
v -256.987061 107.775826 46.701561
v -257.039764 107.775826 46.754288
v -257.039764 107.775826 46.754288
v -256.925842 107.775826 73.018707
v -257.140472 107.775826 72.804176
v -256.925842 107.775826 73.018707
v -257.033142 107.775826 72.911446
v -256.980408 107.775826 72.964142
v -257.033142 107.775826 72.911446
v -256.925842 107.775826 73.018707
v -272.426880 107.775826 73.022629
v -272.426880 107.775826 73.022629
v -272.212341 107.775826 72.807991
v -272.426880 107.775826 73.022629
v -272.372314 107.775826 72.968040
v -272.319611 107.775826 72.915314
v -272.319611 107.775826 72.915314
v -271.287231 107.023125 50.086994
v -271.287170 106.808540 50.301582
v -271.501770 107.023125 50.300117
v -271.287231 106.871391 50.149845
v -271.411102 106.899231 50.176846
v -271.438904 106.871391 50.300549
v -271.438965 107.023125 50.148811
v -271.282288 107.023125 69.585953
v -271.496948 107.023125 69.372932
v -271.282349 106.808540 69.371361
v -271.434052 107.023125 69.524208
v -271.406219 106.899231 69.496162
v -271.434082 106.871391 69.372475
v -271.282318 106.871391 69.523102
v -258.950287 106.808273 69.791229
v -258.736206 106.808540 69.362007
v -258.950226 107.023125 69.576645
v -258.735687 106.808540 69.363510
v -258.800781 106.808350 69.669266
v -258.876740 106.834160 69.562378
v -258.887665 106.871391 69.469444
v -258.887390 106.871391 69.470093
v -258.800812 106.808456 69.668999
v -270.189697 106.808540 69.364906
v -270.190125 106.808540 69.794075
v -270.404236 107.023125 69.579544
v -270.618866 106.808540 69.366516
v -270.189911 106.808540 69.579491
v -270.373077 106.834206 69.548553
v -270.341614 106.871391 69.686707
v -270.511230 106.871391 69.517471
v -270.404297 106.808540 69.365715
v -270.623749 106.807785 50.093056
v -270.195160 106.808540 49.878319
v -270.409149 107.023125 50.092957
v -270.194641 106.808540 49.879826
v -270.501312 106.808006 49.943565
v -270.394775 106.834076 50.019547
v -270.302155 106.871391 50.030079
v -270.302185 106.871391 50.030830
v -270.501434 106.808311 49.943413
v -258.740082 106.808540 49.873901
v -258.740509 106.808540 50.303082
v -258.955139 107.023125 50.090057
v -259.169250 106.808540 49.875526
v -258.740295 106.808540 50.088490
v -258.923767 106.834206 50.058308
v -258.892273 106.871391 50.196583
v -259.062195 106.871391 50.027237
v -258.954681 106.808540 49.874714
v -271.496460 99.910385 71.224152
v -271.281891 99.695801 71.224098
v -271.281830 99.910385 71.438683
v -271.433624 99.758652 71.224136
v -271.405731 99.786491 71.348015
v -271.281830 99.758652 71.375832
v -271.433563 99.910385 71.375870
v -271.287689 99.910385 48.234264
v -271.287659 99.695801 48.448849
v -271.502228 99.910385 48.448902
v -271.287689 99.758652 48.297112
v -271.411560 99.786491 48.324989
v -271.439392 99.758652 48.448887
v -271.439423 99.910385 48.297150
v -257.862915 99.910385 48.445450
v -258.077484 99.695801 48.445503
v -258.077545 99.910385 48.230919
v -257.925751 99.758652 48.445465
v -257.953644 99.786491 48.321587
v -258.077545 99.758652 48.293770
v -257.925812 99.910385 48.293732
v -257.857147 99.910385 71.220703
v -258.071686 99.910385 71.435333
v -258.071747 99.695801 71.220749
v -257.919952 99.910385 71.372452
v -257.947815 99.786491 71.344612
v -258.071686 99.758652 71.372490
v -257.919983 99.758652 71.220718
v -258.736511 99.910385 48.231087
v -258.736969 99.695801 48.445671
v -258.951569 99.910385 48.445724
v -258.736633 99.758652 48.293938
v -258.860596 99.786491 48.321812
v -258.888702 99.758652 48.445709
v -258.888367 99.910385 48.293976
v -270.413574 99.910385 48.448627
v -270.628174 99.695801 48.448681
v -270.628754 99.910385 48.234097
v -270.476440 99.758652 48.448643
v -270.504608 99.786491 48.324760
v -270.628571 99.758652 48.296947
v -270.476837 99.910385 48.296906
v -258.730652 99.910385 71.435501
v -258.945801 99.910385 71.220978
v -258.731201 99.695801 71.220917
v -258.882538 99.910385 71.372696
v -258.854767 99.786491 71.344841
v -258.882935 99.758652 71.220963
v -258.730804 99.758652 71.372650
v -270.622406 99.695801 71.223930
v -270.407806 99.910385 71.223877
v -270.622864 99.910385 71.438515
v -270.470673 99.758652 71.223892
v -270.498779 99.786491 71.347786
v -270.471008 99.910385 71.375626
v -270.622742 99.758652 71.375664
v -258.072144 99.910385 69.582611
v -257.857513 99.910385 69.798653
v -258.072083 99.695801 69.797195
v -257.920380 99.910385 69.646492
v -257.948242 99.786491 69.674149
v -257.920349 99.758652 69.798225
v -258.072113 99.758652 69.645462
v -258.735046 99.695801 69.792694
v -258.949646 99.910385 69.791229
v -258.735626 99.910385 69.578102
v -258.886780 99.758652 69.791656
v -258.859283 99.786491 69.667953
v -258.887207 99.910385 69.639923
v -258.735474 99.758652 69.640961
v -258.740570 99.910385 50.088493
v -258.954681 99.910385 49.875473
v -258.740082 99.695801 49.873901
v -258.892151 99.910385 50.026752
v -258.864258 99.786491 49.998703
v -258.891815 99.758652 49.875011
v -258.740417 99.758652 50.025635
v -257.862549 99.910385 49.867500
v -258.077087 99.910385 50.083649
v -258.077148 99.695801 49.869061
v -257.925354 99.910385 50.019691
v -257.953217 99.786491 49.992050
v -258.077087 99.758652 50.020798
v -257.925415 99.758652 49.867954
v -270.618805 99.910385 69.581108
v -270.404694 99.910385 69.794128
v -270.619293 99.695801 69.795700
v -270.467224 99.910385 69.642853
v -270.495117 99.786491 69.670898
v -270.467560 99.758652 69.794586
v -270.618958 99.758652 69.643967
v -271.496826 99.910385 69.802101
v -271.282288 99.910385 69.585953
v -271.282257 99.695801 69.800537
v -271.434021 99.910385 69.649910
v -271.406158 99.786491 69.677551
v -271.282288 99.758652 69.648804
v -271.433990 99.758652 69.801643
v -271.287231 99.910385 50.086994
v -271.501862 99.910385 49.870949
v -271.287292 99.695801 49.872406
v -271.438995 99.910385 50.023113
v -271.411133 99.786491 49.995457
v -271.439026 99.758652 49.871376
v -271.287262 99.758652 50.024139
v -270.623749 99.910385 50.091499
v -270.624329 99.695801 49.876907
v -270.409729 99.910385 49.878372
v -270.623901 99.758652 50.028645
v -270.500092 99.786491 50.001648
v -270.472595 99.758652 49.877941
v -270.472168 99.910385 50.029682
v -255.895966 108.937408 69.382843
v -255.591064 108.785088 69.547142
v -255.744049 108.829704 69.499039
v -255.595993 108.785088 50.117859
v -255.900803 108.937408 50.282314
v -255.748932 108.829704 50.166046
v -255.174286 107.990410 69.562317
v -255.328003 107.775826 69.569466
v -255.219315 107.838676 69.566124
v -255.332932 107.775826 50.095402
v -255.179214 107.990410 50.102474
v -255.224243 107.838676 50.098694
v -274.180176 108.570503 69.555977
v -274.026459 108.785088 69.551811
v -274.135132 108.722237 69.553047
v -273.463409 108.937408 50.286758
v -273.768311 108.785088 50.122459
v -273.615326 108.829704 50.170563
v -274.185089 107.990410 50.107285
v -274.031372 107.775826 50.100132
v -274.140076 107.838676 50.103477
v -274.026428 107.775826 69.574203
v -274.180145 107.990410 69.567123
v -274.135132 107.838676 69.570908
v -256.926697 107.775826 69.607361
v -256.926697 107.775826 69.600945
v -256.766632 107.775826 69.597794
v -256.926697 107.775826 69.604156
v -256.885986 107.775826 69.601776
v -256.846649 107.775826 69.599373
v -256.846649 107.775826 69.602577
v -256.931641 107.775826 50.064732
v -256.931702 107.775826 49.850147
v -256.771576 107.775826 50.067802
v -256.931671 107.775826 49.957439
v -256.931641 107.775826 50.010815
v -256.851624 107.775826 49.958977
v -256.884766 107.775826 50.065632
v -272.432678 107.775826 50.062237
v -272.432678 107.775826 50.068653
v -272.592743 107.775826 50.071808
v -272.432678 107.775826 50.065445
v -272.473389 107.775826 50.067825
v -272.512726 107.775826 50.070232
v -272.512726 107.775826 50.067024
v -272.427734 107.775826 69.604866
v -272.427673 107.775826 69.819450
v -272.587799 107.775826 69.601799
v -272.427704 107.775826 69.712158
v -272.427734 107.775826 69.658791
v -272.507751 107.775826 69.710625
v -272.474609 107.775826 69.603966
v -256.926697 107.775826 69.601128
v -256.926697 107.775826 69.607544
v -257.141266 107.775826 69.602127
v -256.926697 107.775826 69.604332
v -256.981262 107.775826 69.604530
v -257.033997 107.775826 69.604836
v -257.033997 107.775826 69.601624
v -256.931580 107.775826 50.272724
v -257.146210 107.775826 50.063660
v -256.931641 107.775826 50.058140
v -256.994446 107.775826 50.211487
v -256.976959 107.775826 50.123116
v -257.038940 107.775826 50.060898
v -256.931610 107.775826 50.165432
v -272.432678 107.775826 50.068478
v -272.432678 107.775826 50.062061
v -272.218109 107.775826 50.067474
v -272.432678 107.775826 50.065269
v -272.378113 107.775826 50.065071
v -272.325378 107.775826 50.064766
v -272.325378 107.775826 50.067974
v -272.427795 107.775826 69.396881
v -272.213165 107.775826 69.605942
v -272.427734 107.775826 69.611465
v -272.364929 107.775826 69.458115
v -272.382416 107.775826 69.546486
v -272.320435 107.775826 69.608704
v -272.427765 107.775826 69.504166
v -257.862549 107.561241 49.867500
v -257.708771 107.775826 50.078133
v -257.862457 107.561241 50.296669
v -258.077087 107.561241 50.083649
v -258.077087 107.561241 50.083649
v -257.816833 107.713585 49.987556
v -257.894745 107.676163 50.081890
v -257.816803 107.713570 50.172138
v -257.925323 107.561241 50.145393
v -258.077087 107.561241 50.083649
v -257.925354 107.561241 50.019691
v -258.072144 107.561241 69.582611
v -257.857605 107.561241 69.369484
v -257.703857 107.775826 69.587944
v -257.857513 107.561241 69.798653
v -258.072144 107.561241 69.582611
v -257.920441 107.561241 69.520790
v -257.889801 107.676163 69.584274
v -257.811920 107.713570 69.493988
v -257.811859 107.713585 69.678566
v -257.920380 107.561241 69.646492
v -258.072144 107.561241 69.582611
v -271.282288 107.561241 69.585953
v -271.282288 107.561241 69.585953
v -271.496826 107.561241 69.802101
v -271.650604 107.775826 69.591469
v -271.496948 107.561241 69.372932
v -271.282288 107.561241 69.585953
v -271.464630 107.676163 69.587715
v -271.434021 107.561241 69.649910
v -271.542542 107.713585 69.682045
v -271.542572 107.713570 69.497467
v -271.434052 107.561241 69.524208
v -271.287231 107.561241 50.086994
v -271.501770 107.561241 50.300117
v -271.655518 107.775826 50.081657
v -271.501862 107.561241 49.870949
v -271.287231 107.561241 50.086994
v -271.438965 107.561241 50.148811
v -271.469574 107.676163 50.085323
v -271.547455 107.713570 50.175613
v -271.547516 107.713585 49.991035
v -271.438995 107.561241 50.023113
v -271.287231 107.561241 50.086994
v -270.396362 108.570503 43.669014
v -270.393890 108.785088 43.919380
v -270.394623 108.722237 43.742348
v -259.042694 108.894455 44.821327
v -258.973419 108.785088 44.386326
v -258.993683 108.817123 44.617435
v -258.964630 107.990410 43.666122
v -258.960449 107.775826 43.916485
v -258.962402 107.838676 43.739452
v -270.406982 107.775826 43.919380
v -270.402924 107.990410 43.669018
v -270.405121 107.838676 43.742348
v -258.965607 108.785088 75.280388
v -259.035095 108.894455 74.845421
v -258.985992 108.817123 75.049286
v -270.316681 108.894455 74.848274
v -270.385956 108.785088 75.283279
v -270.365692 108.817123 75.052170
v -270.394745 107.990410 76.003479
v -270.398926 107.775826 75.753113
v -270.396973 107.838676 75.930145
v -258.952393 107.775826 75.750221
v -258.956451 107.990410 76.000580
v -258.954254 107.838676 75.927254
v -258.937744 107.775826 46.647476
v -258.941437 107.775826 46.647476
v -258.941498 107.775826 46.384514
v -258.939575 107.775826 46.647476
v -258.940491 107.775826 46.580593
v -258.941467 107.775826 46.515995
v -258.939606 107.775826 46.515995
v -270.424622 107.775826 46.650383
v -270.639191 107.775826 46.650436
v -270.424683 107.775826 46.387417
v -270.531921 107.775826 46.650410
v -270.488434 107.775826 46.650398
v -270.576355 107.775826 46.573402
v -270.424652 107.775826 46.518898
v -270.421631 107.775826 73.022125
v -270.417938 107.775826 73.022125
v -270.417877 107.775826 73.285088
v -270.419800 107.775826 73.022125
v -270.418884 107.775826 73.089005
v -270.417908 107.775826 73.153610
v -270.419769 107.775826 73.153610
v -258.934753 107.775826 73.019218
v -258.720184 107.775826 73.019165
v -258.934692 107.775826 73.282181
v -258.827454 107.775826 73.019188
v -258.870941 107.775826 73.019203
v -258.783020 107.775826 73.096199
v -258.934723 107.775826 73.150703
v -258.941254 107.775826 46.647476
v -258.937561 107.775826 46.647476
v -258.939392 107.775826 46.862061
v -258.939392 107.775826 46.647476
v -258.938965 107.775826 46.702057
v -258.938477 107.775826 46.754768
v -258.940308 107.775826 46.754768
v -270.213898 107.775826 46.650330
v -270.426544 107.775826 46.864967
v -270.428497 107.775826 46.650383
v -270.276184 107.775826 46.713196
v -270.364288 107.775826 46.695713
v -270.427521 107.775826 46.757675
v -270.321198 107.775826 46.650356
v -270.418121 107.775826 73.022125
v -270.421814 107.775826 73.022125
v -270.419983 107.775826 72.807541
v -270.419983 107.775826 73.022125
v -270.420410 107.775826 72.967545
v -270.420898 107.775826 72.914833
v -270.419067 107.775826 72.914833
v -259.145477 107.775826 73.019272
v -258.932831 107.775826 72.804634
v -258.930878 107.775826 73.019218
v -259.083191 107.775826 72.956406
v -258.995087 107.775826 72.973885
v -258.931854 107.775826 72.911926
v -259.038177 107.775826 73.019241
v -270.413574 107.561241 48.448627
v -270.413574 107.561241 48.448627
v -270.628754 107.561241 48.234097
v -270.416412 107.775826 47.983681
v -270.199585 107.561241 48.233990
v -270.413574 107.561241 48.448627
v -270.414307 107.676163 48.257462
v -270.476837 107.561241 48.296909
v -270.529663 107.712509 48.161110
v -270.300720 107.712509 48.161049
v -270.351135 107.561241 48.296875
v -258.951569 107.561241 48.445724
v -259.165680 107.561241 48.231197
v -258.948944 107.775826 47.980778
v -258.736511 107.561241 48.231087
v -258.951569 107.561241 48.445724
v -259.014069 107.561241 48.294006
v -258.950928 107.676163 48.254562
v -259.064545 107.712509 48.158207
v -258.835602 107.712502 48.158150
v -258.888367 107.561241 48.293976
v -258.951569 107.561241 48.445724
v -270.193695 107.561241 71.438408
v -270.410431 107.775826 71.688820
v -270.622864 107.561241 71.438515
v -270.407806 107.561241 71.223877
v -270.407806 107.561241 71.223877
v -270.294830 107.712509 71.511398
v -270.408447 107.676163 71.415039
v -270.523773 107.712509 71.511452
v -270.471008 107.561241 71.375626
v -270.407806 107.561241 71.223877
v -270.345306 107.561241 71.375595
v -258.730621 107.561241 71.435501
v -258.942963 107.775826 71.685921
v -259.159790 107.561241 71.435616
v -258.945801 107.561241 71.220978
v -258.945801 107.561241 71.220978
v -258.829712 107.712502 71.508492
v -258.945068 107.676163 71.412140
v -259.058655 107.712509 71.508553
v -259.008240 107.561241 71.372726
v -258.945801 107.561241 71.220978
v -258.882538 107.561241 71.372696
v -270.409729 107.561241 49.878372
v -270.195160 107.775826 49.878319
v -270.194519 107.775826 50.307487
v -270.409149 107.561241 50.092957
v -270.623749 107.561241 50.091499
v -270.346893 107.712975 49.878464
v -270.335785 107.709938 50.069996
v -270.194824 107.775826 50.092903
v -270.346283 107.712975 50.200233
v -269.704712 107.624168 50.097744
v -270.472168 107.561241 50.029678
v -270.404694 107.561241 69.794128
v -270.618805 107.561241 69.581108
v -270.404236 107.561241 69.579544
v -270.618774 107.775826 69.794182
v -270.252472 107.927544 69.579536
v -270.467224 107.561241 69.642853
v -270.433167 107.723793 69.625977
v -270.462006 107.647606 69.579964
v -270.511505 107.712975 69.642418
v -270.422607 107.820267 69.686852
v -270.360016 107.757416 69.686760
v -258.949646 107.561241 69.791229
v -259.101959 107.927544 69.576714
v -258.735565 107.775826 69.791176
v -258.950226 107.990410 69.576645
v -258.735626 107.561241 69.578102
v -258.994385 107.757416 69.683884
v -258.921265 107.763000 69.623062
v -258.931793 107.820259 69.683945
v -258.842896 107.838676 69.639465
v -258.887482 107.776138 69.577072
v -258.887207 107.561241 69.639923
v -258.954681 107.561241 49.875473
v -258.740570 107.561241 50.088493
v -258.955139 107.561241 50.090057
v -258.740631 107.775826 49.875420
v -259.106903 107.927544 50.090065
v -258.892151 107.561241 50.026749
v -258.926208 107.723793 50.043629
v -258.897369 107.647606 50.089638
v -258.847870 107.712975 50.027184
v -258.936768 107.820259 49.982746
v -258.999359 107.757416 49.982838
v -257.862457 107.023125 50.296669
v -258.077026 106.808540 50.298237
v -258.077087 107.023125 50.083649
v -257.925293 106.871391 50.297127
v -257.953156 106.899231 50.173439
v -258.077057 106.871391 50.146500
v -257.925323 107.023125 50.145393
v -258.072144 107.023125 69.582611
v -258.072205 106.808540 69.368019
v -257.857605 107.023125 69.369484
v -258.072174 106.871391 69.519760
v -257.948273 106.899231 69.492752
v -257.920471 106.871391 69.369057
v -257.920410 107.023125 69.520790
v -270.193237 106.808540 71.223824
v -270.193695 107.023125 71.438408
v -270.407806 107.023125 71.223877
v -270.193573 106.871391 71.375557
v -270.317383 106.899231 71.347740
v -270.345306 107.023125 71.375595
v -270.344971 106.871391 71.223862
v -259.159790 107.023125 71.435616
v -259.160370 106.808540 71.221031
v -258.945801 107.023125 71.220978
v -259.159973 106.871391 71.372765
v -259.036163 106.899231 71.344887
v -259.008636 106.871391 71.220993
v -259.008240 107.023125 71.372726
v -270.413574 107.023125 48.448627
v -270.199585 107.023125 48.233990
v -270.199005 106.808540 48.448574
v -270.351135 107.023125 48.296875
v -270.323212 106.899231 48.324715
v -270.199402 106.871391 48.296837
v -270.350739 106.871391 48.448608
v -258.951569 107.023125 48.445724
v -259.166138 106.808540 48.445782
v -259.165680 107.023125 48.231197
v -259.014404 106.871391 48.445740
v -259.041992 106.899231 48.321857
v -259.165802 106.871391 48.294044
v -259.014069 107.023125 48.294006
v -273.763397 108.785088 69.551743
v -273.458557 108.937408 69.387283
v -273.610443 108.829704 69.503555
v -274.031372 108.785088 50.122524
v -274.185089 108.570503 50.118435
v -274.140045 108.722237 50.121342
v -255.328003 108.785088 69.547073
v -255.174301 108.570503 69.551163
v -255.219315 108.722237 69.548264
v -255.179214 108.570503 50.113628
v -255.332932 108.785088 50.117790
v -255.224243 108.722237 50.116554
v -270.393768 108.785088 44.389214
v -270.324280 108.894455 44.824181
v -270.373383 108.817123 44.620316
v -258.973541 108.785088 43.916489
v -258.971191 108.570503 43.666122
v -258.972870 108.722237 43.739456
v -258.963013 108.570503 76.000587
v -258.965485 108.785088 75.750221
v -258.964752 108.722237 75.927254
v -270.385834 108.785088 75.753113
v -270.388184 108.570503 76.003479
v -270.386505 108.722237 75.930145
v -255.180786 108.570503 43.879749
v -255.395432 108.570503 43.665222
v -255.329620 108.785088 43.918427
v -255.243683 108.570503 43.728035
v -255.258087 108.694397 43.764626
v -255.364929 108.721619 43.738895
v -255.225327 108.723145 43.902077
v -255.387253 108.570503 75.999680
v -255.172714 108.570503 75.785042
v -255.321579 108.785088 75.746437
v -255.235535 108.570503 75.936790
v -255.249954 108.694397 75.900208
v -255.217255 108.723145 75.762741
v -255.356781 108.721619 75.925995
v -273.963959 108.570503 76.004379
v -274.029755 108.785088 75.751175
v -274.178589 108.570503 75.789848
v -273.994446 108.721619 75.930710
v -274.101288 108.694397 75.904976
v -274.134064 108.723145 75.767525
v -274.115692 108.570503 75.941566
v -274.186646 108.570503 43.884560
v -274.037811 108.785088 43.923164
v -273.972137 108.570503 43.669922
v -274.142120 108.723145 43.906864
v -274.109436 108.694397 43.769394
v -274.002594 108.721619 43.743610
v -274.123840 108.570503 43.732811
v -273.458557 108.937408 69.387283
v -273.092896 109.089729 69.222397
v -273.288879 109.045120 69.270889
v -273.097626 109.089729 50.451466
v -273.463409 108.937408 50.286758
v -273.293640 109.045120 50.403069
v -256.261749 109.089729 69.218140
v -255.895966 108.937408 69.382843
v -256.065735 109.045113 69.266533
v -255.900803 108.937408 50.282314
v -256.266479 109.089729 50.447205
v -256.070496 109.045113 50.398712
v -270.269745 108.980370 44.969200
v -270.200134 109.089729 45.368389
v -270.220612 109.057701 45.162586
v -259.166565 109.089729 45.365597
v -259.097137 108.980362 44.966377
v -259.146210 109.057693 45.159782
v -270.192810 109.089729 74.304001
v -270.262238 108.980370 74.703224
v -270.213165 109.057701 74.509819
v -259.089630 108.980362 74.700401
v -259.159241 109.089729 74.301208
v -259.138763 109.057693 74.507019
v -255.902084 108.937408 45.227962
v -256.185242 108.980362 44.965637
v -256.267761 109.089729 45.364864
v -256.028046 108.993332 45.085579
v -256.096954 109.041588 45.174019
v -256.226501 109.057693 45.159046
v -256.071777 109.045113 45.296410
v -256.177704 108.980362 74.699661
v -255.894684 108.937408 74.437195
v -256.260437 109.089729 74.300476
v -256.020569 108.993332 74.579643
v -256.089539 109.041588 74.491234
v -256.064423 109.045113 74.368835
v -256.219086 109.057701 74.506279
v -273.174133 108.980370 74.703964
v -273.091614 109.089729 74.304733
v -273.457306 108.937408 74.441635
v -273.132874 109.057701 74.510559
v -273.262421 109.041588 74.495583
v -273.287598 109.045120 74.373192
v -273.331329 108.993332 74.584023
v -273.464691 108.937408 45.232407
v -273.098938 109.089729 45.369125
v -273.181671 108.980370 44.969940
v -273.294952 109.045120 45.300770
v -273.269836 109.041588 45.178364
v -273.140289 109.057701 45.163326
v -273.338806 108.993332 45.089958
vn -0.0000 1.0000 -0.0000
vn -0.4237 0.9041 -0.0552
vn -0.3036 0.9183 -0.2542
vn -0.1730 0.9658 -0.1931
vn -0.2497 0.9661 -0.0654
vn -0.0675 0.9262 -0.3709
vn -0.0379 0.9825 -0.1824
vn -0.0219 0.9994 -0.0253
vn -0.1561 -0.2741 -0.9490
vn -0.6207 -0.4112 -0.6676
vn -0.3877 -0.7688 -0.5086
vn -0.1024 -0.8643 -0.4925
vn -0.9672 -0.2060 -0.1490
vn -0.4023 -0.8959 -0.1883
vn -0.0486 -0.9971 -0.0578
vn 0.4236 0.9041 -0.0555
vn 0.2497 0.9661 -0.0655
vn 0.1729 0.9658 -0.1932
vn 0.3035 0.9183 -0.2543
vn 0.0218 0.9994 -0.0254
vn 0.0378 0.9825 -0.1824
vn 0.0673 0.9262 -0.3709
vn 0.1556 -0.2741 -0.9490
vn 0.1022 -0.8643 -0.4925
vn 0.3874 -0.7688 -0.5087
vn 0.6203 -0.4112 -0.6679
vn 0.0486 -0.9971 -0.0578
vn 0.4022 -0.8959 -0.1885
vn 0.9671 -0.2060 -0.1494
vn -0.0673 0.9262 0.3709
vn -0.3035 0.9183 0.2543
vn -0.1729 0.9658 0.1932
vn -0.0378 0.9825 0.1824
vn -0.4236 0.9041 0.0555
vn -0.2497 0.9661 0.0655
vn -0.0218 0.9994 0.0254
vn -0.1556 -0.2741 0.9490
vn -0.1022 -0.8643 0.4925
vn -0.3874 -0.7688 0.5087
vn -0.6203 -0.4112 0.6679
vn -0.0486 -0.9971 0.0578
vn -0.4022 -0.8959 0.1885
vn -0.9671 -0.2060 0.1494
vn 0.0675 0.9262 0.3709
vn 0.0379 0.9825 0.1824
vn 0.1730 0.9658 0.1931
vn 0.3036 0.9183 0.2542
vn 0.0219 0.9994 0.0253
vn 0.2497 0.9661 0.0654
vn 0.4237 0.9041 0.0552
vn 0.1561 -0.2741 0.9490
vn 0.6207 -0.4112 0.6676
vn 0.3877 -0.7688 0.5085
vn 0.1024 -0.8643 0.4925
vn 0.9672 -0.2060 0.1490
vn 0.4023 -0.8959 0.1883
vn 0.0486 -0.9971 0.0578
vn -0.1729 -0.1996 -0.9645
vn -0.1882 -0.7130 -0.6755
vn -0.6167 -0.5476 -0.5655
vn -0.6917 -0.1599 -0.7042
vn -0.2410 -0.9571 -0.1609
vn -0.7580 -0.6285 -0.1746
vn -0.9729 -0.1371 -0.1864
vn 0.1724 -0.1996 -0.9646
vn 0.6914 -0.1599 -0.7046
vn 0.6164 -0.5476 -0.5658
vn 0.1879 -0.7130 -0.6756
vn 0.9728 -0.1371 -0.1869
vn 0.7579 -0.6285 -0.1750
vn 0.2409 -0.9571 -0.1611
vn 0.1729 -0.1996 0.9645
vn 0.1882 -0.7130 0.6755
vn 0.6167 -0.5476 0.5655
vn 0.6917 -0.1599 0.7042
vn 0.2410 -0.9571 0.1609
vn 0.7580 -0.6285 0.1746
vn 0.9729 -0.1371 0.1864
vn -0.1724 -0.1996 0.9646
vn -0.6914 -0.1599 0.7046
vn -0.6164 -0.5476 0.5658
vn -0.1879 -0.7130 0.6756
vn -0.9728 -0.1371 0.1869
vn -0.7579 -0.6285 0.1750
vn -0.2409 -0.9571 0.1611
vn -0.0002 -0.6484 -0.7613
vn -0.0002 -0.4319 -0.9019
vn 0.0001 0.9401 0.3410
vn -0.0000 0.9997 -0.0245
vn -0.0000 -1.0000 -0.0000
vn -0.0002 -0.8011 -0.5986
vn -0.0002 -0.6768 -0.7361
vn -0.0000 1.0000 -0.0086
vn 0.0002 -0.8011 0.5986
vn 0.0002 -0.4319 0.9019
vn -0.0000 1.0000 0.0084
vn 0.0002 -0.6484 0.7613
vn -0.0000 0.9997 0.0258
vn -0.0001 0.9401 -0.3410
vn -0.0002 0.2425 -0.9701
vn 0.0002 -0.4245 0.9054
vn -0.0000 -0.0000 -0.0000
vn 0.0001 0.8320 0.5547
vn 0.0002 0.2425 0.9701
vn -0.0001 0.8320 -0.5547
vn -0.2358 -0.3247 -0.9160
vn -0.1771 -0.9236 -0.3400
vn -0.5751 -0.5780 -0.5789
vn -0.6942 -0.1731 -0.6987
vn -0.1429 -0.9895 0.0196
vn -0.6960 -0.6970 -0.1729
vn -0.9672 -0.1795 -0.1797
vn -0.1729 -0.1795 0.9685
vn -0.6938 -0.1731 0.6991
vn -0.5749 -0.5780 0.5792
vn -0.1680 -0.6970 0.6972
vn -0.9671 -0.1795 0.1802
vn -0.6959 -0.6970 0.1732
vn -0.1782 -0.9675 0.1796
vn 0.6101 0.7402 0.2826
vn 0.3603 0.9231 0.1346
vn 0.6406 0.7639 -0.0786
vn 0.7932 0.4429 -0.4179
vn 0.8646 0.3619 -0.3485
vn 0.3459 -0.8040 -0.4837
vn -0.1636 -0.9862 0.0239
vn -0.1208 -0.9923 0.0270
vn -0.0695 -0.9951 0.0697
vn -0.1186 -0.9917 0.0494
vn -0.4940 -0.7895 0.3643
vn -0.4850 -0.7268 0.4863
vn -0.1612 -0.9846 0.0673
vn -0.6880 -0.2266 0.6895
vn -0.3633 -0.7892 0.4952
vn -0.1256 -0.9448 0.3028
vn 0.2126 0.4990 0.8401
vn -0.0222 -0.9848 0.1725
vn 0.6662 -0.6764 0.3141
vn 0.9023 0.4153 -0.1154
vn -0.4304 -0.9024 -0.0222
vn 0.9964 0.0491 0.0691
vn 0.5141 0.8163 -0.2633
vn -0.1535 -0.8966 -0.4155
vn -0.1071 -0.9509 -0.2904
vn -0.0693 -0.9952 0.0695
vn -0.1693 -0.9853 -0.0225
vn -0.4929 -0.7900 0.3645
vn -0.4834 -0.7288 0.4849
vn 0.0012 -0.9847 -0.1745
vn -0.6870 -0.2300 0.6893
vn -0.3627 -0.7904 0.4938
vn 0.0228 -0.9841 0.1764
vn 0.0131 -0.9883 0.1518
vn -0.9672 -0.1794 0.1796
vn -0.6965 -0.6965 0.1727
vn -0.5772 -0.5773 0.5775
vn -0.6963 -0.1726 0.6967
vn -0.1793 -0.9673 0.1794
vn -0.1724 -0.6965 0.6965
vn -0.1791 -0.1794 0.9673
vn -0.1796 -0.1794 -0.9672
vn -0.1727 -0.6965 -0.6965
vn -0.5775 -0.5774 -0.5772
vn -0.6967 -0.1726 -0.6963
vn -0.1794 -0.9673 -0.1793
vn -0.6965 -0.6965 -0.1724
vn -0.9673 -0.1794 -0.1791
vn 0.9672 -0.1794 -0.1796
vn 0.6965 -0.6965 -0.1727
vn 0.5772 -0.5774 -0.5775
vn 0.6963 -0.1726 -0.6967
vn 0.1793 -0.9673 -0.1794
vn 0.1724 -0.6965 -0.6965
vn 0.1791 -0.1794 -0.9673
vn 0.9673 -0.1794 0.1791
vn 0.6967 -0.1726 0.6963
vn 0.5775 -0.5774 0.5772
vn 0.6965 -0.6965 0.1724
vn 0.1796 -0.1794 0.9672
vn 0.1727 -0.6965 0.6965
vn 0.1794 -0.9673 0.1793
vn -0.1794 -0.1793 -0.9673
vn -0.1726 -0.6963 -0.6967
vn -0.5769 -0.5771 -0.5780
vn -0.6958 -0.1724 -0.6972
vn -0.1794 -0.9672 -0.1797
vn -0.6963 -0.6963 -0.1739
vn -0.9669 -0.1793 -0.1813
vn 0.9669 -0.1793 -0.1818
vn 0.6962 -0.6963 -0.1743
vn 0.5766 -0.5771 -0.5783
vn 0.6955 -0.1724 -0.6975
vn 0.1793 -0.9672 -0.1798
vn 0.1722 -0.6963 -0.6967
vn 0.1789 -0.1793 -0.9674
vn -0.1789 -0.1793 0.9674
vn -0.6955 -0.1724 0.6975
vn -0.5766 -0.5771 0.5783
vn -0.1722 -0.6963 0.6967
vn -0.9669 -0.1793 0.1818
vn -0.6962 -0.6963 0.1743
vn -0.1793 -0.9672 0.1798
vn 0.1794 -0.9672 0.1797
vn 0.6963 -0.6963 0.1739
vn 0.5769 -0.5771 0.5780
vn 0.1726 -0.6963 0.6967
vn 0.9669 -0.1793 0.1813
vn 0.6958 -0.1724 0.6972
vn 0.1794 -0.1793 0.9673
vn 0.1854 -0.1792 -0.9662
vn 0.6988 -0.1721 -0.6943
vn 0.5795 -0.5767 -0.5758
vn 0.1768 -0.6961 -0.6959
vn 0.9674 -0.1792 -0.1790
vn 0.6970 -0.6961 -0.1722
vn 0.1804 -0.9671 -0.1792
vn -0.1784 -0.9675 -0.1791
vn -0.6962 -0.6971 -0.1713
vn -0.5757 -0.5782 -0.5781
vn -0.1685 -0.6971 -0.6969
vn -0.9676 -0.1796 -0.1775
vn -0.6950 -0.1732 -0.6978
vn -0.1735 -0.1796 -0.9683
vn -0.1731 -0.1796 0.9684
vn -0.6946 -0.1732 0.6982
vn -0.5754 -0.5782 0.5784
vn -0.1681 -0.6971 0.6970
vn -0.9675 -0.1796 0.1780
vn -0.6961 -0.6971 0.1717
vn -0.1783 -0.9675 0.1792
vn 0.9675 -0.1792 0.1786
vn 0.6992 -0.1721 0.6939
vn 0.5798 -0.5767 0.5755
vn 0.6971 -0.6961 0.1719
vn 0.1859 -0.1792 0.9661
vn 0.1772 -0.6961 0.6958
vn 0.1805 -0.9671 0.1792
vn 0.1731 -0.1796 -0.9684
vn 0.6946 -0.1732 -0.6982
vn 0.5754 -0.5782 -0.5784
vn 0.1681 -0.6971 -0.6970
vn 0.9675 -0.1796 -0.1780
vn 0.6961 -0.6971 -0.1717
vn 0.1783 -0.9675 -0.1792
vn -0.9675 -0.1792 -0.1786
vn -0.6992 -0.1721 -0.6939
vn -0.5798 -0.5767 -0.5755
vn -0.6971 -0.6961 -0.1719
vn -0.1859 -0.1792 -0.9661
vn -0.1772 -0.6961 -0.6958
vn -0.1805 -0.9671 -0.1792
vn -0.1854 -0.1792 0.9662
vn -0.6988 -0.1721 0.6943
vn -0.5795 -0.5767 0.5758
vn -0.1768 -0.6961 0.6959
vn -0.9674 -0.1792 0.1790
vn -0.6970 -0.6961 0.1722
vn -0.1804 -0.9671 0.1792
vn 0.1735 -0.1796 0.9683
vn 0.1685 -0.6971 0.6969
vn 0.5757 -0.5782 0.5781
vn 0.6950 -0.1732 0.6978
vn 0.1784 -0.9675 0.1791
vn 0.6962 -0.6971 0.1713
vn 0.9676 -0.1796 0.1775
vn -0.0003 -0.0000 -1.0000
vn 0.0003 -0.0000 1.0000
vn 0.0003 0.0004 1.0000
vn -0.0003 0.0004 -1.0000
vn -0.0000 0.9926 0.1214
vn -0.0003 0.0365 -0.9993
vn 0.0003 0.0365 0.9993
vn 0.9691 -0.1855 0.1623
vn 0.6746 -0.7311 0.1022
vn 0.7045 -0.7097 -0.0008
vn 0.6828 -0.2911 0.6701
vn 0.2532 -0.9674 -0.0002
vn 0.6684 -0.7365 -0.1034
vn 0.9685 -0.1883 -0.1631
vn 0.6761 -0.2965 -0.6746
vn 0.1807 -0.1806 -0.9668
vn 0.5332 -0.8460 -0.0005
vn 0.1927 -0.1351 0.9719
vn 0.3170 -0.3091 0.8966
vn 0.6764 -0.2965 0.6742
vn 0.7045 -0.7097 0.0005
vn 0.2842 -0.4417 -0.8510
vn 0.9686 -0.1883 0.1626
vn 0.6685 -0.7365 0.1031
vn 0.2532 -0.9674 0.0001
vn 0.6745 -0.7311 -0.1025
vn 0.9691 -0.1855 -0.1628
vn 0.6824 -0.2911 -0.6705
vn 0.1922 -0.1351 -0.9720
vn -0.1792 -0.1369 0.9742
vn -0.5332 -0.8460 0.0005
vn -0.7045 -0.7097 0.0008
vn -0.6761 -0.2965 0.6746
vn -0.1927 -0.1351 -0.9719
vn -0.6828 -0.2911 -0.6701
vn -0.9691 -0.1855 -0.1623
vn -0.6746 -0.7311 -0.1022
vn -0.2532 -0.9674 0.0002
vn -0.6684 -0.7365 0.1034
vn -0.9685 -0.1883 0.1631
vn -0.1797 -0.1369 -0.9741
vn -0.6764 -0.2965 -0.6742
vn -0.7045 -0.7097 -0.0005
vn -0.5332 -0.8460 -0.0002
vn -0.9686 -0.1883 -0.1626
vn -0.6685 -0.7365 -0.1031
vn -0.2532 -0.9674 -0.0001
vn -0.6745 -0.7311 0.1025
vn -0.9691 -0.1855 0.1628
vn -0.6824 -0.2911 0.6705
vn -0.1922 -0.1351 0.9720
vn -0.0002 -0.7071 -0.7071
vn -0.0127 0.0129 -0.9998
vn -0.4356 0.9002 0.0001
vn 0.0002 -0.7071 0.7071
vn -0.0122 0.0129 0.9998
vn -0.0544 -0.0000 0.9985
vn 0.0003 0.0150 0.9999
vn -0.0185 -0.0000 -0.9998
vn -0.8410 -0.4945 -0.2195
vn 0.4653 -0.8607 -0.2068
vn -0.0003 -0.7678 -0.6407
vn -0.6748 -0.3209 -0.6646
vn 0.9595 -0.2193 -0.1771
vn 0.6731 -0.3187 -0.6673
vn 0.1728 -0.2588 -0.9504
vn 0.0955 -0.8199 -0.5645
vn -0.0000 -0.9852 -0.1715
vn -0.0958 -0.8205 -0.5635
vn -0.1730 -0.2587 -0.9504
vn 0.9477 -0.2019 -0.2472
vn 0.6744 -0.3209 -0.6650
vn -0.0001 -0.7678 -0.6407
vn -0.5588 -0.7417 -0.3710
vn 0.1725 -0.2587 -0.9504
vn 0.0955 -0.8205 -0.5636
vn -0.0001 -0.9852 -0.1715
vn -0.0958 -0.8199 -0.5645
vn -0.1733 -0.2588 -0.9503
vn -0.6735 -0.3187 -0.6670
vn -0.9623 -0.1980 -0.1866
vn -0.1725 -0.2587 0.9504
vn -0.0955 -0.8205 0.5636
vn 0.0001 -0.7678 0.6407
vn -0.6744 -0.3209 0.6650
vn 0.0001 -0.9852 0.1715
vn 0.0958 -0.8199 0.5645
vn 0.1733 -0.2588 0.9503
vn 0.6735 -0.3187 0.6670
vn 0.9691 -0.1731 0.1757
vn 0.5525 -0.7449 0.3739
vn -0.9568 -0.1478 0.2504
vn -0.1728 -0.2588 0.9503
vn -0.0955 -0.8199 0.5645
vn 0.0003 -0.7678 0.6407
vn -0.6731 -0.3187 0.6673
vn -0.0000 -0.9852 0.1715
vn 0.0958 -0.8205 0.5636
vn 0.1730 -0.2587 0.9504
vn 0.6748 -0.3209 0.6646
vn 0.8595 -0.4257 0.2830
vn -0.6806 -0.6964 0.2275
vn -0.9622 -0.1980 0.1871
vn 0.9584 -0.2546 0.1292
vn 0.7391 -0.6698 0.0711
vn 0.6210 -0.7806 -0.0707
vn 0.9095 -0.4112 0.0618
vn 0.4038 -0.9147 -0.0182
vn 0.3951 -0.9184 0.0198
vn 0.4248 -0.7905 0.4411
vn 0.0650 0.0234 -0.9976
vn 0.7279 -0.6744 0.1240
vn 0.1052 -0.0243 0.9942
vn 0.9724 -0.1399 -0.1867
vn 0.7251 -0.2330 -0.6480
vn 0.1061 0.0326 -0.9938
vn 0.9083 -0.3026 -0.2889
vn 0.1518 -0.0510 -0.9871
vn -0.1424 -0.6538 -0.7431
vn -0.0959 0.0072 0.9954
vn -0.5549 0.4641 -0.6904
vn -0.4223 0.6227 -0.6586
vn -0.1201 -0.1182 -0.9857
vn -0.9711 -0.1360 -0.1962
vn -0.8813 -0.4212 -0.2144
vn -0.8954 0.0331 -0.4440
vn -0.6823 -0.1535 -0.7148
vn 0.1326 -0.1311 -0.9825
vn -0.1554 0.9831 0.0966
vn -0.6064 0.6779 0.4157
vn -0.5552 -0.2058 0.8059
vn -0.5354 -0.1020 -0.8384
vn -0.1698 -0.0406 -0.9846
vn -0.9724 -0.1399 0.1867
vn -0.7251 -0.2330 0.6480
vn -0.1061 0.0326 0.9938
vn -0.9083 -0.3026 0.2889
vn -0.1518 -0.0510 0.9871
vn 0.1424 -0.6538 0.7431
vn 0.1018 -0.1062 -0.9891
vn 0.5549 0.4641 0.6904
vn 0.4223 0.6228 0.6586
vn 0.1201 -0.1181 0.9857
vn 0.9671 -0.1795 -0.1802
vn 0.6959 -0.6970 -0.1732
vn 0.5749 -0.5780 -0.5792
vn 0.6938 -0.1731 -0.6991
vn 0.1913 -0.9740 -0.1215
vn 0.2568 -0.8326 -0.4908
vn 0.2483 -0.3423 -0.9062
vn 0.2207 -0.1483 0.9640
vn 0.2504 -0.8374 0.4858
vn 0.5751 -0.5780 0.5789
vn 0.6942 -0.1731 0.6987
vn 0.1929 -0.9745 0.1149
vn 0.6960 -0.6970 0.1729
vn 0.9672 -0.1795 0.1797
vn -0.1794 -0.9674 0.1790
vn -0.1726 -0.6967 0.6963
vn -0.5778 -0.5776 0.5767
vn -0.6967 -0.6967 0.1712
vn -0.1793 -0.1794 0.9673
vn -0.6971 -0.1727 0.6958
vn -0.9696 -0.1567 0.1881
vn 0.1798 -0.1794 0.9672
vn 0.1729 -0.6967 0.6963
vn 0.5781 -0.5776 0.5764
vn 0.6975 -0.1727 0.6955
vn -0.0224 -0.9872 0.1581
vn 0.3428 -0.9213 0.1836
vn 0.9214 -0.3166 0.2253
vn -0.9422 -0.2516 -0.2213
vn -0.6975 -0.1727 -0.6955
vn -0.5781 -0.5776 -0.5764
vn -0.5511 -0.8058 -0.2167
vn -0.1798 -0.1794 -0.9672
vn -0.1729 -0.6967 -0.6963
vn -0.1138 -0.9761 -0.1851
vn 0.9624 -0.1224 -0.2426
vn 0.5050 -0.8280 -0.2439
vn 0.5778 -0.5776 -0.5767
vn 0.6971 -0.1727 -0.6958
vn 0.1217 -0.9753 -0.1843
vn 0.1726 -0.6967 -0.6963
vn 0.1793 -0.1794 -0.9673
vn 0.9728 0.1371 -0.1869
vn 0.6914 0.1599 -0.7046
vn 0.6164 0.5476 -0.5658
vn 0.7579 0.6285 -0.1750
vn 0.1724 0.1996 -0.9646
vn 0.1879 0.7130 -0.6756
vn 0.2409 0.9571 -0.1611
vn 0.1729 0.1996 0.9645
vn 0.6917 0.1599 0.7042
vn 0.6167 0.5476 0.5655
vn 0.1882 0.7130 0.6755
vn 0.9729 0.1371 0.1864
vn 0.7580 0.6285 0.1746
vn 0.2410 0.9571 0.1609
vn -0.1724 0.1996 0.9646
vn -0.1879 0.7130 0.6756
vn -0.6164 0.5476 0.5658
vn -0.6914 0.1599 0.7046
vn -0.2409 0.9571 0.1611
vn -0.7579 0.6285 0.1750
vn -0.9728 0.1371 0.1869
vn -0.9729 0.1371 -0.1864
vn -0.7580 0.6285 -0.1746
vn -0.6167 0.5476 -0.5655
vn -0.6917 0.1599 -0.7042
vn -0.2410 0.9571 -0.1609
vn -0.1882 0.7130 -0.6755
vn -0.1729 0.1996 -0.9645
vn 0.3916 0.9174 -0.0716
vn 0.3735 0.8920 -0.2546
vn 0.2905 0.9379 -0.1899
vn 0.3692 0.9279 -0.0524
vn 0.0939 0.9022 -0.4210
vn 0.0851 0.9653 -0.2469
vn 0.0953 0.9936 -0.0599
vn 0.0941 0.9022 0.4209
vn 0.3736 0.8920 0.2544
vn 0.2906 0.9379 0.1897
vn 0.0852 0.9653 0.2469
vn 0.3916 0.9174 0.0714
vn 0.3692 0.9279 0.0522
vn 0.0953 0.9936 0.0599
vn -0.0939 0.9022 0.4210
vn -0.0851 0.9653 0.2469
vn -0.2905 0.9379 0.1899
vn -0.3735 0.8920 0.2546
vn -0.0953 0.9936 0.0599
vn -0.3692 0.9279 0.0524
vn -0.3916 0.9174 0.0716
vn -0.3916 0.9174 -0.0714
vn -0.3692 0.9279 -0.0522
vn -0.2906 0.9379 -0.1897
vn -0.3736 0.8920 -0.2544
vn -0.0953 0.9936 -0.0599
vn -0.0852 0.9653 -0.2469
vn -0.0941 0.9022 -0.4209
vn -0.6929 -0.7068 -0.1424
vn 0.2700 -0.8449 -0.4619
vn -0.0000 -1.0000 -0.0004
vn -0.0000 -1.0000 -0.0002
vn -0.1878 -0.8154 -0.5476
vn -0.8055 -0.5926 -0.0018
vn -0.9950 -0.0971 0.0216
vn 0.5809 -0.7895 0.1980
vn 0.0059 -0.5930 0.8052
vn 0.0072 -0.1512 0.9885
vn 0.0004 -1.0000 -0.0000
vn 0.0016 -1.0000 -0.0000
vn 0.1802 -0.8731 0.4530
vn -0.0668 -0.9773 -0.2008
vn -0.1610 -0.8800 -0.4467
vn 0.2711 -0.6258 0.7314
vn -0.4228 -0.9009 -0.0982
vn 0.1789 -0.9832 0.0374
vn 0.4206 -0.9026 0.0922
vn 0.4755 -0.8701 -0.1296
vn -0.0001 -0.2505 0.9681
vn 0.0002 -0.5926 0.8055
vn -0.9998 0.0219 -0.0013
vn -0.8052 -0.5930 0.0002
vn -0.0168 -0.8745 -0.4847
vn -0.0102 -0.9431 -0.3325
vn -0.0076 -0.9620 -0.2728
vn -0.0032 -0.9854 -0.1700
vn 0.4673 -0.8841 0.0075
vn 0.5585 -0.8295 0.0098
vn 0.5622 -0.8269 0.0099
vn 0.8616 -0.5075 0.0084
vn 0.9642 -0.2653 0.0060
vn 0.0240 -0.9997 -0.0000
vn 0.0113 -0.9999 -0.0000
vn 0.0053 -1.0000 -0.0000
vn -0.5333 -0.8459 0.0001
vn -0.2209 -0.9753 0.0001
vn -0.2605 -0.9655 0.0001
vn -0.2605 -0.9655 -0.0000
vn -0.7866 -0.6174 0.0001
vn -0.7866 -0.6174 0.0003
vn -0.9897 -0.1432 0.0002
vn -0.9897 -0.1432 0.0003
vn 0.2605 -0.9655 -0.0001
vn 0.2605 -0.9655 -0.0000
vn 0.7866 -0.6174 -0.0001
vn 0.7866 -0.6174 -0.0003
vn 0.9897 -0.1432 -0.0002
vn 0.9897 -0.1432 -0.0003
vn -0.2605 0.9655 -0.0000
vn -0.2605 0.9655 0.0001
vn -0.7866 0.6174 0.0003
vn -0.7866 0.6174 0.0001
vn -0.9897 0.1432 0.0003
vn -0.9897 0.1431 0.0002
vn 0.9897 0.1432 -0.0003
vn 0.9897 0.1431 -0.0002
vn 0.7866 0.6174 -0.0001
vn 0.7866 0.6174 -0.0003
vn 0.2605 0.9655 -0.0000
vn 0.2605 0.9655 -0.0001
vn -0.0001 0.9855 -0.1696
vn -0.0000 0.9855 -0.1696
vn -0.0001 0.7450 -0.6671
vn -0.0003 0.7450 -0.6671
vn -0.0002 0.2236 -0.9747
vn -0.0003 0.2236 -0.9747
vn 0.8314 -0.5538 -0.0448
vn 0.4226 -0.9029 -0.0790
vn -0.0000 -0.9855 0.1696
vn 0.0001 -0.9855 0.1696
vn 0.0003 -0.7450 0.6671
vn 0.0001 -0.7450 0.6671
vn 0.0003 -0.2236 0.9747
vn 0.0002 -0.2236 0.9747
vn -0.0000 -0.9855 -0.1696
vn -0.0001 -0.9855 -0.1696
vn -0.0003 -0.7450 -0.6671
vn -0.0001 -0.7450 -0.6671
vn -0.0003 -0.2236 -0.9747
vn -0.0002 -0.2236 -0.9747
vn -0.8998 -0.4351 0.0319
vn -0.8314 -0.5538 0.0448
vn 0.0001 0.9855 0.1696
vn -0.0000 0.9855 0.1696
vn 0.0001 0.7450 0.6671
vn 0.0003 0.7450 0.6671
vn 0.0002 0.2236 0.9747
vn 0.0003 0.2236 0.9747
vn -0.3038 0.9527 0.0001
vn -0.3039 0.9527 0.0001
vn -0.4364 0.8998 0.0001
vn -0.4364 0.8998 0.0002
vn -0.1422 0.9898 -0.0000
vn -0.1422 0.9898 0.0001
vn 0.1422 0.9898 -0.0000
vn 0.1422 0.9898 -0.0001
vn 0.4364 0.8998 -0.0002
vn 0.4364 0.8998 -0.0001
vn 0.3038 0.9527 -0.0001
vn 0.3039 0.9527 -0.0001
vn -0.0001 0.9011 -0.4336
vn -0.0001 0.9690 -0.2472
vn -0.0000 0.9690 -0.2472
vn -0.0000 0.9976 -0.0687
vn 0.0001 0.9011 0.4336
vn 0.0001 0.9690 0.2472
vn -0.0000 0.9690 0.2472
vn -0.0000 0.9976 0.0687
vn -0.1117 0.9937 -0.0000
vn -0.3845 0.9231 0.0001
vn -0.2790 0.9603 0.0001
vn 0.2790 0.9603 -0.0001
vn 0.3845 0.9231 -0.0001
vn 0.1117 0.9937 -0.0000
vn -0.0000 0.9970 -0.0771
vn -0.0001 0.9645 -0.2642
vn -0.0001 0.8971 -0.4418
vn -0.0000 0.9970 0.0771
vn 0.0001 0.9645 0.2642
vn 0.0001 0.8971 0.4418
vn 0.0068 -0.0000 -1.0000
vn 0.5181 -0.8553 0.0008
vn -0.0035 -0.0050 -1.0000
vn -0.0016 -0.8945 -0.4470
vn -0.9610 0.2764 -0.0021
vn 0.9963 0.0859 0.0037
vn -0.0005 -0.1283 0.9917
vn -0.9955 0.0878 0.0356
vn 0.9927 0.1204 0.0016
vn -0.0004 -0.1644 0.9864
vn -0.9993 0.0357 -0.0085
vn 0.9977 -0.0585 -0.0340
vn 0.0010 -0.1692 -0.9856
vt 0.325062 0.700062
vt 0.325062 0.549938
vt 0.174938 0.549938
vt 0.174938 0.700062
vt 0.135112 0.742496
vt 0.132504 0.742496
vt 0.132829 0.742111
vt 0.133528 0.742496
vt 0.132504 0.739307
vt 0.132504 0.741059
vt 0.130546 0.744454
vt 0.839705 0.711882
vt 0.839705 0.714705
vt 0.839705 0.714633
vt 0.839705 0.714103
vt 0.838046 0.714705
vt 0.839705 0.714705
vt 0.841663 0.716663
vt 0.135112 0.507504
vt 0.133528 0.507504
vt 0.132829 0.507890
vt 0.132504 0.507504
vt 0.130546 0.505546
vt 0.132504 0.508941
vt 0.132504 0.510693
vt 0.839705 0.538118
vt 0.839705 0.535897
vt 0.839705 0.535368
vt 0.839705 0.535295
vt 0.841663 0.533338
vt 0.838046 0.535295
vt 0.367496 0.739307
vt 0.367496 0.742496
vt 0.367171 0.742110
vt 0.367496 0.741059
vt 0.364888 0.742496
vt 0.366472 0.742496
vt 0.369454 0.744454
vt 0.660295 0.711882
vt 0.660295 0.714103
vt 0.660295 0.714633
vt 0.660295 0.714705
vt 0.658338 0.716662
vt 0.660295 0.714705
vt 0.661955 0.714705
vt 0.367496 0.510693
vt 0.367496 0.508941
vt 0.367171 0.507890
vt 0.367496 0.507504
vt 0.369454 0.505546
vt 0.366472 0.507504
vt 0.364888 0.507504
vt 0.660295 0.538118
vt 0.660295 0.535295
vt 0.660295 0.535368
vt 0.660295 0.535897
vt 0.661955 0.535295
vt 0.658338 0.533338
vt 0.571846 0.002823
vt 0.625000 0.002422
vt 0.625000 0.001016
vt 0.571846 0.000000
vt 0.873042 0.748042
vt 0.873168 0.750000
vt 0.874231 0.750000
vt 0.875000 0.747578
vt 0.571846 0.998341
vt 0.571846 1.000000
vt 0.602535 1.000000
vt 0.625000 0.998168
vt 0.571846 0.247177
vt 0.571846 0.250000
vt 0.613768 0.250384
vt 0.625000 0.247578
vt 0.571846 0.251659
vt 0.625000 0.251832
vt 0.873042 0.501958
vt 0.875000 0.502422
vt 0.875000 0.501016
vt 0.873168 0.500000
vt 0.571846 0.502823
vt 0.625000 0.502422
vt 0.617768 0.500339
vt 0.571846 0.500000
vt 0.626958 0.501958
vt 0.625916 0.499084
vt 0.571846 0.498341
vt 0.571846 0.747177
vt 0.571846 0.750000
vt 0.617512 0.749918
vt 0.625000 0.747578
vt 0.571846 0.751659
vt 0.625916 0.750916
vt 0.626958 0.748042
vt 0.851949 0.726949
vt 0.851949 0.726949
vt 0.853997 0.728997
vt 0.851949 0.523051
vt 0.853997 0.521003
vt 0.648051 0.523051
vt 0.646003 0.521003
vt 0.648051 0.726949
vt 0.646003 0.728997
vt 0.851949 0.725538
vt 0.851808 0.726710
vt 0.850290 0.724126
vt 0.851120 0.726949
vt 0.851808 0.523290
vt 0.851949 0.524462
vt 0.851120 0.523051
vt 0.850290 0.525874
vt 0.648051 0.524462
vt 0.648192 0.523290
vt 0.649710 0.525874
vt 0.648881 0.523051
vt 0.648192 0.726710
vt 0.648051 0.725538
vt 0.648881 0.726949
vt 0.649710 0.724127
vt 0.825380 0.711882
vt 0.825380 0.711876
vt 0.825155 0.714304
vt 0.825392 0.714705
vt 0.824136 0.711877
vt 0.823729 0.714705
vt 0.823733 0.714705
vt 0.674620 0.711882
vt 0.674608 0.714705
vt 0.674846 0.714304
vt 0.674620 0.711876
vt 0.676268 0.714705
vt 0.676271 0.714705
vt 0.676279 0.711882
vt 0.000000 0.000000
vt 0.675911 0.547558
vt 0.674668 0.549503
vt 0.674703 0.549346
vt 0.674668 0.549668
vt 0.675326 0.549505
vt 0.675984 0.546849
vt 0.674660 0.547694
vt 0.673341 0.697516
vt 0.674171 0.700172
vt 0.674748 0.700332
vt 0.674668 0.697513
vt 0.674668 0.700332
vt 0.674759 0.701453
vt 0.676315 0.702449
vt 0.676321 0.700332
vt 0.826991 0.698081
vt 0.825428 0.699206
vt 0.825332 0.700269
vt 0.826489 0.700337
vt 0.825332 0.700332
vt 0.825428 0.700332
vt 0.826980 0.698074
vt 0.825332 0.700332
vt 0.824017 0.546849
vt 0.824839 0.549505
vt 0.825414 0.549668
vt 0.825344 0.546842
vt 0.825332 0.549668
vt 0.825429 0.550794
vt 0.826991 0.551919
vt 0.826997 0.549661
vt 0.660529 0.714307
vt 0.661955 0.711882
vt 0.660295 0.711882
vt 0.660295 0.711882
vt 0.839705 0.711882
vt 0.839705 0.711882
vt 0.839471 0.714307
vt 0.838046 0.711882
vt 0.838046 0.714705
vt 0.838046 0.535295
vt 0.839471 0.535693
vt 0.838046 0.538118
vt 0.839705 0.538118
vt 0.839705 0.538118
vt 0.661954 0.535295
vt 0.660529 0.535693
vt 0.661954 0.535295
vt 0.661954 0.538118
vt 0.839705 0.546786
vt 0.839705 0.546788
vt 0.839472 0.549213
vt 0.839705 0.549608
vt 0.838046 0.546793
vt 0.838047 0.549615
vt 0.838046 0.549615
vt 0.838046 0.700385
vt 0.838047 0.700385
vt 0.839472 0.700788
vt 0.839705 0.700392
vt 0.838046 0.703207
vt 0.839705 0.703212
vt 0.839705 0.703214
vt 0.660295 0.546786
vt 0.660295 0.549608
vt 0.660529 0.549213
vt 0.660295 0.546788
vt 0.661955 0.549615
vt 0.661953 0.549615
vt 0.661955 0.546793
vt 0.661954 0.703207
vt 0.661953 0.700385
vt 0.660529 0.700787
vt 0.660295 0.703212
vt 0.661954 0.700385
vt 0.660295 0.700392
vt 0.660295 0.703214
vt 0.674620 0.538118
vt 0.674608 0.535295
vt 0.674378 0.535690
vt 0.674620 0.538112
vt 0.672949 0.535295
vt 0.672953 0.535295
vt 0.672961 0.538118
vt 0.672997 0.546838
vt 0.673004 0.549661
vt 0.674430 0.549266
vt 0.674656 0.546837
vt 0.673009 0.549661
vt 0.674656 0.546845
vt 0.825344 0.546845
vt 0.825570 0.549266
vt 0.825344 0.546838
vt 0.826991 0.549661
vt 0.826996 0.549661
vt 0.827003 0.546838
vt 0.827051 0.535295
vt 0.825392 0.535295
vt 0.825622 0.535690
vt 0.827048 0.535295
vt 0.825380 0.538118
vt 0.825380 0.538112
vt 0.827039 0.538118
vt 0.674656 0.703155
vt 0.674430 0.700735
vt 0.674656 0.703163
vt 0.673009 0.700339
vt 0.673004 0.700339
vt 0.672997 0.703162
vt 0.672949 0.714705
vt 0.674378 0.714310
vt 0.672953 0.714705
vt 0.674620 0.711882
vt 0.674620 0.711888
vt 0.672961 0.711882
vt 0.825392 0.714705
vt 0.825622 0.714310
vt 0.825380 0.711888
vt 0.827051 0.714705
vt 0.827048 0.714705
vt 0.827039 0.711882
vt 0.825344 0.703155
vt 0.825344 0.703163
vt 0.825570 0.700735
vt 0.825332 0.700332
vt 0.827003 0.703162
vt 0.826996 0.700339
vt 0.826991 0.700339
vt 0.674427 0.523051
vt 0.674451 0.523051
vt 0.674472 0.523051
vt 0.674463 0.523051
vt 0.674476 0.523051
vt 0.674488 0.523051
vt 0.674500 0.520945
vt 0.825524 0.523051
vt 0.825575 0.523051
vt 0.825680 0.523051
vt 0.825517 0.523051
vt 0.827183 0.523051
vt 0.826342 0.523051
vt 0.825500 0.520945
vt 0.825574 0.726949
vt 0.825549 0.726949
vt 0.825528 0.726949
vt 0.825537 0.726949
vt 0.825524 0.726949
vt 0.825512 0.726949
vt 0.825500 0.729055
vt 0.674476 0.726949
vt 0.674425 0.726949
vt 0.674320 0.726949
vt 0.674483 0.726949
vt 0.672817 0.726949
vt 0.673659 0.726949
vt 0.674500 0.729055
vt 0.674475 0.523051
vt 0.674450 0.523051
vt 0.674441 0.523051
vt 0.674471 0.523051
vt 0.674425 0.523051
vt 0.674468 0.525874
vt 0.823916 0.523051
vt 0.824389 0.523051
vt 0.825391 0.523051
vt 0.825524 0.523051
vt 0.825533 0.525874
vt 0.825525 0.726949
vt 0.825550 0.726949
vt 0.825559 0.726949
vt 0.825529 0.726949
vt 0.825575 0.726949
vt 0.825533 0.724126
vt 0.676084 0.726949
vt 0.675611 0.726949
vt 0.674610 0.726949
vt 0.674467 0.724126
vt 0.827051 0.535295
vt 0.826123 0.535295
vt 0.825392 0.535380
vt 0.825422 0.533273
vt 0.824695 0.535295
vt 0.823733 0.535295
vt 0.825380 0.538118
vt 0.674620 0.538118
vt 0.674608 0.535380
vt 0.676268 0.535295
vt 0.675305 0.535295
vt 0.674578 0.533273
vt 0.673878 0.535295
vt 0.672949 0.535295
vt 0.674620 0.538118
vt 0.674620 0.711882
vt 0.674608 0.714620
vt 0.674620 0.711882
vt 0.674608 0.714705
vt 0.672949 0.714705
vt 0.673878 0.714705
vt 0.674578 0.716727
vt 0.675305 0.714705
vt 0.676268 0.714705
vt 0.825380 0.711882
vt 0.825392 0.714620
vt 0.824695 0.714705
vt 0.825422 0.716727
vt 0.826123 0.714705
vt 0.827051 0.714705
vt 0.825380 0.711882
vt 0.851949 0.549427
vt 0.851949 0.549452
vt 0.851949 0.549468
vt 0.851949 0.549476
vt 0.853982 0.549476
vt 0.851949 0.700524
vt 0.851949 0.700575
vt 0.851949 0.700821
vt 0.851949 0.700524
vt 0.851949 0.703347
vt 0.851949 0.702520
vt 0.853982 0.700524
vt 0.648051 0.700573
vt 0.648051 0.700548
vt 0.648051 0.700532
vt 0.648051 0.700524
vt 0.646018 0.700524
vt 0.648051 0.549476
vt 0.648051 0.549425
vt 0.648051 0.549179
vt 0.648051 0.546653
vt 0.648051 0.547480
vt 0.646018 0.549476
vt 0.851949 0.549474
vt 0.851949 0.549449
vt 0.851949 0.549438
vt 0.851949 0.549462
vt 0.851949 0.549425
vt 0.850290 0.549450
vt 0.851949 0.697752
vt 0.851949 0.698572
vt 0.851949 0.700277
vt 0.850290 0.700550
vt 0.648051 0.700526
vt 0.648051 0.700551
vt 0.648051 0.700563
vt 0.648051 0.700538
vt 0.648051 0.700575
vt 0.649710 0.700550
vt 0.648051 0.552248
vt 0.648051 0.551428
vt 0.648051 0.549724
vt 0.649710 0.549450
vt 0.838046 0.700385
vt 0.839669 0.700392
vt 0.838046 0.700385
vt 0.839705 0.703214
vt 0.839705 0.701911
vt 0.841641 0.700421
vt 0.839705 0.698900
vt 0.839705 0.697569
vt 0.838046 0.549615
vt 0.839669 0.549608
vt 0.839705 0.552431
vt 0.839705 0.551101
vt 0.841641 0.549580
vt 0.839705 0.548089
vt 0.839705 0.546786
vt 0.660295 0.697569
vt 0.660295 0.698899
vt 0.660332 0.700392
vt 0.658360 0.700421
vt 0.660295 0.701911
vt 0.660295 0.703214
vt 0.661954 0.700385
vt 0.661955 0.700385
vt 0.660295 0.548089
vt 0.660332 0.549608
vt 0.660295 0.549608
vt 0.658360 0.549579
vt 0.660295 0.551101
vt 0.660295 0.552431
vt 0.661955 0.549615
vt 0.826991 0.700339
vt 0.826989 0.700339
vt 0.825376 0.700332
vt 0.824226 0.697979
vt 0.824779 0.700192
vt 0.825331 0.698218
vt 0.825344 0.703155
vt 0.674668 0.700428
vt 0.673840 0.700336
vt 0.674656 0.703155
vt 0.674666 0.701092
vt 0.674506 0.700332
vt 0.673008 0.701744
vt 0.674460 0.700333
vt 0.673840 0.549664
vt 0.674578 0.549571
vt 0.673008 0.547785
vt 0.674506 0.549668
vt 0.674391 0.549667
vt 0.674668 0.549668
vt 0.674664 0.548843
vt 0.674656 0.546845
vt 0.826991 0.549661
vt 0.825333 0.549572
vt 0.826161 0.549665
vt 0.825344 0.546845
vt 0.825335 0.548908
vt 0.825495 0.549668
vt 0.826992 0.547785
vt 0.825609 0.549667
vt 0.823733 0.535295
vt 0.823729 0.535295
vt 0.825155 0.535696
vt 0.825392 0.535295
vt 0.823721 0.538118
vt 0.825380 0.538124
vt 0.825380 0.538118
vt 0.674620 0.538124
vt 0.674846 0.535696
vt 0.676279 0.538118
vt 0.676271 0.535295
vt 0.676268 0.535295
vt 0.661954 0.697562
vt 0.660295 0.697567
vt 0.660530 0.699992
vt 0.661956 0.700385
vt 0.660295 0.697569
vt 0.661955 0.700385
vt 0.660295 0.552431
vt 0.660295 0.552433
vt 0.660530 0.550008
vt 0.661955 0.552438
vt 0.661956 0.549615
vt 0.661954 0.549615
vt 0.838046 0.700385
vt 0.839471 0.699992
vt 0.838045 0.700385
vt 0.839705 0.697569
vt 0.839705 0.697567
vt 0.838046 0.697562
vt 0.838045 0.549615
vt 0.839471 0.550008
vt 0.838046 0.552438
vt 0.839705 0.552433
vt 0.428154 0.251659
vt 0.428154 0.250000
vt 0.386232 0.249492
vt 0.375000 0.251832
vt 0.428154 0.247177
vt 0.375000 0.247578
vt 0.126958 0.501958
vt 0.126832 0.500000
vt 0.125769 0.500000
vt 0.125000 0.502422
vt 0.428154 0.502823
vt 0.428154 0.500000
vt 0.382488 0.500082
vt 0.375000 0.502422
vt 0.428154 0.498341
vt 0.374084 0.499084
vt 0.373042 0.501958
vt 0.428154 0.747177
vt 0.375000 0.747578
vt 0.382232 0.749661
vt 0.428154 0.750000
vt 0.373042 0.748042
vt 0.374084 0.750916
vt 0.428154 0.751659
vt 0.428154 0.998341
vt 0.375000 0.998168
vt 0.375000 0.999231
vt 0.428154 1.000000
vt 0.126958 0.748042
vt 0.125000 0.747578
vt 0.125000 0.748984
vt 0.126832 0.750000
vt 0.428154 0.002823
vt 0.428154 0.000000
vt 0.397465 0.000000
vt 0.375000 0.002422
vt 0.132568 0.507703
vt 0.133674 0.507504
vt 0.132504 0.510713
vt 0.132504 0.509863
vt 0.134221 0.510426
vt 0.367496 0.510713
vt 0.367433 0.507703
vt 0.367496 0.509863
vt 0.366326 0.507504
vt 0.365779 0.510426
vt 0.367496 0.739287
vt 0.367496 0.740137
vt 0.367432 0.742298
vt 0.365779 0.739574
vt 0.366326 0.742496
vt 0.133674 0.742496
vt 0.132568 0.742298
vt 0.132504 0.742496
vt 0.134221 0.739574
vt 0.132504 0.740137
vt 0.132504 0.739287
vt 0.825336 0.700332
vt 0.825344 0.546819
vt 0.673009 0.549670
vt 0.676327 0.697510
vt 0.826989 0.699398
vt 0.674669 0.699334
vt 0.825284 0.747978
vt 0.674716 0.747978
vt 0.674741 0.750000
vt 0.825259 0.750000
vt 0.625000 0.950259
vt 0.625000 0.799741
vt 0.571846 0.799771
vt 0.571846 0.950229
vt 0.674716 0.502022
vt 0.825284 0.502022
vt 0.825259 0.500000
vt 0.674741 0.500000
vt 0.625000 0.450259
vt 0.625000 0.299741
vt 0.571846 0.299771
vt 0.571846 0.450229
vt 0.325111 0.747978
vt 0.174889 0.747978
vt 0.174885 0.750000
vt 0.325115 0.750000
vt 0.375000 0.799885
vt 0.375000 0.950115
vt 0.428154 0.950143
vt 0.428154 0.799857
vt 0.428154 0.450143
vt 0.428154 0.299857
vt 0.375000 0.299885
vt 0.375000 0.450115
vt 0.325115 0.500000
vt 0.174885 0.500000
vt 0.174889 0.502022
vt 0.325111 0.502022
vt 0.126936 0.700111
vt 0.126936 0.549889
vt 0.125000 0.549885
vt 0.125000 0.700115
vt 0.375000 0.049885
vt 0.375000 0.200115
vt 0.428154 0.200143
vt 0.428154 0.049858
vt 0.674671 0.549668
vt 0.626936 0.700283
vt 0.626936 0.549717
vt 0.625000 0.549741
vt 0.625000 0.700259
vt 0.571846 0.549771
vt 0.571846 0.700229
vt 0.873064 0.549717
vt 0.873064 0.700283
vt 0.875000 0.700259
vt 0.875000 0.549741
vt 0.625000 0.200259
vt 0.625000 0.049741
vt 0.571846 0.049771
vt 0.571846 0.200229
vt 0.373064 0.549889
vt 0.373064 0.700111
vt 0.375000 0.700115
vt 0.375000 0.549885
vt 0.428154 0.700143
vt 0.428154 0.549857
vt 0.325111 0.742496
vt 0.174889 0.742496
vt 0.175076 0.742496
vt 0.324925 0.742496
vt 0.174889 0.744518
vt 0.325111 0.744518
vt 0.325111 0.505482
vt 0.174889 0.505482
vt 0.175076 0.507504
vt 0.324924 0.507504
vt 0.174889 0.507504
vt 0.325111 0.507504
vt 0.132504 0.700111
vt 0.132504 0.549889
vt 0.132504 0.550023
vt 0.132504 0.699977
vt 0.130568 0.549889
vt 0.130568 0.700111
vt 0.367496 0.549889
vt 0.367496 0.700111
vt 0.367496 0.699977
vt 0.367496 0.550023
vt 0.369432 0.700111
vt 0.369432 0.549889
vt 0.325107 0.739574
vt 0.174893 0.739574
vt 0.174697 0.742496
vt 0.325303 0.742496
vt 0.174889 0.507504
vt 0.174697 0.507504
vt 0.325303 0.507504
vt 0.174893 0.510426
vt 0.325107 0.510426
vt 0.134221 0.700109
vt 0.134221 0.549891
vt 0.132504 0.549751
vt 0.132504 0.700249
vt 0.132504 0.549889
vt 0.132504 0.700111
vt 0.365779 0.549891
vt 0.365779 0.700109
vt 0.367496 0.700249
vt 0.367496 0.549751
vt 0.367496 0.700111
vt 0.367496 0.549889
vt 0.825330 0.549668
s 1
usemtl Material.023
f 642/449/265 641/450/265 644/451/265 643/452/265
f 645/453/266 648/454/267 649/455/268 651/456/269
f 646/457/270 650/458/271 649/455/268 648/454/267
f 647/459/272 651/456/269 649/455/268 650/458/271
f 652/460/273 655/461/274 656/462/275 658/463/276
f 653/464/277 657/465/278 656/462/275 655/461/274
f 654/466/279 658/463/276 656/462/275 657/465/278
f 659/467/280 662/468/281 663/469/282 665/470/283
f 660/471/284 664/472/285 663/469/282 662/468/281
f 661/473/286 665/470/283 663/469/282 664/472/285
f 666/474/287 669/475/288 670/476/289 672/477/290
f 667/478/291 671/477/292 670/476/289 669/475/288
f 668/479/293 672/477/290 670/476/289 671/477/292
f 673/480/294 676/481/295 677/482/296 679/483/297
f 674/484/298 678/485/299 677/482/296 676/481/295
f 675/486/300 679/483/297 677/482/296 678/485/299
f 680/487/301 683/488/302 684/489/303 686/490/304
f 681/491/305 685/492/306 684/489/303 683/488/302
f 682/493/307 686/490/304 684/489/303 685/492/306
f 687/494/308 690/495/309 691/496/310 693/497/311
f 688/498/312 692/499/313 691/496/310 690/495/309
f 689/500/314 693/497/311 691/496/310 692/499/313
f 694/501/315 697/502/316 698/503/317 700/504/318
f 695/505/319 699/502/320 698/503/317 697/502/316
f 696/506/321 700/504/318 698/503/317 699/502/320
f 701/507/322 704/508/323 705/509/324 707/510/325
f 702/511/326 706/512/327 705/513/324 704/514/323
f 703/515/328 707/516/325 705/517/324 706/518/327
f 708/519/329 711/520/330 712/521/331 714/522/332
f 709/523/333 713/524/334 712/521/331 711/520/330
f 710/525/335 714/526/332 712/527/331 713/528/334
f 715/529/336 718/530/337 719/531/338 721/532/339
f 716/533/340 720/534/341 719/531/338 718/530/337
f 717/535/342 721/532/339 719/531/338 720/534/341
f 722/536/343 725/537/344 726/538/345 728/539/346
f 723/540/347 727/541/348 726/538/345 725/537/344
f 724/542/349 728/539/346 726/538/345 727/541/348
f 729/543/350 732/543/265 733/544/265 735/543/351
f 730/543/352 734/543/353 733/544/265 732/543/265
f 731/545/354 735/543/351 733/544/265 734/543/353
f 736/546/355 739/546/356 740/546/265 742/546/265
f 737/547/354 741/546/357 740/546/265 739/546/356
f 738/546/265 742/546/265 740/546/265 741/546/357
f 743/548/358 746/548/265 747/548/265 749/548/359
f 744/548/265 748/548/360 747/548/265 746/548/265
f 745/549/354 749/548/359 747/548/265 748/548/360
f 750/550/361 753/550/354 754/550/265 756/550/265
f 751/551/354 755/550/362 754/550/265 753/550/354
f 752/550/363 756/550/265 754/550/265 755/550/362
f 757/543/364 760/552/365 761/553/366 763/543/265
f 758/554/354 762/555/265 761/553/366 760/552/365
f 759/543/367 763/543/265 761/553/366 762/555/265
f 764/546/364 767/546/265 768/556/366 770/557/354
f 765/546/367 769/558/265 768/556/366 767/546/265
f 766/559/354 770/557/354 768/556/366 769/558/265
f 771/548/368 774/560/354 775/561/366 777/548/265
f 772/562/354 776/563/265 775/561/366 774/560/354
f 773/548/369 777/548/265 775/561/366 776/563/265
f 778/550/368 781/550/265 782/564/366 784/565/354
f 779/550/369 783/566/265 782/564/366 781/550/265
f 780/567/354 784/565/354 782/564/366 783/566/265
f 785/568/370 788/569/371 789/570/372 791/571/373
f 786/572/374 790/573/375 789/570/372 788/569/371
f 787/574/376 791/571/373 789/570/372 790/573/375
f 792/575/377 795/576/378 796/577/379 798/578/380
f 793/579/381 797/580/382 796/577/379 795/576/378
f 794/581/383 798/578/380 796/577/379 797/580/382
s 0
f 799/582/384 803/582/384 804/582/384 807/582/384
s 1
f 800/583/385 805/584/386 804/585/387 803/586/385
f 801/586/388 806/587/389 804/585/387 805/584/386
f 802/588/390 807/589/391 804/585/387 806/587/389
s 0
f 808/582/392 812/582/392 813/582/392 816/582/392
s 1
f 809/590/393 814/591/394 813/592/395 812/593/396
f 810/594/397 815/595/398 813/592/395 814/591/394
f 811/596/399 816/597/399 813/592/395 815/595/398
s 0
f 817/582/400 821/582/400 822/582/400 825/582/400
s 1
f 818/598/401 823/599/402 822/600/403 821/601/404
f 819/602/405 824/603/406 822/600/403 823/599/402
f 820/604/407 825/605/408 822/600/403 824/603/406
s 0
f 826/582/409 830/582/409 831/582/409 834/582/409
s 1
f 827/606/410 832/607/411 831/608/412 830/609/413
f 828/610/414 833/611/415 831/608/412 832/607/411
f 829/612/416 834/613/417 831/608/412 833/611/415
f 835/493/418 838/493/419 839/614/420 841/492/421
f 836/615/422 840/616/423 839/614/420 838/493/419
f 837/617/424 841/492/421 839/614/420 840/616/423
f 842/618/425 845/619/426 846/620/427 848/461/428
f 843/621/429 847/464/430 846/620/427 845/619/426
f 844/622/431 848/461/428 846/620/427 847/464/430
f 849/623/432 852/623/433 853/624/434 855/477/435
f 850/625/436 854/626/437 853/624/434 852/623/433
f 851/627/438 855/477/435 853/624/434 854/626/437
f 856/628/439 859/502/440 860/629/441 862/630/442
f 857/501/443 861/501/444 860/629/441 859/502/440
f 858/631/445 862/630/442 860/629/441 861/501/444
f 863/632/446 866/633/447 867/634/448 869/635/449
f 864/636/450 868/637/451 867/634/448 866/633/447
f 865/638/452 869/635/449 867/634/448 868/637/451
f 870/639/453 873/640/454 874/641/455 876/642/456
f 871/643/457 875/644/458 874/641/455 873/640/454
f 872/645/459 876/642/456 874/641/455 875/644/458
f 877/646/460 880/647/461 881/648/462 883/649/463
f 878/650/464 882/651/465 881/648/462 880/647/461
f 879/652/466 883/649/463 881/648/462 882/651/465
f 884/653/467 887/654/468 888/655/469 890/656/470
f 885/657/471 889/658/472 888/655/469 887/654/468
f 886/659/473 890/656/470 888/655/469 889/658/472
f 891/660/474 894/661/475 895/662/476 897/663/477
f 892/664/478 896/665/479 895/662/476 894/661/475
f 893/666/480 897/663/477 895/662/476 896/665/479
f 898/667/481 901/668/482 902/669/483 904/670/484
f 899/671/485 903/586/486 902/669/483 901/668/482
f 900/672/487 904/670/484 902/669/483 903/586/486
f 905/673/488 908/610/489 909/674/490 911/675/491
f 906/676/492 910/677/493 909/674/490 908/610/489
f 907/678/494 911/675/491 909/674/490 910/677/493
f 912/679/495 915/680/496 916/681/497 918/682/498
f 913/683/499 917/684/500 916/681/497 915/680/496
f 914/685/501 918/682/498 916/681/497 917/684/500
f 919/686/502 922/594/503 923/687/504 925/688/505
f 920/689/506 924/690/507 923/687/504 922/594/503
f 921/691/508 925/688/505 923/687/504 924/690/507
f 926/692/509 929/576/510 930/693/511 932/694/512
f 927/695/513 931/696/514 930/693/511 929/576/510
f 928/697/515 932/694/512 930/693/511 931/696/514
f 933/568/516 936/698/517 937/699/518 939/700/519
f 934/701/520 938/702/521 937/699/518 936/698/517
f 935/703/522 939/700/519 937/699/518 938/702/521
f 940/704/523 943/705/524 944/706/525 946/707/526
f 941/708/527 945/709/528 944/706/525 943/705/524
f 942/710/529 946/707/526 944/706/525 945/709/528
f 971/711/530 974/712/531 975/713/354 977/714/354
f 972/715/532 976/716/354 975/713/354 974/712/531
f 973/717/354 977/714/354 975/713/354 976/716/354
f 978/718/265 981/719/366 982/720/354 984/721/354
f 979/722/366 983/723/354 982/720/354 981/719/366
f 980/724/354 984/721/354 982/720/354 983/723/354
f 985/725/531 988/726/530 989/727/354 991/728/354
f 986/729/533 990/730/354 989/727/354 988/726/530
f 987/731/354 991/728/354 989/727/354 990/730/354
f 992/732/534 995/733/366 996/734/354 998/735/354
f 993/736/531 997/737/354 996/734/354 995/733/366
f 994/738/354 998/735/354 996/734/354 997/737/354
f 999/739/530 1002/740/531 1003/741/354 1005/742/354
f 1000/743/531 1004/743/354 1003/741/354 1002/740/531
f 1001/744/354 1005/742/354 1003/741/354 1004/743/354
f 1006/745/531 1009/746/354 1010/747/354 1012/748/535
f 1007/749/354 1011/719/354 1010/747/354 1009/746/354
f 1008/719/530 1012/748/535 1010/747/354 1011/719/354
f 1013/750/531 1016/751/530 1017/752/354 1019/753/354
f 1014/754/530 1018/754/354 1017/752/354 1016/751/530
f 1015/755/354 1019/753/354 1017/752/354 1018/754/354
f 1020/756/366 1023/757/354 1024/758/354 1026/732/536
f 1021/759/354 1025/733/354 1024/758/354 1023/757/354
f 1022/733/531 1026/732/536 1024/758/354 1025/733/354
f 1027/760/537 1032/761/538 1033/762/539 1037/680/540
f 1028/763/541 1034/764/542 1033/762/539 1032/761/538
f 1029/765/543 1035/680/544 1033/762/539 1034/764/542
f 1030/683/545 1036/766/546 1033/762/539 1035/680/544
f 1031/766/547 1037/680/540 1033/762/539 1036/766/546
f 1038/767/548 1043/661/549 1044/768/550 1048/767/551
f 1039/769/552 1045/770/553 1044/768/550 1043/661/549
f 1040/771/554 1046/772/555 1044/768/550 1045/770/553
f 1041/773/556 1047/661/557 1044/768/550 1046/772/555
f 1042/774/558 1048/767/551 1044/768/550 1047/661/557
f 1049/575/559 1054/775/560 1055/776/561 1059/576/562
f 1050/777/563 1056/778/564 1055/776/561 1054/775/560
f 1051/779/565 1057/780/566 1055/776/561 1056/778/564
f 1052/781/567 1058/782/568 1055/776/561 1057/780/566
f 1053/783/569 1059/576/562 1055/776/561 1058/782/568
f 1060/784/570 1065/698/571 1066/785/572 1070/784/573
f 1061/574/574 1067/786/575 1066/785/572 1065/698/571
f 1062/787/576 1068/788/577 1066/785/572 1067/786/575
f 1063/789/578 1069/698/579 1066/785/572 1068/788/577
f 1064/790/580 1070/784/573 1066/785/572 1069/698/579
f 1095/791/581 1098/792/581 1099/793/354 1101/792/354
f 1096/794/582 1100/794/354 1099/793/354 1098/792/581
f 1097/795/354 1101/792/354 1099/793/354 1100/794/354
f 1102/796/583 1105/797/584 1106/798/354 1108/799/354
f 1103/800/581 1107/801/354 1106/798/354 1105/797/584
f 1104/802/354 1108/799/354 1106/798/354 1107/801/354
f 1109/803/581 1112/804/581 1113/805/354 1115/804/354
f 1110/806/585 1114/806/354 1113/805/354 1112/804/581
f 1111/807/354 1115/804/354 1113/805/354 1114/806/354
f 1116/808/584 1119/809/581 1120/810/354 1122/808/354
f 1117/811/584 1121/812/354 1120/810/354 1119/809/581
f 1118/813/354 1122/808/354 1120/810/354 1121/812/354
f 1123/814/581 1126/815/581 1127/816/354 1129/817/354
f 1124/818/581 1128/818/354 1127/816/354 1126/815/581
f 1125/819/354 1129/817/354 1127/816/354 1128/818/354
f 1130/820/586 1133/821/354 1134/822/354 1136/799/587
f 1131/823/354 1135/797/354 1134/822/354 1133/821/354
f 1132/797/584 1136/799/587 1134/822/354 1135/797/354
f 1137/824/581 1140/825/581 1141/826/354 1143/827/354
f 1138/828/584 1142/828/354 1141/826/354 1140/825/581
f 1139/829/354 1143/827/354 1141/826/354 1142/828/354
f 1144/830/588 1147/831/354 1148/832/354 1150/808/584
f 1145/833/354 1149/809/354 1148/832/354 1147/831/354
f 1146/809/581 1150/808/584 1148/832/354 1149/809/354
f 1151/834/589 1156/834/590 1157/835/591 1161/642/592
f 1152/836/593 1158/642/594 1157/835/591 1156/834/590
f 1153/837/595 1159/838/596 1157/835/591 1158/642/594
f 1154/839/597 1160/840/598 1157/835/591 1159/838/596
f 1155/841/599 1161/642/592 1157/835/591 1160/840/598
f 1162/842/600 1167/635/601 1168/843/602 1172/842/603
f 1163/844/604 1169/845/605 1168/843/602 1167/635/601
f 1164/846/606 1170/847/607 1168/843/602 1169/845/605
f 1165/848/608 1171/635/609 1168/843/602 1170/847/607
f 1166/638/610 1172/842/603 1168/843/602 1171/635/609
f 1173/849/611 1178/850/612 1179/851/613 1183/658/614
f 1174/852/615 1180/853/616 1179/851/613 1178/850/612
f 1175/854/617 1181/658/618 1179/851/613 1180/853/616
f 1176/855/619 1182/856/620 1179/851/613 1181/658/618
f 1177/856/621 1183/658/614 1179/851/613 1182/856/620
f 1184/646/622 1189/857/623 1190/858/624 1194/859/625
f 1185/860/626 1191/861/627 1190/858/624 1189/857/623
f 1186/862/628 1192/647/629 1190/858/624 1191/861/627
f 1187/863/630 1193/863/631 1190/858/624 1192/647/629
f 1188/863/632 1194/859/625 1190/858/624 1193/863/631
f 1195/864/633 1200/865/634 1201/866/635 1205/707/636
s 0
f 1196/582/637 1202/582/637 1201/582/637 1200/582/637
s 1
f 1197/867/638 1203/868/639 1201/866/635 1202/869/638
f 1198/605/640 1204/605/641 1201/866/635 1203/868/639
f 1199/870/642 1205/707/636 1201/866/635 1204/605/641
f 1206/689/643 1211/594/644 1212/871/645 1216/872/646
f 1207/873/647 1213/874/648 1212/871/645 1211/594/644
f 1208/594/649 1214/875/650 1212/871/645 1213/874/648
f 1209/876/651 1215/877/651 1212/871/645 1214/875/650
s 0
f 1210/582/652 1216/582/652 1212/582/652 1215/582/652
s 1
f 1217/671/653 1222/878/654 1223/879/655 1227/586/656
s 0
f 1218/582/657 1224/582/657 1223/582/657 1222/582/657
s 1
f 1219/880/658 1225/881/659 1223/879/655 1224/882/658
f 1220/883/660 1226/884/661 1223/879/655 1225/881/659
f 1221/885/662 1227/586/656 1223/879/655 1226/884/661
f 1228/886/663 1233/610/664 1234/887/665 1238/888/666
f 1229/889/667 1235/890/668 1234/887/665 1233/610/664
f 1230/610/669 1236/891/670 1234/887/665 1235/890/668
f 1231/892/671 1237/893/671 1234/887/665 1236/891/670
s 0
f 1232/582/672 1238/582/672 1234/582/672 1237/582/672
s 1
f 1239/894/673 1242/895/674 1243/896/675 1245/897/676
f 1240/898/677 1244/899/678 1243/896/675 1242/895/674
f 1241/900/679 1245/897/676 1243/896/675 1244/899/678
f 1246/767/680 1249/901/681 1250/902/682 1252/661/683
f 1247/903/684 1251/904/685 1250/902/682 1249/901/681
f 1248/905/686 1252/661/683 1250/902/682 1251/904/685
f 1253/906/687 1256/907/688 1257/908/689 1259/909/690
f 1254/910/691 1258/658/692 1257/908/689 1256/907/688
f 1255/911/693 1259/909/690 1257/908/689 1258/658/692
f 1260/912/694 1263/913/695 1264/914/696 1266/647/697
f 1261/915/698 1265/916/699 1264/914/696 1263/913/695
f 1262/917/700 1266/647/697 1264/914/696 1265/916/699
f 1267/918/701 1270/642/702 1271/919/703 1273/920/704
f 1268/921/705 1272/922/706 1271/919/703 1270/642/702
f 1269/923/707 1273/920/704 1271/919/703 1272/922/706
f 1274/842/708 1277/924/709 1278/925/710 1280/635/711
f 1275/926/712 1279/927/713 1278/925/710 1277/924/709
f 1276/844/714 1280/635/711 1278/925/710 1279/927/713
f 1305/928/715 1308/929/716 1309/930/717 1311/931/718
f 1306/932/719 1310/933/720 1309/930/717 1308/929/716
f 1307/934/721 1311/935/718 1309/936/717 1310/937/720
f 1312/938/722 1315/939/723 1316/940/724 1318/941/725
f 1313/942/726 1317/943/727 1316/940/724 1315/939/723
f 1314/944/728 1318/941/725 1316/940/724 1317/943/727
f 1319/945/729 1322/946/730 1323/947/731 1325/948/732
f 1320/949/733 1324/950/734 1323/947/731 1322/946/730
f 1321/951/735 1325/948/732 1323/947/731 1324/950/734
f 1326/952/736 1329/953/737 1330/954/738 1332/955/739
f 1327/956/740 1331/957/741 1330/958/738 1329/959/737
f 1328/960/742 1332/961/739 1330/962/738 1331/963/741
f 1357/467/743 1360/470/744 1361/964/745 1363/965/746
f 1358/966/747 1362/967/748 1361/964/745 1360/470/744
f 1359/968/749 1363/965/746 1361/964/745 1362/967/748
f 1364/969/750 1367/497/751 1368/970/752 1370/971/753
f 1365/500/754 1369/972/755 1368/970/752 1367/497/751
f 1366/973/756 1370/971/753 1368/970/752 1369/972/755
f 1371/974/757 1374/975/758 1375/976/759 1377/481/760
f 1372/977/761 1376/978/762 1375/976/759 1374/975/758
f 1373/484/763 1377/481/760 1375/976/759 1376/978/762
f 1378/453/764 1381/979/765 1382/980/766 1384/981/767
f 1379/982/768 1383/983/769 1382/980/766 1381/979/765
f 1380/984/770 1384/981/767 1382/980/766 1383/983/769
f 1188/863/632 878/650/464 880/647/461 1194/859/625
f 1194/859/625 880/647/461 877/646/460 1184/646/622
f 1328/960/742 701/507/322 707/510/325 1332/961/739
f 1332/955/739 707/516/325 703/515/328 1326/952/736
f 912/679/495 1027/760/537 1037/680/540 915/680/496
f 915/680/496 1037/680/540 1031/766/547 913/683/499
f 708/519/329 1306/932/719 1308/929/716 711/520/330
f 711/520/330 1308/929/716 1305/928/715 709/523/333
f 1038/767/548 1246/767/680 1252/661/683 1043/661/549
f 1043/661/549 1252/661/683 1248/905/686 1039/769/552
f 717/535/342 1313/942/726 1315/939/723 721/532/339
f 721/532/339 1315/939/723 1312/938/722 715/529/336
f 1041/773/556 892/664/478 894/661/475 1047/661/557
f 1047/661/557 894/661/475 891/660/474 1042/774/558
f 652/460/273 842/618/425 848/461/428 655/461/274
f 655/461/274 848/461/428 844/622/431 653/464/277
f 722/536/343 1319/945/729 1325/948/732 725/537/344
f 725/537/344 1325/948/732 1321/951/735 723/540/347
f 1241/900/679 1030/683/545 1035/680/544 1245/897/676
f 1245/897/676 1035/680/544 1029/765/543 1239/894/673
f 837/617/424 680/487/301 686/490/304 841/492/421
f 841/492/421 686/490/304 682/493/307 835/493/418
f 836/615/422 884/653/467 890/656/470 840/616/423
f 840/616/423 890/656/470 886/659/473 837/617/424
f 1269/923/707 818/598/401 821/601/404 1273/920/704
f 1273/920/704 821/601/404 817/985/771 1267/918/701
f 835/493/418 926/692/509 932/694/512 838/493/419
f 838/493/419 932/694/512 928/697/515 836/615/422
f 1253/906/687 1261/915/698 1263/913/695 1256/907/688
f 1256/907/688 1263/913/695 1260/912/694 1254/910/691
f 892/664/478 856/628/439 862/630/442 896/665/479
f 896/665/479 862/630/442 858/631/445 893/666/480
f 1240/898/677 827/606/410 830/609/413 1244/899/678
f 1244/899/678 830/609/413 826/986/772 1241/900/679
f 729/543/350 757/543/364 763/543/265 732/543/265
f 732/543/265 763/543/265 759/543/367 730/543/352
f 764/546/364 736/546/355 742/546/265 767/546/265
f 767/546/265 742/546/265 738/546/265 765/546/367
f 773/548/369 744/548/265 746/548/265 777/548/265
f 777/548/265 746/548/265 743/548/358 771/548/368
f 778/550/368 750/550/361 756/550/265 781/550/265
f 781/550/265 756/550/265 752/550/363 779/550/369
f 878/650/464 899/671/485 901/668/482 882/651/465
f 882/651/465 901/668/482 898/667/481 879/652/466
f 1239/894/673 1248/905/686 1251/904/685 1242/895/674
f 1242/895/674 1251/904/685 1247/903/684 1240/898/677
f 913/683/499 905/673/488 911/675/491 917/684/500
f 917/684/500 911/675/491 907/678/494 914/685/501
s 0
f 808/582/773 800/582/773 803/582/773 812/582/773
s 1
f 812/593/396 803/586/774 799/987/774 809/590/393
f 1177/856/621 1255/911/693 1258/658/692 1183/658/614
f 1183/658/614 1258/658/692 1254/910/691 1173/849/611
f 1276/844/714 1163/844/604 1167/635/601 1280/635/711
f 1280/635/711 1167/635/601 1162/842/600 1274/842/708
f 1060/784/570 785/568/370 791/571/373 1065/698/571
f 1065/698/571 791/571/373 787/574/376 1061/574/574
f 1268/921/705 1276/844/714 1279/927/713 1272/922/706
f 1272/922/706 1279/927/713 1275/926/712 1269/923/707
f 809/590/775 1253/906/687 1259/909/690 814/591/776
f 814/591/776 1259/909/690 1255/911/693 810/594/777
f 794/581/383 811/596/778 815/595/779 798/578/380
f 798/578/380 815/595/779 810/594/780 792/575/377
f 793/579/381 787/574/376 790/573/375 797/580/382
f 797/580/382 790/573/375 786/572/374 794/581/383
f 820/604/407 808/988/781 816/597/781 825/605/408
s 0
f 825/582/782 816/582/782 811/582/782 817/582/782
s 1
f 819/602/783 786/572/374 788/569/371 824/603/784
f 824/603/784 788/569/371 785/568/370 820/604/785
f 802/588/390 1247/903/684 1249/901/681 807/589/391
s 0
f 807/582/786 1249/582/786 1246/582/786 799/582/786
s 1
f 1261/915/698 801/586/787 805/584/788 1265/916/699
f 1265/916/699 805/584/788 800/583/789 1262/917/700
f 829/612/416 1275/926/712 1277/924/709 834/613/417
s 0
f 834/582/790 1277/582/790 1274/582/790 826/582/790
s 1
f 1155/841/599 1268/921/705 1270/642/702 1161/642/592
f 1161/642/592 1270/642/702 1267/918/701 1151/834/589
f 1186/862/628 1260/912/694 1266/647/697 1192/647/629
f 1192/647/629 1266/647/697 1262/917/700 1187/863/630
f 828/610/791 819/602/791 823/599/792 833/611/792
f 833/611/792 823/599/792 818/598/401 829/612/416
f 792/575/377 1049/575/559 1059/576/562 795/576/378
f 795/576/378 1059/576/562 1053/783/569 793/579/381
f 1221/885/662 900/672/487 903/586/486 1227/586/656
f 1227/586/656 903/586/486 899/671/485 1217/671/653
f 668/479/293 849/623/432 855/477/435 672/477/290
f 672/477/290 855/477/435 851/627/438 666/474/287
f 919/686/502 1207/873/647 1211/594/644 922/594/503
f 922/594/503 1211/594/644 1206/689/643 920/689/506
f 933/568/516 1064/790/580 1069/698/579 936/698/517
f 936/698/517 1069/698/579 1063/789/578 934/701/520
f 1175/854/617 886/659/473 889/658/472 1181/658/618
f 1181/658/618 889/658/472 885/657/471 1176/855/619
f 850/625/436 864/636/450 866/633/447 854/626/437
f 854/626/437 866/633/447 863/632/446 851/627/438
f 934/701/520 844/622/431 847/464/430 938/702/521
f 938/702/521 847/464/430 843/621/429 935/703/522
f 906/676/492 865/638/452 868/637/451 910/677/493
f 910/677/493 868/637/451 864/636/450 907/678/494
f 920/689/506 885/657/471 887/654/468 924/690/507
f 924/690/507 887/654/468 884/653/467 921/691/508
f 927/695/513 919/686/502 925/688/505 931/696/514
f 931/696/514 925/688/505 921/691/508 928/697/515
f 801/586/793 828/610/793 832/607/794 806/587/794
f 806/587/794 832/607/794 827/606/410 802/588/390
f 865/638/452 1166/638/610 1171/635/609 869/635/449
f 869/635/449 1171/635/609 1165/848/608 863/632/446
f 940/704/523 933/568/516 939/700/519 943/705/524
f 943/705/524 939/700/519 935/703/522 941/708/527
f 870/639/453 942/710/529 945/709/528 873/640/454
f 873/640/454 945/709/528 941/708/527 871/643/457
f 849/623/432 912/679/495 918/682/498 852/623/433
f 852/623/433 918/682/498 914/685/501 850/625/436
f 879/652/466 858/631/445 861/501/444 883/649/463
f 883/649/463 861/501/444 857/501/443 877/646/460
f 871/643/457 843/621/429 845/619/426 875/644/458
f 875/644/458 845/619/426 842/618/425 872/645/459
f 1199/870/642 940/704/523 946/707/526 1205/707/636
f 1205/707/636 946/707/526 942/710/529 1195/864/633
f 856/628/439 695/505/319 697/502/316 859/502/440
f 859/502/440 697/502/316 694/501/315 857/501/443
f 900/672/487 891/660/474 897/663/477 904/670/484
f 904/670/484 897/663/477 893/666/480 898/667/481
f 1050/777/563 927/695/513 929/576/510 1056/778/564
f 1056/778/564 929/576/510 926/692/509 1051/779/565
f 872/645/459 1153/837/595 1158/642/594 876/642/456
f 876/642/456 1158/642/594 1152/836/593 870/639/453
f 905/673/488 1229/889/667 1233/610/664 908/610/489
f 908/610/489 1233/610/664 1228/886/663 906/676/492
f 1230/610/795 1197/867/795 1202/869/796 1236/891/797
f 1236/891/797 1202/869/796 1196/989/798 1231/892/798
f 1197/867/799 1210/990/799 1215/877/800 1203/868/801
f 1203/868/801 1215/877/800 1209/876/802 1198/605/803
f 1208/594/804 1220/883/804 1225/881/805 1214/875/805
f 1214/875/805 1225/881/805 1219/880/806 1209/876/806
s 0
f 1218/582/807 1232/582/807 1237/582/807 1224/582/807
s 1
f 1224/882/808 1237/893/808 1231/892/808 1219/880/808
f 689/500/314 1365/500/754 1367/497/751 693/497/311
f 693/497/311 1367/497/751 1364/969/750 687/494/308
f 1380/984/770 646/457/270 648/454/267 1384/981/767
f 1384/981/767 648/454/267 645/453/266 1378/453/764
f 1052/781/567 1062/787/576 1067/786/575 1058/782/568
f 1058/782/568 1067/786/575 1061/574/574 1053/783/569
f 1015/755/354 1021/759/354 1023/757/354 1019/753/354
f 1019/753/354 1023/757/354 1020/756/366 1013/750/531
f 1028/763/541 1040/771/554 1045/770/553 1034/764/542
f 1034/764/542 1045/770/553 1039/769/552 1029/765/543
f 1001/744/354 1007/749/354 1009/746/354 1005/742/354
f 1005/742/354 1009/746/354 1006/745/531 999/739/530
f 1013/750/531 986/729/533 988/726/530 1016/751/530
f 1016/751/530 988/726/530 985/725/531 1014/754/530
f 986/729/533 992/732/534 998/735/354 990/730/354
f 990/730/354 998/735/354 994/738/354 987/731/354
f 992/732/534 1020/756/366 1026/732/536 995/733/366
f 995/733/366 1026/732/536 1022/733/531 993/736/531
f 999/739/530 972/715/532 974/712/531 1002/740/531
f 1002/740/531 974/712/531 971/711/530 1000/743/531
f 972/715/532 978/718/265 984/721/354 976/716/354
f 976/716/354 984/721/354 980/724/354 973/717/354
f 978/718/265 1006/745/531 1012/748/535 981/719/366
f 981/719/366 1012/748/535 1008/719/530 979/722/366
f 966/991/809 968/992/810 970/993/811 967/994/812
f 967/995/812 970/996/811 969/997/813 965/998/814
f 954/999/815 956/1000/816 958/1001/817 955/1002/818
f 955/1003/818 958/1004/817 957/1005/819 953/1006/820
f 1198/605/640 1060/784/570 1070/784/573 1204/605/641
f 1204/605/641 1070/784/573 1064/790/580 1199/870/642
f 1049/575/559 1208/594/649 1213/874/648 1054/775/560
f 1054/775/560 1213/874/648 1207/873/647 1050/777/563
f 960/1007/821 1284/1008/822 1286/1009/823 961/1010/824
f 961/1011/824 1286/1012/823 1285/1013/825 959/1014/826
f 1288/1015/827 1290/1016/828 1292/1017/829 1289/1018/830
f 1289/1019/830 1292/1020/829 1291/1021/831 1287/1022/832
f 1030/683/545 1230/610/669 1235/890/668 1036/766/546
f 1036/766/546 1235/890/668 1229/889/667 1031/766/547
f 1220/883/660 1038/767/548 1048/767/551 1226/884/661
f 1226/884/661 1048/767/551 1042/774/558 1221/885/662
f 1072/1023/833 1296/1024/834 1298/1025/835 1073/1026/836
f 1073/1027/836 1298/1028/835 1297/1029/837 1071/1030/838
f 673/480/294 1371/974/757 1377/481/760 676/481/295
f 676/481/295 1377/481/760 1373/484/763 674/484/298
s 0
f 1210/582/839 1177/582/839 1182/582/839 1216/582/839
s 1
f 1216/872/646 1182/856/620 1176/855/619 1206/689/643
f 1173/849/611 1186/862/628 1191/861/627 1178/850/612
f 1178/850/612 1191/861/627 1185/860/626 1174/852/615
f 1187/863/630 1218/1031/840 1222/878/654 1193/863/631
f 1193/863/631 1222/878/654 1217/671/653 1188/863/632
f 1139/829/354 1145/833/354 1147/831/354 1143/827/354
f 1143/827/354 1147/831/354 1144/830/588 1137/824/581
f 1154/839/597 1164/846/606 1169/845/605 1160/840/598
f 1160/840/598 1169/845/605 1163/844/604 1155/841/599
f 1125/819/354 1131/823/354 1133/821/354 1129/817/354
f 1129/817/354 1133/821/354 1130/820/586 1123/814/581
f 1137/824/581 1110/806/585 1112/804/581 1140/825/581
f 1140/825/581 1112/804/581 1109/803/581 1138/828/584
f 1110/806/585 1116/808/584 1122/808/354 1114/806/354
f 1114/806/354 1122/808/354 1118/813/354 1111/807/354
f 1116/808/584 1144/830/588 1150/808/584 1119/809/581
f 1119/809/581 1150/808/584 1146/809/581 1117/811/584
f 1123/814/581 1096/794/582 1098/792/581 1126/815/581
f 1126/815/581 1098/792/581 1095/791/581 1124/818/581
f 1096/794/582 1102/796/583 1108/799/354 1100/794/354
f 1100/794/354 1108/799/354 1104/802/354 1097/795/354
f 1102/796/583 1130/820/586 1136/799/587 1105/797/584
f 1105/797/584 1136/799/587 1132/797/584 1103/800/581
f 1090/1032/841 1092/1033/842 1094/1034/843 1091/1035/844
f 1091/1035/844 1094/1034/843 1093/1036/845 1089/1037/846
f 1078/1038/847 1080/1039/848 1082/1040/849 1079/1041/850
f 1079/1042/850 1082/1043/849 1081/1044/851 1077/1045/852
f 1151/834/589 1196/989/853 1200/865/634 1156/834/590
f 1156/834/590 1200/865/634 1195/864/633 1152/836/593
s 0
f 1232/582/854 1162/582/854 1172/582/854 1238/582/854
s 1
f 1238/888/666 1172/842/603 1166/638/610 1228/886/663
f 1300/1046/855 1302/1047/856 1304/1048/857 1301/1049/858
f 1301/1049/858 1304/1048/857 1303/1050/859 1299/1051/860
f 661/473/286 1358/966/747 1360/470/744 665/470/283
f 665/470/283 1360/470/744 1357/467/743 659/467/280
f 1296/1024/834 1307/934/721 1310/937/720 1298/1025/835
f 1298/1028/835 1310/933/720 1306/932/719 1297/1029/837
f 1307/934/721 1291/1021/831 1292/1020/829 1311/935/718
f 1311/931/718 1292/1017/829 1290/1016/828 1305/928/715
f 709/523/333 957/1005/819 958/1004/817 713/524/334
f 713/528/334 958/1001/817 956/1000/816 710/525/335
f 1287/1022/832 1314/944/728 1317/943/727 1289/1019/830
f 1289/1018/830 1317/943/727 1313/942/726 1288/1015/827
f 1314/944/728 1300/1046/855 1301/1049/858 1318/941/725
f 1318/941/725 1301/1049/858 1299/1051/860 1312/938/722
f 953/1006/820 717/535/342 720/534/341 955/1003/818
f 955/1002/818 720/534/341 716/533/340 954/999/815
f 973/717/354 745/549/354 748/548/360 977/714/354
f 977/714/354 748/548/360 744/548/265 971/711/530
f 737/547/354 980/724/354 983/723/354 741/546/357
f 741/546/357 983/723/354 979/722/366 738/546/265
f 959/1014/826 1321/951/735 1324/950/734 961/1011/824
f 961/1010/824 1324/950/734 1320/949/733 960/1007/821
f 723/540/347 969/997/813 970/996/811 727/541/348
f 727/541/348 970/993/811 968/992/810 724/542/349
f 1327/956/740 1072/1023/833 1073/1026/836 1331/957/741
f 1331/963/741 1073/1027/836 1071/1030/838 1328/960/742
f 1284/1008/822 1327/956/740 1329/959/737 1286/1009/823
f 1286/1012/823 1329/953/737 1326/952/736 1285/1013/825
f 1302/1047/856 1320/949/733 1322/946/730 1304/1048/857
f 1304/1048/857 1322/946/730 1319/945/729 1303/1050/859
f 965/998/814 703/515/328 706/518/327 967/995/812
f 967/994/812 706/512/327 702/511/326 966/991/809
f 987/731/354 731/545/354 734/543/353 991/728/354
f 991/728/354 734/543/353 730/543/352 985/725/531
f 751/551/354 994/738/354 997/737/354 755/550/362
f 755/550/362 997/737/354 993/736/531 752/550/363
f 1000/743/531 773/548/369 776/563/265 1004/743/354
f 1004/743/354 776/563/265 772/562/354 1001/744/354
f 765/546/367 1008/719/530 1011/719/354 769/558/265
f 769/558/265 1011/719/354 1007/749/354 766/559/354
f 1014/754/530 759/543/367 762/555/265 1018/754/354
f 1018/754/354 762/555/265 758/554/354 1015/755/354
f 779/550/369 1022/733/531 1025/733/354 783/566/265
f 783/566/265 1025/733/354 1021/759/354 780/567/354
f 1040/771/554 696/506/321 699/502/320 1046/772/555
f 1046/772/555 699/502/320 695/505/319 1041/773/556
f 667/478/291 1028/763/541 1032/761/538 671/477/292
f 671/477/292 1032/761/538 1027/760/537 668/479/293
f 1062/787/576 654/466/279 657/465/278 1068/788/577
f 1068/788/577 657/465/278 653/464/277 1063/789/578
f 681/491/305 1052/781/567 1057/780/566 685/492/306
f 685/492/306 1057/780/566 1051/779/565 682/493/307
f 1184/646/622 694/501/315 700/504/318 1189/857/623
f 1189/857/623 700/504/318 696/506/321 1185/860/626
f 666/474/287 1165/848/608 1170/847/607 669/475/288
f 669/475/288 1170/847/607 1164/846/606 667/478/291
f 680/487/301 1175/854/617 1180/853/616 683/488/302
f 683/488/302 1180/853/616 1174/852/615 681/491/305
f 1153/837/595 652/460/273 658/463/276 1159/838/596
f 1159/838/596 658/463/276 654/466/279 1154/839/597
f 701/507/322 1081/1044/851 1082/1043/849 704/508/323
f 704/514/323 1082/1040/849 1080/1039/848 702/511/326
f 1077/1045/852 708/519/329 714/522/332 1079/1042/850
f 1079/1041/850 714/526/332 710/525/335 1078/1038/847
f 1097/795/354 737/547/354 739/546/356 1101/792/354
f 1101/792/354 739/546/356 736/546/355 1095/791/581
f 731/545/354 1104/802/354 1107/801/354 735/543/351
f 735/543/351 1107/801/354 1103/800/581 729/543/350
f 715/529/336 1093/1036/845 1094/1034/843 718/530/337
f 718/530/337 1094/1034/843 1092/1033/842 716/533/340
f 1089/1037/846 722/536/343 728/539/346 1091/1035/844
f 1091/1035/844 728/539/346 724/542/349 1090/1032/841
f 1111/807/354 751/551/354 753/550/354 1115/804/354
f 1115/804/354 753/550/354 750/550/361 1109/803/581
f 745/549/354 1118/813/354 1121/812/354 749/548/359
f 749/548/359 1121/812/354 1117/811/584 743/548/358
f 1124/818/581 764/546/364 770/557/354 1128/818/354
f 1128/818/354 770/557/354 766/559/354 1125/819/354
f 757/543/364 1132/797/584 1135/797/354 760/552/365
f 760/552/365 1135/797/354 1131/823/354 758/554/354
f 1138/828/584 778/550/368 784/565/354 1142/828/354
f 1142/828/354 784/565/354 780/567/354 1139/829/354
f 771/548/368 1146/809/581 1149/809/354 774/560/354
f 774/560/354 1149/809/354 1145/833/354 772/562/354
f 1282/1052/861 962/1053/862 964/1054/863 1283/1055/864
f 1283/1055/864 964/1054/863 963/1056/865 1281/1057/866
f 948/1058/867 950/1059/868 952/1060/869 949/1061/870
f 949/1061/870 952/1060/869 951/1062/871 947/1063/872
f 1294/1064/873 1074/1065/873 1076/1066/874 1295/1067/875
f 1295/1067/875 1076/1066/874 1075/1068/876 1293/1069/876
f 1084/1070/877 1086/1071/877 1088/1072/878 1085/1073/879
f 1085/1073/879 1088/1072/878 1087/1074/880 1083/1075/880
f 1074/1065/873 661/473/286 664/472/285 1076/1066/874
f 1076/1066/874 664/472/285 660/471/284 1075/1068/876
f 659/467/280 951/1062/871 952/1060/869 662/468/281
f 662/468/281 952/1060/869 950/1059/868 660/471/284
f 947/1063/872 689/500/314 692/499/313 949/1061/870
f 949/1061/870 692/499/313 688/498/312 948/1058/867
f 687/494/308 1084/1070/877 1085/1073/879 690/495/309
f 690/495/309 1085/1073/879 1083/1075/880 688/498/312
f 1281/1057/866 675/486/300 678/485/299 1283/1055/864
f 1283/1055/864 678/485/299 674/484/298 1282/1052/861
f 646/457/270 1294/1064/873 1295/1067/875 650/458/271
f 650/458/271 1295/1067/875 1293/1069/876 647/459/272
f 962/1053/862 645/453/266 651/456/269 964/1054/863
f 964/1054/863 651/456/269 647/459/272 963/1056/865
f 1086/1071/877 673/480/294 679/483/297 1088/1072/878
f 1088/1072/878 679/483/297 675/486/300 1087/1074/880
f 1334/1076/881 1336/1077/881 1338/1078/882 1335/1079/882
f 1335/1079/882 1338/1078/882 1337/1053/883 1333/1052/883
f 1340/1063/884 1342/1080/884 1344/1081/885 1341/1082/885
f 1341/1082/885 1344/1081/885 1343/1083/886 1339/1084/886
f 1346/1085/887 1348/1086/887 1350/1087/888 1347/1088/888
f 1347/1088/888 1350/1087/888 1349/1089/889 1345/1090/889
f 1355/1091/890 1351/1092/890 1353/1093/891 1356/1094/891
f 1356/1094/891 1353/1093/891 1352/1095/892 1354/1096/892
f 1348/1086/887 1359/968/749 1362/967/748 1350/1087/888
f 1350/1087/888 1362/967/748 1358/966/747 1349/1089/889
f 1359/968/749 1343/1083/886 1344/1081/885 1363/965/746
f 1363/965/746 1344/1081/885 1342/1080/884 1357/467/743
f 1339/1084/886 1366/973/756 1369/972/755 1341/1082/885
f 1341/1082/885 1369/972/755 1365/500/754 1340/1063/884
f 1366/973/756 1355/1091/890 1356/1094/891 1370/971/753
f 1370/971/753 1356/1094/891 1354/1096/892 1364/969/750
f 1333/1052/883 1373/484/763 1376/978/762 1335/1079/882
f 1335/1079/882 1376/978/762 1372/977/761 1334/1076/881
f 1379/982/768 1346/1085/887 1347/1088/888 1383/983/769
f 1383/983/769 1347/1088/888 1345/1090/889 1380/984/770
f 1336/1077/881 1379/982/768 1381/979/765 1338/1078/882
f 1338/1078/882 1381/979/765 1378/453/764 1337/1053/883
f 1351/1092/890 1372/977/761 1374/975/758 1353/1093/891
f 1353/1093/891 1374/975/758 1371/974/757 1352/1095/892
f 962/1053/862 1337/1053/883 1378/453/764 645/453/266
f 647/459/272 1327/956/740 1284/1008/822 963/1056/865
f 646/457/270 1380/984/770 1345/1090/889 1294/1064/873
f 1293/1069/876 1072/1023/833 1327/956/740 647/459/272
f 1153/837/595 872/645/459 842/618/425 652/460/273
f 653/464/277 844/622/431 934/701/520 1063/789/578
f 654/466/279 758/554/354 1131/823/354 1154/839/597
f 1062/787/576 1015/755/354 758/554/354 654/466/279
f 1074/1065/873 1349/1089/889 1358/966/747 661/473/286
f 950/1059/868 1291/1021/831 1307/934/721 660/471/284
f 660/471/284 1307/934/721 1296/1024/834 1075/1068/876
f 659/467/280 1357/467/743 1342/1080/884 951/1062/871
f 1164/846/606 1125/819/354 766/559/354 667/478/291
f 667/478/291 766/559/354 1007/749/354 1028/763/541
f 666/474/287 851/627/438 863/632/446 1165/848/608
f 1027/760/537 912/679/495 849/623/432 668/479/293
f 1086/1071/877 1352/1095/892 1371/974/757 673/480/294
f 675/486/300 1320/949/733 1302/1047/856 1087/1074/880
f 674/484/298 1373/484/763 1333/1052/883 1282/1052/861
f 1281/1057/866 960/1007/821 1320/949/733 675/486/300
f 680/487/301 837/617/424 886/659/473 1175/854/617
f 681/491/305 780/567/354 1021/759/354 1052/781/567
f 1051/779/565 926/692/509 835/493/418 682/493/307
f 1174/852/615 1139/829/354 780/567/354 681/491/305
f 687/494/308 1364/969/750 1354/1096/892 1084/1070/877
f 947/1063/872 1340/1063/884 1365/500/754 689/500/314
f 1083/1075/880 1300/1046/855 1314/944/728 688/498/312
f 688/498/312 1314/944/728 1287/1022/832 948/1058/867
f 696/506/321 772/562/354 1145/833/354 1185/860/626
f 695/505/319 856/628/439 892/664/478 1041/773/556
f 1040/771/554 1001/744/354 772/562/354 696/506/321
f 1184/646/622 877/646/460 857/501/443 694/501/315
f 1328/960/742 1071/1030/838 1081/1044/851 701/507/322
f 987/731/354 966/991/809 702/511/326 731/545/354
f 1285/1013/825 1326/952/736 703/515/328 965/998/814
f 731/545/354 702/511/326 1080/1039/848 1104/802/354
f 1297/1029/837 1306/932/719 708/519/329 1077/1045/852
f 1305/928/715 1290/1016/828 957/1005/819 709/523/333
f 1097/795/354 1078/1038/847 710/525/335 737/547/354
f 737/547/354 710/525/335 956/1000/816 980/724/354
f 1312/938/722 1299/1051/860 1093/1036/845 715/529/336
f 973/717/354 954/999/815 716/533/340 745/549/354
f 1288/1015/827 1313/942/726 717/535/342 953/1006/820
f 745/549/354 716/533/340 1092/1033/842 1118/813/354
f 1303/1050/859 1319/945/729 722/536/343 1089/1037/846
f 1321/951/735 959/1014/826 969/997/813 723/540/347
f 1111/807/354 1090/1032/841 724/542/349 751/551/354
f 751/551/354 724/542/349 968/992/810 994/738/354
f 1014/754/530 985/725/531 730/543/352 759/543/367
f 757/543/364 729/543/350 1103/800/581 1132/797/584
f 1124/818/581 1095/791/581 736/546/355 764/546/364
f 765/546/367 738/546/265 979/722/366 1008/719/530
f 1000/743/531 971/711/530 744/548/265 773/548/369
f 771/548/368 743/548/358 1117/811/584 1146/809/581
f 1138/828/584 1109/803/581 750/550/361 778/550/368
f 779/550/369 752/550/363 993/736/531 1022/733/531
f 1198/605/640 819/602/893 785/568/370 1060/784/570
f 1061/574/574 787/574/376 793/579/381 1053/783/569
f 820/604/894 811/596/778 794/581/383 786/572/374
f 1049/575/559 792/575/377 810/594/780 1208/594/649
f 1220/883/895 801/586/895 805/584/895 800/583/896 809/590/775 814/591/895 810/594/895 1208/594/895
f 1231/892/897 1236/891/897 1230/610/897 828/610/793 801/586/793 1220/883/897 1225/881/897 1219/880/897
f 1187/863/630 1262/917/700 801/586/898 1220/883/898 1225/881/898 1219/880/898 1224/882/898 1218/1031/840
f 1220/883/660 801/586/899 806/587/899 802/588/899 1246/767/680 1038/767/548
f 809/590/775 800/583/896 1261/915/698 1253/906/687
f 1240/898/677 1247/903/684 802/588/390 827/606/410
f 1210/990/900 1215/877/900 1209/876/900 1214/875/900 1208/594/900 810/594/777 1255/911/693 1177/856/621
f 1209/876/802 1214/875/901 1208/594/901 810/594/901 815/595/901 811/596/778 820/604/894 824/603/901 819/602/901 1198/605/803
f 1197/867/902 1203/868/902 1198/605/902 819/602/791 828/610/791 1230/610/902
f 1151/834/589 1267/918/701 818/598/903 823/599/903 819/602/903 1198/605/903 1203/868/903 1197/867/903 1202/869/903 1196/989/853
f 1269/923/707 1275/926/712 829/612/416 818/598/401
f 1232/1097/904 1237/893/904 1231/892/904 1236/891/904 1230/610/904 828/610/904 833/611/904 829/612/904 1274/842/708 1162/842/600
f 1030/683/545 1241/900/679 827/606/905 832/607/905 828/610/905 1230/610/669
f 884/653/467 836/615/422 928/697/515 921/691/508
f 941/708/527 935/703/522 843/621/429 871/643/457
f 914/685/501 907/678/494 864/636/450 850/625/436
f 858/631/445 879/652/466 898/667/481 893/666/480
f 1166/638/610 865/638/452 906/676/492 1228/886/663
f 1195/864/633 942/710/529 870/639/453 1152/836/593
f 1217/671/653 899/671/485 878/650/464 1188/863/632
f 1176/855/619 885/657/471 920/689/506 1206/689/643
f 1042/774/558 891/660/474 900/672/487 1221/885/662
f 1229/889/667 905/673/488 913/683/499 1031/766/547
f 1207/873/647 919/686/502 927/695/513 1050/777/563
f 1064/790/580 933/568/516 940/704/523 1199/870/642
f 951/1062/871 1342/1080/884 1340/1063/884 947/1063/872
f 948/1058/867 1287/1022/832 1291/1021/831 950/1059/868
f 973/717/354 980/724/354 956/1000/816 954/999/815
f 953/1006/820 957/1005/819 1290/1016/828 1288/1015/827
f 963/1056/865 1284/1008/822 960/1007/821 1281/1057/866
f 965/998/814 969/997/813 959/1014/826 1285/1013/825
f 1282/1052/861 1333/1052/883 1337/1053/883 962/1053/862
f 987/731/354 994/738/354 968/992/810 966/991/809
f 999/739/530 1006/745/531 978/718/265 972/715/532
f 1013/750/531 1020/756/366 992/732/534 986/729/533
f 1040/771/554 1028/763/541 1007/749/354 1001/744/354
f 1062/787/576 1052/781/567 1021/759/354 1015/755/354
f 1039/769/552 1248/905/686 1239/894/673 1029/765/543
f 1075/1068/876 1296/1024/834 1072/1023/833 1293/1069/876
f 1077/1045/852 1081/1044/851 1071/1030/838 1297/1029/837
f 1294/1064/873 1345/1090/889 1349/1089/889 1074/1065/873
f 1097/795/354 1104/802/354 1080/1039/848 1078/1038/847
f 1084/1070/877 1354/1096/892 1352/1095/892 1086/1071/877
f 1087/1074/880 1302/1047/856 1300/1046/855 1083/1075/880
f 1111/807/354 1118/813/354 1092/1033/842 1090/1032/841
f 1089/1037/846 1093/1036/845 1299/1051/860 1303/1050/859
f 1123/814/581 1130/820/586 1102/796/583 1096/794/582
f 1137/824/581 1144/830/588 1116/808/584 1110/806/585
f 1164/846/606 1154/839/597 1131/823/354 1125/819/354
f 1174/852/615 1185/860/626 1145/833/354 1139/829/354
f 1163/844/604 1276/844/714 1268/921/705 1155/841/599
f 1173/849/611 1254/910/691 1260/912/694 1186/862/628
f 1197/867/354 1231/892/354 1219/880/354 1209/876/354
f 642/449/265 1334/1076/881 1372/977/761 1351/1092/890
f 642/449/265 643/452/265 1336/1077/881 1334/1076/881
f 1346/1085/887 1379/982/768 1336/1077/881 643/452/265
f 1339/1084/886 641/450/265 1355/1091/890 1366/973/756
f 1339/1084/886 1343/1083/886 644/451/265 641/450/265
f 1359/968/749 1348/1086/887 644/451/265 1343/1083/886
f 643/452/265 644/451/265 1348/1086/887 1346/1085/887
f 1351/1092/890 1355/1091/890 641/450/265 642/449/265
o Cube.027
v -232.683105 113.715866 98.434135
v -232.683105 100.187424 98.434135
v -259.828217 113.715866 98.441002
v -259.828217 100.187424 98.441002
v -232.684647 113.715866 92.315498
v -232.684647 100.187424 92.315498
v -259.829773 113.715866 92.322365
v -259.829773 100.187424 92.322365
vn 0.0003 -0.0000 1.0000
vn -1.0000 -0.0000 0.0003
vn -0.0003 -0.0000 -1.0000
vn 1.0000 -0.0000 -0.0003
vn -0.0000 1.0000 -0.0000
vn -0.0000 -1.0000 -0.0000
vt 0.365760 0.000596
vt 0.621095 0.000076
vt 0.623165 0.248752
vt 0.372525 0.244392
vt 0.374858 0.113733
vt 0.625498 0.118093
vt 0.627328 0.369334
vt 0.377138 0.368445
vt 0.900443 0.552995
vt 0.900443 0.429778
vt 0.591394 0.429778
vt 0.591394 0.552995
vt 0.571684 0.506904
vt 0.581003 0.218664
vt 0.412291 0.218278
vt 0.422405 0.507253
vt 0.125000 0.500000
vt 0.375000 0.500000
vt 0.375000 0.750000
vt 0.125000 0.750000
vt 0.625000 0.500000
vt 0.875000 0.500000
vt 0.875000 0.750000
vt 0.625000 0.750000
s 0
usemtl Material.025
f 1385/1098/906 1387/1101/906 1388/1100/906 1386/1099/906
f 1387/1102/907 1391/1105/907 1392/1104/907 1388/1103/907
f 1391/1106/908 1389/1109/908 1390/1108/908 1392/1107/908
f 1389/1110/909 1385/1113/909 1386/1112/909 1390/1111/909
f 1387/1114/910 1385/1117/910 1389/1116/910 1391/1115/910
f 1392/1118/911 1390/1121/911 1386/1120/911 1388/1119/911
o Cube.028
v -231.399887 113.680206 97.609947
v -231.399887 114.275284 97.609947
v -261.722382 113.680206 97.617622
v -261.722382 114.275284 97.617622
v -231.401306 113.680206 91.978661
v -231.401306 114.275284 91.978661
v -261.723816 113.680206 91.986336
v -261.723816 114.275284 91.986336
vn 0.0003 -0.0000 1.0000
vn -1.0000 -0.0000 0.0003
vn -0.0003 -0.0000 -1.0000
vn 1.0000 -0.0000 -0.0003
vn -0.0000 -1.0000 -0.0000
vn -0.0000 1.0000 -0.0000
vt 0.375000 0.000000
vt 0.625000 0.000000
vt 0.625000 0.250000
vt 0.375000 0.250000
vt 0.225702 0.473198
vt 0.225923 0.472335
vt 0.238392 0.470611
vt 0.238356 0.471512
vt 0.245724 0.486682
vt 0.245753 0.487096
vt 0.240826 0.486917
vt 0.240827 0.487322
s 0
usemtl Material.025
f 1393/1122/912 1394/1123/912 1396/1124/912 1395/1125/912
f 1395/1126/913 1396/1127/913 1400/1128/913 1399/1129/913
f 1399/1129/914 1400/1128/914 1398/1130/914 1397/1131/914
f 1397/1131/915 1398/1130/915 1394/1132/915 1393/1133/915
f 1395/1126/916 1399/1129/916 1397/1131/916 1393/1133/916
f 1400/1128/917 1396/1127/917 1394/1132/917 1398/1130/917
o Plane.008
v -230.979492 100.104362 104.786163
v -230.981277 100.104362 97.711479
v -280.502289 100.104362 104.798698
v -280.504089 100.104362 97.724014
v -230.983063 100.104362 90.700867
v -280.505859 100.104362 90.713402
v -280.504059 136.026886 97.788086
v -230.981262 136.026886 97.775558
v -280.502289 129.933029 104.798698
v -230.979492 129.933029 104.786163
v -280.505676 129.933029 91.407913
v -230.982880 129.933029 91.395378
v -280.504059 105.983330 97.788086
v -230.981262 105.983330 97.775558
v -280.502289 105.983330 104.798698
v -230.979492 105.983330 104.786163
v -230.982773 100.104362 91.832169
v -230.981262 105.983330 97.775558
v -230.979767 100.104362 103.718941
v -230.982620 100.132675 92.414726
v -230.982483 100.217323 92.991669
v -230.982330 100.357506 93.557442
v -230.982193 100.551872 94.106606
v -230.982056 100.798546 94.633865
v -230.981934 101.095146 95.134140
v -230.981812 101.438828 95.602615
v -230.981705 101.826271 96.034775
v -230.981613 102.253754 96.426468
v -230.981522 102.717148 96.773911
v -230.981445 103.212006 97.073769
v -230.981384 103.733543 97.323143
v -230.981339 104.276756 97.519638
v -230.981293 104.836395 97.661354
v -230.981277 105.407089 97.746933
v -280.504059 105.983330 97.788086
v -280.505585 100.104362 91.844704
v -280.502563 100.104362 103.731468
v -280.504089 105.407089 97.759468
v -280.504089 104.836395 97.673889
v -280.504150 104.276756 97.532166
v -280.504181 103.733543 97.335670
v -280.504242 103.212006 97.086296
v -280.504333 102.717148 96.786446
v -280.504425 102.253754 96.439003
v -280.504517 101.826271 96.047310
v -280.504608 101.438828 95.615143
v -280.504730 101.095146 95.146667
v -280.504883 100.798546 94.646393
v -280.505005 100.551872 94.119141
v -280.505127 100.357506 93.569977
v -280.505280 100.217323 93.004196
v -280.505432 100.132675 92.427254
v -280.502289 133.372711 104.798698
v -280.502960 136.026886 102.144531
v -280.502289 133.632874 104.785919
v -280.502319 133.890518 104.747696
v -280.502319 134.143173 104.684410
v -280.502350 134.388428 104.596664
v -280.502380 134.623871 104.485298
v -280.502411 134.847290 104.351387
v -280.502441 135.056503 104.196228
v -280.502502 135.249496 104.021309
v -280.502533 135.424408 103.828316
v -280.502594 135.579575 103.619102
v -280.502655 135.713486 103.395699
v -280.502716 135.824844 103.160233
v -280.502777 135.912598 102.914993
v -280.502838 135.975891 102.662331
v -280.502899 136.014099 102.404686
v -230.980164 136.026886 102.131996
v -230.979492 133.372711 104.786163
v -230.980103 136.014099 102.392151
v -230.980042 135.975891 102.649803
v -230.979965 135.912598 102.902458
v -230.979904 135.824844 103.147705
v -230.979843 135.713486 103.383163
v -230.979797 135.579575 103.606575
v -230.979736 135.424408 103.815781
v -230.979691 135.249496 104.008781
v -230.979645 135.056503 104.183701
v -230.979614 134.847290 104.338860
v -230.979568 134.623871 104.472763
v -230.979553 134.388428 104.584129
v -230.979523 134.143173 104.671875
v -230.979507 133.890518 104.735168
v -230.979492 133.632874 104.773384
v -280.504120 129.933029 97.585022
v -280.504059 129.729965 97.788086
v -280.504028 129.933029 97.991150
v -280.504059 130.136093 97.788086
v -280.504120 129.931290 97.611526
v -280.504120 129.926117 97.637581
v -280.504089 129.917572 97.662735
v -280.504089 129.905823 97.686554
v -280.504089 129.891068 97.708641
v -280.504089 129.873550 97.728607
v -280.504089 129.853592 97.746124
v -280.504089 129.831497 97.760880
v -280.504089 129.807678 97.772629
v -280.504089 129.782532 97.781166
v -280.504059 129.756470 97.786346
v -230.981262 129.729965 97.775558
v -230.981323 129.933029 97.572495
v -230.981262 130.136093 97.775558
v -230.981262 129.756470 97.773819
v -230.981262 129.782532 97.768639
v -230.981277 129.807678 97.760101
v -230.981277 129.831497 97.748352
v -230.981277 129.853592 97.733589
v -230.981277 129.873550 97.716080
v -230.981293 129.891068 97.696106
v -230.981293 129.905823 97.674026
v -230.981293 129.917572 97.650200
v -230.981308 129.926117 97.625046
v -230.981308 129.931290 97.598999
v -280.505371 136.026886 92.657661
v -280.505676 134.777130 91.407913
v -280.505402 136.014160 92.479805
v -280.505463 135.976257 92.305573
v -280.505493 135.913940 92.138496
v -280.505554 135.828491 91.981995
v -280.505585 135.721634 91.839249
v -280.505615 135.595551 91.713165
v -280.505646 135.452805 91.606308
v -280.505646 135.296295 91.520851
v -280.505676 135.129227 91.458534
v -280.505676 134.954987 91.420631
v -230.982880 134.777130 91.395378
v -230.982559 136.026886 92.645134
v -230.982880 134.954987 91.408096
v -230.982864 135.129227 91.446007
v -230.982849 135.296295 91.508316
v -230.982834 135.452805 91.593773
v -230.982803 135.595551 91.700630
v -230.982773 135.721634 91.826721
v -230.982742 135.828491 91.969467
v -230.982697 135.913940 92.125969
v -230.982651 135.976257 92.293037
v -230.982605 136.014160 92.467278
v -266.641022 100.104362 104.795189
v -250.133408 100.104362 104.791016
v -250.135208 100.104362 97.716324
v -266.642792 100.104362 97.720505
v -250.136978 100.104362 90.705719
v -266.644592 100.104362 90.709892
v -266.642792 136.026886 97.784576
v -250.135193 136.026886 97.780403
v -250.133408 129.933029 104.791016
v -266.641022 129.933029 104.795189
v -266.644409 129.933029 91.404404
v -250.136795 129.933029 91.400223
v -266.642792 105.983330 97.784576
v -250.135193 105.983330 97.780403
v -250.133408 105.983330 104.791016
v -266.641022 105.983330 104.795189
v -266.642792 105.983330 97.784576
v -250.135193 105.983330 97.780403
v -250.135193 105.407089 97.751785
v -266.642792 105.407089 97.755959
v -250.135208 104.836395 97.666199
v -266.642822 104.836395 97.670380
v -250.135254 104.276756 97.524483
v -266.642853 104.276756 97.528656
v -250.135300 103.733543 97.327988
v -266.642914 103.733543 97.332169
v -250.135361 103.212006 97.078613
v -266.642975 103.212006 97.082794
v -250.135437 102.717148 96.778763
v -266.643036 102.717148 96.782936
v -250.135529 102.253754 96.431313
v -266.643127 102.253754 96.435493
v -250.135620 101.826271 96.039627
v -266.643219 101.826271 96.043800
v -250.135742 101.438828 95.607460
v -266.643341 101.438828 95.611641
v -250.135849 101.095146 95.138985
v -266.643463 101.095146 95.143166
v -250.135986 100.798546 94.638710
v -266.643585 100.798546 94.642883
v -250.136108 100.551872 94.111450
v -266.643707 100.551872 94.115631
v -250.136261 100.357506 93.562294
v -266.643860 100.357506 93.566467
v -250.136398 100.217323 92.996513
v -266.644012 100.217323 93.000694
v -250.136536 100.132675 92.419571
v -266.644135 100.132675 92.423752
v -250.136688 100.104362 91.837021
v -266.644287 100.104362 91.841194
v -266.641022 133.372711 104.795189
v -250.133408 133.372711 104.791016
v -250.133423 133.632874 104.778229
v -266.641022 133.632874 104.782410
v -250.133423 133.890518 104.740013
v -266.641022 133.890518 104.744194
v -250.133438 134.143173 104.676727
v -266.641052 134.143173 104.680901
v -250.133469 134.388428 104.588974
v -266.641052 134.388428 104.593155
v -250.133484 134.623871 104.477615
v -266.641083 134.623871 104.481789
v -250.133530 134.847290 104.343704
v -266.641113 134.847290 104.347885
v -250.133560 135.056503 104.188545
v -266.641174 135.056503 104.192719
v -250.133606 135.249496 104.013626
v -266.641205 135.249496 104.017799
v -250.133652 135.424408 103.820633
v -266.641266 135.424408 103.824806
v -250.133713 135.579575 103.611420
v -266.641296 135.579575 103.615601
v -250.133774 135.713486 103.388008
v -266.641357 135.713486 103.392189
v -250.133820 135.824844 103.152550
v -266.641418 135.824844 103.156731
v -250.133896 135.912598 102.907310
v -266.641479 135.912598 102.911484
v -250.133957 135.975891 102.654648
v -266.641541 135.975891 102.658821
v -250.134018 136.014099 102.396996
v -266.641632 136.014099 102.401176
v -250.134079 136.026886 102.136841
v -266.641693 136.026886 102.141022
v -266.642853 129.933029 97.581512
v -250.135239 129.933029 97.577339
v -250.135223 129.931290 97.603844
v -266.642822 129.931290 97.608017
v -250.135223 129.926117 97.629898
v -266.642822 129.926117 97.634071
v -250.135223 129.917572 97.655045
v -266.642822 129.917572 97.659225
v -250.135208 129.905823 97.678871
v -266.642822 129.905823 97.683044
v -250.135208 129.891068 97.700958
v -266.642822 129.891068 97.705132
v -250.135208 129.873550 97.720924
v -266.642792 129.873550 97.725105
v -250.135193 129.853592 97.738441
v -266.642792 129.853592 97.742615
v -250.135193 129.831497 97.753197
v -266.642792 129.831497 97.757370
v -250.135193 129.807678 97.764946
v -266.642792 129.807678 97.769119
v -250.135193 129.782532 97.773483
v -266.642792 129.782532 97.777657
v -250.135193 129.756470 97.778664
v -266.642792 129.756470 97.782845
v -250.135193 129.729965 97.780403
v -266.642792 129.729965 97.784576
v -266.644073 136.026886 92.654160
v -250.136490 136.026886 92.649979
v -250.136536 136.014160 92.472122
v -266.644135 136.014160 92.476295
v -250.136566 135.976257 92.297882
v -266.644165 135.976257 92.302063
v -250.136612 135.913940 92.130814
v -266.644226 135.913940 92.134995
v -250.136658 135.828491 91.974312
v -266.644257 135.828491 91.978485
v -250.136688 135.721634 91.831566
v -266.644287 135.721634 91.835739
v -250.136719 135.595551 91.705475
v -266.644318 135.595551 91.709656
v -250.136749 135.452805 91.598618
v -266.644348 135.452805 91.602798
v -250.136780 135.296295 91.513168
v -266.644379 135.296295 91.517342
v -250.136795 135.129227 91.450851
v -266.644379 135.129227 91.455025
v -250.136795 134.954987 91.412949
v -266.644409 134.954987 91.417122
v -250.136795 134.777130 91.400223
v -266.644409 134.777130 91.404404
vn -0.0000 -1.0000 -0.0000
vn 0.0003 -0.0000 1.0000
vn 1.0000 -0.0000 -0.0003
vn -1.0000 -0.0000 0.0003
vn -0.0003 0.0496 -0.9988
vn -0.0003 0.0991 -0.9951
vn -0.0002 0.1971 -0.9804
vn -0.0002 0.2932 -0.9561
vn -0.0002 0.3862 -0.9224
vn -0.0002 0.4754 -0.8798
vn -0.0002 0.5597 -0.8287
vn -0.0002 0.6385 -0.7696
vn -0.0002 0.7109 -0.7033
vn -0.0002 0.7764 -0.6303
vn -0.0001 0.8342 -0.5514
vn -0.0001 0.8840 -0.4674
vn -0.0001 0.9253 -0.3792
vn -0.0001 0.9578 -0.2874
vn -0.0000 0.9812 -0.1931
vn -0.0000 0.9953 -0.0970
vn -0.0000 0.9999 -0.0121
vn -0.0000 0.9997 -0.0243
vn -0.0000 1.0000 -0.0000
vn 0.0003 0.0245 0.9997
vn 0.0003 0.0980 0.9952
vn 0.0002 0.1951 0.9808
vn 0.0002 0.2903 0.9569
vn 0.0002 0.3827 0.9239
vn 0.0002 0.4714 0.8819
vn 0.0002 0.5556 0.8315
vn 0.0002 0.6344 0.7730
vn 0.0002 0.7071 0.7071
vn 0.0002 0.7730 0.6344
vn 0.0001 0.8315 0.5556
vn 0.0001 0.8819 0.4714
vn 0.0001 0.9239 0.3827
vn 0.0001 0.9569 0.2903
vn -0.0000 0.9808 0.1951
vn -0.0000 0.9952 0.0980
vn -0.0000 0.9997 0.0246
vn -0.0000 -0.9995 -0.0327
vn -0.0000 -0.9914 -0.1305
vn -0.0001 -0.9659 -0.2588
vn -0.0001 -0.9239 -0.3826
vn -0.0001 -0.8660 -0.5000
vn -0.0002 -0.7933 -0.6088
vn -0.0002 -0.7071 -0.7071
vn -0.0002 -0.6088 -0.7934
vn -0.0002 -0.5000 -0.8660
vn -0.0002 -0.3827 -0.9239
vn -0.0002 -0.2588 -0.9659
vn -0.0003 -0.1305 -0.9914
vn -0.0003 -0.0327 -0.9995
vn -0.0003 -0.0000 -1.0000
vn -0.0000 0.9994 -0.0357
vn -0.0000 0.9898 -0.1423
vn -0.0001 0.9595 -0.2817
vn -0.0001 0.9096 -0.4154
vn -0.0001 0.8413 -0.5406
vn -0.0002 0.7557 -0.6549
vn -0.0002 0.7558 -0.6549
vn -0.0002 0.6549 -0.7557
vn -0.0002 0.5406 -0.8413
vn -0.0002 0.4154 -0.9096
vn -0.0002 0.2817 -0.9595
vn -0.0003 0.1423 -0.9898
vn -0.0003 0.0357 -0.9994
vn -0.0002 -0.6087 -0.7934
vn -0.0001 -0.9239 -0.3827
vn -0.0000 0.9997 0.0245
vt 0.494420 0.525622
vt 0.516749 0.506151
vt 0.527634 0.514994
vt 0.505271 0.533826
vt 0.538066 0.523467
vt 0.515682 0.541697
vt 0.557425 0.746622
vt 0.718146 0.746842
vt 0.713740 0.906398
vt 0.554896 0.907043
vt 0.558055 0.706660
vt 0.719244 0.707098
vt 0.880069 0.000000
vt 0.757748 0.000000
vt 0.000000 0.000000
vt 0.676198 0.000000
vt 0.333589 0.227741
vt 0.327355 0.228969
vt 0.215116 0.226471
vt 0.321303 0.230677
vt 0.315490 0.232850
vt 0.309975 0.235466
vt 0.304811 0.238499
vt 0.300046 0.241921
vt 0.295729 0.245699
vt 0.291899 0.249795
vt 0.288595 0.254170
vt 0.285849 0.258782
vt 0.283686 0.263585
vt 0.282128 0.268534
vt 0.281189 0.273580
vt 0.280878 0.278675
vt 0.202800 0.277098
vt 0.202481 0.271962
vt 0.269011 0.224703
vt 0.201528 0.266876
vt 0.199949 0.261889
vt 0.197760 0.257047
vt 0.194982 0.252399
vt 0.191641 0.247989
vt 0.187771 0.243859
vt 0.183407 0.240049
vt 0.178593 0.236596
vt 0.173374 0.233533
vt 0.167801 0.230890
vt 0.161927 0.228692
vt 0.155809 0.226959
vt 0.149506 0.225710
vt 0.319369 0.358771
vt 0.318873 0.359047
vt 0.329849 0.338889
vt 0.318375 0.359743
vt 0.236043 0.208525
vt 0.121433 0.209142
vt 0.121433 0.206394
vt 0.236039 0.205755
vt 0.121310 0.203630
vt 0.235968 0.202969
vt 0.121064 0.200874
vt 0.235830 0.200191
vt 0.120698 0.198148
vt 0.235627 0.197443
vt 0.120213 0.195475
vt 0.235360 0.194748
vt 0.119613 0.192877
vt 0.235030 0.192128
vt 0.118902 0.190377
vt 0.234641 0.189606
vt 0.118086 0.187996
vt 0.234194 0.187204
vt 0.117170 0.185756
vt 0.233693 0.184943
vt 0.116161 0.183678
vt 0.233143 0.182845
vt 0.115067 0.181781
vt 0.232546 0.180929
vt 0.113896 0.180085
vt 0.231908 0.179216
vt 0.112658 0.178607
vt 0.231234 0.177722
vt 0.111363 0.177365
vt 0.230530 0.176466
vt 0.110023 0.176374
vt 0.229801 0.175461
vt 0.108649 0.175645
vt 0.229055 0.174722
vt 0.514024 0.540443
vt 0.536406 0.522118
vt 1.000000 0.000000
vt 0.203297 0.226444
vt 0.203469 0.278582
vt 1.000000 1.000000
vt 0.000000 1.000000
vt 0.100568 1.000000
vt 0.893394 1.000000
vt 0.280900 0.224703
vt 0.280900 0.277098
vt 0.554538 0.929774
vt 0.713115 0.929009
vt 0.713027 0.930701
vt 0.554485 0.931475
vt 0.712856 0.932347
vt 0.554383 0.933130
vt 0.712605 0.933930
vt 0.554231 0.934721
vt 0.712277 0.935433
vt 0.554032 0.936231
vt 0.711875 0.936842
vt 0.553787 0.937647
vt 0.711404 0.938143
vt 0.553500 0.938954
vt 0.356724 0.919993
vt 0.332832 0.920886
vt 0.330997 0.920755
vt 0.355919 0.919818
vt 0.329121 0.920590
vt 0.355095 0.919608
vt 0.327235 0.920390
vt 0.354268 0.919362
vt 0.325376 0.920154
vt 0.353453 0.919078
vt 0.323588 0.919885
vt 0.352669 0.918761
vt 0.321922 0.919583
vt 0.351935 0.918413
vt 0.320429 0.919254
vt 0.351282 0.918041
vt 0.319164 0.918904
vt 0.350725 0.917651
vt 0.318176 0.918540
vt 0.350287 0.917254
vt 0.317506 0.918173
vt 0.349965 0.916863
vt 0.000000 0.386770
vt 0.000000 0.386770
vt 0.200538 0.490542
vt 0.200833 0.490527
vt 0.201123 0.490480
vt 0.201403 0.490404
vt 0.201669 0.490300
vt 0.201915 0.490168
vt 0.202137 0.490012
vt 0.202332 0.489834
vt 0.202497 0.489637
vt 0.202628 0.489425
vt 0.202723 0.489201
vt 0.202780 0.488968
vt 0.202800 0.488732
vt 0.205062 0.490542
vt 0.202800 0.492352
vt 0.315727 0.522324
vt 0.317300 0.531831
vt 0.317111 0.531822
vt 0.315555 0.522315
vt 0.000000 0.386770
vt 0.280900 0.490542
vt 0.280900 0.521197
vt 0.280757 0.523516
vt 0.280332 0.525812
vt 0.279627 0.528064
vt 0.278649 0.530249
vt 0.277408 0.532348
vt 0.275917 0.534339
vt 0.274188 0.536203
vt 0.272239 0.537923
vt 0.270089 0.539482
vt 0.267759 0.540865
vt 0.265270 0.542059
vt 0.262647 0.543051
vt 0.259915 0.543833
vt 0.257100 0.544397
vt 0.254230 0.544738
vt 0.251332 0.544852
vt 0.202800 0.544852
vt 0.314371 0.514130
vt 0.313232 0.507250
vt 0.346300 0.507173
vt 0.350488 0.514036
vt 0.913811 0.007848
vt 1.121959 0.011537
vt 1.125617 0.294304
vt 0.915828 0.295064
vt 0.204164 0.489315
vt 0.281087 0.490846
vt 0.281137 0.542186
vt 0.233443 0.542388
vt 0.230591 0.542289
vt 0.227767 0.541968
vt 0.224995 0.541428
vt 0.222305 0.540675
vt 0.219720 0.539715
vt 0.217267 0.538559
vt 0.214968 0.537216
vt 0.212846 0.535700
vt 0.210922 0.534025
vt 0.209214 0.532208
vt 0.207738 0.530265
vt 0.206510 0.528216
vt 0.205539 0.526081
vt 0.204837 0.523879
vt 0.204410 0.521632
vt 0.204263 0.519363
vt 0.281084 0.487300
vt 0.281103 0.487532
vt 0.281160 0.487759
vt 0.281254 0.487978
vt 0.281382 0.488186
vt 0.281544 0.488378
vt 0.281736 0.488552
vt 0.281955 0.488704
vt 0.282197 0.488832
vt 0.282458 0.488934
vt 0.282734 0.489007
vt 0.283019 0.489052
vt 0.283310 0.489066
vt 0.285747 0.488095
vt 0.258698 0.486216
vt 0.258303 0.476932
vt 0.285635 0.480507
vt 0.145646 0.544852
vt 0.143664 0.544738
vt 0.141723 0.544401
vt 0.139862 0.543845
vt 0.138119 0.543083
vt 0.136528 0.542131
vt 0.135124 0.541007
vt 0.133933 0.539735
vt 0.132981 0.538341
vt 0.132287 0.536852
vt 0.131865 0.535299
vt 0.131723 0.533714
vt 0.131723 0.490542
vt 0.350878 0.488854
vt 0.350831 0.531028
vt 0.350691 0.532575
vt 0.350276 0.534092
vt 0.349594 0.535547
vt 0.348660 0.536911
vt 0.347494 0.538157
vt 0.346117 0.539258
vt 0.344559 0.540193
vt 0.342851 0.540944
vt 0.341028 0.541493
vt 0.339126 0.541830
vt 0.337186 0.541949
vt 0.274753 0.418320
vt 0.289203 0.417627
vt 0.289072 0.420265
vt 0.274866 0.421061
vt 0.124612 0.366027
vt 0.366690 0.365533
vt 0.365209 0.421554
vt 0.124096 0.422199
vt 0.000000 0.720103
vt 0.000000 0.720103
vt 0.378302 -0.001642
vt 0.665926 0.003455
vt 0.665986 0.295969
vt 0.376092 0.297019
vt 0.355475 0.522209
vt 0.361261 0.531693
vt 0.314214 0.514123
vt 0.313090 0.507243
vt 0.303047 0.908065
vt 0.417998 0.907598
vt 0.417869 0.930434
vt 0.303110 0.930987
vt 0.401201 0.915216
vt 0.377962 0.916146
vt 0.377958 0.915732
vt 0.401485 0.914781
vt 0.400766 0.915666
vt 0.377926 0.916572
vt 0.400201 0.916118
vt 0.377873 0.916995
vt 0.399530 0.916559
vt 0.377804 0.917405
vt 0.398777 0.916980
vt 0.377732 0.917793
vt 0.397969 0.917372
vt 0.377651 0.918151
vt 0.397129 0.917731
vt 0.377566 0.918475
vt 0.396278 0.918052
vt 0.377481 0.918762
vt 0.395432 0.918333
vt 0.377397 0.919011
vt 0.394606 0.918575
vt 0.377316 0.919222
vt 0.303135 0.938923
vt 0.417540 0.938341
vt 0.417412 0.939653
vt 0.303140 0.940240
vt 0.303130 0.937497
vt 0.417649 0.936919
vt 0.303125 0.935974
vt 0.417737 0.935402
vt 0.303120 0.934371
vt 0.417804 0.933805
vt 0.303115 0.932703
vt 0.417848 0.932143
vt 0.105932 0.174484
vt 0.227468 0.173543
vt 0.332376 0.172730
vt 0.332825 0.173926
vt 0.334818 0.207992
vt 0.334818 0.207990
vt 0.419712 0.174014
vt 0.333031 0.174675
vt 0.419960 0.173258
vt 0.419471 0.175039
vt 0.333233 0.175690
vt 0.419239 0.176319
vt 0.333428 0.176959
vt 0.419019 0.177838
vt 0.333616 0.178467
vt 0.418812 0.179579
vt 0.333795 0.180195
vt 0.418620 0.181524
vt 0.333963 0.182127
vt 0.418444 0.183654
vt 0.334118 0.184242
vt 0.418286 0.185947
vt 0.334261 0.186521
vt 0.418146 0.188383
vt 0.334389 0.188941
vt 0.418026 0.190939
vt 0.334501 0.191482
vt 0.417927 0.193594
vt 0.334598 0.194121
vt 0.417849 0.196325
vt 0.334677 0.196835
vt 0.417793 0.199108
vt 0.334740 0.199602
vt 0.417759 0.201921
vt 0.334784 0.202400
vt 0.417748 0.204741
vt 0.334810 0.205204
vt 0.417759 0.207545
vt 0.302488 0.705966
vt 0.419136 0.706283
vt 0.418909 0.746433
vt 0.302599 0.746274
vt 0.454592 0.576503
vt 0.480679 0.554535
vt 0.491036 0.561769
vt 0.464857 0.583090
vt 0.443923 0.569656
vt 0.469898 0.547005
s 1
usemtl Material.025
f 1540/1134/918 1403/1135/918 1404/1136/918 1543/1137/918
f 1543/1137/918 1404/1136/918 1406/1138/918 1545/1139/918
f 1554/1140/919 1416/1141/919 1410/1142/919 1548/1143/919
f 1541/1144/919 1401/1145/919 1416/1141/919 1554/1140/919
f 1417/1146/920 1420/1147/920 1419/1148/920
f 1420/1147/920 1421/1149/920 1419/1148/920
f 1421/1150/920 1422/1151/920 1419/1152/920
f 1422/1151/920 1423/1153/920 1419/1152/920
f 1423/1153/920 1424/1154/920 1419/1152/920
f 1424/1154/920 1425/1155/920 1419/1152/920
f 1425/1155/920 1426/1156/920 1419/1152/920
f 1426/1156/920 1427/1157/920 1419/1152/920
f 1427/1157/920 1428/1158/920 1419/1152/920
f 1428/1158/920 1429/1159/920 1419/1152/920
f 1429/1159/920 1430/1160/920 1419/1152/920
f 1430/1160/920 1431/1161/920 1419/1152/920
f 1431/1161/920 1432/1162/920 1419/1152/920
f 1432/1162/920 1433/1163/920 1419/1152/920
f 1433/1163/920 1434/1164/920 1419/1152/920
f 1434/1164/920 1418/1165/920 1419/1152/920
f 1435/1166/921 1438/1167/921 1437/1168/921
f 1438/1167/921 1439/1169/921 1437/1168/921
f 1439/1169/921 1440/1170/921 1437/1168/921
f 1440/1170/921 1441/1171/921 1437/1168/921
f 1441/1171/921 1442/1172/921 1437/1168/921
f 1442/1172/921 1443/1173/921 1437/1168/921
f 1443/1173/921 1444/1174/921 1437/1168/921
f 1444/1174/921 1445/1175/921 1437/1168/921
f 1445/1175/921 1446/1176/921 1437/1168/921
f 1446/1176/921 1447/1177/921 1437/1168/921
f 1447/1177/921 1448/1178/921 1437/1168/921
f 1448/1178/921 1449/1179/921 1437/1168/921
f 1449/1179/921 1450/1180/921 1437/1168/921
f 1450/1180/921 1451/1181/921 1437/1168/921
f 1451/1182/921 1452/1183/921 1437/1184/921
f 1452/1183/921 1436/1185/921 1437/1184/921
f 1557/1186/922 1418/1187/922 1434/1188/923 1558/1189/923
f 1558/1189/923 1434/1188/923 1433/1190/924 1560/1191/924
f 1560/1191/924 1433/1190/924 1432/1192/925 1562/1193/925
f 1562/1193/925 1432/1192/925 1431/1194/926 1564/1195/926
f 1564/1195/926 1431/1194/926 1430/1196/927 1566/1197/927
f 1566/1197/927 1430/1196/927 1429/1198/928 1568/1199/928
f 1568/1199/928 1429/1198/928 1428/1200/929 1570/1201/929
f 1570/1201/929 1428/1200/929 1427/1202/930 1572/1203/930
f 1572/1203/930 1427/1202/930 1426/1204/931 1574/1205/931
f 1574/1205/931 1426/1204/931 1425/1206/932 1576/1207/932
f 1576/1207/932 1425/1206/932 1424/1208/933 1578/1209/933
f 1578/1209/933 1424/1208/933 1423/1210/934 1580/1211/934
f 1580/1211/934 1423/1210/934 1422/1212/935 1582/1213/935
f 1582/1213/935 1422/1212/935 1421/1214/936 1584/1215/936
f 1584/1215/936 1421/1214/936 1420/1216/937 1586/1217/937
f 1586/1217/937 1420/1216/937 1417/1218/938 1588/1219/939
f 1556/1166/940 1435/1166/940 1413/1166/940 1552/1166/940
f 1589/1220/939 1545/1139/940 1406/1138/940 1436/1221/938
f 1401/1148/940 1402/1222/940 1405/1222/940 1417/1146/938 1419/1148/940
f 1401/1223/920 1419/1152/920 1418/1165/920 1414/1165/920 1416/1224/920
f 1404/1225/940 1403/1226/940 1437/1227/940 1436/1228/938 1406/1225/940
f 1435/1166/921 1437/1168/921 1403/1229/921 1415/1230/921 1413/1166/921
f 1591/1231/941 1471/1232/941 1486/1233/942 1592/1234/942
f 1592/1234/942 1486/1233/942 1485/1235/943 1594/1236/943
f 1594/1236/943 1485/1235/943 1484/1237/944 1596/1238/944
f 1596/1238/944 1484/1237/944 1483/1239/945 1598/1240/945
f 1598/1240/945 1483/1239/945 1482/1241/946 1600/1242/946
f 1600/1242/946 1482/1241/946 1481/1243/947 1602/1244/947
f 1602/1245/947 1481/1246/947 1480/1247/948 1604/1248/948
f 1604/1248/948 1480/1247/948 1479/1249/949 1606/1250/949
f 1606/1250/949 1479/1249/949 1478/1251/950 1608/1252/950
f 1608/1252/950 1478/1251/950 1477/1253/951 1610/1254/951
f 1610/1254/951 1477/1253/951 1476/1255/952 1612/1256/952
f 1612/1256/952 1476/1255/952 1475/1257/953 1614/1258/953
f 1614/1258/953 1475/1257/953 1474/1259/954 1616/1260/954
f 1616/1260/954 1474/1259/954 1473/1261/955 1618/1262/955
f 1618/1262/955 1473/1261/955 1472/1263/956 1620/1264/956
f 1620/1264/956 1472/1263/956 1470/1265/957 1622/1266/957
f 1548/1143/919 1410/1142/919 1471/1232/941 1591/1231/941
f 1622/1267/957 1470/1148/957 1408/1148/940 1547/1268/940
f 1487/1269/921 1491/1270/921 1492/1271/921 1493/1272/921 1494/1273/921 1495/1274/921 1496/1275/921 1497/1276/921 1498/1277/921 1499/1278/921 1500/1279/921 1501/1280/921 1488/1281/921 1489/1282/921 1490/1283/921
f 1625/1284/958 1503/1285/958 1515/1286/959 1626/1287/959
f 1626/1267/959 1515/1148/959 1514/1148/960 1628/1267/960
f 1628/1267/960 1514/1148/960 1513/1148/961 1630/1268/961
f 1630/1268/961 1513/1148/961 1512/1148/962 1632/1288/962
f 1632/1288/962 1512/1148/962 1511/1148/963 1634/1267/963
f 1634/1267/963 1511/1148/963 1510/1148/964 1636/1288/964
f 1636/1288/964 1510/1148/964 1509/1148/965 1638/1267/965
f 1638/1267/965 1509/1148/965 1508/1148/966 1640/1267/966
f 1640/1267/966 1508/1148/966 1507/1148/967 1642/1267/967
f 1642/1267/967 1507/1148/967 1506/1148/968 1644/1288/968
f 1644/1288/968 1506/1148/968 1505/1148/969 1646/1288/969
f 1646/1288/969 1505/1148/969 1502/1148/970 1648/1267/970
f 1490/1283/921 1489/1282/921 1409/1289/921 1453/1290/921 1455/1291/921 1456/1292/921 1457/1293/921 1458/1294/921 1459/1295/921 1460/1296/921 1461/1297/921 1462/1298/921 1463/1299/921 1464/1300/921 1465/1301/921 1466/1302/921 1467/1303/921 1468/1304/921 1469/1305/921 1454/1306/921 1407/1307/921
f 1624/1308/958 1487/1309/958 1411/1310/918 1550/1311/918
f 1413/1166/921 1415/1230/921 1409/1289/921 1489/1282/921 1488/1281/921
f 1552/1312/971 1413/1313/971 1488/1314/970 1649/1315/970
f 1410/1316/920 1504/1317/920 1408/1318/920 1470/1319/920 1472/1320/920 1473/1321/920 1474/1322/920 1475/1323/920 1476/1324/920 1477/1325/920 1478/1326/920 1479/1327/920 1480/1328/920 1481/1329/920 1482/1330/920 1483/1331/920 1484/1332/920 1485/1333/920 1486/1334/920 1471/1335/920
f 1416/1224/920 1414/1165/920 1502/1336/920 1505/1337/920 1506/1338/920 1507/1339/920 1508/1340/920 1509/1341/920 1510/1342/920 1511/1343/920 1512/1344/920 1513/1345/920 1514/1346/920 1515/1347/920 1503/1348/920 1504/1317/920 1410/1316/920
f 1651/1268/972 1529/1148/972 1539/1148/973 1652/1267/973
f 1652/1267/973 1539/1148/973 1538/1148/974 1654/1267/974
f 1654/1267/974 1538/1148/974 1537/1148/975 1656/1268/975
f 1656/1268/975 1537/1148/975 1536/1148/976 1658/1267/976
f 1658/1267/976 1536/1148/976 1535/1148/977 1660/1288/978
f 1660/1288/978 1535/1148/977 1534/1148/979 1662/1267/979
f 1662/1267/979 1534/1148/979 1533/1148/980 1664/1268/980
f 1664/1268/980 1533/1148/980 1532/1148/981 1666/1288/981
f 1666/1288/981 1532/1148/981 1531/1148/982 1668/1268/982
f 1668/1268/982 1531/1148/982 1530/1148/983 1670/1268/983
f 1670/1268/983 1530/1148/983 1528/1148/984 1672/1267/984
f 1547/1268/940 1408/1148/940 1529/1148/972 1651/1268/972
f 1550/1349/971 1411/1350/971 1517/1351/984 1673/1352/984
f 1487/1269/921 1490/1283/921 1407/1307/921 1516/1353/921 1518/1354/921 1519/1355/921 1520/1356/921 1521/1357/921 1522/1358/921 1523/1359/921 1524/1360/921 1525/1361/921 1526/1362/921 1527/1363/921 1517/1364/921 1411/1365/921
f 1408/1318/920 1504/1317/920 1503/1348/920 1412/1366/920 1528/1367/920 1530/1368/920 1531/1369/920 1532/1370/920 1533/1371/920 1534/1372/920 1535/1373/920 1536/1374/920 1537/1375/920 1538/1376/920 1539/1377/920 1529/1378/920
f 1412/1379/971 1551/1380/971 1672/1381/984 1528/1382/984
f 1551/1383/971 1550/1384/971 1673/1385/984 1672/1386/984
f 1407/1226/940 1546/1387/940 1650/1387/972 1516/1226/972
f 1546/1387/940 1547/1268/940 1651/1268/972 1650/1387/972
f 1527/1226/983 1671/1388/983 1673/1387/984 1517/1226/984
f 1671/1388/983 1670/1268/983 1672/1267/984 1673/1387/984
f 1526/1226/982 1669/1388/982 1671/1388/983 1527/1226/983
f 1669/1388/982 1668/1268/982 1670/1268/983 1671/1388/983
f 1525/1226/981 1667/1388/981 1669/1388/982 1526/1226/982
f 1667/1388/981 1666/1288/981 1668/1268/982 1669/1388/982
f 1524/1226/980 1665/1388/980 1667/1388/981 1525/1226/981
f 1665/1388/980 1664/1268/980 1666/1288/981 1667/1388/981
f 1523/1226/979 1663/1388/979 1665/1388/980 1524/1226/980
f 1663/1388/979 1662/1267/979 1664/1268/980 1665/1388/980
f 1522/1226/977 1661/1388/977 1663/1388/979 1523/1226/979
f 1661/1388/977 1660/1288/978 1662/1267/979 1663/1388/979
f 1521/1226/976 1659/1388/976 1661/1388/977 1522/1226/977
f 1659/1388/976 1658/1267/976 1660/1288/978 1661/1388/977
f 1520/1226/975 1657/1388/975 1659/1388/976 1521/1226/976
f 1657/1388/975 1656/1268/975 1658/1267/976 1659/1388/976
f 1519/1226/974 1655/1388/974 1657/1388/975 1520/1226/975
f 1655/1388/974 1654/1267/974 1656/1268/975 1657/1388/975
f 1518/1226/973 1653/1388/973 1655/1388/974 1519/1226/974
f 1653/1388/973 1652/1267/973 1654/1267/974 1655/1388/974
f 1516/1226/972 1650/1387/972 1653/1388/973 1518/1226/973
f 1650/1387/972 1651/1268/972 1652/1267/973 1653/1388/973
f 1414/1389/971 1553/1390/971 1648/1391/970 1502/1392/970
f 1553/1390/971 1552/1312/971 1649/1315/970 1648/1391/970
f 1503/1285/958 1625/1284/958 1551/1393/918 1412/1394/918
f 1625/1284/958 1624/1308/958 1550/1311/918 1551/1393/918
f 1501/1226/969 1647/1388/969 1649/1388/970 1488/1226/970
f 1647/1388/969 1646/1288/969 1648/1267/970 1649/1388/970
f 1500/1226/968 1645/1388/968 1647/1388/969 1501/1226/969
f 1645/1388/968 1644/1288/968 1646/1288/969 1647/1388/969
f 1499/1226/967 1643/1388/967 1645/1388/968 1500/1226/968
f 1643/1388/967 1642/1267/967 1644/1288/968 1645/1388/968
f 1498/1226/966 1641/1388/966 1643/1388/967 1499/1226/967
f 1641/1388/966 1640/1267/966 1642/1267/967 1643/1388/967
f 1497/1226/985 1639/1388/985 1641/1388/966 1498/1226/966
f 1639/1388/985 1638/1267/965 1640/1267/966 1641/1388/966
f 1496/1226/964 1637/1388/964 1639/1388/985 1497/1226/985
f 1637/1388/964 1636/1288/964 1638/1267/965 1639/1388/985
f 1495/1226/963 1635/1388/963 1637/1388/964 1496/1226/964
f 1635/1388/963 1634/1267/963 1636/1288/964 1637/1388/964
f 1494/1226/962 1633/1388/962 1635/1388/963 1495/1226/963
f 1633/1388/962 1632/1288/962 1634/1267/963 1635/1388/963
f 1493/1226/986 1631/1388/986 1633/1388/962 1494/1226/962
f 1631/1388/986 1630/1268/961 1632/1288/962 1633/1388/962
f 1492/1226/960 1629/1388/960 1631/1388/986 1493/1226/986
f 1629/1388/960 1628/1267/960 1630/1268/961 1631/1388/986
f 1491/1226/959 1627/1388/959 1629/1388/960 1492/1226/960
f 1627/1388/959 1626/1267/959 1628/1267/960 1629/1388/960
f 1487/1309/958 1624/1308/958 1627/1395/959 1491/1396/959
f 1624/1308/958 1625/1284/958 1626/1287/959 1627/1395/959
f 1454/1226/987 1623/1388/987 1546/1387/940 1407/1226/940
f 1623/1388/987 1622/1267/957 1547/1268/940 1546/1387/940
f 1409/1397/919 1549/1398/919 1590/1399/941 1453/1400/941
f 1549/1398/919 1548/1143/919 1591/1231/941 1590/1399/941
f 1469/1401/956 1621/1402/956 1623/1403/987 1454/1404/987
f 1621/1402/956 1620/1264/956 1622/1266/957 1623/1403/987
f 1468/1405/955 1619/1406/955 1621/1402/956 1469/1401/956
f 1619/1406/955 1618/1262/955 1620/1264/956 1621/1402/956
f 1467/1407/954 1617/1408/954 1619/1406/955 1468/1405/955
f 1617/1408/954 1616/1260/954 1618/1262/955 1619/1406/955
f 1466/1409/953 1615/1410/953 1617/1408/954 1467/1407/954
f 1615/1410/953 1614/1258/953 1616/1260/954 1617/1408/954
f 1465/1411/952 1613/1412/952 1615/1410/953 1466/1409/953
f 1613/1412/952 1612/1256/952 1614/1258/953 1615/1410/953
f 1464/1413/951 1611/1414/951 1613/1412/952 1465/1411/952
f 1611/1414/951 1610/1254/951 1612/1256/952 1613/1412/952
f 1463/1415/950 1609/1416/950 1611/1414/951 1464/1413/951
f 1609/1416/950 1608/1252/950 1610/1254/951 1611/1414/951
f 1462/1417/949 1607/1418/949 1609/1416/950 1463/1415/950
f 1607/1418/949 1606/1250/949 1608/1252/950 1609/1416/950
f 1461/1419/948 1605/1420/948 1607/1418/949 1462/1417/949
f 1605/1420/948 1604/1248/948 1606/1250/949 1607/1418/949
f 1460/1421/947 1603/1422/947 1605/1420/948 1461/1419/948
f 1603/1422/947 1602/1245/947 1604/1248/948 1605/1420/948
f 1459/1423/946 1601/1424/946 1603/1425/947 1460/1426/947
f 1601/1424/946 1600/1242/946 1602/1244/947 1603/1425/947
f 1458/1427/945 1599/1428/945 1601/1424/946 1459/1423/946
f 1599/1428/945 1598/1240/945 1600/1242/946 1601/1424/946
f 1457/1429/944 1597/1430/944 1599/1428/945 1458/1427/945
f 1597/1430/944 1596/1238/944 1598/1240/945 1599/1428/945
f 1456/1431/943 1595/1432/943 1597/1430/944 1457/1429/944
f 1595/1432/943 1594/1236/943 1596/1238/944 1597/1430/944
f 1455/1433/942 1593/1434/942 1595/1432/943 1456/1431/943
f 1593/1434/942 1592/1234/942 1594/1236/943 1595/1432/943
f 1453/1400/941 1590/1399/941 1593/1434/942 1455/1433/942
f 1590/1399/941 1591/1231/941 1592/1234/942 1593/1434/942
f 1417/1218/938 1405/1435/940 1544/1436/940 1588/1219/939
f 1588/1219/939 1544/1436/940 1545/1437/940 1589/1438/939
f 1418/1165/940 1557/1165/940 1553/1165/940 1414/1165/940
f 1557/1186/940 1556/1439/940 1552/1440/940 1553/1186/940
f 1452/1441/937 1587/1442/937 1589/1438/939 1436/1443/938
f 1587/1442/937 1586/1217/937 1588/1219/939 1589/1438/939
f 1451/1444/936 1585/1445/936 1587/1442/937 1452/1441/937
f 1585/1445/936 1584/1215/936 1586/1217/937 1587/1442/937
f 1450/1446/935 1583/1447/935 1585/1445/936 1451/1444/936
f 1583/1447/935 1582/1213/935 1584/1215/936 1585/1445/936
f 1449/1448/934 1581/1449/934 1583/1447/935 1450/1446/935
f 1581/1449/934 1580/1211/934 1582/1213/935 1583/1447/935
f 1448/1450/933 1579/1451/933 1581/1449/934 1449/1448/934
f 1579/1451/933 1578/1209/933 1580/1211/934 1581/1449/934
f 1447/1452/932 1577/1453/932 1579/1451/933 1448/1450/933
f 1577/1453/932 1576/1207/932 1578/1209/933 1579/1451/933
f 1446/1454/931 1575/1455/931 1577/1453/932 1447/1452/932
f 1575/1455/931 1574/1205/931 1576/1207/932 1577/1453/932
f 1445/1456/930 1573/1457/930 1575/1455/931 1446/1454/931
f 1573/1457/930 1572/1203/930 1574/1205/931 1575/1455/931
f 1444/1458/929 1571/1459/929 1573/1457/930 1445/1456/930
f 1571/1459/929 1570/1201/929 1572/1203/930 1573/1457/930
f 1443/1460/928 1569/1461/928 1571/1459/929 1444/1458/929
f 1569/1461/928 1568/1199/928 1570/1201/929 1571/1459/929
f 1442/1462/927 1567/1463/927 1569/1461/928 1443/1460/928
f 1567/1463/927 1566/1197/927 1568/1199/928 1569/1461/928
f 1441/1464/926 1565/1465/926 1567/1463/927 1442/1462/927
f 1565/1465/926 1564/1195/926 1566/1197/927 1567/1463/927
f 1440/1466/925 1563/1467/925 1565/1465/926 1441/1464/926
f 1563/1467/925 1562/1193/925 1564/1195/926 1565/1465/926
f 1439/1468/924 1561/1469/924 1563/1467/925 1440/1466/925
f 1561/1469/924 1560/1191/924 1562/1193/925 1563/1467/925
f 1438/1470/923 1559/1471/923 1561/1469/924 1439/1468/924
f 1559/1471/923 1558/1189/923 1560/1191/924 1561/1469/924
f 1435/1472/922 1556/1439/922 1559/1471/923 1438/1470/923
f 1556/1439/922 1557/1186/922 1558/1189/923 1559/1471/923
f 1403/1473/919 1540/1474/919 1555/1475/919 1415/1476/919
f 1540/1474/919 1541/1144/919 1554/1140/919 1555/1475/919
f 1415/1476/919 1555/1475/919 1549/1398/919 1409/1397/919
f 1555/1475/919 1554/1140/919 1548/1143/919 1549/1398/919
f 1402/1477/918 1542/1478/918 1544/1479/918 1405/1480/918
f 1542/1478/918 1543/1137/918 1545/1139/918 1544/1479/918
f 1401/1481/918 1541/1482/918 1542/1478/918 1402/1477/918
f 1541/1482/918 1540/1134/918 1543/1137/918 1542/1478/918
o Cube.029
v -288.458191 113.715866 86.736786
v -288.458191 100.187424 86.736786
v -288.478180 113.715866 59.591663
v -288.478180 100.187424 59.591663
v -282.339569 113.715866 86.732285
v -282.339569 100.187424 86.732285
v -282.359558 113.715866 59.587154
v -282.359558 100.187424 59.587154
vn -1.0000 -0.0000 0.0007
vn -0.0007 -0.0000 -1.0000
vn 1.0000 -0.0000 -0.0007
vn 0.0007 -0.0000 1.0000
vn -0.0000 1.0000 -0.0000
vn -0.0000 -1.0000 -0.0000
vt 0.365760 0.000596
vt 0.621095 0.000076
vt 0.623165 0.248752
vt 0.372525 0.244392
vt 0.374858 0.113733
vt 0.625498 0.118093
vt 0.627328 0.369334
vt 0.377138 0.368445
vt 0.250356 0.207407
vt 0.249621 0.150106
vt 0.136915 0.149224
vt 0.136915 0.208583
vt 0.571684 0.506904
vt 0.581003 0.218664
vt 0.412291 0.218278
vt 0.422405 0.507253
vt 0.125000 0.500000
vt 0.375000 0.500000
vt 0.375000 0.750000
vt 0.125000 0.750000
vt 0.625000 0.500000
vt 0.875000 0.500000
vt 0.875000 0.750000
vt 0.625000 0.750000
s 0
usemtl Material.026
f 1674/1483/988 1676/1486/988 1677/1485/988 1675/1484/988
f 1676/1487/989 1680/1490/989 1681/1489/989 1677/1488/989
f 1680/1491/990 1678/1494/990 1679/1493/990 1681/1492/990
f 1678/1495/991 1674/1498/991 1675/1497/991 1679/1496/991
f 1676/1499/992 1674/1502/992 1678/1501/992 1680/1500/992
f 1681/1503/993 1679/1506/993 1675/1505/993 1677/1504/993
o Cube.030
v -287.633301 113.680206 88.019821
v -287.633301 114.275284 88.019821
v -287.655640 113.680206 57.697338
v -287.655640 114.275284 57.697338
v -282.002014 113.680206 88.015671
v -282.002014 114.275284 88.015671
v -282.024353 113.680206 57.693188
v -282.024353 114.275284 57.693188
vn -1.0000 -0.0000 0.0007
vn -0.0007 -0.0000 -1.0000
vn 1.0000 -0.0000 -0.0007
vn 0.0007 -0.0000 1.0000
vn -0.0000 -1.0000 -0.0000
vn -0.0000 1.0000 -0.0000
vt 0.375000 0.000000
vt 0.625000 0.000000
vt 0.625000 0.250000
vt 0.375000 0.250000
vt 0.225702 0.473198
vt 0.225923 0.472335
vt 0.238392 0.470611
vt 0.238356 0.471512
vt 0.245724 0.486682
vt 0.245753 0.487096
vt 0.240826 0.486917
vt 0.240827 0.487322
s 0
usemtl Material.026
f 1682/1507/994 1683/1508/994 1685/1509/994 1684/1510/994
f 1684/1511/995 1685/1512/995 1689/1513/995 1688/1514/995
f 1688/1514/996 1689/1513/996 1687/1515/996 1686/1516/996
f 1686/1516/997 1687/1515/997 1683/1517/997 1682/1518/997
f 1684/1511/998 1688/1514/998 1686/1516/998 1682/1518/998
f 1689/1513/999 1685/1512/999 1683/1517/999 1687/1515/999
o Plane.009
v -294.804840 100.104362 88.440613
v -287.730133 100.104362 88.435394
v -294.841339 100.104362 38.917816
v -287.766632 100.104362 38.912601
v -280.719543 100.104362 88.430229
v -280.756042 100.104362 38.907436
v -287.830719 136.026886 38.912651
v -287.794220 136.026886 88.435440
v -294.841339 129.933029 38.917816
v -294.804840 129.933029 88.440613
v -281.450531 129.933029 38.907948
v -281.414062 129.933029 88.430740
v -287.830719 105.983330 38.912651
v -287.794220 105.983330 88.435440
v -294.841339 105.983330 38.917816
v -294.804840 105.983330 88.440613
v -281.850830 100.104362 88.431061
v -287.794220 105.983330 88.435440
v -293.737610 100.104362 88.439819
v -282.433380 100.132675 88.431488
v -283.010345 100.217323 88.431915
v -283.576111 100.357506 88.432335
v -284.125275 100.551872 88.432739
v -284.652527 100.798546 88.433128
v -285.152802 101.095146 88.433495
v -285.621277 101.438828 88.433838
v -286.053436 101.826271 88.434158
v -286.445129 102.253754 88.434448
v -286.792572 102.717148 88.434708
v -287.092438 103.212006 88.434921
v -287.341797 103.733543 88.435104
v -287.538300 104.276756 88.435257
v -287.680023 104.836395 88.435356
v -287.765594 105.407089 88.435425
v -287.830719 105.983330 38.912651
v -281.887329 100.104362 38.908272
v -293.774109 100.104362 38.917030
v -287.802094 105.407089 38.912628
v -287.716522 104.836395 38.912567
v -287.574799 104.276756 38.912460
v -287.378296 103.733543 38.912315
v -287.128937 103.212006 38.912132
v -286.829071 102.717148 38.911911
v -286.481628 102.253754 38.911655
v -286.089935 101.826271 38.911369
v -285.657776 101.438828 38.911049
v -285.189301 101.095146 38.910706
v -284.689026 100.798546 38.910332
v -284.161774 100.551872 38.909946
v -283.612610 100.357506 38.909542
v -283.046814 100.217323 38.909126
v -282.469879 100.132675 38.908699
v -294.841339 133.372711 38.917816
v -292.187164 136.026886 38.915859
v -294.828552 133.632874 38.917809
v -294.790314 133.890518 38.917778
v -294.727051 134.143173 38.917732
v -294.639282 134.388428 38.917667
v -294.527924 134.623871 38.917587
v -294.394012 134.847290 38.917488
v -294.238861 135.056503 38.917374
v -294.063934 135.249496 38.917244
v -293.870941 135.424408 38.917099
v -293.661743 135.579575 38.916946
v -293.438324 135.713486 38.916782
v -293.202850 135.824844 38.916611
v -292.957611 135.912598 38.916428
v -292.704956 135.975891 38.916241
v -292.447296 136.014099 38.916054
v -292.150665 136.026886 88.438652
v -294.804840 133.372711 88.440613
v -292.410828 136.014099 88.438843
v -292.668457 135.975891 88.439034
v -292.921143 135.912598 88.439224
v -293.166382 135.824844 88.439400
v -293.401825 135.713486 88.439575
v -293.625244 135.579575 88.439743
v -293.834442 135.424408 88.439896
v -294.027435 135.249496 88.440033
v -294.202362 135.056503 88.440163
v -294.357513 134.847290 88.440277
v -294.491425 134.623871 88.440376
v -294.602783 134.388428 88.440460
v -294.690552 134.143173 88.440521
v -294.753845 133.890518 88.440567
v -294.792053 133.632874 88.440598
v -287.627655 129.933029 38.912498
v -287.830719 129.729965 38.912651
v -288.033783 129.933029 38.912800
v -287.830719 130.136093 38.912651
v -287.654144 129.931290 38.912521
v -287.680206 129.926117 38.912537
v -287.705353 129.917572 38.912560
v -287.729187 129.905823 38.912575
v -287.751282 129.891068 38.912590
v -287.771240 129.873550 38.912605
v -287.788757 129.853592 38.912621
v -287.803497 129.831497 38.912628
v -287.815247 129.807678 38.912636
v -287.823792 129.782532 38.912643
v -287.828979 129.756470 38.912647
v -287.794220 129.729965 88.435440
v -287.591156 129.933029 88.435295
v -287.794220 130.136093 88.435440
v -287.792480 129.756470 88.435440
v -287.787292 129.782532 88.435440
v -287.778778 129.807678 88.435432
v -287.767029 129.831497 88.435425
v -287.752258 129.853592 88.435410
v -287.734741 129.873550 88.435394
v -287.714783 129.891068 88.435379
v -287.692688 129.905823 88.435364
v -287.668854 129.917572 88.435349
v -287.643707 129.926117 88.435333
v -287.617676 129.931290 88.435310
v -282.700287 136.026886 38.908867
v -281.450531 134.777130 38.907948
v -282.522430 136.014160 38.908737
v -282.348206 135.976257 38.908607
v -282.181122 135.913940 38.908485
v -282.024628 135.828491 38.908371
v -281.881866 135.721634 38.908264
v -281.755798 135.595551 38.908173
v -281.648926 135.452805 38.908096
v -281.563477 135.296295 38.908031
v -281.501160 135.129227 38.907986
v -281.463257 134.954987 38.907959
v -281.414062 134.777130 88.430740
v -282.663788 136.026886 88.431664
v -281.426758 134.954987 88.430748
v -281.464661 135.129227 88.430779
v -281.526978 135.296295 88.430824
v -281.612457 135.452805 88.430885
v -281.719299 135.595551 88.430969
v -281.845398 135.721634 88.431061
v -281.988129 135.828491 88.431168
v -282.144623 135.913940 88.431282
v -282.311707 135.976257 88.431404
v -282.485931 136.014160 88.431534
v -294.831116 100.104362 52.779099
v -294.818939 100.104362 69.286697
v -287.744263 100.104362 69.281479
v -287.756439 100.104362 52.773884
v -280.733643 100.104362 69.276314
v -280.745819 100.104362 52.768719
v -287.820496 136.026886 52.773930
v -287.808350 136.026886 69.281525
v -294.818939 129.933029 69.286697
v -294.831116 129.933029 52.779099
v -281.440338 129.933029 52.769230
v -281.428162 129.933029 69.276825
v -287.820496 105.983330 52.773930
v -287.808350 105.983330 69.281525
v -294.818939 105.983330 69.286697
v -294.831116 105.983330 52.779099
v -287.820496 105.983330 52.773930
v -287.808350 105.983330 69.281525
v -287.779724 105.407089 69.281509
v -287.791870 105.407089 52.773911
v -287.694122 104.836395 69.281441
v -287.706299 104.836395 52.773846
v -287.552429 104.276756 69.281342
v -287.564575 104.276756 52.773743
v -287.355927 103.733543 69.281197
v -287.368073 103.733543 52.773598
v -287.106537 103.212006 69.281013
v -287.118713 103.212006 52.773415
v -286.806702 102.717148 69.280792
v -286.818848 102.717148 52.773193
v -286.459259 102.253754 69.280533
v -286.471405 102.253754 52.772938
v -286.067566 101.826271 69.280243
v -286.079712 101.826271 52.772648
v -285.635406 101.438828 69.279930
v -285.647552 101.438828 52.772331
v -285.166931 101.095146 69.279579
v -285.179077 101.095146 52.771984
v -284.666656 100.798546 69.279213
v -284.678802 100.798546 52.771614
v -284.139404 100.551872 69.278824
v -284.151550 100.551872 52.771225
v -283.590240 100.357506 69.278419
v -283.602386 100.357506 52.770821
v -283.024445 100.217323 69.278000
v -283.036621 100.217323 52.770405
v -282.447510 100.132675 69.277580
v -282.459686 100.132675 52.769981
v -281.864960 100.104362 69.277145
v -281.877106 100.104362 52.769550
v -294.831116 133.372711 52.779099
v -294.818939 133.372711 69.286697
v -294.806152 133.632874 69.286682
v -294.818329 133.632874 52.779087
v -294.767944 133.890518 69.286659
v -294.780121 133.890518 52.779060
v -294.704651 134.143173 69.286606
v -294.716827 134.143173 52.779015
v -294.616913 134.388428 69.286545
v -294.629059 134.388428 52.778946
v -294.505554 134.623871 69.286461
v -294.517700 134.623871 52.778866
v -294.371643 134.847290 69.286362
v -294.383789 134.847290 52.778767
v -294.216492 135.056503 69.286247
v -294.228638 135.056503 52.778652
v -294.041565 135.249496 69.286118
v -294.053711 135.249496 52.778526
v -293.848572 135.424408 69.285980
v -293.860718 135.424408 52.778381
v -293.639343 135.579575 69.285828
v -293.651520 135.579575 52.778229
v -293.415955 135.713486 69.285660
v -293.428101 135.713486 52.778061
v -293.180481 135.824844 69.285484
v -293.192657 135.824844 52.777889
v -292.935242 135.912598 69.285309
v -292.947418 135.912598 52.777710
v -292.682587 135.975891 69.285118
v -292.694733 135.975891 52.777523
v -292.424927 136.014099 69.284927
v -292.437103 136.014099 52.777332
v -292.164764 136.026886 69.284737
v -292.176941 136.026886 52.777142
v -287.617432 129.933029 52.773781
v -287.605286 129.933029 69.281380
v -287.631775 129.931290 69.281395
v -287.643951 129.931290 52.773800
v -287.657837 129.926117 69.281418
v -287.669983 129.926117 52.773819
v -287.682983 129.917572 69.281433
v -287.695160 129.917572 52.773838
v -287.706818 129.905823 69.281456
v -287.718964 129.905823 52.773857
v -287.728882 129.891068 69.281471
v -287.741058 129.891068 52.773872
v -287.748871 129.873550 69.281487
v -287.761017 129.873550 52.773888
v -287.766388 129.853592 69.281494
v -287.778534 129.853592 52.773899
v -287.781128 129.831497 69.281509
v -287.793304 129.831497 52.773911
v -287.792877 129.807678 69.281517
v -287.805054 129.807678 52.773918
v -287.801422 129.782532 69.281525
v -287.813568 129.782532 52.773926
v -287.806610 129.756470 69.281525
v -287.818756 129.756470 52.773930
v -287.808350 129.729965 69.281525
v -287.820496 129.729965 52.773930
v -282.690094 136.026886 52.770149
v -282.677917 136.026886 69.277748
v -282.500061 136.014160 69.277618
v -282.512207 136.014160 52.770020
v -282.325806 135.976257 69.277489
v -282.337982 135.976257 52.769890
v -282.158752 135.913940 69.277367
v -282.170898 135.913940 52.769768
v -282.002258 135.828491 69.277252
v -282.014404 135.828491 52.769653
v -281.859497 135.721634 69.277145
v -281.871674 135.721634 52.769547
v -281.733429 135.595551 69.277054
v -281.745575 135.595551 52.769455
v -281.626556 135.452805 69.276970
v -281.638733 135.452805 52.769375
v -281.541107 135.296295 69.276909
v -281.553253 135.296295 52.769314
v -281.478790 135.129227 69.276863
v -281.490936 135.129227 52.769268
v -281.440887 134.954987 69.276833
v -281.453033 134.954987 52.769238
v -281.428162 134.777130 69.276825
v -281.440338 134.777130 52.769230
vn -0.0000 -1.0000 -0.0000
vn -1.0000 -0.0000 0.0007
vn 0.0007 -0.0000 1.0000
vn -0.0007 -0.0000 -1.0000
vn 0.9988 0.0496 -0.0007
vn 0.9951 0.0991 -0.0007
vn 0.9804 0.1971 -0.0007
vn 0.9561 0.2932 -0.0007
vn 0.9224 0.3862 -0.0007
vn 0.8798 0.4754 -0.0006
vn 0.8287 0.5597 -0.0006
vn 0.7696 0.6385 -0.0006
vn 0.7033 0.7109 -0.0005
vn 0.6303 0.7764 -0.0005
vn 0.5514 0.8342 -0.0004
vn 0.4674 0.8840 -0.0003
vn 0.3792 0.9253 -0.0003
vn 0.2874 0.9578 -0.0002
vn 0.1931 0.9812 -0.0001
vn 0.0970 0.9953 -0.0001
vn 0.0121 0.9999 -0.0000
vn 0.0243 0.9997 -0.0000
vn -0.0000 1.0000 -0.0000
vn -0.9997 0.0245 0.0007
vn -0.9952 0.0980 0.0007
vn -0.9808 0.1951 0.0007
vn -0.9569 0.2903 0.0007
vn -0.9239 0.3827 0.0007
vn -0.8819 0.4714 0.0006
vn -0.8315 0.5556 0.0006
vn -0.7730 0.6344 0.0006
vn -0.7071 0.7071 0.0005
vn -0.6344 0.7730 0.0005
vn -0.5556 0.8315 0.0004
vn -0.4714 0.8819 0.0003
vn -0.3827 0.9239 0.0003
vn -0.2903 0.9569 0.0002
vn -0.1951 0.9808 0.0001
vn -0.0980 0.9952 0.0001
vn -0.0246 0.9997 -0.0000
vn 0.0327 -0.9995 -0.0000
vn 0.1305 -0.9914 -0.0001
vn 0.2588 -0.9659 -0.0002
vn 0.3826 -0.9239 -0.0003
vn 0.5000 -0.8660 -0.0004
vn 0.6088 -0.7933 -0.0004
vn 0.7071 -0.7071 -0.0005
vn 0.7934 -0.6088 -0.0006
vn 0.8660 -0.5000 -0.0006
vn 0.9239 -0.3827 -0.0007
vn 0.9659 -0.2588 -0.0007
vn 0.9914 -0.1305 -0.0007
vn 0.9995 -0.0327 -0.0007
vn 1.0000 -0.0000 -0.0007
vn 0.0357 0.9994 -0.0000
vn 0.1423 0.9898 -0.0001
vn 0.2817 0.9595 -0.0002
vn 0.4154 0.9096 -0.0003
vn 0.5406 0.8413 -0.0004
vn 0.6549 0.7557 -0.0005
vn 0.6549 0.7558 -0.0005
vn 0.7557 0.6549 -0.0006
vn 0.8413 0.5406 -0.0006
vn 0.9096 0.4154 -0.0007
vn 0.9595 0.2817 -0.0007
vn 0.9898 0.1423 -0.0007
vn 0.9994 0.0357 -0.0007
vn 0.7934 -0.6087 -0.0006
vn 0.3827 -0.9239 -0.0003
vn -0.0245 0.9997 -0.0000
vt 0.493882 0.530649
vt 0.472560 0.530649
vt 0.472560 0.521943
vt 0.493882 0.521943
vt 0.472560 0.513316
vt 0.493882 0.513316
vt 0.557425 0.746622
vt 0.718146 0.746842
vt 0.713740 0.906398
vt 0.554896 0.907043
vt 0.558055 0.706660
vt 0.719244 0.707098
vt 0.880069 0.000000
vt 0.757748 0.000000
vt 0.000000 0.000000
vt 0.676198 0.000000
vt 0.333589 0.227741
vt 0.327355 0.228969
vt 0.215116 0.226471
vt 0.321303 0.230677
vt 0.315490 0.232850
vt 0.309975 0.235466
vt 0.304811 0.238499
vt 0.300046 0.241921
vt 0.295729 0.245699
vt 0.291899 0.249795
vt 0.288595 0.254170
vt 0.285849 0.258782
vt 0.283686 0.263585
vt 0.282128 0.268534
vt 0.281189 0.273580
vt 0.280878 0.278675
vt 0.202800 0.277098
vt 0.202481 0.271962
vt 0.269011 0.224703
vt 0.201528 0.266876
vt 0.199949 0.261889
vt 0.197760 0.257047
vt 0.194982 0.252399
vt 0.191641 0.247989
vt 0.187771 0.243859
vt 0.183407 0.240049
vt 0.178593 0.236596
vt 0.173374 0.233533
vt 0.167801 0.230890
vt 0.161927 0.228692
vt 0.155809 0.226959
vt 0.149506 0.225710
vt 0.319369 0.358771
vt 0.318873 0.359047
vt 0.329849 0.338889
vt 0.318375 0.359743
vt 0.457674 0.170167
vt 0.447055 0.170224
vt 0.447055 0.169970
vt 0.457673 0.169911
vt 0.447044 0.169714
vt 0.457667 0.169653
vt 0.447021 0.169458
vt 0.457654 0.169395
vt 0.446987 0.169206
vt 0.457635 0.169141
vt 0.446942 0.168958
vt 0.457610 0.168891
vt 0.446887 0.168718
vt 0.457580 0.168648
vt 0.446821 0.168486
vt 0.457544 0.168414
vt 0.446745 0.168265
vt 0.457503 0.168192
vt 0.446660 0.168058
vt 0.457456 0.167982
vt 0.446567 0.167865
vt 0.457405 0.167788
vt 0.446466 0.167689
vt 0.457350 0.167611
vt 0.446357 0.167532
vt 0.457291 0.167452
vt 0.446242 0.167395
vt 0.457228 0.167313
vt 0.446122 0.167280
vt 0.457163 0.167197
vt 0.445998 0.167189
vt 0.457096 0.167104
vt 0.445871 0.167121
vt 0.457026 0.167035
vt 0.493882 0.514708
vt 0.472560 0.514708
vt 1.000000 0.000000
vt 0.203297 0.226444
vt 0.203469 0.278582
vt 1.000000 1.000000
vt 0.000000 1.000000
vt 0.100568 1.000000
vt 0.893394 1.000000
vt 0.280900 0.224703
vt 0.280900 0.277098
vt 0.554538 0.929774
vt 0.713115 0.929009
vt 0.713027 0.930701
vt 0.554485 0.931475
vt 0.712856 0.932347
vt 0.554383 0.933130
vt 0.712605 0.933930
vt 0.554231 0.934721
vt 0.712277 0.935433
vt 0.554032 0.936231
vt 0.711875 0.936842
vt 0.553787 0.937647
vt 0.711404 0.938143
vt 0.553500 0.938954
vt 0.356724 0.919993
vt 0.332832 0.920886
vt 0.330997 0.920755
vt 0.355919 0.919818
vt 0.329121 0.920590
vt 0.355095 0.919608
vt 0.327235 0.920390
vt 0.354268 0.919362
vt 0.325376 0.920154
vt 0.353453 0.919078
vt 0.323588 0.919885
vt 0.352669 0.918761
vt 0.321922 0.919583
vt 0.351935 0.918413
vt 0.320429 0.919254
vt 0.351282 0.918041
vt 0.319164 0.918904
vt 0.350725 0.917651
vt 0.318176 0.918540
vt 0.350287 0.917254
vt 0.317506 0.918173
vt 0.349965 0.916863
vt 0.000000 0.386770
vt 0.000000 0.386770
vt 0.200538 0.490542
vt 0.200833 0.490527
vt 0.201123 0.490480
vt 0.201403 0.490404
vt 0.201669 0.490300
vt 0.201915 0.490168
vt 0.202137 0.490012
vt 0.202332 0.489834
vt 0.202497 0.489637
vt 0.202628 0.489425
vt 0.202723 0.489201
vt 0.202780 0.488968
vt 0.202800 0.488732
vt 0.205062 0.490542
vt 0.202800 0.492352
vt 0.315727 0.522324
vt 0.317300 0.531831
vt 0.317111 0.531822
vt 0.315555 0.522315
vt 0.000000 0.386770
vt 0.280900 0.490542
vt 0.280900 0.521197
vt 0.280757 0.523516
vt 0.280332 0.525812
vt 0.279627 0.528064
vt 0.278649 0.530249
vt 0.277408 0.532348
vt 0.275917 0.534339
vt 0.274188 0.536203
vt 0.272239 0.537923
vt 0.270089 0.539482
vt 0.267759 0.540865
vt 0.265270 0.542059
vt 0.262647 0.543051
vt 0.259915 0.543833
vt 0.257100 0.544397
vt 0.254230 0.544738
vt 0.251332 0.544852
vt 0.202800 0.544852
vt 0.314371 0.514130
vt 0.313232 0.507250
vt 0.346300 0.507173
vt 0.350488 0.514036
vt 0.913811 0.007848
vt 1.121959 0.011537
vt 1.125617 0.294304
vt 0.915828 0.295064
vt 0.204164 0.489315
vt 0.281087 0.490846
vt 0.281137 0.542186
vt 0.233443 0.542388
vt 0.230591 0.542289
vt 0.227767 0.541968
vt 0.224995 0.541428
vt 0.222305 0.540675
vt 0.219720 0.539715
vt 0.217267 0.538559
vt 0.214968 0.537216
vt 0.212846 0.535700
vt 0.210922 0.534025
vt 0.209214 0.532208
vt 0.207738 0.530265
vt 0.206510 0.528216
vt 0.205539 0.526081
vt 0.204837 0.523879
vt 0.204410 0.521632
vt 0.204263 0.519363
vt 0.281084 0.487300
vt 0.281103 0.487532
vt 0.281160 0.487759
vt 0.281254 0.487978
vt 0.281382 0.488186
vt 0.281544 0.488378
vt 0.281736 0.488552
vt 0.281955 0.488704
vt 0.282197 0.488832
vt 0.282458 0.488934
vt 0.282734 0.489007
vt 0.283019 0.489052
vt 0.283310 0.489066
vt 0.285747 0.488095
vt 0.258698 0.486216
vt 0.258303 0.476932
vt 0.285635 0.480507
vt 0.145646 0.544852
vt 0.143664 0.544738
vt 0.141723 0.544401
vt 0.139862 0.543845
vt 0.138119 0.543083
vt 0.136528 0.542131
vt 0.135124 0.541007
vt 0.133933 0.539735
vt 0.132981 0.538341
vt 0.132287 0.536852
vt 0.131865 0.535299
vt 0.131723 0.533714
vt 0.131723 0.490542
vt 0.350878 0.488854
vt 0.350831 0.531028
vt 0.350691 0.532575
vt 0.350276 0.534092
vt 0.349594 0.535547
vt 0.348660 0.536911
vt 0.347494 0.538157
vt 0.346117 0.539258
vt 0.344559 0.540193
vt 0.342851 0.540944
vt 0.341028 0.541493
vt 0.339126 0.541830
vt 0.337186 0.541949
vt 0.274753 0.418320
vt 0.289203 0.417627
vt 0.289072 0.420265
vt 0.274866 0.421061
vt 0.124612 0.366027
vt 0.366690 0.365533
vt 0.365209 0.421554
vt 0.124096 0.422199
vt 0.000000 0.720103
vt 0.000000 0.720103
vt 0.378302 -0.001642
vt 0.665926 0.003455
vt 0.665986 0.295969
vt 0.376092 0.297019
vt 0.355475 0.522209
vt 0.361261 0.531693
vt 0.314214 0.514123
vt 0.313090 0.507243
vt 0.303047 0.908065
vt 0.417998 0.907598
vt 0.417869 0.930434
vt 0.303110 0.930987
vt 0.401201 0.915216
vt 0.377962 0.916146
vt 0.377958 0.915732
vt 0.401485 0.914781
vt 0.400766 0.915666
vt 0.377926 0.916572
vt 0.400201 0.916118
vt 0.377873 0.916995
vt 0.399530 0.916559
vt 0.377804 0.917405
vt 0.398777 0.916980
vt 0.377732 0.917793
vt 0.397969 0.917372
vt 0.377651 0.918151
vt 0.397129 0.917731
vt 0.377566 0.918475
vt 0.396278 0.918052
vt 0.377481 0.918762
vt 0.395432 0.918333
vt 0.377397 0.919011
vt 0.394606 0.918575
vt 0.377316 0.919222
vt 0.303135 0.938923
vt 0.417540 0.938341
vt 0.417412 0.939653
vt 0.303140 0.940240
vt 0.303130 0.937497
vt 0.417649 0.936919
vt 0.303125 0.935974
vt 0.417737 0.935402
vt 0.303120 0.934371
vt 0.417804 0.933805
vt 0.303115 0.932703
vt 0.417848 0.932143
vt 0.108649 0.175645
vt 0.105932 0.174484
vt 0.227468 0.173543
vt 0.229055 0.174722
vt 0.456879 0.166926
vt 0.466599 0.166851
vt 0.466641 0.166962
vt 0.236043 0.208525
vt 0.334818 0.207992
vt 0.334818 0.207990
vt 0.474690 0.166970
vt 0.466660 0.167031
vt 0.474713 0.166900
vt 0.474668 0.167065
vt 0.466678 0.167125
vt 0.474647 0.167183
vt 0.466696 0.167243
vt 0.474626 0.167324
vt 0.466714 0.167382
vt 0.474607 0.167485
vt 0.466730 0.167543
vt 0.474589 0.167666
vt 0.466746 0.167722
vt 0.474573 0.167863
vt 0.466760 0.167918
vt 0.474558 0.168075
vt 0.466774 0.168129
vt 0.474545 0.168301
vt 0.466785 0.168353
vt 0.474534 0.168538
vt 0.466796 0.168588
vt 0.474525 0.168784
vt 0.466805 0.168833
vt 0.474518 0.169037
vt 0.466812 0.169084
vt 0.474513 0.169295
vt 0.466818 0.169341
vt 0.474510 0.169555
vt 0.466822 0.169600
vt 0.474508 0.169817
vt 0.466824 0.169860
vt 0.474509 0.170077
vt 0.466825 0.170118
vt 0.302488 0.705966
vt 0.419136 0.706283
vt 0.418909 0.746433
vt 0.302599 0.746274
vt 0.548738 0.521943
vt 0.519275 0.521943
vt 0.519275 0.513316
vt 0.548738 0.513316
vt 0.548738 0.530649
vt 0.519275 0.530649
s 1
usemtl Material.026
f 1829/1519/1000 1692/1520/1000 1693/1521/1000 1832/1522/1000
f 1832/1522/1000 1693/1521/1000 1695/1523/1000 1834/1524/1000
f 1843/1525/1001 1705/1526/1001 1699/1527/1001 1837/1528/1001
f 1830/1529/1001 1690/1530/1001 1705/1526/1001 1843/1525/1001
f 1706/1531/1002 1709/1532/1002 1708/1533/1002
f 1709/1532/1002 1710/1534/1002 1708/1533/1002
f 1710/1535/1002 1711/1536/1002 1708/1537/1002
f 1711/1536/1002 1712/1538/1002 1708/1537/1002
f 1712/1538/1002 1713/1539/1002 1708/1537/1002
f 1713/1539/1002 1714/1540/1002 1708/1537/1002
f 1714/1540/1002 1715/1541/1002 1708/1537/1002
f 1715/1541/1002 1716/1542/1002 1708/1537/1002
f 1716/1542/1002 1717/1543/1002 1708/1537/1002
f 1717/1543/1002 1718/1544/1002 1708/1537/1002
f 1718/1544/1002 1719/1545/1002 1708/1537/1002
f 1719/1545/1002 1720/1546/1002 1708/1537/1002
f 1720/1546/1002 1721/1547/1002 1708/1537/1002
f 1721/1547/1002 1722/1548/1002 1708/1537/1002
f 1722/1548/1002 1723/1549/1002 1708/1537/1002
f 1723/1549/1002 1707/1550/1002 1708/1537/1002
f 1724/1551/1003 1727/1552/1003 1726/1553/1003
f 1727/1552/1003 1728/1554/1003 1726/1553/1003
f 1728/1554/1003 1729/1555/1003 1726/1553/1003
f 1729/1555/1003 1730/1556/1003 1726/1553/1003
f 1730/1556/1003 1731/1557/1003 1726/1553/1003
f 1731/1557/1003 1732/1558/1003 1726/1553/1003
f 1732/1558/1003 1733/1559/1003 1726/1553/1003
f 1733/1559/1003 1734/1560/1003 1726/1553/1003
f 1734/1560/1003 1735/1561/1003 1726/1553/1003
f 1735/1561/1003 1736/1562/1003 1726/1553/1003
f 1736/1562/1003 1737/1563/1003 1726/1553/1003
f 1737/1563/1003 1738/1564/1003 1726/1553/1003
f 1738/1564/1003 1739/1565/1003 1726/1553/1003
f 1739/1565/1003 1740/1566/1003 1726/1553/1003
f 1740/1567/1003 1741/1568/1003 1726/1569/1003
f 1741/1568/1003 1725/1570/1003 1726/1569/1003
f 1846/1571/1004 1707/1572/1004 1723/1573/1005 1847/1574/1005
f 1847/1574/1005 1723/1573/1005 1722/1575/1006 1849/1576/1006
f 1849/1576/1006 1722/1575/1006 1721/1577/1007 1851/1578/1007
f 1851/1578/1007 1721/1577/1007 1720/1579/1008 1853/1580/1008
f 1853/1580/1008 1720/1579/1008 1719/1581/1009 1855/1582/1009
f 1855/1582/1009 1719/1581/1009 1718/1583/1010 1857/1584/1010
f 1857/1584/1010 1718/1583/1010 1717/1585/1011 1859/1586/1011
f 1859/1586/1011 1717/1585/1011 1716/1587/1012 1861/1588/1012
f 1861/1588/1012 1716/1587/1012 1715/1589/1013 1863/1590/1013
f 1863/1590/1013 1715/1589/1013 1714/1591/1014 1865/1592/1014
f 1865/1592/1014 1714/1591/1014 1713/1593/1015 1867/1594/1015
f 1867/1594/1015 1713/1593/1015 1712/1595/1016 1869/1596/1016
f 1869/1596/1016 1712/1595/1016 1711/1597/1017 1871/1598/1017
f 1871/1598/1017 1711/1597/1017 1710/1599/1018 1873/1600/1018
f 1873/1600/1018 1710/1599/1018 1709/1601/1019 1875/1602/1019
f 1875/1602/1019 1709/1601/1019 1706/1603/1020 1877/1604/1021
f 1845/1551/1022 1724/1551/1022 1702/1551/1022 1841/1551/1022
f 1878/1605/1021 1834/1524/1022 1695/1523/1022 1725/1606/1020
f 1690/1533/1022 1691/1607/1022 1694/1607/1022 1706/1531/1020 1708/1533/1022
f 1690/1608/1002 1708/1537/1002 1707/1550/1002 1703/1550/1002 1705/1609/1002
f 1693/1610/1022 1692/1611/1022 1726/1612/1022 1725/1613/1020 1695/1610/1022
f 1724/1551/1003 1726/1553/1003 1692/1614/1003 1704/1615/1003 1702/1551/1003
f 1880/1616/1023 1760/1617/1023 1775/1618/1024 1881/1619/1024
f 1881/1619/1024 1775/1618/1024 1774/1620/1025 1883/1621/1025
f 1883/1621/1025 1774/1620/1025 1773/1622/1026 1885/1623/1026
f 1885/1623/1026 1773/1622/1026 1772/1624/1027 1887/1625/1027
f 1887/1625/1027 1772/1624/1027 1771/1626/1028 1889/1627/1028
f 1889/1627/1028 1771/1626/1028 1770/1628/1029 1891/1629/1029
f 1891/1630/1029 1770/1631/1029 1769/1632/1030 1893/1633/1030
f 1893/1633/1030 1769/1632/1030 1768/1634/1031 1895/1635/1031
f 1895/1635/1031 1768/1634/1031 1767/1636/1032 1897/1637/1032
f 1897/1637/1032 1767/1636/1032 1766/1638/1033 1899/1639/1033
f 1899/1639/1033 1766/1638/1033 1765/1640/1034 1901/1641/1034
f 1901/1641/1034 1765/1640/1034 1764/1642/1035 1903/1643/1035
f 1903/1643/1035 1764/1642/1035 1763/1644/1036 1905/1645/1036
f 1905/1645/1036 1763/1644/1036 1762/1646/1037 1907/1647/1037
f 1907/1647/1037 1762/1646/1037 1761/1648/1038 1909/1649/1038
f 1909/1649/1038 1761/1648/1038 1759/1650/1039 1911/1651/1039
f 1837/1528/1001 1699/1527/1001 1760/1617/1023 1880/1616/1023
f 1911/1652/1039 1759/1533/1039 1697/1533/1022 1836/1653/1022
f 1776/1654/1003 1780/1655/1003 1781/1656/1003 1782/1657/1003 1783/1658/1003 1784/1659/1003 1785/1660/1003 1786/1661/1003 1787/1662/1003 1788/1663/1003 1789/1664/1003 1790/1665/1003 1777/1666/1003 1778/1667/1003 1779/1668/1003
f 1914/1669/1040 1792/1670/1040 1804/1671/1041 1915/1672/1041
f 1915/1652/1041 1804/1533/1041 1803/1533/1042 1917/1652/1042
f 1917/1652/1042 1803/1533/1042 1802/1533/1043 1919/1653/1043
f 1919/1653/1043 1802/1533/1043 1801/1533/1044 1921/1673/1044
f 1921/1673/1044 1801/1533/1044 1800/1533/1045 1923/1652/1045
f 1923/1652/1045 1800/1533/1045 1799/1533/1046 1925/1673/1046
f 1925/1673/1046 1799/1533/1046 1798/1533/1047 1927/1652/1047
f 1927/1652/1047 1798/1533/1047 1797/1533/1048 1929/1652/1048
f 1929/1652/1048 1797/1533/1048 1796/1533/1049 1931/1652/1049
f 1931/1652/1049 1796/1533/1049 1795/1533/1050 1933/1673/1050
f 1933/1673/1050 1795/1533/1050 1794/1533/1051 1935/1673/1051
f 1935/1673/1051 1794/1533/1051 1791/1533/1052 1937/1652/1052
f 1779/1668/1003 1778/1667/1003 1698/1674/1003 1742/1675/1003 1744/1676/1003 1745/1677/1003 1746/1678/1003 1747/1679/1003 1748/1680/1003 1749/1681/1003 1750/1682/1003 1751/1683/1003 1752/1684/1003 1753/1685/1003 1754/1686/1003 1755/1687/1003 1756/1688/1003 1757/1689/1003 1758/1690/1003 1743/1691/1003 1696/1692/1003
f 1913/1693/1040 1776/1694/1040 1700/1695/1000 1839/1696/1000
f 1702/1551/1003 1704/1615/1003 1698/1674/1003 1778/1667/1003 1777/1666/1003
f 1841/1697/1053 1702/1698/1053 1777/1699/1052 1938/1700/1052
f 1699/1701/1002 1793/1702/1002 1697/1703/1002 1759/1704/1002 1761/1705/1002 1762/1706/1002 1763/1707/1002 1764/1708/1002 1765/1709/1002 1766/1710/1002 1767/1711/1002 1768/1712/1002 1769/1713/1002 1770/1714/1002 1771/1715/1002 1772/1716/1002 1773/1717/1002 1774/1718/1002 1775/1719/1002 1760/1720/1002
f 1705/1609/1002 1703/1550/1002 1791/1721/1002 1794/1722/1002 1795/1723/1002 1796/1724/1002 1797/1725/1002 1798/1726/1002 1799/1727/1002 1800/1728/1002 1801/1729/1002 1802/1730/1002 1803/1731/1002 1804/1732/1002 1792/1733/1002 1793/1702/1002 1699/1701/1002
f 1940/1653/1054 1818/1533/1054 1828/1533/1055 1941/1652/1055
f 1941/1652/1055 1828/1533/1055 1827/1533/1056 1943/1652/1056
f 1943/1652/1056 1827/1533/1056 1826/1533/1057 1945/1653/1057
f 1945/1653/1057 1826/1533/1057 1825/1533/1058 1947/1652/1058
f 1947/1652/1058 1825/1533/1058 1824/1533/1059 1949/1673/1060
f 1949/1673/1060 1824/1533/1059 1823/1533/1061 1951/1652/1061
f 1951/1652/1061 1823/1533/1061 1822/1533/1062 1953/1653/1062
f 1953/1653/1062 1822/1533/1062 1821/1533/1063 1955/1673/1063
f 1955/1673/1063 1821/1533/1063 1820/1533/1064 1957/1653/1064
f 1957/1653/1064 1820/1533/1064 1819/1533/1065 1959/1653/1065
f 1959/1653/1065 1819/1533/1065 1817/1533/1066 1961/1652/1066
f 1836/1653/1022 1697/1533/1022 1818/1533/1054 1940/1653/1054
f 1839/1734/1053 1700/1735/1053 1806/1736/1066 1962/1737/1066
f 1776/1654/1003 1779/1668/1003 1696/1692/1003 1805/1738/1003 1807/1739/1003 1808/1740/1003 1809/1741/1003 1810/1742/1003 1811/1743/1003 1812/1744/1003 1813/1745/1003 1814/1746/1003 1815/1747/1003 1816/1748/1003 1806/1749/1003 1700/1750/1003
f 1697/1703/1002 1793/1702/1002 1792/1733/1002 1701/1751/1002 1817/1752/1002 1819/1753/1002 1820/1754/1002 1821/1755/1002 1822/1756/1002 1823/1757/1002 1824/1758/1002 1825/1759/1002 1826/1760/1002 1827/1761/1002 1828/1762/1002 1818/1763/1002
f 1701/1764/1053 1840/1765/1053 1961/1766/1066 1817/1767/1066
f 1840/1768/1053 1839/1769/1053 1962/1770/1066 1961/1771/1066
f 1696/1611/1022 1835/1772/1022 1939/1772/1054 1805/1611/1054
f 1835/1772/1022 1836/1653/1022 1940/1653/1054 1939/1772/1054
f 1816/1611/1065 1960/1773/1065 1962/1772/1066 1806/1611/1066
f 1960/1773/1065 1959/1653/1065 1961/1652/1066 1962/1772/1066
f 1815/1611/1064 1958/1773/1064 1960/1773/1065 1816/1611/1065
f 1958/1773/1064 1957/1653/1064 1959/1653/1065 1960/1773/1065
f 1814/1611/1063 1956/1773/1063 1958/1773/1064 1815/1611/1064
f 1956/1773/1063 1955/1673/1063 1957/1653/1064 1958/1773/1064
f 1813/1611/1062 1954/1773/1062 1956/1773/1063 1814/1611/1063
f 1954/1773/1062 1953/1653/1062 1955/1673/1063 1956/1773/1063
f 1812/1611/1061 1952/1773/1061 1954/1773/1062 1813/1611/1062
f 1952/1773/1061 1951/1652/1061 1953/1653/1062 1954/1773/1062
f 1811/1611/1059 1950/1773/1060 1952/1773/1061 1812/1611/1061
f 1950/1773/1060 1949/1673/1060 1951/1652/1061 1952/1773/1061
f 1810/1611/1058 1948/1773/1058 1950/1773/1060 1811/1611/1059
f 1948/1773/1058 1947/1652/1058 1949/1673/1060 1950/1773/1060
f 1809/1611/1057 1946/1773/1057 1948/1773/1058 1810/1611/1058
f 1946/1773/1057 1945/1653/1057 1947/1652/1058 1948/1773/1058
f 1808/1611/1056 1944/1773/1056 1946/1773/1057 1809/1611/1057
f 1944/1773/1056 1943/1652/1056 1945/1653/1057 1946/1773/1057
f 1807/1611/1055 1942/1773/1055 1944/1773/1056 1808/1611/1056
f 1942/1773/1055 1941/1652/1055 1943/1652/1056 1944/1773/1056
f 1805/1611/1054 1939/1772/1054 1942/1773/1055 1807/1611/1055
f 1939/1772/1054 1940/1653/1054 1941/1652/1055 1942/1773/1055
f 1703/1774/1053 1842/1775/1053 1937/1776/1052 1791/1777/1052
f 1842/1775/1053 1841/1697/1053 1938/1700/1052 1937/1776/1052
f 1792/1670/1040 1914/1669/1040 1840/1778/1000 1701/1779/1000
f 1914/1669/1040 1913/1693/1040 1839/1696/1000 1840/1778/1000
f 1790/1611/1051 1936/1773/1051 1938/1773/1052 1777/1611/1052
f 1936/1773/1051 1935/1673/1051 1937/1652/1052 1938/1773/1052
f 1789/1611/1050 1934/1773/1050 1936/1773/1051 1790/1611/1051
f 1934/1773/1050 1933/1673/1050 1935/1673/1051 1936/1773/1051
f 1788/1611/1049 1932/1773/1049 1934/1773/1050 1789/1611/1050
f 1932/1773/1049 1931/1652/1049 1933/1673/1050 1934/1773/1050
f 1787/1611/1048 1930/1773/1048 1932/1773/1049 1788/1611/1049
f 1930/1773/1048 1929/1652/1048 1931/1652/1049 1932/1773/1049
f 1786/1611/1067 1928/1773/1067 1930/1773/1048 1787/1611/1048
f 1928/1773/1067 1927/1652/1047 1929/1652/1048 1930/1773/1048
f 1785/1611/1046 1926/1773/1046 1928/1773/1067 1786/1611/1067
f 1926/1773/1046 1925/1673/1046 1927/1652/1047 1928/1773/1067
f 1784/1611/1045 1924/1773/1045 1926/1773/1046 1785/1611/1046
f 1924/1773/1045 1923/1652/1045 1925/1673/1046 1926/1773/1046
f 1783/1611/1044 1922/1773/1044 1924/1773/1045 1784/1611/1045
f 1922/1773/1044 1921/1673/1044 1923/1652/1045 1924/1773/1045
f 1782/1611/1068 1920/1773/1068 1922/1773/1044 1783/1611/1044
f 1920/1773/1068 1919/1653/1043 1921/1673/1044 1922/1773/1044
f 1781/1611/1042 1918/1773/1042 1920/1773/1068 1782/1611/1068
f 1918/1773/1042 1917/1652/1042 1919/1653/1043 1920/1773/1068
f 1780/1611/1041 1916/1773/1041 1918/1773/1042 1781/1611/1042
f 1916/1773/1041 1915/1652/1041 1917/1652/1042 1918/1773/1042
f 1776/1694/1040 1913/1693/1040 1916/1780/1041 1780/1781/1041
f 1913/1693/1040 1914/1669/1040 1915/1672/1041 1916/1780/1041
f 1743/1611/1069 1912/1773/1069 1835/1772/1022 1696/1611/1022
f 1912/1773/1069 1911/1652/1039 1836/1653/1022 1835/1772/1022
f 1698/1782/1001 1838/1783/1001 1879/1784/1023 1742/1785/1023
f 1838/1783/1001 1837/1528/1001 1880/1616/1023 1879/1784/1023
f 1758/1786/1038 1910/1787/1038 1912/1788/1069 1743/1789/1069
f 1910/1787/1038 1909/1649/1038 1911/1651/1039 1912/1788/1069
f 1757/1790/1037 1908/1791/1037 1910/1787/1038 1758/1786/1038
f 1908/1791/1037 1907/1647/1037 1909/1649/1038 1910/1787/1038
f 1756/1792/1036 1906/1793/1036 1908/1791/1037 1757/1790/1037
f 1906/1793/1036 1905/1645/1036 1907/1647/1037 1908/1791/1037
f 1755/1794/1035 1904/1795/1035 1906/1793/1036 1756/1792/1036
f 1904/1795/1035 1903/1643/1035 1905/1645/1036 1906/1793/1036
f 1754/1796/1034 1902/1797/1034 1904/1795/1035 1755/1794/1035
f 1902/1797/1034 1901/1641/1034 1903/1643/1035 1904/1795/1035
f 1753/1798/1033 1900/1799/1033 1902/1797/1034 1754/1796/1034
f 1900/1799/1033 1899/1639/1033 1901/1641/1034 1902/1797/1034
f 1752/1800/1032 1898/1801/1032 1900/1799/1033 1753/1798/1033
f 1898/1801/1032 1897/1637/1032 1899/1639/1033 1900/1799/1033
f 1751/1802/1031 1896/1803/1031 1898/1801/1032 1752/1800/1032
f 1896/1803/1031 1895/1635/1031 1897/1637/1032 1898/1801/1032
f 1750/1804/1030 1894/1805/1030 1896/1803/1031 1751/1802/1031
f 1894/1805/1030 1893/1633/1030 1895/1635/1031 1896/1803/1031
f 1749/1806/1029 1892/1807/1029 1894/1805/1030 1750/1804/1030
f 1892/1807/1029 1891/1630/1029 1893/1633/1030 1894/1805/1030
f 1748/1808/1028 1890/1809/1028 1892/1810/1029 1749/1811/1029
f 1890/1809/1028 1889/1627/1028 1891/1629/1029 1892/1810/1029
f 1747/1812/1027 1888/1813/1027 1890/1809/1028 1748/1808/1028
f 1888/1813/1027 1887/1625/1027 1889/1627/1028 1890/1809/1028
f 1746/1814/1026 1886/1815/1026 1888/1813/1027 1747/1812/1027
f 1886/1815/1026 1885/1623/1026 1887/1625/1027 1888/1813/1027
f 1745/1816/1025 1884/1817/1025 1886/1815/1026 1746/1814/1026
f 1884/1817/1025 1883/1621/1025 1885/1623/1026 1886/1815/1026
f 1744/1818/1024 1882/1819/1024 1884/1817/1025 1745/1816/1025
f 1882/1819/1024 1881/1619/1024 1883/1621/1025 1884/1817/1025
f 1742/1785/1023 1879/1784/1023 1882/1819/1024 1744/1818/1024
f 1879/1784/1023 1880/1616/1023 1881/1619/1024 1882/1819/1024
f 1706/1820/1020 1694/1821/1022 1833/1822/1022 1877/1823/1021
f 1877/1604/1021 1833/1824/1022 1834/1825/1022 1878/1826/1021
f 1707/1550/1022 1846/1550/1022 1842/1550/1022 1703/1550/1022
f 1846/1827/1022 1845/1828/1022 1841/1829/1022 1842/1827/1022
f 1741/1830/1019 1876/1831/1019 1878/1826/1021 1725/1832/1020
f 1876/1831/1019 1875/1602/1019 1877/1604/1021 1878/1826/1021
f 1740/1833/1018 1874/1834/1018 1876/1831/1019 1741/1830/1019
f 1874/1834/1018 1873/1600/1018 1875/1602/1019 1876/1831/1019
f 1739/1835/1017 1872/1836/1017 1874/1834/1018 1740/1833/1018
f 1872/1836/1017 1871/1598/1017 1873/1600/1018 1874/1834/1018
f 1738/1837/1016 1870/1838/1016 1872/1836/1017 1739/1835/1017
f 1870/1838/1016 1869/1596/1016 1871/1598/1017 1872/1836/1017
f 1737/1839/1015 1868/1840/1015 1870/1838/1016 1738/1837/1016
f 1868/1840/1015 1867/1594/1015 1869/1596/1016 1870/1838/1016
f 1736/1841/1014 1866/1842/1014 1868/1840/1015 1737/1839/1015
f 1866/1842/1014 1865/1592/1014 1867/1594/1015 1868/1840/1015
f 1735/1843/1013 1864/1844/1013 1866/1842/1014 1736/1841/1014
f 1864/1844/1013 1863/1590/1013 1865/1592/1014 1866/1842/1014
f 1734/1845/1012 1862/1846/1012 1864/1844/1013 1735/1843/1013
f 1862/1846/1012 1861/1588/1012 1863/1590/1013 1864/1844/1013
f 1733/1847/1011 1860/1848/1011 1862/1846/1012 1734/1845/1012
f 1860/1848/1011 1859/1586/1011 1861/1588/1012 1862/1846/1012
f 1732/1849/1010 1858/1850/1010 1860/1848/1011 1733/1847/1011
f 1858/1850/1010 1857/1584/1010 1859/1586/1011 1860/1848/1011
f 1731/1851/1009 1856/1852/1009 1858/1850/1010 1732/1849/1010
f 1856/1852/1009 1855/1582/1009 1857/1584/1010 1858/1850/1010
f 1730/1853/1008 1854/1854/1008 1856/1852/1009 1731/1851/1009
f 1854/1854/1008 1853/1580/1008 1855/1582/1009 1856/1852/1009
f 1729/1855/1007 1852/1856/1007 1854/1854/1008 1730/1853/1008
f 1852/1856/1007 1851/1578/1007 1853/1580/1008 1854/1854/1008
f 1728/1857/1006 1850/1858/1006 1852/1856/1007 1729/1855/1007
f 1850/1858/1006 1849/1576/1006 1851/1578/1007 1852/1856/1007
f 1727/1859/1005 1848/1860/1005 1850/1858/1006 1728/1857/1006
f 1848/1860/1005 1847/1574/1005 1849/1576/1006 1850/1858/1006
f 1724/1861/1004 1845/1862/1004 1848/1860/1005 1727/1859/1005
f 1845/1862/1004 1846/1571/1004 1847/1574/1005 1848/1860/1005
f 1692/1863/1001 1829/1864/1001 1844/1865/1001 1704/1866/1001
f 1829/1864/1001 1830/1529/1001 1843/1525/1001 1844/1865/1001
f 1704/1866/1001 1844/1865/1001 1838/1783/1001 1698/1782/1001
f 1844/1865/1001 1843/1525/1001 1837/1528/1001 1838/1783/1001
f 1691/1867/1000 1831/1868/1000 1833/1869/1000 1694/1870/1000
f 1831/1868/1000 1832/1522/1000 1834/1524/1000 1833/1869/1000
f 1690/1871/1000 1830/1872/1000 1831/1868/1000 1691/1867/1000
f 1830/1872/1000 1829/1519/1000 1832/1522/1000 1831/1868/1000
