# Blender 5.1.0
# www.blender.org
mtllib oracle.mtl
o Cylinder.216
v -266.390472 127.143906 -71.661911
v -266.748840 127.447052 -71.661911
v -266.366760 127.143906 -71.902687
v -266.718262 127.447052 -71.972603
v -266.296539 127.143906 -72.134209
v -266.627625 127.447052 -72.271347
v -266.182495 127.143906 -72.347580
v -266.480469 127.447052 -72.546677
v -266.028992 127.143906 -72.534599
v -266.282410 127.447052 -72.788010
v -265.841980 127.143906 -72.688087
v -266.041077 127.447052 -72.986061
v -265.628601 127.143906 -72.802139
v -265.765747 127.447052 -73.133224
v -265.397095 127.143906 -72.872368
v -265.467010 127.447052 -73.223854
v -265.156311 127.143906 -72.896080
v -265.156311 127.447052 -73.254456
v -264.915527 127.143906 -72.872368
v -264.845612 127.447052 -73.223854
v -264.684021 127.143906 -72.802139
v -264.546875 127.447052 -73.133224
v -264.470642 127.143906 -72.688087
v -264.271545 127.447052 -72.986061
v -264.283630 127.143906 -72.534599
v -264.030212 127.447052 -72.788010
v -264.130127 127.143906 -72.347580
v -263.832153 127.447052 -72.546677
v -264.016083 127.143906 -72.134209
v -263.684998 127.447052 -72.271347
v -263.945862 127.143906 -71.902687
v -263.594360 127.447052 -71.972603
v -263.922150 127.143906 -71.661911
v -263.563782 127.447052 -71.661911
v -263.945862 127.143906 -71.421135
v -263.594360 127.447052 -71.351219
v -264.016083 127.143906 -71.189613
v -263.684998 127.447052 -71.052475
v -264.130127 127.143906 -70.976242
v -263.832153 127.447052 -70.777145
v -264.283630 127.143906 -70.789223
v -264.030212 127.447052 -70.535812
v -264.470642 127.143906 -70.635735
v -264.271545 127.447052 -70.337761
v -264.684021 127.143906 -70.521683
v -264.546875 127.447052 -70.190598
v -264.915527 127.143906 -70.451454
v -264.845612 127.447052 -70.099968
v -265.156311 127.143906 -70.427742
v -265.156311 127.447052 -70.069366
v -265.397095 127.143906 -70.451454
v -265.467010 127.447052 -70.099968
v -265.628601 127.143906 -70.521683
v -265.765747 127.447052 -70.190598
v -265.841980 127.143906 -70.635735
v -266.041077 127.447052 -70.337761
v -266.028992 127.143906 -70.789223
v -266.282410 127.447052 -70.535812
v -266.182495 127.143906 -70.976242
v -266.480469 127.447052 -70.777145
v -266.296539 127.143906 -71.189613
v -266.627625 127.447052 -71.052475
v -266.366760 127.143906 -71.421135
v -266.718262 127.447052 -71.351219
v -266.748840 127.143906 -71.661911
v -266.718262 127.143906 -71.972603
v -266.627625 127.143906 -72.271347
v -266.480469 127.143906 -72.546677
v -266.282410 127.143906 -72.788010
v -266.041077 127.143906 -72.986061
v -265.765747 127.143906 -73.133224
v -265.467010 127.143906 -73.223854
v -265.156311 127.143906 -73.254456
v -264.845612 127.143906 -73.223854
v -264.546875 127.143906 -73.133224
v -264.271545 127.143906 -72.986061
v -264.030212 127.143906 -72.788010
v -263.832153 127.143906 -72.546677
v -263.684998 127.143906 -72.271347
v -263.594360 127.143906 -71.972603
v -263.563782 127.143906 -71.661911
v -263.594360 127.143906 -71.351219
v -263.684998 127.143906 -71.052475
v -263.832153 127.143906 -70.777145
v -264.030212 127.143906 -70.535812
v -264.271545 127.143906 -70.337761
v -264.546875 127.143906 -70.190598
v -264.845612 127.143906 -70.099968
v -265.156311 127.143906 -70.069366
v -265.467010 127.143906 -70.099968
v -265.765747 127.143906 -70.190598
v -266.041077 127.143906 -70.337761
v -266.282410 127.143906 -70.535812
v -266.480469 127.143906 -70.777145
v -266.627625 127.143906 -71.052475
v -266.718262 127.143906 -71.351219
v -266.748840 127.143906 -71.661911
v -266.718262 127.143906 -71.972603
v -266.627625 127.143906 -72.271347
v -266.480469 127.143906 -72.546677
v -266.282410 127.143906 -72.788010
v -266.041077 127.143906 -72.986061
v -265.765747 127.143906 -73.133224
v -265.467010 127.143906 -73.223854
v -265.156311 127.143906 -73.254456
v -264.845612 127.143906 -73.223854
v -264.546875 127.143906 -73.133224
v -264.271545 127.143906 -72.986061
v -264.030212 127.143906 -72.788010
v -263.832153 127.143906 -72.546677
v -263.684998 127.143906 -72.271347
v -263.594360 127.143906 -71.972603
v -263.563782 127.143906 -71.661911
v -263.594360 127.143906 -71.351219
v -263.684998 127.143906 -71.052475
v -263.832153 127.143906 -70.777145
v -264.030212 127.143906 -70.535812
v -264.271545 127.143906 -70.337761
v -264.546875 127.143906 -70.190598
v -264.845612 127.143906 -70.099968
v -265.156311 127.143906 -70.069366
v -265.467010 127.143906 -70.099968
v -265.765747 127.143906 -70.190598
v -266.041077 127.143906 -70.337761
v -266.282410 127.143906 -70.535812
v -266.480469 127.143906 -70.777145
v -266.627625 127.143906 -71.052475
v -266.718262 127.143906 -71.351219
v -266.748840 127.143906 -71.661911
v -266.718262 127.143906 -71.972603
v -266.627625 127.143906 -72.271347
v -266.480469 127.143906 -72.546677
v -266.282410 127.143906 -72.788010
v -266.041077 127.143906 -72.986061
v -265.765747 127.143906 -73.133224
v -265.467010 127.143906 -73.223854
v -265.156311 127.143906 -73.254456
v -264.845612 127.143906 -73.223854
v -264.546875 127.143906 -73.133224
v -264.271545 127.143906 -72.986061
v -264.030212 127.143906 -72.788010
v -263.832153 127.143906 -72.546677
v -263.684998 127.143906 -72.271347
v -263.594360 127.143906 -71.972603
v -263.563782 127.143906 -71.661911
v -263.594360 127.143906 -71.351219
v -263.684998 127.143906 -71.052475
v -263.832153 127.143906 -70.777145
v -264.030212 127.143906 -70.535812
v -264.271545 127.143906 -70.337761
v -264.546875 127.143906 -70.190598
v -264.845612 127.143906 -70.099968
v -265.156311 127.143906 -70.069366
v -265.467010 127.143906 -70.099968
v -265.765747 127.143906 -70.190598
v -266.041077 127.143906 -70.337761
v -266.282410 127.143906 -70.535812
v -266.480469 127.143906 -70.777145
v -266.627625 127.143906 -71.052475
v -266.718262 127.143906 -71.351219
vn -0.0000 -1.0000 -0.0000
vn -0.1005 0.9949 -0.0000
vn -0.0986 0.9949 -0.0196
vn -0.0929 0.9949 -0.0385
vn -0.0836 0.9949 -0.0558
vn -0.0711 0.9949 -0.0711
vn -0.0558 0.9949 -0.0836
vn -0.0385 0.9949 -0.0929
vn -0.0196 0.9949 -0.0986
vn -0.0000 0.9949 -0.1005
vn 0.0196 0.9949 -0.0986
vn 0.0385 0.9949 -0.0929
vn 0.0558 0.9949 -0.0836
vn 0.0711 0.9949 -0.0711
vn 0.0836 0.9949 -0.0558
vn 0.0929 0.9949 -0.0385
vn 0.0986 0.9949 -0.0196
vn 0.1005 0.9949 -0.0000
vn 0.0986 0.9949 0.0196
vn 0.0929 0.9949 0.0385
vn 0.0836 0.9949 0.0558
vn 0.0711 0.9949 0.0711
vn 0.0558 0.9949 0.0836
vn 0.0385 0.9949 0.0929
vn 0.0196 0.9949 0.0986
vn -0.0000 0.9949 0.1005
vn -0.0196 0.9949 0.0986
vn -0.0385 0.9949 0.0929
vn -0.0558 0.9949 0.0836
vn -0.0711 0.9949 0.0711
vn -0.0836 0.9949 0.0558
vn -0.0929 0.9949 0.0385
vn -0.0986 0.9949 0.0196
vn -0.0943 0.9955 -0.0000
vn -0.0925 0.9955 -0.0184
vn -0.0871 0.9955 -0.0361
vn -0.0784 0.9955 -0.0524
vn -0.0667 0.9955 -0.0667
vn -0.0524 0.9955 -0.0784
vn -0.0361 0.9955 -0.0871
vn -0.0184 0.9955 -0.0925
vn -0.0000 0.9955 -0.0943
vn 0.0184 0.9955 -0.0925
vn 0.0361 0.9955 -0.0871
vn 0.0524 0.9955 -0.0784
vn 0.0667 0.9955 -0.0667
vn 0.0784 0.9955 -0.0524
vn 0.0871 0.9955 -0.0361
vn 0.0925 0.9955 -0.0184
vn 0.0943 0.9955 -0.0000
vn 0.0925 0.9955 0.0184
vn 0.0871 0.9955 0.0361
vn 0.0784 0.9955 0.0524
vn 0.0667 0.9955 0.0667
vn 0.0524 0.9955 0.0784
vn 0.0361 0.9955 0.0871
vn 0.0184 0.9955 0.0925
vn -0.0000 0.9955 0.0943
vn -0.0184 0.9955 0.0925
vn -0.0361 0.9955 0.0871
vn -0.0524 0.9955 0.0784
vn -0.0667 0.9955 0.0667
vn -0.0784 0.9955 0.0524
vn -0.0871 0.9955 0.0361
vn -0.0925 0.9955 0.0184
vn -0.0000 1.0000 -0.0000
vt 0.835768 0.814306
vt 0.835686 0.818363
vt 0.836788 0.820420
vt 0.836871 0.816340
vt 0.837424 0.822569
vt 0.837509 0.818466
vt 0.837562 0.824729
vt 0.837647 0.820601
vt 0.837186 0.826814
vt 0.837272 0.822664
vt 0.836303 0.828741
vt 0.836388 0.824570
vt 0.834940 0.830428
vt 0.835023 0.826238
vt 0.833145 0.831802
vt 0.833227 0.827596
vt 0.830989 0.832802
vt 0.831069 0.828585
vt 0.828559 0.833383
vt 0.828636 0.829160
vt 0.825956 0.833517
vt 0.826030 0.829293
vt 0.823291 0.833200
vt 0.823362 0.828979
vt 0.820675 0.832446
vt 0.820743 0.828233
vt 0.818219 0.831288
vt 0.818284 0.827088
vt 0.816022 0.829779
vt 0.816085 0.825596
vt 0.814172 0.827986
vt 0.814232 0.823822
vt 0.812737 0.825984
vt 0.812795 0.821843
vt 0.811767 0.823859
vt 0.811824 0.819741
vt 0.811293 0.821693
vt 0.811348 0.817599
vt 0.811322 0.819572
vt 0.811377 0.815502
vt 0.811844 0.817574
vt 0.811900 0.813525
vt 0.812832 0.815770
vt 0.812888 0.811742
vt 0.814241 0.814223
vt 0.814299 0.810212
vt 0.816017 0.812985
vt 0.816076 0.808988
vt 0.818091 0.812096
vt 0.818152 0.808109
vt 0.820389 0.811584
vt 0.820452 0.807603
vt 0.822829 0.811466
vt 0.822895 0.807486
vt 0.825327 0.811744
vt 0.825396 0.807761
vt 0.827796 0.812411
vt 0.827867 0.808421
vt 0.830148 0.813446
vt 0.830222 0.809444
vt 0.832299 0.814815
vt 0.832376 0.810797
vt 0.834169 0.816472
vt 0.834249 0.812437
vt 0.889539 0.815137
vt 0.891039 0.816720
vt 0.891892 0.818368
vt 0.892057 0.820020
vt 0.891516 0.821610
vt 0.890281 0.823076
vt 0.888393 0.824356
vt 0.885921 0.825396
vt 0.882960 0.826152
vt 0.879630 0.826591
vt 0.876067 0.826693
vt 0.872418 0.826453
vt 0.868835 0.825883
vt 0.865463 0.825007
vt 0.862440 0.823864
vt 0.859883 0.822502
vt 0.857890 0.820978
vt 0.856531 0.819355
vt 0.855851 0.817697
vt 0.855865 0.816068
vt 0.856563 0.814529
vt 0.857910 0.813136
vt 0.859847 0.811940
vt 0.862298 0.810980
vt 0.865171 0.810290
vt 0.868360 0.809892
vt 0.871750 0.809800
vt 0.875219 0.810017
vt 0.878646 0.810535
vt 0.881906 0.811338
vt 0.884880 0.812398
vt 0.887458 0.813679
vt 0.834078 0.816720
vt 0.833235 0.815137
vt 0.834558 0.818368
vt 0.834651 0.820020
vt 0.834347 0.821610
vt 0.833652 0.823076
vt 0.832590 0.824356
vt 0.831199 0.825396
vt 0.829534 0.826152
vt 0.827661 0.826591
vt 0.825657 0.826693
vt 0.823604 0.826453
vt 0.821588 0.825883
vt 0.819692 0.825007
vt 0.817991 0.823864
vt 0.816553 0.822502
vt 0.815432 0.820978
vt 0.814668 0.819355
vt 0.814285 0.817697
vt 0.814293 0.816068
vt 0.814686 0.814529
vt 0.815443 0.813136
vt 0.816533 0.811940
vt 0.817912 0.810980
vt 0.819528 0.810290
vt 0.821321 0.809892
vt 0.823228 0.809800
vt 0.825180 0.810017
vt 0.827107 0.810535
vt 0.828941 0.811338
vt 0.830614 0.812398
vt 0.832064 0.813679
s 1
usemtl Material.045
f 65/1/34 2/2/2 4/3/3 66/4/35
f 66/4/35 4/3/3 6/5/4 67/6/36
f 67/6/36 6/5/4 8/7/5 68/8/37
f 68/8/37 8/7/5 10/9/6 69/10/38
f 69/10/38 10/9/6 12/11/7 70/12/39
f 70/12/39 12/11/7 14/13/8 71/14/40
f 71/14/40 14/13/8 16/15/9 72/16/41
f 72/16/41 16/15/9 18/17/10 73/18/42
f 73/18/42 18/17/10 20/19/11 74/20/43
f 74/20/43 20/19/11 22/21/12 75/22/44
f 75/22/44 22/21/12 24/23/13 76/24/45
f 76/24/45 24/23/13 26/25/14 77/26/46
f 77/26/46 26/25/14 28/27/15 78/28/47
f 78/28/47 28/27/15 30/29/16 79/30/48
f 79/30/48 30/29/16 32/31/17 80/32/49
f 80/32/49 32/31/17 34/33/18 81/34/50
f 81/34/50 34/33/18 36/35/19 82/36/51
f 82/36/51 36/35/19 38/37/20 83/38/52
f 83/38/52 38/37/20 40/39/21 84/40/53
f 84/40/53 40/39/21 42/41/22 85/42/54
f 85/42/54 42/41/22 44/43/23 86/44/55
f 86/44/55 44/43/23 46/45/24 87/46/56
f 87/46/56 46/45/24 48/47/25 88/48/57
f 88/48/57 48/47/25 50/49/26 89/50/58
f 89/50/58 50/49/26 52/51/27 90/52/59
f 90/52/59 52/51/27 54/53/28 91/54/60
f 91/54/60 54/53/28 56/55/29 92/56/61
f 92/56/61 56/55/29 58/57/30 93/58/62
f 93/58/62 58/57/30 60/59/31 94/60/63
f 94/60/63 60/59/31 62/61/32 95/62/64
f 4/3/3 2/2/2 64/63/33 62/61/32 60/59/31 58/57/30 56/55/29 54/53/28 52/51/27 50/49/26 48/47/25 46/45/24 44/43/23 42/41/22 40/39/21 38/37/20 36/35/19 34/33/18 32/31/17 30/29/16 28/27/15 26/25/14 24/23/13 22/21/12 20/19/11 18/17/10 16/15/9 14/13/8 12/11/7 10/9/6 8/7/5 6/5/4
f 95/62/64 62/61/32 64/63/33 96/64/65
f 96/64/65 64/63/33 2/2/2 65/1/34
f 98/4/66 97/1/66 65/1/34 66/4/35
f 99/6/66 98/4/66 66/4/35 67/6/36
f 100/8/66 99/6/66 67/6/36 68/8/37
f 101/10/66 100/8/66 68/8/37 69/10/38
f 102/12/66 101/10/66 69/10/38 70/12/39
f 103/14/66 102/12/66 70/12/39 71/14/40
f 104/16/66 103/14/66 71/14/40 72/16/41
f 105/18/66 104/16/66 72/16/41 73/18/42
f 106/20/66 105/18/66 73/18/42 74/20/43
f 107/22/66 106/20/66 74/20/43 75/22/44
f 108/24/66 107/22/66 75/22/44 76/24/45
f 109/26/66 108/24/66 76/24/45 77/26/46
f 110/28/66 109/26/66 77/26/46 78/28/47
f 111/30/66 110/28/66 78/28/47 79/30/48
f 112/32/66 111/30/66 79/30/48 80/32/49
f 113/34/66 112/32/66 80/32/49 81/34/50
f 114/36/66 113/34/66 81/34/50 82/36/51
f 115/38/66 114/36/66 82/36/51 83/38/52
f 116/40/66 115/38/66 83/38/52 84/40/53
f 117/42/66 116/40/66 84/40/53 85/42/54
f 118/44/66 117/42/66 85/42/54 86/44/55
f 119/46/66 118/44/66 86/44/55 87/46/56
f 120/48/66 119/46/66 87/46/56 88/48/57
f 121/50/66 120/48/66 88/48/57 89/50/58
f 122/52/66 121/50/66 89/50/58 90/52/59
f 123/54/66 122/52/66 90/52/59 91/54/60
f 124/56/66 123/54/66 91/54/60 92/56/61
f 125/58/66 124/56/66 92/56/61 93/58/62
f 126/60/66 125/58/66 93/58/62 94/60/63
f 127/62/66 126/60/66 94/60/63 95/62/64
f 128/64/66 127/62/66 95/62/64 96/64/65
f 97/1/66 128/64/66 96/64/65 65/1/34
f 130/4/66 129/1/66 97/1/66 98/4/66
f 131/6/66 130/4/66 98/4/66 99/6/66
f 132/8/66 131/6/66 99/6/66 100/8/66
f 133/10/66 132/8/66 100/8/66 101/10/66
f 134/12/66 133/10/66 101/10/66 102/12/66
f 135/14/66 134/12/66 102/12/66 103/14/66
f 136/16/66 135/14/66 103/14/66 104/16/66
f 137/18/66 136/16/66 104/16/66 105/18/66
f 138/20/66 137/18/66 105/18/66 106/20/66
f 139/22/66 138/20/66 106/20/66 107/22/66
f 140/24/66 139/22/66 107/22/66 108/24/66
f 141/26/66 140/24/66 108/24/66 109/26/66
f 142/28/66 141/26/66 109/26/66 110/28/66
f 143/30/66 142/28/66 110/28/66 111/30/66
f 144/32/66 143/30/66 111/30/66 112/32/66
f 145/34/66 144/32/66 112/32/66 113/34/66
f 146/36/66 145/34/66 113/34/66 114/36/66
f 147/38/66 146/36/66 114/36/66 115/38/66
f 148/40/66 147/38/66 115/38/66 116/40/66
f 149/42/66 148/40/66 116/40/66 117/42/66
f 150/44/66 149/42/66 117/42/66 118/44/66
f 151/46/66 150/44/66 118/44/66 119/46/66
f 152/48/66 151/46/66 119/46/66 120/48/66
f 153/50/66 152/48/66 120/48/66 121/50/66
f 154/52/66 153/50/66 121/50/66 122/52/66
f 155/54/66 154/52/66 122/52/66 123/54/66
f 156/56/66 155/54/66 123/54/66 124/56/66
f 157/58/66 156/56/66 124/56/66 125/58/66
f 158/60/66 157/58/66 125/58/66 126/60/66
f 159/62/66 158/60/66 126/60/66 127/62/66
f 160/64/66 159/62/66 127/62/66 128/64/66
f 129/1/66 160/64/66 128/64/66 97/1/66
f 3/97/1 1/98/1 129/1/66 130/4/66
f 5/99/1 3/97/1 130/4/66 131/6/66
f 7/100/1 5/99/1 131/6/66 132/8/66
f 9/101/1 7/100/1 132/8/66 133/10/66
f 11/102/1 9/101/1 133/10/66 134/12/66
f 13/103/1 11/102/1 134/12/66 135/14/66
f 15/104/1 13/103/1 135/14/66 136/16/66
f 17/105/1 15/104/1 136/16/66 137/18/66
f 19/106/1 17/105/1 137/18/66 138/20/66
f 21/107/1 19/106/1 138/20/66 139/22/66
f 23/108/1 21/107/1 139/22/66 140/24/66
f 25/109/1 23/108/1 140/24/66 141/26/66
f 27/110/1 25/109/1 141/26/66 142/28/66
f 29/111/1 27/110/1 142/28/66 143/30/66
f 31/112/1 29/111/1 143/30/66 144/32/66
f 33/113/1 31/112/1 144/32/66 145/34/66
f 35/114/1 33/113/1 145/34/66 146/36/66
f 37/115/1 35/114/1 146/36/66 147/38/66
f 39/116/1 37/115/1 147/38/66 148/40/66
f 41/117/1 39/116/1 148/40/66 149/42/66
f 43/118/1 41/117/1 149/42/66 150/44/66
f 45/119/1 43/118/1 150/44/66 151/46/66
f 47/120/1 45/119/1 151/46/66 152/48/66
f 49/121/1 47/120/1 152/48/66 153/50/66
f 51/122/1 49/121/1 153/50/66 154/52/66
f 53/123/1 51/122/1 154/52/66 155/54/66
f 55/124/1 53/123/1 155/54/66 156/56/66
f 57/125/1 55/124/1 156/56/66 157/58/66
f 59/126/1 57/125/1 157/58/66 158/60/66
f 61/127/1 59/126/1 158/60/66 159/62/66
f 63/128/1 61/127/1 159/62/66 160/64/66
f 1/98/1 63/128/1 160/64/66 129/1/66
usemtl Material.045
f 1/65/1 3/66/1 5/67/1 7/68/1 9/69/1 11/70/1 13/71/1 15/72/1 17/73/1 19/74/1 21/75/1 23/76/1 25/77/1 27/78/1 29/79/1 31/80/1 33/81/1 35/82/1 37/83/1 39/84/1 41/85/1 43/86/1 45/87/1 47/88/1 49/89/1 51/90/1 53/91/1 55/92/1 57/93/1 59/94/1 61/95/1 63/96/1
o Cylinder.173
v -244.150864 127.143890 -71.637115
v -244.509232 127.447037 -71.637115
v -244.127136 127.143890 -71.877892
v -244.478622 127.447037 -71.947807
v -244.056915 127.143890 -72.109413
v -244.388000 127.447037 -72.246552
v -243.942856 127.143890 -72.322784
v -244.240845 127.447037 -72.521881
v -243.789383 127.143890 -72.509804
v -244.042786 127.447037 -72.763214
v -243.602356 127.143890 -72.663292
v -243.801453 127.447037 -72.961266
v -243.388977 127.143890 -72.777344
v -243.526123 127.447037 -73.108429
v -243.157455 127.143890 -72.847572
v -243.227371 127.447037 -73.199059
v -242.916687 127.143890 -72.871284
v -242.916687 127.447037 -73.229660
v -242.675919 127.143890 -72.847572
v -242.606003 127.447037 -73.199059
v -242.444397 127.143890 -72.777344
v -242.307251 127.447037 -73.108429
v -242.231018 127.143890 -72.663292
v -242.031921 127.447037 -72.961266
v -242.043991 127.143890 -72.509804
v -241.790588 127.447037 -72.763214
v -241.890518 127.143890 -72.322784
v -241.592529 127.447037 -72.521881
v -241.776459 127.143890 -72.109413
v -241.445374 127.447037 -72.246552
v -241.706238 127.143890 -71.877892
v -241.354752 127.447037 -71.947807
v -241.682510 127.143890 -71.637115
v -241.324142 127.447037 -71.637115
v -241.706238 127.143890 -71.396339
v -241.354752 127.447037 -71.326424
v -241.776459 127.143890 -71.164818
v -241.445374 127.447037 -71.027679
v -241.890518 127.143890 -70.951447
v -241.592529 127.447037 -70.752350
v -242.043991 127.143890 -70.764427
v -241.790588 127.447037 -70.511017
v -242.231018 127.143890 -70.610939
v -242.031921 127.447037 -70.312965
v -242.444397 127.143890 -70.496887
v -242.307251 127.447037 -70.165802
v -242.675919 127.143890 -70.426659
v -242.606003 127.447037 -70.075172
v -242.916687 127.143890 -70.402946
v -242.916687 127.447037 -70.044571
v -243.157455 127.143890 -70.426659
v -243.227371 127.447037 -70.075172
v -243.388977 127.143890 -70.496887
v -243.526123 127.447037 -70.165802
v -243.602356 127.143890 -70.610939
v -243.801453 127.447037 -70.312965
v -243.789383 127.143890 -70.764427
v -244.042786 127.447037 -70.511017
v -243.942856 127.143890 -70.951447
v -244.240845 127.447037 -70.752350
v -244.056915 127.143890 -71.164818
v -244.388000 127.447037 -71.027679
v -244.127136 127.143890 -71.396339
v -244.478622 127.447037 -71.326424
v -244.509232 127.143890 -71.637115
v -244.478622 127.143890 -71.947807
v -244.388000 127.143890 -72.246552
v -244.240845 127.143890 -72.521881
v -244.042786 127.143890 -72.763214
v -243.801453 127.143890 -72.961266
v -243.526123 127.143890 -73.108429
v -243.227371 127.143890 -73.199059
v -242.916687 127.143890 -73.229660
v -242.606003 127.143890 -73.199059
v -242.307251 127.143890 -73.108429
v -242.031921 127.143890 -72.961266
v -241.790588 127.143890 -72.763214
v -241.592529 127.143890 -72.521881
v -241.445374 127.143890 -72.246552
v -241.354752 127.143890 -71.947807
v -241.324142 127.143890 -71.637115
v -241.354752 127.143890 -71.326424
v -241.445374 127.143890 -71.027679
v -241.592529 127.143890 -70.752350
v -241.790588 127.143890 -70.511017
v -242.031921 127.143890 -70.312965
v -242.307251 127.143890 -70.165802
v -242.606003 127.143890 -70.075172
v -242.916687 127.143890 -70.044571
v -243.227371 127.143890 -70.075172
v -243.526123 127.143890 -70.165802
v -243.801453 127.143890 -70.312965
v -244.042786 127.143890 -70.511017
v -244.240845 127.143890 -70.752350
v -244.388000 127.143890 -71.027679
v -244.478622 127.143890 -71.326424
v -244.509232 127.143890 -71.637115
v -244.478622 127.143890 -71.947807
v -244.388000 127.143890 -72.246552
v -244.240845 127.143890 -72.521881
v -244.042786 127.143890 -72.763214
v -243.801453 127.143890 -72.961266
v -243.526123 127.143890 -73.108429
v -243.227371 127.143890 -73.199059
v -242.916687 127.143890 -73.229660
v -242.606003 127.143890 -73.199059
v -242.307251 127.143890 -73.108429
v -242.031921 127.143890 -72.961266
v -241.790588 127.143890 -72.763214
v -241.592529 127.143890 -72.521881
v -241.445374 127.143890 -72.246552
v -241.354752 127.143890 -71.947807
v -241.324142 127.143890 -71.637115
v -241.354752 127.143890 -71.326424
v -241.445374 127.143890 -71.027679
v -241.592529 127.143890 -70.752350
v -241.790588 127.143890 -70.511017
v -242.031921 127.143890 -70.312965
v -242.307251 127.143890 -70.165802
v -242.606003 127.143890 -70.075172
v -242.916687 127.143890 -70.044571
v -243.227371 127.143890 -70.075172
v -243.526123 127.143890 -70.165802
v -243.801453 127.143890 -70.312965
v -244.042786 127.143890 -70.511017
v -244.240845 127.143890 -70.752350
v -244.388000 127.143890 -71.027679
v -244.478622 127.143890 -71.326424
v -244.509232 127.143890 -71.637115
v -244.478622 127.143890 -71.947807
v -244.388000 127.143890 -72.246552
v -244.240845 127.143890 -72.521881
v -244.042786 127.143890 -72.763214
v -243.801453 127.143890 -72.961266
v -243.526123 127.143890 -73.108429
v -243.227371 127.143890 -73.199059
v -242.916687 127.143890 -73.229660
v -242.606003 127.143890 -73.199059
v -242.307251 127.143890 -73.108429
v -242.031921 127.143890 -72.961266
v -241.790588 127.143890 -72.763214
v -241.592529 127.143890 -72.521881
v -241.445374 127.143890 -72.246552
v -241.354752 127.143890 -71.947807
v -241.324142 127.143890 -71.637115
v -241.354752 127.143890 -71.326424
v -241.445374 127.143890 -71.027679
v -241.592529 127.143890 -70.752350
v -241.790588 127.143890 -70.511017
v -242.031921 127.143890 -70.312965
v -242.307251 127.143890 -70.165802
v -242.606003 127.143890 -70.075172
v -242.916687 127.143890 -70.044571
v -243.227371 127.143890 -70.075172
v -243.526123 127.143890 -70.165802
v -243.801453 127.143890 -70.312965
v -244.042786 127.143890 -70.511017
v -244.240845 127.143890 -70.752350
v -244.388000 127.143890 -71.027679
v -244.478622 127.143890 -71.326424
vn -0.0000 -1.0000 -0.0000
vn -0.1005 0.9949 -0.0000
vn -0.0986 0.9949 -0.0196
vn -0.0929 0.9949 -0.0385
vn -0.0836 0.9949 -0.0558
vn -0.0711 0.9949 -0.0711
vn -0.0558 0.9949 -0.0836
vn -0.0385 0.9949 -0.0929
vn -0.0196 0.9949 -0.0986
vn -0.0000 0.9949 -0.1005
vn 0.0196 0.9949 -0.0986
vn 0.0385 0.9949 -0.0929
vn 0.0558 0.9949 -0.0836
vn 0.0711 0.9949 -0.0711
vn 0.0836 0.9949 -0.0558
vn 0.0929 0.9949 -0.0385
vn 0.0986 0.9949 -0.0196
vn 0.1005 0.9949 -0.0000
vn 0.0986 0.9949 0.0196
vn 0.0929 0.9949 0.0385
vn 0.0836 0.9949 0.0558
vn 0.0711 0.9949 0.0711
vn 0.0558 0.9949 0.0836
vn 0.0385 0.9949 0.0929
vn 0.0196 0.9949 0.0986
vn -0.0000 0.9949 0.1005
vn -0.0196 0.9949 0.0986
vn -0.0385 0.9949 0.0929
vn -0.0558 0.9949 0.0836
vn -0.0711 0.9949 0.0711
vn -0.0836 0.9949 0.0558
vn -0.0929 0.9949 0.0385
vn -0.0986 0.9949 0.0196
vn -0.0943 0.9955 -0.0000
vn -0.0925 0.9955 -0.0184
vn -0.0871 0.9955 -0.0361
vn -0.0784 0.9955 -0.0524
vn -0.0667 0.9955 -0.0667
vn -0.0524 0.9955 -0.0784
vn -0.0361 0.9955 -0.0871
vn -0.0184 0.9955 -0.0925
vn -0.0000 0.9955 -0.0943
vn 0.0184 0.9955 -0.0925
vn 0.0361 0.9955 -0.0871
vn 0.0524 0.9955 -0.0784
vn 0.0667 0.9955 -0.0667
vn 0.0784 0.9955 -0.0524
vn 0.0871 0.9955 -0.0361
vn 0.0925 0.9955 -0.0184
vn 0.0943 0.9955 -0.0000
vn 0.0925 0.9955 0.0184
vn 0.0871 0.9955 0.0361
vn 0.0784 0.9955 0.0524
vn 0.0667 0.9955 0.0667
vn 0.0524 0.9955 0.0784
vn 0.0361 0.9955 0.0871
vn 0.0184 0.9955 0.0925
vn -0.0000 0.9955 0.0943
vn -0.0184 0.9955 0.0925
vn -0.0361 0.9955 0.0871
vn -0.0524 0.9955 0.0784
vn -0.0667 0.9955 0.0667
vn -0.0784 0.9955 0.0524
vn -0.0871 0.9955 0.0361
vn -0.0925 0.9955 0.0184
vn -0.0000 1.0000 -0.0000
vt 0.851514 0.759617
vt 0.851657 0.764347
vt 0.851602 0.767241
vt 0.851458 0.762480
vt 0.850933 0.770271
vt 0.850787 0.765477
vt 0.849663 0.773323
vt 0.849514 0.768497
vt 0.847827 0.776278
vt 0.847674 0.771420
vt 0.845488 0.779013
vt 0.845331 0.774127
vt 0.842732 0.781413
vt 0.842570 0.776501
vt 0.839666 0.783371
vt 0.839499 0.778439
vt 0.836416 0.784798
vt 0.836245 0.779850
vt 0.833119 0.785628
vt 0.832943 0.780671
vt 0.829917 0.785820
vt 0.829736 0.780861
vt 0.826947 0.785367
vt 0.826762 0.780413
vt 0.824336 0.784289
vt 0.824148 0.779347
vt 0.822192 0.782638
vt 0.822002 0.777713
vt 0.820601 0.780489
vt 0.820410 0.775587
vt 0.819619 0.777940
vt 0.819428 0.773065
vt 0.819276 0.775101
vt 0.819086 0.770256
vt 0.819573 0.772092
vt 0.819384 0.767279
vt 0.820483 0.769035
vt 0.820297 0.764255
vt 0.821958 0.766047
vt 0.821776 0.761298
vt 0.823931 0.763239
vt 0.823753 0.758520
vt 0.826319 0.760709
vt 0.826145 0.756018
vt 0.829029 0.758544
vt 0.828859 0.753876
vt 0.831959 0.756814
vt 0.831793 0.752165
vt 0.835004 0.755572
vt 0.834843 0.750937
vt 0.838060 0.754859
vt 0.837903 0.750230
vt 0.841020 0.754694
vt 0.840867 0.750067
vt 0.843785 0.755082
vt 0.843635 0.750452
vt 0.846259 0.756013
vt 0.846112 0.751373
vt 0.848354 0.757458
vt 0.848209 0.752802
vt 0.849992 0.759372
vt 0.849849 0.754695
vt 0.851110 0.761694
vt 0.850967 0.756992
vt 0.847952 0.760786
vt 0.847887 0.763014
vt 0.847347 0.765339
vt 0.846342 0.767674
vt 0.844904 0.769926
vt 0.843083 0.772005
vt 0.840947 0.773823
vt 0.838580 0.775303
vt 0.836076 0.776380
vt 0.833540 0.777005
vt 0.831078 0.777150
vt 0.828792 0.776808
vt 0.826779 0.775996
vt 0.825120 0.774750
vt 0.823881 0.773124
vt 0.823107 0.771190
vt 0.822823 0.769030
vt 0.823032 0.766734
vt 0.823718 0.764392
vt 0.824847 0.762096
vt 0.826367 0.759930
vt 0.828217 0.757974
vt 0.830325 0.756295
vt 0.832610 0.754951
vt 0.834991 0.753985
vt 0.837382 0.753428
vt 0.839699 0.753300
vt 0.841861 0.753603
vt 0.843791 0.754328
vt 0.845421 0.755452
vt 0.846689 0.756938
vt 0.847545 0.758736
s 1
usemtl Material.045
f 225/129/100 162/130/68 164/131/69 226/132/101
f 226/132/101 164/131/69 166/133/70 227/134/102
f 227/134/102 166/133/70 168/135/71 228/136/103
f 228/136/103 168/135/71 170/137/72 229/138/104
f 229/138/104 170/137/72 172/139/73 230/140/105
f 230/140/105 172/139/73 174/141/74 231/142/106
f 231/142/106 174/141/74 176/143/75 232/144/107
f 232/144/107 176/143/75 178/145/76 233/146/108
f 233/146/108 178/145/76 180/147/77 234/148/109
f 234/148/109 180/147/77 182/149/78 235/150/110
f 235/150/110 182/149/78 184/151/79 236/152/111
f 236/152/111 184/151/79 186/153/80 237/154/112
f 237/154/112 186/153/80 188/155/81 238/156/113
f 238/156/113 188/155/81 190/157/82 239/158/114
f 239/158/114 190/157/82 192/159/83 240/160/115
f 240/160/115 192/159/83 194/161/84 241/162/116
f 241/162/116 194/161/84 196/163/85 242/164/117
f 242/164/117 196/163/85 198/165/86 243/166/118
f 243/166/118 198/165/86 200/167/87 244/168/119
f 244/168/119 200/167/87 202/169/88 245/170/120
f 245/170/120 202/169/88 204/171/89 246/172/121
f 246/172/121 204/171/89 206/173/90 247/174/122
f 247/174/122 206/173/90 208/175/91 248/176/123
f 248/176/123 208/175/91 210/177/92 249/178/124
f 249/178/124 210/177/92 212/179/93 250/180/125
f 250/180/125 212/179/93 214/181/94 251/182/126
f 251/182/126 214/181/94 216/183/95 252/184/127
f 252/184/127 216/183/95 218/185/96 253/186/128
f 253/186/128 218/185/96 220/187/97 254/188/129
f 254/188/129 220/187/97 222/189/98 255/190/130
f 164/131/69 162/130/68 224/191/99 222/189/98 220/187/97 218/185/96 216/183/95 214/181/94 212/179/93 210/177/92 208/175/91 206/173/90 204/171/89 202/169/88 200/167/87 198/165/86 196/163/85 194/161/84 192/159/83 190/157/82 188/155/81 186/153/80 184/151/79 182/149/78 180/147/77 178/145/76 176/143/75 174/141/74 172/139/73 170/137/72 168/135/71 166/133/70
f 255/190/130 222/189/98 224/191/99 256/192/131
f 256/192/131 224/191/99 162/130/68 225/129/100
f 258/132/132 257/129/132 225/129/100 226/132/101
f 259/134/132 258/132/132 226/132/101 227/134/102
f 260/136/132 259/134/132 227/134/102 228/136/103
f 261/138/132 260/136/132 228/136/103 229/138/104
f 262/140/132 261/138/132 229/138/104 230/140/105
f 263/142/132 262/140/132 230/140/105 231/142/106
f 264/144/132 263/142/132 231/142/106 232/144/107
f 265/146/132 264/144/132 232/144/107 233/146/108
f 266/148/132 265/146/132 233/146/108 234/148/109
f 267/150/132 266/148/132 234/148/109 235/150/110
f 268/152/132 267/150/132 235/150/110 236/152/111
f 269/154/132 268/152/132 236/152/111 237/154/112
f 270/156/132 269/154/132 237/154/112 238/156/113
f 271/158/132 270/156/132 238/156/113 239/158/114
f 272/160/132 271/158/132 239/158/114 240/160/115
f 273/162/132 272/160/132 240/160/115 241/162/116
f 274/164/132 273/162/132 241/162/116 242/164/117
f 275/166/132 274/164/132 242/164/117 243/166/118
f 276/168/132 275/166/132 243/166/118 244/168/119
f 277/170/132 276/168/132 244/168/119 245/170/120
f 278/172/132 277/170/132 245/170/120 246/172/121
f 279/174/132 278/172/132 246/172/121 247/174/122
f 280/176/132 279/174/132 247/174/122 248/176/123
f 281/178/132 280/176/132 248/176/123 249/178/124
f 282/180/132 281/178/132 249/178/124 250/180/125
f 283/182/132 282/180/132 250/180/125 251/182/126
f 284/184/132 283/182/132 251/182/126 252/184/127
f 285/186/132 284/184/132 252/184/127 253/186/128
f 286/188/132 285/186/132 253/186/128 254/188/129
f 287/190/132 286/188/132 254/188/129 255/190/130
f 288/192/132 287/190/132 255/190/130 256/192/131
f 257/129/132 288/192/132 256/192/131 225/129/100
f 290/132/132 289/129/132 257/129/132 258/132/132
f 291/134/132 290/132/132 258/132/132 259/134/132
f 292/136/132 291/134/132 259/134/132 260/136/132
f 293/138/132 292/136/132 260/136/132 261/138/132
f 294/140/132 293/138/132 261/138/132 262/140/132
f 295/142/132 294/140/132 262/140/132 263/142/132
f 296/144/132 295/142/132 263/142/132 264/144/132
f 297/146/132 296/144/132 264/144/132 265/146/132
f 298/148/132 297/146/132 265/146/132 266/148/132
f 299/150/132 298/148/132 266/148/132 267/150/132
f 300/152/132 299/150/132 267/150/132 268/152/132
f 301/154/132 300/152/132 268/152/132 269/154/132
f 302/156/132 301/154/132 269/154/132 270/156/132
f 303/158/132 302/156/132 270/156/132 271/158/132
f 304/160/132 303/158/132 271/158/132 272/160/132
f 305/162/132 304/160/132 272/160/132 273/162/132
f 306/164/132 305/162/132 273/162/132 274/164/132
f 307/166/132 306/164/132 274/164/132 275/166/132
f 308/168/132 307/166/132 275/166/132 276/168/132
f 309/170/132 308/168/132 276/168/132 277/170/132
f 310/172/132 309/170/132 277/170/132 278/172/132
f 311/174/132 310/172/132 278/172/132 279/174/132
f 312/176/132 311/174/132 279/174/132 280/176/132
f 313/178/132 312/176/132 280/176/132 281/178/132
f 314/180/132 313/178/132 281/178/132 282/180/132
f 315/182/132 314/180/132 282/180/132 283/182/132
f 316/184/132 315/182/132 283/182/132 284/184/132
f 317/186/132 316/184/132 284/184/132 285/186/132
f 318/188/132 317/186/132 285/186/132 286/188/132
f 319/190/132 318/188/132 286/188/132 287/190/132
f 320/192/132 319/190/132 287/190/132 288/192/132
f 289/129/132 320/192/132 288/192/132 257/129/132
f 163/194/67 161/193/67 289/129/132 290/132/132
f 165/195/67 163/194/67 290/132/132 291/134/132
f 167/196/67 165/195/67 291/134/132 292/136/132
f 169/197/67 167/196/67 292/136/132 293/138/132
f 171/198/67 169/197/67 293/138/132 294/140/132
f 173/199/67 171/198/67 294/140/132 295/142/132
f 175/200/67 173/199/67 295/142/132 296/144/132
f 177/201/67 175/200/67 296/144/132 297/146/132
f 179/202/67 177/201/67 297/146/132 298/148/132
f 181/203/67 179/202/67 298/148/132 299/150/132
f 183/204/67 181/203/67 299/150/132 300/152/132
f 185/205/67 183/204/67 300/152/132 301/154/132
f 187/206/67 185/205/67 301/154/132 302/156/132
f 189/207/67 187/206/67 302/156/132 303/158/132
f 191/208/67 189/207/67 303/158/132 304/160/132
f 193/209/67 191/208/67 304/160/132 305/162/132
f 195/210/67 193/209/67 305/162/132 306/164/132
f 197/211/67 195/210/67 306/164/132 307/166/132
f 199/212/67 197/211/67 307/166/132 308/168/132
f 201/213/67 199/212/67 308/168/132 309/170/132
f 203/214/67 201/213/67 309/170/132 310/172/132
f 205/215/67 203/214/67 310/172/132 311/174/132
f 207/216/67 205/215/67 311/174/132 312/176/132
f 209/217/67 207/216/67 312/176/132 313/178/132
f 211/218/67 209/217/67 313/178/132 314/180/132
f 213/219/67 211/218/67 314/180/132 315/182/132
f 215/220/67 213/219/67 315/182/132 316/184/132
f 217/221/67 215/220/67 316/184/132 317/186/132
f 219/222/67 217/221/67 317/186/132 318/188/132
f 221/223/67 219/222/67 318/188/132 319/190/132
f 223/224/67 221/223/67 319/190/132 320/192/132
f 161/193/67 223/224/67 320/192/132 289/129/132
usemtl Material.045
f 161/193/67 163/194/67 165/195/67 167/196/67 169/197/67 171/198/67 173/199/67 175/200/67 177/201/67 179/202/67 181/203/67 183/204/67 185/205/67 187/206/67 189/207/67 191/208/67 193/209/67 195/210/67 197/211/67 199/212/67 201/213/67 203/214/67 205/215/67 207/216/67 209/217/67 211/218/67 213/219/67 215/220/67 217/221/67 219/222/67 221/223/67 223/224/67
o Cylinder.174
v -284.384918 127.143906 -57.344368
v -284.384918 127.447052 -57.702740
v -284.144135 127.143906 -57.320656
v -284.074219 127.447052 -57.672142
v -283.912628 127.143906 -57.250423
v -283.775482 127.447052 -57.581516
v -283.699249 127.143906 -57.136375
v -283.500153 127.447052 -57.434349
v -283.512238 127.143906 -56.982891
v -283.258820 127.447052 -57.236298
v -283.358734 127.143906 -56.795868
v -283.060760 127.447052 -56.994968
v -283.244690 127.143906 -56.582497
v -282.913605 127.447052 -56.719639
v -283.174469 127.143906 -56.350975
v -282.822968 127.447052 -56.420887
v -283.150757 127.143906 -56.110199
v -282.792389 127.447052 -56.110199
v -283.174469 127.143906 -55.869423
v -282.822968 127.447052 -55.799511
v -283.244690 127.143906 -55.637901
v -282.913605 127.447052 -55.500759
v -283.358734 127.143906 -55.424530
v -283.060760 127.447052 -55.225430
v -283.512238 127.143906 -55.237507
v -283.258820 127.447052 -54.984100
v -283.699249 127.143906 -55.084023
v -283.500153 127.447052 -54.786049
v -283.912628 127.143906 -54.969975
v -283.775482 127.447052 -54.638882
v -284.144135 127.143906 -54.899742
v -284.074219 127.447052 -54.548256
v -284.384918 127.143906 -54.876030
v -284.384918 127.447052 -54.517658
v -284.625702 127.143906 -54.899742
v -284.695618 127.447052 -54.548256
v -284.857208 127.143906 -54.969975
v -284.994354 127.447052 -54.638882
v -285.070587 127.143906 -55.084023
v -285.269684 127.447052 -54.786049
v -285.257599 127.143906 -55.237507
v -285.511017 127.447052 -54.984100
v -285.411102 127.143906 -55.424530
v -285.709076 127.447052 -55.225430
v -285.525146 127.143906 -55.637901
v -285.856232 127.447052 -55.500759
v -285.595367 127.143906 -55.869423
v -285.946869 127.447052 -55.799511
v -285.619080 127.143906 -56.110199
v -285.977448 127.447052 -56.110199
v -285.595367 127.143906 -56.350975
v -285.946869 127.447052 -56.420887
v -285.525146 127.143906 -56.582497
v -285.856232 127.447052 -56.719639
v -285.411102 127.143906 -56.795868
v -285.709076 127.447052 -56.994968
v -285.257599 127.143906 -56.982891
v -285.511017 127.447052 -57.236298
v -285.070587 127.143906 -57.136375
v -285.269684 127.447052 -57.434349
v -284.857208 127.143906 -57.250423
v -284.994354 127.447052 -57.581516
v -284.625702 127.143906 -57.320656
v -284.695618 127.447052 -57.672142
v -284.384918 127.143906 -57.702740
v -284.074219 127.143906 -57.672142
v -283.775482 127.143906 -57.581516
v -283.500153 127.143906 -57.434349
v -283.258820 127.143906 -57.236298
v -283.060760 127.143906 -56.994968
v -282.913605 127.143906 -56.719639
v -282.822968 127.143906 -56.420887
v -282.792389 127.143906 -56.110199
v -282.822968 127.143906 -55.799511
v -282.913605 127.143906 -55.500759
v -283.060760 127.143906 -55.225430
v -283.258820 127.143906 -54.984100
v -283.500153 127.143906 -54.786049
v -283.775482 127.143906 -54.638882
v -284.074219 127.143906 -54.548256
v -284.384918 127.143906 -54.517658
v -284.695618 127.143906 -54.548256
v -284.994354 127.143906 -54.638882
v -285.269684 127.143906 -54.786049
v -285.511017 127.143906 -54.984100
v -285.709076 127.143906 -55.225430
v -285.856232 127.143906 -55.500759
v -285.946869 127.143906 -55.799511
v -285.977448 127.143906 -56.110199
v -285.946869 127.143906 -56.420887
v -285.856232 127.143906 -56.719639
v -285.709076 127.143906 -56.994968
v -285.511017 127.143906 -57.236298
v -285.269684 127.143906 -57.434349
v -284.994354 127.143906 -57.581516
v -284.695618 127.143906 -57.672142
v -284.384918 127.143906 -57.702740
v -284.074219 127.143906 -57.672142
v -283.775482 127.143906 -57.581516
v -283.500153 127.143906 -57.434349
v -283.258820 127.143906 -57.236298
v -283.060760 127.143906 -56.994968
v -282.913605 127.143906 -56.719639
v -282.822968 127.143906 -56.420887
v -282.792389 127.143906 -56.110199
v -282.822968 127.143906 -55.799511
v -282.913605 127.143906 -55.500759
v -283.060760 127.143906 -55.225430
v -283.258820 127.143906 -54.984100
v -283.500153 127.143906 -54.786049
v -283.775482 127.143906 -54.638882
v -284.074219 127.143906 -54.548256
v -284.384918 127.143906 -54.517658
v -284.695618 127.143906 -54.548256
v -284.994354 127.143906 -54.638882
v -285.269684 127.143906 -54.786049
v -285.511017 127.143906 -54.984100
v -285.709076 127.143906 -55.225430
v -285.856232 127.143906 -55.500759
v -285.946869 127.143906 -55.799511
v -285.977448 127.143906 -56.110199
v -285.946869 127.143906 -56.420887
v -285.856232 127.143906 -56.719639
v -285.709076 127.143906 -56.994968
v -285.511017 127.143906 -57.236298
v -285.269684 127.143906 -57.434349
v -284.994354 127.143906 -57.581516
v -284.695618 127.143906 -57.672142
v -284.384918 127.143906 -57.702740
v -284.074219 127.143906 -57.672142
v -283.775482 127.143906 -57.581516
v -283.500153 127.143906 -57.434349
v -283.258820 127.143906 -57.236298
v -283.060760 127.143906 -56.994968
v -282.913605 127.143906 -56.719639
v -282.822968 127.143906 -56.420887
v -282.792389 127.143906 -56.110199
v -282.822968 127.143906 -55.799511
v -282.913605 127.143906 -55.500759
v -283.060760 127.143906 -55.225430
v -283.258820 127.143906 -54.984100
v -283.500153 127.143906 -54.786049
v -283.775482 127.143906 -54.638882
v -284.074219 127.143906 -54.548256
v -284.384918 127.143906 -54.517658
v -284.695618 127.143906 -54.548256
v -284.994354 127.143906 -54.638882
v -285.269684 127.143906 -54.786049
v -285.511017 127.143906 -54.984100
v -285.709076 127.143906 -55.225430
v -285.856232 127.143906 -55.500759
v -285.946869 127.143906 -55.799511
v -285.977448 127.143906 -56.110199
v -285.946869 127.143906 -56.420887
v -285.856232 127.143906 -56.719639
v -285.709076 127.143906 -56.994968
v -285.511017 127.143906 -57.236298
v -285.269684 127.143906 -57.434349
v -284.994354 127.143906 -57.581516
v -284.695618 127.143906 -57.672142
vn -0.0000 -1.0000 -0.0000
vn -0.0000 0.9949 -0.1005
vn 0.0196 0.9949 -0.0986
vn 0.0385 0.9949 -0.0929
vn 0.0558 0.9949 -0.0836
vn 0.0711 0.9949 -0.0711
vn 0.0836 0.9949 -0.0558
vn 0.0929 0.9949 -0.0385
vn 0.0986 0.9949 -0.0196
vn 0.1005 0.9949 -0.0000
vn 0.0986 0.9949 0.0196
vn 0.0929 0.9949 0.0385
vn 0.0836 0.9949 0.0558
vn 0.0711 0.9949 0.0711
vn 0.0558 0.9949 0.0836
vn 0.0385 0.9949 0.0929
vn 0.0196 0.9949 0.0986
vn -0.0000 0.9949 0.1005
vn -0.0196 0.9949 0.0986
vn -0.0385 0.9949 0.0929
vn -0.0558 0.9949 0.0836
vn -0.0711 0.9949 0.0711
vn -0.0836 0.9949 0.0558
vn -0.0929 0.9949 0.0385
vn -0.0986 0.9949 0.0196
vn -0.1005 0.9949 -0.0000
vn -0.0986 0.9949 -0.0196
vn -0.0929 0.9949 -0.0385
vn -0.0836 0.9949 -0.0558
vn -0.0711 0.9949 -0.0711
vn -0.0558 0.9949 -0.0836
vn -0.0385 0.9949 -0.0929
vn -0.0196 0.9949 -0.0986
vn -0.0000 0.9955 -0.0943
vn 0.0184 0.9955 -0.0925
vn 0.0361 0.9955 -0.0871
vn 0.0524 0.9955 -0.0784
vn 0.0667 0.9955 -0.0667
vn 0.0784 0.9955 -0.0524
vn 0.0871 0.9955 -0.0361
vn 0.0925 0.9955 -0.0184
vn 0.0943 0.9955 -0.0000
vn 0.0925 0.9955 0.0184
vn 0.0871 0.9955 0.0361
vn 0.0784 0.9955 0.0524
vn 0.0667 0.9955 0.0667
vn 0.0524 0.9955 0.0784
vn 0.0361 0.9955 0.0871
vn 0.0184 0.9955 0.0925
vn -0.0000 0.9955 0.0943
vn -0.0184 0.9955 0.0925
vn -0.0361 0.9955 0.0871
vn -0.0524 0.9955 0.0784
vn -0.0667 0.9955 0.0667
vn -0.0784 0.9955 0.0524
vn -0.0871 0.9955 0.0361
vn -0.0925 0.9955 0.0184
vn -0.0943 0.9955 -0.0000
vn -0.0925 0.9955 -0.0184
vn -0.0871 0.9955 -0.0361
vn -0.0784 0.9955 -0.0524
vn -0.0667 0.9955 -0.0667
vn -0.0524 0.9955 -0.0784
vn -0.0361 0.9955 -0.0871
vn -0.0184 0.9955 -0.0925
vn -0.0000 1.0000 -0.0000
vt 0.835768 0.814306
vt 0.835686 0.818363
vt 0.836788 0.820420
vt 0.836871 0.816340
vt 0.837424 0.822569
vt 0.837509 0.818466
vt 0.837562 0.824729
vt 0.837647 0.820601
vt 0.837186 0.826814
vt 0.837272 0.822664
vt 0.836303 0.828741
vt 0.836388 0.824570
vt 0.834940 0.830428
vt 0.835023 0.826238
vt 0.833145 0.831802
vt 0.833227 0.827596
vt 0.830989 0.832802
vt 0.831069 0.828585
vt 0.828559 0.833383
vt 0.828636 0.829160
vt 0.825956 0.833517
vt 0.826030 0.829293
vt 0.823291 0.833200
vt 0.823362 0.828979
vt 0.820675 0.832446
vt 0.820743 0.828233
vt 0.818219 0.831288
vt 0.818284 0.827088
vt 0.816022 0.829779
vt 0.816085 0.825596
vt 0.814172 0.827986
vt 0.814232 0.823822
vt 0.812737 0.825984
vt 0.812795 0.821843
vt 0.811767 0.823859
vt 0.811824 0.819741
vt 0.811293 0.821693
vt 0.811348 0.817599
vt 0.811322 0.819572
vt 0.811377 0.815502
vt 0.811844 0.817574
vt 0.811900 0.813525
vt 0.812832 0.815770
vt 0.812888 0.811742
vt 0.814241 0.814223
vt 0.814299 0.810212
vt 0.816017 0.812985
vt 0.816076 0.808988
vt 0.818091 0.812096
vt 0.818152 0.808109
vt 0.820389 0.811584
vt 0.820452 0.807603
vt 0.822829 0.811466
vt 0.822895 0.807486
vt 0.825327 0.811744
vt 0.825396 0.807761
vt 0.827796 0.812411
vt 0.827867 0.808421
vt 0.830148 0.813446
vt 0.830222 0.809444
vt 0.832299 0.814815
vt 0.832376 0.810797
vt 0.834169 0.816472
vt 0.834249 0.812437
vt 0.889539 0.815137
vt 0.891039 0.816720
vt 0.891892 0.818368
vt 0.892057 0.820020
vt 0.891516 0.821610
vt 0.890281 0.823076
vt 0.888393 0.824356
vt 0.885921 0.825396
vt 0.882960 0.826152
vt 0.879630 0.826591
vt 0.876067 0.826693
vt 0.872418 0.826453
vt 0.868835 0.825883
vt 0.865463 0.825007
vt 0.862440 0.823864
vt 0.859883 0.822502
vt 0.857890 0.820978
vt 0.856531 0.819355
vt 0.855851 0.817697
vt 0.855865 0.816068
vt 0.856563 0.814529
vt 0.857910 0.813136
vt 0.859847 0.811940
vt 0.862298 0.810980
vt 0.865171 0.810290
vt 0.868360 0.809892
vt 0.871750 0.809800
vt 0.875219 0.810017
vt 0.878646 0.810535
vt 0.881906 0.811338
vt 0.884880 0.812398
vt 0.887458 0.813679
vt 0.834078 0.816720
vt 0.833235 0.815137
vt 0.834558 0.818368
vt 0.834651 0.820020
vt 0.834347 0.821610
vt 0.833652 0.823076
vt 0.832590 0.824356
vt 0.831199 0.825396
vt 0.829534 0.826152
vt 0.827661 0.826591
vt 0.825657 0.826693
vt 0.823604 0.826453
vt 0.821588 0.825883
vt 0.819692 0.825007
vt 0.817991 0.823864
vt 0.816553 0.822502
vt 0.815432 0.820978
vt 0.814668 0.819355
vt 0.814285 0.817697
vt 0.814293 0.816068
vt 0.814686 0.814529
vt 0.815443 0.813136
vt 0.816533 0.811940
vt 0.817912 0.810980
vt 0.819528 0.810290
vt 0.821321 0.809892
vt 0.823228 0.809800
vt 0.825180 0.810017
vt 0.827107 0.810535
vt 0.828941 0.811338
vt 0.830614 0.812398
vt 0.832064 0.813679
s 1
usemtl Material.046
f 385/225/166 322/226/134 324/227/135 386/228/167
f 386/228/167 324/227/135 326/229/136 387/230/168
f 387/230/168 326/229/136 328/231/137 388/232/169
f 388/232/169 328/231/137 330/233/138 389/234/170
f 389/234/170 330/233/138 332/235/139 390/236/171
f 390/236/171 332/235/139 334/237/140 391/238/172
f 391/238/172 334/237/140 336/239/141 392/240/173
f 392/240/173 336/239/141 338/241/142 393/242/174
f 393/242/174 338/241/142 340/243/143 394/244/175
f 394/244/175 340/243/143 342/245/144 395/246/176
f 395/246/176 342/245/144 344/247/145 396/248/177
f 396/248/177 344/247/145 346/249/146 397/250/178
f 397/250/178 346/249/146 348/251/147 398/252/179
f 398/252/179 348/251/147 350/253/148 399/254/180
f 399/254/180 350/253/148 352/255/149 400/256/181
f 400/256/181 352/255/149 354/257/150 401/258/182
f 401/258/182 354/257/150 356/259/151 402/260/183
f 402/260/183 356/259/151 358/261/152 403/262/184
f 403/262/184 358/261/152 360/263/153 404/264/185
f 404/264/185 360/263/153 362/265/154 405/266/186
f 405/266/186 362/265/154 364/267/155 406/268/187
f 406/268/187 364/267/155 366/269/156 407/270/188
f 407/270/188 366/269/156 368/271/157 408/272/189
f 408/272/189 368/271/157 370/273/158 409/274/190
f 409/274/190 370/273/158 372/275/159 410/276/191
f 410/276/191 372/275/159 374/277/160 411/278/192
f 411/278/192 374/277/160 376/279/161 412/280/193
f 412/280/193 376/279/161 378/281/162 413/282/194
f 413/282/194 378/281/162 380/283/163 414/284/195
f 414/284/195 380/283/163 382/285/164 415/286/196
f 324/227/135 322/226/134 384/287/165 382/285/164 380/283/163 378/281/162 376/279/161 374/277/160 372/275/159 370/273/158 368/271/157 366/269/156 364/267/155 362/265/154 360/263/153 358/261/152 356/259/151 354/257/150 352/255/149 350/253/148 348/251/147 346/249/146 344/247/145 342/245/144 340/243/143 338/241/142 336/239/141 334/237/140 332/235/139 330/233/138 328/231/137 326/229/136
f 415/286/196 382/285/164 384/287/165 416/288/197
f 416/288/197 384/287/165 322/226/134 385/225/166
f 418/228/198 417/225/198 385/225/166 386/228/167
f 419/230/198 418/228/198 386/228/167 387/230/168
f 420/232/198 419/230/198 387/230/168 388/232/169
f 421/234/198 420/232/198 388/232/169 389/234/170
f 422/236/198 421/234/198 389/234/170 390/236/171
f 423/238/198 422/236/198 390/236/171 391/238/172
f 424/240/198 423/238/198 391/238/172 392/240/173
f 425/242/198 424/240/198 392/240/173 393/242/174
f 426/244/198 425/242/198 393/242/174 394/244/175
f 427/246/198 426/244/198 394/244/175 395/246/176
f 428/248/198 427/246/198 395/246/176 396/248/177
f 429/250/198 428/248/198 396/248/177 397/250/178
f 430/252/198 429/250/198 397/250/178 398/252/179
f 431/254/198 430/252/198 398/252/179 399/254/180
f 432/256/198 431/254/198 399/254/180 400/256/181
f 433/258/198 432/256/198 400/256/181 401/258/182
f 434/260/198 433/258/198 401/258/182 402/260/183
f 435/262/198 434/260/198 402/260/183 403/262/184
f 436/264/198 435/262/198 403/262/184 404/264/185
f 437/266/198 436/264/198 404/264/185 405/266/186
f 438/268/198 437/266/198 405/266/186 406/268/187
f 439/270/198 438/268/198 406/268/187 407/270/188
f 440/272/198 439/270/198 407/270/188 408/272/189
f 441/274/198 440/272/198 408/272/189 409/274/190
f 442/276/198 441/274/198 409/274/190 410/276/191
f 443/278/198 442/276/198 410/276/191 411/278/192
f 444/280/198 443/278/198 411/278/192 412/280/193
f 445/282/198 444/280/198 412/280/193 413/282/194
f 446/284/198 445/282/198 413/282/194 414/284/195
f 447/286/198 446/284/198 414/284/195 415/286/196
f 448/288/198 447/286/198 415/286/196 416/288/197
f 417/225/198 448/288/198 416/288/197 385/225/166
f 450/228/198 449/225/198 417/225/198 418/228/198
f 451/230/198 450/228/198 418/228/198 419/230/198
f 452/232/198 451/230/198 419/230/198 420/232/198
f 453/234/198 452/232/198 420/232/198 421/234/198
f 454/236/198 453/234/198 421/234/198 422/236/198
f 455/238/198 454/236/198 422/236/198 423/238/198
f 456/240/198 455/238/198 423/238/198 424/240/198
f 457/242/198 456/240/198 424/240/198 425/242/198
f 458/244/198 457/242/198 425/242/198 426/244/198
f 459/246/198 458/244/198 426/244/198 427/246/198
f 460/248/198 459/246/198 427/246/198 428/248/198
f 461/250/198 460/248/198 428/248/198 429/250/198
f 462/252/198 461/250/198 429/250/198 430/252/198
f 463/254/198 462/252/198 430/252/198 431/254/198
f 464/256/198 463/254/198 431/254/198 432/256/198
f 465/258/198 464/256/198 432/256/198 433/258/198
f 466/260/198 465/258/198 433/258/198 434/260/198
f 467/262/198 466/260/198 434/260/198 435/262/198
f 468/264/198 467/262/198 435/262/198 436/264/198
f 469/266/198 468/264/198 436/264/198 437/266/198
f 470/268/198 469/266/198 437/266/198 438/268/198
f 471/270/198 470/268/198 438/268/198 439/270/198
f 472/272/198 471/270/198 439/270/198 440/272/198
f 473/274/198 472/272/198 440/272/198 441/274/198
f 474/276/198 473/274/198 441/274/198 442/276/198
f 475/278/198 474/276/198 442/276/198 443/278/198
f 476/280/198 475/278/198 443/278/198 444/280/198
f 477/282/198 476/280/198 444/280/198 445/282/198
f 478/284/198 477/282/198 445/282/198 446/284/198
f 479/286/198 478/284/198 446/284/198 447/286/198
f 480/288/198 479/286/198 447/286/198 448/288/198
f 449/225/198 480/288/198 448/288/198 417/225/198
f 323/321/133 321/322/133 449/225/198 450/228/198
f 325/323/133 323/321/133 450/228/198 451/230/198
f 327/324/133 325/323/133 451/230/198 452/232/198
f 329/325/133 327/324/133 452/232/198 453/234/198
f 331/326/133 329/325/133 453/234/198 454/236/198
f 333/327/133 331/326/133 454/236/198 455/238/198
f 335/328/133 333/327/133 455/238/198 456/240/198
f 337/329/133 335/328/133 456/240/198 457/242/198
f 339/330/133 337/329/133 457/242/198 458/244/198
f 341/331/133 339/330/133 458/244/198 459/246/198
f 343/332/133 341/331/133 459/246/198 460/248/198
f 345/333/133 343/332/133 460/248/198 461/250/198
f 347/334/133 345/333/133 461/250/198 462/252/198
f 349/335/133 347/334/133 462/252/198 463/254/198
f 351/336/133 349/335/133 463/254/198 464/256/198
f 353/337/133 351/336/133 464/256/198 465/258/198
f 355/338/133 353/337/133 465/258/198 466/260/198
f 357/339/133 355/338/133 466/260/198 467/262/198
f 359/340/133 357/339/133 467/262/198 468/264/198
f 361/341/133 359/340/133 468/264/198 469/266/198
f 363/342/133 361/341/133 469/266/198 470/268/198
f 365/343/133 363/342/133 470/268/198 471/270/198
f 367/344/133 365/343/133 471/270/198 472/272/198
f 369/345/133 367/344/133 472/272/198 473/274/198
f 371/346/133 369/345/133 473/274/198 474/276/198
f 373/347/133 371/346/133 474/276/198 475/278/198
f 375/348/133 373/347/133 475/278/198 476/280/198
f 377/349/133 375/348/133 476/280/198 477/282/198
f 379/350/133 377/349/133 477/282/198 478/284/198
f 381/351/133 379/350/133 478/284/198 479/286/198
f 383/352/133 381/351/133 479/286/198 480/288/198
f 321/322/133 383/352/133 480/288/198 449/225/198
usemtl Material.046
f 321/289/133 323/290/133 325/291/133 327/292/133 329/293/133 331/294/133 333/295/133 335/296/133 337/297/133 339/298/133 341/299/133 343/300/133 345/301/133 347/302/133 349/303/133 351/304/133 353/305/133 355/306/133 357/307/133 359/308/133 361/309/133 363/310/133 365/311/133 367/312/133 369/313/133 371/314/133 373/315/133 375/316/133 377/317/133 379/318/133 381/319/133 383/320/133
o Cylinder.175
v -284.384888 127.143890 -35.104744
v -284.384888 127.447037 -35.463116
v -284.144104 127.143890 -35.081032
v -284.074188 127.447037 -35.432518
v -283.912598 127.143890 -35.010799
v -283.775452 127.447037 -35.341892
v -283.699219 127.143890 -34.896751
v -283.500122 127.447037 -35.194725
v -283.512207 127.143890 -34.743267
v -283.258789 127.447037 -34.996674
v -283.358704 127.143890 -34.556244
v -283.060730 127.447037 -34.755344
v -283.244659 127.143890 -34.342873
v -282.913574 127.447037 -34.480015
v -283.174438 127.143890 -34.111351
v -282.822937 127.447037 -34.181263
v -283.150726 127.143890 -33.870575
v -282.792358 127.447037 -33.870575
v -283.174438 127.143890 -33.629799
v -282.822937 127.447037 -33.559887
v -283.244659 127.143890 -33.398277
v -282.913574 127.447037 -33.261135
v -283.358704 127.143890 -33.184906
v -283.060730 127.447037 -32.985806
v -283.512207 127.143890 -32.997883
v -283.258789 127.447037 -32.744476
v -283.699219 127.143890 -32.844398
v -283.500122 127.447037 -32.546425
v -283.912598 127.143890 -32.730350
v -283.775452 127.447037 -32.399258
v -284.144104 127.143890 -32.660118
v -284.074188 127.447037 -32.308632
v -284.384888 127.143890 -32.636406
v -284.384888 127.447037 -32.278034
v -284.625671 127.143890 -32.660118
v -284.695587 127.447037 -32.308632
v -284.857178 127.143890 -32.730350
v -284.994324 127.447037 -32.399258
v -285.070557 127.143890 -32.844398
v -285.269653 127.447037 -32.546425
v -285.257568 127.143890 -32.997883
v -285.510986 127.447037 -32.744476
v -285.411072 127.143890 -33.184906
v -285.709045 127.447037 -32.985806
v -285.525116 127.143890 -33.398277
v -285.856201 127.447037 -33.261135
v -285.595337 127.143890 -33.629799
v -285.946838 127.447037 -33.559887
v -285.619049 127.143890 -33.870575
v -285.977417 127.447037 -33.870575
v -285.595337 127.143890 -34.111351
v -285.946838 127.447037 -34.181263
v -285.525116 127.143890 -34.342873
v -285.856201 127.447037 -34.480015
v -285.411072 127.143890 -34.556244
v -285.709045 127.447037 -34.755344
v -285.257568 127.143890 -34.743267
v -285.510986 127.447037 -34.996674
v -285.070557 127.143890 -34.896751
v -285.269653 127.447037 -35.194725
v -284.857178 127.143890 -35.010799
v -284.994324 127.447037 -35.341892
v -284.625671 127.143890 -35.081032
v -284.695587 127.447037 -35.432518
v -284.384888 127.143890 -35.463116
v -284.074188 127.143890 -35.432518
v -283.775452 127.143890 -35.341892
v -283.500122 127.143890 -35.194725
v -283.258789 127.143890 -34.996674
v -283.060730 127.143890 -34.755344
v -282.913574 127.143890 -34.480015
v -282.822937 127.143890 -34.181263
v -282.792358 127.143890 -33.870575
v -282.822937 127.143890 -33.559887
v -282.913574 127.143890 -33.261135
v -283.060730 127.143890 -32.985806
v -283.258789 127.143890 -32.744476
v -283.500122 127.143890 -32.546425
v -283.775452 127.143890 -32.399258
v -284.074188 127.143890 -32.308632
v -284.384888 127.143890 -32.278034
v -284.695587 127.143890 -32.308632
v -284.994324 127.143890 -32.399258
v -285.269653 127.143890 -32.546425
v -285.510986 127.143890 -32.744476
v -285.709045 127.143890 -32.985806
v -285.856201 127.143890 -33.261135
v -285.946838 127.143890 -33.559887
v -285.977417 127.143890 -33.870575
v -285.946838 127.143890 -34.181263
v -285.856201 127.143890 -34.480015
v -285.709045 127.143890 -34.755344
v -285.510986 127.143890 -34.996674
v -285.269653 127.143890 -35.194725
v -284.994324 127.143890 -35.341892
v -284.695587 127.143890 -35.432518
v -284.384888 127.143890 -35.463116
v -284.074188 127.143890 -35.432518
v -283.775452 127.143890 -35.341892
v -283.500122 127.143890 -35.194725
v -283.258789 127.143890 -34.996674
v -283.060730 127.143890 -34.755344
v -282.913574 127.143890 -34.480015
v -282.822937 127.143890 -34.181263
v -282.792358 127.143890 -33.870575
v -282.822937 127.143890 -33.559887
v -282.913574 127.143890 -33.261135
v -283.060730 127.143890 -32.985806
v -283.258789 127.143890 -32.744476
v -283.500122 127.143890 -32.546425
v -283.775452 127.143890 -32.399258
v -284.074188 127.143890 -32.308632
v -284.384888 127.143890 -32.278034
v -284.695587 127.143890 -32.308632
v -284.994324 127.143890 -32.399258
v -285.269653 127.143890 -32.546425
v -285.510986 127.143890 -32.744476
v -285.709045 127.143890 -32.985806
v -285.856201 127.143890 -33.261135
v -285.946838 127.143890 -33.559887
v -285.977417 127.143890 -33.870575
v -285.946838 127.143890 -34.181263
v -285.856201 127.143890 -34.480015
v -285.709045 127.143890 -34.755344
v -285.510986 127.143890 -34.996674
v -285.269653 127.143890 -35.194725
v -284.994324 127.143890 -35.341892
v -284.695587 127.143890 -35.432518
v -284.384888 127.143890 -35.463116
v -284.074188 127.143890 -35.432518
v -283.775452 127.143890 -35.341892
v -283.500122 127.143890 -35.194725
v -283.258789 127.143890 -34.996674
v -283.060730 127.143890 -34.755344
v -282.913574 127.143890 -34.480015
v -282.822937 127.143890 -34.181263
v -282.792358 127.143890 -33.870575
v -282.822937 127.143890 -33.559887
v -282.913574 127.143890 -33.261135
v -283.060730 127.143890 -32.985806
v -283.258789 127.143890 -32.744476
v -283.500122 127.143890 -32.546425
v -283.775452 127.143890 -32.399258
v -284.074188 127.143890 -32.308632
v -284.384888 127.143890 -32.278034
v -284.695587 127.143890 -32.308632
v -284.994324 127.143890 -32.399258
v -285.269653 127.143890 -32.546425
v -285.510986 127.143890 -32.744476
v -285.709045 127.143890 -32.985806
v -285.856201 127.143890 -33.261135
v -285.946838 127.143890 -33.559887
v -285.977417 127.143890 -33.870575
v -285.946838 127.143890 -34.181263
v -285.856201 127.143890 -34.480015
v -285.709045 127.143890 -34.755344
v -285.510986 127.143890 -34.996674
v -285.269653 127.143890 -35.194725
v -284.994324 127.143890 -35.341892
v -284.695587 127.143890 -35.432518
vn -0.0000 -1.0000 -0.0000
vn -0.0000 0.9949 -0.1005
vn 0.0196 0.9949 -0.0986
vn 0.0385 0.9949 -0.0929
vn 0.0558 0.9949 -0.0836
vn 0.0711 0.9949 -0.0711
vn 0.0836 0.9949 -0.0558
vn 0.0929 0.9949 -0.0385
vn 0.0986 0.9949 -0.0196
vn 0.1005 0.9949 -0.0000
vn 0.0986 0.9949 0.0196
vn 0.0929 0.9949 0.0385
vn 0.0836 0.9949 0.0558
vn 0.0711 0.9949 0.0711
vn 0.0558 0.9949 0.0836
vn 0.0385 0.9949 0.0929
vn 0.0196 0.9949 0.0986
vn -0.0000 0.9949 0.1005
vn -0.0196 0.9949 0.0986
vn -0.0385 0.9949 0.0929
vn -0.0558 0.9949 0.0836
vn -0.0711 0.9949 0.0711
vn -0.0836 0.9949 0.0558
vn -0.0929 0.9949 0.0385
vn -0.0986 0.9949 0.0196
vn -0.1005 0.9949 -0.0000
vn -0.0986 0.9949 -0.0196
vn -0.0929 0.9949 -0.0385
vn -0.0836 0.9949 -0.0558
vn -0.0711 0.9949 -0.0711
vn -0.0558 0.9949 -0.0836
vn -0.0385 0.9949 -0.0929
vn -0.0196 0.9949 -0.0986
vn -0.0000 0.9955 -0.0943
vn 0.0184 0.9955 -0.0925
vn 0.0361 0.9955 -0.0871
vn 0.0524 0.9955 -0.0784
vn 0.0667 0.9955 -0.0667
vn 0.0784 0.9955 -0.0524
vn 0.0871 0.9955 -0.0361
vn 0.0925 0.9955 -0.0184
vn 0.0943 0.9955 -0.0000
vn 0.0925 0.9955 0.0184
vn 0.0871 0.9955 0.0361
vn 0.0784 0.9955 0.0524
vn 0.0667 0.9955 0.0667
vn 0.0524 0.9955 0.0784
vn 0.0361 0.9955 0.0871
vn 0.0184 0.9955 0.0925
vn -0.0000 0.9955 0.0943
vn -0.0184 0.9955 0.0925
vn -0.0361 0.9955 0.0871
vn -0.0524 0.9955 0.0784
vn -0.0667 0.9955 0.0667
vn -0.0784 0.9955 0.0524
vn -0.0871 0.9955 0.0361
vn -0.0925 0.9955 0.0184
vn -0.0943 0.9955 -0.0000
vn -0.0925 0.9955 -0.0184
vn -0.0871 0.9955 -0.0361
vn -0.0784 0.9955 -0.0524
vn -0.0667 0.9955 -0.0667
vn -0.0524 0.9955 -0.0784
vn -0.0361 0.9955 -0.0871
vn -0.0184 0.9955 -0.0925
vn -0.0000 1.0000 -0.0000
vt 0.851514 0.759617
vt 0.851657 0.764347
vt 0.851602 0.767241
vt 0.851458 0.762480
vt 0.850933 0.770271
vt 0.850787 0.765477
vt 0.849663 0.773323
vt 0.849514 0.768497
vt 0.847827 0.776278
vt 0.847674 0.771420
vt 0.845488 0.779013
vt 0.845331 0.774127
vt 0.842732 0.781413
vt 0.842570 0.776501
vt 0.839666 0.783371
vt 0.839499 0.778439
vt 0.836416 0.784798
vt 0.836245 0.779850
vt 0.833119 0.785628
vt 0.832943 0.780671
vt 0.829917 0.785820
vt 0.829736 0.780861
vt 0.826947 0.785367
vt 0.826762 0.780413
vt 0.824336 0.784289
vt 0.824148 0.779347
vt 0.822192 0.782638
vt 0.822002 0.777713
vt 0.820601 0.780489
vt 0.820410 0.775587
vt 0.819619 0.777940
vt 0.819428 0.773065
vt 0.819276 0.775101
vt 0.819086 0.770256
vt 0.819573 0.772092
vt 0.819384 0.767279
vt 0.820483 0.769035
vt 0.820297 0.764255
vt 0.821958 0.766047
vt 0.821776 0.761298
vt 0.823931 0.763239
vt 0.823753 0.758520
vt 0.826319 0.760709
vt 0.826145 0.756018
vt 0.829029 0.758544
vt 0.828859 0.753876
vt 0.831959 0.756814
vt 0.831793 0.752165
vt 0.835004 0.755572
vt 0.834843 0.750937
vt 0.838060 0.754859
vt 0.837903 0.750230
vt 0.841020 0.754694
vt 0.840867 0.750067
vt 0.843785 0.755082
vt 0.843635 0.750452
vt 0.846259 0.756013
vt 0.846112 0.751373
vt 0.848354 0.757458
vt 0.848209 0.752802
vt 0.849992 0.759372
vt 0.849849 0.754695
vt 0.851110 0.761694
vt 0.850967 0.756992
vt 0.847952 0.760786
vt 0.847887 0.763014
vt 0.847347 0.765339
vt 0.846342 0.767674
vt 0.844904 0.769926
vt 0.843083 0.772005
vt 0.840947 0.773823
vt 0.838580 0.775303
vt 0.836076 0.776380
vt 0.833540 0.777005
vt 0.831078 0.777150
vt 0.828792 0.776808
vt 0.826779 0.775996
vt 0.825120 0.774750
vt 0.823881 0.773124
vt 0.823107 0.771190
vt 0.822823 0.769030
vt 0.823032 0.766734
vt 0.823718 0.764392
vt 0.824847 0.762096
vt 0.826367 0.759930
vt 0.828217 0.757974
vt 0.830325 0.756295
vt 0.832610 0.754951
vt 0.834991 0.753985
vt 0.837382 0.753428
vt 0.839699 0.753300
vt 0.841861 0.753603
vt 0.843791 0.754328
vt 0.845421 0.755452
vt 0.846689 0.756938
vt 0.847545 0.758736
s 1
usemtl Material.046
f 545/353/232 482/354/200 484/355/201 546/356/233
f 546/356/233 484/355/201 486/357/202 547/358/234
f 547/358/234 486/357/202 488/359/203 548/360/235
f 548/360/235 488/359/203 490/361/204 549/362/236
f 549/362/236 490/361/204 492/363/205 550/364/237
f 550/364/237 492/363/205 494/365/206 551/366/238
f 551/366/238 494/365/206 496/367/207 552/368/239
f 552/368/239 496/367/207 498/369/208 553/370/240
f 553/370/240 498/369/208 500/371/209 554/372/241
f 554/372/241 500/371/209 502/373/210 555/374/242
f 555/374/242 502/373/210 504/375/211 556/376/243
f 556/376/243 504/375/211 506/377/212 557/378/244
f 557/378/244 506/377/212 508/379/213 558/380/245
f 558/380/245 508/379/213 510/381/214 559/382/246
f 559/382/246 510/381/214 512/383/215 560/384/247
f 560/384/247 512/383/215 514/385/216 561/386/248
f 561/386/248 514/385/216 516/387/217 562/388/249
f 562/388/249 516/387/217 518/389/218 563/390/250
f 563/390/250 518/389/218 520/391/219 564/392/251
f 564/392/251 520/391/219 522/393/220 565/394/252
f 565/394/252 522/393/220 524/395/221 566/396/253
f 566/396/253 524/395/221 526/397/222 567/398/254
f 567/398/254 526/397/222 528/399/223 568/400/255
f 568/400/255 528/399/223 530/401/224 569/402/256
f 569/402/256 530/401/224 532/403/225 570/404/257
f 570/404/257 532/403/225 534/405/226 571/406/258
f 571/406/258 534/405/226 536/407/227 572/408/259
f 572/408/259 536/407/227 538/409/228 573/410/260
f 573/410/260 538/409/228 540/411/229 574/412/261
f 574/412/261 540/411/229 542/413/230 575/414/262
f 484/355/201 482/354/200 544/415/231 542/413/230 540/411/229 538/409/228 536/407/227 534/405/226 532/403/225 530/401/224 528/399/223 526/397/222 524/395/221 522/393/220 520/391/219 518/389/218 516/387/217 514/385/216 512/383/215 510/381/214 508/379/213 506/377/212 504/375/211 502/373/210 500/371/209 498/369/208 496/367/207 494/365/206 492/363/205 490/361/204 488/359/203 486/357/202
f 575/414/262 542/413/230 544/415/231 576/416/263
f 576/416/263 544/415/231 482/354/200 545/353/232
f 578/356/264 577/353/264 545/353/232 546/356/233
f 579/358/264 578/356/264 546/356/233 547/358/234
f 580/360/264 579/358/264 547/358/234 548/360/235
f 581/362/264 580/360/264 548/360/235 549/362/236
f 582/364/264 581/362/264 549/362/236 550/364/237
f 583/366/264 582/364/264 550/364/237 551/366/238
f 584/368/264 583/366/264 551/366/238 552/368/239
f 585/370/264 584/368/264 552/368/239 553/370/240
f 586/372/264 585/370/264 553/370/240 554/372/241
f 587/374/264 586/372/264 554/372/241 555/374/242
f 588/376/264 587/374/264 555/374/242 556/376/243
f 589/378/264 588/376/264 556/376/243 557/378/244
f 590/380/264 589/378/264 557/378/244 558/380/245
f 591/382/264 590/380/264 558/380/245 559/382/246
f 592/384/264 591/382/264 559/382/246 560/384/247
f 593/386/264 592/384/264 560/384/247 561/386/248
f 594/388/264 593/386/264 561/386/248 562/388/249
f 595/390/264 594/388/264 562/388/249 563/390/250
f 596/392/264 595/390/264 563/390/250 564/392/251
f 597/394/264 596/392/264 564/392/251 565/394/252
f 598/396/264 597/394/264 565/394/252 566/396/253
f 599/398/264 598/396/264 566/396/253 567/398/254
f 600/400/264 599/398/264 567/398/254 568/400/255
f 601/402/264 600/400/264 568/400/255 569/402/256
f 602/404/264 601/402/264 569/402/256 570/404/257
f 603/406/264 602/404/264 570/404/257 571/406/258
f 604/408/264 603/406/264 571/406/258 572/408/259
f 605/410/264 604/408/264 572/408/259 573/410/260
f 606/412/264 605/410/264 573/410/260 574/412/261
f 607/414/264 606/412/264 574/412/261 575/414/262
f 608/416/264 607/414/264 575/414/262 576/416/263
f 577/353/264 608/416/264 576/416/263 545/353/232
f 610/356/264 609/353/264 577/353/264 578/356/264
f 611/358/264 610/356/264 578/356/264 579/358/264
f 612/360/264 611/358/264 579/358/264 580/360/264
f 613/362/264 612/360/264 580/360/264 581/362/264
f 614/364/264 613/362/264 581/362/264 582/364/264
f 615/366/264 614/364/264 582/364/264 583/366/264
f 616/368/264 615/366/264 583/366/264 584/368/264
f 617/370/264 616/368/264 584/368/264 585/370/264
f 618/372/264 617/370/264 585/370/264 586/372/264
f 619/374/264 618/372/264 586/372/264 587/374/264
f 620/376/264 619/374/264 587/374/264 588/376/264
f 621/378/264 620/376/264 588/376/264 589/378/264
f 622/380/264 621/378/264 589/378/264 590/380/264
f 623/382/264 622/380/264 590/380/264 591/382/264
f 624/384/264 623/382/264 591/382/264 592/384/264
f 625/386/264 624/384/264 592/384/264 593/386/264
f 626/388/264 625/386/264 593/386/264 594/388/264
f 627/390/264 626/388/264 594/388/264 595/390/264
f 628/392/264 627/390/264 595/390/264 596/392/264
f 629/394/264 628/392/264 596/392/264 597/394/264
f 630/396/264 629/394/264 597/394/264 598/396/264
f 631/398/264 630/396/264 598/396/264 599/398/264
f 632/400/264 631/398/264 599/398/264 600/400/264
f 633/402/264 632/400/264 600/400/264 601/402/264
f 634/404/264 633/402/264 601/402/264 602/404/264
f 635/406/264 634/404/264 602/404/264 603/406/264
f 636/408/264 635/406/264 603/406/264 604/408/264
f 637/410/264 636/408/264 604/408/264 605/410/264
f 638/412/264 637/410/264 605/410/264 606/412/264
f 639/414/264 638/412/264 606/412/264 607/414/264
f 640/416/264 639/414/264 607/414/264 608/416/264
f 609/353/264 640/416/264 608/416/264 577/353/264
f 483/418/199 481/417/199 609/353/264 610/356/264
f 485/419/199 483/418/199 610/356/264 611/358/264
f 487/420/199 485/419/199 611/358/264 612/360/264
f 489/421/199 487/420/199 612/360/264 613/362/264
f 491/422/199 489/421/199 613/362/264 614/364/264
f 493/423/199 491/422/199 614/364/264 615/366/264
f 495/424/199 493/423/199 615/366/264 616/368/264
f 497/425/199 495/424/199 616/368/264 617/370/264
f 499/426/199 497/425/199 617/370/264 618/372/264
f 501/427/199 499/426/199 618/372/264 619/374/264
f 503/428/199 501/427/199 619/374/264 620/376/264
f 505/429/199 503/428/199 620/376/264 621/378/264
f 507/430/199 505/429/199 621/378/264 622/380/264
f 509/431/199 507/430/199 622/380/264 623/382/264
f 511/432/199 509/431/199 623/382/264 624/384/264
f 513/433/199 511/432/199 624/384/264 625/386/264
f 515/434/199 513/433/199 625/386/264 626/388/264
f 517/435/199 515/434/199 626/388/264 627/390/264
f 519/436/199 517/435/199 627/390/264 628/392/264
f 521/437/199 519/436/199 628/392/264 629/394/264
f 523/438/199 521/437/199 629/394/264 630/396/264
f 525/439/199 523/438/199 630/396/264 631/398/264
f 527/440/199 525/439/199 631/398/264 632/400/264
f 529/441/199 527/440/199 632/400/264 633/402/264
f 531/442/199 529/441/199 633/402/264 634/404/264
f 533/443/199 531/442/199 634/404/264 635/406/264
f 535/444/199 533/443/199 635/406/264 636/408/264
f 537/445/199 535/444/199 636/408/264 637/410/264
f 539/446/199 537/445/199 637/410/264 638/412/264
f 541/447/199 539/446/199 638/412/264 639/414/264
f 543/448/199 541/447/199 639/414/264 640/416/264
f 481/417/199 543/448/199 640/416/264 609/353/264
usemtl Material.046
f 481/417/199 483/418/199 485/419/199 487/420/199 489/421/199 491/422/199 493/423/199 495/424/199 497/425/199 499/426/199 501/427/199 503/428/199 505/429/199 507/430/199 509/431/199 511/432/199 513/433/199 515/434/199 517/435/199 519/436/199 521/437/199 523/438/199 525/439/199 527/440/199 529/441/199 531/442/199 533/443/199 535/444/199 537/445/199 539/446/199 541/447/199 543/448/199
o mesa.002
v -261.116791 108.449867 -48.861031
v -261.116791 108.449867 -58.980026
v -243.901459 108.449867 -58.980026
v -243.901459 108.449867 -48.861031
v -239.106735 108.310089 -61.978970
v -238.732849 108.270668 -61.797417
v -238.331039 108.170303 -62.254261
v -238.909500 108.321983 -61.902531
v -238.679123 108.227615 -62.037006
v -238.545013 108.199707 -62.017410
v -238.684891 108.211235 -62.117081
v -241.861984 107.047203 -59.981888
v -242.058914 107.047203 -60.178806
v -241.629608 107.244118 -60.315395
v -241.919662 107.047203 -60.121132
v -241.848022 107.160896 -60.163704
v -241.812393 107.186729 -60.219105
v -241.794189 107.186111 -60.136852
v -239.106735 108.310081 -45.862087
v -238.331039 108.170303 -45.586796
v -238.732849 108.270660 -46.043640
v -238.684891 108.211227 -45.723976
v -238.679123 108.227615 -45.804050
v -238.545013 108.199707 -45.823647
v -238.909500 108.321983 -45.938526
v -241.861984 107.047203 -47.859173
v -241.629608 107.244118 -47.525661
v -242.058914 107.047203 -47.662254
v -241.794189 107.186111 -47.704208
v -241.848022 107.160896 -47.677357
v -241.812408 107.186722 -47.621956
v -241.919662 107.047203 -47.719929
v -266.285400 108.270668 -61.797417
v -265.911499 108.310089 -61.978970
v -266.687195 108.170303 -62.254261
v -266.108765 108.321983 -61.902531
v -266.339142 108.227615 -62.037006
v -266.333344 108.211235 -62.117081
v -266.473236 108.199707 -62.017410
v -263.156250 107.047203 -59.981888
v -263.388641 107.244118 -60.315395
v -262.959351 107.047203 -60.178806
v -263.224060 107.186111 -60.136852
v -263.170227 107.160896 -60.163704
v -263.205841 107.186729 -60.219105
v -263.098572 107.047203 -60.121132
v -266.285400 108.270660 -46.043640
v -266.687195 108.170303 -45.586796
v -265.911499 108.310081 -45.862087
v -266.473236 108.199707 -45.823647
v -266.339142 108.227615 -45.804050
v -266.333344 108.211227 -45.723976
v -266.108765 108.321983 -45.938526
v -263.156250 107.047203 -47.859173
v -262.959351 107.047203 -47.662254
v -263.388641 107.244118 -47.525661
v -263.098572 107.047203 -47.719929
v -263.170227 107.160896 -47.677357
v -263.205841 107.186722 -47.621956
v -263.224060 107.186111 -47.704208
v -237.672760 107.441040 -62.444275
v -237.905136 107.244118 -62.504604
v -237.869675 107.441040 -62.641197
v -237.740372 107.302361 -62.472252
v -237.764008 107.327347 -62.570293
v -237.890152 107.300964 -62.600323
v -237.730423 107.441040 -62.583519
v -237.672760 107.441040 -45.396782
v -237.869675 107.441040 -45.199860
v -237.905136 107.244118 -45.336452
v -237.730423 107.441040 -45.257538
v -237.764008 107.327347 -45.270763
v -237.890152 107.300964 -45.240730
v -237.740372 107.302368 -45.368809
v -267.345490 107.441040 -45.396782
v -267.113129 107.244118 -45.336452
v -267.148590 107.441040 -45.199860
v -267.277893 107.302368 -45.368809
v -267.254242 107.327347 -45.270763
v -267.128113 107.300964 -45.240734
v -267.287811 107.441040 -45.257538
v -267.345490 107.441040 -62.444275
v -267.148590 107.441040 -62.641197
v -267.113129 107.244118 -62.504604
v -267.287811 107.441040 -62.583519
v -267.254242 107.327347 -62.570293
v -267.128113 107.300964 -62.600327
v -267.277893 107.302361 -62.472252
v -240.408691 107.244118 -61.033039
v -240.408691 107.244118 -61.033039
v -240.165604 107.244118 -61.175926
v -240.408691 107.244118 -61.033039
v -240.346863 107.244118 -61.069382
v -240.287140 107.244118 -61.104481
v -240.287140 107.244118 -61.104481
v -240.408691 107.244118 -46.808018
v -240.165604 107.244118 -46.665131
v -240.408691 107.244118 -46.808018
v -240.287140 107.244118 -46.736576
v -240.346863 107.244118 -46.771675
v -240.287140 107.244118 -46.736576
v -240.408691 107.244118 -46.808018
v -264.609558 107.244118 -46.808018
v -264.609558 107.244118 -46.808018
v -264.852661 107.244118 -46.665131
v -264.609558 107.244118 -46.808018
v -264.671387 107.244118 -46.771675
v -264.731110 107.244118 -46.736576
v -264.731110 107.244118 -46.736576
v -264.609558 107.244118 -61.033039
v -264.852661 107.244118 -61.175926
v -264.609558 107.244118 -61.033039
v -264.731110 107.244118 -61.104481
v -264.671387 107.244118 -61.069382
v -264.731110 107.244118 -61.104481
v -264.609558 107.244118 -61.033039
v -240.408691 107.244118 -61.033039
v -240.605606 107.244118 -60.836117
v -240.408691 107.244118 -61.033039
v -240.507156 107.244118 -60.934578
v -240.458771 107.244118 -60.982952
v -240.507156 107.244118 -60.934578
v -240.408691 107.244118 -61.033039
v -240.408691 107.244118 -46.808018
v -240.408691 107.244118 -46.808018
v -240.605606 107.244118 -47.004940
v -240.408691 107.244118 -46.808018
v -240.458771 107.244118 -46.858105
v -240.507156 107.244118 -46.906479
v -240.507156 107.244118 -46.906479
v -264.609558 107.244118 -46.808018
v -264.412628 107.244118 -47.004940
v -264.609558 107.244118 -46.808018
v -264.511108 107.244118 -46.906479
v -264.559479 107.244118 -46.858105
v -264.511108 107.244118 -46.906479
v -264.609558 107.244118 -46.808018
v -264.609558 107.244118 -61.033039
v -264.609558 107.244118 -61.033039
v -264.412628 107.244118 -60.836117
v -264.609558 107.244118 -61.033039
v -264.559479 107.244118 -60.982952
v -264.511108 107.244118 -60.934578
v -264.511108 107.244118 -60.934578
v -243.562210 106.553383 -59.981892
v -243.759125 106.356461 -59.981888
v -243.757736 106.553383 -60.178806
v -243.619888 106.414139 -59.981888
v -243.644638 106.439690 -60.095581
v -243.758148 106.414139 -60.121128
v -243.618896 106.553383 -60.121132
v -261.456055 106.553383 -59.981892
v -261.260498 106.553383 -60.178806
v -261.259125 106.356461 -59.981888
v -261.399353 106.553383 -60.121132
v -261.373627 106.439690 -60.095581
v -261.260101 106.414139 -60.121128
v -261.398376 106.414139 -59.981888
v -261.647278 106.356216 -48.665081
v -261.253448 106.356461 -48.468517
v -261.450378 106.553383 -48.664959
v -261.254822 106.356461 -48.468040
v -261.535400 106.356285 -48.527855
v -261.437286 106.379974 -48.597519
v -261.352020 106.414139 -48.607521
v -261.352600 106.414139 -48.607285
v -261.535156 106.356384 -48.527863
v -261.253448 106.356461 -58.979179
v -261.647278 106.356461 -58.979660
v -261.450378 106.553383 -59.176098
v -261.254822 106.356461 -59.373020
v -261.450378 106.356461 -58.979420
v -261.421936 106.380013 -59.147491
v -261.548737 106.414139 -59.118664
v -261.393372 106.414139 -59.274273
v -261.254150 106.356461 -59.176102
v -243.567932 106.355766 -59.373016
v -243.370956 106.356461 -58.979660
v -243.567886 106.553383 -59.176102
v -243.372345 106.356461 -58.979179
v -243.430771 106.355965 -59.260632
v -243.500519 106.379898 -59.162872
v -243.510208 106.414139 -59.077881
v -243.510895 106.414139 -59.077927
v -243.430634 106.356247 -59.260742
v -243.369568 106.356461 -48.467556
v -243.763428 106.356461 -48.468040
v -243.567886 106.553383 -48.664959
v -243.370956 106.356461 -48.861401
v -243.566498 106.356461 -48.467796
v -243.538757 106.380013 -48.636143
v -243.665649 106.414139 -48.607285
v -243.510208 106.414139 -48.763180
v -243.370270 106.356461 -48.664478
v -262.959351 100.026146 -60.178806
v -262.959351 99.829231 -59.981888
v -263.156250 100.026146 -59.981888
v -262.959351 99.886909 -60.121132
v -263.073029 99.912460 -60.095577
v -263.098572 99.886909 -59.981888
v -263.098572 100.026146 -60.121132
v -241.861984 100.026146 -59.981888
v -242.058914 99.829231 -59.981888
v -242.058914 100.026146 -60.178806
v -241.919662 99.886909 -59.981888
v -241.945221 99.912460 -60.095577
v -242.058914 99.886909 -60.121128
v -241.919662 100.026146 -60.121128
v -242.058914 100.026146 -47.662254
v -242.058914 99.829231 -47.859173
v -241.861984 100.026146 -47.859173
v -242.058914 99.886902 -47.719929
v -241.945221 99.912460 -47.745480
v -241.919662 99.886902 -47.859173
v -241.919662 100.026146 -47.719929
v -262.959351 100.026146 -47.662254
v -263.156250 100.026146 -47.859173
v -262.959351 99.829231 -47.859173
v -263.098572 100.026146 -47.719929
v -263.073029 99.912460 -47.745480
v -263.098572 99.886902 -47.859173
v -262.959351 99.886902 -47.719929
v -241.861984 100.026146 -48.463890
v -242.058914 99.829231 -48.464367
v -242.058914 100.026146 -48.661285
v -241.919662 99.886902 -48.464027
v -241.945221 99.912460 -48.577782
v -242.058914 99.886902 -48.603611
v -241.919662 100.026146 -48.603271
v -242.058914 100.026146 -59.179775
v -242.058914 99.829231 -59.376694
v -241.861984 100.026146 -59.377174
v -242.058914 99.886909 -59.237450
v -241.945221 99.912460 -59.263279
v -241.919662 99.886909 -59.377033
v -241.919662 100.026146 -59.237789
v -263.156250 100.026146 -48.463890
v -262.959351 100.026146 -48.661285
v -262.959351 99.829231 -48.464367
v -263.098572 100.026146 -48.603271
v -263.073029 99.912460 -48.577782
v -262.959351 99.886902 -48.603611
v -263.098572 99.886902 -48.464027
v -262.959351 99.829231 -59.376694
v -262.959351 100.026146 -59.179775
v -263.156250 100.026146 -59.377174
v -262.959351 99.886909 -59.237450
v -263.073029 99.912460 -59.263279
v -263.098572 100.026146 -59.237789
v -263.098572 99.886909 -59.377033
v -261.456055 100.026146 -47.859169
v -261.654358 100.026146 -47.662254
v -261.652954 99.829231 -47.859173
v -261.514709 100.026146 -47.719925
v -261.540070 99.912460 -47.745480
v -261.653961 99.886902 -47.719933
v -261.513733 99.886902 -47.859169
v -261.648682 99.829231 -48.467556
v -261.647278 100.026146 -48.664482
v -261.451752 100.026146 -48.468044
v -261.647705 99.886902 -48.606800
v -261.534180 99.912460 -48.581528
v -261.508453 100.026146 -48.607147
v -261.509430 99.886902 -48.467899
v -243.566498 100.026146 -48.468044
v -243.370972 100.026146 -48.664482
v -243.369568 99.829231 -48.467556
v -243.509796 100.026146 -48.607147
v -243.484070 99.912460 -48.581528
v -243.370560 99.886902 -48.606800
v -243.508820 99.886902 -48.467899
v -243.363892 100.026146 -47.662254
v -243.562210 100.026146 -47.859169
v -243.365280 99.829231 -47.859173
v -243.503555 100.026146 -47.719925
v -243.478180 99.912460 -47.745480
v -243.504532 99.886902 -47.859169
v -243.364304 99.886902 -47.719933
v -261.451752 100.026146 -59.373016
v -261.647278 100.026146 -59.176579
v -261.648682 99.829231 -59.373505
v -261.508453 100.026146 -59.233913
v -261.534180 99.912460 -59.259529
v -261.647705 99.886909 -59.234261
v -261.509430 99.886909 -59.373161
v -261.654358 100.026146 -60.178806
v -261.456055 100.026146 -59.981892
v -261.652954 99.829231 -59.981888
v -261.514709 100.026146 -60.121132
v -261.540070 99.912460 -60.095581
v -261.513733 99.886909 -59.981888
v -261.653961 99.886909 -60.121128
v -243.562210 100.026146 -59.981892
v -243.363892 100.026146 -60.178806
v -243.365280 99.829231 -59.981888
v -243.503555 100.026146 -60.121132
v -243.478180 99.912460 -60.095581
v -243.364304 99.886909 -60.121128
v -243.504532 99.886909 -59.981888
v -243.566498 100.026146 -59.373016
v -243.369568 99.829231 -59.373505
v -243.370972 100.026146 -59.176579
v -243.508820 99.886909 -59.373161
v -243.484070 99.912460 -59.259529
v -243.370560 99.886909 -59.234261
v -243.509796 100.026146 -59.233913
v -261.273224 108.310081 -45.862087
v -261.424072 108.170303 -45.582329
v -261.379883 108.211243 -45.722694
v -243.594177 108.170303 -45.582329
v -243.745026 108.310081 -45.862087
v -243.638351 108.211243 -45.722694
v -261.438110 107.441040 -45.199860
v -261.444611 107.244118 -45.340919
v -261.441589 107.301796 -45.241177
v -243.573624 107.244118 -45.340919
v -243.580154 107.441040 -45.199860
v -243.576675 107.301796 -45.241177
v -261.427856 107.973381 -62.641197
v -261.424072 108.170303 -62.500137
v -261.425171 108.112625 -62.599880
v -243.745026 108.310089 -61.978970
v -243.594177 108.170303 -62.258728
v -243.638351 108.211243 -62.118362
v -243.580154 107.441040 -62.641197
v -243.573624 107.244118 -62.500137
v -243.576675 107.301796 -62.599880
v -261.444611 107.244118 -62.500137
v -261.438110 107.441040 -62.641197
v -261.441589 107.301796 -62.599880
v -261.479034 107.244118 -46.808018
v -261.473145 107.244118 -46.808018
v -261.470276 107.244118 -46.661129
v -261.476074 107.244118 -46.808018
v -261.473907 107.244118 -46.770660
v -261.471710 107.244118 -46.734573
v -261.474640 107.244118 -46.734573
v -243.545105 107.244118 -46.808018
v -243.348190 107.244118 -46.808018
v -243.547974 107.244118 -46.661129
v -243.446655 107.244118 -46.808018
v -243.495636 107.244118 -46.808018
v -243.448074 107.244118 -46.734573
v -243.545944 107.244118 -46.764996
v -243.539215 107.244118 -61.033039
v -243.545105 107.244118 -61.033039
v -243.547974 107.244118 -61.179928
v -243.542160 107.244118 -61.033039
v -243.544342 107.244118 -61.070396
v -243.546539 107.244118 -61.106483
v -243.543594 107.244118 -61.106483
v -261.473145 107.244118 -61.033039
v -261.670044 107.244118 -61.033039
v -261.470276 107.244118 -61.179928
v -261.571594 107.244118 -61.033039
v -261.522614 107.244118 -61.033039
v -261.570160 107.244118 -61.106483
v -261.472290 107.244118 -61.076061
v -261.473297 107.244118 -46.808018
v -261.479187 107.244118 -46.808018
v -261.474182 107.244118 -47.004940
v -261.476257 107.244118 -46.808018
v -261.476410 107.244118 -46.858105
v -261.476685 107.244118 -46.906479
v -261.473724 107.244118 -46.906479
v -243.735977 107.244118 -46.808018
v -243.544083 107.244118 -47.004940
v -243.539062 107.244118 -46.808018
v -243.679779 107.244118 -46.865696
v -243.598679 107.244118 -46.849632
v -243.541565 107.244118 -46.906479
v -243.637527 107.244118 -46.808018
v -243.544952 107.244118 -61.033039
v -243.539062 107.244118 -61.033039
v -243.544083 107.244118 -60.836117
v -243.542007 107.244118 -61.033039
v -243.541840 107.244118 -60.982952
v -243.541565 107.244118 -60.934578
v -243.544510 107.244118 -60.934578
v -261.282257 107.244118 -61.033039
v -261.474182 107.244118 -60.836117
v -261.479187 107.244118 -61.033039
v -261.338470 107.244118 -60.975361
v -261.419586 107.244118 -60.991425
v -261.476685 107.244118 -60.934578
v -261.380737 107.244118 -61.033039
v -243.363892 107.047203 -47.662254
v -243.557220 107.244118 -47.521194
v -243.757736 107.047203 -47.662254
v -243.562210 107.047203 -47.859169
v -243.562210 107.047203 -47.859169
v -243.474091 107.186996 -47.620338
v -243.560638 107.152664 -47.691845
v -243.643463 107.186989 -47.620354
v -243.618896 107.047203 -47.719929
v -243.562210 107.047203 -47.859169
v -243.503540 107.047203 -47.719929
v -261.456055 107.047203 -47.859169
v -261.260498 107.047203 -47.662254
v -261.461029 107.244118 -47.521194
v -261.654358 107.047203 -47.662254
v -261.456055 107.047203 -47.859169
v -261.399353 107.047203 -47.719929
v -261.457611 107.152664 -47.691845
v -261.374786 107.186989 -47.620354
v -261.544159 107.187004 -47.620338
v -261.514709 107.047203 -47.719929
v -261.456055 107.047203 -47.859169
v -261.456055 107.047203 -59.981892
v -261.456055 107.047203 -59.981892
v -261.654358 107.047203 -60.178806
v -261.461029 107.244118 -60.319866
v -261.260498 107.047203 -60.178806
v -261.456055 107.047203 -59.981892
v -261.457611 107.152664 -60.149216
v -261.514709 107.047203 -60.121132
v -261.544159 107.187004 -60.220718
v -261.374786 107.186989 -60.220707
v -261.399353 107.047203 -60.121132
v -243.562210 107.047203 -59.981892
v -243.757736 107.047203 -60.178806
v -243.557220 107.244118 -60.319866
v -243.363892 107.047203 -60.178806
v -243.562210 107.047203 -59.981892
v -243.618896 107.047203 -60.121132
v -243.560638 107.152664 -60.149216
v -243.643463 107.186989 -60.220707
v -243.474091 107.187004 -60.220718
v -243.503540 107.047203 -60.121132
v -243.562210 107.047203 -59.981892
v -237.672760 107.973381 -59.162872
v -237.902512 108.170303 -59.160645
v -237.740051 108.112625 -59.161297
v -238.732849 108.270668 -48.744072
v -238.333664 108.170303 -48.680412
v -238.545746 108.199699 -48.699059
v -237.672760 107.441040 -48.672173
v -237.902512 107.244118 -48.668404
v -237.740051 107.301796 -48.670147
v -237.902512 107.244118 -59.172657
v -237.672760 107.441040 -59.168888
v -237.740051 107.301796 -59.170914
v -266.684570 108.170303 -48.680412
v -266.285400 108.270668 -48.744072
v -266.472504 108.199699 -48.699059
v -266.285400 108.270668 -59.096985
v -266.684570 108.170303 -59.160645
v -266.472504 108.199699 -59.141998
v -267.345490 107.441040 -59.168888
v -267.115753 107.244118 -59.172657
v -267.278198 107.301796 -59.170914
v -267.115753 107.244118 -48.668404
v -267.345490 107.441040 -48.672173
v -267.278198 107.301796 -48.670147
v -240.408691 107.244118 -48.648178
v -240.408691 107.244118 -48.651573
v -240.167374 107.244118 -48.651573
v -240.408691 107.244118 -48.649876
v -240.347321 107.244118 -48.650707
v -240.288040 107.244118 -48.651573
v -240.288040 107.244118 -48.649876
v -240.408691 107.244118 -59.189484
v -240.408691 107.244118 -59.386402
v -240.167374 107.244118 -59.189484
v -240.408691 107.244118 -59.287945
v -240.408691 107.244118 -59.248039
v -240.338013 107.244118 -59.328728
v -240.288040 107.244118 -59.189484
v -264.609558 107.244118 -59.192879
v -264.609558 107.244118 -59.189484
v -264.850861 107.244118 -59.189484
v -264.609558 107.244118 -59.191181
v -264.670929 107.244118 -59.190350
v -264.730225 107.244118 -59.189484
v -264.730225 107.244118 -59.191181
v -264.609558 107.244118 -48.651573
v -264.609558 107.244118 -48.454655
v -264.850861 107.244118 -48.651573
v -264.609558 107.244118 -48.553112
v -264.609558 107.244118 -48.593018
v -264.680237 107.244118 -48.512329
v -264.730225 107.244118 -48.651573
v -240.408691 107.244118 -48.651409
v -240.408691 107.244118 -48.648018
v -240.605606 107.244118 -48.649750
v -240.408691 107.244118 -48.649715
v -240.458771 107.244118 -48.649323
v -240.507156 107.244118 -48.648884
v -240.507156 107.244118 -48.650581
v -240.408691 107.244118 -58.996120
v -240.605606 107.244118 -59.191307
v -240.408691 107.244118 -59.193039
v -240.466370 107.244118 -59.053291
v -240.450302 107.244118 -59.134117
v -240.507156 107.244118 -59.192173
v -240.408691 107.244118 -59.094582
v -264.609558 107.244118 -59.189648
v -264.609558 107.244118 -59.193039
v -264.412628 107.244118 -59.191307
v -264.609558 107.244118 -59.191341
v -264.559479 107.244118 -59.191734
v -264.511108 107.244118 -59.192173
v -264.511108 107.244118 -59.190475
v -264.609558 107.244118 -48.844936
v -264.412628 107.244118 -48.649750
v -264.609558 107.244118 -48.648018
v -264.551880 107.244118 -48.787766
v -264.567932 107.244118 -48.706940
v -264.511108 107.244118 -48.648884
v -264.609558 107.244118 -48.746475
v -242.058914 107.047203 -59.179771
v -242.058914 107.047203 -59.179771
v -241.861984 107.047203 -59.377171
v -241.632233 107.244118 -59.182274
v -241.861984 107.047203 -58.983334
v -242.058914 107.047203 -59.179771
v -241.883484 107.152664 -59.180389
v -241.919662 107.047203 -59.237785
v -241.795029 107.186012 -59.286243
v -241.795029 107.186012 -59.076149
v -241.919662 107.047203 -59.122437
v -242.058914 107.047203 -48.661285
v -241.861984 107.047203 -48.857727
v -241.632233 107.244118 -48.658783
v -241.861984 107.047203 -48.463886
v -242.058914 107.047203 -48.661285
v -241.919662 107.047203 -48.718620
v -241.883484 107.152664 -48.660667
v -241.795029 107.186012 -48.764908
v -241.795029 107.186012 -48.554813
v -241.919662 107.047203 -48.603271
v -242.058914 107.047203 -48.661285
v -263.156250 107.047203 -58.983334
v -263.386017 107.244118 -59.182274
v -263.156250 107.047203 -59.377171
v -262.959351 107.047203 -59.179771
v -262.959351 107.047203 -59.179771
v -263.223206 107.186020 -59.076149
v -263.134766 107.152664 -59.180389
v -263.223206 107.186012 -59.286243
v -263.098572 107.047203 -59.237785
v -262.959351 107.047203 -59.179771
v -263.098572 107.047203 -59.122437
v -263.156250 107.047203 -48.463886
v -263.386017 107.244118 -48.658783
v -263.156250 107.047203 -48.857727
v -262.959351 107.047203 -48.661285
v -262.959351 107.047203 -48.661285
v -263.223206 107.186012 -48.554813
v -263.134766 107.152664 -48.660667
v -263.223206 107.186012 -48.764908
v -263.098572 107.047203 -48.718620
v -262.959351 107.047203 -48.661285
v -263.098572 107.047203 -48.603271
v -243.370972 107.047203 -59.176579
v -243.370956 107.244118 -58.979660
v -243.764801 107.244118 -58.979179
v -243.567886 107.047203 -59.176102
v -243.566498 107.047203 -59.373016
v -243.371063 107.186447 -59.118904
v -243.546829 107.183655 -59.108746
v -243.567886 107.244118 -58.979420
v -243.666351 107.186447 -59.118423
v -243.572433 107.104950 -58.529629
v -243.509796 107.047203 -59.233913
v -261.647278 107.047203 -59.176579
v -261.451752 107.047203 -59.373016
v -261.450378 107.047203 -59.176102
v -261.647278 107.244118 -59.373020
v -261.450409 107.383347 -59.036842
v -261.508453 107.047203 -59.233913
v -261.492981 107.196373 -59.202656
v -261.450745 107.126457 -59.229118
v -261.508057 107.186447 -59.274559
v -261.548828 107.284904 -59.192989
v -261.548767 107.227226 -59.135551
v -261.647278 107.047203 -48.664478
v -261.450409 107.383347 -48.804218
v -261.647278 107.244118 -48.468040
v -261.450378 107.441040 -48.664959
v -261.451752 107.047203 -48.468044
v -261.548767 107.227226 -48.705509
v -261.492981 107.232346 -48.638401
v -261.548828 107.284897 -48.648071
v -261.508057 107.301796 -48.566498
v -261.450775 107.244408 -48.607399
v -261.508453 107.047203 -48.607143
v -243.370972 107.047203 -48.664478
v -243.566498 107.047203 -48.468044
v -243.567886 107.047203 -48.664959
v -243.370956 107.244118 -48.468040
v -243.567856 107.383347 -48.804218
v -243.509796 107.047203 -48.607143
v -243.525284 107.196373 -48.638401
v -243.567505 107.126457 -48.611942
v -243.510208 107.186447 -48.566498
v -243.469406 107.284897 -48.648071
v -243.469482 107.227226 -48.705509
v -243.757736 106.553383 -47.662254
v -243.759125 106.356461 -47.859173
v -243.562210 106.553383 -47.859169
v -243.758148 106.414139 -47.719933
v -243.644638 106.439690 -47.745480
v -243.619888 106.414139 -47.859169
v -243.618896 106.553383 -47.719925
v -261.456055 106.553383 -47.859169
v -261.259125 106.356461 -47.859173
v -261.260498 106.553383 -47.662254
v -261.398376 106.414139 -47.859169
v -261.373627 106.439690 -47.745480
v -261.260101 106.414139 -47.719933
v -261.399353 106.553383 -47.719925
v -262.959351 106.356461 -58.982853
v -263.156250 106.553383 -58.983334
v -262.959351 106.553383 -59.179771
v -263.098572 106.414139 -58.983192
v -263.073029 106.439690 -59.096821
v -263.098572 106.553383 -59.122437
v -262.959351 106.414139 -59.122097
v -263.156250 106.553383 -48.857727
v -262.959351 106.356461 -48.858208
v -262.959351 106.553383 -48.661285
v -263.098572 106.414139 -48.857868
v -263.073029 106.439690 -48.744236
v -262.959351 106.414139 -48.718964
v -263.098572 106.553383 -48.718624
v -242.058914 106.553383 -59.179771
v -241.861984 106.553383 -58.983334
v -242.058914 106.356461 -58.982853
v -241.919662 106.553383 -59.122437
v -241.945221 106.439690 -59.096821
v -241.919662 106.414139 -58.983192
v -242.058914 106.414139 -59.122097
v -242.058914 106.553383 -48.661285
v -242.058914 106.356461 -48.858208
v -241.861984 106.553383 -48.857727
v -242.058914 106.414139 -48.718964
v -241.945221 106.439690 -48.744236
v -241.919662 106.414139 -48.857868
v -241.919662 106.553383 -48.718624
v -261.424072 108.170303 -62.258728
v -261.273224 108.310089 -61.978970
v -261.379883 108.211243 -62.118362
v -243.594177 108.170303 -62.500137
v -243.590393 107.973381 -62.641197
v -243.593063 108.112625 -62.599880
v -261.424072 108.170303 -45.340919
v -261.427856 107.973381 -45.199860
v -261.425171 108.112625 -45.241177
v -243.590393 107.973381 -45.199860
v -243.594177 108.170303 -45.340919
v -243.593063 108.112625 -45.241177
v -238.333664 108.170303 -59.160645
v -238.732849 108.270668 -59.096985
v -238.545746 108.199699 -59.141998
v -237.902512 108.170303 -48.680412
v -237.672760 107.973381 -48.678188
v -237.740051 108.112625 -48.679760
v -267.345490 107.973381 -48.678188
v -267.115753 108.170303 -48.680412
v -267.278198 108.112625 -48.679760
v -267.115753 108.170303 -59.160645
v -267.345490 107.973381 -59.162872
v -267.278198 108.112625 -59.161297
v -237.869675 107.973381 -45.199860
v -237.672760 107.973381 -45.396782
v -237.905136 108.170303 -45.336452
v -237.730423 107.973381 -45.257538
v -237.764008 108.087074 -45.270763
v -237.740372 108.112061 -45.368805
v -237.890152 108.113457 -45.240734
v -267.345490 107.973381 -45.396782
v -267.148590 107.973381 -45.199860
v -267.113129 108.170303 -45.336452
v -267.287811 107.973381 -45.257538
v -267.254242 108.087074 -45.270763
v -267.128113 108.113457 -45.240730
v -267.277893 108.112061 -45.368805
v -267.345490 107.973381 -62.444275
v -267.113129 108.170303 -62.504604
v -267.148590 107.973381 -62.641197
v -267.277893 108.112061 -62.472252
v -267.254242 108.087074 -62.570293
v -267.128113 108.113464 -62.600323
v -267.287811 107.973381 -62.583519
v -237.869675 107.973381 -62.641197
v -237.905136 108.170303 -62.504604
v -237.672760 107.973381 -62.444275
v -237.890152 108.113464 -62.600327
v -237.764008 108.087074 -62.570293
v -237.740372 108.112061 -62.472252
v -237.730423 107.973381 -62.583519
v -261.273224 108.310089 -61.978970
v -261.122009 108.449867 -61.643349
v -261.166443 108.408928 -61.823215
v -243.896255 108.449867 -61.643349
v -243.745026 108.310089 -61.978970
v -243.851807 108.408928 -61.823215
v -261.122009 108.449867 -46.197708
v -261.273224 108.310081 -45.862087
v -261.166443 108.408920 -46.017841
v -243.745026 108.310081 -45.862087
v -243.896255 108.449867 -46.197708
v -243.851807 108.408920 -46.017841
v -238.865936 108.349503 -59.046974
v -239.232285 108.449867 -58.983177
v -239.043411 108.420471 -59.001919
v -239.232285 108.449867 -48.857880
v -238.865936 108.349503 -48.794083
v -239.043411 108.420471 -48.839138
v -265.785980 108.449867 -58.983177
v -266.152313 108.349503 -59.046974
v -265.974823 108.420471 -59.001919
v -266.152313 108.349503 -48.794083
v -265.785980 108.449867 -48.857880
v -265.974823 108.420471 -48.839138
v -239.106735 108.310081 -45.862087
v -238.865936 108.349503 -46.121872
v -239.232285 108.449867 -46.197708
v -238.976044 108.361404 -45.977642
v -239.057190 108.405685 -46.040909
v -239.043411 108.420471 -46.159790
v -239.169510 108.408920 -46.017841
v -266.152313 108.349503 -46.121872
v -265.911499 108.310081 -45.862087
v -265.785980 108.449867 -46.197708
v -266.042206 108.361404 -45.977642
v -265.961060 108.405685 -46.040909
v -265.848755 108.408920 -46.017841
v -265.974823 108.420471 -46.159790
v -266.152313 108.349503 -61.719185
v -265.785980 108.449867 -61.643349
v -265.911499 108.310089 -61.978970
v -265.974823 108.420471 -61.681267
v -265.961060 108.405685 -61.800148
v -265.848755 108.408928 -61.823215
v -266.042206 108.361404 -61.863415
v -239.106735 108.310089 -61.978970
v -239.232285 108.449867 -61.643349
v -238.865936 108.349503 -61.719185
v -239.169510 108.408928 -61.823215
v -239.057190 108.405685 -61.800148
v -239.043411 108.420471 -61.681267
v -238.976044 108.361404 -61.863415
vn -0.0000 1.0000 -0.0000
vn 0.0553 0.9041 -0.4236
vn 0.2543 0.9183 -0.3036
vn 0.1932 0.9658 -0.1730
vn 0.0654 0.9661 -0.2497
vn 0.3709 0.9262 -0.0674
vn 0.1824 0.9825 -0.0378
vn 0.0253 0.9994 -0.0218
vn 0.9490 -0.2741 -0.1558
vn 0.6677 -0.4112 -0.6205
vn 0.5087 -0.7688 -0.3875
vn 0.4925 -0.8643 -0.1023
vn 0.1492 -0.2060 -0.9671
vn 0.1884 -0.8959 -0.4023
vn 0.0578 -0.9971 -0.0486
vn 0.0553 0.9041 0.4236
vn 0.0654 0.9661 0.2497
vn 0.1932 0.9658 0.1730
vn 0.2543 0.9183 0.3036
vn 0.0253 0.9994 0.0218
vn 0.1824 0.9825 0.0378
vn 0.3709 0.9262 0.0674
vn 0.9490 -0.2741 0.1558
vn 0.4925 -0.8643 0.1023
vn 0.5086 -0.7688 0.3875
vn 0.6677 -0.4112 0.6205
vn 0.0578 -0.9971 0.0486
vn 0.1884 -0.8959 0.4023
vn 0.1492 -0.2060 0.9671
vn -0.3709 0.9262 -0.0674
vn -0.2543 0.9183 -0.3036
vn -0.1932 0.9658 -0.1730
vn -0.1824 0.9825 -0.0378
vn -0.0554 0.9041 -0.4236
vn -0.0654 0.9661 -0.2497
vn -0.0253 0.9994 -0.0218
vn -0.9490 -0.2741 -0.1558
vn -0.4925 -0.8643 -0.1023
vn -0.5087 -0.7688 -0.3875
vn -0.6677 -0.4112 -0.6205
vn -0.0578 -0.9971 -0.0486
vn -0.1884 -0.8959 -0.4023
vn -0.1492 -0.2060 -0.9671
vn -0.3709 0.9262 0.0674
vn -0.1824 0.9825 0.0378
vn -0.1932 0.9658 0.1730
vn -0.2543 0.9183 0.3036
vn -0.0253 0.9994 0.0218
vn -0.0654 0.9661 0.2497
vn -0.0553 0.9041 0.4236
vn -0.9490 -0.2741 0.1558
vn -0.6677 -0.4112 0.6205
vn -0.5086 -0.7688 0.3875
vn -0.4925 -0.8643 0.1023
vn -0.1492 -0.2060 0.9671
vn -0.1884 -0.8959 0.4023
vn -0.0578 -0.9971 0.0486
vn 0.9646 -0.1996 -0.1726
vn 0.6755 -0.7130 -0.1881
vn 0.5657 -0.5476 -0.6166
vn 0.7044 -0.1599 -0.6916
vn 0.1610 -0.9571 -0.2410
vn 0.1748 -0.6285 -0.7580
vn 0.1866 -0.1371 -0.9728
vn 0.9646 -0.1996 0.1726
vn 0.7044 -0.1599 0.6916
vn 0.5657 -0.5476 0.6166
vn 0.6755 -0.7130 0.1881
vn 0.1866 -0.1371 0.9728
vn 0.1748 -0.6285 0.7580
vn 0.1610 -0.9571 0.2410
vn -0.9646 -0.1996 0.1726
vn -0.6755 -0.7130 0.1881
vn -0.5657 -0.5476 0.6166
vn -0.7044 -0.1599 0.6916
vn -0.1610 -0.9571 0.2410
vn -0.1748 -0.6285 0.7580
vn -0.1866 -0.1371 0.9728
vn -0.9646 -0.1996 -0.1726
vn -0.7044 -0.1599 -0.6916
vn -0.5657 -0.5476 -0.6166
vn -0.6755 -0.7130 -0.1881
vn -0.1866 -0.1371 -0.9728
vn -0.1748 -0.6285 -0.7580
vn -0.1610 -0.9571 -0.2410
vn 0.7613 -0.6484 -0.0000
vn 0.9019 -0.4319 -0.0000
vn -0.3410 0.9401 -0.0000
vn 0.0245 0.9997 -0.0000
vn -0.0000 -1.0000 -0.0000
vn 0.5986 -0.8011 -0.0000
vn 0.7361 -0.6768 -0.0000
vn 0.0086 1.0000 -0.0000
vn -0.5986 -0.8011 -0.0000
vn -0.9019 -0.4319 -0.0000
vn -0.0084 1.0000 -0.0000
vn -0.7613 -0.6484 -0.0000
vn -0.0258 0.9997 -0.0000
vn 0.3410 0.9401 -0.0000
vn 0.9701 0.2425 -0.0000
vn -0.9054 -0.4245 -0.0000
vn -0.0000 -0.0000 -0.0000
vn -0.5547 0.8320 -0.0000
vn -0.9701 0.2425 -0.0000
vn 0.5547 0.8320 -0.0000
vn 0.9160 -0.3247 -0.2355
vn 0.3400 -0.9236 -0.1770
vn 0.5791 -0.5780 -0.5750
vn 0.6989 -0.1731 -0.6940
vn -0.0196 -0.9895 -0.1429
vn 0.1730 -0.6970 -0.6959
vn 0.1799 -0.1795 -0.9672
vn -0.9684 -0.1795 -0.1731
vn -0.6989 -0.1731 -0.6940
vn -0.5791 -0.5780 -0.5750
vn -0.6971 -0.6970 -0.1681
vn -0.1799 -0.1795 -0.9672
vn -0.1730 -0.6970 -0.6959
vn -0.1795 -0.9675 -0.1783
vn -0.2828 0.7402 0.6100
vn -0.1347 0.9231 0.3602
vn 0.0784 0.7639 0.6406
vn 0.4177 0.4429 0.7933
vn 0.3483 0.3619 0.8647
vn 0.4836 -0.8040 0.3460
vn -0.0238 -0.9862 -0.1636
vn -0.0269 -0.9923 -0.1208
vn -0.0697 -0.9951 -0.0695
vn -0.0494 -0.9917 -0.1186
vn -0.3641 -0.7895 -0.4941
vn -0.4862 -0.7268 -0.4851
vn -0.0673 -0.9846 -0.1612
vn -0.6893 -0.2266 -0.6881
vn -0.4951 -0.7892 -0.3634
vn -0.3027 -0.9448 -0.1257
vn -0.8402 0.4990 0.2124
vn -0.1725 -0.9848 -0.0222
vn -0.3143 -0.6764 0.6661
vn 0.1152 0.4153 0.9024
vn 0.0223 -0.9024 -0.4304
vn -0.0694 0.0491 0.9964
vn 0.2632 0.8163 0.5142
vn 0.4155 -0.8966 -0.1534
vn 0.2904 -0.9509 -0.1071
vn -0.0695 -0.9952 -0.0693
vn 0.0225 -0.9853 -0.1693
vn -0.3643 -0.7900 -0.4930
vn -0.4848 -0.7288 -0.4836
vn 0.1745 -0.9847 0.0012
vn -0.6891 -0.2300 -0.6872
vn -0.4937 -0.7904 -0.3628
vn -0.1764 -0.9841 0.0227
vn -0.1518 -0.9883 0.0131
vn -0.1794 -0.1794 -0.9673
vn -0.1726 -0.6965 -0.6965
vn -0.5773 -0.5773 -0.5774
vn -0.6965 -0.1726 -0.6965
vn -0.1794 -0.9673 -0.1794
vn -0.6965 -0.6965 -0.1726
vn -0.9673 -0.1794 -0.1794
vn 0.9673 -0.1794 -0.1794
vn 0.6965 -0.6965 -0.1726
vn 0.5774 -0.5774 -0.5773
vn 0.6965 -0.1726 -0.6965
vn 0.1794 -0.9673 -0.1794
vn 0.1726 -0.6965 -0.6965
vn 0.1794 -0.1794 -0.9673
vn 0.1794 -0.1794 0.9673
vn 0.1726 -0.6965 0.6965
vn 0.5773 -0.5774 0.5774
vn 0.6965 -0.1726 0.6965
vn 0.1794 -0.9673 0.1794
vn 0.6965 -0.6965 0.1726
vn 0.9673 -0.1794 0.1794
vn -0.1794 -0.1794 0.9673
vn -0.6965 -0.1726 0.6965
vn -0.5774 -0.5774 0.5773
vn -0.1726 -0.6965 0.6965
vn -0.9673 -0.1794 0.1794
vn -0.6965 -0.6965 0.1726
vn -0.1794 -0.9673 0.1794
vn 0.9673 -0.1793 -0.1792
vn 0.6967 -0.6963 -0.1724
vn 0.5782 -0.5771 -0.5768
vn 0.6974 -0.1724 -0.6957
vn 0.1797 -0.9672 -0.1793
vn 0.1741 -0.6963 -0.6963
vn 0.1815 -0.1793 -0.9669
vn 0.1815 -0.1793 0.9669
vn 0.1741 -0.6963 0.6963
vn 0.5782 -0.5771 0.5768
vn 0.6974 -0.1724 0.6957
vn 0.1797 -0.9672 0.1793
vn 0.6967 -0.6963 0.1724
vn 0.9673 -0.1793 0.1792
vn -0.9673 -0.1793 -0.1792
vn -0.6974 -0.1724 -0.6957
vn -0.5782 -0.5771 -0.5768
vn -0.6967 -0.6963 -0.1724
vn -0.1815 -0.1793 -0.9669
vn -0.1741 -0.6963 -0.6963
vn -0.1797 -0.9672 -0.1793
vn -0.1797 -0.9672 0.1793
vn -0.1741 -0.6963 0.6963
vn -0.5782 -0.5771 0.5768
vn -0.6967 -0.6963 0.1724
vn -0.1815 -0.1793 0.9669
vn -0.6974 -0.1724 0.6957
vn -0.9673 -0.1793 0.1792
vn 0.9661 -0.1792 0.1856
vn 0.6941 -0.1721 0.6990
vn 0.5756 -0.5767 0.5797
vn 0.6958 -0.6961 0.1770
vn 0.1788 -0.1792 0.9674
vn 0.1721 -0.6961 0.6971
vn 0.1792 -0.9671 0.1805
vn 0.1791 -0.9675 -0.1783
vn 0.1715 -0.6971 -0.6961
vn 0.5783 -0.5782 -0.5756
vn 0.6969 -0.6971 -0.1683
vn 0.1778 -0.1796 -0.9676
vn 0.6980 -0.1732 -0.6948
vn 0.9684 -0.1796 -0.1733
vn -0.9684 -0.1796 -0.1733
vn -0.6980 -0.1732 -0.6948
vn -0.5783 -0.5782 -0.5756
vn -0.6969 -0.6971 -0.1683
vn -0.1778 -0.1796 -0.9676
vn -0.1715 -0.6971 -0.6961
vn -0.1791 -0.9675 -0.1783
vn -0.1788 -0.1792 0.9674
vn -0.6941 -0.1721 0.6990
vn -0.5756 -0.5767 0.5797
vn -0.1721 -0.6961 0.6971
vn -0.9661 -0.1792 0.1856
vn -0.6958 -0.6961 0.1770
vn -0.1792 -0.9671 0.1805
vn 0.9684 -0.1796 0.1733
vn 0.6980 -0.1732 0.6948
vn 0.5783 -0.5782 0.5756
vn 0.6969 -0.6971 0.1683
vn 0.1778 -0.1796 0.9676
vn 0.1715 -0.6971 0.6961
vn 0.1791 -0.9675 0.1783
vn 0.1788 -0.1792 -0.9674
vn 0.6941 -0.1721 -0.6990
vn 0.5756 -0.5767 -0.5797
vn 0.1721 -0.6961 -0.6971
vn 0.9661 -0.1792 -0.1856
vn 0.6958 -0.6961 -0.1770
vn 0.1792 -0.9671 -0.1805
vn -0.9661 -0.1792 -0.1856
vn -0.6941 -0.1721 -0.6990
vn -0.5756 -0.5767 -0.5797
vn -0.6958 -0.6961 -0.1770
vn -0.1788 -0.1792 -0.9674
vn -0.1721 -0.6961 -0.6971
vn -0.1792 -0.9671 -0.1805
vn -0.9684 -0.1796 0.1733
vn -0.6969 -0.6971 0.1683
vn -0.5783 -0.5782 0.5756
vn -0.6980 -0.1732 0.6948
vn -0.1791 -0.9675 0.1783
vn -0.1715 -0.6971 0.6961
vn -0.1778 -0.1796 0.9676
vn 1.0000 -0.0000 -0.0000
vn -1.0000 -0.0000 -0.0000
vn -1.0000 0.0004 -0.0000
vn 1.0000 0.0004 -0.0000
vn -0.1214 0.9926 -0.0000
vn 0.9993 0.0365 -0.0000
vn -0.9993 0.0365 -0.0000
vn -0.1626 -0.1855 0.9691
vn -0.1024 -0.7311 0.6746
vn 0.0006 -0.7097 0.7045
vn -0.6703 -0.2911 0.6826
vn 0.0001 -0.9674 0.2532
vn 0.1032 -0.7365 0.6685
vn 0.1629 -0.1883 0.9685
vn 0.6744 -0.2965 0.6762
vn 0.9668 -0.1806 0.1810
vn 0.0004 -0.8460 0.5332
vn -0.9720 -0.1351 0.1925
vn -0.8967 -0.3091 0.3168
vn -0.6744 -0.2965 0.6762
vn -0.0006 -0.7097 0.7045
vn 0.8509 -0.4417 0.2844
vn -0.1629 -0.1883 0.9685
vn -0.1032 -0.7365 0.6685
vn -0.0001 -0.9674 0.2532
vn 0.1024 -0.7311 0.6746
vn 0.1626 -0.1855 0.9691
vn 0.6703 -0.2911 0.6826
vn 0.9720 -0.1351 0.1925
vn -0.9742 -0.1369 -0.1795
vn -0.0004 -0.8460 -0.5332
vn -0.0006 -0.7097 -0.7045
vn -0.6744 -0.2965 -0.6762
vn 0.9720 -0.1351 -0.1925
vn 0.6703 -0.2911 -0.6826
vn 0.1626 -0.1855 -0.9691
vn 0.1024 -0.7311 -0.6746
vn -0.0001 -0.9674 -0.2532
vn -0.1032 -0.7365 -0.6685
vn -0.1629 -0.1883 -0.9685
vn 0.9742 -0.1369 -0.1795
vn 0.6744 -0.2965 -0.6762
vn 0.0006 -0.7097 -0.7045
vn 0.0004 -0.8460 -0.5332
vn 0.1629 -0.1883 -0.9685
vn 0.1032 -0.7365 -0.6685
vn 0.0001 -0.9674 -0.2532
vn -0.1024 -0.7311 -0.6746
vn -0.1626 -0.1855 -0.9691
vn -0.6703 -0.2911 -0.6826
vn -0.9720 -0.1351 -0.1925
vn 0.7071 -0.7071 -0.0000
vn 0.9998 0.0129 -0.0125
vn -0.0000 0.9002 -0.4356
vn -0.7071 -0.7071 -0.0000
vn -0.9998 0.0129 -0.0125
vn -0.9985 -0.0000 -0.0546
vn -0.9999 0.0150 -0.0000
vn 0.9998 -0.0000 -0.0182
vn 0.2197 -0.4945 -0.8410
vn 0.2067 -0.8607 0.4654
vn 0.6407 -0.7678 -0.0001
vn 0.6648 -0.3209 -0.6746
vn 0.1768 -0.2193 0.9595
vn 0.6671 -0.3187 0.6733
vn 0.9503 -0.2588 0.1730
vn 0.5645 -0.8199 0.0956
vn 0.1715 -0.9852 0.0001
vn 0.5636 -0.8205 -0.0956
vn 0.9504 -0.2587 -0.1727
vn 0.2470 -0.2019 0.9478
vn 0.6648 -0.3209 0.6746
vn 0.6407 -0.7678 0.0001
vn 0.3712 -0.7417 -0.5587
vn 0.9504 -0.2587 0.1727
vn 0.5636 -0.8205 0.0956
vn 0.1715 -0.9852 -0.0001
vn 0.5645 -0.8199 -0.0956
vn 0.9503 -0.2588 -0.1730
vn 0.6671 -0.3187 -0.6733
vn 0.1869 -0.1980 -0.9622
vn -0.9504 -0.2587 -0.1727
vn -0.5636 -0.8205 -0.0956
vn -0.6407 -0.7678 -0.0001
vn -0.6648 -0.3209 -0.6746
vn -0.1715 -0.9852 0.0001
vn -0.5645 -0.8199 0.0956
vn -0.9503 -0.2588 0.1730
vn -0.6671 -0.3187 0.6733
vn -0.1760 -0.1731 0.9691
vn -0.3741 -0.7449 0.5524
vn -0.2502 -0.1478 -0.9569
vn -0.9503 -0.2588 -0.1730
vn -0.5645 -0.8199 -0.0956
vn -0.6407 -0.7678 0.0001
vn -0.6671 -0.3187 -0.6733
vn -0.1715 -0.9852 -0.0001
vn -0.5636 -0.8205 0.0956
vn -0.9504 -0.2587 0.1727
vn -0.6648 -0.3209 0.6746
vn -0.2832 -0.4257 0.8594
vn -0.2273 -0.6964 -0.6807
vn -0.1869 -0.1980 -0.9622
vn -0.1295 -0.2546 0.9583
vn -0.0713 -0.6698 0.7391
vn 0.0706 -0.7806 0.6210
vn -0.0620 -0.4112 0.9094
vn 0.0181 -0.9147 0.4038
vn -0.0199 -0.9184 0.3951
vn -0.4412 -0.7905 0.4247
vn 0.9976 0.0234 0.0652
vn -0.1242 -0.6744 0.7279
vn -0.9942 -0.0243 0.1050
vn 0.1864 -0.1399 0.9725
vn 0.6478 -0.2330 0.7253
vn 0.9938 0.0326 0.1064
vn 0.2887 -0.3026 0.9083
vn 0.9871 -0.0510 0.1521
vn 0.7431 -0.6538 -0.1422
vn -0.9953 0.0072 -0.0961
vn 0.6905 0.4641 -0.5547
vn 0.6588 0.6227 -0.4222
vn 0.9857 -0.1182 -0.1199
vn 0.1965 -0.1360 -0.9710
vn 0.2146 -0.4212 -0.8812
vn 0.4442 0.0331 -0.8953
vn 0.7150 -0.1535 -0.6821
vn 0.9824 -0.1311 0.1329
vn -0.0965 0.9831 -0.1554
vn -0.4156 0.6779 -0.6065
vn -0.8057 -0.2058 -0.5554
vn 0.8386 -0.1020 -0.5352
vn 0.9847 -0.0406 -0.1696
vn -0.1864 -0.1399 -0.9725
vn -0.6478 -0.2330 -0.7253
vn -0.9938 0.0326 -0.1064
vn -0.2887 -0.3026 -0.9083
vn -0.9871 -0.0510 -0.1521
vn -0.7432 -0.6538 0.1422
vn 0.9891 -0.1062 0.1020
vn -0.6905 0.4641 0.5547
vn -0.6587 0.6228 0.4222
vn -0.9857 -0.1181 0.1199
vn 0.1799 -0.1795 0.9672
vn 0.1730 -0.6970 0.6959
vn 0.5791 -0.5780 0.5750
vn 0.6989 -0.1731 0.6940
vn 0.1215 -0.9740 0.1913
vn 0.4907 -0.8326 0.2569
vn 0.9061 -0.3423 0.2485
vn -0.9641 -0.1483 0.2204
vn -0.4859 -0.8374 0.2503
vn -0.5791 -0.5780 0.5750
vn -0.6989 -0.1731 0.6940
vn -0.1149 -0.9745 0.1929
vn -0.1730 -0.6970 0.6959
vn -0.1799 -0.1795 0.9672
vn -0.1790 -0.9674 -0.1794
vn -0.6963 -0.6967 -0.1727
vn -0.5765 -0.5776 -0.5779
vn -0.1710 -0.6967 -0.6967
vn -0.9672 -0.1794 -0.1796
vn -0.6956 -0.1727 -0.6973
vn -0.1878 -0.1567 -0.9696
vn -0.9672 -0.1794 0.1796
vn -0.6963 -0.6967 0.1727
vn -0.5765 -0.5776 0.5779
vn -0.6956 -0.1727 0.6973
vn -0.1581 -0.9872 -0.0225
vn -0.1837 -0.9213 0.3428
vn -0.2255 -0.3166 0.9214
vn 0.2215 -0.2516 -0.9421
vn 0.6956 -0.1727 -0.6973
vn 0.5765 -0.5776 -0.5779
vn 0.2168 -0.8058 -0.5510
vn 0.9672 -0.1794 -0.1796
vn 0.6963 -0.6967 -0.1727
vn 0.1851 -0.9761 -0.1137
vn 0.2424 -0.1224 0.9624
vn 0.2437 -0.8280 0.5050
vn 0.5765 -0.5776 0.5779
vn 0.6956 -0.1727 0.6973
vn 0.1843 -0.9753 0.1217
vn 0.6963 -0.6967 0.1727
vn 0.9672 -0.1794 0.1796
vn 0.1866 0.1371 0.9728
vn 0.7044 0.1599 0.6916
vn 0.5657 0.5476 0.6166
vn 0.1748 0.6285 0.7580
vn 0.9646 0.1996 0.1726
vn 0.6755 0.7130 0.1881
vn 0.1610 0.9571 0.2410
vn -0.9646 0.1996 0.1726
vn -0.7044 0.1599 0.6916
vn -0.5657 0.5476 0.6166
vn -0.6755 0.7130 0.1881
vn -0.1866 0.1371 0.9728
vn -0.1748 0.6285 0.7580
vn -0.1610 0.9571 0.2410
vn -0.9646 0.1996 -0.1726
vn -0.6755 0.7130 -0.1881
vn -0.5657 0.5476 -0.6166
vn -0.7044 0.1599 -0.6916
vn -0.1610 0.9571 -0.2410
vn -0.1748 0.6285 -0.7580
vn -0.1866 0.1371 -0.9728
vn 0.1866 0.1371 -0.9728
vn 0.1748 0.6285 -0.7580
vn 0.5657 0.5476 -0.6166
vn 0.7044 0.1599 -0.6916
vn 0.1610 0.9571 -0.2410
vn 0.6755 0.7130 -0.1881
vn 0.9646 0.1996 -0.1726
vn 0.0715 0.9174 0.3916
vn 0.2545 0.8920 0.3735
vn 0.1898 0.9379 0.2905
vn 0.0523 0.9279 0.3692
vn 0.4210 0.9022 0.0940
vn 0.2469 0.9653 0.0852
vn 0.0599 0.9936 0.0953
vn -0.4210 0.9022 0.0940
vn -0.2545 0.8920 0.3735
vn -0.1898 0.9379 0.2905
vn -0.2469 0.9653 0.0852
vn -0.0715 0.9174 0.3916
vn -0.0523 0.9279 0.3692
vn -0.0599 0.9936 0.0953
vn -0.4210 0.9022 -0.0940
vn -0.2469 0.9653 -0.0852
vn -0.1898 0.9379 -0.2905
vn -0.2545 0.8920 -0.3735
vn -0.0599 0.9936 -0.0953
vn -0.0523 0.9279 -0.3692
vn -0.0715 0.9174 -0.3916
vn 0.0715 0.9174 -0.3916
vn 0.0523 0.9279 -0.3692
vn 0.1898 0.9379 -0.2905
vn 0.2545 0.8920 -0.3735
vn 0.0599 0.9936 -0.0953
vn 0.2469 0.9653 -0.0852
vn 0.4210 0.9022 -0.0940
vn 0.1426 -0.7068 -0.6929
vn 0.4618 -0.8449 0.2701
vn 0.0004 -1.0000 -0.0000
vn 0.0002 -1.0000 -0.0000
vn 0.5477 -0.8154 -0.1876
vn 0.0020 -0.5926 -0.8055
vn -0.0214 -0.0971 -0.9950
vn -0.1982 -0.7895 0.5809
vn -0.8052 -0.5930 0.0057
vn -0.9885 -0.1512 0.0070
vn -0.0000 -1.0000 0.0004
vn -0.0000 -1.0000 0.0016
vn -0.4530 -0.8731 0.1801
vn 0.2008 -0.9773 -0.0668
vn 0.4468 -0.8800 -0.1609
vn -0.7314 -0.6258 0.2709
vn 0.0983 -0.9009 -0.4228
vn -0.0374 -0.9832 0.1789
vn -0.0923 -0.9026 0.4205
vn 0.1295 -0.8701 0.4755
vn -0.9681 -0.2505 -0.0004
vn -0.8055 -0.5926 -0.0000
vn 0.0015 0.0219 -0.9998
vn -0.0000 -0.5930 -0.8052
vn 0.4847 -0.8745 -0.0167
vn 0.3325 -0.9431 -0.0101
vn 0.2728 -0.9620 -0.0075
vn 0.1700 -0.9854 -0.0032
vn -0.0076 -0.8841 0.4673
vn -0.0099 -0.8295 0.5585
vn -0.0100 -0.8269 0.5622
vn -0.0086 -0.5075 0.8616
vn -0.0062 -0.2653 0.9642
vn -0.0000 -0.9997 0.0240
vn -0.0000 -0.9999 0.0113
vn -0.0000 -1.0000 0.0053
vn -0.0000 -0.8459 -0.5333
vn -0.0000 -0.9753 -0.2209
vn -0.0001 -0.9655 -0.2605
vn 0.0001 -0.9655 -0.2605
vn 0.0001 -0.6174 -0.7866
vn -0.0001 -0.6174 -0.7866
vn -0.0000 -0.1432 -0.9897
vn 0.0001 -0.9655 0.2605
vn -0.0001 -0.9655 0.2605
vn -0.0001 -0.6174 0.7866
vn 0.0001 -0.6174 0.7866
vn -0.0000 -0.1432 0.9897
vn 0.0001 0.9655 -0.2605
vn -0.0001 0.9655 -0.2605
vn -0.0001 0.6174 -0.7866
vn 0.0001 0.6174 -0.7866
vn -0.0000 0.1432 -0.9897
vn -0.0000 0.1431 -0.9897
vn -0.0000 0.1432 0.9897
vn -0.0000 0.1431 0.9897
vn -0.0001 0.6174 0.7866
vn 0.0001 0.6174 0.7866
vn -0.0001 0.9655 0.2605
vn 0.0001 0.9655 0.2605
vn 0.1696 0.9855 -0.0001
vn 0.1696 0.9855 0.0001
vn 0.6671 0.7450 0.0001
vn 0.6671 0.7450 -0.0001
vn 0.9747 0.2236 -0.0000
vn 0.0446 -0.5538 0.8315
vn 0.0789 -0.9029 0.4226
vn -0.1696 -0.9855 -0.0001
vn -0.1696 -0.9855 0.0001
vn -0.6671 -0.7450 0.0001
vn -0.6671 -0.7450 -0.0001
vn -0.9747 -0.2236 -0.0000
vn 0.1696 -0.9855 0.0001
vn 0.1696 -0.9855 -0.0001
vn 0.6671 -0.7450 -0.0001
vn 0.6671 -0.7450 0.0001
vn 0.9747 -0.2236 -0.0000
vn -0.0317 -0.4351 -0.8998
vn -0.0446 -0.5538 -0.8315
vn -0.1696 0.9855 0.0001
vn -0.1696 0.9855 -0.0001
vn -0.6671 0.7450 -0.0001
vn -0.6671 0.7450 0.0001
vn -0.9747 0.2236 -0.0000
vn -0.0000 0.9527 -0.3038
vn -0.0000 0.9527 -0.3039
vn 0.0001 0.8998 -0.4364
vn -0.0001 0.8998 -0.4364
vn -0.0000 0.9898 -0.1422
vn -0.0000 0.9898 0.1422
vn 0.0001 0.8998 0.4364
vn -0.0001 0.8998 0.4364
vn -0.0000 0.9527 0.3038
vn -0.0000 0.9527 0.3039
vn 0.4336 0.9011 -0.0000
vn 0.2472 0.9690 -0.0000
vn 0.0687 0.9976 -0.0000
vn -0.4336 0.9011 -0.0000
vn -0.2472 0.9690 -0.0000
vn -0.0687 0.9976 -0.0000
vn -0.0000 0.9937 -0.1117
vn -0.0000 0.9231 -0.3845
vn -0.0000 0.9603 -0.2790
vn -0.0000 0.9603 0.2790
vn -0.0000 0.9231 0.3845
vn -0.0000 0.9937 0.1117
vn 0.0771 0.9970 -0.0000
vn 0.2642 0.9645 -0.0000
vn 0.4418 0.8971 -0.0000
vn -0.0771 0.9970 -0.0000
vn -0.2642 0.9645 -0.0000
vn -0.4418 0.8971 -0.0000
vn 1.0000 -0.0000 0.0070
vn -0.0010 -0.8553 0.5181
vn 1.0000 -0.0050 -0.0033
vn 0.4470 -0.8945 -0.0015
vn 0.0024 0.2764 -0.9610
vn -0.0039 0.0859 0.9963
vn -0.9917 -0.1283 -0.0008
vn -0.0354 0.0878 -0.9955
vn -0.0019 0.1204 0.9927
vn -0.9864 -0.1644 -0.0006
vn 0.0087 0.0357 -0.9993
vn 0.0337 -0.0585 0.9977
vn 0.9856 -0.1692 0.0013
vt 0.325062 0.700062
vt 0.325062 0.549938
vt 0.174938 0.549938
vt 0.174938 0.700062
vt 0.135112 0.742496
vt 0.132504 0.742496
vt 0.132829 0.742111
vt 0.133528 0.742496
vt 0.132504 0.739307
vt 0.132504 0.741059
vt 0.130546 0.744454
vt 0.839705 0.711882
vt 0.839705 0.714705
vt 0.839705 0.714597
vt 0.839705 0.714103
vt 0.778045 0.564335
vt 0.779786 0.564335
vt 0.841663 0.716663
vt 0.135112 0.507504
vt 0.133528 0.507504
vt 0.132829 0.507890
vt 0.132504 0.507504
vt 0.130546 0.505546
vt 0.132504 0.508941
vt 0.132504 0.510693
vt 0.839705 0.538118
vt 0.839705 0.535897
vt 0.839705 0.535368
vt 0.839705 0.535295
vt 0.841663 0.533338
vt 0.838046 0.535295
vt 0.367496 0.739307
vt 0.367496 0.742496
vt 0.367171 0.742110
vt 0.367496 0.741059
vt 0.364888 0.742496
vt 0.366472 0.742496
vt 0.369454 0.744454
vt 0.660295 0.711882
vt 0.660295 0.714103
vt 0.660295 0.714596
vt 0.660295 0.714705
vt 0.658338 0.716662
vt 0.660295 0.714705
vt 0.593208 0.564335
vt 0.591467 0.564335
vt 0.367496 0.510693
vt 0.367496 0.508941
vt 0.367171 0.507890
vt 0.367496 0.507504
vt 0.369454 0.505546
vt 0.366472 0.507504
vt 0.364888 0.507504
vt 0.660295 0.538118
vt 0.660295 0.535295
vt 0.660295 0.535368
vt 0.660295 0.535897
vt 0.661955 0.535295
vt 0.658338 0.533338
vt 0.571846 0.002823
vt 0.625000 0.002422
vt 0.625000 0.001016
vt 0.571846 0.000000
vt 0.873042 0.748042
vt 0.873168 0.750000
vt 0.874231 0.750000
vt 0.875000 0.747578
vt 0.571846 0.998341
vt 0.571846 1.000000
vt 0.602535 1.000000
vt 0.625000 0.998168
vt 0.571846 0.247177
vt 0.571846 0.250000
vt 0.613768 0.250384
vt 0.625000 0.247578
vt 0.571846 0.251659
vt 0.625000 0.251832
vt 0.873042 0.501958
vt 0.875000 0.502422
vt 0.875000 0.501016
vt 0.873168 0.500000
vt 0.571846 0.502823
vt 0.625000 0.502422
vt 0.617768 0.500339
vt 0.571846 0.500000
vt 0.626958 0.501958
vt 0.625916 0.499084
vt 0.571846 0.498341
vt 0.571846 0.747177
vt 0.571846 0.750000
vt 0.617512 0.749918
vt 0.625000 0.747578
vt 0.571846 0.751659
vt 0.625916 0.750916
vt 0.626958 0.748042
vt 0.851949 0.726949
vt 0.851949 0.726949
vt 0.853997 0.728997
vt 0.851949 0.523051
vt 0.853997 0.521003
vt 0.648051 0.523051
vt 0.646003 0.521003
vt 0.648051 0.726949
vt 0.646003 0.728997
vt 0.851949 0.725538
vt 0.851808 0.726710
vt 0.850290 0.724126
vt 0.851120 0.726949
vt 0.851808 0.523290
vt 0.851949 0.524462
vt 0.851120 0.523051
vt 0.850290 0.525874
vt 0.648051 0.524462
vt 0.648192 0.523290
vt 0.649710 0.525874
vt 0.648881 0.523051
vt 0.648192 0.726710
vt 0.648051 0.725538
vt 0.648881 0.726949
vt 0.649710 0.724127
vt 0.825380 0.711882
vt 0.825380 0.711876
vt 0.825155 0.714304
vt 0.825392 0.714705
vt 0.824136 0.711877
vt 0.823729 0.714705
vt 0.823733 0.714705
vt 0.674620 0.711882
vt 0.674608 0.714705
vt 0.674846 0.714304
vt 0.674620 0.711876
vt 0.676268 0.714705
vt 0.676271 0.714705
vt 0.676279 0.711882
vt 0.000000 0.000000
vt 0.675911 0.547558
vt 0.674668 0.549503
vt 0.674703 0.549346
vt 0.674668 0.549668
vt 0.675326 0.549505
vt 0.675984 0.546849
vt 0.674660 0.547694
vt 0.673341 0.697516
vt 0.674171 0.700172
vt 0.674748 0.700332
vt 0.674668 0.697513
vt 0.674668 0.700332
vt 0.674759 0.701453
vt 0.676315 0.702449
vt 0.676321 0.700332
vt 0.826991 0.698081
vt 0.825428 0.699206
vt 0.825332 0.700269
vt 0.826489 0.700337
vt 0.825332 0.700332
vt 0.825428 0.700332
vt 0.826980 0.698074
vt 0.825332 0.700332
vt 0.824017 0.546849
vt 0.824839 0.549505
vt 0.825414 0.549668
vt 0.825344 0.546842
vt 0.825332 0.549668
vt 0.825429 0.550794
vt 0.826991 0.551919
vt 0.826997 0.549661
vt 0.592203 0.564335
vt 0.661955 0.711882
vt 0.660295 0.711882
vt 0.660295 0.714108
vt 0.661955 0.714705
vt 0.660295 0.711882
vt 0.839705 0.711882
vt 0.839705 0.711882
vt 0.839354 0.714108
vt 0.839705 0.714705
vt 0.838046 0.711882
vt 0.838046 0.714705
vt 0.778045 0.564335
vt 0.838046 0.535295
vt 0.839471 0.535693
vt 0.838046 0.538118
vt 0.839705 0.538118
vt 0.661954 0.535295
vt 0.660529 0.535693
vt 0.661954 0.535295
vt 0.661954 0.538118
vt 0.839705 0.546786
vt 0.839705 0.546788
vt 0.839472 0.549213
vt 0.839705 0.549608
vt 0.838046 0.546793
vt 0.838047 0.549615
vt 0.838046 0.549615
vt 0.838046 0.700385
vt 0.838047 0.700385
vt 0.839472 0.700788
vt 0.839705 0.700392
vt 0.838046 0.703207
vt 0.839705 0.703212
vt 0.839705 0.703214
vt 0.660295 0.546786
vt 0.660295 0.549608
vt 0.660529 0.549213
vt 0.660295 0.546788
vt 0.661955 0.549615
vt 0.661953 0.549615
vt 0.661955 0.546793
vt 0.661954 0.703207
vt 0.661953 0.700385
vt 0.660529 0.700787
vt 0.660295 0.703212
vt 0.661954 0.700385
vt 0.660295 0.700392
vt 0.660295 0.703214
vt 0.674620 0.538118
vt 0.674608 0.535295
vt 0.674378 0.535690
vt 0.674620 0.538112
vt 0.672949 0.535295
vt 0.672953 0.535295
vt 0.672961 0.538118
vt 0.672997 0.546838
vt 0.673004 0.549661
vt 0.674430 0.549266
vt 0.674656 0.546837
vt 0.673009 0.549661
vt 0.674656 0.546845
vt 0.825344 0.546845
vt 0.825570 0.549266
vt 0.825344 0.546838
vt 0.826991 0.549661
vt 0.826996 0.549661
vt 0.827003 0.546838
vt 0.827051 0.535295
vt 0.825392 0.535295
vt 0.825622 0.535690
vt 0.827048 0.535295
vt 0.825380 0.538118
vt 0.825380 0.538112
vt 0.827039 0.538118
vt 0.674656 0.703155
vt 0.674668 0.700332
vt 0.674430 0.700735
vt 0.674656 0.703163
vt 0.673009 0.700339
vt 0.673004 0.700339
vt 0.672997 0.703162
vt 0.604749 0.564335
vt 0.606491 0.564335
vt 0.604753 0.564335
vt 0.674620 0.711882
vt 0.674620 0.711888
vt 0.674263 0.714112
vt 0.674609 0.714705
vt 0.672961 0.711882
vt 0.672953 0.714705
vt 0.764750 0.561372
vt 0.764763 0.564335
vt 0.765128 0.564335
vt 0.764750 0.561378
vt 0.766504 0.564335
vt 0.766501 0.564335
vt 0.827039 0.711882
vt 0.825380 0.711888
vt 0.825387 0.713520
vt 0.827048 0.714705
vt 0.764713 0.552211
vt 0.764713 0.552220
vt 0.764705 0.550513
vt 0.764700 0.549249
vt 0.827003 0.703162
vt 0.826996 0.700339
vt 0.825686 0.700334
vt 0.825344 0.703163
vt 0.826991 0.700339
vt 0.674427 0.523051
vt 0.674451 0.523051
vt 0.674472 0.523051
vt 0.674463 0.523051
vt 0.674476 0.523051
vt 0.674488 0.523051
vt 0.674500 0.520945
vt 0.825524 0.523051
vt 0.825575 0.523051
vt 0.825680 0.523051
vt 0.825517 0.523051
vt 0.827183 0.523051
vt 0.826342 0.523051
vt 0.825500 0.520945
vt 0.825574 0.726949
vt 0.825549 0.726949
vt 0.825528 0.726949
vt 0.825537 0.726949
vt 0.825524 0.726949
vt 0.825512 0.726949
vt 0.825500 0.729055
vt 0.674476 0.726949
vt 0.674425 0.726949
vt 0.674320 0.726949
vt 0.674483 0.726949
vt 0.672817 0.726949
vt 0.673659 0.726949
vt 0.674500 0.729055
vt 0.674475 0.523051
vt 0.674450 0.523051
vt 0.674441 0.523051
vt 0.674471 0.523051
vt 0.674425 0.523051
vt 0.674467 0.525874
vt 0.823916 0.523051
vt 0.824389 0.523051
vt 0.825391 0.523051
vt 0.825524 0.523051
vt 0.825533 0.525874
vt 0.825525 0.726949
vt 0.825550 0.726949
vt 0.825559 0.726949
vt 0.825529 0.726949
vt 0.825575 0.726949
vt 0.825533 0.724126
vt 0.676084 0.726949
vt 0.675611 0.726949
vt 0.674610 0.726949
vt 0.674467 0.724126
vt 0.827051 0.535295
vt 0.826123 0.535295
vt 0.825392 0.535380
vt 0.825422 0.533273
vt 0.824695 0.535295
vt 0.823733 0.535295
vt 0.825380 0.538118
vt 0.674620 0.538118
vt 0.674608 0.535380
vt 0.676268 0.535295
vt 0.675305 0.535295
vt 0.674578 0.533273
vt 0.673878 0.535295
vt 0.672949 0.535295
vt 0.674620 0.538118
vt 0.674620 0.711882
vt 0.674609 0.714599
vt 0.674620 0.711882
vt 0.604749 0.564335
vt 0.605724 0.564335
vt 0.606489 0.564335
vt 0.674578 0.716727
vt 0.675305 0.714705
vt 0.673878 0.714705
vt 0.676268 0.714705
vt 0.825380 0.711882
vt 0.825392 0.714705
vt 0.825392 0.714705
vt 0.824695 0.714705
vt 0.825422 0.716727
vt 0.826123 0.714705
vt 0.764762 0.564112
vt 0.765530 0.564335
vt 0.764750 0.561372
vt 0.851949 0.549427
vt 0.851949 0.549452
vt 0.851949 0.549468
vt 0.851949 0.549476
vt 0.853982 0.549476
vt 0.851949 0.700524
vt 0.851949 0.700575
vt 0.851949 0.700821
vt 0.851949 0.700524
vt 0.851949 0.703347
vt 0.851949 0.702520
vt 0.853982 0.700524
vt 0.648051 0.700573
vt 0.648051 0.700548
vt 0.648051 0.700532
vt 0.648051 0.700524
vt 0.646018 0.700524
vt 0.648051 0.549476
vt 0.648051 0.549425
vt 0.648051 0.549179
vt 0.648051 0.546653
vt 0.648051 0.547480
vt 0.646018 0.549476
vt 0.851949 0.549474
vt 0.851949 0.549449
vt 0.851949 0.549438
vt 0.851949 0.549462
vt 0.851949 0.549425
vt 0.850290 0.549450
vt 0.851949 0.697752
vt 0.851949 0.698572
vt 0.851949 0.700277
vt 0.850290 0.700550
vt 0.648051 0.700526
vt 0.648051 0.700551
vt 0.648051 0.700563
vt 0.648051 0.700538
vt 0.648051 0.700575
vt 0.649710 0.700550
vt 0.648051 0.552248
vt 0.648051 0.551428
vt 0.648051 0.549724
vt 0.649710 0.549450
vt 0.838046 0.700385
vt 0.839669 0.700392
vt 0.838046 0.700385
vt 0.839705 0.703214
vt 0.839705 0.701911
vt 0.841641 0.700421
vt 0.839705 0.698900
vt 0.839705 0.697569
vt 0.838046 0.549615
vt 0.839669 0.549608
vt 0.839705 0.552431
vt 0.839705 0.551101
vt 0.841641 0.549580
vt 0.839705 0.548089
vt 0.839705 0.546786
vt 0.660295 0.697569
vt 0.660295 0.698899
vt 0.660332 0.700392
vt 0.660295 0.700392
vt 0.658360 0.700421
vt 0.660295 0.701911
vt 0.660295 0.703214
vt 0.661954 0.700385
vt 0.661955 0.700385
vt 0.660295 0.548089
vt 0.660332 0.549608
vt 0.660295 0.549608
vt 0.658360 0.549579
vt 0.660295 0.551101
vt 0.660295 0.552431
vt 0.661955 0.549615
vt 0.826991 0.700339
vt 0.826989 0.700339
vt 0.825391 0.700333
vt 0.825332 0.700332
vt 0.824226 0.697979
vt 0.824779 0.700192
vt 0.825331 0.698218
vt 0.764713 0.552211
vt 0.764700 0.549249
vt 0.674667 0.700428
vt 0.673840 0.700336
vt 0.674656 0.703155
vt 0.674666 0.701092
vt 0.674506 0.700333
vt 0.673008 0.701744
vt 0.674460 0.700333
vt 0.673840 0.549664
vt 0.674578 0.549571
vt 0.673008 0.547785
vt 0.674506 0.549668
vt 0.674391 0.549667
vt 0.674668 0.549668
vt 0.674664 0.548843
vt 0.674656 0.546845
vt 0.826991 0.549661
vt 0.825333 0.549572
vt 0.826161 0.549665
vt 0.825344 0.546845
vt 0.825335 0.548908
vt 0.825495 0.549668
vt 0.826992 0.547785
vt 0.825609 0.549667
vt 0.823733 0.535295
vt 0.823729 0.535295
vt 0.825155 0.535696
vt 0.823721 0.538118
vt 0.825380 0.538124
vt 0.825380 0.538118
vt 0.674620 0.538124
vt 0.674846 0.535696
vt 0.676279 0.538118
vt 0.676271 0.535295
vt 0.676268 0.535295
vt 0.661954 0.697562
vt 0.660295 0.697567
vt 0.660530 0.699992
vt 0.661956 0.700385
vt 0.660295 0.697569
vt 0.661955 0.700385
vt 0.660295 0.552431
vt 0.660295 0.552433
vt 0.660530 0.550008
vt 0.661955 0.552438
vt 0.661956 0.549615
vt 0.661954 0.549615
vt 0.838046 0.700385
vt 0.839471 0.699992
vt 0.838045 0.700385
vt 0.839705 0.697569
vt 0.839705 0.697567
vt 0.838046 0.697562
vt 0.838045 0.549615
vt 0.839471 0.550008
vt 0.838046 0.552438
vt 0.839705 0.552433
vt 0.428154 0.251659
vt 0.428154 0.250000
vt 0.386232 0.249492
vt 0.375000 0.251832
vt 0.428154 0.247177
vt 0.375000 0.247578
vt 0.126958 0.501958
vt 0.126832 0.500000
vt 0.125769 0.500000
vt 0.125000 0.502422
vt 0.428154 0.502823
vt 0.428154 0.500000
vt 0.382488 0.500082
vt 0.375000 0.502422
vt 0.428154 0.498341
vt 0.374084 0.499084
vt 0.373042 0.501958
vt 0.428154 0.747177
vt 0.375000 0.747578
vt 0.382232 0.749661
vt 0.428154 0.750000
vt 0.373042 0.748042
vt 0.374084 0.750916
vt 0.428154 0.751659
vt 0.428154 0.998341
vt 0.375000 0.998168
vt 0.375000 0.999231
vt 0.428154 1.000000
vt 0.126958 0.748042
vt 0.125000 0.747578
vt 0.125000 0.748984
vt 0.126832 0.750000
vt 0.428154 0.002823
vt 0.428154 0.000000
vt 0.397465 0.000000
vt 0.375000 0.002422
vt 0.132568 0.507703
vt 0.133674 0.507504
vt 0.132504 0.510713
vt 0.132504 0.509863
vt 0.134221 0.510426
vt 0.367496 0.510713
vt 0.367433 0.507703
vt 0.367496 0.509863
vt 0.366326 0.507504
vt 0.365779 0.510426
vt 0.367496 0.739287
vt 0.367496 0.740137
vt 0.367432 0.742298
vt 0.365779 0.739574
vt 0.366326 0.742496
vt 0.133674 0.742496
vt 0.132568 0.742298
vt 0.134221 0.739574
vt 0.132504 0.740137
vt 0.132504 0.739287
vt 0.825336 0.700332
vt 0.825344 0.546819
vt 0.673009 0.549670
vt 0.676327 0.697510
vt 0.826989 0.699398
vt 0.674669 0.699334
vt 0.825284 0.747978
vt 0.674716 0.747978
vt 0.674741 0.750000
vt 0.825259 0.750000
vt 0.625000 0.950259
vt 0.625000 0.799741
vt 0.571846 0.799771
vt 0.571846 0.950229
vt 0.674716 0.502022
vt 0.825284 0.502022
vt 0.825259 0.500000
vt 0.674741 0.500000
vt 0.625000 0.450259
vt 0.625000 0.299741
vt 0.571846 0.299771
vt 0.571846 0.450229
vt 0.325111 0.747978
vt 0.174889 0.747978
vt 0.174885 0.750000
vt 0.325115 0.750000
vt 0.375000 0.799885
vt 0.375000 0.950115
vt 0.428154 0.950143
vt 0.428154 0.799857
vt 0.428154 0.450143
vt 0.428154 0.299857
vt 0.375000 0.299885
vt 0.375000 0.450115
vt 0.325115 0.500000
vt 0.174885 0.500000
vt 0.174889 0.502022
vt 0.325111 0.502022
vt 0.126936 0.700111
vt 0.126936 0.549889
vt 0.125000 0.549885
vt 0.125000 0.700115
vt 0.375000 0.049885
vt 0.375000 0.200115
vt 0.428154 0.200143
vt 0.428154 0.049858
vt 0.674671 0.549668
vt 0.626936 0.700283
vt 0.626936 0.549717
vt 0.625000 0.549741
vt 0.625000 0.700259
vt 0.571846 0.549771
vt 0.571846 0.700229
vt 0.873064 0.549717
vt 0.873064 0.700283
vt 0.875000 0.700259
vt 0.875000 0.549741
vt 0.625000 0.200259
vt 0.625000 0.049741
vt 0.571846 0.049771
vt 0.571846 0.200229
vt 0.373064 0.549889
vt 0.373064 0.700111
vt 0.375000 0.700115
vt 0.375000 0.549885
vt 0.428154 0.700143
vt 0.428154 0.549857
vt 0.325111 0.742496
vt 0.174889 0.742496
vt 0.175076 0.742496
vt 0.324925 0.742496
vt 0.174889 0.744518
vt 0.325111 0.744518
vt 0.325111 0.505482
vt 0.174889 0.505482
vt 0.175076 0.507504
vt 0.324924 0.507504
vt 0.174889 0.507504
vt 0.325111 0.507504
vt 0.132504 0.700111
vt 0.132504 0.549889
vt 0.132504 0.550023
vt 0.132504 0.699977
vt 0.130568 0.549889
vt 0.130568 0.700111
vt 0.367496 0.549889
vt 0.367496 0.700111
vt 0.367496 0.699977
vt 0.367496 0.550023
vt 0.369432 0.700111
vt 0.369432 0.549889
vt 0.325107 0.739574
vt 0.174893 0.739574
vt 0.174697 0.742496
vt 0.325303 0.742496
vt 0.174889 0.742496
vt 0.174697 0.507504
vt 0.325303 0.507504
vt 0.174893 0.510426
vt 0.325107 0.510426
vt 0.134221 0.700109
vt 0.134221 0.549891
vt 0.132504 0.549751
vt 0.132504 0.700249
vt 0.132504 0.549889
vt 0.132504 0.700111
vt 0.365779 0.549891
vt 0.365779 0.700109
vt 0.367496 0.700249
vt 0.367496 0.549751
vt 0.367496 0.549889
vt 0.825330 0.549668
s 1
usemtl Material.015
f 642/449/265 641/450/265 644/451/265 643/452/265
f 645/453/266 648/454/267 649/455/268 651/456/269
f 646/457/270 650/458/271 649/455/268 648/454/267
f 647/459/272 651/456/269 649/455/268 650/458/271
f 652/460/273 655/461/274 656/462/275 658/463/276
f 653/464/277 657/465/278 656/465/275 655/465/274
f 654/466/279 658/463/276 656/462/275 657/461/278
f 659/467/280 662/468/281 663/469/282 665/470/283
f 660/471/284 664/472/285 663/469/282 662/468/281
f 661/473/286 665/470/283 663/469/282 664/472/285
f 666/474/287 669/475/288 670/476/289 672/477/290
f 667/478/291 671/477/292 670/476/289 669/475/288
f 668/479/293 672/477/290 670/476/289 671/477/292
f 673/480/294 676/481/295 677/482/296 679/483/297
f 674/484/298 678/485/299 677/482/296 676/481/295
f 675/486/300 679/483/297 677/482/296 678/485/299
f 680/487/301 683/488/302 684/489/303 686/490/304
f 681/491/305 685/492/306 684/489/303 683/488/302
f 682/493/307 686/494/304 684/494/303 685/494/306
f 687/495/308 690/496/309 691/497/310 693/498/311
f 688/499/312 692/500/313 691/497/310 690/496/309
f 689/501/314 693/498/311 691/497/310 692/500/313
f 694/502/315 697/503/316 698/504/317 700/505/318
f 695/506/319 699/503/320 698/504/317 697/503/316
f 696/507/321 700/505/318 698/504/317 699/503/320
f 701/508/322 704/509/323 705/510/324 707/511/325
f 702/512/326 706/513/327 705/514/324 704/515/323
f 703/516/328 707/517/325 705/518/324 706/519/327
f 708/520/329 711/521/330 712/522/331 714/523/332
f 709/524/333 713/525/334 712/522/331 711/521/330
f 710/526/335 714/527/332 712/528/331 713/529/334
f 715/530/336 718/531/337 719/532/338 721/533/339
f 716/534/340 720/535/341 719/532/338 718/531/337
f 717/536/342 721/533/339 719/532/338 720/535/341
f 722/537/343 725/538/344 726/539/345 728/540/346
f 723/541/347 727/542/348 726/539/345 725/538/344
f 724/543/349 728/540/346 726/539/345 727/542/348
f 729/544/350 732/544/265 733/545/265 735/544/351
f 730/544/352 734/544/353 733/545/265 732/544/265
f 731/546/354 735/544/351 733/545/265 734/544/353
f 736/547/355 739/547/356 740/547/265 742/547/265
f 737/548/354 741/547/357 740/547/265 739/547/356
f 738/547/265 742/547/265 740/547/265 741/547/357
f 743/549/358 746/549/265 747/549/265 749/549/359
f 744/549/265 748/549/360 747/549/265 746/549/265
f 745/550/354 749/549/359 747/549/265 748/549/360
f 750/551/361 753/551/354 754/551/265 756/551/265
f 751/552/354 755/551/362 754/551/265 753/551/354
f 752/551/363 756/551/265 754/551/265 755/551/362
f 757/544/364 760/553/365 761/554/366 763/544/265
f 758/555/354 762/556/265 761/554/366 760/553/365
f 759/544/367 763/544/265 761/554/366 762/556/265
f 764/547/364 767/547/265 768/557/366 770/558/354
f 765/547/367 769/559/265 768/557/366 767/547/265
f 766/560/354 770/558/354 768/557/366 769/559/265
f 771/549/368 774/561/354 775/562/366 777/549/265
f 772/563/354 776/564/265 775/562/366 774/561/354
f 773/549/369 777/549/265 775/562/366 776/564/265
f 778/551/368 781/551/265 782/565/366 784/566/354
f 779/551/369 783/567/265 782/565/366 781/551/265
f 780/568/354 784/566/354 782/565/366 783/567/265
f 785/569/370 788/570/371 789/571/372 791/572/373
f 786/573/374 790/574/375 789/571/372 788/570/371
f 787/575/376 791/572/373 789/571/372 790/574/375
f 792/576/377 795/577/378 796/578/379 798/579/380
f 793/580/381 797/581/382 796/578/379 795/577/378
f 794/582/383 798/579/380 796/578/379 797/581/382
s 0
f 799/583/384 803/583/384 804/583/384 807/583/384
s 1
f 800/584/385 805/585/386 804/586/387 803/587/385
f 801/587/388 806/588/389 804/586/387 805/585/386
f 802/589/390 807/590/391 804/586/387 806/588/389
s 0
f 808/583/392 812/583/392 813/583/392 816/583/392
s 1
f 809/591/393 814/592/394 813/593/395 812/594/396
f 810/595/397 815/596/398 813/593/395 814/592/394
f 811/597/399 816/598/399 813/593/395 815/596/398
s 0
f 817/583/400 821/583/400 822/583/400 825/583/400
s 1
f 818/599/401 823/600/402 822/601/403 821/602/404
f 819/603/405 824/604/406 822/601/403 823/600/402
f 820/605/407 825/606/408 822/601/403 824/604/406
s 0
f 826/583/409 830/583/409 831/583/409 834/583/409
s 1
f 827/607/410 832/608/411 831/609/412 830/610/413
f 828/611/414 833/612/415 831/609/412 832/608/411
f 829/613/416 834/614/417 831/609/412 833/612/415
f 835/493/418 838/493/419 839/615/420 841/494/421
f 836/616/422 840/617/423 839/618/420 838/619/419
f 837/620/424 841/492/421 839/618/420 840/617/423
f 842/621/425 845/622/426 846/623/427 848/624/428
f 843/625/429 847/626/430 846/623/427 845/622/426
f 844/627/431 848/465/428 846/465/427 847/627/430
f 849/628/432 852/628/433 853/629/434 855/477/435
f 850/630/436 854/474/437 853/629/434 852/628/433
f 851/631/438 855/477/435 853/629/434 854/474/437
f 856/632/439 859/503/440 860/633/441 862/634/442
f 857/502/443 861/502/444 860/633/441 859/503/440
f 858/635/445 862/634/442 860/633/441 861/502/444
f 863/636/446 866/637/447 867/638/448 869/639/449
f 864/640/450 868/641/451 867/638/448 866/637/447
f 865/642/452 869/639/449 867/638/448 868/641/451
f 870/643/453 873/644/454 874/645/455 876/646/456
f 871/647/457 875/648/458 874/645/455 873/644/454
f 872/649/459 876/646/456 874/645/455 875/648/458
f 877/650/460 880/651/461 881/652/462 883/653/463
f 878/654/464 882/655/465 881/652/462 880/651/461
f 879/656/466 883/653/463 881/652/462 882/655/465
f 884/657/467 887/658/468 888/659/469 890/660/470
f 885/661/471 889/662/472 888/659/469 887/658/468
f 886/663/473 890/660/470 888/659/469 889/662/472
f 891/664/474 894/665/475 895/666/476 897/667/477
f 892/668/478 896/669/479 895/666/476 894/665/475
f 893/670/480 897/667/477 895/666/476 896/669/479
f 898/671/481 901/672/482 902/673/483 904/674/484
f 899/675/485 903/587/486 902/673/483 901/672/482
f 900/676/487 904/674/484 902/673/483 903/587/486
f 905/677/488 908/611/489 909/678/490 911/679/491
f 906/680/492 910/681/493 909/678/490 908/611/489
f 907/682/494 911/679/491 909/678/490 910/681/493
f 912/683/495 915/684/496 916/685/497 918/686/498
f 913/687/499 917/688/500 916/685/497 915/684/496
f 914/689/501 918/686/498 916/685/497 917/688/500
f 919/690/502 922/691/503 923/692/504 925/693/505
f 920/694/506 924/695/507 923/692/504 922/691/503
f 921/696/508 925/693/505 923/692/504 924/695/507
f 926/697/509 929/698/510 930/698/511 932/699/512
f 927/700/513 931/701/514 930/702/511 929/703/510
f 928/704/515 932/705/512 930/702/511 931/701/514
f 933/706/516 936/707/517 937/708/518 939/709/519
f 934/710/520 938/711/521 937/708/518 936/707/517
f 935/712/522 939/713/519 937/714/518 938/715/521
f 940/716/523 943/717/524 944/718/525 946/719/526
f 941/720/527 945/721/528 944/722/525 943/723/524
f 942/724/529 946/606/526 944/722/525 945/721/528
f 971/725/530 974/726/531 975/727/354 977/728/354
f 972/729/532 976/730/354 975/727/354 974/726/531
f 973/731/354 977/728/354 975/727/354 976/730/354
f 978/732/265 981/733/366 982/734/354 984/735/354
f 979/736/366 983/737/354 982/734/354 981/733/366
f 980/738/354 984/735/354 982/734/354 983/737/354
f 985/739/531 988/740/530 989/741/354 991/742/354
f 986/743/533 990/744/354 989/741/354 988/740/530
f 987/745/354 991/742/354 989/741/354 990/744/354
f 992/746/534 995/747/366 996/748/354 998/749/354
f 993/750/531 997/751/354 996/748/354 995/747/366
f 994/752/354 998/749/354 996/748/354 997/751/354
f 999/753/530 1002/754/531 1003/755/354 1005/756/354
f 1000/757/531 1004/757/354 1003/755/354 1002/754/531
f 1001/758/354 1005/756/354 1003/755/354 1004/757/354
f 1006/759/531 1009/760/354 1010/761/354 1012/762/535
f 1007/763/354 1011/733/354 1010/761/354 1009/760/354
f 1008/733/530 1012/762/535 1010/761/354 1011/733/354
f 1013/764/531 1016/765/530 1017/766/354 1019/767/354
f 1014/768/530 1018/768/354 1017/766/354 1016/765/530
f 1015/769/354 1019/767/354 1017/766/354 1018/768/354
f 1020/770/366 1023/771/354 1024/772/354 1026/746/536
f 1021/773/354 1025/747/354 1024/772/354 1023/771/354
f 1022/747/531 1026/746/536 1024/772/354 1025/747/354
f 1027/774/537 1032/775/538 1033/776/539 1037/684/540
f 1028/777/541 1034/778/542 1033/776/539 1032/775/538
f 1029/779/543 1035/684/544 1033/776/539 1034/778/542
f 1030/687/545 1036/687/546 1033/776/539 1035/684/544
f 1031/780/547 1037/684/540 1033/776/539 1036/687/546
f 1038/781/548 1043/665/549 1044/782/550 1048/781/551
f 1039/783/552 1045/784/553 1044/782/550 1043/665/549
f 1040/785/554 1046/786/555 1044/782/550 1045/784/553
f 1041/787/556 1047/665/557 1044/782/550 1046/786/555
f 1042/788/558 1048/781/551 1044/782/550 1047/665/557
f 1049/576/559 1054/789/560 1055/790/561 1059/577/562
f 1050/791/563 1056/577/564 1055/790/561 1054/789/560
f 1051/792/565 1057/793/566 1055/794/561 1056/698/564
f 1052/795/567 1058/796/568 1055/790/561 1057/797/566
f 1053/798/569 1059/577/562 1055/790/561 1058/796/568
f 1060/799/570 1065/800/571 1066/801/572 1070/799/573
f 1061/575/574 1067/802/575 1066/801/572 1065/800/571
f 1062/803/576 1068/804/577 1066/801/572 1067/802/575
f 1063/710/578 1069/707/579 1066/805/572 1068/806/577
f 1064/807/580 1070/706/573 1066/805/572 1069/707/579
f 1095/808/581 1098/809/581 1099/810/354 1101/809/354
f 1096/811/582 1100/811/354 1099/810/354 1098/809/581
f 1097/812/354 1101/809/354 1099/810/354 1100/811/354
f 1102/813/583 1105/814/584 1106/815/354 1108/816/354
f 1103/817/581 1107/818/354 1106/815/354 1105/814/584
f 1104/819/354 1108/816/354 1106/815/354 1107/818/354
f 1109/820/581 1112/821/581 1113/822/354 1115/821/354
f 1110/823/585 1114/823/354 1113/822/354 1112/821/581
f 1111/824/354 1115/821/354 1113/822/354 1114/823/354
f 1116/825/584 1119/826/581 1120/827/354 1122/825/354
f 1117/828/584 1121/829/354 1120/827/354 1119/826/581
f 1118/830/354 1122/825/354 1120/827/354 1121/829/354
f 1123/831/581 1126/832/581 1127/833/354 1129/834/354
f 1124/835/581 1128/835/354 1127/833/354 1126/832/581
f 1125/836/354 1129/834/354 1127/833/354 1128/835/354
f 1130/837/586 1133/838/354 1134/839/354 1136/813/587
f 1131/840/354 1135/814/354 1134/839/354 1133/838/354
f 1132/814/584 1136/813/587 1134/839/354 1135/814/354
f 1137/841/581 1140/842/581 1141/843/354 1143/844/354
f 1138/845/584 1142/845/354 1141/843/354 1140/842/581
f 1139/846/354 1143/844/354 1141/843/354 1142/845/354
f 1144/847/588 1147/848/354 1148/849/354 1150/825/584
f 1145/850/354 1149/826/354 1148/849/354 1147/848/354
f 1146/826/581 1150/825/584 1148/849/354 1149/826/354
f 1151/851/589 1156/643/590 1157/852/591 1161/646/592
f 1152/853/593 1158/646/594 1157/852/591 1156/643/590
f 1153/854/595 1159/855/596 1157/852/591 1158/646/594
f 1154/856/597 1160/857/598 1157/852/591 1159/855/596
f 1155/858/599 1161/646/592 1157/852/591 1160/857/598
f 1162/859/600 1167/639/601 1168/860/602 1172/859/603
f 1163/861/604 1169/862/605 1168/860/602 1167/639/601
f 1164/863/606 1170/864/607 1168/860/602 1169/862/605
f 1165/865/608 1171/639/609 1168/860/602 1170/864/607
f 1166/642/610 1172/859/603 1168/860/602 1171/639/609
f 1173/866/611 1178/867/612 1179/868/613 1183/869/614
f 1174/870/615 1180/871/616 1179/868/613 1178/867/612
f 1175/872/617 1181/662/618 1179/868/613 1180/871/616
f 1176/873/619 1182/874/620 1179/868/613 1181/662/618
f 1177/874/621 1183/869/614 1179/868/613 1182/874/620
f 1184/650/622 1189/875/623 1190/876/624 1194/877/625
f 1185/878/626 1191/879/627 1190/876/624 1189/875/623
f 1186/880/628 1192/651/629 1190/876/624 1191/879/627
f 1187/881/630 1193/881/631 1190/876/624 1192/651/629
f 1188/881/632 1194/877/625 1190/876/624 1193/881/631
f 1195/882/633 1200/883/634 1201/884/635 1205/885/636
s 0
f 1196/583/637 1202/583/637 1201/583/637 1200/583/637
s 1
f 1197/886/638 1203/887/639 1201/884/635 1202/888/638
f 1198/606/640 1204/606/641 1201/884/635 1203/887/639
f 1199/889/642 1205/890/636 1201/890/635 1204/890/641
f 1206/694/643 1211/595/644 1212/891/645 1216/892/646
f 1207/893/647 1213/894/648 1212/891/645 1211/595/644
f 1208/595/649 1214/895/650 1212/891/645 1213/894/648
f 1209/896/651 1215/897/651 1212/891/645 1214/895/650
s 0
f 1210/583/652 1216/583/652 1212/583/652 1215/583/652
s 1
f 1217/675/653 1222/898/654 1223/899/655 1227/587/656
s 0
f 1218/583/657 1224/583/657 1223/583/657 1222/583/657
s 1
f 1219/900/658 1225/901/659 1223/899/655 1224/902/658
f 1220/903/660 1226/904/661 1223/899/655 1225/901/659
f 1221/905/662 1227/587/656 1223/899/655 1226/904/661
f 1228/906/663 1233/611/664 1234/907/665 1238/908/666
f 1229/909/667 1235/910/668 1234/907/665 1233/611/664
f 1230/611/669 1236/911/670 1234/907/665 1235/910/668
f 1231/912/671 1237/913/671 1234/907/665 1236/911/670
s 0
f 1232/583/672 1238/583/672 1234/583/672 1237/583/672
s 1
f 1239/914/673 1242/915/674 1243/916/675 1245/684/676
f 1240/917/677 1244/918/678 1243/916/675 1242/915/674
f 1241/919/679 1245/684/676 1243/916/675 1244/918/678
f 1246/781/680 1249/920/681 1250/921/682 1252/665/683
f 1247/922/684 1251/923/685 1250/921/682 1249/920/681
f 1248/924/686 1252/665/683 1250/921/682 1251/923/685
f 1253/925/687 1256/926/688 1257/927/689 1259/928/690
f 1254/929/691 1258/662/692 1257/927/689 1256/926/688
f 1255/930/693 1259/928/690 1257/927/689 1258/662/692
f 1260/931/694 1263/932/695 1264/933/696 1266/651/697
f 1261/934/698 1265/935/699 1264/933/696 1263/932/695
f 1262/936/700 1266/651/697 1264/933/696 1265/935/699
f 1267/937/701 1270/646/702 1271/938/703 1273/939/704
f 1268/940/705 1272/941/706 1271/938/703 1270/646/702
f 1269/942/707 1273/939/704 1271/938/703 1272/941/706
f 1274/859/708 1277/943/709 1278/944/710 1280/639/711
f 1275/945/712 1279/946/713 1278/944/710 1277/943/709
f 1276/861/714 1280/639/711 1278/944/710 1279/946/713
f 1305/947/715 1308/948/716 1309/949/717 1311/950/718
f 1306/951/719 1310/952/720 1309/949/717 1308/948/716
f 1307/953/721 1311/954/718 1309/955/717 1310/956/720
f 1312/957/722 1315/958/723 1316/959/724 1318/960/725
f 1313/961/726 1317/962/727 1316/959/724 1315/958/723
f 1314/963/728 1318/960/725 1316/959/724 1317/962/727
f 1319/964/729 1322/965/730 1323/966/731 1325/967/732
f 1320/968/733 1324/969/734 1323/966/731 1322/965/730
f 1321/970/735 1325/967/732 1323/966/731 1324/969/734
f 1326/971/736 1329/972/737 1330/973/738 1332/974/739
f 1327/975/740 1331/976/741 1330/977/738 1329/978/737
f 1328/979/742 1332/980/739 1330/981/738 1331/982/741
f 1357/467/743 1360/470/744 1361/983/745 1363/984/746
f 1358/985/747 1362/986/748 1361/983/745 1360/470/744
f 1359/987/749 1363/984/746 1361/983/745 1362/986/748
f 1364/988/750 1367/498/751 1368/989/752 1370/990/753
f 1365/501/754 1369/991/755 1368/989/752 1367/498/751
f 1366/992/756 1370/990/753 1368/989/752 1369/991/755
f 1371/993/757 1374/994/758 1375/995/759 1377/481/760
f 1372/996/761 1376/997/762 1375/995/759 1374/994/758
f 1373/484/763 1377/481/760 1375/995/759 1376/997/762
f 1378/453/764 1381/998/765 1382/999/766 1384/454/767
f 1379/1000/768 1383/1001/769 1382/999/766 1381/998/765
f 1380/1002/770 1384/454/767 1382/999/766 1383/1001/769
f 1188/881/632 878/654/464 880/651/461 1194/877/625
f 1194/877/625 880/651/461 877/650/460 1184/650/622
f 1328/979/742 701/508/322 707/511/325 1332/980/739
f 1332/974/739 707/517/325 703/516/328 1326/971/736
f 912/683/495 1027/774/537 1037/684/540 915/684/496
f 915/684/496 1037/684/540 1031/780/547 913/687/499
f 708/520/329 1306/951/719 1308/948/716 711/521/330
f 711/521/330 1308/948/716 1305/947/715 709/524/333
f 1038/781/548 1246/781/680 1252/665/683 1043/665/549
f 1043/665/549 1252/665/683 1248/924/686 1039/783/552
f 717/536/342 1313/961/726 1315/958/723 721/533/339
f 721/533/339 1315/958/723 1312/957/722 715/530/336
f 1041/787/556 892/668/478 894/665/475 1047/665/557
f 1047/665/557 894/665/475 891/664/474 1042/788/558
f 652/460/273 842/621/425 848/624/428 655/461/274
f 655/465/274 848/465/428 844/627/431 653/464/277
f 722/537/343 1319/964/729 1325/967/732 725/538/344
f 725/538/344 1325/967/732 1321/970/735 723/541/347
f 1241/919/679 1030/687/545 1035/684/544 1245/684/676
f 1245/684/676 1035/684/544 1029/779/543 1239/914/673
f 837/620/424 680/487/301 686/490/304 841/492/421
f 841/494/421 686/494/304 682/493/307 835/493/418
f 836/616/422 884/657/467 890/660/470 840/617/423
f 840/617/423 890/660/470 886/663/473 837/620/424
f 1269/942/707 818/599/401 821/602/404 1273/939/704
f 1273/939/704 821/602/404 817/1003/771 1267/937/701
f 835/493/418 926/697/509 932/699/512 838/493/419
f 838/619/419 932/705/512 928/704/515 836/616/422
f 1253/925/687 1261/934/698 1263/932/695 1256/926/688
f 1256/926/688 1263/932/695 1260/931/694 1254/929/691
f 892/668/478 856/632/439 862/634/442 896/669/479
f 896/669/479 862/634/442 858/635/445 893/670/480
f 1240/917/677 827/607/410 830/610/413 1244/918/678
f 1244/918/678 830/610/413 826/1004/772 1241/919/679
f 729/544/350 757/544/364 763/544/265 732/544/265
f 732/544/265 763/544/265 759/544/367 730/544/352
f 764/547/364 736/547/355 742/547/265 767/547/265
f 767/547/265 742/547/265 738/547/265 765/547/367
f 773/549/369 744/549/265 746/549/265 777/549/265
f 777/549/265 746/549/265 743/549/358 771/549/368
f 778/551/368 750/551/361 756/551/265 781/551/265
f 781/551/265 756/551/265 752/551/363 779/551/369
f 878/654/464 899/675/485 901/672/482 882/655/465
f 882/655/465 901/672/482 898/671/481 879/656/466
f 1239/914/673 1248/924/686 1251/923/685 1242/915/674
f 1242/915/674 1251/923/685 1247/922/684 1240/917/677
f 913/687/499 905/677/488 911/679/491 917/688/500
f 917/688/500 911/679/491 907/682/494 914/689/501
s 0
f 808/583/773 800/583/773 803/583/773 812/583/773
s 1
f 812/594/396 803/587/774 799/1005/774 809/591/393
f 1177/874/621 1255/930/693 1258/662/692 1183/869/614
f 1183/869/614 1258/662/692 1254/929/691 1173/866/611
f 1276/861/714 1163/861/604 1167/639/601 1280/639/711
f 1280/639/711 1167/639/601 1162/859/600 1274/859/708
f 1060/799/570 785/569/370 791/572/373 1065/800/571
f 1065/800/571 791/572/373 787/575/376 1061/575/574
f 1268/940/705 1276/861/714 1279/946/713 1272/941/706
f 1272/941/706 1279/946/713 1275/945/712 1269/942/707
f 809/591/775 1253/925/687 1259/928/690 814/592/776
f 814/592/776 1259/928/690 1255/930/693 810/595/777
f 794/582/383 811/597/778 815/596/779 798/579/380
f 798/579/380 815/596/779 810/595/780 792/576/377
f 793/580/381 787/575/376 790/574/375 797/581/382
f 797/581/382 790/574/375 786/573/374 794/582/383
f 820/605/407 808/1006/781 816/598/781 825/606/408
s 0
f 825/583/782 816/583/782 811/583/782 817/583/782
s 1
f 819/603/783 786/573/374 788/570/371 824/604/784
f 824/604/784 788/570/371 785/569/370 820/605/785
f 802/589/390 1247/922/684 1249/920/681 807/590/391
s 0
f 807/583/786 1249/583/786 1246/583/786 799/583/786
s 1
f 1261/934/698 801/587/787 805/585/788 1265/935/699
f 1265/935/699 805/585/788 800/584/789 1262/936/700
f 829/613/416 1275/945/712 1277/943/709 834/614/417
s 0
f 834/583/790 1277/583/790 1274/583/790 826/583/790
s 1
f 1155/858/599 1268/940/705 1270/646/702 1161/646/592
f 1161/646/592 1270/646/702 1267/937/701 1151/851/589
f 1186/880/628 1260/931/694 1266/651/697 1192/651/629
f 1192/651/629 1266/651/697 1262/936/700 1187/881/630
f 828/611/791 819/603/791 823/600/792 833/612/792
f 833/612/792 823/600/792 818/599/401 829/613/416
f 792/576/377 1049/576/559 1059/577/562 795/577/378
f 795/577/378 1059/577/562 1053/798/569 793/580/381
f 1221/905/662 900/676/487 903/587/486 1227/587/656
f 1227/587/656 903/587/486 899/675/485 1217/675/653
f 668/479/293 849/628/432 855/477/435 672/477/290
f 672/477/290 855/477/435 851/631/438 666/474/287
f 919/690/502 1207/893/647 1211/595/644 922/691/503
f 922/691/503 1211/595/644 1206/694/643 920/694/506
f 933/706/516 1064/807/580 1069/707/579 936/707/517
f 936/707/517 1069/707/579 1063/710/578 934/710/520
f 1175/872/617 886/663/473 889/662/472 1181/662/618
f 1181/662/618 889/662/472 885/661/471 1176/873/619
f 850/630/436 864/640/450 866/637/447 854/474/437
f 854/474/437 866/637/447 863/636/446 851/631/438
f 934/710/520 844/627/431 847/627/430 938/711/521
f 938/715/521 847/626/430 843/625/429 935/712/522
f 906/680/492 865/642/452 868/641/451 910/681/493
f 910/681/493 868/641/451 864/640/450 907/682/494
f 920/694/506 885/661/471 887/658/468 924/695/507
f 924/695/507 887/658/468 884/657/467 921/696/508
f 927/700/513 919/690/502 925/693/505 931/701/514
f 931/701/514 925/693/505 921/696/508 928/704/515
f 801/587/793 828/611/793 832/608/794 806/588/794
f 806/588/794 832/608/794 827/607/410 802/589/390
f 865/642/452 1166/642/610 1171/639/609 869/639/449
f 869/639/449 1171/639/609 1165/865/608 863/636/446
f 940/716/523 933/706/516 939/709/519 943/717/524
f 943/723/524 939/713/519 935/712/522 941/720/527
f 870/643/453 942/724/529 945/721/528 873/644/454
f 873/644/454 945/721/528 941/720/527 871/647/457
f 849/628/432 912/683/495 918/686/498 852/628/433
f 852/628/433 918/686/498 914/689/501 850/630/436
f 879/656/466 858/635/445 861/502/444 883/653/463
f 883/653/463 861/502/444 857/502/443 877/650/460
f 871/647/457 843/625/429 845/622/426 875/648/458
f 875/648/458 845/622/426 842/621/425 872/649/459
f 1199/889/642 940/716/523 946/719/526 1205/890/636
f 1205/885/636 946/606/526 942/724/529 1195/882/633
f 856/632/439 695/506/319 697/503/316 859/503/440
f 859/503/440 697/503/316 694/502/315 857/502/443
f 900/676/487 891/664/474 897/667/477 904/674/484
f 904/674/484 897/667/477 893/670/480 898/671/481
f 1050/791/563 927/700/513 929/703/510 1056/577/564
f 1056/698/564 929/698/510 926/697/509 1051/792/565
f 872/649/459 1153/854/595 1158/646/594 876/646/456
f 876/646/456 1158/646/594 1152/853/593 870/643/453
f 905/677/488 1229/909/667 1233/611/664 908/611/489
f 908/611/489 1233/611/664 1228/906/663 906/680/492
f 1230/611/795 1197/886/795 1202/888/796 1236/911/797
f 1236/911/797 1202/888/796 1196/1007/798 1231/912/798
f 1197/886/799 1210/1008/799 1215/897/800 1203/887/801
f 1203/887/801 1215/897/800 1209/896/802 1198/606/803
f 1208/595/804 1220/903/804 1225/901/805 1214/895/805
f 1214/895/805 1225/901/805 1219/900/806 1209/896/806
s 0
f 1218/583/807 1232/583/807 1237/583/807 1224/583/807
s 1
f 1224/902/808 1237/913/808 1231/912/808 1219/900/808
f 689/501/314 1365/501/754 1367/498/751 693/498/311
f 693/498/311 1367/498/751 1364/988/750 687/495/308
f 1380/1002/770 646/457/270 648/454/267 1384/454/767
f 1384/454/767 648/454/267 645/453/266 1378/453/764
f 1052/795/567 1062/803/576 1067/802/575 1058/796/568
f 1058/796/568 1067/802/575 1061/575/574 1053/798/569
f 1015/769/354 1021/773/354 1023/771/354 1019/767/354
f 1019/767/354 1023/771/354 1020/770/366 1013/764/531
f 1028/777/541 1040/785/554 1045/784/553 1034/778/542
f 1034/778/542 1045/784/553 1039/783/552 1029/779/543
f 1001/758/354 1007/763/354 1009/760/354 1005/756/354
f 1005/756/354 1009/760/354 1006/759/531 999/753/530
f 1013/764/531 986/743/533 988/740/530 1016/765/530
f 1016/765/530 988/740/530 985/739/531 1014/768/530
f 986/743/533 992/746/534 998/749/354 990/744/354
f 990/744/354 998/749/354 994/752/354 987/745/354
f 992/746/534 1020/770/366 1026/746/536 995/747/366
f 995/747/366 1026/746/536 1022/747/531 993/750/531
f 999/753/530 972/729/532 974/726/531 1002/754/531
f 1002/754/531 974/726/531 971/725/530 1000/757/531
f 972/729/532 978/732/265 984/735/354 976/730/354
f 976/730/354 984/735/354 980/738/354 973/731/354
f 978/732/265 1006/759/531 1012/762/535 981/733/366
f 981/733/366 1012/762/535 1008/733/530 979/736/366
f 966/1009/809 968/1010/810 970/1011/811 967/1012/812
f 967/1013/812 970/1014/811 969/1015/813 965/1016/813
f 954/1017/814 956/1018/815 958/1019/816 955/1020/817
f 955/1021/817 958/1022/816 957/1023/818 953/1024/818
f 1198/606/640 1060/799/570 1070/799/573 1204/606/641
f 1204/890/641 1070/706/573 1064/807/580 1199/889/642
f 1049/576/559 1208/595/649 1213/894/648 1054/789/560
f 1054/789/560 1213/894/648 1207/893/647 1050/791/563
f 960/1025/819 1284/1026/820 1286/1027/821 961/1028/822
f 961/1029/822 1286/1030/821 1285/1031/823 959/1032/824
f 1288/1033/825 1290/1034/826 1292/1035/827 1289/1036/828
f 1289/1037/828 1292/1038/827 1291/1039/829 1287/1040/830
f 1030/687/545 1230/611/669 1235/910/668 1036/687/546
f 1036/687/546 1235/910/668 1229/909/667 1031/780/547
f 1220/903/660 1038/781/548 1048/781/551 1226/904/661
f 1226/904/661 1048/781/551 1042/788/558 1221/905/662
f 1072/1041/831 1296/1042/832 1298/1043/833 1073/1044/834
f 1073/1045/834 1298/1046/833 1297/1047/835 1071/1048/835
f 673/480/294 1371/993/757 1377/481/760 676/481/295
f 676/481/295 1377/481/760 1373/484/763 674/484/298
s 0
f 1210/583/836 1177/583/836 1182/583/836 1216/583/836
s 1
f 1216/892/646 1182/874/620 1176/873/619 1206/694/643
f 1173/866/611 1186/880/628 1191/879/627 1178/867/612
f 1178/867/612 1191/879/627 1185/878/626 1174/870/615
f 1187/881/630 1218/1049/837 1222/898/654 1193/881/631
f 1193/881/631 1222/898/654 1217/675/653 1188/881/632
f 1139/846/354 1145/850/354 1147/848/354 1143/844/354
f 1143/844/354 1147/848/354 1144/847/588 1137/841/581
f 1154/856/597 1164/863/606 1169/862/605 1160/857/598
f 1160/857/598 1169/862/605 1163/861/604 1155/858/599
f 1125/836/354 1131/840/354 1133/838/354 1129/834/354
f 1129/834/354 1133/838/354 1130/837/586 1123/831/581
f 1137/841/581 1110/823/585 1112/821/581 1140/842/581
f 1140/842/581 1112/821/581 1109/820/581 1138/845/584
f 1110/823/585 1116/825/584 1122/825/354 1114/823/354
f 1114/823/354 1122/825/354 1118/830/354 1111/824/354
f 1116/825/584 1144/847/588 1150/825/584 1119/826/581
f 1119/826/581 1150/825/584 1146/826/581 1117/828/584
f 1123/831/581 1096/811/582 1098/809/581 1126/832/581
f 1126/832/581 1098/809/581 1095/808/581 1124/835/581
f 1096/811/582 1102/813/583 1108/816/354 1100/811/354
f 1100/811/354 1108/816/354 1104/819/354 1097/812/354
f 1102/813/583 1130/837/586 1136/813/587 1105/814/584
f 1105/814/584 1136/813/587 1132/814/584 1103/817/581
f 1090/1050/838 1092/1051/839 1094/1052/840 1091/1053/841
f 1091/1053/841 1094/1052/840 1093/1054/842 1089/1055/842
f 1078/1056/843 1080/1057/844 1082/1058/845 1079/1059/846
f 1079/1060/846 1082/1061/845 1081/1062/847 1077/1063/847
f 1151/851/589 1196/1007/848 1200/883/634 1156/643/590
f 1156/643/590 1200/883/634 1195/882/633 1152/853/593
s 0
f 1232/583/849 1162/583/849 1172/583/849 1238/583/849
s 1
f 1238/908/666 1172/859/603 1166/642/610 1228/906/663
f 1300/1064/850 1302/1065/851 1304/1066/852 1301/1067/853
f 1301/1067/853 1304/1066/852 1303/1068/854 1299/1069/854
f 661/473/286 1358/985/747 1360/470/744 665/470/283
f 665/470/283 1360/470/744 1357/467/743 659/467/280
f 1296/1042/832 1307/953/721 1310/956/720 1298/1043/833
f 1298/1046/833 1310/952/720 1306/951/719 1297/1047/835
f 1307/953/721 1291/1039/829 1292/1038/827 1311/954/718
f 1311/950/718 1292/1035/827 1290/1034/826 1305/947/715
f 709/524/333 957/1023/818 958/1022/816 713/525/334
f 713/529/334 958/1019/816 956/1018/815 710/526/335
f 1287/1040/830 1314/963/728 1317/962/727 1289/1037/828
f 1289/1036/828 1317/962/727 1313/961/726 1288/1033/825
f 1314/963/728 1300/1064/850 1301/1067/853 1318/960/725
f 1318/960/725 1301/1067/853 1299/1069/854 1312/957/722
f 953/1024/818 717/536/342 720/535/341 955/1021/817
f 955/1020/817 720/535/341 716/534/340 954/1017/814
f 973/731/354 745/550/354 748/549/360 977/728/354
f 977/728/354 748/549/360 744/549/265 971/725/530
f 737/548/354 980/738/354 983/737/354 741/547/357
f 741/547/357 983/737/354 979/736/366 738/547/265
f 959/1032/824 1321/970/735 1324/969/734 961/1029/822
f 961/1028/822 1324/969/734 1320/968/733 960/1025/819
f 723/541/347 969/1015/813 970/1014/811 727/542/348
f 727/542/348 970/1011/811 968/1010/810 724/543/349
f 1327/975/740 1072/1041/831 1073/1044/834 1331/976/741
f 1331/982/741 1073/1045/834 1071/1048/835 1328/979/742
f 1284/1026/820 1327/975/740 1329/978/737 1286/1027/821
f 1286/1030/821 1329/972/737 1326/971/736 1285/1031/823
f 1302/1065/851 1320/968/733 1322/965/730 1304/1066/852
f 1304/1066/852 1322/965/730 1319/964/729 1303/1068/854
f 965/1016/813 703/516/328 706/519/327 967/1013/812
f 967/1012/812 706/513/327 702/512/326 966/1009/809
f 987/745/354 731/546/354 734/544/353 991/742/354
f 991/742/354 734/544/353 730/544/352 985/739/531
f 751/552/354 994/752/354 997/751/354 755/551/362
f 755/551/362 997/751/354 993/750/531 752/551/363
f 1000/757/531 773/549/369 776/564/265 1004/757/354
f 1004/757/354 776/564/265 772/563/354 1001/758/354
f 765/547/367 1008/733/530 1011/733/354 769/559/265
f 769/559/265 1011/733/354 1007/763/354 766/560/354
f 1014/768/530 759/544/367 762/556/265 1018/768/354
f 1018/768/354 762/556/265 758/555/354 1015/769/354
f 779/551/369 1022/747/531 1025/747/354 783/567/265
f 783/567/265 1025/747/354 1021/773/354 780/568/354
f 1040/785/554 696/507/321 699/503/320 1046/786/555
f 1046/786/555 699/503/320 695/506/319 1041/787/556
f 667/478/291 1028/777/541 1032/775/538 671/477/292
f 671/477/292 1032/775/538 1027/774/537 668/479/293
f 1062/803/576 654/466/279 657/461/278 1068/804/577
f 1068/806/577 657/465/278 653/464/277 1063/710/578
f 681/491/305 1052/795/567 1057/797/566 685/492/306
f 685/494/306 1057/793/566 1051/792/565 682/493/307
f 1184/650/622 694/502/315 700/505/318 1189/875/623
f 1189/875/623 700/505/318 696/507/321 1185/878/626
f 666/474/287 1165/865/608 1170/864/607 669/475/288
f 669/475/288 1170/864/607 1164/863/606 667/478/291
f 680/487/301 1175/872/617 1180/871/616 683/488/302
f 683/488/302 1180/871/616 1174/870/615 681/491/305
f 1153/854/595 652/460/273 658/463/276 1159/855/596
f 1159/855/596 658/463/276 654/466/279 1154/856/597
f 701/508/322 1081/1062/847 1082/1061/845 704/509/323
f 704/515/323 1082/1058/845 1080/1057/844 702/512/326
f 1077/1063/847 708/520/329 714/523/332 1079/1060/846
f 1079/1059/846 714/527/332 710/526/335 1078/1056/843
f 1097/812/354 737/548/354 739/547/356 1101/809/354
f 1101/809/354 739/547/356 736/547/355 1095/808/581
f 731/546/354 1104/819/354 1107/818/354 735/544/351
f 735/544/351 1107/818/354 1103/817/581 729/544/350
f 715/530/336 1093/1054/842 1094/1052/840 718/531/337
f 718/531/337 1094/1052/840 1092/1051/839 716/534/340
f 1089/1055/842 722/537/343 728/540/346 1091/1053/841
f 1091/1053/841 728/540/346 724/543/349 1090/1050/838
f 1111/824/354 751/552/354 753/551/354 1115/821/354
f 1115/821/354 753/551/354 750/551/361 1109/820/581
f 745/550/354 1118/830/354 1121/829/354 749/549/359
f 749/549/359 1121/829/354 1117/828/584 743/549/358
f 1124/835/581 764/547/364 770/558/354 1128/835/354
f 1128/835/354 770/558/354 766/560/354 1125/836/354
f 757/544/364 1132/814/584 1135/814/354 760/553/365
f 760/553/365 1135/814/354 1131/840/354 758/555/354
f 1138/845/584 778/551/368 784/566/354 1142/845/354
f 1142/845/354 784/566/354 780/568/354 1139/846/354
f 771/549/368 1146/826/581 1149/826/354 774/561/354
f 774/561/354 1149/826/354 1145/850/354 772/563/354
f 1282/1070/855 962/1071/856 964/1072/857 1283/1073/858
f 1283/1073/858 964/1072/857 963/1074/859 1281/1075/859
f 948/1076/860 950/1077/860 952/1078/861 949/1079/862
f 949/1079/862 952/1078/861 951/1080/863 947/1081/864
f 1294/1082/865 1074/1083/865 1076/1084/866 1295/1085/866
f 1295/1085/866 1076/1084/866 1075/1086/867 1293/1087/867
f 1084/1088/868 1086/1089/868 1088/1090/869 1085/1091/869
f 1085/1091/869 1088/1090/869 1087/1092/870 1083/1093/870
f 1074/1083/865 661/473/286 664/472/285 1076/1084/866
f 1076/1084/866 664/472/285 660/471/284 1075/1086/867
f 659/467/280 951/1080/863 952/1078/861 662/468/281
f 662/468/281 952/1078/861 950/1077/860 660/471/284
f 947/1081/864 689/501/314 692/500/313 949/1079/862
f 949/1079/862 692/500/313 688/499/312 948/1076/860
f 687/495/308 1084/1088/868 1085/1091/869 690/496/309
f 690/496/309 1085/1091/869 1083/1093/870 688/499/312
f 1281/1075/859 675/486/300 678/485/299 1283/1073/858
f 1283/1073/858 678/485/299 674/484/298 1282/1070/855
f 646/457/270 1294/1082/865 1295/1085/866 650/458/271
f 650/458/271 1295/1085/866 1293/1087/867 647/459/272
f 962/1071/856 645/453/266 651/456/269 964/1072/857
f 964/1072/857 651/456/269 647/459/272 963/1074/859
f 1086/1089/868 673/480/294 679/483/297 1088/1090/869
f 1088/1090/869 679/483/297 675/486/300 1087/1092/870
f 1334/1094/871 1336/1095/871 1338/1096/872 1335/1097/872
f 1335/1097/872 1338/1096/872 1337/1098/873 1333/1070/873
f 1340/1081/874 1342/1080/874 1344/1099/875 1341/1100/875
f 1341/1100/875 1344/1099/875 1343/1101/876 1339/1102/876
f 1346/1103/877 1348/1104/877 1350/1105/878 1347/1106/878
f 1347/1106/878 1350/1105/878 1349/1107/879 1345/1108/879
f 1355/1109/880 1351/1110/880 1353/1111/881 1356/1112/881
f 1356/1112/881 1353/1111/881 1352/1089/882 1354/1113/882
f 1348/1104/877 1359/987/749 1362/986/748 1350/1105/878
f 1350/1105/878 1362/986/748 1358/985/747 1349/1107/879
f 1359/987/749 1343/1101/876 1344/1099/875 1363/984/746
f 1363/984/746 1344/1099/875 1342/1080/874 1357/467/743
f 1339/1102/876 1366/992/756 1369/991/755 1341/1100/875
f 1341/1100/875 1369/991/755 1365/501/754 1340/1081/874
f 1366/992/756 1355/1109/880 1356/1112/881 1370/990/753
f 1370/990/753 1356/1112/881 1354/1113/882 1364/988/750
f 1333/1070/873 1373/484/763 1376/997/762 1335/1097/872
f 1335/1097/872 1376/997/762 1372/996/761 1334/1094/871
f 1379/1000/768 1346/1103/877 1347/1106/878 1383/1001/769
f 1383/1001/769 1347/1106/878 1345/1108/879 1380/1002/770
f 1336/1095/871 1379/1000/768 1381/998/765 1338/1096/872
f 1338/1096/872 1381/998/765 1378/453/764 1337/1098/873
f 1351/1110/880 1372/996/761 1374/994/758 1353/1111/881
f 1353/1111/881 1374/994/758 1371/993/757 1352/1089/882
f 962/1071/856 1337/1098/873 1378/453/764 645/453/266
f 647/459/272 1327/975/740 1284/1026/820 963/1074/859
f 646/457/270 1380/1002/770 1345/1108/879 1294/1082/865
f 1293/1087/867 1072/1041/831 1327/975/740 647/459/272
f 1153/854/595 872/649/459 842/621/425 652/460/273
f 653/464/277 844/627/431 934/710/520 1063/710/578
f 654/466/279 758/555/354 1131/840/354 1154/856/597
f 1062/803/576 1015/769/354 758/555/354 654/466/279
f 1074/1083/865 1349/1107/879 1358/985/747 661/473/286
f 950/1077/860 1291/1039/829 1307/953/721 660/471/284
f 660/471/284 1307/953/721 1296/1042/832 1075/1086/867
f 659/467/280 1357/467/743 1342/1080/874 951/1080/863
f 1164/863/606 1125/836/354 766/560/354 667/478/291
f 667/478/291 766/560/354 1007/763/354 1028/777/541
f 666/474/287 851/631/438 863/636/446 1165/865/608
f 1027/774/537 912/683/495 849/628/432 668/479/293
f 1086/1089/868 1352/1089/882 1371/993/757 673/480/294
f 675/486/300 1320/968/733 1302/1065/851 1087/1092/870
f 674/484/298 1373/484/763 1333/1070/873 1282/1070/855
f 1281/1075/859 960/1025/819 1320/968/733 675/486/300
f 680/487/301 837/620/424 886/663/473 1175/872/617
f 681/491/305 780/568/354 1021/773/354 1052/795/567
f 1051/792/565 926/697/509 835/493/418 682/493/307
f 1174/870/615 1139/846/354 780/568/354 681/491/305
f 687/495/308 1364/988/750 1354/1113/882 1084/1088/868
f 947/1081/864 1340/1081/874 1365/501/754 689/501/314
f 1083/1093/870 1300/1064/850 1314/963/728 688/499/312
f 688/499/312 1314/963/728 1287/1040/830 948/1076/860
f 696/507/321 772/563/354 1145/850/354 1185/878/626
f 695/506/319 856/632/439 892/668/478 1041/787/556
f 1040/785/554 1001/758/354 772/563/354 696/507/321
f 1184/650/622 877/650/460 857/502/443 694/502/315
f 1328/979/742 1071/1048/835 1081/1062/847 701/508/322
f 987/745/354 966/1009/809 702/512/326 731/546/354
f 1285/1031/823 1326/971/736 703/516/328 965/1016/813
f 731/546/354 702/512/326 1080/1057/844 1104/819/354
f 1297/1047/835 1306/951/719 708/520/329 1077/1063/847
f 1305/947/715 1290/1034/826 957/1023/818 709/524/333
f 1097/812/354 1078/1056/843 710/526/335 737/548/354
f 737/548/354 710/526/335 956/1018/815 980/738/354
f 1312/957/722 1299/1069/854 1093/1054/842 715/530/336
f 973/731/354 954/1017/814 716/534/340 745/550/354
f 1288/1033/825 1313/961/726 717/536/342 953/1024/818
f 745/550/354 716/534/340 1092/1051/839 1118/830/354
f 1303/1068/854 1319/964/729 722/537/343 1089/1055/842
f 1321/970/735 959/1032/824 969/1015/813 723/541/347
f 1111/824/354 1090/1050/838 724/543/349 751/552/354
f 751/552/354 724/543/349 968/1010/810 994/752/354
f 1014/768/530 985/739/531 730/544/352 759/544/367
f 757/544/364 729/544/350 1103/817/581 1132/814/584
f 1124/835/581 1095/808/581 736/547/355 764/547/364
f 765/547/367 738/547/265 979/736/366 1008/733/530
f 1000/757/531 971/725/530 744/549/265 773/549/369
f 771/549/368 743/549/358 1117/828/584 1146/826/581
f 1138/845/584 1109/820/581 750/551/361 778/551/368
f 779/551/369 752/551/363 993/750/531 1022/747/531
f 1198/606/640 819/603/883 785/569/370 1060/799/570
f 1061/575/574 787/575/376 793/580/381 1053/798/569
f 820/605/884 811/597/778 794/582/383 786/573/374
f 1049/576/559 792/576/377 810/595/780 1208/595/649
f 1220/903/885 801/587/885 805/585/885 800/584/886 809/591/775 814/592/885 810/595/885 1208/595/885
f 1231/912/887 1236/911/887 1230/611/887 828/611/793 801/587/793 1220/903/887 1225/901/887 1219/900/887
f 1187/881/630 1262/936/700 801/587/888 1220/903/888 1225/901/888 1219/900/888 1224/902/888 1218/1049/837
f 1220/903/660 801/587/889 806/588/889 802/589/889 1246/781/680 1038/781/548
f 809/591/775 800/584/886 1261/934/698 1253/925/687
f 1240/917/677 1247/922/684 802/589/390 827/607/410
f 1210/1008/890 1215/897/890 1209/896/890 1214/895/890 1208/595/890 810/595/777 1255/930/693 1177/874/621
f 1209/896/802 1214/895/891 1208/595/891 810/595/891 815/596/891 811/597/778 820/605/884 824/604/891 819/603/891 1198/606/803
f 1197/886/892 1203/887/892 1198/606/892 819/603/791 828/611/791 1230/611/892
f 1151/851/589 1267/937/701 818/599/893 823/600/893 819/603/893 1198/606/893 1203/887/893 1197/886/893 1202/888/893 1196/1007/848
f 1269/942/707 1275/945/712 829/613/416 818/599/401
f 1232/1114/894 1237/913/894 1231/912/894 1236/911/894 1230/611/894 828/611/894 833/612/894 829/613/894 1274/859/708 1162/859/600
f 1030/687/545 1241/919/679 827/607/895 832/608/895 828/611/895 1230/611/669
f 884/657/467 836/616/422 928/704/515 921/696/508
f 941/720/527 935/712/522 843/625/429 871/647/457
f 914/689/501 907/682/494 864/640/450 850/630/436
f 858/635/445 879/656/466 898/671/481 893/670/480
f 1166/642/610 865/642/452 906/680/492 1228/906/663
f 1195/882/633 942/724/529 870/643/453 1152/853/593
f 1217/675/653 899/675/485 878/654/464 1188/881/632
f 1176/873/619 885/661/471 920/694/506 1206/694/643
f 1042/788/558 891/664/474 900/676/487 1221/905/662
f 1229/909/667 905/677/488 913/687/499 1031/780/547
f 1207/893/647 919/690/502 927/700/513 1050/791/563
f 1064/807/580 933/706/516 940/716/523 1199/889/642
f 951/1080/863 1342/1080/874 1340/1081/874 947/1081/864
f 948/1076/860 1287/1040/830 1291/1039/829 950/1077/860
f 973/731/354 980/738/354 956/1018/815 954/1017/814
f 953/1024/818 957/1023/818 1290/1034/826 1288/1033/825
f 963/1074/859 1284/1026/820 960/1025/819 1281/1075/859
f 965/1016/813 969/1015/813 959/1032/824 1285/1031/823
f 1282/1070/855 1333/1070/873 1337/1098/873 962/1071/856
f 987/745/354 994/752/354 968/1010/810 966/1009/809
f 999/753/530 1006/759/531 978/732/265 972/729/532
f 1013/764/531 1020/770/366 992/746/534 986/743/533
f 1040/785/554 1028/777/541 1007/763/354 1001/758/354
f 1062/803/576 1052/795/567 1021/773/354 1015/769/354
f 1039/783/552 1248/924/686 1239/914/673 1029/779/543
f 1075/1086/867 1296/1042/832 1072/1041/831 1293/1087/867
f 1077/1063/847 1081/1062/847 1071/1048/835 1297/1047/835
f 1294/1082/865 1345/1108/879 1349/1107/879 1074/1083/865
f 1097/812/354 1104/819/354 1080/1057/844 1078/1056/843
f 1084/1088/868 1354/1113/882 1352/1089/882 1086/1089/868
f 1087/1092/870 1302/1065/851 1300/1064/850 1083/1093/870
f 1111/824/354 1118/830/354 1092/1051/839 1090/1050/838
f 1089/1055/842 1093/1054/842 1299/1069/854 1303/1068/854
f 1123/831/581 1130/837/586 1102/813/583 1096/811/582
f 1137/841/581 1144/847/588 1116/825/584 1110/823/585
f 1164/863/606 1154/856/597 1131/840/354 1125/836/354
f 1174/870/615 1185/878/626 1145/850/354 1139/846/354
f 1163/861/604 1276/861/714 1268/940/705 1155/858/599
f 1173/866/611 1254/929/691 1260/931/694 1186/880/628
f 1197/886/354 1231/912/354 1219/900/354 1209/896/354
f 642/449/265 1334/1094/871 1372/996/761 1351/1110/880
f 642/449/265 643/452/265 1336/1095/871 1334/1094/871
f 1346/1103/877 1379/1000/768 1336/1095/871 643/452/265
f 1339/1102/876 641/450/265 1355/1109/880 1366/992/756
f 1339/1102/876 1343/1101/876 644/451/265 641/450/265
f 1359/987/749 1348/1104/877 644/451/265 1343/1101/876
f 643/452/265 644/451/265 1348/1104/877 1346/1103/877
f 1351/1110/880 1355/1109/880 641/450/265 642/449/265
o Cube.019
v -287.946472 112.695244 -24.582451
v -287.946472 100.280434 -24.582451
v -287.946472 112.695244 -49.493042
v -287.946472 100.280434 -49.493042
v -282.331482 112.695244 -24.582451
v -282.331482 100.280434 -24.582451
v -282.331482 112.695244 -49.493042
v -282.331482 100.280434 -49.493042
v -287.946472 112.695244 -45.116856
v -287.946472 112.695244 -40.134739
v -287.946472 112.695244 -35.152622
v -287.946472 112.695244 -30.170502
v -287.946472 100.280434 -30.170502
v -287.946472 100.280434 -35.152622
v -287.946472 100.280434 -40.134739
v -287.946472 100.280434 -45.116856
v -282.331482 112.695244 -30.170502
v -282.331482 112.695244 -35.152622
v -282.331482 112.695244 -40.134739
v -282.331482 112.695244 -45.116856
v -282.331482 100.280434 -45.116856
v -282.331482 100.280434 -40.134739
v -282.331482 100.280434 -35.152622
v -282.331482 100.280434 -30.170502
v -287.946472 111.143387 -24.582451
v -287.946472 109.591537 -24.582451
v -287.946472 108.039688 -24.582451
v -287.946472 106.487839 -24.582451
v -287.946472 104.935989 -24.582451
v -287.946472 103.384140 -24.582451
v -287.946472 101.832291 -24.582451
v -287.946472 101.832291 -49.493042
v -287.946472 103.384140 -49.493042
v -287.946472 104.935989 -49.493042
v -287.946472 106.487839 -49.493042
v -287.946472 108.039688 -49.493042
v -287.946472 109.591537 -49.493042
v -287.946472 111.143387 -49.493042
v -282.331482 101.832291 -49.493042
v -282.331482 103.384140 -49.493042
v -282.331482 104.935989 -49.493042
v -282.331482 106.487839 -49.493042
v -282.331482 108.039688 -49.493042
v -282.331482 109.591537 -49.493042
v -282.331482 111.143387 -49.493042
v -282.331482 101.832291 -24.582451
v -282.331482 103.384140 -24.582451
v -282.331482 104.935989 -24.582451
v -282.331482 106.487839 -24.582451
v -282.331482 108.039688 -24.582451
v -282.331482 109.591537 -24.582451
v -282.331482 111.143387 -24.582451
v -282.331482 101.832291 -45.116856
v -282.331482 103.384140 -45.116856
v -282.331482 104.935989 -45.116856
v -282.331482 106.487839 -45.116856
v -282.331482 108.039688 -45.116856
v -282.331482 109.591537 -45.116856
v -282.331482 111.143387 -45.116856
v -282.331482 101.832291 -40.134739
v -282.331482 103.384140 -40.134739
v -282.331482 104.935989 -40.134739
v -282.331482 106.487839 -40.134739
v -282.331482 108.039688 -40.134739
v -282.331482 109.591537 -40.134739
v -282.331482 111.143387 -40.134739
v -282.331482 101.832291 -35.152622
v -282.331482 103.384140 -35.152622
v -282.331482 104.935989 -35.152622
v -282.331482 106.487839 -35.152622
v -282.331482 108.039688 -35.152622
v -282.331482 109.591537 -35.152622
v -282.331482 111.143387 -35.152622
v -282.331482 101.832291 -30.170502
v -282.331482 103.384140 -30.170502
v -282.331482 104.935989 -30.170502
v -282.331482 106.487839 -30.170502
v -282.331482 108.039688 -30.170502
v -282.331482 109.591537 -30.170502
v -282.331482 111.143387 -30.170502
v -287.946472 101.832291 -30.170502
v -287.946472 103.384140 -30.170502
v -287.946472 104.935989 -30.170502
v -287.946472 106.487839 -30.170502
v -287.946472 108.039688 -30.170502
v -287.946472 109.591537 -30.170502
v -287.946472 111.143387 -30.170502
v -287.946472 101.832291 -35.152622
v -287.946472 103.384140 -35.152622
v -287.946472 104.935989 -35.152622
v -287.946472 106.487839 -35.152622
v -287.946472 108.039688 -35.152622
v -287.946472 109.591537 -35.152622
v -287.946472 111.143387 -35.152622
v -287.946472 101.832291 -40.134739
v -287.946472 103.384140 -40.134739
v -287.946472 104.935989 -40.134739
v -287.946472 106.487839 -40.134739
v -287.946472 108.039688 -40.134739
v -287.946472 109.591537 -40.134739
v -287.946472 111.143387 -40.134739
v -287.946472 101.832291 -45.116856
v -287.946472 103.384140 -45.116856
v -287.946472 104.935989 -45.116856
v -287.946472 106.487839 -45.116856
v -287.946472 108.039688 -45.116856
v -287.946472 109.591537 -45.116856
v -287.946472 111.143387 -45.116856
vn -1.0000 -0.0000 -0.0000
vn -0.0000 -0.0000 -1.0000
vn 1.0000 -0.0000 -0.0000
vn -0.0000 -0.0000 1.0000
vn -0.0000 1.0000 -0.0000
vn -0.0000 -1.0000 -0.0000
vt 0.591368 0.204627
vt 0.622801 0.205065
vt 0.623165 0.248752
vt 0.591835 0.248207
vt 0.114594 0.155344
vt 0.114594 0.153845
vt 0.111543 0.153845
vt 0.111543 0.155344
vt 0.087716 0.264488
vt 0.087716 0.247422
vt 0.053149 0.247422
vt 0.053149 0.264488
vt 0.111543 0.153845
vt 0.114594 0.153845
vt 0.125000 0.693919
vt 0.375000 0.693919
vt 0.375000 0.750000
vt 0.125000 0.750000
vt 0.625000 0.693919
vt 0.875000 0.693919
vt 0.875000 0.750000
vt 0.625000 0.750000
vt 0.625000 0.500000
vt 0.875000 0.500000
vt 0.875000 0.543919
vt 0.625000 0.543919
vt 0.875000 0.593919
vt 0.625000 0.593919
vt 0.875000 0.643919
vt 0.625000 0.643919
vt 0.125000 0.500000
vt 0.375000 0.500000
vt 0.375000 0.543919
vt 0.125000 0.543919
vt 0.375000 0.593919
vt 0.125000 0.593919
vt 0.375000 0.643919
vt 0.125000 0.643919
vt 0.207244 0.264488
vt 0.207244 0.247422
vt 0.180173 0.247422
vt 0.180173 0.264488
vt 0.149354 0.247422
vt 0.149354 0.264488
vt 0.118535 0.247422
vt 0.118535 0.264488
vt 0.589178 0.000141
vt 0.621095 0.000076
vt 0.621559 0.055860
vt 0.589774 0.055788
vt 0.621973 0.105595
vt 0.590306 0.105401
vt 0.622387 0.155330
vt 0.590837 0.155014
vt 0.369984 0.152804
vt 0.401534 0.153119
vt 0.402770 0.202001
vt 0.371336 0.201563
vt 0.433084 0.153435
vt 0.434203 0.202438
vt 0.464635 0.153751
vt 0.465636 0.202876
vt 0.496185 0.154067
vt 0.497069 0.203314
vt 0.527736 0.154383
vt 0.528502 0.203752
vt 0.559286 0.154698
vt 0.559935 0.204190
vt 0.368631 0.104044
vt 0.400299 0.104238
vt 0.431966 0.104432
vt 0.463634 0.104626
vt 0.495302 0.104820
vt 0.526970 0.105013
vt 0.558638 0.105207
vt 0.367278 0.055285
vt 0.399063 0.055357
vt 0.430848 0.055429
vt 0.462633 0.055501
vt 0.494419 0.055572
vt 0.526204 0.055644
vt 0.557989 0.055716
vt 0.365760 0.000596
vt 0.397677 0.000531
vt 0.429594 0.000466
vt 0.461511 0.000401
vt 0.493428 0.000336
vt 0.525345 0.000271
vt 0.557261 0.000206
vt 0.118535 0.383950
vt 0.118535 0.366884
vt 0.087716 0.366884
vt 0.087716 0.383950
vt 0.118535 0.349818
vt 0.087716 0.349818
vt 0.118535 0.332752
vt 0.087716 0.332752
vt 0.118535 0.315686
vt 0.087716 0.315686
vt 0.118535 0.298620
vt 0.087716 0.298620
vt 0.118535 0.281554
vt 0.087716 0.281554
vt 0.149354 0.383950
vt 0.149354 0.366884
vt 0.149354 0.349818
vt 0.149354 0.332752
vt 0.149354 0.315686
vt 0.149354 0.298620
vt 0.149354 0.281554
vt 0.180173 0.383950
vt 0.180173 0.366884
vt 0.180173 0.349818
vt 0.180173 0.332752
vt 0.180173 0.315686
vt 0.180173 0.298620
vt 0.180173 0.281554
vt 0.207244 0.383950
vt 0.207244 0.366884
vt 0.207244 0.349818
vt 0.207244 0.332752
vt 0.207244 0.315686
vt 0.207244 0.298620
vt 0.207244 0.281554
vt 0.111543 0.165840
vt 0.111543 0.164341
vt 0.114594 0.164341
vt 0.114594 0.165840
vt 0.111543 0.162841
vt 0.114594 0.162841
vt 0.084036 0.168109
vt 0.081929 0.168109
vt 0.081929 0.138138
vt 0.084036 0.138138
vt 0.111543 0.161342
vt 0.111543 0.159842
vt 0.114594 0.159842
vt 0.114594 0.161342
vt 0.111543 0.158343
vt 0.114594 0.158343
vt 0.111543 0.156844
vt 0.114594 0.156844
vt 0.053149 0.366884
vt 0.053149 0.383950
vt 0.053149 0.349818
vt 0.053149 0.332752
vt 0.053149 0.315686
vt 0.053149 0.298620
vt 0.053149 0.281554
vt 0.114594 0.162841
vt 0.111543 0.162841
vt 0.403855 0.244937
vt 0.372525 0.244392
vt 0.435185 0.245482
vt 0.466515 0.246027
vt 0.497845 0.246572
vt 0.529175 0.247117
vt 0.560505 0.247662
s 0
usemtl Material.017
f 1486/1115/896 1416/1118/896 1388/1117/896 1400/1116/896
f 1416/1119/897 1423/1122/897 1392/1121/897 1388/1120/897
f 1458/1123/898 1430/1126/898 1390/1125/898 1408/1124/898
f 1430/1122/899 1415/1119/899 1386/1128/899 1390/1127/899
f 1396/1129/900 1385/1132/900 1389/1131/900 1401/1130/900
f 1408/1133/901 1390/1136/901 1386/1135/901 1397/1134/901
f 1392/1137/901 1405/1140/901 1400/1139/901 1388/1138/901
f 1405/1140/901 1406/1142/901 1399/1141/901 1400/1139/901
f 1406/1142/901 1407/1144/901 1398/1143/901 1399/1141/901
f 1407/1144/901 1408/1133/901 1397/1134/901 1398/1143/901
f 1387/1145/900 1393/1148/900 1404/1147/900 1391/1146/900
f 1393/1148/900 1394/1150/900 1403/1149/900 1404/1147/900
f 1394/1150/900 1395/1152/900 1402/1151/900 1403/1149/900
f 1395/1152/900 1396/1129/900 1401/1130/900 1402/1151/900
f 1423/1153/898 1437/1156/898 1405/1155/898 1392/1154/898
f 1437/1156/898 1444/1158/898 1406/1157/898 1405/1155/898
f 1444/1158/898 1451/1160/898 1407/1159/898 1406/1157/898
f 1451/1160/898 1458/1123/898 1408/1124/898 1407/1159/898
f 1415/1161/896 1465/1164/896 1397/1163/896 1386/1162/896
f 1465/1164/896 1472/1166/896 1398/1165/896 1397/1163/896
f 1472/1166/896 1479/1168/896 1399/1167/896 1398/1165/896
f 1479/1168/896 1486/1115/896 1400/1116/896 1399/1167/896
f 1394/1169/896 1393/1172/896 1492/1171/896 1485/1170/896
f 1485/1170/896 1492/1171/896 1491/1174/896 1484/1173/896
f 1484/1173/896 1491/1174/896 1490/1176/896 1483/1175/896
f 1483/1175/896 1490/1176/896 1489/1178/896 1482/1177/896
f 1482/1177/896 1489/1178/896 1488/1180/896 1481/1179/896
f 1481/1179/896 1488/1180/896 1487/1182/896 1480/1181/896
f 1480/1181/896 1487/1182/896 1486/1115/896 1479/1168/896
f 1395/1183/896 1394/1169/896 1485/1170/896 1478/1184/896
f 1478/1184/896 1485/1170/896 1484/1173/896 1477/1185/896
f 1477/1185/896 1484/1173/896 1483/1175/896 1476/1186/896
f 1476/1186/896 1483/1175/896 1482/1177/896 1475/1187/896
f 1475/1187/896 1482/1177/896 1481/1179/896 1474/1188/896
f 1474/1188/896 1481/1179/896 1480/1181/896 1473/1189/896
f 1473/1189/896 1480/1181/896 1479/1168/896 1472/1166/896
f 1396/1190/896 1395/1183/896 1478/1184/896 1471/1191/896
f 1471/1191/896 1478/1184/896 1477/1185/896 1470/1192/896
f 1470/1192/896 1477/1185/896 1476/1186/896 1469/1193/896
f 1469/1193/896 1476/1186/896 1475/1187/896 1468/1194/896
f 1468/1194/896 1475/1187/896 1474/1188/896 1467/1195/896
f 1467/1195/896 1474/1188/896 1473/1189/896 1466/1196/896
f 1466/1196/896 1473/1189/896 1472/1166/896 1465/1164/896
f 1385/1197/896 1396/1190/896 1471/1191/896 1409/1198/896
f 1409/1198/896 1471/1191/896 1470/1192/896 1410/1199/896
f 1410/1199/896 1470/1192/896 1469/1193/896 1411/1200/896
f 1411/1200/896 1469/1193/896 1468/1194/896 1412/1201/896
f 1412/1201/896 1468/1194/896 1467/1195/896 1413/1202/896
f 1413/1202/896 1467/1195/896 1466/1196/896 1414/1203/896
f 1414/1203/896 1466/1196/896 1465/1164/896 1415/1161/896
f 1402/1204/898 1401/1207/898 1464/1206/898 1457/1205/898
f 1457/1205/898 1464/1206/898 1463/1209/898 1456/1208/898
f 1456/1208/898 1463/1209/898 1462/1211/898 1455/1210/898
f 1455/1210/898 1462/1211/898 1461/1213/898 1454/1212/898
f 1454/1212/898 1461/1213/898 1460/1215/898 1453/1214/898
f 1453/1214/898 1460/1215/898 1459/1217/898 1452/1216/898
f 1452/1216/898 1459/1217/898 1458/1123/898 1451/1160/898
f 1403/1218/898 1402/1204/898 1457/1205/898 1450/1219/898
f 1450/1219/898 1457/1205/898 1456/1208/898 1449/1220/898
f 1449/1220/898 1456/1208/898 1455/1210/898 1448/1221/898
f 1448/1221/898 1455/1210/898 1454/1212/898 1447/1222/898
f 1447/1222/898 1454/1212/898 1453/1214/898 1446/1223/898
f 1446/1223/898 1453/1214/898 1452/1216/898 1445/1224/898
f 1445/1224/898 1452/1216/898 1451/1160/898 1444/1158/898
f 1404/1225/898 1403/1218/898 1450/1219/898 1443/1226/898
f 1443/1226/898 1450/1219/898 1449/1220/898 1442/1227/898
f 1442/1227/898 1449/1220/898 1448/1221/898 1441/1228/898
f 1441/1228/898 1448/1221/898 1447/1222/898 1440/1229/898
f 1440/1229/898 1447/1222/898 1446/1223/898 1439/1230/898
f 1439/1230/898 1446/1223/898 1445/1224/898 1438/1231/898
f 1438/1231/898 1445/1224/898 1444/1158/898 1437/1156/898
f 1391/1232/898 1404/1225/898 1443/1226/898 1429/1233/898
f 1429/1233/898 1443/1226/898 1442/1227/898 1428/1234/898
f 1428/1234/898 1442/1227/898 1441/1228/898 1427/1235/898
f 1427/1235/898 1441/1228/898 1440/1229/898 1426/1236/898
f 1426/1236/898 1440/1229/898 1439/1230/898 1425/1237/898
f 1425/1237/898 1439/1230/898 1438/1231/898 1424/1238/898
f 1424/1238/898 1438/1231/898 1437/1156/898 1423/1153/898
f 1389/1239/899 1385/1242/899 1409/1241/899 1436/1240/899
f 1436/1240/899 1409/1241/899 1410/1244/899 1435/1243/899
f 1435/1245/899 1410/1248/899 1411/1247/899 1434/1246/899
f 1434/1249/899 1411/1252/899 1412/1251/899 1433/1250/899
f 1433/1250/899 1412/1251/899 1413/1254/899 1432/1253/899
f 1432/1253/899 1413/1254/899 1414/1256/899 1431/1255/899
f 1431/1255/899 1414/1256/899 1415/1119/899 1430/1122/899
f 1401/1207/898 1389/1258/898 1436/1257/898 1464/1206/898
f 1464/1206/898 1436/1257/898 1435/1259/898 1463/1209/898
f 1463/1209/898 1435/1259/898 1434/1260/898 1462/1211/898
f 1462/1211/898 1434/1260/898 1433/1261/898 1461/1213/898
f 1461/1213/898 1433/1261/898 1432/1262/898 1460/1215/898
f 1460/1215/898 1432/1262/898 1431/1263/898 1459/1217/898
f 1459/1217/898 1431/1263/898 1430/1126/898 1458/1123/898
f 1387/1242/897 1391/1239/897 1429/1240/897 1422/1241/897
f 1422/1241/897 1429/1240/897 1428/1265/897 1421/1264/897
f 1421/1264/897 1428/1265/897 1427/1249/897 1420/1252/897
f 1420/1252/897 1427/1249/897 1426/1250/897 1419/1251/897
f 1419/1251/897 1426/1250/897 1425/1253/897 1418/1254/897
f 1418/1254/897 1425/1253/897 1424/1255/897 1417/1256/897
f 1417/1256/897 1424/1255/897 1423/1122/897 1416/1119/897
f 1393/1172/896 1387/1267/896 1422/1266/896 1492/1171/896
f 1492/1171/896 1422/1266/896 1421/1268/896 1491/1174/896
f 1491/1174/896 1421/1268/896 1420/1269/896 1490/1176/896
f 1490/1176/896 1420/1269/896 1419/1270/896 1489/1178/896
f 1489/1178/896 1419/1270/896 1418/1271/896 1488/1180/896
f 1488/1180/896 1418/1271/896 1417/1272/896 1487/1182/896
f 1487/1182/896 1417/1272/896 1416/1118/896 1486/1115/896
o Cube.020
v -287.190369 112.662498 -23.404434
v -287.190369 113.208580 -23.404434
v -287.190369 112.662498 -51.230827
v -287.190369 113.208580 -51.230827
v -282.022644 112.662498 -23.404434
v -282.022644 113.208580 -23.404434
v -282.022644 112.662498 -51.230827
v -282.022644 113.208580 -51.230827
vn -1.0000 -0.0000 -0.0000
vn -0.0000 -0.0000 -1.0000
vn 1.0000 -0.0000 -0.0000
vn -0.0000 -0.0000 1.0000
vn -0.0000 -1.0000 -0.0000
vn -0.0000 1.0000 -0.0000
vt 0.375000 0.000000
vt 0.625000 0.000000
vt 0.625000 0.250000
vt 0.375000 0.250000
vt 0.093967 0.792281
vt 0.093967 0.792270
vt 0.093954 0.792303
vt 0.093954 0.792315
vt 0.080799 0.798589
vt 0.080800 0.798262
vt 0.089758 0.797896
vt 0.089758 0.798203
vt 0.094308 0.792300
vt 0.094308 0.792288
vt 0.094273 0.792259
vt 0.094273 0.792269
s 0
usemtl Material.017
f 1493/1273/902 1494/1274/902 1496/1275/902 1495/1276/902
f 1495/1277/903 1496/1278/903 1500/1279/903 1499/1280/903
f 1499/1281/904 1500/1282/904 1498/1283/904 1497/1284/904
f 1497/1285/905 1498/1286/905 1494/1287/905 1493/1288/905
f 1495/1277/906 1499/1280/906 1497/1285/906 1493/1288/906
f 1500/1279/907 1496/1278/907 1494/1287/907 1498/1286/907
o Plane.004
v -293.771851 100.204163 -23.023170
v -287.279541 100.204163 -23.023170
v -293.771851 100.204163 -68.469345
v -287.279541 100.204163 -68.469345
v -280.846039 100.204163 -23.023170
v -280.846039 100.204163 -68.469345
v -287.338348 133.169601 -68.469345
v -287.338348 133.169601 -23.023170
v -293.771851 127.577385 -68.469345
v -293.771851 127.577385 -23.023170
v -281.483368 127.577385 -68.469345
v -281.483368 127.577385 -23.023170
v -287.338348 105.599182 -68.469345
v -287.338348 105.599182 -23.023170
v -293.771851 105.599182 -68.469345
v -293.771851 105.599182 -23.023170
v -281.884216 100.204163 -23.023170
v -287.338348 105.599182 -23.023170
v -292.792480 100.204163 -23.023170
v -282.418793 100.230141 -23.023170
v -282.948242 100.307823 -23.023170
v -283.467468 100.436470 -23.023170
v -283.971405 100.614838 -23.023170
v -284.455261 100.841202 -23.023170
v -284.914368 101.113388 -23.023170
v -285.344269 101.428772 -23.023170
v -285.740875 101.784325 -23.023170
v -286.100311 102.176620 -23.023170
v -286.419159 102.601868 -23.023170
v -286.694336 103.055984 -23.023170
v -286.923157 103.534599 -23.023170
v -287.103485 104.033089 -23.023170
v -287.233551 104.546661 -23.023170
v -287.312073 105.070374 -23.023170
v -287.338348 105.599182 -68.469345
v -281.884216 100.204163 -68.469345
v -292.792480 100.204163 -68.469345
v -287.312073 105.070374 -68.469345
v -287.233551 104.546661 -68.469345
v -287.103485 104.033089 -68.469345
v -286.923157 103.534599 -68.469345
v -286.694336 103.055984 -68.469345
v -286.419159 102.601868 -68.469345
v -286.100311 102.176620 -68.469345
v -285.740875 101.784325 -68.469345
v -285.344269 101.428772 -68.469345
v -284.914368 101.113388 -68.469345
v -284.455261 100.841202 -68.469345
v -283.971405 100.614838 -68.469345
v -283.467468 100.436470 -68.469345
v -282.948242 100.307823 -68.469345
v -282.418793 100.230141 -68.469345
v -293.771851 130.733917 -68.469345
v -291.336182 133.169601 -68.469345
v -293.760132 130.972656 -68.469345
v -293.725037 131.209091 -68.469345
v -293.666962 131.440964 -68.469345
v -293.586456 131.666016 -68.469345
v -293.484253 131.882095 -68.469345
v -293.361359 132.087112 -68.469345
v -293.218964 132.279099 -68.469345
v -293.058441 132.456207 -68.469345
v -292.881348 132.616730 -68.469345
v -292.689362 132.759109 -68.469345
v -292.484344 132.882004 -68.469345
v -292.268250 132.984192 -68.469345
v -292.043213 133.064728 -68.469345
v -291.811340 133.122803 -68.469345
v -291.574921 133.157867 -68.469345
v -291.336182 133.169601 -23.023170
v -293.771851 130.733917 -23.023170
v -291.574921 133.157867 -23.023170
v -291.811340 133.122803 -23.023170
v -292.043213 133.064728 -23.023170
v -292.268250 132.984192 -23.023170
v -292.484344 132.882004 -23.023170
v -292.689362 132.759109 -23.023170
v -292.881348 132.616730 -23.023170
v -293.058441 132.456207 -23.023170
v -293.218964 132.279099 -23.023170
v -293.361359 132.087112 -23.023170
v -293.484253 131.882095 -23.023170
v -293.586456 131.666016 -23.023170
v -293.666962 131.440964 -23.023170
v -293.725037 131.209091 -23.023170
v -293.760132 130.972656 -23.023170
v -287.152008 127.577385 -68.469345
v -287.338348 127.391037 -68.469345
v -287.524689 127.577385 -68.469345
v -287.338348 127.763733 -68.469345
v -287.176331 127.575790 -68.469345
v -287.200226 127.571037 -68.469345
v -287.223297 127.563202 -68.469345
v -287.245178 127.552422 -68.469345
v -287.265442 127.538879 -68.469345
v -287.283752 127.522804 -68.469345
v -287.299835 127.504478 -68.469345
v -287.313385 127.484207 -68.469345
v -287.324158 127.462349 -68.469345
v -287.332001 127.439270 -68.469345
v -287.336761 127.415359 -68.469345
v -287.338348 127.391037 -23.023170
v -287.152008 127.577385 -23.023170
v -287.338348 127.763733 -23.023170
v -287.336761 127.415359 -23.023170
v -287.332001 127.439270 -23.023170
v -287.324158 127.462349 -23.023170
v -287.313385 127.484207 -23.023170
v -287.299835 127.504478 -23.023170
v -287.283752 127.522804 -23.023170
v -287.265442 127.538879 -23.023170
v -287.245178 127.552422 -23.023170
v -287.223297 127.563202 -23.023170
v -287.200226 127.571037 -23.023170
v -287.176331 127.575790 -23.023170
v -282.630249 133.169601 -68.469345
v -281.483368 132.022736 -68.469345
v -282.467041 133.157928 -68.469345
v -282.307129 133.123138 -68.469345
v -282.153809 133.065964 -68.469345
v -282.010193 132.987549 -68.469345
v -281.879211 132.889481 -68.469345
v -281.763489 132.773773 -68.469345
v -281.665436 132.642776 -68.469345
v -281.587006 132.499161 -68.469345
v -281.529816 132.345840 -68.469345
v -281.495056 132.185944 -68.469345
v -281.483368 132.022736 -23.023170
v -282.630249 133.169601 -23.023170
v -281.495056 132.185944 -23.023170
v -281.529816 132.345840 -23.023170
v -281.587006 132.499161 -23.023170
v -281.665436 132.642776 -23.023170
v -281.763489 132.773773 -23.023170
v -281.879211 132.889481 -23.023170
v -282.010193 132.987549 -23.023170
v -282.153809 133.065964 -23.023170
v -282.307129 133.123138 -23.023170
v -282.467041 133.157928 -23.023170
v -293.771851 100.204163 -55.749096
v -293.771851 100.204163 -40.600372
v -287.279541 100.204163 -40.600372
v -287.279541 100.204163 -55.749096
v -280.846039 100.204163 -40.600372
v -280.846039 100.204163 -55.749096
v -287.338348 133.169601 -55.749096
v -287.338348 133.169601 -40.600372
v -293.771851 127.577385 -40.600372
v -293.771851 127.577385 -55.749096
v -281.483368 127.577385 -55.749096
v -281.483368 127.577385 -40.600372
v -287.338348 105.599182 -55.749096
v -287.338348 105.599182 -40.600372
v -293.771851 105.599182 -40.600372
v -293.771851 105.599182 -55.749096
v -287.338348 105.599182 -55.749096
v -287.338348 105.599182 -40.600372
v -287.312073 105.070374 -40.600372
v -287.312073 105.070374 -55.749096
v -287.233551 104.546661 -40.600372
v -287.233551 104.546661 -55.749096
v -287.103485 104.033089 -40.600372
v -287.103485 104.033089 -55.749096
v -286.923157 103.534599 -40.600372
v -286.923157 103.534599 -55.749096
v -286.694336 103.055984 -40.600372
v -286.694336 103.055984 -55.749096
v -286.419159 102.601868 -40.600372
v -286.419159 102.601868 -55.749096
v -286.100311 102.176620 -40.600372
v -286.100311 102.176620 -55.749096
v -285.740875 101.784325 -40.600372
v -285.740875 101.784325 -55.749096
v -285.344269 101.428772 -40.600372
v -285.344269 101.428772 -55.749096
v -284.914368 101.113388 -40.600372
v -284.914368 101.113388 -55.749096
v -284.455261 100.841202 -40.600372
v -284.455261 100.841202 -55.749096
v -283.971405 100.614838 -40.600372
v -283.971405 100.614838 -55.749096
v -283.467468 100.436470 -40.600372
v -283.467468 100.436470 -55.749096
v -282.948242 100.307823 -40.600372
v -282.948242 100.307823 -55.749096
v -282.418793 100.230141 -40.600372
v -282.418793 100.230141 -55.749096
v -281.884216 100.204163 -40.600372
v -281.884216 100.204163 -55.749096
v -293.771851 130.733917 -55.749096
v -293.771851 130.733917 -40.600372
v -293.760132 130.972656 -40.600372
v -293.760132 130.972656 -55.749096
v -293.725037 131.209091 -40.600372
v -293.725037 131.209091 -55.749096
v -293.666962 131.440964 -40.600372
v -293.666962 131.440964 -55.749096
v -293.586456 131.666016 -40.600372
v -293.586456 131.666016 -55.749096
v -293.484253 131.882095 -40.600372
v -293.484253 131.882095 -55.749096
v -293.361359 132.087112 -40.600372
v -293.361359 132.087112 -55.749096
v -293.218964 132.279099 -40.600372
v -293.218964 132.279099 -55.749096
v -293.058441 132.456207 -40.600372
v -293.058441 132.456207 -55.749096
v -292.881348 132.616730 -40.600372
v -292.881348 132.616730 -55.749096
v -292.689362 132.759109 -40.600372
v -292.689362 132.759109 -55.749096
v -292.484344 132.882004 -40.600372
v -292.484344 132.882004 -55.749096
v -292.268250 132.984192 -40.600372
v -292.268250 132.984192 -55.749096
v -292.043213 133.064728 -40.600372
v -292.043213 133.064728 -55.749096
v -291.811340 133.122803 -40.600372
v -291.811340 133.122803 -55.749096
v -291.574921 133.157867 -40.600372
v -291.574921 133.157867 -55.749096
v -291.336182 133.169601 -40.600372
v -291.336182 133.169601 -55.749096
v -287.152008 127.577385 -55.749096
v -287.152008 127.577385 -40.600372
v -287.176331 127.575790 -40.600372
v -287.176331 127.575790 -55.749096
v -287.200226 127.571037 -40.600372
v -287.200226 127.571037 -55.749096
v -287.223297 127.563202 -40.600372
v -287.223297 127.563202 -55.749096
v -287.245178 127.552422 -40.600372
v -287.245178 127.552422 -55.749096
v -287.265442 127.538879 -40.600372
v -287.265442 127.538879 -55.749096
v -287.283752 127.522804 -40.600372
v -287.283752 127.522804 -55.749096
v -287.299835 127.504478 -40.600372
v -287.299835 127.504478 -55.749096
v -287.313385 127.484207 -40.600372
v -287.313385 127.484207 -55.749096
v -287.324158 127.462349 -40.600372
v -287.324158 127.462349 -55.749096
v -287.332001 127.439270 -40.600372
v -287.332001 127.439270 -55.749096
v -287.336761 127.415359 -40.600372
v -287.336761 127.415359 -55.749096
v -287.338348 127.391037 -40.600372
v -287.338348 127.391037 -55.749096
v -282.630249 133.169601 -55.749096
v -282.630249 133.169601 -40.600372
v -282.467041 133.157928 -40.600372
v -282.467041 133.157928 -55.749096
v -282.307129 133.123138 -40.600372
v -282.307129 133.123138 -55.749096
v -282.153809 133.065964 -40.600372
v -282.153809 133.065964 -55.749096
v -282.010193 132.987549 -40.600372
v -282.010193 132.987549 -55.749096
v -281.879211 132.889481 -40.600372
v -281.879211 132.889481 -55.749096
v -281.763489 132.773773 -40.600372
v -281.763489 132.773773 -55.749096
v -281.665436 132.642776 -40.600372
v -281.665436 132.642776 -55.749096
v -281.587006 132.499161 -40.600372
v -281.587006 132.499161 -55.749096
v -281.529816 132.345840 -40.600372
v -281.529816 132.345840 -55.749096
v -281.495056 132.185944 -40.600372
v -281.495056 132.185944 -55.749096
v -281.483368 132.022736 -40.600372
v -281.483368 132.022736 -55.749096
v -287.338348 113.517342 -68.469345
v -287.338348 113.517342 -23.023170
v -287.338348 113.517342 -40.600372
v -287.338348 113.517342 -55.749096
vn -0.0000 -1.0000 -0.0000
vn -1.0000 -0.0000 -0.0000
vn -0.0000 -0.0000 1.0000
vn -0.0000 -0.0000 -1.0000
vn 0.9988 0.0496 -0.0000
vn 0.9951 0.0991 -0.0000
vn 0.9804 0.1971 -0.0000
vn 0.9561 0.2932 -0.0000
vn 0.9224 0.3862 -0.0000
vn 0.8798 0.4754 -0.0000
vn 0.8287 0.5597 -0.0000
vn 0.7696 0.6385 -0.0000
vn 0.7033 0.7109 -0.0000
vn 0.6303 0.7764 -0.0000
vn 0.5514 0.8342 -0.0000
vn 0.4674 0.8840 -0.0000
vn 0.3792 0.9253 -0.0000
vn 0.2874 0.9578 -0.0000
vn 0.1931 0.9812 -0.0000
vn 0.0970 0.9953 -0.0000
vn 0.0121 0.9999 -0.0000
vn 0.0243 0.9997 -0.0000
vn -0.0000 1.0000 -0.0000
vn -0.9997 0.0245 -0.0000
vn -0.9952 0.0980 -0.0000
vn -0.9808 0.1951 -0.0000
vn -0.9569 0.2903 -0.0000
vn -0.9239 0.3827 -0.0000
vn -0.8819 0.4714 -0.0000
vn -0.8315 0.5556 -0.0000
vn -0.7730 0.6344 -0.0000
vn -0.7071 0.7071 -0.0000
vn -0.6344 0.7730 -0.0000
vn -0.5556 0.8315 -0.0000
vn -0.4714 0.8819 -0.0000
vn -0.3827 0.9239 -0.0000
vn -0.2903 0.9569 -0.0000
vn -0.1951 0.9808 -0.0000
vn -0.0980 0.9952 -0.0000
vn -0.0246 0.9997 -0.0000
vn 0.0327 -0.9995 -0.0000
vn 0.1305 -0.9914 -0.0000
vn 0.2588 -0.9659 -0.0000
vn 0.3826 -0.9239 -0.0000
vn 0.5000 -0.8660 -0.0000
vn 0.6088 -0.7933 -0.0000
vn 0.7071 -0.7071 -0.0000
vn 0.7934 -0.6088 -0.0000
vn 0.8660 -0.5000 -0.0000
vn 0.9239 -0.3827 -0.0000
vn 0.9659 -0.2588 -0.0000
vn 0.9914 -0.1305 -0.0000
vn 0.9995 -0.0327 -0.0000
vn 1.0000 -0.0000 -0.0000
vn 0.0357 0.9994 -0.0000
vn 0.1423 0.9898 -0.0000
vn 0.2817 0.9595 -0.0000
vn 0.4154 0.9096 -0.0000
vn 0.5406 0.8413 -0.0000
vn 0.6549 0.7557 -0.0000
vn 0.6549 0.7558 -0.0000
vn 0.7557 0.6549 -0.0000
vn 0.8413 0.5406 -0.0000
vn 0.9096 0.4154 -0.0000
vn 0.9595 0.2817 -0.0000
vn 0.9898 0.1423 -0.0000
vn 0.9994 0.0357 -0.0000
vn 0.7934 -0.6087 -0.0000
vn 0.3827 -0.9239 -0.0000
vn -0.0245 0.9997 -0.0000
vt 0.467786 0.439064
vt 0.459725 0.438901
vt 0.455006 0.438972
vt 0.463016 0.439141
vt 0.469632 0.581044
vt 0.471559 0.581044
vt 0.506619 0.824514
vt 0.584080 0.824620
vt 0.581956 0.901519
vt 0.505400 0.901830
vt 0.506923 0.805254
vt 0.584609 0.805465
vt 0.464674 0.581044
vt 0.464674 0.581047
vt 0.066954 0.822740
vt 0.066849 0.822767
vt 0.064905 0.822731
vt 0.066747 0.822812
vt 0.066647 0.822875
vt 0.066552 0.822954
vt 0.066461 0.823050
vt 0.066376 0.823161
vt 0.066298 0.823285
vt 0.066227 0.823423
vt 0.066164 0.823573
vt 0.066110 0.823732
vt 0.066064 0.823900
vt 0.066029 0.824075
vt 0.066003 0.824255
vt 0.065988 0.824439
vt 0.065982 0.824625
vt 0.066491 0.832717
vt 0.066484 0.832472
vt 0.067912 0.830219
vt 0.066464 0.832230
vt 0.066430 0.831992
vt 0.066383 0.831761
vt 0.066324 0.831539
vt 0.066252 0.831329
vt 0.066169 0.831132
vt 0.066075 0.830951
vt 0.065972 0.830786
vt 0.065860 0.830640
vt 0.065741 0.830514
vt 0.065615 0.830409
vt 0.065483 0.830327
vt 0.065348 0.830267
vt 0.662788 0.658379
vt 0.662660 0.658364
vt 0.665170 0.658359
vt 0.427379 0.749652
vt 0.427273 0.749801
vt 0.429723 0.745346
vt 0.467337 0.581698
vt 0.464674 0.581698
vt 0.464674 0.581634
vt 0.467337 0.581634
vt 0.464674 0.581571
vt 0.467337 0.581571
vt 0.464674 0.581508
vt 0.467337 0.581508
vt 0.464674 0.581448
vt 0.467337 0.581448
vt 0.464674 0.581390
vt 0.467337 0.581390
vt 0.464674 0.581335
vt 0.467337 0.581335
vt 0.464674 0.581283
vt 0.467337 0.581283
vt 0.464674 0.581236
vt 0.467337 0.581236
vt 0.464674 0.581193
vt 0.467337 0.581193
vt 0.464674 0.581155
vt 0.467337 0.581155
vt 0.464674 0.581122
vt 0.467337 0.581122
vt 0.464674 0.581094
vt 0.467337 0.581094
vt 0.464674 0.581073
vt 0.467337 0.581073
vt 0.464674 0.581057
vt 0.467337 0.581057
vt 0.467337 0.581047
vt 0.467337 0.581044
vt 0.202800 0.277098
vt 0.458907 0.439208
vt 0.458101 0.439221
vt 0.450151 0.439045
vt 0.450947 0.439033
vt 0.000000 0.000000
vt 1.000000 0.000000
vt 0.880069 0.000000
vt 0.064712 0.822731
vt 0.064712 0.824625
vt 1.000000 1.000000
vt 0.000000 1.000000
vt 0.100568 1.000000
vt 0.893394 1.000000
vt 0.068167 0.830219
vt 0.068167 0.832717
vt 0.505228 0.912785
vt 0.581655 0.912417
vt 0.581613 0.913232
vt 0.505202 0.913605
vt 0.547537 0.800640
vt 0.553696 0.800610
vt 0.553689 0.800674
vt 0.547533 0.800705
vt 0.553679 0.800736
vt 0.547527 0.800766
vt 0.553667 0.800794
vt 0.547519 0.800825
vt 0.553651 0.800849
vt 0.547510 0.800880
vt 0.553633 0.800899
vt 0.547499 0.800931
vt 0.538772 0.800546
vt 0.538473 0.800557
vt 0.538450 0.800556
vt 0.538762 0.800544
vt 0.538427 0.800554
vt 0.538752 0.800541
vt 0.846991 0.548589
vt 0.846464 0.548608
vt 0.846426 0.548604
vt 0.846974 0.548584
vt 0.538742 0.800538
vt 0.538403 0.800551
vt 0.538380 0.800548
vt 0.538731 0.800535
vt 0.124249 0.978564
vt 0.123958 0.978575
vt 0.123940 0.978572
vt 0.124241 0.978560
vt 0.846942 0.548571
vt 0.846352 0.548594
vt 0.846318 0.548588
vt 0.846927 0.548564
vt 0.130276 0.977802
vt 0.129326 0.977839
vt 0.129279 0.977829
vt 0.130256 0.977790
vt 0.898112 0.519446
vt 0.897506 0.519470
vt 0.897481 0.519463
vt 0.898102 0.519438
vt 0.180672 0.839612
vt 0.179054 0.839676
vt 0.179003 0.839657
vt 0.180650 0.839591
vt 0.251909 0.801717
vt 0.250312 0.801781
vt 0.250279 0.801763
vt 0.251893 0.801698
vt 0.240665 0.800088
vt 0.240665 0.801104
vt 0.200538 0.490542
vt 0.200833 0.490527
vt 0.201123 0.490480
vt 0.201403 0.490404
vt 0.201669 0.490300
vt 0.201915 0.490168
vt 0.202137 0.490012
vt 0.202332 0.489834
vt 0.202497 0.489637
vt 0.202628 0.489425
vt 0.202723 0.489201
vt 0.202780 0.488968
vt 0.202800 0.488732
vt 0.205062 0.490542
vt 0.202800 0.492352
vt 0.547475 0.769675
vt 0.564783 0.769675
vt 0.564783 0.769678
vt 0.547475 0.769678
vt 0.162997 0.498766
vt 0.153641 0.498766
vt 0.153641 0.498763
vt 0.162997 0.498763
vt 0.153641 0.498760
vt 0.162997 0.498760
vt 0.157917 0.495435
vt 0.158622 0.481922
vt 0.157917 0.495435
vt 0.547475 0.769719
vt 0.564783 0.769719
vt 0.564783 0.769742
vt 0.547475 0.769742
vt 0.564783 0.769770
vt 0.547475 0.769770
vt 0.162997 0.498743
vt 0.153641 0.498743
vt 0.153641 0.498735
vt 0.162997 0.498735
vt 0.547475 0.769803
vt 0.564783 0.769803
vt 0.564783 0.769838
vt 0.547475 0.769838
vt 0.564783 0.769876
vt 0.547475 0.769876
vt 0.162997 0.498717
vt 0.153641 0.498717
vt 0.153641 0.498707
vt 0.162997 0.498707
vt 0.547475 0.769917
vt 0.564783 0.769917
vt 0.564783 0.769958
vt 0.547475 0.769958
vt 0.564783 0.770001
vt 0.547475 0.770001
vt 0.066491 0.842978
vt 0.066540 0.842892
vt 0.068167 0.842892
vt 0.068167 0.844353
vt 0.068164 0.844464
vt 0.068155 0.844573
vt 0.068139 0.844681
vt 0.068118 0.844785
vt 0.068092 0.844885
vt 0.068060 0.844980
vt 0.068023 0.845069
vt 0.067981 0.845151
vt 0.067935 0.845225
vt 0.067885 0.845291
vt 0.067831 0.845348
vt 0.067775 0.845395
vt 0.067717 0.845432
vt 0.067656 0.845459
vt 0.067595 0.845475
vt 0.067532 0.845481
vt 0.066491 0.845481
vt 0.532558 0.769675
vt 0.520033 0.769675
vt 0.066491 0.842806
vt 0.066491 0.836383
vt 0.302431 0.585586
vt 0.306598 0.585586
vt 0.306598 0.589222
vt 0.302431 0.589222
vt 0.064712 0.832341
vt 0.065982 0.832406
vt 0.065982 0.834304
vt 0.065193 0.834304
vt 0.065146 0.834300
vt 0.065099 0.834287
vt 0.065053 0.834267
vt 0.065009 0.834239
vt 0.064966 0.834203
vt 0.064926 0.834160
vt 0.064888 0.834110
vt 0.064853 0.834053
vt 0.064821 0.833991
vt 0.064793 0.833924
vt 0.064769 0.833852
vt 0.064749 0.833776
vt 0.064733 0.833697
vt 0.064721 0.833616
vt 0.064714 0.833533
vt 0.064712 0.833449
vt 0.065982 0.827405
vt 0.065982 0.832275
vt 0.065983 0.832284
vt 0.065984 0.832292
vt 0.065985 0.832300
vt 0.065987 0.832308
vt 0.065990 0.832315
vt 0.065993 0.832321
vt 0.065997 0.832327
vt 0.066001 0.832332
vt 0.066005 0.832336
vt 0.066010 0.832338
vt 0.066014 0.832340
vt 0.066019 0.832341
vt 0.240849 0.801449
vt 0.240849 0.802662
vt 0.273119 0.788671
vt 0.401516 0.788671
vt 0.401516 0.868442
vt 0.273119 0.868442
vt 0.066443 0.842892
vt 0.065265 0.845481
vt 0.065223 0.845476
vt 0.065181 0.845459
vt 0.065141 0.845433
vt 0.065104 0.845397
vt 0.065070 0.845351
vt 0.065040 0.845298
vt 0.065014 0.845237
vt 0.064994 0.845171
vt 0.064979 0.845100
vt 0.064970 0.845026
vt 0.064967 0.844950
vt 0.064967 0.842892
vt 0.067139 0.832341
vt 0.067139 0.833901
vt 0.067136 0.833959
vt 0.067129 0.834015
vt 0.067118 0.834069
vt 0.067103 0.834119
vt 0.067083 0.834165
vt 0.067060 0.834206
vt 0.067035 0.834240
vt 0.067006 0.834267
vt 0.066976 0.834288
vt 0.066944 0.834300
vt 0.066912 0.834304
vt -0.057211 0.788671
vt 0.120210 0.788671
vt 0.120210 0.868442
vt -0.057211 0.868442
vt 0.240665 0.800048
vt 0.240665 0.800066
vt 0.240849 0.799525
vt 0.240849 0.800403
vt 0.291710 0.585586
vt 0.297468 0.585586
vt 0.297468 0.589222
vt 0.291710 0.589222
vt 0.304545 0.439513
vt 0.634584 0.439513
vt 0.634584 0.681321
vt 0.304545 0.681321
vt 0.520033 0.769958
vt 0.532558 0.769958
vt 0.532558 0.770001
vt 0.520033 0.770001
vt 0.158622 0.507958
vt 0.520033 0.769917
vt 0.532558 0.769917
vt 0.175503 0.498688
vt 0.171060 0.498717
vt 0.171060 0.498707
vt 0.175503 0.498680
vt 0.532558 0.769876
vt 0.520033 0.769838
vt 0.532558 0.769838
vt 0.520033 0.769876
vt 0.520033 0.769803
vt 0.532558 0.769803
vt 0.171060 0.498735
vt 0.162997 0.498727
vt 0.171060 0.498727
vt 0.158622 0.518078
vt 0.532558 0.769770
vt 0.520033 0.769742
vt 0.532558 0.769742
vt 0.520033 0.769770
vt 0.171060 0.498750
vt 0.162997 0.498750
vt 0.171060 0.498743
vt 0.520033 0.769719
vt 0.532558 0.769719
vt 0.520033 0.769700
vt 0.532558 0.769700
vt 0.532558 0.769686
vt 0.547475 0.769686
vt 0.547475 0.769700
vt 0.532558 0.769678
vt 0.520033 0.769678
vt 0.171325 0.500867
vt 0.171383 0.501217
vt 0.171376 0.501216
vt 0.171318 0.500867
vt 0.384019 0.902322
vt 0.439421 0.902097
vt 0.439359 0.913103
vt 0.384050 0.913370
vt 0.254442 0.801616
vt 0.253286 0.801662
vt 0.253286 0.801642
vt 0.254456 0.801594
vt 0.183239 0.839510
vt 0.182067 0.839556
vt 0.182069 0.839535
vt 0.183261 0.839487
vt 0.899074 0.519408
vt 0.898635 0.519425
vt 0.898636 0.519417
vt 0.899086 0.519399
vt 0.131783 0.977744
vt 0.131095 0.977771
vt 0.131097 0.977758
vt 0.131804 0.977730
vt 0.847877 0.548535
vt 0.847450 0.548552
vt 0.847452 0.548544
vt 0.847892 0.548527
vt 0.124710 0.978546
vt 0.124499 0.978554
vt 0.124500 0.978550
vt 0.124718 0.978542
vt 0.539278 0.800518
vt 0.539033 0.800527
vt 0.539034 0.800523
vt 0.539288 0.800513
vt 0.847826 0.548557
vt 0.847445 0.548571
vt 0.847447 0.548566
vt 0.847843 0.548551
vt 0.539257 0.800525
vt 0.539031 0.800534
vt 0.539032 0.800531
vt 0.539267 0.800522
vt 0.539246 0.800528
vt 0.539030 0.800536
vt 0.537773 0.800930
vt 0.542217 0.800907
vt 0.542212 0.800958
vt 0.537773 0.800981
vt 0.537772 0.800874
vt 0.542221 0.800852
vt 0.538102 0.800746
vt 0.542225 0.800793
vt 0.538102 0.800726
vt 0.542227 0.800731
vt 0.537772 0.800688
vt 0.542229 0.800666
vt 0.537772 0.800753
vt 0.439349 0.913927
vt 0.384052 0.914197
vt 0.115648 0.265240
vt 0.112931 0.264079
vt 0.234468 0.263138
vt 0.236054 0.264316
vt 0.332861 0.502910
vt 0.333723 0.505107
vt 0.283816 0.511903
vt 0.284021 0.509412
vt 0.280878 0.278675
vt 0.236043 0.208525
vt 0.334818 0.207992
vt 0.334818 0.207990
vt 0.471559 0.581047
vt 0.469632 0.581047
vt 0.284098 0.508139
vt 0.332437 0.501778
vt 0.471559 0.581057
vt 0.469632 0.581057
vt 0.284122 0.506834
vt 0.332038 0.500606
vt 0.471559 0.581073
vt 0.469632 0.581073
vt 0.284096 0.505506
vt 0.331665 0.499401
vt 0.471559 0.581094
vt 0.469632 0.581094
vt 0.284020 0.504163
vt 0.331319 0.498171
vt 0.471559 0.581122
vt 0.469632 0.581122
vt 0.283895 0.502810
vt 0.331001 0.496922
vt 0.471559 0.581155
vt 0.469632 0.581155
vt 0.283724 0.501454
vt 0.330714 0.495660
vt 0.471559 0.581193
vt 0.469632 0.581193
vt 0.283506 0.500102
vt 0.330458 0.494393
vt 0.471559 0.581236
vt 0.469632 0.581236
vt 0.471559 0.581283
vt 0.469632 0.581283
vt 0.471559 0.581335
vt 0.469632 0.581335
vt 0.471559 0.581390
vt 0.469632 0.581390
vt 0.471559 0.581448
vt 0.469632 0.581448
vt 0.471559 0.581508
vt 0.469632 0.581508
vt 0.471559 0.581571
vt 0.469632 0.581571
vt 0.471559 0.581634
vt 0.469632 0.581634
vt 0.471559 0.581698
vt 0.469632 0.581698
vt 0.383750 0.804919
vt 0.439970 0.805072
vt 0.439861 0.824423
vt 0.383804 0.824346
vt 0.328908 0.492838
vt 0.284953 0.498084
vt 0.492151 0.439557
vt 0.478349 0.439278
vt 0.473534 0.439364
vt 0.487310 0.439655
vt 0.289447 0.578502
vt 0.294920 0.578502
vt 0.294920 0.580791
vt 0.289447 0.580791
vt 0.283096 0.578502
vt 0.283096 0.580791
vt 0.299515 0.578502
vt 0.299515 0.580791
s 1
usemtl Material.017
f 1640/1289/908 1503/1290/908 1504/1291/908 1643/1292/908
f 1643/1293/908 1504/1294/908 1506/1294/908 1645/1293/908
f 1654/1295/909 1516/1296/909 1510/1297/909 1648/1298/909
f 1641/1299/909 1501/1300/909 1516/1296/909 1654/1295/909
f 1517/1301/910 1520/1302/910 1519/1301/910
f 1520/1303/910 1521/1304/910 1519/1305/910
f 1521/1304/910 1522/1306/910 1519/1305/910
f 1522/1306/910 1523/1307/910 1519/1305/910
f 1523/1307/910 1524/1308/910 1519/1305/910
f 1524/1308/910 1525/1309/910 1519/1305/910
f 1525/1309/910 1526/1310/910 1519/1305/910
f 1526/1310/910 1527/1311/910 1519/1305/910
f 1527/1311/910 1528/1312/910 1519/1305/910
f 1528/1312/910 1529/1313/910 1519/1305/910
f 1529/1313/910 1530/1314/910 1519/1305/910
f 1530/1314/910 1531/1315/910 1519/1305/910
f 1531/1315/910 1532/1316/910 1519/1305/910
f 1532/1316/910 1533/1317/910 1519/1305/910
f 1533/1317/910 1534/1318/910 1519/1305/910
f 1534/1318/910 1518/1319/910 1519/1305/910
f 1535/1320/911 1538/1321/911 1537/1322/911
f 1538/1321/911 1539/1323/911 1537/1322/911
f 1539/1323/911 1540/1324/911 1537/1322/911
f 1540/1324/911 1541/1325/911 1537/1322/911
f 1541/1325/911 1542/1326/911 1537/1322/911
f 1542/1326/911 1543/1327/911 1537/1322/911
f 1543/1327/911 1544/1328/911 1537/1322/911
f 1544/1328/911 1545/1329/911 1537/1322/911
f 1545/1329/911 1546/1330/911 1537/1322/911
f 1546/1330/911 1547/1331/911 1537/1322/911
f 1547/1331/911 1548/1332/911 1537/1322/911
f 1548/1332/911 1549/1333/911 1537/1322/911
f 1549/1333/911 1550/1334/911 1537/1322/911
f 1550/1334/911 1551/1335/911 1537/1322/911
f 1551/1336/911 1552/1337/911 1537/1338/911
f 1552/1339/911 1536/1340/911 1537/1341/911
f 1657/1342/912 1518/1343/912 1534/1344/913 1658/1345/913
f 1658/1345/913 1534/1344/913 1533/1346/914 1660/1347/914
f 1660/1347/914 1533/1346/914 1532/1348/915 1662/1349/915
f 1662/1349/915 1532/1348/915 1531/1350/916 1664/1351/916
f 1664/1351/916 1531/1350/916 1530/1352/917 1666/1353/917
f 1666/1353/917 1530/1352/917 1529/1354/918 1668/1355/918
f 1668/1355/918 1529/1354/918 1528/1356/919 1670/1357/919
f 1670/1357/919 1528/1356/919 1527/1358/920 1672/1359/920
f 1672/1359/920 1527/1358/920 1526/1360/921 1674/1361/921
f 1674/1361/921 1526/1360/921 1525/1362/922 1676/1363/922
f 1676/1363/922 1525/1362/922 1524/1364/923 1678/1365/923
f 1678/1365/923 1524/1364/923 1523/1366/924 1680/1367/924
f 1680/1367/924 1523/1366/924 1522/1368/925 1682/1369/925
f 1682/1369/925 1522/1368/925 1521/1370/926 1684/1371/926
f 1684/1371/926 1521/1370/926 1520/1302/927 1686/1372/927
f 1686/1372/927 1520/1302/927 1517/1301/928 1688/1373/929
f 1656/1374/930 1535/1374/930 1513/1374/930 1652/1374/930
f 1689/1375/929 1645/1376/930 1506/1377/930 1536/1378/928
f 1501/1379/930 1502/1380/930 1505/1380/930 1517/1381/928 1519/1379/930
f 1501/1382/910 1519/1305/910 1518/1319/910 1514/1319/910 1516/1383/910
f 1504/1384/930 1503/1385/930 1537/1386/930 1536/1387/928 1506/1384/930
f 1535/1320/911 1537/1322/911 1503/1388/911 1515/1389/911 1513/1320/911
f 1691/1390/931 1571/1391/931 1586/1392/932 1692/1393/932
f 1692/1394/932 1586/1395/932 1585/1396/933 1694/1397/933
f 1694/1397/933 1585/1396/933 1584/1398/934 1696/1399/934
f 1696/1399/934 1584/1398/934 1583/1400/935 1698/1401/935
f 1698/1401/935 1583/1400/935 1582/1402/936 1700/1403/936
f 1700/1403/936 1582/1402/936 1581/1404/937 1702/1405/937
f 1702/1406/937 1581/1407/937 1580/1408/938 1704/1409/938
f 1704/1409/938 1580/1408/938 1579/1410/939 1706/1411/939
f 1706/1412/939 1579/1413/939 1578/1414/940 1708/1415/940
f 1708/1416/940 1578/1417/940 1577/1418/941 1710/1419/941
f 1710/1420/941 1577/1421/941 1576/1422/942 1712/1423/942
f 1712/1424/942 1576/1425/942 1575/1426/943 1714/1427/943
f 1714/1428/943 1575/1429/943 1574/1430/944 1716/1431/944
f 1716/1432/944 1574/1433/944 1573/1434/945 1718/1435/945
f 1718/1436/945 1573/1437/945 1572/1438/946 1720/1439/946
f 1720/1440/946 1572/1441/946 1570/1442/947 1722/1443/947
f 1648/1298/909 1510/1297/909 1571/1391/931 1691/1390/931
f 1722/1444/947 1570/1445/947 1508/1445/930 1647/1444/930
f 1587/1446/911 1591/1447/911 1592/1448/911 1593/1449/911 1594/1450/911 1595/1451/911 1596/1452/911 1597/1453/911 1598/1454/911 1599/1455/911 1600/1456/911 1601/1457/911 1588/1458/911 1589/1459/911 1590/1460/911
f 1725/1461/948 1603/1462/948 1615/1463/949 1726/1464/949
f 1726/1465/949 1615/1466/949 1614/1467/950 1728/1468/950
f 1728/1468/950 1614/1467/950 1613/1469/951 1730/1470/951
f 1730/1471/951 1613/1472/951 1612/1472/952 1732/1473/952
f 1732/1474/952 1612/1475/952 1611/1476/953 1734/1477/953
f 1734/1477/953 1611/1476/953 1610/1478/954 1736/1479/954
f 1736/1480/954 1610/1481/954 1609/1482/955 1738/1483/955
f 1738/1484/955 1609/1485/955 1608/1486/956 1740/1487/956
f 1740/1487/956 1608/1486/956 1607/1488/957 1742/1489/957
f 1742/1490/957 1607/1491/957 1606/1492/958 1744/1493/958
f 1744/1494/958 1606/1495/958 1605/1496/959 1746/1497/959
f 1746/1497/959 1605/1496/959 1602/1498/960 1748/1499/960
f 1590/1500/911 1589/1501/911 1509/1502/911 1553/1503/911 1555/1504/911 1556/1505/911 1557/1506/911 1558/1507/911 1559/1508/911 1560/1509/911 1561/1510/911 1562/1511/911 1563/1512/911 1564/1513/911 1565/1514/911 1566/1515/911 1567/1516/911 1568/1517/911 1569/1518/911 1554/1519/911 1507/1520/911
f 1724/1521/948 1587/1522/948 1511/1522/908 1650/1521/908
f 1513/1320/911 1515/1389/911 1509/1502/911 1589/1501/911 1588/1523/911 1774/1524/911
f 1777/1525/961 1774/1526/961 1588/1527/960 1749/1528/960
f 1510/1529/910 1604/1530/910 1508/1531/910 1570/1532/910 1572/1533/910 1573/1534/910 1574/1535/910 1575/1536/910 1576/1537/910 1577/1538/910 1578/1539/910 1579/1540/910 1580/1541/910 1581/1542/910 1582/1543/910 1583/1544/910 1584/1545/910 1585/1546/910 1586/1547/910 1571/1548/910
f 1516/1383/910 1514/1319/910 1775/1549/910 1602/1550/910 1605/1551/910 1606/1552/910 1607/1553/910 1608/1554/910 1609/1555/910 1610/1556/910 1611/1557/910 1612/1558/910 1613/1559/910 1614/1560/910 1615/1561/910 1603/1562/910 1604/1530/910 1510/1529/910
f 1751/1563/962 1629/1564/962 1639/1564/963 1752/1563/963
f 1752/1563/963 1639/1564/963 1638/1564/964 1754/1563/964
f 1754/1563/964 1638/1564/964 1637/1564/965 1756/1563/965
f 1756/1563/965 1637/1564/965 1636/1564/966 1758/1563/966
f 1758/1563/966 1636/1564/966 1635/1564/967 1760/1563/968
f 1760/1563/968 1635/1564/967 1634/1564/969 1762/1563/969
f 1762/1563/969 1634/1564/969 1633/1564/970 1764/1563/970
f 1764/1563/970 1633/1564/970 1632/1564/971 1766/1563/971
f 1766/1563/971 1632/1564/971 1631/1564/972 1768/1563/972
f 1768/1563/972 1631/1564/972 1630/1564/973 1770/1563/973
f 1770/1563/973 1630/1564/973 1628/1564/974 1772/1563/974
f 1647/1444/930 1508/1445/930 1629/1445/962 1751/1444/962
f 1650/1565/961 1511/1566/961 1617/1567/974 1773/1568/974
f 1587/1569/911 1590/1500/911 1507/1520/911 1616/1570/911 1618/1571/911 1619/1572/911 1620/1573/911 1621/1574/911 1622/1575/911 1623/1576/911 1624/1577/911 1625/1578/911 1626/1579/911 1627/1580/911 1617/1581/911 1511/1582/911
f 1508/1531/910 1604/1530/910 1603/1562/910 1512/1583/910 1628/1584/910 1630/1585/910 1631/1586/910 1632/1587/910 1633/1588/910 1634/1589/910 1635/1590/910 1636/1591/910 1637/1592/910 1638/1593/910 1639/1594/910 1629/1595/910
f 1512/1596/961 1651/1597/961 1772/1598/974 1628/1599/974
f 1651/1597/961 1650/1565/961 1773/1568/974 1772/1598/974
f 1507/1600/930 1646/1601/930 1750/1601/962 1616/1600/962
f 1646/1601/930 1647/1444/930 1751/1444/962 1750/1601/962
f 1627/1602/973 1771/1603/973 1773/1603/974 1617/1602/974
f 1771/1603/973 1770/1563/973 1772/1563/974 1773/1603/974
f 1626/1602/972 1769/1603/972 1771/1603/973 1627/1602/973
f 1769/1603/972 1768/1563/972 1770/1563/973 1771/1603/973
f 1625/1602/971 1767/1603/971 1769/1603/972 1626/1602/972
f 1767/1603/971 1766/1563/971 1768/1563/972 1769/1603/972
f 1624/1602/970 1765/1603/970 1767/1603/971 1625/1602/971
f 1765/1603/970 1764/1563/970 1766/1563/971 1767/1603/971
f 1623/1602/969 1763/1603/969 1765/1603/970 1624/1602/970
f 1763/1603/969 1762/1563/969 1764/1563/970 1765/1603/970
f 1622/1602/967 1761/1603/967 1763/1603/969 1623/1602/969
f 1761/1603/967 1760/1563/968 1762/1563/969 1763/1603/969
f 1621/1602/966 1759/1603/966 1761/1603/967 1622/1602/967
f 1759/1603/966 1758/1563/966 1760/1563/968 1761/1603/967
f 1620/1602/965 1757/1603/965 1759/1603/966 1621/1602/966
f 1757/1603/965 1756/1563/965 1758/1563/966 1759/1603/966
f 1619/1602/964 1755/1603/964 1757/1603/965 1620/1602/965
f 1755/1603/964 1754/1563/964 1756/1563/965 1757/1603/965
f 1618/1602/963 1753/1603/963 1755/1603/964 1619/1602/964
f 1753/1603/963 1752/1563/963 1754/1563/964 1755/1603/964
f 1616/1602/962 1750/1603/962 1753/1603/963 1618/1602/963
f 1750/1603/962 1751/1563/962 1752/1563/963 1753/1603/963
f 1775/1604/961 1776/1605/961 1748/1606/960 1602/1607/960
f 1776/1608/961 1777/1609/961 1749/1610/960 1748/1611/960
f 1603/1462/948 1725/1461/948 1651/1461/908 1512/1462/908
f 1725/1461/948 1724/1521/948 1650/1521/908 1651/1461/908
f 1601/1612/959 1747/1613/959 1749/1614/960 1588/1615/960
f 1747/1616/959 1746/1473/959 1748/1473/960 1749/1616/960
f 1600/1617/958 1745/1618/958 1747/1613/959 1601/1612/959
f 1745/1616/958 1744/1473/958 1746/1473/959 1747/1616/959
f 1599/1619/957 1743/1620/957 1745/1621/958 1600/1622/958
f 1743/1623/957 1742/1489/957 1744/1494/958 1745/1618/958
f 1598/1624/956 1741/1625/956 1743/1623/957 1599/1626/957
f 1741/1616/956 1740/1473/956 1742/1473/957 1743/1616/957
f 1597/1627/975 1739/1628/975 1741/1625/956 1598/1624/956
f 1739/1629/975 1738/1483/955 1740/1630/956 1741/1631/956
f 1596/1632/954 1737/1616/954 1739/1616/975 1597/1632/975
f 1737/1633/954 1736/1479/954 1738/1484/955 1739/1628/975
f 1595/1634/953 1735/1635/953 1737/1633/954 1596/1636/954
f 1735/1637/953 1734/1638/953 1736/1480/954 1737/1639/954
f 1594/1640/952 1733/1641/952 1735/1635/953 1595/1634/953
f 1733/1616/952 1732/1473/952 1734/1473/953 1735/1616/953
f 1593/1642/976 1731/1643/976 1733/1641/952 1594/1640/952
f 1731/1616/976 1730/1471/951 1732/1473/952 1733/1616/952
f 1592/1632/950 1729/1616/950 1731/1616/976 1593/1632/976
f 1729/1644/950 1728/1645/950 1730/1646/951 1731/1643/976
f 1591/1632/949 1727/1616/949 1729/1616/950 1592/1632/950
f 1727/1616/949 1726/1473/949 1728/1473/950 1729/1616/950
f 1587/1522/948 1724/1521/948 1727/1647/949 1591/1648/949
f 1724/1649/948 1725/1650/948 1726/1651/949 1727/1652/949
f 1554/1600/977 1723/1601/977 1646/1601/930 1507/1600/930
f 1723/1601/977 1722/1444/947 1647/1444/930 1646/1601/930
f 1509/1653/909 1649/1654/909 1690/1655/931 1553/1656/931
f 1649/1654/909 1648/1298/909 1691/1390/931 1690/1655/931
f 1569/1657/946 1721/1658/946 1723/1659/977 1554/1660/977
f 1721/1658/946 1720/1440/946 1722/1443/947 1723/1659/977
f 1568/1661/945 1719/1662/945 1721/1663/946 1569/1664/946
f 1719/1662/945 1718/1436/945 1720/1439/946 1721/1663/946
f 1567/1665/944 1717/1666/944 1719/1667/945 1568/1668/945
f 1717/1666/944 1716/1432/944 1718/1435/945 1719/1667/945
f 1566/1669/943 1715/1670/943 1717/1671/944 1567/1672/944
f 1715/1670/943 1714/1428/943 1716/1431/944 1717/1671/944
f 1565/1673/942 1713/1674/942 1715/1675/943 1566/1676/943
f 1713/1674/942 1712/1424/942 1714/1427/943 1715/1675/943
f 1564/1677/941 1711/1678/941 1713/1679/942 1565/1680/942
f 1711/1678/941 1710/1420/941 1712/1423/942 1713/1679/942
f 1563/1681/940 1709/1682/940 1711/1683/941 1564/1684/941
f 1709/1682/940 1708/1416/940 1710/1419/941 1711/1683/941
f 1562/1685/939 1707/1686/939 1709/1687/940 1563/1688/940
f 1707/1686/939 1706/1412/939 1708/1415/940 1709/1687/940
f 1561/1689/938 1705/1690/938 1707/1691/939 1562/1692/939
f 1705/1690/938 1704/1409/938 1706/1411/939 1707/1691/939
f 1560/1693/937 1703/1694/937 1705/1690/938 1561/1689/938
f 1703/1694/937 1702/1406/937 1704/1409/938 1705/1690/938
f 1559/1695/936 1701/1696/936 1703/1697/937 1560/1698/937
f 1701/1696/936 1700/1403/936 1702/1405/937 1703/1697/937
f 1558/1699/935 1699/1700/935 1701/1696/936 1559/1695/936
f 1699/1700/935 1698/1401/935 1700/1403/936 1701/1696/936
f 1557/1701/934 1697/1702/934 1699/1700/935 1558/1699/935
f 1697/1702/934 1696/1399/934 1698/1401/935 1699/1700/935
f 1556/1703/933 1695/1704/933 1697/1702/934 1557/1701/934
f 1695/1704/933 1694/1397/933 1696/1399/934 1697/1702/934
f 1555/1705/932 1693/1706/932 1695/1704/933 1556/1707/933
f 1693/1706/932 1692/1394/932 1694/1397/933 1695/1704/933
f 1553/1656/931 1690/1655/931 1693/1708/932 1555/1709/932
f 1690/1655/931 1691/1390/931 1692/1393/932 1693/1708/932
f 1517/1710/928 1505/1711/930 1644/1712/930 1688/1713/929
f 1688/1714/929 1644/1715/930 1645/1716/930 1689/1717/929
f 1518/1718/930 1657/1718/930 1653/1718/930 1514/1718/930
f 1657/1719/930 1656/1720/930 1652/1721/930 1653/1719/930
f 1552/1722/927 1687/1723/927 1689/1293/929 1536/1294/928
f 1687/1724/927 1686/1725/927 1688/1714/929 1689/1717/929
f 1551/1726/926 1685/1727/926 1687/1723/927 1552/1722/927
f 1685/1728/926 1684/1729/926 1686/1725/927 1687/1724/927
f 1550/1730/925 1683/1731/925 1685/1727/926 1551/1726/926
f 1683/1732/925 1682/1733/925 1684/1729/926 1685/1728/926
f 1549/1734/924 1681/1735/924 1683/1731/925 1550/1730/925
f 1681/1736/924 1680/1737/924 1682/1733/925 1683/1732/925
f 1548/1738/923 1679/1739/923 1681/1735/924 1549/1734/924
f 1679/1740/923 1678/1741/923 1680/1737/924 1681/1736/924
f 1547/1742/922 1677/1743/922 1679/1739/923 1548/1738/923
f 1677/1744/922 1676/1745/922 1678/1741/923 1679/1740/923
f 1546/1746/921 1675/1747/921 1677/1743/922 1547/1742/922
f 1675/1748/921 1674/1749/921 1676/1745/922 1677/1744/922
f 1545/1750/920 1673/1751/920 1675/1747/921 1546/1746/921
f 1673/1751/920 1672/1359/920 1674/1361/921 1675/1747/921
f 1544/1752/919 1671/1753/919 1673/1751/920 1545/1750/920
f 1671/1753/919 1670/1357/919 1672/1359/920 1673/1751/920
f 1543/1754/918 1669/1755/918 1671/1753/919 1544/1752/919
f 1669/1755/918 1668/1355/918 1670/1357/919 1671/1753/919
f 1542/1756/917 1667/1757/917 1669/1755/918 1543/1754/918
f 1667/1757/917 1666/1353/917 1668/1355/918 1669/1755/918
f 1541/1758/916 1665/1759/916 1667/1757/917 1542/1756/917
f 1665/1759/916 1664/1351/916 1666/1353/917 1667/1757/917
f 1540/1760/915 1663/1761/915 1665/1759/916 1541/1758/916
f 1663/1761/915 1662/1349/915 1664/1351/916 1665/1759/916
f 1539/1762/914 1661/1763/914 1663/1761/915 1540/1760/915
f 1661/1763/914 1660/1347/914 1662/1349/915 1663/1761/915
f 1538/1764/913 1659/1765/913 1661/1763/914 1539/1762/914
f 1659/1765/913 1658/1345/913 1660/1347/914 1661/1763/914
f 1535/1766/912 1656/1767/912 1659/1765/913 1538/1764/913
f 1656/1767/912 1657/1342/912 1658/1345/913 1659/1765/913
f 1503/1768/909 1640/1769/909 1655/1770/909 1515/1771/909
f 1640/1769/909 1641/1299/909 1654/1295/909 1655/1770/909
f 1515/1771/909 1655/1770/909 1649/1654/909 1509/1653/909
f 1655/1770/909 1654/1295/909 1648/1298/909 1649/1654/909
f 1502/1301/908 1642/1373/908 1644/1373/908 1505/1301/908
f 1642/1772/908 1643/1773/908 1645/1716/908 1644/1715/908
f 1501/1774/908 1641/1775/908 1642/1776/908 1502/1777/908
f 1641/1775/908 1640/1289/908 1643/1292/908 1642/1776/908
f 1653/1778/961 1652/1779/961 1777/1780/961 1776/1781/961
f 1514/1782/961 1653/1778/961 1776/1781/961 1775/1783/961
f 1652/1779/961 1513/1784/961 1774/1785/961 1777/1780/961
o Cube.021
v -277.180511 112.695244 -75.759766
v -277.180511 100.280434 -75.759766
v -252.269928 112.695244 -75.759766
v -252.269928 100.280434 -75.759766
v -277.180511 112.695244 -70.144806
v -277.180511 100.280434 -70.144806
v -252.269928 112.695244 -70.144806
v -252.269928 100.280434 -70.144806
vn -0.0000 -0.0000 -1.0000
vn 1.0000 -0.0000 -0.0000
vn -0.0000 -0.0000 1.0000
vn -1.0000 -0.0000 -0.0000
vn -0.0000 1.0000 -0.0000
vn -0.0000 -1.0000 -0.0000
vt 0.365760 0.000596
vt 0.621095 0.000076
vt 0.623165 0.248752
vt 0.372525 0.244392
vt 0.795366 0.710838
vt 0.795483 0.701571
vt 0.795723 0.700692
vt 0.795596 0.710568
vt 0.646349 0.408615
vt 0.646349 0.260411
vt 0.274630 0.260411
vt 0.274630 0.408615
vt 0.784621 0.710994
vt 0.784661 0.702079
vt 0.785061 0.702800
vt 0.785021 0.711217
vt 0.125000 0.500000
vt 0.375000 0.500000
vt 0.375000 0.750000
vt 0.125000 0.750000
vt 0.625000 0.500000
vt 0.875000 0.500000
vt 0.875000 0.750000
vt 0.625000 0.750000
s 0
usemtl Material.018
f 1778/1786/978 1780/1789/978 1781/1788/978 1779/1787/978
f 1780/1790/979 1784/1793/979 1785/1792/979 1781/1791/979
f 1784/1794/980 1782/1797/980 1783/1796/980 1785/1795/980
f 1782/1798/981 1778/1801/981 1779/1800/981 1783/1799/981
f 1780/1802/982 1778/1805/982 1782/1804/982 1784/1803/982
f 1785/1806/983 1783/1809/983 1779/1808/983 1781/1807/983
o Cube.022
v -278.358582 112.662498 -75.003616
v -278.358582 113.208580 -75.003616
v -250.532181 112.662498 -75.003616
v -250.532181 113.208580 -75.003616
v -278.358582 112.662498 -69.835892
v -278.358582 113.208580 -69.835892
v -250.532181 112.662498 -69.835892
v -250.532181 113.208580 -69.835892
vn -0.0000 -0.0000 -1.0000
vn 1.0000 -0.0000 -0.0000
vn -0.0000 -0.0000 1.0000
vn -1.0000 -0.0000 -0.0000
vn -0.0000 -1.0000 -0.0000
vn -0.0000 1.0000 -0.0000
vt 0.375000 0.000000
vt 0.625000 0.000000
vt 0.625000 0.250000
vt 0.375000 0.250000
vt 0.110265 0.796047
vt 0.110265 0.797111
vt 0.079743 0.797111
vt 0.079743 0.796047
s 0
usemtl Material.018
f 1786/1810/984 1787/1811/984 1789/1812/984 1788/1813/984
f 1788/1814/985 1789/1815/985 1793/1815/985 1792/1814/985
f 1792/1814/986 1793/1815/986 1791/1816/986 1790/1817/986
f 1790/1817/987 1791/1816/987 1787/1816/987 1786/1817/987
f 1788/1814/988 1792/1814/988 1790/1817/988 1786/1817/988
f 1793/1815/989 1789/1815/989 1787/1816/989 1791/1816/989
o Plane.005
v -278.739807 100.204163 -81.585136
v -278.739807 100.204163 -75.092827
v -233.293640 100.204163 -81.585136
v -233.293640 100.204163 -75.092827
v -278.739807 100.204163 -68.659317
v -233.293640 100.204163 -68.659317
v -233.293640 133.169601 -75.151627
v -278.739807 133.169601 -75.151627
v -233.293640 127.577385 -81.585136
v -278.739807 127.577385 -81.585136
v -233.293640 127.577385 -69.296654
v -278.739807 127.577385 -69.296661
v -233.293640 105.599182 -75.151627
v -278.739807 105.599182 -75.151627
v -233.293640 105.599182 -81.585136
v -278.739807 105.599182 -81.585136
v -278.739807 100.204163 -69.697495
v -278.739807 105.599182 -75.151627
v -278.739807 100.204163 -80.605766
v -278.739807 100.230141 -70.232094
v -278.739807 100.307823 -70.761543
v -278.739807 100.436470 -71.280746
v -278.739807 100.614838 -71.784698
v -278.739807 100.841202 -72.268555
v -278.739807 101.113388 -72.727646
v -278.739807 101.428772 -73.157562
v -278.739807 101.784325 -73.554146
v -278.739807 102.176620 -73.913597
v -278.739807 102.601868 -74.232437
v -278.739807 103.055984 -74.507614
v -278.739807 103.534599 -74.736458
v -278.739807 104.033089 -74.916779
v -278.739807 104.546661 -75.046829
v -278.739807 105.070374 -75.125366
v -233.293640 105.599182 -75.151627
v -233.293640 100.204163 -69.697495
v -233.293640 100.204163 -80.605759
v -233.293640 105.070374 -75.125366
v -233.293640 104.546661 -75.046829
v -233.293640 104.033089 -74.916771
v -233.293640 103.534599 -74.736458
v -233.293640 103.055984 -74.507607
v -233.293640 102.601868 -74.232437
v -233.293640 102.176620 -73.913597
v -233.293640 101.784325 -73.554146
v -233.293640 101.428772 -73.157555
v -233.293640 101.113388 -72.727646
v -233.293640 100.841202 -72.268555
v -233.293640 100.614838 -71.784698
v -233.293640 100.436470 -71.280746
v -233.293640 100.307823 -70.761543
v -233.293640 100.230141 -70.232086
v -233.293640 130.733917 -81.585136
v -233.293640 133.169601 -79.149452
v -233.293640 130.972656 -81.573410
v -233.293640 131.209091 -81.538338
v -233.293640 131.440964 -81.480255
v -233.293640 131.666016 -81.399727
v -233.293640 131.882095 -81.297531
v -233.293640 132.087112 -81.174652
v -233.293640 132.279099 -81.032265
v -233.293640 132.456207 -80.871742
v -233.293640 132.616730 -80.694633
v -233.293640 132.759109 -80.502647
v -233.293640 132.882004 -80.297623
v -233.293640 132.984192 -80.081551
v -233.293640 133.064728 -79.856491
v -233.293640 133.122803 -79.624634
v -233.293640 133.157867 -79.388191
v -278.739807 133.169601 -79.149452
v -278.739807 130.733917 -81.585136
v -278.739807 133.157867 -79.388191
v -278.739807 133.122803 -79.624634
v -278.739807 133.064728 -79.856499
v -278.739807 132.984192 -80.081551
v -278.739807 132.882004 -80.297630
v -278.739807 132.759109 -80.502647
v -278.739807 132.616730 -80.694633
v -278.739807 132.456207 -80.871742
v -278.739807 132.279099 -81.032265
v -278.739807 132.087112 -81.174652
v -278.739807 131.882095 -81.297539
v -278.739807 131.666016 -81.399734
v -278.739807 131.440964 -81.480255
v -278.739807 131.209091 -81.538338
v -278.739807 130.972656 -81.573410
v -233.293640 127.577385 -74.965279
v -233.293640 127.391037 -75.151627
v -233.293640 127.577385 -75.337975
v -233.293640 127.763733 -75.151627
v -233.293640 127.575790 -74.989601
v -233.293640 127.571037 -75.013512
v -233.293640 127.563202 -75.036591
v -233.293640 127.552422 -75.058449
v -233.293640 127.538879 -75.078720
v -233.293640 127.522804 -75.097046
v -233.293640 127.504478 -75.113121
v -233.293640 127.484207 -75.126663
v -233.293640 127.462349 -75.137444
v -233.293640 127.439270 -75.145279
v -233.293640 127.415359 -75.150032
v -278.739807 127.391037 -75.151627
v -278.739807 127.577385 -74.965279
v -278.739807 127.763733 -75.151627
v -278.739807 127.415359 -75.150032
v -278.739807 127.439270 -75.145279
v -278.739807 127.462349 -75.137444
v -278.739807 127.484207 -75.126663
v -278.739807 127.504478 -75.113121
v -278.739807 127.522804 -75.097046
v -278.739807 127.538879 -75.078720
v -278.739807 127.552422 -75.058456
v -278.739807 127.563202 -75.036591
v -278.739807 127.571037 -75.013512
v -278.739807 127.575790 -74.989601
v -233.293640 133.169601 -70.443535
v -233.293640 132.022736 -69.296654
v -233.293640 133.157928 -70.280312
v -233.293640 133.123138 -70.120422
v -233.293640 133.065964 -69.967102
v -233.293640 132.987549 -69.823486
v -233.293640 132.889481 -69.692490
v -233.293640 132.773773 -69.576782
v -233.293640 132.642776 -69.478714
v -233.293640 132.499161 -69.400299
v -233.293640 132.345840 -69.343109
v -233.293640 132.185944 -69.308327
v -278.739807 132.022736 -69.296661
v -278.739807 133.169601 -70.443535
v -278.739807 132.185944 -69.308334
v -278.739807 132.345840 -69.343117
v -278.739807 132.499161 -69.400299
v -278.739807 132.642776 -69.478722
v -278.739807 132.773773 -69.576782
v -278.739807 132.889481 -69.692490
v -278.739807 132.987549 -69.823486
v -278.739807 133.065964 -69.967102
v -278.739807 133.123138 -70.120422
v -278.739807 133.157928 -70.280319
v -246.013885 100.204163 -81.585136
v -261.162598 100.204163 -81.585136
v -261.162598 100.204163 -75.092827
v -246.013885 100.204163 -75.092827
v -261.162598 100.204163 -68.659317
v -246.013885 100.204163 -68.659317
v -246.013885 133.169601 -75.151627
v -261.162598 133.169601 -75.151627
v -261.162598 127.577385 -81.585136
v -246.013885 127.577385 -81.585136
v -246.013885 127.577385 -69.296654
v -261.162598 127.577385 -69.296654
v -246.013885 105.599182 -75.151627
v -261.162598 105.599182 -75.151627
v -261.162598 105.599182 -81.585136
v -246.013885 105.599182 -81.585136
v -246.013885 105.599182 -75.151627
v -261.162598 105.599182 -75.151627
v -261.162598 105.070374 -75.125366
v -246.013885 105.070374 -75.125366
v -261.162598 104.546661 -75.046829
v -246.013885 104.546661 -75.046829
v -261.162598 104.033089 -74.916771
v -246.013885 104.033089 -74.916771
v -261.162598 103.534599 -74.736458
v -246.013885 103.534599 -74.736458
v -261.162598 103.055984 -74.507614
v -246.013885 103.055984 -74.507607
v -261.162598 102.601868 -74.232437
v -246.013885 102.601868 -74.232437
v -261.162598 102.176620 -73.913597
v -246.013885 102.176620 -73.913597
v -261.162598 101.784325 -73.554146
v -246.013885 101.784325 -73.554146
v -261.162598 101.428772 -73.157562
v -246.013885 101.428772 -73.157562
v -261.162598 101.113388 -72.727646
v -246.013885 101.113388 -72.727646
v -261.162598 100.841202 -72.268555
v -246.013885 100.841202 -72.268555
v -261.162598 100.614838 -71.784698
v -246.013885 100.614838 -71.784698
v -261.162598 100.436470 -71.280746
v -246.013885 100.436470 -71.280746
v -261.162598 100.307823 -70.761543
v -246.013885 100.307823 -70.761543
v -261.162598 100.230141 -70.232094
v -246.013885 100.230141 -70.232094
v -261.162598 100.204163 -69.697495
v -246.013885 100.204163 -69.697495
v -246.013885 130.733917 -81.585136
v -261.162598 130.733917 -81.585136
v -261.162598 130.972656 -81.573410
v -246.013885 130.972656 -81.573410
v -261.162598 131.209091 -81.538338
v -246.013885 131.209091 -81.538338
v -261.162598 131.440964 -81.480255
v -246.013885 131.440964 -81.480255
v -261.162598 131.666016 -81.399734
v -246.013885 131.666016 -81.399734
v -261.162598 131.882095 -81.297531
v -246.013885 131.882095 -81.297531
v -261.162598 132.087112 -81.174652
v -246.013885 132.087112 -81.174652
v -261.162598 132.279099 -81.032265
v -246.013885 132.279099 -81.032265
v -261.162598 132.456207 -80.871742
v -246.013885 132.456207 -80.871742
v -261.162598 132.616730 -80.694633
v -246.013885 132.616730 -80.694633
v -261.162598 132.759109 -80.502647
v -246.013885 132.759109 -80.502647
v -261.162598 132.882004 -80.297630
v -246.013885 132.882004 -80.297623
v -261.162598 132.984192 -80.081551
v -246.013885 132.984192 -80.081551
v -261.162598 133.064728 -79.856499
v -246.013885 133.064728 -79.856491
v -261.162598 133.122803 -79.624634
v -246.013885 133.122803 -79.624634
v -261.162598 133.157867 -79.388191
v -246.013885 133.157867 -79.388191
v -261.162598 133.169601 -79.149452
v -246.013885 133.169601 -79.149452
v -246.013885 127.577385 -74.965279
v -261.162598 127.577385 -74.965279
v -261.162598 127.575790 -74.989601
v -246.013885 127.575790 -74.989601
v -261.162598 127.571037 -75.013512
v -246.013885 127.571037 -75.013512
v -261.162598 127.563202 -75.036591
v -246.013885 127.563202 -75.036591
v -261.162598 127.552422 -75.058456
v -246.013885 127.552422 -75.058456
v -261.162598 127.538879 -75.078720
v -246.013885 127.538879 -75.078720
v -261.162598 127.522804 -75.097046
v -246.013885 127.522804 -75.097046
v -261.162598 127.504478 -75.113121
v -246.013885 127.504478 -75.113121
v -261.162598 127.484207 -75.126663
v -246.013885 127.484207 -75.126663
v -261.162598 127.462349 -75.137444
v -246.013885 127.462349 -75.137444
v -261.162598 127.439270 -75.145279
v -246.013885 127.439270 -75.145279
v -261.162598 127.415359 -75.150032
v -246.013885 127.415359 -75.150032
v -261.162598 127.391037 -75.151627
v -246.013885 127.391037 -75.151627
v -246.013885 133.169601 -70.443535
v -261.162598 133.169601 -70.443535
v -261.162598 133.157928 -70.280319
v -246.013885 133.157928 -70.280319
v -261.162598 133.123138 -70.120422
v -246.013885 133.123138 -70.120422
v -261.162598 133.065964 -69.967102
v -246.013885 133.065964 -69.967102
v -261.162598 132.987549 -69.823486
v -246.013885 132.987549 -69.823486
v -261.162598 132.889481 -69.692490
v -246.013885 132.889481 -69.692490
v -261.162598 132.773773 -69.576782
v -246.013885 132.773773 -69.576782
v -261.162598 132.642776 -69.478722
v -246.013885 132.642776 -69.478722
v -261.162598 132.499161 -69.400299
v -246.013885 132.499161 -69.400299
v -261.162598 132.345840 -69.343109
v -246.013885 132.345840 -69.343109
v -261.162598 132.185944 -69.308327
v -246.013885 132.185944 -69.308327
v -261.162598 132.022736 -69.296654
v -246.013885 132.022736 -69.296654
v -233.293640 120.517143 -75.151627
v -233.293640 113.253189 -75.151627
v -278.739807 120.517143 -75.151627
v -278.739807 113.253189 -75.151627
v -261.162598 113.253189 -75.151627
v -261.162598 120.517143 -75.151627
v -246.013885 113.253189 -75.151627
v -246.013885 120.517143 -75.151627
v -246.013885 100.204163 -81.585136
v -251.063461 100.204163 -81.585136
v -251.063461 100.204163 -75.092827
v -246.013885 100.204163 -75.092827
v -251.063461 100.204163 -68.659317
v -246.013885 100.204163 -68.659317
v -246.013885 133.169601 -75.151627
v -251.063461 133.169601 -75.151627
v -251.063461 127.577385 -81.585136
v -246.013885 127.577385 -81.585136
v -246.013885 127.577385 -69.296654
v -251.063461 127.577385 -69.296654
v -246.013885 105.599182 -75.151627
v -251.063461 105.599182 -75.151627
v -251.063461 105.599182 -81.585136
v -246.013885 105.599182 -81.585136
v -246.013885 105.599182 -75.151627
v -251.063461 105.599182 -75.151627
v -251.063461 105.070374 -75.125366
v -246.013885 105.070374 -75.125366
v -251.063461 104.546661 -75.046829
v -246.013885 104.546661 -75.046829
v -251.063461 104.033089 -74.916771
v -246.013885 104.033089 -74.916771
v -251.063461 103.534599 -74.736458
v -246.013885 103.534599 -74.736458
v -251.063461 103.055984 -74.507607
v -246.013885 103.055984 -74.507607
v -251.063461 102.601868 -74.232437
v -246.013885 102.601868 -74.232437
v -251.063461 102.176620 -73.913597
v -246.013885 102.176620 -73.913597
v -251.063461 101.784325 -73.554146
v -246.013885 101.784325 -73.554146
v -251.063461 101.428772 -73.157562
v -246.013885 101.428772 -73.157562
v -251.063461 101.113388 -72.727646
v -246.013885 101.113388 -72.727646
v -251.063461 100.841202 -72.268555
v -246.013885 100.841202 -72.268555
v -251.063461 100.614838 -71.784698
v -246.013885 100.614838 -71.784698
v -251.063461 100.436470 -71.280746
v -246.013885 100.436470 -71.280746
v -251.063461 100.307823 -70.761543
v -246.013885 100.307823 -70.761543
v -251.063461 100.230141 -70.232094
v -246.013885 100.230141 -70.232094
v -251.063461 100.204163 -69.697495
v -246.013885 100.204163 -69.697495
v -246.013885 130.733917 -81.585136
v -251.063461 130.733917 -81.585136
v -251.063461 130.972656 -81.573410
v -246.013885 130.972656 -81.573410
v -251.063461 131.209091 -81.538338
v -246.013885 131.209091 -81.538338
v -251.063461 131.440964 -81.480255
v -246.013885 131.440964 -81.480255
v -251.063461 131.666016 -81.399734
v -246.013885 131.666016 -81.399734
v -251.063461 131.882095 -81.297531
v -246.013885 131.882095 -81.297531
v -251.063461 132.087112 -81.174652
v -246.013885 132.087112 -81.174652
v -251.063461 132.279099 -81.032265
v -246.013885 132.279099 -81.032265
v -251.063461 132.456207 -80.871742
v -246.013885 132.456207 -80.871742
v -251.063461 132.616730 -80.694633
v -246.013885 132.616730 -80.694633
v -251.063461 132.759109 -80.502647
v -246.013885 132.759109 -80.502647
v -251.063461 132.882004 -80.297630
v -246.013885 132.882004 -80.297623
v -251.063461 132.984192 -80.081551
v -246.013885 132.984192 -80.081551
v -251.063461 133.064728 -79.856499
v -246.013885 133.064728 -79.856491
v -251.063461 133.122803 -79.624634
v -246.013885 133.122803 -79.624634
v -251.063461 133.157867 -79.388191
v -246.013885 133.157867 -79.388191
v -251.063461 133.169601 -79.149452
v -246.013885 133.169601 -79.149452
v -246.013885 127.577385 -74.965279
v -251.063461 127.577385 -74.965279
v -251.063461 127.575790 -74.989601
v -246.013885 127.575790 -74.989601
v -251.063461 127.571037 -75.013512
v -246.013885 127.571037 -75.013512
v -251.063461 127.563202 -75.036591
v -246.013885 127.563202 -75.036591
v -251.063461 127.552422 -75.058456
v -246.013885 127.552422 -75.058456
v -251.063461 127.538879 -75.078720
v -246.013885 127.538879 -75.078720
v -251.063461 127.522804 -75.097046
v -246.013885 127.522804 -75.097046
v -251.063461 127.504478 -75.113121
v -246.013885 127.504478 -75.113121
v -251.063461 127.484207 -75.126663
v -246.013885 127.484207 -75.126663
v -251.063461 127.462349 -75.137444
v -246.013885 127.462349 -75.137444
v -251.063461 127.439270 -75.145279
v -246.013885 127.439270 -75.145279
v -251.063461 127.415359 -75.150032
v -246.013885 127.415359 -75.150032
v -251.063461 127.391037 -75.151627
v -246.013885 127.391037 -75.151627
v -246.013885 133.169601 -70.443535
v -251.063461 133.169601 -70.443535
v -251.063461 133.157928 -70.280319
v -246.013885 133.157928 -70.280319
v -251.063461 133.123138 -70.120422
v -246.013885 133.123138 -70.120422
v -251.063461 133.065964 -69.967102
v -246.013885 133.065964 -69.967102
v -251.063461 132.987549 -69.823486
v -246.013885 132.987549 -69.823486
v -251.063461 132.889481 -69.692490
v -246.013885 132.889481 -69.692490
v -251.063461 132.773773 -69.576782
v -246.013885 132.773773 -69.576782
v -251.063461 132.642776 -69.478722
v -246.013885 132.642776 -69.478722
v -251.063461 132.499161 -69.400299
v -246.013885 132.499161 -69.400299
v -251.063461 132.345840 -69.343109
v -246.013885 132.345840 -69.343109
v -251.063461 132.185944 -69.308327
v -246.013885 132.185944 -69.308327
v -251.063461 132.022736 -69.296654
v -246.013885 132.022736 -69.296654
v -246.013885 113.253189 -75.151627
v -251.063461 113.253189 -75.151627
v -246.013885 120.517143 -75.151627
v -251.063461 120.517143 -75.151627
v -239.064987 100.204163 -75.092827
v -239.064987 100.204163 -68.659317
v -239.064987 127.577385 -81.585136
v -239.064987 105.599182 -81.585136
v -239.064987 105.070374 -75.125366
v -239.064987 104.546661 -75.046829
v -239.064987 104.033089 -74.916771
v -239.064987 103.534599 -74.736458
v -239.064987 103.055984 -74.507607
v -239.064987 102.601868 -74.232437
v -239.064987 102.176620 -73.913597
v -239.064987 101.784325 -73.554146
v -239.064987 101.428772 -73.157555
v -239.064987 101.113388 -72.727646
v -239.064987 100.841202 -72.268555
v -239.064987 100.614838 -71.784698
v -239.064987 100.436470 -71.280746
v -239.064987 100.307823 -70.761543
v -239.064987 100.230141 -70.232086
v -239.064987 100.204163 -69.697495
v -239.064987 130.972656 -81.573410
v -239.064987 131.209091 -81.538338
v -239.064987 131.440964 -81.480255
v -239.064987 131.666016 -81.399734
v -239.064987 131.882095 -81.297531
v -239.064987 132.087112 -81.174652
v -239.064987 132.279099 -81.032265
v -239.064987 132.456207 -80.871742
v -239.064987 132.616730 -80.694633
v -239.064987 132.759109 -80.502647
v -239.064987 132.882004 -80.297623
v -239.064987 132.984192 -80.081551
v -239.064987 133.064728 -79.856491
v -239.064987 133.122803 -79.624634
v -239.064987 133.157867 -79.388191
v -239.064987 133.169601 -79.149452
v -239.064987 127.575790 -74.989601
v -239.064987 127.571037 -75.013512
v -239.064987 127.563202 -75.036591
v -239.064987 127.552422 -75.058456
v -239.064987 127.538879 -75.078720
v -239.064987 127.522804 -75.097046
v -239.064987 127.504478 -75.113121
v -239.064987 127.484207 -75.126663
v -239.064987 127.462349 -75.137444
v -239.064987 127.439270 -75.145279
v -239.064987 127.415359 -75.150032
v -239.064987 127.391037 -75.151627
v -239.064987 133.157928 -70.280312
v -239.064987 133.123138 -70.120422
v -239.064987 133.065964 -69.967102
v -239.064987 132.987549 -69.823486
v -239.064987 132.889481 -69.692490
v -239.064987 132.773773 -69.576782
v -239.064987 132.642776 -69.478714
v -239.064987 132.499161 -69.400299
v -239.064987 132.345840 -69.343109
v -239.064987 132.185944 -69.308327
v -239.064987 132.022736 -69.296654
v -239.064987 100.204163 -81.585136
v -239.064987 133.169601 -75.151627
v -239.064987 127.577385 -69.296654
v -239.064987 105.599182 -75.151627
v -239.064987 105.599182 -75.151627
v -239.064987 130.733917 -81.585136
v -239.064987 127.577385 -74.965279
v -239.064987 133.169601 -70.443535
v -239.064987 113.253189 -75.151627
v -239.064987 120.517143 -75.151627
v -233.293640 105.599182 -75.151627
v -246.013885 105.599182 -75.151627
v -233.293640 113.253189 -75.151627
v -246.013885 113.253189 -75.151627
v -246.013885 105.599182 -75.151627
v -251.063461 105.599182 -75.151627
v -246.013885 113.253189 -75.151627
v -251.063461 113.253189 -75.151627
v -239.064987 105.599182 -75.151627
v -239.064987 113.253189 -75.151627
v -269.951202 127.577385 -69.296661
v -236.179306 132.022736 -69.296654
v -278.739807 129.800049 -69.296661
v -233.293640 129.800049 -69.296654
v -242.539429 127.577385 -69.296654
v -256.113037 127.577385 -69.296654
v -269.951202 132.022736 -69.296661
v -248.538666 127.577385 -69.296654
v -256.113037 132.022736 -69.296654
v -248.538666 132.022736 -69.296654
v -242.539429 132.022736 -69.296654
v -236.179306 127.577385 -69.296654
v -233.293640 127.577385 -69.296654
v -278.739807 127.577385 -69.296661
v -233.293640 132.022736 -69.296654
v -278.739807 132.022736 -69.296661
v -246.013885 127.577385 -69.296654
v -261.162598 127.577385 -69.296654
v -261.162598 132.022736 -69.296654
v -246.013885 132.022736 -69.296654
v -246.013885 127.577385 -69.296654
v -251.063461 127.577385 -69.296654
v -251.063461 132.022736 -69.296654
v -246.013885 132.022736 -69.296654
v -239.064987 132.022736 -69.296654
v -239.064987 127.577385 -69.296654
v -269.951202 127.577385 -69.296661
v -236.179306 132.022736 -69.296654
v -278.739807 129.800049 -69.296661
v -233.293640 129.800049 -69.296654
v -242.539429 127.577385 -69.296654
v -256.113037 127.577385 -69.296654
v -269.951202 132.022736 -69.296661
v -261.162598 129.800049 -69.296654
v -246.013885 129.800049 -69.296654
v -248.538666 127.577385 -69.296654
v -256.113037 132.022736 -69.296654
v -248.538666 132.022736 -69.296654
v -251.063461 129.800049 -69.296654
v -246.013885 129.800049 -69.296654
v -242.539429 132.022736 -69.296654
v -236.179306 127.577385 -69.296654
v -239.064987 129.800049 -69.296654
v -242.539429 129.800049 -69.296654
v -248.538666 129.800049 -69.296654
v -256.113037 129.800049 -69.296654
v -269.951202 129.800049 -69.296661
v -236.179306 129.800049 -69.296654
vn -0.0000 -1.0000 -0.0000
vn -0.0000 -0.0000 -1.0000
vn -1.0000 -0.0000 -0.0000
vn 1.0000 -0.0000 -0.0000
vn -0.0000 0.0496 0.9988
vn -0.0000 0.0991 0.9951
vn -0.0000 0.1971 0.9804
vn -0.0000 0.2932 0.9561
vn -0.0000 0.3862 0.9224
vn -0.0000 0.4754 0.8798
vn -0.0000 0.5597 0.8287
vn -0.0000 0.6385 0.7696
vn -0.0000 0.7109 0.7033
vn -0.0000 0.7764 0.6303
vn -0.0000 0.8342 0.5514
vn -0.0000 0.8840 0.4674
vn -0.0000 0.9253 0.3792
vn -0.0000 0.9578 0.2874
vn -0.0000 0.9812 0.1931
vn -0.0000 0.9953 0.0970
vn -0.0000 0.9999 0.0121
vn -0.0000 0.9997 0.0243
vn -0.0000 1.0000 -0.0000
vn -0.0000 0.0245 -0.9997
vn -0.0000 0.0980 -0.9952
vn -0.0000 0.1951 -0.9808
vn -0.0000 0.2903 -0.9569
vn -0.0000 0.3827 -0.9239
vn -0.0000 0.4714 -0.8819
vn -0.0000 0.5556 -0.8315
vn -0.0000 0.6344 -0.7730
vn -0.0000 0.7071 -0.7071
vn -0.0000 0.7730 -0.6344
vn -0.0000 0.8315 -0.5556
vn -0.0000 0.8819 -0.4714
vn -0.0000 0.9239 -0.3827
vn -0.0000 0.9569 -0.2903
vn -0.0000 0.9808 -0.1951
vn -0.0000 0.9952 -0.0980
vn -0.0000 0.9997 -0.0246
vn -0.0000 -0.9995 0.0327
vn -0.0000 -0.9914 0.1305
vn -0.0000 -0.9659 0.2588
vn -0.0000 -0.9239 0.3826
vn -0.0000 -0.9239 0.3827
vn -0.0000 -0.8660 0.5000
vn -0.0000 -0.7933 0.6088
vn -0.0000 -0.7071 0.7071
vn -0.0000 -0.6088 0.7934
vn -0.0000 -0.5000 0.8660
vn -0.0000 -0.3827 0.9239
vn -0.0000 -0.2588 0.9659
vn -0.0000 -0.1305 0.9914
vn -0.0000 -0.0327 0.9995
vn -0.0000 -0.0000 1.0000
vn -0.0000 0.9994 0.0357
vn -0.0000 0.9898 0.1423
vn -0.0000 0.9595 0.2817
vn -0.0000 0.9096 0.4154
vn -0.0000 0.8413 0.5406
vn -0.0000 0.7557 0.6549
vn -0.0000 0.7558 0.6549
vn -0.0000 0.6549 0.7557
vn -0.0000 0.6549 0.7558
vn -0.0000 0.5406 0.8413
vn -0.0000 0.4154 0.9096
vn -0.0000 0.2817 0.9595
vn -0.0000 0.1423 0.9898
vn -0.0000 0.0713 0.9975
vn -0.0000 0.9998 0.0178
vn -0.0000 0.9596 0.2814
vn -0.0000 0.9772 0.2123
vn -0.0000 0.9898 0.1421
vn -0.0000 0.9975 0.0713
vn -0.0000 -0.6087 0.7934
vn -0.0000 -0.7934 0.6087
vn -0.0000 -0.7934 0.6088
vn -0.0000 0.9999 -0.0123
vn -0.0000 0.9997 -0.0245
vn -0.0000 0.9988 -0.0490
vn -0.0000 0.9892 -0.1466
vn -0.0000 0.9808 -0.1950
vn -0.0000 0.9701 -0.2428
vn -0.0000 0.9988 0.0485
vn -0.0000 0.9953 0.0969
vn -0.0000 0.9894 0.1452
vn -0.0000 0.9706 0.2407
vt 0.489366 0.416121
vt 0.494707 0.416121
vt 0.494707 0.420926
vt 0.489366 0.420926
vt 0.494707 0.425689
vt 0.489366 0.425689
vt 0.840912 0.211293
vt 0.934454 0.211293
vt 0.934454 0.419228
vt 0.840912 0.419228
vt 0.840912 0.160250
vt 0.934454 0.160250
vt 0.751236 0.422473
vt 0.751117 0.422484
vt 0.748819 0.422473
vt 0.751000 0.422514
vt 0.750885 0.422565
vt 0.750773 0.422635
vt 0.750666 0.422724
vt 0.750564 0.422831
vt 0.750469 0.422956
vt 0.750381 0.423096
vt 0.750302 0.423250
vt 0.750231 0.423418
vt 0.750170 0.423596
vt 0.750119 0.423785
vt 0.750080 0.423981
vt 0.750051 0.424183
vt 0.750033 0.424390
vt 0.750027 0.424598
vt 0.744635 0.462118
vt 0.744033 0.462276
vt 0.755844 0.462328
vt 0.743424 0.462328
vt 0.442394 0.373077
vt 0.440973 0.373085
vt 0.440973 0.373051
vt 0.442394 0.373043
vt 0.440972 0.373017
vt 0.442393 0.373008
vt 0.440969 0.372982
vt 0.442391 0.372974
vt 0.440964 0.372949
vt 0.442389 0.372940
vt 0.440958 0.372915
vt 0.442385 0.372906
vt 0.440951 0.372883
vt 0.442381 0.372874
vt 0.440942 0.372852
vt 0.442376 0.372843
vt 0.440932 0.372823
vt 0.442371 0.372813
vt 0.440921 0.372795
vt 0.442365 0.372785
vt 0.440908 0.372769
vt 0.442358 0.372759
vt 0.440895 0.372746
vt 0.442350 0.372735
vt 0.440880 0.372725
vt 0.442342 0.372714
vt 0.440865 0.372706
vt 0.442334 0.372695
vt 0.440849 0.372691
vt 0.442325 0.372680
vt 0.440832 0.372679
vt 0.442316 0.372667
vt 0.440815 0.372670
vt 0.442307 0.372658
vt 0.937452 0.406208
vt 0.489366 0.424920
vt 0.494707 0.424920
vt 0.000000 0.000000
vt 1.000000 0.000000
vt 0.880069 0.000000
vt 0.748602 0.422473
vt 0.748602 0.424598
vt 1.000000 1.000000
vt 0.000000 1.000000
vt 0.100568 1.000000
vt 0.893394 1.000000
vt 0.840912 0.449092
vt 0.934454 0.449092
vt 0.934454 0.451351
vt 0.840912 0.451351
vt 0.934454 0.453588
vt 0.840912 0.453588
vt 0.934454 0.455781
vt 0.840912 0.455781
vt 0.934454 0.457911
vt 0.840912 0.457911
vt 0.934454 0.459955
vt 0.840912 0.459955
vt 0.934454 0.461895
vt 0.840912 0.461895
vt 0.934454 0.463711
vt 0.840912 0.463711
vt 0.934454 0.465387
vt 0.840912 0.465387
vt 0.934454 0.466905
vt 0.840912 0.466905
vt 0.934454 0.468252
vt 0.840912 0.468252
vt 0.934454 0.469415
vt 0.840912 0.469415
vt 0.934454 0.470382
vt 0.840912 0.470382
vt 0.934454 0.471144
vt 0.840912 0.471144
vt 0.934454 0.471693
vt 0.840912 0.471693
vt 0.730383 0.460467
vt 0.713231 0.460467
vt 0.713231 0.460057
vt 0.730383 0.460057
vt 0.713231 0.459643
vt 0.730383 0.459643
vt 0.713231 0.452708
vt 0.730383 0.452708
vt 0.200538 0.490542
vt 0.200833 0.490527
vt 0.201123 0.490480
vt 0.201403 0.490404
vt 0.201669 0.490300
vt 0.201915 0.490168
vt 0.202137 0.490012
vt 0.202332 0.489834
vt 0.202497 0.489637
vt 0.202628 0.489425
vt 0.202723 0.489201
vt 0.202780 0.488968
vt 0.202800 0.488732
vt 0.205062 0.490542
vt 0.202800 0.492352
vt 0.676250 0.752722
vt 0.667137 0.752722
vt 0.667137 0.752721
vt 0.676250 0.752721
vt 0.582668 0.710365
vt 0.582782 0.710365
vt 0.676250 0.752716
vt 0.667137 0.752716
vt 0.667137 0.752711
vt 0.676250 0.752711
vt 0.582668 0.710365
vt 0.582782 0.710365
vt 0.676250 0.752706
vt 0.667137 0.752706
vt 0.667137 0.752699
vt 0.676250 0.752699
vt 0.582668 0.710365
vt 0.582782 0.710365
vt 0.582782 0.710365
vt 0.582668 0.710365
vt 0.676250 0.752691
vt 0.667137 0.752691
vt 0.667137 0.752683
vt 0.676250 0.752683
vt 0.582668 0.710365
vt 0.582782 0.710365
vt 0.582782 0.710365
vt 0.582668 0.710365
vt 0.582782 0.710365
vt 0.582668 0.710365
vt 0.582782 0.710366
vt 0.582668 0.710366
vt 0.676250 0.752654
vt 0.667137 0.752654
vt 0.667137 0.752644
vt 0.676250 0.752644
vt 0.750027 0.433326
vt 0.749986 0.433253
vt 0.748602 0.433253
vt 0.748602 0.434496
vt 0.748605 0.434590
vt 0.748613 0.434683
vt 0.748626 0.434774
vt 0.748643 0.434863
vt 0.748666 0.434948
vt 0.748693 0.435029
vt 0.748725 0.435104
vt 0.748760 0.435174
vt 0.748800 0.435237
vt 0.748842 0.435293
vt 0.748888 0.435342
vt 0.748935 0.435382
vt 0.748985 0.435414
vt 0.749037 0.435436
vt 0.749089 0.435450
vt 0.749142 0.435455
vt 0.750027 0.435455
vt 0.642376 0.766294
vt 0.642425 0.766592
vt 0.639267 0.766599
vt 0.639176 0.766451
vt 0.639086 0.766302
vt 0.750027 0.433179
vt 0.749634 0.421211
vt 0.749634 0.435915
vt 0.969707 0.710893
vt 1.020701 0.710893
vt 1.020701 0.818867
vt 0.969707 0.818867
vt 0.748626 0.434774
vt 0.750028 0.433189
vt 0.750029 0.433198
vt 0.750031 0.433207
vt 0.750033 0.433216
vt 0.750036 0.433224
vt 0.750040 0.433231
vt 0.750044 0.433237
vt 0.750048 0.433243
vt 0.750053 0.433247
vt 0.750058 0.433250
vt 0.750063 0.433252
vt 0.750069 0.433253
vt 0.730383 0.444541
vt 0.713231 0.444541
vt 0.713231 0.444258
vt 0.730383 0.444258
vt 0.713231 0.443980
vt 0.730383 0.443980
vt 0.713231 0.443714
vt 0.730383 0.443714
vt 0.713231 0.443465
vt 0.730383 0.443465
vt 0.713231 0.443238
vt 0.730383 0.443238
vt 0.713231 0.443037
vt 0.730383 0.443037
vt 0.713231 0.442867
vt 0.730383 0.442867
vt 0.713231 0.442731
vt 0.730383 0.442731
vt 0.713231 0.442632
vt 0.730383 0.442632
vt 0.713231 0.442571
vt 0.730383 0.442571
vt 0.361491 0.718559
vt 0.359771 0.718559
vt 0.359771 0.718547
vt 0.360631 0.718547
vt 0.361491 0.718547
vt 0.751070 0.435455
vt 0.751107 0.435450
vt 0.751142 0.435437
vt 0.751176 0.435414
vt 0.751208 0.435383
vt 0.751237 0.435345
vt 0.751262 0.435299
vt 0.751284 0.435247
vt 0.751301 0.435191
vt 0.751314 0.435130
vt 0.751322 0.435067
vt 0.751324 0.435003
vt 0.742968 0.402421
vt 0.751324 0.433253
vt 0.751945 0.452708
vt 0.745164 0.452708
vt 0.745164 0.444541
vt 0.751945 0.444541
vt 0.740237 0.452708
vt 0.740237 0.444541
vt 0.624704 0.726201
vt 0.624619 0.726201
vt 0.624619 0.726200
vt 0.624662 0.726200
vt 0.624704 0.726200
vt 0.362480 0.718559
vt 0.361986 0.718547
vt 0.362480 0.718547
vt 0.751945 0.442632
vt 0.745164 0.442632
vt 0.745164 0.442571
vt 0.751945 0.442571
vt 0.740237 0.442632
vt 0.740237 0.442571
vt 0.751945 0.442731
vt 0.745164 0.442731
vt 0.740237 0.442731
vt 0.751945 0.442867
vt 0.745164 0.442867
vt 0.740237 0.442867
vt 0.751945 0.443037
vt 0.745164 0.443037
vt 0.740237 0.443037
vt 0.751945 0.443238
vt 0.745164 0.443238
vt 0.740237 0.443238
vt 0.751945 0.443465
vt 0.745164 0.443465
vt 0.740237 0.443465
vt 0.751945 0.443714
vt 0.745164 0.443714
vt 0.740237 0.443714
vt 0.751945 0.443980
vt 0.745164 0.443980
vt 0.740237 0.443980
vt 0.751945 0.444258
vt 0.745164 0.444258
vt 0.740237 0.444258
vt 0.619155 0.710893
vt 0.774460 0.710893
vt 0.774460 0.818867
vt 0.619155 0.818867
vt 0.844903 0.916816
vt 0.844903 0.916816
vt 0.844903 0.969909
vt 0.642037 0.764244
vt 0.642187 0.765152
vt 0.638391 0.765163
vt 0.638115 0.764710
vt 0.637838 0.764257
vt 0.114371 0.265242
vt 0.150488 0.265147
vt 0.725270 0.757664
vt 0.684103 0.752654
vt 0.684103 0.752644
vt 0.725270 0.757609
vt 0.582480 0.710303
vt 0.582668 0.710366
vt 0.582480 0.710304
vt 0.582055 0.710302
vt 0.582570 0.710365
vt 0.582570 0.710366
vt 0.582055 0.710303
vt 0.582480 0.710302
vt 0.725270 0.757770
vt 0.684103 0.752674
vt 0.684103 0.752664
vt 0.725270 0.757718
vt 0.582480 0.710302
vt 0.582055 0.710301
vt 0.582570 0.710365
vt 0.582570 0.710365
vt 0.582055 0.710302
vt 0.582480 0.710301
vt 0.725270 0.757866
vt 0.684103 0.752691
vt 0.684103 0.752683
vt 0.725270 0.757820
vt 0.575843 0.706835
vt 0.582030 0.708722
vt 0.582030 0.708724
vt 0.575843 0.706848
vt 0.582055 0.710300
vt 0.582570 0.710365
vt 0.582570 0.710365
vt 0.582055 0.710300
vt 0.582480 0.710300
vt 0.582480 0.710300
vt 0.725270 0.757944
vt 0.684103 0.752706
vt 0.684103 0.752699
vt 0.725270 0.757907
vt 0.691325 0.757944
vt 0.691325 0.757907
vt 0.582055 0.710299
vt 0.582570 0.710365
vt 0.582055 0.710299
vt 0.582480 0.710299
vt 0.582480 0.710299
vt 0.909021 0.884399
vt 0.851875 0.884399
vt 0.851875 0.884328
vt 0.909021 0.884328
vt 0.582480 0.710299
vt 0.582055 0.710298
vt 0.582570 0.710365
vt 0.582055 0.710299
vt 0.582480 0.710298
vt 0.725270 0.758027
vt 0.684103 0.752721
vt 0.684103 0.752719
vt 0.725270 0.758017
vt 0.575843 0.706790
vt 0.582030 0.708716
vt 0.582030 0.708717
vt 0.575843 0.706793
vt 0.313749 0.510372
vt 0.314371 0.514130
vt 0.314214 0.514123
vt 0.313600 0.510365
vt 0.582480 0.710298
vt 0.582480 0.710298
vt 0.751945 0.459643
vt 0.745164 0.459643
vt 0.740237 0.459643
vt 0.723312 0.419228
vt 0.760293 0.419228
vt 0.760293 0.449092
vt 0.723312 0.449092
vt 0.787166 0.419228
vt 0.787166 0.449092
vt 0.751945 0.460057
vt 0.745164 0.460057
vt 0.740237 0.460057
vt 0.751945 0.460467
vt 0.745164 0.460467
vt 0.740237 0.460467
vt 0.723312 0.471144
vt 0.760293 0.471144
vt 0.760293 0.471693
vt 0.723312 0.471693
vt 0.787166 0.471144
vt 0.787166 0.471693
vt 0.723312 0.470382
vt 0.760293 0.470382
vt 0.787166 0.470382
vt 0.723312 0.469415
vt 0.760293 0.469415
vt 0.787166 0.469415
vt 0.723312 0.468252
vt 0.760293 0.468252
vt 0.787166 0.468252
vt 0.723312 0.466905
vt 0.760293 0.466905
vt 0.787166 0.466905
vt 0.723312 0.465387
vt 0.760293 0.465387
vt 0.787166 0.465387
vt 0.723312 0.463711
vt 0.760293 0.463711
vt 0.787166 0.463711
vt 0.723312 0.461895
vt 0.760293 0.461895
vt 0.787166 0.461895
vt 0.723312 0.459955
vt 0.760293 0.459955
vt 0.787166 0.459955
vt 0.723312 0.457911
vt 0.760293 0.457911
vt 0.787166 0.457911
vt 0.723312 0.455781
vt 0.760293 0.455781
vt 0.787166 0.455781
vt 0.723312 0.453588
vt 0.760293 0.453588
vt 0.787166 0.453588
vt 0.723312 0.451351
vt 0.760293 0.451351
vt 0.787166 0.451351
vt 0.108649 0.175645
vt 0.105932 0.174484
vt 0.227468 0.173543
vt 0.229055 0.174722
vt 0.443593 0.372648
vt 0.443586 0.372634
vt 0.443587 0.372634
vt 0.280878 0.278675
vt 0.443618 0.373071
vt 0.443618 0.373071
vt 0.444182 0.372653
vt 0.443596 0.372658
vt 0.444183 0.372644
vt 0.443169 0.372661
vt 0.443164 0.372652
vt 0.444182 0.372666
vt 0.443598 0.372670
vt 0.356132 0.530792
vt 0.352237 0.530792
vt 0.352237 0.530628
vt 0.356132 0.530628
vt 0.444181 0.372682
vt 0.443600 0.372686
vt 0.443178 0.372689
vt 0.443174 0.372674
vt 0.444181 0.372700
vt 0.443603 0.372705
vt 0.443183 0.372708
vt 0.444181 0.372722
vt 0.443605 0.372726
vt 0.443187 0.372729
vt 0.444180 0.372746
vt 0.443607 0.372750
vt 0.443191 0.372753
vt 0.444180 0.372772
vt 0.443609 0.372776
vt 0.443194 0.372779
vt 0.444180 0.372801
vt 0.443611 0.372804
vt 0.443197 0.372807
vt 0.444179 0.372831
vt 0.443612 0.372835
vt 0.443200 0.372837
vt 0.444179 0.372862
vt 0.443614 0.372866
vt 0.443203 0.372869
vt 0.444179 0.372895
vt 0.443615 0.372899
vt 0.443205 0.372901
vt 0.444179 0.372929
vt 0.443616 0.372932
vt 0.443207 0.372935
vt 0.444179 0.372963
vt 0.443617 0.372967
vt 0.443208 0.372969
vt 0.444179 0.372998
vt 0.443617 0.373001
vt 0.443209 0.373004
vt 0.444179 0.373033
vt 0.443618 0.373036
vt 0.443210 0.373038
vt 0.444179 0.373068
vt 0.443210 0.373073
vt 0.723312 0.160250
vt 0.760293 0.160250
vt 0.760293 0.211293
vt 0.723312 0.211293
vt 0.787166 0.160250
vt 0.787166 0.211293
vt 0.308162 0.524548
vt 0.311123 0.524548
vt 0.311123 0.525415
vt 0.308162 0.525415
vt 0.482936 0.420926
vt 0.482936 0.425689
vt 0.482937 0.425689
vt 0.452655 0.416121
vt 0.468919 0.416121
vt 0.468919 0.420926
vt 0.452655 0.420926
vt 0.482936 0.416121
vt 0.836672 0.815556
vt 0.836672 0.867270
vt 0.844903 0.860709
vt 0.560281 0.815556
vt 0.708731 0.815556
vt 0.708731 0.867270
vt 0.560281 0.867270
vt 0.619155 0.596792
vt 0.774460 0.596792
vt 0.969707 0.596792
vt 1.020701 0.596792
vt 0.863693 0.596792
vt 0.863693 0.710893
vt 0.908309 0.596792
vt 0.908309 0.710893
vt 0.794025 0.815556
vt 0.794025 0.867270
vt 0.478264 0.416121
vt 0.478264 0.420926
vt 0.478264 0.425689
vt 0.468919 0.425689
vt 0.663144 0.321417
vt 0.662385 0.455566
vt 0.663333 0.287997
vt 0.443618 0.373036
vt 0.443617 0.373001
vt 0.443617 0.372967
vt 0.443612 0.372835
vt 0.443611 0.372805
vt 0.443603 0.372705
vt 0.443601 0.372686
vt 0.358080 0.530792
vt 0.358080 0.530628
vt 0.443210 0.373073
vt 0.442287 0.372644
vt 0.443154 0.372637
vt 0.662278 0.474573
vt 0.662278 0.474573
vt 0.662260 0.475996
vt 0.662260 0.475996
vt 0.662223 0.477379
vt 0.662223 0.477379
vt 0.662168 0.478709
vt 0.662168 0.478709
vt 0.662095 0.479972
vt 0.720403 0.452505
vt 0.720389 0.452692
vt 0.778947 0.307991
vt 0.778850 0.307949
vt 0.778946 0.307998
vt 0.778753 0.307899
vt 0.778754 0.307898
vt 0.778754 0.307897
vt 0.778754 0.307897
vt 0.778945 0.308218
vt 0.778754 0.307896
vt 0.779135 0.308539
vt 0.778945 0.308216
vt 0.779135 0.308538
vt 0.778755 0.307894
vt 0.778755 0.307893
vt 0.778755 0.307893
vt 0.778755 0.307891
vt 0.778756 0.307891
vt 0.726889 0.471024
vt 0.726889 0.471024
vt 0.726889 0.470642
vt 0.726889 0.470249
vt 0.726889 0.470249
vt 0.726889 0.469848
vt 0.726889 0.469444
vt 0.726889 0.462667
vt 0.726889 0.462667
vt 0.851875 0.884492
vt 0.851875 0.884482
vt 0.851875 0.884482
vt 0.810349 0.884492
vt 0.810349 0.884482
vt 0.851875 0.884451
vt 0.851875 0.884451
vt 0.582301 0.710298
vt 0.582301 0.710298
vt 0.705611 0.758016
vt 0.691325 0.758016
vt 0.691325 0.757999
vt 0.705611 0.757999
vt 0.851875 0.884328
vt 0.571877 0.706798
vt 0.575843 0.706798
vt 0.575843 0.706805
vt 0.571877 0.706805
vt 0.851875 0.884239
vt 0.582301 0.710299
vt 0.582301 0.710299
vt 0.851875 0.884133
vt 0.851875 0.884133
vt 0.571877 0.706813
vt 0.575843 0.706813
vt 0.575843 0.706823
vt 0.571877 0.706823
vt 0.851875 0.884013
vt 0.851875 0.884013
vt 0.571877 0.706835
vt 0.851875 0.883879
vt 0.582301 0.710300
vt 0.582301 0.710301
vt 0.851875 0.883736
vt 0.571877 0.706848
vt 0.575843 0.706861
vt 0.571877 0.706861
vt 0.851875 0.883584
vt 0.851875 0.883584
vt 0.582301 0.710302
vt 0.582301 0.710302
vt 0.851875 0.883426
vt 0.851875 0.883426
vt 0.571877 0.706876
vt 0.575843 0.706876
vt 0.575843 0.706891
vt 0.571877 0.706891
vt 0.851875 0.883266
vt 0.582301 0.710303
vt 0.582301 0.710304
vt 0.642274 0.765674
vt 0.638708 0.765684
vt 0.638550 0.765423
vt 0.642317 0.765935
vt 0.638867 0.765944
vt 0.638788 0.765814
vt 0.863693 0.818867
vt 0.908309 0.818867
vt 0.726889 0.454686
vt 0.726889 0.454686
vt 0.726889 0.454409
vt 0.726889 0.454409
vt 0.353965 0.717979
vt 0.353472 0.717979
vt 0.353472 0.717966
vt 0.353965 0.717966
vt 0.726889 0.454138
vt 0.726889 0.453878
vt 0.726889 0.453635
vt 0.922327 0.468643
vt 0.922327 0.468477
vt 0.922327 0.468477
vt 0.922327 0.468280
vt 0.922327 0.468058
vt 0.922327 0.468058
vt 0.922327 0.467814
vt 0.922327 0.467814
vt 0.922327 0.467553
vt 0.922327 0.467553
vt 0.922327 0.467282
vt 0.922327 0.467282
vt 0.922327 0.467004
vt 0.362974 0.718559
vt 0.362727 0.718547
vt 0.362974 0.718547
vt 0.692598 0.211293
vt 0.692598 0.419228
vt 0.692598 0.160250
vt 0.444645 0.373065
vt 0.444645 0.373030
vt 0.444645 0.372995
vt 0.444646 0.372960
vt 0.444647 0.372926
vt 0.444648 0.372892
vt 0.444649 0.372859
vt 0.444650 0.372828
vt 0.444652 0.372797
vt 0.444654 0.372769
vt 0.444656 0.372743
vt 0.444659 0.372718
vt 0.444661 0.372697
vt 0.444664 0.372678
vt 0.444667 0.372662
vt 0.444670 0.372650
vt 0.444673 0.372640
vt 0.692598 0.449092
vt 0.692598 0.451351
vt 0.692598 0.453588
vt 0.692598 0.455781
vt 0.692598 0.457911
vt 0.692598 0.459955
vt 0.692598 0.461895
vt 0.692598 0.463711
vt 0.692598 0.465387
vt 0.692598 0.466905
vt 0.692598 0.468252
vt 0.692598 0.469415
vt 0.692598 0.470382
vt 0.692598 0.471144
vt 0.692598 0.471693
vt 0.757576 0.460467
vt 0.757576 0.460057
vt 0.757576 0.459643
vt 0.757576 0.452708
vt 0.623323 0.742820
vt 0.623274 0.742522
vt 0.623288 0.742523
vt 0.623337 0.742821
vt 0.582488 0.710365
vt 0.582055 0.710298
vt 0.690698 0.752719
vt 0.725270 0.757999
vt 0.690698 0.752716
vt 0.582488 0.710365
vt 0.690698 0.752711
vt 0.725270 0.757974
vt 0.690698 0.752706
vt 0.579162 0.708719
vt 0.566419 0.706813
vt 0.566419 0.706823
vt 0.579162 0.708721
vt 0.690698 0.752699
vt 0.690698 0.752691
vt 0.582488 0.710365
vt 0.582488 0.710365
vt 0.582488 0.710365
vt 0.579162 0.708726
vt 0.566419 0.706861
vt 0.566419 0.706876
vt 0.579162 0.708727
vt 0.690698 0.752664
vt 0.690698 0.752654
vt 0.582488 0.710366
vt 0.582055 0.710304
vt 0.582488 0.710366
vt 0.757576 0.444541
vt 0.757576 0.444258
vt 0.757576 0.443980
vt 0.757576 0.443714
vt 0.757576 0.443465
vt 0.757576 0.443238
vt 0.757576 0.443037
vt 0.757576 0.442867
vt 0.757576 0.442731
vt 0.757576 0.442632
vt 0.757576 0.442571
vt 0.364219 0.718559
vt 0.363654 0.718559
vt 0.363654 0.718547
vt 0.363937 0.718547
vt 0.364219 0.718547
vt 0.638976 0.766123
vt 0.482936 0.424920
vt 0.444179 0.373067
vt 0.596868 0.776786
vt 0.565174 0.776786
vt 0.565174 0.743160
vt 0.596868 0.743160
vt 0.662758 0.776786
vt 0.635028 0.776786
vt 0.635028 0.743160
vt 0.662758 0.743161
vt 0.389809 0.831576
vt 0.421509 0.831576
vt 0.421509 0.874984
vt 0.389809 0.874984
vt 0.018811 0.831576
vt 0.115358 0.831576
vt 0.115358 0.874984
vt 0.018811 0.874984
vt 0.514972 0.903469
vt 0.513582 0.956006
vt 0.170829 0.831576
vt 0.226301 0.831576
vt 0.226301 0.874984
vt 0.170829 0.874984
vt 0.254036 0.831576
vt 0.281772 0.831576
vt 0.281772 0.874984
vt 0.254036 0.874984
vt 0.319940 0.831576
vt 0.358109 0.831576
vt 0.358109 0.874984
vt 0.319940 0.874984
vt 0.281772 0.788168
vt 0.319940 0.788168
vt 0.358109 0.788168
vt 0.226301 0.788168
vt 0.254036 0.788168
vt 0.115358 0.788168
vt 0.170829 0.788168
vt 0.516361 0.850931
vt -0.077735 0.831576
vt -0.077735 0.874984
vt -0.077735 0.788168
vt 0.018811 0.788168
vt 0.389809 0.788168
vt 0.421509 0.788168
s 1
usemtl Material.018
f 2272/1818/990 1796/1819/990 1797/1820/990 2213/1821/990
f 2213/1821/990 1797/1820/990 1799/1822/990 2214/1823/990
f 1947/1824/991 1809/1825/991 1803/1826/991 1941/1827/991
f 1934/1828/991 1794/1829/991 1809/1825/991 1947/1824/991
f 1810/1830/992 1813/1831/992 1812/1832/992
f 1813/1831/992 1814/1833/992 1812/1832/992
f 1814/1833/992 1815/1834/992 1812/1832/992
f 1815/1834/992 1816/1835/992 1812/1832/992
f 1816/1835/992 1817/1836/992 1812/1832/992
f 1817/1836/992 1818/1837/992 1812/1832/992
f 1818/1837/992 1819/1838/992 1812/1832/992
f 1819/1838/992 1820/1839/992 1812/1832/992
f 1820/1839/992 1821/1840/992 1812/1832/992
f 1821/1840/992 1822/1841/992 1812/1832/992
f 1822/1841/992 1823/1842/992 1812/1832/992
f 1823/1842/992 1824/1843/992 1812/1832/992
f 1824/1843/992 1825/1844/992 1812/1832/992
f 1825/1844/992 1826/1845/992 1812/1832/992
f 1826/1845/992 1827/1846/992 1812/1832/992
f 1827/1846/992 1811/1847/992 1812/1832/992
f 1828/1847/993 1831/1846/993 1830/1832/993
f 1831/1846/993 1832/1845/993 1830/1832/993
f 1832/1845/993 1833/1844/993 1830/1832/993
f 1833/1844/993 1834/1843/993 1830/1832/993
f 1834/1843/993 1835/1842/993 1830/1832/993
f 1835/1842/993 1836/1841/993 1830/1832/993
f 1836/1841/993 1837/1840/993 1830/1832/993
f 1837/1840/993 1838/1839/993 1830/1832/993
f 1838/1839/993 1839/1838/993 1830/1832/993
f 1839/1838/993 1840/1837/993 1830/1832/993
f 1840/1837/993 1841/1836/993 1830/1832/993
f 1841/1836/993 1842/1835/993 1830/1832/993
f 1842/1835/993 1843/1834/993 1830/1832/993
f 1843/1834/993 1844/1833/993 1830/1832/993
f 1844/1848/993 1845/1849/993 1830/1850/993
f 1845/1849/993 1829/1851/993 1830/1850/993
f 1950/1852/994 1811/1853/994 1827/1854/995 1951/1855/995
f 1951/1855/995 1827/1854/995 1826/1856/996 1953/1857/996
f 1953/1857/996 1826/1856/996 1825/1858/997 1955/1859/997
f 1955/1859/997 1825/1858/997 1824/1860/998 1957/1861/998
f 1957/1861/998 1824/1860/998 1823/1862/999 1959/1863/999
f 1959/1863/999 1823/1862/999 1822/1864/1000 1961/1865/1000
f 1961/1865/1000 1822/1864/1000 1821/1866/1001 1963/1867/1001
f 1963/1867/1001 1821/1866/1001 1820/1868/1002 1965/1869/1002
f 1965/1869/1002 1820/1868/1002 1819/1870/1003 1967/1871/1003
f 1967/1871/1003 1819/1870/1003 1818/1872/1004 1969/1873/1004
f 1969/1873/1004 1818/1872/1004 1817/1874/1005 1971/1875/1005
f 1971/1875/1005 1817/1874/1005 1816/1876/1006 1973/1877/1006
f 1973/1877/1006 1816/1876/1006 1815/1878/1007 1975/1879/1007
f 1975/1879/1007 1815/1878/1007 1814/1880/1008 1977/1881/1008
f 1977/1881/1008 1814/1880/1008 1813/1882/1009 1979/1883/1009
f 1979/1883/1009 1813/1882/1009 1810/1884/1010 1981/1885/1011
f 2276/1886/1012 1828/1886/1012 1806/1886/1012 2275/1886/1012
f 2232/1887/1011 2214/1823/1012 1799/1822/1012 1829/1888/1010
f 1794/1889/1012 1795/1890/1012 1798/1890/1012 1810/1891/1010 1812/1889/1012
f 1794/1892/992 1812/1832/992 1811/1847/992 1807/1847/992 1809/1893/992
f 1797/1894/1012 1796/1895/1012 1830/1896/1012 1829/1897/1010 1799/1894/1012
f 1828/1847/993 1830/1832/993 1796/1892/993 1808/1893/993 1806/1847/993
f 1984/1898/1013 1864/1899/1013 1879/1900/1014 1985/1901/1014
f 1985/1901/1014 1879/1900/1014 1878/1902/1015 1987/1903/1015
f 1987/1903/1015 1878/1902/1015 1877/1904/1016 1989/1905/1016
f 1989/1905/1016 1877/1904/1016 1876/1906/1017 1991/1907/1017
f 1991/1907/1017 1876/1906/1017 1875/1908/1018 1993/1909/1018
f 1993/1909/1018 1875/1908/1018 1874/1910/1019 1995/1911/1019
f 1995/1911/1019 1874/1910/1019 1873/1912/1020 1997/1913/1020
f 1997/1913/1020 1873/1912/1020 1872/1914/1021 1999/1915/1021
f 1999/1915/1021 1872/1914/1021 1871/1916/1022 2001/1917/1022
f 2001/1917/1022 1871/1916/1022 1870/1918/1023 2003/1919/1023
f 2003/1919/1023 1870/1918/1023 1869/1920/1024 2005/1921/1024
f 2005/1921/1024 1869/1920/1024 1868/1922/1025 2007/1923/1025
f 2007/1923/1025 1868/1922/1025 1867/1924/1026 2009/1925/1026
f 2009/1925/1026 1867/1924/1026 1866/1926/1027 2011/1927/1027
f 2011/1928/1027 1866/1929/1027 1865/1930/1028 2013/1931/1028
f 2013/1931/1028 1865/1930/1028 1863/1932/1029 2015/1933/1029
f 1941/1827/991 1803/1826/991 1864/1899/1013 1984/1898/1013
f 2015/1933/1029 1863/1932/1029 1801/1934/1012 1940/1935/1012
f 1880/1936/993 1884/1937/993 1885/1938/993 1886/1939/993 1887/1940/993 1888/1941/993 1889/1942/993 1890/1943/993 1891/1944/993 1892/1945/993 1893/1946/993 1894/1947/993 1881/1948/993 1882/1949/993 1883/1950/993
f 2018/1951/1030 1896/1952/1030 1908/1953/1031 2019/1954/1031
f 2019/1955/1031 1908/1956/1031 1907/1956/1032 2021/1955/1032
f 2021/1955/1032 1907/1956/1032 1906/1956/1033 2023/1955/1034
f 2023/1957/1034 1906/1958/1033 1905/1959/1035 2025/1960/1035
f 2025/1961/1035 1905/1962/1035 1904/1962/1036 2027/1961/1036
f 2027/1963/1036 1904/1964/1036 1903/1965/1037 2029/1966/1037
f 2029/1967/1037 1903/1968/1037 1902/1969/1038 2031/1970/1038
f 2031/1971/1038 1902/1972/1038 1901/1973/1039 2033/1974/1039
f 2033/1975/1039 1901/1976/1039 1900/1977/1040 2035/1978/1040
f 2035/1978/1040 1900/1977/1040 1899/1979/1041 2037/1980/1041
f 2037/1980/1041 1899/1979/1041 1898/1981/1042 2039/1982/1042
f 2039/1983/1042 1898/1984/1042 1895/1985/1043 2041/1986/1043
f 1883/1987/993 1882/1988/993 1802/1989/993 1846/1990/993 1848/1991/993 1849/1992/993 1850/1993/993 1851/1994/993 1852/1995/993 1853/1996/993 1854/1997/993 1855/1998/993 1856/1999/993 1857/2000/993 1858/2001/993 1859/2002/993 1860/2003/993 1861/2004/993 1862/2005/993 1847/2006/993 1800/2007/993
f 2278/2008/1030 1880/2009/1030 1804/2010/990 2303/2011/990 2274/2012/990
f 1806/1847/993 1808/1893/993 1802/1989/993 1882/1988/993 1881/2013/993 2067/2014/993 2068/2015/993
f 2281/2016/1044 2067/2017/1044 1881/2018/1043 2260/2019/1043
f 1803/1989/992 1897/1987/992 1801/2007/992 1863/2006/992 1865/2005/992 1866/2004/992 1867/2003/992 1868/2002/992 1869/2001/992 1870/2000/992 1871/1999/992 1872/1998/992 1873/1997/992 1874/1996/992 1875/1995/992 1876/1994/992 1877/2020/992 1878/1992/992 1879/1991/992 1864/1990/992
f 1809/1893/992 1807/1847/992 2070/2015/992 2069/2014/992 1895/2013/992 1898/2021/992 1899/2022/992 1900/2023/992 1901/2024/992 1902/2025/992 1903/2026/992 1904/2027/992 1905/2028/992 1906/2029/992 1907/2030/992 1908/2031/992 1896/2032/992 1897/1987/992 1803/1989/992
f 2044/2033/1045 1922/2034/1045 1932/2035/1046 2045/2036/1046
f 2045/2036/1046 1932/2035/1046 1931/2037/1047 2047/2038/1047
f 2047/2038/1047 1931/2037/1047 1930/2039/1048 2049/2040/1048
f 2049/2040/1048 1930/2039/1048 1929/2041/1049 2051/2042/1049
f 2051/2042/1049 1929/2041/1049 1928/2043/1050 2053/2044/1051
f 2053/2044/1051 1928/2043/1050 1927/2045/1052 2055/2046/1053
f 2055/2046/1053 1927/2045/1052 1926/2047/1054 2057/2048/1054
f 2057/2048/1054 1926/2047/1054 1925/2049/1055 2059/2050/1055
f 2059/2050/1055 1925/2049/1055 1924/2051/1056 2061/2052/1056
f 2061/2052/1056 1924/2051/1056 1923/2053/1057 2063/2054/1057
f 2063/2055/1057 1923/2056/1057 1921/2057/1058 2298/2058/1058 2065/2059/1058
f 1940/1935/1012 1801/1934/1012 1922/2034/1045 2044/2033/1045
f 1880/2032/993 1883/1987/993 1800/2007/993 1909/2060/993 1911/2061/993 1912/2062/993 1913/2063/993 1914/2064/993 1915/2065/993 1916/2066/993 1917/2067/993 1918/2068/993 1919/2069/993 1920/2070/993 1910/2071/993 2295/2072/993 1804/2073/993
f 1801/2007/992 1897/1987/992 1896/2032/992 1805/2073/992 2294/2072/992 1921/2071/992 1923/2070/992 1924/2069/992 1925/2068/992 1926/2067/992 1927/2066/992 1928/2065/992 1929/2064/992 1930/2063/992 1931/2062/992 1932/2061/992 1922/2060/992
f 2273/2074/1012 1939/2075/1012 2043/2076/1059 2279/2077/1045
f 2082/2078/1012 1940/1935/1012 2044/2033/1045 2186/2079/1045
f 2270/2080/1057 2064/2081/1057 2066/2082/1058 2302/2083/1058 2271/2084/1058
f 2205/2085/1057 2063/2055/1057 2065/2059/1058 2300/2086/1058 2207/2087/1058
f 2269/2088/1056 2062/2089/1056 2064/2090/1057 2270/2091/1057
f 2203/2092/1056 2061/2052/1056 2063/2054/1057 2205/2093/1057
f 2268/2094/1055 2060/2095/1055 2062/2089/1056 2269/2088/1056
f 2201/2096/1055 2059/2050/1055 2061/2052/1056 2203/2092/1056
f 2267/2097/1054 2058/2098/1054 2060/2095/1055 2268/2094/1055
f 2199/2099/1054 2057/2048/1054 2059/2050/1055 2201/2096/1055
f 2266/2100/1052 2056/2101/1052 2058/2098/1054 2267/2097/1054
f 2197/2102/1053 2055/2046/1053 2057/2048/1054 2199/2099/1054
f 2265/2103/1051 2054/2104/1051 2056/2101/1052 2266/2100/1052
f 2195/2105/1051 2053/2044/1051 2055/2046/1053 2197/2102/1053
f 2264/2106/1049 2052/2107/1060 2054/2104/1051 2265/2103/1051
f 2193/2108/1049 2051/2042/1049 2053/2044/1051 2195/2105/1051
f 2263/2109/1048 2050/2110/1061 2052/2107/1060 2264/2106/1049
f 2191/2111/1048 2049/2040/1048 2051/2042/1049 2193/2108/1049
f 2262/2112/1047 2048/2113/1062 2050/2110/1061 2263/2109/1048
f 2189/2114/1047 2047/2038/1047 2049/2040/1048 2191/2111/1048
f 2261/2115/1046 2046/2116/1063 2048/2113/1062 2262/2112/1047
f 2187/2117/1046 2045/2036/1046 2047/2038/1047 2189/2114/1047
f 2279/2077/1045 2043/2076/1059 2046/2116/1063 2261/2115/1046
f 2186/2079/1045 2044/2033/1045 2045/2036/1046 2187/2117/1046
f 2069/2118/1044 2072/2119/1044 2041/2120/1043 1895/2121/1043
f 2211/2122/1012 2074/2123/1012 2042/2124/1012 2184/2124/1012
f 1896/2125/1030 2018/2126/1030 1944/2127/990 2292/2128/990 1805/2129/990
f 2159/2130/1012 2017/2130/1012 1943/2131/1012 2085/2131/1012
f 2259/2132/1042 2040/2133/1042 2042/2134/1043 2260/2135/1043
f 2181/2136/1042 2039/1982/1042 2041/2137/1043 2183/2138/1043
f 2258/2139/1041 2038/2140/1041 2040/2141/1042 2259/2142/1042
f 2179/2143/1041 2037/1980/1041 2039/1982/1042 2181/2136/1042
f 2257/2144/1040 2036/2145/1040 2038/2146/1041 2258/2147/1041
f 2177/2148/1040 2035/1978/1040 2037/1980/1041 2179/2143/1041
f 2256/2149/1039 2034/2150/1039 2036/2151/1040 2257/2152/1040
f 2175/2153/1039 2033/1975/1039 2035/1978/1040 2177/2148/1040
f 2255/2154/1064 2032/2155/1064 2034/2156/1039 2256/2157/1039
f 2173/2158/1064 2031/2159/1038 2033/2160/1039 2175/2161/1039
f 2254/2162/1037 2030/2163/1037 2032/2164/1064 2255/2165/1064
f 2171/2166/1037 2029/1967/1037 2031/1970/1038 2173/2167/1064
f 2253/2168/1065 2028/2169/1066 2030/2170/1037 2254/2171/1037
f 2169/2172/1066 2027/1963/1036 2029/1966/1037 2171/2173/1037
f 2252/2174/1035 2026/2175/1035 2028/2175/1066 2253/2176/1065
f 2167/2177/1035 2025/1961/1035 2027/1961/1036 2169/2178/1066
f 2251/2179/1034 2024/2180/1033 2026/2181/1035 2252/2182/1035
f 2165/2183/1034 2023/1955/1034 2025/1961/1035 2167/2177/1035
f 2250/2184/1032 2022/2185/1032 2024/2185/1033 2251/2186/1034
f 2163/2187/1032 2021/1955/1032 2023/1955/1034 2165/2183/1034
f 2249/2188/1031 2020/2189/1031 2022/2190/1032 2250/2191/1032
f 2161/2192/1031 2019/2193/1031 2021/2194/1032 2163/2195/1032
f 2278/2196/1030 2017/2197/1030 2020/2198/1031 2249/2199/1031
f 2160/2200/1030 2018/1955/1030 2019/1955/1031 2161/2201/1031
f 2248/2202/1029 2016/2203/1067 1939/2075/1012 2273/2074/1012
f 2157/2204/1068 2015/1933/1029 1940/1935/1012 2082/2078/1012
f 2215/2205/991 1942/2206/991 1983/2207/1013 2277/2208/1013
f 2083/2209/991 1941/1827/991 1984/1898/1013 2126/2210/1013
f 2247/2211/1028 2014/2212/1069 2016/2203/1067 2248/2202/1029
f 2155/2213/1028 2013/1931/1028 2015/1933/1029 2157/2204/1068
f 2246/2214/1027 2012/2215/1028 2014/2212/1069 2247/2211/1028
f 2153/2216/1027 2011/1928/1027 2013/1931/1028 2155/2213/1028
f 2245/2217/1026 2010/2218/1070 2012/2219/1028 2246/2220/1027
f 2151/2221/1026 2009/1925/1026 2011/1927/1027 2153/2222/1027
f 2244/2223/1025 2008/2224/1071 2010/2218/1070 2245/2217/1026
f 2149/2225/1025 2007/1923/1025 2009/1925/1026 2151/2221/1026
f 2243/2226/1024 2006/2227/1072 2008/2224/1071 2244/2223/1025
f 2147/2228/1024 2005/1921/1024 2007/1923/1025 2149/2225/1025
f 2242/2229/1023 2004/2230/1023 2006/2227/1072 2243/2226/1024
f 2145/2231/1023 2003/1919/1023 2005/1921/1024 2147/2228/1024
f 2241/2232/1022 2002/2233/1022 2004/2230/1023 2242/2229/1023
f 2143/2234/1022 2001/1917/1022 2003/1919/1023 2145/2231/1023
f 2240/2235/1021 2000/2236/1021 2002/2233/1022 2241/2232/1022
f 2141/2237/1021 1999/1915/1021 2001/1917/1022 2143/2234/1022
f 2239/2238/1020 1998/2239/1020 2000/2236/1021 2240/2235/1021
f 2139/2240/1020 1997/1913/1020 1999/1915/1021 2141/2237/1021
f 2238/2241/1019 1996/2242/1019 1998/2239/1020 2239/2238/1020
f 2137/2243/1019 1995/1911/1019 1997/1913/1020 2139/2240/1020
f 2237/2244/1018 1994/2245/1018 1996/2242/1019 2238/2241/1019
f 2135/2246/1018 1993/1909/1018 1995/1911/1019 2137/2243/1019
f 2236/2247/1017 1992/2248/1017 1994/2245/1018 2237/2244/1018
f 2133/2249/1017 1991/1907/1017 1993/1909/1018 2135/2246/1018
f 2235/2250/1016 1990/2251/1016 1992/2248/1017 2236/2247/1017
f 2131/2252/1016 1989/1905/1016 1991/1907/1017 2133/2249/1017
f 2234/2253/1015 1988/2254/1015 1990/2251/1016 2235/2250/1016
f 2129/2255/1015 1987/1903/1015 1989/1905/1016 2131/2252/1016
f 2233/2256/1014 1986/2257/1014 1988/2254/1015 2234/2253/1015
f 2127/2258/1014 1985/1901/1014 1987/1903/1015 2129/2255/1015
f 2277/2208/1013 1983/2207/1013 1986/2257/1014 2233/2256/1014
f 2126/2210/1013 1984/1898/1013 1985/1901/1014 2127/2258/1014
f 1810/2259/1010 1798/2260/1012 1937/2261/1012 1981/2262/1011
f 2124/2263/1010 2080/2264/1012 1938/2265/1012 1982/2263/1010
f 1811/2266/1012 1950/2266/1012 1946/2266/1012 1807/2266/1012
f 2091/2267/1012 1949/2267/1012 1945/2267/1012 2087/2268/1012
f 2231/2269/1009 1980/2270/1073 1982/2263/1010 2232/2271/1011
f 2121/2272/1009 1979/1883/1009 1981/1885/1011 2123/2273/1011
f 2230/2274/1008 1978/2275/1074 1980/2270/1073 2231/2269/1009
f 2119/2276/1008 1977/2277/1008 1979/2278/1009 2121/2279/1009
f 2229/2280/1007 1976/2281/1075 1978/2275/1074 2230/2274/1008
f 2117/2282/1007 1975/1879/1007 1977/1881/1008 2119/2283/1008
f 2228/2284/1006 1974/2285/1008 1976/2281/1075 2229/2280/1007
f 2115/2286/1006 1973/1877/1006 1975/1879/1007 2117/2282/1007
f 2227/2287/1005 1972/2288/1076 1974/2285/1008 2228/2284/1006
f 2113/2289/1005 1971/1875/1005 1973/1877/1006 2115/2286/1006
f 2226/2290/1004 1970/2291/1004 1972/2288/1076 2227/2287/1005
f 2111/2292/1004 1969/1873/1004 1971/1875/1005 2113/2289/1005
f 2225/2293/1003 1968/2294/1003 1970/2291/1004 2226/2290/1004
f 2109/2295/1003 1967/1871/1003 1969/1873/1004 2111/2292/1004
f 2224/2296/1002 1966/2297/1002 1968/2294/1003 2225/2293/1003
f 2107/2298/1002 1965/1869/1002 1967/1871/1003 2109/2295/1003
f 2223/2299/1001 1964/2300/1001 1966/2297/1002 2224/2296/1002
f 2105/2301/1001 1963/1867/1001 1965/1869/1002 2107/2298/1002
f 2222/2302/1000 1962/2303/1000 1964/2300/1001 2223/2299/1001
f 2103/2304/1000 1961/1865/1000 1963/1867/1001 2105/2301/1001
f 2221/2305/999 1960/2306/999 1962/2303/1000 2222/2302/1000
f 2101/2307/999 1959/1863/999 1961/1865/1000 2103/2304/1000
f 2220/2308/998 1958/2309/998 1960/2306/999 2221/2305/999
f 2099/2310/998 1957/1861/998 1959/1863/999 2101/2307/999
f 2219/2311/997 1956/2312/997 1958/2309/998 2220/2308/998
f 2097/2313/997 1955/1859/997 1957/1861/998 2099/2310/998
f 2218/2314/996 1954/2315/996 1956/2312/997 2219/2311/997
f 2095/2316/996 1953/1857/996 1955/1859/997 2097/2313/997
f 2217/2317/995 1952/2318/995 1954/2315/996 2218/2314/996
f 2093/2319/995 1951/1855/995 1953/1857/996 2095/2316/996
f 2276/2320/994 1949/2267/994 1952/2318/995 2217/2317/995
f 2092/2321/994 1950/1852/994 1951/1855/995 2093/2319/995
f 2272/2322/991 1933/2323/991 1948/2324/991 2216/2325/991
f 2076/2326/991 1934/1828/991 1947/1824/991 2089/2327/991
f 2216/2325/991 1948/2324/991 1942/2206/991 2215/2205/991
f 2089/2327/991 1947/1824/991 1941/1827/991 2083/2209/991
f 1795/2328/990 1935/2329/990 1937/2330/990 1798/2331/990
f 2078/2332/1012 1936/2332/1012 1938/2333/1012 2080/2334/1012
f 1794/2335/990 1934/2336/990 1935/2337/990 1795/2338/990
f 2075/2339/1012 1933/2339/1012 1936/2332/1012 2078/2332/1012
f 2087/2340/1012 1945/2340/1012 2073/2341/1012 2209/2341/1012
f 2209/2342/1012 2073/2342/1012 2074/2123/1012 2211/2122/1012
f 1807/2343/1044 1946/2344/1044 2071/2345/1044 2070/2346/1044
f 2070/2347/1044 2071/2348/1044 2072/2119/1044 2069/2118/1044
f 2280/2349/1044 2068/2350/1044 2067/2017/1044 2281/2016/1044
f 2071/2348/1044 2210/2351/1044 2212/2352/1044 2072/2119/1044
f 2210/2351/1044 2209/2353/1044 2211/2354/1044 2212/2352/1044
f 1946/2344/1044 2088/2355/1044 2210/2356/1044 2071/2345/1044
f 1934/2336/990 2076/2357/990 2077/2358/990 1935/2337/990
f 2076/2357/990 2075/2339/990 2078/2332/990 2077/2358/990
f 1935/2337/990 2077/2358/990 2079/2359/990 1937/2360/990
f 2077/2358/990 2078/2332/990 2080/2334/990 2079/2359/990
f 1948/2361/1012 2090/2361/1012 2084/2362/1012 1942/2362/1012
f 2090/2324/991 2089/2327/991 2083/2209/991 2084/2206/991
f 1933/2363/1012 2075/2363/1012 2090/2361/1012 1948/2361/1012
f 2075/2323/991 2076/2326/991 2089/2327/991 2090/2324/991
f 1949/2267/1012 2091/2267/1012 2094/2364/1012 1952/2318/1012
f 2091/2267/994 2092/2321/994 2093/2319/995 2094/2364/995
f 1952/2318/1012 2094/2364/1012 2096/2365/1012 1954/2315/1012
f 2094/2364/995 2093/2319/995 2095/2316/996 2096/2365/996
f 1954/2315/1012 2096/2365/1012 2098/2366/1012 1956/2312/1012
f 2096/2365/996 2095/2316/996 2097/2313/997 2098/2366/997
f 1956/2312/1012 2098/2366/1012 2100/2309/1012 1958/2309/1012
f 2098/2366/997 2097/2313/997 2099/2310/998 2100/2309/998
f 1958/2309/1012 2100/2309/1012 2102/2306/1012 1960/2306/1012
f 2100/2309/998 2099/2310/998 2101/2307/999 2102/2306/999
f 1960/2306/1012 2102/2306/1012 2104/2303/1012 1962/2303/1012
f 2102/2306/999 2101/2307/999 2103/2304/1000 2104/2303/1000
f 1962/2303/1012 2104/2303/1012 2106/2367/1012 1964/2300/1012
f 2104/2303/1000 2103/2304/1000 2105/2301/1001 2106/2367/1001
f 1964/2300/1012 2106/2367/1012 2108/2368/1012 1966/2297/1012
f 2106/2367/1001 2105/2301/1001 2107/2298/1002 2108/2368/1002
f 1966/2297/1012 2108/2368/1012 2110/2294/1012 1968/2294/1012
f 2108/2368/1002 2107/2298/1002 2109/2295/1003 2110/2294/1003
f 1968/2294/1012 2110/2294/1012 2112/2291/1012 1970/2291/1012
f 2110/2294/1003 2109/2295/1003 2111/2292/1004 2112/2291/1004
f 1970/2291/1012 2112/2291/1012 2114/2288/1076 1972/2288/1076
f 2112/2291/1004 2111/2292/1004 2113/2289/1005 2114/2288/1076
f 1972/2288/1076 2114/2288/1076 2116/2369/1008 1974/2285/1008
f 2114/2288/1076 2113/2289/1005 2115/2286/1006 2116/2369/1008
f 1974/2285/1008 2116/2369/1008 2118/2370/1075 1976/2281/1075
f 2116/2369/1008 2115/2286/1006 2117/2282/1007 2118/2370/1075
f 1976/2281/1075 2118/2370/1075 2120/2275/1074 1978/2275/1074
f 2118/2370/1075 2117/2282/1007 2119/2283/1008 2120/2275/1074
f 1978/2371/1074 2120/2371/1074 2122/2372/1073 1980/2372/1073
f 2120/2371/1074 2119/2276/1008 2121/2279/1009 2122/2372/1073
f 1980/2270/1073 2122/2270/1073 2124/2263/1010 1982/2263/1010
f 2122/2270/1073 2121/2272/1009 2123/2273/1011 2124/2263/1010
f 1950/1852/1012 2092/2321/1012 2088/2373/1012 1946/1852/1012
f 2092/2321/1012 2091/2267/1012 2087/2268/1012 2088/2373/1012
f 1981/1885/1011 1937/2374/1012 2079/2375/1012 2123/2273/1011
f 2123/2273/1011 2079/2375/1012 2080/2264/1012 2124/2263/1010
f 1983/2376/1012 2125/2377/1012 2128/2378/1012 1986/2379/1012
f 2125/2207/1013 2126/2210/1013 2127/2258/1014 2128/2257/1014
f 1986/2379/1012 2128/2378/1012 2130/2380/1012 1988/2381/1012
f 2128/2257/1014 2127/2258/1014 2129/2255/1015 2130/2254/1015
f 1988/2381/1012 2130/2380/1012 2132/2382/1012 1990/2383/1012
f 2130/2254/1015 2129/2255/1015 2131/2252/1016 2132/2251/1016
f 1990/2383/1012 2132/2382/1012 2134/2384/1012 1992/2384/1012
f 2132/2251/1016 2131/2252/1016 2133/2249/1017 2134/2248/1017
f 1992/2385/1012 2134/2385/1012 2136/2386/1012 1994/2386/1012
f 2134/2248/1017 2133/2249/1017 2135/2246/1018 2136/2245/1018
f 1994/2387/1012 2136/2387/1012 2138/2388/1012 1996/2389/1012
f 2136/2245/1018 2135/2246/1018 2137/2243/1019 2138/2242/1019
f 1996/2390/1012 2138/2388/1012 2140/2391/1012 1998/2391/1012
f 2138/2242/1019 2137/2243/1019 2139/2240/1020 2140/2239/1020
f 1998/2391/1012 2140/2391/1012 2142/2392/1012 2000/2393/1012
f 2140/2239/1020 2139/2240/1020 2141/2237/1021 2142/2236/1021
f 2000/2393/1012 2142/2392/1012 2144/2394/1012 2002/2395/1012
f 2142/2236/1021 2141/2237/1021 2143/2234/1022 2144/2233/1022
f 2002/2396/1012 2144/2394/1012 2146/2397/1012 2004/2398/1012
f 2144/2233/1022 2143/2234/1022 2145/2231/1023 2146/2230/1023
f 2004/2399/1012 2146/2397/1012 2148/2400/1072 2006/2401/1072
f 2146/2230/1023 2145/2231/1023 2147/2228/1024 2148/2227/1072
f 2006/2401/1072 2148/2400/1072 2150/2402/1071 2008/2403/1071
f 2148/2227/1072 2147/2228/1024 2149/2225/1025 2150/2224/1071
f 2008/2404/1071 2150/2405/1071 2152/2406/1070 2010/2406/1070
f 2150/2224/1071 2149/2225/1025 2151/2221/1026 2152/2218/1070
f 2010/2406/1070 2152/2406/1070 2154/2407/1028 2012/2408/1028
f 2152/2218/1070 2151/2221/1026 2153/2222/1027 2154/2219/1028
f 2012/2408/1028 2154/2407/1028 2156/2409/1069 2014/2409/1069
f 2154/2215/1028 2153/2216/1027 2155/2213/1028 2156/2212/1069
f 2014/2409/1069 2156/2409/1069 2158/2410/1067 2016/2410/1067
f 2156/2212/1069 2155/2213/1028 2157/2204/1068 2158/2203/1067
f 1942/2362/1012 2084/2362/1012 2125/2377/1012 1983/2376/1012
f 2084/2206/991 2083/2209/991 2126/2210/1013 2125/2207/1013
f 2016/2410/1067 2158/2410/1067 2081/2411/1012 1939/2412/1012
f 2158/2203/1067 2157/2204/1068 2082/2078/1012 2081/2075/1012
f 2017/2413/1012 2159/2413/1012 2162/2414/1012 2020/2415/1012
f 2159/2413/1030 2160/2416/1030 2161/2417/1031 2162/2414/1031
f 2020/2415/1012 2162/2414/1012 2164/2418/1012 2022/2419/1012
f 2162/2420/1031 2161/2201/1031 2163/2187/1032 2164/2421/1032
f 2022/2419/1012 2164/2418/1012 2166/2180/1012 2024/2180/1012
f 2164/2422/1032 2163/2423/1032 2165/2424/1034 2166/2425/1034
f 2024/2180/1012 2166/2180/1012 2168/2426/1012 2026/2181/1012
f 2166/2427/1034 2165/2428/1034 2167/2429/1035 2168/2430/1035
f 2026/2181/1012 2168/2426/1012 2170/2431/1012 2028/2431/1012
f 2168/2432/1035 2167/2177/1035 2169/2178/1066 2170/2433/1066
f 2028/2431/1012 2170/2431/1012 2172/2434/1012 2030/2435/1012
f 2170/2436/1066 2169/2437/1066 2171/2438/1037 2172/2439/1037
f 2030/2435/1012 2172/2434/1012 2174/2440/1012 2032/2441/1012
f 2172/2439/1037 2171/2438/1037 2173/2158/1064 2174/2442/1064
f 2032/2441/1012 2174/2440/1012 2176/2443/1012 2034/2443/1012
f 2174/2444/1064 2173/2167/1064 2175/2153/1039 2176/2445/1039
f 2034/2443/1012 2176/2443/1012 2178/2446/1012 2036/2446/1012
f 2176/2447/1039 2175/2161/1039 2177/2448/1040 2178/2449/1040
f 2036/2446/1012 2178/2446/1012 2180/2450/1012 2038/2451/1012
f 2178/2452/1040 2177/2148/1040 2179/2143/1041 2180/2453/1041
f 2038/2451/1012 2180/2450/1012 2182/2454/1012 2040/2455/1012
f 2180/2456/1041 2179/2457/1041 2181/2458/1042 2182/2459/1042
f 2040/2455/1012 2182/2454/1012 2184/2460/1012 2042/2460/1012
f 2182/2461/1042 2181/2136/1042 2183/2138/1043 2184/2462/1043
f 2018/2126/1030 2160/2463/1030 2086/2464/990 2297/2465/990 1944/2127/990
f 2160/2463/1030 2159/2466/1030 2085/2467/990 2299/2468/990 2086/2464/990
f 2072/2119/1044 2212/2352/1044 2183/2469/1043 2041/2120/1043
f 2212/2352/1044 2211/2354/1044 2184/2470/1043 2183/2469/1043
f 2043/2471/1059 2185/2472/1059 2188/2473/1063 2046/2474/1063
f 2185/2475/1059 2186/2476/1045 2187/2477/1046 2188/2478/1063
f 2046/2474/1063 2188/2473/1063 2190/2479/1062 2048/2479/1062
f 2188/2116/1063 2187/2117/1046 2189/2114/1047 2190/2113/1062
f 2048/2479/1062 2190/2479/1062 2192/2480/1061 2050/2480/1061
f 2190/2113/1062 2189/2114/1047 2191/2111/1048 2192/2110/1061
f 2050/2480/1061 2192/2480/1061 2194/2481/1060 2052/2481/1060
f 2192/2110/1061 2191/2111/1048 2193/2108/1049 2194/2107/1060
f 2052/2482/1060 2194/2482/1060 2196/2483/1012 2054/2484/1012
f 2194/2107/1060 2193/2108/1049 2195/2105/1051 2196/2104/1050
f 2054/2484/1012 2196/2483/1012 2198/2485/1012 2056/2485/1012
f 2196/2104/1050 2195/2105/1051 2197/2102/1053 2198/2101/1053
f 2056/2485/1012 2198/2485/1012 2200/2486/1012 2058/2487/1012
f 2198/2101/1053 2197/2102/1053 2199/2099/1054 2200/2098/1054
f 2058/2487/1012 2200/2486/1012 2202/2488/1012 2060/2489/1012
f 2200/2098/1054 2199/2099/1054 2201/2096/1055 2202/2095/1055
f 2060/2489/1012 2202/2488/1012 2204/2490/1012 2062/2491/1012
f 2202/2095/1055 2201/2096/1055 2203/2092/1056 2204/2089/1056
f 2062/2491/1012 2204/2490/1012 2206/2492/1012 2064/2493/1012
f 2204/2089/1056 2203/2092/1056 2205/2093/1057 2206/2090/1057
f 2064/2493/1012 2206/2492/1012 2208/2494/1012 2066/2494/1012
f 2206/2495/1057 2205/2085/1057 2207/2087/1058 2301/2496/1058 2208/2497/1058
f 1939/2412/1012 2081/2411/1012 2185/2472/1059 2043/2471/1059
f 2081/2075/1012 2082/2078/1012 2186/2079/1045 2185/2076/1059
f 2073/2353/1044 2280/2349/1044 2281/2016/1044 2074/2354/1044
f 1808/2498/991 2216/2325/991 2215/2205/991 1802/2499/991
f 1796/2500/991 2272/2322/991 2216/2325/991 1808/2498/991
f 1828/2501/994 2276/2320/994 2217/2317/995 1831/2502/995
f 1831/2502/995 2217/2317/995 2218/2314/996 1832/2503/996
f 1832/2503/996 2218/2314/996 2219/2311/997 1833/2504/997
f 1833/2504/997 2219/2311/997 2220/2308/998 1834/2505/998
f 1834/2505/998 2220/2308/998 2221/2305/999 1835/2506/999
f 1835/2506/999 2221/2305/999 2222/2302/1000 1836/2507/1000
f 1836/2507/1000 2222/2302/1000 2223/2299/1001 1837/2508/1001
f 1837/2508/1001 2223/2299/1001 2224/2296/1002 1838/2509/1002
f 1838/2509/1002 2224/2296/1002 2225/2293/1003 1839/2510/1003
f 1839/2510/1003 2225/2293/1003 2226/2290/1004 1840/2511/1004
f 1840/2511/1004 2226/2290/1004 2227/2287/1005 1841/2512/1005
f 1841/2512/1005 2227/2287/1005 2228/2284/1006 1842/2513/1006
f 1842/2513/1006 2228/2284/1006 2229/2280/1007 1843/2514/1007
f 1843/2514/1007 2229/2280/1007 2230/2274/1008 1844/2515/1008
f 1844/2515/1008 2230/2274/1008 2231/2269/1009 1845/2516/1009
f 1845/2516/1009 2231/2269/1009 2232/2271/1011 1829/2517/1010
f 1846/2518/1013 2277/2208/1013 2233/2256/1014 1848/2519/1014
f 1848/2519/1014 2233/2256/1014 2234/2253/1015 1849/2520/1015
f 1849/2520/1015 2234/2253/1015 2235/2250/1016 1850/2521/1016
f 1850/2521/1016 2235/2250/1016 2236/2247/1017 1851/2522/1017
f 1851/2522/1017 2236/2247/1017 2237/2244/1018 1852/2523/1018
f 1852/2523/1018 2237/2244/1018 2238/2241/1019 1853/2524/1019
f 1853/2524/1019 2238/2241/1019 2239/2238/1020 1854/2525/1020
f 1854/2525/1020 2239/2238/1020 2240/2235/1021 1855/2526/1021
f 1855/2526/1021 2240/2235/1021 2241/2232/1022 1856/2527/1022
f 1856/2527/1022 2241/2232/1022 2242/2229/1023 1857/2528/1023
f 1857/2528/1023 2242/2229/1023 2243/2226/1024 1858/2529/1024
f 1858/2529/1024 2243/2226/1024 2244/2223/1025 1859/2530/1025
f 1859/2530/1025 2244/2223/1025 2245/2217/1026 1860/2531/1026
f 1860/2531/1026 2245/2217/1026 2246/2220/1027 1861/2532/1027
f 1861/2533/1027 2246/2214/1027 2247/2211/1028 1862/2534/1028
f 1862/2534/1028 2247/2211/1028 2248/2202/1029 1847/2535/1029
f 1802/2499/991 2215/2205/991 2277/2208/1013 1846/2518/1013
f 1847/2535/1029 2248/2202/1029 2273/2074/1012 1800/2536/1012
f 1880/2537/1030 2278/2538/1030 2249/2539/1031 1884/2540/1031
f 1884/2541/1031 2249/2542/1031 2250/2184/1032 1885/2541/1032
f 1885/2543/1032 2250/2191/1032 2251/2544/1034 1886/2545/1034
f 1886/2541/1034 2251/2186/1034 2252/2174/1035 1887/2546/1035
f 1887/2547/1035 2252/2548/1035 2253/2168/1065 1888/2549/1065
f 1888/2550/1065 2253/2551/1065 2254/2552/1037 1889/2553/1037
f 1889/2554/1037 2254/2171/1037 2255/2154/1064 1890/2555/1064
f 1890/2556/1064 2255/2165/1064 2256/2149/1039 1891/2557/1039
f 1891/2557/1039 2256/2149/1039 2257/2152/1040 1892/2558/1040
f 1892/2559/1040 2257/2560/1040 2258/2561/1041 1893/2562/1041
f 1893/2563/1041 2258/2147/1041 2259/2132/1042 1894/2564/1042
f 1894/2565/1042 2259/2142/1042 2260/2566/1043 1881/2567/1043
f 1909/2568/1045 2279/2077/1045 2261/2115/1046 1911/2569/1046
f 1911/2569/1046 2261/2115/1046 2262/2112/1047 1912/2570/1047
f 1912/2570/1047 2262/2112/1047 2263/2109/1048 1913/2571/1048
f 1913/2571/1048 2263/2109/1048 2264/2106/1049 1914/2572/1049
f 1914/2572/1049 2264/2106/1049 2265/2103/1051 1915/2573/1050
f 1915/2573/1050 2265/2103/1051 2266/2100/1052 1916/2574/1053
f 1916/2574/1053 2266/2100/1052 2267/2097/1054 1917/2575/1054
f 1917/2575/1054 2267/2097/1054 2268/2094/1055 1918/2576/1055
f 1918/2576/1055 2268/2094/1055 2269/2088/1056 1919/2577/1056
f 1919/2577/1056 2269/2088/1056 2270/2091/1057 1920/2578/1057
f 1920/2579/1057 2270/2580/1057 2271/2581/1058 2293/2582/1058 1910/2583/1058
f 1800/2536/1012 2273/2074/1012 2279/2077/1045 1909/2568/1045
f 2074/2354/1044 2281/2016/1044 2260/2019/1043 2042/2470/1043
f 2017/2466/1030 2278/2008/1030 2274/2012/990 2296/2584/990 1943/2467/990
f 1982/2585/1010 1938/2333/1012 2214/1823/1012 2232/1887/1011
f 1949/2267/1012 2276/2320/1012 2275/2586/1012 1945/2267/1012
f 1936/2332/990 2213/1821/990 2214/1823/990 1938/2333/990
f 1933/2339/990 2272/1818/990 2213/1821/990 1936/2332/990
f 2290/2587/1044 2282/2588/1044 2284/2589/1044 2291/2590/1044
f 2287/2591/1044 2286/2592/1044 2288/2593/1044 2289/2594/1044
f 2283/2592/1044 2290/2587/1044 2291/2590/1044 2285/2593/1044
f 2339/2595/1044 2321/2596/1044 2306/2597/1044 2319/2598/1044
f 2338/2599/1044 2325/2600/1044 2310/2601/1044 2324/2602/1044
f 2331/2603/1012 2326/2603/1012 2311/2604/1012 2315/2604/1012
f 2337/2605/1044 2330/2606/1044 2314/2607/1044 2328/2608/1044
f 2336/2609/1044 2331/2610/1044 2315/2611/1044 2329/2612/1044
f 2335/2613/1044 2334/2614/1044 2316/2615/1044 2332/2616/1044
f 2326/2610/1044 2335/2613/1044 2332/2616/1044 2311/2611/1044
f 2308/2617/1044 2322/2618/1044 2335/2613/1044 2326/2610/1044
f 2322/2618/1044 2317/2619/1044 2334/2614/1044 2335/2613/1044
f 2330/2606/1044 2336/2609/1044 2329/2612/1044 2314/2607/1044
f 2313/2620/1044 2327/2621/1044 2336/2609/1044 2330/2606/1044
f 2327/2621/1044 2312/2617/1044 2331/2610/1044 2336/2609/1044
f 2325/2600/1044 2337/2605/1044 2328/2608/1044 2310/2601/1044
f 2309/2622/1044 2323/2623/1044 2337/2605/1044 2325/2600/1044
f 2323/2623/1044 2313/2620/1044 2330/2606/1044 2337/2605/1044
f 2312/2624/1012 2308/2624/1012 2326/2603/1012 2331/2603/1012
f 2320/2625/1044 2338/2599/1044 2324/2602/1044 2307/2626/1044
f 2305/2627/1044 2318/2628/1044 2338/2599/1044 2320/2625/1044
f 2318/2628/1044 2309/2622/1044 2325/2600/1044 2338/2599/1044
f 2334/2614/1044 2339/2595/1044 2319/2598/1044 2316/2615/1044
f 2317/2619/1044 2333/2629/1044 2339/2595/1044 2334/2614/1044
f 2333/2629/1044 2304/2630/1044 2321/2596/1044 2339/2595/1044
