# Blender 5.1.0
# www.blender.org
mtllib pg.mtl
o Cylinder.212
v 223.746201 128.896225 -72.292374
v 223.387833 129.199356 -72.292374
v 223.769928 128.896225 -72.533150
v 223.418442 129.199356 -72.603065
v 223.840149 128.896225 -72.764671
v 223.509064 129.199356 -72.901810
v 223.954208 128.896225 -72.978043
v 223.656219 129.199356 -73.177139
v 224.107681 128.896225 -73.165062
v 223.854279 129.199356 -73.418472
v 224.294708 128.896225 -73.318550
v 224.095612 129.199356 -73.616524
v 224.508087 128.896225 -73.432602
v 224.370941 129.199356 -73.763687
v 224.739609 128.896225 -73.502831
v 224.669693 129.199356 -73.854317
v 224.980377 128.896225 -73.526543
v 224.980377 129.199356 -73.884918
v 225.221146 128.896225 -73.502831
v 225.291061 129.199356 -73.854317
v 225.452667 128.896225 -73.432602
v 225.589813 129.199356 -73.763687
v 225.666046 128.896225 -73.318550
v 225.865143 129.199356 -73.616524
v 225.853073 128.896225 -73.165062
v 226.106476 129.199356 -73.418472
v 226.006546 128.896225 -72.978043
v 226.304535 129.199356 -73.177139
v 226.120605 128.896225 -72.764671
v 226.451691 129.199356 -72.901810
v 226.190826 128.896225 -72.533150
v 226.542313 129.199356 -72.603065
v 226.214554 128.896225 -72.292374
v 226.572922 129.199356 -72.292374
v 226.190826 128.896225 -72.051598
v 226.542313 129.199356 -71.981682
v 226.120605 128.896225 -71.820076
v 226.451691 129.199356 -71.682938
v 226.006546 128.896225 -71.606705
v 226.304535 129.199356 -71.407608
v 225.853073 128.896225 -71.419685
v 226.106476 129.199356 -71.166275
v 225.666046 128.896225 -71.266197
v 225.865143 129.199356 -70.968224
v 225.452667 128.896225 -71.152145
v 225.589813 129.199356 -70.821060
v 225.221146 128.896225 -71.081917
v 225.291061 129.199356 -70.730431
v 224.980377 128.896225 -71.058205
v 224.980377 129.199356 -70.699829
v 224.739609 128.896225 -71.081917
v 224.669693 129.199356 -70.730431
v 224.508087 128.896225 -71.152145
v 224.370941 129.199356 -70.821060
v 224.294708 128.896225 -71.266197
v 224.095612 129.199356 -70.968224
v 224.107681 128.896225 -71.419685
v 223.854279 129.199356 -71.166275
v 223.954208 128.896225 -71.606705
v 223.656219 129.199356 -71.407608
v 223.840149 128.896225 -71.820076
v 223.509064 129.199356 -71.682938
v 223.769928 128.896225 -72.051598
v 223.418442 129.199356 -71.981682
v 223.387833 128.896225 -72.292374
v 223.418442 128.896225 -72.603065
v 223.509064 128.896225 -72.901810
v 223.656219 128.896225 -73.177139
v 223.854279 128.896225 -73.418472
v 224.095612 128.896225 -73.616524
v 224.370941 128.896225 -73.763687
v 224.669693 128.896225 -73.854317
v 224.980377 128.896225 -73.884918
v 225.291061 128.896225 -73.854317
v 225.589813 128.896225 -73.763687
v 225.865143 128.896225 -73.616524
v 226.106476 128.896225 -73.418472
v 226.304535 128.896225 -73.177139
v 226.451691 128.896225 -72.901810
v 226.542313 128.896225 -72.603065
v 226.572922 128.896225 -72.292374
v 226.542313 128.896225 -71.981682
v 226.451691 128.896225 -71.682938
v 226.304535 128.896225 -71.407608
v 226.106476 128.896225 -71.166275
v 225.865143 128.896225 -70.968224
v 225.589813 128.896225 -70.821060
v 225.291061 128.896225 -70.730431
v 224.980377 128.896225 -70.699829
v 224.669693 128.896225 -70.730431
v 224.370941 128.896225 -70.821060
v 224.095612 128.896225 -70.968224
v 223.854279 128.896225 -71.166275
v 223.656219 128.896225 -71.407608
v 223.509064 128.896225 -71.682938
v 223.418442 128.896225 -71.981682
v 223.387833 128.896225 -72.292374
v 223.418442 128.896225 -72.603065
v 223.509064 128.896225 -72.901810
v 223.656219 128.896225 -73.177139
v 223.854279 128.896225 -73.418472
v 224.095612 128.896225 -73.616524
v 224.370941 128.896225 -73.763687
v 224.669693 128.896225 -73.854317
v 224.980377 128.896225 -73.884918
v 225.291061 128.896225 -73.854317
v 225.589813 128.896225 -73.763687
v 225.865143 128.896225 -73.616524
v 226.106476 128.896225 -73.418472
v 226.304535 128.896225 -73.177139
v 226.451691 128.896225 -72.901810
v 226.542313 128.896225 -72.603065
v 226.572922 128.896225 -72.292374
v 226.542313 128.896225 -71.981682
v 226.451691 128.896225 -71.682938
v 226.304535 128.896225 -71.407608
v 226.106476 128.896225 -71.166275
v 225.865143 128.896225 -70.968224
v 225.589813 128.896225 -70.821060
v 225.291061 128.896225 -70.730431
v 224.980377 128.896225 -70.699829
v 224.669693 128.896225 -70.730431
v 224.370941 128.896225 -70.821060
v 224.095612 128.896225 -70.968224
v 223.854279 128.896225 -71.166275
v 223.656219 128.896225 -71.407608
v 223.509064 128.896225 -71.682938
v 223.418442 128.896225 -71.981682
v 223.387833 128.896225 -72.292374
v 223.418442 128.896225 -72.603065
v 223.509064 128.896225 -72.901810
v 223.656219 128.896225 -73.177139
v 223.854279 128.896225 -73.418472
v 224.095612 128.896225 -73.616524
v 224.370941 128.896225 -73.763687
v 224.669693 128.896225 -73.854317
v 224.980377 128.896225 -73.884918
v 225.291061 128.896225 -73.854317
v 225.589813 128.896225 -73.763687
v 225.865143 128.896225 -73.616524
v 226.106476 128.896225 -73.418472
v 226.304535 128.896225 -73.177139
v 226.451691 128.896225 -72.901810
v 226.542313 128.896225 -72.603065
v 226.572922 128.896225 -72.292374
v 226.542313 128.896225 -71.981682
v 226.451691 128.896225 -71.682938
v 226.304535 128.896225 -71.407608
v 226.106476 128.896225 -71.166275
v 225.865143 128.896225 -70.968224
v 225.589813 128.896225 -70.821060
v 225.291061 128.896225 -70.730431
v 224.980377 128.896225 -70.699829
v 224.669693 128.896225 -70.730431
v 224.370941 128.896225 -70.821060
v 224.095612 128.896225 -70.968224
v 223.854279 128.896225 -71.166275
v 223.656219 128.896225 -71.407608
v 223.509064 128.896225 -71.682938
v 223.418442 128.896225 -71.981682
vn -0.0000 -1.0000 -0.0000
vn -0.1005 0.9949 -0.0000
vn -0.0986 0.9949 -0.0196
vn -0.0929 0.9949 -0.0385
vn -0.0836 0.9949 -0.0558
vn -0.0711 0.9949 -0.0711
vn -0.0558 0.9949 -0.0836
vn -0.0385 0.9949 -0.0929
vn -0.0196 0.9949 -0.0986
vn -0.0000 0.9949 -0.1005
vn 0.0196 0.9949 -0.0986
vn 0.0385 0.9949 -0.0929
vn 0.0558 0.9949 -0.0836
vn 0.0711 0.9949 -0.0711
vn 0.0836 0.9949 -0.0558
vn 0.0929 0.9949 -0.0385
vn 0.0986 0.9949 -0.0196
vn 0.1005 0.9949 -0.0000
vn 0.0986 0.9949 0.0196
vn 0.0929 0.9949 0.0385
vn 0.0836 0.9949 0.0558
vn 0.0711 0.9949 0.0711
vn 0.0558 0.9949 0.0836
vn 0.0385 0.9949 0.0929
vn 0.0196 0.9949 0.0986
vn -0.0000 0.9949 0.1005
vn -0.0196 0.9949 0.0986
vn -0.0385 0.9949 0.0929
vn -0.0558 0.9949 0.0836
vn -0.0711 0.9949 0.0711
vn -0.0836 0.9949 0.0558
vn -0.0929 0.9949 0.0385
vn -0.0986 0.9949 0.0196
vn -0.0943 0.9955 -0.0000
vn -0.0925 0.9955 -0.0184
vn -0.0871 0.9955 -0.0361
vn -0.0784 0.9955 -0.0524
vn -0.0667 0.9955 -0.0667
vn -0.0524 0.9955 -0.0784
vn -0.0361 0.9955 -0.0871
vn -0.0184 0.9955 -0.0925
vn -0.0000 0.9955 -0.0943
vn 0.0184 0.9955 -0.0925
vn 0.0361 0.9955 -0.0871
vn 0.0524 0.9955 -0.0784
vn 0.0667 0.9955 -0.0667
vn 0.0784 0.9955 -0.0524
vn 0.0871 0.9955 -0.0361
vn 0.0925 0.9955 -0.0184
vn 0.0943 0.9955 -0.0000
vn 0.0925 0.9955 0.0184
vn 0.0871 0.9955 0.0361
vn 0.0784 0.9955 0.0524
vn 0.0667 0.9955 0.0667
vn 0.0524 0.9955 0.0784
vn 0.0361 0.9955 0.0871
vn 0.0184 0.9955 0.0925
vn -0.0000 0.9955 0.0943
vn -0.0184 0.9955 0.0925
vn -0.0361 0.9955 0.0871
vn -0.0524 0.9955 0.0784
vn -0.0667 0.9955 0.0667
vn -0.0784 0.9955 0.0524
vn -0.0871 0.9955 0.0361
vn -0.0925 0.9955 0.0184
vn -0.0000 1.0000 -0.0000
vt 0.835768 0.814306
vt 0.835686 0.818363
vt 0.836788 0.820420
vt 0.836871 0.816340
vt 0.837424 0.822569
vt 0.837509 0.818466
vt 0.837562 0.824729
vt 0.837647 0.820601
vt 0.837186 0.826814
vt 0.837272 0.822664
vt 0.836303 0.828741
vt 0.836388 0.824570
vt 0.834940 0.830428
vt 0.835023 0.826238
vt 0.833145 0.831802
vt 0.833227 0.827596
vt 0.830989 0.832802
vt 0.831069 0.828585
vt 0.828559 0.833383
vt 0.828636 0.829160
vt 0.825956 0.833517
vt 0.826030 0.829293
vt 0.823291 0.833200
vt 0.823362 0.828979
vt 0.820675 0.832446
vt 0.820743 0.828233
vt 0.818219 0.831288
vt 0.818284 0.827088
vt 0.816022 0.829779
vt 0.816085 0.825596
vt 0.814172 0.827986
vt 0.814232 0.823822
vt 0.812737 0.825984
vt 0.812795 0.821843
vt 0.811767 0.823859
vt 0.811824 0.819741
vt 0.811293 0.821693
vt 0.811348 0.817599
vt 0.811322 0.819572
vt 0.811377 0.815502
vt 0.811844 0.817574
vt 0.811900 0.813525
vt 0.812832 0.815770
vt 0.812888 0.811742
vt 0.814241 0.814223
vt 0.814299 0.810212
vt 0.816017 0.812985
vt 0.816076 0.808988
vt 0.818091 0.812096
vt 0.818152 0.808109
vt 0.820389 0.811584
vt 0.820452 0.807603
vt 0.822829 0.811466
vt 0.822895 0.807486
vt 0.825327 0.811744
vt 0.825396 0.807761
vt 0.827796 0.812411
vt 0.827867 0.808421
vt 0.830148 0.813446
vt 0.830222 0.809444
vt 0.832299 0.814815
vt 0.832376 0.810797
vt 0.834169 0.816472
vt 0.834249 0.812437
vt 0.889539 0.815137
vt 0.891039 0.816720
vt 0.891892 0.818368
vt 0.892057 0.820020
vt 0.891516 0.821610
vt 0.890281 0.823076
vt 0.888393 0.824356
vt 0.885921 0.825396
vt 0.882960 0.826152
vt 0.879630 0.826591
vt 0.876067 0.826693
vt 0.872418 0.826453
vt 0.868835 0.825883
vt 0.865463 0.825007
vt 0.862440 0.823864
vt 0.859883 0.822502
vt 0.857890 0.820978
vt 0.856531 0.819355
vt 0.855851 0.817697
vt 0.855865 0.816068
vt 0.856563 0.814529
vt 0.857910 0.813136
vt 0.859847 0.811940
vt 0.862298 0.810980
vt 0.865171 0.810290
vt 0.868360 0.809892
vt 0.871750 0.809800
vt 0.875219 0.810017
vt 0.878646 0.810535
vt 0.881906 0.811338
vt 0.884880 0.812398
vt 0.887458 0.813679
vt 0.834078 0.816720
vt 0.833235 0.815137
vt 0.834558 0.818368
vt 0.834651 0.820020
vt 0.834347 0.821610
vt 0.833652 0.823076
vt 0.832590 0.824356
vt 0.831199 0.825396
vt 0.829534 0.826152
vt 0.827661 0.826591
vt 0.825657 0.826693
vt 0.823604 0.826453
vt 0.821588 0.825883
vt 0.819692 0.825007
vt 0.817991 0.823864
vt 0.816553 0.822502
vt 0.815432 0.820978
vt 0.814668 0.819355
vt 0.814285 0.817697
vt 0.814293 0.816068
vt 0.814686 0.814529
vt 0.815443 0.813136
vt 0.816533 0.811940
vt 0.817912 0.810980
vt 0.819528 0.810290
vt 0.821321 0.809892
vt 0.823228 0.809800
vt 0.825180 0.810017
vt 0.827107 0.810535
vt 0.828941 0.811338
vt 0.830614 0.812398
vt 0.832064 0.813679
s 1
usemtl Material.031
f 65/1/34 2/2/2 4/3/3 66/4/35
f 66/4/35 4/3/3 6/5/4 67/6/36
f 67/6/36 6/5/4 8/7/5 68/8/37
f 68/8/37 8/7/5 10/9/6 69/10/38
f 69/10/38 10/9/6 12/11/7 70/12/39
f 70/12/39 12/11/7 14/13/8 71/14/40
f 71/14/40 14/13/8 16/15/9 72/16/41
f 72/16/41 16/15/9 18/17/10 73/18/42
f 73/18/42 18/17/10 20/19/11 74/20/43
f 74/20/43 20/19/11 22/21/12 75/22/44
f 75/22/44 22/21/12 24/23/13 76/24/45
f 76/24/45 24/23/13 26/25/14 77/26/46
f 77/26/46 26/25/14 28/27/15 78/28/47
f 78/28/47 28/27/15 30/29/16 79/30/48
f 79/30/48 30/29/16 32/31/17 80/32/49
f 80/32/49 32/31/17 34/33/18 81/34/50
f 81/34/50 34/33/18 36/35/19 82/36/51
f 82/36/51 36/35/19 38/37/20 83/38/52
f 83/38/52 38/37/20 40/39/21 84/40/53
f 84/40/53 40/39/21 42/41/22 85/42/54
f 85/42/54 42/41/22 44/43/23 86/44/55
f 86/44/55 44/43/23 46/45/24 87/46/56
f 87/46/56 46/45/24 48/47/25 88/48/57
f 88/48/57 48/47/25 50/49/26 89/50/58
f 89/50/58 50/49/26 52/51/27 90/52/59
f 90/52/59 52/51/27 54/53/28 91/54/60
f 91/54/60 54/53/28 56/55/29 92/56/61
f 92/56/61 56/55/29 58/57/30 93/58/62
f 93/58/62 58/57/30 60/59/31 94/60/63
f 94/60/63 60/59/31 62/61/32 95/62/64
f 4/3/3 2/2/2 64/63/33 62/61/32 60/59/31 58/57/30 56/55/29 54/53/28 52/51/27 50/49/26 48/47/25 46/45/24 44/43/23 42/41/22 40/39/21 38/37/20 36/35/19 34/33/18 32/31/17 30/29/16 28/27/15 26/25/14 24/23/13 22/21/12 20/19/11 18/17/10 16/15/9 14/13/8 12/11/7 10/9/6 8/7/5 6/5/4
f 95/62/64 62/61/32 64/63/33 96/64/65
f 96/64/65 64/63/33 2/2/2 65/1/34
f 98/4/66 97/1/66 65/1/34 66/4/35
f 99/6/66 98/4/66 66/4/35 67/6/36
f 100/8/66 99/6/66 67/6/36 68/8/37
f 101/10/66 100/8/66 68/8/37 69/10/38
f 102/12/66 101/10/66 69/10/38 70/12/39
f 103/14/66 102/12/66 70/12/39 71/14/40
f 104/16/66 103/14/66 71/14/40 72/16/41
f 105/18/66 104/16/66 72/16/41 73/18/42
f 106/20/66 105/18/66 73/18/42 74/20/43
f 107/22/66 106/20/66 74/20/43 75/22/44
f 108/24/66 107/22/66 75/22/44 76/24/45
f 109/26/66 108/24/66 76/24/45 77/26/46
f 110/28/66 109/26/66 77/26/46 78/28/47
f 111/30/66 110/28/66 78/28/47 79/30/48
f 112/32/66 111/30/66 79/30/48 80/32/49
f 113/34/66 112/32/66 80/32/49 81/34/50
f 114/36/66 113/34/66 81/34/50 82/36/51
f 115/38/66 114/36/66 82/36/51 83/38/52
f 116/40/66 115/38/66 83/38/52 84/40/53
f 117/42/66 116/40/66 84/40/53 85/42/54
f 118/44/66 117/42/66 85/42/54 86/44/55
f 119/46/66 118/44/66 86/44/55 87/46/56
f 120/48/66 119/46/66 87/46/56 88/48/57
f 121/50/66 120/48/66 88/48/57 89/50/58
f 122/52/66 121/50/66 89/50/58 90/52/59
f 123/54/66 122/52/66 90/52/59 91/54/60
f 124/56/66 123/54/66 91/54/60 92/56/61
f 125/58/66 124/56/66 92/56/61 93/58/62
f 126/60/66 125/58/66 93/58/62 94/60/63
f 127/62/66 126/60/66 94/60/63 95/62/64
f 128/64/66 127/62/66 95/62/64 96/64/65
f 97/1/66 128/64/66 96/64/65 65/1/34
f 130/4/66 129/1/66 97/1/66 98/4/66
f 131/6/66 130/4/66 98/4/66 99/6/66
f 132/8/66 131/6/66 99/6/66 100/8/66
f 133/10/66 132/8/66 100/8/66 101/10/66
f 134/12/66 133/10/66 101/10/66 102/12/66
f 135/14/66 134/12/66 102/12/66 103/14/66
f 136/16/66 135/14/66 103/14/66 104/16/66
f 137/18/66 136/16/66 104/16/66 105/18/66
f 138/20/66 137/18/66 105/18/66 106/20/66
f 139/22/66 138/20/66 106/20/66 107/22/66
f 140/24/66 139/22/66 107/22/66 108/24/66
f 141/26/66 140/24/66 108/24/66 109/26/66
f 142/28/66 141/26/66 109/26/66 110/28/66
f 143/30/66 142/28/66 110/28/66 111/30/66
f 144/32/66 143/30/66 111/30/66 112/32/66
f 145/34/66 144/32/66 112/32/66 113/34/66
f 146/36/66 145/34/66 113/34/66 114/36/66
f 147/38/66 146/36/66 114/36/66 115/38/66
f 148/40/66 147/38/66 115/38/66 116/40/66
f 149/42/66 148/40/66 116/40/66 117/42/66
f 150/44/66 149/42/66 117/42/66 118/44/66
f 151/46/66 150/44/66 118/44/66 119/46/66
f 152/48/66 151/46/66 119/46/66 120/48/66
f 153/50/66 152/48/66 120/48/66 121/50/66
f 154/52/66 153/50/66 121/50/66 122/52/66
f 155/54/66 154/52/66 122/52/66 123/54/66
f 156/56/66 155/54/66 123/54/66 124/56/66
f 157/58/66 156/56/66 124/56/66 125/58/66
f 158/60/66 157/58/66 125/58/66 126/60/66
f 159/62/66 158/60/66 126/60/66 127/62/66
f 160/64/66 159/62/66 127/62/66 128/64/66
f 129/1/66 160/64/66 128/64/66 97/1/66
f 3/97/1 1/98/1 129/1/66 130/4/66
f 5/99/1 3/97/1 130/4/66 131/6/66
f 7/100/1 5/99/1 131/6/66 132/8/66
f 9/101/1 7/100/1 132/8/66 133/10/66
f 11/102/1 9/101/1 133/10/66 134/12/66
f 13/103/1 11/102/1 134/12/66 135/14/66
f 15/104/1 13/103/1 135/14/66 136/16/66
f 17/105/1 15/104/1 136/16/66 137/18/66
f 19/106/1 17/105/1 137/18/66 138/20/66
f 21/107/1 19/106/1 138/20/66 139/22/66
f 23/108/1 21/107/1 139/22/66 140/24/66
f 25/109/1 23/108/1 140/24/66 141/26/66
f 27/110/1 25/109/1 141/26/66 142/28/66
f 29/111/1 27/110/1 142/28/66 143/30/66
f 31/112/1 29/111/1 143/30/66 144/32/66
f 33/113/1 31/112/1 144/32/66 145/34/66
f 35/114/1 33/113/1 145/34/66 146/36/66
f 37/115/1 35/114/1 146/36/66 147/38/66
f 39/116/1 37/115/1 147/38/66 148/40/66
f 41/117/1 39/116/1 148/40/66 149/42/66
f 43/118/1 41/117/1 149/42/66 150/44/66
f 45/119/1 43/118/1 150/44/66 151/46/66
f 47/120/1 45/119/1 151/46/66 152/48/66
f 49/121/1 47/120/1 152/48/66 153/50/66
f 51/122/1 49/121/1 153/50/66 154/52/66
f 53/123/1 51/122/1 154/52/66 155/54/66
f 55/124/1 53/123/1 155/54/66 156/56/66
f 57/125/1 55/124/1 156/56/66 157/58/66
f 59/126/1 57/125/1 157/58/66 158/60/66
f 61/127/1 59/126/1 158/60/66 159/62/66
f 63/128/1 61/127/1 159/62/66 160/64/66
f 1/98/1 63/128/1 160/64/66 129/1/66
usemtl Material.031
f 1/65/1 3/66/1 5/67/1 7/68/1 9/69/1 11/70/1 13/71/1 15/72/1 17/73/1 19/74/1 21/75/1 23/76/1 25/77/1 27/78/1 29/79/1 31/80/1 33/81/1 35/82/1 37/83/1 39/84/1 41/85/1 43/86/1 45/87/1 47/88/1 49/89/1 51/90/1 53/91/1 55/92/1 57/93/1 59/94/1 61/95/1 63/96/1
o mesa
v 229.487381 108.673927 -46.914906
v 229.487381 108.673927 -57.671848
v 247.788040 108.673927 -57.671848
v 247.788040 108.673927 -46.914906
v 252.885040 108.525330 -60.859856
v 253.282516 108.483429 -60.666859
v 253.709641 108.376740 -61.152504
v 253.094727 108.537979 -60.778603
v 253.339615 108.437660 -60.921555
v 253.482193 108.407997 -60.900723
v 253.333481 108.420242 -61.006680
v 249.956085 107.182831 -58.736870
v 249.746750 107.182831 -58.946205
v 250.203125 107.392166 -59.091408
v 249.894775 107.182831 -58.884892
v 249.970932 107.303696 -58.930149
v 250.008804 107.331154 -58.989044
v 250.028168 107.330498 -58.901604
v 252.885040 108.525330 -43.726898
v 253.709641 108.376732 -43.434250
v 253.282516 108.483421 -43.919895
v 253.333481 108.420242 -43.580074
v 253.339615 108.437660 -43.665199
v 253.482193 108.407990 -43.686031
v 253.094727 108.537979 -43.808151
v 249.956085 107.182831 -45.849884
v 250.203125 107.392166 -45.495350
v 249.746750 107.182831 -45.640553
v 250.028168 107.330498 -45.685150
v 249.970932 107.303688 -45.656605
v 250.008804 107.331146 -45.597713
v 249.894775 107.182831 -45.701862
v 223.992905 108.483429 -60.666859
v 224.390381 108.525330 -60.859856
v 223.565781 108.376740 -61.152504
v 224.180695 108.537979 -60.778603
v 223.935806 108.437660 -60.921555
v 223.941940 108.420250 -61.006680
v 223.793228 108.407997 -60.900723
v 227.319336 107.182831 -58.736870
v 227.072296 107.392166 -59.091408
v 227.528671 107.182831 -58.946205
v 227.247253 107.330498 -58.901604
v 227.304489 107.303696 -58.930149
v 227.266617 107.331154 -58.989044
v 227.380646 107.182831 -58.884892
v 223.992905 108.483421 -43.919895
v 223.565781 108.376732 -43.434250
v 224.390381 108.525330 -43.726898
v 223.793228 108.407990 -43.686031
v 223.935806 108.437660 -43.665199
v 223.941940 108.420242 -43.580074
v 224.180695 108.537979 -43.808151
v 227.319336 107.182831 -45.849884
v 227.528671 107.182831 -45.640553
v 227.072296 107.392166 -45.495350
v 227.380646 107.182831 -45.701862
v 227.304489 107.303688 -45.656605
v 227.266617 107.331146 -45.597713
v 227.247253 107.330498 -45.685150
v 254.409439 107.601501 -61.354500
v 254.162399 107.392166 -61.418633
v 254.200104 107.601501 -61.563835
v 254.337555 107.454079 -61.384239
v 254.312424 107.480637 -61.488461
v 254.178329 107.452591 -61.520386
v 254.348114 107.601501 -61.502522
v 254.409439 107.601501 -43.232254
v 254.200104 107.601501 -43.022919
v 254.162399 107.392166 -43.168121
v 254.348114 107.601501 -43.084232
v 254.312424 107.480637 -43.098293
v 254.178329 107.452591 -43.066368
v 254.337555 107.454079 -43.202518
v 222.865982 107.601501 -43.232254
v 223.113022 107.392166 -43.168121
v 223.075317 107.601501 -43.022919
v 222.937866 107.454079 -43.202518
v 222.962997 107.480637 -43.098293
v 223.097092 107.452591 -43.066368
v 222.927307 107.601501 -43.084232
v 222.865982 107.601501 -61.354500
v 223.075317 107.601501 -61.563835
v 223.113022 107.392166 -61.418633
v 222.927307 107.601501 -61.502522
v 222.962997 107.480637 -61.488461
v 223.097092 107.452591 -61.520386
v 222.937866 107.454079 -61.384239
v 251.501007 107.392166 -59.854290
v 251.501007 107.392166 -59.854290
v 251.759430 107.392166 -60.006187
v 251.501007 107.392166 -59.854290
v 251.566742 107.392166 -59.892925
v 251.630219 107.392166 -59.930237
v 251.630219 107.392166 -59.930237
v 251.501007 107.392166 -44.732464
v 251.759430 107.392166 -44.580566
v 251.501007 107.392166 -44.732464
v 251.630219 107.392166 -44.656517
v 251.566742 107.392166 -44.693829
v 251.630219 107.392166 -44.656517
v 251.501007 107.392166 -44.732464
v 225.774414 107.392166 -44.732464
v 225.774414 107.392166 -44.732464
v 225.515991 107.392166 -44.580566
v 225.774414 107.392166 -44.732464
v 225.708679 107.392166 -44.693829
v 225.645203 107.392166 -44.656517
v 225.645203 107.392166 -44.656517
v 225.774414 107.392166 -59.854290
v 225.515991 107.392166 -60.006187
v 225.774414 107.392166 -59.854290
v 225.645203 107.392166 -59.930237
v 225.708679 107.392166 -59.892925
v 225.645203 107.392166 -59.930237
v 225.774414 107.392166 -59.854290
v 251.501007 107.392166 -59.854290
v 251.291672 107.392166 -59.644958
v 251.501007 107.392166 -59.854290
v 251.396347 107.392166 -59.749622
v 251.447769 107.392166 -59.801048
v 251.396347 107.392166 -59.749622
v 251.501007 107.392166 -59.854290
v 251.501007 107.392166 -44.732464
v 251.501007 107.392166 -44.732464
v 251.291672 107.392166 -44.941795
v 251.501007 107.392166 -44.732464
v 251.447769 107.392166 -44.785706
v 251.396347 107.392166 -44.837132
v 251.396347 107.392166 -44.837132
v 225.774414 107.392166 -44.732464
v 225.983749 107.392166 -44.941795
v 225.774414 107.392166 -44.732464
v 225.879074 107.392166 -44.837132
v 225.827652 107.392166 -44.785706
v 225.879074 107.392166 -44.837132
v 225.774414 107.392166 -44.732464
v 225.774414 107.392166 -59.854290
v 225.774414 107.392166 -59.854290
v 225.983749 107.392166 -59.644958
v 225.774414 107.392166 -59.854290
v 225.827652 107.392166 -59.801048
v 225.879074 107.392166 -59.749622
v 225.879074 107.392166 -59.749622
v 248.148682 106.657875 -58.736877
v 247.939346 106.448540 -58.736870
v 247.940826 106.657875 -58.946205
v 248.087372 106.509857 -58.736874
v 248.061066 106.537018 -58.857731
v 247.940384 106.509857 -58.884892
v 248.088409 106.657875 -58.884895
v 229.126740 106.657875 -58.736877
v 229.334595 106.657875 -58.946205
v 229.336075 106.448540 -58.736870
v 229.187012 106.657875 -58.884895
v 229.214355 106.537018 -58.857731
v 229.335037 106.509857 -58.884892
v 229.188049 106.509857 -58.736874
v 228.923431 106.448288 -46.706600
v 229.342102 106.448540 -46.497646
v 229.132767 106.657875 -46.706474
v 229.340637 106.448540 -46.497139
v 229.042374 106.448357 -46.560726
v 229.146667 106.473534 -46.634781
v 229.237335 106.509857 -46.645416
v 229.236710 106.509857 -46.645161
v 229.042648 106.448463 -46.560734
v 229.342102 106.448540 -57.670948
v 228.923431 106.448540 -57.671459
v 229.132767 106.657875 -57.880283
v 229.340637 106.448540 -58.089619
v 229.132767 106.448540 -57.671204
v 229.162994 106.473579 -57.849873
v 229.028214 106.509857 -57.819225
v 229.193359 106.509857 -57.984646
v 229.341370 106.448540 -57.880283
v 248.142609 106.447807 -58.089615
v 248.351990 106.448540 -57.671459
v 248.142654 106.657875 -57.880283
v 248.350510 106.448540 -57.670948
v 248.288406 106.448013 -57.970142
v 248.214264 106.473457 -57.866222
v 248.203964 106.509857 -57.775871
v 248.203232 106.509857 -57.775921
v 248.288559 106.448318 -57.970261
v 248.353470 106.448540 -46.496624
v 247.934784 106.448540 -46.497139
v 248.142654 106.657875 -46.706474
v 248.351990 106.448540 -46.915298
v 248.144119 106.448540 -46.496880
v 248.173615 106.473579 -46.675838
v 248.038712 106.509857 -46.645161
v 248.203964 106.509857 -46.810883
v 248.352722 106.448540 -46.705959
v 227.528671 99.719139 -58.946205
v 227.528671 99.509804 -58.736870
v 227.319336 99.719139 -58.736870
v 227.528671 99.571114 -58.884892
v 227.407806 99.598282 -58.857731
v 227.380646 99.571114 -58.736870
v 227.380646 99.719139 -58.884892
v 249.956085 99.719139 -58.736870
v 249.746750 99.509804 -58.736870
v 249.746750 99.719139 -58.946205
v 249.894775 99.571114 -58.736870
v 249.867615 99.598282 -58.857731
v 249.746750 99.571114 -58.884892
v 249.894775 99.719139 -58.884892
v 249.746750 99.719139 -45.640553
v 249.746750 99.509804 -45.849884
v 249.956085 99.719139 -45.849884
v 249.746750 99.571114 -45.701862
v 249.867615 99.598282 -45.729027
v 249.894775 99.571114 -45.849884
v 249.894775 99.719139 -45.701862
v 227.528671 99.719139 -45.640553
v 227.319336 99.719139 -45.849884
v 227.528671 99.509804 -45.849884
v 227.380646 99.719139 -45.701862
v 227.407806 99.598282 -45.729027
v 227.380646 99.571114 -45.849884
v 227.528671 99.571114 -45.701862
v 249.956085 99.719139 -46.492725
v 249.746750 99.509804 -46.493233
v 249.746750 99.719139 -46.702568
v 249.894775 99.571114 -46.492874
v 249.867615 99.598282 -46.613800
v 249.746750 99.571114 -46.641258
v 249.894775 99.719139 -46.640896
v 249.746750 99.719139 -57.884190
v 249.746750 99.509804 -58.093525
v 249.956085 99.719139 -58.094032
v 249.746750 99.571114 -57.945503
v 249.867615 99.598282 -57.972958
v 249.894775 99.571114 -58.093884
v 249.894775 99.719139 -57.945862
v 227.319336 99.719139 -46.492725
v 227.528671 99.719139 -46.702568
v 227.528671 99.509804 -46.493233
v 227.380646 99.719139 -46.640896
v 227.407806 99.598282 -46.613800
v 227.528671 99.571114 -46.641254
v 227.380646 99.571114 -46.492874
v 227.528671 99.509804 -58.093525
v 227.528671 99.719139 -57.884190
v 227.319336 99.719139 -58.094032
v 227.528671 99.571114 -57.945503
v 227.407806 99.598282 -57.972958
v 227.380646 99.719139 -57.945862
v 227.380646 99.571114 -58.093884
v 229.126740 99.719139 -45.849880
v 228.915924 99.719139 -45.640553
v 228.917404 99.509804 -45.849884
v 229.064377 99.719139 -45.701862
v 229.037415 99.598282 -45.729027
v 228.916351 99.571114 -45.701866
v 229.065414 99.571114 -45.849884
v 228.921951 99.509804 -46.496624
v 228.923431 99.719139 -46.705963
v 229.131302 99.719139 -46.497143
v 228.923004 99.571114 -46.644646
v 229.043671 99.598282 -46.617783
v 229.071030 99.719139 -46.645016
v 229.069977 99.571114 -46.496990
v 248.144119 99.719139 -46.497143
v 248.351990 99.719139 -46.705963
v 248.353470 99.509804 -46.496624
v 248.204391 99.719139 -46.645016
v 248.231750 99.598282 -46.617783
v 248.352417 99.571114 -46.644646
v 248.205444 99.571114 -46.496990
v 248.359497 99.719139 -45.640553
v 248.148682 99.719139 -45.849880
v 248.358017 99.509804 -45.849884
v 248.211044 99.719139 -45.701862
v 248.238007 99.598282 -45.729027
v 248.210007 99.571114 -45.849884
v 248.359070 99.571114 -45.701866
v 229.131302 99.719139 -58.089611
v 228.923431 99.719139 -57.880795
v 228.921951 99.509804 -58.090134
v 229.071030 99.719139 -57.941742
v 229.043671 99.598282 -57.968971
v 228.923004 99.571114 -57.942108
v 229.069977 99.571114 -58.089767
v 228.915924 99.719139 -58.946205
v 229.126740 99.719139 -58.736877
v 228.917404 99.509804 -58.736870
v 229.064377 99.719139 -58.884895
v 229.037415 99.598282 -58.857731
v 229.065414 99.571114 -58.736874
v 228.916351 99.571114 -58.884892
v 248.148682 99.719139 -58.736877
v 248.359497 99.719139 -58.946205
v 248.358017 99.509804 -58.736870
v 248.211044 99.719139 -58.884895
v 248.238007 99.598282 -58.857731
v 248.359070 99.571114 -58.884892
v 248.210007 99.571114 -58.736874
v 248.144119 99.719139 -58.089611
v 248.353470 99.509804 -58.090134
v 248.351990 99.719139 -57.880795
v 248.205444 99.571114 -58.089767
v 248.231750 99.598282 -57.968971
v 248.352417 99.571114 -57.942108
v 248.204391 99.719139 -57.941742
v 229.321075 108.525330 -43.726898
v 229.160721 108.376732 -43.429497
v 229.207687 108.420258 -43.578716
v 248.114700 108.376732 -43.429497
v 247.954346 108.525330 -43.726898
v 248.067734 108.420258 -43.578716
v 229.145813 107.601501 -43.022919
v 229.138885 107.392166 -43.172874
v 229.142120 107.453476 -43.066841
v 248.136536 107.392166 -43.172874
v 248.129608 107.601501 -43.022919
v 248.133301 107.453476 -43.066841
v 229.156693 108.167404 -61.563835
v 229.160721 108.376740 -61.413879
v 229.159546 108.315422 -61.519913
v 247.954346 108.525330 -60.859856
v 248.114700 108.376740 -61.157257
v 248.067734 108.420258 -61.008038
v 248.129608 107.601501 -61.563835
v 248.136536 107.392166 -61.413879
v 248.133301 107.453476 -61.519913
v 229.138885 107.392166 -61.413879
v 229.145813 107.601501 -61.563835
v 229.142120 107.453476 -61.519913
v 229.102310 107.392166 -44.732464
v 229.108566 107.392166 -44.732464
v 229.111603 107.392166 -44.576309
v 229.105438 107.392166 -44.732464
v 229.107742 107.392166 -44.692745
v 229.110077 107.392166 -44.654388
v 229.106949 107.392166 -44.654388
v 248.166855 107.392166 -44.732464
v 248.376190 107.392166 -44.732464
v 248.163818 107.392166 -44.576309
v 248.271530 107.392166 -44.732464
v 248.219452 107.392166 -44.732464
v 248.270004 107.392166 -44.654388
v 248.165970 107.392166 -44.686729
v 248.173111 107.392166 -59.854290
v 248.166855 107.392166 -59.854290
v 248.163818 107.392166 -60.010445
v 248.169983 107.392166 -59.854290
v 248.167679 107.392166 -59.894009
v 248.165344 107.392166 -59.932365
v 248.168472 107.392166 -59.932365
v 229.108566 107.392166 -59.854290
v 228.899231 107.392166 -59.854290
v 229.111603 107.392166 -60.010445
v 229.003891 107.392166 -59.854290
v 229.055969 107.392166 -59.854290
v 229.005417 107.392166 -59.932365
v 229.109451 107.392166 -59.900024
v 229.108398 107.392166 -44.732464
v 229.102127 107.392166 -44.732464
v 229.107468 107.392166 -44.941795
v 229.105255 107.392166 -44.732464
v 229.105087 107.392166 -44.785706
v 229.104797 107.392166 -44.837132
v 229.107925 107.392166 -44.837132
v 247.963959 107.392166 -44.732464
v 248.167953 107.392166 -44.941795
v 248.173294 107.392166 -44.732464
v 248.023712 107.392166 -44.793777
v 248.109909 107.392166 -44.776699
v 248.170624 107.392166 -44.837132
v 248.068619 107.392166 -44.732464
v 248.167023 107.392166 -59.854290
v 248.173294 107.392166 -59.854290
v 248.167953 107.392166 -59.644958
v 248.170166 107.392166 -59.854290
v 248.170334 107.392166 -59.801048
v 248.170624 107.392166 -59.749622
v 248.167496 107.392166 -59.749622
v 229.311462 107.392166 -59.854290
v 229.107468 107.392166 -59.644958
v 229.102127 107.392166 -59.854290
v 229.251709 107.392166 -59.792976
v 229.165512 107.392166 -59.810055
v 229.104797 107.392166 -59.749622
v 229.206802 107.392166 -59.854290
v 248.359497 107.182831 -45.640553
v 248.153976 107.392166 -45.490601
v 247.940826 107.182831 -45.640553
v 248.148682 107.182831 -45.849880
v 248.148682 107.182831 -45.849880
v 248.242355 107.331444 -45.595997
v 248.150360 107.294937 -45.672009
v 248.062302 107.331429 -45.596008
v 248.088409 107.182831 -45.701862
v 248.148682 107.182831 -45.849880
v 248.211044 107.182831 -45.701862
v 229.126740 107.182831 -45.849880
v 229.334595 107.182831 -45.640553
v 229.121445 107.392166 -45.490601
v 228.915924 107.182831 -45.640553
v 229.126740 107.182831 -45.849880
v 229.187012 107.182831 -45.701862
v 229.125061 107.294937 -45.672009
v 229.213120 107.331429 -45.596008
v 229.033066 107.331444 -45.595997
v 229.064377 107.182831 -45.701862
v 229.126740 107.182831 -45.849880
v 229.126740 107.182831 -58.736877
v 229.126740 107.182831 -58.736877
v 228.915924 107.182831 -58.946205
v 229.121445 107.392166 -59.096157
v 229.334595 107.182831 -58.946205
v 229.126740 107.182831 -58.736877
v 229.125061 107.294937 -58.914749
v 229.064377 107.182831 -58.884895
v 229.033066 107.331444 -58.990761
v 229.213120 107.331436 -58.990746
v 229.187012 107.182831 -58.884895
v 248.148682 107.182831 -58.736877
v 247.940826 107.182831 -58.946205
v 248.153976 107.392166 -59.096157
v 248.359497 107.182831 -58.946205
v 248.148682 107.182831 -58.736877
v 248.088409 107.182831 -58.884895
v 248.150360 107.294937 -58.914749
v 248.062302 107.331436 -58.990746
v 248.242355 107.331444 -58.990761
v 248.211044 107.182831 -58.884895
v 248.148682 107.182831 -58.736877
v 254.409439 108.167404 -57.866219
v 254.165192 108.376740 -57.863853
v 254.337891 108.315422 -57.864548
v 253.282516 108.483429 -46.790573
v 253.706848 108.376740 -46.722900
v 253.481400 108.407990 -46.742722
v 254.409439 107.601501 -46.714138
v 254.165192 107.392166 -46.710133
v 254.337891 107.453476 -46.711987
v 254.165192 107.392166 -57.876621
v 254.409439 107.601501 -57.872616
v 254.337891 107.453476 -57.874771
v 223.568573 108.376740 -46.722900
v 223.992905 108.483429 -46.790573
v 223.794022 108.407990 -46.742722
v 223.992905 108.483429 -57.796181
v 223.568573 108.376740 -57.863853
v 223.794022 108.407982 -57.844032
v 222.865982 107.601501 -57.872616
v 223.110229 107.392166 -57.876621
v 222.937531 107.453476 -57.874771
v 223.110229 107.392166 -46.710133
v 222.865982 107.601501 -46.714138
v 222.937531 107.453476 -46.711987
v 251.501007 107.392166 -46.688633
v 251.501007 107.392166 -46.692242
v 251.757538 107.392166 -46.692242
v 251.501007 107.392166 -46.690437
v 251.566254 107.392166 -46.691322
v 251.629272 107.392166 -46.692242
v 251.629272 107.392166 -46.690437
v 251.501007 107.392166 -57.894512
v 251.501007 107.392166 -58.103844
v 251.757538 107.392166 -57.894512
v 251.501007 107.392166 -57.999176
v 251.501007 107.392166 -57.956757
v 251.576141 107.392166 -58.042534
v 251.629272 107.392166 -57.894512
v 225.774414 107.392166 -57.898121
v 225.774414 107.392166 -57.894512
v 225.517883 107.392166 -57.894512
v 225.774414 107.392166 -57.896317
v 225.709167 107.392166 -57.895432
v 225.646149 107.392166 -57.894512
v 225.646149 107.392166 -57.896317
v 225.774414 107.392166 -46.692242
v 225.774414 107.392166 -46.482910
v 225.517883 107.392166 -46.692242
v 225.774414 107.392166 -46.587578
v 225.774414 107.392166 -46.629997
v 225.699280 107.392166 -46.544220
v 225.646149 107.392166 -46.692242
v 251.501007 107.392166 -46.692070
v 251.501007 107.392166 -46.688461
v 251.291672 107.392166 -46.690304
v 251.501007 107.392166 -46.690266
v 251.447769 107.392166 -46.689850
v 251.396347 107.392166 -46.689384
v 251.396347 107.392166 -46.691185
v 251.501007 107.392166 -57.688957
v 251.291672 107.392166 -57.896450
v 251.501007 107.392166 -57.898293
v 251.439697 107.392166 -57.749729
v 251.456772 107.392166 -57.835655
v 251.396347 107.392166 -57.897369
v 251.501007 107.392166 -57.793625
v 225.774414 107.392166 -57.894684
v 225.774414 107.392166 -57.898293
v 225.983749 107.392166 -57.896450
v 225.774414 107.392166 -57.896488
v 225.827652 107.392166 -57.896904
v 225.879074 107.392166 -57.897369
v 225.879074 107.392166 -57.895569
v 225.774414 107.392166 -46.897797
v 225.983749 107.392166 -46.690304
v 225.774414 107.392166 -46.688461
v 225.835724 107.392166 -46.837025
v 225.818649 107.392166 -46.751099
v 225.879074 107.392166 -46.689384
v 225.774414 107.392166 -46.793129
v 249.746750 107.182831 -57.884186
v 249.746750 107.182831 -57.884186
v 249.956085 107.182831 -58.094032
v 250.200333 107.392166 -57.886845
v 249.956085 107.182831 -57.675362
v 249.746750 107.182831 -57.884186
v 249.933243 107.294937 -57.884842
v 249.894775 107.182831 -57.945858
v 250.027267 107.330391 -57.997372
v 250.027267 107.330399 -57.774029
v 249.894775 107.182831 -57.823235
v 249.746750 107.182831 -46.702568
v 249.956085 107.182831 -46.911392
v 250.200333 107.392166 -46.699909
v 249.956085 107.182831 -46.492722
v 249.746750 107.182831 -46.702568
v 249.894775 107.182831 -46.763519
v 249.933243 107.294937 -46.701912
v 250.027267 107.330391 -46.812725
v 250.027267 107.330391 -46.589382
v 249.894775 107.182831 -46.640892
v 249.746750 107.182831 -46.702568
v 227.319336 107.182831 -57.675362
v 227.075089 107.392166 -57.886845
v 227.319336 107.182831 -58.094032
v 227.528671 107.182831 -57.884186
v 227.528671 107.182831 -57.884186
v 227.248154 107.330399 -57.774033
v 227.342178 107.294937 -57.884842
v 227.248154 107.330391 -57.997372
v 227.380646 107.182831 -57.945858
v 227.528671 107.182831 -57.884186
v 227.380646 107.182831 -57.823235
v 227.319336 107.182831 -46.492722
v 227.075089 107.392166 -46.699909
v 227.319336 107.182831 -46.911392
v 227.528671 107.182831 -46.702568
v 227.528671 107.182831 -46.702568
v 227.248154 107.330391 -46.589382
v 227.342178 107.294937 -46.701912
v 227.248154 107.330391 -46.812725
v 227.380646 107.182831 -46.763519
v 227.528671 107.182831 -46.702568
v 227.380646 107.182831 -46.640892
v 248.351990 107.182831 -57.880791
v 248.351990 107.392166 -57.671455
v 247.933319 107.392166 -57.670948
v 248.142654 107.182831 -57.880283
v 248.144119 107.182831 -58.089611
v 248.351883 107.330856 -57.819481
v 248.165024 107.327888 -57.808685
v 248.142654 107.392166 -57.671204
v 248.037979 107.330856 -57.818970
v 248.137802 107.244217 -57.193054
v 248.204391 107.182831 -57.941742
v 228.923431 107.182831 -57.880791
v 229.131302 107.182831 -58.089611
v 229.132767 107.182831 -57.880283
v 228.923431 107.392166 -58.089619
v 229.132736 107.540169 -57.732246
v 229.071030 107.182831 -57.941742
v 229.087479 107.341408 -57.908512
v 229.132370 107.267082 -57.936646
v 229.071457 107.330849 -57.984951
v 229.028091 107.435516 -57.898235
v 229.028168 107.374199 -57.837177
v 228.923431 107.182831 -46.705963
v 229.132736 107.540169 -46.854511
v 228.923431 107.392166 -46.497139
v 229.132767 107.601501 -46.706474
v 229.131302 107.182831 -46.497143
v 229.028168 107.374199 -46.749577
v 229.087479 107.379646 -46.678242
v 229.028091 107.435516 -46.688519
v 229.071457 107.453476 -46.601807
v 229.132339 107.392471 -46.645287
v 229.071030 107.182831 -46.645012
v 248.351990 107.182831 -46.705963
v 248.144119 107.182831 -46.497143
v 248.142654 107.182831 -46.706474
v 248.351990 107.392166 -46.497139
v 248.142685 107.540169 -46.854511
v 248.204391 107.182831 -46.645012
v 248.187943 107.341408 -46.678242
v 248.143051 107.267082 -46.650112
v 248.203964 107.330849 -46.601807
v 248.247330 107.435516 -46.688519
v 248.247253 107.374199 -46.749577
v 247.940826 106.657875 -45.640553
v 247.939346 106.448540 -45.849884
v 248.148682 106.657875 -45.849880
v 247.940384 106.509857 -45.701866
v 248.061066 106.537018 -45.729027
v 248.087372 106.509857 -45.849884
v 248.088409 106.657875 -45.701862
v 229.126740 106.657875 -45.849880
v 229.336075 106.448540 -45.849884
v 229.334595 106.657875 -45.640553
v 229.188049 106.509857 -45.849884
v 229.214355 106.537018 -45.729027
v 229.335037 106.509857 -45.701866
v 229.187012 106.657875 -45.701862
v 227.528671 106.448540 -57.674854
v 227.319336 106.657875 -57.675362
v 227.528671 106.657875 -57.884186
v 227.380646 106.509857 -57.675213
v 227.407806 106.537018 -57.796005
v 227.380646 106.657875 -57.823235
v 227.528671 106.509857 -57.822876
v 227.319336 106.657875 -46.911392
v 227.528671 106.448540 -46.911903
v 227.528671 106.657875 -46.702568
v 227.380646 106.509857 -46.911541
v 227.407806 106.537018 -46.790749
v 227.528671 106.509857 -46.763882
v 227.380646 106.657875 -46.763519
v 249.746750 106.657875 -57.884186
v 249.956085 106.657875 -57.675362
v 249.746750 106.448540 -57.674854
v 249.894775 106.657875 -57.823235
v 249.867615 106.537018 -57.796005
v 249.894775 106.509857 -57.675213
v 249.746750 106.509857 -57.822876
v 249.746750 106.657875 -46.702568
v 249.746750 106.448540 -46.911903
v 249.956085 106.657875 -46.911392
v 249.746750 106.509857 -46.763882
v 249.867615 106.537018 -46.790749
v 249.894775 106.509857 -46.911541
v 249.894775 106.657875 -46.763519
v 229.160721 108.376740 -61.157257
v 229.321075 108.525330 -60.859856
v 229.207687 108.420258 -61.008038
v 248.114700 108.376740 -61.413879
v 248.118729 108.167404 -61.563835
v 248.115875 108.315422 -61.519913
v 229.160721 108.376732 -43.172874
v 229.156693 108.167404 -43.022919
v 229.159546 108.315422 -43.066841
v 248.118729 108.167404 -43.022919
v 248.114700 108.376732 -43.172874
v 248.115875 108.315422 -43.066841
v 253.706848 108.376740 -57.863853
v 253.282516 108.483429 -57.796181
v 253.481400 108.407982 -57.844032
v 254.165192 108.376740 -46.722900
v 254.409439 108.167404 -46.720535
v 254.337891 108.315422 -46.722206
v 222.865982 108.167404 -46.720535
v 223.110229 108.376740 -46.722900
v 222.937531 108.315422 -46.722206
v 223.110229 108.376740 -57.863853
v 222.865982 108.167404 -57.866219
v 222.937531 108.315422 -57.864548
v 254.200104 108.167404 -43.022919
v 254.409439 108.167404 -43.232254
v 254.162399 108.376732 -43.168121
v 254.348114 108.167404 -43.084232
v 254.312424 108.288261 -43.098293
v 254.337555 108.314819 -43.202515
v 254.178329 108.316307 -43.066368
v 222.865982 108.167404 -43.232254
v 223.075317 108.167404 -43.022919
v 223.113022 108.376732 -43.168121
v 222.927307 108.167404 -43.084232
v 222.962997 108.288261 -43.098293
v 223.097092 108.316307 -43.066368
v 222.937866 108.314819 -43.202515
v 222.865982 108.167404 -61.354500
v 223.113022 108.376740 -61.418633
v 223.075317 108.167404 -61.563835
v 222.937866 108.314819 -61.384239
v 222.962997 108.288261 -61.488461
v 223.097092 108.316315 -61.520386
v 222.927307 108.167404 -61.502522
v 254.200104 108.167404 -61.563835
v 254.162399 108.376740 -61.418633
v 254.409439 108.167404 -61.354500
v 254.178329 108.316315 -61.520386
v 254.312424 108.288261 -61.488461
v 254.337555 108.314819 -61.384239
v 254.348114 108.167404 -61.502522
v 229.321075 108.525330 -60.859856
v 229.481842 108.673927 -60.503075
v 229.434586 108.630402 -60.694283
v 247.793579 108.673927 -60.503075
v 247.954346 108.525330 -60.859856
v 247.840836 108.630402 -60.694283
v 229.481842 108.673927 -44.083679
v 229.321075 108.525330 -43.726898
v 229.434586 108.630402 -43.892471
v 247.954346 108.525330 -43.726898
v 247.793579 108.673927 -44.083679
v 247.840836 108.630402 -43.892471
v 253.141022 108.567238 -57.743015
v 252.751587 108.673927 -57.675201
v 252.952362 108.642677 -57.695122
v 252.751587 108.673927 -46.911552
v 253.141022 108.567238 -46.843739
v 252.952362 108.642677 -46.891632
v 224.523834 108.673927 -57.675201
v 224.134399 108.567238 -57.743015
v 224.323059 108.642677 -57.695122
v 224.134399 108.567238 -46.843739
v 224.523834 108.673927 -46.911552
v 224.323059 108.642677 -46.891632
v 252.885040 108.525330 -43.726898
v 253.141022 108.567238 -44.003059
v 252.751587 108.673927 -44.083679
v 253.023987 108.579880 -43.849735
v 252.937714 108.626961 -43.916992
v 252.952362 108.642677 -44.043369
v 252.818314 108.630402 -43.892471
v 224.134399 108.567238 -44.003059
v 224.390381 108.525330 -43.726898
v 224.523834 108.673927 -44.083679
v 224.251434 108.579880 -43.849735
v 224.337708 108.626961 -43.916992
v 224.457108 108.630402 -43.892471
v 224.323059 108.642677 -44.043369
v 224.134399 108.567238 -60.583694
v 224.523834 108.673927 -60.503075
v 224.390381 108.525330 -60.859856
v 224.323059 108.642677 -60.543385
v 224.337708 108.626961 -60.669762
v 224.457108 108.630402 -60.694283
v 224.251434 108.579887 -60.737019
v 252.885040 108.525330 -60.859856
v 252.751587 108.673927 -60.503075
v 253.141022 108.567238 -60.583694
v 252.818314 108.630402 -60.694283
v 252.937714 108.626961 -60.669762
v 252.952362 108.642677 -60.543385
v 253.023987 108.579887 -60.737019
vn -0.0000 1.0000 -0.0000
vn 0.0553 0.9041 -0.4236
vn 0.2543 0.9183 -0.3036
vn 0.1932 0.9658 -0.1730
vn 0.0654 0.9661 -0.2497
vn 0.3709 0.9262 -0.0674
vn 0.1824 0.9825 -0.0378
vn 0.0253 0.9994 -0.0218
vn 0.9490 -0.2741 -0.1558
vn 0.6677 -0.4112 -0.6205
vn 0.5087 -0.7688 -0.3875
vn 0.4925 -0.8643 -0.1023
vn 0.1492 -0.2060 -0.9671
vn 0.1884 -0.8959 -0.4023
vn 0.0578 -0.9971 -0.0486
vn 0.0553 0.9041 0.4236
vn 0.0654 0.9661 0.2497
vn 0.1932 0.9658 0.1730
vn 0.2543 0.9183 0.3036
vn 0.0253 0.9994 0.0218
vn 0.1824 0.9825 0.0378
vn 0.3709 0.9262 0.0674
vn 0.9490 -0.2741 0.1558
vn 0.4925 -0.8643 0.1023
vn 0.5086 -0.7688 0.3875
vn 0.6677 -0.4112 0.6205
vn 0.0578 -0.9971 0.0486
vn 0.1884 -0.8959 0.4023
vn 0.1492 -0.2060 0.9671
vn -0.3709 0.9262 -0.0674
vn -0.2543 0.9183 -0.3036
vn -0.1932 0.9658 -0.1730
vn -0.1824 0.9825 -0.0378
vn -0.0554 0.9041 -0.4236
vn -0.0654 0.9661 -0.2497
vn -0.0253 0.9994 -0.0218
vn -0.9490 -0.2741 -0.1558
vn -0.4925 -0.8643 -0.1023
vn -0.5087 -0.7688 -0.3875
vn -0.6677 -0.4112 -0.6205
vn -0.0578 -0.9971 -0.0486
vn -0.1884 -0.8959 -0.4023
vn -0.1492 -0.2060 -0.9671
vn -0.3709 0.9262 0.0674
vn -0.1824 0.9825 0.0378
vn -0.1932 0.9658 0.1730
vn -0.2543 0.9183 0.3036
vn -0.0253 0.9994 0.0218
vn -0.0654 0.9661 0.2497
vn -0.0553 0.9041 0.4236
vn -0.9490 -0.2741 0.1558
vn -0.6677 -0.4112 0.6205
vn -0.5086 -0.7688 0.3875
vn -0.4925 -0.8643 0.1023
vn -0.1492 -0.2060 0.9671
vn -0.1884 -0.8959 0.4023
vn -0.0578 -0.9971 0.0486
vn 0.9646 -0.1996 -0.1726
vn 0.6755 -0.7130 -0.1881
vn 0.5657 -0.5476 -0.6166
vn 0.7044 -0.1599 -0.6916
vn 0.1610 -0.9571 -0.2410
vn 0.1748 -0.6285 -0.7580
vn 0.1866 -0.1371 -0.9728
vn 0.9646 -0.1996 0.1726
vn 0.7044 -0.1599 0.6916
vn 0.5657 -0.5476 0.6166
vn 0.6755 -0.7130 0.1881
vn 0.1866 -0.1371 0.9728
vn 0.1748 -0.6285 0.7580
vn 0.1610 -0.9571 0.2410
vn -0.9646 -0.1996 0.1726
vn -0.6755 -0.7130 0.1881
vn -0.5657 -0.5476 0.6166
vn -0.7044 -0.1599 0.6916
vn -0.1610 -0.9571 0.2410
vn -0.1748 -0.6285 0.7580
vn -0.1866 -0.1371 0.9728
vn -0.9646 -0.1996 -0.1726
vn -0.7044 -0.1599 -0.6916
vn -0.5657 -0.5476 -0.6166
vn -0.6755 -0.7130 -0.1881
vn -0.1866 -0.1371 -0.9728
vn -0.1748 -0.6285 -0.7580
vn -0.1610 -0.9571 -0.2410
vn 0.7613 -0.6484 -0.0000
vn 0.9019 -0.4319 -0.0000
vn -0.3410 0.9401 -0.0000
vn 0.0245 0.9997 -0.0000
vn -0.0000 -1.0000 -0.0000
vn 0.5986 -0.8011 -0.0000
vn 0.7361 -0.6768 -0.0000
vn 0.0086 1.0000 -0.0000
vn -0.5986 -0.8011 -0.0000
vn -0.9019 -0.4319 -0.0000
vn -0.0084 1.0000 -0.0000
vn -0.7613 -0.6484 -0.0000
vn -0.0258 0.9997 -0.0000
vn 0.3410 0.9401 -0.0000
vn 0.9701 0.2425 -0.0000
vn -0.9054 -0.4245 -0.0000
vn -0.0000 -0.0000 -0.0000
vn -0.5547 0.8320 -0.0000
vn -0.9701 0.2425 -0.0000
vn 0.5547 0.8320 -0.0000
vn 0.9160 -0.3247 -0.2355
vn 0.3400 -0.9236 -0.1770
vn 0.5791 -0.5780 -0.5750
vn 0.6989 -0.1731 -0.6940
vn -0.0196 -0.9895 -0.1429
vn 0.1730 -0.6970 -0.6959
vn 0.1799 -0.1795 -0.9672
vn -0.9684 -0.1795 -0.1731
vn -0.6989 -0.1731 -0.6940
vn -0.5791 -0.5780 -0.5750
vn -0.6971 -0.6970 -0.1681
vn -0.1799 -0.1795 -0.9672
vn -0.1730 -0.6970 -0.6959
vn -0.1795 -0.9675 -0.1783
vn -0.2828 0.7402 0.6100
vn -0.1347 0.9231 0.3602
vn 0.0784 0.7639 0.6406
vn 0.4177 0.4429 0.7933
vn 0.3483 0.3619 0.8647
vn 0.4836 -0.8040 0.3460
vn -0.0238 -0.9862 -0.1636
vn -0.0269 -0.9923 -0.1208
vn -0.0697 -0.9951 -0.0695
vn -0.0494 -0.9917 -0.1186
vn -0.3641 -0.7895 -0.4941
vn -0.4862 -0.7268 -0.4851
vn -0.0673 -0.9846 -0.1612
vn -0.6893 -0.2266 -0.6881
vn -0.4951 -0.7892 -0.3634
vn -0.3027 -0.9448 -0.1257
vn -0.8402 0.4990 0.2124
vn -0.1725 -0.9848 -0.0222
vn -0.3143 -0.6764 0.6661
vn 0.1152 0.4153 0.9024
vn 0.0223 -0.9024 -0.4304
vn -0.0694 0.0491 0.9964
vn 0.2632 0.8163 0.5142
vn 0.4155 -0.8966 -0.1534
vn 0.2904 -0.9509 -0.1071
vn -0.0695 -0.9952 -0.0693
vn 0.0225 -0.9853 -0.1693
vn -0.3643 -0.7900 -0.4930
vn -0.4848 -0.7288 -0.4836
vn 0.1745 -0.9847 0.0012
vn -0.6891 -0.2300 -0.6872
vn -0.4937 -0.7904 -0.3628
vn -0.1764 -0.9841 0.0227
vn -0.1518 -0.9883 0.0131
vn -0.1794 -0.1794 -0.9673
vn -0.1726 -0.6965 -0.6965
vn -0.5773 -0.5773 -0.5774
vn -0.6965 -0.1726 -0.6965
vn -0.1794 -0.9673 -0.1794
vn -0.6965 -0.6965 -0.1726
vn -0.9673 -0.1794 -0.1794
vn 0.9673 -0.1794 -0.1794
vn 0.6965 -0.6965 -0.1726
vn 0.5774 -0.5774 -0.5773
vn 0.6965 -0.1726 -0.6965
vn 0.1794 -0.9673 -0.1794
vn 0.1726 -0.6965 -0.6965
vn 0.1794 -0.1794 -0.9673
vn 0.1794 -0.1794 0.9673
vn 0.1726 -0.6965 0.6965
vn 0.5773 -0.5774 0.5774
vn 0.6965 -0.1726 0.6965
vn 0.1794 -0.9673 0.1794
vn 0.6965 -0.6965 0.1726
vn 0.9673 -0.1794 0.1794
vn -0.1794 -0.1794 0.9673
vn -0.6965 -0.1726 0.6965
vn -0.5774 -0.5774 0.5773
vn -0.1726 -0.6965 0.6965
vn -0.9673 -0.1794 0.1794
vn -0.6965 -0.6965 0.1726
vn -0.1794 -0.9673 0.1794
vn 0.9673 -0.1793 -0.1792
vn 0.6967 -0.6963 -0.1724
vn 0.5782 -0.5771 -0.5768
vn 0.6974 -0.1724 -0.6957
vn 0.1797 -0.9672 -0.1793
vn 0.1741 -0.6963 -0.6963
vn 0.1815 -0.1793 -0.9669
vn 0.1815 -0.1793 0.9669
vn 0.1741 -0.6963 0.6963
vn 0.5782 -0.5771 0.5768
vn 0.6974 -0.1724 0.6957
vn 0.1797 -0.9672 0.1793
vn 0.6967 -0.6963 0.1724
vn 0.9673 -0.1793 0.1792
vn -0.9673 -0.1793 -0.1792
vn -0.6974 -0.1724 -0.6957
vn -0.5782 -0.5771 -0.5768
vn -0.6967 -0.6963 -0.1724
vn -0.1815 -0.1793 -0.9669
vn -0.1741 -0.6963 -0.6963
vn -0.1797 -0.9672 -0.1793
vn -0.1797 -0.9672 0.1793
vn -0.1741 -0.6963 0.6963
vn -0.5782 -0.5771 0.5768
vn -0.6967 -0.6963 0.1724
vn -0.1815 -0.1793 0.9669
vn -0.6974 -0.1724 0.6957
vn -0.9673 -0.1793 0.1792
vn 0.9661 -0.1792 0.1856
vn 0.6941 -0.1721 0.6990
vn 0.5756 -0.5767 0.5797
vn 0.6958 -0.6961 0.1770
vn 0.1788 -0.1792 0.9674
vn 0.1721 -0.6961 0.6971
vn 0.1792 -0.9671 0.1805
vn 0.1791 -0.9675 -0.1783
vn 0.1715 -0.6971 -0.6961
vn 0.5783 -0.5782 -0.5756
vn 0.6969 -0.6971 -0.1683
vn 0.1778 -0.1796 -0.9676
vn 0.6980 -0.1732 -0.6948
vn 0.9684 -0.1796 -0.1733
vn -0.9684 -0.1796 -0.1733
vn -0.6980 -0.1732 -0.6948
vn -0.5783 -0.5782 -0.5756
vn -0.6969 -0.6971 -0.1683
vn -0.1778 -0.1796 -0.9676
vn -0.1715 -0.6971 -0.6961
vn -0.1791 -0.9675 -0.1783
vn -0.1788 -0.1792 0.9674
vn -0.6941 -0.1721 0.6990
vn -0.5756 -0.5767 0.5797
vn -0.1721 -0.6961 0.6971
vn -0.9661 -0.1792 0.1856
vn -0.6958 -0.6961 0.1770
vn -0.1792 -0.9671 0.1805
vn 0.9684 -0.1796 0.1733
vn 0.6980 -0.1732 0.6948
vn 0.5783 -0.5782 0.5756
vn 0.6969 -0.6971 0.1683
vn 0.1778 -0.1796 0.9676
vn 0.1715 -0.6971 0.6961
vn 0.1791 -0.9675 0.1783
vn 0.1788 -0.1792 -0.9674
vn 0.6941 -0.1721 -0.6990
vn 0.5756 -0.5767 -0.5797
vn 0.1721 -0.6961 -0.6971
vn 0.9661 -0.1792 -0.1856
vn 0.6958 -0.6961 -0.1770
vn 0.1792 -0.9671 -0.1805
vn -0.9661 -0.1792 -0.1856
vn -0.6941 -0.1721 -0.6990
vn -0.5756 -0.5767 -0.5797
vn -0.6958 -0.6961 -0.1770
vn -0.1788 -0.1792 -0.9674
vn -0.1721 -0.6961 -0.6971
vn -0.1792 -0.9671 -0.1805
vn -0.9684 -0.1796 0.1733
vn -0.6969 -0.6971 0.1683
vn -0.5783 -0.5782 0.5756
vn -0.6980 -0.1732 0.6948
vn -0.1791 -0.9675 0.1783
vn -0.1715 -0.6971 0.6961
vn -0.1778 -0.1796 0.9676
vn 1.0000 -0.0000 -0.0000
vn -1.0000 -0.0000 -0.0000
vn -1.0000 0.0004 -0.0000
vn 1.0000 0.0004 -0.0000
vn -0.1214 0.9926 -0.0000
vn 0.9993 0.0365 -0.0000
vn -0.9993 0.0365 -0.0000
vn -0.1626 -0.1855 0.9691
vn -0.1024 -0.7311 0.6746
vn 0.0006 -0.7097 0.7045
vn -0.6703 -0.2911 0.6826
vn 0.0001 -0.9674 0.2532
vn 0.1032 -0.7365 0.6685
vn 0.1629 -0.1883 0.9685
vn 0.6744 -0.2965 0.6762
vn 0.9668 -0.1806 0.1810
vn 0.0004 -0.8460 0.5332
vn -0.9720 -0.1351 0.1925
vn -0.8967 -0.3091 0.3168
vn -0.6744 -0.2965 0.6762
vn -0.0006 -0.7097 0.7045
vn 0.8509 -0.4417 0.2844
vn -0.1629 -0.1883 0.9685
vn -0.1032 -0.7365 0.6685
vn -0.0001 -0.9674 0.2532
vn 0.1024 -0.7311 0.6746
vn 0.1626 -0.1855 0.9691
vn 0.6703 -0.2911 0.6826
vn 0.9720 -0.1351 0.1925
vn -0.9742 -0.1369 -0.1795
vn -0.0004 -0.8460 -0.5332
vn -0.0006 -0.7097 -0.7045
vn -0.6744 -0.2965 -0.6762
vn 0.9720 -0.1351 -0.1925
vn 0.6703 -0.2911 -0.6826
vn 0.1626 -0.1855 -0.9691
vn 0.1024 -0.7311 -0.6746
vn -0.0001 -0.9674 -0.2532
vn -0.1032 -0.7365 -0.6685
vn -0.1629 -0.1883 -0.9685
vn 0.9742 -0.1369 -0.1795
vn 0.6744 -0.2965 -0.6762
vn 0.0006 -0.7097 -0.7045
vn 0.0004 -0.8460 -0.5332
vn 0.1629 -0.1883 -0.9685
vn 0.1032 -0.7365 -0.6685
vn 0.0001 -0.9674 -0.2532
vn -0.1024 -0.7311 -0.6746
vn -0.1626 -0.1855 -0.9691
vn -0.6703 -0.2911 -0.6826
vn -0.9720 -0.1351 -0.1925
vn 0.7071 -0.7071 -0.0000
vn 0.9998 0.0129 -0.0125
vn -0.0000 0.9002 -0.4356
vn -0.7071 -0.7071 -0.0000
vn -0.9998 0.0129 -0.0125
vn -0.9985 -0.0000 -0.0546
vn -0.9999 0.0150 -0.0000
vn 0.9998 -0.0000 -0.0182
vn 0.2197 -0.4945 -0.8410
vn 0.2067 -0.8607 0.4654
vn 0.6407 -0.7678 -0.0001
vn 0.6648 -0.3209 -0.6746
vn 0.1768 -0.2193 0.9595
vn 0.6671 -0.3187 0.6733
vn 0.9503 -0.2588 0.1730
vn 0.5645 -0.8199 0.0956
vn 0.1715 -0.9852 0.0001
vn 0.5636 -0.8205 -0.0956
vn 0.9504 -0.2587 -0.1727
vn 0.2470 -0.2019 0.9478
vn 0.6648 -0.3209 0.6746
vn 0.6407 -0.7678 0.0001
vn 0.3712 -0.7417 -0.5587
vn 0.9504 -0.2587 0.1727
vn 0.5636 -0.8205 0.0956
vn 0.1715 -0.9852 -0.0001
vn 0.5645 -0.8199 -0.0956
vn 0.9503 -0.2588 -0.1730
vn 0.6671 -0.3187 -0.6733
vn 0.1869 -0.1980 -0.9622
vn -0.9504 -0.2587 -0.1727
vn -0.5636 -0.8205 -0.0956
vn -0.6407 -0.7678 -0.0001
vn -0.6648 -0.3209 -0.6746
vn -0.1715 -0.9852 0.0001
vn -0.5645 -0.8199 0.0956
vn -0.9503 -0.2588 0.1730
vn -0.6671 -0.3187 0.6733
vn -0.1760 -0.1731 0.9691
vn -0.3741 -0.7449 0.5524
vn -0.2502 -0.1478 -0.9569
vn -0.9503 -0.2588 -0.1730
vn -0.5645 -0.8199 -0.0956
vn -0.6407 -0.7678 0.0001
vn -0.6671 -0.3187 -0.6733
vn -0.1715 -0.9852 -0.0001
vn -0.5636 -0.8205 0.0956
vn -0.9504 -0.2587 0.1727
vn -0.6648 -0.3209 0.6746
vn -0.2832 -0.4257 0.8594
vn -0.2273 -0.6964 -0.6807
vn -0.1869 -0.1980 -0.9622
vn -0.1295 -0.2546 0.9583
vn -0.0713 -0.6698 0.7391
vn 0.0706 -0.7806 0.6210
vn -0.0620 -0.4112 0.9094
vn 0.0181 -0.9147 0.4038
vn -0.0199 -0.9184 0.3951
vn -0.4412 -0.7905 0.4247
vn 0.9976 0.0234 0.0652
vn -0.1242 -0.6744 0.7279
vn -0.9942 -0.0243 0.1050
vn 0.1864 -0.1399 0.9725
vn 0.6478 -0.2330 0.7253
vn 0.9938 0.0326 0.1064
vn 0.2887 -0.3026 0.9083
vn 0.9871 -0.0510 0.1521
vn 0.7431 -0.6538 -0.1422
vn -0.9953 0.0072 -0.0961
vn 0.6905 0.4641 -0.5547
vn 0.6588 0.6227 -0.4222
vn 0.9857 -0.1182 -0.1199
vn 0.1965 -0.1360 -0.9710
vn 0.2146 -0.4212 -0.8812
vn 0.4442 0.0331 -0.8953
vn 0.7150 -0.1535 -0.6821
vn 0.9824 -0.1311 0.1329
vn -0.0965 0.9831 -0.1554
vn -0.4156 0.6779 -0.6065
vn -0.8057 -0.2058 -0.5554
vn 0.8386 -0.1020 -0.5352
vn 0.9847 -0.0406 -0.1696
vn -0.1864 -0.1399 -0.9725
vn -0.6478 -0.2330 -0.7253
vn -0.9938 0.0326 -0.1064
vn -0.2887 -0.3026 -0.9083
vn -0.9871 -0.0510 -0.1521
vn -0.7432 -0.6538 0.1422
vn 0.9891 -0.1062 0.1020
vn -0.6905 0.4641 0.5547
vn -0.6587 0.6228 0.4222
vn -0.9857 -0.1181 0.1199
vn 0.1799 -0.1795 0.9672
vn 0.1730 -0.6970 0.6959
vn 0.5791 -0.5780 0.5750
vn 0.6989 -0.1731 0.6940
vn 0.1215 -0.9740 0.1913
vn 0.4907 -0.8326 0.2569
vn 0.9061 -0.3423 0.2485
vn -0.9641 -0.1483 0.2204
vn -0.4859 -0.8374 0.2503
vn -0.5791 -0.5780 0.5750
vn -0.6989 -0.1731 0.6940
vn -0.1149 -0.9745 0.1929
vn -0.1730 -0.6970 0.6959
vn -0.1799 -0.1795 0.9672
vn -0.1790 -0.9674 -0.1794
vn -0.6963 -0.6967 -0.1727
vn -0.5765 -0.5776 -0.5779
vn -0.1710 -0.6967 -0.6967
vn -0.9672 -0.1794 -0.1796
vn -0.6956 -0.1727 -0.6973
vn -0.1878 -0.1567 -0.9696
vn -0.9672 -0.1794 0.1796
vn -0.6963 -0.6967 0.1727
vn -0.5765 -0.5776 0.5779
vn -0.6956 -0.1727 0.6973
vn -0.1581 -0.9872 -0.0225
vn -0.1837 -0.9213 0.3428
vn -0.2255 -0.3166 0.9214
vn 0.2215 -0.2516 -0.9421
vn 0.6956 -0.1727 -0.6973
vn 0.5765 -0.5776 -0.5779
vn 0.2168 -0.8058 -0.5510
vn 0.9672 -0.1794 -0.1796
vn 0.6963 -0.6967 -0.1727
vn 0.1851 -0.9761 -0.1137
vn 0.2424 -0.1224 0.9624
vn 0.2437 -0.8280 0.5050
vn 0.5765 -0.5776 0.5779
vn 0.6956 -0.1727 0.6973
vn 0.1843 -0.9753 0.1217
vn 0.6963 -0.6967 0.1727
vn 0.9672 -0.1794 0.1796
vn 0.1866 0.1371 0.9728
vn 0.7044 0.1599 0.6916
vn 0.5657 0.5476 0.6166
vn 0.1748 0.6285 0.7580
vn 0.9646 0.1996 0.1726
vn 0.6755 0.7130 0.1881
vn 0.1610 0.9571 0.2410
vn -0.9646 0.1996 0.1726
vn -0.7044 0.1599 0.6916
vn -0.5657 0.5476 0.6166
vn -0.6755 0.7130 0.1881
vn -0.1866 0.1371 0.9728
vn -0.1748 0.6285 0.7580
vn -0.1610 0.9571 0.2410
vn -0.9646 0.1996 -0.1726
vn -0.6755 0.7130 -0.1881
vn -0.5657 0.5476 -0.6166
vn -0.7044 0.1599 -0.6916
vn -0.1610 0.9571 -0.2410
vn -0.1748 0.6285 -0.7580
vn -0.1866 0.1371 -0.9728
vn 0.1866 0.1371 -0.9728
vn 0.1748 0.6285 -0.7580
vn 0.5657 0.5476 -0.6166
vn 0.7044 0.1599 -0.6916
vn 0.1610 0.9571 -0.2410
vn 0.6755 0.7130 -0.1881
vn 0.9646 0.1996 -0.1726
vn 0.0715 0.9174 0.3916
vn 0.2545 0.8920 0.3735
vn 0.1898 0.9379 0.2905
vn 0.0523 0.9279 0.3692
vn 0.4210 0.9022 0.0940
vn 0.2469 0.9653 0.0852
vn 0.0599 0.9936 0.0953
vn -0.4210 0.9022 0.0940
vn -0.2545 0.8920 0.3735
vn -0.1898 0.9379 0.2905
vn -0.2469 0.9653 0.0852
vn -0.0715 0.9174 0.3916
vn -0.0523 0.9279 0.3692
vn -0.0599 0.9936 0.0953
vn -0.4210 0.9022 -0.0940
vn -0.2469 0.9653 -0.0852
vn -0.1898 0.9379 -0.2905
vn -0.2545 0.8920 -0.3735
vn -0.0599 0.9936 -0.0953
vn -0.0523 0.9279 -0.3692
vn -0.0715 0.9174 -0.3916
vn 0.0715 0.9174 -0.3916
vn 0.0523 0.9279 -0.3692
vn 0.1898 0.9379 -0.2905
vn 0.2545 0.8920 -0.3735
vn 0.0599 0.9936 -0.0953
vn 0.2469 0.9653 -0.0852
vn 0.4210 0.9022 -0.0940
vn 0.1426 -0.7068 -0.6929
vn 0.4618 -0.8449 0.2701
vn 0.0004 -1.0000 -0.0000
vn 0.0002 -1.0000 -0.0000
vn 0.5477 -0.8154 -0.1876
vn 0.0020 -0.5926 -0.8055
vn -0.0214 -0.0971 -0.9950
vn -0.1982 -0.7895 0.5809
vn -0.8052 -0.5930 0.0057
vn -0.9885 -0.1512 0.0070
vn -0.0000 -1.0000 0.0004
vn -0.0000 -1.0000 0.0016
vn -0.4530 -0.8731 0.1801
vn 0.2008 -0.9773 -0.0668
vn 0.4468 -0.8800 -0.1609
vn -0.7314 -0.6258 0.2709
vn 0.0983 -0.9009 -0.4228
vn -0.0374 -0.9832 0.1789
vn -0.0923 -0.9026 0.4205
vn 0.1295 -0.8701 0.4755
vn -0.9681 -0.2505 -0.0004
vn -0.8055 -0.5926 -0.0000
vn 0.0015 0.0219 -0.9998
vn -0.0000 -0.5930 -0.8052
vn 0.4847 -0.8745 -0.0167
vn 0.3325 -0.9431 -0.0101
vn 0.2728 -0.9620 -0.0075
vn 0.1700 -0.9854 -0.0032
vn -0.0076 -0.8841 0.4673
vn -0.0099 -0.8295 0.5585
vn -0.0100 -0.8269 0.5622
vn -0.0086 -0.5075 0.8616
vn -0.0062 -0.2653 0.9642
vn -0.0000 -0.9997 0.0240
vn -0.0000 -0.9999 0.0113
vn -0.0000 -1.0000 0.0053
vn -0.0000 -0.8459 -0.5333
vn -0.0000 -0.9753 -0.2209
vn -0.0001 -0.9655 -0.2605
vn 0.0001 -0.9655 -0.2605
vn 0.0001 -0.6174 -0.7866
vn -0.0001 -0.6174 -0.7866
vn -0.0000 -0.1432 -0.9897
vn 0.0001 -0.9655 0.2605
vn -0.0001 -0.9655 0.2605
vn -0.0001 -0.6174 0.7866
vn 0.0001 -0.6174 0.7866
vn -0.0000 -0.1432 0.9897
vn 0.0001 0.9655 -0.2605
vn -0.0001 0.9655 -0.2605
vn -0.0001 0.6174 -0.7866
vn 0.0001 0.6174 -0.7866
vn -0.0000 0.1432 -0.9897
vn -0.0000 0.1431 -0.9897
vn -0.0000 0.1432 0.9897
vn -0.0000 0.1431 0.9897
vn -0.0001 0.6174 0.7866
vn 0.0001 0.6174 0.7866
vn -0.0001 0.9655 0.2605
vn 0.0001 0.9655 0.2605
vn 0.1696 0.9855 -0.0001
vn 0.1696 0.9855 0.0001
vn 0.6671 0.7450 0.0001
vn 0.6671 0.7450 -0.0001
vn 0.9747 0.2236 -0.0000
vn 0.0446 -0.5538 0.8315
vn 0.0789 -0.9029 0.4226
vn -0.1696 -0.9855 -0.0001
vn -0.1696 -0.9855 0.0001
vn -0.6671 -0.7450 0.0001
vn -0.6671 -0.7450 -0.0001
vn -0.9747 -0.2236 -0.0000
vn 0.1696 -0.9855 0.0001
vn 0.1696 -0.9855 -0.0001
vn 0.6671 -0.7450 -0.0001
vn 0.6671 -0.7450 0.0001
vn 0.9747 -0.2236 -0.0000
vn -0.0317 -0.4351 -0.8998
vn -0.0446 -0.5538 -0.8315
vn -0.1696 0.9855 0.0001
vn -0.1696 0.9855 -0.0001
vn -0.6671 0.7450 -0.0001
vn -0.6671 0.7450 0.0001
vn -0.9747 0.2236 -0.0000
vn -0.0000 0.9527 -0.3038
vn -0.0000 0.9527 -0.3039
vn 0.0001 0.8998 -0.4364
vn -0.0001 0.8998 -0.4364
vn -0.0000 0.9898 -0.1422
vn -0.0000 0.9898 0.1422
vn 0.0001 0.8998 0.4364
vn -0.0001 0.8998 0.4364
vn -0.0000 0.9527 0.3038
vn -0.0000 0.9527 0.3039
vn 0.4336 0.9011 -0.0000
vn 0.2472 0.9690 -0.0000
vn 0.0687 0.9976 -0.0000
vn -0.4336 0.9011 -0.0000
vn -0.2472 0.9690 -0.0000
vn -0.0687 0.9976 -0.0000
vn -0.0000 0.9937 -0.1117
vn -0.0000 0.9231 -0.3845
vn -0.0000 0.9603 -0.2790
vn -0.0000 0.9603 0.2790
vn -0.0000 0.9231 0.3845
vn -0.0000 0.9937 0.1117
vn 0.0771 0.9970 -0.0000
vn 0.2642 0.9645 -0.0000
vn 0.4418 0.8971 -0.0000
vn -0.0771 0.9970 -0.0000
vn -0.2642 0.9645 -0.0000
vn -0.4418 0.8971 -0.0000
vn 1.0000 -0.0000 0.0070
vn -0.0010 -0.8553 0.5181
vn 1.0000 -0.0050 -0.0033
vn 0.4470 -0.8945 -0.0015
vn 0.0024 0.2764 -0.9610
vn -0.0039 0.0859 0.9963
vn -0.9917 -0.1283 -0.0008
vn -0.0354 0.0878 -0.9955
vn -0.0019 0.1204 0.9927
vn -0.9864 -0.1644 -0.0006
vn 0.0087 0.0357 -0.9993
vn 0.0337 -0.0585 0.9977
vn 0.9856 -0.1692 0.0013
vt 0.325062 0.700062
vt 0.325062 0.549938
vt 0.174938 0.549938
vt 0.174938 0.700062
vt 0.135112 0.742496
vt 0.132504 0.742496
vt 0.132829 0.742111
vt 0.133528 0.742496
vt 0.132504 0.739307
vt 0.132504 0.741059
vt 0.130546 0.744454
vt 0.839705 0.711882
vt 0.839705 0.714705
vt 0.839705 0.714633
vt 0.839705 0.714103
vt 0.838046 0.714705
vt 0.839705 0.714705
vt 0.841663 0.716663
vt 0.135112 0.507504
vt 0.133528 0.507504
vt 0.132829 0.507890
vt 0.132504 0.507504
vt 0.130546 0.505546
vt 0.132504 0.508941
vt 0.132504 0.510693
vt 0.839705 0.538118
vt 0.839705 0.535897
vt 0.839705 0.535368
vt 0.839705 0.535295
vt 0.841663 0.533338
vt 0.838046 0.535295
vt 0.367496 0.739307
vt 0.367496 0.742496
vt 0.367171 0.742110
vt 0.367496 0.741059
vt 0.364888 0.742496
vt 0.366472 0.742496
vt 0.369454 0.744454
vt 0.660295 0.711882
vt 0.660295 0.714103
vt 0.660295 0.714633
vt 0.660295 0.714705
vt 0.658338 0.716662
vt 0.661955 0.714705
vt 0.367496 0.510693
vt 0.367496 0.508941
vt 0.367171 0.507890
vt 0.367496 0.507504
vt 0.369454 0.505546
vt 0.366472 0.507504
vt 0.364888 0.507504
vt 0.660295 0.538118
vt 0.660295 0.535295
vt 0.660295 0.535368
vt 0.660295 0.535897
vt 0.661955 0.535295
vt 0.658338 0.533338
vt 0.571846 0.002823
vt 0.625000 0.002422
vt 0.625000 0.001016
vt 0.571846 0.000000
vt 0.873042 0.748042
vt 0.873168 0.750000
vt 0.874231 0.750000
vt 0.875000 0.747578
vt 0.571846 0.998341
vt 0.571846 1.000000
vt 0.602535 1.000000
vt 0.625000 0.998168
vt 0.571846 0.247177
vt 0.571846 0.250000
vt 0.613768 0.250384
vt 0.625000 0.247578
vt 0.571846 0.251659
vt 0.625000 0.251832
vt 0.873042 0.501958
vt 0.875000 0.502422
vt 0.875000 0.501016
vt 0.873168 0.500000
vt 0.571846 0.502823
vt 0.625000 0.502422
vt 0.617768 0.500339
vt 0.571846 0.500000
vt 0.626958 0.501958
vt 0.625916 0.499084
vt 0.571846 0.498341
vt 0.571846 0.747177
vt 0.571846 0.750000
vt 0.617512 0.749918
vt 0.625000 0.747578
vt 0.571846 0.751659
vt 0.625916 0.750916
vt 0.626958 0.748042
vt 0.851949 0.726949
vt 0.851949 0.726949
vt 0.853997 0.728997
vt 0.851949 0.523051
vt 0.853997 0.521003
vt 0.648051 0.523051
vt 0.646003 0.521003
vt 0.648051 0.726949
vt 0.646003 0.728997
vt 0.851949 0.725538
vt 0.851808 0.726710
vt 0.850290 0.724126
vt 0.851120 0.726949
vt 0.851808 0.523290
vt 0.851949 0.524462
vt 0.851120 0.523051
vt 0.850290 0.525874
vt 0.648051 0.524462
vt 0.648192 0.523290
vt 0.649710 0.525874
vt 0.648881 0.523051
vt 0.648192 0.726710
vt 0.648051 0.725538
vt 0.648881 0.726949
vt 0.649710 0.724127
vt 0.825380 0.711882
vt 0.825380 0.711876
vt 0.825155 0.714304
vt 0.825392 0.714705
vt 0.824136 0.711877
vt 0.823729 0.714705
vt 0.823733 0.714705
vt 0.674620 0.711882
vt 0.674608 0.714705
vt 0.674846 0.714304
vt 0.674620 0.711876
vt 0.676268 0.714705
vt 0.676271 0.714705
vt 0.676279 0.711882
vt 0.000000 0.000000
vt 0.675911 0.547558
vt 0.674668 0.549503
vt 0.674703 0.549346
vt 0.674668 0.549668
vt 0.675326 0.549505
vt 0.675984 0.546849
vt 0.674660 0.547694
vt 0.673341 0.697516
vt 0.674171 0.700172
vt 0.674748 0.700332
vt 0.674668 0.697513
vt 0.674668 0.700332
vt 0.674759 0.701453
vt 0.676315 0.702449
vt 0.676321 0.700332
vt 0.826991 0.698081
vt 0.825428 0.699206
vt 0.825332 0.700269
vt 0.826489 0.700337
vt 0.825332 0.700332
vt 0.825428 0.700332
vt 0.826980 0.698074
vt 0.825332 0.700332
vt 0.824017 0.546849
vt 0.824839 0.549505
vt 0.825414 0.549668
vt 0.825344 0.546842
vt 0.825332 0.549668
vt 0.825429 0.550794
vt 0.826991 0.551919
vt 0.826997 0.549661
vt 0.660529 0.714307
vt 0.661955 0.711882
vt 0.660295 0.711882
vt 0.660295 0.711882
vt 0.839705 0.711882
vt 0.839705 0.711882
vt 0.839471 0.714307
vt 0.838046 0.711882
vt 0.838046 0.714705
vt 0.838046 0.535295
vt 0.839471 0.535693
vt 0.838046 0.538118
vt 0.839705 0.538118
vt 0.661954 0.535295
vt 0.660529 0.535693
vt 0.661954 0.535295
vt 0.661954 0.538118
vt 0.839705 0.546786
vt 0.839705 0.546788
vt 0.839472 0.549213
vt 0.839705 0.549608
vt 0.838046 0.546793
vt 0.838047 0.549615
vt 0.838046 0.549615
vt 0.838046 0.700385
vt 0.838047 0.700385
vt 0.839472 0.700788
vt 0.839705 0.700392
vt 0.838046 0.703207
vt 0.839705 0.703212
vt 0.839705 0.703214
vt 0.660295 0.546786
vt 0.660295 0.549608
vt 0.660529 0.549213
vt 0.660295 0.546788
vt 0.661955 0.549615
vt 0.661953 0.549615
vt 0.661955 0.546793
vt 0.661954 0.703207
vt 0.661953 0.700385
vt 0.660529 0.700787
vt 0.660295 0.703212
vt 0.661954 0.700385
vt 0.660295 0.700392
vt 0.660295 0.703214
vt 0.674620 0.538118
vt 0.674608 0.535295
vt 0.674378 0.535690
vt 0.674620 0.538112
vt 0.672949 0.535295
vt 0.672953 0.535295
vt 0.672961 0.538118
vt 0.672997 0.546838
vt 0.673004 0.549661
vt 0.674430 0.549266
vt 0.674656 0.546837
vt 0.673009 0.549661
vt 0.674656 0.546845
vt 0.825344 0.546845
vt 0.825570 0.549266
vt 0.825344 0.546838
vt 0.826991 0.549661
vt 0.826996 0.549661
vt 0.827003 0.546838
vt 0.827051 0.535295
vt 0.825392 0.535295
vt 0.825622 0.535690
vt 0.827048 0.535295
vt 0.825380 0.538118
vt 0.825380 0.538112
vt 0.827039 0.538118
vt 0.674656 0.703155
vt 0.674668 0.700332
vt 0.674430 0.700735
vt 0.674656 0.703163
vt 0.673009 0.700339
vt 0.673004 0.700339
vt 0.672997 0.703162
vt 0.672949 0.714705
vt 0.674378 0.714310
vt 0.672953 0.714705
vt 0.674620 0.711882
vt 0.674620 0.711888
vt 0.672961 0.711882
vt 0.825392 0.714705
vt 0.825622 0.714310
vt 0.825380 0.711888
vt 0.827051 0.714705
vt 0.827048 0.714705
vt 0.827039 0.711882
vt 0.825344 0.703155
vt 0.825344 0.703163
vt 0.825570 0.700735
vt 0.827003 0.703162
vt 0.826996 0.700339
vt 0.826991 0.700339
vt 0.674427 0.523051
vt 0.674451 0.523051
vt 0.674472 0.523051
vt 0.674463 0.523051
vt 0.674476 0.523051
vt 0.674488 0.523051
vt 0.674500 0.520945
vt 0.825524 0.523051
vt 0.825575 0.523051
vt 0.825680 0.523051
vt 0.825517 0.523051
vt 0.827183 0.523051
vt 0.826342 0.523051
vt 0.825500 0.520945
vt 0.825574 0.726949
vt 0.825549 0.726949
vt 0.825528 0.726949
vt 0.825537 0.726949
vt 0.825524 0.726949
vt 0.825512 0.726949
vt 0.825500 0.729055
vt 0.674476 0.726949
vt 0.674425 0.726949
vt 0.674320 0.726949
vt 0.674483 0.726949
vt 0.672817 0.726949
vt 0.673659 0.726949
vt 0.674500 0.729055
vt 0.674475 0.523051
vt 0.674450 0.523051
vt 0.674441 0.523051
vt 0.674471 0.523051
vt 0.674425 0.523051
vt 0.674467 0.525874
vt 0.823916 0.523051
vt 0.824389 0.523051
vt 0.825391 0.523051
vt 0.825524 0.523051
vt 0.825533 0.525874
vt 0.825525 0.726949
vt 0.825550 0.726949
vt 0.825559 0.726949
vt 0.825529 0.726949
vt 0.825575 0.726949
vt 0.825533 0.724126
vt 0.676084 0.726949
vt 0.675611 0.726949
vt 0.674610 0.726949
vt 0.674467 0.724126
vt 0.827051 0.535295
vt 0.826123 0.535295
vt 0.825392 0.535380
vt 0.825422 0.533273
vt 0.824695 0.535295
vt 0.823733 0.535295
vt 0.825380 0.538118
vt 0.674620 0.538118
vt 0.674608 0.535380
vt 0.676268 0.535295
vt 0.675305 0.535295
vt 0.674578 0.533273
vt 0.673878 0.535295
vt 0.672949 0.535295
vt 0.674620 0.538118
vt 0.674620 0.711882
vt 0.674609 0.714620
vt 0.674620 0.711882
vt 0.672949 0.714705
vt 0.673878 0.714705
vt 0.674578 0.716727
vt 0.675305 0.714705
vt 0.676268 0.714705
vt 0.825380 0.711882
vt 0.825392 0.714620
vt 0.824695 0.714705
vt 0.825422 0.716727
vt 0.826123 0.714705
vt 0.827051 0.714705
vt 0.825392 0.714705
vt 0.825380 0.711882
vt 0.851949 0.549427
vt 0.851949 0.549452
vt 0.851949 0.549468
vt 0.851949 0.549476
vt 0.853982 0.549476
vt 0.851949 0.700524
vt 0.851949 0.700575
vt 0.851949 0.700821
vt 0.851949 0.700524
vt 0.851949 0.703347
vt 0.851949 0.702520
vt 0.853982 0.700524
vt 0.648051 0.700573
vt 0.648051 0.700548
vt 0.648051 0.700532
vt 0.648051 0.700524
vt 0.646018 0.700524
vt 0.648051 0.549476
vt 0.648051 0.549425
vt 0.648051 0.549179
vt 0.648051 0.546653
vt 0.648051 0.547480
vt 0.646018 0.549476
vt 0.851949 0.549474
vt 0.851949 0.549449
vt 0.851949 0.549438
vt 0.851949 0.549462
vt 0.851949 0.549425
vt 0.850290 0.549450
vt 0.851949 0.697752
vt 0.851949 0.698572
vt 0.851949 0.700277
vt 0.850290 0.700550
vt 0.648051 0.700526
vt 0.648051 0.700551
vt 0.648051 0.700563
vt 0.648051 0.700538
vt 0.648051 0.700575
vt 0.649710 0.700550
vt 0.648051 0.552248
vt 0.648051 0.551428
vt 0.648051 0.549724
vt 0.649710 0.549450
vt 0.838046 0.700385
vt 0.839669 0.700392
vt 0.838046 0.700385
vt 0.839705 0.703214
vt 0.839705 0.701911
vt 0.841641 0.700421
vt 0.839705 0.698900
vt 0.839705 0.697569
vt 0.838046 0.549615
vt 0.839669 0.549608
vt 0.839705 0.552431
vt 0.839705 0.551101
vt 0.841641 0.549580
vt 0.839705 0.548089
vt 0.839705 0.546786
vt 0.660295 0.697569
vt 0.660295 0.698899
vt 0.660332 0.700392
vt 0.660295 0.700392
vt 0.658360 0.700421
vt 0.660295 0.701911
vt 0.660295 0.703214
vt 0.661954 0.700385
vt 0.661955 0.700385
vt 0.660295 0.548089
vt 0.660332 0.549608
vt 0.660295 0.549608
vt 0.658360 0.549579
vt 0.660295 0.551101
vt 0.660295 0.552431
vt 0.661955 0.549615
vt 0.826991 0.700339
vt 0.826989 0.700339
vt 0.825376 0.700332
vt 0.824226 0.697979
vt 0.824779 0.700192
vt 0.825331 0.698218
vt 0.825344 0.703155
vt 0.674667 0.700428
vt 0.673840 0.700336
vt 0.674656 0.703155
vt 0.674666 0.701092
vt 0.674506 0.700333
vt 0.673008 0.701744
vt 0.674460 0.700333
vt 0.673840 0.549664
vt 0.674578 0.549571
vt 0.673008 0.547785
vt 0.674506 0.549668
vt 0.674391 0.549667
vt 0.674668 0.549668
vt 0.674664 0.548843
vt 0.674656 0.546845
vt 0.826991 0.549661
vt 0.825333 0.549572
vt 0.826161 0.549665
vt 0.825344 0.546845
vt 0.825335 0.548908
vt 0.825495 0.549668
vt 0.826992 0.547785
vt 0.825609 0.549667
vt 0.823733 0.535295
vt 0.823729 0.535295
vt 0.825155 0.535696
vt 0.823721 0.538118
vt 0.825380 0.538124
vt 0.825380 0.538118
vt 0.674620 0.538124
vt 0.674846 0.535696
vt 0.676279 0.538118
vt 0.676271 0.535295
vt 0.676268 0.535295
vt 0.661954 0.697562
vt 0.660295 0.697567
vt 0.660530 0.699992
vt 0.661956 0.700385
vt 0.660295 0.697569
vt 0.661955 0.700385
vt 0.660295 0.552431
vt 0.660295 0.552433
vt 0.660530 0.550008
vt 0.661955 0.552438
vt 0.661956 0.549615
vt 0.661954 0.549615
vt 0.838046 0.700385
vt 0.839471 0.699992
vt 0.838045 0.700385
vt 0.839705 0.697569
vt 0.839705 0.697567
vt 0.838046 0.697562
vt 0.838045 0.549615
vt 0.839471 0.550008
vt 0.838046 0.552438
vt 0.839705 0.552433
vt 0.428154 0.251659
vt 0.428154 0.250000
vt 0.386232 0.249492
vt 0.375000 0.251832
vt 0.428154 0.247177
vt 0.375000 0.247578
vt 0.126958 0.501958
vt 0.126832 0.500000
vt 0.125769 0.500000
vt 0.125000 0.502422
vt 0.428154 0.502823
vt 0.428154 0.500000
vt 0.382488 0.500082
vt 0.375000 0.502422
vt 0.428154 0.498341
vt 0.374084 0.499084
vt 0.373042 0.501958
vt 0.428154 0.747177
vt 0.375000 0.747578
vt 0.382232 0.749661
vt 0.428154 0.750000
vt 0.373042 0.748042
vt 0.374084 0.750916
vt 0.428154 0.751659
vt 0.428154 0.998341
vt 0.375000 0.998168
vt 0.375000 0.999231
vt 0.428154 1.000000
vt 0.126958 0.748042
vt 0.125000 0.747578
vt 0.125000 0.748984
vt 0.126832 0.750000
vt 0.428154 0.002823
vt 0.428154 0.000000
vt 0.397465 0.000000
vt 0.375000 0.002422
vt 0.132568 0.507703
vt 0.133674 0.507504
vt 0.132504 0.510713
vt 0.132504 0.509863
vt 0.134221 0.510426
vt 0.367496 0.510713
vt 0.367433 0.507703
vt 0.367496 0.509863
vt 0.366326 0.507504
vt 0.365779 0.510426
vt 0.367496 0.739287
vt 0.367496 0.740137
vt 0.367432 0.742298
vt 0.365779 0.739574
vt 0.366326 0.742496
vt 0.133674 0.742496
vt 0.132568 0.742298
vt 0.134221 0.739574
vt 0.132504 0.740137
vt 0.132504 0.739287
vt 0.825336 0.700332
vt 0.825344 0.546819
vt 0.673009 0.549670
vt 0.676327 0.697510
vt 0.826989 0.699398
vt 0.674669 0.699334
vt 0.825284 0.747978
vt 0.674716 0.747978
vt 0.674741 0.750000
vt 0.825259 0.750000
vt 0.625000 0.950259
vt 0.625000 0.799741
vt 0.571846 0.799771
vt 0.571846 0.950229
vt 0.674716 0.502022
vt 0.825284 0.502022
vt 0.825259 0.500000
vt 0.674741 0.500000
vt 0.625000 0.450259
vt 0.625000 0.299741
vt 0.571846 0.299771
vt 0.571846 0.450229
vt 0.325111 0.747978
vt 0.174889 0.747978
vt 0.174885 0.750000
vt 0.325115 0.750000
vt 0.375000 0.799885
vt 0.375000 0.950115
vt 0.428154 0.950143
vt 0.428154 0.799857
vt 0.428154 0.450143
vt 0.428154 0.299857
vt 0.375000 0.299885
vt 0.375000 0.450115
vt 0.325115 0.500000
vt 0.174885 0.500000
vt 0.174889 0.502022
vt 0.325111 0.502022
vt 0.126936 0.700111
vt 0.126936 0.549889
vt 0.125000 0.549885
vt 0.125000 0.700115
vt 0.375000 0.049885
vt 0.375000 0.200115
vt 0.428154 0.200143
vt 0.428154 0.049858
vt 0.674671 0.549668
vt 0.626936 0.700283
vt 0.626936 0.549717
vt 0.625000 0.549741
vt 0.625000 0.700259
vt 0.571846 0.549771
vt 0.571846 0.700229
vt 0.873064 0.549717
vt 0.873064 0.700283
vt 0.875000 0.700259
vt 0.875000 0.549741
vt 0.625000 0.200259
vt 0.625000 0.049741
vt 0.571846 0.049771
vt 0.571846 0.200229
vt 0.373064 0.549889
vt 0.373064 0.700111
vt 0.375000 0.700115
vt 0.375000 0.549885
vt 0.428154 0.700143
vt 0.428154 0.549857
vt 0.325111 0.742496
vt 0.174889 0.742496
vt 0.175076 0.742496
vt 0.324925 0.742496
vt 0.174889 0.744518
vt 0.325111 0.744518
vt 0.325111 0.505482
vt 0.174889 0.505482
vt 0.175076 0.507504
vt 0.324924 0.507504
vt 0.174889 0.507504
vt 0.325111 0.507504
vt 0.132504 0.700111
vt 0.132504 0.549889
vt 0.132504 0.550023
vt 0.132504 0.699977
vt 0.130568 0.549889
vt 0.130568 0.700111
vt 0.367496 0.549889
vt 0.367496 0.700111
vt 0.367496 0.699977
vt 0.367496 0.550023
vt 0.369432 0.700111
vt 0.369432 0.549889
vt 0.325107 0.739574
vt 0.174893 0.739574
vt 0.174697 0.742496
vt 0.325303 0.742496
vt 0.174889 0.742496
vt 0.174697 0.507504
vt 0.325303 0.507504
vt 0.174893 0.510426
vt 0.325107 0.510426
vt 0.134221 0.700109
vt 0.134221 0.549891
vt 0.132504 0.549751
vt 0.132504 0.700249
vt 0.132504 0.549889
vt 0.132504 0.700111
vt 0.365779 0.549891
vt 0.365779 0.700109
vt 0.367496 0.700249
vt 0.367496 0.549751
vt 0.367496 0.549889
vt 0.825330 0.549668
s 1
usemtl Material
f 162/129/67 161/130/67 164/131/67 163/132/67
f 165/133/68 168/134/69 169/135/70 171/136/71
f 166/137/72 170/138/73 169/135/70 168/134/69
f 167/139/74 171/136/71 169/135/70 170/138/73
f 172/140/75 175/141/76 176/142/77 178/143/78
f 173/144/79 177/145/80 176/142/77 175/141/76
f 174/146/81 178/143/78 176/142/77 177/145/80
f 179/147/82 182/148/83 183/149/84 185/150/85
f 180/151/86 184/152/87 183/149/84 182/148/83
f 181/153/88 185/150/85 183/149/84 184/152/87
f 186/154/89 189/155/90 190/156/91 192/157/92
f 187/158/93 191/157/94 190/156/91 189/155/90
f 188/159/95 192/157/92 190/156/91 191/157/94
f 193/160/96 196/161/97 197/162/98 199/163/99
f 194/164/100 198/165/101 197/162/98 196/161/97
f 195/166/102 199/163/99 197/162/98 198/165/101
f 200/167/103 203/168/104 204/169/105 206/170/106
f 201/171/107 205/170/108 204/169/105 203/168/104
f 202/172/109 206/170/106 204/169/105 205/170/108
f 207/173/110 210/174/111 211/175/112 213/176/113
f 208/177/114 212/178/115 211/175/112 210/174/111
f 209/179/116 213/176/113 211/175/112 212/178/115
f 214/180/117 217/181/118 218/182/119 220/183/120
f 215/184/121 219/181/122 218/182/119 217/181/118
f 216/185/123 220/183/120 218/182/119 219/181/122
f 221/186/124 224/187/125 225/188/126 227/189/127
f 222/190/128 226/191/129 225/192/126 224/193/125
f 223/194/130 227/195/127 225/196/126 226/197/129
f 228/198/131 231/199/132 232/200/133 234/201/134
f 229/202/135 233/203/136 232/200/133 231/199/132
f 230/204/137 234/205/134 232/206/133 233/207/136
f 235/208/138 238/209/139 239/210/140 241/211/141
f 236/212/142 240/213/143 239/210/140 238/209/139
f 237/214/144 241/211/141 239/210/140 240/213/143
f 242/215/145 245/216/146 246/217/147 248/218/148
f 243/219/149 247/220/150 246/217/147 245/216/146
f 244/221/151 248/218/148 246/217/147 247/220/150
f 249/222/152 252/222/67 253/223/67 255/222/153
f 250/222/154 254/222/155 253/223/67 252/222/67
f 251/224/156 255/222/153 253/223/67 254/222/155
f 256/225/157 259/225/158 260/225/67 262/225/67
f 257/226/156 261/225/159 260/225/67 259/225/158
f 258/225/67 262/225/67 260/225/67 261/225/159
f 263/227/160 266/227/67 267/227/67 269/227/161
f 264/227/67 268/227/162 267/227/67 266/227/67
f 265/228/156 269/227/161 267/227/67 268/227/162
f 270/229/163 273/229/156 274/229/67 276/229/67
f 271/230/156 275/229/164 274/229/67 273/229/156
f 272/229/165 276/229/67 274/229/67 275/229/164
f 277/222/166 280/231/167 281/232/168 283/222/67
f 278/233/156 282/234/67 281/232/168 280/231/167
f 279/222/169 283/222/67 281/232/168 282/234/67
f 284/225/166 287/225/67 288/235/168 290/236/156
f 285/225/169 289/237/67 288/235/168 287/225/67
f 286/238/156 290/236/156 288/235/168 289/237/67
f 291/227/170 294/239/156 295/240/168 297/227/67
f 292/241/156 296/242/67 295/240/168 294/239/156
f 293/227/171 297/227/67 295/240/168 296/242/67
f 298/229/170 301/229/67 302/243/168 304/244/156
f 299/229/171 303/245/67 302/243/168 301/229/67
f 300/246/156 304/244/156 302/243/168 303/245/67
f 305/247/172 308/248/173 309/249/174 311/250/175
f 306/251/176 310/252/177 309/249/174 308/248/173
f 307/253/178 311/250/175 309/249/174 310/252/177
f 312/254/179 315/255/180 316/256/181 318/257/182
f 313/258/183 317/259/184 316/256/181 315/255/180
f 314/260/185 318/257/182 316/256/181 317/259/184
s 0
f 319/261/186 323/261/186 324/261/186 327/261/186
s 1
f 320/262/187 325/263/188 324/264/189 323/265/187
f 321/265/190 326/266/191 324/264/189 325/263/188
f 322/267/192 327/268/193 324/264/189 326/266/191
s 0
f 328/261/194 332/261/194 333/261/194 336/261/194
s 1
f 329/269/195 334/270/196 333/271/197 332/272/198
f 330/273/199 335/274/200 333/271/197 334/270/196
f 331/275/201 336/276/201 333/271/197 335/274/200
s 0
f 337/261/202 341/261/202 342/261/202 345/261/202
s 1
f 338/277/203 343/278/204 342/279/205 341/280/206
f 339/281/207 344/282/208 342/279/205 343/278/204
f 340/283/209 345/284/210 342/279/205 344/282/208
s 0
f 346/261/211 350/261/211 351/261/211 354/261/211
s 1
f 347/285/212 352/286/213 351/287/214 350/288/215
f 348/289/216 353/290/217 351/287/214 352/286/213
f 349/291/218 354/292/219 351/287/214 353/290/217
f 355/172/220 358/172/221 359/293/222 361/170/223
f 356/294/224 360/295/225 359/293/222 358/172/221
f 357/296/226 361/170/223 359/293/222 360/295/225
f 362/297/227 365/298/228 366/299/229 368/141/230
f 363/300/231 367/144/232 366/299/229 365/298/228
f 364/301/233 368/141/230 366/299/229 367/144/232
f 369/302/234 372/302/235 373/303/236 375/157/237
f 370/304/238 374/154/239 373/303/236 372/302/235
f 371/305/240 375/157/237 373/303/236 374/154/239
f 376/306/241 379/181/242 380/307/243 382/308/244
f 377/180/245 381/180/246 380/307/243 379/181/242
f 378/309/247 382/308/244 380/307/243 381/180/246
f 383/310/248 386/311/249 387/312/250 389/313/251
f 384/314/252 388/315/253 387/312/250 386/311/249
f 385/316/254 389/313/251 387/312/250 388/315/253
f 390/317/255 393/318/256 394/319/257 396/320/258
f 391/321/259 395/322/260 394/319/257 393/318/256
f 392/323/261 396/320/258 394/319/257 395/322/260
f 397/324/262 400/325/263 401/326/264 403/327/265
f 398/328/266 402/329/267 401/326/264 400/325/263
f 399/330/268 403/327/265 401/326/264 402/329/267
f 404/331/269 407/332/270 408/333/271 410/334/272
f 405/335/273 409/336/274 408/333/271 407/332/270
f 406/337/275 410/334/272 408/333/271 409/336/274
f 411/338/276 414/339/277 415/340/278 417/341/279
f 412/342/280 416/343/281 415/340/278 414/339/277
f 413/344/282 417/341/279 415/340/278 416/343/281
f 418/345/283 421/346/284 422/347/285 424/348/286
f 419/349/287 423/265/288 422/347/285 421/346/284
f 420/350/289 424/348/286 422/347/285 423/265/288
f 425/351/290 428/289/291 429/352/292 431/353/293
f 426/354/294 430/355/295 429/352/292 428/289/291
f 427/356/296 431/353/293 429/352/292 430/355/295
f 432/357/297 435/358/298 436/359/299 438/360/300
f 433/361/301 437/362/302 436/359/299 435/358/298
f 434/363/303 438/360/300 436/359/299 437/362/302
f 439/364/304 442/365/305 443/366/306 445/367/307
f 440/368/308 444/369/309 443/366/306 442/365/305
f 441/370/310 445/367/307 443/366/306 444/369/309
f 446/371/311 449/255/312 450/372/313 452/373/314
f 447/374/315 451/375/316 450/372/313 449/255/312
f 448/376/317 452/373/314 450/372/313 451/375/316
f 453/247/318 456/377/319 457/378/320 459/379/321
f 454/380/322 458/381/323 457/378/320 456/377/319
f 455/382/324 459/379/321 457/378/320 458/381/323
f 460/383/325 463/384/326 464/385/327 466/284/328
f 461/386/329 465/387/330 464/385/327 463/384/326
f 462/388/331 466/284/328 464/385/327 465/387/330
f 491/389/332 494/390/333 495/391/156 497/392/156
f 492/393/334 496/394/156 495/391/156 494/390/333
f 493/395/156 497/392/156 495/391/156 496/394/156
f 498/396/67 501/397/168 502/398/156 504/399/156
f 499/400/168 503/401/156 502/398/156 501/397/168
f 500/402/156 504/399/156 502/398/156 503/401/156
f 505/403/333 508/404/332 509/405/156 511/406/156
f 506/407/335 510/408/156 509/405/156 508/404/332
f 507/409/156 511/406/156 509/405/156 510/408/156
f 512/410/336 515/411/168 516/412/156 518/413/156
f 513/414/333 517/415/156 516/412/156 515/411/168
f 514/416/156 518/413/156 516/412/156 517/415/156
f 519/417/332 522/418/333 523/419/156 525/420/156
f 520/421/333 524/421/156 523/419/156 522/418/333
f 521/422/156 525/420/156 523/419/156 524/421/156
f 526/423/333 529/424/156 530/425/156 532/426/337
f 527/427/156 531/397/156 530/425/156 529/424/156
f 528/397/332 532/426/337 530/425/156 531/397/156
f 533/428/333 536/429/332 537/430/156 539/431/156
f 534/432/332 538/432/156 537/430/156 536/429/332
f 535/433/156 539/431/156 537/430/156 538/432/156
f 540/434/168 543/435/156 544/436/156 546/410/338
f 541/437/156 545/411/156 544/436/156 543/435/156
f 542/411/333 546/410/338 544/436/156 545/411/156
f 547/438/339 552/439/340 553/440/341 557/358/342
f 548/441/343 554/442/344 553/440/341 552/439/340
f 549/443/345 555/358/346 553/440/341 554/442/344
f 550/361/347 556/361/348 553/440/341 555/358/346
f 551/444/349 557/358/342 553/440/341 556/361/348
f 558/445/350 563/339/351 564/446/352 568/445/353
f 559/447/354 565/448/355 564/446/352 563/339/351
f 560/449/356 566/450/357 564/446/352 565/448/355
f 561/451/358 567/339/359 564/446/352 566/450/357
f 562/452/360 568/445/353 564/446/352 567/339/359
f 569/254/361 574/453/362 575/454/363 579/255/364
f 570/455/365 576/255/366 575/454/363 574/453/362
f 571/456/367 577/457/368 575/454/363 576/255/366
f 572/458/369 578/459/370 575/454/363 577/457/368
f 573/460/371 579/255/364 575/454/363 578/459/370
f 580/461/372 585/377/373 586/462/374 590/461/375
f 581/253/376 587/463/377 586/462/374 585/377/373
f 582/464/378 588/465/379 586/462/374 587/463/377
f 583/466/380 589/467/381 586/462/374 588/465/379
f 584/468/382 590/461/375 586/462/374 589/467/381
f 615/469/383 618/470/383 619/471/156 621/470/156
f 616/472/384 620/472/156 619/471/156 618/470/383
f 617/473/156 621/470/156 619/471/156 620/472/156
f 622/474/385 625/475/386 626/476/156 628/477/156
f 623/478/383 627/479/156 626/476/156 625/475/386
f 624/480/156 628/477/156 626/476/156 627/479/156
f 629/481/383 632/482/383 633/483/156 635/482/156
f 630/484/387 634/484/156 633/483/156 632/482/383
f 631/485/156 635/482/156 633/483/156 634/484/156
f 636/486/386 639/487/383 640/488/156 642/486/156
f 637/489/386 641/490/156 640/488/156 639/487/383
f 638/491/156 642/486/156 640/488/156 641/490/156
f 643/492/383 646/493/383 647/494/156 649/495/156
f 644/496/383 648/496/156 647/494/156 646/493/383
f 645/497/156 649/495/156 647/494/156 648/496/156
f 650/498/388 653/499/156 654/500/156 656/474/389
f 651/501/156 655/475/156 654/500/156 653/499/156
f 652/475/386 656/474/389 654/500/156 655/475/156
f 657/502/383 660/503/383 661/504/156 663/505/156
f 658/506/386 662/506/156 661/504/156 660/503/383
f 659/507/156 663/505/156 661/504/156 662/506/156
f 664/508/390 667/509/156 668/510/156 670/486/386
f 665/511/156 669/487/156 668/510/156 667/509/156
f 666/487/383 670/486/386 668/510/156 669/487/156
f 671/512/391 676/317/392 677/513/393 681/320/394
f 672/514/395 678/320/396 677/513/393 676/317/392
f 673/515/397 679/516/398 677/513/393 678/320/396
f 674/517/399 680/518/400 677/513/393 679/516/398
f 675/519/401 681/320/394 677/513/393 680/518/400
f 682/520/402 687/313/403 688/521/404 692/520/405
f 683/522/406 689/523/407 688/521/404 687/313/403
f 684/524/408 690/525/409 688/521/404 689/523/407
f 685/526/410 691/313/411 688/521/404 690/525/409
f 686/316/412 692/520/405 688/521/404 691/313/411
f 693/527/413 698/528/414 699/529/415 703/530/416
f 694/531/417 700/532/418 699/529/415 698/528/414
f 695/533/419 701/336/420 699/529/415 700/532/418
f 696/534/421 702/535/422 699/529/415 701/336/420
f 697/535/423 703/530/416 699/529/415 702/535/422
f 704/324/424 709/536/425 710/537/426 714/538/427
f 705/539/428 711/540/429 710/537/426 709/536/425
f 706/541/430 712/325/431 710/537/426 711/540/429
f 707/542/432 713/542/433 710/537/426 712/325/431
f 708/542/434 714/538/427 710/537/426 713/542/433
f 715/543/435 720/544/436 721/545/437 725/284/438
s 0
f 716/261/439 722/261/439 721/261/439 720/261/439
s 1
f 717/546/440 723/547/441 721/545/437 722/548/440
f 718/284/442 724/284/443 721/545/437 723/547/441
f 719/549/444 725/284/438 721/545/437 724/284/443
f 726/368/445 731/273/446 732/550/447 736/551/448
f 727/552/449 733/553/450 732/550/447 731/273/446
f 728/273/451 734/554/452 732/550/447 733/553/450
f 729/555/453 735/556/453 732/550/447 734/554/452
s 0
f 730/261/454 736/261/454 732/261/454 735/261/454
s 1
f 737/349/455 742/557/456 743/558/457 747/265/458
s 0
f 738/261/459 744/261/459 743/261/459 742/261/459
s 1
f 739/559/460 745/560/461 743/558/457 744/561/460
f 740/562/462 746/563/463 743/558/457 745/560/461
f 741/564/464 747/265/458 743/558/457 746/563/463
f 748/565/465 753/289/466 754/566/467 758/567/468
f 749/568/469 755/569/470 754/566/467 753/289/466
f 750/289/471 756/570/472 754/566/467 755/569/470
f 751/571/473 757/572/473 754/566/467 756/570/472
s 0
f 752/261/474 758/261/474 754/261/474 757/261/474
s 1
f 759/573/475 762/574/476 763/575/477 765/358/478
f 760/576/479 764/577/480 763/575/477 762/574/476
f 761/578/481 765/358/478 763/575/477 764/577/480
f 766/445/482 769/579/483 770/580/484 772/339/485
f 767/581/486 771/582/487 770/580/484 769/579/483
f 768/583/488 772/339/485 770/580/484 771/582/487
f 773/584/489 776/585/490 777/586/491 779/587/492
f 774/588/493 778/336/494 777/586/491 776/585/490
f 775/589/495 779/587/492 777/586/491 778/336/494
f 780/590/496 783/591/497 784/592/498 786/325/499
f 781/593/500 785/594/501 784/592/498 783/591/497
f 782/595/502 786/325/499 784/592/498 785/594/501
f 787/596/503 790/320/504 791/597/505 793/598/506
f 788/599/507 792/600/508 791/597/505 790/320/504
f 789/601/509 793/598/506 791/597/505 792/600/508
f 794/520/510 797/602/511 798/603/512 800/313/513
f 795/604/514 799/605/515 798/603/512 797/602/511
f 796/522/516 800/313/513 798/603/512 799/605/515
f 825/606/517 828/607/518 829/608/519 831/609/520
f 826/610/521 830/611/522 829/608/519 828/607/518
f 827/612/523 831/613/520 829/614/519 830/615/522
f 832/616/524 835/617/525 836/618/526 838/619/527
f 833/620/528 837/621/529 836/618/526 835/617/525
f 834/622/530 838/619/527 836/618/526 837/621/529
f 839/623/531 842/624/532 843/625/533 845/626/534
f 840/627/535 844/628/536 843/625/533 842/624/532
f 841/629/537 845/626/534 843/625/533 844/628/536
f 846/630/538 849/631/539 850/632/540 852/633/541
f 847/634/542 851/635/543 850/636/540 849/637/539
f 848/638/544 852/639/541 850/640/540 851/641/543
f 877/147/545 880/150/546 881/642/547 883/643/548
f 878/644/549 882/645/550 881/642/547 880/150/546
f 879/646/551 883/643/548 881/642/547 882/645/550
f 884/647/552 887/176/553 888/648/554 890/649/555
f 885/179/556 889/650/557 888/648/554 887/176/553
f 886/651/558 890/649/555 888/648/554 889/650/557
f 891/652/559 894/653/560 895/654/561 897/161/562
f 892/655/563 896/656/564 895/654/561 894/653/560
f 893/164/565 897/161/562 895/654/561 896/656/564
f 898/133/566 901/657/567 902/658/568 904/134/569
f 899/659/570 903/660/571 902/658/568 901/657/567
f 900/661/572 904/134/569 902/658/568 903/660/571
f 708/542/434 398/328/266 400/325/263 714/538/427
f 714/538/427 400/325/263 397/324/262 704/324/424
f 848/638/544 221/186/124 227/189/127 852/639/541
f 852/633/541 227/195/127 223/194/130 846/630/538
f 432/357/297 547/438/339 557/358/342 435/358/298
f 435/358/298 557/358/342 551/444/349 433/361/301
f 228/198/131 826/610/521 828/607/518 231/199/132
f 231/199/132 828/607/518 825/606/517 229/202/135
f 558/445/350 766/445/482 772/339/485 563/339/351
f 563/339/351 772/339/485 768/583/488 559/447/354
f 237/214/144 833/620/528 835/617/525 241/211/141
f 241/211/141 835/617/525 832/616/524 235/208/138
f 561/451/358 412/342/280 414/339/277 567/339/359
f 567/339/359 414/339/277 411/338/276 562/452/360
f 172/140/75 362/297/227 368/141/230 175/141/76
f 175/141/76 368/141/230 364/301/233 173/144/79
f 242/215/145 839/623/531 845/626/534 245/216/146
f 245/216/146 845/626/534 841/629/537 243/219/149
f 761/578/481 550/361/347 555/358/346 765/358/478
f 765/358/478 555/358/346 549/443/345 759/573/475
f 357/296/226 200/167/103 206/170/106 361/170/223
f 361/170/223 206/170/106 202/172/109 355/172/220
f 356/294/224 404/331/269 410/334/272 360/295/225
f 360/295/225 410/334/272 406/337/275 357/296/226
f 789/601/509 338/277/203 341/280/206 793/598/506
f 793/598/506 341/280/206 337/662/573 787/596/503
f 355/172/220 446/371/311 452/373/314 358/172/221
f 358/172/221 452/373/314 448/376/317 356/294/224
f 773/584/489 781/593/500 783/591/497 776/585/490
f 776/585/490 783/591/497 780/590/496 774/588/493
f 412/342/280 376/306/241 382/308/244 416/343/281
f 416/343/281 382/308/244 378/309/247 413/344/282
f 760/576/479 347/285/212 350/288/215 764/577/480
f 764/577/480 350/288/215 346/663/574 761/578/481
f 249/222/152 277/222/166 283/222/67 252/222/67
f 252/222/67 283/222/67 279/222/169 250/222/154
f 284/225/166 256/225/157 262/225/67 287/225/67
f 287/225/67 262/225/67 258/225/67 285/225/169
f 293/227/171 264/227/67 266/227/67 297/227/67
f 297/227/67 266/227/67 263/227/160 291/227/170
f 298/229/170 270/229/163 276/229/67 301/229/67
f 301/229/67 276/229/67 272/229/165 299/229/171
f 398/328/266 419/349/287 421/346/284 402/329/267
f 402/329/267 421/346/284 418/345/283 399/330/268
f 759/573/475 768/583/488 771/582/487 762/574/476
f 762/574/476 771/582/487 767/581/486 760/576/479
f 433/361/301 425/351/290 431/353/293 437/362/302
f 437/362/302 431/353/293 427/356/296 434/363/303
s 0
f 328/261/575 320/261/575 323/261/575 332/261/575
s 1
f 332/272/198 323/265/576 319/664/576 329/269/195
f 697/535/423 775/589/495 778/336/494 703/530/416
f 703/530/416 778/336/494 774/588/493 693/527/413
f 796/522/516 683/522/406 687/313/403 800/313/513
f 800/313/513 687/313/403 682/520/402 794/520/510
f 580/461/372 305/247/172 311/250/175 585/377/373
f 585/377/373 311/250/175 307/253/178 581/253/376
f 788/599/507 796/522/516 799/605/515 792/600/508
f 792/600/508 799/605/515 795/604/514 789/601/509
f 329/269/577 773/584/489 779/587/492 334/270/578
f 334/270/578 779/587/492 775/589/495 330/273/579
f 314/260/185 331/275/580 335/274/581 318/257/182
f 318/257/182 335/274/581 330/273/582 312/254/179
f 313/258/183 307/253/178 310/252/177 317/259/184
f 317/259/184 310/252/177 306/251/176 314/260/185
f 340/283/209 328/665/583 336/276/583 345/284/210
s 0
f 345/261/584 336/261/584 331/261/584 337/261/584
s 1
f 339/281/585 306/251/176 308/248/173 344/282/586
f 344/282/586 308/248/173 305/247/172 340/283/587
f 322/267/192 767/581/486 769/579/483 327/268/193
s 0
f 327/261/588 769/261/588 766/261/588 319/261/588
s 1
f 781/593/500 321/265/589 325/263/590 785/594/501
f 785/594/501 325/263/590 320/262/591 782/595/502
f 349/291/218 795/604/514 797/602/511 354/292/219
s 0
f 354/261/592 797/261/592 794/261/592 346/261/592
s 1
f 675/519/401 788/599/507 790/320/504 681/320/394
f 681/320/394 790/320/504 787/596/503 671/512/391
f 706/541/430 780/590/496 786/325/499 712/325/431
f 712/325/431 786/325/499 782/595/502 707/542/432
f 348/289/593 339/281/593 343/278/594 353/290/594
f 353/290/594 343/278/594 338/277/203 349/291/218
f 312/254/179 569/254/361 579/255/364 315/255/180
f 315/255/180 579/255/364 573/460/371 313/258/183
f 741/564/464 420/350/289 423/265/288 747/265/458
f 747/265/458 423/265/288 419/349/287 737/349/455
f 188/159/95 369/302/234 375/157/237 192/157/92
f 192/157/92 375/157/237 371/305/240 186/154/89
f 439/364/304 727/552/449 731/273/446 442/365/305
f 442/365/305 731/273/446 726/368/445 440/368/308
f 453/247/318 584/468/382 589/467/381 456/377/319
f 456/377/319 589/467/381 583/466/380 454/380/322
f 695/533/419 406/337/275 409/336/274 701/336/420
f 701/336/420 409/336/274 405/335/273 696/534/421
f 370/304/238 384/314/252 386/311/249 374/154/239
f 374/154/239 386/311/249 383/310/248 371/305/240
f 454/380/322 364/301/233 367/144/232 458/381/323
f 458/381/323 367/144/232 363/300/231 455/382/324
f 426/354/294 385/316/254 388/315/253 430/355/295
f 430/355/295 388/315/253 384/314/252 427/356/296
f 440/368/308 405/335/273 407/332/270 444/369/309
f 444/369/309 407/332/270 404/331/269 441/370/310
f 447/374/315 439/364/304 445/367/307 451/375/316
f 451/375/316 445/367/307 441/370/310 448/376/317
f 321/265/595 348/289/595 352/286/596 326/266/596
f 326/266/596 352/286/596 347/285/212 322/267/192
f 385/316/254 686/316/412 691/313/411 389/313/251
f 389/313/251 691/313/411 685/526/410 383/310/248
f 460/383/325 453/247/318 459/379/321 463/384/326
f 463/384/326 459/379/321 455/382/324 461/386/329
f 390/317/255 462/388/331 465/387/330 393/318/256
f 393/318/256 465/387/330 461/386/329 391/321/259
f 369/302/234 432/357/297 438/360/300 372/302/235
f 372/302/235 438/360/300 434/363/303 370/304/238
f 399/330/268 378/309/247 381/180/246 403/327/265
f 403/327/265 381/180/246 377/180/245 397/324/262
f 391/321/259 363/300/231 365/298/228 395/322/260
f 395/322/260 365/298/228 362/297/227 392/323/261
f 719/549/444 460/383/325 466/284/328 725/284/438
f 725/284/438 466/284/328 462/388/331 715/543/435
f 376/306/241 215/184/121 217/181/118 379/181/242
f 379/181/242 217/181/118 214/180/117 377/180/245
f 420/350/289 411/338/276 417/341/279 424/348/286
f 424/348/286 417/341/279 413/344/282 418/345/283
f 570/455/365 447/374/315 449/255/312 576/255/366
f 576/255/366 449/255/312 446/371/311 571/456/367
f 392/323/261 673/515/397 678/320/396 396/320/258
f 396/320/258 678/320/396 672/514/395 390/317/255
f 425/351/290 749/568/469 753/289/466 428/289/291
f 428/289/291 753/289/466 748/565/465 426/354/294
f 750/289/597 717/546/597 722/548/598 756/570/599
f 756/570/599 722/548/598 716/666/600 751/571/600
f 717/546/601 730/667/601 735/556/602 723/547/603
f 723/547/603 735/556/602 729/555/604 718/284/605
f 728/273/606 740/562/606 745/560/607 734/554/607
f 734/554/607 745/560/607 739/559/608 729/555/608
s 0
f 738/261/609 752/261/609 757/261/609 744/261/609
s 1
f 744/561/610 757/572/610 751/571/610 739/559/610
f 209/179/116 885/179/556 887/176/553 213/176/113
f 213/176/113 887/176/553 884/647/552 207/173/110
f 900/661/572 166/137/72 168/134/69 904/134/569
f 904/134/569 168/134/69 165/133/68 898/133/566
f 572/458/369 582/464/378 587/463/377 578/459/370
f 578/459/370 587/463/377 581/253/376 573/460/371
f 535/433/156 541/437/156 543/435/156 539/431/156
f 539/431/156 543/435/156 540/434/168 533/428/333
f 548/441/343 560/449/356 565/448/355 554/442/344
f 554/442/344 565/448/355 559/447/354 549/443/345
f 521/422/156 527/427/156 529/424/156 525/420/156
f 525/420/156 529/424/156 526/423/333 519/417/332
f 533/428/333 506/407/335 508/404/332 536/429/332
f 536/429/332 508/404/332 505/403/333 534/432/332
f 506/407/335 512/410/336 518/413/156 510/408/156
f 510/408/156 518/413/156 514/416/156 507/409/156
f 512/410/336 540/434/168 546/410/338 515/411/168
f 515/411/168 546/410/338 542/411/333 513/414/333
f 519/417/332 492/393/334 494/390/333 522/418/333
f 522/418/333 494/390/333 491/389/332 520/421/333
f 492/393/334 498/396/67 504/399/156 496/394/156
f 496/394/156 504/399/156 500/402/156 493/395/156
f 498/396/67 526/423/333 532/426/337 501/397/168
f 501/397/168 532/426/337 528/397/332 499/400/168
f 486/668/611 488/669/612 490/670/613 487/671/614
f 487/672/614 490/673/613 489/674/615 485/675/615
f 474/676/616 476/677/617 478/678/618 475/679/619
f 475/680/619 478/681/618 477/682/620 473/683/620
f 718/284/442 580/461/372 590/461/375 724/284/443
f 724/284/443 590/461/375 584/468/382 719/549/444
f 569/254/361 728/273/451 733/553/450 574/453/362
f 574/453/362 733/553/450 727/552/449 570/455/365
f 480/684/621 804/685/622 806/686/623 481/687/624
f 481/688/624 806/689/623 805/690/625 479/691/626
f 808/692/627 810/693/628 812/694/629 809/695/630
f 809/696/630 812/697/629 811/698/631 807/699/632
f 550/361/347 750/289/471 755/569/470 556/361/348
f 556/361/348 755/569/470 749/568/469 551/444/349
f 740/562/462 558/445/350 568/445/353 746/563/463
f 746/563/463 568/445/353 562/452/360 741/564/464
f 592/700/633 816/701/634 818/702/635 593/703/636
f 593/704/636 818/705/635 817/706/637 591/707/637
f 193/160/96 891/652/559 897/161/562 196/161/97
f 196/161/97 897/161/562 893/164/565 194/164/100
s 0
f 730/261/638 697/261/638 702/261/638 736/261/638
s 1
f 736/551/448 702/535/422 696/534/421 726/368/445
f 693/527/413 706/541/430 711/540/429 698/528/414
f 698/528/414 711/540/429 705/539/428 694/531/417
f 707/542/432 738/708/639 742/557/456 713/542/433
f 713/542/433 742/557/456 737/349/455 708/542/434
f 659/507/156 665/511/156 667/509/156 663/505/156
f 663/505/156 667/509/156 664/508/390 657/502/383
f 674/517/399 684/524/408 689/523/407 680/518/400
f 680/518/400 689/523/407 683/522/406 675/519/401
f 645/497/156 651/501/156 653/499/156 649/495/156
f 649/495/156 653/499/156 650/498/388 643/492/383
f 657/502/383 630/484/387 632/482/383 660/503/383
f 660/503/383 632/482/383 629/481/383 658/506/386
f 630/484/387 636/486/386 642/486/156 634/484/156
f 634/484/156 642/486/156 638/491/156 631/485/156
f 636/486/386 664/508/390 670/486/386 639/487/383
f 639/487/383 670/486/386 666/487/383 637/489/386
f 643/492/383 616/472/384 618/470/383 646/493/383
f 646/493/383 618/470/383 615/469/383 644/496/383
f 616/472/384 622/474/385 628/477/156 620/472/156
f 620/472/156 628/477/156 624/480/156 617/473/156
f 622/474/385 650/498/388 656/474/389 625/475/386
f 625/475/386 656/474/389 652/475/386 623/478/383
f 610/709/640 612/710/641 614/711/642 611/712/643
f 611/712/643 614/711/642 613/713/644 609/714/644
f 598/715/645 600/716/646 602/717/647 599/718/648
f 599/719/648 602/720/647 601/721/649 597/722/649
f 671/512/391 716/666/650 720/544/436 676/317/392
f 676/317/392 720/544/436 715/543/435 672/514/395
s 0
f 752/261/651 682/261/651 692/261/651 758/261/651
s 1
f 758/567/468 692/520/405 686/316/412 748/565/465
f 820/723/652 822/724/653 824/725/654 821/726/655
f 821/726/655 824/725/654 823/727/656 819/728/656
f 181/153/88 878/644/549 880/150/546 185/150/85
f 185/150/85 880/150/546 877/147/545 179/147/82
f 816/701/634 827/612/523 830/615/522 818/702/635
f 818/705/635 830/611/522 826/610/521 817/706/637
f 827/612/523 811/698/631 812/697/629 831/613/520
f 831/609/520 812/694/629 810/693/628 825/606/517
f 229/202/135 477/682/620 478/681/618 233/203/136
f 233/207/136 478/678/618 476/677/617 230/204/137
f 807/699/632 834/622/530 837/621/529 809/696/630
f 809/695/630 837/621/529 833/620/528 808/692/627
f 834/622/530 820/723/652 821/726/655 838/619/527
f 838/619/527 821/726/655 819/728/656 832/616/524
f 473/683/620 237/214/144 240/213/143 475/680/619
f 475/679/619 240/213/143 236/212/142 474/676/616
f 493/395/156 265/228/156 268/227/162 497/392/156
f 497/392/156 268/227/162 264/227/67 491/389/332
f 257/226/156 500/402/156 503/401/156 261/225/159
f 261/225/159 503/401/156 499/400/168 258/225/67
f 479/691/626 841/629/537 844/628/536 481/688/624
f 481/687/624 844/628/536 840/627/535 480/684/621
f 243/219/149 489/674/615 490/673/613 247/220/150
f 247/220/150 490/670/613 488/669/612 244/221/151
f 847/634/542 592/700/633 593/703/636 851/635/543
f 851/641/543 593/704/636 591/707/637 848/638/544
f 804/685/622 847/634/542 849/637/539 806/686/623
f 806/689/623 849/631/539 846/630/538 805/690/625
f 822/724/653 840/627/535 842/624/532 824/725/654
f 824/725/654 842/624/532 839/623/531 823/727/656
f 485/675/615 223/194/130 226/197/129 487/672/614
f 487/671/614 226/191/129 222/190/128 486/668/611
f 507/409/156 251/224/156 254/222/155 511/406/156
f 511/406/156 254/222/155 250/222/154 505/403/333
f 271/230/156 514/416/156 517/415/156 275/229/164
f 275/229/164 517/415/156 513/414/333 272/229/165
f 520/421/333 293/227/171 296/242/67 524/421/156
f 524/421/156 296/242/67 292/241/156 521/422/156
f 285/225/169 528/397/332 531/397/156 289/237/67
f 289/237/67 531/397/156 527/427/156 286/238/156
f 534/432/332 279/222/169 282/234/67 538/432/156
f 538/432/156 282/234/67 278/233/156 535/433/156
f 299/229/171 542/411/333 545/411/156 303/245/67
f 303/245/67 545/411/156 541/437/156 300/246/156
f 560/449/356 216/185/123 219/181/122 566/450/357
f 566/450/357 219/181/122 215/184/121 561/451/358
f 187/158/93 548/441/343 552/439/340 191/157/94
f 191/157/94 552/439/340 547/438/339 188/159/95
f 582/464/378 174/146/81 177/145/80 588/465/379
f 588/465/379 177/145/80 173/144/79 583/466/380
f 201/171/107 572/458/369 577/457/368 205/170/108
f 205/170/108 577/457/368 571/456/367 202/172/109
f 704/324/424 214/180/117 220/183/120 709/536/425
f 709/536/425 220/183/120 216/185/123 705/539/428
f 186/154/89 685/526/410 690/525/409 189/155/90
f 189/155/90 690/525/409 684/524/408 187/158/93
f 200/167/103 695/533/419 700/532/418 203/168/104
f 203/168/104 700/532/418 694/531/417 201/171/107
f 673/515/397 172/140/75 178/143/78 679/516/398
f 679/516/398 178/143/78 174/146/81 674/517/399
f 221/186/124 601/721/649 602/720/647 224/187/125
f 224/193/125 602/717/647 600/716/646 222/190/128
f 597/722/649 228/198/131 234/201/134 599/719/648
f 599/718/648 234/205/134 230/204/137 598/715/645
f 617/473/156 257/226/156 259/225/158 621/470/156
f 621/470/156 259/225/158 256/225/157 615/469/383
f 251/224/156 624/480/156 627/479/156 255/222/153
f 255/222/153 627/479/156 623/478/383 249/222/152
f 235/208/138 613/713/644 614/711/642 238/209/139
f 238/209/139 614/711/642 612/710/641 236/212/142
f 609/714/644 242/215/145 248/218/148 611/712/643
f 611/712/643 248/218/148 244/221/151 610/709/640
f 631/485/156 271/230/156 273/229/156 635/482/156
f 635/482/156 273/229/156 270/229/163 629/481/383
f 265/228/156 638/491/156 641/490/156 269/227/161
f 269/227/161 641/490/156 637/489/386 263/227/160
f 644/496/383 284/225/166 290/236/156 648/496/156
f 648/496/156 290/236/156 286/238/156 645/497/156
f 277/222/166 652/475/386 655/475/156 280/231/167
f 280/231/167 655/475/156 651/501/156 278/233/156
f 658/506/386 298/229/170 304/244/156 662/506/156
f 662/506/156 304/244/156 300/246/156 659/507/156
f 291/227/170 666/487/383 669/487/156 294/239/156
f 294/239/156 669/487/156 665/511/156 292/241/156
f 802/729/657 482/730/658 484/731/659 803/732/660
f 803/732/660 484/731/659 483/733/661 801/734/661
f 468/735/662 470/736/662 472/737/663 469/738/664
f 469/738/664 472/737/663 471/739/665 467/740/666
f 814/741/667 594/742/667 596/743/668 815/744/668
f 815/744/668 596/743/668 595/745/669 813/746/669
f 604/747/670 606/748/670 608/749/671 605/750/671
f 605/750/671 608/749/671 607/751/672 603/752/672
f 594/742/667 181/153/88 184/152/87 596/743/668
f 596/743/668 184/152/87 180/151/86 595/745/669
f 179/147/82 471/739/665 472/737/663 182/148/83
f 182/148/83 472/737/663 470/736/662 180/151/86
f 467/740/666 209/179/116 212/178/115 469/738/664
f 469/738/664 212/178/115 208/177/114 468/735/662
f 207/173/110 604/747/670 605/750/671 210/174/111
f 210/174/111 605/750/671 603/752/672 208/177/114
f 801/734/661 195/166/102 198/165/101 803/732/660
f 803/732/660 198/165/101 194/164/100 802/729/657
f 166/137/72 814/741/667 815/744/668 170/138/73
f 170/138/73 815/744/668 813/746/669 167/139/74
f 482/730/658 165/133/68 171/136/71 484/731/659
f 484/731/659 171/136/71 167/139/74 483/733/661
f 606/748/670 193/160/96 199/163/99 608/749/671
f 608/749/671 199/163/99 195/166/102 607/751/672
f 854/753/673 856/754/673 858/755/674 855/756/674
f 855/756/674 858/755/674 857/757/675 853/729/675
f 860/740/676 862/739/676 864/758/677 861/759/677
f 861/759/677 864/758/677 863/760/678 859/761/678
f 866/762/679 868/763/679 870/764/680 867/765/680
f 867/765/680 870/764/680 869/766/681 865/767/681
f 875/768/682 871/769/682 873/770/683 876/771/683
f 876/771/683 873/770/683 872/748/684 874/772/684
f 868/763/679 879/646/551 882/645/550 870/764/680
f 870/764/680 882/645/550 878/644/549 869/766/681
f 879/646/551 863/760/678 864/758/677 883/643/548
f 883/643/548 864/758/677 862/739/676 877/147/545
f 859/761/678 886/651/558 889/650/557 861/759/677
f 861/759/677 889/650/557 885/179/556 860/740/676
f 886/651/558 875/768/682 876/771/683 890/649/555
f 890/649/555 876/771/683 874/772/684 884/647/552
f 853/729/675 893/164/565 896/656/564 855/756/674
f 855/756/674 896/656/564 892/655/563 854/753/673
f 899/659/570 866/762/679 867/765/680 903/660/571
f 903/660/571 867/765/680 865/767/681 900/661/572
f 856/754/673 899/659/570 901/657/567 858/755/674
f 858/755/674 901/657/567 898/133/566 857/757/675
f 871/769/682 892/655/563 894/653/560 873/770/683
f 873/770/683 894/653/560 891/652/559 872/748/684
f 482/730/658 857/757/675 898/133/566 165/133/68
f 167/139/74 847/634/542 804/685/622 483/733/661
f 166/137/72 900/661/572 865/767/681 814/741/667
f 813/746/669 592/700/633 847/634/542 167/139/74
f 673/515/397 392/323/261 362/297/227 172/140/75
f 173/144/79 364/301/233 454/380/322 583/466/380
f 174/146/81 278/233/156 651/501/156 674/517/399
f 582/464/378 535/433/156 278/233/156 174/146/81
f 594/742/667 869/766/681 878/644/549 181/153/88
f 470/736/662 811/698/631 827/612/523 180/151/86
f 180/151/86 827/612/523 816/701/634 595/745/669
f 179/147/82 877/147/545 862/739/676 471/739/665
f 684/524/408 645/497/156 286/238/156 187/158/93
f 187/158/93 286/238/156 527/427/156 548/441/343
f 186/154/89 371/305/240 383/310/248 685/526/410
f 547/438/339 432/357/297 369/302/234 188/159/95
f 606/748/670 872/748/684 891/652/559 193/160/96
f 195/166/102 840/627/535 822/724/653 607/751/672
f 194/164/100 893/164/565 853/729/675 802/729/657
f 801/734/661 480/684/621 840/627/535 195/166/102
f 200/167/103 357/296/226 406/337/275 695/533/419
f 201/171/107 300/246/156 541/437/156 572/458/369
f 571/456/367 446/371/311 355/172/220 202/172/109
f 694/531/417 659/507/156 300/246/156 201/171/107
f 207/173/110 884/647/552 874/772/684 604/747/670
f 467/740/666 860/740/676 885/179/556 209/179/116
f 603/752/672 820/723/652 834/622/530 208/177/114
f 208/177/114 834/622/530 807/699/632 468/735/662
f 216/185/123 292/241/156 665/511/156 705/539/428
f 215/184/121 376/306/241 412/342/280 561/451/358
f 560/449/356 521/422/156 292/241/156 216/185/123
f 704/324/424 397/324/262 377/180/245 214/180/117
f 848/638/544 591/707/637 601/721/649 221/186/124
f 507/409/156 486/668/611 222/190/128 251/224/156
f 805/690/625 846/630/538 223/194/130 485/675/615
f 251/224/156 222/190/128 600/716/646 624/480/156
f 817/706/637 826/610/521 228/198/131 597/722/649
f 825/606/517 810/693/628 477/682/620 229/202/135
f 617/473/156 598/715/645 230/204/137 257/226/156
f 257/226/156 230/204/137 476/677/617 500/402/156
f 832/616/524 819/728/656 613/713/644 235/208/138
f 493/395/156 474/676/616 236/212/142 265/228/156
f 808/692/627 833/620/528 237/214/144 473/683/620
f 265/228/156 236/212/142 612/710/641 638/491/156
f 823/727/656 839/623/531 242/215/145 609/714/644
f 841/629/537 479/691/626 489/674/615 243/219/149
f 631/485/156 610/709/640 244/221/151 271/230/156
f 271/230/156 244/221/151 488/669/612 514/416/156
f 534/432/332 505/403/333 250/222/154 279/222/169
f 277/222/166 249/222/152 623/478/383 652/475/386
f 644/496/383 615/469/383 256/225/157 284/225/166
f 285/225/169 258/225/67 499/400/168 528/397/332
f 520/421/333 491/389/332 264/227/67 293/227/171
f 291/227/170 263/227/160 637/489/386 666/487/383
f 658/506/386 629/481/383 270/229/163 298/229/170
f 299/229/171 272/229/165 513/414/333 542/411/333
f 718/284/442 339/281/685 305/247/172 580/461/372
f 581/253/376 307/253/178 313/258/183 573/460/371
f 340/283/686 331/275/580 314/260/185 306/251/176
f 569/254/361 312/254/179 330/273/582 728/273/451
f 740/562/687 321/265/687 325/263/687 320/262/688 329/269/577 334/270/687 330/273/687 728/273/687
f 751/571/689 756/570/689 750/289/689 348/289/595 321/265/595 740/562/689 745/560/689 739/559/689
f 707/542/432 782/595/502 321/265/690 740/562/690 745/560/690 739/559/690 744/561/690 738/708/639
f 740/562/462 321/265/691 326/266/691 322/267/691 766/445/482 558/445/350
f 329/269/577 320/262/688 781/593/500 773/584/489
f 760/576/479 767/581/486 322/267/192 347/285/212
f 730/667/692 735/556/692 729/555/692 734/554/692 728/273/692 330/273/579 775/589/495 697/535/423
f 729/555/604 734/554/693 728/273/693 330/273/693 335/274/693 331/275/580 340/283/686 344/282/693 339/281/693 718/284/605
f 717/546/694 723/547/694 718/284/694 339/281/593 348/289/593 750/289/694
f 671/512/391 787/596/503 338/277/695 343/278/695 339/281/695 718/284/695 723/547/695 717/546/695 722/548/695 716/666/650
f 789/601/509 795/604/514 349/291/218 338/277/203
f 752/773/696 757/572/696 751/571/696 756/570/696 750/289/696 348/289/696 353/290/696 349/291/696 794/520/510 682/520/402
f 550/361/347 761/578/481 347/285/697 352/286/697 348/289/697 750/289/471
f 404/331/269 356/294/224 448/376/317 441/370/310
f 461/386/329 455/382/324 363/300/231 391/321/259
f 434/363/303 427/356/296 384/314/252 370/304/238
f 378/309/247 399/330/268 418/345/283 413/344/282
f 686/316/412 385/316/254 426/354/294 748/565/465
f 715/543/435 462/388/331 390/317/255 672/514/395
f 737/349/455 419/349/287 398/328/266 708/542/434
f 696/534/421 405/335/273 440/368/308 726/368/445
f 562/452/360 411/338/276 420/350/289 741/564/464
f 749/568/469 425/351/290 433/361/301 551/444/349
f 727/552/449 439/364/304 447/374/315 570/455/365
f 584/468/382 453/247/318 460/383/325 719/549/444
f 471/739/665 862/739/676 860/740/676 467/740/666
f 468/735/662 807/699/632 811/698/631 470/736/662
f 493/395/156 500/402/156 476/677/617 474/676/616
f 473/683/620 477/682/620 810/693/628 808/692/627
f 483/733/661 804/685/622 480/684/621 801/734/661
f 485/675/615 489/674/615 479/691/626 805/690/625
f 802/729/657 853/729/675 857/757/675 482/730/658
f 507/409/156 514/416/156 488/669/612 486/668/611
f 519/417/332 526/423/333 498/396/67 492/393/334
f 533/428/333 540/434/168 512/410/336 506/407/335
f 560/449/356 548/441/343 527/427/156 521/422/156
f 582/464/378 572/458/369 541/437/156 535/433/156
f 559/447/354 768/583/488 759/573/475 549/443/345
f 595/745/669 816/701/634 592/700/633 813/746/669
f 597/722/649 601/721/649 591/707/637 817/706/637
f 814/741/667 865/767/681 869/766/681 594/742/667
f 617/473/156 624/480/156 600/716/646 598/715/645
f 604/747/670 874/772/684 872/748/684 606/748/670
f 607/751/672 822/724/653 820/723/652 603/752/672
f 631/485/156 638/491/156 612/710/641 610/709/640
f 609/714/644 613/713/644 819/728/656 823/727/656
f 643/492/383 650/498/388 622/474/385 616/472/384
f 657/502/383 664/508/390 636/486/386 630/484/387
f 684/524/408 674/517/399 651/501/156 645/497/156
f 694/531/417 705/539/428 665/511/156 659/507/156
f 683/522/406 796/522/516 788/599/507 675/519/401
f 693/527/413 774/588/493 780/590/496 706/541/430
f 717/546/156 751/571/156 739/559/156 729/555/156
f 162/129/67 854/753/673 892/655/563 871/769/682
f 162/129/67 163/132/67 856/754/673 854/753/673
f 866/762/679 899/659/570 856/754/673 163/132/67
f 859/761/678 161/130/67 875/768/682 886/651/558
f 859/761/678 863/760/678 164/131/67 161/130/67
f 879/646/551 868/763/679 164/131/67 863/760/678
f 163/132/67 164/131/67 868/763/679 866/762/679
f 871/769/682 875/768/682 161/130/67 162/129/67
o Cube.011
v 212.410858 113.186928 -75.509453
v 212.410858 99.989433 -75.509453
v 238.891937 113.186928 -75.509445
v 238.891937 99.989433 -75.509445
v 212.410858 113.186928 -69.540497
v 212.410858 99.989433 -69.540497
v 238.891937 113.186928 -69.540489
v 238.891937 99.989433 -69.540489
vn -0.0000 -0.0000 -1.0000
vn 1.0000 -0.0000 -0.0000
vn -0.0000 -0.0000 1.0000
vn -1.0000 -0.0000 -0.0000
vn -0.0000 1.0000 -0.0000
vn -0.0000 -1.0000 -0.0000
vt 0.546604 0.170011
vt 0.531687 0.170042
vt 0.531566 0.155514
vt 0.546209 0.155769
vt 0.501233 0.526261
vt 0.506079 0.526345
vt 0.506114 0.531203
vt 0.501277 0.531186
vt 0.522650 0.853008
vt 0.522650 0.744767
vt 0.400482 0.744767
vt 0.400482 0.853008
vt 0.505096 0.527170
vt 0.505091 0.527278
vt 0.505084 0.527254
vt 0.505088 0.527153
vt 0.278052 0.441024
vt 0.300693 0.441024
vt 0.300693 0.463664
vt 0.278052 0.463664
vt 0.625000 0.500000
vt 0.875000 0.500000
vt 0.875000 0.750000
vt 0.625000 0.750000
s 0
usemtl Material.009
f 905/774/698 907/777/698 908/776/698 906/775/698
f 907/778/699 911/781/699 912/780/699 908/779/699
f 911/782/700 909/785/700 910/784/700 912/783/700
f 909/786/701 905/789/701 906/788/701 910/787/701
f 907/790/702 905/793/702 909/792/702 911/791/702
f 912/794/703 910/797/703 906/796/703 908/795/703
o Cube.012
v 211.158600 113.152100 -74.705627
v 211.158600 113.732620 -74.705627
v 240.739288 113.152100 -74.705635
v 240.739288 113.732620 -74.705635
v 211.158600 113.152100 -69.212105
v 211.158600 113.732620 -69.212105
v 240.739288 113.152100 -69.212112
v 240.739288 113.732620 -69.212112
vn -0.0000 -0.0000 -1.0000
vn 1.0000 -0.0000 -0.0000
vn -0.0000 -0.0000 1.0000
vn -1.0000 -0.0000 -0.0000
vn -0.0000 -1.0000 -0.0000
vn -0.0000 1.0000 -0.0000
vt 0.375000 0.000000
vt 0.625000 0.000000
vt 0.625000 0.250000
vt 0.375000 0.250000
vt 0.225702 0.473198
vt 0.225923 0.472335
vt 0.238392 0.470611
vt 0.238356 0.471512
vt 0.245724 0.486682
vt 0.245753 0.487096
vt 0.240826 0.486917
vt 0.240827 0.487322
s 0
usemtl Material.009
f 913/798/704 914/799/704 916/800/704 915/801/704
f 915/802/705 916/803/705 920/804/705 919/805/705
f 919/805/706 920/804/706 918/806/706 917/807/706
f 917/807/707 918/806/707 914/808/707 913/809/707
f 915/802/708 919/805/708 917/807/708 913/809/708
f 920/804/709 916/803/709 914/808/709 918/806/709
o Plane.001
v 210.753281 99.908356 -81.702087
v 210.753281 99.908356 -74.800468
v 259.064575 99.908356 -81.702095
v 259.064575 99.908356 -74.800476
v 210.753281 99.908356 -67.961365
v 259.064575 99.908356 -67.961372
v 259.064575 134.952087 -74.862984
v 210.753281 134.952087 -74.862976
v 259.064575 129.007309 -81.702095
v 210.753281 129.007309 -81.702087
v 259.064575 129.007309 -68.638893
v 210.753281 129.007309 -68.638885
v 259.064575 105.643501 -74.862984
v 210.753281 105.643501 -74.862976
v 259.064575 105.643501 -81.702095
v 210.753281 105.643501 -81.702087
v 210.753281 99.908356 -69.064987
v 210.753281 105.643501 -74.862976
v 210.753281 99.908356 -80.660965
v 210.753281 99.935974 -69.633293
v 210.753281 100.018555 -70.196121
v 210.753281 100.155312 -70.748055
v 210.753281 100.344917 -71.283783
v 210.753281 100.585556 -71.798141
v 210.753281 100.874901 -72.286179
v 210.753281 101.210175 -72.743195
v 210.753281 101.588142 -73.164787
v 210.753281 102.005165 -73.546898
v 210.753281 102.457222 -73.885841
v 210.753281 102.939972 -74.178360
v 210.753281 103.448753 -74.421631
v 210.753281 103.978676 -74.613319
v 210.753281 104.524628 -74.751572
v 210.753281 105.081360 -74.835060
v 259.064575 105.643501 -74.862984
v 259.064575 99.908356 -69.065002
v 259.064575 99.908356 -80.660973
v 259.064575 105.081360 -74.835068
v 259.064575 104.524628 -74.751579
v 259.064575 103.978676 -74.613327
v 259.064575 103.448753 -74.421638
v 259.064575 102.939972 -74.178368
v 259.064575 102.457222 -73.885849
v 259.064575 102.005165 -73.546906
v 259.064575 101.588142 -73.164795
v 259.064575 101.210175 -72.743202
v 259.064575 100.874901 -72.286186
v 259.064575 100.585556 -71.798149
v 259.064575 100.344917 -71.283791
v 259.064575 100.155312 -70.748062
v 259.064575 100.018555 -70.196129
v 259.064575 99.935974 -69.633301
v 259.064575 132.362854 -81.702095
v 259.064575 134.952087 -79.112854
v 259.064575 132.616638 -81.689629
v 259.064575 132.867981 -81.652344
v 259.064575 133.114456 -81.590599
v 259.064575 133.353699 -81.504997
v 259.064575 133.583405 -81.396362
v 259.064575 133.801346 -81.265732
v 259.064575 134.005432 -81.114365
v 259.064575 134.193710 -80.943726
v 259.064575 134.364349 -80.755447
v 259.064575 134.515717 -80.551361
v 259.064575 134.646347 -80.333412
v 259.064575 134.754990 -80.103714
v 259.064575 134.840591 -79.864471
v 259.064575 134.902328 -79.617989
v 259.064575 134.939621 -79.366646
v 210.753281 134.952087 -79.112846
v 210.753281 132.362854 -81.702087
v 210.753281 134.939621 -79.366638
v 210.753281 134.902328 -79.617981
v 210.753281 134.840591 -79.864464
v 210.753281 134.754990 -80.103706
v 210.753281 134.646347 -80.333405
v 210.753281 134.515717 -80.551346
v 210.753281 134.364349 -80.755440
v 210.753281 134.193710 -80.943710
v 210.753281 134.005432 -81.114357
v 210.753281 133.801346 -81.265717
v 210.753281 133.583405 -81.396347
v 210.753281 133.353699 -81.504990
v 210.753281 133.114456 -81.590591
v 210.753281 132.867981 -81.652336
v 210.753281 132.616638 -81.689613
v 259.064575 129.007309 -74.664894
v 259.064575 128.809219 -74.862984
v 259.064575 129.007309 -75.061081
v 259.064575 129.205399 -74.862984
v 259.064575 129.005615 -74.690750
v 259.064575 129.000565 -74.716164
v 259.064575 128.992233 -74.740700
v 259.064575 128.980774 -74.763939
v 259.064575 128.966370 -74.785484
v 259.064575 128.949295 -74.804962
v 259.064575 128.929810 -74.822052
v 259.064575 128.908264 -74.836449
v 259.064575 128.885025 -74.847908
v 259.064575 128.860489 -74.856239
v 259.064575 128.835068 -74.861290
v 210.753281 128.809219 -74.862976
v 210.753281 129.007309 -74.664879
v 210.753281 129.205399 -74.862976
v 210.753281 128.835068 -74.861282
v 210.753281 128.860489 -74.856224
v 210.753281 128.885025 -74.847900
v 210.753281 128.908264 -74.836441
v 210.753281 128.929810 -74.822044
v 210.753281 128.949295 -74.804955
v 210.753281 128.966370 -74.785477
v 210.753281 128.980774 -74.763931
v 210.753281 128.992233 -74.740692
v 210.753281 129.000565 -74.716148
v 210.753281 129.005615 -74.690735
v 259.064575 134.952087 -69.858070
v 259.064575 133.732910 -68.638893
v 259.064575 134.939667 -69.684563
v 259.064575 134.902710 -69.514587
v 259.064575 134.841919 -69.351608
v 259.064575 134.758545 -69.198936
v 259.064575 134.654297 -69.059677
v 259.064575 134.531296 -68.936676
v 259.064575 134.392044 -68.832436
v 259.064575 134.239380 -68.749069
v 259.064575 134.076385 -68.688278
v 259.064575 133.906418 -68.651299
v 210.753281 133.732910 -68.638885
v 210.753281 134.952087 -69.858063
v 210.753281 133.906418 -68.651291
v 210.753281 134.076385 -68.688271
v 210.753281 134.239380 -68.749054
v 210.753281 134.392044 -68.832420
v 210.753281 134.531296 -68.936668
v 210.753281 134.654297 -69.059669
v 210.753281 134.758545 -69.198929
v 210.753281 134.841919 -69.351601
v 210.753281 134.902710 -69.514580
v 210.753281 134.939667 -69.684555
v 245.542404 99.908356 -81.702095
v 229.438629 99.908356 -81.702087
v 229.438629 99.908356 -74.800476
v 245.542404 99.908356 -74.800476
v 229.438629 99.908356 -67.961365
v 245.542404 99.908356 -67.961372
v 245.542404 134.952087 -74.862984
v 229.438629 134.952087 -74.862984
v 229.438629 129.007309 -81.702087
v 245.542404 129.007309 -81.702095
v 245.542404 129.007309 -68.638885
v 229.438629 129.007309 -68.638885
v 245.542404 105.643501 -74.862984
v 229.438629 105.643501 -74.862984
v 229.438629 105.643501 -81.702087
v 245.542404 105.643501 -81.702095
v 245.542404 105.643501 -74.862984
v 229.438629 105.643501 -74.862984
v 229.438629 105.081360 -74.835060
v 245.542404 105.081360 -74.835068
v 229.438629 104.524628 -74.751572
v 245.542404 104.524628 -74.751579
v 229.438629 103.978676 -74.613319
v 245.542404 103.978676 -74.613327
v 229.438629 103.448753 -74.421638
v 245.542404 103.448753 -74.421638
v 229.438629 102.939972 -74.178360
v 245.542404 102.939972 -74.178368
v 229.438629 102.457222 -73.885841
v 245.542404 102.457222 -73.885849
v 229.438629 102.005165 -73.546898
v 245.542404 102.005165 -73.546898
v 229.438629 101.588142 -73.164787
v 245.542404 101.588142 -73.164795
v 229.438629 101.210175 -72.743195
v 245.542404 101.210175 -72.743202
v 229.438629 100.874901 -72.286186
v 245.542404 100.874901 -72.286186
v 229.438629 100.585556 -71.798149
v 245.542404 100.585556 -71.798149
v 229.438629 100.344917 -71.283791
v 245.542404 100.344917 -71.283791
v 229.438629 100.155312 -70.748062
v 245.542404 100.155312 -70.748062
v 229.438629 100.018555 -70.196121
v 245.542404 100.018555 -70.196129
v 229.438629 99.935974 -69.633293
v 245.542404 99.935974 -69.633301
v 229.438629 99.908356 -69.064995
v 245.542404 99.908356 -69.064995
v 245.542404 132.362854 -81.702095
v 229.438629 132.362854 -81.702087
v 229.438629 132.616638 -81.689621
v 245.542404 132.616638 -81.689621
v 229.438629 132.867981 -81.652336
v 245.542404 132.867981 -81.652344
v 229.438629 133.114456 -81.590599
v 245.542404 133.114456 -81.590599
v 229.438629 133.353699 -81.504997
v 245.542404 133.353699 -81.504997
v 229.438629 133.583405 -81.396355
v 245.542404 133.583405 -81.396355
v 229.438629 133.801346 -81.265724
v 245.542404 133.801346 -81.265724
v 229.438629 134.005432 -81.114357
v 245.542404 134.005432 -81.114365
v 229.438629 134.193710 -80.943718
v 245.542404 134.193710 -80.943718
v 229.438629 134.364349 -80.755447
v 245.542404 134.364349 -80.755447
v 229.438629 134.515717 -80.551353
v 245.542404 134.515717 -80.551353
v 229.438629 134.646347 -80.333405
v 245.542404 134.646347 -80.333412
v 229.438629 134.754990 -80.103706
v 245.542404 134.754990 -80.103714
v 229.438629 134.840591 -79.864464
v 245.542404 134.840591 -79.864471
v 229.438629 134.902328 -79.617981
v 245.542404 134.902328 -79.617989
v 229.438629 134.939621 -79.366638
v 245.542404 134.939621 -79.366638
v 229.438629 134.952087 -79.112846
v 245.542404 134.952087 -79.112854
v 245.542404 129.007309 -74.664886
v 229.438629 129.007309 -74.664886
v 229.438629 129.005615 -74.690742
v 245.542404 129.005615 -74.690742
v 229.438629 129.000565 -74.716156
v 245.542404 129.000565 -74.716156
v 229.438629 128.992233 -74.740692
v 245.542404 128.992233 -74.740700
v 229.438629 128.980774 -74.763931
v 245.542404 128.980774 -74.763939
v 229.438629 128.966370 -74.785477
v 245.542404 128.966370 -74.785484
v 229.438629 128.949295 -74.804962
v 245.542404 128.949295 -74.804962
v 229.438629 128.929810 -74.822044
v 245.542404 128.929810 -74.822052
v 229.438629 128.908264 -74.836441
v 245.542404 128.908264 -74.836441
v 229.438629 128.885025 -74.847900
v 245.542404 128.885025 -74.847908
v 229.438629 128.860489 -74.856232
v 245.542404 128.860489 -74.856232
v 229.438629 128.835068 -74.861282
v 245.542404 128.835068 -74.861290
v 229.438629 128.809219 -74.862984
v 245.542404 128.809219 -74.862984
v 245.542404 134.952087 -69.858070
v 229.438629 134.952087 -69.858070
v 229.438629 134.939667 -69.684563
v 245.542404 134.939667 -69.684563
v 229.438629 134.902710 -69.514587
v 245.542404 134.902710 -69.514587
v 229.438629 134.841919 -69.351601
v 245.542404 134.841919 -69.351608
v 229.438629 134.758545 -69.198929
v 245.542404 134.758545 -69.198929
v 229.438629 134.654297 -69.059677
v 245.542404 134.654297 -69.059677
v 229.438629 134.531296 -68.936676
v 245.542404 134.531296 -68.936676
v 229.438629 134.392044 -68.832428
v 245.542404 134.392044 -68.832428
v 229.438629 134.239380 -68.749062
v 245.542404 134.239380 -68.749062
v 229.438629 134.076385 -68.688271
v 245.542404 134.076385 -68.688278
v 229.438629 133.906418 -68.651299
v 245.542404 133.906418 -68.651299
v 229.438629 133.732910 -68.638885
v 245.542404 133.732910 -68.638885
vn -0.0000 -1.0000 -0.0000
vn -0.0000 -0.0000 -1.0000
vn -1.0000 -0.0000 -0.0000
vn 1.0000 -0.0000 -0.0000
vn -0.0000 0.0496 0.9988
vn -0.0000 0.0991 0.9951
vn -0.0000 0.1971 0.9804
vn -0.0000 0.2932 0.9561
vn -0.0000 0.3862 0.9224
vn -0.0000 0.4754 0.8798
vn -0.0000 0.5597 0.8287
vn -0.0000 0.6385 0.7696
vn -0.0000 0.7109 0.7033
vn -0.0000 0.7764 0.6303
vn -0.0000 0.8342 0.5514
vn -0.0000 0.8840 0.4674
vn -0.0000 0.9253 0.3792
vn -0.0000 0.9578 0.2874
vn -0.0000 0.9812 0.1931
vn -0.0000 0.9953 0.0970
vn -0.0000 0.9999 0.0121
vn -0.0000 0.9997 0.0243
vn -0.0000 1.0000 -0.0000
vn -0.0000 0.0245 -0.9997
vn -0.0000 0.0980 -0.9952
vn -0.0000 0.1951 -0.9808
vn -0.0000 0.2903 -0.9569
vn -0.0000 0.3827 -0.9239
vn -0.0000 0.4714 -0.8819
vn -0.0000 0.5556 -0.8315
vn -0.0000 0.6344 -0.7730
vn -0.0000 0.7071 -0.7071
vn -0.0000 0.7730 -0.6344
vn -0.0000 0.8315 -0.5556
vn -0.0000 0.8819 -0.4714
vn -0.0000 0.9239 -0.3827
vn -0.0000 0.9569 -0.2903
vn -0.0000 0.9808 -0.1951
vn -0.0000 0.9952 -0.0980
vn -0.0000 0.9997 -0.0246
vn -0.0000 -0.9995 0.0327
vn -0.0000 -0.9914 0.1305
vn -0.0000 -0.9659 0.2588
vn -0.0000 -0.9239 0.3826
vn -0.0000 -0.8660 0.5000
vn -0.0000 -0.7933 0.6088
vn -0.0000 -0.7071 0.7071
vn -0.0000 -0.6088 0.7934
vn -0.0000 -0.5000 0.8660
vn -0.0000 -0.3827 0.9239
vn -0.0000 -0.2588 0.9659
vn -0.0000 -0.1305 0.9914
vn -0.0000 -0.0327 0.9995
vn -0.0000 -0.0000 1.0000
vn -0.0000 0.9994 0.0357
vn -0.0000 0.9898 0.1423
vn -0.0000 0.9595 0.2817
vn -0.0000 0.9096 0.4154
vn -0.0000 0.8413 0.5406
vn -0.0000 0.7557 0.6549
vn -0.0000 0.7558 0.6549
vn -0.0000 0.6549 0.7557
vn -0.0000 0.5406 0.8413
vn -0.0000 0.4154 0.9096
vn -0.0000 0.2817 0.9595
vn -0.0000 0.1423 0.9898
vn -0.0000 0.0357 0.9994
vn -0.0000 -0.6087 0.7934
vn -0.0000 -0.9239 0.3827
vn -0.0000 0.9997 -0.0245
vt 0.510406 0.490941
vt 0.506485 0.490941
vt 0.513222 0.310739
vt 0.512774 0.310738
vt 0.512684 0.310948
vt 0.513176 0.310950
vt 0.190199 0.717844
vt 0.299351 0.717844
vt 0.299351 0.960479
vt 0.190199 0.960479
vt 0.190199 0.658284
vt 0.299351 0.658284
vt 0.880069 0.000000
vt 0.757748 0.000000
vt 0.000000 0.000000
vt 0.595938 0.124240
vt 0.602579 0.124240
vt 0.657643 0.124240
vt 0.506175 0.526106
vt 0.506185 0.526104
vt 0.506362 0.526108
vt 0.506194 0.526101
vt 0.506203 0.526098
vt 0.506212 0.526093
vt 0.506220 0.526089
vt 0.506228 0.526083
vt 0.506235 0.526077
vt 0.506241 0.526071
vt 0.506246 0.526064
vt 0.506250 0.526057
vt 0.506254 0.526049
vt 0.506256 0.526041
vt 0.506258 0.526033
vt 0.506258 0.526025
vt 0.506521 0.496733
vt 0.506505 0.496165
vt 0.509815 0.490941
vt 0.506457 0.495603
vt 0.506379 0.495052
vt 0.506270 0.494516
vt 0.506132 0.494003
vt 0.505965 0.493515
vt 0.505773 0.493058
vt 0.505556 0.492637
vt 0.505316 0.492256
vt 0.505057 0.491917
vt 0.504779 0.491625
vt 0.504487 0.491382
vt 0.504183 0.491190
vt 0.503869 0.491052
vt 0.503549 0.490969
vt 0.503227 0.490941
vt 0.510151 0.549975
vt 0.507984 0.549987
vt 0.507984 0.549935
vt 0.510151 0.549923
vt 0.507981 0.549882
vt 0.510149 0.549870
vt 0.507977 0.549830
vt 0.510147 0.549817
vt 0.507970 0.549779
vt 0.510143 0.549765
vt 0.507961 0.549728
vt 0.510138 0.549714
vt 0.507949 0.549679
vt 0.510131 0.549665
vt 0.507936 0.549632
vt 0.510124 0.549617
vt 0.507920 0.549587
vt 0.510116 0.549572
vt 0.507903 0.549544
vt 0.510106 0.549529
vt 0.507884 0.549505
vt 0.510096 0.549489
vt 0.507863 0.549469
vt 0.510085 0.549453
vt 0.507841 0.549437
vt 0.510072 0.549421
vt 0.507818 0.549409
vt 0.510060 0.549393
vt 0.507793 0.549386
vt 0.510046 0.549369
vt 0.507768 0.549367
vt 0.510033 0.549350
vt 0.515941 0.499522
vt 0.515625 0.499525
vt 0.515621 0.499523
vt 0.515939 0.499520
vt 0.202800 0.277098
vt 0.500252 0.545384
vt 0.500251 0.545388
vt 0.500190 0.545388
vt 0.500192 0.545384
vt 1.000000 0.000000
vt 0.506380 0.526108
vt 0.506380 0.526026
vt 1.000000 1.000000
vt 0.000000 1.000000
vt 0.100568 1.000000
vt 0.893394 1.000000
vt 0.510406 0.496733
vt 0.190199 0.995327
vt 0.299351 0.995327
vt 0.299351 0.997962
vt 0.190199 0.997962
vt 0.299351 1.000573
vt 0.190199 1.000573
vt 0.299351 1.003132
vt 0.190199 1.003132
vt 0.299351 1.005617
vt 0.190199 1.005617
vt 0.299351 1.008002
vt 0.190199 1.008002
vt 0.299351 1.010266
vt 0.190199 1.010266
vt 0.535902 0.572375
vt 0.630376 0.572375
vt 0.630376 0.574209
vt 0.535902 0.574209
vt 0.190199 1.012385
vt 0.299351 1.012385
vt 0.299351 1.014341
vt 0.190199 1.014341
vt 0.299351 1.016113
vt 0.190199 1.016113
vt 0.535902 0.577436
vt 0.630376 0.577436
vt 0.630376 0.578796
vt 0.535902 0.578796
vt 0.190199 1.017685
vt 0.299351 1.017685
vt 0.299351 1.019041
vt 0.190199 1.019041
vt 0.535902 0.579970
vt 0.630376 0.579970
vt 0.630376 0.580947
vt 0.535902 0.580947
vt 0.616521 0.881292
vt 0.621523 0.881097
vt 0.621772 0.881152
vt 0.616630 0.881354
vt 0.535902 0.581716
vt 0.630376 0.581716
vt 0.630376 0.582271
vt 0.535902 0.582271
vt 0.350725 0.917651
vt 0.319164 0.918904
vt 0.318176 0.918540
vt 0.350287 0.917254
vt 0.317506 0.918173
vt 0.349965 0.916863
vt 0.000000 0.386770
vt 0.000000 0.386770
vt 0.200538 0.490542
vt 0.200833 0.490527
vt 0.201123 0.490480
vt 0.201403 0.490404
vt 0.201669 0.490300
vt 0.201915 0.490168
vt 0.202137 0.490012
vt 0.202332 0.489834
vt 0.202497 0.489637
vt 0.202628 0.489425
vt 0.202723 0.489201
vt 0.202780 0.488968
vt 0.202800 0.488732
vt 0.205062 0.490542
vt 0.202800 0.492352
vt 0.315727 0.522324
vt 0.317300 0.531831
vt 0.317111 0.531822
vt 0.315555 0.522315
vt 0.248094 0.657361
vt 0.248094 0.663529
vt 0.000000 0.386770
vt 0.506521 0.520530
vt 0.506633 0.520330
vt 0.510406 0.520330
vt 0.510406 0.523719
vt 0.510399 0.523976
vt 0.510378 0.524230
vt 0.510343 0.524479
vt 0.510294 0.524720
vt 0.510232 0.524952
vt 0.510158 0.525172
vt 0.510072 0.525378
vt 0.509975 0.525569
vt 0.509868 0.525741
vt 0.509752 0.525894
vt 0.509628 0.526026
vt 0.509498 0.526135
vt 0.509362 0.526222
vt 0.509222 0.526284
vt 0.509079 0.526322
vt 0.508935 0.526335
vt 0.506521 0.526335
vt 0.243081 0.655330
vt 0.243099 0.655440
vt 0.242572 0.655441
vt 0.242505 0.655332
vt 0.506521 0.520130
vt 0.818052 0.382970
vt 0.932059 0.384991
vt 0.934063 0.539867
vt 0.819157 0.540284
vt 0.506379 0.525694
vt 0.506258 0.525691
vt 0.506258 0.525611
vt 0.506333 0.525610
vt 0.506337 0.525610
vt 0.506342 0.525611
vt 0.506346 0.525612
vt 0.506350 0.525613
vt 0.506354 0.525615
vt 0.506358 0.525616
vt 0.506362 0.525618
vt 0.506365 0.525621
vt 0.506368 0.525623
vt 0.506371 0.525626
vt 0.506373 0.525629
vt 0.506375 0.525633
vt 0.506377 0.525636
vt 0.506378 0.525639
vt 0.506378 0.525643
vt 0.506379 0.525647
vt 0.506258 0.525697
vt 0.506258 0.525697
vt 0.506258 0.525696
vt 0.506257 0.525696
vt 0.506257 0.525696
vt 0.506257 0.525695
vt 0.506257 0.525695
vt 0.506256 0.525695
vt 0.506256 0.525695
vt 0.506256 0.525694
vt 0.506255 0.525694
vt 0.506255 0.525694
vt 0.506254 0.525694
vt 0.585688 0.641220
vt 0.597086 0.641220
vt 0.597086 0.648302
vt 0.585688 0.648302
vt 0.506408 0.520330
vt 0.503677 0.526335
vt 0.503579 0.526322
vt 0.503482 0.526285
vt 0.503389 0.526223
vt 0.503303 0.526139
vt 0.503224 0.526034
vt 0.503154 0.525910
vt 0.503094 0.525769
vt 0.503047 0.525615
vt 0.503013 0.525450
vt 0.502992 0.525278
vt 0.502985 0.525103
vt 0.502985 0.520330
vt 0.506148 0.525695
vt 0.506148 0.525628
vt 0.506148 0.525626
vt 0.506149 0.525623
vt 0.506150 0.525621
vt 0.506151 0.525619
vt 0.506153 0.525617
vt 0.506155 0.525615
vt 0.506158 0.525614
vt 0.506160 0.525613
vt 0.506163 0.525612
vt 0.506166 0.525611
vt 0.506169 0.525611
vt 0.556365 0.641220
vt 0.572114 0.641220
vt 0.572114 0.648302
vt 0.556365 0.648302
vt 0.554461 0.708558
vt 1.035864 0.708558
vt 1.035864 0.959698
vt 0.554461 0.959698
vt 0.000000 0.720103
vt 0.000000 0.720103
vt 0.524743 0.377772
vt 0.682280 0.380564
vt 0.682313 0.540779
vt 0.523533 0.541355
vt 0.243034 0.655048
vt 0.243059 0.655200
vt 0.242426 0.655201
vt 0.242333 0.655050
vt 0.248094 0.647582
vt 0.248094 0.652046
vt 0.313232 0.507250
vt 0.314371 0.514130
vt 0.314214 0.514123
vt 0.313090 0.507243
vt 0.017135 0.960479
vt 0.096127 0.960479
vt 0.096127 0.995327
vt 0.017135 0.995327
vt 0.401201 0.915216
vt 0.377962 0.916146
vt 0.377958 0.915732
vt 0.401485 0.914781
vt 0.400766 0.915666
vt 0.377926 0.916572
vt 0.386111 0.581716
vt 0.454480 0.581716
vt 0.454480 0.582271
vt 0.386111 0.582271
vt 0.608588 0.881601
vt 0.612209 0.881460
vt 0.612198 0.881528
vt 0.608477 0.881674
vt 0.386111 0.579970
vt 0.454480 0.579970
vt 0.454480 0.580947
vt 0.386111 0.580947
vt 0.017135 1.017685
vt 0.096127 1.017685
vt 0.096127 1.019041
vt 0.017135 1.019041
vt 0.386111 0.577436
vt 0.454480 0.577436
vt 0.454480 0.578796
vt 0.386111 0.578796
vt 0.017135 1.014341
vt 0.096127 1.014341
vt 0.096127 1.016113
vt 0.017135 1.016113
vt 0.017135 1.012385
vt 0.096127 1.012385
vt 0.386111 0.572375
vt 0.454480 0.572375
vt 0.454480 0.574209
vt 0.386111 0.574209
vt 0.017135 1.008002
vt 0.096127 1.008002
vt 0.096127 1.010266
vt 0.017135 1.010266
vt 0.017135 1.005617
vt 0.096127 1.005617
vt 0.017135 1.003132
vt 0.096127 1.003132
vt 0.017135 1.000573
vt 0.096127 1.000573
vt 0.017135 0.997962
vt 0.096127 0.997962
vt 0.501002 0.529269
vt 0.501002 0.527574
vt 0.517143 0.527574
vt 0.517143 0.529269
vt 0.510018 0.549336
vt 0.509989 0.549313
vt 0.511972 0.549298
vt 0.511981 0.549321
vt 0.280878 0.278675
vt 0.236043 0.208525
vt 0.334818 0.207992
vt 0.334818 0.207990
vt 0.531592 0.549182
vt 0.532282 0.549184
vt 0.532276 0.549213
vt 0.531581 0.549210
vt 0.519051 0.499499
vt 0.519166 0.499500
vt 0.519166 0.499504
vt 0.519050 0.499503
vt 0.531603 0.549149
vt 0.532287 0.549152
vt 0.533104 0.549154
vt 0.533105 0.549187
vt 0.531613 0.549113
vt 0.532293 0.549116
vt 0.533103 0.549118
vt 0.531622 0.549074
vt 0.532297 0.549076
vt 0.533103 0.549079
vt 0.531631 0.549033
vt 0.532302 0.549035
vt 0.533102 0.549037
vt 0.531639 0.548989
vt 0.532306 0.548991
vt 0.533101 0.548993
vt 0.531646 0.548943
vt 0.532309 0.548945
vt 0.533101 0.548947
vt 0.512008 0.549559
vt 0.512005 0.549516
vt 0.531657 0.548847
vt 0.532315 0.548849
vt 0.532313 0.548898
vt 0.531652 0.548895
vt 0.533100 0.548851
vt 0.533101 0.548900
vt 0.531661 0.548798
vt 0.532317 0.548800
vt 0.533100 0.548802
vt 0.531664 0.548748
vt 0.532319 0.548750
vt 0.533100 0.548752
vt 0.531666 0.548699
vt 0.532320 0.548701
vt 0.533100 0.548703
vt 0.531667 0.548649
vt 0.532321 0.548651
vt 0.533100 0.548654
vt 0.531668 0.548601
vt 0.532321 0.548603
vt 0.533100 0.548605
vt 0.531667 0.548554
vt 0.532320 0.548555
vt 0.533100 0.548558
vt 0.502902 0.512167
vt 0.503178 0.512167
vt 0.503178 0.512187
vt 0.502903 0.512186
vt 0.532319 0.548509
vt 0.533100 0.548512
vt 0.017135 0.658284
vt 0.096127 0.658284
vt 0.096127 0.717844
vt 0.017135 0.717844
vt 0.519886 0.443531
vt 0.519887 0.443531
vt 0.519887 0.443530
vt 0.519886 0.443530
vt 0.515726 0.473799
vt 0.515711 0.473799
vt 0.515710 0.473805
vt 0.515726 0.473805
vt 0.514320 0.310565
vt 0.513751 0.310563
vt 0.513757 0.310741
vt 0.514377 0.310743
vt 0.513261 0.310562
s 1
usemtl Material.009
f 1060/810/710 923/810/710 924/811/710 1063/811/710
f 1063/812/710 924/813/710 926/814/710 1065/815/710
f 1074/816/711 936/817/711 930/818/711 1068/819/711
f 1061/820/711 921/821/711 936/817/711 1074/816/711
f 937/822/712 940/823/712 939/824/712
f 940/825/712 941/826/712 939/827/712
f 941/828/712 942/829/712 939/830/712
f 942/829/712 943/831/712 939/830/712
f 943/831/712 944/832/712 939/830/712
f 944/832/712 945/833/712 939/830/712
f 945/833/712 946/834/712 939/830/712
f 946/834/712 947/835/712 939/830/712
f 947/835/712 948/836/712 939/830/712
f 948/836/712 949/837/712 939/830/712
f 949/837/712 950/838/712 939/830/712
f 950/838/712 951/839/712 939/830/712
f 951/839/712 952/840/712 939/830/712
f 952/840/712 953/841/712 939/830/712
f 953/841/712 954/842/712 939/830/712
f 954/842/712 938/843/712 939/830/712
f 955/844/713 958/845/713 957/846/713
f 958/845/713 959/847/713 957/846/713
f 959/847/713 960/848/713 957/846/713
f 960/848/713 961/849/713 957/846/713
f 961/849/713 962/850/713 957/846/713
f 962/850/713 963/851/713 957/846/713
f 963/851/713 964/852/713 957/846/713
f 964/852/713 965/853/713 957/846/713
f 965/853/713 966/854/713 957/846/713
f 966/854/713 967/855/713 957/846/713
f 967/855/713 968/856/713 957/846/713
f 968/856/713 969/857/713 957/846/713
f 969/857/713 970/858/713 957/846/713
f 970/858/713 971/859/713 957/846/713
f 971/859/713 972/860/713 957/846/713
f 972/860/713 956/861/713 957/846/713
f 1077/862/714 938/863/714 954/864/715 1078/865/715
f 1078/865/715 954/864/715 953/866/716 1080/867/716
f 1080/867/716 953/866/716 952/868/717 1082/869/717
f 1082/869/717 952/868/717 951/870/718 1084/871/718
f 1084/871/718 951/870/718 950/872/719 1086/873/719
f 1086/873/719 950/872/719 949/874/720 1088/875/720
f 1088/875/720 949/874/720 948/876/721 1090/877/721
f 1090/877/721 948/876/721 947/878/722 1092/879/722
f 1092/879/722 947/878/722 946/880/723 1094/881/723
f 1094/881/723 946/880/723 945/882/724 1096/883/724
f 1096/883/724 945/882/724 944/884/725 1098/885/725
f 1098/885/725 944/884/725 943/886/726 1100/887/726
f 1100/887/726 943/886/726 942/888/727 1102/889/727
f 1102/889/727 942/888/727 941/890/728 1104/891/728
f 1104/891/728 941/890/728 940/892/729 1106/893/729
f 1106/894/729 940/895/729 937/896/730 1108/897/731
f 1076/898/732 955/898/732 933/898/732 1072/898/732
f 1109/899/731 1065/900/732 926/901/732 956/902/730
f 921/824/732 922/903/732 925/903/732 937/822/730 939/824/732
f 921/904/712 939/830/712 938/843/712 934/843/712 936/905/712
f 924/906/732 923/907/732 957/908/732 956/909/730 926/906/732
f 955/844/713 957/846/713 923/810/713 935/910/713 933/844/713
f 1111/911/733 991/912/733 1006/913/734 1112/914/734
f 1112/914/734 1006/913/734 1005/915/735 1114/916/735
f 1114/916/735 1005/915/735 1004/917/736 1116/918/736
f 1116/918/736 1004/917/736 1003/919/737 1118/920/737
f 1118/920/737 1003/919/737 1002/921/738 1120/922/738
f 1120/922/738 1002/921/738 1001/923/739 1122/924/739
f 1122/925/739 1001/926/739 1000/927/740 1124/928/740
f 1124/929/740 1000/930/740 999/931/741 1126/932/741
f 1126/932/741 999/931/741 998/933/742 1128/934/742
f 1128/935/742 998/936/742 997/937/743 1130/938/743
f 1130/939/743 997/940/743 996/941/744 1132/942/744
f 1132/943/744 996/944/744 995/945/745 1134/946/745
f 1134/947/745 995/948/745 994/949/746 1136/950/746
f 1136/951/746 994/952/746 993/953/747 1138/954/747
f 1138/955/747 993/956/747 992/957/748 1140/958/748
f 1140/958/748 992/957/748 990/959/749 1142/960/749
f 1068/819/711 930/818/711 991/912/733 1111/911/733
f 1142/961/749 990/824/749 928/824/732 1067/962/732
f 1007/963/713 1011/964/713 1012/965/713 1013/966/713 1014/967/713 1015/968/713 1016/969/713 1017/970/713 1018/971/713 1019/972/713 1020/973/713 1021/974/713 1008/975/713 1009/976/713 1010/977/713
f 1145/978/750 1023/979/750 1035/980/751 1146/981/751
f 1146/961/751 1035/824/751 1034/824/752 1148/961/752
f 1148/982/752 1034/983/752 1033/983/753 1150/982/753
f 1150/982/753 1033/983/753 1032/983/754 1152/982/754
f 1152/984/754 1032/824/754 1031/824/755 1154/961/755
f 1154/961/755 1031/824/755 1030/824/756 1156/984/756
f 1156/982/756 1030/983/756 1029/983/757 1158/982/757
f 1158/961/757 1029/824/757 1028/824/758 1160/961/758
f 1160/982/758 1028/983/758 1027/983/759 1162/982/759
f 1162/982/759 1027/983/759 1026/983/760 1164/982/760
f 1164/984/760 1026/824/760 1025/824/761 1166/984/761
f 1166/982/761 1025/983/761 1022/983/762 1168/982/762
f 1010/985/713 1009/986/713 929/987/713 973/988/713 975/989/713 976/990/713 977/991/713 978/992/713 979/993/713 980/994/713 981/995/713 982/996/713 983/997/713 984/998/713 985/999/713 986/1000/713 987/1001/713 988/1002/713 989/1003/713 974/1004/713 927/1005/713
f 1144/1006/750 1007/1007/750 931/1008/710 1070/1009/710
f 933/844/713 935/910/713 929/987/713 1009/986/713 1008/1010/713
f 1072/1011/763 933/1012/763 1008/1013/762 1169/1014/762
f 930/1015/712 1024/1016/712 928/1017/712 990/1018/712 992/1019/712 993/1020/712 994/1021/712 995/1022/712 996/1023/712 997/1024/712 998/1025/712 999/1026/712 1000/1027/712 1001/1028/712 1002/1029/712 1003/1030/712 1004/1031/712 1005/1032/712 1006/1033/712 991/1034/712
f 936/905/712 934/843/712 1022/1035/712 1025/1036/712 1026/1037/712 1027/1038/712 1028/1039/712 1029/1040/712 1030/1041/712 1031/1042/712 1032/1043/712 1033/1044/712 1034/1045/712 1035/1046/712 1023/1047/712 1024/1016/712 930/1015/712
f 1171/962/764 1049/824/764 1059/824/765 1172/961/765
f 1172/961/765 1059/824/765 1058/824/766 1174/961/766
f 1174/961/766 1058/824/766 1057/824/767 1176/962/767
f 1176/962/767 1057/824/767 1056/824/768 1178/961/768
f 1178/961/768 1056/824/768 1055/824/769 1180/984/770
f 1180/984/770 1055/824/769 1054/824/771 1182/961/771
f 1182/961/771 1054/824/771 1053/824/772 1184/962/772
f 1184/962/772 1053/824/772 1052/824/773 1186/984/773
f 1186/984/773 1052/824/773 1051/824/774 1188/962/774
f 1188/962/774 1051/824/774 1050/824/775 1190/962/775
f 1190/962/775 1050/824/775 1048/824/776 1192/961/776
f 1067/962/732 928/824/732 1049/824/764 1171/962/764
f 1070/1048/763 931/1049/763 1037/1050/776 1193/1051/776
f 1007/1052/713 1010/985/713 927/1005/713 1036/1053/713 1038/1054/713 1039/1055/713 1040/1056/713 1041/1057/713 1042/1058/713 1043/1059/713 1044/1060/713 1045/1061/713 1046/1062/713 1047/1063/713 1037/1064/713 931/1065/713
f 928/1017/712 1024/1016/712 1023/1047/712 932/1066/712 1048/1067/712 1050/1068/712 1051/1069/712 1052/1070/712 1053/1071/712 1054/1072/712 1055/1073/712 1056/1074/712 1057/1075/712 1058/1076/712 1059/1077/712 1049/1078/712
f 932/1079/763 1071/1080/763 1192/1081/776 1048/1082/776
f 1071/1083/763 1070/1084/763 1193/1085/776 1192/1086/776
f 927/907/732 1066/1087/732 1170/1087/764 1036/907/764
f 1066/1087/732 1067/962/732 1171/962/764 1170/1087/764
f 1047/907/775 1191/1088/775 1193/1087/776 1037/907/776
f 1191/1088/775 1190/962/775 1192/961/776 1193/1087/776
f 1046/907/774 1189/1088/774 1191/1088/775 1047/907/775
f 1189/1088/774 1188/962/774 1190/962/775 1191/1088/775
f 1045/907/773 1187/1088/773 1189/1088/774 1046/907/774
f 1187/1088/773 1186/984/773 1188/962/774 1189/1088/774
f 1044/907/772 1185/1088/772 1187/1088/773 1045/907/773
f 1185/1088/772 1184/962/772 1186/984/773 1187/1088/773
f 1043/907/771 1183/1088/771 1185/1088/772 1044/907/772
f 1183/1088/771 1182/961/771 1184/962/772 1185/1088/772
f 1042/907/769 1181/1088/769 1183/1088/771 1043/907/771
f 1181/1088/769 1180/984/770 1182/961/771 1183/1088/771
f 1041/907/768 1179/1088/768 1181/1088/769 1042/907/769
f 1179/1088/768 1178/961/768 1180/984/770 1181/1088/769
f 1040/907/767 1177/1088/767 1179/1088/768 1041/907/768
f 1177/1088/767 1176/962/767 1178/961/768 1179/1088/768
f 1039/907/766 1175/1088/766 1177/1088/767 1040/907/767
f 1175/1088/766 1174/961/766 1176/962/767 1177/1088/767
f 1038/907/765 1173/1088/765 1175/1088/766 1039/907/766
f 1173/1088/765 1172/961/765 1174/961/766 1175/1088/766
f 1036/907/764 1170/1087/764 1173/1088/765 1038/907/765
f 1170/1087/764 1171/962/764 1172/961/765 1173/1088/765
f 934/1089/763 1073/1090/763 1168/1091/762 1022/1092/762
f 1073/1090/763 1072/1011/763 1169/1014/762 1168/1091/762
f 1023/1093/750 1145/1094/750 1071/1095/710 932/1096/710
f 1145/1094/750 1144/1006/750 1070/1009/710 1071/1095/710
f 1021/1097/761 1167/1098/761 1169/1098/762 1008/1097/762
f 1167/1098/761 1166/982/761 1168/982/762 1169/1098/762
f 1020/907/760 1165/1088/760 1167/1088/761 1021/907/761
f 1165/1088/760 1164/984/760 1166/984/761 1167/1088/761
f 1019/1097/759 1163/1098/759 1165/1098/760 1020/1097/760
f 1163/1098/759 1162/982/759 1164/982/760 1165/1098/760
f 1018/907/758 1161/1088/758 1163/1088/759 1019/907/759
f 1161/1088/758 1160/961/758 1162/961/759 1163/1088/759
f 1017/1097/777 1159/1098/777 1161/1098/758 1018/1097/758
f 1159/1088/777 1158/961/757 1160/961/758 1161/1088/758
f 1016/1097/756 1157/1098/756 1159/1098/777 1017/1097/777
f 1157/1098/756 1156/982/756 1158/982/757 1159/1098/777
f 1015/907/755 1155/1088/755 1157/1088/756 1016/907/756
f 1155/1088/755 1154/961/755 1156/984/756 1157/1088/756
f 1014/1097/754 1153/1098/754 1155/1098/755 1015/1097/755
f 1153/1088/754 1152/984/754 1154/961/755 1155/1088/755
f 1013/1097/778 1151/1098/778 1153/1098/754 1014/1097/754
f 1151/1098/778 1150/982/753 1152/982/754 1153/1098/754
f 1012/1097/752 1149/1098/752 1151/1098/778 1013/1097/778
f 1149/1088/752 1148/961/752 1150/962/753 1151/1088/778
f 1011/907/751 1147/1088/751 1149/1088/752 1012/907/752
f 1147/1088/751 1146/961/751 1148/961/752 1149/1088/752
f 1007/1099/750 1144/1100/750 1147/1101/751 1011/1102/751
f 1144/1100/750 1145/978/750 1146/981/751 1147/1101/751
f 974/907/779 1143/1088/779 1066/1087/732 927/907/732
f 1143/1088/779 1142/961/749 1067/962/732 1066/1087/732
f 929/1103/711 1069/1104/711 1110/1105/733 973/1106/733
f 1069/1104/711 1068/819/711 1111/911/733 1110/1105/733
f 989/1107/748 1141/1108/748 1143/1109/779 974/1110/779
f 1141/1108/748 1140/958/748 1142/960/749 1143/1109/779
f 988/1111/747 1139/1112/747 1141/1108/748 989/1107/748
f 1139/1112/747 1138/955/747 1140/958/748 1141/1108/748
f 987/1113/746 1137/1114/746 1139/1115/747 988/1116/747
f 1137/1114/746 1136/951/746 1138/954/747 1139/1115/747
f 986/1117/745 1135/1118/745 1137/1119/746 987/1120/746
f 1135/1118/745 1134/947/745 1136/950/746 1137/1119/746
f 985/1121/744 1133/1122/744 1135/1123/745 986/1124/745
f 1133/1122/744 1132/943/744 1134/946/745 1135/1123/745
f 984/1125/743 1131/1126/743 1133/1127/744 985/1128/744
f 1131/1126/743 1130/939/743 1132/942/744 1133/1127/744
f 983/1129/742 1129/1130/742 1131/1131/743 984/1132/743
f 1129/1130/742 1128/935/742 1130/938/743 1131/1131/743
f 982/1133/741 1127/1134/741 1129/1135/742 983/1136/742
f 1127/1134/741 1126/932/741 1128/934/742 1129/1135/742
f 981/1137/740 1125/1138/740 1127/1134/741 982/1133/741
f 1125/1138/740 1124/929/740 1126/932/741 1127/1134/741
f 980/1139/739 1123/1140/739 1125/1141/740 981/1142/740
f 1123/1140/739 1122/925/739 1124/928/740 1125/1141/740
f 979/1143/738 1121/1144/738 1123/1145/739 980/1146/739
f 1121/1144/738 1120/922/738 1122/924/739 1123/1145/739
f 978/1147/737 1119/1148/737 1121/1144/738 979/1143/738
f 1119/1148/737 1118/920/737 1120/922/738 1121/1144/738
f 977/1149/736 1117/1150/736 1119/1148/737 978/1147/737
f 1117/1150/736 1116/918/736 1118/920/737 1119/1148/737
f 976/1151/735 1115/1152/735 1117/1150/736 977/1149/736
f 1115/1152/735 1114/916/735 1116/918/736 1117/1150/736
f 975/1153/734 1113/1154/734 1115/1152/735 976/1151/735
f 1113/1154/734 1112/914/734 1114/916/735 1115/1152/735
f 973/1106/733 1110/1105/733 1113/1154/734 975/1153/734
f 1110/1105/733 1111/911/733 1112/914/734 1113/1154/734
f 937/1155/730 925/1156/732 1064/1157/732 1108/1158/731
f 1108/1159/731 1064/1160/732 1065/1161/732 1109/1162/731
f 938/1163/732 1077/1163/732 1073/1163/732 934/1163/732
f 1077/1164/732 1076/1165/732 1072/1166/732 1073/1164/732
f 972/1167/729 1107/1168/729 1109/1169/731 956/1170/730
f 1107/1171/729 1106/1172/729 1108/1173/731 1109/1174/731
f 971/1175/728 1105/1176/728 1107/1168/729 972/1167/729
f 1105/1176/728 1104/1177/728 1106/1178/729 1107/1168/729
f 970/1179/727 1103/1180/727 1105/1176/728 971/1175/728
f 1103/1180/727 1102/1181/727 1104/1177/728 1105/1176/728
f 969/1182/726 1101/1183/726 1103/1180/727 970/1179/727
f 1101/1183/726 1100/1184/726 1102/1181/727 1103/1180/727
f 968/1185/725 1099/1186/725 1101/1183/726 969/1182/726
f 1099/1186/725 1098/1187/725 1100/1184/726 1101/1183/726
f 967/1188/724 1097/1189/724 1099/1186/725 968/1185/725
f 1097/1189/724 1096/1190/724 1098/1187/725 1099/1186/725
f 966/1191/723 1095/1192/723 1097/1189/724 967/1188/724
f 1095/1192/723 1094/1193/723 1096/1190/724 1097/1189/724
f 965/853/722 1093/853/722 1095/854/723 966/854/723
f 1093/1194/722 1092/879/722 1094/881/723 1095/1195/723
f 964/1196/721 1091/1197/721 1093/1198/722 965/1199/722
f 1091/1197/721 1090/1200/721 1092/1201/722 1093/1198/722
f 963/1202/720 1089/1203/720 1091/1197/721 964/1196/721
f 1089/1203/720 1088/1204/720 1090/1200/721 1091/1197/721
f 962/1205/719 1087/1206/719 1089/1203/720 963/1202/720
f 1087/1206/719 1086/1207/719 1088/1204/720 1089/1203/720
f 961/1208/718 1085/1209/718 1087/1206/719 962/1205/719
f 1085/1209/718 1084/1210/718 1086/1207/719 1087/1206/719
f 960/1211/717 1083/1212/717 1085/1209/718 961/1208/718
f 1083/1212/717 1082/1213/717 1084/1210/718 1085/1209/718
f 959/1214/716 1081/1215/716 1083/1212/717 960/1211/717
f 1081/1215/716 1080/1216/716 1082/1213/717 1083/1212/717
f 958/1217/715 1079/1218/715 1081/1215/716 959/1214/716
f 1079/1218/715 1078/1219/715 1080/1216/716 1081/1215/716
f 955/1220/714 1076/1221/714 1079/1222/715 958/1223/715
f 1076/1224/714 1077/1225/714 1078/1219/715 1079/1218/715
f 923/1226/711 1060/1227/711 1075/1228/711 935/1229/711
f 1060/1227/711 1061/820/711 1074/816/711 1075/1228/711
f 935/1229/711 1075/1228/711 1069/1104/711 929/1103/711
f 1075/1228/711 1074/816/711 1068/819/711 1069/1104/711
f 922/1230/710 1062/1231/710 1064/1232/710 925/1233/710
f 1062/1234/710 1063/1235/710 1065/1236/710 1064/1237/710
f 921/1238/710 1061/1239/710 1062/1240/710 922/1241/710
f 1061/1239/710 1060/1242/710 1063/812/710 1062/1240/710
o Cube.013
v 200.966125 113.186928 -21.105700
v 200.966125 99.989433 -21.105700
v 200.966125 113.186928 -47.586769
v 200.966125 99.989433 -47.586769
v 206.935089 113.186928 -21.105700
v 206.935089 99.989433 -21.105700
v 206.935089 113.186928 -47.586769
v 206.935089 99.989433 -47.586769
vn -1.0000 -0.0000 -0.0000
vn -0.0000 -0.0000 -1.0000
vn 1.0000 -0.0000 -0.0000
vn -0.0000 -0.0000 1.0000
vn -0.0000 1.0000 -0.0000
vn -0.0000 -1.0000 -0.0000
vt 0.365760 0.000596
vt 0.621095 0.000076
vt 0.623165 0.248752
vt 0.372525 0.244392
vt 0.563264 0.090644
vt 0.572645 0.090807
vt 0.572713 0.100210
vt 0.563350 0.100177
vt 0.379883 0.581823
vt 0.379883 0.272599
vt 0.030872 0.272599
vt 0.030872 0.581823
vt 0.571684 0.506904
vt 0.581003 0.218664
vt 0.412291 0.218278
vt 0.422405 0.507253
vt 0.125000 0.500000
vt 0.375000 0.500000
vt 0.375000 0.750000
vt 0.125000 0.750000
vt 0.625000 0.500000
vt 0.875000 0.500000
vt 0.875000 0.750000
vt 0.625000 0.750000
s 0
usemtl Material.010
f 1194/1243/780 1196/1246/780 1197/1245/780 1195/1244/780
f 1196/1247/781 1200/1250/781 1201/1249/781 1197/1248/781
f 1200/1251/782 1198/1254/782 1199/1253/782 1201/1252/782
f 1198/1255/783 1194/1258/783 1195/1257/783 1199/1256/783
f 1196/1259/784 1194/1262/784 1198/1261/784 1200/1260/784
f 1201/1263/785 1199/1266/785 1195/1265/785 1197/1264/785
o Cube.014
v 201.769958 113.152100 -19.853411
v 201.769958 113.732620 -19.853411
v 201.769958 113.152100 -49.434113
v 201.769958 113.732620 -49.434113
v 207.263489 113.152100 -19.853411
v 207.263489 113.732620 -19.853411
v 207.263489 113.152100 -49.434113
v 207.263489 113.732620 -49.434113
vn -1.0000 -0.0000 -0.0000
vn -0.0000 -0.0000 -1.0000
vn 1.0000 -0.0000 -0.0000
vn -0.0000 -0.0000 1.0000
vn -0.0000 -1.0000 -0.0000
vn -0.0000 1.0000 -0.0000
vt 0.375000 0.000000
vt 0.625000 0.000000
vt 0.625000 0.250000
vt 0.375000 0.250000
vt 0.225702 0.473198
vt 0.225923 0.472335
vt 0.238392 0.470611
vt 0.238356 0.471512
vt 0.245724 0.486682
vt 0.245753 0.487096
vt 0.240826 0.486917
vt 0.240827 0.487322
s 0
usemtl Material.010
f 1202/1267/786 1203/1268/786 1205/1269/786 1204/1270/786
f 1204/1271/787 1205/1272/787 1209/1273/787 1208/1274/787
f 1208/1274/788 1209/1273/788 1207/1275/788 1206/1276/788
f 1206/1276/789 1207/1275/789 1203/1277/789 1202/1278/789
f 1204/1271/790 1208/1274/790 1206/1276/790 1202/1278/790
f 1209/1273/791 1205/1272/791 1203/1277/791 1207/1275/791
o Cylinder.167
v 204.819504 128.896210 -35.104744
v 204.819504 129.199341 -35.463116
v 205.060272 128.896210 -35.081032
v 205.130188 129.199341 -35.432518
v 205.291794 128.896210 -35.010799
v 205.428940 129.199341 -35.341892
v 205.505173 128.896210 -34.896751
v 205.704269 129.199341 -35.194725
v 205.692200 128.896210 -34.743267
v 205.945602 129.199341 -34.996674
v 205.845673 128.896210 -34.556244
v 206.143661 129.199341 -34.755344
v 205.959732 128.896210 -34.342873
v 206.290817 129.199341 -34.480015
v 206.029953 128.896210 -34.111351
v 206.381439 129.199341 -34.181263
v 206.053680 128.896210 -33.870575
v 206.412048 129.199341 -33.870575
v 206.029953 128.896210 -33.629799
v 206.381439 129.199341 -33.559887
v 205.959732 128.896210 -33.398277
v 206.290817 129.199341 -33.261135
v 205.845673 128.896210 -33.184906
v 206.143661 129.199341 -32.985806
v 205.692200 128.896210 -32.997883
v 205.945602 129.199341 -32.744476
v 205.505173 128.896210 -32.844398
v 205.704269 129.199341 -32.546425
v 205.291794 128.896210 -32.730350
v 205.428940 129.199341 -32.399258
v 205.060272 128.896210 -32.660118
v 205.130188 129.199341 -32.308632
v 204.819504 128.896210 -32.636406
v 204.819504 129.199341 -32.278034
v 204.578735 128.896210 -32.660118
v 204.508820 129.199341 -32.308632
v 204.347214 128.896210 -32.730350
v 204.210068 129.199341 -32.399258
v 204.133835 128.896210 -32.844398
v 203.934738 129.199341 -32.546425
v 203.946808 128.896210 -32.997883
v 203.693405 129.199341 -32.744476
v 203.793335 128.896210 -33.184906
v 203.495346 129.199341 -32.985806
v 203.679276 128.896210 -33.398277
v 203.348190 129.199341 -33.261135
v 203.609055 128.896210 -33.629799
v 203.257568 129.199341 -33.559887
v 203.585327 128.896210 -33.870575
v 203.226959 129.199341 -33.870575
v 203.609055 128.896210 -34.111351
v 203.257568 129.199341 -34.181263
v 203.679276 128.896210 -34.342873
v 203.348190 129.199341 -34.480015
v 203.793335 128.896210 -34.556244
v 203.495346 129.199341 -34.755344
v 203.946808 128.896210 -34.743267
v 203.693405 129.199341 -34.996674
v 204.133835 128.896210 -34.896751
v 203.934738 129.199341 -35.194725
v 204.347214 128.896210 -35.010799
v 204.210068 129.199341 -35.341892
v 204.578735 128.896210 -35.081032
v 204.508820 129.199341 -35.432518
v 204.819504 128.896210 -35.463116
v 205.130188 128.896210 -35.432518
v 205.428940 128.896210 -35.341892
v 205.704269 128.896210 -35.194725
v 205.945602 128.896210 -34.996674
v 206.143661 128.896210 -34.755344
v 206.290817 128.896210 -34.480015
v 206.381439 128.896210 -34.181263
v 206.412048 128.896210 -33.870575
v 206.381439 128.896210 -33.559887
v 206.290817 128.896210 -33.261135
v 206.143661 128.896210 -32.985806
v 205.945602 128.896210 -32.744476
v 205.704269 128.896210 -32.546425
v 205.428940 128.896210 -32.399258
v 205.130188 128.896210 -32.308632
v 204.819504 128.896210 -32.278034
v 204.508820 128.896210 -32.308632
v 204.210068 128.896210 -32.399258
v 203.934738 128.896210 -32.546425
v 203.693405 128.896210 -32.744476
v 203.495346 128.896210 -32.985806
v 203.348190 128.896210 -33.261135
v 203.257568 128.896210 -33.559887
v 203.226959 128.896210 -33.870575
v 203.257568 128.896210 -34.181263
v 203.348190 128.896210 -34.480015
v 203.495346 128.896210 -34.755344
v 203.693405 128.896210 -34.996674
v 203.934738 128.896210 -35.194725
v 204.210068 128.896210 -35.341892
v 204.508820 128.896210 -35.432518
v 204.819504 128.896210 -35.463116
v 205.130188 128.896210 -35.432518
v 205.428940 128.896210 -35.341892
v 205.704269 128.896210 -35.194725
v 205.945602 128.896210 -34.996674
v 206.143661 128.896210 -34.755344
v 206.290817 128.896210 -34.480015
v 206.381439 128.896210 -34.181263
v 206.412048 128.896210 -33.870575
v 206.381439 128.896210 -33.559887
v 206.290817 128.896210 -33.261135
v 206.143661 128.896210 -32.985806
v 205.945602 128.896210 -32.744476
v 205.704269 128.896210 -32.546425
v 205.428940 128.896210 -32.399258
v 205.130188 128.896210 -32.308632
v 204.819504 128.896210 -32.278034
v 204.508820 128.896210 -32.308632
v 204.210068 128.896210 -32.399258
v 203.934738 128.896210 -32.546425
v 203.693405 128.896210 -32.744476
v 203.495346 128.896210 -32.985806
v 203.348190 128.896210 -33.261135
v 203.257568 128.896210 -33.559887
v 203.226959 128.896210 -33.870575
v 203.257568 128.896210 -34.181263
v 203.348190 128.896210 -34.480015
v 203.495346 128.896210 -34.755344
v 203.693405 128.896210 -34.996674
v 203.934738 128.896210 -35.194725
v 204.210068 128.896210 -35.341892
v 204.508820 128.896210 -35.432518
v 204.819504 128.896210 -35.463116
v 205.130188 128.896210 -35.432518
v 205.428940 128.896210 -35.341892
v 205.704269 128.896210 -35.194725
v 205.945602 128.896210 -34.996674
v 206.143661 128.896210 -34.755344
v 206.290817 128.896210 -34.480015
v 206.381439 128.896210 -34.181263
v 206.412048 128.896210 -33.870575
v 206.381439 128.896210 -33.559887
v 206.290817 128.896210 -33.261135
v 206.143661 128.896210 -32.985806
v 205.945602 128.896210 -32.744476
v 205.704269 128.896210 -32.546425
v 205.428940 128.896210 -32.399258
v 205.130188 128.896210 -32.308632
v 204.819504 128.896210 -32.278034
v 204.508820 128.896210 -32.308632
v 204.210068 128.896210 -32.399258
v 203.934738 128.896210 -32.546425
v 203.693405 128.896210 -32.744476
v 203.495346 128.896210 -32.985806
v 203.348190 128.896210 -33.261135
v 203.257568 128.896210 -33.559887
v 203.226959 128.896210 -33.870575
v 203.257568 128.896210 -34.181263
v 203.348190 128.896210 -34.480015
v 203.495346 128.896210 -34.755344
v 203.693405 128.896210 -34.996674
v 203.934738 128.896210 -35.194725
v 204.210068 128.896210 -35.341892
v 204.508820 128.896210 -35.432518
vn -0.0000 -1.0000 -0.0000
vn -0.0000 0.9949 -0.1005
vn 0.0196 0.9949 -0.0986
vn 0.0385 0.9949 -0.0929
vn 0.0558 0.9949 -0.0836
vn 0.0711 0.9949 -0.0711
vn 0.0836 0.9949 -0.0558
vn 0.0929 0.9949 -0.0385
vn 0.0986 0.9949 -0.0196
vn 0.1005 0.9949 -0.0000
vn 0.0986 0.9949 0.0196
vn 0.0929 0.9949 0.0385
vn 0.0836 0.9949 0.0558
vn 0.0711 0.9949 0.0711
vn 0.0558 0.9949 0.0836
vn 0.0385 0.9949 0.0929
vn 0.0196 0.9949 0.0986
vn -0.0000 0.9949 0.1005
vn -0.0196 0.9949 0.0986
vn -0.0385 0.9949 0.0929
vn -0.0558 0.9949 0.0836
vn -0.0711 0.9949 0.0711
vn -0.0836 0.9949 0.0558
vn -0.0929 0.9949 0.0385
vn -0.0986 0.9949 0.0196
vn -0.1005 0.9949 -0.0000
vn -0.0986 0.9949 -0.0196
vn -0.0929 0.9949 -0.0385
vn -0.0836 0.9949 -0.0558
vn -0.0711 0.9949 -0.0711
vn -0.0558 0.9949 -0.0836
vn -0.0385 0.9949 -0.0929
vn -0.0196 0.9949 -0.0986
vn -0.0000 0.9955 -0.0943
vn 0.0184 0.9955 -0.0925
vn 0.0361 0.9955 -0.0871
vn 0.0524 0.9955 -0.0784
vn 0.0667 0.9955 -0.0667
vn 0.0784 0.9955 -0.0524
vn 0.0871 0.9955 -0.0361
vn 0.0925 0.9955 -0.0184
vn 0.0943 0.9955 -0.0000
vn 0.0925 0.9955 0.0184
vn 0.0871 0.9955 0.0361
vn 0.0784 0.9955 0.0524
vn 0.0667 0.9955 0.0667
vn 0.0524 0.9955 0.0784
vn 0.0361 0.9955 0.0871
vn 0.0184 0.9955 0.0925
vn -0.0000 0.9955 0.0943
vn -0.0184 0.9955 0.0925
vn -0.0361 0.9955 0.0871
vn -0.0524 0.9955 0.0784
vn -0.0667 0.9955 0.0667
vn -0.0784 0.9955 0.0524
vn -0.0871 0.9955 0.0361
vn -0.0925 0.9955 0.0184
vn -0.0943 0.9955 -0.0000
vn -0.0925 0.9955 -0.0184
vn -0.0871 0.9955 -0.0361
vn -0.0784 0.9955 -0.0524
vn -0.0667 0.9955 -0.0667
vn -0.0524 0.9955 -0.0784
vn -0.0361 0.9955 -0.0871
vn -0.0184 0.9955 -0.0925
vn -0.0000 1.0000 -0.0000
vt 0.851514 0.759617
vt 0.851657 0.764347
vt 0.851602 0.767241
vt 0.851458 0.762480
vt 0.850933 0.770271
vt 0.850787 0.765477
vt 0.849663 0.773323
vt 0.849514 0.768497
vt 0.847827 0.776278
vt 0.847674 0.771420
vt 0.845488 0.779013
vt 0.845331 0.774127
vt 0.842732 0.781413
vt 0.842570 0.776501
vt 0.839666 0.783371
vt 0.839499 0.778439
vt 0.836416 0.784798
vt 0.836245 0.779850
vt 0.833119 0.785628
vt 0.832943 0.780671
vt 0.829917 0.785820
vt 0.829736 0.780861
vt 0.826947 0.785367
vt 0.826762 0.780413
vt 0.824336 0.784289
vt 0.824148 0.779347
vt 0.822192 0.782638
vt 0.822002 0.777713
vt 0.820601 0.780489
vt 0.820410 0.775587
vt 0.819619 0.777940
vt 0.819428 0.773065
vt 0.819276 0.775101
vt 0.819086 0.770256
vt 0.819573 0.772092
vt 0.819384 0.767279
vt 0.820483 0.769035
vt 0.820297 0.764255
vt 0.821958 0.766047
vt 0.821776 0.761298
vt 0.823931 0.763239
vt 0.823753 0.758520
vt 0.826319 0.760709
vt 0.826145 0.756018
vt 0.829029 0.758544
vt 0.828859 0.753876
vt 0.831959 0.756814
vt 0.831793 0.752165
vt 0.835004 0.755572
vt 0.834843 0.750937
vt 0.838060 0.754859
vt 0.837903 0.750230
vt 0.841020 0.754694
vt 0.840867 0.750067
vt 0.843785 0.755082
vt 0.843635 0.750452
vt 0.846259 0.756013
vt 0.846112 0.751373
vt 0.848354 0.757458
vt 0.848209 0.752802
vt 0.849992 0.759372
vt 0.849849 0.754695
vt 0.851110 0.761694
vt 0.850967 0.756992
vt 0.847952 0.760786
vt 0.847887 0.763014
vt 0.847347 0.765339
vt 0.846342 0.767674
vt 0.844904 0.769926
vt 0.843083 0.772005
vt 0.840947 0.773823
vt 0.838580 0.775303
vt 0.836076 0.776380
vt 0.833540 0.777005
vt 0.831078 0.777150
vt 0.828792 0.776808
vt 0.826779 0.775996
vt 0.825120 0.774750
vt 0.823881 0.773124
vt 0.823107 0.771190
vt 0.822823 0.769030
vt 0.823032 0.766734
vt 0.823718 0.764392
vt 0.824847 0.762096
vt 0.826367 0.759930
vt 0.828217 0.757974
vt 0.830325 0.756295
vt 0.832610 0.754951
vt 0.834991 0.753985
vt 0.837382 0.753428
vt 0.839699 0.753300
vt 0.841861 0.753603
vt 0.843791 0.754328
vt 0.845421 0.755452
vt 0.846689 0.756938
vt 0.847545 0.758736
s 1
usemtl Material.008
f 1274/1279/825 1211/1280/793 1213/1281/794 1275/1282/826
f 1275/1282/826 1213/1281/794 1215/1283/795 1276/1284/827
f 1276/1284/827 1215/1283/795 1217/1285/796 1277/1286/828
f 1277/1286/828 1217/1285/796 1219/1287/797 1278/1288/829
f 1278/1288/829 1219/1287/797 1221/1289/798 1279/1290/830
f 1279/1290/830 1221/1289/798 1223/1291/799 1280/1292/831
f 1280/1292/831 1223/1291/799 1225/1293/800 1281/1294/832
f 1281/1294/832 1225/1293/800 1227/1295/801 1282/1296/833
f 1282/1296/833 1227/1295/801 1229/1297/802 1283/1298/834
f 1283/1298/834 1229/1297/802 1231/1299/803 1284/1300/835
f 1284/1300/835 1231/1299/803 1233/1301/804 1285/1302/836
f 1285/1302/836 1233/1301/804 1235/1303/805 1286/1304/837
f 1286/1304/837 1235/1303/805 1237/1305/806 1287/1306/838
f 1287/1306/838 1237/1305/806 1239/1307/807 1288/1308/839
f 1288/1308/839 1239/1307/807 1241/1309/808 1289/1310/840
f 1289/1310/840 1241/1309/808 1243/1311/809 1290/1312/841
f 1290/1312/841 1243/1311/809 1245/1313/810 1291/1314/842
f 1291/1314/842 1245/1313/810 1247/1315/811 1292/1316/843
f 1292/1316/843 1247/1315/811 1249/1317/812 1293/1318/844
f 1293/1318/844 1249/1317/812 1251/1319/813 1294/1320/845
f 1294/1320/845 1251/1319/813 1253/1321/814 1295/1322/846
f 1295/1322/846 1253/1321/814 1255/1323/815 1296/1324/847
f 1296/1324/847 1255/1323/815 1257/1325/816 1297/1326/848
f 1297/1326/848 1257/1325/816 1259/1327/817 1298/1328/849
f 1298/1328/849 1259/1327/817 1261/1329/818 1299/1330/850
f 1299/1330/850 1261/1329/818 1263/1331/819 1300/1332/851
f 1300/1332/851 1263/1331/819 1265/1333/820 1301/1334/852
f 1301/1334/852 1265/1333/820 1267/1335/821 1302/1336/853
f 1302/1336/853 1267/1335/821 1269/1337/822 1303/1338/854
f 1303/1338/854 1269/1337/822 1271/1339/823 1304/1340/855
f 1213/1281/794 1211/1280/793 1273/1341/824 1271/1339/823 1269/1337/822 1267/1335/821 1265/1333/820 1263/1331/819 1261/1329/818 1259/1327/817 1257/1325/816 1255/1323/815 1253/1321/814 1251/1319/813 1249/1317/812 1247/1315/811 1245/1313/810 1243/1311/809 1241/1309/808 1239/1307/807 1237/1305/806 1235/1303/805 1233/1301/804 1231/1299/803 1229/1297/802 1227/1295/801 1225/1293/800 1223/1291/799 1221/1289/798 1219/1287/797 1217/1285/796 1215/1283/795
f 1304/1340/855 1271/1339/823 1273/1341/824 1305/1342/856
f 1305/1342/856 1273/1341/824 1211/1280/793 1274/1279/825
f 1307/1282/857 1306/1279/857 1274/1279/825 1275/1282/826
f 1308/1284/857 1307/1282/857 1275/1282/826 1276/1284/827
f 1309/1286/857 1308/1284/857 1276/1284/827 1277/1286/828
f 1310/1288/857 1309/1286/857 1277/1286/828 1278/1288/829
f 1311/1290/857 1310/1288/857 1278/1288/829 1279/1290/830
f 1312/1292/857 1311/1290/857 1279/1290/830 1280/1292/831
f 1313/1294/857 1312/1292/857 1280/1292/831 1281/1294/832
f 1314/1296/857 1313/1294/857 1281/1294/832 1282/1296/833
f 1315/1298/857 1314/1296/857 1282/1296/833 1283/1298/834
f 1316/1300/857 1315/1298/857 1283/1298/834 1284/1300/835
f 1317/1302/857 1316/1300/857 1284/1300/835 1285/1302/836
f 1318/1304/857 1317/1302/857 1285/1302/836 1286/1304/837
f 1319/1306/857 1318/1304/857 1286/1304/837 1287/1306/838
f 1320/1308/857 1319/1306/857 1287/1306/838 1288/1308/839
f 1321/1310/857 1320/1308/857 1288/1308/839 1289/1310/840
f 1322/1312/857 1321/1310/857 1289/1310/840 1290/1312/841
f 1323/1314/857 1322/1312/857 1290/1312/841 1291/1314/842
f 1324/1316/857 1323/1314/857 1291/1314/842 1292/1316/843
f 1325/1318/857 1324/1316/857 1292/1316/843 1293/1318/844
f 1326/1320/857 1325/1318/857 1293/1318/844 1294/1320/845
f 1327/1322/857 1326/1320/857 1294/1320/845 1295/1322/846
f 1328/1324/857 1327/1322/857 1295/1322/846 1296/1324/847
f 1329/1326/857 1328/1324/857 1296/1324/847 1297/1326/848
f 1330/1328/857 1329/1326/857 1297/1326/848 1298/1328/849
f 1331/1330/857 1330/1328/857 1298/1328/849 1299/1330/850
f 1332/1332/857 1331/1330/857 1299/1330/850 1300/1332/851
f 1333/1334/857 1332/1332/857 1300/1332/851 1301/1334/852
f 1334/1336/857 1333/1334/857 1301/1334/852 1302/1336/853
f 1335/1338/857 1334/1336/857 1302/1336/853 1303/1338/854
f 1336/1340/857 1335/1338/857 1303/1338/854 1304/1340/855
f 1337/1342/857 1336/1340/857 1304/1340/855 1305/1342/856
f 1306/1279/857 1337/1342/857 1305/1342/856 1274/1279/825
f 1339/1282/857 1338/1279/857 1306/1279/857 1307/1282/857
f 1340/1284/857 1339/1282/857 1307/1282/857 1308/1284/857
f 1341/1286/857 1340/1284/857 1308/1284/857 1309/1286/857
f 1342/1288/857 1341/1286/857 1309/1286/857 1310/1288/857
f 1343/1290/857 1342/1288/857 1310/1288/857 1311/1290/857
f 1344/1292/857 1343/1290/857 1311/1290/857 1312/1292/857
f 1345/1294/857 1344/1292/857 1312/1292/857 1313/1294/857
f 1346/1296/857 1345/1294/857 1313/1294/857 1314/1296/857
f 1347/1298/857 1346/1296/857 1314/1296/857 1315/1298/857
f 1348/1300/857 1347/1298/857 1315/1298/857 1316/1300/857
f 1349/1302/857 1348/1300/857 1316/1300/857 1317/1302/857
f 1350/1304/857 1349/1302/857 1317/1302/857 1318/1304/857
f 1351/1306/857 1350/1304/857 1318/1304/857 1319/1306/857
f 1352/1308/857 1351/1306/857 1319/1306/857 1320/1308/857
f 1353/1310/857 1352/1308/857 1320/1308/857 1321/1310/857
f 1354/1312/857 1353/1310/857 1321/1310/857 1322/1312/857
f 1355/1314/857 1354/1312/857 1322/1312/857 1323/1314/857
f 1356/1316/857 1355/1314/857 1323/1314/857 1324/1316/857
f 1357/1318/857 1356/1316/857 1324/1316/857 1325/1318/857
f 1358/1320/857 1357/1318/857 1325/1318/857 1326/1320/857
f 1359/1322/857 1358/1320/857 1326/1320/857 1327/1322/857
f 1360/1324/857 1359/1322/857 1327/1322/857 1328/1324/857
f 1361/1326/857 1360/1324/857 1328/1324/857 1329/1326/857
f 1362/1328/857 1361/1326/857 1329/1326/857 1330/1328/857
f 1363/1330/857 1362/1328/857 1330/1328/857 1331/1330/857
f 1364/1332/857 1363/1330/857 1331/1330/857 1332/1332/857
f 1365/1334/857 1364/1332/857 1332/1332/857 1333/1334/857
f 1366/1336/857 1365/1334/857 1333/1334/857 1334/1336/857
f 1367/1338/857 1366/1336/857 1334/1336/857 1335/1338/857
f 1368/1340/857 1367/1338/857 1335/1338/857 1336/1340/857
f 1369/1342/857 1368/1340/857 1336/1340/857 1337/1342/857
f 1338/1279/857 1369/1342/857 1337/1342/857 1306/1279/857
f 1212/1344/792 1210/1343/792 1338/1279/857 1339/1282/857
f 1214/1345/792 1212/1344/792 1339/1282/857 1340/1284/857
f 1216/1346/792 1214/1345/792 1340/1284/857 1341/1286/857
f 1218/1347/792 1216/1346/792 1341/1286/857 1342/1288/857
f 1220/1348/792 1218/1347/792 1342/1288/857 1343/1290/857
f 1222/1349/792 1220/1348/792 1343/1290/857 1344/1292/857
f 1224/1350/792 1222/1349/792 1344/1292/857 1345/1294/857
f 1226/1351/792 1224/1350/792 1345/1294/857 1346/1296/857
f 1228/1352/792 1226/1351/792 1346/1296/857 1347/1298/857
f 1230/1353/792 1228/1352/792 1347/1298/857 1348/1300/857
f 1232/1354/792 1230/1353/792 1348/1300/857 1349/1302/857
f 1234/1355/792 1232/1354/792 1349/1302/857 1350/1304/857
f 1236/1356/792 1234/1355/792 1350/1304/857 1351/1306/857
f 1238/1357/792 1236/1356/792 1351/1306/857 1352/1308/857
f 1240/1358/792 1238/1357/792 1352/1308/857 1353/1310/857
f 1242/1359/792 1240/1358/792 1353/1310/857 1354/1312/857
f 1244/1360/792 1242/1359/792 1354/1312/857 1355/1314/857
f 1246/1361/792 1244/1360/792 1355/1314/857 1356/1316/857
f 1248/1362/792 1246/1361/792 1356/1316/857 1357/1318/857
f 1250/1363/792 1248/1362/792 1357/1318/857 1358/1320/857
f 1252/1364/792 1250/1363/792 1358/1320/857 1359/1322/857
f 1254/1365/792 1252/1364/792 1359/1322/857 1360/1324/857
f 1256/1366/792 1254/1365/792 1360/1324/857 1361/1326/857
f 1258/1367/792 1256/1366/792 1361/1326/857 1362/1328/857
f 1260/1368/792 1258/1367/792 1362/1328/857 1363/1330/857
f 1262/1369/792 1260/1368/792 1363/1330/857 1364/1332/857
f 1264/1370/792 1262/1369/792 1364/1332/857 1365/1334/857
f 1266/1371/792 1264/1370/792 1365/1334/857 1366/1336/857
f 1268/1372/792 1266/1371/792 1366/1336/857 1367/1338/857
f 1270/1373/792 1268/1372/792 1367/1338/857 1368/1340/857
f 1272/1374/792 1270/1373/792 1368/1340/857 1369/1342/857
f 1210/1343/792 1272/1374/792 1369/1342/857 1338/1279/857
usemtl Material.008
f 1210/1343/792 1212/1344/792 1214/1345/792 1216/1346/792 1218/1347/792 1220/1348/792 1222/1349/792 1224/1350/792 1226/1351/792 1228/1352/792 1230/1353/792 1232/1354/792 1234/1355/792 1236/1356/792 1238/1357/792 1240/1358/792 1242/1359/792 1244/1360/792 1246/1361/792 1248/1362/792 1250/1363/792 1252/1364/792 1254/1365/792 1256/1366/792 1258/1367/792 1260/1368/792 1262/1369/792 1264/1370/792 1266/1371/792 1268/1372/792 1270/1373/792 1272/1374/792
o Plane
v 194.773514 99.908356 -19.448114
v 201.675125 99.908356 -19.448114
v 194.773514 99.908356 -67.759422
v 201.675125 99.908356 -67.759422
v 208.514236 99.908356 -19.448114
v 208.514236 99.908356 -67.759422
v 201.612625 134.952087 -67.759422
v 201.612625 134.952087 -19.448114
v 194.773514 129.007309 -67.759422
v 194.773514 129.007309 -19.448114
v 207.836716 129.007309 -67.759422
v 207.836716 129.007309 -19.448114
v 201.612625 105.643501 -67.759422
v 201.612625 105.643501 -19.448114
v 194.773514 105.643501 -67.759422
v 194.773514 105.643501 -19.448114
v 207.410614 99.908356 -19.448114
v 201.612625 105.643501 -19.448114
v 195.814636 99.908356 -19.448114
v 206.842300 99.935974 -19.448114
v 206.279480 100.018555 -19.448114
v 205.727539 100.155312 -19.448114
v 205.191818 100.344917 -19.448114
v 204.677460 100.585556 -19.448114
v 204.189423 100.874901 -19.448114
v 203.732407 101.210175 -19.448114
v 203.310806 101.588142 -19.448114
v 202.928696 102.005165 -19.448114
v 202.589752 102.457222 -19.448114
v 202.297241 102.939972 -19.448114
v 202.053970 103.448753 -19.448114
v 201.862274 103.978676 -19.448114
v 201.724030 104.524628 -19.448114
v 201.640533 105.081360 -19.448114
v 201.612625 105.643501 -67.759422
v 207.410614 99.908356 -67.759422
v 195.814636 99.908356 -67.759422
v 201.640533 105.081360 -67.759422
v 201.724030 104.524628 -67.759422
v 201.862274 103.978676 -67.759422
v 202.053970 103.448753 -67.759422
v 202.297241 102.939972 -67.759422
v 202.589752 102.457222 -67.759422
v 202.928696 102.005165 -67.759422
v 203.310806 101.588142 -67.759422
v 203.732407 101.210175 -67.759422
v 204.189423 100.874901 -67.759422
v 204.677460 100.585556 -67.759422
v 205.191818 100.344917 -67.759422
v 205.727539 100.155312 -67.759422
v 206.279480 100.018555 -67.759422
v 206.842300 99.935974 -67.759422
v 194.773514 132.362854 -67.759422
v 197.362747 134.952087 -67.759422
v 194.785980 132.616638 -67.759422
v 194.823257 132.867981 -67.759422
v 194.885010 133.114456 -67.759422
v 194.970612 133.353699 -67.759422
v 195.079239 133.583405 -67.759422
v 195.209885 133.801346 -67.759422
v 195.361237 134.005432 -67.759422
v 195.531876 134.193710 -67.759422
v 195.720154 134.364349 -67.759422
v 195.924240 134.515717 -67.759422
v 196.142197 134.646347 -67.759422
v 196.371887 134.754990 -67.759422
v 196.611130 134.840591 -67.759422
v 196.857620 134.902328 -67.759422
v 197.108963 134.939621 -67.759422
v 197.362747 134.952087 -19.448114
v 194.773514 132.362854 -19.448114
v 197.108963 134.939621 -19.448114
v 196.857620 134.902328 -19.448114
v 196.611130 134.840591 -19.448114
v 196.371887 134.754990 -19.448114
v 196.142197 134.646347 -19.448114
v 195.924240 134.515717 -19.448114
v 195.720154 134.364349 -19.448114
v 195.531876 134.193710 -19.448114
v 195.361237 134.005432 -19.448114
v 195.209885 133.801346 -19.448114
v 195.079239 133.583405 -19.448114
v 194.970612 133.353699 -19.448114
v 194.885010 133.114456 -19.448114
v 194.823257 132.867981 -19.448114
v 194.785980 132.616638 -19.448114
v 201.810715 129.007309 -67.759422
v 201.612625 128.809219 -67.759422
v 201.414520 129.007309 -67.759422
v 201.612625 129.205399 -67.759422
v 201.784851 129.005615 -67.759422
v 201.759445 129.000565 -67.759422
v 201.734909 128.992233 -67.759422
v 201.711670 128.980774 -67.759422
v 201.690125 128.966370 -67.759422
v 201.670639 128.949295 -67.759422
v 201.653549 128.929810 -67.759422
v 201.639160 128.908264 -67.759422
v 201.627701 128.885025 -67.759422
v 201.619370 128.860489 -67.759422
v 201.614319 128.835068 -67.759422
v 201.612625 128.809219 -19.448114
v 201.810715 129.007309 -19.448114
v 201.612625 129.205399 -19.448114
v 201.614319 128.835068 -19.448114
v 201.619370 128.860489 -19.448114
v 201.627701 128.885025 -19.448114
v 201.639160 128.908264 -19.448114
v 201.653549 128.929810 -19.448114
v 201.670639 128.949295 -19.448114
v 201.690125 128.966370 -19.448114
v 201.711670 128.980774 -19.448114
v 201.734909 128.992233 -19.448114
v 201.759445 129.000565 -19.448114
v 201.784851 129.005615 -19.448114
v 206.617538 134.952087 -67.759422
v 207.836716 133.732910 -67.759422
v 206.791046 134.939667 -67.759422
v 206.961014 134.902710 -67.759422
v 207.123993 134.841919 -67.759422
v 207.276672 134.758545 -67.759422
v 207.415924 134.654297 -67.759422
v 207.538925 134.531296 -67.759422
v 207.643173 134.392044 -67.759422
v 207.726532 134.239380 -67.759422
v 207.787323 134.076385 -67.759422
v 207.824310 133.906418 -67.759422
v 207.836716 133.732910 -19.448114
v 206.617538 134.952087 -19.448114
v 207.824310 133.906418 -19.448114
v 207.787323 134.076385 -19.448114
v 207.726532 134.239380 -19.448114
v 207.643173 134.392044 -19.448114
v 207.538925 134.531296 -19.448114
v 207.415924 134.654297 -19.448114
v 207.276672 134.758545 -19.448114
v 207.123993 134.841919 -19.448114
v 206.961014 134.902710 -19.448114
v 206.791046 134.939667 -19.448114
v 194.773514 99.908356 -54.237228
v 194.773514 99.908356 -38.133461
v 201.675125 99.908356 -38.133461
v 201.675125 99.908356 -54.237228
v 208.514236 99.908356 -38.133461
v 208.514236 99.908356 -54.237228
v 201.612625 134.952087 -54.237228
v 201.612625 134.952087 -38.133461
v 194.773514 129.007309 -38.133461
v 194.773514 129.007309 -54.237228
v 207.836716 129.007309 -54.237228
v 207.836716 129.007309 -38.133461
v 201.612625 105.643501 -54.237228
v 201.612625 105.643501 -38.133461
v 194.773514 105.643501 -38.133461
v 194.773514 105.643501 -54.237228
v 201.612625 105.643501 -54.237228
v 201.612625 105.643501 -38.133461
v 201.640533 105.081360 -38.133461
v 201.640533 105.081360 -54.237228
v 201.724030 104.524628 -38.133461
v 201.724030 104.524628 -54.237228
v 201.862274 103.978676 -38.133461
v 201.862274 103.978676 -54.237228
v 202.053970 103.448753 -38.133461
v 202.053970 103.448753 -54.237228
v 202.297241 102.939972 -38.133461
v 202.297241 102.939972 -54.237228
v 202.589752 102.457222 -38.133461
v 202.589752 102.457222 -54.237228
v 202.928696 102.005165 -38.133461
v 202.928696 102.005165 -54.237228
v 203.310806 101.588142 -38.133461
v 203.310806 101.588142 -54.237228
v 203.732407 101.210175 -38.133461
v 203.732407 101.210175 -54.237228
v 204.189423 100.874901 -38.133461
v 204.189423 100.874901 -54.237228
v 204.677460 100.585556 -38.133461
v 204.677460 100.585556 -54.237228
v 205.191818 100.344917 -38.133461
v 205.191818 100.344917 -54.237228
v 205.727539 100.155312 -38.133461
v 205.727539 100.155312 -54.237228
v 206.279480 100.018555 -38.133461
v 206.279480 100.018555 -54.237228
v 206.842300 99.935974 -38.133461
v 206.842300 99.935974 -54.237228
v 207.410614 99.908356 -38.133461
v 207.410614 99.908356 -54.237228
v 194.773514 132.362854 -54.237228
v 194.773514 132.362854 -38.133461
v 194.785980 132.616638 -38.133461
v 194.785980 132.616638 -54.237228
v 194.823257 132.867981 -38.133461
v 194.823257 132.867981 -54.237228
v 194.885010 133.114456 -38.133461
v 194.885010 133.114456 -54.237228
v 194.970612 133.353699 -38.133461
v 194.970612 133.353699 -54.237228
v 195.079239 133.583405 -38.133461
v 195.079239 133.583405 -54.237228
v 195.209885 133.801346 -38.133461
v 195.209885 133.801346 -54.237228
v 195.361237 134.005432 -38.133461
v 195.361237 134.005432 -54.237228
v 195.531876 134.193710 -38.133461
v 195.531876 134.193710 -54.237228
v 195.720154 134.364349 -38.133461
v 195.720154 134.364349 -54.237228
v 195.924240 134.515717 -38.133461
v 195.924240 134.515717 -54.237228
v 196.142197 134.646347 -38.133461
v 196.142197 134.646347 -54.237228
v 196.371887 134.754990 -38.133461
v 196.371887 134.754990 -54.237228
v 196.611130 134.840591 -38.133461
v 196.611130 134.840591 -54.237228
v 196.857620 134.902328 -38.133461
v 196.857620 134.902328 -54.237228
v 197.108963 134.939621 -38.133461
v 197.108963 134.939621 -54.237228
v 197.362747 134.952087 -38.133461
v 197.362747 134.952087 -54.237228
v 201.810715 129.007309 -54.237228
v 201.810715 129.007309 -38.133461
v 201.784851 129.005615 -38.133461
v 201.784851 129.005615 -54.237228
v 201.759445 129.000565 -38.133461
v 201.759445 129.000565 -54.237228
v 201.734909 128.992233 -38.133461
v 201.734909 128.992233 -54.237228
v 201.711670 128.980774 -38.133461
v 201.711670 128.980774 -54.237228
v 201.690125 128.966370 -38.133461
v 201.690125 128.966370 -54.237228
v 201.670639 128.949295 -38.133461
v 201.670639 128.949295 -54.237228
v 201.653549 128.929810 -38.133461
v 201.653549 128.929810 -54.237228
v 201.639160 128.908264 -38.133461
v 201.639160 128.908264 -54.237228
v 201.627701 128.885025 -38.133461
v 201.627701 128.885025 -54.237228
v 201.619370 128.860489 -38.133461
v 201.619370 128.860489 -54.237228
v 201.614319 128.835068 -38.133461
v 201.614319 128.835068 -54.237228
v 201.612625 128.809219 -38.133461
v 201.612625 128.809219 -54.237228
v 206.617538 134.952087 -54.237228
v 206.617538 134.952087 -38.133461
v 206.791046 134.939667 -38.133461
v 206.791046 134.939667 -54.237228
v 206.961014 134.902710 -38.133461
v 206.961014 134.902710 -54.237228
v 207.123993 134.841919 -38.133461
v 207.123993 134.841919 -54.237228
v 207.276672 134.758545 -38.133461
v 207.276672 134.758545 -54.237228
v 207.415924 134.654297 -38.133461
v 207.415924 134.654297 -54.237228
v 207.538925 134.531296 -38.133461
v 207.538925 134.531296 -54.237228
v 207.643173 134.392044 -38.133461
v 207.643173 134.392044 -54.237228
v 207.726532 134.239380 -38.133461
v 207.726532 134.239380 -54.237228
v 207.787323 134.076385 -38.133461
v 207.787323 134.076385 -54.237228
v 207.824310 133.906418 -38.133461
v 207.824310 133.906418 -54.237228
v 207.836716 133.732910 -38.133461
v 207.836716 133.732910 -54.237228
v 201.612625 126.200203 -67.759422
v 201.612625 120.408775 -67.759422
v 201.612625 114.617348 -67.759422
v 201.612625 126.200203 -19.448114
v 201.612625 120.408775 -19.448114
v 201.612625 114.617348 -19.448114
v 201.612625 114.617348 -38.133461
v 201.612625 120.408775 -38.133461
v 201.612625 126.200203 -38.133461
v 201.612625 114.617348 -54.237228
v 201.612625 120.408775 -54.237228
v 201.612625 126.200203 -54.237228
v 194.773514 99.908356 -38.133461
v 194.773514 99.908356 -31.905014
v 201.612625 134.952087 -38.133461
v 201.612625 134.952087 -31.905014
v 207.836716 129.007309 -38.133461
v 207.836716 129.007309 -31.905014
v 201.612625 105.643501 -38.133461
v 201.612625 105.643501 -31.905014
v 201.612625 105.643501 -38.133461
v 201.612625 105.643501 -31.905014
v 194.773514 132.362854 -38.133461
v 194.773514 132.362854 -31.905014
v 201.810715 129.007309 -38.133461
v 201.810715 129.007309 -31.905014
v 206.617538 134.952087 -38.133461
v 206.617538 134.952087 -31.905014
v 201.675125 99.908356 -31.905014
v 201.675125 99.908356 -38.133461
v 208.514236 99.908356 -31.905014
v 208.514236 99.908356 -38.133461
v 194.773514 129.007309 -31.905014
v 194.773514 129.007309 -38.133461
v 194.773514 105.643501 -31.905014
v 194.773514 105.643501 -38.133461
v 201.640533 105.081360 -31.905014
v 201.640533 105.081360 -38.133461
v 201.724030 104.524628 -31.905014
v 201.724030 104.524628 -38.133461
v 201.862274 103.978676 -31.905014
v 201.862274 103.978676 -38.133461
v 202.053970 103.448753 -31.905014
v 202.053970 103.448753 -38.133461
v 202.297241 102.939972 -31.905014
v 202.297241 102.939972 -38.133461
v 202.589752 102.457222 -31.905014
v 202.589752 102.457222 -38.133461
v 202.928696 102.005165 -31.905014
v 202.928696 102.005165 -38.133461
v 203.310806 101.588142 -31.905014
v 203.310806 101.588142 -38.133461
v 203.732407 101.210175 -31.905014
v 203.732407 101.210175 -38.133461
v 204.189423 100.874901 -31.905014
v 204.189423 100.874901 -38.133461
v 204.677460 100.585556 -31.905014
v 204.677460 100.585556 -38.133461
v 205.191818 100.344917 -31.905014
v 205.191818 100.344917 -38.133461
v 205.727539 100.155312 -31.905014
v 205.727539 100.155312 -38.133461
v 206.279480 100.018555 -31.905014
v 206.279480 100.018555 -38.133461
v 206.842300 99.935974 -31.905014
v 206.842300 99.935974 -38.133461
v 207.410614 99.908356 -31.905014
v 207.410614 99.908356 -38.133461
v 194.785980 132.616638 -31.905014
v 194.785980 132.616638 -38.133461
v 194.823257 132.867981 -31.905014
v 194.823257 132.867981 -38.133461
v 194.885010 133.114456 -31.905014
v 194.885010 133.114456 -38.133461
v 194.970612 133.353699 -31.905014
v 194.970612 133.353699 -38.133461
v 195.079239 133.583405 -31.905014
v 195.079239 133.583405 -38.133461
v 195.209885 133.801346 -31.905014
v 195.209885 133.801346 -38.133461
v 195.361237 134.005432 -31.905014
v 195.361237 134.005432 -38.133461
v 195.531876 134.193710 -31.905014
v 195.531876 134.193710 -38.133461
v 195.720154 134.364349 -31.905014
v 195.720154 134.364349 -38.133461
v 195.924240 134.515717 -31.905014
v 195.924240 134.515717 -38.133461
v 196.142197 134.646347 -31.905014
v 196.142197 134.646347 -38.133461
v 196.371887 134.754990 -31.905014
v 196.371887 134.754990 -38.133461
v 196.611130 134.840591 -31.905014
v 196.611130 134.840591 -38.133461
v 196.857620 134.902328 -31.905014
v 196.857620 134.902328 -38.133461
v 197.108963 134.939621 -31.905014
v 197.108963 134.939621 -38.133461
v 197.362747 134.952087 -31.905014
v 197.362747 134.952087 -38.133461
v 201.784851 129.005615 -31.905014
v 201.784851 129.005615 -38.133461
v 201.759445 129.000565 -31.905014
v 201.759445 129.000565 -38.133461
v 201.734909 128.992233 -31.905014
v 201.734909 128.992233 -38.133461
v 201.711670 128.980774 -31.905014
v 201.711670 128.980774 -38.133461
v 201.690125 128.966370 -31.905014
v 201.690125 128.966370 -38.133461
v 201.670639 128.949295 -31.905014
v 201.670639 128.949295 -38.133461
v 201.653549 128.929810 -31.905014
v 201.653549 128.929810 -38.133461
v 201.639160 128.908264 -31.905014
v 201.639160 128.908264 -38.133461
v 201.627701 128.885025 -31.905014
v 201.627701 128.885025 -38.133461
v 201.619370 128.860489 -31.905014
v 201.619370 128.860489 -38.133461
v 201.614319 128.835068 -31.905014
v 201.614319 128.835068 -38.133461
v 201.612625 128.809219 -31.905014
v 201.612625 128.809219 -38.133461
v 206.791046 134.939667 -31.905014
v 206.791046 134.939667 -38.133461
v 206.961014 134.902710 -31.905014
v 206.961014 134.902710 -38.133461
v 207.123993 134.841919 -31.905014
v 207.123993 134.841919 -38.133461
v 207.276672 134.758545 -31.905014
v 207.276672 134.758545 -38.133461
v 207.415924 134.654297 -31.905014
v 207.415924 134.654297 -38.133461
v 207.538925 134.531296 -31.905014
v 207.538925 134.531296 -38.133461
v 207.643173 134.392044 -31.905014
v 207.643173 134.392044 -38.133461
v 207.726532 134.239380 -31.905014
v 207.726532 134.239380 -38.133461
v 207.787323 134.076385 -31.905014
v 207.787323 134.076385 -38.133461
v 207.824310 133.906418 -31.905014
v 207.824310 133.906418 -38.133461
v 207.836716 133.732910 -31.905014
v 207.836716 133.732910 -38.133461
v 201.612625 114.617348 -38.133461
v 201.612625 114.617348 -31.905014
v 201.612625 120.408775 -38.133461
v 201.612625 120.408775 -31.905014
v 201.612625 126.200203 -38.133461
v 201.612625 126.200203 -31.905014
v 201.675125 99.908356 -60.247093
v 201.675125 99.908356 -64.754486
v 208.514236 99.908356 -60.247093
v 208.514236 99.908356 -64.754486
v 194.773514 129.007309 -60.247093
v 194.773514 129.007309 -64.754486
v 194.773514 105.643501 -60.247093
v 194.773514 105.643501 -64.754486
v 201.640533 105.081360 -60.247093
v 201.640533 105.081360 -64.754486
v 201.724030 104.524628 -60.247093
v 201.724030 104.524628 -64.754486
v 201.862274 103.978676 -60.247093
v 201.862274 103.978676 -64.754486
v 202.053970 103.448753 -60.247093
v 202.053970 103.448753 -64.754486
v 202.297241 102.939972 -60.247093
v 202.297241 102.939972 -64.754486
v 202.589752 102.457222 -60.247093
v 202.589752 102.457222 -64.754486
v 202.928696 102.005165 -60.247093
v 202.928696 102.005165 -64.754486
v 203.310806 101.588142 -60.247093
v 203.310806 101.588142 -64.754486
v 203.732407 101.210175 -60.247093
v 203.732407 101.210175 -64.754486
v 204.189423 100.874901 -60.247093
v 204.189423 100.874901 -64.754486
v 204.677460 100.585556 -60.247093
v 204.677460 100.585556 -64.754486
v 205.191818 100.344917 -60.247093
v 205.191818 100.344917 -64.754486
v 205.727539 100.155312 -60.247093
v 205.727539 100.155312 -64.754486
v 206.279480 100.018555 -60.247093
v 206.279480 100.018555 -64.754486
v 206.842300 99.935974 -60.247093
v 206.842300 99.935974 -64.754486
v 207.410614 99.908356 -60.247093
v 207.410614 99.908356 -64.754486
v 194.785980 132.616638 -60.247093
v 194.785980 132.616638 -64.754486
v 194.823257 132.867981 -60.247093
v 194.823257 132.867981 -64.754486
v 194.885010 133.114456 -60.247093
v 194.885010 133.114456 -64.754486
v 194.970612 133.353699 -60.247093
v 194.970612 133.353699 -64.754486
v 195.079239 133.583405 -60.247093
v 195.079239 133.583405 -64.754486
v 195.209885 133.801346 -60.247093
v 195.209885 133.801346 -64.754486
v 195.361237 134.005432 -60.247093
v 195.361237 134.005432 -64.754486
v 195.531876 134.193710 -60.247093
v 195.531876 134.193710 -64.754486
v 195.720154 134.364349 -60.247093
v 195.720154 134.364349 -64.754486
v 195.924240 134.515717 -60.247093
v 195.924240 134.515717 -64.754486
v 196.142197 134.646347 -60.247093
v 196.142197 134.646347 -64.754486
v 196.371887 134.754990 -60.247093
v 196.371887 134.754990 -64.754486
v 196.611130 134.840591 -60.247093
v 196.611130 134.840591 -64.754486
v 196.857620 134.902328 -60.247093
v 196.857620 134.902328 -64.754486
v 197.108963 134.939621 -60.247093
v 197.108963 134.939621 -64.754486
v 197.362747 134.952087 -60.247093
v 197.362747 134.952087 -64.754486
v 201.784851 129.005615 -60.247093
v 201.784851 129.005615 -64.754486
v 201.759445 129.000565 -60.247093
v 201.759445 129.000565 -64.754486
v 201.734909 128.992233 -60.247093
v 201.734909 128.992233 -64.754486
v 201.711670 128.980774 -60.247093
v 201.711670 128.980774 -64.754486
v 201.690125 128.966370 -60.247093
v 201.690125 128.966370 -64.754486
v 201.670639 128.949295 -60.247093
v 201.670639 128.949295 -64.754486
v 201.653549 128.929810 -60.247093
v 201.653549 128.929810 -64.754486
v 201.639160 128.908264 -60.247093
v 201.639160 128.908264 -64.754486
v 201.627701 128.885025 -60.247093
v 201.627701 128.885025 -64.754486
v 201.619370 128.860489 -60.247093
v 201.619370 128.860489 -64.754486
v 201.614319 128.835068 -60.247093
v 201.614319 128.835068 -64.754486
v 201.612625 128.809219 -60.247093
v 201.612625 128.809219 -64.754486
v 206.791046 134.939667 -60.247093
v 206.791046 134.939667 -64.754486
v 206.961014 134.902710 -60.247093
v 206.961014 134.902710 -64.754486
v 207.123993 134.841919 -60.247093
v 207.123993 134.841919 -64.754486
v 207.276672 134.758545 -60.247093
v 207.276672 134.758545 -64.754486
v 207.415924 134.654297 -60.247093
v 207.415924 134.654297 -64.754486
v 207.538925 134.531296 -60.247093
v 207.538925 134.531296 -64.754486
v 207.643173 134.392044 -60.247093
v 207.643173 134.392044 -64.754486
v 207.726532 134.239380 -60.247093
v 207.726532 134.239380 -64.754486
v 207.787323 134.076385 -60.247093
v 207.787323 134.076385 -64.754486
v 207.824310 133.906418 -60.247093
v 207.824310 133.906418 -64.754486
v 207.836716 133.732910 -60.247093
v 207.836716 133.732910 -64.754486
v 194.773514 99.908356 -64.754486
v 194.773514 99.908356 -60.247093
v 201.612625 134.952087 -64.754486
v 201.612625 134.952087 -60.247093
v 207.836716 129.007309 -64.754486
v 207.836716 129.007309 -60.247093
v 201.612625 105.643501 -64.754486
v 201.612625 105.643501 -60.247093
v 201.612625 105.643501 -64.754486
v 201.612625 105.643501 -60.247093
v 194.773514 132.362854 -64.754486
v 194.773514 132.362854 -60.247093
v 201.810715 129.007309 -64.754486
v 201.810715 129.007309 -60.247093
v 206.617538 134.952087 -64.754486
v 206.617538 134.952087 -60.247093
v 201.612625 114.617348 -64.754486
v 201.612625 114.617348 -60.247093
v 201.612625 120.408775 -64.754486
v 201.612625 120.408775 -60.247093
v 201.612625 126.200203 -64.754486
v 201.612625 126.200203 -60.247093
vn -0.0000 -1.0000 -0.0000
vn -1.0000 -0.0000 -0.0000
vn -0.0000 -0.0000 1.0000
vn -0.0000 -0.0000 -1.0000
vn 0.9988 0.0496 -0.0000
vn 0.9951 0.0991 -0.0000
vn 0.9804 0.1971 -0.0000
vn 0.9561 0.2932 -0.0000
vn 0.9224 0.3862 -0.0000
vn 0.8798 0.4754 -0.0000
vn 0.8287 0.5597 -0.0000
vn 0.7696 0.6385 -0.0000
vn 0.7033 0.7109 -0.0000
vn 0.6303 0.7764 -0.0000
vn 0.5514 0.8342 -0.0000
vn 0.4674 0.8840 -0.0000
vn 0.3792 0.9253 -0.0000
vn 0.2874 0.9578 -0.0000
vn 0.1931 0.9812 -0.0000
vn 0.0970 0.9953 -0.0000
vn 0.0121 0.9999 -0.0000
vn 0.0243 0.9997 -0.0000
vn -0.0000 1.0000 -0.0000
vn -0.9997 0.0245 -0.0000
vn -0.9952 0.0980 -0.0000
vn -0.9808 0.1951 -0.0000
vn -0.9569 0.2903 -0.0000
vn -0.9239 0.3827 -0.0000
vn -0.8819 0.4714 -0.0000
vn -0.8315 0.5556 -0.0000
vn -0.7730 0.6344 -0.0000
vn -0.7071 0.7071 -0.0000
vn -0.6344 0.7730 -0.0000
vn -0.5556 0.8315 -0.0000
vn -0.4714 0.8819 -0.0000
vn -0.3827 0.9239 -0.0000
vn -0.2903 0.9569 -0.0000
vn -0.1951 0.9808 -0.0000
vn -0.0980 0.9952 -0.0000
vn -0.0246 0.9997 -0.0000
vn 0.0327 -0.9995 -0.0000
vn 0.1305 -0.9914 -0.0000
vn 0.2588 -0.9659 -0.0000
vn 0.3827 -0.9239 -0.0000
vn 0.3826 -0.9239 -0.0000
vn 0.5000 -0.8660 -0.0000
vn 0.6088 -0.7934 -0.0000
vn 0.7071 -0.7071 -0.0000
vn 0.7934 -0.6087 -0.0000
vn 0.8660 -0.5000 -0.0000
vn 0.9239 -0.3827 -0.0000
vn 0.9659 -0.2588 -0.0000
vn 0.9914 -0.1305 -0.0000
vn 0.9995 -0.0327 -0.0000
vn 1.0000 -0.0000 -0.0000
vn 0.0357 0.9994 -0.0000
vn 0.1423 0.9898 -0.0000
vn 0.2817 0.9595 -0.0000
vn 0.4154 0.9096 -0.0000
vn 0.5406 0.8413 -0.0000
vn 0.6549 0.7557 -0.0000
vn 0.7558 0.6549 -0.0000
vn 0.8413 0.5406 -0.0000
vn 0.9096 0.4154 -0.0000
vn 0.9595 0.2817 -0.0000
vn 0.9898 0.1423 -0.0000
vn 0.9994 0.0357 -0.0000
vn 0.7071 0.7071 -0.0000
vn 0.0238 0.9997 -0.0000
vn 0.9959 0.0906 -0.0000
vn 0.9586 0.2849 -0.0000
vn 0.8707 0.4918 -0.0000
vn 0.8230 0.5680 -0.0000
vn 0.7557 0.6549 -0.0000
vn 0.7079 0.7063 -0.0000
vn 0.6549 0.7558 -0.0000
vn 0.5638 0.8259 -0.0000
vn 0.6980 0.7161 -0.0000
vn 0.6032 0.7976 -0.0000
vn 0.2512 0.9679 -0.0000
vn 0.1136 0.9935 -0.0000
vn 0.9991 -0.0435 -0.0000
vn 0.9967 -0.0816 -0.0000
vn 0.9915 -0.1304 -0.0000
vn 0.9464 -0.3229 -0.0000
vn 0.8613 -0.5081 -0.0000
vn 0.7934 -0.6088 -0.0000
vn 0.7630 -0.6464 -0.0000
vn 0.8033 -0.5956 -0.0000
vn 0.6088 -0.7933 -0.0000
vn 0.7367 -0.6762 -0.0000
vn 0.4661 -0.8847 -0.0000
vn 0.3632 -0.9317 -0.0000
vn 0.2495 -0.9684 -0.0000
vn 0.1485 -0.9889 -0.0000
vn -0.0245 0.9997 -0.0000
vn -0.0195 0.9998 -0.0000
vn -0.0778 0.9970 -0.0000
vn -0.1546 0.9880 -0.0000
vn -0.2297 0.9733 -0.0000
vn -0.3542 0.9352 -0.0000
vn -0.4779 0.8784 -0.0000
vn -0.5511 0.8345 -0.0000
vn -0.6162 0.7876 -0.0000
vn -0.6739 0.7389 -0.0000
vn -0.8457 0.5337 -0.0000
vn -0.9570 0.2901 -0.0000
vn -0.9370 0.3492 -0.0000
vn -0.9163 0.4004 -0.0000
vn -0.9680 0.2509 -0.0000
vn -0.9979 0.0654 -0.0000
vn 0.0201 0.9998 -0.0000
vn 0.3796 0.9252 -0.0000
vn 0.7727 0.6348 -0.0000
vn 0.5263 0.8503 -0.0000
vn 0.5724 0.8200 -0.0000
vn 0.8568 0.5157 -0.0000
vn 0.7416 0.6708 -0.0000
vn 0.6335 0.7738 -0.0000
vn 0.6904 0.7235 -0.0000
vn 0.8510 0.5251 -0.0000
vn 0.8855 0.4646 -0.0000
vn 0.8220 0.5695 -0.0000
vn 0.8914 0.4531 -0.0000
vn 0.9699 0.2434 -0.0000
vn 0.9892 0.1466 -0.0000
vn 0.9916 0.1296 -0.0000
vn -0.0000 -0.0000 -0.0000
vt 0.511787 0.510478
vt 0.516749 0.506151
vt 0.527634 0.514994
vt 0.522665 0.519178
vt 0.531559 0.167346
vt 0.531721 0.167210
vt 0.532059 0.167485
vt 0.531898 0.167616
vt 0.223948 0.084243
vt 0.294067 0.084339
vt 0.291183 0.188754
vt 0.221884 0.189035
vt 0.224462 0.058139
vt 0.294785 0.058330
vt 0.582172 0.086387
vt 0.577594 0.086387
vt 0.549235 0.086387
vt 0.574542 0.086387
vt 0.561720 0.094911
vt 0.561486 0.094957
vt 0.557286 0.094863
vt 0.561260 0.095021
vt 0.561042 0.095102
vt 0.560836 0.095200
vt 0.560643 0.095313
vt 0.560464 0.095441
vt 0.560303 0.095583
vt 0.560160 0.095736
vt 0.560036 0.095900
vt 0.559933 0.096072
vt 0.559852 0.096252
vt 0.559794 0.096437
vt 0.559759 0.096626
vt 0.559747 0.096817
vt 0.556825 0.096758
vt 0.556813 0.096566
vt 0.559303 0.094797
vt 0.556777 0.096375
vt 0.556718 0.096189
vt 0.556636 0.096008
vt 0.556532 0.095834
vt 0.556407 0.095669
vt 0.556262 0.095514
vt 0.556099 0.095371
vt 0.555919 0.095242
vt 0.555724 0.095127
vt 0.555515 0.095029
vt 0.555295 0.094946
vt 0.555066 0.094881
vt 0.554830 0.094835
vt 0.561188 0.099815
vt 0.561169 0.099825
vt 0.561580 0.099070
vt 0.318873 0.359047
vt 0.318375 0.359743
vt 0.329849 0.338889
vt 0.521015 0.157268
vt 0.518535 0.157282
vt 0.518535 0.157192
vt 0.521015 0.157179
vt 0.518531 0.157103
vt 0.521012 0.157088
vt 0.518523 0.157013
vt 0.521006 0.156998
vt 0.518511 0.156925
vt 0.520998 0.156910
vt 0.518495 0.156838
vt 0.520987 0.156822
vt 0.518476 0.156754
vt 0.520973 0.156737
vt 0.518453 0.156673
vt 0.520957 0.156656
vt 0.518426 0.156595
vt 0.520939 0.156578
vt 0.518396 0.156523
vt 0.520918 0.156505
vt 0.518364 0.156455
vt 0.520895 0.156437
vt 0.518328 0.156393
vt 0.520870 0.156375
vt 0.518290 0.156338
vt 0.520844 0.156320
vt 0.518250 0.156290
vt 0.520816 0.156271
vt 0.518208 0.156250
vt 0.520787 0.156231
vt 0.518164 0.156218
vt 0.520756 0.156198
vt 0.518120 0.156194
vt 0.520725 0.156174
vt 0.202800 0.277098
vt 0.531844 0.167574
vt 0.532005 0.167441
vt 0.000000 0.000000
vt 1.000000 0.000000
vt 0.880069 0.000000
vt 0.556844 0.094862
vt 0.556850 0.096813
vt 1.000000 1.000000
vt 0.000000 1.000000
vt 0.100568 1.000000
vt 0.893394 1.000000
vt 0.559748 0.094797
vt 0.559748 0.096758
vt 0.221591 0.203885
vt 0.290774 0.203551
vt 0.290716 0.204659
vt 0.221549 0.204996
vt 0.290605 0.205736
vt 0.221467 0.206077
vt 0.290441 0.206771
vt 0.221346 0.207116
vt 0.290226 0.207755
vt 0.221188 0.208103
vt 0.289963 0.208677
vt 0.220993 0.209028
vt 0.289654 0.209528
vt 0.220765 0.209882
vt 0.052337 0.197845
vt 0.041913 0.198235
vt 0.040712 0.198150
vt 0.051585 0.197741
vt 0.039485 0.198042
vt 0.050816 0.197613
vt 0.038250 0.197911
vt 0.050044 0.197462
vt 0.037034 0.197756
vt 0.049283 0.197287
vt 0.035864 0.197580
vt 0.048551 0.197090
vt 0.034773 0.197382
vt 0.047800 0.196875
vt 0.342023 0.918798
vt 0.321922 0.919583
vt 0.320429 0.919254
vt 0.340998 0.918445
vt 0.047257 0.196638
vt 0.033796 0.197167
vt 0.032969 0.196938
vt 0.046738 0.196392
vt 0.340205 0.918069
vt 0.319164 0.918904
vt 0.318176 0.918540
vt 0.339583 0.917683
vt 0.317506 0.918173
vt 0.339107 0.917302
vt 0.000000 0.257846
vt 0.000000 0.257846
vt 0.200538 0.490542
vt 0.200833 0.490527
vt 0.201123 0.490480
vt 0.201403 0.490404
vt 0.201669 0.490300
vt 0.201915 0.490168
vt 0.202137 0.490012
vt 0.202332 0.489834
vt 0.202497 0.489637
vt 0.202628 0.489425
vt 0.202723 0.489201
vt 0.202780 0.488968
vt 0.202800 0.488732
vt 0.205062 0.490542
vt 0.202800 0.492352
vt 0.316251 0.525493
vt 0.317300 0.531831
vt 0.317111 0.531822
vt 0.316072 0.525484
vt 0.559070 0.162796
vt 0.559070 0.182192
vt 0.556825 0.104814
vt 0.556910 0.104746
vt 0.559748 0.104746
vt 0.559748 0.105893
vt 0.559743 0.105980
vt 0.559727 0.106066
vt 0.559700 0.106150
vt 0.559664 0.106232
vt 0.559617 0.106311
vt 0.559561 0.106385
vt 0.559497 0.106455
vt 0.559424 0.106519
vt 0.559343 0.106578
vt 0.559256 0.106630
vt 0.559163 0.106674
vt 0.559065 0.106711
vt 0.558962 0.106741
vt 0.558857 0.106762
vt 0.558750 0.106774
vt 0.558641 0.106779
vt 0.556825 0.106779
vt 0.313485 0.508779
vt 0.313232 0.507250
vt 0.346300 0.507173
vt 0.347231 0.508698
vt 0.556825 0.104678
vt 0.556825 0.103786
vt 0.556825 0.101806
vt 0.556825 0.099826
vt 0.500627 0.136481
vt 0.500116 0.136481
vt 0.500116 0.135694
vt 0.500627 0.135694
vt 0.556876 0.104700
vt 0.559755 0.104758
vt 0.559757 0.106679
vt 0.557972 0.106687
vt 0.557865 0.106683
vt 0.557759 0.106671
vt 0.557656 0.106651
vt 0.557555 0.106622
vt 0.557458 0.106587
vt 0.557366 0.106543
vt 0.557280 0.106493
vt 0.557201 0.106436
vt 0.557129 0.106374
vt 0.557065 0.106306
vt 0.557010 0.106233
vt 0.556964 0.106156
vt 0.556927 0.106076
vt 0.556901 0.105994
vt 0.556885 0.105910
vt 0.556880 0.105825
vt 0.559750 0.099842
vt 0.559752 0.101794
vt 0.559754 0.103746
vt 0.559755 0.104625
vt 0.559755 0.104634
vt 0.559758 0.104642
vt 0.559761 0.104650
vt 0.559766 0.104658
vt 0.559772 0.104665
vt 0.559779 0.104672
vt 0.559787 0.104677
vt 0.559796 0.104682
vt 0.559806 0.104686
vt 0.559816 0.104689
vt 0.559827 0.104690
vt 0.559838 0.104691
vt 0.000000 0.257846
vt 0.553240 0.657196
vt 0.551944 0.657196
vt 0.551944 0.653573
vt 0.553240 0.653573
vt 0.556740 0.104746
vt 0.554686 0.106779
vt 0.554612 0.106775
vt 0.554539 0.106762
vt 0.554469 0.106741
vt 0.554404 0.106713
vt 0.554345 0.106677
vt 0.554292 0.106635
vt 0.554247 0.106587
vt 0.554212 0.106535
vt 0.554186 0.106479
vt 0.554170 0.106421
vt 0.554165 0.106362
vt 0.554165 0.104746
vt 0.562367 0.104683
vt 0.562365 0.106261
vt 0.562360 0.106319
vt 0.562344 0.106376
vt 0.562319 0.106431
vt 0.562284 0.106482
vt 0.562240 0.106528
vt 0.562189 0.106569
vt 0.562130 0.106604
vt 0.562066 0.106633
vt 0.561998 0.106653
vt 0.561927 0.106666
vt 0.561854 0.106670
vt 0.564722 0.657196
vt 0.564722 0.653573
vt 0.538496 0.703952
vt 1.019654 0.703952
vt 1.019654 0.954964
vt 0.538496 0.954964
vt 0.000000 0.844502
vt 0.000000 0.720103
vt 0.000000 0.386770
vt 0.000000 0.720103
vt 0.000000 0.386770
vt 0.000000 0.844502
vt 0.000000 0.386770
vt 0.000000 0.844502
vt 0.000000 0.844502
vt 0.347633 0.208527
vt 0.347633 0.234040
vt 0.307681 0.199924
vt 0.441676 0.199924
vt 0.441676 0.238518
vt 0.307681 0.238518
vt 0.315727 0.522324
vt 0.355475 0.522209
vt 0.355641 0.522208
vt 0.535321 0.142902
vt 0.535423 0.143518
vt 0.532706 0.143525
vt 0.532331 0.142911
vt 0.559070 0.118667
vt 0.559070 0.128025
vt 0.559070 0.153099
vt 0.535461 0.143748
vt 0.535434 0.143519
vt 0.535472 0.143749
vt 0.535333 0.142903
vt 0.064213 0.189675
vt 0.097647 0.189540
vt 0.097562 0.204483
vt 0.064185 0.204644
vt 0.187234 0.189176
vt 0.186999 0.204052
vt 0.388290 0.915733
vt 0.377962 0.916146
vt 0.377958 0.915732
vt 0.388402 0.915310
vt 0.350287 0.917254
vt 0.349965 0.916863
vt 0.388077 0.916169
vt 0.377926 0.916572
vt 0.350725 0.917651
vt 0.077882 0.195434
vt 0.071388 0.195689
vt 0.071423 0.195412
vt 0.078066 0.195149
vt 0.053987 0.196373
vt 0.053622 0.196118
vt 0.387485 0.917028
vt 0.377804 0.917405
vt 0.377873 0.916995
vt 0.387797 0.916605
vt 0.351935 0.918413
vt 0.351282 0.918041
vt 0.077417 0.195975
vt 0.071296 0.196211
vt 0.071343 0.195958
vt 0.077644 0.195712
vt 0.054895 0.196845
vt 0.054414 0.196617
vt 0.077152 0.196219
vt 0.071243 0.196445
vt 0.055407 0.197052
vt 0.076877 0.196441
vt 0.071188 0.196657
vt 0.055941 0.197237
vt 0.076599 0.196639
vt 0.071132 0.196845
vt 0.056482 0.197399
vt 0.076322 0.196811
vt 0.071077 0.197008
vt 0.057021 0.197537
vt 0.076052 0.196958
vt 0.071023 0.197146
vt 0.057548 0.197651
vt 0.064072 0.209827
vt 0.097347 0.209658
vt 0.097263 0.210516
vt 0.064027 0.210687
vt 0.186508 0.209204
vt 0.186320 0.210059
vt 0.064110 0.208895
vt 0.097418 0.208727
vt 0.186668 0.208277
vt 0.064141 0.207901
vt 0.097476 0.207735
vt 0.186799 0.207289
vt 0.064164 0.206854
vt 0.097519 0.206689
vt 0.186898 0.206248
vt 0.064178 0.205764
vt 0.097548 0.205601
vt 0.186965 0.205165
vt 0.229055 0.174722
vt 0.227468 0.173543
vt 0.522028 0.156164
vt 0.521977 0.156126
vt 0.525382 0.156100
vt 0.525397 0.156139
vt 0.236043 0.208525
vt 0.236043 0.208522
vt 0.334818 0.207992
vt 0.334818 0.207990
vt 0.526654 0.156153
vt 0.525403 0.156163
vt 0.526654 0.156129
vt 0.522052 0.156188
vt 0.526654 0.156186
vt 0.525410 0.156196
vt 0.522076 0.156221
vt 0.526654 0.156228
vt 0.525416 0.156237
vt 0.522099 0.156262
vt 0.526655 0.156277
vt 0.525422 0.156286
vt 0.522121 0.156310
vt 0.526655 0.156333
vt 0.525428 0.156342
vt 0.522142 0.156366
vt 0.526655 0.156396
vt 0.525434 0.156405
vt 0.522161 0.156428
vt 0.526655 0.156465
vt 0.525439 0.156473
vt 0.522179 0.156496
vt 0.526656 0.156539
vt 0.525443 0.156547
vt 0.522195 0.156570
vt 0.526656 0.156618
vt 0.525447 0.156626
vt 0.522210 0.156648
vt 0.526656 0.156701
vt 0.525451 0.156708
vt 0.522222 0.156729
vt 0.526657 0.156786
vt 0.525454 0.156794
vt 0.522233 0.156814
vt 0.526657 0.156875
vt 0.525457 0.156882
vt 0.522242 0.156902
vt 0.526657 0.156965
vt 0.525459 0.156972
vt 0.522248 0.156991
vt 0.526657 0.157056
vt 0.525460 0.157063
vt 0.522253 0.157081
vt 0.526658 0.157147
vt 0.525461 0.157154
vt 0.522255 0.157172
vt 0.526658 0.157238
vt 0.525461 0.157244
vt 0.522255 0.157262
vt 0.064464 0.057704
vt 0.098391 0.057796
vt 0.098243 0.084071
vt 0.064414 0.084025
vt 0.189301 0.058043
vt 0.188889 0.084195
vt 0.480679 0.554535
vt 0.480679 0.554535
vt 0.491036 0.561769
vt 0.491032 0.561746
vt 0.530196 0.168494
vt 0.530995 0.167821
vt 0.531333 0.168077
vt 0.530532 0.168728
vt 0.469898 0.547005
vt 0.494420 0.525622
vt 0.505271 0.533826
vt 0.525877 0.150737
vt 0.528753 0.150737
vt 0.528753 0.153585
vt 0.525877 0.153585
vt 0.307681 0.028586
vt 0.441676 0.028586
vt 0.441676 0.114255
vt 0.307681 0.114255
vt 0.347633 0.007513
vt 0.347633 0.095264
vt 0.347633 0.151896
vt 0.500728 0.137851
vt 0.500716 0.137851
vt 0.500716 0.137788
vt 0.500728 0.137788
vt 0.500627 0.139978
vt 0.500116 0.139978
vt 0.500116 0.138230
vt 0.500627 0.138230
vt 0.508320 0.138230
vt 0.506204 0.138230
vt 0.506204 0.136481
vt 0.508320 0.136481
vt 0.255856 0.114255
vt 0.255856 0.199924
vt 0.508320 0.139978
vt 0.506204 0.139978
vt 0.255856 0.028586
vt 0.522541 0.150737
vt 0.524765 0.150737
vt 0.524765 0.153585
vt 0.522541 0.153585
vt 0.565849 0.107707
vt 0.566497 0.107142
vt 0.566899 0.107415
vt 0.566248 0.107963
vt 0.461240 0.554555
vt 0.471983 0.561858
vt 0.529349 0.169207
vt 0.529914 0.168731
vt 0.530249 0.168958
vt 0.529683 0.169421
vt 0.482306 0.568853
vt 0.280878 0.278675
vt 0.197840 0.208731
vt 0.108649 0.175645
vt 0.105932 0.174484
vt 0.186848 0.173859
vt 0.188919 0.175030
vt 0.520658 0.156136
vt 0.535202 0.142187
vt 0.535281 0.142664
vt 0.532186 0.142673
vt 0.531895 0.142197
vt 0.532318 0.142911
vt 0.506204 0.135694
vt 0.508320 0.135694
vt 0.255856 0.238518
vt 0.572781 0.657196
vt 0.567408 0.657196
vt 0.567408 0.653573
vt 0.572781 0.653573
vt 0.000000 0.386770
vt 0.000000 0.386770
vt 0.559070 0.153098
vt 0.315555 0.522315
vt 0.535295 0.142664
vt 0.186999 0.204052
vt 0.352027 0.918409
vt 0.054347 0.196620
vt 0.056482 0.197399
vt 0.057021 0.197537
vt 0.186668 0.208277
vt 0.186898 0.206248
vt 0.186965 0.205165
vt 0.229801 0.175461
vt 0.230530 0.176466
vt 0.190808 0.176766
vt 0.189875 0.175765
vt 0.231234 0.177722
vt 0.231234 0.177722
vt 0.191709 0.178017
vt 0.231908 0.179216
vt 0.231908 0.179216
vt 0.192571 0.179505
vt 0.232546 0.180929
vt 0.232546 0.180929
vt 0.193386 0.181213
vt 0.233143 0.182845
vt 0.194149 0.183122
vt 0.233693 0.184943
vt 0.194852 0.185214
vt 0.234194 0.187204
vt 0.234194 0.187204
vt 0.195491 0.187468
vt 0.234641 0.189606
vt 0.196061 0.189863
vt 0.235030 0.192128
vt 0.235030 0.192128
vt 0.196558 0.192378
vt 0.235360 0.194748
vt 0.196977 0.194990
vt 0.235627 0.197443
vt 0.197317 0.197678
vt 0.235830 0.200191
vt 0.235830 0.200191
vt 0.197575 0.200419
vt 0.235968 0.202969
vt 0.197748 0.203189
vt 0.236039 0.205755
vt 0.236039 0.205755
vt 0.197837 0.205968
vt 0.188889 0.084195
vt 0.491683 0.114255
vt 0.491683 0.199924
vt 0.501392 0.138230
vt 0.501392 0.136481
vt 0.491683 0.028586
vt 0.501392 0.139978
vt 0.500770 0.137851
vt 0.500746 0.137851
vt 0.500746 0.137788
vt 0.500770 0.137788
vt 0.022128 0.083967
vt 0.039043 0.083990
vt 0.039138 0.189777
vt 0.022421 0.189845
vt 0.022055 0.057589
vt 0.039019 0.057635
vt 0.528154 0.157230
vt 0.527556 0.157233
vt 0.527555 0.157142
vt 0.528153 0.157139
vt 0.527555 0.157051
vt 0.528154 0.157047
vt 0.527556 0.156960
vt 0.528155 0.156956
vt 0.527557 0.156869
vt 0.528157 0.156866
vt 0.527558 0.156781
vt 0.528159 0.156777
vt 0.527560 0.156695
vt 0.528162 0.156691
vt 0.527562 0.156612
vt 0.528166 0.156608
vt 0.527565 0.156533
vt 0.528171 0.156529
vt 0.527568 0.156459
vt 0.528176 0.156454
vt 0.527571 0.156390
vt 0.528182 0.156385
vt 0.527575 0.156326
vt 0.528188 0.156322
vt 0.527579 0.156270
vt 0.528195 0.156265
vt 0.527583 0.156221
vt 0.528202 0.156216
vt 0.527587 0.156179
vt 0.528209 0.156175
vt 0.527592 0.156146
vt 0.528217 0.156141
vt 0.527597 0.156122
vt 0.528225 0.156117
vt 0.022462 0.204846
vt 0.039151 0.204765
vt 0.039151 0.205887
vt 0.022466 0.205968
vt 0.039147 0.206977
vt 0.022469 0.207060
vt 0.039140 0.208026
vt 0.022472 0.208109
vt 0.039130 0.209021
vt 0.022476 0.209106
vt 0.039116 0.209954
vt 0.022479 0.210039
vt 0.039100 0.210815
vt 0.022482 0.210900
vt 0.082338 0.196723
vt 0.079824 0.196817
vt 0.080256 0.196663
vt 0.082879 0.196565
vt 0.080699 0.196484
vt 0.083432 0.196380
vt 0.081145 0.196278
vt 0.083990 0.196170
vt 0.081585 0.196049
vt 0.084540 0.195936
vt 0.082008 0.195797
vt 0.085068 0.195679
vt 0.082383 0.195528
vt 0.085561 0.195404
vt 0.399530 0.916559
vt 0.394727 0.916746
vt 0.395239 0.916313
vt 0.400201 0.916118
vt 0.086000 0.195115
vt 0.082753 0.195242
vt 0.083048 0.194951
vt 0.086370 0.194819
vt 0.400766 0.915666
vt 0.395690 0.915867
vt 0.396036 0.915423
vt 0.401201 0.915216
vt 0.396245 0.914993
vt 0.401485 0.914781
vt 0.000000 0.937801
vt 0.313339 0.508772
vt 0.313090 0.507243
vt 0.535489 0.143921
vt 0.535500 0.143921
vt 0.559070 0.111649
vt 0.000000 0.937801
vt 0.000000 0.937801
vt 0.557776 0.657196
vt 0.555184 0.657196
vt 0.555184 0.653573
vt 0.557776 0.653573
vt 0.491683 0.238518
vt 0.501392 0.135694
vt 0.532846 0.143755
vt 0.532951 0.143927
vt 0.531279 0.168036
vt 0.531655 0.167814
vt 0.531602 0.167772
vt 0.371681 0.207794
vt 0.371680 0.207793
vt 0.399327 0.207645
vt 0.399327 0.207644
vt 0.531317 0.167550
vt 0.504344 0.516968
vt 0.515210 0.525456
s 1
usemtl Material.010
f 1913/1375/858 1372/1376/858 1373/1377/858 1796/1378/858
f 1796/1379/858 1373/1380/858 1375/1381/858 1798/1382/858
f 1677/1383/859 1385/1384/859 1379/1385/859 1675/1386/859
f 1656/1387/859 1370/1388/859 1385/1384/859 1677/1383/859
f 1386/1389/860 1389/1390/860 1388/1391/860
f 1389/1390/860 1390/1392/860 1388/1391/860
f 1390/1393/860 1391/1394/860 1388/1395/860
f 1391/1394/860 1392/1396/860 1388/1395/860
f 1392/1396/860 1393/1397/860 1388/1395/860
f 1393/1397/860 1394/1398/860 1388/1395/860
f 1394/1398/860 1395/1399/860 1388/1395/860
f 1395/1399/860 1396/1400/860 1388/1395/860
f 1396/1400/860 1397/1401/860 1388/1395/860
f 1397/1401/860 1398/1402/860 1388/1395/860
f 1398/1402/860 1399/1403/860 1388/1395/860
f 1399/1403/860 1400/1404/860 1388/1395/860
f 1400/1404/860 1401/1405/860 1388/1395/860
f 1401/1405/860 1402/1406/860 1388/1395/860
f 1402/1406/860 1403/1407/860 1388/1395/860
f 1403/1407/860 1387/1408/860 1388/1395/860
f 1404/1409/861 1407/1410/861 1406/1411/861
f 1407/1410/861 1408/1412/861 1406/1411/861
f 1408/1412/861 1409/1413/861 1406/1411/861
f 1409/1413/861 1410/1414/861 1406/1411/861
f 1410/1414/861 1411/1415/861 1406/1411/861
f 1411/1415/861 1412/1416/861 1406/1411/861
f 1412/1416/861 1413/1417/861 1406/1411/861
f 1413/1417/861 1414/1418/861 1406/1411/861
f 1414/1418/861 1415/1419/861 1406/1411/861
f 1415/1419/861 1416/1420/861 1406/1411/861
f 1416/1420/861 1417/1421/861 1406/1411/861
f 1417/1421/861 1418/1422/861 1406/1411/861
f 1418/1422/861 1419/1423/861 1406/1411/861
f 1419/1423/861 1420/1424/861 1406/1411/861
f 1420/1425/861 1421/1426/861 1406/1427/861
f 1421/1428/861 1405/1429/861 1406/1430/861
f 1664/1431/862 1387/1432/862 1403/1433/863 1679/1434/863
f 1679/1434/863 1403/1433/863 1402/1435/864 1681/1436/864
f 1681/1436/864 1402/1435/864 1401/1437/865 1683/1438/865
f 1683/1438/865 1401/1437/865 1400/1439/866 1685/1440/866
f 1685/1440/866 1400/1439/866 1399/1441/867 1687/1442/867
f 1687/1442/867 1399/1441/867 1398/1443/868 1689/1444/868
f 1689/1444/868 1398/1443/868 1397/1445/869 1691/1446/869
f 1691/1446/869 1397/1445/869 1396/1447/870 1693/1448/870
f 1693/1448/870 1396/1447/870 1395/1449/871 1695/1450/871
f 1695/1450/871 1395/1449/871 1394/1451/872 1697/1452/872
f 1697/1452/872 1394/1451/872 1393/1453/873 1699/1454/873
f 1699/1454/873 1393/1453/873 1392/1455/874 1701/1456/874
f 1701/1456/874 1392/1455/874 1391/1457/875 1703/1458/875
f 1703/1458/875 1391/1457/875 1390/1459/876 1705/1460/876
f 1705/1460/876 1390/1459/876 1389/1461/877 1707/1462/877
f 1707/1462/877 1389/1461/877 1386/1463/878 1709/1464/879
f 1921/1465/880 1404/1465/880 1382/1465/880 1919/1465/880
f 1834/1466/879 1798/1382/880 1375/1381/880 1405/1467/878
f 1370/1468/880 1371/1469/880 1374/1469/880 1386/1470/878 1388/1468/880
f 1370/1471/860 1388/1395/860 1387/1408/860 1383/1408/860 1385/1472/860
f 1373/1473/880 1372/1474/880 1406/1475/880 1405/1476/878 1375/1473/880
f 1404/1409/861 1406/1411/861 1372/1477/861 1384/1478/861 1382/1409/861
f 1666/1479/881 1440/1480/881 1455/1481/882 1711/1482/882
f 1711/1482/882 1455/1481/882 1454/1483/883 1713/1484/883
f 1713/1484/883 1454/1483/883 1453/1485/884 1715/1486/884
f 1715/1486/884 1453/1485/884 1452/1487/885 1717/1488/885
f 1717/1488/885 1452/1487/885 1451/1489/886 1719/1490/886
f 1719/1490/886 1451/1489/886 1450/1491/887 1721/1492/887
f 1721/1493/887 1450/1494/887 1449/1495/888 1723/1496/888
f 1723/1496/888 1449/1495/888 1448/1497/889 1725/1498/889
f 1725/1498/889 1448/1497/889 1447/1499/890 1727/1500/890
f 1727/1500/890 1447/1499/890 1446/1501/891 1729/1502/891
f 1729/1502/891 1446/1501/891 1445/1503/892 1731/1504/892
f 1731/1504/892 1445/1503/892 1444/1505/893 1733/1506/893
f 1733/1507/893 1444/1508/893 1443/1509/894 1735/1510/894
f 1735/1511/894 1443/1512/894 1442/1513/895 1737/1514/895
f 1737/1515/895 1442/1516/895 1441/1517/896 1739/1518/896
f 1739/1518/896 1441/1517/896 1439/1519/897 1741/1520/897
f 1675/1386/859 1379/1385/859 1440/1480/881 1666/1479/881
f 1741/1521/897 1439/1468/897 1377/1468/880 1658/1522/880
f 1456/1523/861 1460/1524/861 1461/1525/861 1462/1526/861 1463/1527/861 1464/1528/861 1465/1529/861 1466/1530/861 1467/1531/861 1468/1532/861 1469/1533/861 1470/1534/861 1457/1535/861 1458/1536/861 1459/1537/861
f 1668/1538/898 1472/1539/898 1484/1540/899 1743/1541/899
f 1743/1542/899 1484/1543/899 1483/1543/900 1745/1542/900
f 1745/1542/900 1483/1543/900 1482/1543/901 1747/1542/902
f 1747/1542/902 1482/1543/901 1481/1543/903 1749/1542/903
f 1749/1542/903 1481/1543/903 1480/1543/904 1751/1542/904
f 1751/1542/904 1480/1543/904 1479/1543/905 1753/1542/905
f 1753/1542/905 1479/1543/905 1478/1543/906 1755/1542/906
f 1755/1521/906 1478/1468/906 1477/1468/907 1757/1521/907
f 1757/1521/907 1477/1468/907 1476/1468/908 1759/1521/908
f 1759/1521/908 1476/1468/908 1475/1468/909 1761/1521/909
f 1761/1521/909 1475/1468/909 1474/1468/910 1763/1521/910
f 1763/1521/910 1474/1468/910 1471/1468/911 1765/1521/911
f 1459/1544/861 1458/1545/861 1378/1546/861 1422/1547/861 1424/1548/861 1425/1549/861 1426/1550/861 1427/1551/861 1428/1552/861 1429/1553/861 1430/1554/861 1431/1555/861 1432/1556/861 1433/1557/861 1434/1558/861 1435/1559/861 1436/1560/861 1437/1561/861 1438/1562/861 1423/1563/861 1376/1564/861
f 1925/1565/898 1456/1566/898 1380/1567/858 1917/1568/858
f 1382/1409/861 1384/1478/861 1378/1546/861 1458/1545/861 1457/1569/861 1643/1570/861 1644/1571/861 1645/1572/861
f 1933/1573/912 1643/1574/912 1457/1575/911 1890/1576/911
f 1379/1577/860 1473/1578/860 1377/1579/860 1439/1580/860 1441/1581/860 1442/1582/860 1443/1583/860 1444/1584/860 1445/1585/860 1446/1586/860 1447/1587/860 1448/1588/860 1449/1589/860 1450/1590/860 1451/1591/860 1452/1592/860 1453/1593/860 1454/1594/860 1455/1595/860 1440/1596/860
f 1385/1472/860 1383/1408/860 1648/1597/860 1647/1598/860 1646/1599/860 1471/1600/860 1474/1601/860 1475/1602/860 1476/1603/860 1477/1604/860 1478/1605/860 1479/1606/860 1480/1607/860 1481/1608/860 1482/1609/860 1483/1610/860 1484/1611/860 1472/1612/860 1473/1578/860 1379/1577/860
f 1670/1522/913 1498/1468/913 1508/1468/914 1767/1521/914
f 1767/1521/914 1508/1468/914 1507/1468/915 1769/1521/915
f 1769/1521/915 1507/1468/915 1506/1468/916 1771/1613/916
f 1771/1613/916 1506/1468/916 1505/1468/917 1773/1521/917
f 1773/1521/917 1505/1468/917 1504/1468/918 1775/1521/918
f 1775/1521/918 1504/1468/918 1503/1468/919 1777/1521/919
f 1777/1521/919 1503/1468/919 1502/1468/920 1779/1613/920
f 1779/1613/920 1502/1468/920 1501/1468/921 1781/1521/921
f 1781/1521/921 1501/1468/921 1500/1468/922 1783/1613/922
f 1783/1613/922 1500/1468/922 1499/1468/923 1785/1613/923
f 1785/1613/923 1499/1468/923 1497/1468/924 1787/1521/924
f 1658/1522/880 1377/1468/880 1498/1468/913 1670/1522/913
f 1917/1614/912 1380/1615/912 1486/1616/924 1912/1617/924
f 1456/1618/861 1459/1544/861 1376/1564/861 1485/1619/861 1487/1620/861 1488/1621/861 1489/1622/861 1490/1623/861 1491/1624/861 1492/1625/861 1493/1626/861 1494/1627/861 1495/1628/861 1496/1629/861 1486/1630/861 1380/1631/861
f 1377/1579/860 1473/1578/860 1472/1612/860 1381/1632/860 1497/1633/860 1499/1634/860 1500/1635/860 1501/1636/860 1502/1637/860 1503/1638/860 1504/1639/860 1505/1640/860 1506/1641/860 1507/1642/860 1508/1643/860 1498/1644/860
f 1659/1645/925 1520/1645/925 1641/1646/912 1788/1646/912
f 1520/1647/912 1519/1648/912 1642/1649/924 1641/1650/862
f 1916/1651/880 1515/1652/880 1619/1652/913 1928/1651/913
f 1515/1652/880 1516/1653/880 1620/1653/926 1619/1652/913
f 1909/1651/923 1640/1654/923 1642/1652/924 1911/1651/924
f 1640/1654/923 1639/1653/927 1641/1655/862 1642/1652/924
f 1907/1651/922 1638/1654/922 1640/1654/923 1909/1651/923
f 1638/1654/922 1637/1653/928 1639/1653/927 1640/1654/923
f 1905/1656/921 1636/1654/921 1638/1654/922 1907/1651/922
f 1636/1654/921 1635/1657/929 1637/1653/928 1638/1654/922
f 1903/1658/920 1634/1654/920 1636/1654/921 1905/1656/921
f 1634/1654/920 1633/1653/930 1635/1657/929 1636/1654/921
f 1901/1651/931 1632/1654/931 1634/1654/920 1903/1658/920
f 1632/1654/931 1631/1655/932 1633/1653/930 1634/1654/920
f 1899/1659/933 1630/1654/933 1632/1654/931 1901/1651/931
f 1630/1654/933 1629/1657/934 1631/1655/932 1632/1654/931
f 1897/1656/917 1628/1654/917 1630/1654/933 1899/1659/933
f 1628/1654/917 1627/1655/935 1629/1657/934 1630/1654/933
f 1895/1656/916 1626/1654/916 1628/1654/917 1897/1656/917
f 1626/1654/916 1625/1653/936 1627/1655/935 1628/1654/917
f 1893/1651/915 1624/1654/915 1626/1654/916 1895/1656/916
f 1624/1654/915 1623/1655/937 1625/1653/936 1626/1654/916
f 1891/1651/914 1622/1654/914 1624/1654/915 1893/1651/915
f 1622/1654/914 1621/1655/938 1623/1655/937 1624/1654/915
f 1928/1651/913 1619/1652/913 1622/1654/914 1891/1651/914
f 1619/1652/913 1620/1653/926 1621/1655/938 1622/1654/914
f 1793/1660/880 1651/1660/880 1617/1661/880 1766/1661/880
f 1651/1662/912 1654/1663/912 1618/1664/911 1617/1665/939
f 1667/1666/925 1594/1666/925 1520/1667/925 1659/1668/925
f 1594/1669/898 1593/1670/898 1519/1671/858 1520/1672/858
f 1887/1673/910 1616/1674/910 1618/1674/911 1889/1673/911
f 1616/1674/910 1615/1675/940 1617/1675/939 1618/1674/911
f 1885/1673/909 1614/1674/909 1616/1674/910 1887/1673/910
f 1614/1674/909 1613/1675/941 1615/1675/940 1616/1674/910
f 1883/1673/908 1612/1674/908 1614/1674/909 1885/1673/909
f 1612/1674/908 1611/1675/942 1613/1675/941 1614/1674/909
f 1881/1673/907 1610/1674/907 1612/1674/908 1883/1673/908
f 1610/1674/907 1609/1675/943 1611/1675/942 1612/1674/908
f 1879/1673/944 1608/1674/906 1610/1674/907 1881/1673/907
f 1608/1674/906 1607/1675/945 1609/1675/943 1610/1674/907
f 1877/1673/905 1606/1674/905 1608/1674/906 1879/1673/944
f 1606/1674/905 1605/1675/946 1607/1675/945 1608/1674/906
f 1875/1673/904 1604/1674/947 1606/1674/905 1877/1673/905
f 1604/1674/947 1603/1675/948 1605/1675/946 1606/1674/905
f 1873/1673/903 1602/1674/903 1604/1674/947 1875/1673/904
f 1602/1674/903 1601/1675/949 1603/1675/948 1604/1674/947
f 1871/1673/901 1600/1674/901 1602/1674/903 1873/1673/903
f 1600/1674/901 1599/1675/950 1601/1675/949 1602/1674/903
f 1869/1673/900 1598/1674/900 1600/1674/901 1871/1673/901
f 1598/1674/900 1597/1675/951 1599/1675/950 1600/1674/901
f 1867/1673/899 1596/1674/899 1598/1674/900 1869/1673/900
f 1596/1674/899 1595/1675/952 1597/1675/951 1598/1674/900
f 1926/1676/898 1593/1670/898 1596/1677/899 1867/1678/899
f 1593/1670/898 1594/1669/898 1595/1679/952 1596/1677/899
f 1865/1656/953 1592/1654/953 1515/1652/880 1916/1651/880
f 1592/1654/953 1591/1655/954 1516/1653/880 1515/1652/880
f 1799/1680/859 1518/1681/859 1559/1682/881 1924/1683/881
f 1518/1681/859 1517/1684/859 1560/1685/881 1559/1682/881
f 1863/1686/896 1590/1687/896 1592/1688/953 1865/1689/953
f 1590/1687/896 1589/1690/955 1591/1691/954 1592/1688/953
f 1861/1692/895 1588/1693/895 1590/1687/896 1863/1686/896
f 1588/1693/895 1587/1694/956 1589/1690/955 1590/1687/896
f 1859/1695/894 1586/1696/894 1588/1697/895 1861/1698/895
f 1586/1696/894 1585/1699/957 1587/1700/956 1588/1697/895
f 1857/1701/893 1584/1702/893 1586/1703/894 1859/1704/894
f 1584/1702/893 1583/1705/958 1585/1706/957 1586/1703/894
f 1855/1707/892 1582/1708/892 1584/1709/893 1857/1710/893
f 1582/1708/892 1581/1711/959 1583/1712/958 1584/1709/893
f 1853/1713/891 1580/1714/891 1582/1708/892 1855/1707/892
f 1580/1714/891 1579/1715/960 1581/1711/959 1582/1708/892
f 1851/1716/890 1578/1717/890 1580/1714/891 1853/1713/891
f 1578/1717/890 1577/1718/961 1579/1715/960 1580/1714/891
f 1849/1719/889 1576/1720/889 1578/1717/890 1851/1716/890
f 1576/1720/889 1575/1721/962 1577/1718/961 1578/1717/890
f 1847/1722/888 1574/1723/888 1576/1720/889 1849/1719/889
f 1574/1723/888 1573/1724/963 1575/1721/962 1576/1720/889
f 1845/1725/887 1572/1726/887 1574/1723/888 1847/1722/888
f 1572/1726/887 1571/1727/964 1573/1724/963 1574/1723/888
f 1843/1728/886 1570/1729/886 1572/1730/887 1845/1731/887
f 1570/1729/886 1569/1732/965 1571/1733/964 1572/1730/887
f 1841/1734/885 1568/1735/885 1570/1729/886 1843/1728/886
f 1568/1735/885 1567/1736/966 1569/1732/965 1570/1729/886
f 1839/1737/884 1566/1738/884 1568/1735/885 1841/1734/885
f 1566/1738/884 1565/1739/967 1567/1736/966 1568/1735/885
f 1837/1740/883 1564/1741/883 1566/1738/884 1839/1737/884
f 1564/1741/883 1563/1742/882 1565/1739/967 1566/1738/884
f 1835/1743/882 1562/1744/882 1564/1741/883 1837/1740/883
f 1562/1744/882 1561/1745/968 1563/1742/882 1564/1741/883
f 1924/1683/881 1559/1682/881 1562/1744/882 1835/1743/882
f 1559/1682/881 1560/1685/881 1561/1745/968 1562/1744/882
f 1710/1746/969 1674/1747/880 1513/1747/880 1557/1746/969
f 1557/1748/969 1513/1749/880 1514/1750/880 1558/1751/879
f 1663/1752/880 1526/1752/880 1522/1752/880 1661/1753/880
f 1526/1752/880 1525/1754/880 1521/1755/880 1522/1752/880
f 1831/1756/877 1556/1757/877 1558/1751/879 1833/1758/879
f 1556/1757/877 1555/1759/970 1557/1748/969 1558/1751/879
f 1829/1760/876 1554/1761/876 1556/1757/877 1831/1756/877
f 1554/1761/876 1553/1762/971 1555/1759/970 1556/1757/877
f 1827/1763/875 1552/1764/875 1554/1761/876 1829/1760/876
f 1552/1764/875 1551/1765/972 1553/1762/971 1554/1761/876
f 1825/1766/874 1550/1767/874 1552/1764/875 1827/1763/875
f 1550/1767/874 1549/1768/973 1551/1765/972 1552/1764/875
f 1823/1769/873 1548/1770/873 1550/1767/874 1825/1766/874
f 1548/1770/873 1547/1771/974 1549/1768/973 1550/1767/874
f 1821/1772/872 1546/1773/872 1548/1770/873 1823/1769/873
f 1546/1773/872 1545/1774/975 1547/1771/974 1548/1770/873
f 1819/1775/871 1544/1776/871 1546/1773/872 1821/1772/872
f 1544/1776/871 1543/1777/976 1545/1774/975 1546/1773/872
f 1817/1778/870 1542/1779/870 1544/1776/871 1819/1775/871
f 1542/1779/870 1541/1780/977 1543/1777/976 1544/1776/871
f 1815/1781/869 1540/1782/869 1542/1779/870 1817/1778/870
f 1540/1782/869 1539/1783/978 1541/1780/977 1542/1779/870
f 1813/1784/868 1538/1785/868 1540/1782/869 1815/1781/869
f 1538/1785/868 1537/1786/979 1539/1783/978 1540/1782/869
f 1811/1787/867 1536/1788/867 1538/1785/868 1813/1784/868
f 1536/1788/867 1535/1789/980 1537/1786/979 1538/1785/868
f 1809/1790/866 1534/1791/866 1536/1788/867 1811/1787/867
f 1534/1791/866 1533/1792/981 1535/1789/980 1536/1788/867
f 1807/1793/865 1532/1794/865 1534/1791/866 1809/1790/866
f 1532/1794/865 1531/1795/982 1533/1792/981 1534/1791/866
f 1805/1796/864 1530/1797/864 1532/1794/865 1807/1793/865
f 1530/1797/864 1529/1798/983 1531/1795/982 1532/1794/865
f 1803/1799/863 1528/1800/863 1530/1797/864 1805/1796/864
f 1528/1800/863 1527/1801/984 1529/1798/983 1530/1797/864
f 1922/1802/862 1525/1803/862 1528/1800/863 1803/1799/863
f 1525/1803/862 1526/1804/862 1527/1801/984 1528/1800/863
f 1914/1805/859 1509/1806/859 1524/1807/859 1801/1808/859
f 1509/1806/859 1510/1809/859 1523/1810/859 1524/1807/859
f 1801/1808/859 1524/1807/859 1518/1681/859 1799/1680/859
f 1524/1807/859 1523/1810/859 1517/1684/859 1518/1681/859
f 1672/1811/858 1511/1812/858 1513/1813/858 1674/1814/858
f 1511/1815/858 1512/1816/858 1514/1817/858 1513/1818/858
f 1655/1819/880 1510/1819/880 1511/1812/880 1672/1811/880
f 1510/1819/858 1509/1820/858 1512/1821/858 1511/1812/858
f 1522/1822/912 1521/1823/912 1652/1824/912 1649/1825/912
f 1649/1826/912 1652/1827/912 1653/1828/912 1650/1829/912
f 1650/1829/912 1653/1828/912 1654/1663/912 1651/1662/912
f 1661/1830/859 1522/1830/859 1649/1831/859 1789/1831/859
f 1789/1831/859 1649/1831/859 1650/1832/859 1791/1832/859
f 1791/1832/859 1650/1832/859 1651/1660/859 1793/1660/859
f 1919/1833/912 1382/1834/912 1645/1835/912 1929/1836/912
f 1929/1837/912 1645/1838/912 1644/1839/912 1931/1840/912
f 1931/1840/912 1644/1839/912 1643/1574/912 1933/1573/912
f 1647/1841/912 1792/1842/912 1794/1843/912 1646/1844/912
f 1792/1845/912 1791/1829/912 1793/1662/912 1794/1846/912
f 1648/1847/912 1790/1848/912 1792/1842/912 1647/1841/912
f 1790/1849/912 1789/1826/912 1791/1829/912 1792/1845/912
f 1383/1850/912 1662/1851/912 1790/1852/912 1648/1853/912
f 1662/1851/912 1661/1822/912 1789/1825/912 1790/1852/912
f 1370/1854/858 1656/1855/858 1671/1856/858 1371/1857/858
f 1656/1858/858 1655/1819/858 1672/1811/858 1671/1859/858
f 1371/1860/858 1671/1861/858 1673/1862/858 1374/1863/858
f 1671/1859/858 1672/1811/858 1674/1814/858 1673/1864/858
f 1387/1865/880 1664/1865/880 1662/1865/880 1383/1865/880
f 1664/1866/880 1663/1752/880 1661/1753/880 1662/1866/880
f 1386/1867/878 1374/1868/880 1673/1869/880 1709/1870/879
f 1709/1464/879 1673/1871/880 1674/1749/880 1710/1748/969
f 1472/1872/898 1668/1873/898 1660/1874/858 1381/1875/858
f 1668/1873/898 1667/1669/898 1659/1876/858 1660/1874/858
f 1646/1844/912 1794/1843/912 1765/1877/911 1471/1878/911
f 1794/1846/912 1793/1662/912 1766/1665/939 1765/1879/911
f 1381/1880/912 1660/1881/912 1787/1882/924 1497/1883/924
f 1660/1881/912 1659/1645/912 1788/1646/862 1787/1882/924
f 1516/1653/858 1657/1653/858 1669/1653/858 1620/1653/858
f 1657/1653/880 1658/1522/880 1670/1522/913 1669/1653/926
f 1639/1653/927 1786/1884/927 1788/1655/862 1641/1655/862
f 1786/1884/927 1785/1613/923 1787/1521/924 1788/1655/862
f 1637/1653/928 1784/1653/928 1786/1884/927 1639/1653/927
f 1784/1653/928 1783/1613/922 1785/1613/923 1786/1884/927
f 1635/1657/929 1782/1657/929 1784/1653/928 1637/1653/928
f 1782/1657/929 1781/1521/921 1783/1613/922 1784/1653/928
f 1633/1653/930 1780/1653/930 1782/1657/929 1635/1657/929
f 1780/1653/930 1779/1613/920 1781/1521/921 1782/1657/929
f 1631/1655/932 1778/1655/932 1780/1653/930 1633/1653/930
f 1778/1655/932 1777/1521/919 1779/1613/920 1780/1653/930
f 1629/1657/934 1776/1657/934 1778/1655/932 1631/1655/932
f 1776/1657/934 1775/1521/918 1777/1521/919 1778/1655/932
f 1627/1655/935 1774/1653/935 1776/1657/934 1629/1657/934
f 1774/1653/935 1773/1521/917 1775/1521/918 1776/1657/934
f 1625/1653/936 1772/1653/936 1774/1653/935 1627/1655/935
f 1772/1653/936 1771/1613/916 1773/1521/917 1774/1653/935
f 1623/1655/937 1770/1655/937 1772/1653/936 1625/1653/936
f 1770/1655/937 1769/1521/915 1771/1613/916 1772/1653/936
f 1621/1655/938 1768/1657/938 1770/1655/937 1623/1655/937
f 1768/1657/938 1767/1521/914 1769/1521/915 1770/1655/937
f 1620/1653/926 1669/1653/926 1768/1657/938 1621/1655/938
f 1669/1653/926 1670/1522/913 1767/1521/914 1768/1657/938
f 1615/1657/940 1764/1885/940 1766/1655/939 1617/1655/939
f 1764/1886/940 1763/1542/910 1765/1542/911 1766/1675/939
f 1613/1657/941 1762/1657/941 1764/1885/940 1615/1657/940
f 1762/1675/941 1761/1542/909 1763/1542/910 1764/1886/940
f 1611/1655/942 1760/1655/942 1762/1657/941 1613/1657/941
f 1760/1675/942 1759/1542/908 1761/1542/909 1762/1675/941
f 1609/1655/943 1758/1655/943 1760/1655/942 1611/1655/942
f 1758/1675/943 1757/1542/907 1759/1542/908 1760/1675/942
f 1607/1655/945 1756/1655/945 1758/1655/943 1609/1655/943
f 1756/1675/945 1755/1542/906 1757/1542/907 1758/1675/943
f 1605/1657/946 1754/1657/946 1756/1655/945 1607/1655/945
f 1754/1675/946 1753/1542/905 1755/1542/906 1756/1675/945
f 1603/1655/948 1752/1655/948 1754/1657/946 1605/1657/946
f 1752/1675/948 1751/1542/904 1753/1542/905 1754/1675/946
f 1601/1657/949 1750/1657/949 1752/1655/948 1603/1655/948
f 1750/1675/949 1749/1542/903 1751/1542/904 1752/1675/948
f 1599/1653/950 1748/1653/950 1750/1657/949 1601/1657/949
f 1748/1675/950 1747/1542/902 1749/1542/903 1750/1675/949
f 1597/1655/951 1746/1655/951 1748/1653/950 1599/1653/950
f 1746/1675/951 1745/1542/900 1747/1542/902 1748/1675/950
f 1595/1655/952 1744/1657/952 1746/1655/951 1597/1655/951
f 1744/1675/952 1743/1542/899 1745/1542/900 1746/1675/951
f 1594/1666/925 1667/1666/925 1744/1887/912 1595/1887/912
f 1667/1669/898 1668/1873/898 1743/1888/899 1744/1679/952
f 1591/1655/954 1742/1655/954 1657/1653/880 1516/1653/880
f 1742/1655/954 1741/1521/897 1658/1522/880 1657/1653/880
f 1517/1684/912 1676/1684/912 1665/1889/912 1560/1685/985
f 1676/1684/859 1675/1386/859 1666/1479/881 1665/1889/881
f 1589/1690/955 1740/1690/955 1742/1691/954 1591/1691/954
f 1740/1690/955 1739/1518/896 1741/1520/897 1742/1691/954
f 1587/1694/956 1738/1694/956 1740/1690/955 1589/1690/955
f 1738/1694/956 1737/1515/895 1739/1518/896 1740/1690/955
f 1585/1699/957 1736/1699/957 1738/1700/956 1587/1700/956
f 1736/1699/957 1735/1511/894 1737/1514/895 1738/1700/956
f 1583/1705/958 1734/1890/958 1736/1706/957 1585/1706/957
f 1734/1890/958 1733/1507/893 1735/1510/894 1736/1706/957
f 1581/1711/959 1732/1711/959 1734/1891/958 1583/1712/958
f 1732/1711/959 1731/1504/892 1733/1506/893 1734/1891/958
f 1579/1715/960 1730/1715/960 1732/1711/959 1581/1711/959
f 1730/1715/960 1729/1502/891 1731/1504/892 1732/1711/959
f 1577/1718/961 1728/1718/961 1730/1715/960 1579/1715/960
f 1728/1718/961 1727/1500/890 1729/1502/891 1730/1715/960
f 1575/1721/962 1726/1892/962 1728/1718/961 1577/1718/961
f 1726/1892/962 1725/1498/889 1727/1500/890 1728/1718/961
f 1573/1724/963 1724/1893/963 1726/1892/962 1575/1721/962
f 1724/1893/963 1723/1496/888 1725/1498/889 1726/1892/962
f 1571/1727/964 1722/1727/964 1724/1893/963 1573/1724/963
f 1722/1727/964 1721/1493/887 1723/1496/888 1724/1893/963
f 1569/1732/965 1720/1732/965 1722/1733/964 1571/1733/964
f 1720/1732/965 1719/1490/886 1721/1492/887 1722/1733/964
f 1567/1736/966 1718/1894/966 1720/1732/965 1569/1732/965
f 1718/1894/966 1717/1488/885 1719/1490/886 1720/1732/965
f 1565/1739/967 1716/1739/967 1718/1894/966 1567/1736/966
f 1716/1739/967 1715/1486/884 1717/1488/885 1718/1894/966
f 1563/1742/882 1714/1895/882 1716/1739/967 1565/1739/967
f 1714/1895/882 1713/1484/883 1715/1486/884 1716/1739/967
f 1561/1745/968 1712/1896/968 1714/1895/882 1563/1742/882
f 1712/1896/968 1711/1482/882 1713/1484/883 1714/1895/882
f 1560/1685/985 1665/1889/912 1712/1896/859 1561/1745/859
f 1665/1889/881 1666/1479/881 1711/1482/882 1712/1896/968
f 1555/1897/970 1708/1897/970 1710/1746/969 1557/1746/969
f 1708/1759/970 1707/1462/877 1709/1464/879 1710/1748/969
f 1553/1898/971 1706/1898/971 1708/1897/970 1555/1897/970
f 1706/1898/971 1705/1899/876 1707/1900/877 1708/1897/970
f 1551/1901/972 1704/1902/972 1706/1898/971 1553/1898/971
f 1704/1902/972 1703/1903/875 1705/1899/876 1706/1898/971
f 1549/1904/973 1702/1905/973 1704/1902/972 1551/1901/972
f 1702/1905/973 1701/1906/874 1703/1903/875 1704/1902/972
f 1547/1907/974 1700/1908/974 1702/1905/973 1549/1904/973
f 1700/1908/974 1699/1909/873 1701/1906/874 1702/1905/973
f 1545/1910/975 1698/1910/975 1700/1908/974 1547/1907/974
f 1698/1910/975 1697/1911/872 1699/1909/873 1700/1908/974
f 1543/1912/976 1696/1912/976 1698/1910/975 1545/1910/975
f 1696/1912/976 1695/1913/871 1697/1911/872 1698/1910/975
f 1541/1914/977 1694/1915/977 1696/1912/976 1543/1912/976
f 1694/1915/977 1693/1916/870 1695/1913/871 1696/1912/976
f 1539/1917/978 1692/1917/978 1694/1915/977 1541/1914/977
f 1692/1917/978 1691/1918/869 1693/1916/870 1694/1915/977
f 1537/1919/979 1690/1920/979 1692/1917/978 1539/1917/978
f 1690/1920/979 1689/1921/868 1691/1918/869 1692/1917/978
f 1535/1922/980 1688/1922/980 1690/1920/979 1537/1919/979
f 1688/1922/980 1687/1923/867 1689/1921/868 1690/1920/979
f 1533/1924/981 1686/1924/981 1688/1922/980 1535/1922/980
f 1686/1924/981 1685/1925/866 1687/1923/867 1688/1922/980
f 1531/1926/982 1684/1927/982 1686/1924/981 1533/1924/981
f 1684/1927/982 1683/1928/865 1685/1925/866 1686/1924/981
f 1529/1929/983 1682/1929/983 1684/1927/982 1531/1926/982
f 1682/1929/983 1681/1930/864 1683/1928/865 1684/1927/982
f 1527/1931/984 1680/1932/984 1682/1929/983 1529/1929/983
f 1680/1932/984 1679/1933/863 1681/1930/864 1682/1929/983
f 1526/1752/880 1663/1752/880 1680/1932/880 1527/1931/880
f 1663/1752/862 1664/1866/862 1679/1933/863 1680/1932/984
f 1510/1809/880 1655/1809/880 1678/1934/880 1523/1810/880
f 1655/1809/859 1656/1387/859 1677/1383/859 1678/1934/859
f 1523/1810/859 1678/1934/859 1676/1684/859 1517/1684/859
f 1678/1934/859 1677/1383/859 1675/1386/859 1676/1684/859
f 1653/1828/912 1932/1935/912 1934/1936/912 1654/1663/912
f 1932/1937/912 1931/1840/912 1933/1573/912 1934/1938/912
f 1652/1827/912 1930/1939/912 1932/1935/912 1653/1828/912
f 1930/1940/912 1929/1837/912 1931/1840/912 1932/1937/912
f 1521/1941/912 1920/1942/912 1930/1943/912 1652/1944/912
f 1920/1942/912 1919/1833/912 1929/1836/912 1930/1943/912
f 1384/1945/859 1802/1946/859 1800/1947/859 1378/1948/859
f 1802/1946/859 1801/1808/859 1799/1680/859 1800/1947/859
f 1372/1949/859 1913/1950/859 1802/1946/859 1384/1945/859
f 1913/1950/859 1914/1805/859 1801/1808/859 1802/1946/859
f 1404/1951/862 1921/1952/862 1804/1953/863 1407/1954/863
f 1921/1952/862 1922/1802/862 1803/1799/863 1804/1953/863
f 1407/1954/863 1804/1953/863 1806/1955/864 1408/1956/864
f 1804/1953/863 1803/1799/863 1805/1796/864 1806/1955/864
f 1408/1956/864 1806/1955/864 1808/1957/865 1409/1958/865
f 1806/1955/864 1805/1796/864 1807/1793/865 1808/1957/865
f 1409/1958/865 1808/1957/865 1810/1959/866 1410/1960/866
f 1808/1957/865 1807/1793/865 1809/1790/866 1810/1959/866
f 1410/1960/866 1810/1959/866 1812/1961/867 1411/1962/867
f 1810/1959/866 1809/1790/866 1811/1787/867 1812/1961/867
f 1411/1962/867 1812/1961/867 1814/1963/868 1412/1964/868
f 1812/1961/867 1811/1787/867 1813/1784/868 1814/1963/868
f 1412/1964/868 1814/1963/868 1816/1965/869 1413/1966/869
f 1814/1963/868 1813/1784/868 1815/1781/869 1816/1965/869
f 1413/1966/869 1816/1965/869 1818/1967/870 1414/1968/870
f 1816/1965/869 1815/1781/869 1817/1778/870 1818/1967/870
f 1414/1968/870 1818/1967/870 1820/1969/871 1415/1970/871
f 1818/1967/870 1817/1778/870 1819/1775/871 1820/1969/871
f 1415/1970/871 1820/1969/871 1822/1971/872 1416/1972/872
f 1820/1969/871 1819/1775/871 1821/1772/872 1822/1971/872
f 1416/1972/872 1822/1971/872 1824/1973/873 1417/1974/873
f 1822/1971/872 1821/1772/872 1823/1769/873 1824/1973/873
f 1417/1974/873 1824/1973/873 1826/1975/874 1418/1976/874
f 1824/1973/873 1823/1769/873 1825/1766/874 1826/1975/874
f 1418/1976/874 1826/1975/874 1828/1977/875 1419/1978/875
f 1826/1975/874 1825/1766/874 1827/1763/875 1828/1977/875
f 1419/1978/875 1828/1977/875 1830/1979/876 1420/1980/876
f 1828/1977/875 1827/1763/875 1829/1760/876 1830/1979/876
f 1420/1980/876 1830/1979/876 1832/1981/877 1421/1982/877
f 1830/1979/876 1829/1760/876 1831/1756/877 1832/1981/877
f 1421/1982/877 1832/1981/877 1834/1983/879 1405/1984/878
f 1832/1981/877 1831/1756/877 1833/1758/879 1834/1983/879
f 1422/1985/881 1923/1986/881 1836/1987/882 1424/1988/882
f 1923/1986/881 1924/1683/881 1835/1743/882 1836/1987/882
f 1424/1988/882 1836/1987/882 1838/1989/883 1425/1990/883
f 1836/1987/882 1835/1743/882 1837/1740/883 1838/1989/883
f 1425/1990/883 1838/1989/883 1840/1991/884 1426/1992/884
f 1838/1989/883 1837/1740/883 1839/1737/884 1840/1991/884
f 1426/1992/884 1840/1991/884 1842/1993/885 1427/1994/885
f 1840/1991/884 1839/1737/884 1841/1734/885 1842/1993/885
f 1427/1994/885 1842/1993/885 1844/1995/886 1428/1996/886
f 1842/1993/885 1841/1734/885 1843/1728/886 1844/1995/886
f 1428/1996/886 1844/1995/886 1846/1997/887 1429/1998/887
f 1844/1995/886 1843/1728/886 1845/1731/887 1846/1997/887
f 1429/1999/887 1846/2000/887 1848/2001/888 1430/2002/888
f 1846/2000/887 1845/1725/887 1847/1722/888 1848/2001/888
f 1430/2002/888 1848/2001/888 1850/2003/889 1431/2004/889
f 1848/2001/888 1847/1722/888 1849/1719/889 1850/2003/889
f 1431/2004/889 1850/2003/889 1852/2005/890 1432/2006/890
f 1850/2003/889 1849/1719/889 1851/1716/890 1852/2005/890
f 1432/2006/890 1852/2005/890 1854/2007/891 1433/2008/891
f 1852/2005/890 1851/1716/890 1853/1713/891 1854/2007/891
f 1433/2008/891 1854/2007/891 1856/2009/892 1434/2010/892
f 1854/2007/891 1853/1713/891 1855/1707/892 1856/2009/892
f 1434/2010/892 1856/2009/892 1858/2011/893 1435/2012/893
f 1856/2009/892 1855/1707/892 1857/1710/893 1858/2011/893
f 1435/2013/893 1858/2014/893 1860/2015/894 1436/2016/894
f 1858/2014/893 1857/1701/893 1859/1704/894 1860/2015/894
f 1436/2017/894 1860/2018/894 1862/2019/895 1437/2020/895
f 1860/2018/894 1859/1695/894 1861/1698/895 1862/2019/895
f 1437/2021/895 1862/2022/895 1864/2023/896 1438/2024/896
f 1862/2022/895 1861/1692/895 1863/1686/896 1864/2023/896
f 1438/2024/896 1864/2023/896 1866/2025/897 1423/2026/897
f 1864/2023/896 1863/1686/896 1865/1689/953 1866/2025/897
f 1378/1948/859 1800/1947/859 1923/1986/881 1422/1985/881
f 1800/1947/859 1799/1680/859 1924/1683/881 1923/1986/881
f 1423/1474/897 1866/2027/897 1915/2027/880 1376/1474/880
f 1866/2027/897 1865/1656/953 1916/1651/880 1915/2027/880
f 1456/1566/898 1925/1565/898 1868/2028/899 1460/2029/899
f 1925/2030/898 1926/1676/898 1867/1678/899 1868/2031/899
f 1460/1474/899 1868/2027/899 1870/2027/900 1461/1474/900
f 1868/2032/899 1867/1673/899 1869/1673/900 1870/2032/900
f 1461/1474/900 1870/2027/900 1872/2027/901 1462/1474/901
f 1870/2032/900 1869/1673/900 1871/1673/901 1872/2032/901
f 1462/1474/901 1872/2027/901 1874/2027/903 1463/1474/903
f 1872/2032/901 1871/1673/901 1873/1673/903 1874/2032/903
f 1463/1474/903 1874/2027/903 1876/2027/904 1464/1474/904
f 1874/2032/903 1873/1673/903 1875/1673/904 1876/2032/904
f 1464/1474/904 1876/2027/904 1878/2027/905 1465/1474/905
f 1876/2032/904 1875/1673/904 1877/1673/905 1878/2032/905
f 1465/1474/905 1878/2027/905 1880/2027/944 1466/1474/944
f 1878/2032/905 1877/1673/905 1879/1673/944 1880/2032/944
f 1466/1474/944 1880/2027/944 1882/2027/907 1467/1474/907
f 1880/2032/944 1879/1673/944 1881/1673/907 1882/2032/907
f 1467/1474/907 1882/2027/907 1884/2027/908 1468/1474/908
f 1882/2032/907 1881/1673/907 1883/1673/908 1884/2032/908
f 1468/1474/908 1884/2027/908 1886/2027/909 1469/1474/909
f 1884/2032/908 1883/1673/908 1885/1673/909 1886/2032/909
f 1469/1474/909 1886/2027/909 1888/2033/910 1470/1474/910
f 1886/2032/909 1885/1673/909 1887/1673/910 1888/2032/910
f 1470/1474/910 1888/2033/910 1890/2034/911 1457/1474/911
f 1888/2032/910 1887/1673/910 1889/1673/911 1890/2032/911
f 1485/1474/913 1927/2027/913 1892/2027/914 1487/1474/914
f 1927/2027/913 1928/1651/913 1891/1651/914 1892/2027/914
f 1487/1474/914 1892/2027/914 1894/2027/915 1488/1474/915
f 1892/2027/914 1891/1651/914 1893/1651/915 1894/2027/915
f 1488/1474/915 1894/2027/915 1896/2027/916 1489/1474/916
f 1894/2027/915 1893/1651/915 1895/1656/916 1896/2027/916
f 1489/1474/916 1896/2027/916 1898/2034/917 1490/1474/917
f 1896/2027/916 1895/1656/916 1897/1656/917 1898/2034/917
f 1490/1474/917 1898/2034/917 1900/2027/918 1491/1474/918
f 1898/2034/917 1897/1656/917 1899/1659/933 1900/2027/918
f 1491/1474/918 1900/2027/918 1902/2027/931 1492/1474/931
f 1900/2027/918 1899/1659/933 1901/1651/931 1902/2027/931
f 1492/1474/931 1902/2027/931 1904/2034/920 1493/1474/920
f 1902/2027/931 1901/1651/931 1903/1658/920 1904/2034/920
f 1493/1474/920 1904/2034/920 1906/2027/921 1494/1474/921
f 1904/2034/920 1903/1658/920 1905/1656/921 1906/2027/921
f 1494/1474/921 1906/2027/921 1908/2027/922 1495/1474/922
f 1906/2027/921 1905/1656/921 1907/1651/922 1908/2027/922
f 1495/1474/922 1908/2027/922 1910/2034/923 1496/1474/923
f 1908/2027/922 1907/1651/922 1909/1651/923 1910/2034/923
f 1496/1474/923 1910/2034/923 1912/2034/924 1486/1474/924
f 1910/2034/923 1909/1651/923 1911/1651/924 1912/2034/924
f 1376/1474/880 1915/2027/880 1927/2027/913 1485/1474/913
f 1915/2027/880 1916/1651/880 1928/1651/913 1927/2027/913
f 1519/2035/912 1918/2036/912 1911/2037/924 1642/2038/924
f 1918/2036/912 1917/1614/912 1912/1617/924 1911/2037/924
f 1654/1663/912 1934/1936/912 1889/2039/911 1618/1664/911
f 1934/1938/912 1933/1573/912 1890/1576/911 1889/2040/911
f 1593/1670/898 1926/1676/898 1918/2041/858 1519/1671/858
f 1926/1676/898 1925/2030/898 1917/2042/858 1918/2041/858
f 1558/2043/879 1514/1817/880 1797/2044/880 1833/2045/879
f 1833/2045/879 1797/2044/880 1798/1382/880 1834/1466/879
f 1525/1754/880 1922/2046/880 1920/2047/880 1521/1754/880
f 1922/2046/880 1921/2048/880 1919/2049/880 1920/2047/880
f 1512/1816/858 1795/2050/858 1797/2044/858 1514/1817/858
f 1795/2050/858 1796/1379/858 1798/1382/858 1797/2044/858
f 1509/1820/858 1914/2051/858 1795/2052/858 1512/1821/858
f 1914/2051/858 1913/1375/858 1796/1378/858 1795/2052/858
