# Blender 5.1.0
# www.blender.org
mtllib siafi.mtl
o Cylinder.176
v 199.282196 130.598831 74.290550
v 199.282196 130.901962 74.648926
v 199.041428 130.598831 74.266838
v 198.971512 130.901962 74.618324
v 198.809906 130.598831 74.196609
v 198.672760 130.901962 74.527695
v 198.596527 130.598831 74.082558
v 198.397430 130.901962 74.380531
v 198.409500 130.598831 73.929070
v 198.156097 130.901962 74.182480
v 198.256027 130.598831 73.742050
v 197.958038 130.901962 73.941147
v 198.141968 130.598831 73.528679
v 197.810883 130.901962 73.665817
v 198.071747 130.598831 73.297157
v 197.720261 130.901962 73.367073
v 198.048019 130.598831 73.056381
v 197.689651 130.901962 73.056381
v 198.071747 130.598831 72.815605
v 197.720261 130.901962 72.745689
v 198.141968 130.598831 72.584084
v 197.810883 130.901962 72.446945
v 198.256027 130.598831 72.370712
v 197.958038 130.901962 72.171616
v 198.409500 130.598831 72.183693
v 198.156097 130.901962 71.930283
v 198.596527 130.598831 72.030205
v 198.397430 130.901962 71.732231
v 198.809906 130.598831 71.916153
v 198.672760 130.901962 71.585068
v 199.041428 130.598831 71.845924
v 198.971512 130.901962 71.494438
v 199.282196 130.598831 71.822212
v 199.282196 130.901962 71.463837
v 199.522964 130.598831 71.845924
v 199.592880 130.901962 71.494438
v 199.754486 130.598831 71.916153
v 199.891632 130.901962 71.585068
v 199.967865 130.598831 72.030205
v 200.166962 130.901962 71.732231
v 200.154892 130.598831 72.183693
v 200.408295 130.901962 71.930283
v 200.308365 130.598831 72.370712
v 200.606354 130.901962 72.171616
v 200.422424 130.598831 72.584084
v 200.753510 130.901962 72.446945
v 200.492645 130.598831 72.815605
v 200.844131 130.901962 72.745689
v 200.516373 130.598831 73.056381
v 200.874741 130.901962 73.056381
v 200.492645 130.598831 73.297157
v 200.844131 130.901962 73.367073
v 200.422424 130.598831 73.528679
v 200.753510 130.901962 73.665817
v 200.308365 130.598831 73.742050
v 200.606354 130.901962 73.941147
v 200.154892 130.598831 73.929070
v 200.408295 130.901962 74.182480
v 199.967865 130.598831 74.082558
v 200.166962 130.901962 74.380531
v 199.754486 130.598831 74.196609
v 199.891632 130.901962 74.527695
v 199.522964 130.598831 74.266838
v 199.592880 130.901962 74.618324
v 199.282196 130.598831 74.648926
v 198.971512 130.598831 74.618324
v 198.672760 130.598831 74.527695
v 198.397430 130.598831 74.380531
v 198.156097 130.598831 74.182480
v 197.958038 130.598831 73.941147
v 197.810883 130.598831 73.665817
v 197.720261 130.598831 73.367073
v 197.689651 130.598831 73.056381
v 197.720261 130.598831 72.745689
v 197.810883 130.598831 72.446945
v 197.958038 130.598831 72.171616
v 198.156097 130.598831 71.930283
v 198.397430 130.598831 71.732231
v 198.672760 130.598831 71.585068
v 198.971512 130.598831 71.494438
v 199.282196 130.598831 71.463837
v 199.592880 130.598831 71.494438
v 199.891632 130.598831 71.585068
v 200.166962 130.598831 71.732231
v 200.408295 130.598831 71.930283
v 200.606354 130.598831 72.171616
v 200.753510 130.598831 72.446945
v 200.844131 130.598831 72.745689
v 200.874741 130.598831 73.056381
v 200.844131 130.598831 73.367073
v 200.753510 130.598831 73.665817
v 200.606354 130.598831 73.941147
v 200.408295 130.598831 74.182480
v 200.166962 130.598831 74.380531
v 199.891632 130.598831 74.527695
v 199.592880 130.598831 74.618324
v 199.282196 130.598831 74.648926
v 198.971512 130.598831 74.618324
v 198.672760 130.598831 74.527695
v 198.397430 130.598831 74.380531
v 198.156097 130.598831 74.182480
v 197.958038 130.598831 73.941147
v 197.810883 130.598831 73.665817
v 197.720261 130.598831 73.367073
v 197.689651 130.598831 73.056381
v 197.720261 130.598831 72.745689
v 197.810883 130.598831 72.446945
v 197.958038 130.598831 72.171616
v 198.156097 130.598831 71.930283
v 198.397430 130.598831 71.732231
v 198.672760 130.598831 71.585068
v 198.971512 130.598831 71.494438
v 199.282196 130.598831 71.463837
v 199.592880 130.598831 71.494438
v 199.891632 130.598831 71.585068
v 200.166962 130.598831 71.732231
v 200.408295 130.598831 71.930283
v 200.606354 130.598831 72.171616
v 200.753510 130.598831 72.446945
v 200.844131 130.598831 72.745689
v 200.874741 130.598831 73.056381
v 200.844131 130.598831 73.367073
v 200.753510 130.598831 73.665817
v 200.606354 130.598831 73.941147
v 200.408295 130.598831 74.182480
v 200.166962 130.598831 74.380531
v 199.891632 130.598831 74.527695
v 199.592880 130.598831 74.618324
v 199.282196 130.598831 74.648926
v 198.971512 130.598831 74.618324
v 198.672760 130.598831 74.527695
v 198.397430 130.598831 74.380531
v 198.156097 130.598831 74.182480
v 197.958038 130.598831 73.941147
v 197.810883 130.598831 73.665817
v 197.720261 130.598831 73.367073
v 197.689651 130.598831 73.056381
v 197.720261 130.598831 72.745689
v 197.810883 130.598831 72.446945
v 197.958038 130.598831 72.171616
v 198.156097 130.598831 71.930283
v 198.397430 130.598831 71.732231
v 198.672760 130.598831 71.585068
v 198.971512 130.598831 71.494438
v 199.282196 130.598831 71.463837
v 199.592880 130.598831 71.494438
v 199.891632 130.598831 71.585068
v 200.166962 130.598831 71.732231
v 200.408295 130.598831 71.930283
v 200.606354 130.598831 72.171616
v 200.753510 130.598831 72.446945
v 200.844131 130.598831 72.745689
v 200.874741 130.598831 73.056381
v 200.844131 130.598831 73.367073
v 200.753510 130.598831 73.665817
v 200.606354 130.598831 73.941147
v 200.408295 130.598831 74.182480
v 200.166962 130.598831 74.380531
v 199.891632 130.598831 74.527695
v 199.592880 130.598831 74.618324
vn -0.0000 -1.0000 -0.0000
vn -0.0000 0.9949 0.1005
vn -0.0196 0.9949 0.0986
vn -0.0385 0.9949 0.0929
vn -0.0558 0.9949 0.0836
vn -0.0711 0.9949 0.0711
vn -0.0836 0.9949 0.0558
vn -0.0929 0.9949 0.0385
vn -0.0986 0.9949 0.0196
vn -0.1005 0.9949 -0.0000
vn -0.0986 0.9949 -0.0196
vn -0.0929 0.9949 -0.0385
vn -0.0836 0.9949 -0.0558
vn -0.0711 0.9949 -0.0711
vn -0.0558 0.9949 -0.0836
vn -0.0385 0.9949 -0.0929
vn -0.0196 0.9949 -0.0986
vn -0.0000 0.9949 -0.1005
vn 0.0196 0.9949 -0.0986
vn 0.0385 0.9949 -0.0929
vn 0.0558 0.9949 -0.0836
vn 0.0711 0.9949 -0.0711
vn 0.0836 0.9949 -0.0558
vn 0.0929 0.9949 -0.0385
vn 0.0986 0.9949 -0.0196
vn 0.1005 0.9949 -0.0000
vn 0.0986 0.9949 0.0196
vn 0.0929 0.9949 0.0385
vn 0.0836 0.9949 0.0558
vn 0.0711 0.9949 0.0711
vn 0.0558 0.9949 0.0836
vn 0.0385 0.9949 0.0929
vn 0.0196 0.9949 0.0986
vn -0.0000 0.9955 0.0943
vn -0.0184 0.9955 0.0925
vn -0.0361 0.9955 0.0871
vn -0.0524 0.9955 0.0784
vn -0.0667 0.9955 0.0667
vn -0.0784 0.9955 0.0524
vn -0.0871 0.9955 0.0361
vn -0.0925 0.9955 0.0184
vn -0.0943 0.9955 -0.0000
vn -0.0925 0.9955 -0.0184
vn -0.0871 0.9955 -0.0361
vn -0.0784 0.9955 -0.0524
vn -0.0667 0.9955 -0.0667
vn -0.0524 0.9955 -0.0784
vn -0.0361 0.9955 -0.0871
vn -0.0184 0.9955 -0.0925
vn -0.0000 0.9955 -0.0943
vn 0.0184 0.9955 -0.0925
vn 0.0361 0.9955 -0.0871
vn 0.0524 0.9955 -0.0784
vn 0.0667 0.9955 -0.0667
vn 0.0784 0.9955 -0.0524
vn 0.0871 0.9955 -0.0361
vn 0.0925 0.9955 -0.0184
vn 0.0943 0.9955 -0.0000
vn 0.0925 0.9955 0.0184
vn 0.0871 0.9955 0.0361
vn 0.0784 0.9955 0.0524
vn 0.0667 0.9955 0.0667
vn 0.0524 0.9955 0.0784
vn 0.0361 0.9955 0.0871
vn 0.0184 0.9955 0.0925
vn -0.0000 1.0000 -0.0000
vt 0.835768 0.814306
vt 0.835686 0.818363
vt 0.836788 0.820420
vt 0.836871 0.816340
vt 0.837424 0.822569
vt 0.837509 0.818466
vt 0.837562 0.824729
vt 0.837647 0.820601
vt 0.837186 0.826814
vt 0.837272 0.822664
vt 0.836303 0.828741
vt 0.836388 0.824570
vt 0.834940 0.830428
vt 0.835023 0.826238
vt 0.833145 0.831802
vt 0.833227 0.827596
vt 0.830989 0.832802
vt 0.831069 0.828585
vt 0.828559 0.833383
vt 0.828636 0.829160
vt 0.825956 0.833517
vt 0.826030 0.829293
vt 0.823291 0.833200
vt 0.823362 0.828979
vt 0.820675 0.832446
vt 0.820743 0.828233
vt 0.818219 0.831288
vt 0.818284 0.827088
vt 0.816022 0.829779
vt 0.816085 0.825596
vt 0.814172 0.827986
vt 0.814232 0.823822
vt 0.812737 0.825984
vt 0.812795 0.821843
vt 0.811767 0.823859
vt 0.811824 0.819741
vt 0.811293 0.821693
vt 0.811348 0.817599
vt 0.811322 0.819572
vt 0.811377 0.815502
vt 0.811844 0.817574
vt 0.811900 0.813525
vt 0.812832 0.815770
vt 0.812888 0.811742
vt 0.814241 0.814223
vt 0.814299 0.810212
vt 0.816017 0.812985
vt 0.816076 0.808988
vt 0.818091 0.812096
vt 0.818152 0.808109
vt 0.820389 0.811584
vt 0.820452 0.807603
vt 0.822829 0.811466
vt 0.822895 0.807486
vt 0.825327 0.811744
vt 0.825396 0.807761
vt 0.827796 0.812411
vt 0.827867 0.808421
vt 0.830148 0.813446
vt 0.830222 0.809444
vt 0.832299 0.814815
vt 0.832376 0.810797
vt 0.834169 0.816472
vt 0.834249 0.812437
vt 0.889539 0.815137
vt 0.891039 0.816720
vt 0.891892 0.818368
vt 0.892057 0.820020
vt 0.891516 0.821610
vt 0.890281 0.823076
vt 0.888393 0.824356
vt 0.885921 0.825396
vt 0.882960 0.826152
vt 0.879630 0.826591
vt 0.876067 0.826693
vt 0.872418 0.826453
vt 0.868835 0.825883
vt 0.865463 0.825007
vt 0.862440 0.823864
vt 0.859883 0.822502
vt 0.857890 0.820978
vt 0.856531 0.819355
vt 0.855851 0.817697
vt 0.855865 0.816068
vt 0.856563 0.814529
vt 0.857910 0.813136
vt 0.859847 0.811940
vt 0.862298 0.810980
vt 0.865171 0.810290
vt 0.868360 0.809892
vt 0.871750 0.809800
vt 0.875219 0.810017
vt 0.878646 0.810535
vt 0.881906 0.811338
vt 0.884880 0.812398
vt 0.887458 0.813679
vt 0.834078 0.816720
vt 0.833235 0.815137
vt 0.834558 0.818368
vt 0.834651 0.820020
vt 0.834347 0.821610
vt 0.833652 0.823076
vt 0.832590 0.824356
vt 0.831199 0.825396
vt 0.829534 0.826152
vt 0.827661 0.826591
vt 0.825657 0.826693
vt 0.823604 0.826453
vt 0.821588 0.825883
vt 0.819692 0.825007
vt 0.817991 0.823864
vt 0.816553 0.822502
vt 0.815432 0.820978
vt 0.814668 0.819355
vt 0.814285 0.817697
vt 0.814293 0.816068
vt 0.814686 0.814529
vt 0.815443 0.813136
vt 0.816533 0.811940
vt 0.817912 0.810980
vt 0.819528 0.810290
vt 0.821321 0.809892
vt 0.823228 0.809800
vt 0.825180 0.810017
vt 0.827107 0.810535
vt 0.828941 0.811338
vt 0.830614 0.812398
vt 0.832064 0.813679
s 1
usemtl Material.047
f 65/1/34 2/2/2 4/3/3 66/4/35
f 66/4/35 4/3/3 6/5/4 67/6/36
f 67/6/36 6/5/4 8/7/5 68/8/37
f 68/8/37 8/7/5 10/9/6 69/10/38
f 69/10/38 10/9/6 12/11/7 70/12/39
f 70/12/39 12/11/7 14/13/8 71/14/40
f 71/14/40 14/13/8 16/15/9 72/16/41
f 72/16/41 16/15/9 18/17/10 73/18/42
f 73/18/42 18/17/10 20/19/11 74/20/43
f 74/20/43 20/19/11 22/21/12 75/22/44
f 75/22/44 22/21/12 24/23/13 76/24/45
f 76/24/45 24/23/13 26/25/14 77/26/46
f 77/26/46 26/25/14 28/27/15 78/28/47
f 78/28/47 28/27/15 30/29/16 79/30/48
f 79/30/48 30/29/16 32/31/17 80/32/49
f 80/32/49 32/31/17 34/33/18 81/34/50
f 81/34/50 34/33/18 36/35/19 82/36/51
f 82/36/51 36/35/19 38/37/20 83/38/52
f 83/38/52 38/37/20 40/39/21 84/40/53
f 84/40/53 40/39/21 42/41/22 85/42/54
f 85/42/54 42/41/22 44/43/23 86/44/55
f 86/44/55 44/43/23 46/45/24 87/46/56
f 87/46/56 46/45/24 48/47/25 88/48/57
f 88/48/57 48/47/25 50/49/26 89/50/58
f 89/50/58 50/49/26 52/51/27 90/52/59
f 90/52/59 52/51/27 54/53/28 91/54/60
f 91/54/60 54/53/28 56/55/29 92/56/61
f 92/56/61 56/55/29 58/57/30 93/58/62
f 93/58/62 58/57/30 60/59/31 94/60/63
f 94/60/63 60/59/31 62/61/32 95/62/64
f 4/3/3 2/2/2 64/63/33 62/61/32 60/59/31 58/57/30 56/55/29 54/53/28 52/51/27 50/49/26 48/47/25 46/45/24 44/43/23 42/41/22 40/39/21 38/37/20 36/35/19 34/33/18 32/31/17 30/29/16 28/27/15 26/25/14 24/23/13 22/21/12 20/19/11 18/17/10 16/15/9 14/13/8 12/11/7 10/9/6 8/7/5 6/5/4
f 95/62/64 62/61/32 64/63/33 96/64/65
f 96/64/65 64/63/33 2/2/2 65/1/34
f 98/4/66 97/1/66 65/1/34 66/4/35
f 99/6/66 98/4/66 66/4/35 67/6/36
f 100/8/66 99/6/66 67/6/36 68/8/37
f 101/10/66 100/8/66 68/8/37 69/10/38
f 102/12/66 101/10/66 69/10/38 70/12/39
f 103/14/66 102/12/66 70/12/39 71/14/40
f 104/16/66 103/14/66 71/14/40 72/16/41
f 105/18/66 104/16/66 72/16/41 73/18/42
f 106/20/66 105/18/66 73/18/42 74/20/43
f 107/22/66 106/20/66 74/20/43 75/22/44
f 108/24/66 107/22/66 75/22/44 76/24/45
f 109/26/66 108/24/66 76/24/45 77/26/46
f 110/28/66 109/26/66 77/26/46 78/28/47
f 111/30/66 110/28/66 78/28/47 79/30/48
f 112/32/66 111/30/66 79/30/48 80/32/49
f 113/34/66 112/32/66 80/32/49 81/34/50
f 114/36/66 113/34/66 81/34/50 82/36/51
f 115/38/66 114/36/66 82/36/51 83/38/52
f 116/40/66 115/38/66 83/38/52 84/40/53
f 117/42/66 116/40/66 84/40/53 85/42/54
f 118/44/66 117/42/66 85/42/54 86/44/55
f 119/46/66 118/44/66 86/44/55 87/46/56
f 120/48/66 119/46/66 87/46/56 88/48/57
f 121/50/66 120/48/66 88/48/57 89/50/58
f 122/52/66 121/50/66 89/50/58 90/52/59
f 123/54/66 122/52/66 90/52/59 91/54/60
f 124/56/66 123/54/66 91/54/60 92/56/61
f 125/58/66 124/56/66 92/56/61 93/58/62
f 126/60/66 125/58/66 93/58/62 94/60/63
f 127/62/66 126/60/66 94/60/63 95/62/64
f 128/64/66 127/62/66 95/62/64 96/64/65
f 97/1/66 128/64/66 96/64/65 65/1/34
f 130/4/66 129/1/66 97/1/66 98/4/66
f 131/6/66 130/4/66 98/4/66 99/6/66
f 132/8/66 131/6/66 99/6/66 100/8/66
f 133/10/66 132/8/66 100/8/66 101/10/66
f 134/12/66 133/10/66 101/10/66 102/12/66
f 135/14/66 134/12/66 102/12/66 103/14/66
f 136/16/66 135/14/66 103/14/66 104/16/66
f 137/18/66 136/16/66 104/16/66 105/18/66
f 138/20/66 137/18/66 105/18/66 106/20/66
f 139/22/66 138/20/66 106/20/66 107/22/66
f 140/24/66 139/22/66 107/22/66 108/24/66
f 141/26/66 140/24/66 108/24/66 109/26/66
f 142/28/66 141/26/66 109/26/66 110/28/66
f 143/30/66 142/28/66 110/28/66 111/30/66
f 144/32/66 143/30/66 111/30/66 112/32/66
f 145/34/66 144/32/66 112/32/66 113/34/66
f 146/36/66 145/34/66 113/34/66 114/36/66
f 147/38/66 146/36/66 114/36/66 115/38/66
f 148/40/66 147/38/66 115/38/66 116/40/66
f 149/42/66 148/40/66 116/40/66 117/42/66
f 150/44/66 149/42/66 117/42/66 118/44/66
f 151/46/66 150/44/66 118/44/66 119/46/66
f 152/48/66 151/46/66 119/46/66 120/48/66
f 153/50/66 152/48/66 120/48/66 121/50/66
f 154/52/66 153/50/66 121/50/66 122/52/66
f 155/54/66 154/52/66 122/52/66 123/54/66
f 156/56/66 155/54/66 123/54/66 124/56/66
f 157/58/66 156/56/66 124/56/66 125/58/66
f 158/60/66 157/58/66 125/58/66 126/60/66
f 159/62/66 158/60/66 126/60/66 127/62/66
f 160/64/66 159/62/66 127/62/66 128/64/66
f 129/1/66 160/64/66 128/64/66 97/1/66
f 3/97/1 1/98/1 129/1/66 130/4/66
f 5/99/1 3/97/1 130/4/66 131/6/66
f 7/100/1 5/99/1 131/6/66 132/8/66
f 9/101/1 7/100/1 132/8/66 133/10/66
f 11/102/1 9/101/1 133/10/66 134/12/66
f 13/103/1 11/102/1 134/12/66 135/14/66
f 15/104/1 13/103/1 135/14/66 136/16/66
f 17/105/1 15/104/1 136/16/66 137/18/66
f 19/106/1 17/105/1 137/18/66 138/20/66
f 21/107/1 19/106/1 138/20/66 139/22/66
f 23/108/1 21/107/1 139/22/66 140/24/66
f 25/109/1 23/108/1 140/24/66 141/26/66
f 27/110/1 25/109/1 141/26/66 142/28/66
f 29/111/1 27/110/1 142/28/66 143/30/66
f 31/112/1 29/111/1 143/30/66 144/32/66
f 33/113/1 31/112/1 144/32/66 145/34/66
f 35/114/1 33/113/1 145/34/66 146/36/66
f 37/115/1 35/114/1 146/36/66 147/38/66
f 39/116/1 37/115/1 147/38/66 148/40/66
f 41/117/1 39/116/1 148/40/66 149/42/66
f 43/118/1 41/117/1 149/42/66 150/44/66
f 45/119/1 43/118/1 150/44/66 151/46/66
f 47/120/1 45/119/1 151/46/66 152/48/66
f 49/121/1 47/120/1 152/48/66 153/50/66
f 51/122/1 49/121/1 153/50/66 154/52/66
f 53/123/1 51/122/1 154/52/66 155/54/66
f 55/124/1 53/123/1 155/54/66 156/56/66
f 57/125/1 55/124/1 156/56/66 157/58/66
f 59/126/1 57/125/1 157/58/66 158/60/66
f 61/127/1 59/126/1 158/60/66 159/62/66
f 63/128/1 61/127/1 159/62/66 160/64/66
f 1/98/1 63/128/1 160/64/66 129/1/66
usemtl Material.047
f 1/65/1 3/66/1 5/67/1 7/68/1 9/69/1 11/70/1 13/71/1 15/72/1 17/73/1 19/74/1 21/75/1 23/76/1 25/77/1 27/78/1 29/79/1 31/80/1 33/81/1 35/82/1 37/83/1 39/84/1 41/85/1 43/86/1 45/87/1 47/88/1 49/89/1 51/90/1 53/91/1 55/92/1 57/93/1 59/94/1 61/95/1 63/96/1
o Cylinder.179
v 214.230179 130.598831 93.217239
v 213.871811 130.901962 93.217239
v 214.253891 130.598831 92.976463
v 213.902420 130.901962 92.906548
v 214.324127 130.598831 92.744942
v 213.993042 130.901962 92.607803
v 214.438187 130.598831 92.531570
v 214.140198 130.901962 92.332474
v 214.591660 130.598831 92.344551
v 214.338257 130.901962 92.091141
v 214.778687 130.598831 92.191063
v 214.579590 130.901962 91.893089
v 214.992050 130.598831 92.077011
v 214.854919 130.901962 91.745926
v 215.223587 130.598831 92.006783
v 215.153671 130.901962 91.655296
v 215.464355 130.598831 91.983070
v 215.464355 130.901962 91.624695
v 215.705124 130.598831 92.006783
v 215.775040 130.901962 91.655296
v 215.936646 130.598831 92.077011
v 216.073792 130.901962 91.745918
v 216.150024 130.598831 92.191063
v 216.349121 130.901962 91.893089
v 216.337051 130.598831 92.344551
v 216.590454 130.901962 92.091141
v 216.490524 130.598831 92.531570
v 216.788498 130.901962 92.332466
v 216.604584 130.598831 92.744942
v 216.935669 130.901962 92.607796
v 216.674805 130.598831 92.976463
v 217.026291 130.901962 92.906548
v 216.698532 130.598831 93.217239
v 217.056900 130.901962 93.217239
v 216.674820 130.598831 93.458015
v 217.026291 130.901962 93.527931
v 216.604584 130.598831 93.689537
v 216.935669 130.901962 93.826675
v 216.490524 130.598831 93.902908
v 216.788513 130.901962 94.102005
v 216.337051 130.598831 94.089928
v 216.590454 130.901962 94.343338
v 216.150024 130.598831 94.243416
v 216.349121 130.901962 94.541389
v 215.936661 130.598831 94.357468
v 216.073792 130.901962 94.688553
v 215.705124 130.598831 94.427696
v 215.775040 130.901962 94.779182
v 215.464355 130.598831 94.451408
v 215.464355 130.901962 94.809784
v 215.223587 130.598831 94.427696
v 215.153671 130.901962 94.779182
v 214.992065 130.598831 94.357468
v 214.854919 130.901962 94.688560
v 214.778687 130.598831 94.243416
v 214.579590 130.901962 94.541389
v 214.591660 130.598831 94.089928
v 214.338257 130.901962 94.343338
v 214.438187 130.598831 93.902908
v 214.140213 130.901962 94.102013
v 214.324127 130.598831 93.689537
v 213.993042 130.901962 93.826683
v 214.253906 130.598831 93.458015
v 213.902420 130.901962 93.527931
v 213.871811 130.598831 93.217239
v 213.902420 130.598831 92.906548
v 213.993042 130.598831 92.607803
v 214.140198 130.598831 92.332474
v 214.338257 130.598831 92.091141
v 214.579590 130.598831 91.893089
v 214.854919 130.598831 91.745926
v 215.153671 130.598831 91.655296
v 215.464355 130.598831 91.624695
v 215.775040 130.598831 91.655296
v 216.073792 130.598831 91.745918
v 216.349121 130.598831 91.893089
v 216.590454 130.598831 92.091141
v 216.788498 130.598831 92.332466
v 216.935669 130.598831 92.607796
v 217.026291 130.598831 92.906548
v 217.056900 130.598831 93.217239
v 217.026291 130.598831 93.527931
v 216.935669 130.598831 93.826675
v 216.788513 130.598831 94.102005
v 216.590454 130.598831 94.343338
v 216.349121 130.598831 94.541389
v 216.073792 130.598831 94.688553
v 215.775040 130.598831 94.779182
v 215.464355 130.598831 94.809784
v 215.153671 130.598831 94.779182
v 214.854919 130.598831 94.688560
v 214.579590 130.598831 94.541389
v 214.338257 130.598831 94.343338
v 214.140213 130.598831 94.102013
v 213.993042 130.598831 93.826683
v 213.902420 130.598831 93.527931
v 213.871811 130.598831 93.217239
v 213.902420 130.598831 92.906548
v 213.993042 130.598831 92.607803
v 214.140198 130.598831 92.332474
v 214.338257 130.598831 92.091141
v 214.579590 130.598831 91.893089
v 214.854919 130.598831 91.745926
v 215.153671 130.598831 91.655296
v 215.464355 130.598831 91.624695
v 215.775040 130.598831 91.655296
v 216.073792 130.598831 91.745918
v 216.349121 130.598831 91.893089
v 216.590454 130.598831 92.091141
v 216.788498 130.598831 92.332466
v 216.935669 130.598831 92.607796
v 217.026291 130.598831 92.906548
v 217.056900 130.598831 93.217239
v 217.026291 130.598831 93.527931
v 216.935669 130.598831 93.826675
v 216.788513 130.598831 94.102005
v 216.590454 130.598831 94.343338
v 216.349121 130.598831 94.541389
v 216.073792 130.598831 94.688553
v 215.775040 130.598831 94.779182
v 215.464355 130.598831 94.809784
v 215.153671 130.598831 94.779182
v 214.854919 130.598831 94.688560
v 214.579590 130.598831 94.541389
v 214.338257 130.598831 94.343338
v 214.140213 130.598831 94.102013
v 213.993042 130.598831 93.826683
v 213.902420 130.598831 93.527931
v 213.871811 130.598831 93.217239
v 213.902420 130.598831 92.906548
v 213.993042 130.598831 92.607803
v 214.140198 130.598831 92.332474
v 214.338257 130.598831 92.091141
v 214.579590 130.598831 91.893089
v 214.854919 130.598831 91.745926
v 215.153671 130.598831 91.655296
v 215.464355 130.598831 91.624695
v 215.775040 130.598831 91.655296
v 216.073792 130.598831 91.745918
v 216.349121 130.598831 91.893089
v 216.590454 130.598831 92.091141
v 216.788498 130.598831 92.332466
v 216.935669 130.598831 92.607796
v 217.026291 130.598831 92.906548
v 217.056900 130.598831 93.217239
v 217.026291 130.598831 93.527931
v 216.935669 130.598831 93.826675
v 216.788513 130.598831 94.102005
v 216.590454 130.598831 94.343338
v 216.349121 130.598831 94.541389
v 216.073792 130.598831 94.688553
v 215.775040 130.598831 94.779182
v 215.464355 130.598831 94.809784
v 215.153671 130.598831 94.779182
v 214.854919 130.598831 94.688560
v 214.579590 130.598831 94.541389
v 214.338257 130.598831 94.343338
v 214.140213 130.598831 94.102013
v 213.993042 130.598831 93.826683
v 213.902420 130.598831 93.527931
vn -0.0000 -1.0000 -0.0000
vn -0.1005 0.9949 -0.0000
vn -0.0986 0.9949 -0.0196
vn -0.0929 0.9949 -0.0385
vn -0.0836 0.9949 -0.0558
vn -0.0711 0.9949 -0.0711
vn -0.0558 0.9949 -0.0836
vn -0.0385 0.9949 -0.0929
vn -0.0196 0.9949 -0.0986
vn -0.0000 0.9949 -0.1005
vn 0.0196 0.9949 -0.0986
vn 0.0385 0.9949 -0.0929
vn 0.0558 0.9949 -0.0836
vn 0.0711 0.9949 -0.0711
vn 0.0836 0.9949 -0.0558
vn 0.0929 0.9949 -0.0385
vn 0.0986 0.9949 -0.0196
vn 0.1005 0.9949 -0.0000
vn 0.0986 0.9949 0.0196
vn 0.0929 0.9949 0.0385
vn 0.0836 0.9949 0.0558
vn 0.0711 0.9949 0.0711
vn 0.0558 0.9949 0.0836
vn 0.0385 0.9949 0.0929
vn 0.0196 0.9949 0.0986
vn -0.0000 0.9949 0.1005
vn -0.0196 0.9949 0.0986
vn -0.0385 0.9949 0.0929
vn -0.0558 0.9949 0.0836
vn -0.0711 0.9949 0.0711
vn -0.0836 0.9949 0.0558
vn -0.0929 0.9949 0.0385
vn -0.0986 0.9949 0.0196
vn -0.0943 0.9955 -0.0000
vn -0.0925 0.9955 -0.0184
vn -0.0871 0.9955 -0.0361
vn -0.0784 0.9955 -0.0524
vn -0.0667 0.9955 -0.0667
vn -0.0524 0.9955 -0.0784
vn -0.0361 0.9955 -0.0871
vn -0.0184 0.9955 -0.0925
vn -0.0000 0.9955 -0.0943
vn 0.0184 0.9955 -0.0925
vn 0.0361 0.9955 -0.0871
vn 0.0524 0.9955 -0.0784
vn 0.0667 0.9955 -0.0667
vn 0.0784 0.9955 -0.0524
vn 0.0871 0.9955 -0.0361
vn 0.0925 0.9955 -0.0184
vn 0.0943 0.9955 -0.0000
vn 0.0925 0.9955 0.0184
vn 0.0871 0.9955 0.0361
vn 0.0784 0.9955 0.0524
vn 0.0667 0.9955 0.0667
vn 0.0524 0.9955 0.0784
vn 0.0361 0.9955 0.0871
vn 0.0184 0.9955 0.0925
vn -0.0000 0.9955 0.0943
vn -0.0184 0.9955 0.0925
vn -0.0361 0.9955 0.0871
vn -0.0524 0.9955 0.0784
vn -0.0667 0.9955 0.0667
vn -0.0784 0.9955 0.0524
vn -0.0871 0.9955 0.0361
vn -0.0925 0.9955 0.0184
vn -0.0000 1.0000 -0.0000
vt 0.835768 0.814306
vt 0.835686 0.818363
vt 0.836788 0.820420
vt 0.836871 0.816340
vt 0.837424 0.822569
vt 0.837509 0.818466
vt 0.837562 0.824729
vt 0.837647 0.820601
vt 0.837186 0.826814
vt 0.837272 0.822664
vt 0.836303 0.828741
vt 0.836388 0.824570
vt 0.834940 0.830428
vt 0.835023 0.826238
vt 0.833145 0.831802
vt 0.833227 0.827596
vt 0.830989 0.832802
vt 0.831069 0.828585
vt 0.828559 0.833383
vt 0.828636 0.829160
vt 0.825956 0.833517
vt 0.826030 0.829293
vt 0.823291 0.833200
vt 0.823362 0.828979
vt 0.820675 0.832446
vt 0.820743 0.828233
vt 0.818219 0.831288
vt 0.818284 0.827088
vt 0.816022 0.829779
vt 0.816085 0.825596
vt 0.814172 0.827986
vt 0.814232 0.823822
vt 0.812737 0.825984
vt 0.812795 0.821843
vt 0.811767 0.823859
vt 0.811824 0.819741
vt 0.811293 0.821693
vt 0.811348 0.817599
vt 0.811322 0.819572
vt 0.811377 0.815502
vt 0.811844 0.817574
vt 0.811900 0.813525
vt 0.812832 0.815770
vt 0.812888 0.811742
vt 0.814241 0.814223
vt 0.814299 0.810212
vt 0.816017 0.812985
vt 0.816076 0.808988
vt 0.818091 0.812096
vt 0.818152 0.808109
vt 0.820389 0.811584
vt 0.820452 0.807603
vt 0.822829 0.811466
vt 0.822895 0.807486
vt 0.825327 0.811744
vt 0.825396 0.807761
vt 0.827796 0.812411
vt 0.827867 0.808421
vt 0.830148 0.813446
vt 0.830222 0.809444
vt 0.832299 0.814815
vt 0.832376 0.810797
vt 0.834169 0.816472
vt 0.834249 0.812437
vt 0.889539 0.815137
vt 0.891039 0.816720
vt 0.891892 0.818368
vt 0.892057 0.820020
vt 0.891516 0.821610
vt 0.890281 0.823076
vt 0.888393 0.824356
vt 0.885921 0.825396
vt 0.882960 0.826152
vt 0.879630 0.826591
vt 0.876067 0.826693
vt 0.872418 0.826453
vt 0.868835 0.825883
vt 0.865463 0.825007
vt 0.862440 0.823864
vt 0.859883 0.822502
vt 0.857890 0.820978
vt 0.856531 0.819355
vt 0.855851 0.817697
vt 0.855865 0.816068
vt 0.856563 0.814529
vt 0.857910 0.813136
vt 0.859847 0.811940
vt 0.862298 0.810980
vt 0.865171 0.810290
vt 0.868360 0.809892
vt 0.871750 0.809800
vt 0.875219 0.810017
vt 0.878646 0.810535
vt 0.881906 0.811338
vt 0.884880 0.812398
vt 0.887458 0.813679
vt 0.834078 0.816720
vt 0.833235 0.815137
vt 0.834558 0.818368
vt 0.834651 0.820020
vt 0.834347 0.821610
vt 0.833652 0.823076
vt 0.832590 0.824356
vt 0.831199 0.825396
vt 0.829534 0.826152
vt 0.827661 0.826591
vt 0.825657 0.826693
vt 0.823604 0.826453
vt 0.821588 0.825883
vt 0.819692 0.825007
vt 0.817991 0.823864
vt 0.816553 0.822502
vt 0.815432 0.820978
vt 0.814668 0.819355
vt 0.814285 0.817697
vt 0.814293 0.816068
vt 0.814686 0.814529
vt 0.815443 0.813136
vt 0.816533 0.811940
vt 0.817912 0.810980
vt 0.819528 0.810290
vt 0.821321 0.809892
vt 0.823228 0.809800
vt 0.825180 0.810017
vt 0.827107 0.810535
vt 0.828941 0.811338
vt 0.830614 0.812398
vt 0.832064 0.813679
s 1
usemtl Material.048
f 225/129/100 162/130/68 164/131/69 226/132/101
f 226/132/101 164/131/69 166/133/70 227/134/102
f 227/134/102 166/133/70 168/135/71 228/136/103
f 228/136/103 168/135/71 170/137/72 229/138/104
f 229/138/104 170/137/72 172/139/73 230/140/105
f 230/140/105 172/139/73 174/141/74 231/142/106
f 231/142/106 174/141/74 176/143/75 232/144/107
f 232/144/107 176/143/75 178/145/76 233/146/108
f 233/146/108 178/145/76 180/147/77 234/148/109
f 234/148/109 180/147/77 182/149/78 235/150/110
f 235/150/110 182/149/78 184/151/79 236/152/111
f 236/152/111 184/151/79 186/153/80 237/154/112
f 237/154/112 186/153/80 188/155/81 238/156/113
f 238/156/113 188/155/81 190/157/82 239/158/114
f 239/158/114 190/157/82 192/159/83 240/160/115
f 240/160/115 192/159/83 194/161/84 241/162/116
f 241/162/116 194/161/84 196/163/85 242/164/117
f 242/164/117 196/163/85 198/165/86 243/166/118
f 243/166/118 198/165/86 200/167/87 244/168/119
f 244/168/119 200/167/87 202/169/88 245/170/120
f 245/170/120 202/169/88 204/171/89 246/172/121
f 246/172/121 204/171/89 206/173/90 247/174/122
f 247/174/122 206/173/90 208/175/91 248/176/123
f 248/176/123 208/175/91 210/177/92 249/178/124
f 249/178/124 210/177/92 212/179/93 250/180/125
f 250/180/125 212/179/93 214/181/94 251/182/126
f 251/182/126 214/181/94 216/183/95 252/184/127
f 252/184/127 216/183/95 218/185/96 253/186/128
f 253/186/128 218/185/96 220/187/97 254/188/129
f 254/188/129 220/187/97 222/189/98 255/190/130
f 164/131/69 162/130/68 224/191/99 222/189/98 220/187/97 218/185/96 216/183/95 214/181/94 212/179/93 210/177/92 208/175/91 206/173/90 204/171/89 202/169/88 200/167/87 198/165/86 196/163/85 194/161/84 192/159/83 190/157/82 188/155/81 186/153/80 184/151/79 182/149/78 180/147/77 178/145/76 176/143/75 174/141/74 172/139/73 170/137/72 168/135/71 166/133/70
f 255/190/130 222/189/98 224/191/99 256/192/131
f 256/192/131 224/191/99 162/130/68 225/129/100
f 258/132/132 257/129/132 225/129/100 226/132/101
f 259/134/132 258/132/132 226/132/101 227/134/102
f 260/136/132 259/134/132 227/134/102 228/136/103
f 261/138/132 260/136/132 228/136/103 229/138/104
f 262/140/132 261/138/132 229/138/104 230/140/105
f 263/142/132 262/140/132 230/140/105 231/142/106
f 264/144/132 263/142/132 231/142/106 232/144/107
f 265/146/132 264/144/132 232/144/107 233/146/108
f 266/148/132 265/146/132 233/146/108 234/148/109
f 267/150/132 266/148/132 234/148/109 235/150/110
f 268/152/132 267/150/132 235/150/110 236/152/111
f 269/154/132 268/152/132 236/152/111 237/154/112
f 270/156/132 269/154/132 237/154/112 238/156/113
f 271/158/132 270/156/132 238/156/113 239/158/114
f 272/160/132 271/158/132 239/158/114 240/160/115
f 273/162/132 272/160/132 240/160/115 241/162/116
f 274/164/132 273/162/132 241/162/116 242/164/117
f 275/166/132 274/164/132 242/164/117 243/166/118
f 276/168/132 275/166/132 243/166/118 244/168/119
f 277/170/132 276/168/132 244/168/119 245/170/120
f 278/172/132 277/170/132 245/170/120 246/172/121
f 279/174/132 278/172/132 246/172/121 247/174/122
f 280/176/132 279/174/132 247/174/122 248/176/123
f 281/178/132 280/176/132 248/176/123 249/178/124
f 282/180/132 281/178/132 249/178/124 250/180/125
f 283/182/132 282/180/132 250/180/125 251/182/126
f 284/184/132 283/182/132 251/182/126 252/184/127
f 285/186/132 284/184/132 252/184/127 253/186/128
f 286/188/132 285/186/132 253/186/128 254/188/129
f 287/190/132 286/188/132 254/188/129 255/190/130
f 288/192/132 287/190/132 255/190/130 256/192/131
f 257/129/132 288/192/132 256/192/131 225/129/100
f 290/132/132 289/129/132 257/129/132 258/132/132
f 291/134/132 290/132/132 258/132/132 259/134/132
f 292/136/132 291/134/132 259/134/132 260/136/132
f 293/138/132 292/136/132 260/136/132 261/138/132
f 294/140/132 293/138/132 261/138/132 262/140/132
f 295/142/132 294/140/132 262/140/132 263/142/132
f 296/144/132 295/142/132 263/142/132 264/144/132
f 297/146/132 296/144/132 264/144/132 265/146/132
f 298/148/132 297/146/132 265/146/132 266/148/132
f 299/150/132 298/148/132 266/148/132 267/150/132
f 300/152/132 299/150/132 267/150/132 268/152/132
f 301/154/132 300/152/132 268/152/132 269/154/132
f 302/156/132 301/154/132 269/154/132 270/156/132
f 303/158/132 302/156/132 270/156/132 271/158/132
f 304/160/132 303/158/132 271/158/132 272/160/132
f 305/162/132 304/160/132 272/160/132 273/162/132
f 306/164/132 305/162/132 273/162/132 274/164/132
f 307/166/132 306/164/132 274/164/132 275/166/132
f 308/168/132 307/166/132 275/166/132 276/168/132
f 309/170/132 308/168/132 276/168/132 277/170/132
f 310/172/132 309/170/132 277/170/132 278/172/132
f 311/174/132 310/172/132 278/172/132 279/174/132
f 312/176/132 311/174/132 279/174/132 280/176/132
f 313/178/132 312/176/132 280/176/132 281/178/132
f 314/180/132 313/178/132 281/178/132 282/180/132
f 315/182/132 314/180/132 282/180/132 283/182/132
f 316/184/132 315/182/132 283/182/132 284/184/132
f 317/186/132 316/184/132 284/184/132 285/186/132
f 318/188/132 317/186/132 285/186/132 286/188/132
f 319/190/132 318/188/132 286/188/132 287/190/132
f 320/192/132 319/190/132 287/190/132 288/192/132
f 289/129/132 320/192/132 288/192/132 257/129/132
f 163/225/67 161/226/67 289/129/132 290/132/132
f 165/227/67 163/225/67 290/132/132 291/134/132
f 167/228/67 165/227/67 291/134/132 292/136/132
f 169/229/67 167/228/67 292/136/132 293/138/132
f 171/230/67 169/229/67 293/138/132 294/140/132
f 173/231/67 171/230/67 294/140/132 295/142/132
f 175/232/67 173/231/67 295/142/132 296/144/132
f 177/233/67 175/232/67 296/144/132 297/146/132
f 179/234/67 177/233/67 297/146/132 298/148/132
f 181/235/67 179/234/67 298/148/132 299/150/132
f 183/236/67 181/235/67 299/150/132 300/152/132
f 185/237/67 183/236/67 300/152/132 301/154/132
f 187/238/67 185/237/67 301/154/132 302/156/132
f 189/239/67 187/238/67 302/156/132 303/158/132
f 191/240/67 189/239/67 303/158/132 304/160/132
f 193/241/67 191/240/67 304/160/132 305/162/132
f 195/242/67 193/241/67 305/162/132 306/164/132
f 197/243/67 195/242/67 306/164/132 307/166/132
f 199/244/67 197/243/67 307/166/132 308/168/132
f 201/245/67 199/244/67 308/168/132 309/170/132
f 203/246/67 201/245/67 309/170/132 310/172/132
f 205/247/67 203/246/67 310/172/132 311/174/132
f 207/248/67 205/247/67 311/174/132 312/176/132
f 209/249/67 207/248/67 312/176/132 313/178/132
f 211/250/67 209/249/67 313/178/132 314/180/132
f 213/251/67 211/250/67 314/180/132 315/182/132
f 215/252/67 213/251/67 315/182/132 316/184/132
f 217/253/67 215/252/67 316/184/132 317/186/132
f 219/254/67 217/253/67 317/186/132 318/188/132
f 221/255/67 219/254/67 318/188/132 319/190/132
f 223/256/67 221/255/67 319/190/132 320/192/132
f 161/226/67 223/256/67 320/192/132 289/129/132
usemtl Material.048
f 161/193/67 163/194/67 165/195/67 167/196/67 169/197/67 171/198/67 173/199/67 175/200/67 177/201/67 179/202/67 181/203/67 183/204/67 185/205/67 187/206/67 189/207/67 191/208/67 193/209/67 195/210/67 197/211/67 199/212/67 201/213/67 203/214/67 205/215/67 207/216/67 209/217/67 211/218/67 213/219/67 215/220/67 217/221/67 219/222/67 221/223/67 223/224/67
o Cylinder.178
v 236.469788 130.598816 93.217239
v 236.111420 130.901947 93.217239
v 236.493500 130.598816 92.976463
v 236.142029 130.901947 92.906548
v 236.563736 130.598816 92.744942
v 236.232651 130.901947 92.607803
v 236.677795 130.598816 92.531570
v 236.379807 130.901947 92.332474
v 236.831268 130.598816 92.344551
v 236.577866 130.901947 92.091141
v 237.018295 130.598816 92.191063
v 236.819199 130.901947 91.893089
v 237.231659 130.598816 92.077011
v 237.094528 130.901947 91.745926
v 237.463196 130.598816 92.006783
v 237.393280 130.901947 91.655296
v 237.703964 130.598816 91.983070
v 237.703964 130.901947 91.624695
v 237.944733 130.598816 92.006783
v 238.014648 130.901947 91.655296
v 238.176254 130.598816 92.077011
v 238.313400 130.901947 91.745918
v 238.389633 130.598816 92.191063
v 238.588730 130.901947 91.893089
v 238.576660 130.598816 92.344551
v 238.830063 130.901947 92.091141
v 238.730133 130.598816 92.531570
v 239.028107 130.901947 92.332466
v 238.844193 130.598816 92.744942
v 239.175278 130.901947 92.607796
v 238.914413 130.598816 92.976463
v 239.265900 130.901947 92.906548
v 238.938141 130.598816 93.217239
v 239.296509 130.901947 93.217239
v 238.914429 130.598816 93.458015
v 239.265900 130.901947 93.527931
v 238.844193 130.598816 93.689537
v 239.175278 130.901947 93.826675
v 238.730133 130.598816 93.902908
v 239.028122 130.901947 94.102005
v 238.576660 130.598816 94.089928
v 238.830063 130.901947 94.343338
v 238.389633 130.598816 94.243416
v 238.588730 130.901947 94.541389
v 238.176270 130.598816 94.357468
v 238.313400 130.901947 94.688553
v 237.944733 130.598816 94.427696
v 238.014648 130.901947 94.779182
v 237.703964 130.598816 94.451408
v 237.703964 130.901947 94.809784
v 237.463196 130.598816 94.427696
v 237.393280 130.901947 94.779182
v 237.231674 130.598816 94.357468
v 237.094528 130.901947 94.688560
v 237.018295 130.598816 94.243416
v 236.819199 130.901947 94.541389
v 236.831268 130.598816 94.089928
v 236.577866 130.901947 94.343338
v 236.677795 130.598816 93.902908
v 236.379822 130.901947 94.102013
v 236.563736 130.598816 93.689537
v 236.232651 130.901947 93.826683
v 236.493515 130.598816 93.458015
v 236.142029 130.901947 93.527931
v 236.111420 130.598816 93.217239
v 236.142029 130.598816 92.906548
v 236.232651 130.598816 92.607803
v 236.379807 130.598816 92.332474
v 236.577866 130.598816 92.091141
v 236.819199 130.598816 91.893089
v 237.094528 130.598816 91.745926
v 237.393280 130.598816 91.655296
v 237.703964 130.598816 91.624695
v 238.014648 130.598816 91.655296
v 238.313400 130.598816 91.745918
v 238.588730 130.598816 91.893089
v 238.830063 130.598816 92.091141
v 239.028107 130.598816 92.332466
v 239.175278 130.598816 92.607796
v 239.265900 130.598816 92.906548
v 239.296509 130.598816 93.217239
v 239.265900 130.598816 93.527931
v 239.175278 130.598816 93.826675
v 239.028122 130.598816 94.102005
v 238.830063 130.598816 94.343338
v 238.588730 130.598816 94.541389
v 238.313400 130.598816 94.688553
v 238.014648 130.598816 94.779182
v 237.703964 130.598816 94.809784
v 237.393280 130.598816 94.779182
v 237.094528 130.598816 94.688560
v 236.819199 130.598816 94.541389
v 236.577866 130.598816 94.343338
v 236.379822 130.598816 94.102013
v 236.232651 130.598816 93.826683
v 236.142029 130.598816 93.527931
v 236.111420 130.598816 93.217239
v 236.142029 130.598816 92.906548
v 236.232651 130.598816 92.607803
v 236.379807 130.598816 92.332474
v 236.577866 130.598816 92.091141
v 236.819199 130.598816 91.893089
v 237.094528 130.598816 91.745926
v 237.393280 130.598816 91.655296
v 237.703964 130.598816 91.624695
v 238.014648 130.598816 91.655296
v 238.313400 130.598816 91.745918
v 238.588730 130.598816 91.893089
v 238.830063 130.598816 92.091141
v 239.028107 130.598816 92.332466
v 239.175278 130.598816 92.607796
v 239.265900 130.598816 92.906548
v 239.296509 130.598816 93.217239
v 239.265900 130.598816 93.527931
v 239.175278 130.598816 93.826675
v 239.028122 130.598816 94.102005
v 238.830063 130.598816 94.343338
v 238.588730 130.598816 94.541389
v 238.313400 130.598816 94.688553
v 238.014648 130.598816 94.779182
v 237.703964 130.598816 94.809784
v 237.393280 130.598816 94.779182
v 237.094528 130.598816 94.688560
v 236.819199 130.598816 94.541389
v 236.577866 130.598816 94.343338
v 236.379822 130.598816 94.102013
v 236.232651 130.598816 93.826683
v 236.142029 130.598816 93.527931
v 236.111420 130.598816 93.217239
v 236.142029 130.598816 92.906548
v 236.232651 130.598816 92.607803
v 236.379807 130.598816 92.332474
v 236.577866 130.598816 92.091141
v 236.819199 130.598816 91.893089
v 237.094528 130.598816 91.745926
v 237.393280 130.598816 91.655296
v 237.703964 130.598816 91.624695
v 238.014648 130.598816 91.655296
v 238.313400 130.598816 91.745918
v 238.588730 130.598816 91.893089
v 238.830063 130.598816 92.091141
v 239.028107 130.598816 92.332466
v 239.175278 130.598816 92.607796
v 239.265900 130.598816 92.906548
v 239.296509 130.598816 93.217239
v 239.265900 130.598816 93.527931
v 239.175278 130.598816 93.826675
v 239.028122 130.598816 94.102005
v 238.830063 130.598816 94.343338
v 238.588730 130.598816 94.541389
v 238.313400 130.598816 94.688553
v 238.014648 130.598816 94.779182
v 237.703964 130.598816 94.809784
v 237.393280 130.598816 94.779182
v 237.094528 130.598816 94.688560
v 236.819199 130.598816 94.541389
v 236.577866 130.598816 94.343338
v 236.379822 130.598816 94.102013
v 236.232651 130.598816 93.826683
v 236.142029 130.598816 93.527931
vn -0.0000 -1.0000 -0.0000
vn -0.1005 0.9949 -0.0000
vn -0.0986 0.9949 -0.0196
vn -0.0929 0.9949 -0.0385
vn -0.0836 0.9949 -0.0558
vn -0.0711 0.9949 -0.0711
vn -0.0558 0.9949 -0.0836
vn -0.0385 0.9949 -0.0929
vn -0.0196 0.9949 -0.0986
vn -0.0000 0.9949 -0.1005
vn 0.0196 0.9949 -0.0986
vn 0.0385 0.9949 -0.0929
vn 0.0558 0.9949 -0.0836
vn 0.0711 0.9949 -0.0711
vn 0.0836 0.9949 -0.0558
vn 0.0929 0.9949 -0.0385
vn 0.0986 0.9949 -0.0196
vn 0.1005 0.9949 -0.0000
vn 0.0986 0.9949 0.0196
vn 0.0929 0.9949 0.0385
vn 0.0836 0.9949 0.0558
vn 0.0711 0.9949 0.0711
vn 0.0558 0.9949 0.0836
vn 0.0385 0.9949 0.0929
vn 0.0196 0.9949 0.0986
vn -0.0000 0.9949 0.1005
vn -0.0196 0.9949 0.0986
vn -0.0385 0.9949 0.0929
vn -0.0558 0.9949 0.0836
vn -0.0711 0.9949 0.0711
vn -0.0836 0.9949 0.0558
vn -0.0929 0.9949 0.0385
vn -0.0986 0.9949 0.0196
vn -0.0943 0.9955 -0.0000
vn -0.0925 0.9955 -0.0184
vn -0.0871 0.9955 -0.0361
vn -0.0784 0.9955 -0.0524
vn -0.0667 0.9955 -0.0667
vn -0.0524 0.9955 -0.0784
vn -0.0361 0.9955 -0.0871
vn -0.0184 0.9955 -0.0925
vn -0.0000 0.9955 -0.0943
vn 0.0184 0.9955 -0.0925
vn 0.0361 0.9955 -0.0871
vn 0.0524 0.9955 -0.0784
vn 0.0667 0.9955 -0.0667
vn 0.0784 0.9955 -0.0524
vn 0.0871 0.9955 -0.0361
vn 0.0925 0.9955 -0.0184
vn 0.0943 0.9955 -0.0000
vn 0.0925 0.9955 0.0184
vn 0.0871 0.9955 0.0361
vn 0.0784 0.9955 0.0524
vn 0.0667 0.9955 0.0667
vn 0.0524 0.9955 0.0784
vn 0.0361 0.9955 0.0871
vn 0.0184 0.9955 0.0925
vn -0.0000 0.9955 0.0943
vn -0.0184 0.9955 0.0925
vn -0.0361 0.9955 0.0871
vn -0.0524 0.9955 0.0784
vn -0.0667 0.9955 0.0667
vn -0.0784 0.9955 0.0524
vn -0.0871 0.9955 0.0361
vn -0.0925 0.9955 0.0184
vn -0.0000 1.0000 -0.0000
vt 0.851514 0.759617
vt 0.851657 0.764347
vt 0.851602 0.767241
vt 0.851458 0.762480
vt 0.850933 0.770271
vt 0.850787 0.765477
vt 0.849663 0.773323
vt 0.849514 0.768497
vt 0.847827 0.776278
vt 0.847674 0.771420
vt 0.845488 0.779013
vt 0.845331 0.774127
vt 0.842732 0.781413
vt 0.842570 0.776501
vt 0.839666 0.783371
vt 0.839499 0.778439
vt 0.836416 0.784798
vt 0.836245 0.779850
vt 0.833119 0.785628
vt 0.832943 0.780671
vt 0.829917 0.785820
vt 0.829736 0.780861
vt 0.826947 0.785367
vt 0.826762 0.780413
vt 0.824336 0.784289
vt 0.824148 0.779347
vt 0.822192 0.782638
vt 0.822002 0.777713
vt 0.820601 0.780489
vt 0.820410 0.775587
vt 0.819619 0.777940
vt 0.819428 0.773065
vt 0.819276 0.775101
vt 0.819086 0.770256
vt 0.819573 0.772092
vt 0.819384 0.767279
vt 0.820483 0.769035
vt 0.820297 0.764255
vt 0.821958 0.766047
vt 0.821776 0.761298
vt 0.823931 0.763239
vt 0.823753 0.758520
vt 0.826319 0.760709
vt 0.826145 0.756018
vt 0.829029 0.758544
vt 0.828859 0.753876
vt 0.831959 0.756814
vt 0.831793 0.752165
vt 0.835004 0.755572
vt 0.834843 0.750937
vt 0.838060 0.754859
vt 0.837903 0.750230
vt 0.841020 0.754694
vt 0.840867 0.750067
vt 0.843785 0.755082
vt 0.843635 0.750452
vt 0.846259 0.756013
vt 0.846112 0.751373
vt 0.848354 0.757458
vt 0.848209 0.752802
vt 0.849992 0.759372
vt 0.849849 0.754695
vt 0.851110 0.761694
vt 0.850967 0.756992
vt 0.847952 0.760786
vt 0.847887 0.763014
vt 0.847347 0.765339
vt 0.846342 0.767674
vt 0.844904 0.769926
vt 0.843083 0.772005
vt 0.840947 0.773823
vt 0.838580 0.775303
vt 0.836076 0.776380
vt 0.833540 0.777005
vt 0.831078 0.777150
vt 0.828792 0.776808
vt 0.826779 0.775996
vt 0.825120 0.774750
vt 0.823881 0.773124
vt 0.823107 0.771190
vt 0.822823 0.769030
vt 0.823032 0.766734
vt 0.823718 0.764392
vt 0.824847 0.762096
vt 0.826367 0.759930
vt 0.828217 0.757974
vt 0.830325 0.756295
vt 0.832610 0.754951
vt 0.834991 0.753985
vt 0.837382 0.753428
vt 0.839699 0.753300
vt 0.841861 0.753603
vt 0.843791 0.754328
vt 0.845421 0.755452
vt 0.846689 0.756938
vt 0.847545 0.758736
s 1
usemtl Material.048
f 385/257/166 322/258/134 324/259/135 386/260/167
f 386/260/167 324/259/135 326/261/136 387/262/168
f 387/262/168 326/261/136 328/263/137 388/264/169
f 388/264/169 328/263/137 330/265/138 389/266/170
f 389/266/170 330/265/138 332/267/139 390/268/171
f 390/268/171 332/267/139 334/269/140 391/270/172
f 391/270/172 334/269/140 336/271/141 392/272/173
f 392/272/173 336/271/141 338/273/142 393/274/174
f 393/274/174 338/273/142 340/275/143 394/276/175
f 394/276/175 340/275/143 342/277/144 395/278/176
f 395/278/176 342/277/144 344/279/145 396/280/177
f 396/280/177 344/279/145 346/281/146 397/282/178
f 397/282/178 346/281/146 348/283/147 398/284/179
f 398/284/179 348/283/147 350/285/148 399/286/180
f 399/286/180 350/285/148 352/287/149 400/288/181
f 400/288/181 352/287/149 354/289/150 401/290/182
f 401/290/182 354/289/150 356/291/151 402/292/183
f 402/292/183 356/291/151 358/293/152 403/294/184
f 403/294/184 358/293/152 360/295/153 404/296/185
f 404/296/185 360/295/153 362/297/154 405/298/186
f 405/298/186 362/297/154 364/299/155 406/300/187
f 406/300/187 364/299/155 366/301/156 407/302/188
f 407/302/188 366/301/156 368/303/157 408/304/189
f 408/304/189 368/303/157 370/305/158 409/306/190
f 409/306/190 370/305/158 372/307/159 410/308/191
f 410/308/191 372/307/159 374/309/160 411/310/192
f 411/310/192 374/309/160 376/311/161 412/312/193
f 412/312/193 376/311/161 378/313/162 413/314/194
f 413/314/194 378/313/162 380/315/163 414/316/195
f 414/316/195 380/315/163 382/317/164 415/318/196
f 324/259/135 322/258/134 384/319/165 382/317/164 380/315/163 378/313/162 376/311/161 374/309/160 372/307/159 370/305/158 368/303/157 366/301/156 364/299/155 362/297/154 360/295/153 358/293/152 356/291/151 354/289/150 352/287/149 350/285/148 348/283/147 346/281/146 344/279/145 342/277/144 340/275/143 338/273/142 336/271/141 334/269/140 332/267/139 330/265/138 328/263/137 326/261/136
f 415/318/196 382/317/164 384/319/165 416/320/197
f 416/320/197 384/319/165 322/258/134 385/257/166
f 418/260/198 417/257/198 385/257/166 386/260/167
f 419/262/198 418/260/198 386/260/167 387/262/168
f 420/264/198 419/262/198 387/262/168 388/264/169
f 421/266/198 420/264/198 388/264/169 389/266/170
f 422/268/198 421/266/198 389/266/170 390/268/171
f 423/270/198 422/268/198 390/268/171 391/270/172
f 424/272/198 423/270/198 391/270/172 392/272/173
f 425/274/198 424/272/198 392/272/173 393/274/174
f 426/276/198 425/274/198 393/274/174 394/276/175
f 427/278/198 426/276/198 394/276/175 395/278/176
f 428/280/198 427/278/198 395/278/176 396/280/177
f 429/282/198 428/280/198 396/280/177 397/282/178
f 430/284/198 429/282/198 397/282/178 398/284/179
f 431/286/198 430/284/198 398/284/179 399/286/180
f 432/288/198 431/286/198 399/286/180 400/288/181
f 433/290/198 432/288/198 400/288/181 401/290/182
f 434/292/198 433/290/198 401/290/182 402/292/183
f 435/294/198 434/292/198 402/292/183 403/294/184
f 436/296/198 435/294/198 403/294/184 404/296/185
f 437/298/198 436/296/198 404/296/185 405/298/186
f 438/300/198 437/298/198 405/298/186 406/300/187
f 439/302/198 438/300/198 406/300/187 407/302/188
f 440/304/198 439/302/198 407/302/188 408/304/189
f 441/306/198 440/304/198 408/304/189 409/306/190
f 442/308/198 441/306/198 409/306/190 410/308/191
f 443/310/198 442/308/198 410/308/191 411/310/192
f 444/312/198 443/310/198 411/310/192 412/312/193
f 445/314/198 444/312/198 412/312/193 413/314/194
f 446/316/198 445/314/198 413/314/194 414/316/195
f 447/318/198 446/316/198 414/316/195 415/318/196
f 448/320/198 447/318/198 415/318/196 416/320/197
f 417/257/198 448/320/198 416/320/197 385/257/166
f 450/260/198 449/257/198 417/257/198 418/260/198
f 451/262/198 450/260/198 418/260/198 419/262/198
f 452/264/198 451/262/198 419/262/198 420/264/198
f 453/266/198 452/264/198 420/264/198 421/266/198
f 454/268/198 453/266/198 421/266/198 422/268/198
f 455/270/198 454/268/198 422/268/198 423/270/198
f 456/272/198 455/270/198 423/270/198 424/272/198
f 457/274/198 456/272/198 424/272/198 425/274/198
f 458/276/198 457/274/198 425/274/198 426/276/198
f 459/278/198 458/276/198 426/276/198 427/278/198
f 460/280/198 459/278/198 427/278/198 428/280/198
f 461/282/198 460/280/198 428/280/198 429/282/198
f 462/284/198 461/282/198 429/282/198 430/284/198
f 463/286/198 462/284/198 430/284/198 431/286/198
f 464/288/198 463/286/198 431/286/198 432/288/198
f 465/290/198 464/288/198 432/288/198 433/290/198
f 466/292/198 465/290/198 433/290/198 434/292/198
f 467/294/198 466/292/198 434/292/198 435/294/198
f 468/296/198 467/294/198 435/294/198 436/296/198
f 469/298/198 468/296/198 436/296/198 437/298/198
f 470/300/198 469/298/198 437/298/198 438/300/198
f 471/302/198 470/300/198 438/300/198 439/302/198
f 472/304/198 471/302/198 439/302/198 440/304/198
f 473/306/198 472/304/198 440/304/198 441/306/198
f 474/308/198 473/306/198 441/306/198 442/308/198
f 475/310/198 474/308/198 442/308/198 443/310/198
f 476/312/198 475/310/198 443/310/198 444/312/198
f 477/314/198 476/312/198 444/312/198 445/314/198
f 478/316/198 477/314/198 445/314/198 446/316/198
f 479/318/198 478/316/198 446/316/198 447/318/198
f 480/320/198 479/318/198 447/318/198 448/320/198
f 449/257/198 480/320/198 448/320/198 417/257/198
f 323/322/133 321/321/133 449/257/198 450/260/198
f 325/323/133 323/322/133 450/260/198 451/262/198
f 327/324/133 325/323/133 451/262/198 452/264/198
f 329/325/133 327/324/133 452/264/198 453/266/198
f 331/326/133 329/325/133 453/266/198 454/268/198
f 333/327/133 331/326/133 454/268/198 455/270/198
f 335/328/133 333/327/133 455/270/198 456/272/198
f 337/329/133 335/328/133 456/272/198 457/274/198
f 339/330/133 337/329/133 457/274/198 458/276/198
f 341/331/133 339/330/133 458/276/198 459/278/198
f 343/332/133 341/331/133 459/278/198 460/280/198
f 345/333/133 343/332/133 460/280/198 461/282/198
f 347/334/133 345/333/133 461/282/198 462/284/198
f 349/335/133 347/334/133 462/284/198 463/286/198
f 351/336/133 349/335/133 463/286/198 464/288/198
f 353/337/133 351/336/133 464/288/198 465/290/198
f 355/338/133 353/337/133 465/290/198 466/292/198
f 357/339/133 355/338/133 466/292/198 467/294/198
f 359/340/133 357/339/133 467/294/198 468/296/198
f 361/341/133 359/340/133 468/296/198 469/298/198
f 363/342/133 361/341/133 469/298/198 470/300/198
f 365/343/133 363/342/133 470/300/198 471/302/198
f 367/344/133 365/343/133 471/302/198 472/304/198
f 369/345/133 367/344/133 472/304/198 473/306/198
f 371/346/133 369/345/133 473/306/198 474/308/198
f 373/347/133 371/346/133 474/308/198 475/310/198
f 375/348/133 373/347/133 475/310/198 476/312/198
f 377/349/133 375/348/133 476/312/198 477/314/198
f 379/350/133 377/349/133 477/314/198 478/316/198
f 381/351/133 379/350/133 478/316/198 479/318/198
f 383/352/133 381/351/133 479/318/198 480/320/198
f 321/321/133 383/352/133 480/320/198 449/257/198
usemtl Material.048
f 321/321/133 323/322/133 325/323/133 327/324/133 329/325/133 331/326/133 333/327/133 335/328/133 337/329/133 339/330/133 341/331/133 343/332/133 345/333/133 347/334/133 349/335/133 351/336/133 353/337/133 355/338/133 357/339/133 359/340/133 361/341/133 363/342/133 365/343/133 367/344/133 369/345/133 371/346/133 373/347/133 375/348/133 377/349/133 379/350/133 381/351/133 383/352/133
o Cylinder.180
v 199.306992 130.598816 52.050926
v 199.306992 130.901947 52.409298
v 199.066223 130.598816 52.027214
v 198.996307 130.901947 52.378700
v 198.834702 130.598816 51.956982
v 198.697556 130.901947 52.288074
v 198.621323 130.598816 51.842934
v 198.422226 130.901947 52.140907
v 198.434296 130.598816 51.689449
v 198.180893 130.901947 51.942856
v 198.280823 130.598816 51.502426
v 197.982834 130.901947 51.701527
v 198.166763 130.598816 51.289055
v 197.835678 130.901947 51.426197
v 198.096542 130.598816 51.057533
v 197.745056 130.901947 51.127445
v 198.072815 130.598816 50.816757
v 197.714447 130.901947 50.816757
v 198.096542 130.598816 50.575981
v 197.745056 130.901947 50.506069
v 198.166763 130.598816 50.344460
v 197.835678 130.901947 50.207317
v 198.280823 130.598816 50.131088
v 197.982834 130.901947 49.931988
v 198.434296 130.598816 49.944065
v 198.180893 130.901947 49.690659
v 198.621323 130.598816 49.790581
v 198.422226 130.901947 49.492607
v 198.834702 130.598816 49.676533
v 198.697556 130.901947 49.345440
v 199.066223 130.598816 49.606300
v 198.996307 130.901947 49.254814
v 199.306992 130.598816 49.582588
v 199.306992 130.901947 49.224216
v 199.547760 130.598816 49.606300
v 199.617676 130.901947 49.254814
v 199.779282 130.598816 49.676533
v 199.916428 130.901947 49.345440
v 199.992661 130.598816 49.790581
v 200.191757 130.901947 49.492607
v 200.179688 130.598816 49.944065
v 200.433090 130.901947 49.690659
v 200.333160 130.598816 50.131088
v 200.631149 130.901947 49.931988
v 200.447220 130.598816 50.344460
v 200.778305 130.901947 50.207317
v 200.517441 130.598816 50.575981
v 200.868927 130.901947 50.506069
v 200.541168 130.598816 50.816757
v 200.899536 130.901947 50.816757
v 200.517441 130.598816 51.057533
v 200.868927 130.901947 51.127445
v 200.447220 130.598816 51.289055
v 200.778305 130.901947 51.426197
v 200.333160 130.598816 51.502426
v 200.631149 130.901947 51.701527
v 200.179688 130.598816 51.689449
v 200.433090 130.901947 51.942856
v 199.992661 130.598816 51.842934
v 200.191757 130.901947 52.140907
v 199.779282 130.598816 51.956982
v 199.916428 130.901947 52.288074
v 199.547760 130.598816 52.027214
v 199.617676 130.901947 52.378700
v 199.306992 130.598816 52.409298
v 198.996307 130.598816 52.378700
v 198.697556 130.598816 52.288074
v 198.422226 130.598816 52.140907
v 198.180893 130.598816 51.942856
v 197.982834 130.598816 51.701527
v 197.835678 130.598816 51.426197
v 197.745056 130.598816 51.127445
v 197.714447 130.598816 50.816757
v 197.745056 130.598816 50.506069
v 197.835678 130.598816 50.207317
v 197.982834 130.598816 49.931988
v 198.180893 130.598816 49.690659
v 198.422226 130.598816 49.492607
v 198.697556 130.598816 49.345440
v 198.996307 130.598816 49.254814
v 199.306992 130.598816 49.224216
v 199.617676 130.598816 49.254814
v 199.916428 130.598816 49.345440
v 200.191757 130.598816 49.492607
v 200.433090 130.598816 49.690659
v 200.631149 130.598816 49.931988
v 200.778305 130.598816 50.207317
v 200.868927 130.598816 50.506069
v 200.899536 130.598816 50.816757
v 200.868927 130.598816 51.127445
v 200.778305 130.598816 51.426197
v 200.631149 130.598816 51.701527
v 200.433090 130.598816 51.942856
v 200.191757 130.598816 52.140907
v 199.916428 130.598816 52.288074
v 199.617676 130.598816 52.378700
v 199.306992 130.598816 52.409298
v 198.996307 130.598816 52.378700
v 198.697556 130.598816 52.288074
v 198.422226 130.598816 52.140907
v 198.180893 130.598816 51.942856
v 197.982834 130.598816 51.701527
v 197.835678 130.598816 51.426197
v 197.745056 130.598816 51.127445
v 197.714447 130.598816 50.816757
v 197.745056 130.598816 50.506069
v 197.835678 130.598816 50.207317
v 197.982834 130.598816 49.931988
v 198.180893 130.598816 49.690659
v 198.422226 130.598816 49.492607
v 198.697556 130.598816 49.345440
v 198.996307 130.598816 49.254814
v 199.306992 130.598816 49.224216
v 199.617676 130.598816 49.254814
v 199.916428 130.598816 49.345440
v 200.191757 130.598816 49.492607
v 200.433090 130.598816 49.690659
v 200.631149 130.598816 49.931988
v 200.778305 130.598816 50.207317
v 200.868927 130.598816 50.506069
v 200.899536 130.598816 50.816757
v 200.868927 130.598816 51.127445
v 200.778305 130.598816 51.426197
v 200.631149 130.598816 51.701527
v 200.433090 130.598816 51.942856
v 200.191757 130.598816 52.140907
v 199.916428 130.598816 52.288074
v 199.617676 130.598816 52.378700
v 199.306992 130.598816 52.409298
v 198.996307 130.598816 52.378700
v 198.697556 130.598816 52.288074
v 198.422226 130.598816 52.140907
v 198.180893 130.598816 51.942856
v 197.982834 130.598816 51.701527
v 197.835678 130.598816 51.426197
v 197.745056 130.598816 51.127445
v 197.714447 130.598816 50.816757
v 197.745056 130.598816 50.506069
v 197.835678 130.598816 50.207317
v 197.982834 130.598816 49.931988
v 198.180893 130.598816 49.690659
v 198.422226 130.598816 49.492607
v 198.697556 130.598816 49.345440
v 198.996307 130.598816 49.254814
v 199.306992 130.598816 49.224216
v 199.617676 130.598816 49.254814
v 199.916428 130.598816 49.345440
v 200.191757 130.598816 49.492607
v 200.433090 130.598816 49.690659
v 200.631149 130.598816 49.931988
v 200.778305 130.598816 50.207317
v 200.868927 130.598816 50.506069
v 200.899536 130.598816 50.816757
v 200.868927 130.598816 51.127445
v 200.778305 130.598816 51.426197
v 200.631149 130.598816 51.701527
v 200.433090 130.598816 51.942856
v 200.191757 130.598816 52.140907
v 199.916428 130.598816 52.288074
v 199.617676 130.598816 52.378700
vn -0.0000 -1.0000 -0.0000
vn -0.0000 0.9949 0.1005
vn -0.0196 0.9949 0.0986
vn -0.0385 0.9949 0.0929
vn -0.0558 0.9949 0.0836
vn -0.0711 0.9949 0.0711
vn -0.0836 0.9949 0.0558
vn -0.0929 0.9949 0.0385
vn -0.0986 0.9949 0.0196
vn -0.1005 0.9949 -0.0000
vn -0.0986 0.9949 -0.0196
vn -0.0929 0.9949 -0.0385
vn -0.0836 0.9949 -0.0558
vn -0.0711 0.9949 -0.0711
vn -0.0558 0.9949 -0.0836
vn -0.0385 0.9949 -0.0929
vn -0.0196 0.9949 -0.0986
vn -0.0000 0.9949 -0.1005
vn 0.0196 0.9949 -0.0986
vn 0.0385 0.9949 -0.0929
vn 0.0558 0.9949 -0.0836
vn 0.0711 0.9949 -0.0711
vn 0.0836 0.9949 -0.0558
vn 0.0929 0.9949 -0.0385
vn 0.0986 0.9949 -0.0196
vn 0.1005 0.9949 -0.0000
vn 0.0986 0.9949 0.0196
vn 0.0929 0.9949 0.0385
vn 0.0836 0.9949 0.0558
vn 0.0711 0.9949 0.0711
vn 0.0558 0.9949 0.0836
vn 0.0385 0.9949 0.0929
vn 0.0196 0.9949 0.0986
vn -0.0000 0.9955 0.0943
vn -0.0184 0.9955 0.0925
vn -0.0361 0.9955 0.0871
vn -0.0524 0.9955 0.0784
vn -0.0667 0.9955 0.0667
vn -0.0784 0.9955 0.0524
vn -0.0871 0.9955 0.0361
vn -0.0925 0.9955 0.0184
vn -0.0943 0.9955 -0.0000
vn -0.0925 0.9955 -0.0184
vn -0.0871 0.9955 -0.0361
vn -0.0784 0.9955 -0.0524
vn -0.0667 0.9955 -0.0667
vn -0.0524 0.9955 -0.0784
vn -0.0361 0.9955 -0.0871
vn -0.0184 0.9955 -0.0925
vn -0.0000 0.9955 -0.0943
vn 0.0184 0.9955 -0.0925
vn 0.0361 0.9955 -0.0871
vn 0.0524 0.9955 -0.0784
vn 0.0667 0.9955 -0.0667
vn 0.0784 0.9955 -0.0524
vn 0.0871 0.9955 -0.0361
vn 0.0925 0.9955 -0.0184
vn 0.0943 0.9955 -0.0000
vn 0.0925 0.9955 0.0184
vn 0.0871 0.9955 0.0361
vn 0.0784 0.9955 0.0524
vn 0.0667 0.9955 0.0667
vn 0.0524 0.9955 0.0784
vn 0.0361 0.9955 0.0871
vn 0.0184 0.9955 0.0925
vn -0.0000 1.0000 -0.0000
vt 0.851514 0.759617
vt 0.851657 0.764347
vt 0.851602 0.767241
vt 0.851458 0.762480
vt 0.850933 0.770271
vt 0.850787 0.765477
vt 0.849663 0.773323
vt 0.849514 0.768497
vt 0.847827 0.776278
vt 0.847674 0.771420
vt 0.845488 0.779013
vt 0.845331 0.774127
vt 0.842732 0.781413
vt 0.842570 0.776501
vt 0.839666 0.783371
vt 0.839499 0.778439
vt 0.836416 0.784798
vt 0.836245 0.779850
vt 0.833119 0.785628
vt 0.832943 0.780671
vt 0.829917 0.785820
vt 0.829736 0.780861
vt 0.826947 0.785367
vt 0.826762 0.780413
vt 0.824336 0.784289
vt 0.824148 0.779347
vt 0.822192 0.782638
vt 0.822002 0.777713
vt 0.820601 0.780489
vt 0.820410 0.775587
vt 0.819619 0.777940
vt 0.819428 0.773065
vt 0.819276 0.775101
vt 0.819086 0.770256
vt 0.819573 0.772092
vt 0.819384 0.767279
vt 0.820483 0.769035
vt 0.820297 0.764255
vt 0.821958 0.766047
vt 0.821776 0.761298
vt 0.823931 0.763239
vt 0.823753 0.758520
vt 0.826319 0.760709
vt 0.826145 0.756018
vt 0.829029 0.758544
vt 0.828859 0.753876
vt 0.831959 0.756814
vt 0.831793 0.752165
vt 0.835004 0.755572
vt 0.834843 0.750937
vt 0.838060 0.754859
vt 0.837903 0.750230
vt 0.841020 0.754694
vt 0.840867 0.750067
vt 0.843785 0.755082
vt 0.843635 0.750452
vt 0.846259 0.756013
vt 0.846112 0.751373
vt 0.848354 0.757458
vt 0.848209 0.752802
vt 0.849992 0.759372
vt 0.849849 0.754695
vt 0.851110 0.761694
vt 0.850967 0.756992
vt 0.847952 0.760786
vt 0.847887 0.763014
vt 0.847347 0.765339
vt 0.846342 0.767674
vt 0.844904 0.769926
vt 0.843083 0.772005
vt 0.840947 0.773823
vt 0.838580 0.775303
vt 0.836076 0.776380
vt 0.833540 0.777005
vt 0.831078 0.777150
vt 0.828792 0.776808
vt 0.826779 0.775996
vt 0.825120 0.774750
vt 0.823881 0.773124
vt 0.823107 0.771190
vt 0.822823 0.769030
vt 0.823032 0.766734
vt 0.823718 0.764392
vt 0.824847 0.762096
vt 0.826367 0.759930
vt 0.828217 0.757974
vt 0.830325 0.756295
vt 0.832610 0.754951
vt 0.834991 0.753985
vt 0.837382 0.753428
vt 0.839699 0.753300
vt 0.841861 0.753603
vt 0.843791 0.754328
vt 0.845421 0.755452
vt 0.846689 0.756938
vt 0.847545 0.758736
s 1
usemtl Material.047
f 545/353/232 482/354/200 484/355/201 546/356/233
f 546/356/233 484/355/201 486/357/202 547/358/234
f 547/358/234 486/357/202 488/359/203 548/360/235
f 548/360/235 488/359/203 490/361/204 549/362/236
f 549/362/236 490/361/204 492/363/205 550/364/237
f 550/364/237 492/363/205 494/365/206 551/366/238
f 551/366/238 494/365/206 496/367/207 552/368/239
f 552/368/239 496/367/207 498/369/208 553/370/240
f 553/370/240 498/369/208 500/371/209 554/372/241
f 554/372/241 500/371/209 502/373/210 555/374/242
f 555/374/242 502/373/210 504/375/211 556/376/243
f 556/376/243 504/375/211 506/377/212 557/378/244
f 557/378/244 506/377/212 508/379/213 558/380/245
f 558/380/245 508/379/213 510/381/214 559/382/246
f 559/382/246 510/381/214 512/383/215 560/384/247
f 560/384/247 512/383/215 514/385/216 561/386/248
f 561/386/248 514/385/216 516/387/217 562/388/249
f 562/388/249 516/387/217 518/389/218 563/390/250
f 563/390/250 518/389/218 520/391/219 564/392/251
f 564/392/251 520/391/219 522/393/220 565/394/252
f 565/394/252 522/393/220 524/395/221 566/396/253
f 566/396/253 524/395/221 526/397/222 567/398/254
f 567/398/254 526/397/222 528/399/223 568/400/255
f 568/400/255 528/399/223 530/401/224 569/402/256
f 569/402/256 530/401/224 532/403/225 570/404/257
f 570/404/257 532/403/225 534/405/226 571/406/258
f 571/406/258 534/405/226 536/407/227 572/408/259
f 572/408/259 536/407/227 538/409/228 573/410/260
f 573/410/260 538/409/228 540/411/229 574/412/261
f 574/412/261 540/411/229 542/413/230 575/414/262
f 484/355/201 482/354/200 544/415/231 542/413/230 540/411/229 538/409/228 536/407/227 534/405/226 532/403/225 530/401/224 528/399/223 526/397/222 524/395/221 522/393/220 520/391/219 518/389/218 516/387/217 514/385/216 512/383/215 510/381/214 508/379/213 506/377/212 504/375/211 502/373/210 500/371/209 498/369/208 496/367/207 494/365/206 492/363/205 490/361/204 488/359/203 486/357/202
f 575/414/262 542/413/230 544/415/231 576/416/263
f 576/416/263 544/415/231 482/354/200 545/353/232
f 578/356/264 577/353/264 545/353/232 546/356/233
f 579/358/264 578/356/264 546/356/233 547/358/234
f 580/360/264 579/358/264 547/358/234 548/360/235
f 581/362/264 580/360/264 548/360/235 549/362/236
f 582/364/264 581/362/264 549/362/236 550/364/237
f 583/366/264 582/364/264 550/364/237 551/366/238
f 584/368/264 583/366/264 551/366/238 552/368/239
f 585/370/264 584/368/264 552/368/239 553/370/240
f 586/372/264 585/370/264 553/370/240 554/372/241
f 587/374/264 586/372/264 554/372/241 555/374/242
f 588/376/264 587/374/264 555/374/242 556/376/243
f 589/378/264 588/376/264 556/376/243 557/378/244
f 590/380/264 589/378/264 557/378/244 558/380/245
f 591/382/264 590/380/264 558/380/245 559/382/246
f 592/384/264 591/382/264 559/382/246 560/384/247
f 593/386/264 592/384/264 560/384/247 561/386/248
f 594/388/264 593/386/264 561/386/248 562/388/249
f 595/390/264 594/388/264 562/388/249 563/390/250
f 596/392/264 595/390/264 563/390/250 564/392/251
f 597/394/264 596/392/264 564/392/251 565/394/252
f 598/396/264 597/394/264 565/394/252 566/396/253
f 599/398/264 598/396/264 566/396/253 567/398/254
f 600/400/264 599/398/264 567/398/254 568/400/255
f 601/402/264 600/400/264 568/400/255 569/402/256
f 602/404/264 601/402/264 569/402/256 570/404/257
f 603/406/264 602/404/264 570/404/257 571/406/258
f 604/408/264 603/406/264 571/406/258 572/408/259
f 605/410/264 604/408/264 572/408/259 573/410/260
f 606/412/264 605/410/264 573/410/260 574/412/261
f 607/414/264 606/412/264 574/412/261 575/414/262
f 608/416/264 607/414/264 575/414/262 576/416/263
f 577/353/264 608/416/264 576/416/263 545/353/232
f 610/356/264 609/353/264 577/353/264 578/356/264
f 611/358/264 610/356/264 578/356/264 579/358/264
f 612/360/264 611/358/264 579/358/264 580/360/264
f 613/362/264 612/360/264 580/360/264 581/362/264
f 614/364/264 613/362/264 581/362/264 582/364/264
f 615/366/264 614/364/264 582/364/264 583/366/264
f 616/368/264 615/366/264 583/366/264 584/368/264
f 617/370/264 616/368/264 584/368/264 585/370/264
f 618/372/264 617/370/264 585/370/264 586/372/264
f 619/374/264 618/372/264 586/372/264 587/374/264
f 620/376/264 619/374/264 587/374/264 588/376/264
f 621/378/264 620/376/264 588/376/264 589/378/264
f 622/380/264 621/378/264 589/378/264 590/380/264
f 623/382/264 622/380/264 590/380/264 591/382/264
f 624/384/264 623/382/264 591/382/264 592/384/264
f 625/386/264 624/384/264 592/384/264 593/386/264
f 626/388/264 625/386/264 593/386/264 594/388/264
f 627/390/264 626/388/264 594/388/264 595/390/264
f 628/392/264 627/390/264 595/390/264 596/392/264
f 629/394/264 628/392/264 596/392/264 597/394/264
f 630/396/264 629/394/264 597/394/264 598/396/264
f 631/398/264 630/396/264 598/396/264 599/398/264
f 632/400/264 631/398/264 599/398/264 600/400/264
f 633/402/264 632/400/264 600/400/264 601/402/264
f 634/404/264 633/402/264 601/402/264 602/404/264
f 635/406/264 634/404/264 602/404/264 603/406/264
f 636/408/264 635/406/264 603/406/264 604/408/264
f 637/410/264 636/408/264 604/408/264 605/410/264
f 638/412/264 637/410/264 605/410/264 606/412/264
f 639/414/264 638/412/264 606/412/264 607/414/264
f 640/416/264 639/414/264 607/414/264 608/416/264
f 609/353/264 640/416/264 608/416/264 577/353/264
f 483/418/199 481/417/199 609/353/264 610/356/264
f 485/419/199 483/418/199 610/356/264 611/358/264
f 487/420/199 485/419/199 611/358/264 612/360/264
f 489/421/199 487/420/199 612/360/264 613/362/264
f 491/422/199 489/421/199 613/362/264 614/364/264
f 493/423/199 491/422/199 614/364/264 615/366/264
f 495/424/199 493/423/199 615/366/264 616/368/264
f 497/425/199 495/424/199 616/368/264 617/370/264
f 499/426/199 497/425/199 617/370/264 618/372/264
f 501/427/199 499/426/199 618/372/264 619/374/264
f 503/428/199 501/427/199 619/374/264 620/376/264
f 505/429/199 503/428/199 620/376/264 621/378/264
f 507/430/199 505/429/199 621/378/264 622/380/264
f 509/431/199 507/430/199 622/380/264 623/382/264
f 511/432/199 509/431/199 623/382/264 624/384/264
f 513/433/199 511/432/199 624/384/264 625/386/264
f 515/434/199 513/433/199 625/386/264 626/388/264
f 517/435/199 515/434/199 626/388/264 627/390/264
f 519/436/199 517/435/199 627/390/264 628/392/264
f 521/437/199 519/436/199 628/392/264 629/394/264
f 523/438/199 521/437/199 629/394/264 630/396/264
f 525/439/199 523/438/199 630/396/264 631/398/264
f 527/440/199 525/439/199 631/398/264 632/400/264
f 529/441/199 527/440/199 632/400/264 633/402/264
f 531/442/199 529/441/199 633/402/264 634/404/264
f 533/443/199 531/442/199 634/404/264 635/406/264
f 535/444/199 533/443/199 635/406/264 636/408/264
f 537/445/199 535/444/199 636/408/264 637/410/264
f 539/446/199 537/445/199 637/410/264 638/412/264
f 541/447/199 539/446/199 638/412/264 639/414/264
f 543/448/199 541/447/199 639/414/264 640/416/264
f 481/417/199 543/448/199 640/416/264 609/353/264
usemtl Material.047
f 481/417/199 483/418/199 485/419/199 487/420/199 489/421/199 491/422/199 493/423/199 495/424/199 497/425/199 499/426/199 501/427/199 503/428/199 505/429/199 507/430/199 509/431/199 511/432/199 513/433/199 515/434/199 517/435/199 519/436/199 521/437/199 523/438/199 525/439/199 527/440/199 529/441/199 531/442/199 533/443/199 535/444/199 537/445/199 539/446/199 541/447/199 543/448/199
o mesa.005
v 225.039627 109.895630 68.224937
v 214.026718 109.895630 67.673492
v 214.964890 109.895630 48.937370
v 225.977798 109.895630 49.488815
v 211.962326 109.743309 43.555656
v 212.180298 109.700356 43.158630
v 211.704987 109.590988 42.696438
v 212.056259 109.756279 43.345161
v 211.922455 109.653442 43.087105
v 211.951096 109.623032 42.942211
v 211.834991 109.635590 43.089027
v 213.985672 108.367142 46.663143
v 213.760620 108.367142 46.866726
v 213.635361 108.581726 46.392059
v 213.830994 108.367142 46.718327
v 213.788559 108.491035 46.638035
v 213.730209 108.519180 46.596245
v 213.820709 108.518517 46.580910
v 229.502945 109.743309 44.433968
v 229.844833 109.590988 43.604752
v 229.325729 109.700356 44.017151
v 229.676254 109.635590 43.982391
v 229.589417 109.653442 43.971741
v 229.575394 109.623032 43.824711
v 229.430511 109.756271 44.215137
v 227.179291 108.367142 47.323784
v 227.554932 108.581726 47.089050
v 227.382874 108.367142 47.548832
v 227.351639 108.518509 47.258438
v 227.377930 108.491035 47.318497
v 227.440170 108.519180 47.282742
v 227.327698 108.367142 47.394142
v 210.678787 109.700356 73.145157
v 210.501572 109.743309 72.728340
v 210.159683 109.590988 73.557556
v 210.574005 109.756271 72.947174
v 210.415100 109.653442 73.190567
v 210.328262 109.635590 73.179916
v 210.429123 109.623032 73.337601
v 212.825226 108.367142 69.838524
v 212.449585 108.581726 70.073257
v 212.621628 108.367142 69.613480
v 212.652863 108.518517 69.903870
v 212.626572 108.491035 69.843811
v 212.564346 108.519180 69.879570
v 212.676819 108.367142 69.768166
v 227.824219 109.700356 74.003677
v 228.299530 109.590988 74.465866
v 228.042191 109.743309 73.606651
v 228.053421 109.623032 74.220093
v 228.082062 109.653442 74.075203
v 228.169525 109.635590 74.073280
v 227.948257 109.756271 73.817146
v 226.018845 108.367142 70.499161
v 226.243881 108.367142 70.295578
v 226.369141 108.581726 70.770248
v 226.173523 108.367142 70.443985
v 226.215958 108.491035 70.524269
v 226.274307 108.519180 70.566063
v 226.183792 108.518509 70.581398
v 211.534058 108.796310 41.969643
v 211.455734 108.581726 42.219261
v 211.309006 108.796310 42.173225
v 211.499924 108.645195 42.041710
v 211.391937 108.672417 42.062088
v 211.352371 108.643669 42.197739
v 211.379364 108.796310 42.024826
v 230.087509 108.796310 42.898666
v 230.291092 108.796310 43.123711
v 230.140503 108.581726 43.154861
v 230.235901 108.796310 42.969025
v 230.219681 108.672417 43.004848
v 230.245499 108.643669 43.143768
v 230.114273 108.645195 42.973778
v 228.470459 108.796310 75.192665
v 228.548782 108.581726 74.943047
v 228.695511 108.796310 74.989082
v 228.504593 108.645195 75.120598
v 228.612579 108.672417 75.100220
v 228.652145 108.643669 74.964569
v 228.625153 108.796310 75.137482
v 209.917007 108.796310 74.263641
v 209.713425 108.796310 74.038597
v 209.864014 108.581726 74.007446
v 209.768616 108.796310 74.193283
v 209.784836 108.672417 74.157463
v 209.759018 108.643669 74.018539
v 209.890244 108.645195 74.188530
v 212.920868 108.581726 45.024178
v 212.920868 108.581726 45.024178
v 212.778595 108.581726 44.751823
v 212.920868 108.581726 45.024178
v 212.884674 108.581726 44.954906
v 212.849731 108.581726 44.888000
v 212.849731 108.581726 44.888000
v 228.402512 108.581726 45.799389
v 228.571259 108.581726 45.542606
v 228.402512 108.581726 45.799389
v 228.486877 108.581726 45.670998
v 228.445435 108.581726 45.734077
v 228.486877 108.581726 45.670998
v 228.402512 108.581726 45.799389
v 227.083649 108.581726 72.138130
v 227.083649 108.581726 72.138130
v 227.225922 108.581726 72.410484
v 227.083649 108.581726 72.138130
v 227.119843 108.581726 72.207397
v 227.154785 108.581726 72.274307
v 227.154785 108.581726 72.274307
v 211.602005 108.581726 71.362923
v 211.433258 108.581726 71.619705
v 211.602005 108.581726 71.362923
v 211.517639 108.581726 71.491310
v 211.559082 108.581726 71.428230
v 211.517639 108.581726 71.491310
v 211.602005 108.581726 71.362923
v 212.920868 108.581726 45.024178
v 213.124451 108.581726 45.249226
v 212.920868 108.581726 45.024178
v 213.022659 108.581726 45.136703
v 212.972641 108.581726 45.081417
v 213.022659 108.581726 45.136703
v 212.920868 108.581726 45.024178
v 228.402512 108.581726 45.799389
v 228.402512 108.581726 45.799389
v 228.177460 108.581726 46.002972
v 228.402512 108.581726 45.799389
v 228.345276 108.581726 45.851166
v 228.289978 108.581726 45.901176
v 228.289978 108.581726 45.901176
v 227.083649 108.581726 72.138130
v 226.880066 108.581726 71.913086
v 227.083649 108.581726 72.138130
v 226.981857 108.581726 72.025604
v 227.031876 108.581726 72.080887
v 226.981857 108.581726 72.025604
v 227.083649 108.581726 72.138130
v 211.602005 108.581726 71.362923
v 211.602005 108.581726 71.362923
v 211.827057 108.581726 71.159332
v 211.602005 108.581726 71.362923
v 211.659241 108.581726 71.311142
v 211.714539 108.581726 71.261131
v 211.714539 108.581726 71.261131
v 213.893021 107.829025 48.513554
v 213.882294 107.614441 48.727875
v 213.668045 107.829025 48.715630
v 213.889877 107.677292 48.576324
v 213.764786 107.705139 48.597069
v 213.730804 107.677292 48.719215
v 213.738388 107.829025 48.567665
v 212.917862 107.829025 67.988113
v 212.714218 107.829025 67.764572
v 212.928604 107.614441 67.773796
v 212.769409 107.829025 67.918823
v 212.798630 107.705139 67.892212
v 212.777008 107.677292 67.767273
v 212.921021 107.677292 67.925339
v 225.223969 107.614182 68.812973
v 225.459366 107.614441 68.395050
v 225.234833 107.829025 68.598663
v 225.459808 107.614441 68.396584
v 225.379410 107.614250 68.698677
v 225.308945 107.640060 68.588112
v 225.302704 107.677292 68.494743
v 225.302933 107.677292 68.495399
v 225.379425 107.614365 68.698410
v 214.020203 107.614441 67.822266
v 213.998215 107.614441 68.250870
v 213.795151 107.829025 68.025848
v 213.591492 107.614441 67.802307
v 214.009201 107.614441 68.036568
v 213.827835 107.640106 67.996468
v 213.852310 107.677292 68.136024
v 213.691406 107.677292 67.958473
v 213.805847 107.614441 67.812286
v 214.555359 107.613686 48.552956
v 214.994202 107.614441 48.360035
v 214.769684 107.829025 48.563644
v 214.994644 107.614441 48.361565
v 214.685150 107.613907 48.409809
v 214.787750 107.639977 48.491047
v 214.879715 107.677292 48.506226
v 214.879623 107.677292 48.506973
v 214.685043 107.614212 48.409653
v 226.435013 107.614441 48.931385
v 226.413025 107.614441 49.360004
v 226.209366 107.829025 49.136459
v 226.006302 107.614441 48.911442
v 226.424011 107.614441 49.145691
v 226.242310 107.640106 49.106331
v 226.266800 107.677292 49.246010
v 226.105606 107.677292 49.068336
v 226.220657 107.614441 48.921413
v 212.621628 100.716286 69.613480
v 212.835953 100.501701 69.624207
v 212.825226 100.716286 69.838524
v 212.684402 100.564552 69.616623
v 212.706024 100.592392 69.741745
v 212.828369 100.564552 69.775749
v 212.676819 100.716286 69.768166
v 213.985672 100.716286 46.663143
v 213.974945 100.501701 46.877457
v 213.760620 100.716286 46.866726
v 213.982529 100.564552 46.725914
v 213.857407 100.592392 46.747528
v 213.823395 100.564552 46.869869
v 213.830994 100.716286 46.718327
v 227.382874 100.716286 47.548832
v 227.168564 100.501701 47.538101
v 227.179291 100.716286 47.323784
v 227.320114 100.564552 47.545689
v 227.298492 100.592392 47.420563
v 227.176147 100.564552 47.386559
v 227.327698 100.716286 47.394146
v 226.243881 100.716286 70.295578
v 226.018845 100.716286 70.499161
v 226.029572 100.501701 70.284851
v 226.173523 100.716286 70.443985
v 226.147110 100.592392 70.414780
v 226.021988 100.564552 70.436394
v 226.181122 100.564552 70.292435
v 226.521164 100.716286 47.290829
v 226.509903 100.501701 47.505119
v 226.295593 100.716286 47.494385
v 226.517868 100.564552 47.353592
v 226.392670 100.592392 47.375202
v 226.358368 100.564552 47.497528
v 226.366318 100.716286 47.346004
v 214.847916 100.716286 46.921169
v 214.633591 100.501701 46.910439
v 214.643814 100.716286 46.696098
v 214.785141 100.564552 46.918026
v 214.763229 100.592392 46.792885
v 214.640823 100.564552 46.758877
v 214.792358 100.716286 46.766464
v 225.360703 100.716286 70.466209
v 225.156601 100.716286 70.241135
v 225.370911 100.501701 70.251869
v 225.212158 100.716286 70.395844
v 225.241287 100.592392 70.369423
v 225.219376 100.564552 70.244278
v 225.363693 100.564552 70.403427
v 213.494598 100.501701 69.657188
v 213.708923 100.716286 69.667923
v 213.483353 100.716286 69.871475
v 213.646149 100.564552 69.664780
v 213.611847 100.592392 69.787102
v 213.638199 100.716286 69.816299
v 213.486649 100.564552 69.808716
v 226.111496 100.716286 68.648758
v 226.315002 100.716286 68.875313
v 226.100769 100.501701 68.863075
v 226.259842 100.716286 68.720184
v 226.230652 100.592392 68.746407
v 226.252258 100.564552 68.871727
v 226.108353 100.564552 68.711533
v 225.438873 100.501701 68.825256
v 225.224625 100.716286 68.813004
v 225.449066 100.716286 68.610901
v 225.287384 100.564552 68.816597
v 225.321075 100.592392 68.694427
v 225.294586 100.716286 68.665024
v 225.446091 100.564552 68.673691
v 226.423752 100.716286 49.145683
v 226.220612 100.716286 48.922173
v 226.435013 100.501701 48.931385
v 226.275452 100.716286 49.076401
v 226.304733 100.592392 49.049789
v 226.283417 100.564552 48.924870
v 226.427048 100.564552 49.082916
v 227.311768 100.716286 48.969101
v 227.086639 100.716286 49.174194
v 227.097366 100.501701 48.959873
v 227.241379 100.716286 49.117943
v 227.214951 100.592392 49.088936
v 227.089783 100.564552 49.111420
v 227.248962 100.564552 48.966396
v 213.580765 100.716286 68.016624
v 213.783905 100.716286 68.240135
v 213.569504 100.501701 68.230927
v 213.729065 100.716286 68.085907
v 213.699783 100.592392 68.112518
v 213.721100 100.564552 68.237442
v 213.577469 100.564552 68.079391
v 212.692749 100.716286 68.193207
v 212.917862 100.716286 67.988113
v 212.907135 100.501701 68.202431
v 212.763123 100.716286 68.044365
v 212.789551 100.592392 68.073372
v 212.914734 100.564552 68.050888
v 212.755539 100.564552 68.195908
v 213.893021 100.716286 48.513554
v 213.689514 100.716286 48.286995
v 213.903748 100.501701 48.299232
v 213.744675 100.716286 48.442127
v 213.773865 100.592392 48.415905
v 213.752258 100.564552 48.290581
v 213.896164 100.564552 48.450779
v 214.555450 100.716286 48.551403
v 214.565643 100.501701 48.337051
v 214.779892 100.716286 48.349304
v 214.558426 100.564552 48.488617
v 214.683441 100.592392 48.467876
v 214.717133 100.564552 48.345715
v 214.709930 100.716286 48.497284
v 228.294968 109.743309 68.558624
v 228.591217 109.590988 68.738037
v 228.440857 109.635605 68.682304
v 229.562881 109.590988 49.333069
v 229.250183 109.743309 49.481995
v 229.407700 109.635605 49.373505
v 229.006699 108.796310 68.774139
v 228.852829 108.581726 68.773560
v 228.961548 108.644577 68.775681
v 229.826721 108.581726 49.323860
v 229.979889 108.796310 49.338650
v 229.935120 108.644577 49.332611
v 210.025177 109.376404 67.812515
v 210.178909 109.590988 67.816086
v 210.070297 109.528137 67.811859
v 211.709549 109.743309 48.603687
v 211.413300 109.590988 48.424267
v 211.563660 109.635605 48.480003
v 210.997818 108.796310 48.388165
v 211.151688 108.581726 48.388748
v 211.042969 108.644577 48.386627
v 210.177795 108.581726 67.838448
v 210.024628 108.796310 67.823654
v 210.069397 108.644577 67.829697
v 227.254257 108.581726 68.731049
v 227.254578 108.581726 68.724640
v 227.414597 108.581726 68.729538
v 227.254410 108.581726 68.727844
v 227.295197 108.581726 68.727524
v 227.334579 108.581726 68.727089
v 227.334427 108.581726 68.730293
v 228.231583 108.581726 49.212875
v 228.242310 108.581726 48.998558
v 228.391296 108.581726 49.223988
v 228.236954 108.581726 49.105717
v 228.234283 108.581726 49.159023
v 228.316803 108.581726 49.111275
v 228.278366 108.581726 49.216129
v 212.750259 108.581726 48.431255
v 212.749939 108.581726 48.437664
v 212.589920 108.581726 48.432766
v 212.750107 108.581726 48.434460
v 212.709320 108.581726 48.434788
v 212.669937 108.581726 48.435215
v 212.670090 108.581726 48.432011
v 211.772934 108.581726 67.949432
v 211.762207 108.581726 68.163750
v 211.613220 108.581726 67.938324
v 211.767563 108.581726 68.056595
v 211.770233 108.581726 68.003288
v 211.687714 108.581726 68.051033
v 211.726151 108.581726 67.946182
v 227.254562 108.581726 68.724823
v 227.254242 108.581726 68.731232
v 227.040207 108.581726 68.715034
v 227.254410 108.581726 68.728027
v 227.199890 108.581726 68.725479
v 227.147217 108.581726 68.723129
v 227.147385 108.581726 68.719925
v 228.221176 108.581726 49.420605
v 228.017319 108.581726 49.201015
v 228.231918 108.581726 49.206287
v 228.161469 108.581726 49.356289
v 228.183380 108.581726 49.268906
v 228.124619 108.581726 49.203651
v 228.226547 108.581726 49.313446
v 212.749954 108.581726 48.437489
v 212.750275 108.581726 48.431080
v 212.964310 108.581726 48.447269
v 212.750107 108.581726 48.434284
v 212.804626 108.581726 48.436829
v 212.857300 108.581726 48.439175
v 212.857132 108.581726 48.442379
v 211.783340 108.581726 67.741699
v 211.987198 108.581726 67.961288
v 211.772598 108.581726 67.956017
v 211.843048 108.581726 67.806023
v 211.821136 108.581726 67.893402
v 211.879898 108.581726 67.958656
v 211.777969 108.581726 67.848862
v 227.311768 108.367142 48.969101
v 227.454742 108.581726 49.187195
v 227.290298 108.367142 49.397732
v 227.086639 108.367142 49.174194
v 227.086639 108.367142 49.174194
v 227.351379 108.519485 49.091305
v 227.268829 108.482063 49.181602
v 227.342133 108.519470 49.275654
v 227.235092 108.367142 49.243484
v 227.086639 108.367142 49.174194
v 227.241379 108.367142 49.117943
v 226.111496 108.367142 68.648758
v 226.336472 108.367142 68.446678
v 226.479065 108.581726 68.672592
v 226.315002 108.367142 68.875313
v 226.111496 108.367142 68.648758
v 226.266129 108.367142 68.594635
v 226.293518 108.482063 68.659584
v 226.375839 108.519470 68.573326
v 226.366623 108.519485 68.757675
v 226.259842 108.367142 68.720184
v 226.111496 108.367142 68.648758
v 212.917862 108.367142 67.988113
v 212.917862 108.367142 67.988113
v 212.692749 108.367142 68.193207
v 212.549774 108.581726 67.975113
v 212.714218 108.367142 67.764572
v 212.917862 108.367142 67.988113
v 212.735672 108.482063 67.980705
v 212.763138 108.367142 68.044365
v 212.653137 108.519485 68.070999
v 212.662384 108.519470 67.886658
v 212.769424 108.367142 67.918823
v 213.893021 108.367142 48.513554
v 213.668045 108.367142 48.715630
v 213.525452 108.581726 48.489716
v 213.689514 108.367142 48.286995
v 213.893021 108.367142 48.513554
v 213.738388 108.367142 48.567669
v 213.710999 108.482063 48.502724
v 213.628677 108.519470 48.588982
v 213.637894 108.519485 48.404633
v 213.744675 108.367142 48.442123
v 213.893021 108.367142 48.513554
v 215.105347 109.376404 42.148468
v 215.095245 109.590988 42.398636
v 215.103378 109.528137 42.221786
v 226.386749 109.700356 43.869987
v 226.477783 109.590988 43.439018
v 226.445938 109.623024 43.668816
v 226.522781 108.796310 42.720169
v 226.514359 108.581726 42.970425
v 226.521317 108.644577 42.793518
v 215.082169 108.581726 42.397980
v 215.098785 108.796310 42.148140
v 215.092926 108.644577 42.221268
v 224.932770 109.590988 74.294418
v 224.885239 109.700356 73.856514
v 224.924042 109.623024 74.062592
v 213.617767 109.700356 73.292320
v 213.526733 109.590988 73.723289
v 213.558578 109.623024 73.493492
v 213.481735 108.796310 74.442139
v 213.490158 108.581726 74.191887
v 213.483200 108.644577 74.368790
v 224.922348 108.581726 74.764328
v 224.905731 108.796310 75.014168
v 224.911591 108.644577 74.941040
v 226.399796 108.581726 45.699104
v 226.396088 108.581726 45.698921
v 226.409241 108.581726 45.436287
v 226.397949 108.581726 45.699013
v 226.400375 108.581726 45.632168
v 226.402664 108.581726 45.567604
v 226.404510 108.581726 45.567696
v 214.927277 108.581726 45.124645
v 214.712967 108.581726 45.113914
v 214.940430 108.581726 44.862007
v 214.820114 108.581726 45.119278
v 214.863541 108.581726 45.121452
v 214.779587 108.581726 45.040131
v 214.933853 108.581726 44.993328
v 213.604721 108.581726 71.463203
v 213.608429 108.581726 71.463387
v 213.595276 108.581726 71.726021
v 213.606567 108.581726 71.463295
v 213.604141 108.581726 71.530136
v 213.601852 108.581726 71.594704
v 213.600006 108.581726 71.594612
v 225.077240 108.581726 72.037659
v 225.291550 108.581726 72.048393
v 225.064087 108.581726 72.300301
v 225.184402 108.581726 72.043030
v 225.140976 108.581726 72.040855
v 225.224930 108.581726 72.122177
v 225.070663 108.581726 72.168983
v 226.396271 108.581726 45.698929
v 226.399963 108.581726 45.699116
v 226.387344 108.581726 45.913338
v 226.398117 108.581726 45.699020
v 226.395813 108.581726 45.753555
v 226.393661 108.581726 45.806225
v 226.391815 108.581726 45.806133
v 215.137726 108.581726 45.135185
v 214.914566 108.581726 45.338860
v 214.923401 108.581726 45.124451
v 215.072357 108.581726 45.194839
v 214.985260 108.581726 45.172951
v 214.918976 108.581726 45.231655
v 215.030563 108.581726 45.129818
v 213.608246 108.581726 71.463379
v 213.604553 108.581726 71.463196
v 213.617172 108.581726 71.248970
v 213.606400 108.581726 71.463287
v 213.608704 108.581726 71.408752
v 213.610855 108.581726 71.356079
v 213.612701 108.581726 71.356178
v 224.866791 108.581726 72.027122
v 225.089951 108.581726 71.823448
v 225.081116 108.581726 72.037857
v 224.932159 108.581726 71.967468
v 225.019257 108.581726 71.989357
v 225.085541 108.581726 71.930649
v 224.973953 108.581726 72.032494
v 214.847916 108.367142 46.921169
v 214.847916 108.367142 46.921169
v 214.643814 108.367142 46.696098
v 214.868439 108.581726 46.456669
v 215.072433 108.367142 46.717560
v 214.847916 108.367142 46.921169
v 214.856812 108.482063 46.730213
v 214.792358 108.367142 46.766464
v 214.746414 108.518410 46.628181
v 214.975067 108.518410 46.639629
v 214.917908 108.367142 46.772751
v 226.295593 108.367142 47.494385
v 226.092529 108.367142 47.269367
v 226.321564 108.581726 47.030159
v 226.521164 108.367142 47.290829
v 226.295593 108.367142 47.494385
v 226.240784 108.367142 47.339718
v 226.305832 108.482063 47.303497
v 226.197189 108.518410 47.201550
v 226.425858 108.518402 47.213005
v 226.366318 108.367142 47.346004
v 226.295593 108.367142 47.494385
v 213.911987 108.367142 69.892944
v 213.682953 108.581726 70.132149
v 213.483353 108.367142 69.871475
v 213.708923 108.367142 69.667923
v 213.708923 108.367142 69.667923
v 213.807312 108.518410 69.960754
v 213.698685 108.482063 69.858810
v 213.578659 108.518410 69.949303
v 213.638199 108.367142 69.816299
v 213.708923 108.367142 69.667923
v 213.763733 108.367142 69.822586
v 225.360703 108.367142 70.466209
v 225.136078 108.581726 70.705643
v 224.932083 108.367142 70.444748
v 225.156601 108.367142 70.241135
v 225.156601 108.367142 70.241135
v 225.258102 108.518402 70.534126
v 225.147705 108.482063 70.432098
v 225.029449 108.518410 70.522682
v 225.086609 108.367142 70.389557
v 225.156601 108.367142 70.241135
v 225.212158 108.367142 70.395844
v 214.779892 108.367142 48.349304
v 214.994202 108.581726 48.360035
v 214.973267 108.581726 48.788692
v 214.769684 108.367142 48.563644
v 214.555450 108.367142 48.551403
v 214.842651 108.518875 48.352554
v 214.844131 108.515839 48.544399
v 214.983734 108.581726 48.574364
v 214.827087 108.518875 48.673946
v 215.473007 108.430069 48.603832
v 214.709915 108.367142 48.497280
v 213.783905 108.367142 68.240135
v 213.580765 108.367142 68.016624
v 213.795151 108.367142 68.025848
v 213.570099 108.581726 68.229431
v 213.946716 108.733444 68.033470
v 213.729065 108.367142 68.085907
v 213.763931 108.529694 68.070763
v 213.737427 108.453506 68.023361
v 213.684845 108.518875 68.083252
v 213.771408 108.626167 68.132103
v 213.833923 108.563316 68.135155
v 225.224625 108.367142 68.813004
v 225.083267 108.733444 68.591110
v 225.438416 108.581726 68.823708
v 225.234833 108.796310 68.598663
v 225.449066 108.367142 68.610901
v 225.185349 108.563316 68.703552
v 225.261414 108.568893 68.646477
v 225.247849 108.626160 68.706757
v 225.338852 108.644577 68.666801
v 225.297455 108.582039 68.602242
v 225.294586 108.367142 68.665024
v 226.220612 108.367142 48.922173
v 226.423752 108.367142 49.145683
v 226.209366 108.367142 49.136459
v 226.434402 108.581726 48.932877
v 226.057800 108.733444 49.128838
v 226.275452 108.367142 49.076401
v 226.240585 108.529694 49.091541
v 226.267090 108.453506 49.138943
v 226.319656 108.518875 49.079056
v 226.233109 108.626160 49.030205
v 226.170593 108.563316 49.027153
v 227.290298 107.829025 49.397732
v 227.075912 107.614441 49.388515
v 227.086639 107.829025 49.174194
v 227.227509 107.677292 49.395031
v 227.205887 107.705132 49.270100
v 227.083496 107.677292 49.236969
v 227.235092 107.829025 49.243484
v 226.111496 107.829025 68.648758
v 226.122223 107.614441 68.434433
v 226.336472 107.829025 68.446678
v 226.114639 107.677292 68.585983
v 226.239716 107.705132 68.565239
v 226.273712 107.677292 68.443092
v 226.266129 107.829025 68.594643
v 213.923233 107.614441 69.678650
v 213.911987 107.829025 69.892944
v 213.708923 107.829025 69.667923
v 213.915283 107.677292 69.830177
v 213.792999 107.705139 69.796173
v 213.763733 107.829025 69.822586
v 213.771698 107.677292 69.671066
v 224.932068 107.829025 70.444748
v 224.942291 107.614441 70.230408
v 225.156601 107.829025 70.241135
v 224.935059 107.677292 70.381966
v 225.060120 107.705132 70.360352
v 225.093826 107.677292 70.237991
v 225.086609 107.829025 70.389557
v 214.847916 107.829025 46.921169
v 215.072433 107.829025 46.717560
v 215.062225 107.614441 46.931900
v 214.917908 107.829025 46.772751
v 214.944397 107.705139 46.801956
v 215.069443 107.677292 46.780338
v 214.910690 107.677292 46.924313
v 226.295593 107.829025 47.494385
v 226.081284 107.614441 47.483658
v 226.092529 107.829025 47.269367
v 226.232819 107.677292 47.491241
v 226.211517 107.705132 47.366131
v 226.089233 107.677292 47.332130
v 226.240784 107.829025 47.339718
v 210.441635 109.590988 67.829239
v 210.754333 109.743309 67.680313
v 210.596817 109.635605 67.788803
v 211.150574 109.590988 48.411110
v 210.997253 109.376404 48.399303
v 211.042068 109.528137 48.404469
v 228.853943 109.590988 68.751198
v 229.007263 109.376404 68.763000
v 228.962448 109.528137 68.757843
v 229.979340 109.376404 49.349789
v 229.825607 109.590988 49.346222
v 229.934219 109.528137 49.350449
v 215.071747 109.590988 42.867886
v 215.119278 109.700356 43.305794
v 215.080475 109.623024 43.099716
v 226.501282 109.590988 42.969769
v 226.516235 109.376404 42.719841
v 226.510849 109.528137 42.792992
v 224.899170 109.376404 75.013840
v 224.909271 109.590988 74.763672
v 224.901138 109.528137 74.940521
v 213.503235 109.590988 74.192535
v 213.488281 109.376404 74.442467
v 213.493668 109.528137 74.369316
v 230.291092 109.376404 43.123711
v 230.087509 109.376404 42.898666
v 230.140503 109.590988 43.154861
v 230.235901 109.376404 42.969025
v 230.219681 109.500298 43.004848
v 230.114273 109.527519 42.973778
v 230.245499 109.529045 43.143772
v 228.470459 109.376404 75.192665
v 228.695511 109.376404 74.989082
v 228.548782 109.590988 74.943047
v 228.625153 109.376404 75.137482
v 228.612579 109.500298 75.100220
v 228.652145 109.529045 74.964569
v 228.504593 109.527519 75.120598
v 209.917007 109.376404 74.263641
v 209.864014 109.590988 74.007446
v 209.713425 109.376404 74.038597
v 209.890244 109.527519 74.188530
v 209.784836 109.500298 74.157463
v 209.759018 109.529053 74.018539
v 209.768616 109.376404 74.193283
v 211.309006 109.376404 42.173225
v 211.455734 109.590988 42.219261
v 211.534058 109.376404 41.969643
v 211.352371 109.529045 42.197739
v 211.391937 109.500298 42.062092
v 211.499924 109.527527 42.041710
v 211.379364 109.376404 42.024826
v 210.754333 109.743309 67.680313
v 211.127853 109.895630 67.534012
v 210.929672 109.851021 67.572594
v 212.066589 109.895630 48.786568
v 211.709549 109.743309 48.603687
v 211.873245 109.851021 48.728382
v 227.937927 109.895630 68.375740
v 228.294968 109.743309 68.558624
v 228.131271 109.851013 68.433922
v 229.250183 109.743309 49.481995
v 228.876663 109.895630 49.628296
v 229.074844 109.851013 49.589714
v 215.166443 109.786270 43.453373
v 215.215912 109.895630 43.855556
v 215.205811 109.863602 43.648983
v 226.235672 109.895630 44.407345
v 226.325073 109.786270 44.012115
v 226.266357 109.863602 44.202816
v 213.768845 109.895630 72.754959
v 213.679443 109.786270 73.150192
v 213.738159 109.863602 72.959496
v 224.838074 109.786270 73.708931
v 224.788605 109.895630 73.306755
v 224.798706 109.863602 73.513329
v 229.502945 109.743309 44.433968
v 229.233337 109.786270 44.157742
v 229.130844 109.895630 44.552315
v 229.384308 109.799232 44.285431
v 229.311035 109.847488 44.370293
v 229.182404 109.863602 44.348831
v 229.330017 109.851013 44.493797
v 227.746338 109.786270 73.854561
v 228.042191 109.743309 73.606651
v 227.683762 109.895630 73.451721
v 227.909302 109.799232 73.742592
v 227.844879 109.847488 73.650826
v 227.876099 109.851013 73.529839
v 227.714737 109.863602 73.659340
v 210.771179 109.786270 73.004562
v 210.873672 109.895630 72.609993
v 210.501572 109.743309 72.728340
v 210.822113 109.863602 72.813477
v 210.693481 109.847488 72.792007
v 210.674500 109.851021 72.668510
v 210.620209 109.799232 72.876877
v 211.962326 109.743309 43.555656
v 212.320755 109.895630 43.710587
v 212.258179 109.786270 43.307747
v 212.128418 109.851021 43.632465
v 212.159637 109.847488 43.511478
v 212.289780 109.863602 43.502968
v 212.095215 109.799232 43.419716
vn -0.0000 1.0000 -0.0000
vn -0.4203 0.9041 -0.0765
vn -0.2905 0.9183 -0.2691
vn -0.1631 0.9658 -0.2016
vn -0.2461 0.9661 -0.0778
vn -0.0488 0.9262 -0.3738
vn -0.0287 0.9825 -0.1840
vn -0.0206 0.9994 -0.0264
vn -0.1082 -0.2741 -0.9556
vn -0.5863 -0.4112 -0.6979
vn -0.3616 -0.7688 -0.5274
vn -0.0775 -0.8643 -0.4970
vn -0.9584 -0.2060 -0.1974
vn -0.3923 -0.8959 -0.2083
vn -0.0456 -0.9971 -0.0601
vn 0.4259 0.9041 -0.0341
vn 0.2527 0.9661 -0.0529
vn 0.1824 0.9658 -0.1843
vn 0.3159 0.9183 -0.2388
vn 0.0231 0.9994 -0.0242
vn 0.0469 0.9825 -0.1803
vn 0.0859 0.9262 -0.3670
vn 0.2031 -0.2741 -0.9400
vn 0.1268 -0.8643 -0.4868
vn 0.4125 -0.7688 -0.4886
vn 0.6531 -0.4112 -0.6359
vn 0.0514 -0.9971 -0.0553
vn 0.4112 -0.8959 -0.1681
vn 0.9734 -0.2060 -0.1006
vn -0.0859 0.9262 0.3670
vn -0.3159 0.9183 0.2388
vn -0.1824 0.9658 0.1843
vn -0.0469 0.9825 0.1802
vn -0.4259 0.9041 0.0341
vn -0.2527 0.9661 0.0529
vn -0.0231 0.9994 0.0242
vn -0.2031 -0.2741 0.9400
vn -0.1268 -0.8643 0.4868
vn -0.4125 -0.7688 0.4886
vn -0.6531 -0.4112 0.6359
vn -0.0514 -0.9971 0.0553
vn -0.4112 -0.8959 0.1681
vn -0.9734 -0.2060 0.1006
vn 0.0488 0.9262 0.3738
vn 0.0287 0.9825 0.1840
vn 0.1631 0.9658 0.2016
vn 0.2905 0.9183 0.2691
vn 0.0206 0.9994 0.0264
vn 0.2461 0.9661 0.0778
vn 0.4203 0.9041 0.0765
vn 0.1082 -0.2741 0.9556
vn 0.5863 -0.4112 0.6979
vn 0.3616 -0.7688 0.5274
vn 0.0775 -0.8643 0.4970
vn 0.9584 -0.2060 0.1974
vn 0.3923 -0.8959 0.2083
vn 0.0456 -0.9971 0.0601
vn -0.1242 -0.1996 -0.9720
vn -0.1540 -0.7130 -0.6841
vn -0.5875 -0.5476 -0.5958
vn -0.6555 -0.1599 -0.7381
vn -0.2326 -0.9571 -0.1728
vn -0.7483 -0.6285 -0.2125
vn -0.9623 -0.1371 -0.2351
vn 0.2206 -0.1996 -0.9547
vn 0.7259 -0.1599 -0.6689
vn 0.6441 -0.5476 -0.5342
vn 0.2216 -0.7130 -0.6653
vn 0.9809 -0.1371 -0.1378
vn 0.7657 -0.6285 -0.1367
vn 0.2487 -0.9571 -0.1488
vn 0.1242 -0.1996 0.9720
vn 0.1540 -0.7130 0.6841
vn 0.5875 -0.5476 0.5958
vn 0.6555 -0.1599 0.7381
vn 0.2326 -0.9571 0.1729
vn 0.7483 -0.6285 0.2125
vn 0.9623 -0.1371 0.2351
vn -0.2206 -0.1996 0.9547
vn -0.7259 -0.1599 0.6689
vn -0.6441 -0.5476 0.5341
vn -0.2216 -0.7130 0.6653
vn -0.9809 -0.1371 0.1378
vn -0.7657 -0.6285 0.1367
vn -0.2487 -0.9571 0.1487
vn 0.0381 -0.6484 -0.7603
vn 0.0451 -0.4319 -0.9008
vn -0.0171 0.9401 0.3406
vn 0.0012 0.9997 -0.0245
vn -0.0000 -1.0000 -0.0000
vn 0.0299 -0.8011 -0.5978
vn 0.0368 -0.6768 -0.7352
vn 0.0004 1.0000 -0.0086
vn -0.0299 -0.8011 0.5978
vn -0.0451 -0.4319 0.9008
vn -0.0004 1.0000 0.0084
vn -0.0381 -0.6484 0.7603
vn -0.0013 0.9997 0.0258
vn 0.0171 0.9401 -0.3406
vn 0.0485 0.2425 -0.9689
vn -0.0453 -0.4245 0.9043
vn -0.0000 -0.0000 -0.0000
vn -0.0277 0.8320 0.5540
vn -0.0485 0.2425 0.9689
vn 0.0277 0.8320 -0.5540
vn -0.1894 -0.3247 -0.9267
vn -0.1598 -0.9236 -0.3485
vn -0.5453 -0.5780 -0.6071
vn -0.6582 -0.1731 -0.7327
vn -0.1437 -0.9895 0.0124
vn -0.6864 -0.6970 -0.2076
vn -0.9570 -0.1795 -0.2281
vn -0.2213 -0.1795 0.9585
vn -0.7281 -0.1731 0.6633
vn -0.6032 -0.5780 0.5496
vn -0.2028 -0.6970 0.6878
vn -0.9750 -0.1795 0.1313
vn -0.7037 -0.6970 0.1380
vn -0.1870 -0.9675 0.1704
vn 0.5951 0.7402 0.3129
vn 0.3530 0.9231 0.1525
vn 0.6437 0.7639 -0.0463
vn 0.8132 0.4429 -0.3775
vn 0.8811 0.3619 -0.3046
vn 0.3698 -0.8040 -0.4657
vn -0.1646 -0.9862 0.0156
vn -0.1220 -0.9923 0.0208
vn -0.0729 -0.9951 0.0661
vn -0.1209 -0.9917 0.0434
vn -0.5117 -0.7895 0.3390
vn -0.5088 -0.7268 0.4613
vn -0.1643 -0.9846 0.0591
vn -0.7218 -0.2266 0.6540
vn -0.3877 -0.7892 0.4763
vn -0.1406 -0.9448 0.2961
vn 0.1701 0.4990 0.8497
vn -0.0308 -0.9848 0.1711
vn 0.6495 -0.6764 0.3472
vn 0.9070 0.4153 -0.0699
vn -0.4287 -0.9024 -0.0438
vn 0.9917 0.0491 0.1191
vn 0.5267 0.8163 -0.2371
vn -0.1324 -0.8966 -0.4227
vn -0.0924 -0.9509 -0.2954
vn -0.0727 -0.9952 0.0659
vn -0.1680 -0.9853 -0.0310
vn -0.5106 -0.7900 0.3392
vn -0.5072 -0.7288 0.4600
vn 0.0099 -0.9847 -0.1743
vn -0.7208 -0.2300 0.6539
vn -0.3870 -0.7904 0.4749
vn 0.0139 -0.9841 0.1773
vn 0.0055 -0.9883 0.1522
vn -0.9751 -0.1794 0.1308
vn -0.7043 -0.6965 0.1375
vn -0.6055 -0.5773 0.5478
vn -0.7305 -0.1726 0.6608
vn -0.1881 -0.9673 0.1702
vn -0.2072 -0.6965 0.6870
vn -0.2275 -0.1794 0.9571
vn -0.1308 -0.1794 -0.9751
vn -0.1375 -0.6965 -0.7043
vn -0.5478 -0.5774 -0.6055
vn -0.6608 -0.1726 -0.7305
vn -0.1702 -0.9673 -0.1881
vn -0.6870 -0.6965 -0.2072
vn -0.9571 -0.1794 -0.2275
vn 0.9751 -0.1794 -0.1308
vn 0.7043 -0.6965 -0.1375
vn 0.6055 -0.5774 -0.5478
vn 0.7305 -0.1726 -0.6608
vn 0.1881 -0.9673 -0.1702
vn 0.2072 -0.6965 -0.6870
vn 0.2275 -0.1794 -0.9571
vn 0.9571 -0.1794 0.2275
vn 0.6608 -0.1726 0.7305
vn 0.5478 -0.5774 0.6055
vn 0.6870 -0.6965 0.2072
vn 0.1308 -0.1794 0.9751
vn 0.1375 -0.6965 0.7043
vn 0.1702 -0.9673 0.1881
vn -0.1306 -0.1793 -0.9751
vn -0.1373 -0.6963 -0.7044
vn -0.5471 -0.5771 -0.6063
vn -0.6599 -0.1724 -0.7313
vn -0.1701 -0.9672 -0.1885
vn -0.6867 -0.6963 -0.2087
vn -0.9566 -0.1793 -0.2297
vn 0.9748 -0.1793 -0.1329
vn 0.7041 -0.6963 -0.1391
vn 0.6049 -0.5771 -0.5486
vn 0.7297 -0.1724 -0.6617
vn 0.1881 -0.9672 -0.1706
vn 0.2070 -0.6963 -0.6872
vn 0.2273 -0.1793 -0.9572
vn -0.2273 -0.1793 0.9572
vn -0.7297 -0.1724 0.6617
vn -0.6049 -0.5771 0.5486
vn -0.2070 -0.6963 0.6872
vn -0.9748 -0.1793 0.1329
vn -0.7041 -0.6963 0.1391
vn -0.1881 -0.9672 0.1706
vn 0.1701 -0.9672 0.1885
vn 0.6867 -0.6963 0.2087
vn 0.5471 -0.5771 0.6063
vn 0.1373 -0.6963 0.7044
vn 0.9566 -0.1793 0.2297
vn 0.6599 -0.1724 0.7313
vn 0.1306 -0.1793 0.9751
vn 0.2337 -0.1792 -0.9556
vn 0.7328 -0.1721 -0.6583
vn 0.6077 -0.5767 -0.5459
vn 0.2116 -0.6961 -0.6861
vn 0.9752 -0.1792 -0.1302
vn 0.7048 -0.6961 -0.1370
vn 0.1892 -0.9671 -0.1700
vn -0.1691 -0.9675 -0.1878
vn -0.6867 -0.6971 -0.2061
vn -0.5460 -0.5782 -0.6063
vn -0.1332 -0.6971 -0.7045
vn -0.9575 -0.1796 -0.2259
vn -0.6590 -0.1732 -0.7319
vn -0.1247 -0.1796 -0.9758
vn -0.2215 -0.1796 0.9585
vn -0.7288 -0.1732 0.6624
vn -0.6038 -0.5782 0.5487
vn -0.2029 -0.6971 0.6876
vn -0.9752 -0.1796 0.1292
vn -0.7038 -0.6971 0.1365
vn -0.1870 -0.9675 0.1700
vn 0.9573 -0.1792 0.2270
vn 0.6634 -0.1721 0.7282
vn 0.5502 -0.5767 0.6039
vn 0.6876 -0.6961 0.2067
vn 0.1371 -0.1792 0.9742
vn 0.1420 -0.6961 0.7038
vn 0.1713 -0.9671 0.1880
vn 0.2215 -0.1796 -0.9585
vn 0.7288 -0.1732 -0.6624
vn 0.6038 -0.5782 -0.5487
vn 0.2029 -0.6971 -0.6876
vn 0.9752 -0.1796 -0.1291
vn 0.7038 -0.6971 -0.1365
vn 0.1870 -0.9675 -0.1700
vn -0.9573 -0.1792 -0.2270
vn -0.6634 -0.1721 -0.7282
vn -0.5502 -0.5767 -0.6039
vn -0.6876 -0.6961 -0.2067
vn -0.1371 -0.1792 -0.9742
vn -0.1420 -0.6961 -0.7038
vn -0.1713 -0.9671 -0.1880
vn -0.2337 -0.1792 0.9556
vn -0.7328 -0.1721 0.6583
vn -0.6077 -0.5767 0.5459
vn -0.2116 -0.6961 0.6861
vn -0.9752 -0.1792 0.1302
vn -0.7048 -0.6961 0.1370
vn -0.1892 -0.9671 0.1700
vn 0.1247 -0.1796 0.9758
vn 0.1332 -0.6971 0.7045
vn 0.5460 -0.5782 0.6063
vn 0.6590 -0.1732 0.7319
vn 0.1691 -0.9675 0.1878
vn 0.6867 -0.6971 0.2061
vn 0.9575 -0.1796 0.2259
vn 0.0500 -0.0000 -0.9987
vn -0.0500 -0.0000 0.9987
vn -0.0500 0.0004 0.9987
vn 0.0500 0.0004 -0.9987
vn -0.0061 0.9926 0.1213
vn 0.0500 0.0365 -0.9981
vn -0.0500 0.0365 0.9981
vn 0.9598 -0.1855 0.2108
vn 0.6686 -0.7311 0.1360
vn 0.7036 -0.7097 0.0346
vn 0.6482 -0.2911 0.7036
vn 0.2529 -0.9674 0.0125
vn 0.6728 -0.7365 -0.0697
vn 0.9755 -0.1883 -0.1142
vn 0.7091 -0.2965 -0.6397
vn 0.2291 -0.1806 -0.9565
vn 0.5326 -0.8460 0.0263
vn 0.1436 -0.1351 0.9804
vn 0.2716 -0.3091 0.9114
vn 0.6417 -0.2965 0.7074
vn 0.7035 -0.7097 0.0359
vn 0.3266 -0.4417 -0.8356
vn 0.9592 -0.1883 0.2111
vn 0.6625 -0.7365 0.1365
vn 0.2529 -0.9674 0.0128
vn 0.6788 -0.7311 -0.0685
vn 0.9760 -0.1855 -0.1139
vn 0.7153 -0.2911 -0.6353
vn 0.2408 -0.1351 -0.9611
vn -0.2280 -0.1369 0.9640
vn -0.5326 -0.8460 -0.0263
vn -0.7036 -0.7097 -0.0346
vn -0.7091 -0.2965 0.6397
vn -0.1436 -0.1351 -0.9804
vn -0.6482 -0.2911 -0.7036
vn -0.9598 -0.1855 -0.2108
vn -0.6686 -0.7311 -0.1360
vn -0.2529 -0.9674 -0.0125
vn -0.6728 -0.7365 0.0697
vn -0.9755 -0.1883 0.1142
vn -0.1305 -0.1369 -0.9820
vn -0.6417 -0.2965 -0.7074
vn -0.7035 -0.7097 -0.0359
vn -0.5325 -0.8460 -0.0270
vn -0.9592 -0.1883 -0.2111
vn -0.6625 -0.7365 -0.1365
vn -0.2529 -0.9674 -0.0128
vn -0.6788 -0.7311 0.0685
vn -0.9760 -0.1855 0.1139
vn -0.7153 -0.2911 0.6353
vn -0.2408 -0.1351 0.9611
vn 0.0354 -0.7071 -0.7062
vn 0.0375 0.0129 -0.9992
vn -0.4350 0.9002 -0.0218
vn -0.0354 -0.7071 0.7062
vn -0.0625 0.0129 0.9980
vn -0.1045 -0.0000 0.9945
vn -0.0500 0.0150 0.9986
vn 0.0318 -0.0000 -0.9995
vn -0.8289 -0.4945 -0.2615
vn 0.4751 -0.8607 -0.1831
vn 0.0319 -0.7678 -0.6399
vn -0.6405 -0.3209 -0.6977
vn 0.9672 -0.2193 -0.1286
vn 0.7058 -0.3187 -0.6326
vn 0.2203 -0.2588 -0.9405
vn 0.1237 -0.8199 -0.5590
vn 0.0087 -0.9852 -0.1713
vn -0.0673 -0.8205 -0.5677
vn -0.1250 -0.2587 -0.9578
vn 0.9589 -0.2019 -0.1992
vn 0.7070 -0.3209 -0.6302
vn 0.0321 -0.7678 -0.6399
vn -0.5394 -0.7417 -0.3986
vn 0.2200 -0.2587 -0.9406
vn 0.1237 -0.8205 -0.5581
vn 0.0085 -0.9852 -0.1713
vn -0.0673 -0.8199 -0.5686
vn -0.1253 -0.2588 -0.9578
vn -0.6391 -0.3187 -0.7000
vn -0.9517 -0.1980 -0.2347
vn -0.2200 -0.2587 0.9406
vn -0.1237 -0.8205 0.5581
vn -0.0321 -0.7678 0.6399
vn -0.7070 -0.3209 0.6302
vn -0.0085 -0.9852 0.1713
vn 0.0673 -0.8199 0.5686
vn 0.1253 -0.2588 0.9578
vn 0.6391 -0.3187 0.7000
vn 0.9590 -0.1731 0.2242
vn 0.5330 -0.7449 0.4012
vn -0.9682 -0.1478 0.2020
vn -0.2203 -0.2588 0.9405
vn -0.1237 -0.8199 0.5590
vn -0.0319 -0.7678 0.6399
vn -0.7058 -0.3187 0.6326
vn -0.0087 -0.9852 0.1713
vn 0.0673 -0.8205 0.5677
vn 0.1250 -0.2587 0.9578
vn 0.6405 -0.3209 0.6977
vn 0.8442 -0.4257 0.3259
vn -0.6912 -0.6964 0.1930
vn -0.9704 -0.1980 0.1385
vn 0.9507 -0.2546 0.1772
vn 0.7346 -0.6698 0.1082
vn 0.6237 -0.7806 -0.0394
vn 0.9052 -0.4112 0.1074
vn 0.4042 -0.9147 0.0021
vn 0.3937 -0.9184 0.0396
vn 0.4021 -0.7905 0.4619
vn 0.1150 0.0234 -0.9931
vn 0.7208 -0.6744 0.1604
vn 0.0551 -0.0243 0.9982
vn 0.9806 -0.1399 -0.1375
vn 0.7568 -0.2330 -0.6108
vn 0.1559 0.0326 -0.9872
vn 0.9216 -0.3026 -0.2429
vn 0.2013 -0.0510 -0.9782
vn -0.1049 -0.6538 -0.7493
vn -0.1458 0.0072 0.9893
vn -0.5195 0.4641 -0.7174
vn -0.3887 0.6227 -0.6790
vn -0.0704 -0.1182 -0.9905
vn -0.9600 -0.1360 -0.2448
vn -0.8694 -0.4212 -0.2584
vn -0.8720 0.0331 -0.4884
vn -0.6455 -0.1535 -0.7482
vn 0.1818 -0.1311 -0.9746
vn -0.1600 0.9831 0.0886
vn -0.6265 0.6779 0.3847
vn -0.5950 -0.2058 0.7769
vn -0.4926 -0.1020 -0.8643
vn -0.1201 -0.0406 -0.9919
vn -0.9806 -0.1399 0.1375
vn -0.7568 -0.2330 0.6108
vn -0.1559 0.0326 0.9872
vn -0.9216 -0.3026 0.2429
vn -0.2013 -0.0510 0.9782
vn 0.1049 -0.6538 0.7493
vn 0.1514 -0.1062 -0.9828
vn 0.5195 0.4641 0.7174
vn 0.3887 0.6228 0.6790
vn 0.0704 -0.1181 0.9905
vn 0.9750 -0.1795 -0.1313
vn 0.7037 -0.6970 -0.1380
vn 0.6032 -0.5780 -0.5496
vn 0.7281 -0.1731 -0.6633
vn 0.1972 -0.9740 -0.1117
vn 0.2812 -0.8326 -0.4773
vn 0.2935 -0.3423 -0.8926
vn 0.1719 -0.1483 0.9739
vn 0.2257 -0.8374 0.4978
vn 0.5453 -0.5780 0.6071
vn 0.6582 -0.1731 0.7327
vn 0.1869 -0.9745 0.1244
vn 0.6864 -0.6970 0.2076
vn 0.9570 -0.1795 0.2281
vn -0.1881 -0.9674 0.1698
vn -0.2073 -0.6967 0.6868
vn -0.6061 -0.5776 0.5469
vn -0.7044 -0.6967 0.1360
vn -0.2277 -0.1794 0.9571
vn -0.7312 -0.1727 0.6599
vn -0.9778 -0.1567 0.1391
vn 0.1310 -0.1794 0.9750
vn 0.1377 -0.6967 0.7041
vn 0.5484 -0.5776 0.6047
vn 0.6617 -0.1727 0.7296
vn -0.0304 -0.9872 0.1568
vn 0.3332 -0.9213 0.2006
vn 0.9089 -0.3166 0.2713
vn -0.9299 -0.2516 -0.2683
vn -0.6617 -0.1727 -0.7296
vn -0.5484 -0.5776 -0.6047
vn -0.5395 -0.8058 -0.2441
vn -0.1310 -0.1794 -0.9750
vn -0.1377 -0.6967 -0.7041
vn -0.1043 -0.9761 -0.1906
vn 0.9733 -0.1224 -0.1940
vn 0.5166 -0.8280 -0.2182
vn 0.6061 -0.5776 -0.5469
vn 0.7312 -0.1727 -0.6599
vn 0.1308 -0.9753 -0.1780
vn 0.2073 -0.6967 -0.6868
vn 0.2277 -0.1794 -0.9571
vn 0.9809 0.1371 -0.1378
vn 0.7259 0.1599 -0.6689
vn 0.6441 0.5476 -0.5341
vn 0.7657 0.6285 -0.1367
vn 0.2206 0.1996 -0.9547
vn 0.2216 0.7130 -0.6653
vn 0.2487 0.9571 -0.1487
vn 0.1242 0.1996 0.9720
vn 0.6555 0.1599 0.7381
vn 0.5875 0.5476 0.5958
vn 0.1540 0.7130 0.6841
vn 0.9623 0.1371 0.2351
vn 0.7483 0.6285 0.2125
vn 0.2326 0.9571 0.1729
vn -0.2206 0.1996 0.9547
vn -0.2216 0.7130 0.6653
vn -0.6441 0.5476 0.5341
vn -0.7259 0.1599 0.6689
vn -0.2487 0.9571 0.1487
vn -0.7657 0.6285 0.1367
vn -0.9809 0.1371 0.1378
vn -0.9623 0.1371 -0.2351
vn -0.7483 0.6285 -0.2125
vn -0.5875 0.5476 -0.5958
vn -0.6555 0.1599 -0.7381
vn -0.2326 0.9571 -0.1729
vn -0.1540 0.7130 -0.6841
vn -0.1242 0.1996 -0.9720
vn 0.3947 0.9174 -0.0519
vn 0.3858 0.8920 -0.2355
vn 0.2996 0.9379 -0.1750
vn 0.3713 0.9279 -0.0338
vn 0.1150 0.9022 -0.4157
vn 0.0974 0.9653 -0.2423
vn 0.0982 0.9936 -0.0550
vn 0.0729 0.9022 0.4251
vn 0.3603 0.8920 0.2729
vn 0.2807 0.9379 0.2041
vn 0.0727 0.9653 0.2509
vn 0.3875 0.9174 0.0910
vn 0.3661 0.9279 0.0707
vn 0.0922 0.9936 0.0646
vn -0.1150 0.9022 0.4157
vn -0.0974 0.9653 0.2423
vn -0.2997 0.9379 0.1750
vn -0.3858 0.8920 0.2355
vn -0.0982 0.9936 0.0550
vn -0.3713 0.9279 0.0338
vn -0.3947 0.9174 0.0519
vn -0.3875 0.9174 -0.0910
vn -0.3661 0.9279 -0.0707
vn -0.2807 0.9379 -0.2041
vn -0.3603 0.8920 -0.2729
vn -0.0922 0.9936 -0.0646
vn -0.0727 0.9653 -0.2509
vn -0.0729 0.9022 -0.4251
vn -0.6849 -0.7068 -0.1770
vn 0.2929 -0.8449 -0.4477
vn -0.0000 -1.0000 -0.0004
vn -0.0000 -1.0000 -0.0002
vn -0.1600 -0.8154 -0.5564
vn -0.8044 -0.5926 -0.0422
vn -0.9949 -0.0971 -0.0284
vn 0.5702 -0.7895 0.2270
vn -0.0346 -0.5930 0.8044
vn -0.0425 -0.1512 0.9876
vn 0.0004 -1.0000 -0.0000
vn 0.0016 -1.0000 0.0001
vn 0.1572 -0.8731 0.4615
vn -0.0566 -0.9773 -0.2039
vn -0.1384 -0.8800 -0.4543
vn 0.2340 -0.6258 0.7441
vn -0.4173 -0.9009 -0.1193
vn 0.1768 -0.9832 0.0463
vn 0.4154 -0.9026 0.1132
vn 0.4814 -0.8701 -0.1056
vn -0.0488 -0.2505 0.9669
vn -0.0403 -0.5926 0.8045
vn -0.9984 0.0219 -0.0515
vn -0.8042 -0.5930 -0.0403
vn 0.0076 -0.8745 -0.4850
vn 0.0065 -0.9431 -0.3326
vn 0.0061 -0.9620 -0.2729
vn 0.0053 -0.9854 -0.1700
vn 0.4663 -0.8841 0.0310
vn 0.5573 -0.8295 0.0379
vn 0.5610 -0.8269 0.0381
vn 0.8601 -0.5075 0.0517
vn 0.9626 -0.2653 0.0544
vn 0.0240 -0.9997 0.0012
vn 0.0113 -0.9999 0.0006
vn 0.0053 -1.0000 0.0003
vn -0.5327 -0.8459 -0.0267
vn -0.2206 -0.9753 -0.0110
vn -0.2602 -0.9655 -0.0130
vn -0.2602 -0.9655 -0.0131
vn -0.7856 -0.6174 -0.0394
vn -0.7856 -0.6174 -0.0392
vn -0.9885 -0.1432 -0.0495
vn 0.2602 -0.9655 0.0130
vn 0.2602 -0.9655 0.0131
vn 0.7856 -0.6174 0.0394
vn 0.7856 -0.6174 0.0392
vn 0.9885 -0.1432 0.0495
vn -0.2601 0.9655 -0.0131
vn -0.2601 0.9655 -0.0130
vn -0.7856 0.6174 -0.0392
vn -0.7856 0.6174 -0.0394
vn -0.9885 0.1432 -0.0495
vn -0.9885 0.1431 -0.0495
vn 0.9885 0.1432 0.0495
vn 0.9885 0.1431 0.0495
vn 0.7856 0.6174 0.0394
vn 0.7856 0.6174 0.0392
vn 0.2601 0.9655 0.0131
vn 0.2601 0.9655 0.0130
vn 0.0084 0.9855 -0.1694
vn 0.0085 0.9855 -0.1694
vn 0.0334 0.7450 -0.6662
vn 0.0333 0.7450 -0.6662
vn 0.0488 0.2236 -0.9735
vn 0.0487 0.2236 -0.9735
vn 0.8327 -0.5538 -0.0030
vn 0.4260 -0.9029 -0.0576
vn -0.0085 -0.9855 0.1694
vn -0.0084 -0.9855 0.1694
vn -0.0333 -0.7450 0.6662
vn -0.0334 -0.7450 0.6662
vn -0.0487 -0.2236 0.9735
vn -0.0488 -0.2236 0.9735
vn 0.0085 -0.9855 -0.1694
vn 0.0084 -0.9855 -0.1694
vn 0.0333 -0.7450 -0.6662
vn 0.0334 -0.7450 -0.6662
vn 0.0487 -0.2236 -0.9735
vn 0.0488 -0.2236 -0.9735
vn -0.9003 -0.4351 -0.0134
vn -0.8326 -0.5538 0.0030
vn -0.0084 0.9855 0.1694
vn -0.0085 0.9855 0.1694
vn -0.0334 0.7450 0.6662
vn -0.0333 0.7450 0.6662
vn -0.0488 0.2236 0.9735
vn -0.0487 0.2236 0.9735
vn -0.3035 0.9527 -0.0152
vn -0.4358 0.8998 -0.0219
vn -0.4358 0.8998 -0.0218
vn -0.1420 0.9898 -0.0072
vn -0.1420 0.9898 -0.0071
vn 0.1420 0.9898 0.0072
vn 0.1420 0.9898 0.0071
vn 0.4358 0.8998 0.0218
vn 0.4358 0.8998 0.0219
vn 0.3035 0.9527 0.0152
vn 0.0217 0.9011 -0.4331
vn 0.0123 0.9690 -0.2469
vn 0.0124 0.9690 -0.2469
vn 0.0034 0.9976 -0.0686
vn 0.0035 0.9976 -0.0686
vn -0.0217 0.9011 0.4331
vn -0.0123 0.9690 0.2469
vn -0.0124 0.9690 0.2469
vn -0.0034 0.9976 0.0686
vn -0.0035 0.9976 0.0686
vn -0.1115 0.9937 -0.0056
vn -0.3840 0.9231 -0.0192
vn -0.2786 0.9603 -0.0140
vn 0.2786 0.9603 0.0140
vn 0.3840 0.9231 0.0192
vn 0.1115 0.9937 0.0056
vn 0.0039 0.9970 -0.0770
vn 0.0132 0.9645 -0.2639
vn 0.0221 0.8971 -0.4412
vn -0.0039 0.9970 0.0770
vn -0.0132 0.9645 0.2639
vn -0.0221 0.8971 0.4412
vn 0.0570 -0.0000 -0.9984
vn 0.5174 -0.8553 0.0269
vn 0.0467 -0.0050 -0.9989
vn 0.0209 -0.8945 -0.4465
vn -0.9597 0.2764 -0.0505
vn 0.9949 0.0859 0.0537
vn -0.0504 -0.1283 0.9905
vn -0.9960 0.0878 -0.0145
vn 0.9914 0.1204 0.0515
vn -0.0500 -0.1644 0.9851
vn -0.9976 0.0357 -0.0587
vn 0.9982 -0.0585 0.0162
vn 0.0506 -0.1692 -0.9843
vt 0.325062 0.700062
vt 0.325062 0.549938
vt 0.174938 0.549938
vt 0.174938 0.700062
vt 0.135112 0.742496
vt 0.132504 0.742496
vt 0.132829 0.742111
vt 0.133528 0.742496
vt 0.132504 0.739307
vt 0.132504 0.741059
vt 0.130546 0.744454
vt 0.839705 0.711882
vt 0.839705 0.714705
vt 0.839705 0.714597
vt 0.839705 0.714103
vt 0.778045 0.564335
vt 0.779786 0.564335
vt 0.841663 0.716663
vt 0.135112 0.507504
vt 0.133528 0.507504
vt 0.132829 0.507890
vt 0.132504 0.507504
vt 0.130546 0.505546
vt 0.132504 0.508941
vt 0.132504 0.510693
vt 0.839705 0.538118
vt 0.839705 0.535897
vt 0.839705 0.535368
vt 0.839705 0.535295
vt 0.841663 0.533338
vt 0.838046 0.535295
vt 0.367496 0.739307
vt 0.367496 0.742496
vt 0.367171 0.742110
vt 0.367496 0.741059
vt 0.364888 0.742496
vt 0.366472 0.742496
vt 0.369454 0.744454
vt 0.660295 0.711882
vt 0.660295 0.714103
vt 0.660295 0.714596
vt 0.660295 0.714705
vt 0.658338 0.716662
vt 0.660295 0.714705
vt 0.593208 0.564335
vt 0.591467 0.564335
vt 0.367496 0.510693
vt 0.367496 0.508941
vt 0.367171 0.507890
vt 0.367496 0.507504
vt 0.369454 0.505546
vt 0.366472 0.507504
vt 0.364888 0.507504
vt 0.660295 0.538118
vt 0.660295 0.535295
vt 0.660295 0.535368
vt 0.660295 0.535897
vt 0.661955 0.535295
vt 0.658338 0.533338
vt 0.571846 0.002823
vt 0.625000 0.002422
vt 0.625000 0.001016
vt 0.571846 0.000000
vt 0.873042 0.748042
vt 0.873168 0.750000
vt 0.874231 0.750000
vt 0.875000 0.747578
vt 0.571846 0.998341
vt 0.571846 1.000000
vt 0.602535 1.000000
vt 0.625000 0.998168
vt 0.571846 0.247177
vt 0.571846 0.250000
vt 0.613768 0.250384
vt 0.625000 0.247578
vt 0.571846 0.251659
vt 0.625000 0.251832
vt 0.873042 0.501958
vt 0.875000 0.502422
vt 0.875000 0.501016
vt 0.873168 0.500000
vt 0.571846 0.502823
vt 0.625000 0.502422
vt 0.617768 0.500339
vt 0.571846 0.500000
vt 0.626958 0.501958
vt 0.625916 0.499084
vt 0.571846 0.498341
vt 0.571846 0.747177
vt 0.571846 0.750000
vt 0.617512 0.749918
vt 0.625000 0.747578
vt 0.571846 0.751659
vt 0.625916 0.750916
vt 0.626958 0.748042
vt 0.851949 0.726949
vt 0.851949 0.726949
vt 0.853997 0.728997
vt 0.851949 0.523051
vt 0.853997 0.521003
vt 0.648051 0.523051
vt 0.646003 0.521003
vt 0.648051 0.726949
vt 0.646003 0.728997
vt 0.851949 0.725538
vt 0.851808 0.726710
vt 0.850290 0.724126
vt 0.851120 0.726949
vt 0.851808 0.523290
vt 0.851949 0.524462
vt 0.851120 0.523051
vt 0.850290 0.525874
vt 0.648051 0.524462
vt 0.648192 0.523290
vt 0.649710 0.525874
vt 0.648881 0.523051
vt 0.648192 0.726710
vt 0.648051 0.725538
vt 0.648881 0.726949
vt 0.649710 0.724127
vt 0.825380 0.711882
vt 0.825380 0.711876
vt 0.825155 0.714304
vt 0.825392 0.714705
vt 0.824136 0.711877
vt 0.823729 0.714705
vt 0.823733 0.714705
vt 0.674620 0.711882
vt 0.674608 0.714705
vt 0.674846 0.714304
vt 0.674620 0.711876
vt 0.676268 0.714705
vt 0.676271 0.714705
vt 0.676279 0.711882
vt 0.000000 0.000000
vt 0.675911 0.547558
vt 0.674668 0.549503
vt 0.674703 0.549346
vt 0.674668 0.549668
vt 0.675326 0.549505
vt 0.675984 0.546849
vt 0.674660 0.547694
vt 0.673341 0.697516
vt 0.674171 0.700172
vt 0.674748 0.700332
vt 0.674668 0.697513
vt 0.674668 0.700332
vt 0.674759 0.701453
vt 0.676315 0.702449
vt 0.676321 0.700332
vt 0.826991 0.698081
vt 0.825428 0.699206
vt 0.825332 0.700269
vt 0.826489 0.700337
vt 0.825332 0.700332
vt 0.825428 0.700332
vt 0.826980 0.698074
vt 0.825332 0.700332
vt 0.824017 0.546849
vt 0.824839 0.549505
vt 0.825414 0.549668
vt 0.825344 0.546842
vt 0.825332 0.549668
vt 0.825429 0.550794
vt 0.826991 0.551919
vt 0.826997 0.549661
vt 0.592203 0.564335
vt 0.661955 0.711882
vt 0.660295 0.711882
vt 0.660295 0.714108
vt 0.661955 0.714705
vt 0.660295 0.711882
vt 0.839705 0.711882
vt 0.839705 0.711882
vt 0.839354 0.714108
vt 0.839705 0.714705
vt 0.838046 0.711882
vt 0.838046 0.714705
vt 0.778045 0.564335
vt 0.838046 0.535295
vt 0.839471 0.535693
vt 0.838046 0.538118
vt 0.839705 0.538118
vt 0.661954 0.535295
vt 0.660529 0.535693
vt 0.661954 0.535295
vt 0.661954 0.538118
vt 0.839705 0.546786
vt 0.839705 0.546788
vt 0.839472 0.549213
vt 0.839705 0.549608
vt 0.838046 0.546793
vt 0.838047 0.549615
vt 0.838046 0.549615
vt 0.838046 0.700385
vt 0.838047 0.700385
vt 0.839472 0.700788
vt 0.839705 0.700392
vt 0.838046 0.703207
vt 0.839705 0.703212
vt 0.839705 0.703214
vt 0.660295 0.546786
vt 0.660295 0.549608
vt 0.660529 0.549213
vt 0.660295 0.546788
vt 0.661955 0.549615
vt 0.661953 0.549615
vt 0.661955 0.546793
vt 0.661954 0.703207
vt 0.661953 0.700385
vt 0.660529 0.700787
vt 0.660295 0.703212
vt 0.661954 0.700385
vt 0.660295 0.700392
vt 0.660295 0.703214
vt 0.674620 0.538118
vt 0.674608 0.535295
vt 0.674378 0.535690
vt 0.674620 0.538112
vt 0.672949 0.535295
vt 0.672953 0.535295
vt 0.672961 0.538118
vt 0.672997 0.546838
vt 0.673004 0.549661
vt 0.674430 0.549266
vt 0.674656 0.546837
vt 0.673009 0.549661
vt 0.674656 0.546845
vt 0.825344 0.546845
vt 0.825570 0.549266
vt 0.825344 0.546838
vt 0.826991 0.549661
vt 0.826996 0.549661
vt 0.827003 0.546838
vt 0.827051 0.535295
vt 0.825392 0.535295
vt 0.825622 0.535690
vt 0.827048 0.535295
vt 0.825380 0.538118
vt 0.825380 0.538112
vt 0.827039 0.538118
vt 0.674656 0.703155
vt 0.674668 0.700332
vt 0.674430 0.700735
vt 0.674656 0.703163
vt 0.673009 0.700339
vt 0.673004 0.700339
vt 0.672997 0.703162
vt 0.604749 0.564335
vt 0.606491 0.564335
vt 0.604753 0.564335
vt 0.674620 0.711882
vt 0.674620 0.711888
vt 0.674263 0.714112
vt 0.674609 0.714705
vt 0.672961 0.711882
vt 0.672953 0.714705
vt 0.764750 0.561372
vt 0.764763 0.564335
vt 0.765128 0.564335
vt 0.764750 0.561378
vt 0.766504 0.564335
vt 0.766501 0.564335
vt 0.827039 0.711882
vt 0.825380 0.711888
vt 0.825387 0.713520
vt 0.827048 0.714705
vt 0.764713 0.552211
vt 0.764713 0.552220
vt 0.764705 0.550513
vt 0.764700 0.549249
vt 0.827003 0.703162
vt 0.826996 0.700339
vt 0.825686 0.700334
vt 0.825344 0.703163
vt 0.826991 0.700339
vt 0.674427 0.523051
vt 0.674451 0.523051
vt 0.674472 0.523051
vt 0.674463 0.523051
vt 0.674476 0.523051
vt 0.674488 0.523051
vt 0.674500 0.520945
vt 0.825524 0.523051
vt 0.825575 0.523051
vt 0.825680 0.523051
vt 0.825517 0.523051
vt 0.827183 0.523051
vt 0.826342 0.523051
vt 0.825500 0.520945
vt 0.825574 0.726949
vt 0.825549 0.726949
vt 0.825528 0.726949
vt 0.825537 0.726949
vt 0.825524 0.726949
vt 0.825512 0.726949
vt 0.825500 0.729055
vt 0.674476 0.726949
vt 0.674425 0.726949
vt 0.674320 0.726949
vt 0.674483 0.726949
vt 0.672817 0.726949
vt 0.673659 0.726949
vt 0.674500 0.729055
vt 0.674475 0.523051
vt 0.674450 0.523051
vt 0.674441 0.523051
vt 0.674471 0.523051
vt 0.674425 0.523051
vt 0.674467 0.525874
vt 0.823916 0.523051
vt 0.824389 0.523051
vt 0.825391 0.523051
vt 0.825524 0.523051
vt 0.825533 0.525874
vt 0.825525 0.726949
vt 0.825550 0.726949
vt 0.825559 0.726949
vt 0.825529 0.726949
vt 0.825575 0.726949
vt 0.825533 0.724126
vt 0.676084 0.726949
vt 0.675611 0.726949
vt 0.674610 0.726949
vt 0.674467 0.724126
vt 0.827051 0.535295
vt 0.826123 0.535295
vt 0.825392 0.535380
vt 0.825422 0.533273
vt 0.824695 0.535295
vt 0.823733 0.535295
vt 0.825380 0.538118
vt 0.674620 0.538118
vt 0.674608 0.535380
vt 0.676268 0.535295
vt 0.675305 0.535295
vt 0.674578 0.533273
vt 0.673878 0.535295
vt 0.672949 0.535295
vt 0.674620 0.538118
vt 0.674620 0.711882
vt 0.674609 0.714599
vt 0.674620 0.711882
vt 0.604749 0.564335
vt 0.605724 0.564335
vt 0.606489 0.564335
vt 0.674578 0.716727
vt 0.675305 0.714705
vt 0.673878 0.714705
vt 0.676268 0.714705
vt 0.825380 0.711882
vt 0.825392 0.714705
vt 0.825392 0.714705
vt 0.824695 0.714705
vt 0.825422 0.716727
vt 0.826123 0.714705
vt 0.764762 0.564112
vt 0.765530 0.564335
vt 0.764750 0.561372
vt 0.851949 0.549427
vt 0.851949 0.549452
vt 0.851949 0.549468
vt 0.851949 0.549476
vt 0.853982 0.549476
vt 0.851949 0.700524
vt 0.851949 0.700575
vt 0.851949 0.700821
vt 0.851949 0.700524
vt 0.851949 0.703347
vt 0.851949 0.702520
vt 0.853982 0.700524
vt 0.648051 0.700573
vt 0.648051 0.700548
vt 0.648051 0.700532
vt 0.648051 0.700524
vt 0.646018 0.700524
vt 0.648051 0.549476
vt 0.648051 0.549425
vt 0.648051 0.549179
vt 0.648051 0.546653
vt 0.648051 0.547480
vt 0.646018 0.549476
vt 0.851949 0.549474
vt 0.851949 0.549449
vt 0.851949 0.549438
vt 0.851949 0.549462
vt 0.851949 0.549425
vt 0.850290 0.549450
vt 0.851949 0.697752
vt 0.851949 0.698572
vt 0.851949 0.700277
vt 0.850290 0.700550
vt 0.648051 0.700526
vt 0.648051 0.700551
vt 0.648051 0.700563
vt 0.648051 0.700538
vt 0.648051 0.700575
vt 0.649710 0.700550
vt 0.648051 0.552248
vt 0.648051 0.551428
vt 0.648051 0.549724
vt 0.649710 0.549450
vt 0.838046 0.700385
vt 0.839669 0.700392
vt 0.838046 0.700385
vt 0.839705 0.703214
vt 0.839705 0.701911
vt 0.841641 0.700421
vt 0.839705 0.698900
vt 0.839705 0.697569
vt 0.838046 0.549615
vt 0.839669 0.549608
vt 0.839705 0.552431
vt 0.839705 0.551101
vt 0.841641 0.549580
vt 0.839705 0.548089
vt 0.839705 0.546786
vt 0.660295 0.697569
vt 0.660295 0.698899
vt 0.660332 0.700392
vt 0.660295 0.700392
vt 0.658360 0.700421
vt 0.660295 0.701911
vt 0.660295 0.703214
vt 0.661954 0.700385
vt 0.661955 0.700385
vt 0.660295 0.548089
vt 0.660332 0.549608
vt 0.660295 0.549608
vt 0.658360 0.549579
vt 0.660295 0.551101
vt 0.660295 0.552431
vt 0.661955 0.549615
vt 0.826991 0.700339
vt 0.826989 0.700339
vt 0.825391 0.700333
vt 0.825332 0.700332
vt 0.824226 0.697979
vt 0.824779 0.700192
vt 0.825331 0.698218
vt 0.764713 0.552211
vt 0.764700 0.549249
vt 0.674667 0.700428
vt 0.673840 0.700336
vt 0.674656 0.703155
vt 0.674666 0.701092
vt 0.674506 0.700333
vt 0.673008 0.701744
vt 0.674460 0.700333
vt 0.673840 0.549664
vt 0.674578 0.549571
vt 0.673008 0.547785
vt 0.674506 0.549668
vt 0.674391 0.549667
vt 0.674668 0.549668
vt 0.674664 0.548843
vt 0.674656 0.546845
vt 0.826991 0.549661
vt 0.825333 0.549572
vt 0.826161 0.549665
vt 0.825344 0.546845
vt 0.825335 0.548908
vt 0.825495 0.549668
vt 0.826992 0.547785
vt 0.825609 0.549667
vt 0.823733 0.535295
vt 0.823729 0.535295
vt 0.825155 0.535696
vt 0.823721 0.538118
vt 0.825380 0.538124
vt 0.825380 0.538118
vt 0.674620 0.538124
vt 0.674846 0.535696
vt 0.676279 0.538118
vt 0.676271 0.535295
vt 0.676268 0.535295
vt 0.661954 0.697562
vt 0.660295 0.697567
vt 0.660530 0.699992
vt 0.661956 0.700385
vt 0.660295 0.697569
vt 0.661955 0.700385
vt 0.660295 0.552431
vt 0.660295 0.552433
vt 0.660530 0.550008
vt 0.661955 0.552438
vt 0.661956 0.549615
vt 0.661954 0.549615
vt 0.838046 0.700385
vt 0.839471 0.699992
vt 0.838045 0.700385
vt 0.839705 0.697569
vt 0.839705 0.697567
vt 0.838046 0.697562
vt 0.838045 0.549615
vt 0.839471 0.550008
vt 0.838046 0.552438
vt 0.839705 0.552433
vt 0.428154 0.251659
vt 0.428154 0.250000
vt 0.386232 0.249492
vt 0.375000 0.251832
vt 0.428154 0.247177
vt 0.375000 0.247578
vt 0.126958 0.501958
vt 0.126832 0.500000
vt 0.125769 0.500000
vt 0.125000 0.502422
vt 0.428154 0.502823
vt 0.428154 0.500000
vt 0.382488 0.500082
vt 0.375000 0.502422
vt 0.428154 0.498341
vt 0.374084 0.499084
vt 0.373042 0.501958
vt 0.428154 0.747177
vt 0.375000 0.747578
vt 0.382232 0.749661
vt 0.428154 0.750000
vt 0.373042 0.748042
vt 0.374084 0.750916
vt 0.428154 0.751659
vt 0.428154 0.998341
vt 0.375000 0.998168
vt 0.375000 0.999231
vt 0.428154 1.000000
vt 0.126958 0.748042
vt 0.125000 0.747578
vt 0.125000 0.748984
vt 0.126832 0.750000
vt 0.428154 0.002823
vt 0.428154 0.000000
vt 0.397465 0.000000
vt 0.375000 0.002422
vt 0.132568 0.507703
vt 0.133674 0.507504
vt 0.132504 0.510713
vt 0.132504 0.509863
vt 0.134221 0.510426
vt 0.367496 0.510713
vt 0.367433 0.507703
vt 0.367496 0.509863
vt 0.366326 0.507504
vt 0.365779 0.510426
vt 0.367496 0.739287
vt 0.367496 0.740137
vt 0.367432 0.742298
vt 0.365779 0.739574
vt 0.366326 0.742496
vt 0.133674 0.742496
vt 0.132568 0.742298
vt 0.134221 0.739574
vt 0.132504 0.740137
vt 0.132504 0.739287
vt 0.825336 0.700332
vt 0.825344 0.546819
vt 0.673009 0.549670
vt 0.676327 0.697510
vt 0.826989 0.699398
vt 0.674669 0.699334
vt 0.825284 0.747978
vt 0.674716 0.747978
vt 0.674741 0.750000
vt 0.825259 0.750000
vt 0.625000 0.950259
vt 0.625000 0.799741
vt 0.571846 0.799771
vt 0.571846 0.950229
vt 0.674716 0.502022
vt 0.825284 0.502022
vt 0.825259 0.500000
vt 0.674741 0.500000
vt 0.625000 0.450259
vt 0.625000 0.299741
vt 0.571846 0.299771
vt 0.571846 0.450229
vt 0.325111 0.747978
vt 0.174889 0.747978
vt 0.174885 0.750000
vt 0.325115 0.750000
vt 0.375000 0.799885
vt 0.375000 0.950115
vt 0.428154 0.950143
vt 0.428154 0.799857
vt 0.428154 0.450143
vt 0.428154 0.299857
vt 0.375000 0.299885
vt 0.375000 0.450115
vt 0.325115 0.500000
vt 0.174885 0.500000
vt 0.174889 0.502022
vt 0.325111 0.502022
vt 0.126936 0.700111
vt 0.126936 0.549889
vt 0.125000 0.549885
vt 0.125000 0.700115
vt 0.375000 0.049885
vt 0.375000 0.200115
vt 0.428154 0.200143
vt 0.428154 0.049858
vt 0.674671 0.549668
vt 0.626936 0.700283
vt 0.626936 0.549717
vt 0.625000 0.549741
vt 0.625000 0.700259
vt 0.571846 0.549771
vt 0.571846 0.700229
vt 0.873064 0.549717
vt 0.873064 0.700283
vt 0.875000 0.700259
vt 0.875000 0.549741
vt 0.625000 0.200259
vt 0.625000 0.049741
vt 0.571846 0.049771
vt 0.571846 0.200229
vt 0.373064 0.549889
vt 0.373064 0.700111
vt 0.375000 0.700115
vt 0.375000 0.549885
vt 0.428154 0.700143
vt 0.428154 0.549857
vt 0.325111 0.742496
vt 0.174889 0.742496
vt 0.175076 0.742496
vt 0.324925 0.742496
vt 0.174889 0.744518
vt 0.325111 0.744518
vt 0.325111 0.505482
vt 0.174889 0.505482
vt 0.175076 0.507504
vt 0.324924 0.507504
vt 0.174889 0.507504
vt 0.325111 0.507504
vt 0.132504 0.700111
vt 0.132504 0.549889
vt 0.132504 0.550023
vt 0.132504 0.699977
vt 0.130568 0.549889
vt 0.130568 0.700111
vt 0.367496 0.549889
vt 0.367496 0.700111
vt 0.367496 0.699977
vt 0.367496 0.550023
vt 0.369432 0.700111
vt 0.369432 0.549889
vt 0.325107 0.739574
vt 0.174893 0.739574
vt 0.174697 0.742496
vt 0.325303 0.742496
vt 0.174889 0.742496
vt 0.174697 0.507504
vt 0.325303 0.507504
vt 0.174893 0.510426
vt 0.325107 0.510426
vt 0.134221 0.700109
vt 0.134221 0.549891
vt 0.132504 0.549751
vt 0.132504 0.700249
vt 0.132504 0.549889
vt 0.132504 0.700111
vt 0.365779 0.549891
vt 0.365779 0.700109
vt 0.367496 0.700249
vt 0.367496 0.549751
vt 0.367496 0.549889
vt 0.825330 0.549668
s 1
usemtl Material.027
f 642/449/265 641/450/265 644/451/265 643/452/265
f 645/453/266 648/454/267 649/455/268 651/456/269
f 646/457/270 650/458/271 649/455/268 648/454/267
f 647/459/272 651/456/269 649/455/268 650/458/271
f 652/460/273 655/461/274 656/462/275 658/463/276
f 653/464/277 657/465/278 656/465/275 655/465/274
f 654/466/279 658/463/276 656/462/275 657/461/278
f 659/467/280 662/468/281 663/469/282 665/470/283
f 660/471/284 664/472/285 663/469/282 662/468/281
f 661/473/286 665/470/283 663/469/282 664/472/285
f 666/474/287 669/475/288 670/476/289 672/477/290
f 667/478/291 671/477/292 670/476/289 669/475/288
f 668/479/293 672/477/290 670/476/289 671/477/292
f 673/480/294 676/481/295 677/482/296 679/483/297
f 674/484/298 678/485/299 677/482/296 676/481/295
f 675/486/300 679/483/297 677/482/296 678/485/299
f 680/487/301 683/488/302 684/489/303 686/490/304
f 681/491/305 685/492/306 684/489/303 683/488/302
f 682/493/307 686/494/304 684/494/303 685/494/306
f 687/495/308 690/496/309 691/497/310 693/498/311
f 688/499/312 692/500/313 691/497/310 690/496/309
f 689/501/314 693/498/311 691/497/310 692/500/313
f 694/502/315 697/503/316 698/504/317 700/505/318
f 695/506/319 699/503/320 698/504/317 697/503/316
f 696/507/321 700/505/318 698/504/317 699/503/320
f 701/508/322 704/509/323 705/510/324 707/511/325
f 702/512/326 706/513/327 705/514/324 704/515/323
f 703/516/328 707/517/325 705/518/324 706/519/327
f 708/520/329 711/521/330 712/522/331 714/523/332
f 709/524/333 713/525/334 712/522/331 711/521/330
f 710/526/335 714/527/332 712/528/331 713/529/334
f 715/530/336 718/531/337 719/532/338 721/533/339
f 716/534/340 720/535/341 719/532/338 718/531/337
f 717/536/342 721/533/339 719/532/338 720/535/341
f 722/537/343 725/538/344 726/539/345 728/540/346
f 723/541/347 727/542/348 726/539/345 725/538/344
f 724/543/349 728/540/346 726/539/345 727/542/348
f 729/544/350 732/544/265 733/545/265 735/544/351
f 730/544/352 734/544/353 733/545/265 732/544/265
f 731/546/354 735/544/351 733/545/265 734/544/353
f 736/547/355 739/547/356 740/547/265 742/547/265
f 737/548/354 741/547/357 740/547/265 739/547/356
f 738/547/265 742/547/265 740/547/265 741/547/357
f 743/549/358 746/549/265 747/549/265 749/549/359
f 744/549/265 748/549/360 747/549/265 746/549/265
f 745/550/354 749/549/359 747/549/265 748/549/360
f 750/551/361 753/551/354 754/551/265 756/551/265
f 751/552/354 755/551/362 754/551/265 753/551/354
f 752/551/363 756/551/265 754/551/265 755/551/362
f 757/544/364 760/553/365 761/554/366 763/544/265
f 758/555/354 762/556/265 761/554/366 760/553/365
f 759/544/367 763/544/265 761/554/366 762/556/265
f 764/547/364 767/547/265 768/557/366 770/558/354
f 765/547/367 769/559/265 768/557/366 767/547/265
f 766/560/354 770/558/354 768/557/366 769/559/265
f 771/549/368 774/561/354 775/562/366 777/549/265
f 772/563/354 776/564/265 775/562/366 774/561/354
f 773/549/369 777/549/265 775/562/366 776/564/265
f 778/551/368 781/551/265 782/565/366 784/566/354
f 779/551/369 783/567/265 782/565/366 781/551/265
f 780/568/354 784/566/354 782/565/366 783/567/265
f 785/569/370 788/570/371 789/571/372 791/572/373
f 786/573/374 790/574/375 789/571/372 788/570/371
f 787/575/376 791/572/373 789/571/372 790/574/375
f 792/576/377 795/577/378 796/578/379 798/579/380
f 793/580/381 797/581/382 796/578/379 795/577/378
f 794/582/383 798/579/380 796/578/379 797/581/382
s 0
f 799/583/384 803/583/384 804/583/384 807/583/384
s 1
f 800/584/385 805/585/386 804/586/387 803/587/385
f 801/587/388 806/588/389 804/586/387 805/585/386
f 802/589/390 807/590/391 804/586/387 806/588/389
s 0
f 808/583/392 812/583/392 813/583/392 816/583/392
s 1
f 809/591/393 814/592/394 813/593/395 812/594/396
f 810/595/397 815/596/398 813/593/395 814/592/394
f 811/597/399 816/598/399 813/593/395 815/596/398
s 0
f 817/583/400 821/583/400 822/583/400 825/583/400
s 1
f 818/599/401 823/600/402 822/601/403 821/602/404
f 819/603/405 824/604/406 822/601/403 823/600/402
f 820/605/407 825/606/408 822/601/403 824/604/406
s 0
f 826/583/409 830/583/409 831/583/409 834/583/409
s 1
f 827/607/410 832/608/411 831/609/412 830/610/413
f 828/611/414 833/612/415 831/609/412 832/608/411
f 829/613/416 834/614/417 831/609/412 833/612/415
f 835/493/418 838/493/419 839/615/420 841/494/421
f 836/616/422 840/617/423 839/618/420 838/619/419
f 837/620/424 841/492/421 839/618/420 840/617/423
f 842/621/425 845/622/426 846/623/427 848/624/428
f 843/625/429 847/626/430 846/623/427 845/622/426
f 844/627/431 848/465/428 846/465/427 847/627/430
f 849/628/432 852/628/433 853/629/434 855/477/435
f 850/630/436 854/474/437 853/629/434 852/628/433
f 851/631/438 855/477/435 853/629/434 854/474/437
f 856/632/439 859/503/440 860/633/441 862/634/442
f 857/502/443 861/502/444 860/633/441 859/503/440
f 858/635/445 862/634/442 860/633/441 861/502/444
f 863/636/446 866/637/447 867/638/448 869/639/449
f 864/640/450 868/641/451 867/638/448 866/637/447
f 865/642/452 869/639/449 867/638/448 868/641/451
f 870/643/453 873/644/454 874/645/455 876/646/456
f 871/647/457 875/648/458 874/645/455 873/644/454
f 872/649/459 876/646/456 874/645/455 875/648/458
f 877/650/460 880/651/461 881/652/462 883/653/463
f 878/654/464 882/655/465 881/652/462 880/651/461
f 879/656/466 883/653/463 881/652/462 882/655/465
f 884/657/467 887/658/468 888/659/469 890/660/470
f 885/661/471 889/662/472 888/659/469 887/658/468
f 886/663/473 890/660/470 888/659/469 889/662/472
f 891/664/474 894/665/475 895/666/476 897/667/477
f 892/668/478 896/669/479 895/666/476 894/665/475
f 893/670/480 897/667/477 895/666/476 896/669/479
f 898/671/481 901/672/482 902/673/483 904/674/484
f 899/675/485 903/587/486 902/673/483 901/672/482
f 900/676/487 904/674/484 902/673/483 903/587/486
f 905/677/488 908/611/489 909/678/490 911/679/491
f 906/680/492 910/681/493 909/678/490 908/611/489
f 907/682/494 911/679/491 909/678/490 910/681/493
f 912/683/495 915/684/496 916/685/497 918/686/498
f 913/687/499 917/688/500 916/685/497 915/684/496
f 914/689/501 918/686/498 916/685/497 917/688/500
f 919/690/502 922/691/503 923/692/504 925/693/505
f 920/694/506 924/695/507 923/692/504 922/691/503
f 921/696/508 925/693/505 923/692/504 924/695/507
f 926/697/509 929/698/510 930/698/511 932/699/512
f 927/700/513 931/701/514 930/702/511 929/703/510
f 928/704/515 932/705/512 930/702/511 931/701/514
f 933/706/516 936/707/517 937/708/518 939/709/519
f 934/710/520 938/711/521 937/708/518 936/707/517
f 935/712/522 939/713/519 937/714/518 938/715/521
f 940/716/523 943/717/524 944/718/525 946/719/526
f 941/720/527 945/721/528 944/722/525 943/723/524
f 942/724/529 946/606/526 944/722/525 945/721/528
f 971/725/530 974/726/531 975/727/354 977/728/354
f 972/729/532 976/730/354 975/727/354 974/726/531
f 973/731/354 977/728/354 975/727/354 976/730/354
f 978/732/265 981/733/366 982/734/354 984/735/354
f 979/736/366 983/737/354 982/734/354 981/733/366
f 980/738/354 984/735/354 982/734/354 983/737/354
f 985/739/531 988/740/530 989/741/354 991/742/354
f 986/743/533 990/744/354 989/741/354 988/740/530
f 987/745/354 991/742/354 989/741/354 990/744/354
f 992/746/534 995/747/366 996/748/354 998/749/354
f 993/750/531 997/751/354 996/748/354 995/747/366
f 994/752/354 998/749/354 996/748/354 997/751/354
f 999/753/530 1002/754/531 1003/755/354 1005/756/354
f 1000/757/531 1004/757/354 1003/755/354 1002/754/531
f 1001/758/354 1005/756/354 1003/755/354 1004/757/354
f 1006/759/531 1009/760/354 1010/761/354 1012/762/535
f 1007/763/354 1011/733/354 1010/761/354 1009/760/354
f 1008/733/530 1012/762/535 1010/761/354 1011/733/354
f 1013/764/531 1016/765/530 1017/766/354 1019/767/354
f 1014/768/530 1018/768/354 1017/766/354 1016/765/530
f 1015/769/354 1019/767/354 1017/766/354 1018/768/354
f 1020/770/366 1023/771/354 1024/772/354 1026/746/536
f 1021/773/354 1025/747/354 1024/772/354 1023/771/354
f 1022/747/531 1026/746/536 1024/772/354 1025/747/354
f 1027/774/537 1032/775/538 1033/776/539 1037/684/540
f 1028/777/541 1034/778/542 1033/776/539 1032/775/538
f 1029/779/543 1035/684/544 1033/776/539 1034/778/542
f 1030/687/545 1036/687/546 1033/776/539 1035/684/544
f 1031/780/547 1037/684/540 1033/776/539 1036/687/546
f 1038/781/548 1043/665/549 1044/782/550 1048/781/551
f 1039/783/552 1045/784/553 1044/782/550 1043/665/549
f 1040/785/554 1046/786/555 1044/782/550 1045/784/553
f 1041/787/556 1047/665/557 1044/782/550 1046/786/555
f 1042/788/558 1048/781/551 1044/782/550 1047/665/557
f 1049/576/559 1054/789/560 1055/790/561 1059/577/562
f 1050/791/563 1056/577/564 1055/790/561 1054/789/560
f 1051/792/565 1057/793/566 1055/794/561 1056/698/564
f 1052/795/567 1058/796/568 1055/790/561 1057/797/566
f 1053/798/569 1059/577/562 1055/790/561 1058/796/568
f 1060/799/570 1065/800/571 1066/801/572 1070/799/573
f 1061/575/574 1067/802/575 1066/801/572 1065/800/571
f 1062/803/576 1068/804/577 1066/801/572 1067/802/575
f 1063/710/578 1069/707/579 1066/805/572 1068/806/577
f 1064/807/580 1070/706/573 1066/805/572 1069/707/579
f 1095/808/581 1098/809/581 1099/810/354 1101/809/354
f 1096/811/582 1100/811/354 1099/810/354 1098/809/581
f 1097/812/354 1101/809/354 1099/810/354 1100/811/354
f 1102/813/583 1105/814/584 1106/815/354 1108/816/354
f 1103/817/581 1107/818/354 1106/815/354 1105/814/584
f 1104/819/354 1108/816/354 1106/815/354 1107/818/354
f 1109/820/581 1112/821/581 1113/822/354 1115/821/354
f 1110/823/585 1114/823/354 1113/822/354 1112/821/581
f 1111/824/354 1115/821/354 1113/822/354 1114/823/354
f 1116/825/584 1119/826/581 1120/827/354 1122/825/354
f 1117/828/584 1121/829/354 1120/827/354 1119/826/581
f 1118/830/354 1122/825/354 1120/827/354 1121/829/354
f 1123/831/581 1126/832/581 1127/833/354 1129/834/354
f 1124/835/581 1128/835/354 1127/833/354 1126/832/581
f 1125/836/354 1129/834/354 1127/833/354 1128/835/354
f 1130/837/586 1133/838/354 1134/839/354 1136/813/587
f 1131/840/354 1135/814/354 1134/839/354 1133/838/354
f 1132/814/584 1136/813/587 1134/839/354 1135/814/354
f 1137/841/581 1140/842/581 1141/843/354 1143/844/354
f 1138/845/584 1142/845/354 1141/843/354 1140/842/581
f 1139/846/354 1143/844/354 1141/843/354 1142/845/354
f 1144/847/588 1147/848/354 1148/849/354 1150/825/584
f 1145/850/354 1149/826/354 1148/849/354 1147/848/354
f 1146/826/581 1150/825/584 1148/849/354 1149/826/354
f 1151/851/589 1156/643/590 1157/852/591 1161/646/592
f 1152/853/593 1158/646/594 1157/852/591 1156/643/590
f 1153/854/595 1159/855/596 1157/852/591 1158/646/594
f 1154/856/597 1160/857/598 1157/852/591 1159/855/596
f 1155/858/599 1161/646/592 1157/852/591 1160/857/598
f 1162/859/600 1167/639/601 1168/860/602 1172/859/603
f 1163/861/604 1169/862/605 1168/860/602 1167/639/601
f 1164/863/606 1170/864/607 1168/860/602 1169/862/605
f 1165/865/608 1171/639/609 1168/860/602 1170/864/607
f 1166/642/610 1172/859/603 1168/860/602 1171/639/609
f 1173/866/611 1178/867/612 1179/868/613 1183/869/614
f 1174/870/615 1180/871/616 1179/868/613 1178/867/612
f 1175/872/617 1181/662/618 1179/868/613 1180/871/616
f 1176/873/619 1182/874/620 1179/868/613 1181/662/618
f 1177/874/621 1183/869/614 1179/868/613 1182/874/620
f 1184/650/622 1189/875/623 1190/876/624 1194/877/625
f 1185/878/626 1191/879/627 1190/876/624 1189/875/623
f 1186/880/628 1192/651/629 1190/876/624 1191/879/627
f 1187/881/630 1193/881/631 1190/876/624 1192/651/629
f 1188/881/632 1194/877/625 1190/876/624 1193/881/631
f 1195/882/633 1200/883/634 1201/884/635 1205/885/636
s 0
f 1196/583/637 1202/583/637 1201/583/637 1200/583/637
s 1
f 1197/886/638 1203/887/639 1201/884/635 1202/888/638
f 1198/606/640 1204/606/641 1201/884/635 1203/887/639
f 1199/889/642 1205/890/636 1201/890/635 1204/890/641
f 1206/694/643 1211/595/644 1212/891/645 1216/892/646
f 1207/893/647 1213/894/648 1212/891/645 1211/595/644
f 1208/595/649 1214/895/650 1212/891/645 1213/894/648
f 1209/896/651 1215/897/651 1212/891/645 1214/895/650
s 0
f 1210/583/652 1216/583/652 1212/583/652 1215/583/652
s 1
f 1217/675/653 1222/898/654 1223/899/655 1227/587/656
s 0
f 1218/583/657 1224/583/657 1223/583/657 1222/583/657
s 1
f 1219/900/658 1225/901/659 1223/899/655 1224/902/658
f 1220/903/660 1226/904/661 1223/899/655 1225/901/659
f 1221/905/662 1227/587/656 1223/899/655 1226/904/661
f 1228/906/663 1233/611/664 1234/907/665 1238/908/666
f 1229/909/667 1235/910/668 1234/907/665 1233/611/664
f 1230/611/669 1236/911/670 1234/907/665 1235/910/668
f 1231/912/671 1237/913/671 1234/907/665 1236/911/670
s 0
f 1232/583/672 1238/583/672 1234/583/672 1237/583/672
s 1
f 1239/914/673 1242/915/674 1243/916/675 1245/684/676
f 1240/917/677 1244/918/678 1243/916/675 1242/915/674
f 1241/919/679 1245/684/676 1243/916/675 1244/918/678
f 1246/781/680 1249/920/681 1250/921/682 1252/665/683
f 1247/922/684 1251/923/685 1250/921/682 1249/920/681
f 1248/924/686 1252/665/683 1250/921/682 1251/923/685
f 1253/925/687 1256/926/688 1257/927/689 1259/928/690
f 1254/929/691 1258/662/692 1257/927/689 1256/926/688
f 1255/930/693 1259/928/690 1257/927/689 1258/662/692
f 1260/931/694 1263/932/695 1264/933/696 1266/651/697
f 1261/934/698 1265/935/699 1264/933/696 1263/932/695
f 1262/936/700 1266/651/697 1264/933/696 1265/935/699
f 1267/937/701 1270/646/702 1271/938/703 1273/939/704
f 1268/940/705 1272/941/706 1271/938/703 1270/646/702
f 1269/942/707 1273/939/704 1271/938/703 1272/941/706
f 1274/859/708 1277/943/709 1278/944/710 1280/639/711
f 1275/945/712 1279/946/713 1278/944/710 1277/943/709
f 1276/861/714 1280/639/711 1278/944/710 1279/946/713
f 1305/947/715 1308/948/716 1309/949/717 1311/950/718
f 1306/951/719 1310/952/720 1309/949/717 1308/948/716
f 1307/953/721 1311/954/718 1309/955/717 1310/956/720
f 1312/957/722 1315/958/723 1316/959/724 1318/960/725
f 1313/961/726 1317/962/727 1316/959/724 1315/958/723
f 1314/963/728 1318/960/725 1316/959/724 1317/962/727
f 1319/964/729 1322/965/730 1323/966/731 1325/967/732
f 1320/968/733 1324/969/734 1323/966/731 1322/965/730
f 1321/970/735 1325/967/732 1323/966/731 1324/969/734
f 1326/971/736 1329/972/737 1330/973/738 1332/974/739
f 1327/975/740 1331/976/741 1330/977/738 1329/978/737
f 1328/979/742 1332/980/739 1330/981/738 1331/982/741
f 1357/467/743 1360/470/744 1361/983/745 1363/984/746
f 1358/985/747 1362/986/748 1361/983/745 1360/470/744
f 1359/987/749 1363/984/746 1361/983/745 1362/986/748
f 1364/988/750 1367/498/751 1368/989/752 1370/990/753
f 1365/501/754 1369/991/755 1368/989/752 1367/498/751
f 1366/992/756 1370/990/753 1368/989/752 1369/991/755
f 1371/993/757 1374/994/758 1375/995/759 1377/481/760
f 1372/996/761 1376/997/762 1375/995/759 1374/994/758
f 1373/484/763 1377/481/760 1375/995/759 1376/997/762
f 1378/453/764 1381/998/765 1382/999/766 1384/454/767
f 1379/1000/768 1383/1001/769 1382/999/766 1381/998/765
f 1380/1002/770 1384/454/767 1382/999/766 1383/1001/769
f 1188/881/632 878/654/464 880/651/461 1194/877/625
f 1194/877/625 880/651/461 877/650/460 1184/650/622
f 1328/979/742 701/508/322 707/511/325 1332/980/739
f 1332/974/739 707/517/325 703/516/328 1326/971/736
f 912/683/495 1027/774/537 1037/684/540 915/684/496
f 915/684/496 1037/684/540 1031/780/547 913/687/499
f 708/520/329 1306/951/719 1308/948/716 711/521/330
f 711/521/330 1308/948/716 1305/947/715 709/524/333
f 1038/781/548 1246/781/680 1252/665/683 1043/665/549
f 1043/665/549 1252/665/683 1248/924/686 1039/783/552
f 717/536/342 1313/961/726 1315/958/723 721/533/339
f 721/533/339 1315/958/723 1312/957/722 715/530/336
f 1041/787/556 892/668/478 894/665/475 1047/665/557
f 1047/665/557 894/665/475 891/664/474 1042/788/558
f 652/460/273 842/621/425 848/624/428 655/461/274
f 655/465/274 848/465/428 844/627/431 653/464/277
f 722/537/343 1319/964/729 1325/967/732 725/538/344
f 725/538/344 1325/967/732 1321/970/735 723/541/347
f 1241/919/679 1030/687/545 1035/684/544 1245/684/676
f 1245/684/676 1035/684/544 1029/779/543 1239/914/673
f 837/620/424 680/487/301 686/490/304 841/492/421
f 841/494/421 686/494/304 682/493/307 835/493/418
f 836/616/422 884/657/467 890/660/470 840/617/423
f 840/617/423 890/660/470 886/663/473 837/620/424
f 1269/942/707 818/599/401 821/602/404 1273/939/704
f 1273/939/704 821/602/404 817/1003/771 1267/937/701
f 835/493/418 926/697/509 932/699/512 838/493/419
f 838/619/419 932/705/512 928/704/515 836/616/422
f 1253/925/687 1261/934/698 1263/932/695 1256/926/688
f 1256/926/688 1263/932/695 1260/931/694 1254/929/691
f 892/668/478 856/632/439 862/634/442 896/669/479
f 896/669/479 862/634/442 858/635/445 893/670/480
f 1240/917/677 827/607/410 830/610/413 1244/918/678
f 1244/918/678 830/610/413 826/1004/772 1241/919/679
f 729/544/350 757/544/364 763/544/265 732/544/265
f 732/544/265 763/544/265 759/544/367 730/544/352
f 764/547/364 736/547/355 742/547/265 767/547/265
f 767/547/265 742/547/265 738/547/265 765/547/367
f 773/549/369 744/549/265 746/549/265 777/549/265
f 777/549/265 746/549/265 743/549/358 771/549/368
f 778/551/368 750/551/361 756/551/265 781/551/265
f 781/551/265 756/551/265 752/551/363 779/551/369
f 878/654/464 899/675/485 901/672/482 882/655/465
f 882/655/465 901/672/482 898/671/481 879/656/466
f 1239/914/673 1248/924/686 1251/923/685 1242/915/674
f 1242/915/674 1251/923/685 1247/922/684 1240/917/677
f 913/687/499 905/677/488 911/679/491 917/688/500
f 917/688/500 911/679/491 907/682/494 914/689/501
s 0
f 808/583/773 800/583/773 803/583/773 812/583/773
s 1
f 812/594/396 803/587/774 799/1005/774 809/591/393
f 1177/874/621 1255/930/693 1258/662/692 1183/869/614
f 1183/869/614 1258/662/692 1254/929/691 1173/866/611
f 1276/861/714 1163/861/604 1167/639/601 1280/639/711
f 1280/639/711 1167/639/601 1162/859/600 1274/859/708
f 1060/799/570 785/569/370 791/572/373 1065/800/571
f 1065/800/571 791/572/373 787/575/376 1061/575/574
f 1268/940/705 1276/861/714 1279/946/713 1272/941/706
f 1272/941/706 1279/946/713 1275/945/712 1269/942/707
f 809/591/775 1253/925/687 1259/928/690 814/592/776
f 814/592/776 1259/928/690 1255/930/693 810/595/777
f 794/582/383 811/597/778 815/596/779 798/579/380
f 798/579/380 815/596/779 810/595/780 792/576/377
f 793/580/381 787/575/376 790/574/375 797/581/382
f 797/581/382 790/574/375 786/573/374 794/582/383
f 820/605/407 808/1006/781 816/598/781 825/606/408
s 0
f 825/583/782 816/583/782 811/583/782 817/583/782
s 1
f 819/603/783 786/573/374 788/570/371 824/604/784
f 824/604/784 788/570/371 785/569/370 820/605/785
f 802/589/390 1247/922/684 1249/920/681 807/590/391
s 0
f 807/583/786 1249/583/786 1246/583/786 799/583/786
s 1
f 1261/934/698 801/587/787 805/585/788 1265/935/699
f 1265/935/699 805/585/788 800/584/789 1262/936/700
f 829/613/416 1275/945/712 1277/943/709 834/614/417
s 0
f 834/583/790 1277/583/790 1274/583/790 826/583/790
s 1
f 1155/858/599 1268/940/705 1270/646/702 1161/646/592
f 1161/646/592 1270/646/702 1267/937/701 1151/851/589
f 1186/880/628 1260/931/694 1266/651/697 1192/651/629
f 1192/651/629 1266/651/697 1262/936/700 1187/881/630
f 828/611/791 819/603/791 823/600/792 833/612/792
f 833/612/792 823/600/792 818/599/401 829/613/416
f 792/576/377 1049/576/559 1059/577/562 795/577/378
f 795/577/378 1059/577/562 1053/798/569 793/580/381
f 1221/905/662 900/676/487 903/587/486 1227/587/656
f 1227/587/656 903/587/486 899/675/485 1217/675/653
f 668/479/293 849/628/432 855/477/435 672/477/290
f 672/477/290 855/477/435 851/631/438 666/474/287
f 919/690/502 1207/893/647 1211/595/644 922/691/503
f 922/691/503 1211/595/644 1206/694/643 920/694/506
f 933/706/516 1064/807/580 1069/707/579 936/707/517
f 936/707/517 1069/707/579 1063/710/578 934/710/520
f 1175/872/617 886/663/473 889/662/472 1181/662/618
f 1181/662/618 889/662/472 885/661/471 1176/873/619
f 850/630/436 864/640/450 866/637/447 854/474/437
f 854/474/437 866/637/447 863/636/446 851/631/438
f 934/710/520 844/627/431 847/627/430 938/711/521
f 938/715/521 847/626/430 843/625/429 935/712/522
f 906/680/492 865/642/452 868/641/451 910/681/493
f 910/681/493 868/641/451 864/640/450 907/682/494
f 920/694/506 885/661/471 887/658/468 924/695/507
f 924/695/507 887/658/468 884/657/467 921/696/508
f 927/700/513 919/690/502 925/693/505 931/701/514
f 931/701/514 925/693/505 921/696/508 928/704/515
f 801/587/793 828/611/793 832/608/794 806/588/794
f 806/588/794 832/608/794 827/607/410 802/589/390
f 865/642/452 1166/642/610 1171/639/609 869/639/449
f 869/639/449 1171/639/609 1165/865/608 863/636/446
f 940/716/523 933/706/516 939/709/519 943/717/524
f 943/723/524 939/713/519 935/712/522 941/720/527
f 870/643/453 942/724/529 945/721/528 873/644/454
f 873/644/454 945/721/528 941/720/527 871/647/457
f 849/628/432 912/683/495 918/686/498 852/628/433
f 852/628/433 918/686/498 914/689/501 850/630/436
f 879/656/466 858/635/445 861/502/444 883/653/463
f 883/653/463 861/502/444 857/502/443 877/650/460
f 871/647/457 843/625/429 845/622/426 875/648/458
f 875/648/458 845/622/426 842/621/425 872/649/459
f 1199/889/642 940/716/523 946/719/526 1205/890/636
f 1205/885/636 946/606/526 942/724/529 1195/882/633
f 856/632/439 695/506/319 697/503/316 859/503/440
f 859/503/440 697/503/316 694/502/315 857/502/443
f 900/676/487 891/664/474 897/667/477 904/674/484
f 904/674/484 897/667/477 893/670/480 898/671/481
f 1050/791/563 927/700/513 929/703/510 1056/577/564
f 1056/698/564 929/698/510 926/697/509 1051/792/565
f 872/649/459 1153/854/595 1158/646/594 876/646/456
f 876/646/456 1158/646/594 1152/853/593 870/643/453
f 905/677/488 1229/909/667 1233/611/664 908/611/489
f 908/611/489 1233/611/664 1228/906/663 906/680/492
f 1230/611/795 1197/886/795 1202/888/796 1236/911/797
f 1236/911/797 1202/888/796 1196/1007/798 1231/912/798
f 1197/886/799 1210/1008/799 1215/897/800 1203/887/801
f 1203/887/801 1215/897/800 1209/896/802 1198/606/803
f 1208/595/804 1220/903/804 1225/901/805 1214/895/805
f 1214/895/805 1225/901/805 1219/900/806 1209/896/806
s 0
f 1218/583/807 1232/583/807 1237/583/807 1224/583/807
s 1
f 1224/902/808 1237/913/808 1231/912/808 1219/900/808
f 689/501/314 1365/501/754 1367/498/751 693/498/311
f 693/498/311 1367/498/751 1364/988/750 687/495/308
f 1380/1002/770 646/457/270 648/454/267 1384/454/767
f 1384/454/767 648/454/267 645/453/266 1378/453/764
f 1052/795/567 1062/803/576 1067/802/575 1058/796/568
f 1058/796/568 1067/802/575 1061/575/574 1053/798/569
f 1015/769/354 1021/773/354 1023/771/354 1019/767/354
f 1019/767/354 1023/771/354 1020/770/366 1013/764/531
f 1028/777/541 1040/785/554 1045/784/553 1034/778/542
f 1034/778/542 1045/784/553 1039/783/552 1029/779/543
f 1001/758/354 1007/763/354 1009/760/354 1005/756/354
f 1005/756/354 1009/760/354 1006/759/531 999/753/530
f 1013/764/531 986/743/533 988/740/530 1016/765/530
f 1016/765/530 988/740/530 985/739/531 1014/768/530
f 986/743/533 992/746/534 998/749/354 990/744/354
f 990/744/354 998/749/354 994/752/354 987/745/354
f 992/746/534 1020/770/366 1026/746/536 995/747/366
f 995/747/366 1026/746/536 1022/747/531 993/750/531
f 999/753/530 972/729/532 974/726/531 1002/754/531
f 1002/754/531 974/726/531 971/725/530 1000/757/531
f 972/729/532 978/732/265 984/735/354 976/730/354
f 976/730/354 984/735/354 980/738/354 973/731/354
f 978/732/265 1006/759/531 1012/762/535 981/733/366
f 981/733/366 1012/762/535 1008/733/530 979/736/366
f 966/1009/809 968/1010/810 970/1011/811 967/1012/812
f 967/1013/812 970/1014/811 969/1015/813 965/1016/813
f 954/1017/814 956/1018/815 958/1019/816 955/1020/817
f 955/1021/817 958/1022/816 957/1023/818 953/1024/818
f 1198/606/640 1060/799/570 1070/799/573 1204/606/641
f 1204/890/641 1070/706/573 1064/807/580 1199/889/642
f 1049/576/559 1208/595/649 1213/894/648 1054/789/560
f 1054/789/560 1213/894/648 1207/893/647 1050/791/563
f 960/1025/819 1284/1026/820 1286/1027/821 961/1028/822
f 961/1029/822 1286/1030/821 1285/1031/823 959/1032/824
f 1288/1033/825 1290/1034/826 1292/1035/827 1289/1036/828
f 1289/1037/828 1292/1038/827 1291/1039/829 1287/1040/830
f 1030/687/545 1230/611/669 1235/910/668 1036/687/546
f 1036/687/546 1235/910/668 1229/909/667 1031/780/547
f 1220/903/660 1038/781/548 1048/781/551 1226/904/661
f 1226/904/661 1048/781/551 1042/788/558 1221/905/662
f 1072/1041/831 1296/1042/832 1298/1043/833 1073/1044/834
f 1073/1045/834 1298/1046/833 1297/1047/835 1071/1048/836
f 673/480/294 1371/993/757 1377/481/760 676/481/295
f 676/481/295 1377/481/760 1373/484/763 674/484/298
s 0
f 1210/583/837 1177/583/837 1182/583/837 1216/583/837
s 1
f 1216/892/646 1182/874/620 1176/873/619 1206/694/643
f 1173/866/611 1186/880/628 1191/879/627 1178/867/612
f 1178/867/612 1191/879/627 1185/878/626 1174/870/615
f 1187/881/630 1218/1049/838 1222/898/654 1193/881/631
f 1193/881/631 1222/898/654 1217/675/653 1188/881/632
f 1139/846/354 1145/850/354 1147/848/354 1143/844/354
f 1143/844/354 1147/848/354 1144/847/588 1137/841/581
f 1154/856/597 1164/863/606 1169/862/605 1160/857/598
f 1160/857/598 1169/862/605 1163/861/604 1155/858/599
f 1125/836/354 1131/840/354 1133/838/354 1129/834/354
f 1129/834/354 1133/838/354 1130/837/586 1123/831/581
f 1137/841/581 1110/823/585 1112/821/581 1140/842/581
f 1140/842/581 1112/821/581 1109/820/581 1138/845/584
f 1110/823/585 1116/825/584 1122/825/354 1114/823/354
f 1114/823/354 1122/825/354 1118/830/354 1111/824/354
f 1116/825/584 1144/847/588 1150/825/584 1119/826/581
f 1119/826/581 1150/825/584 1146/826/581 1117/828/584
f 1123/831/581 1096/811/582 1098/809/581 1126/832/581
f 1126/832/581 1098/809/581 1095/808/581 1124/835/581
f 1096/811/582 1102/813/583 1108/816/354 1100/811/354
f 1100/811/354 1108/816/354 1104/819/354 1097/812/354
f 1102/813/583 1130/837/586 1136/813/587 1105/814/584
f 1105/814/584 1136/813/587 1132/814/584 1103/817/581
f 1090/1050/839 1092/1051/840 1094/1052/841 1091/1053/842
f 1091/1053/842 1094/1052/841 1093/1054/843 1089/1055/844
f 1078/1056/845 1080/1057/846 1082/1058/847 1079/1059/848
f 1079/1060/848 1082/1061/847 1081/1062/849 1077/1063/850
f 1151/851/589 1196/1007/851 1200/883/634 1156/643/590
f 1156/643/590 1200/883/634 1195/882/633 1152/853/593
s 0
f 1232/583/852 1162/583/852 1172/583/852 1238/583/852
s 1
f 1238/908/666 1172/859/603 1166/642/610 1228/906/663
f 1300/1064/853 1302/1065/854 1304/1066/855 1301/1067/856
f 1301/1067/856 1304/1066/855 1303/1068/857 1299/1069/858
f 661/473/286 1358/985/747 1360/470/744 665/470/283
f 665/470/283 1360/470/744 1357/467/743 659/467/280
f 1296/1042/832 1307/953/721 1310/956/720 1298/1043/833
f 1298/1046/833 1310/952/720 1306/951/719 1297/1047/835
f 1307/953/721 1291/1039/829 1292/1038/827 1311/954/718
f 1311/950/718 1292/1035/827 1290/1034/826 1305/947/715
f 709/524/333 957/1023/818 958/1022/816 713/525/334
f 713/529/334 958/1019/816 956/1018/815 710/526/335
f 1287/1040/830 1314/963/728 1317/962/727 1289/1037/828
f 1289/1036/828 1317/962/727 1313/961/726 1288/1033/825
f 1314/963/728 1300/1064/853 1301/1067/856 1318/960/725
f 1318/960/725 1301/1067/856 1299/1069/858 1312/957/722
f 953/1024/818 717/536/342 720/535/341 955/1021/817
f 955/1020/817 720/535/341 716/534/340 954/1017/814
f 973/731/354 745/550/354 748/549/360 977/728/354
f 977/728/354 748/549/360 744/549/265 971/725/530
f 737/548/354 980/738/354 983/737/354 741/547/357
f 741/547/357 983/737/354 979/736/366 738/547/265
f 959/1032/824 1321/970/735 1324/969/734 961/1029/822
f 961/1028/822 1324/969/734 1320/968/733 960/1025/819
f 723/541/347 969/1015/813 970/1014/811 727/542/348
f 727/542/348 970/1011/811 968/1010/810 724/543/349
f 1327/975/740 1072/1041/831 1073/1044/834 1331/976/741
f 1331/982/741 1073/1045/834 1071/1048/836 1328/979/742
f 1284/1026/820 1327/975/740 1329/978/737 1286/1027/821
f 1286/1030/821 1329/972/737 1326/971/736 1285/1031/823
f 1302/1065/854 1320/968/733 1322/965/730 1304/1066/855
f 1304/1066/855 1322/965/730 1319/964/729 1303/1068/857
f 965/1016/813 703/516/328 706/519/327 967/1013/812
f 967/1012/812 706/513/327 702/512/326 966/1009/809
f 987/745/354 731/546/354 734/544/353 991/742/354
f 991/742/354 734/544/353 730/544/352 985/739/531
f 751/552/354 994/752/354 997/751/354 755/551/362
f 755/551/362 997/751/354 993/750/531 752/551/363
f 1000/757/531 773/549/369 776/564/265 1004/757/354
f 1004/757/354 776/564/265 772/563/354 1001/758/354
f 765/547/367 1008/733/530 1011/733/354 769/559/265
f 769/559/265 1011/733/354 1007/763/354 766/560/354
f 1014/768/530 759/544/367 762/556/265 1018/768/354
f 1018/768/354 762/556/265 758/555/354 1015/769/354
f 779/551/369 1022/747/531 1025/747/354 783/567/265
f 783/567/265 1025/747/354 1021/773/354 780/568/354
f 1040/785/554 696/507/321 699/503/320 1046/786/555
f 1046/786/555 699/503/320 695/506/319 1041/787/556
f 667/478/291 1028/777/541 1032/775/538 671/477/292
f 671/477/292 1032/775/538 1027/774/537 668/479/293
f 1062/803/576 654/466/279 657/461/278 1068/804/577
f 1068/806/577 657/465/278 653/464/277 1063/710/578
f 681/491/305 1052/795/567 1057/797/566 685/492/306
f 685/494/306 1057/793/566 1051/792/565 682/493/307
f 1184/650/622 694/502/315 700/505/318 1189/875/623
f 1189/875/623 700/505/318 696/507/321 1185/878/626
f 666/474/287 1165/865/608 1170/864/607 669/475/288
f 669/475/288 1170/864/607 1164/863/606 667/478/291
f 680/487/301 1175/872/617 1180/871/616 683/488/302
f 683/488/302 1180/871/616 1174/870/615 681/491/305
f 1153/854/595 652/460/273 658/463/276 1159/855/596
f 1159/855/596 658/463/276 654/466/279 1154/856/597
f 701/508/322 1081/1062/849 1082/1061/847 704/509/323
f 704/515/323 1082/1058/847 1080/1057/846 702/512/326
f 1077/1063/850 708/520/329 714/523/332 1079/1060/848
f 1079/1059/848 714/527/332 710/526/335 1078/1056/845
f 1097/812/354 737/548/354 739/547/356 1101/809/354
f 1101/809/354 739/547/356 736/547/355 1095/808/581
f 731/546/354 1104/819/354 1107/818/354 735/544/351
f 735/544/351 1107/818/354 1103/817/581 729/544/350
f 715/530/336 1093/1054/843 1094/1052/841 718/531/337
f 718/531/337 1094/1052/841 1092/1051/840 716/534/340
f 1089/1055/844 722/537/343 728/540/346 1091/1053/842
f 1091/1053/842 728/540/346 724/543/349 1090/1050/839
f 1111/824/354 751/552/354 753/551/354 1115/821/354
f 1115/821/354 753/551/354 750/551/361 1109/820/581
f 745/550/354 1118/830/354 1121/829/354 749/549/359
f 749/549/359 1121/829/354 1117/828/584 743/549/358
f 1124/835/581 764/547/364 770/558/354 1128/835/354
f 1128/835/354 770/558/354 766/560/354 1125/836/354
f 757/544/364 1132/814/584 1135/814/354 760/553/365
f 760/553/365 1135/814/354 1131/840/354 758/555/354
f 1138/845/584 778/551/368 784/566/354 1142/845/354
f 1142/845/354 784/566/354 780/568/354 1139/846/354
f 771/549/368 1146/826/581 1149/826/354 774/561/354
f 774/561/354 1149/826/354 1145/850/354 772/563/354
f 1282/1070/859 962/1071/859 964/1072/860 1283/1073/861
f 1283/1073/861 964/1072/860 963/1074/862 1281/1075/863
f 948/1076/864 950/1077/865 952/1078/866 949/1079/867
f 949/1079/867 952/1078/866 951/1080/868 947/1081/868
f 1294/1082/869 1074/1083/869 1076/1084/870 1295/1085/871
f 1295/1085/871 1076/1084/870 1075/1086/872 1293/1087/873
f 1084/1088/874 1086/1089/874 1088/1090/875 1085/1091/876
f 1085/1091/876 1088/1090/875 1087/1092/877 1083/1093/878
f 1074/1083/869 661/473/286 664/472/285 1076/1084/870
f 1076/1084/870 664/472/285 660/471/284 1075/1086/872
f 659/467/280 951/1080/868 952/1078/866 662/468/281
f 662/468/281 952/1078/866 950/1077/865 660/471/284
f 947/1081/868 689/501/314 692/500/313 949/1079/867
f 949/1079/867 692/500/313 688/499/312 948/1076/864
f 687/495/308 1084/1088/874 1085/1091/876 690/496/309
f 690/496/309 1085/1091/876 1083/1093/878 688/499/312
f 1281/1075/863 675/486/300 678/485/299 1283/1073/861
f 1283/1073/861 678/485/299 674/484/298 1282/1070/859
f 646/457/270 1294/1082/869 1295/1085/871 650/458/271
f 650/458/271 1295/1085/871 1293/1087/873 647/459/272
f 962/1071/859 645/453/266 651/456/269 964/1072/860
f 964/1072/860 651/456/269 647/459/272 963/1074/862
f 1086/1089/874 673/480/294 679/483/297 1088/1090/875
f 1088/1090/875 679/483/297 675/486/300 1087/1092/877
f 1334/1094/879 1336/1095/879 1338/1096/880 1335/1097/880
f 1335/1097/880 1338/1096/880 1337/1098/881 1333/1070/881
f 1340/1081/882 1342/1080/882 1344/1099/883 1341/1100/883
f 1341/1100/883 1344/1099/883 1343/1101/884 1339/1102/884
f 1346/1103/885 1348/1104/885 1350/1105/886 1347/1106/886
f 1347/1106/886 1350/1105/886 1349/1107/887 1345/1108/887
f 1355/1109/888 1351/1110/888 1353/1111/889 1356/1112/889
f 1356/1112/889 1353/1111/889 1352/1089/890 1354/1113/890
f 1348/1104/885 1359/987/749 1362/986/748 1350/1105/886
f 1350/1105/886 1362/986/748 1358/985/747 1349/1107/887
f 1359/987/749 1343/1101/884 1344/1099/883 1363/984/746
f 1363/984/746 1344/1099/883 1342/1080/882 1357/467/743
f 1339/1102/884 1366/992/756 1369/991/755 1341/1100/883
f 1341/1100/883 1369/991/755 1365/501/754 1340/1081/882
f 1366/992/756 1355/1109/888 1356/1112/889 1370/990/753
f 1370/990/753 1356/1112/889 1354/1113/890 1364/988/750
f 1333/1070/881 1373/484/763 1376/997/762 1335/1097/880
f 1335/1097/880 1376/997/762 1372/996/761 1334/1094/879
f 1379/1000/768 1346/1103/885 1347/1106/886 1383/1001/769
f 1383/1001/769 1347/1106/886 1345/1108/887 1380/1002/770
f 1336/1095/879 1379/1000/768 1381/998/765 1338/1096/880
f 1338/1096/880 1381/998/765 1378/453/764 1337/1098/881
f 1351/1110/888 1372/996/761 1374/994/758 1353/1111/889
f 1353/1111/889 1374/994/758 1371/993/757 1352/1089/890
f 962/1071/859 1337/1098/881 1378/453/764 645/453/266
f 647/459/272 1327/975/740 1284/1026/820 963/1074/862
f 646/457/270 1380/1002/770 1345/1108/887 1294/1082/869
f 1293/1087/873 1072/1041/831 1327/975/740 647/459/272
f 1153/854/595 872/649/459 842/621/425 652/460/273
f 653/464/277 844/627/431 934/710/520 1063/710/578
f 654/466/279 758/555/354 1131/840/354 1154/856/597
f 1062/803/576 1015/769/354 758/555/354 654/466/279
f 1074/1083/869 1349/1107/887 1358/985/747 661/473/286
f 950/1077/865 1291/1039/829 1307/953/721 660/471/284
f 660/471/284 1307/953/721 1296/1042/832 1075/1086/872
f 659/467/280 1357/467/743 1342/1080/882 951/1080/868
f 1164/863/606 1125/836/354 766/560/354 667/478/291
f 667/478/291 766/560/354 1007/763/354 1028/777/541
f 666/474/287 851/631/438 863/636/446 1165/865/608
f 1027/774/537 912/683/495 849/628/432 668/479/293
f 1086/1089/874 1352/1089/890 1371/993/757 673/480/294
f 675/486/300 1320/968/733 1302/1065/854 1087/1092/877
f 674/484/298 1373/484/763 1333/1070/881 1282/1070/859
f 1281/1075/863 960/1025/819 1320/968/733 675/486/300
f 680/487/301 837/620/424 886/663/473 1175/872/617
f 681/491/305 780/568/354 1021/773/354 1052/795/567
f 1051/792/565 926/697/509 835/493/418 682/493/307
f 1174/870/615 1139/846/354 780/568/354 681/491/305
f 687/495/308 1364/988/750 1354/1113/890 1084/1088/874
f 947/1081/868 1340/1081/882 1365/501/754 689/501/314
f 1083/1093/878 1300/1064/853 1314/963/728 688/499/312
f 688/499/312 1314/963/728 1287/1040/830 948/1076/864
f 696/507/321 772/563/354 1145/850/354 1185/878/626
f 695/506/319 856/632/439 892/668/478 1041/787/556
f 1040/785/554 1001/758/354 772/563/354 696/507/321
f 1184/650/622 877/650/460 857/502/443 694/502/315
f 1328/979/742 1071/1048/836 1081/1062/849 701/508/322
f 987/745/354 966/1009/809 702/512/326 731/546/354
f 1285/1031/823 1326/971/736 703/516/328 965/1016/813
f 731/546/354 702/512/326 1080/1057/846 1104/819/354
f 1297/1047/835 1306/951/719 708/520/329 1077/1063/850
f 1305/947/715 1290/1034/826 957/1023/818 709/524/333
f 1097/812/354 1078/1056/845 710/526/335 737/548/354
f 737/548/354 710/526/335 956/1018/815 980/738/354
f 1312/957/722 1299/1069/858 1093/1054/843 715/530/336
f 973/731/354 954/1017/814 716/534/340 745/550/354
f 1288/1033/825 1313/961/726 717/536/342 953/1024/818
f 745/550/354 716/534/340 1092/1051/840 1118/830/354
f 1303/1068/857 1319/964/729 722/537/343 1089/1055/844
f 1321/970/735 959/1032/824 969/1015/813 723/541/347
f 1111/824/354 1090/1050/839 724/543/349 751/552/354
f 751/552/354 724/543/349 968/1010/810 994/752/354
f 1014/768/530 985/739/531 730/544/352 759/544/367
f 757/544/364 729/544/350 1103/817/581 1132/814/584
f 1124/835/581 1095/808/581 736/547/355 764/547/364
f 765/547/367 738/547/265 979/736/366 1008/733/530
f 1000/757/531 971/725/530 744/549/265 773/549/369
f 771/549/368 743/549/358 1117/828/584 1146/826/581
f 1138/845/584 1109/820/581 750/551/361 778/551/368
f 779/551/369 752/551/363 993/750/531 1022/747/531
f 1198/606/640 819/603/891 785/569/370 1060/799/570
f 1061/575/574 787/575/376 793/580/381 1053/798/569
f 820/605/892 811/597/778 794/582/383 786/573/374
f 1049/576/559 792/576/377 810/595/780 1208/595/649
f 1220/903/893 801/587/893 805/585/893 800/584/894 809/591/775 814/592/893 810/595/893 1208/595/893
f 1231/912/895 1236/911/895 1230/611/895 828/611/793 801/587/793 1220/903/895 1225/901/895 1219/900/895
f 1187/881/630 1262/936/700 801/587/896 1220/903/896 1225/901/896 1219/900/896 1224/902/896 1218/1049/838
f 1220/903/660 801/587/897 806/588/897 802/589/897 1246/781/680 1038/781/548
f 809/591/775 800/584/894 1261/934/698 1253/925/687
f 1240/917/677 1247/922/684 802/589/390 827/607/410
f 1210/1008/898 1215/897/898 1209/896/898 1214/895/898 1208/595/898 810/595/777 1255/930/693 1177/874/621
f 1209/896/802 1214/895/899 1208/595/899 810/595/899 815/596/899 811/597/778 820/605/892 824/604/899 819/603/899 1198/606/803
f 1197/886/900 1203/887/900 1198/606/900 819/603/791 828/611/791 1230/611/900
f 1151/851/589 1267/937/701 818/599/901 823/600/901 819/603/901 1198/606/901 1203/887/901 1197/886/901 1202/888/901 1196/1007/851
f 1269/942/707 1275/945/712 829/613/416 818/599/401
f 1232/1114/902 1237/913/902 1231/912/902 1236/911/902 1230/611/902 828/611/902 833/612/902 829/613/902 1274/859/708 1162/859/600
f 1030/687/545 1241/919/679 827/607/903 832/608/903 828/611/903 1230/611/669
f 884/657/467 836/616/422 928/704/515 921/696/508
f 941/720/527 935/712/522 843/625/429 871/647/457
f 914/689/501 907/682/494 864/640/450 850/630/436
f 858/635/445 879/656/466 898/671/481 893/670/480
f 1166/642/610 865/642/452 906/680/492 1228/906/663
f 1195/882/633 942/724/529 870/643/453 1152/853/593
f 1217/675/653 899/675/485 878/654/464 1188/881/632
f 1176/873/619 885/661/471 920/694/506 1206/694/643
f 1042/788/558 891/664/474 900/676/487 1221/905/662
f 1229/909/667 905/677/488 913/687/499 1031/780/547
f 1207/893/647 919/690/502 927/700/513 1050/791/563
f 1064/807/580 933/706/516 940/716/523 1199/889/642
f 951/1080/868 1342/1080/882 1340/1081/882 947/1081/868
f 948/1076/864 1287/1040/830 1291/1039/829 950/1077/865
f 973/731/354 980/738/354 956/1018/815 954/1017/814
f 953/1024/818 957/1023/818 1290/1034/826 1288/1033/825
f 963/1074/862 1284/1026/820 960/1025/819 1281/1075/863
f 965/1016/813 969/1015/813 959/1032/824 1285/1031/823
f 1282/1070/859 1333/1070/881 1337/1098/881 962/1071/859
f 987/745/354 994/752/354 968/1010/810 966/1009/809
f 999/753/530 1006/759/531 978/732/265 972/729/532
f 1013/764/531 1020/770/366 992/746/534 986/743/533
f 1040/785/554 1028/777/541 1007/763/354 1001/758/354
f 1062/803/576 1052/795/567 1021/773/354 1015/769/354
f 1039/783/552 1248/924/686 1239/914/673 1029/779/543
f 1075/1086/872 1296/1042/832 1072/1041/831 1293/1087/873
f 1077/1063/850 1081/1062/849 1071/1048/836 1297/1047/835
f 1294/1082/869 1345/1108/887 1349/1107/887 1074/1083/869
f 1097/812/354 1104/819/354 1080/1057/846 1078/1056/845
f 1084/1088/874 1354/1113/890 1352/1089/890 1086/1089/874
f 1087/1092/877 1302/1065/854 1300/1064/853 1083/1093/878
f 1111/824/354 1118/830/354 1092/1051/840 1090/1050/839
f 1089/1055/844 1093/1054/843 1299/1069/858 1303/1068/857
f 1123/831/581 1130/837/586 1102/813/583 1096/811/582
f 1137/841/581 1144/847/588 1116/825/584 1110/823/585
f 1164/863/606 1154/856/597 1131/840/354 1125/836/354
f 1174/870/615 1185/878/626 1145/850/354 1139/846/354
f 1163/861/604 1276/861/714 1268/940/705 1155/858/599
f 1173/866/611 1254/929/691 1260/931/694 1186/880/628
f 1197/886/354 1231/912/354 1219/900/354 1209/896/354
f 642/449/265 1334/1094/879 1372/996/761 1351/1110/888
f 642/449/265 643/452/265 1336/1095/879 1334/1094/879
f 1346/1103/885 1379/1000/768 1336/1095/879 643/452/265
f 1339/1102/884 641/450/265 1355/1109/888 1366/992/756
f 1339/1102/884 1343/1101/884 644/451/265 641/450/265
f 1359/987/749 1348/1104/885 644/451/265 1343/1101/884
f 643/452/265 644/451/265 1348/1104/885 1346/1103/885
f 1351/1110/888 1355/1109/888 641/450/265 642/449/265
o Cube.031
v 249.982727 114.521835 98.756134
v 249.982727 100.993393 98.756134
v 222.871552 114.521835 97.398605
v 222.871552 100.993393 97.398605
v 250.288727 114.521835 92.645157
v 250.288727 100.993393 92.645157
v 223.177551 114.521835 91.287628
v 223.177551 100.993393 91.287628
vn -0.0500 -0.0000 0.9987
vn -0.9987 -0.0000 -0.0500
vn 0.0500 -0.0000 -0.9987
vn 0.9987 -0.0000 0.0500
vn -0.0000 1.0000 -0.0000
vn -0.0000 -1.0000 -0.0000
vt 0.365760 0.000596
vt 0.621095 0.000076
vt 0.623165 0.248752
vt 0.372525 0.244392
vt 0.477144 0.217288
vt 0.524695 0.218115
vt 0.525042 0.265779
vt 0.477577 0.265611
vt 0.562941 0.247334
vt 0.564954 0.020830
vt -0.010403 -0.008933
vt -0.006356 0.230794
vt 0.493431 0.330540
vt 0.496711 0.229078
vt 0.437324 0.228942
vt 0.440884 0.330663
vt 0.125000 0.500000
vt 0.375000 0.500000
vt 0.375000 0.750000
vt 0.125000 0.750000
vt 0.625000 0.500000
vt 0.875000 0.500000
vt 0.875000 0.750000
vt 0.625000 0.750000
s 0
usemtl Material.029
f 1385/1115/904 1387/1118/904 1388/1117/904 1386/1116/904
f 1387/1119/905 1391/1122/905 1392/1121/905 1388/1120/905
f 1391/1123/906 1389/1126/906 1390/1125/906 1392/1124/906
f 1389/1127/907 1385/1130/907 1386/1129/907 1390/1128/907
f 1387/1131/908 1385/1134/908 1389/1133/908 1391/1132/908
f 1392/1135/909 1390/1138/909 1386/1137/909 1388/1136/909
o Cube.032
v 251.306305 114.486107 97.997208
v 251.306305 115.081184 97.997208
v 221.021759 114.486107 96.480774
v 221.021759 115.081184 96.480774
v 251.587921 114.486107 92.372971
v 251.587921 115.081184 92.372971
v 221.303375 114.486107 90.856537
v 221.303375 115.081184 90.856537
vn -0.0500 -0.0000 0.9987
vn -0.9987 -0.0000 -0.0500
vn 0.0500 -0.0000 -0.9987
vn 0.9987 -0.0000 0.0500
vn -0.0000 -1.0000 -0.0000
vn -0.0000 1.0000 -0.0000
vt 0.375000 0.000000
vt 0.625000 0.000000
vt 0.625000 0.250000
vt 0.375000 0.250000
vt 0.457471 0.777966
vt 0.457073 0.780451
vt 0.437466 0.778419
vt 0.437765 0.775707
vt 0.379644 0.790596
vt 0.379596 0.789205
vt 0.392941 0.791190
vt 0.392940 0.789862
vt 0.418295 0.772458
vt 0.430948 0.770771
vt 0.438346 0.786356
vt 0.433419 0.786581
s 0
usemtl Material.029
f 1393/1139/910 1394/1140/910 1396/1141/910 1395/1142/910
f 1395/1143/911 1396/1144/911 1400/1145/911 1399/1146/911
f 1399/1146/912 1400/1145/912 1398/1147/912 1397/1148/912
f 1397/1148/913 1398/1147/913 1394/1149/913 1393/1150/913
f 1395/1151/914 1399/1152/914 1397/1153/914 1393/1154/914
f 1400/1145/915 1396/1144/915 1394/1149/915 1398/1147/915
o Plane.010
v 251.359604 100.910263 105.176254
v 251.713409 100.910263 98.110420
v 201.898773 100.910263 102.699608
v 202.252579 100.910263 95.633774
v 252.064011 100.910263 91.108582
v 202.603180 100.910263 88.631935
v 202.249374 136.832794 95.697769
v 251.710205 136.832794 98.174416
v 201.898773 130.738937 102.699608
v 251.359604 130.738937 105.176254
v 202.568436 130.738937 89.325577
v 252.029282 130.738937 91.802223
v 202.249374 106.789230 95.697769
v 251.710205 106.789230 98.174416
v 201.898773 106.789230 102.699608
v 251.359604 106.789230 105.176254
v 252.007446 100.910263 92.238464
v 251.710205 106.789230 98.174416
v 251.412979 100.910263 104.110359
v 251.978302 100.938576 92.820290
v 251.949448 101.023224 93.396515
v 251.921158 101.163406 93.961578
v 251.893692 101.357773 94.510056
v 251.867325 101.604446 95.036652
v 251.842316 101.901047 95.536301
v 251.818878 102.244728 96.004189
v 251.797272 102.632172 96.435814
v 251.777679 103.059654 96.827019
v 251.760300 103.523048 97.174026
v 251.745300 104.017906 97.473503
v 251.732834 104.539444 97.722565
v 251.723007 105.082657 97.918816
v 251.715927 105.642296 98.060356
v 251.711639 106.212990 98.145828
v 202.249374 106.789230 95.697769
v 202.546600 100.910263 89.761826
v 201.952133 100.910263 101.633720
v 202.250793 106.212990 95.669189
v 202.255081 105.642296 95.583710
v 202.262161 105.082657 95.442169
v 202.271988 104.539444 95.245926
v 202.284470 104.017906 94.996864
v 202.299469 103.523048 94.697388
v 202.316833 103.059654 94.350372
v 202.336426 102.632172 93.959175
v 202.358032 102.244728 93.527550
v 202.381470 101.901047 93.059662
v 202.406479 101.604446 92.560013
v 202.432861 101.357773 92.033417
v 202.460312 101.163406 91.484940
v 202.488617 101.023224 90.919868
v 202.517456 100.938576 90.343651
v 201.898773 134.178619 102.699608
v 202.031494 136.832794 100.048759
v 201.899414 134.438766 102.686844
v 201.901321 134.696411 102.648674
v 201.904480 134.949081 102.585464
v 201.908875 135.194321 102.497826
v 201.914444 135.429779 102.386604
v 201.921143 135.653198 102.252861
v 201.928894 135.862396 102.097893
v 201.937653 136.055389 101.923195
v 201.947296 136.230316 101.730438
v 201.957764 136.385468 101.521492
v 201.968933 136.519379 101.298363
v 201.980713 136.630753 101.063194
v 201.992966 136.718506 100.818260
v 202.005615 136.781784 100.565918
v 202.018494 136.820007 100.308594
v 251.492340 136.832794 102.525406
v 251.359604 134.178619 105.176254
v 251.479340 136.820007 102.785233
v 251.466446 136.781784 103.042557
v 251.453812 136.718506 103.294907
v 251.441544 136.630753 103.539841
v 251.429779 136.519379 103.775002
v 251.418594 136.385468 103.998138
v 251.408142 136.230316 104.207085
v 251.398483 136.055389 104.399834
v 251.389740 135.862396 104.574539
v 251.381973 135.653198 104.729507
v 251.375275 135.429779 104.863243
v 251.369720 135.194321 104.974472
v 251.365326 134.949081 105.062111
v 251.362152 134.696411 105.125320
v 251.360245 134.438766 105.163490
v 202.259521 130.738937 95.494965
v 202.249374 130.535873 95.697769
v 202.239212 130.738937 95.900581
v 202.249374 130.942001 95.697769
v 202.258194 130.737198 95.521431
v 202.256897 130.732010 95.547455
v 202.255646 130.723480 95.572571
v 202.254440 130.711731 95.596367
v 202.253342 130.696976 95.618423
v 202.252350 130.679459 95.638367
v 202.251465 130.659485 95.655861
v 202.250732 130.637405 95.670601
v 202.250137 130.613571 95.682335
v 202.249710 130.588425 95.690857
v 202.249451 130.562378 95.696037
v 251.710205 130.535873 98.174416
v 251.720367 130.738937 97.971603
v 251.710205 130.942001 98.174416
v 251.710297 130.562378 98.172676
v 251.710556 130.588425 98.167503
v 251.710983 130.613571 98.158974
v 251.711578 130.637405 98.147240
v 251.712311 130.659485 98.132500
v 251.713181 130.679459 98.115013
v 251.714188 130.696976 98.095062
v 251.715286 130.711731 98.073006
v 251.716476 130.723480 98.049217
v 251.717743 130.732010 98.024094
v 251.719040 130.737198 97.998077
v 202.505936 136.832794 90.573769
v 202.568436 135.583038 89.325577
v 202.514832 136.820068 90.396133
v 202.523544 136.782166 90.222115
v 202.531906 136.719849 90.055252
v 202.539734 136.634399 89.898949
v 202.546875 136.527527 89.756378
v 202.553177 136.401443 89.630447
v 202.558517 136.258698 89.523727
v 202.562790 136.102203 89.438377
v 202.565918 135.935120 89.376137
v 202.567810 135.760895 89.338287
v 252.029282 135.583038 91.802223
v 251.966782 136.832794 93.050415
v 252.028656 135.760895 91.814926
v 252.026749 135.935120 91.852783
v 252.023636 136.102203 91.915016
v 252.019363 136.258698 92.000366
v 252.014023 136.401443 92.107094
v 252.007721 136.527527 92.233017
v 252.000580 136.634399 92.375587
v 251.992752 136.719849 92.531891
v 251.984390 136.782166 92.698753
v 251.975677 136.820068 92.872772
v 215.742706 100.910263 103.392815
v 232.229660 100.910263 104.218361
v 232.583466 100.910263 97.152527
v 216.096512 100.910263 96.326981
v 232.934067 100.910263 90.150688
v 216.447113 100.910263 89.325142
v 216.093307 136.832794 96.390976
v 232.580261 136.832794 97.216522
v 232.229660 130.738937 104.218361
v 215.742706 130.738937 103.392815
v 216.412384 130.738937 90.018784
v 232.899338 130.738937 90.844330
v 216.093307 106.789230 96.390976
v 232.580261 106.789230 97.216522
v 232.229660 106.789230 104.218361
v 215.742706 106.789230 103.392815
v 216.093307 106.789230 96.390976
v 232.580261 106.789230 97.216522
v 232.581696 106.212990 97.187943
v 216.094742 106.212990 96.362396
v 232.585968 105.642296 97.102463
v 216.099030 105.642296 96.276917
v 232.593048 105.082657 96.960922
v 216.106110 105.082657 96.135376
v 232.602875 104.539444 96.764679
v 216.115936 104.539444 95.939133
v 232.615356 104.017906 96.515617
v 216.128403 104.017906 95.690063
v 232.630356 103.523048 96.216133
v 216.143402 103.523048 95.390587
v 232.647720 103.059654 95.869125
v 216.160782 103.059654 95.043579
v 232.667313 102.632172 95.477921
v 216.180359 102.632172 94.652374
v 232.688919 102.244728 95.046303
v 216.201981 102.244728 94.220757
v 232.712357 101.901047 94.578415
v 216.225403 101.901047 93.752861
v 232.737366 101.604446 94.078766
v 216.250427 101.604446 93.253212
v 232.763748 101.357773 93.552162
v 216.276794 101.357773 92.726616
v 232.791199 101.163406 93.003693
v 216.304260 101.163406 92.178146
v 232.819504 101.023224 92.438622
v 216.332550 101.023224 91.613075
v 232.848358 100.938576 91.862404
v 216.361404 100.938576 91.036850
v 232.877487 100.910263 91.280579
v 216.390533 100.910263 90.455032
v 215.742706 134.178619 103.392815
v 232.229660 134.178619 104.218361
v 232.230301 134.438766 104.205597
v 215.743347 134.438766 103.380051
v 232.232208 134.696411 104.167427
v 215.745255 134.696411 103.341881
v 232.235367 134.949081 104.104218
v 215.748428 134.949081 103.278671
v 232.239761 135.194321 104.016579
v 215.752808 135.194321 103.191032
v 232.245331 135.429779 103.905350
v 215.758377 135.429779 103.079803
v 232.252029 135.653198 103.771614
v 215.765076 135.653198 102.946068
v 232.259781 135.862396 103.616646
v 215.772842 135.862396 102.791100
v 232.268539 136.055389 103.441948
v 215.781586 136.055389 102.616402
v 232.278183 136.230316 103.249191
v 215.791245 136.230316 102.423645
v 232.288651 136.385468 103.040245
v 215.801697 136.385468 102.214699
v 232.299820 136.519379 102.817116
v 215.812866 136.519379 101.991570
v 232.311600 136.630753 102.581947
v 215.824646 136.630753 101.756401
v 232.323853 136.718506 102.337013
v 215.836914 136.718506 101.511467
v 232.336502 136.781784 102.084671
v 215.849548 136.781784 101.259125
v 232.349380 136.820007 101.827339
v 215.862427 136.820007 101.001793
v 232.362396 136.832794 101.567513
v 215.875443 136.832794 100.741966
v 216.103470 130.738937 96.188164
v 232.590408 130.738937 97.013710
v 232.589081 130.737198 97.040184
v 216.102142 130.737198 96.214638
v 232.587784 130.732010 97.066208
v 216.100830 130.732010 96.240654
v 232.586533 130.723480 97.091324
v 216.099579 130.723480 96.265778
v 232.585327 130.711731 97.115120
v 216.098389 130.711731 96.289574
v 232.584229 130.696976 97.137177
v 216.097290 130.696976 96.311630
v 232.583237 130.679459 97.157120
v 216.096283 130.679459 96.331573
v 232.582352 130.659485 97.174614
v 216.095413 130.659485 96.349068
v 232.581619 130.637405 97.189354
v 216.094666 130.637405 96.363808
v 232.581024 130.613571 97.201088
v 216.094086 130.613571 96.375534
v 232.580597 130.588425 97.209610
v 216.093658 130.588425 96.384064
v 232.580338 130.562378 97.214790
v 216.093399 130.562378 96.389244
v 232.580261 130.535873 97.216522
v 216.093307 130.535873 96.390976
v 216.349884 136.832794 91.266975
v 232.836823 136.832794 92.092522
v 232.845718 136.820068 91.914886
v 216.358780 136.820068 91.089340
v 232.854431 136.782166 91.740868
v 216.367493 136.782166 90.915314
v 232.862793 136.719849 91.574005
v 216.375854 136.719849 90.748459
v 232.870621 136.634399 91.417694
v 216.383667 136.634399 90.592148
v 232.877762 136.527527 91.275131
v 216.390808 136.527527 90.449585
v 232.884064 136.401443 91.149200
v 216.397125 136.401443 90.323654
v 232.889404 136.258698 91.042480
v 216.402466 136.258698 90.216927
v 232.893677 136.102203 90.957130
v 216.406738 136.102203 90.131577
v 232.896805 135.935120 90.894890
v 216.409851 135.935120 90.069344
v 232.898697 135.760895 90.857033
v 216.411743 135.760895 90.031487
v 232.899338 135.583038 90.844330
v 216.412384 135.583038 90.018784
vn -0.0000 -1.0000 -0.0000
vn -0.0500 -0.0000 0.9987
vn 0.9987 -0.0000 0.0500
vn -0.9987 -0.0000 -0.0500
vn 0.0499 0.0496 -0.9975
vn 0.0498 0.0991 -0.9938
vn 0.0490 0.1971 -0.9791
vn 0.0478 0.2932 -0.9549
vn 0.0461 0.3862 -0.9212
vn 0.0440 0.4754 -0.8787
vn 0.0414 0.5597 -0.8276
vn 0.0385 0.6385 -0.7687
vn 0.0352 0.7109 -0.7024
vn 0.0315 0.7764 -0.6295
vn 0.0276 0.8342 -0.5507
vn 0.0234 0.8840 -0.4668
vn 0.0190 0.9253 -0.3787
vn 0.0144 0.9578 -0.2871
vn 0.0097 0.9812 -0.1928
vn 0.0048 0.9953 -0.0968
vn 0.0006 0.9999 -0.0121
vn 0.0012 0.9997 -0.0242
vn -0.0000 1.0000 -0.0000
vn -0.0500 0.0245 0.9984
vn -0.0498 0.0980 0.9939
vn -0.0490 0.1951 0.9796
vn -0.0479 0.2903 0.9557
vn -0.0462 0.3827 0.9227
vn -0.0441 0.4714 0.8808
vn -0.0416 0.5556 0.8304
vn -0.0387 0.6344 0.7720
vn -0.0354 0.7071 0.7062
vn -0.0317 0.7730 0.6336
vn -0.0278 0.8315 0.5549
vn -0.0236 0.8819 0.4708
vn -0.0191 0.9239 0.3822
vn -0.0145 0.9569 0.2899
vn -0.0098 0.9808 0.1948
vn -0.0049 0.9952 0.0979
vn -0.0012 0.9997 0.0245
vn 0.0016 -0.9995 -0.0327
vn 0.0016 -0.9995 -0.0326
vn 0.0065 -0.9914 -0.1304
vn 0.0129 -0.9659 -0.2585
vn 0.0191 -0.9239 -0.3822
vn 0.0250 -0.8660 -0.4994
vn 0.0304 -0.7933 -0.6080
vn 0.0354 -0.7071 -0.7062
vn 0.0397 -0.6088 -0.7924
vn 0.0433 -0.5000 -0.8649
vn 0.0433 -0.5000 -0.8650
vn 0.0462 -0.3827 -0.9227
vn 0.0483 -0.2588 -0.9647
vn 0.0496 -0.1305 -0.9902
vn 0.0500 -0.0327 -0.9982
vn 0.0500 -0.0000 -0.9987
vn 0.0018 0.9994 -0.0357
vn 0.0071 0.9898 -0.1421
vn 0.0141 0.9595 -0.2814
vn 0.0208 0.9096 -0.4149
vn 0.0270 0.8413 -0.5400
vn 0.0327 0.7557 -0.6540
vn 0.0327 0.7558 -0.6540
vn 0.0378 0.6549 -0.7548
vn 0.0421 0.5406 -0.8402
vn 0.0455 0.4154 -0.9085
vn 0.0480 0.2817 -0.9583
vn 0.0495 0.1423 -0.9886
vn 0.0500 0.0357 -0.9981
vn 0.0397 -0.6087 -0.7924
vn 0.0065 -0.9914 -0.1303
vt 0.494420 0.525622
vt 0.516749 0.506151
vt 0.527634 0.514994
vt 0.505271 0.533826
vt 0.538066 0.523467
vt 0.515682 0.541697
vt 0.477840 0.598698
vt 0.641082 0.598921
vt 0.636606 0.760979
vt 0.475272 0.761634
vt 0.478480 0.558109
vt 0.642196 0.558553
vt 0.880069 0.000000
vt 0.757748 0.000000
vt 0.000000 0.000000
vt 0.676198 0.000000
vt 0.220004 0.670336
vt 0.219355 0.670464
vt 0.207676 0.670204
vt 0.218726 0.670642
vt 0.218121 0.670868
vt 0.217547 0.671140
vt 0.217009 0.671455
vt 0.216514 0.671812
vt 0.216064 0.672205
vt 0.215666 0.672631
vt 0.215322 0.673086
vt 0.215036 0.673566
vt 0.214811 0.674066
vt 0.214649 0.674581
vt 0.214552 0.675106
vt 0.214519 0.675636
vt 0.402586 0.732148
vt 0.402518 0.731051
vt 0.416728 0.720957
vt 0.402314 0.729965
vt 0.401977 0.728899
vt 0.401510 0.727865
vt 0.400916 0.726873
vt 0.400203 0.725931
vt 0.399376 0.725048
vt 0.398444 0.724235
vt 0.397416 0.723497
vt 0.396301 0.722843
vt 0.395111 0.722278
vt 0.393856 0.721809
vt 0.392549 0.721439
vt 0.391203 0.721172
vt 0.427485 0.749593
vt 0.427379 0.749652
vt 0.429723 0.745346
vt 0.427273 0.749801
vt 0.236043 0.208525
vt 0.121433 0.209142
vt 0.121433 0.206394
vt 0.236039 0.205755
vt 0.121310 0.203630
vt 0.235968 0.202969
vt 0.121064 0.200874
vt 0.235830 0.200191
vt 0.120698 0.198148
vt 0.235627 0.197443
vt 0.120213 0.195475
vt 0.235360 0.194748
vt 0.119613 0.192877
vt 0.235030 0.192128
vt 0.118902 0.190377
vt 0.234641 0.189606
vt 0.118086 0.187996
vt 0.234194 0.187204
vt 0.117170 0.185756
vt 0.233693 0.184943
vt 0.116161 0.183678
vt 0.233143 0.182845
vt 0.115067 0.181781
vt 0.232546 0.180929
vt 0.113896 0.180085
vt 0.231908 0.179216
vt 0.112658 0.178607
vt 0.231234 0.177722
vt 0.111363 0.177365
vt 0.230530 0.176466
vt 0.110023 0.176374
vt 0.229801 0.175461
vt 0.108649 0.175645
vt 0.229055 0.174722
vt 0.202800 0.277098
vt 0.514024 0.540443
vt 0.536406 0.522118
vt 1.000000 0.000000
vt 0.206447 0.670201
vt 0.206464 0.675626
vt 1.000000 1.000000
vt 0.000000 1.000000
vt 0.100568 1.000000
vt 0.893394 1.000000
vt 0.419268 0.720957
vt 0.419268 0.732148
vt 0.474908 0.784721
vt 0.635972 0.783944
vt 0.635882 0.785663
vt 0.474854 0.786449
vt 0.635709 0.787335
vt 0.474750 0.788130
vt 0.635454 0.788943
vt 0.474596 0.789745
vt 0.635121 0.790469
vt 0.474394 0.791280
vt 0.634713 0.791900
vt 0.474145 0.792718
vt 0.634233 0.793222
vt 0.473853 0.794045
vt 0.245700 0.783984
vt 0.237884 0.784277
vt 0.237284 0.784234
vt 0.245437 0.783927
vt 0.236670 0.784180
vt 0.245167 0.783858
vt 0.236053 0.784114
vt 0.244897 0.783778
vt 0.235445 0.784037
vt 0.244630 0.783685
vt 0.234860 0.783949
vt 0.244374 0.783581
vt 0.234315 0.783850
vt 0.244133 0.783468
vt 0.435096 0.759627
vt 0.405083 0.760796
vt 0.403590 0.760467
vt 0.434444 0.759254
vt 0.243920 0.783346
vt 0.233827 0.783742
vt 0.233413 0.783628
vt 0.243738 0.783218
vt 0.433886 0.758865
vt 0.402325 0.760117
vt 0.401337 0.759753
vt 0.433448 0.758468
vt 0.400667 0.759386
vt 0.433126 0.758076
vt 0.207407 0.725706
vt 0.207407 0.746128
vt 0.200538 0.490542
vt 0.200833 0.490527
vt 0.201123 0.490480
vt 0.201403 0.490404
vt 0.201669 0.490300
vt 0.201915 0.490168
vt 0.202137 0.490012
vt 0.202332 0.489834
vt 0.202497 0.489637
vt 0.202628 0.489425
vt 0.202723 0.489201
vt 0.202780 0.488968
vt 0.202800 0.488732
vt 0.205062 0.490542
vt 0.202800 0.492352
vt 0.315727 0.522324
vt 0.317300 0.531831
vt 0.317111 0.531822
vt 0.315555 0.522315
vt 0.000000 0.386770
vt 0.000000 0.386770
vt 0.000000 0.386770
vt 0.402586 0.778125
vt 0.403069 0.777739
vt 0.419268 0.777739
vt 0.419268 0.784286
vt 0.419238 0.784782
vt 0.419147 0.785272
vt 0.418996 0.785753
vt 0.418787 0.786220
vt 0.418522 0.786668
vt 0.418204 0.787094
vt 0.417834 0.787492
vt 0.417418 0.787859
vt 0.416959 0.788192
vt 0.416461 0.788487
vt 0.415929 0.788742
vt 0.415369 0.788954
vt 0.414786 0.789121
vt 0.414184 0.789242
vt 0.413571 0.789315
vt 0.412952 0.789339
vt 0.402586 0.789339
vt 0.106963 0.285982
vt 0.105825 0.279102
vt 0.138893 0.279024
vt 0.143080 0.285888
vt 0.402586 0.777352
vt 0.761196 0.196584
vt 1.016720 0.201112
vt 1.021211 0.548238
vt 0.763672 0.549171
vt 0.206537 0.697554
vt 0.214541 0.697713
vt 0.214546 0.703055
vt 0.209583 0.703076
vt 0.209287 0.703066
vt 0.208993 0.703032
vt 0.208704 0.702976
vt 0.208424 0.702898
vt 0.208155 0.702798
vt 0.207900 0.702678
vt 0.207661 0.702538
vt 0.207440 0.702380
vt 0.207240 0.702206
vt 0.207062 0.702017
vt 0.206909 0.701815
vt 0.206781 0.701602
vt 0.206680 0.701379
vt 0.206607 0.701150
vt 0.206562 0.700917
vt 0.206547 0.700680
vt 0.214541 0.697344
vt 0.214543 0.697368
vt 0.214548 0.697392
vt 0.214558 0.697415
vt 0.214572 0.697436
vt 0.214589 0.697456
vt 0.214608 0.697474
vt 0.214631 0.697490
vt 0.214656 0.697504
vt 0.214684 0.697514
vt 0.214712 0.697522
vt 0.214742 0.697526
vt 0.214772 0.697528
vt 0.211111 0.753066
vt 0.211111 0.777453
vt 0.141303 0.455502
vt 0.114253 0.453624
vt 0.113859 0.444340
vt 0.141190 0.447914
vt 0.402103 0.777739
vt 0.390378 0.789339
vt 0.389955 0.789315
vt 0.389541 0.789243
vt 0.389143 0.789124
vt 0.388771 0.788961
vt 0.388431 0.788758
vt 0.388131 0.788518
vt 0.387877 0.788246
vt 0.387673 0.787948
vt 0.387525 0.787630
vt 0.387435 0.787299
vt 0.387405 0.786960
vt 0.387405 0.777739
vt 0.221803 0.697506
vt 0.221798 0.701894
vt 0.221783 0.702055
vt 0.221740 0.702213
vt 0.221669 0.702364
vt 0.221572 0.702506
vt 0.221451 0.702636
vt 0.221308 0.702751
vt 0.221145 0.702848
vt 0.220968 0.702926
vt 0.220778 0.702983
vt 0.220580 0.703018
vt 0.220378 0.703031
vt 0.063642 0.415357
vt 0.078092 0.414664
vt 0.077960 0.417302
vt 0.063755 0.418098
vt 0.011892 0.847517
vt 0.524432 0.846471
vt 0.521295 0.965081
vt 0.010799 0.966447
vt 0.207407 0.724913
vt 0.207407 0.725275
vt 0.211111 0.714399
vt 0.211111 0.732048
vt 0.103802 0.184933
vt 0.456890 0.191191
vt 0.456964 0.550282
vt 0.101090 0.551572
vt 0.460882 0.194999
vt 0.761898 0.200334
vt 0.764346 0.549109
vt 0.460955 0.550208
vt 0.109893 0.303683
vt 0.108319 0.294176
vt 0.148067 0.294061
vt 0.153854 0.303545
vt 0.000000 0.720103
vt 0.313232 0.507250
vt 0.314371 0.514130
vt 0.314214 0.514123
vt 0.313090 0.507243
vt 0.219473 0.762671
vt 0.336227 0.762198
vt 0.336096 0.785391
vt 0.219537 0.785954
vt 0.484362 0.756429
vt 0.461123 0.757360
vt 0.461119 0.756945
vt 0.484646 0.755994
vt 0.483927 0.756879
vt 0.461087 0.757785
vt 0.259923 0.782717
vt 0.252618 0.783004
vt 0.252636 0.782865
vt 0.260107 0.782569
vt 0.482691 0.757772
vt 0.460966 0.758619
vt 0.461034 0.758209
vt 0.483362 0.757331
vt 0.259457 0.782999
vt 0.252572 0.783265
vt 0.252596 0.783138
vt 0.259703 0.782861
vt 0.259193 0.783127
vt 0.252546 0.783382
vt 0.258918 0.783244
vt 0.252518 0.783488
vt 0.258639 0.783349
vt 0.252490 0.783582
vt 0.258362 0.783441
vt 0.252463 0.783663
vt 0.258092 0.783521
vt 0.252436 0.783732
vt 0.219563 0.794014
vt 0.335762 0.793423
vt 0.335632 0.794755
vt 0.219568 0.795351
vt 0.219558 0.792565
vt 0.335873 0.791979
vt 0.228166 0.789212
vt 0.335962 0.790437
vt 0.228165 0.788688
vt 0.336030 0.788815
vt 0.219542 0.787696
vt 0.336074 0.787127
vt 0.219547 0.789390
vt 0.105932 0.174484
vt 0.227468 0.173543
vt 0.332376 0.172730
vt 0.332825 0.173926
vt 0.280878 0.278675
vt 0.334818 0.207992
vt 0.334818 0.207990
vt 0.419712 0.174014
vt 0.333031 0.174675
vt 0.419960 0.173258
vt 0.419471 0.175039
vt 0.333233 0.175690
vt 0.419239 0.176319
vt 0.333428 0.176959
vt 0.419019 0.177838
vt 0.333616 0.178467
vt 0.418812 0.179579
vt 0.333795 0.180195
vt 0.418620 0.181524
vt 0.333963 0.182127
vt 0.418444 0.183654
vt 0.334118 0.184242
vt 0.418286 0.185947
vt 0.334261 0.186521
vt 0.418146 0.188383
vt 0.334389 0.188941
vt 0.418026 0.190939
vt 0.334501 0.191482
vt 0.417927 0.193594
vt 0.334598 0.194121
vt 0.417849 0.196325
vt 0.334677 0.196835
vt 0.417793 0.199108
vt 0.334740 0.199602
vt 0.417759 0.201921
vt 0.334784 0.202400
vt 0.417748 0.204741
vt 0.334810 0.205204
vt 0.417759 0.207545
vt 0.218905 0.557404
vt 0.337383 0.557725
vt 0.337153 0.598506
vt 0.219019 0.598344
vt 0.454592 0.576503
vt 0.480679 0.554535
vt 0.491036 0.561769
vt 0.464857 0.583090
vt 0.443923 0.569656
vt 0.469898 0.547005
s 1
usemtl Material.029
f 1540/1155/916 1403/1156/916 1404/1157/916 1543/1158/916
f 1543/1158/916 1404/1157/916 1406/1159/916 1545/1160/916
f 1554/1161/917 1416/1162/917 1410/1163/917 1548/1164/917
f 1541/1165/917 1401/1166/917 1416/1162/917 1554/1161/917
f 1417/1167/918 1420/1168/918 1419/1169/918
f 1420/1168/918 1421/1170/918 1419/1169/918
f 1421/1171/918 1422/1172/918 1419/1173/918
f 1422/1172/918 1423/1174/918 1419/1173/918
f 1423/1174/918 1424/1175/918 1419/1173/918
f 1424/1175/918 1425/1176/918 1419/1173/918
f 1425/1176/918 1426/1177/918 1419/1173/918
f 1426/1177/918 1427/1178/918 1419/1173/918
f 1427/1178/918 1428/1179/918 1419/1173/918
f 1428/1179/918 1429/1180/918 1419/1173/918
f 1429/1180/918 1430/1181/918 1419/1173/918
f 1430/1181/918 1431/1182/918 1419/1173/918
f 1431/1182/918 1432/1183/918 1419/1173/918
f 1432/1183/918 1433/1184/918 1419/1173/918
f 1433/1184/918 1434/1185/918 1419/1173/918
f 1434/1185/918 1418/1186/918 1419/1173/918
f 1435/1187/919 1438/1188/919 1437/1189/919
f 1438/1188/919 1439/1190/919 1437/1189/919
f 1439/1190/919 1440/1191/919 1437/1189/919
f 1440/1191/919 1441/1192/919 1437/1189/919
f 1441/1192/919 1442/1193/919 1437/1189/919
f 1442/1193/919 1443/1194/919 1437/1189/919
f 1443/1194/919 1444/1195/919 1437/1189/919
f 1444/1195/919 1445/1196/919 1437/1189/919
f 1445/1196/919 1446/1197/919 1437/1189/919
f 1446/1197/919 1447/1198/919 1437/1189/919
f 1447/1198/919 1448/1199/919 1437/1189/919
f 1448/1199/919 1449/1200/919 1437/1189/919
f 1449/1200/919 1450/1201/919 1437/1189/919
f 1450/1201/919 1451/1202/919 1437/1189/919
f 1451/1203/919 1452/1204/919 1437/1205/919
f 1452/1204/919 1436/1206/919 1437/1205/919
f 1557/1207/920 1418/1208/920 1434/1209/921 1558/1210/921
f 1558/1210/921 1434/1209/921 1433/1211/922 1560/1212/922
f 1560/1212/922 1433/1211/922 1432/1213/923 1562/1214/923
f 1562/1214/923 1432/1213/923 1431/1215/924 1564/1216/924
f 1564/1216/924 1431/1215/924 1430/1217/925 1566/1218/925
f 1566/1218/925 1430/1217/925 1429/1219/926 1568/1220/926
f 1568/1220/926 1429/1219/926 1428/1221/927 1570/1222/927
f 1570/1222/927 1428/1221/927 1427/1223/928 1572/1224/928
f 1572/1224/928 1427/1223/928 1426/1225/929 1574/1226/929
f 1574/1226/929 1426/1225/929 1425/1227/930 1576/1228/930
f 1576/1228/930 1425/1227/930 1424/1229/931 1578/1230/931
f 1578/1230/931 1424/1229/931 1423/1231/932 1580/1232/932
f 1580/1232/932 1423/1231/932 1422/1233/933 1582/1234/933
f 1582/1234/933 1422/1233/933 1421/1235/934 1584/1236/934
f 1584/1236/934 1421/1235/934 1420/1237/935 1586/1238/935
f 1586/1238/935 1420/1237/935 1417/1239/936 1588/1240/937
f 1556/1241/938 1435/1241/938 1413/1241/938 1552/1241/938
f 1589/1242/937 1545/1160/938 1406/1159/938 1436/1243/936
f 1401/1169/938 1402/1244/938 1405/1244/938 1417/1167/936 1419/1169/938
f 1401/1245/918 1419/1173/918 1418/1186/918 1414/1186/918 1416/1246/918
f 1404/1247/938 1403/1248/938 1437/1249/938 1436/1250/936 1406/1247/938
f 1435/1187/919 1437/1189/919 1403/1251/919 1415/1252/919 1413/1187/919
f 1591/1253/939 1471/1254/939 1486/1255/940 1592/1256/940
f 1592/1256/940 1486/1255/940 1485/1257/941 1594/1258/941
f 1594/1258/941 1485/1257/941 1484/1259/942 1596/1260/942
f 1596/1260/942 1484/1259/942 1483/1261/943 1598/1262/943
f 1598/1262/943 1483/1261/943 1482/1263/944 1600/1264/944
f 1600/1264/944 1482/1263/944 1481/1265/945 1602/1266/945
f 1602/1267/945 1481/1268/945 1480/1269/946 1604/1270/946
f 1604/1270/946 1480/1269/946 1479/1271/947 1606/1272/947
f 1606/1272/947 1479/1271/947 1478/1273/948 1608/1274/948
f 1608/1274/948 1478/1273/948 1477/1275/949 1610/1276/949
f 1610/1276/949 1477/1275/949 1476/1277/950 1612/1278/950
f 1612/1278/950 1476/1277/950 1475/1279/951 1614/1280/951
f 1614/1281/951 1475/1282/951 1474/1283/952 1616/1284/952
f 1616/1285/952 1474/1286/952 1473/1287/953 1618/1288/953
f 1618/1289/953 1473/1290/953 1472/1291/954 1620/1292/954
f 1620/1292/954 1472/1291/954 1470/1293/955 1622/1294/955
f 1548/1164/917 1410/1163/917 1471/1254/939 1591/1253/939
f 1622/1295/955 1470/1296/955 1408/1296/938 1547/1295/938
f 1487/1297/919 1491/1298/919 1492/1299/919 1493/1300/919 1494/1301/919 1495/1302/919 1496/1303/919 1497/1304/919 1498/1305/919 1499/1306/919 1500/1307/919 1501/1308/919 1488/1309/919 1489/1310/919 1490/1311/919
f 1625/1312/956 1503/1313/957 1515/1314/958 1626/1315/958
f 1626/1316/958 1515/1169/958 1514/1169/959 1628/1316/959
f 1628/1316/959 1514/1169/959 1513/1169/960 1630/1317/960
f 1630/1317/960 1513/1169/960 1512/1169/961 1632/1318/961
f 1632/1318/961 1512/1169/961 1511/1169/962 1634/1316/962
f 1634/1316/962 1511/1169/962 1510/1169/963 1636/1318/963
f 1636/1318/963 1510/1169/963 1509/1169/964 1638/1316/964
f 1638/1316/964 1509/1169/964 1508/1169/965 1640/1316/966
f 1640/1316/966 1508/1169/965 1507/1169/967 1642/1316/967
f 1642/1316/967 1507/1169/967 1506/1169/968 1644/1318/968
f 1644/1318/968 1506/1169/968 1505/1169/969 1646/1318/969
f 1646/1318/969 1505/1169/969 1502/1169/970 1648/1316/970
f 1490/1319/919 1489/1320/919 1409/1321/919 1453/1322/919 1455/1323/919 1456/1324/919 1457/1325/919 1458/1326/919 1459/1327/919 1460/1328/919 1461/1329/919 1462/1330/919 1463/1331/919 1464/1332/919 1465/1333/919 1466/1334/919 1467/1335/919 1468/1336/919 1469/1337/919 1454/1338/919 1407/1339/919
f 1624/1340/956 1487/1341/956 1411/1342/916 1550/1343/916
f 1413/1187/919 1415/1252/919 1409/1321/919 1489/1320/919 1488/1344/919
f 1552/1345/971 1413/1346/971 1488/1347/970 1649/1348/970
f 1410/1349/918 1504/1350/918 1408/1351/918 1470/1352/918 1472/1353/918 1473/1354/918 1474/1355/918 1475/1356/918 1476/1357/918 1477/1358/918 1478/1359/918 1479/1360/918 1480/1361/918 1481/1362/918 1482/1363/918 1483/1364/918 1484/1365/918 1485/1366/918 1486/1367/918 1471/1368/918
f 1416/1246/918 1414/1186/918 1502/1369/918 1505/1370/918 1506/1371/918 1507/1372/918 1508/1373/918 1509/1374/918 1510/1375/918 1511/1376/918 1512/1377/918 1513/1378/918 1514/1379/918 1515/1380/918 1503/1381/918 1504/1350/918 1410/1349/918
f 1651/1382/972 1529/1383/972 1539/1383/973 1652/1382/973
f 1652/1382/973 1539/1383/973 1538/1383/974 1654/1382/974
f 1654/1382/974 1538/1383/974 1537/1383/975 1656/1382/975
f 1656/1382/975 1537/1383/975 1536/1383/976 1658/1382/976
f 1658/1382/976 1536/1383/976 1535/1383/977 1660/1382/978
f 1660/1382/978 1535/1383/977 1534/1383/979 1662/1382/979
f 1662/1382/979 1534/1383/979 1533/1383/980 1664/1382/980
f 1664/1382/980 1533/1383/980 1532/1383/981 1666/1382/981
f 1666/1382/981 1532/1383/981 1531/1383/982 1668/1382/982
f 1668/1382/982 1531/1383/982 1530/1383/983 1670/1382/983
f 1670/1382/983 1530/1383/983 1528/1383/984 1672/1382/984
f 1547/1295/938 1408/1296/938 1529/1296/972 1651/1295/972
f 1550/1384/971 1411/1385/971 1517/1386/984 1673/1387/984
f 1487/1388/919 1490/1319/919 1407/1339/919 1516/1389/919 1518/1390/919 1519/1391/919 1520/1392/919 1521/1393/919 1522/1394/919 1523/1395/919 1524/1396/919 1525/1397/919 1526/1398/919 1527/1399/919 1517/1400/919 1411/1401/919
f 1408/1351/918 1504/1350/918 1503/1381/918 1412/1402/918 1528/1403/918 1530/1404/918 1531/1405/918 1532/1406/918 1533/1407/918 1534/1408/918 1535/1409/918 1536/1410/918 1537/1411/918 1538/1412/918 1539/1413/918 1529/1414/918
f 1412/1415/971 1551/1416/971 1672/1417/984 1528/1418/984
f 1551/1419/971 1550/1420/971 1673/1421/984 1672/1422/984
f 1407/1423/938 1546/1424/938 1650/1424/972 1516/1423/972
f 1546/1424/938 1547/1295/938 1651/1295/972 1650/1424/972
f 1527/1425/983 1671/1426/983 1673/1426/984 1517/1425/984
f 1671/1426/983 1670/1382/983 1672/1382/984 1673/1426/984
f 1526/1425/982 1669/1426/982 1671/1426/983 1527/1425/983
f 1669/1426/982 1668/1382/982 1670/1382/983 1671/1426/983
f 1525/1425/981 1667/1426/981 1669/1426/982 1526/1425/982
f 1667/1426/981 1666/1382/981 1668/1382/982 1669/1426/982
f 1524/1425/980 1665/1426/980 1667/1426/981 1525/1425/981
f 1665/1426/980 1664/1382/980 1666/1382/981 1667/1426/981
f 1523/1425/979 1663/1426/979 1665/1426/980 1524/1425/980
f 1663/1426/979 1662/1382/979 1664/1382/980 1665/1426/980
f 1522/1425/977 1661/1426/977 1663/1426/979 1523/1425/979
f 1661/1426/977 1660/1382/978 1662/1382/979 1663/1426/979
f 1521/1425/976 1659/1426/976 1661/1426/977 1522/1425/977
f 1659/1426/976 1658/1382/976 1660/1382/978 1661/1426/977
f 1520/1425/975 1657/1426/975 1659/1426/976 1521/1425/976
f 1657/1426/975 1656/1382/975 1658/1382/976 1659/1426/976
f 1519/1425/974 1655/1426/974 1657/1426/975 1520/1425/975
f 1655/1426/974 1654/1382/974 1656/1382/975 1657/1426/975
f 1518/1425/973 1653/1426/973 1655/1426/974 1519/1425/974
f 1653/1426/973 1652/1382/973 1654/1382/974 1655/1426/974
f 1516/1425/972 1650/1426/972 1653/1426/973 1518/1425/973
f 1650/1426/972 1651/1382/972 1652/1382/973 1653/1426/973
f 1414/1427/971 1553/1428/971 1648/1429/970 1502/1430/970
f 1553/1431/971 1552/1432/971 1649/1433/970 1648/1434/970
f 1503/1435/957 1625/1436/956 1551/1437/916 1412/1438/916
f 1625/1436/956 1624/1340/956 1550/1343/916 1551/1437/916
f 1501/1248/969 1647/1439/969 1649/1439/970 1488/1248/970
f 1647/1439/969 1646/1318/969 1648/1316/970 1649/1439/970
f 1500/1248/968 1645/1439/968 1647/1439/969 1501/1248/969
f 1645/1439/968 1644/1318/968 1646/1318/969 1647/1439/969
f 1499/1248/967 1643/1439/967 1645/1439/968 1500/1248/968
f 1643/1439/967 1642/1316/967 1644/1318/968 1645/1439/968
f 1498/1248/966 1641/1439/966 1643/1439/967 1499/1248/967
f 1641/1439/966 1640/1316/966 1642/1316/967 1643/1439/967
f 1497/1248/985 1639/1439/985 1641/1439/966 1498/1248/966
f 1639/1439/985 1638/1316/964 1640/1316/966 1641/1439/966
f 1496/1248/963 1637/1439/963 1639/1439/985 1497/1248/985
f 1637/1439/963 1636/1318/963 1638/1316/964 1639/1439/985
f 1495/1248/962 1635/1439/962 1637/1439/963 1496/1248/963
f 1635/1439/962 1634/1316/962 1636/1318/963 1637/1439/963
f 1494/1248/961 1633/1439/961 1635/1439/962 1495/1248/962
f 1633/1439/961 1632/1318/961 1634/1316/962 1635/1439/962
f 1493/1248/960 1631/1439/960 1633/1439/961 1494/1248/961
f 1631/1439/960 1630/1317/960 1632/1318/961 1633/1439/961
f 1492/1248/959 1629/1439/959 1631/1439/960 1493/1248/960
f 1629/1439/959 1628/1316/959 1630/1317/960 1631/1439/960
f 1491/1248/986 1627/1439/958 1629/1439/959 1492/1248/959
f 1627/1439/958 1626/1316/958 1628/1316/959 1629/1439/959
f 1487/1440/956 1624/1441/956 1627/1442/958 1491/1443/986
f 1624/1441/956 1625/1312/956 1626/1315/958 1627/1442/958
f 1454/1423/955 1623/1424/955 1546/1424/938 1407/1423/938
f 1623/1424/955 1622/1295/955 1547/1295/938 1546/1424/938
f 1409/1444/917 1549/1445/917 1590/1446/939 1453/1447/939
f 1549/1445/917 1548/1164/917 1591/1253/939 1590/1446/939
f 1469/1448/954 1621/1449/954 1623/1450/955 1454/1451/955
f 1621/1449/954 1620/1292/954 1622/1294/955 1623/1450/955
f 1468/1452/953 1619/1453/953 1621/1449/954 1469/1448/954
f 1619/1453/953 1618/1289/953 1620/1292/954 1621/1449/954
f 1467/1454/952 1617/1455/952 1619/1456/953 1468/1457/953
f 1617/1455/952 1616/1285/952 1618/1288/953 1619/1456/953
f 1466/1458/951 1615/1459/951 1617/1460/952 1467/1461/952
f 1615/1459/951 1614/1281/951 1616/1284/952 1617/1460/952
f 1465/1462/950 1613/1463/950 1615/1464/951 1466/1465/951
f 1613/1463/950 1612/1278/950 1614/1280/951 1615/1464/951
f 1464/1466/949 1611/1467/949 1613/1463/950 1465/1462/950
f 1611/1467/949 1610/1276/949 1612/1278/950 1613/1463/950
f 1463/1468/948 1609/1469/948 1611/1467/949 1464/1466/949
f 1609/1469/948 1608/1274/948 1610/1276/949 1611/1467/949
f 1462/1470/947 1607/1471/947 1609/1469/948 1463/1468/948
f 1607/1471/947 1606/1272/947 1608/1274/948 1609/1469/948
f 1461/1472/946 1605/1473/946 1607/1471/947 1462/1470/947
f 1605/1473/946 1604/1270/946 1606/1272/947 1607/1471/947
f 1460/1474/945 1603/1475/945 1605/1473/946 1461/1472/946
f 1603/1475/945 1602/1267/945 1604/1270/946 1605/1473/946
f 1459/1476/944 1601/1477/944 1603/1478/945 1460/1479/945
f 1601/1477/944 1600/1264/944 1602/1266/945 1603/1478/945
f 1458/1480/943 1599/1481/943 1601/1477/944 1459/1476/944
f 1599/1481/943 1598/1262/943 1600/1264/944 1601/1477/944
f 1457/1482/942 1597/1483/942 1599/1481/943 1458/1480/943
f 1597/1483/942 1596/1260/942 1598/1262/943 1599/1481/943
f 1456/1484/941 1595/1485/941 1597/1483/942 1457/1482/942
f 1595/1485/941 1594/1258/941 1596/1260/942 1597/1483/942
f 1455/1486/940 1593/1487/940 1595/1485/941 1456/1488/941
f 1593/1487/940 1592/1256/940 1594/1258/941 1595/1485/941
f 1453/1447/939 1590/1446/939 1593/1487/940 1455/1486/940
f 1590/1446/939 1591/1253/939 1592/1256/940 1593/1487/940
f 1417/1239/936 1405/1489/938 1544/1490/938 1588/1240/937
f 1588/1240/937 1544/1490/938 1545/1491/938 1589/1492/937
f 1418/1493/938 1557/1493/938 1553/1493/938 1414/1493/938
f 1557/1207/938 1556/1494/938 1552/1495/938 1553/1207/938
f 1452/1496/935 1587/1497/935 1589/1492/937 1436/1498/936
f 1587/1497/935 1586/1238/935 1588/1240/937 1589/1492/937
f 1451/1499/934 1585/1500/934 1587/1497/935 1452/1496/935
f 1585/1500/934 1584/1236/934 1586/1238/935 1587/1497/935
f 1450/1501/933 1583/1502/933 1585/1500/934 1451/1499/934
f 1583/1502/933 1582/1234/933 1584/1236/934 1585/1500/934
f 1449/1503/932 1581/1504/932 1583/1502/933 1450/1501/933
f 1581/1504/932 1580/1232/932 1582/1234/933 1583/1502/933
f 1448/1505/931 1579/1506/931 1581/1504/932 1449/1503/932
f 1579/1506/931 1578/1230/931 1580/1232/932 1581/1504/932
f 1447/1507/930 1577/1508/930 1579/1506/931 1448/1505/931
f 1577/1508/930 1576/1228/930 1578/1230/931 1579/1506/931
f 1446/1509/929 1575/1510/929 1577/1508/930 1447/1507/930
f 1575/1510/929 1574/1226/929 1576/1228/930 1577/1508/930
f 1445/1511/928 1573/1512/928 1575/1510/929 1446/1509/929
f 1573/1512/928 1572/1224/928 1574/1226/929 1575/1510/929
f 1444/1513/927 1571/1514/927 1573/1512/928 1445/1511/928
f 1571/1514/927 1570/1222/927 1572/1224/928 1573/1512/928
f 1443/1515/926 1569/1516/926 1571/1514/927 1444/1513/927
f 1569/1516/926 1568/1220/926 1570/1222/927 1571/1514/927
f 1442/1517/925 1567/1518/925 1569/1516/926 1443/1515/926
f 1567/1518/925 1566/1218/925 1568/1220/926 1569/1516/926
f 1441/1519/924 1565/1520/924 1567/1518/925 1442/1517/925
f 1565/1520/924 1564/1216/924 1566/1218/925 1567/1518/925
f 1440/1521/923 1563/1522/923 1565/1520/924 1441/1519/924
f 1563/1522/923 1562/1214/923 1564/1216/924 1565/1520/924
f 1439/1523/922 1561/1524/922 1563/1522/923 1440/1521/923
f 1561/1524/922 1560/1212/922 1562/1214/923 1563/1522/923
f 1438/1525/921 1559/1526/921 1561/1524/922 1439/1523/922
f 1559/1526/921 1558/1210/921 1560/1212/922 1561/1524/922
f 1435/1527/920 1556/1494/920 1559/1526/921 1438/1525/921
f 1556/1494/920 1557/1207/920 1558/1210/921 1559/1526/921
f 1403/1528/917 1540/1529/917 1555/1530/917 1415/1531/917
f 1540/1529/917 1541/1165/917 1554/1161/917 1555/1530/917
f 1415/1531/917 1555/1530/917 1549/1445/917 1409/1444/917
f 1555/1530/917 1554/1161/917 1548/1164/917 1549/1445/917
f 1402/1532/916 1542/1533/916 1544/1534/916 1405/1535/916
f 1542/1533/916 1543/1158/916 1545/1160/916 1544/1534/916
f 1401/1536/916 1541/1537/916 1542/1533/916 1402/1532/916
f 1541/1537/916 1540/1155/916 1543/1158/916 1542/1533/916
o Cube.033
v 194.883148 114.521835 84.231224
v 194.883148 100.993393 84.231224
v 196.240799 114.521835 57.120060
v 196.240799 100.993393 57.120060
v 200.994125 114.521835 84.537247
v 200.994125 100.993393 84.537247
v 202.351776 114.521835 57.426079
v 202.351776 100.993393 57.426079
vn -0.9987 -0.0000 -0.0500
vn 0.0500 -0.0000 -0.9987
vn 0.9987 -0.0000 0.0500
vn -0.0500 -0.0000 0.9987
vn -0.0000 1.0000 -0.0000
vn -0.0000 -1.0000 -0.0000
vt 0.365760 0.000596
vt 0.621095 0.000076
vt 0.623165 0.248752
vt 0.372525 0.244392
vt 0.374858 0.113733
vt 0.625498 0.118093
vt 0.627328 0.369334
vt 0.377138 0.368445
vt 0.939143 0.977608
vt 0.937114 0.819388
vt 0.625906 0.816953
vt 0.625906 0.980854
vt 0.571684 0.506904
vt 0.581003 0.218664
vt 0.412291 0.218278
vt 0.422405 0.507253
vt 0.125000 0.500000
vt 0.375000 0.500000
vt 0.375000 0.750000
vt 0.125000 0.750000
vt 0.625000 0.500000
vt 0.875000 0.500000
vt 0.875000 0.750000
vt 0.625000 0.750000
s 0
usemtl Material.030
f 1674/1538/987 1676/1541/987 1677/1540/987 1675/1539/987
f 1676/1542/988 1680/1545/988 1681/1544/988 1677/1543/988
f 1680/1546/989 1678/1549/989 1679/1548/989 1681/1547/989
f 1678/1550/990 1674/1553/990 1675/1552/990 1679/1551/990
f 1676/1554/991 1674/1557/991 1678/1556/991 1680/1555/991
f 1681/1558/992 1679/1561/992 1675/1560/992 1677/1559/992
o Cube.034
v 195.641998 114.486107 85.554817
v 195.641998 115.081184 85.554817
v 197.158569 114.486107 55.270271
v 197.158569 115.081184 55.270271
v 201.266235 114.486107 85.836464
v 201.266235 115.081184 85.836464
v 202.782806 114.486107 55.551918
v 202.782806 115.081184 55.551918
vn -0.9987 -0.0000 -0.0500
vn 0.0500 -0.0000 -0.9987
vn 0.9987 -0.0000 0.0500
vn -0.0500 -0.0000 0.9987
vn -0.0000 -1.0000 -0.0000
vn -0.0000 1.0000 -0.0000
vt 0.375000 0.000000
vt 0.625000 0.000000
vt 0.625000 0.250000
vt 0.375000 0.250000
vt 0.410024 0.757847
vt 0.410245 0.756983
vt 0.422714 0.755260
vt 0.422677 0.756161
vt 0.430046 0.771331
vt 0.430075 0.771745
vt 0.425147 0.771566
vt 0.425149 0.771971
s 0
usemtl Material.030
f 1682/1562/993 1683/1563/993 1685/1564/993 1684/1565/993
f 1684/1566/994 1685/1567/994 1689/1568/994 1688/1569/994
f 1688/1569/995 1689/1568/995 1687/1570/995 1686/1571/995
f 1686/1571/996 1687/1570/996 1683/1572/996 1682/1573/996
f 1684/1566/997 1688/1569/997 1686/1571/997 1682/1573/997
f 1689/1568/998 1685/1567/998 1683/1572/998 1687/1570/998
o Plane.011
v 188.462967 100.910263 85.608124
v 195.528793 100.910263 85.961960
v 190.939835 100.910263 36.147293
v 198.005661 100.910263 36.501129
v 202.530640 100.910263 86.312592
v 205.007492 100.910263 36.851761
v 197.941666 136.832794 36.497925
v 195.464798 136.832794 85.958755
v 190.939835 130.738937 36.147293
v 188.462967 130.738937 85.608124
v 204.313858 130.738937 36.817024
v 201.836990 130.738937 86.277855
v 197.941666 106.789230 36.497925
v 195.464798 106.789230 85.958755
v 190.939835 106.789230 36.147293
v 188.462967 106.789230 85.608124
v 201.400757 100.910263 86.256012
v 195.464798 106.789230 85.958755
v 189.528854 100.910263 85.661499
v 200.818924 100.938576 86.226875
v 200.242706 101.023224 86.198021
v 199.677643 101.163406 86.169724
v 199.129166 101.357773 86.142258
v 198.602570 101.604446 86.115891
v 198.102921 101.901047 86.090866
v 197.635025 102.244728 86.067436
v 197.203400 102.632172 86.045822
v 196.812195 103.059654 86.026230
v 196.465195 103.523048 86.008850
v 196.165710 104.017906 85.993851
v 195.916656 104.539444 85.981384
v 195.720398 105.082657 85.971558
v 195.578857 105.642296 85.964470
v 195.493393 106.212990 85.960190
v 197.941666 106.789230 36.497925
v 203.877609 100.910263 36.795181
v 192.005722 100.910263 36.200668
v 197.970245 106.212990 36.499359
v 198.055725 105.642296 36.503639
v 198.197266 105.082657 36.510727
v 198.393509 104.539444 36.520554
v 198.642578 104.017906 36.533024
v 198.942047 103.523048 36.548019
v 199.289062 103.059654 36.565399
v 199.680267 102.632172 36.584991
v 200.111893 102.244728 36.606606
v 200.579773 101.901047 36.630035
v 201.079422 101.604446 36.655056
v 201.606018 101.357773 36.681427
v 202.154495 101.163406 36.708893
v 202.719574 101.023224 36.737190
v 203.295792 100.938576 36.766045
v 190.939835 134.178619 36.147293
v 193.590683 136.832794 36.280037
v 190.952591 134.438766 36.147934
v 190.990768 134.696411 36.149841
v 191.053970 134.949081 36.153008
v 191.141617 135.194321 36.157394
v 191.252838 135.429779 36.162968
v 191.386581 135.653198 36.169662
v 191.541550 135.862396 36.177425
v 191.716248 136.055389 36.186172
v 191.908997 136.230316 36.195824
v 192.117950 136.385468 36.206291
v 192.341080 136.519379 36.217461
v 192.576248 136.630753 36.229240
v 192.821182 136.718506 36.241505
v 193.073517 136.781784 36.254143
v 193.330841 136.820007 36.267029
v 191.113815 136.832794 85.740868
v 188.462967 134.178619 85.608124
v 190.853989 136.820007 85.727859
v 190.596664 136.781784 85.714973
v 190.344315 136.718506 85.702332
v 190.099380 136.630753 85.690071
v 189.864212 136.519379 85.678291
v 189.641083 136.385468 85.667122
v 189.432129 136.230316 85.656654
v 189.239380 136.055389 85.647003
v 189.064682 135.862396 85.638260
v 188.909714 135.653198 85.630493
v 188.775970 135.429779 85.623795
v 188.664749 135.194321 85.618225
v 188.577118 134.949081 85.613838
v 188.513901 134.696411 85.610672
v 188.475739 134.438766 85.608765
v 198.144470 130.738937 36.508080
v 197.941666 130.535873 36.497925
v 197.738861 130.738937 36.487770
v 197.941666 130.942001 36.497925
v 198.118011 130.737198 36.506756
v 198.091980 130.732010 36.505455
v 198.066864 130.723480 36.504196
v 198.043076 130.711731 36.503006
v 198.021011 130.696976 36.501900
v 198.001068 130.679459 36.500900
v 197.983582 130.659485 36.500023
v 197.968842 130.637405 36.499287
v 197.957108 130.613571 36.498699
v 197.948578 130.588425 36.498272
v 197.943405 130.562378 36.498013
v 195.464798 130.535873 85.958755
v 195.667618 130.738937 85.968910
v 195.464798 130.942001 85.958755
v 195.466537 130.562378 85.958847
v 195.471710 130.588425 85.959106
v 195.480240 130.613571 85.959534
v 195.491974 130.637405 85.960114
v 195.506714 130.659485 85.960854
v 195.524200 130.679459 85.961731
v 195.544159 130.696976 85.962730
v 195.566208 130.711731 85.963837
v 195.589996 130.723480 85.965027
v 195.615128 130.732010 85.966286
v 195.641144 130.737198 85.967590
v 203.065674 136.832794 36.754520
v 204.313858 135.583038 36.817024
v 203.243301 136.820068 36.763416
v 203.417328 136.782166 36.772133
v 203.584183 136.719849 36.780487
v 203.740494 136.634399 36.788315
v 203.883057 136.527527 36.795456
v 204.008987 136.401443 36.801758
v 204.115707 136.258698 36.807106
v 204.201065 136.102203 36.811378
v 204.263290 135.935120 36.814495
v 204.301147 135.760895 36.816391
v 201.836990 135.583038 86.277855
v 200.588806 136.832794 86.215347
v 201.824295 135.760895 86.277222
v 201.786438 135.935120 86.275330
v 201.724197 136.102203 86.272209
v 201.638855 136.258698 86.267937
v 201.532120 136.401443 86.262589
v 201.406189 136.527527 86.256287
v 201.263626 136.634399 86.249146
v 201.107330 136.719849 86.241318
v 200.940460 136.782166 86.232964
v 200.766449 136.820068 86.224243
v 190.246567 100.910263 49.991230
v 189.420944 100.910263 66.478172
v 196.486771 100.910263 66.832008
v 197.312393 100.910263 50.345070
v 203.488617 100.910263 67.182648
v 204.314240 100.910263 50.695702
v 197.248398 136.832794 50.341862
v 196.422775 136.832794 66.828804
v 189.420944 130.738937 66.478172
v 190.246567 130.738937 49.991230
v 203.620590 130.738937 50.660965
v 202.794968 130.738937 67.147911
v 197.248398 106.789230 50.341862
v 196.422775 106.789230 66.828804
v 189.420944 106.789230 66.478172
v 190.246567 106.789230 49.991230
v 197.248398 106.789230 50.341862
v 196.422775 106.789230 66.828804
v 196.451355 106.212990 66.830238
v 197.276978 106.212990 50.343292
v 196.536835 105.642296 66.834518
v 197.362457 105.642296 50.347576
v 196.678375 105.082657 66.841606
v 197.503998 105.082657 50.354664
v 196.874634 104.539444 66.851433
v 197.700241 104.539444 50.364491
v 197.123688 104.017906 66.863907
v 197.949310 104.017906 50.376961
v 197.423172 103.523048 66.878906
v 198.248795 103.523048 50.391960
v 197.770172 103.059654 66.896278
v 198.595795 103.059654 50.409336
v 198.161377 102.632172 66.915871
v 198.987000 102.632172 50.428928
v 198.593002 102.244728 66.937485
v 199.418625 102.244728 50.450542
v 199.060883 101.901047 66.960915
v 199.886505 101.901047 50.473972
v 199.560547 101.604446 66.985939
v 200.386154 101.604446 50.498993
v 200.087143 101.357773 67.012306
v 200.912750 101.357773 50.525364
v 200.635605 101.163406 67.039772
v 201.461227 101.163406 50.552830
v 201.200684 101.023224 67.068069
v 202.026306 101.023224 50.581127
v 201.776901 100.938576 67.096924
v 202.602524 100.938576 50.609982
v 202.358719 100.910263 67.126060
v 203.184341 100.910263 50.639118
v 190.246567 134.178619 49.991230
v 189.420944 134.178619 66.478172
v 189.433701 134.438766 66.478813
v 190.259323 134.438766 49.991867
v 189.471878 134.696411 66.480728
v 190.297501 134.696411 49.993782
v 189.535080 134.949081 66.483887
v 190.360703 134.949081 49.996948
v 189.622726 135.194321 66.488281
v 190.448349 135.194321 50.001335
v 189.733948 135.429779 66.493851
v 190.559570 135.429779 50.006905
v 189.867691 135.653198 66.500549
v 190.693314 135.653198 50.013603
v 190.022659 135.862396 66.508308
v 190.848282 135.862396 50.021362
v 190.197357 136.055389 66.517052
v 191.022980 136.055389 50.030113
v 190.390106 136.230316 66.526703
v 191.215729 136.230316 50.039764
v 190.599060 136.385468 66.537170
v 191.424683 136.385468 50.050228
v 190.822189 136.519379 66.548347
v 191.647812 136.519379 50.061401
v 191.057358 136.630753 66.560120
v 191.882980 136.630753 50.073177
v 191.302292 136.718506 66.572388
v 192.127914 136.718506 50.085442
v 191.554642 136.781784 66.585022
v 192.380249 136.781784 50.098080
v 191.811966 136.820007 66.597908
v 192.637589 136.820007 50.110966
v 192.071793 136.832794 66.610924
v 192.897415 136.832794 50.123978
v 197.451202 130.738937 50.352020
v 196.625595 130.738937 66.838959
v 196.599121 130.737198 66.837639
v 197.424744 130.737198 50.350693
v 196.573105 130.732010 66.836334
v 197.398712 130.732010 50.349392
v 196.547974 130.723480 66.835075
v 197.373596 130.723480 50.348133
v 196.524185 130.711731 66.833885
v 197.349808 130.711731 50.346939
v 196.502121 130.696976 66.832779
v 197.327744 130.696976 50.345837
v 196.482178 130.679459 66.831779
v 197.307800 130.679459 50.344837
v 196.464691 130.659485 66.830902
v 197.290314 130.659485 50.343964
v 196.449951 130.637405 66.830170
v 197.275574 130.637405 50.343224
v 196.438217 130.613571 66.829582
v 197.263840 130.613571 50.342636
v 196.429688 130.588425 66.829155
v 197.255310 130.588425 50.342209
v 196.424515 130.562378 66.828896
v 197.250137 130.562378 50.341949
v 196.422775 130.535873 66.828804
v 197.248398 130.535873 50.341862
v 202.372406 136.832794 50.598457
v 201.546783 136.832794 67.085403
v 201.724411 136.820068 67.094299
v 202.550034 136.820068 50.607353
v 201.898438 136.782166 67.103012
v 202.724060 136.782166 50.616070
v 202.065292 136.719849 67.111366
v 202.890915 136.719849 50.624424
v 202.221603 136.634399 67.119194
v 203.047226 136.634399 50.632252
v 202.364166 136.527527 67.126335
v 203.189789 136.527527 50.639393
v 202.490097 136.401443 67.132645
v 203.315720 136.401443 50.645699
v 202.596832 136.258698 67.137985
v 203.422440 136.258698 50.651043
v 202.682175 136.102203 67.142258
v 203.507797 136.102203 50.655315
v 202.744415 135.935120 67.145378
v 203.570038 135.935120 50.658432
v 202.782272 135.760895 67.147270
v 203.607880 135.760895 50.660328
v 202.794968 135.583038 67.147911
v 203.620590 135.583038 50.660965
vn -0.0000 -1.0000 -0.0000
vn -0.9987 -0.0000 -0.0500
vn -0.0500 -0.0000 0.9987
vn 0.0500 -0.0000 -0.9987
vn 0.9975 0.0496 0.0500
vn 0.9938 0.0991 0.0498
vn 0.9791 0.1971 0.0490
vn 0.9549 0.2932 0.0478
vn 0.9212 0.3862 0.0461
vn 0.8787 0.4754 0.0440
vn 0.8276 0.5597 0.0414
vn 0.7687 0.6385 0.0385
vn 0.7024 0.7109 0.0352
vn 0.6295 0.7764 0.0315
vn 0.5507 0.8342 0.0276
vn 0.4668 0.8840 0.0234
vn 0.3787 0.9253 0.0190
vn 0.2871 0.9578 0.0144
vn 0.1928 0.9812 0.0097
vn 0.0968 0.9953 0.0048
vn 0.0121 0.9999 0.0006
vn 0.0242 0.9997 0.0012
vn -0.0000 1.0000 -0.0000
vn -0.9984 0.0245 -0.0500
vn -0.9939 0.0980 -0.0498
vn -0.9796 0.1951 -0.0491
vn -0.9557 0.2903 -0.0479
vn -0.9227 0.3827 -0.0462
vn -0.8808 0.4714 -0.0441
vn -0.8304 0.5556 -0.0416
vn -0.7720 0.6344 -0.0387
vn -0.7062 0.7071 -0.0354
vn -0.6336 0.7730 -0.0317
vn -0.5549 0.8315 -0.0278
vn -0.4708 0.8819 -0.0236
vn -0.3822 0.9239 -0.0191
vn -0.2899 0.9569 -0.0145
vn -0.1948 0.9808 -0.0098
vn -0.0979 0.9952 -0.0049
vn -0.0245 0.9997 -0.0012
vn 0.0327 -0.9995 0.0016
vn 0.0326 -0.9995 0.0016
vn 0.1304 -0.9914 0.0065
vn 0.2585 -0.9659 0.0129
vn 0.3822 -0.9239 0.0191
vn 0.4994 -0.8660 0.0250
vn 0.6080 -0.7933 0.0304
vn 0.7062 -0.7071 0.0354
vn 0.7924 -0.6088 0.0397
vn 0.8649 -0.5000 0.0433
vn 0.8650 -0.5000 0.0433
vn 0.9227 -0.3827 0.0462
vn 0.9647 -0.2588 0.0483
vn 0.9902 -0.1305 0.0496
vn 0.9982 -0.0327 0.0500
vn 0.9987 -0.0000 0.0500
vn 0.0357 0.9994 0.0018
vn 0.1421 0.9898 0.0071
vn 0.2814 0.9595 0.0141
vn 0.4149 0.9096 0.0208
vn 0.5400 0.8413 0.0270
vn 0.6540 0.7557 0.0328
vn 0.6540 0.7558 0.0328
vn 0.7548 0.6549 0.0378
vn 0.8402 0.5406 0.0421
vn 0.9085 0.4154 0.0455
vn 0.9583 0.2817 0.0480
vn 0.9886 0.1423 0.0495
vn 0.9981 0.0357 0.0500
vn 0.7924 -0.6087 0.0397
vn 0.1303 -0.9914 0.0065
vt 0.493882 0.530649
vt 0.472560 0.530649
vt 0.472560 0.521943
vt 0.493882 0.521943
vt 0.472560 0.513316
vt 0.493882 0.513316
vt 0.483488 0.597838
vt 0.652191 0.598068
vt 0.647566 0.765549
vt 0.480833 0.766225
vt 0.484149 0.555891
vt 0.653343 0.556350
vt 0.880069 0.000000
vt 0.757748 0.000000
vt 0.000000 0.000000
vt 0.676198 0.000000
vt 0.425291 0.754681
vt 0.425156 0.754707
vt 0.422721 0.754653
vt 0.425025 0.754745
vt 0.424899 0.754792
vt 0.424779 0.754848
vt 0.424667 0.754914
vt 0.424564 0.754988
vt 0.424470 0.755070
vt 0.424387 0.755159
vt 0.424315 0.755254
vt 0.424256 0.755354
vt 0.424209 0.755458
vt 0.424175 0.755566
vt 0.424155 0.755675
vt 0.424148 0.755786
vt 0.422454 0.755752
vt 0.422447 0.755640
vt 0.423890 0.754615
vt 0.422426 0.755530
vt 0.422392 0.755422
vt 0.422345 0.755317
vt 0.422284 0.755216
vt 0.422212 0.755120
vt 0.422128 0.755030
vt 0.422033 0.754948
vt 0.421929 0.754873
vt 0.421816 0.754807
vt 0.421695 0.754749
vt 0.421567 0.754701
vt 0.421435 0.754664
vt 0.421298 0.754637
vt 0.319369 0.358771
vt 0.318873 0.359047
vt 0.329849 0.338889
vt 0.318375 0.359743
vt 0.457674 0.170167
vt 0.447055 0.170224
vt 0.447055 0.169970
vt 0.457673 0.169911
vt 0.447044 0.169714
vt 0.457667 0.169653
vt 0.447021 0.169458
vt 0.457654 0.169395
vt 0.446987 0.169206
vt 0.457635 0.169141
vt 0.446942 0.168958
vt 0.457610 0.168891
vt 0.446887 0.168718
vt 0.457580 0.168648
vt 0.446821 0.168486
vt 0.457544 0.168414
vt 0.446745 0.168265
vt 0.457503 0.168192
vt 0.446660 0.168058
vt 0.457456 0.167982
vt 0.446567 0.167865
vt 0.457405 0.167788
vt 0.446466 0.167689
vt 0.457350 0.167611
vt 0.446357 0.167532
vt 0.457291 0.167452
vt 0.446242 0.167395
vt 0.457228 0.167313
vt 0.446122 0.167280
vt 0.457163 0.167197
vt 0.445998 0.167189
vt 0.457096 0.167104
vt 0.445871 0.167121
vt 0.457026 0.167035
vt 0.202800 0.277098
vt 0.493882 0.514708
vt 0.472560 0.514708
vt 1.000000 0.000000
vt 0.422465 0.754653
vt 0.422469 0.755784
vt 1.000000 1.000000
vt 0.000000 1.000000
vt 0.100568 1.000000
vt 0.893394 1.000000
vt 0.424148 0.754615
vt 0.424148 0.755752
vt 0.480457 0.790085
vt 0.646910 0.789282
vt 0.646817 0.791059
vt 0.480402 0.791871
vt 0.646638 0.792786
vt 0.480294 0.793608
vt 0.646375 0.794448
vt 0.480135 0.795277
vt 0.646031 0.796026
vt 0.479926 0.796863
vt 0.645609 0.797505
vt 0.479669 0.798350
vt 0.432955 0.763069
vt 0.459262 0.762935
vt 0.459184 0.763152
vt 0.432907 0.763286
vt 0.400163 0.760131
vt 0.396187 0.760280
vt 0.395881 0.760258
vt 0.400028 0.760102
vt 0.395569 0.760231
vt 0.399891 0.760067
vt 0.395255 0.760197
vt 0.399754 0.760026
vt 0.413075 0.782254
vt 0.408789 0.782417
vt 0.408494 0.782379
vt 0.412946 0.782209
vt 0.399618 0.759979
vt 0.394946 0.760158
vt 0.394648 0.760113
vt 0.399488 0.759926
vt 0.394371 0.760063
vt 0.399366 0.759868
vt 0.412705 0.782103
vt 0.407947 0.782289
vt 0.407710 0.782237
vt 0.412602 0.782044
vt 0.407510 0.782181
vt 0.412513 0.781982
vt 0.407353 0.782123
vt 0.412444 0.781919
vt 0.399091 0.759676
vt 0.393748 0.759890
vt 0.393636 0.759828
vt 0.399038 0.759610
vt 0.429186 0.763391
vt 0.200538 0.490542
vt 0.200833 0.490527
vt 0.201123 0.490480
vt 0.201403 0.490404
vt 0.201669 0.490300
vt 0.201915 0.490168
vt 0.202137 0.490012
vt 0.202332 0.489834
vt 0.202497 0.489637
vt 0.202628 0.489425
vt 0.202723 0.489201
vt 0.202780 0.488968
vt 0.202800 0.488732
vt 0.205062 0.490542
vt 0.202800 0.492352
vt 0.315727 0.522324
vt 0.317300 0.531831
vt 0.317111 0.531822
vt 0.315555 0.522315
vt 0.000000 0.386770
vt 0.000000 0.386770
vt 0.000000 0.386770
vt 0.422454 0.760421
vt 0.422503 0.760382
vt 0.424148 0.760382
vt 0.424148 0.761047
vt 0.424145 0.761097
vt 0.424136 0.761147
vt 0.424121 0.761196
vt 0.424099 0.761243
vt 0.424073 0.761289
vt 0.424040 0.761332
vt 0.424003 0.761372
vt 0.423960 0.761410
vt 0.423914 0.761443
vt 0.423863 0.761473
vt 0.423809 0.761499
vt 0.423752 0.761521
vt 0.423693 0.761538
vt 0.423632 0.761550
vt 0.423570 0.761558
vt 0.423507 0.761560
vt 0.422454 0.761560
vt 0.114371 0.265242
vt 0.113232 0.258362
vt 0.146300 0.258284
vt 0.150488 0.265147
vt 0.422454 0.760343
vt 0.836758 0.056624
vt 0.937022 0.058401
vt 0.938784 0.194609
vt 0.837729 0.194975
vt 0.422484 0.760355
vt 0.424152 0.760388
vt 0.424153 0.761502
vt 0.423119 0.761506
vt 0.423057 0.761504
vt 0.422996 0.761497
vt 0.422935 0.761486
vt 0.422877 0.761469
vt 0.422821 0.761449
vt 0.422768 0.761423
vt 0.422718 0.761394
vt 0.422672 0.761361
vt 0.422630 0.761325
vt 0.422593 0.761286
vt 0.422561 0.761244
vt 0.422534 0.761199
vt 0.422513 0.761153
vt 0.422498 0.761105
vt 0.422489 0.761056
vt 0.422486 0.761007
vt 0.424152 0.760312
vt 0.424153 0.760316
vt 0.424154 0.760321
vt 0.424156 0.760326
vt 0.424159 0.760331
vt 0.424162 0.760335
vt 0.424166 0.760339
vt 0.424171 0.760342
vt 0.424176 0.760345
vt 0.424182 0.760347
vt 0.424188 0.760348
vt 0.424194 0.760349
vt 0.424201 0.760350
vt 0.104266 0.286613
vt 0.077216 0.284735
vt 0.076821 0.275451
vt 0.104153 0.279025
vt 0.422405 0.760382
vt 0.421214 0.761560
vt 0.421171 0.761558
vt 0.421129 0.761550
vt 0.421089 0.761538
vt 0.421051 0.761522
vt 0.421016 0.761501
vt 0.420986 0.761477
vt 0.420960 0.761449
vt 0.420939 0.761419
vt 0.420924 0.761386
vt 0.420915 0.761353
vt 0.420912 0.761318
vt 0.420912 0.760382
vt 0.425666 0.760345
vt 0.425665 0.761260
vt 0.425662 0.761294
vt 0.425653 0.761326
vt 0.425638 0.761358
vt 0.425618 0.761388
vt 0.425593 0.761415
vt 0.425563 0.761439
vt 0.425529 0.761459
vt 0.425492 0.761475
vt 0.425453 0.761487
vt 0.425411 0.761494
vt 0.425369 0.761497
vt 0.645123 0.270171
vt 0.659573 0.269478
vt 0.659442 0.272117
vt 0.645237 0.272913
vt 0.028452 0.848773
vt 0.530071 0.847749
vt 0.527001 0.963832
vt 0.027382 0.965169
vt 0.578805 0.052052
vt 0.717352 0.054508
vt 0.717381 0.195411
vt 0.577740 0.195917
vt 0.117300 0.282942
vt 0.115727 0.273435
vt 0.155475 0.273320
vt 0.161261 0.282804
vt 0.000000 0.720103
vt 0.313232 0.507250
vt 0.314371 0.514130
vt 0.314214 0.514123
vt 0.313090 0.507243
vt 0.216476 0.767298
vt 0.337137 0.766808
vt 0.337001 0.790777
vt 0.216543 0.791359
vt 0.407564 0.759336
vt 0.403697 0.759491
vt 0.403696 0.759422
vt 0.407611 0.759264
vt 0.420446 0.781668
vt 0.416825 0.781811
vt 0.416831 0.781744
vt 0.420515 0.781596
vt 0.420357 0.781739
vt 0.416817 0.781878
vt 0.420250 0.781809
vt 0.416806 0.781944
vt 0.407160 0.759630
vt 0.403658 0.759765
vt 0.403670 0.759701
vt 0.407286 0.759560
vt 0.407026 0.759695
vt 0.403645 0.759825
vt 0.419870 0.781995
vt 0.416768 0.782113
vt 0.416782 0.782062
vt 0.420003 0.781938
vt 0.406744 0.759808
vt 0.403617 0.759926
vt 0.403631 0.759879
vt 0.406886 0.759755
vt 0.406604 0.759855
vt 0.403603 0.759968
vt 0.406466 0.759895
vt 0.403589 0.760003
vt 0.391245 0.763281
vt 0.410283 0.763184
vt 0.410261 0.763403
vt 0.391246 0.763500
vt 0.391244 0.763044
vt 0.410301 0.762948
vt 0.432996 0.762834
vt 0.216558 0.796593
vt 0.336863 0.795993
vt 0.336770 0.797585
vt 0.216564 0.798192
vt 0.216553 0.794910
vt 0.336932 0.794316
vt 0.216548 0.793159
vt 0.336979 0.792571
vt 0.108649 0.175645
vt 0.105932 0.174484
vt 0.227468 0.173543
vt 0.229055 0.174722
vt 0.456879 0.166926
vt 0.466599 0.166851
vt 0.466641 0.166962
vt 0.280878 0.278675
vt 0.236043 0.208525
vt 0.334818 0.207992
vt 0.334818 0.207990
vt 0.474690 0.166970
vt 0.466660 0.167031
vt 0.474713 0.166900
vt 0.474668 0.167065
vt 0.466678 0.167125
vt 0.474647 0.167183
vt 0.466696 0.167243
vt 0.474626 0.167324
vt 0.466714 0.167382
vt 0.474607 0.167485
vt 0.466730 0.167543
vt 0.474589 0.167666
vt 0.466746 0.167722
vt 0.474573 0.167863
vt 0.466760 0.167918
vt 0.474558 0.168075
vt 0.466774 0.168129
vt 0.474545 0.168301
vt 0.466785 0.168353
vt 0.474534 0.168538
vt 0.466796 0.168588
vt 0.474525 0.168784
vt 0.466805 0.168833
vt 0.474518 0.169037
vt 0.466812 0.169084
vt 0.474513 0.169295
vt 0.466818 0.169341
vt 0.474510 0.169555
vt 0.466822 0.169600
vt 0.474508 0.169817
vt 0.466824 0.169860
vt 0.474509 0.170077
vt 0.466825 0.170118
vt 0.215889 0.555162
vt 0.338331 0.555494
vt 0.338093 0.597639
vt 0.216006 0.597472
vt 0.548738 0.521943
vt 0.519275 0.521943
vt 0.519275 0.513316
vt 0.548738 0.513316
vt 0.548738 0.530649
vt 0.519275 0.530649
s 1
usemtl Material.030
f 1829/1574/999 1692/1575/999 1693/1576/999 1832/1577/999
f 1832/1577/999 1693/1576/999 1695/1578/999 1834/1579/999
f 1843/1580/1000 1705/1581/1000 1699/1582/1000 1837/1583/1000
f 1830/1584/1000 1690/1585/1000 1705/1581/1000 1843/1580/1000
f 1706/1586/1001 1709/1587/1001 1708/1588/1001
f 1709/1587/1001 1710/1589/1001 1708/1588/1001
f 1710/1590/1001 1711/1591/1001 1708/1592/1001
f 1711/1591/1001 1712/1593/1001 1708/1592/1001
f 1712/1593/1001 1713/1594/1001 1708/1592/1001
f 1713/1594/1001 1714/1595/1001 1708/1592/1001
f 1714/1595/1001 1715/1596/1001 1708/1592/1001
f 1715/1596/1001 1716/1597/1001 1708/1592/1001
f 1716/1597/1001 1717/1598/1001 1708/1592/1001
f 1717/1598/1001 1718/1599/1001 1708/1592/1001
f 1718/1599/1001 1719/1600/1001 1708/1592/1001
f 1719/1600/1001 1720/1601/1001 1708/1592/1001
f 1720/1601/1001 1721/1602/1001 1708/1592/1001
f 1721/1602/1001 1722/1603/1001 1708/1592/1001
f 1722/1603/1001 1723/1604/1001 1708/1592/1001
f 1723/1604/1001 1707/1605/1001 1708/1592/1001
f 1724/1606/1002 1727/1607/1002 1726/1608/1002
f 1727/1607/1002 1728/1609/1002 1726/1608/1002
f 1728/1609/1002 1729/1610/1002 1726/1608/1002
f 1729/1610/1002 1730/1611/1002 1726/1608/1002
f 1730/1611/1002 1731/1612/1002 1726/1608/1002
f 1731/1612/1002 1732/1613/1002 1726/1608/1002
f 1732/1613/1002 1733/1614/1002 1726/1608/1002
f 1733/1614/1002 1734/1615/1002 1726/1608/1002
f 1734/1615/1002 1735/1616/1002 1726/1608/1002
f 1735/1616/1002 1736/1617/1002 1726/1608/1002
f 1736/1617/1002 1737/1618/1002 1726/1608/1002
f 1737/1618/1002 1738/1619/1002 1726/1608/1002
f 1738/1619/1002 1739/1620/1002 1726/1608/1002
f 1739/1620/1002 1740/1621/1002 1726/1608/1002
f 1740/1622/1002 1741/1623/1002 1726/1624/1002
f 1741/1623/1002 1725/1625/1002 1726/1624/1002
f 1846/1626/1003 1707/1627/1003 1723/1628/1004 1847/1629/1004
f 1847/1629/1004 1723/1628/1004 1722/1630/1005 1849/1631/1005
f 1849/1631/1005 1722/1630/1005 1721/1632/1006 1851/1633/1006
f 1851/1633/1006 1721/1632/1006 1720/1634/1007 1853/1635/1007
f 1853/1635/1007 1720/1634/1007 1719/1636/1008 1855/1637/1008
f 1855/1637/1008 1719/1636/1008 1718/1638/1009 1857/1639/1009
f 1857/1639/1009 1718/1638/1009 1717/1640/1010 1859/1641/1010
f 1859/1641/1010 1717/1640/1010 1716/1642/1011 1861/1643/1011
f 1861/1643/1011 1716/1642/1011 1715/1644/1012 1863/1645/1012
f 1863/1645/1012 1715/1644/1012 1714/1646/1013 1865/1647/1013
f 1865/1647/1013 1714/1646/1013 1713/1648/1014 1867/1649/1014
f 1867/1649/1014 1713/1648/1014 1712/1650/1015 1869/1651/1015
f 1869/1651/1015 1712/1650/1015 1711/1652/1016 1871/1653/1016
f 1871/1653/1016 1711/1652/1016 1710/1654/1017 1873/1655/1017
f 1873/1655/1017 1710/1654/1017 1709/1656/1018 1875/1657/1018
f 1875/1657/1018 1709/1656/1018 1706/1658/1019 1877/1659/1020
f 1845/1660/1021 1724/1660/1021 1702/1660/1021 1841/1660/1021
f 1878/1661/1020 1834/1579/1021 1695/1578/1021 1725/1662/1019
f 1690/1588/1021 1691/1663/1021 1694/1663/1021 1706/1586/1019 1708/1588/1021
f 1690/1664/1001 1708/1592/1001 1707/1605/1001 1703/1605/1001 1705/1665/1001
f 1693/1666/1021 1692/1667/1021 1726/1668/1021 1725/1669/1019 1695/1666/1021
f 1724/1606/1002 1726/1608/1002 1692/1670/1002 1704/1671/1002 1702/1606/1002
f 1880/1672/1022 1760/1673/1022 1775/1674/1023 1881/1675/1023
f 1881/1675/1023 1775/1674/1023 1774/1676/1024 1883/1677/1024
f 1883/1677/1024 1774/1676/1024 1773/1678/1025 1885/1679/1025
f 1885/1679/1025 1773/1678/1025 1772/1680/1026 1887/1681/1026
f 1887/1681/1026 1772/1680/1026 1771/1682/1027 1889/1683/1027
f 1889/1684/1027 1771/1685/1027 1770/1686/1028 1891/1687/1028
f 1891/1688/1028 1770/1689/1028 1769/1690/1029 1893/1691/1029
f 1893/1691/1029 1769/1690/1029 1768/1692/1030 1895/1693/1030
f 1895/1693/1030 1768/1692/1030 1767/1694/1031 1897/1695/1031
f 1897/1696/1031 1767/1697/1031 1766/1698/1032 1899/1699/1032
f 1899/1700/1032 1766/1701/1032 1765/1702/1033 1901/1703/1033
f 1901/1703/1033 1765/1702/1033 1764/1704/1034 1903/1705/1034
f 1903/1706/1034 1764/1707/1034 1763/1708/1035 1905/1709/1035
f 1905/1709/1035 1763/1708/1035 1762/1710/1036 1907/1711/1036
f 1907/1711/1036 1762/1710/1036 1761/1712/1037 1909/1713/1037
f 1909/1714/1037 1761/1715/1037 1759/1716/1038 1911/1717/1038
f 1837/1583/1000 1699/1582/1000 1760/1673/1022 1880/1672/1022
f 1911/1718/1038 1759/1718/1038 1697/1718/1021 1836/1718/1021
f 1776/1719/1002 1780/1720/1002 1781/1721/1002 1782/1722/1002 1783/1723/1002 1784/1724/1002 1785/1725/1002 1786/1726/1002 1787/1727/1002 1788/1728/1002 1789/1729/1002 1790/1730/1002 1777/1731/1002 1778/1732/1002 1779/1733/1002
f 1914/1734/1039 1792/1735/1040 1804/1736/1041 1915/1737/1041
f 1915/1738/1041 1804/1588/1041 1803/1588/1042 1917/1738/1042
f 1917/1738/1042 1803/1588/1042 1802/1588/1043 1919/1739/1043
f 1919/1739/1043 1802/1588/1043 1801/1588/1044 1921/1740/1044
f 1921/1740/1044 1801/1588/1044 1800/1588/1045 1923/1738/1045
f 1923/1738/1045 1800/1588/1045 1799/1588/1046 1925/1740/1046
f 1925/1740/1046 1799/1588/1046 1798/1588/1047 1927/1738/1047
f 1927/1738/1047 1798/1588/1047 1797/1588/1048 1929/1738/1049
f 1929/1738/1049 1797/1588/1048 1796/1588/1050 1931/1738/1050
f 1931/1738/1050 1796/1588/1050 1795/1588/1051 1933/1740/1051
f 1933/1740/1051 1795/1588/1051 1794/1588/1052 1935/1740/1052
f 1935/1740/1052 1794/1588/1052 1791/1588/1053 1937/1738/1053
f 1779/1741/1002 1778/1742/1002 1698/1743/1002 1742/1744/1002 1744/1745/1002 1745/1746/1002 1746/1747/1002 1747/1748/1002 1748/1749/1002 1749/1750/1002 1750/1751/1002 1751/1752/1002 1752/1753/1002 1753/1754/1002 1754/1755/1002 1755/1756/1002 1756/1757/1002 1757/1758/1002 1758/1759/1002 1743/1760/1002 1696/1761/1002
f 1913/1762/1039 1776/1763/1039 1700/1764/999 1839/1765/999
f 1702/1606/1002 1704/1671/1002 1698/1743/1002 1778/1742/1002 1777/1766/1002
f 1841/1767/1054 1702/1768/1054 1777/1769/1053 1938/1770/1053
f 1699/1771/1001 1793/1772/1001 1697/1773/1001 1759/1774/1001 1761/1775/1001 1762/1776/1001 1763/1777/1001 1764/1778/1001 1765/1779/1001 1766/1780/1001 1767/1781/1001 1768/1782/1001 1769/1783/1001 1770/1784/1001 1771/1785/1001 1772/1786/1001 1773/1787/1001 1774/1788/1001 1775/1789/1001 1760/1790/1001
f 1705/1665/1001 1703/1605/1001 1791/1791/1001 1794/1792/1001 1795/1793/1001 1796/1794/1001 1797/1795/1001 1798/1796/1001 1799/1797/1001 1800/1798/1001 1801/1799/1001 1802/1800/1001 1803/1801/1001 1804/1802/1001 1792/1803/1001 1793/1772/1001 1699/1771/1001
f 1940/1718/1055 1818/1718/1055 1828/1718/1056 1941/1718/1056
f 1941/1718/1056 1828/1718/1056 1827/1718/1057 1943/1718/1057
f 1943/1718/1057 1827/1718/1057 1826/1718/1058 1945/1718/1058
f 1945/1718/1058 1826/1718/1058 1825/1718/1059 1947/1718/1059
f 1947/1718/1059 1825/1718/1059 1824/1718/1060 1949/1718/1061
f 1949/1718/1061 1824/1718/1060 1823/1718/1062 1951/1718/1062
f 1951/1718/1062 1823/1718/1062 1822/1718/1063 1953/1718/1063
f 1953/1718/1063 1822/1718/1063 1821/1718/1064 1955/1718/1064
f 1955/1718/1064 1821/1718/1064 1820/1718/1065 1957/1718/1065
f 1957/1718/1065 1820/1718/1065 1819/1718/1066 1959/1718/1066
f 1959/1718/1066 1819/1718/1066 1817/1718/1067 1961/1718/1067
f 1836/1718/1021 1697/1718/1021 1818/1718/1055 1940/1718/1055
f 1839/1804/1054 1700/1805/1054 1806/1806/1067 1962/1807/1067
f 1776/1808/1002 1779/1741/1002 1696/1761/1002 1805/1809/1002 1807/1810/1002 1808/1811/1002 1809/1812/1002 1810/1813/1002 1811/1814/1002 1812/1815/1002 1813/1816/1002 1814/1817/1002 1815/1818/1002 1816/1819/1002 1806/1820/1002 1700/1821/1002
f 1697/1773/1001 1793/1772/1001 1792/1803/1001 1701/1822/1001 1817/1823/1001 1819/1824/1001 1820/1825/1001 1821/1826/1001 1822/1827/1001 1823/1828/1001 1824/1829/1001 1825/1830/1001 1826/1831/1001 1827/1832/1001 1828/1833/1001 1818/1834/1001
f 1701/1835/1054 1840/1836/1054 1961/1837/1067 1817/1838/1067
f 1840/1839/1054 1839/1840/1054 1962/1841/1067 1961/1842/1067
f 1696/1718/1021 1835/1718/1021 1939/1718/1055 1805/1718/1055
f 1835/1718/1021 1836/1718/1021 1940/1718/1055 1939/1718/1055
f 1816/1718/1066 1960/1718/1066 1962/1718/1067 1806/1718/1067
f 1960/1718/1066 1959/1718/1066 1961/1718/1067 1962/1718/1067
f 1815/1718/1065 1958/1718/1065 1960/1718/1066 1816/1718/1066
f 1958/1718/1065 1957/1718/1065 1959/1718/1066 1960/1718/1066
f 1814/1718/1064 1956/1718/1064 1958/1718/1065 1815/1718/1065
f 1956/1718/1064 1955/1718/1064 1957/1718/1065 1958/1718/1065
f 1813/1718/1063 1954/1718/1063 1956/1718/1064 1814/1718/1064
f 1954/1718/1063 1953/1718/1063 1955/1718/1064 1956/1718/1064
f 1812/1718/1062 1952/1718/1062 1954/1718/1063 1813/1718/1063
f 1952/1718/1062 1951/1718/1062 1953/1718/1063 1954/1718/1063
f 1811/1718/1060 1950/1718/1060 1952/1718/1062 1812/1718/1062
f 1950/1718/1060 1949/1718/1061 1951/1718/1062 1952/1718/1062
f 1810/1718/1059 1948/1718/1059 1950/1718/1060 1811/1718/1060
f 1948/1718/1059 1947/1718/1059 1949/1718/1061 1950/1718/1060
f 1809/1718/1058 1946/1718/1058 1948/1718/1059 1810/1718/1059
f 1946/1718/1058 1945/1718/1058 1947/1718/1059 1948/1718/1059
f 1808/1718/1057 1944/1718/1057 1946/1718/1058 1809/1718/1058
f 1944/1718/1057 1943/1718/1057 1945/1718/1058 1946/1718/1058
f 1807/1718/1056 1942/1718/1056 1944/1718/1057 1808/1718/1057
f 1942/1718/1056 1941/1718/1056 1943/1718/1057 1944/1718/1057
f 1805/1718/1055 1939/1718/1055 1942/1718/1056 1807/1718/1056
f 1939/1718/1055 1940/1718/1055 1941/1718/1056 1942/1718/1056
f 1703/1843/1054 1842/1844/1054 1937/1845/1053 1791/1846/1053
f 1842/1844/1054 1841/1767/1054 1938/1770/1053 1937/1845/1053
f 1792/1847/1040 1914/1848/1039 1840/1849/999 1701/1850/999
f 1914/1848/1039 1913/1762/1039 1839/1765/999 1840/1849/999
f 1790/1667/1052 1936/1851/1052 1938/1851/1053 1777/1667/1053
f 1936/1851/1052 1935/1740/1052 1937/1738/1053 1938/1851/1053
f 1789/1667/1051 1934/1851/1051 1936/1851/1052 1790/1667/1052
f 1934/1851/1051 1933/1740/1051 1935/1740/1052 1936/1851/1052
f 1788/1667/1050 1932/1851/1050 1934/1851/1051 1789/1667/1051
f 1932/1851/1050 1931/1738/1050 1933/1740/1051 1934/1851/1051
f 1787/1667/1049 1930/1851/1049 1932/1851/1050 1788/1667/1050
f 1930/1851/1049 1929/1738/1049 1931/1738/1050 1932/1851/1050
f 1786/1667/1068 1928/1851/1068 1930/1851/1049 1787/1667/1049
f 1928/1851/1068 1927/1738/1047 1929/1738/1049 1930/1851/1049
f 1785/1667/1046 1926/1851/1046 1928/1851/1068 1786/1667/1068
f 1926/1851/1046 1925/1740/1046 1927/1738/1047 1928/1851/1068
f 1784/1667/1045 1924/1851/1045 1926/1851/1046 1785/1667/1046
f 1924/1851/1045 1923/1738/1045 1925/1740/1046 1926/1851/1046
f 1783/1667/1044 1922/1851/1044 1924/1851/1045 1784/1667/1045
f 1922/1851/1044 1921/1740/1044 1923/1738/1045 1924/1851/1045
f 1782/1667/1043 1920/1851/1043 1922/1851/1044 1783/1667/1044
f 1920/1851/1043 1919/1739/1043 1921/1740/1044 1922/1851/1044
f 1781/1667/1042 1918/1851/1042 1920/1851/1043 1782/1667/1043
f 1918/1851/1042 1917/1738/1042 1919/1739/1043 1920/1851/1043
f 1780/1667/1069 1916/1851/1041 1918/1851/1042 1781/1667/1042
f 1916/1851/1041 1915/1738/1041 1917/1738/1042 1918/1851/1042
f 1776/1852/1039 1913/1853/1039 1916/1854/1041 1780/1855/1069
f 1913/1853/1039 1914/1734/1039 1915/1737/1041 1916/1854/1041
f 1743/1718/1038 1912/1718/1038 1835/1718/1021 1696/1718/1021
f 1912/1718/1038 1911/1718/1038 1836/1718/1021 1835/1718/1021
f 1698/1856/1000 1838/1857/1000 1879/1858/1022 1742/1859/1022
f 1838/1857/1000 1837/1583/1000 1880/1672/1022 1879/1858/1022
f 1758/1860/1037 1910/1861/1037 1912/1862/1038 1743/1863/1038
f 1910/1861/1037 1909/1714/1037 1911/1717/1038 1912/1862/1038
f 1757/1864/1036 1908/1865/1036 1910/1866/1037 1758/1867/1037
f 1908/1865/1036 1907/1711/1036 1909/1713/1037 1910/1866/1037
f 1756/1868/1035 1906/1869/1035 1908/1865/1036 1757/1864/1036
f 1906/1869/1035 1905/1709/1035 1907/1711/1036 1908/1865/1036
f 1755/1870/1034 1904/1871/1034 1906/1869/1035 1756/1868/1035
f 1904/1871/1034 1903/1706/1034 1905/1709/1035 1906/1869/1035
f 1754/1872/1033 1902/1873/1033 1904/1874/1034 1755/1875/1034
f 1902/1873/1033 1901/1703/1033 1903/1705/1034 1904/1874/1034
f 1753/1876/1032 1900/1877/1032 1902/1873/1033 1754/1872/1033
f 1900/1877/1032 1899/1700/1032 1901/1703/1033 1902/1873/1033
f 1752/1878/1031 1898/1879/1031 1900/1880/1032 1753/1881/1032
f 1898/1879/1031 1897/1696/1031 1899/1699/1032 1900/1880/1032
f 1751/1882/1030 1896/1883/1030 1898/1884/1031 1752/1885/1031
f 1896/1883/1030 1895/1693/1030 1897/1695/1031 1898/1884/1031
f 1750/1886/1029 1894/1887/1029 1896/1883/1030 1751/1882/1030
f 1894/1887/1029 1893/1691/1029 1895/1693/1030 1896/1883/1030
f 1749/1888/1028 1892/1889/1028 1894/1887/1029 1750/1886/1029
f 1892/1889/1028 1891/1688/1028 1893/1691/1029 1894/1887/1029
f 1748/1890/1027 1890/1891/1027 1892/1892/1028 1749/1893/1028
f 1890/1891/1027 1889/1684/1027 1891/1687/1028 1892/1892/1028
f 1747/1894/1026 1888/1895/1026 1890/1891/1027 1748/1890/1027
f 1888/1895/1026 1887/1896/1026 1889/1684/1027 1890/1891/1027
f 1746/1897/1025 1886/1898/1025 1888/1899/1026 1747/1900/1026
f 1886/1898/1025 1885/1679/1025 1887/1681/1026 1888/1899/1026
f 1745/1901/1024 1884/1902/1024 1886/1898/1025 1746/1897/1025
f 1884/1902/1024 1883/1677/1024 1885/1679/1025 1886/1898/1025
f 1744/1903/1023 1882/1904/1023 1884/1902/1024 1745/1901/1024
f 1882/1904/1023 1881/1675/1023 1883/1677/1024 1884/1902/1024
f 1742/1859/1022 1879/1858/1022 1882/1904/1023 1744/1903/1023
f 1879/1858/1022 1880/1672/1022 1881/1675/1023 1882/1904/1023
f 1706/1905/1019 1694/1906/1021 1833/1907/1021 1877/1908/1020
f 1877/1659/1020 1833/1909/1021 1834/1910/1021 1878/1911/1020
f 1707/1912/1021 1846/1912/1021 1842/1912/1021 1703/1912/1021
f 1846/1913/1021 1845/1914/1021 1841/1915/1021 1842/1913/1021
f 1741/1916/1018 1876/1917/1018 1878/1911/1020 1725/1918/1019
f 1876/1917/1018 1875/1657/1018 1877/1659/1020 1878/1911/1020
f 1740/1919/1017 1874/1920/1017 1876/1917/1018 1741/1916/1018
f 1874/1920/1017 1873/1655/1017 1875/1657/1018 1876/1917/1018
f 1739/1921/1016 1872/1922/1016 1874/1920/1017 1740/1919/1017
f 1872/1922/1016 1871/1653/1016 1873/1655/1017 1874/1920/1017
f 1738/1923/1015 1870/1924/1015 1872/1922/1016 1739/1921/1016
f 1870/1924/1015 1869/1651/1015 1871/1653/1016 1872/1922/1016
f 1737/1925/1014 1868/1926/1014 1870/1924/1015 1738/1923/1015
f 1868/1926/1014 1867/1649/1014 1869/1651/1015 1870/1924/1015
f 1736/1927/1013 1866/1928/1013 1868/1926/1014 1737/1925/1014
f 1866/1928/1013 1865/1647/1013 1867/1649/1014 1868/1926/1014
f 1735/1929/1012 1864/1930/1012 1866/1928/1013 1736/1927/1013
f 1864/1930/1012 1863/1645/1012 1865/1647/1013 1866/1928/1013
f 1734/1931/1011 1862/1932/1011 1864/1930/1012 1735/1929/1012
f 1862/1932/1011 1861/1643/1011 1863/1645/1012 1864/1930/1012
f 1733/1933/1010 1860/1934/1010 1862/1932/1011 1734/1931/1011
f 1860/1934/1010 1859/1641/1010 1861/1643/1011 1862/1932/1011
f 1732/1935/1009 1858/1936/1009 1860/1934/1010 1733/1933/1010
f 1858/1936/1009 1857/1639/1009 1859/1641/1010 1860/1934/1010
f 1731/1937/1008 1856/1938/1008 1858/1936/1009 1732/1935/1009
f 1856/1938/1008 1855/1637/1008 1857/1639/1009 1858/1936/1009
f 1730/1939/1007 1854/1940/1007 1856/1938/1008 1731/1937/1008
f 1854/1940/1007 1853/1635/1007 1855/1637/1008 1856/1938/1008
f 1729/1941/1006 1852/1942/1006 1854/1940/1007 1730/1939/1007
f 1852/1942/1006 1851/1633/1006 1853/1635/1007 1854/1940/1007
f 1728/1943/1005 1850/1944/1005 1852/1942/1006 1729/1941/1006
f 1850/1944/1005 1849/1631/1005 1851/1633/1006 1852/1942/1006
f 1727/1945/1004 1848/1946/1004 1850/1944/1005 1728/1943/1005
f 1848/1946/1004 1847/1629/1004 1849/1631/1005 1850/1944/1005
f 1724/1947/1003 1845/1948/1003 1848/1946/1004 1727/1945/1004
f 1845/1948/1003 1846/1626/1003 1847/1629/1004 1848/1946/1004
f 1692/1949/1000 1829/1950/1000 1844/1951/1000 1704/1952/1000
f 1829/1950/1000 1830/1584/1000 1843/1580/1000 1844/1951/1000
f 1704/1952/1000 1844/1951/1000 1838/1857/1000 1698/1856/1000
f 1844/1951/1000 1843/1580/1000 1837/1583/1000 1838/1857/1000
f 1691/1953/999 1831/1954/999 1833/1955/999 1694/1956/999
f 1831/1954/999 1832/1577/999 1834/1579/999 1833/1955/999
f 1690/1957/999 1830/1958/999 1831/1954/999 1691/1953/999
f 1830/1958/999 1829/1574/999 1832/1577/999 1831/1954/999
