# Blender 5.1.0
# www.blender.org
mtllib pumagua.mtl
o PumaAgua
v 262.652069 103.627991 -101.281609
v 263.083160 103.539886 -101.707825
v 262.875336 103.524521 -101.574570
v 262.113342 103.560532 -101.241463
v 263.889801 103.502182 -101.305183
v 262.115204 103.465141 -101.567467
v 262.332367 103.474014 -101.050278
v 260.720062 103.388191 -101.061195
v 263.853058 103.429626 -101.098145
v 260.100708 103.463066 -101.478889
v 259.851074 103.462616 -101.227089
v 264.411652 103.460762 -101.520264
v 263.310913 103.459618 -101.652191
v 262.233246 103.458611 -100.672775
v 262.895294 103.422791 -100.705124
v 267.491974 103.459373 -101.142265
v 262.848846 103.402832 -101.043831
v 267.343597 103.418846 -101.346886
v 262.864471 103.564056 -101.348358
v 263.886444 103.416183 -101.526070
v 266.057373 103.392174 -100.370338
v 265.621552 103.390465 -100.441429
v 266.609253 103.368851 -100.422699
v 264.239777 103.386131 -100.485413
v 261.903931 103.387360 -100.519730
v 265.824127 103.407463 -100.867767
v 267.528046 103.334541 -100.829155
v 258.504608 103.363136 -101.163559
v 267.647919 103.334251 -101.170799
v 263.044830 103.386658 -101.242432
v 262.214661 103.378944 -101.085526
v 263.019470 103.380150 -101.378418
v 258.306610 103.390053 -101.444977
v 262.761383 103.445900 -101.465240
v 262.304504 103.414017 -101.511368
v 262.017456 103.344261 -101.645134
v 260.267944 103.352760 -101.618752
v 265.023987 103.357346 -100.484741
v 263.765747 103.345924 -100.495407
v 267.517395 103.302940 -100.428108
v 260.461914 103.346878 -100.481934
v 263.449554 103.375290 -100.681297
v 262.064575 103.444122 -101.243324
v 261.188660 103.400505 -101.233849
v 261.816895 103.387039 -101.500053
v 263.351044 103.460793 -101.401100
v 260.831757 103.402603 -101.434723
v 258.461792 103.296997 -101.638397
v 259.623901 103.321129 -100.526466
v 258.444244 103.254196 -100.558777
v 261.910889 103.294891 -101.070007
v 261.221375 103.270454 -101.225204
v 261.988098 103.222122 -101.455322
v 267.551819 103.250587 -101.381844
v 263.616333 103.371567 -101.439980
v 263.251740 103.273605 -101.534462
v 258.326630 103.288834 -101.555511
v 264.320221 103.222420 -101.560738
v 258.593475 103.239418 -100.569962
v 263.006042 103.293083 -100.930733
v 264.256958 103.354050 -100.950043
v 267.483521 103.363510 -101.156708
v 263.999634 103.390289 -101.306679
v 265.311493 103.350769 -101.361122
v 259.983582 103.361938 -101.176895
v 267.364990 103.317665 -101.282257
v 263.944946 103.306541 -101.324005
v 264.637665 103.290527 -101.420174
v 264.225372 103.221100 -101.469482
v 262.884338 103.182999 -101.509811
v 261.312714 103.233696 -101.492188
v 260.482239 103.260696 -101.509560
v 264.078278 103.212891 -101.631668
v 263.502167 103.122055 -101.668076
v 262.813599 103.016014 -101.639992
v 265.753387 103.305389 -100.696991
v 267.479156 103.264336 -100.800995
v 261.670746 103.293579 -101.146927
v 264.530212 103.192131 -101.178490
v 258.617798 103.260330 -101.057816
v 261.351685 103.236092 -101.365189
v 258.406250 103.327774 -101.420547
v 263.931610 103.131653 -101.450340
v 261.308441 103.178825 -101.494186
v 262.175690 103.229858 -101.586266
v 258.435120 103.105972 -100.530945
v 261.176575 103.285927 -101.099655
v 267.589355 103.182632 -101.181480
v 261.606049 103.134758 -101.197891
v 261.745941 103.168304 -101.202393
v 264.335419 103.062157 -101.241371
v 264.538208 103.135513 -101.351616
v 261.205841 103.177834 -101.502571
v 258.439758 103.212090 -101.528320
v 263.056580 103.113594 -101.627014
v 263.423798 103.175369 -102.441963
v 263.201263 103.201958 -102.549843
v 263.457123 103.209991 -102.663086
v 258.452423 103.159523 -101.268578
v 258.402618 103.094254 -101.105988
v 261.972870 103.143135 -101.205719
v 264.000275 103.119865 -101.282349
v 262.019012 103.138855 -101.393211
v 264.447144 102.972855 -101.399971
v 261.847260 103.062859 -101.431755
v 259.982117 102.698219 -101.462555
v 262.110077 102.641159 -101.678093
v 261.736053 102.907951 -101.613228
v 260.009003 102.651215 -101.559471
v 263.124207 103.059029 -102.423172
v 261.871796 103.065750 -101.336884
v 261.765137 103.058342 -101.367989
v 261.616150 103.104362 -101.252983
v 261.722961 103.050842 -101.465118
v 265.207703 101.896324 -101.490089
v 261.955688 102.954041 -101.559441
v 263.409821 103.054176 -102.337509
v 267.528809 102.772232 -100.500977
v 264.601959 102.870529 -101.165710
v 261.848724 102.930618 -101.191116
v 264.496735 102.964500 -101.295464
v 262.112610 102.722054 -101.214302
v 263.545990 102.838165 -101.524681
v 262.476562 102.655144 -101.584061
v 264.331390 102.773468 -101.454704
v 263.896759 102.923584 -101.551018
v 263.551758 103.011620 -102.554832
v 263.320312 103.043030 -102.768021
v 263.479401 103.050369 -103.312805
v 261.655609 102.886375 -101.348770
v 258.449127 102.309746 -101.472740
v 262.048492 102.456711 -101.562119
v 263.783295 102.953728 -101.609627
v 263.800079 102.921356 -103.590675
v 262.844604 102.849258 -106.418671
v 263.986145 102.744156 -101.248001
v 262.022797 102.832428 -101.446243
v 261.715332 102.915115 -101.342621
v 261.749084 102.972679 -101.439865
v 262.850830 102.861488 -101.491898
v 261.562317 102.809692 -101.495911
v 261.592468 102.746445 -101.135445
v 263.957367 102.796036 -101.380829
v 264.645691 102.626526 -101.605156
v 263.527863 102.988503 -101.679329
v 262.941406 102.981865 -101.668472
v 263.259888 102.974327 -102.317207
v 267.593292 101.681160 -100.902199
v 264.502075 102.600502 -101.231720
v 262.014801 102.699890 -101.160316
v 264.638885 102.798340 -101.381165
v 261.673126 102.857513 -101.466064
v 262.376526 102.539810 -101.675674
v 262.625122 102.738235 -103.131218
v 263.105774 102.928772 -102.559906
v 263.415222 102.934959 -103.861176
v 263.541473 102.827049 -109.126526
v 263.204620 102.828125 -110.856674
v 258.428436 102.439507 -100.561913
v 262.000610 102.566902 -101.431831
v 264.416260 102.835030 -101.553879
v 264.156616 102.639442 -102.113045
v 263.640015 102.863953 -102.402237
v 263.756897 102.834206 -102.759438
v 267.664337 102.071190 -101.037254
v 267.586029 102.058350 -101.169006
v 267.491089 101.791100 -101.247345
v 267.632996 101.936554 -101.245766
v 264.533295 102.690948 -101.366356
v 262.815399 102.798981 -102.470627
v 263.344482 102.771660 -102.518188
v 263.000702 102.772072 -106.600754
v 263.513672 102.717567 -108.310104
v 262.676392 102.670547 -108.775208
v 262.927368 102.645683 -116.298599
v 263.449951 102.761375 -115.414749
v 263.082794 102.764671 -119.543518
v 264.375885 102.528709 -101.268692
v 264.971252 102.281075 -101.370575
v 261.570892 102.610130 -101.481995
v 263.784271 102.699829 -108.287384
v 262.837341 102.631538 -112.870018
v 263.570923 102.703842 -119.571526
v 261.857178 102.494102 -101.509132
v 263.985260 102.601204 -101.470406
v 262.487457 102.450363 -101.431190
v 262.736633 102.636513 -104.614243
v 263.787506 102.508865 -114.613800
v 262.766815 102.492828 -119.875664
v 263.489563 102.664230 -119.734558
v 263.111389 102.573761 -119.841537
v 267.496674 101.903419 -100.775795
v 264.661133 102.487457 -101.185219
v 261.541748 102.533699 -101.261154
v 264.498535 102.646645 -101.460312
v 259.946381 102.568375 -101.579979
v 262.131073 102.153969 -101.644745
v 263.325836 102.730659 -111.063072
v 263.307343 102.590492 -119.867378
v 263.024292 102.620605 -119.903656
v 264.336426 102.445274 -101.205170
v 264.523224 102.573830 -101.410973
v 264.140991 102.542587 -101.358612
v 264.568634 102.587997 -101.534973
v 264.487213 102.517189 -101.489128
v 263.748169 102.540520 -108.023193
v 262.777069 102.597733 -108.304810
v 263.572784 102.573692 -113.442940
v 262.930939 102.575211 -112.391350
v 263.215363 102.671867 -114.007652
v 263.357971 102.656471 -116.279419
v 263.380554 102.682739 -119.429840
v 263.511414 102.595802 -119.426155
v 263.052887 102.617989 -119.460960
v 262.902222 102.507195 -120.008865
v 263.319122 102.534637 -120.903259
v 262.813904 102.443893 -121.207367
v 263.119690 102.527702 -120.879936
v 263.548096 102.532532 -120.933556
v 263.101379 102.608177 -121.180496
v 263.641998 102.561310 -121.200661
v 261.737122 102.285690 -101.202362
v 259.979736 102.502998 -101.491875
v 261.524750 102.303596 -101.583153
v 262.948639 102.501694 -115.588631
v 263.845978 102.432693 -119.859383
v 263.228210 102.662270 -118.969887
v 263.401947 102.427994 -119.436455
v 263.565216 102.389572 -120.004288
v 263.312439 102.449081 -119.866638
v 263.082275 102.379494 -121.408203
v 258.444336 101.715050 -100.482246
v 264.556244 102.534622 -101.407562
v 264.567841 102.518776 -101.386902
v 264.553253 102.109520 -101.491821
v 263.763763 102.375946 -118.274750
v 264.558105 102.504730 -101.399750
v 263.706024 102.384789 -119.538651
v 263.786499 102.481949 -121.250000
v 263.392151 102.347397 -120.611855
v 264.598511 102.338020 -101.203636
v 264.496735 102.360718 -101.331032
v 264.484558 102.186729 -101.337967
v 264.576996 102.499664 -101.384018
v 261.744720 102.373169 -101.474449
v 261.537628 102.364693 -101.472862
v 261.011230 101.746407 -101.463120
v 264.407196 102.101051 -101.468056
v 264.655060 101.519569 -106.745193
v 263.887726 102.124252 -115.242088
v 263.761536 102.338768 -117.137123
v 262.795624 102.306496 -118.964775
v 263.805237 102.257278 -118.836800
v 263.542694 102.342300 -119.621788
v 263.037109 102.467407 -119.708275
v 262.816925 102.289322 -119.763145
v 263.068726 102.351021 -119.988060
v 262.218994 102.070641 -101.425423
v 261.737122 101.117577 -110.550148
v 263.791351 102.279869 -118.675690
v 263.413300 102.250687 -119.570290
v 263.149811 102.261040 -119.722328
v 263.417908 102.361832 -119.845154
v 263.173828 102.390823 -121.118401
v 263.396149 102.202652 -121.408264
v 267.530396 101.341278 -100.428024
v 264.525146 102.181694 -101.166145
v 265.011017 102.035782 -101.394638
v 264.250641 101.770348 -110.020691
v 263.793579 102.312180 -117.596832
v 264.461456 101.358788 -119.424706
v 263.835754 102.301819 -119.497330
v 263.240112 102.175247 -119.878799
v 263.127228 102.225082 -120.762962
v 263.360352 102.388420 -121.214684
v 263.210327 102.277977 -120.974953
v 263.521454 102.388504 -121.162880
v 263.002777 102.346382 -121.209953
v 262.626831 102.053360 -121.475624
v 261.381348 102.043579 -101.198837
v 261.512177 101.899529 -101.485970
v 264.220337 101.814301 -115.133720
v 263.780640 102.235176 -117.282570
v 263.799530 102.227539 -118.202469
v 263.852448 102.179329 -118.304352
v 263.766479 102.220734 -118.502457
v 263.780853 102.196358 -119.584854
v 263.713379 102.341988 -119.826675
v 263.823883 102.248344 -119.787796
v 263.378540 102.179443 -119.866837
v 263.291992 102.213066 -120.645996
v 263.650452 102.325531 -120.875092
v 263.723724 102.354370 -121.166206
v 262.909393 102.355095 -120.943291
v 262.952332 102.238274 -121.119507
v 263.318787 102.166084 -121.057083
v 262.832428 102.243210 -121.205421
v 263.611511 102.275330 -121.131935
v 264.979858 102.018517 -101.164818
v 261.568512 102.157463 -101.324669
v 264.675568 101.255768 -106.500168
v 261.385437 100.800713 -103.884628
v 263.806366 102.210403 -117.045166
v 263.843018 102.186531 -119.230644
v 262.774506 102.180969 -119.579018
v 263.833069 102.211288 -119.413101
v 263.394836 101.999565 -119.620369
v 263.584045 102.172600 -119.629128
v 263.629089 102.203079 -119.783981
v 263.702667 102.225052 -120.858589
v 262.999176 102.161270 -120.826355
v 263.754059 102.195641 -121.008720
v 263.206421 102.167465 -120.996658
v 263.795105 102.174530 -121.120415
v 263.256561 101.970200 -121.301590
v 262.888214 102.011307 -121.371239
v 263.756378 101.925591 -121.450462
v 263.043457 101.888870 -121.573753
v 265.022064 101.862480 -101.513062
v 264.855774 101.972420 -101.405441
v 260.630402 99.249924 -108.754517
v 263.776978 102.186203 -117.108124
v 263.819977 102.102875 -117.141617
v 263.766937 102.174416 -117.118332
v 263.705688 102.066063 -117.114563
v 263.645813 102.156380 -117.280258
v 263.847076 102.145828 -118.619156
v 263.750549 102.190819 -119.446304
v 263.714355 102.185577 -119.442314
v 263.703339 102.184113 -119.441574
v 263.789276 102.187569 -119.459503
v 263.735382 102.186462 -119.445999
v 264.261261 101.806946 -120.285179
v 262.315430 101.831238 -120.047279
v 263.755219 102.182541 -120.717445
v 263.662048 102.174072 -120.758720
v 262.283173 101.862785 -120.574944
v 262.852997 102.234589 -120.805313
v 263.627136 102.186287 -120.969994
v 262.266632 101.678810 -121.260704
v 265.096893 101.591446 -101.046768
v 261.633545 101.616364 -101.497238
v 262.336548 102.135735 -102.769882
v 262.001770 101.268303 -110.627716
v 263.805573 102.167068 -117.077606
v 263.680237 102.107651 -118.229248
v 263.643524 102.009995 -118.245148
v 263.674469 102.076775 -118.498383
v 263.846649 102.111885 -118.528305
v 263.686401 102.182716 -119.440063
v 262.813965 102.191345 -119.683891
v 262.825562 102.227524 -120.341652
v 262.980316 102.138924 -120.273567
v 262.729248 102.063896 -120.245773
v 262.945862 102.093796 -120.368713
v 262.968231 102.155548 -120.428841
v 262.784698 102.169136 -120.420555
v 263.764954 102.209930 -120.511108
v 263.485199 102.170700 -120.555939
v 263.598480 102.054428 -121.227959
v 261.473785 101.657440 -101.188416
v 263.874176 101.970436 -117.236366
v 263.664368 102.086929 -118.224670
v 263.655487 102.075203 -118.229485
v 263.606506 101.702881 -118.693466
v 263.922302 101.993431 -118.675270
v 263.935730 102.026482 -119.953857
v 263.015228 102.058212 -119.672264
v 262.828125 102.111908 -119.636551
v 262.940216 102.077850 -119.654373
v 262.863495 102.009621 -119.763672
v 263.764130 102.184593 -119.851456
v 262.739014 102.121513 -119.806328
v 263.583099 102.149101 -119.884514
v 262.890076 102.162941 -119.936440
v 263.504089 102.008995 -119.788353
v 263.657562 102.189690 -120.066925
v 263.872559 102.167290 -120.102623
v 263.686615 102.009499 -119.936134
v 263.453583 102.164810 -120.249306
v 262.774658 102.102676 -120.146629
v 262.767914 102.031456 -120.035385
v 263.016663 102.094215 -120.187836
v 262.925354 102.063576 -120.147331
v 263.888428 102.086502 -120.637329
v 263.118744 102.071556 -120.471970
v 263.642792 102.075226 -120.628761
v 263.875244 102.111450 -120.739342
v 263.793732 102.106377 -120.813225
v 263.757416 102.106323 -120.809311
v 263.423431 102.026527 -120.879494
v 263.884735 102.153534 -120.877235
v 263.251862 102.104713 -120.835495
v 264.075562 102.017601 -121.307762
v 263.905853 102.083565 -121.177361
v 261.523712 101.791328 -101.103455
v 262.270844 102.048248 -102.659859
v 262.302429 102.090057 -102.714005
v 263.925354 101.950035 -117.270302
v 263.926788 101.986992 -118.214310
v 263.594208 101.739662 -118.223503
v 262.887787 102.068916 -119.629433
v 262.952209 102.086136 -119.653046
v 262.923706 102.077927 -119.644989
v 262.954926 102.025543 -120.011627
v 262.652771 102.052727 -120.135803
v 263.364563 102.003288 -120.235062
v 263.008667 102.061981 -120.071587
v 262.968933 101.975906 -120.215179
v 262.996857 102.038826 -120.355576
v 262.956940 101.968544 -120.383881
v 263.994751 101.917656 -120.483643
v 263.412567 102.014153 -120.636360
v 263.843994 101.961388 -120.647285
v 263.122803 102.009102 -120.737785
v 263.878357 102.049438 -120.816643
v 263.748169 102.037910 -120.819611
v 263.851868 102.043755 -120.823219
v 263.944458 102.002815 -120.760201
v 263.789734 102.003845 -121.152168
v 261.318878 101.586563 -101.582718
v 261.045197 100.254990 -102.418022
v 263.898041 101.993088 -117.089912
v 263.913483 102.007179 -118.469521
v 262.854279 102.079605 -119.635971
v 262.842804 102.088982 -119.633133
v 262.733765 101.989151 -120.199982
v 263.890167 102.021317 -120.227631
v 263.820343 102.005730 -120.217354
v 263.772644 102.000443 -120.214096
v 263.737305 101.998528 -120.210938
v 262.720490 102.035812 -120.221245
v 262.605682 101.978798 -120.334190
v 262.755676 101.976013 -120.379982
v 262.445679 101.770477 -120.785278
v 263.812195 102.009079 -120.822021
v 263.781403 102.004921 -120.820969
v 262.495300 101.790894 -121.183945
v 262.663025 101.786659 -121.413712
v 264.978943 101.621796 -101.103745
v 261.230072 101.705605 -101.353226
v 262.221344 101.972748 -102.700272
v 262.245422 102.009460 -102.678162
v 263.801361 101.677094 -118.223763
v 263.766266 101.767731 -118.484344
v 264.030426 101.837959 -120.070450
v 263.914581 102.000687 -120.200127
v 263.890198 102.009819 -120.214119
v 262.513977 101.841080 -120.153542
v 263.867767 102.008369 -120.215324
v 262.739899 101.992188 -120.229774
v 263.831299 102.008003 -120.219360
v 263.793488 102.002190 -120.215591
v 262.894562 101.934425 -120.360962
v 263.755859 102.000511 -120.823112
v 263.865295 101.970329 -121.271988
v 263.482452 101.845497 -121.322250
v 265.316101 101.679222 -101.358665
v 264.880249 101.753021 -101.293625
v 261.796082 101.695534 -101.585236
v 263.780762 101.678970 -117.114029
v 263.652893 101.678772 -117.352089
v 262.441711 101.739708 -119.838867
v 263.166626 102.004021 -120.017479
v 262.732361 101.555145 -120.389130
v 263.633240 101.724640 -120.631981
v 262.484528 101.802467 -120.562431
v 263.756958 101.920250 -120.825111
v 264.084106 101.731239 -121.064285
v 263.614227 101.724480 -121.211288
v 263.081848 101.897392 -121.447365
v 265.532501 101.085114 -101.099762
v 261.266815 101.666435 -101.206535
v 261.759644 101.529205 -101.411903
v 265.262024 101.560432 -101.541977
v 262.240784 101.868561 -105.201752
v 262.253113 101.885971 -105.309425
v 263.761597 101.681313 -117.094589
v 263.825012 101.662125 -118.703514
v 264.359924 101.578209 -120.156624
v 264.036407 101.755821 -120.265961
v 262.072266 101.723328 -120.241577
v 263.824799 101.791878 -120.214798
v 263.618835 101.744026 -120.224060
v 262.778168 101.392754 -120.244934
v 262.962555 101.420799 -120.384171
v 263.814331 101.768837 -120.355347
v 263.644653 101.826752 -120.410316
v 262.809784 101.789185 -120.545601
v 264.060974 101.756325 -120.620361
v 262.228271 101.717155 -121.018196
v 263.690979 101.851395 -120.846184
v 264.033997 101.724426 -121.262413
v 263.699371 101.801682 -121.143600
v 263.786652 101.673683 -117.321564
v 263.764801 101.703949 -118.020676
v 264.185303 101.575104 -118.642937
v 264.118256 101.663345 -119.521530
v 264.078003 101.766846 -119.869766
v 263.836792 101.725708 -119.917404
v 263.610046 101.714767 -119.968956
v 263.830505 101.659348 -120.047226
v 262.218689 101.645737 -120.046692
v 262.557465 101.794945 -120.308578
v 262.411835 101.672577 -120.367874
v 262.925293 101.769020 -120.634384
v 262.051697 101.661140 -120.888596
v 264.302917 101.726242 -121.128075
v 262.183014 101.147804 -121.720123
v 264.835846 101.394554 -101.491615
v 261.442169 100.565384 -105.451302
v 262.247437 101.878113 -105.255257
v 263.656708 101.637566 -118.652405
v 263.705048 101.768379 -119.295494
v 263.784271 101.667229 -119.155350
v 263.746277 101.760666 -119.432457
v 262.723297 101.575905 -120.050674
v 264.056885 101.660416 -120.099365
v 262.732117 101.585327 -120.211952
v 264.046753 101.731003 -120.401573
v 263.790649 101.732758 -120.580467
v 262.749420 101.650970 -120.646248
v 263.834320 101.593132 -120.714516
v 264.129700 101.691040 -120.880936
v 263.897186 101.590179 -121.396454
v 263.119934 101.751144 -121.251190
v 262.897644 101.635674 -121.245476
v 263.139069 101.765991 -121.344162
v 264.297424 101.532181 -121.463638
v 263.004669 101.736786 -121.380394
v 263.391968 101.592499 -121.476830
v 267.540100 100.341988 -101.315605
v 260.449860 100.935150 -101.547897
v 263.682281 101.713707 -117.128555
v 264.505798 100.966103 -117.974640
v 263.636017 101.653168 -118.030220
v 264.171051 101.573868 -119.349281
v 263.646027 101.664581 -119.196243
v 263.804047 101.633850 -119.264961
v 263.649261 101.655861 -119.512718
v 264.150421 101.665833 -119.654068
v 262.444153 101.651680 -119.901581
v 264.004303 101.654167 -120.020363
v 262.431854 101.631195 -119.903885
v 262.548279 101.654732 -119.996300
v 263.632477 101.626823 -120.770065
v 262.607178 101.616493 -120.731369
v 263.607056 101.589340 -120.925499
v 263.812897 101.555573 -120.911201
v 262.436554 101.718758 -121.024796
v 263.224091 101.692459 -121.330475
v 263.169830 101.712219 -121.326309
v 263.146698 101.732773 -121.344658
v 263.112091 101.751648 -121.347664
v 258.429352 101.682198 -100.451324
v 263.688171 101.719414 -117.110970
v 263.630402 101.646904 -117.282066
v 263.704773 101.673050 -118.784531
v 263.678192 101.648460 -118.880035
v 263.695648 101.648521 -118.913597
v 263.776550 101.662376 -119.607849
v 264.138092 101.636383 -119.773521
v 263.896027 101.646088 -119.863815
v 263.979370 101.617989 -119.857338
v 263.857635 101.637634 -120.133156
v 263.878815 101.654343 -120.287514
v 264.587769 101.580788 -120.249069
v 262.693787 101.561615 -120.377747
v 263.946808 101.569466 -120.489098
v 263.613647 101.604881 -120.507210
v 264.029205 101.530960 -120.712646
v 264.529602 101.613701 -121.154335
v 263.976898 101.595329 -120.980301
v 262.954865 101.624847 -121.080612
v 262.547028 101.618065 -120.994934
v 262.395447 101.533623 -121.078690
v 263.971649 101.578598 -121.165405
v 262.554810 101.581787 -121.154831
v 263.807281 101.422775 -121.387993
v 263.166656 101.694717 -121.335457
v 263.163025 101.706345 -121.334702
v 263.154083 101.705231 -121.341461
v 263.492737 101.397438 -121.385315
v 262.080017 101.204887 -121.463837
v 263.778442 101.472191 -121.589912
v 258.429291 101.640625 -100.449287
v 258.432770 101.663208 -100.451439
v 258.412567 100.869049 -100.446770
v 258.431152 99.560593 -100.829170
v 260.741852 101.256210 -101.143494
v 265.932861 100.648720 -101.320961
v 262.265411 101.490051 -119.592392
v 263.681885 101.698997 -117.111755
v 263.692322 101.697350 -117.115936
v 263.743835 101.642563 -117.524422
v 263.769318 101.641266 -118.026840
v 264.207031 101.463844 -118.993416
v 264.248169 101.363235 -119.588974
v 262.372101 101.624474 -119.788246
v 263.642365 101.601357 -119.887573
v 262.436890 101.642235 -119.869171
v 263.859192 101.590584 -120.043907
v 262.507904 101.594803 -119.920898
v 262.917206 101.326462 -120.213585
v 262.619965 101.575760 -120.450233
v 262.949493 101.409882 -120.530373
v 264.619446 101.516769 -120.873352
v 264.155548 101.614754 -120.763268
v 262.457764 101.656570 -120.869034
v 263.057312 101.576637 -121.102104
v 262.268616 101.586250 -120.845078
v 264.345673 101.492996 -121.211258
v 263.129364 101.571289 -121.243019
v 262.586487 101.549843 -121.287628
v 263.620605 101.368721 -121.411118
v 262.877655 101.581085 -121.412903
v 267.557556 100.971252 -101.144997
v 261.458435 101.258400 -101.556061
v 265.644073 99.039963 -116.691193
v 264.178406 101.529099 -118.733627
v 263.685577 101.647308 -118.852341
v 263.686981 101.645523 -118.887039
v 263.976959 101.561760 -119.690804
v 263.780334 101.600250 -119.897354
v 262.469330 101.628113 -119.849152
v 262.420135 101.466393 -119.850891
v 263.955902 101.591339 -119.895966
v 264.188751 101.520370 -119.943649
v 262.869049 101.510269 -120.050209
v 263.911499 101.619209 -120.062782
v 262.632050 101.618088 -120.173782
v 262.247528 101.590302 -120.148262
v 262.252258 101.540451 -120.393837
v 264.220825 101.520157 -120.391747
v 264.325378 101.636772 -120.460014
v 264.194366 101.642410 -120.435081
v 262.656097 101.456497 -120.628403
v 264.400574 101.548576 -120.805695
v 262.472015 101.613152 -120.867317
v 262.461304 101.633812 -120.868050
v 264.206024 101.555511 -121.062431
v 263.520050 101.495300 -121.162331
v 264.014893 101.549194 -121.259613
v 263.165588 101.674843 -121.342461
v 262.616028 101.503609 -121.402969
v 261.377747 101.455048 -101.215134
v 265.095428 101.190742 -101.329109
v 260.627197 101.101219 -101.382362
v 265.538513 101.112762 -101.457939
v 264.232422 101.419090 -119.453926
v 262.416656 101.498512 -119.961983
v 264.002289 101.511749 -120.042870
v 263.929169 101.578384 -120.061165
v 264.194458 101.598251 -120.106911
v 262.681152 101.522606 -120.254173
v 262.835419 101.267097 -120.371407
v 264.229431 101.516136 -120.402191
v 264.160736 101.497757 -120.766403
v 262.681458 101.484695 -120.576744
v 262.662537 101.570908 -120.574707
v 262.723480 101.566475 -120.594368
v 263.644836 101.511292 -120.857574
v 264.196198 101.519264 -120.893936
v 262.397491 101.497490 -120.973206
v 262.952484 101.143700 -121.101593
v 262.462280 101.480949 -121.064514
v 264.122772 101.440880 -121.156357
v 262.958374 101.542313 -121.204910
v 263.206696 101.556839 -121.361702
v 263.577515 101.297127 -121.712509
v 261.561646 101.475395 -101.352303
v 258.304565 100.064873 -101.239067
v 261.405731 101.314430 -101.447426
v 265.111786 101.228088 -101.486153
v 261.410126 101.006500 -101.389824
v 264.238525 101.447456 -118.641563
v 264.175354 101.458084 -119.169571
v 264.015625 101.095627 -119.372635
v 262.519745 101.441841 -119.697144
v 262.364410 101.493126 -119.690674
v 262.359406 101.502701 -119.746902
v 263.734406 101.482773 -119.861908
v 263.982117 101.095474 -119.881401
v 263.938782 101.529648 -120.066315
v 262.589813 101.455505 -120.057312
v 263.633759 101.315025 -120.063911
v 264.014893 101.448235 -120.294128
v 263.629242 101.394691 -120.582428
v 262.667908 101.520981 -120.596352
v 264.079224 101.519318 -120.567657
v 262.765381 101.352768 -120.659431
v 262.916046 101.308121 -120.651924
v 262.213867 101.407959 -120.868324
v 262.472809 101.489159 -120.782867
v 264.203064 101.272736 -120.961853
v 263.085785 101.164192 -121.076775
v 262.407135 101.535645 -121.248131
v 262.484680 101.504639 -121.126877
v 264.175598 101.550652 -121.302597
v 263.944763 101.450027 -121.349838
v 263.914886 101.473953 -121.386658
v 263.260773 101.459518 -121.536606
v 262.950531 101.473419 -121.476929
v 260.830841 101.247299 -101.459579
v 261.222900 101.222267 -101.647827
v 261.379913 101.108215 -101.637169
v 264.132019 101.441139 -118.670578
v 264.183075 101.462830 -118.821655
v 264.164276 101.462532 -118.789719
v 264.161896 101.461723 -118.851830
v 264.193970 101.457741 -118.917496
v 264.192993 101.458168 -118.947548
v 264.193939 101.458244 -118.976341
v 264.191528 101.458633 -119.033287
v 264.193115 101.458321 -119.048538
v 264.191895 101.457558 -119.098953
v 264.239044 101.420624 -119.171585
v 264.198425 101.410110 -119.183640
v 264.239471 101.414177 -119.340530
v 264.182281 101.324684 -119.544342
v 262.403198 101.433876 -119.702637
v 262.404846 101.459183 -119.735565
v 262.503571 101.140076 -119.706749
v 262.284760 101.444313 -119.865250
v 262.633972 101.000496 -119.881607
v 262.567474 101.474846 -120.181282
v 262.631500 101.427925 -120.219307
v 262.381653 101.369316 -120.291222
v 262.691101 101.494148 -120.392258
v 262.772430 101.408287 -120.438416
v 263.808014 101.314407 -120.551712
v 262.476654 101.447357 -120.721489
v 262.427521 101.408401 -120.692238
v 262.509705 101.452682 -120.724014
v 262.476349 101.459595 -120.783302
v 262.442932 101.464043 -120.811813
v 264.165527 101.378418 -121.041046
v 262.492767 101.473022 -121.099663
v 263.703827 101.276726 -121.281944
v 263.502319 101.203468 -121.264153
v 262.344025 101.375084 -121.238350
v 262.356445 101.308365 -121.358261
v 262.462708 101.466171 -121.383934
v 262.654480 101.388687 -121.506325
v 261.469208 101.325615 -101.260414
v 264.184357 101.461090 -118.710823
v 264.152863 101.367355 -118.678368
v 263.983734 101.380974 -118.689865
v 264.183777 101.457634 -118.860504
v 264.194122 101.457764 -118.959618
v 264.192230 101.458298 -118.994415
v 264.191833 101.457397 -119.080162
v 263.970337 101.404495 -119.194656
v 262.086182 101.158180 -119.822716
v 263.984833 100.953262 -119.682823
v 264.197235 101.239899 -119.854309
v 264.192322 101.240250 -120.000610
v 262.452240 101.351547 -119.898453
v 264.029114 101.131210 -120.097244
v 262.406006 101.349815 -120.193848
v 264.180817 101.356277 -120.293633
v 262.643341 101.370491 -120.222504
v 264.464508 101.309387 -120.336609
v 262.554657 101.376968 -120.384193
v 262.661377 101.444023 -120.409271
v 264.194305 101.225571 -120.486206
v 264.201233 101.410492 -120.690506
v 263.962921 101.170914 -120.748009
v 262.480896 101.421944 -120.781219
v 262.460999 101.421730 -120.760727
v 262.385956 101.336227 -120.855354
v 262.538177 101.408653 -121.087845
v 262.532928 101.418427 -121.090157
v 262.416870 101.401291 -121.108910
v 263.126526 101.220032 -121.280403
v 264.204102 101.304100 -121.298660
v 263.987793 101.275444 -121.311790
v 262.948242 101.290604 -121.324600
v 263.939819 101.352928 -121.387794
v 262.387177 101.331650 -121.480476
v 258.230988 99.935287 -101.151741
v 260.642792 101.015121 -101.198517
v 264.485931 100.974983 -118.461700
v 263.976074 101.228188 -119.165810
v 264.194153 101.300293 -119.711548
v 262.403046 101.384445 -119.908165
v 263.813629 101.317772 -120.089081
v 262.367767 101.375473 -119.944130
v 262.436584 101.329384 -120.048286
v 264.484833 101.269653 -120.857819
v 262.912506 101.091858 -121.218658
v 263.275940 101.219780 -121.315140
v 263.907928 101.381058 -121.385086
v 261.364990 101.166870 -101.362251
v 265.215607 101.335243 -101.319984
v 265.362305 101.287109 -101.393112
v 264.478912 100.978760 -118.890060
v 264.142883 101.244141 -119.162109
v 262.443329 101.069679 -119.883911
v 264.175446 101.179428 -120.058739
v 262.657349 101.299858 -120.216797
v 264.177856 101.137421 -120.578041
v 264.025726 101.373871 -120.991394
v 264.044128 101.362038 -120.996063
v 262.555695 101.400970 -121.088043
v 262.516083 101.408821 -121.090271
v 263.701080 101.229996 -121.619461
v 267.586517 99.074646 -100.761536
v 258.311676 99.089981 -101.483574
v 264.574799 100.771698 -117.941864
v 264.493500 100.907211 -118.663635
v 263.985504 101.049850 -119.736511
v 264.103607 101.289253 -119.901817
v 262.286652 101.309471 -120.074341
v 264.199646 101.182831 -120.492958
v 264.031403 101.357971 -120.992584
v 263.369324 101.207825 -121.427063
v 262.599548 100.970024 -121.499222
v 263.250000 101.186966 -121.605576
v 265.486816 101.083763 -101.266693
v 265.501770 101.171661 -101.335648
v 261.089813 100.913383 -101.496201
v 260.755798 99.344925 -114.853859
v 264.480377 100.999100 -119.173927
v 264.054626 101.005272 -119.521431
v 264.458984 101.055779 -119.798866
v 264.190063 101.219772 -119.905273
v 264.137695 101.083595 -119.922104
v 263.965454 101.084930 -120.023636
v 264.392639 101.136635 -120.063095
v 262.086243 101.021065 -120.819351
v 264.210571 101.221764 -120.869026
v 263.121887 101.230453 -121.084328
v 262.173218 101.092804 -121.345253
v 263.759857 101.033485 -121.369972
v 262.210144 101.154350 -121.470459
v 264.265839 101.283806 -121.377670
v 263.916840 101.059471 -121.431877
v 262.424072 100.978722 -121.541817
v 262.833710 101.112556 -121.618729
v 265.386749 101.036583 -101.284904
v 265.373535 101.060997 -101.412285
v 265.575592 99.525627 -111.249382
v 264.212250 101.211456 -119.924942
v 262.569305 100.976562 -120.200066
v 264.283203 101.221886 -120.822037
v 262.592743 101.001694 -120.223557
v 263.983704 101.125237 -120.573906
v 264.193390 101.189117 -120.759735
v 264.157013 101.128998 -120.820610
v 263.966187 101.146919 -120.935539
v 264.177612 101.155319 -121.004677
v 263.114014 101.210258 -121.081238
v 264.424347 101.090004 -121.041969
v 261.771362 100.763123 -121.378212
v 263.984161 101.027817 -121.318130
v 264.368073 101.022774 -121.462051
v 264.175018 101.058472 -121.385635
v 262.966309 101.063667 -121.537262
v 263.128723 101.079323 -121.418732
v 261.956909 100.809669 -121.503113
v 264.153168 100.950478 -119.746254
v 264.159027 101.112869 -119.866653
v 262.621307 101.146935 -120.213287
v 262.625549 101.168594 -120.216576
v 264.116943 101.120560 -120.271240
v 263.120514 101.193283 -121.088448
v 264.216736 100.981674 -121.273941
v 263.447906 101.151375 -121.560593
v 260.645966 100.813477 -101.360588
v 261.219360 100.930275 -101.616257
v 264.423737 101.055328 -119.654099
v 262.618469 101.100006 -120.213509
v 264.436737 101.090408 -120.656410
v 264.451843 101.041252 -120.839462
v 262.092163 100.989700 -121.119560
v 263.952911 101.011139 -121.102051
v 263.216309 100.998932 -121.282188
v 263.520935 100.995377 -121.490585
v 263.319794 101.029823 -121.386528
v 263.463257 101.066719 -121.403130
v 263.202271 101.074013 -121.593582
v 267.540131 99.752289 -100.399605
v 261.089294 100.649765 -101.388512
v 264.492065 100.948059 -118.231010
v 263.958649 100.958023 -120.094070
v 264.188049 100.958282 -120.252701
v 264.477692 100.974625 -120.347084
v 264.181915 100.906586 -121.078209
v 262.063019 100.990753 -121.227264
v 262.264648 100.958664 -121.323624
v 264.515167 100.964500 -121.374672
v 263.013947 100.981567 -121.267311
v 262.933960 100.959007 -121.430832
v 263.277618 101.018097 -121.603523
v 263.120270 101.052101 -121.509460
v 262.628265 100.925362 -121.657417
v 265.453644 100.725807 -101.117340
v 260.620697 100.871552 -101.215775
v 265.920441 100.543678 -101.393196
v 265.021698 100.211548 -111.809395
v 265.189453 99.784180 -113.767746
v 264.853210 100.576843 -121.606491
v 264.438019 100.921661 -119.512917
v 264.302277 100.780914 -119.653183
v 264.364166 100.942596 -120.027138
v 264.537689 100.844284 -120.174248
v 264.382080 100.912079 -120.581978
v 264.363312 100.935211 -120.718224
v 264.413452 100.918480 -120.996193
v 262.076691 100.944695 -120.934258
v 263.484955 100.906418 -121.250763
v 263.315887 100.941345 -121.267776
v 263.459747 100.999176 -121.409332
v 263.815216 100.827766 -121.463097
v 263.570496 101.005707 -121.572273
v 261.826965 100.788055 -121.753395
v 265.760559 100.664604 -101.067001
v 258.199097 99.333298 -101.356285
v 265.456207 100.542816 -101.369438
v 259.904541 100.174973 -101.404610
v 265.259338 100.338531 -108.587082
v 264.560577 100.803635 -118.965836
v 264.421143 100.887596 -119.196892
v 264.361908 100.867706 -119.408806
v 261.822388 100.737381 -119.625748
v 264.090637 100.994720 -119.529106
v 264.046936 101.001541 -119.537575
v 264.551086 100.783493 -119.834923
v 264.323364 100.831268 -120.311928
v 262.044342 100.949287 -120.806946
v 263.965668 100.929817 -121.027435
v 263.755493 100.890289 -121.271736
v 264.099091 100.801910 -121.315567
v 263.067078 100.897675 -121.426445
v 262.240082 100.804436 -121.396561
v 264.206512 100.817825 -121.588524
v 263.298676 100.888512 -121.449944
v 263.527557 100.942818 -121.684677
v 262.981567 100.827202 -121.675865
v 265.616211 100.671227 -101.277794
v 265.690277 100.550728 -101.428040
v 265.319946 100.767426 -101.519745
v 260.340607 100.496803 -101.433090
v 264.341644 100.802650 -117.976463
v 264.320862 100.778770 -118.449081
v 264.333527 100.821342 -118.661545
v 264.111237 100.991875 -119.532089
v 264.100708 100.988037 -119.532066
v 264.079590 100.987907 -119.532074
v 264.557892 100.813271 -119.640427
v 264.367218 100.883896 -119.894745
v 264.565308 100.837639 -120.412407
v 264.544769 100.809715 -120.758537
v 264.329132 100.794769 -120.754807
v 264.566132 100.770256 -120.921455
v 262.249329 100.872780 -121.011261
v 262.271332 100.733696 -121.235794
v 264.188751 100.816452 -121.261627
v 264.511017 100.833946 -121.391380
v 263.779266 100.798134 -121.412743
v 263.138245 100.868431 -121.439796
v 263.888855 100.775940 -121.571846
v 262.250793 100.925354 -121.603470
v 263.227203 100.789703 -121.727684
v 264.842804 100.354301 -121.825302
v 267.642395 99.438156 -100.921638
v 265.698792 100.737297 -101.284447
v 260.569061 100.428078 -101.569313
v 260.978790 100.602280 -101.549393
v 264.561462 100.758522 -118.040710
v 264.319397 100.757973 -118.201332
v 264.557861 100.810226 -118.251045
v 264.587158 100.773079 -118.800110
v 264.331970 100.769409 -119.555389
v 261.896790 100.736107 -119.978386
v 264.317322 100.774445 -120.545921
v 264.596954 100.778992 -120.611244
v 262.150085 100.836647 -120.812149
v 262.005676 100.875816 -120.975288
v 264.328918 100.803017 -120.994507
v 264.505096 100.795479 -121.056694
v 264.360809 100.811455 -121.192352
v 263.162567 100.849503 -121.439308
v 263.677490 100.813690 -121.430824
v 263.422760 100.821449 -121.528198
v 263.330048 100.810143 -121.560822
v 262.405548 100.796135 -121.655609
v 264.547241 100.771469 -118.437584
v 264.318573 100.768562 -118.919640
v 264.547363 100.773323 -119.132118
v 264.328979 100.778633 -119.136490
v 264.534576 100.805023 -119.500313
v 264.610962 100.716713 -119.906555
v 264.352997 100.772575 -120.206375
v 262.150146 100.816238 -120.808403
v 262.158478 100.800674 -120.816124
v 262.134125 100.794151 -120.946129
v 262.112885 100.807747 -120.982483
v 262.239990 100.753510 -121.088928
v 262.109711 100.792976 -121.068550
v 262.006470 100.838692 -121.227531
v 264.311188 100.791656 -121.221596
v 264.067596 100.793861 -121.250458
v 263.466064 100.571106 -121.273849
v 264.603607 100.776649 -121.389969
v 263.259857 100.839043 -121.453407
v 263.187073 100.820366 -121.440758
v 262.612244 100.750130 -121.425743
v 262.420990 100.740013 -121.449036
v 262.630249 100.764435 -121.633942
v 263.513397 100.619858 -121.714363
v 263.694702 100.714264 -121.772530
v 264.419495 99.769363 -122.113144
v 267.512360 99.372971 -100.674477
v 267.570251 99.504005 -101.055481
v 264.544281 100.789703 -118.170097
v 264.561310 100.706947 -120.047768
v 264.550690 100.768951 -120.428978
v 264.562561 100.693207 -120.714218
v 262.255035 100.736504 -120.838959
v 262.068970 100.666626 -120.682068
v 264.540436 100.749901 -120.871712
v 262.146179 100.769920 -120.848587
v 262.118408 100.750168 -120.883896
v 262.125580 100.735657 -120.928665
v 261.817993 100.605263 -120.879921
v 263.654877 100.353951 -121.256691
v 262.130432 100.730133 -121.224075
v 262.021118 100.647865 -121.294472
v 263.252228 100.795876 -121.451180
v 263.144287 100.815254 -121.436638
v 263.187256 100.800079 -121.441483
v 263.204193 100.798218 -121.443932
v 263.089081 100.736938 -121.623093
v 262.084259 100.732140 -121.601723
v 263.301849 100.555176 -121.571236
v 262.962830 100.751114 -121.699570
v 260.467010 100.599884 -100.951630
v 260.348328 100.266411 -101.384056
v 265.557556 99.811012 -104.615517
v 264.857819 100.304245 -116.175217
v 264.337677 100.602249 -117.980019
v 264.555847 100.714378 -118.457443
v 264.589478 100.739677 -118.541847
v 261.724121 100.537834 -119.548019
v 264.587585 100.698181 -119.233208
v 264.563843 100.702827 -119.337532
v 261.862610 100.601013 -119.704399
v 264.310669 100.563728 -119.944771
v 264.617249 100.713524 -120.400192
v 262.256866 100.647751 -120.614037
v 262.078827 100.676048 -120.559517
v 261.853516 100.657753 -120.658806
v 264.523071 100.645813 -120.572075
v 264.629547 100.710472 -120.862167
v 264.558380 100.687187 -121.054741
v 264.357544 100.735893 -121.111046
v 262.103577 100.734444 -121.098854
v 264.562958 100.784988 -121.141190
v 263.263275 100.762894 -121.451614
v 263.316254 100.581680 -121.498001
v 264.539246 100.758385 -121.575172
v 264.102325 100.478241 -121.629593
v 262.282928 100.604858 -121.441917
v 263.067871 100.647095 -121.570175
v 262.365723 100.602554 -121.755730
v 262.267426 100.541977 -121.694817
v 262.654083 100.580666 -121.733765
v 267.484283 99.415871 -101.178459
v 265.713593 99.238075 -109.478798
v 265.151794 99.896339 -113.668587
v 264.483795 100.602745 -117.972946
v 264.489410 100.620354 -118.569427
v 264.607727 100.713890 -118.691719
v 264.313354 100.601242 -119.089859
v 264.562683 100.693916 -120.390373
v 264.648682 100.706505 -120.462845
v 264.560730 100.714371 -120.435799
v 264.558716 100.693016 -120.462311
v 264.502930 100.592155 -120.696625
v 264.307251 100.590332 -120.671738
v 262.056183 100.638557 -120.912186
v 264.634949 100.672745 -121.181633
v 264.304962 100.577843 -121.163506
v 264.562927 100.655930 -121.303520
v 263.797516 100.303215 -121.274368
v 264.625427 100.654633 -121.351562
v 264.594269 100.660538 -121.412354
v 264.579834 100.664291 -121.511925
v 264.320404 100.628105 -121.570061
v 264.532227 100.623787 -121.447929
v 264.556854 100.638954 -121.531570
v 263.807526 100.642815 -121.602303
v 263.611450 100.637802 -121.632538
v 263.472565 100.565094 -121.574600
v 263.192871 100.590736 -121.616196
v 262.929718 100.494843 -121.598358
v 263.209259 100.642242 -121.767082
v 260.143066 99.127876 -102.793869
v 264.806976 100.377434 -117.156364
v 264.625824 100.687225 -119.629173
v 264.529541 100.610413 -119.854492
v 264.306610 100.438835 -119.730598
v 264.491241 100.450424 -120.767365
v 264.202942 100.621475 -121.257072
v 264.535614 100.621452 -121.264145
v 261.877197 100.592987 -121.384995
v 264.609009 100.644150 -121.488045
v 264.552063 100.619110 -121.514938
v 263.594147 100.216446 -121.458336
v 264.674408 100.565819 -121.592850
v 258.396667 100.057945 -100.426041
v 265.734558 100.510429 -101.201118
v 261.019562 99.436836 -117.094475
v 264.831085 100.294205 -118.003349
v 264.814880 100.350471 -118.481308
v 264.451508 100.474220 -119.116272
v 264.797668 100.355988 -118.955780
v 264.804504 100.344933 -119.456787
v 261.886047 100.573181 -119.852608
v 261.732635 100.508621 -119.920441
v 264.502869 100.447433 -119.971397
v 261.763763 100.529770 -120.651649
v 264.802338 100.354210 -120.433174
v 264.806641 100.345894 -120.722855
v 264.314819 100.463280 -120.700775
v 262.093597 100.533859 -120.750641
v 262.258942 100.504692 -120.763237
v 261.760590 100.509499 -121.279121
v 264.417053 100.441887 -121.162292
v 262.073730 100.413963 -121.245377
v 262.263672 100.593216 -121.300041
v 264.348755 100.488930 -121.395348
v 262.001404 100.581886 -121.437073
v 263.834045 100.300583 -121.440453
v 263.269775 100.229546 -121.452126
v 263.757019 100.413872 -121.506165
v 262.934845 99.633430 -121.607857
v 263.911713 100.491646 -121.721825
v 262.900055 100.420029 -121.795578
v 264.304810 100.174812 -121.914230
v 266.029938 100.085686 -101.042656
v 260.835083 100.375961 -101.542114
v 264.815796 100.336349 -118.268707
v 264.349976 100.440369 -119.147591
v 264.517212 100.442207 -119.614838
v 261.739594 100.567459 -119.754700
v 261.746857 100.395706 -120.380638
v 261.620300 100.246361 -120.531776
v 262.273773 100.228874 -120.926651
v 264.318451 100.341385 -121.058372
v 264.805511 100.341049 -121.182701
v 261.860596 100.466202 -121.370567
v 264.509827 100.341957 -121.430267
v 262.219971 100.450500 -121.425125
v 263.433105 100.511116 -121.530792
v 263.369568 100.498970 -121.534515
v 263.789398 100.246300 -121.499657
v 261.895447 100.506157 -121.681511
v 262.039093 100.497658 -121.674660
v 263.266266 100.418808 -121.681358
v 260.166748 100.226883 -101.188194
v 259.955597 100.009766 -101.192329
v 260.604431 99.896812 -101.385338
v 261.030273 99.615845 -119.593384
v 261.892792 100.411476 -119.526573
v 261.704712 100.404137 -119.798630
v 261.724152 100.454643 -120.240379
v 262.267365 100.419731 -120.373520
v 262.115295 100.454445 -120.385757
v 264.473969 100.296906 -121.097710
v 262.165649 100.205032 -121.060158
v 264.502686 100.313797 -121.250191
v 264.092529 100.406837 -121.261688
v 264.416595 100.345551 -121.366661
v 263.469849 100.448593 -121.436920
v 264.223175 100.373375 -121.348000
v 262.002228 100.426331 -121.445221
v 261.920471 100.456169 -121.474594
v 264.212982 100.337067 -121.555161
v 263.408478 100.468018 -121.536224
v 267.614532 99.579376 -101.197853
v 266.644135 99.621307 -101.226936
v 265.780121 100.391731 -101.237549
v 258.332764 98.813393 -101.375435
v 266.471222 99.728966 -101.338539
v 265.660858 100.184357 -101.564934
v 261.624542 100.369041 -119.475655
v 264.834015 100.283783 -119.763489
v 261.686523 100.388031 -119.614563
v 264.790894 100.285431 -119.904510
v 264.790710 100.325508 -120.264587
v 262.265503 100.231628 -120.699913
v 262.130157 100.152184 -120.912315
v 261.686249 100.418274 -120.687813
v 264.290161 100.313858 -121.166336
v 261.952362 100.443481 -121.380661
v 264.513336 100.428085 -121.545692
v 263.424683 100.425575 -121.531433
v 263.452911 100.364700 -121.491936
v 261.877563 100.408073 -121.555832
v 264.806641 100.346680 -121.526772
v 263.491760 100.207130 -121.595924
v 263.245209 99.881088 -121.611244
v 262.283386 100.339111 -121.607445
v 263.140289 100.405113 -121.655136
v 263.132751 100.361526 -121.742195
v 260.501801 99.993988 -101.284874
v 264.829437 100.266083 -117.895332
v 261.845276 100.370323 -119.865257
v 261.675812 100.360115 -119.875008
v 261.714203 100.407341 -120.174995
v 261.781982 100.379227 -120.211311
v 261.680084 100.373428 -120.244972
v 260.813568 99.169556 -120.217140
v 262.159546 100.173080 -120.623161
v 261.825287 100.379509 -120.643906
v 262.130371 100.226242 -120.752800
v 264.794281 100.289536 -120.824463
v 263.673431 100.336189 -121.277885
v 261.954224 100.393700 -121.379349
v 262.424500 100.441971 -121.472481
v 261.893311 100.352585 -121.351250
v 262.040955 100.375618 -121.447548
v 263.691010 100.350975 -121.530876
v 262.564850 100.308586 -121.537506
v 263.609222 100.175476 -121.606384
v 261.748993 100.438164 -121.545525
v 264.506805 100.371246 -121.672264
v 263.832794 100.197319 -121.765442
v 262.440094 100.119438 -121.619339
v 261.951599 100.365196 -121.675354
v 262.610260 100.177162 -121.668335
v 263.597015 100.290489 -121.785439
v 262.979675 100.320480 -121.719696
v 265.351135 99.431290 -122.088501
v 258.278809 98.547653 -100.901291
v 260.474182 100.148621 -101.636353
v 265.197357 99.811028 -113.320190
v 264.855652 100.227989 -117.057251
v 264.821686 100.260887 -117.279404
v 264.814331 100.289299 -117.540283
v 264.842743 100.294662 -117.747719
v 264.816528 100.252800 -118.625732
v 264.756775 100.232246 -119.217201
v 261.779022 100.343536 -119.504692
v 261.932373 100.035881 -119.681740
v 261.830200 100.372383 -119.865082
v 261.869415 100.366966 -119.867661
v 264.835510 100.313065 -120.081619
v 261.818268 100.367638 -120.206238
v 261.796112 100.370445 -120.208160
v 264.680054 100.200089 -120.384041
v 264.744019 100.295540 -120.641235
v 261.807312 100.367783 -120.637177
v 261.701050 100.342339 -120.622063
v 261.840179 100.367493 -120.642136
v 261.670380 100.259644 -121.339119
v 262.007568 100.287048 -121.476944
v 264.824005 100.257370 -121.572838
v 264.292450 100.387787 -121.572929
v 261.660767 100.238510 -121.571220
v 264.611176 100.235069 -121.755623
v 261.696472 100.196686 -121.685196
v 263.472076 100.101807 -121.753143
v 262.385315 100.217522 -121.801170
v 261.988678 100.352684 -121.717964
v 265.780762 100.197792 -101.488968
v 265.733582 100.291435 -101.479462
v 265.740112 100.251816 -101.502693
v 265.739532 100.271919 -101.493950
v 260.641632 100.164734 -101.526245
v 264.870514 100.236710 -118.169983
v 264.760132 100.237450 -118.228180
v 261.347992 99.893784 -119.670921
v 264.682281 100.149658 -118.932304
v 264.697540 100.217911 -119.347267
v 264.795197 100.263786 -119.548088
v 261.634705 100.309364 -119.749474
v 264.661163 100.274742 -120.222710
v 262.168945 100.156212 -120.400673
v 261.867126 100.363075 -120.640427
v 261.855530 100.365021 -120.640747
v 261.826233 100.365349 -120.640648
v 261.779724 100.358429 -120.640213
v 264.656219 100.153435 -121.260727
v 264.715668 100.214256 -121.382217
v 261.833252 100.211639 -121.346672
v 261.661102 100.231064 -121.485397
v 261.977448 100.308594 -121.719582
v 261.980133 100.316505 -121.727043
v 265.772034 99.289627 -107.469734
v 260.224365 99.045898 -105.354149
v 261.036407 99.575386 -114.216377
v 264.720978 100.186180 -117.121857
v 264.868622 100.162071 -117.161797
v 264.669403 100.130531 -117.285065
v 264.741547 100.221832 -117.530228
v 264.717285 100.200378 -117.805504
v 264.686066 100.128586 -118.484169
v 264.852295 100.167480 -118.543587
v 264.804291 100.231071 -118.821014
v 264.896057 100.153244 -119.136490
v 264.754730 100.118797 -119.425491
v 261.785736 100.109787 -119.523315
v 261.749084 99.923691 -119.691986
v 264.668854 100.074226 -120.816780
v 263.676819 100.292831 -121.263885
v 264.437805 100.117325 -121.270233
v 261.794128 100.191170 -121.322235
v 261.862579 100.259758 -121.338371
v 264.321228 100.199898 -121.436577
v 262.254456 100.144905 -121.457924
v 264.525818 100.253448 -121.514481
v 262.204773 100.247116 -121.478104
v 264.241974 100.231934 -121.608673
v 264.286163 100.160416 -121.659721
v 263.835297 100.043762 -121.623398
v 264.459442 100.197678 -121.662415
v 263.266571 100.064476 -121.612457
v 262.260895 100.179665 -121.778152
v 262.034424 100.178307 -121.732712
v 261.945740 100.201820 -121.704872
v 261.970795 100.256577 -121.741142
v 262.916809 99.955559 -121.933266
v 262.664673 100.214363 -121.817200
v 266.115021 99.844849 -101.222824
v 266.139221 100.026863 -101.263420
v 260.243622 100.096367 -101.483345
v 264.737610 100.195770 -117.548248
v 264.644867 100.003204 -118.674278
v 264.903229 100.134064 -118.965378
v 264.690277 100.115211 -119.183968
v 264.886841 100.124756 -119.555695
v 264.736755 100.195938 -119.532990
v 264.902466 100.100586 -119.725777
v 264.679199 100.111229 -119.783493
v 264.656189 100.163086 -119.963501
v 264.884705 100.120338 -120.003204
v 264.902069 100.114853 -120.150566
v 264.880127 100.185333 -120.256409
v 264.657471 100.069954 -120.206070
v 264.867432 100.131027 -120.443665
v 264.928131 100.041267 -120.609322
v 264.652405 99.967827 -120.665390
v 261.824615 100.035530 -120.638458
v 264.892395 100.103516 -120.883469
v 264.884247 100.148247 -121.153084
v 263.672516 100.274544 -121.260696
v 263.699890 100.265694 -121.263687
v 261.852814 100.228783 -121.332901
v 261.860840 100.215721 -121.335167
v 264.670502 100.117393 -121.453217
v 264.462158 100.137787 -121.453773
v 264.332367 100.244904 -121.537804
v 262.226959 100.210930 -121.540245
v 262.108154 100.116547 -121.466454
v 264.334686 100.212822 -121.566422
v 262.265106 99.996025 -121.604767
v 262.149597 100.172714 -121.577995
v 263.150116 99.816956 -121.596619
v 263.102722 100.225266 -121.641563
v 261.981750 100.017868 -121.672173
v 263.952057 99.993622 -121.927338
v 263.507904 100.071609 -121.882401
v 261.991364 100.175247 -121.850235
v 264.944977 100.090424 -117.076401
v 264.935974 100.075645 -117.345009
v 264.716705 100.154221 -117.544640
v 264.723785 100.175613 -117.546127
v 264.908600 100.115013 -117.573647
v 264.892029 100.080528 -117.824821
v 264.669342 100.094734 -117.986893
v 264.898987 100.073837 -118.323799
v 264.739563 100.069450 -118.802849
v 264.869049 100.081062 -119.282692
v 264.722961 100.165932 -119.525414
v 261.899445 100.141052 -119.529907
v 264.727142 100.185646 -119.530212
v 261.430725 100.045891 -119.735794
v 264.902344 100.118134 -119.910751
v 264.891022 100.085373 -120.732216
v 261.837708 100.200516 -121.327850
v 264.643158 100.184509 -121.429398
v 261.794952 100.182289 -121.491425
v 264.958069 99.977203 -121.414436
v 264.376251 100.208832 -121.560295
v 262.223602 100.159218 -121.541229
v 261.690857 100.201057 -121.817505
v 260.979462 99.399506 -122.181015
v 263.680542 100.174934 -121.783592
v 263.257721 100.116997 -121.825249
v 264.843536 100.005074 -117.498032
v 264.711334 100.129593 -117.541672
v 264.913879 100.090515 -117.701614
v 264.910034 100.085678 -117.936119
v 264.860229 100.074013 -118.066734
v 264.680603 100.047043 -118.159149
v 264.664490 100.065918 -118.337128
v 264.884766 100.059937 -118.603104
v 264.882080 100.107834 -118.793022
v 264.683014 100.055252 -119.070557
v 261.888092 100.121964 -119.525124
v 261.896240 100.104317 -119.531380
v 264.656799 100.046669 -119.605186
v 261.897461 100.001404 -119.897598
v 264.854919 100.120544 -119.832680
v 261.748810 100.074745 -119.869965
v 264.666199 99.994255 -119.890274
v 261.757538 100.073517 -119.877083
v 264.680695 100.063263 -120.073639
v 261.348541 99.834305 -121.725029
v 264.919312 100.128342 -121.352821
v 264.637695 100.136902 -121.441612
v 262.626892 100.018433 -121.448250
v 261.803864 100.144684 -121.478050
v 262.589996 100.129204 -121.547882
v 262.536011 100.100456 -121.540863
v 264.676514 100.026764 -121.615196
v 262.046509 100.013840 -121.627747
v 261.971130 99.870605 -121.930649
v 266.065247 99.848068 -101.070129
v 259.303558 99.245033 -101.364861
v 260.481201 99.890114 -101.423355
v 266.015045 99.601784 -101.569199
v 260.504761 99.134186 -106.947891
v 265.170135 99.739746 -116.604828
v 264.901611 100.084061 -117.260437
v 264.844696 99.958794 -117.364510
v 264.743225 100.073204 -117.368454
v 264.678680 99.937775 -117.536491
v 264.682983 100.058533 -117.694054
v 264.888031 100.047585 -118.564301
v 264.649231 99.950439 -119.282303
v 261.867126 100.035301 -119.530388
v 261.871582 100.046745 -119.535446
v 261.759399 99.972565 -119.538795
v 261.713379 99.929749 -119.873062
v 261.747345 100.063286 -119.870529
v 261.764801 99.982391 -120.005562
v 261.816040 100.030182 -120.212776
v 264.905731 100.021957 -120.339989
v 264.878815 99.987007 -120.243973
v 264.685791 99.918648 -120.350723
v 261.921265 99.983650 -120.307899
v 261.714508 99.943810 -120.304192
v 261.735809 99.950294 -120.686272
v 261.828247 100.057434 -120.883926
v 261.910522 99.993027 -120.997917
v 261.764008 100.045128 -121.129509
v 261.889099 100.023911 -121.228485
v 264.647705 99.073097 -121.258179
v 261.724854 99.963234 -121.378220
v 263.817444 99.800377 -121.451988
v 261.874268 99.990044 -121.394279
v 262.568817 100.066742 -121.547104
v 262.535126 99.747879 -121.464966
v 264.901764 100.024002 -121.589798
v 263.625671 99.958015 -121.617737
v 263.423340 100.010811 -121.636192
v 261.932251 99.716515 -121.706070
v 264.250244 99.864746 -121.943031
v 261.738708 99.787582 -121.696587
v 262.238068 99.886742 -121.869331
v 260.122314 99.953461 -101.282791
v 260.374969 100.019440 -101.390503
v 259.939911 99.859108 -101.440865
v 265.465881 99.959908 -108.991974
v 265.821075 99.181740 -110.141502
v 265.208893 99.675102 -115.579567
v 264.732330 99.880432 -117.116394
v 264.742828 100.030624 -117.411911
v 264.738434 100.046509 -117.455154
v 264.679749 99.904442 -117.967506
v 264.953888 100.060165 -118.548599
v 264.936829 100.053635 -118.721962
v 261.928131 99.923859 -119.880402
v 264.898163 100.047600 -119.875198
v 264.867828 100.032524 -119.876358
v 261.392609 99.926895 -119.918365
v 264.968231 100.008682 -120.504738
v 264.656952 99.919067 -120.513542
v 261.371521 99.843887 -121.084785
v 264.881165 99.952232 -121.278709
v 262.427979 99.715271 -121.441154
v 262.256958 99.690933 -121.427193
v 262.016418 99.905418 -121.426048
v 264.846741 99.898293 -121.444893
v 261.816193 100.029366 -121.444839
v 262.578674 100.028687 -121.539543
v 261.716949 99.920273 -121.598450
v 264.619751 99.865295 -121.785675
v 262.587067 99.919891 -121.886742
v 262.438873 99.910080 -121.856369
v 262.388855 99.937477 -121.909058
v 262.084717 99.871399 -121.903351
v 261.914215 99.799835 -121.842026
v 264.822235 99.338593 -122.162407
v 266.574799 99.518257 -101.014473
v 266.021057 99.197357 -105.582458
v 264.660583 99.914886 -117.323509
v 264.721558 99.912003 -117.830353
v 264.663879 99.908722 -118.557922
v 264.911560 100.041115 -119.405533
v 264.971161 100.009033 -119.799934
v 264.877777 99.978706 -119.770927
v 264.898834 100.012619 -119.911247
v 261.378357 99.865967 -120.006874
v 261.364685 99.829475 -120.840187
v 264.856903 99.921761 -120.551979
v 264.930115 100.007317 -121.073532
v 261.706757 99.928276 -121.079132
v 261.938263 99.899582 -121.178413
v 262.559509 99.698784 -121.437103
v 264.957031 100.024635 -121.685158
v 262.572327 99.975723 -121.544571
v 262.066772 99.779854 -121.454208
v 263.834564 99.762634 -121.596367
v 262.532196 99.643845 -121.612427
v 264.387573 99.890900 -121.770035
v 261.643311 99.834373 -121.923103
v 261.381378 99.867340 -121.885788
v 263.270996 99.805817 -121.954788
v 265.501465 99.900215 -108.965805
v 265.483093 99.930931 -108.979980
v 260.494354 99.151192 -110.036896
v 264.844269 99.874916 -118.931412
v 264.664581 99.889229 -118.983437
v 261.848389 99.951561 -119.533264
v 264.837891 99.740990 -119.438751
v 264.859497 99.902458 -120.266815
v 261.914856 99.872177 -121.383293
v 261.726227 99.837067 -121.430183
v 262.235107 99.759483 -121.473434
v 264.029022 99.873276 -121.603577
v 264.083282 99.849251 -121.608238
v 261.946716 99.851135 -121.600426
v 264.864288 99.891212 -121.741920
v 263.064850 99.603790 -121.626152
v 261.714935 99.792526 -121.858192
v 258.357758 99.234566 -100.407730
v 266.005035 99.449753 -101.548050
v 265.153625 99.732361 -117.948456
v 261.838135 99.937462 -119.532143
v 261.850616 99.936356 -119.533974
v 261.421082 99.887352 -119.697029
v 261.422760 99.835480 -119.704697
v 261.494324 99.823059 -119.685059
v 261.429688 99.874626 -119.948868
v 264.646332 99.760811 -120.381065
v 262.030914 99.846161 -121.443062
v 264.091217 99.822403 -121.605057
v 264.099945 99.833710 -121.607506
v 264.093445 99.796509 -121.608299
v 264.051514 99.879662 -121.620659
v 265.061127 99.807434 -121.838562
v 263.652679 99.793228 -121.943810
v 259.085754 98.837379 -101.485863
v 265.223053 99.782845 -113.196220
v 265.222076 99.746788 -113.428696
v 265.162781 99.658958 -118.655960
v 264.821075 99.788857 -119.193375
v 265.146912 99.653473 -119.190361
v 264.685425 99.811142 -119.258469
v 264.844391 99.857269 -119.300758
v 261.819672 99.931198 -119.531967
v 261.800171 99.936653 -119.530357
v 261.347046 99.803833 -119.667526
v 265.129730 99.698517 -119.820480
v 261.458923 99.839500 -119.949295
v 261.467407 99.819534 -119.944756
v 265.074402 99.648048 -120.105293
v 265.095825 99.625648 -120.569366
v 265.073944 99.690659 -120.634415
v 261.366852 99.748650 -120.996216
v 261.370178 99.808128 -121.467125
v 263.373444 99.711945 -121.608688
v 261.412598 99.769852 -121.600754
v 262.005463 99.682800 -121.632126
v 264.728180 99.835136 -121.843697
v 262.599792 99.599724 -121.763130
v 263.833160 99.768845 -121.947220
v 263.760223 98.962509 -122.352524
v 265.166534 99.763580 -113.643776
v 264.662933 99.713676 -119.544647
v 261.487885 99.803474 -119.687660
v 261.389038 99.776367 -119.685089
v 261.298370 99.756996 -119.812843
v 261.490417 99.765228 -119.938942
v 261.331726 99.748795 -119.949585
v 265.131317 99.701065 -120.362389
v 261.322266 99.704529 -120.903580
v 261.483063 99.728798 -120.904633
v 265.124268 99.693520 -121.146057
v 261.522217 99.697304 -121.098495
v 265.163116 99.572220 -121.465851
v 261.809631 99.746498 -121.262970
v 261.562195 99.764587 -121.417992
v 262.142883 99.701721 -121.447578
v 264.065643 99.678940 -121.601295
v 261.721191 99.574371 -121.609062
v 264.873016 99.645500 -121.635292
v 264.668304 99.677895 -121.682327
v 263.226318 99.825996 -121.610023
v 264.008514 99.726768 -121.632080
v 263.801453 99.645805 -121.627716
v 264.151001 99.769287 -121.753586
v 263.945312 99.713730 -121.783989
v 263.829620 99.758934 -121.764229
v 263.626678 99.756935 -121.753815
v 262.238983 99.663300 -121.837662
v 261.538116 99.665421 -121.817848
v 259.712189 99.405685 -101.323303
v 265.150970 99.746483 -113.647728
v 265.150085 99.739777 -113.657982
v 265.071533 99.652000 -113.646942
v 265.066986 99.543411 -113.817009
v 265.191010 99.617691 -117.014923
v 261.507843 99.800522 -119.693130
v 261.463226 99.798477 -119.692162
v 261.525970 99.707115 -120.898796
v 261.522369 99.716934 -120.904381
v 261.512390 99.724075 -120.902954
v 261.492279 99.725525 -121.074928
v 261.309540 99.734169 -121.224411
v 261.412781 99.710365 -121.282120
v 261.760162 99.576370 -121.430313
v 261.328369 99.716423 -121.552681
v 261.970367 99.760986 -121.437881
v 261.342590 99.660042 -121.440430
v 265.093323 99.609360 -121.555374
v 261.519958 99.723267 -121.578659
v 261.530457 99.709267 -121.595459
v 263.295197 99.786102 -121.606552
v 263.921875 99.759048 -121.609688
v 263.243347 99.786545 -121.609886
v 261.257141 99.624382 -121.647011
v 265.109741 99.599419 -121.799294
v 263.887390 99.717232 -121.800850
v 262.431946 99.589394 -121.745346
v 264.591888 99.630074 -121.927132
v 262.101349 99.667351 -121.873413
v 261.339630 99.715355 -121.844810
v 262.696381 99.728119 -121.955742
v 264.207397 99.483879 -122.030884
v 261.637482 99.678558 -121.975655
v 266.550903 99.452187 -101.166328
v 259.477997 99.350197 -101.203651
v 259.547577 99.328209 -101.421227
v 265.522064 99.277351 -111.068497
v 265.231506 99.669540 -113.278610
v 265.179688 99.650185 -113.295654
v 265.186066 99.698105 -113.326515
v 265.274109 99.660286 -113.385765
v 265.193359 99.651405 -113.652687
v 265.162384 99.660591 -113.632576
v 265.134521 99.698128 -113.674202
v 265.279785 99.530968 -113.855095
v 265.196564 99.581726 -115.869904
v 265.195496 99.561340 -116.343575
v 265.169189 99.596069 -117.568130
v 265.181030 99.585327 -118.460884
v 261.518768 99.710571 -119.951401
v 265.094910 99.651268 -120.211403
v 265.190796 99.535423 -120.747276
v 264.860535 99.357773 -121.010834
v 261.466248 99.718102 -121.066124
v 261.972565 99.736481 -121.437111
v 261.954254 99.727203 -121.438042
v 262.212158 99.702629 -121.537720
v 262.190155 99.678604 -121.558266
v 263.321075 99.762527 -121.609451
v 263.085388 99.617783 -121.610931
v 262.224304 99.628876 -121.591507
v 261.972137 99.694809 -121.608398
v 261.532898 99.679291 -121.595734
v 263.912354 99.708954 -121.610687
v 261.539154 99.694420 -121.597351
v 263.915039 99.694679 -121.780190
v 263.683167 99.559830 -121.745834
v 261.957458 99.620331 -121.976227
v 263.817596 99.604416 -121.839912
v 262.329712 99.623291 -121.997643
v 258.339600 98.549530 -100.991302
v 265.982880 99.193481 -103.320328
v 265.532715 99.271622 -111.485954
v 265.166809 99.621681 -113.311272
v 265.202484 99.647408 -113.643997
v 265.230103 99.547287 -113.835106
v 265.234467 99.646194 -115.130920
v 265.163513 99.592247 -117.262878
v 265.182678 99.529182 -118.091690
v 265.149292 99.575775 -118.225616
v 261.059235 99.461548 -118.811157
v 265.160706 99.631279 -118.959114
v 261.020782 99.318672 -119.273392
v 265.010712 99.544563 -119.884644
v 264.862335 99.394264 -119.747032
v 261.519836 99.697227 -119.952393
v 261.505310 99.699730 -119.949310
v 265.026306 99.499290 -120.036720
v 265.010498 99.537003 -120.479576
v 264.864471 99.293221 -120.916725
v 265.158264 99.586838 -120.951599
v 261.436676 99.710419 -121.072929
v 261.583862 99.586685 -121.398659
v 262.576141 99.682243 -121.434555
v 261.920807 99.696053 -121.433578
v 261.290710 99.627625 -121.437271
v 261.522095 99.414436 -121.618324
v 264.657776 99.637810 -121.614075
v 264.091278 99.642418 -121.610146
v 263.702759 99.551064 -121.613014
v 263.683655 99.565575 -121.600586
v 263.920105 99.674362 -121.612404
v 263.631317 99.676888 -121.616226
v 265.067078 99.652809 -121.705994
v 263.982330 99.654228 -121.612541
v 264.720306 99.589134 -121.654442
v 263.996796 99.576981 -121.763138
v 264.705475 99.519562 -121.738586
v 263.920502 99.661865 -121.780212
v 261.756561 99.566643 -121.936905
v 263.750641 99.621063 -121.938431
v 262.955078 99.582008 -121.965103
v 262.488800 99.576065 -121.946373
v 263.260590 99.557137 -122.013420
v 260.242157 99.007378 -103.254128
v 260.674469 99.082291 -111.650185
v 265.306549 99.578934 -113.293007
v 265.269348 99.616020 -113.301453
v 265.270752 99.599281 -113.603401
v 265.215210 99.602448 -113.699303
v 265.195435 99.566460 -115.388596
v 265.136200 99.541580 -115.577400
v 260.923798 99.216530 -116.966698
v 265.164856 99.565559 -115.795998
v 265.150330 99.505463 -116.041321
v 265.179932 99.553673 -116.120026
v 260.981689 99.289528 -116.920334
v 265.120911 99.548592 -116.491676
v 265.019073 99.339722 -117.111252
v 265.199829 99.523262 -117.179733
v 265.138550 99.595795 -117.962929
v 261.051300 99.387398 -119.548134
v 264.660431 99.399414 -119.737541
v 261.485931 99.697037 -119.951790
v 265.114532 99.548218 -119.971664
v 261.088745 99.323761 -120.719353
v 264.662415 99.358231 -120.998192
v 265.122894 99.519508 -121.067406
v 261.232422 99.604843 -121.310295
v 264.856018 99.066292 -121.261833
v 264.660950 99.073212 -121.433044
v 262.551392 99.682907 -121.438370
v 262.579651 99.669594 -121.435043
v 264.684448 99.447845 -121.592094
v 264.451569 99.527443 -121.604233
v 264.076782 99.628601 -121.606720
v 263.636841 99.642662 -121.614067
v 263.631134 99.651848 -121.617050
v 265.056641 99.629745 -121.703133
v 265.050964 99.608559 -121.702629
v 264.374725 99.524841 -121.609314
v 264.335052 99.512161 -121.616348
v 263.923462 99.621696 -121.781982
v 261.428070 99.571037 -121.955490
v 264.378784 99.451561 -122.026314
v 267.139038 99.003143 -101.190697
v 259.947418 98.996185 -101.396805
v 266.979004 99.145569 -101.277893
v 260.512665 99.021805 -112.626434
v 265.128418 99.457138 -113.303154
v 265.138855 99.359894 -113.637909
v 265.030151 99.533852 -113.652306
v 265.026978 99.354790 -113.670364
v 265.190430 99.474251 -113.810783
v 265.282867 99.535538 -114.749863
v 265.203735 99.562164 -115.334412
v 265.131470 99.502945 -115.375000
v 265.262543 99.526917 -115.361671
v 265.094391 99.510330 -115.369576
v 265.181732 99.535667 -115.494583
v 265.205048 99.546066 -115.509193
v 265.251526 99.479309 -115.688263
v 265.024750 99.404686 -115.830612
v 265.204010 99.503441 -116.023384
v 265.110596 99.560059 -116.252281
v 265.236847 99.573997 -116.683487
v 265.019623 99.463173 -117.307251
v 265.022583 99.419357 -117.553085
v 261.064758 99.385750 -118.402718
v 265.162781 99.554367 -117.779373
v 265.055267 99.474564 -117.777084
v 265.117218 99.461044 -117.904137
v 265.025299 99.428421 -118.044281
v 265.042969 99.430878 -118.922707
v 265.139893 99.527504 -119.187706
v 261.357300 99.585411 -121.414772
v 261.177368 99.461296 -121.330437
v 264.636749 99.561661 -121.611374
v 264.575592 99.537918 -121.607605
v 264.351410 99.500732 -121.607780
v 264.105713 99.596252 -121.609375
v 264.055969 99.608673 -121.608559
v 264.028595 99.612022 -121.610397
v 265.017029 99.484596 -121.685226
v 264.367279 99.425392 -121.628029
v 264.012360 99.615280 -121.616364
v 261.888824 99.525887 -121.626083
v 264.774567 99.523262 -121.741417
v 264.727051 99.524582 -121.773003
v 263.944885 99.592697 -121.786118
v 265.034149 99.521873 -121.963936
v 265.352112 99.470444 -113.785408
v 265.090424 99.414345 -114.129677
v 265.039795 99.441986 -114.233940
v 265.181458 99.441132 -114.252777
v 265.172150 99.298462 -114.414040
v 265.118713 99.458038 -114.847969
v 265.251038 99.517570 -114.876823
v 265.100830 99.429146 -115.362198
v 265.215790 99.386635 -115.513191
v 265.198151 99.418991 -115.765602
v 265.201172 99.500443 -115.817665
v 265.188843 99.512138 -115.805008
v 265.271973 99.492714 -115.865349
v 265.216614 99.485191 -116.128693
v 265.194275 99.476898 -116.117241
v 265.211700 99.505157 -116.165054
v 265.190460 99.499565 -116.165825
v 265.210846 99.513191 -116.175789
v 265.216156 99.447891 -116.371536
v 265.191193 99.517609 -116.517952
v 265.183563 99.487289 -116.474266
v 265.180664 99.528534 -116.834930
v 265.147369 99.489090 -116.841827
v 265.173309 99.511070 -116.838692
v 265.224487 99.440323 -117.425247
v 265.242126 99.432289 -118.262299
v 265.171082 99.442871 -118.571007
v 265.075745 99.468857 -118.650322
v 265.240662 99.393181 -118.826859
v 265.253479 99.390518 -119.073402
v 265.031647 99.365120 -119.173279
v 265.111359 99.491249 -119.358986
v 265.291504 99.286919 -119.418411
v 265.219421 99.418129 -119.538925
v 265.157562 99.428841 -119.696831
v 261.108429 99.396393 -119.970413
v 265.258026 99.371529 -120.450150
v 264.667755 99.101799 -120.510902
v 265.248383 99.374870 -121.142616
v 265.107880 99.503525 -121.570824
v 264.607300 99.516960 -121.605476
v 264.410309 99.397705 -121.589386
v 264.027283 99.600525 -121.618736
v 263.060089 99.581459 -121.613022
v 263.041107 99.575554 -121.609863
v 261.381104 99.273987 -121.639832
v 265.225952 99.520073 -121.741310
v 264.837921 99.490005 -121.781364
v 264.372803 99.436691 -121.776199
v 262.508850 99.520218 -121.819092
v 265.026489 99.470581 -121.847397
v 262.795898 99.498322 -122.062630
v 261.622498 99.470085 -122.057770
v 265.016846 99.349327 -113.638306
v 265.021912 99.494804 -113.646744
v 265.017975 99.479530 -113.651932
v 265.015808 99.460739 -113.655846
v 265.240387 99.475105 -113.831619
v 265.279480 99.493126 -113.874359
v 265.199493 99.303284 -113.854668
v 265.375031 99.423157 -113.957451
v 265.194153 99.370880 -114.026833
v 265.442963 99.226707 -114.244423
v 265.307587 99.462662 -114.814911
v 265.225922 99.478531 -114.836586
v 265.073914 99.389336 -114.888779
v 265.147736 99.389183 -115.882347
v 265.278656 99.453827 -116.090454
v 265.021973 99.438927 -116.106453
v 265.213806 99.451591 -116.131721
v 265.285858 99.419167 -116.514786
v 265.270142 99.462952 -116.829773
v 265.202179 99.446541 -117.125481
v 265.124237 99.463226 -117.194603
v 265.237091 99.436142 -117.539909
v 265.225128 99.408325 -118.136452
v 265.015045 99.413521 -118.236511
v 265.263947 99.412735 -118.458611
v 265.030426 99.357574 -118.397675
v 265.009979 99.373230 -118.735886
v 265.206543 99.423752 -119.314339
v 265.230408 99.400337 -119.837418
v 265.254669 99.397491 -120.098335
v 265.319855 99.230003 -120.602875
v 265.237274 99.420250 -120.687424
v 265.001709 98.943085 -120.672737
v 264.663849 99.159920 -120.667831
v 264.991058 99.407242 -120.883492
v 261.101959 99.341705 -121.155746
v 265.183380 99.452713 -121.473701
v 265.110901 99.459732 -121.546875
v 265.071716 99.440300 -121.534637
v 265.231323 99.343849 -121.638710
v 264.612061 99.484009 -121.607307
v 264.335907 99.471436 -121.610474
v 263.029053 99.571960 -121.613579
v 264.688110 99.359436 -121.608047
v 264.476227 99.383598 -121.742119
v 265.244934 99.407341 -121.808731
v 264.627960 99.434624 -121.758354
v 264.894928 99.241699 -121.961891
v 261.085327 99.348160 -121.919914
v 264.649628 99.325188 -122.030739
v 263.869843 99.446068 -122.056465
v 258.360870 98.992508 -100.419930
v 266.304993 99.157730 -101.191162
v 258.298553 98.680481 -101.318222
v 266.225891 99.058449 -102.849899
v 265.490326 99.274750 -113.022141
v 265.490112 99.247765 -113.593590
v 265.001221 99.215538 -113.822563
v 265.230560 99.449181 -113.843483
v 265.185364 99.403786 -114.855629
v 265.064362 99.389252 -115.445251
v 265.322968 99.378357 -115.534653
v 265.007324 99.368301 -115.645760
v 265.257599 99.399727 -115.553665
v 265.245087 99.422119 -115.565277
v 265.211426 99.431267 -115.645248
v 265.150543 99.415688 -116.372246
v 265.240448 99.408463 -116.381195
v 265.229980 99.421402 -116.418640
v 265.042725 99.388947 -116.445946
v 265.139221 99.340462 -117.053627
v 265.151855 99.416359 -117.353996
v 265.035614 99.365295 -117.469872
v 265.261292 99.385742 -117.726379
v 265.218475 99.365623 -119.196617
v 261.061646 99.301262 -119.351288
v 261.062164 99.379608 -119.854507
v 265.236389 99.382103 -120.944962
v 261.550446 99.326164 -121.447426
v 265.007568 99.406326 -121.521088
v 264.614166 99.445656 -121.608627
v 261.574982 99.249107 -121.594765
v 264.465424 99.370621 -121.611137
v 264.729187 99.275528 -121.751686
v 261.572327 99.370514 -121.754364
v 261.402710 99.367325 -121.755295
v 264.593201 99.404419 -121.761345
v 261.081940 99.335541 -121.719902
v 264.006317 99.476936 -121.949524
v 261.575165 99.319550 -121.942886
v 261.403137 99.243553 -121.919044
v 261.297607 99.356239 -122.090385
v 262.618134 99.387383 -122.077522
v 267.557129 98.895607 -100.369392
v 266.531982 99.321754 -101.239059
v 265.650085 99.090218 -110.804504
v 265.015747 99.337303 -113.962723
v 265.027191 99.308548 -114.409752
v 265.112091 99.266594 -114.725937
v 265.036011 99.257767 -115.067032
v 265.262115 99.380898 -115.596115
v 265.436157 99.170700 -115.804207
v 265.291748 99.379196 -116.237579
v 265.190979 99.361687 -116.495270
v 265.059296 99.232918 -116.520622
v 265.290894 99.401016 -117.259911
v 261.043610 99.360703 -117.222061
v 261.067841 99.336525 -117.233437
v 265.208282 99.324661 -117.378418
v 261.079376 99.344017 -118.008072
v 265.027740 99.340660 -117.704742
v 265.263275 99.399162 -118.037697
v 261.043091 99.337830 -118.252304
v 265.248077 99.412659 -118.348152
v 261.067902 99.280838 -118.555641
v 261.054749 99.279442 -119.176506
v 265.288910 99.276207 -119.678291
v 265.007446 98.905518 -119.769753
v 265.001251 98.740242 -120.225388
v 265.267914 99.309334 -120.252464
v 261.082581 99.321968 -120.557426
v 261.053497 99.372353 -121.015320
v 265.275452 99.237312 -121.049965
v 265.135864 99.319519 -121.309212
v 265.204529 99.377686 -121.343719
v 265.088989 99.350334 -121.353661
v 265.293335 99.217079 -121.559074
v 264.607910 99.412102 -121.605896
v 265.004272 99.220352 -121.680389
v 264.604950 99.385742 -121.760292
v 264.781311 99.271965 -121.766548
v 264.496460 99.325432 -121.938919
v 264.315918 99.311081 -121.929184
v 262.680664 99.362534 -121.971680
v 260.817352 99.059631 -122.330338
v 266.363068 99.195892 -101.306259
v 260.335815 99.314423 -102.378868
v 260.374390 99.345184 -102.494965
v 265.177582 99.262283 -114.320145
v 265.161560 99.264038 -115.078560
v 265.188599 99.256142 -115.365837
v 265.193024 99.247787 -115.619759
v 265.172302 99.230858 -116.119896
v 260.985748 99.300667 -117.091690
v 261.141327 99.325500 -117.107292
v 261.130554 99.327637 -117.110825
v 261.087006 99.337898 -117.129395
v 261.044922 99.357231 -117.161636
v 265.088531 99.219749 -117.285385
v 265.202087 99.270683 -117.910179
v 265.303162 99.330521 -118.638229
v 265.039093 99.227448 -118.417984
v 260.997772 99.233810 -118.723221
v 261.068024 99.279625 -118.900017
v 265.259888 99.320724 -118.870941
v 265.031281 99.218842 -119.019882
v 260.995270 99.152344 -118.994675
v 265.243011 99.422951 -119.062897
v 265.266113 99.302826 -119.182457
v 265.262482 99.288025 -119.360062
v 265.253723 99.284615 -119.663734
v 261.081055 99.277313 -119.767342
v 264.661407 99.031853 -120.199348
v 265.015594 98.979134 -120.902260
v 264.995087 98.915466 -121.083832
v 265.272949 99.340202 -121.249176
v 265.198914 99.319832 -121.354683
v 265.046844 99.305092 -121.349182
v 261.031128 99.196404 -121.407654
v 264.784698 98.944649 -121.606354
v 264.373779 99.384033 -121.606697
v 264.734131 99.305092 -121.616570
v 264.616852 99.354973 -121.764580
v 265.012939 99.144325 -121.812279
v 265.565430 99.022003 -122.272614
v 265.274963 99.321289 -121.924049
v 264.271301 99.301338 -122.044090
v 264.137634 99.205353 -121.961502
v 262.771423 99.245407 -121.945877
v 261.114594 99.265045 -122.002937
v 264.613831 99.252678 -122.105682
v 262.725372 99.343956 -122.089996
v 266.699158 99.210693 -101.135933
v 260.355743 99.330910 -102.437012
v 265.554169 99.167870 -112.129997
v 265.514709 99.287720 -112.577438
v 265.024109 99.302910 -113.651695
v 265.024872 99.230392 -115.367371
v 265.026581 99.222107 -115.999039
v 261.121735 99.155495 -116.935905
v 261.116577 99.330345 -117.111191
v 265.016418 99.220642 -117.977768
v 265.165771 99.225250 -118.555801
v 261.003876 99.228645 -118.460320
v 260.971405 99.215416 -118.627533
v 261.221893 99.228386 -118.905167
v 265.307953 99.290161 -119.151604
v 265.149567 99.205681 -119.108551
v 265.238922 99.296570 -119.179863
v 261.213623 99.242165 -119.176598
v 260.992828 99.143585 -119.544388
v 265.259888 99.228760 -119.520981
v 261.169281 99.242203 -119.606628
v 265.024872 99.213112 -119.682037
v 261.203247 99.135590 -119.778542
v 264.656708 99.070816 -119.961945
v 261.211609 99.057365 -119.943542
v 265.301208 99.224113 -120.182266
v 261.176147 99.211464 -120.551582
v 261.138947 99.248924 -120.566833
v 265.248871 99.170471 -120.627289
v 261.158478 99.236061 -120.563225
v 265.262573 99.239548 -120.898170
v 264.838409 99.207939 -120.792763
v 261.039795 99.175598 -120.801857
v 261.221222 99.217957 -121.142075
v 260.998108 99.128914 -121.270523
v 261.213287 99.216202 -121.334602
v 265.033875 99.288589 -121.346344
v 265.043610 99.262238 -121.342499
v 261.103241 99.280479 -121.612610
v 265.010162 99.147346 -121.579575
v 264.406281 99.373749 -121.610573
v 264.381012 99.374931 -121.611427
v 261.222656 99.186264 -121.551941
v 265.244568 99.215675 -121.704285
v 265.282990 99.210777 -121.798111
v 264.604889 99.301552 -121.767136
v 261.237427 99.187874 -121.790100
v 262.011139 99.252625 -121.945839
v 263.986816 99.191437 -122.052521
v 262.613678 99.137421 -121.949432
v 266.332397 98.788857 -101.861351
v 266.545654 98.784378 -101.405167
v 266.094116 98.917183 -103.222885
v 265.508728 99.204849 -111.651978
v 265.563263 99.126007 -111.996376
v 265.493347 99.186806 -112.616196
v 265.555206 99.182678 -112.866982
v 260.710449 99.077164 -112.908936
v 265.028992 99.289528 -113.653114
v 265.041138 99.278152 -113.655067
v 261.112518 99.168190 -118.351044
v 261.026031 99.187561 -118.760391
v 265.108093 99.149673 -119.194328
v 265.094177 99.036911 -119.367516
v 261.191528 99.152863 -119.544876
v 260.952698 99.120361 -119.662735
v 264.860931 99.073036 -119.962341
v 260.969818 99.118355 -119.993721
v 261.005585 99.220589 -120.102211
v 265.007233 99.003471 -120.200348
v 261.005524 99.187347 -120.458481
v 261.229492 99.128769 -120.565109
v 261.220062 99.155296 -120.752525
v 261.029236 99.231873 -121.035812
v 265.063049 99.071526 -121.141365
v 265.303833 99.189270 -121.319107
v 265.022766 98.988602 -121.342415
v 261.513580 99.291115 -121.429756
v 261.500702 99.299568 -121.429024
v 261.486145 99.310448 -121.432671
v 265.206604 99.178284 -121.524261
v 264.704498 99.252876 -121.605774
v 261.580170 99.162880 -121.772797
v 265.198303 99.162766 -121.912102
v 260.986908 99.178215 -121.909187
v 261.290741 99.072090 -122.024872
v 261.628510 99.077606 -122.145309
v 262.872711 98.996010 -122.151283
v 262.294983 98.839622 -122.189293
v 262.272247 99.078285 -122.130859
v 264.568085 99.192230 -122.281883
v 259.740814 98.787880 -101.448303
v 260.561829 98.959442 -109.178658
v 260.609467 98.977982 -109.981461
v 260.626984 98.997444 -111.167000
v 265.559113 99.057175 -111.022133
v 265.552094 99.140442 -111.775757
v 265.522919 99.123680 -112.347847
v 265.352142 99.019798 -112.628586
v 265.336090 99.035820 -113.071411
v 265.545685 99.128273 -113.186188
v 260.747955 98.944656 -115.115425
v 265.519745 99.126534 -114.303864
v 261.157776 99.148674 -118.743996
v 261.076263 99.174339 -118.748482
v 260.988770 99.116852 -118.896873
v 265.458008 98.992325 -119.038918
v 260.975250 99.084183 -119.294571
v 260.975464 99.095085 -119.880531
v 261.182922 99.158806 -120.147896
v 265.256805 99.203880 -120.234245
v 265.295776 99.223862 -120.287430
v 261.219635 99.125572 -120.479385
v 265.074402 98.679420 -120.639771
v 264.862518 99.118774 -120.606689
v 260.958588 99.141426 -120.671074
v 264.724274 99.062187 -121.062401
v 265.190125 99.096573 -121.087257
v 261.229401 99.065918 -121.267578
v 265.221802 99.169441 -121.756416
v 264.610474 99.055214 -121.948883
v 265.376801 99.154617 -122.080772
v 265.224762 99.147041 -122.071716
v 265.343018 98.908012 -122.370850
v 265.881073 99.005295 -105.526550
v 265.859894 98.935471 -106.981918
v 260.556793 98.906830 -108.613029
v 260.689850 99.063515 -112.251442
v 265.548187 99.119186 -112.725990
v 265.542664 99.108543 -113.363480
v 265.532013 99.132637 -113.593658
v 265.511017 99.107071 -113.921600
v 265.517609 99.140144 -114.548180
v 260.712769 98.948929 -117.636238
v 265.495819 98.984055 -116.901756
v 260.900574 99.056313 -118.439056
v 261.027191 98.843391 -118.616219
v 261.116547 99.155396 -118.741982
v 260.923401 99.118927 -118.709702
v 265.458832 98.973175 -119.616150
v 261.207031 99.026382 -119.304359
v 260.985565 99.082832 -119.364029
v 260.921844 99.070526 -119.540421
v 260.994751 99.102730 -119.715958
v 260.988403 99.071098 -119.833374
v 265.429718 99.040871 -120.062592
v 260.958679 99.078995 -120.105133
v 265.186127 98.996307 -120.203415
v 265.237152 99.167175 -120.235344
v 264.853943 99.026779 -120.247627
v 265.360718 99.176552 -120.874115
v 264.752686 99.083153 -120.917664
v 265.012817 98.867874 -121.473297
v 260.957642 98.989944 -121.676636
v 261.430237 99.064056 -121.796005
v 262.228027 99.043312 -121.968010
v 261.491455 98.994934 -121.938232
v 265.067291 99.146545 -121.967651
v 264.908661 99.080856 -122.081970
v 262.757751 99.046623 -122.069984
v 262.576813 98.996468 -122.100014
v 260.959137 99.119339 -122.110390
v 264.533051 99.133446 -122.302567
v 264.550934 99.163124 -122.292526
v 266.413635 98.879501 -101.372505
v 260.264679 98.831779 -104.759064
v 260.211487 98.919136 -106.263817
v 265.753082 98.943932 -109.539558
v 265.525177 99.070518 -110.897942
v 265.618805 98.886139 -111.049919
v 265.844574 98.899826 -111.591476
v 265.636902 98.927025 -111.611443
v 265.673492 98.871666 -111.531586
v 265.379669 99.067924 -111.909386
v 260.669739 99.036377 -112.396584
v 265.582123 98.867256 -112.392273
v 260.704285 99.020912 -112.655144
v 265.417389 99.058495 -112.779182
v 265.609619 98.896469 -112.831841
v 265.530975 99.056618 -113.068672
v 265.364655 99.060814 -113.253632
v 265.377075 99.088547 -113.486343
v 265.350433 98.959747 -113.748703
v 265.514252 99.088112 -113.805580
v 265.416656 99.061874 -114.045090
v 265.363892 98.913239 -114.170799
v 265.384491 99.080276 -114.431831
v 265.515839 99.005547 -115.917671
v 265.486633 98.966682 -118.243912
v 261.011566 99.089043 -118.565338
v 261.219086 99.082825 -118.973656
v 260.995300 99.073074 -119.192825
v 260.991211 99.028275 -119.278549
v 261.177063 99.113594 -119.645950
v 261.065521 99.111488 -119.638046
v 261.141541 99.117111 -119.630234
v 261.103149 99.125069 -119.629387
v 261.049561 99.020851 -119.902016
v 261.210571 99.033005 -120.676086
v 260.975677 98.997803 -120.656868
v 265.420868 99.025772 -120.859306
v 265.026794 98.853172 -120.953995
v 264.783905 98.952354 -121.587959
v 264.712616 98.933426 -121.611359
v 265.448212 99.004349 -121.857643
v 263.634949 98.978271 -121.963188
v 265.208466 98.997261 -122.033073
v 263.770386 99.074310 -121.948051
v 260.945312 99.042099 -121.992073
v 262.127655 98.998451 -122.040504
v 264.272827 98.938065 -122.143219
v 263.684845 98.991318 -122.075592
v 263.499969 98.929703 -122.189415
v 261.254852 99.094627 -122.102402
v 261.000397 99.072968 -122.046829
v 261.117950 99.018738 -122.141830
v 266.903137 98.594200 -101.098083
v 259.642242 98.514999 -101.365082
v 260.103638 98.937195 -103.358711
v 260.340607 98.875648 -105.787888
v 260.416351 98.892609 -106.714981
v 260.526581 98.855453 -107.147102
v 260.403168 98.979607 -110.537003
v 260.590271 98.953827 -109.521835
v 260.539368 98.848564 -109.725883
v 260.645203 98.941856 -110.862061
v 260.635864 98.934875 -111.536690
v 260.634918 98.946342 -111.806419
v 265.409973 99.016472 -112.095261
v 265.395905 99.012245 -112.095146
v 265.398285 98.997871 -112.096489
v 260.636353 98.949699 -112.118576
v 265.544373 98.954338 -114.923248
v 265.533691 99.011520 -115.703308
v 265.519989 99.062035 -116.187454
v 265.529266 98.902420 -117.067352
v 261.008820 98.832130 -117.616882
v 265.489502 98.922783 -118.751862
v 261.133850 99.150742 -118.743584
v 261.096436 99.155441 -118.743881
v 261.048615 99.002701 -118.889015
v 260.955872 99.059212 -119.192307
v 261.224213 98.808609 -119.152863
v 265.097168 98.810585 -119.675896
v 265.207855 98.972595 -119.691086
v 261.204407 99.032440 -119.666313
v 261.031219 99.012253 -119.648117
v 261.186432 99.033981 -119.845886
v 260.969788 99.061234 -119.871422
v 261.127350 99.036430 -120.087517
v 265.439423 98.968948 -120.351212
v 261.230652 98.855530 -120.736588
v 265.195709 98.928101 -121.362312
v 261.238770 98.919296 -121.685272
v 261.212646 98.758133 -121.975555
v 262.782806 98.809120 -121.943977
v 264.314941 98.980057 -121.969597
v 261.938263 98.908699 -121.953125
v 265.169525 99.011009 -122.109268
v 258.260254 98.512215 -100.426460
v 266.889862 98.739456 -101.181870
v 260.025543 98.633881 -102.710762
v 266.109436 98.867195 -104.457443
v 259.976532 98.934975 -103.855667
v 260.059570 98.967377 -105.357368
v 260.259644 98.947823 -107.630287
v 260.541809 98.746300 -108.133377
v 260.553955 98.847679 -108.419922
v 265.626617 98.938240 -110.844917
v 265.630707 98.893410 -111.421394
v 265.356079 98.744217 -111.484383
v 265.523285 98.706116 -111.658142
v 265.585846 98.886803 -112.313965
v 260.875275 98.922050 -112.262970
v 260.872345 98.925682 -112.443611
v 265.571594 98.879425 -112.547142
v 260.814423 99.008659 -112.656677
v 265.570709 98.834587 -113.001259
v 265.370789 98.690742 -113.340820
v 265.375061 98.742615 -113.433395
v 265.349579 98.899773 -113.990303
v 265.577606 98.816521 -114.211754
v 265.497925 98.910316 -114.487801
v 265.483826 98.862274 -114.756187
v 265.504791 98.957359 -116.083870
v 265.774384 98.948967 -117.754639
v 261.127441 98.976570 -116.947243
v 261.171600 98.942192 -117.414558
v 260.901855 98.857368 -117.925247
v 260.904327 98.937401 -118.891228
v 261.028778 98.907021 -118.726326
v 260.959534 98.934624 -119.044853
v 265.407684 98.909500 -119.322334
v 261.216522 98.920197 -119.469055
v 260.979279 99.008583 -119.427925
v 260.987579 99.020264 -119.405716
v 261.023895 98.966888 -119.479240
v 261.240295 98.837753 -119.649155
v 265.186798 98.998177 -119.977547
v 265.012482 98.980194 -120.042679
v 260.956512 99.063599 -120.135651
v 261.237335 98.877502 -120.470795
v 265.194916 98.751167 -121.009239
v 265.016449 98.837791 -121.245483
v 265.412079 98.952843 -121.396538
v 265.772461 98.961586 -122.327507
v 264.976562 98.901085 -122.013977
v 262.070160 98.854591 -122.082817
v 260.562714 98.829353 -108.768852
v 260.657288 98.905411 -108.855988
v 265.692383 98.801643 -109.986145
v 260.656494 98.927856 -110.944229
v 265.589355 98.945122 -110.915154
v 260.690186 98.899651 -111.070244
v 265.370514 98.833672 -111.064896
v 265.687805 98.881821 -111.851692
v 265.585724 98.869217 -111.663460
v 265.380981 98.914986 -111.906525
v 265.348907 98.733734 -112.118828
v 265.577118 98.864868 -112.110809
v 260.876129 98.837151 -112.034416
v 265.580170 98.902473 -112.642632
v 260.891724 98.892601 -112.869232
v 260.693665 98.939384 -113.073509
v 265.591400 98.887314 -113.087799
v 265.563202 98.876633 -113.192245
v 260.704620 98.739120 -113.566208
v 265.610474 98.887962 -113.473274
v 265.559753 98.777138 -113.328705
v 265.546967 98.833740 -113.468437
v 265.364594 98.771385 -113.520065
v 265.563904 98.864220 -113.672913
v 265.586578 98.795395 -114.323082
v 265.375122 98.700058 -114.399231
v 265.494476 98.916527 -115.443054
v 265.345154 98.909950 -115.595596
v 265.346649 98.820839 -115.836853
v 265.867767 98.824928 -116.718521
v 265.364960 98.916183 -116.099487
v 265.392426 98.918396 -116.316956
v 265.495392 98.928925 -116.406151
v 261.062408 98.878235 -117.384758
v 265.529297 98.883919 -118.143448
v 265.601837 98.868774 -118.321312
v 260.935822 98.903847 -118.360306
v 261.223145 98.907661 -118.738907
v 261.224335 98.835205 -118.847435
v 265.480652 98.884079 -119.517876
v 265.190521 98.875587 -119.859520
v 261.221558 98.853371 -120.111824
v 265.217987 98.904068 -120.866768
v 261.230133 98.858055 -121.011642
v 265.215729 98.911194 -121.496803
v 265.000732 98.750679 -121.885269
v 261.231842 98.778030 -121.715271
v 264.881348 98.770195 -122.015305
v 261.050385 98.713829 -121.955132
v 260.880737 98.827065 -122.336472
v 261.478943 99.015076 -122.081947
v 265.415161 98.721542 -122.123192
v 264.763306 98.949501 -122.108032
v 264.602905 98.939545 -122.102493
v 263.871796 98.719368 -122.090195
v 262.763031 98.841881 -122.094330
v 261.077637 98.997063 -122.097214
v 265.344086 98.827477 -122.214378
v 261.275391 98.987320 -122.208443
v 267.459076 97.648209 -101.127937
v 259.202209 98.539345 -101.298454
v 258.947174 98.828323 -101.374634
v 258.735382 98.808128 -101.358704
v 260.174408 98.642342 -103.653397
v 260.505646 98.873566 -107.307198
v 265.708160 98.860794 -110.956070
v 260.676483 98.884537 -111.203468
v 260.862000 98.852310 -111.156723
v 260.873596 98.902161 -111.486122
v 260.881561 98.875694 -111.843231
v 265.562195 98.847702 -111.910255
v 260.651459 98.813477 -111.994568
v 265.574432 98.879227 -112.023483
v 260.631622 98.789963 -112.353836
v 265.542938 98.770180 -112.785782
v 260.675049 98.836647 -112.931252
v 265.461487 98.616005 -113.043938
v 260.772919 98.785278 -113.030884
v 265.588715 98.885071 -113.789589
v 265.565063 98.883408 -114.084114
v 265.559448 98.867874 -114.011421
v 265.350677 98.906105 -114.672096
v 265.388580 98.781761 -114.524399
v 265.340424 98.819221 -114.867340
v 265.364532 98.800896 -115.152115
v 265.451935 98.890923 -115.226669
v 265.364777 98.906906 -115.342392
v 265.388428 98.894180 -116.557777
v 261.143585 98.942665 -116.928452
v 261.157623 98.942474 -116.930878
v 265.464966 98.787643 -116.919777
v 261.104279 98.894630 -117.130890
v 261.148529 98.894012 -117.115265
v 261.166107 98.891205 -117.151428
v 261.151794 98.879013 -117.337471
v 261.231598 98.694542 -117.635910
v 260.951263 98.801811 -117.657669
v 261.184570 98.877098 -117.774536
v 261.013245 98.903793 -117.873215
v 261.239868 98.869659 -117.945496
v 260.980621 98.800346 -117.988029
v 261.197601 98.862289 -118.141472
v 260.949280 98.848862 -118.107918
v 261.208282 98.886459 -118.301758
v 260.954376 98.890999 -118.543877
v 265.423370 98.853142 -118.929169
v 265.602356 98.863686 -119.060516
v 265.350830 98.780380 -119.156303
v 260.843414 98.799942 -119.972328
v 261.207428 98.802612 -119.925423
v 265.361847 98.722946 -119.905396
v 265.223267 98.740974 -120.233704
v 265.402313 98.876968 -120.133133
v 265.403168 98.865227 -120.243988
v 265.354034 98.744820 -120.201645
v 265.402557 98.826958 -121.121597
v 261.216248 98.805260 -121.493637
v 265.376282 98.870735 -121.495232
v 265.381042 98.847610 -121.665634
v 264.617828 98.459755 -122.021164
v 264.548950 98.875183 -122.038841
v 264.354065 98.858688 -122.071808
v 262.211426 98.732697 -122.095100
v 264.601715 98.915016 -122.095901
v 261.105713 98.903236 -122.095062
v 261.081848 98.953979 -122.100296
v 265.170959 98.853050 -122.156792
v 264.863617 98.879570 -122.198532
v 261.287842 98.431435 -122.254501
v 259.330811 98.332672 -101.357895
v 266.284576 98.623016 -102.993912
v 260.177551 98.713921 -103.900406
v 266.006683 98.669586 -105.507530
v 265.904694 98.692314 -106.743950
v 260.501129 98.807999 -107.717361
v 260.508698 98.737694 -108.185249
v 265.893311 98.736931 -110.134567
v 260.589233 98.850739 -108.507744
v 265.794006 98.784309 -109.333084
v 260.704498 98.749207 -108.678276
v 260.535553 98.846992 -109.864685
v 260.403809 98.647026 -110.636650
v 265.500000 98.607513 -110.892120
v 260.853699 98.774872 -110.881287
v 265.573853 98.726509 -111.012924
v 260.545624 98.776276 -111.078789
v 265.525299 98.731049 -111.060532
v 265.579559 98.703690 -111.514839
v 260.677368 98.701981 -111.659058
v 265.405365 98.747864 -111.794899
v 265.578735 98.768684 -113.959953
v 265.349182 98.747574 -115.365242
v 260.875366 98.782478 -116.404594
v 261.131012 98.940125 -116.932663
v 261.154297 98.929817 -116.936752
v 261.101990 98.895309 -117.113083
v 265.445984 98.856247 -118.206581
v 260.976105 98.770470 -118.204659
v 265.353088 98.753494 -118.299736
v 261.222382 98.859268 -118.570023
v 265.569305 98.827568 -118.829262
v 265.032867 98.852699 -119.875359
v 265.359497 98.693619 -120.667770
v 265.836182 98.682121 -122.346153
v 265.382446 98.666290 -120.891380
v 265.006378 98.713997 -121.175575
v 264.725861 98.923233 -121.606628
v 265.375122 98.705544 -121.848480
v 262.645660 98.812065 -122.094772
v 264.649536 98.783150 -122.125763
v 264.594421 98.902733 -122.089821
v 264.531433 98.794647 -122.084000
v 258.750641 98.824593 -101.193092
v 266.106171 98.584511 -103.285866
v 260.177765 98.622795 -106.376129
v 260.488678 98.792717 -108.366020
v 260.498596 98.849236 -108.463470
v 260.456177 98.843330 -108.533424
v 260.478180 98.866646 -108.839035
v 260.592865 98.815712 -108.737206
v 260.725067 98.726189 -109.617607
v 260.764709 98.770988 -110.351181
v 260.794495 98.734077 -110.361565
v 260.579254 98.833519 -110.881027
v 265.586853 98.697639 -110.848495
v 260.716919 98.727951 -110.811646
v 260.638336 98.852692 -111.136063
v 265.482269 98.769310 -111.266068
v 265.385925 98.725243 -111.252571
v 265.559448 98.750320 -111.434959
v 260.881958 98.723198 -111.484589
v 265.486084 98.595840 -111.655487
v 260.871185 98.709724 -111.852570
v 265.691040 98.879913 -112.401970
v 265.562500 98.656601 -112.500656
v 265.334686 98.710808 -112.587379
v 260.823486 98.687546 -112.867004
v 265.455322 98.669716 -112.762856
v 265.716431 98.804558 -113.087563
v 265.371155 98.734779 -112.849625
v 265.723633 98.841179 -113.560349
v 260.754639 98.610878 -113.070625
v 260.600311 98.629074 -113.271141
v 265.678619 98.847656 -114.170914
v 265.521484 98.755913 -114.086792
v 265.440002 98.748650 -114.097984
v 260.792236 98.689064 -114.485931
v 265.521179 98.772430 -114.907692
v 265.417023 98.702026 -115.041321
v 265.595062 98.877159 -115.176941
v 265.564819 98.773003 -115.259140
v 265.579590 98.794304 -115.878998
v 265.717255 98.792007 -115.930893
v 265.398254 98.730484 -116.160240
v 265.693451 98.882507 -116.981377
v 265.522156 98.858086 -117.005165
v 265.358276 98.730423 -116.443642
v 265.375885 98.735809 -116.996147
v 265.446564 98.809357 -117.020676
v 261.114655 98.892639 -117.116035
v 261.144806 98.877182 -117.121010
v 265.636414 98.836975 -117.400772
v 261.176849 98.890343 -117.181313
v 261.166107 98.885666 -117.176689
v 261.169769 98.888145 -117.210793
v 265.604675 98.820282 -117.515556
v 261.075775 98.687035 -117.468674
v 261.006226 98.762283 -117.472527
v 265.611389 98.753304 -117.801735
v 265.645477 98.836800 -117.839462
v 261.010315 98.774567 -117.769516
v 261.229767 98.684570 -117.967865
v 265.620392 98.763596 -118.128380
v 265.437469 98.835045 -118.192009
v 265.433411 98.813667 -118.174324
v 265.591034 98.742981 -118.337685
v 265.620056 98.873550 -118.685623
v 265.618469 98.776062 -118.609070
v 265.642487 98.746994 -118.814934
v 265.345123 98.713562 -119.396881
v 261.015839 98.869781 -119.255219
v 261.011200 98.787643 -119.577766
v 265.823914 98.656830 -121.195770
v 265.108734 98.700920 -119.945961
v 265.619904 98.799728 -120.143143
v 261.023834 98.860336 -120.479004
v 261.215851 98.732117 -120.555862
v 265.617462 98.789490 -121.100777
v 265.588745 98.829987 -121.161171
v 265.359406 98.741302 -121.106277
v 261.181610 98.808083 -121.183029
v 265.571320 98.853951 -121.396873
v 265.723450 98.846436 -121.329872
v 265.194275 98.750679 -121.252823
v 265.367371 98.714264 -121.315575
v 265.351959 98.707863 -121.480461
v 265.590576 98.894356 -121.487190
v 265.698517 98.813225 -121.608955
v 261.226257 98.659485 -121.578133
v 264.796326 98.894508 -121.605331
v 264.768341 98.893654 -121.605209
v 264.741089 98.901093 -121.603867
v 264.728821 98.901726 -121.606018
v 265.403564 98.615646 -121.770851
v 262.275482 98.678146 -121.968285
v 261.901215 98.602600 -121.959175
v 265.013702 98.680542 -122.036644
v 263.820740 98.671089 -121.982391
v 265.105255 98.763741 -122.100136
v 261.126831 98.879959 -122.100723
v 261.136627 98.846161 -122.100288
v 264.951111 98.696495 -122.170013
v 262.546936 98.434784 -122.202774
v 261.213745 98.698845 -122.192841
v 258.624451 98.580093 -101.336899
v 259.859344 98.597511 -102.860489
v 260.339752 98.650566 -106.836700
v 260.395477 98.802223 -107.661163
v 260.595093 98.703125 -108.292458
v 260.490143 98.675850 -108.429741
v 260.504547 98.759308 -108.629410
v 260.481384 98.731514 -108.776764
v 260.498627 98.749809 -109.654762
v 260.556427 98.778290 -109.786980
v 260.577698 98.777954 -109.740944
v 260.568665 98.787537 -109.779640
v 260.546326 98.793221 -109.778374
v 260.571869 98.695137 -110.206863
v 265.695801 98.777122 -110.847061
v 260.533295 98.723923 -110.723320
v 260.887817 98.703110 -111.053902
v 260.649384 98.836884 -111.146332
v 265.688812 98.728806 -111.602913
v 260.629578 98.709198 -111.490913
v 260.679810 98.670586 -111.812363
v 265.584961 98.700180 -111.814789
v 265.664734 98.703941 -112.034012
v 265.597717 98.702484 -111.928642
v 265.537018 98.715378 -112.239014
v 265.586548 98.724670 -112.394264
v 260.884552 98.731850 -112.351982
v 265.610992 98.714561 -112.661095
v 265.641724 98.710754 -113.021263
v 265.465637 98.736221 -112.943527
v 265.573212 98.658516 -113.136147
v 265.360260 98.515198 -113.233467
v 265.668274 98.735245 -113.318840
v 265.595856 98.709099 -113.559807
v 265.361084 98.712906 -113.848587
v 265.601471 98.702202 -113.797699
v 265.660797 98.730240 -114.151596
v 265.380524 98.595276 -114.067451
v 265.410126 98.686867 -114.265503
v 265.338501 98.738091 -115.559258
v 265.362579 98.531013 -116.124084
v 265.717590 98.753235 -116.838684
v 265.611786 98.722885 -116.763168
v 265.679321 98.714935 -117.385422
v 265.559937 98.699104 -117.027679
v 265.437836 98.793518 -117.025261
v 265.432159 98.774521 -117.025940
v 265.608551 98.747063 -117.581871
v 265.612000 98.743896 -117.607155
v 265.582794 98.733452 -117.637573
v 261.165192 98.742401 -117.779602
v 265.401062 98.698273 -117.979767
v 261.222076 98.697296 -118.310661
v 261.213074 98.609390 -118.409637
v 261.018585 98.616135 -118.402802
v 261.032349 98.505493 -118.590652
v 261.193726 98.741669 -118.746513
v 265.379761 98.743172 -118.912216
v 261.210327 98.649704 -118.926292
v 265.585144 98.741837 -119.021095
v 260.981140 98.758041 -119.412796
v 261.016602 98.816681 -119.704414
v 261.168152 98.760315 -119.756416
v 261.055878 98.770065 -119.922310
v 261.053619 98.781487 -119.826889
v 261.022888 98.838425 -120.112274
v 260.998047 98.704391 -120.515678
v 261.075409 98.754486 -120.662621
v 261.040955 98.771370 -121.076180
v 261.089600 98.755745 -120.921135
v 261.050934 98.730202 -121.079430
v 265.578857 98.762398 -121.114334
v 265.412354 98.773384 -121.148232
v 261.048248 98.824883 -121.246956
v 265.670959 98.766579 -121.405869
v 265.567566 98.721413 -121.516342
v 265.362335 98.719101 -121.598755
v 264.787628 98.886406 -121.605331
v 261.147919 98.791359 -121.677269
v 261.109894 98.783142 -121.676918
v 265.214935 98.745552 -121.892410
v 263.680939 98.626717 -121.934814
v 262.560852 98.236061 -121.921341
v 262.589630 98.647354 -122.041374
v 262.004242 98.574379 -122.111366
v 265.158417 98.604980 -122.144569
v 264.847748 98.724709 -122.120323
v 263.579834 98.616943 -122.202965
v 263.204895 98.628555 -122.172783
v 266.884583 98.168549 -101.245117
v 266.399780 98.577232 -101.485756
v 259.552185 98.424240 -101.461456
v 259.816895 98.410759 -102.053078
v 260.076416 98.657349 -103.864655
v 260.205444 98.688606 -105.196693
v 260.376770 98.722832 -107.907890
v 260.483704 98.739548 -108.063866
v 260.485718 98.717789 -108.152046
v 260.475555 98.699036 -108.266594
v 260.655426 98.649094 -108.482056
v 260.499542 98.660477 -108.545914
v 260.703064 98.665977 -109.653854
v 260.669647 98.724831 -109.990585
v 260.690216 98.722603 -109.897171
v 260.646912 98.709740 -110.059967
v 260.704224 98.717781 -110.160156
v 260.593811 98.664436 -110.257996
v 265.534607 98.562569 -110.088219
v 260.643433 98.710770 -110.421196
v 260.685425 98.713966 -110.567123
v 260.855927 98.712715 -110.867233
v 260.583740 98.675446 -110.871300
v 260.581146 98.668076 -111.012993
v 265.630035 98.668159 -111.170708
v 260.632812 98.711647 -111.096809
v 260.642670 98.827560 -111.144241
v 265.518463 98.630882 -112.323822
v 265.688385 98.728363 -112.571449
v 265.377136 98.671173 -113.549622
v 265.467438 98.716087 -114.049347
v 265.372803 98.515335 -114.848351
v 265.400116 98.553963 -116.619034
v 260.873718 98.574638 -118.163887
v 265.817871 98.617928 -117.275505
v 265.625458 98.653885 -117.057930
v 261.068817 98.688675 -117.328270
v 265.570190 98.666649 -117.189156
v 265.607269 98.733788 -117.447044
v 265.516541 98.694679 -117.454117
v 265.481384 98.687370 -117.448616
v 265.657593 98.696495 -117.467407
v 265.443268 98.690659 -117.613434
v 265.490265 98.642830 -117.601562
v 265.632782 98.697540 -117.725487
v 265.588928 98.721657 -117.617218
v 265.387360 98.728188 -117.797150
v 261.099121 98.698547 -117.723862
v 265.572601 98.698227 -117.794830
v 261.070496 98.736435 -117.887909
v 265.632507 98.735199 -118.425003
v 261.034790 98.642647 -118.101379
v 261.270660 98.639305 -118.095497
v 261.228760 98.639259 -118.195236
v 265.573639 98.734291 -118.478111
v 265.589905 98.692238 -118.514534
v 265.437500 98.653427 -118.515167
v 265.583221 98.757370 -118.675323
v 265.533630 98.734184 -118.651619
v 260.987091 98.603081 -118.712357
v 265.597961 98.716202 -118.676048
v 265.557861 98.721085 -118.668869
v 265.554443 98.690025 -118.913208
v 260.992706 98.715263 -118.827835
v 265.630066 98.724121 -119.277779
v 261.205109 98.633156 -119.135811
v 260.981384 98.694977 -119.219765
v 261.211304 98.680435 -119.484825
v 261.213043 98.721863 -119.649017
v 261.033203 98.702469 -119.726700
v 261.054810 98.607460 -119.904495
v 261.018707 98.665550 -119.999008
v 261.012970 98.675690 -120.154228
v 265.624481 98.751793 -120.452385
v 265.663239 98.714615 -120.531052
v 265.578308 98.720108 -120.475159
v 261.101013 98.747154 -120.662636
v 261.193848 98.660225 -120.764114
v 261.061401 98.745415 -120.791191
v 261.108429 98.718956 -120.944374
v 261.112946 98.739952 -120.890373
v 261.092743 98.747330 -121.077507
v 261.124725 98.709991 -121.089867
v 260.979248 98.699692 -121.230782
v 261.102448 98.724136 -121.313896
v 261.146332 98.781052 -121.672905
v 264.879791 98.446556 -121.998405
v 265.196533 98.566231 -121.991043
v 261.824005 98.598785 -122.236771
v 265.494812 98.470840 -122.328651
v 265.137695 98.093353 -122.374664
v 266.515289 98.390663 -101.403824
v 258.300385 97.529701 -101.380058
v 260.470215 98.723213 -108.071953
v 260.528351 98.585472 -108.065994
v 260.704071 98.721748 -109.849342
v 260.704926 98.723129 -109.862663
v 260.648590 98.708054 -109.960167
v 260.617554 98.687439 -110.057846
v 260.675110 98.707016 -110.134178
v 260.609039 98.689064 -110.387177
v 260.601105 98.622765 -110.618034
v 265.485809 98.709854 -111.057472
v 265.472321 98.728752 -111.065315
v 265.466675 98.636078 -111.239960
v 265.352234 98.708183 -111.932816
v 265.474579 98.587555 -112.113060
v 265.547119 98.651291 -112.608688
v 261.236542 98.611107 -114.229034
v 265.392181 98.535606 -114.692215
v 265.375732 98.523743 -115.076813
v 265.600830 98.650185 -116.912155
v 265.562805 98.634590 -117.176544
v 265.441467 98.623047 -117.185768
v 265.559357 98.651443 -117.197319
v 265.535400 98.625320 -117.441719
v 265.457855 98.679596 -117.445953
v 265.440002 98.689713 -117.446671
v 265.549652 98.624420 -117.460472
v 265.575592 98.676109 -117.642334
v 265.565369 98.678764 -117.995354
v 265.613892 98.678177 -118.475075
v 265.435638 98.637093 -118.206772
v 265.629974 98.702065 -118.616913
v 265.405334 98.599220 -118.331299
v 265.593048 98.693245 -118.651924
v 261.232239 98.539467 -118.538795
v 265.588837 98.714844 -118.868057
v 265.627472 98.672783 -118.998405
v 265.380219 98.530647 -119.372765
v 261.193054 98.626137 -119.864418
v 261.141418 98.712921 -119.853951
v 261.108398 98.619675 -120.227234
v 265.624176 98.691566 -120.236839
v 265.623352 98.690422 -120.268364
v 261.202759 98.631172 -120.259361
v 265.623779 98.690544 -120.284225
v 265.622681 98.690277 -120.311691
v 265.623993 98.695053 -120.331436
v 265.608978 98.657715 -120.568413
v 265.621155 98.665230 -121.264732
v 261.065613 98.722221 -120.917969
v 261.198120 98.648209 -121.274139
v 265.132874 98.740105 -122.094986
v 262.810638 98.687302 -122.200043
v 262.610626 98.595093 -122.119644
v 260.873657 98.525352 -122.318878
v 260.047241 98.547966 -103.702324
v 266.123688 98.436752 -103.878876
v 265.556305 98.503128 -108.272308
v 260.513763 98.662781 -108.123451
v 260.568970 98.602135 -108.233208
v 260.539368 98.659317 -109.687477
v 260.575623 98.605011 -109.952873
v 260.704529 98.714256 -110.192093
v 260.711792 98.714973 -110.234978
v 265.812988 98.548836 -109.168068
v 260.703613 98.705231 -110.603600
v 265.593903 98.623421 -110.997650
v 265.485291 98.591263 -111.099495
v 265.502808 98.690041 -111.068069
v 265.579803 98.650330 -111.298531
v 260.625824 98.599663 -111.470268
v 265.513580 98.630081 -111.439339
v 260.723999 98.570930 -111.707985
v 265.519745 98.621468 -111.900597
v 260.699524 98.661804 -112.510132
v 265.562378 98.621834 -112.170731
v 260.795654 98.588425 -112.628944
v 265.470673 98.588989 -112.742844
v 265.525146 98.634087 -112.902534
v 265.620300 98.662331 -113.556870
v 265.598022 98.628708 -113.886375
v 265.398407 98.640518 -113.880959
v 265.559875 98.652962 -114.272362
v 265.483368 98.645660 -114.291016
v 265.441284 98.633293 -114.291733
v 265.365112 98.525223 -114.391205
v 265.382477 98.572121 -115.742218
v 265.572388 98.622665 -116.972534
v 265.537476 98.641808 -117.036446
v 265.602142 98.573677 -117.236473
v 265.451385 98.670670 -117.447815
v 265.621582 98.610512 -117.470795
v 265.483948 98.553551 -117.494286
v 265.607147 98.587982 -117.506226
v 265.588318 98.648857 -117.627441
v 265.597260 98.650192 -117.655762
v 265.547668 98.607521 -117.639923
v 265.605194 98.661293 -117.709274
v 265.614166 98.641678 -117.898590
v 265.538605 98.594566 -117.911354
v 265.450684 98.560387 -117.891747
v 265.571777 98.631958 -118.211761
v 265.588318 98.552917 -118.428307
v 265.607300 98.625389 -118.510704
v 265.525116 98.607750 -118.478783
v 265.453827 98.565865 -118.428513
v 265.616425 98.585052 -118.873512
v 265.608246 98.678719 -118.882858
v 261.013885 98.683067 -118.983063
v 261.041290 98.576866 -119.111969
v 261.106384 98.607582 -120.052475
v 265.625946 98.692413 -120.187622
v 261.079041 98.592178 -120.160217
v 261.066254 98.624596 -120.135742
v 265.625153 98.690796 -120.213348
v 264.659485 98.391487 -120.213646
v 265.624237 98.689026 -120.253036
v 265.623566 98.689224 -120.297325
v 264.843842 98.229301 -120.385651
v 264.689941 98.520020 -120.397369
v 265.360870 98.501160 -120.270378
v 265.639984 98.683510 -120.616112
v 265.615051 98.630013 -120.901123
v 265.600891 98.675407 -121.566071
v 265.566132 98.640808 -121.466171
v 264.492920 98.569092 -121.780663
v 264.308472 98.383858 -121.782738
v 264.931549 98.566849 -122.051071
v 264.313171 98.458618 -122.044426
v 264.636414 98.402229 -122.023369
v 263.827240 98.663116 -122.103645
v 263.665344 98.703285 -122.079407
v 261.284058 98.223732 -122.382454
v 258.787628 98.281319 -101.151848
v 258.182678 97.205956 -101.088646
v 267.425568 97.821556 -101.263191
v 258.796967 98.108849 -101.384636
v 260.169525 98.513924 -104.369743
v 265.995972 98.535141 -104.369148
v 265.752808 98.521439 -106.148453
v 260.627991 98.468658 -108.020256
v 260.648743 98.527443 -108.338692
v 260.689270 98.556664 -108.598007
v 260.730713 98.570717 -109.663704
v 260.667450 98.565514 -110.902611
v 265.376068 98.500488 -111.433350
v 265.337982 98.514832 -113.568169
v 265.448181 98.570976 -113.749657
v 260.771118 98.516632 -113.990158
v 262.983429 98.542770 -118.160095
v 265.577454 98.607368 -116.960960
v 265.520599 98.563911 -117.107262
v 265.501465 98.572495 -117.221031
v 265.566132 98.580704 -117.723328
v 265.474854 98.546524 -117.716537
v 265.558441 98.598244 -117.825775
v 262.424774 98.542084 -118.361115
v 265.559570 98.593819 -118.029762
v 261.307617 98.560677 -118.371330
v 265.448090 98.549095 -118.564377
v 261.134674 98.464081 -118.937538
v 265.455536 98.571007 -118.964294
v 265.573364 98.605339 -119.052330
v 265.573425 98.603012 -119.081352
v 265.579102 98.600494 -119.147675
v 265.729645 98.473640 -120.869331
v 261.079437 98.601868 -120.094627
v 265.596924 98.563538 -120.648613
v 265.389740 98.541153 -120.691406
v 265.515808 98.565460 -121.554771
v 265.372864 98.535408 -121.605942
v 261.197174 98.522614 -121.761787
v 265.031494 98.539261 -121.967865
v 262.282654 98.474594 -121.920860
v 261.210175 98.484077 -122.136444
v 262.786804 98.396538 -122.015770
v 265.112762 98.573311 -122.086349
v 264.510010 98.422676 -122.151962
v 262.021362 98.530960 -122.058723
v 265.272858 98.417076 -122.189034
v 262.972961 98.356689 -122.232475
v 258.544678 98.326782 -101.208481
v 266.511444 98.339180 -101.473114
v 260.033478 98.413841 -103.129898
v 260.519348 98.349075 -105.754898
v 260.948517 98.470436 -108.734627
v 265.331696 98.477051 -110.488937
v 260.866913 98.560539 -110.868240
v 263.459167 98.512154 -114.290604
v 263.684814 98.487289 -118.366371
v 265.409241 98.513931 -117.045082
v 265.577087 98.604507 -116.936806
v 265.573486 98.599152 -116.979019
v 265.453796 98.493256 -117.269852
v 265.527863 98.571327 -117.634148
v 265.368591 98.499985 -117.588562
v 265.522766 98.561241 -117.847603
v 265.515106 98.565170 -117.857010
v 265.465088 98.516594 -117.991402
v 265.417145 98.516129 -118.258331
v 261.086243 98.478043 -120.032135
v 261.109497 98.567062 -120.266800
v 261.117554 98.546036 -120.270660
v 261.078552 98.580856 -120.303177
v 264.668762 98.428734 -120.368744
v 261.034271 98.568726 -121.535400
v 265.665985 98.464203 -122.338737
v 264.311340 98.436508 -121.675041
v 262.041779 98.453033 -121.890572
v 263.880981 98.470528 -121.988045
v 264.974152 98.533478 -122.047806
v 262.271271 98.477997 -122.015205
v 265.018921 98.569099 -122.089844
v 264.955994 98.574043 -122.064659
v 264.480133 98.416473 -122.051254
v 264.364990 98.399902 -122.132423
v 262.187897 98.364418 -122.201843
v 266.318939 98.234978 -101.659920
v 259.871918 98.165405 -102.146942
v 260.327576 98.279877 -105.680748
v 260.610504 98.447502 -111.122963
v 265.649994 98.491348 -112.094254
v 265.297363 98.501991 -114.048996
v 262.791290 98.427025 -118.426994
v 265.192963 98.339409 -118.525757
v 261.119720 98.484703 -118.746307
v 264.521820 98.326241 -119.891273
v 264.535919 98.456665 -120.273567
v 264.300079 98.480156 -119.893829
v 261.111084 98.520721 -120.227737
v 261.114807 98.514877 -120.260361
v 264.310394 98.462997 -120.779457
v 264.531830 98.455498 -120.426567
v 261.129272 98.444138 -120.390541
v 264.517212 98.472984 -121.636017
v 265.742157 98.470215 -121.164650
v 263.634308 98.196930 -121.902847
v 263.306244 98.469963 -121.989868
v 263.104614 98.457222 -122.001465
v 261.952881 98.363266 -121.985947
v 264.710632 98.475616 -122.098213
v 262.605377 98.399849 -122.025764
v 265.003815 98.434372 -122.159447
v 263.705963 98.221237 -122.202850
v 262.056854 98.499268 -122.156593
v 267.553314 97.672287 -100.875710
v 259.151672 98.209953 -101.311783
v 259.469879 98.387169 -101.278664
v 265.986053 98.334999 -103.397270
v 265.262543 98.408958 -108.783684
v 260.502686 98.396988 -108.557831
v 263.200928 98.444344 -109.883270
v 264.804657 98.315926 -118.447998
v 262.535553 98.045227 -118.682930
v 261.175049 98.427071 -118.499481
v 265.284027 98.392197 -119.278587
v 265.682098 98.405029 -121.208466
v 264.521515 98.302322 -121.603333
v 265.280579 98.393860 -122.002350
v 261.153809 98.428345 -121.726334
v 262.174744 98.400101 -121.798180
v 262.136444 98.398888 -121.815521
v 262.185242 98.397636 -121.800781
v 264.530579 98.196938 -121.962311
v 262.063965 98.389626 -121.901375
v 261.110291 98.469231 -122.116959
v 262.049286 98.407249 -122.130684
v 262.395325 97.995369 -122.215981
v 258.529236 98.207474 -101.304306
v 260.339691 98.260262 -103.856773
v 265.760956 98.320793 -104.566414
v 265.597504 98.342720 -108.337692
v 265.479065 98.361694 -109.656143
v 265.357544 98.400322 -113.632576
v 260.881409 98.480988 -118.282936
v 264.605865 98.406616 -120.208496
v 264.511780 98.263916 -120.932312
v 265.664001 98.432198 -120.870438
v 265.935120 98.215225 -121.116875
v 264.327087 98.277237 -120.957954
v 264.490692 98.330208 -121.744331
v 262.157135 98.391563 -121.790230
v 262.192413 98.386040 -121.802917
v 262.085419 98.420319 -121.855316
v 262.097778 98.407135 -121.845535
v 262.055908 98.404266 -121.885948
v 263.785095 98.320763 -121.893867
v 263.250031 98.220726 -121.818192
v 262.815521 98.258797 -121.935242
v 264.298615 98.261879 -121.964203
v 264.900574 98.345024 -122.059937
v 262.123260 98.365372 -122.068237
v 265.154297 98.319702 -122.129280
v 263.107910 98.075981 -122.240562
v 261.965363 98.355652 -122.179207
v 261.489899 98.110931 -122.203812
v 267.605835 97.043228 -101.138901
v 266.707062 98.221718 -101.208046
v 259.625031 98.054260 -101.359444
v 265.461334 98.376259 -118.333374
v 264.646393 98.392990 -118.272041
v 262.892426 98.406120 -118.306618
v 263.746613 98.255379 -118.449371
v 264.322144 98.292381 -119.897484
v 265.553101 98.431747 -120.987015
v 264.605286 98.371918 -120.219093
v 264.699493 98.332588 -120.237160
v 264.599365 98.380264 -120.383110
v 265.055939 98.215858 -121.949409
v 263.719635 98.333420 -121.832825
v 262.121552 98.394531 -121.815735
v 262.115509 98.394554 -121.828743
v 263.849152 98.303581 -122.010826
v 265.057739 98.337532 -122.051666
v 264.291748 98.343246 -122.196167
v 263.629425 98.236778 -122.003517
v 262.052216 98.374367 -122.072884
v 262.046936 98.372986 -122.130997
v 264.865723 98.243393 -122.199142
v 264.996338 98.214066 -122.177795
v 263.210724 98.028244 -122.212173
v 258.351074 97.171310 -100.802673
v 265.773956 98.230553 -105.095505
v 265.479889 98.257378 -105.078209
v 261.458527 98.280441 -106.042358
v 261.488312 98.285286 -106.159233
v 261.611572 98.282761 -106.269081
v 261.458954 98.363358 -109.037346
v 262.824036 98.419250 -113.607414
v 261.655151 98.006721 -118.712303
v 265.006866 98.183998 -120.155098
v 264.532776 98.308937 -120.104980
v 264.836487 98.155075 -120.198349
v 264.607941 98.335121 -120.217987
v 264.585205 98.292046 -120.374733
v 264.607117 98.339386 -120.389542
v 264.572266 98.292435 -120.411377
v 265.783295 98.123360 -121.091568
v 264.326050 98.280922 -121.591492
v 263.839783 98.119011 -121.782715
v 262.188049 98.376106 -121.801468
v 262.274109 98.105156 -121.973244
v 263.915680 98.112083 -122.232948
v 259.275177 97.993484 -101.215935
v 258.275085 97.118828 -101.207184
v 259.538208 98.078140 -101.406181
v 265.883911 98.148010 -102.635063
v 261.475647 98.282623 -106.100098
v 263.257416 98.183670 -106.145981
v 263.207611 98.287682 -108.959557
v 263.628113 97.950768 -118.452675
v 263.101776 98.246216 -118.975685
v 264.621521 98.304848 -120.214172
v 264.577637 98.298950 -120.232468
v 264.967957 98.150597 -120.428696
v 265.876862 98.133415 -120.962952
v 263.687408 98.230537 -121.869614
v 263.132507 98.231850 -121.824196
v 263.305817 97.980705 -121.964218
v 264.841339 98.185013 -122.022079
v 264.535858 98.240784 -122.004829
v 258.622040 97.841125 -101.273476
v 266.254730 98.072372 -101.508125
v 263.232788 97.799141 -118.417168
v 262.911987 98.108864 -118.663849
v 263.344940 98.159019 -118.686974
v 263.579834 98.222923 -118.794693
v 262.877472 98.195389 -118.820068
v 263.570557 98.178345 -119.001236
v 261.835052 97.712578 -119.008430
v 262.107544 97.443314 -119.246155
v 264.876862 98.103577 -119.935638
v 264.839050 98.148697 -119.951706
v 264.818451 98.172485 -119.951904
v 264.803375 98.180069 -119.948402
v 264.712738 98.204094 -119.946274
v 264.784180 98.203056 -119.964058
v 264.628723 98.282997 -120.211929
v 264.665619 98.275665 -120.220955
v 264.707916 97.984787 -120.419128
v 264.742737 98.108261 -121.688492
v 263.785095 98.194824 -121.862724
v 264.702515 98.195045 -121.871658
v 264.688995 98.194832 -121.871704
v 263.625641 98.192627 -121.795273
v 262.959167 98.139687 -121.953514
v 264.884125 98.148628 -121.854393
v 264.825836 98.155411 -121.904366
v 263.789185 98.158142 -121.879204
v 262.413513 98.162132 -122.007614
v 264.623566 97.921089 -122.013512
v 264.137634 98.128403 -122.027855
v 262.080841 98.091339 -122.017448
v 263.788330 98.159058 -122.029968
v 262.677612 98.109550 -122.048126
v 263.114227 97.892914 -122.048111
v 261.811218 97.925148 -122.217720
v 259.047180 97.868523 -101.172379
v 258.917267 98.041458 -101.341698
v 266.435425 98.083801 -101.448120
v 260.054077 98.081238 -101.903786
v 263.209320 98.066147 -118.604164
v 264.834198 98.035667 -118.705795
v 263.470978 98.072533 -119.056602
v 263.070465 98.020988 -119.150940
v 264.900116 98.099854 -119.977928
v 264.893768 98.121864 -120.288437
v 264.688812 98.238121 -120.218735
v 264.686920 98.008507 -120.341042
v 264.869995 98.091156 -121.646255
v 264.863159 98.128761 -121.879822
v 264.858368 98.064354 -121.910019
v 264.852661 98.134583 -121.927605
v 264.716583 98.190231 -121.873032
v 264.658234 97.990280 -122.062576
v 262.591736 97.994568 -122.197472
v 266.143890 98.134827 -102.565132
v 261.414825 97.967537 -102.010460
v 264.449768 97.876373 -118.729881
v 264.039032 97.996300 -118.617989
v 263.759033 98.034592 -118.647209
v 262.776154 98.051865 -118.732964
v 262.680542 98.028992 -118.989410
v 264.782806 98.025482 -119.942665
v 264.690155 97.952950 -120.174477
v 264.855072 98.104729 -121.759193
v 264.014191 98.069962 -121.795898
v 264.772491 98.174416 -121.851700
v 264.738922 98.183220 -121.856171
v 264.709564 98.188774 -121.862381
v 264.751587 98.181641 -121.873215
v 263.945984 98.057747 -121.968590
v 263.989319 98.006691 -122.025368
v 264.332275 97.819649 -122.053238
v 264.696991 97.968407 -122.170685
v 267.559937 97.296005 -100.333275
v 267.640259 97.140160 -100.817062
v 266.440430 97.934517 -101.220680
v 259.266785 97.867859 -101.380806
v 260.100128 98.012344 -102.070915
v 265.486969 98.062950 -103.903404
v 261.434387 98.124527 -105.692558
v 261.852539 97.516632 -118.882515
v 262.640045 98.024086 -118.895012
v 264.107086 98.053429 -121.787483
v 264.108612 98.068359 -121.786964
v 264.095947 98.070946 -121.786377
v 263.636688 97.959755 -121.816750
v 264.760376 98.175911 -121.857124
v 264.721588 98.185181 -121.861763
v 264.063324 98.052078 -121.791374
v 264.029877 98.049484 -121.792068
v 263.807587 98.089790 -121.867126
v 263.653564 98.070358 -121.870361
v 262.620667 98.029961 -121.938324
v 263.861298 98.026672 -121.953232
v 261.727631 97.857841 -122.174286
v 266.514557 97.847427 -101.239922
v 264.208527 98.009178 -102.561783
v 261.429535 97.838684 -101.875450
v 263.325775 98.136688 -118.916603
v 263.489136 98.006157 -118.925964
v 262.766205 97.981438 -119.140343
v 264.724792 97.958870 -121.765991
v 264.159119 97.702362 -121.801453
v 264.081238 97.859894 -121.746544
v 264.008026 98.026329 -121.783928
v 263.251678 97.852631 -121.765152
v 263.803711 98.026329 -121.866524
v 263.768005 98.011086 -121.862106
v 263.647369 98.033386 -121.872528
v 263.682159 98.004211 -121.874222
v 262.421844 97.855965 -121.978767
v 266.872284 97.901955 -101.154671
v 265.267029 97.892838 -101.336746
v 259.748627 97.888809 -101.446579
v 263.122253 98.088730 -106.643158
v 262.787537 97.848190 -118.619011
v 263.552826 98.021439 -118.801483
v 263.153748 98.036018 -118.687401
v 262.319122 97.794418 -118.922600
v 263.733795 97.880135 -118.701965
v 262.957458 98.028442 -118.978455
v 262.645233 97.960899 -119.179161
v 262.610138 97.793823 -119.197540
v 263.989197 97.975540 -121.789879
v 263.798828 97.954796 -121.812584
v 263.796936 97.987083 -121.898781
v 263.634735 97.918991 -121.947319
v 264.317780 97.708794 -122.190384
v 262.140350 97.728241 -122.226913
v 258.275238 97.700600 -100.478951
v 258.900513 97.812393 -101.271606
v 259.237427 97.725479 -101.247200
v 259.139191 97.915283 -101.250038
v 259.944916 97.886116 -101.341759
v 258.835144 97.875114 -101.479164
v 265.977783 97.914589 -101.502800
v 263.785248 97.786095 -101.246948
v 263.871887 97.178017 -119.030144
v 262.972443 97.876396 -118.592339
v 263.516937 97.841377 -118.840073
v 263.640961 97.868553 -118.866287
v 262.514435 97.858765 -118.921837
v 264.527649 97.820229 -118.984734
v 262.551056 97.745888 -119.099724
v 262.632263 97.956238 -119.177696
v 262.629700 97.944191 -119.173218
v 264.519043 97.811836 -121.249214
v 262.937561 97.662460 -121.797577
v 262.923187 97.682899 -121.950043
v 263.912140 97.834930 -121.966103
v 264.178467 97.866142 -121.975937
v 263.138367 97.871788 -122.031624
v 263.120453 97.896706 -122.067596
v 262.731628 97.726898 -122.267967
v 265.646942 97.860191 -101.268143
v 258.951935 97.842072 -101.261047
v 263.484528 97.734901 -118.419739
v 262.709503 97.806290 -118.758293
v 262.296478 97.660301 -118.827637
v 263.891937 97.783501 -118.760643
v 262.859039 97.756531 -118.967903
v 263.910645 97.923309 -121.790314
v 263.820557 97.788239 -121.787254
v 262.610016 97.836960 -121.964241
v 263.080780 97.857254 -122.036438
v 263.116577 97.887634 -122.100609
v 263.147034 97.830956 -122.077316
v 263.311707 97.452446 -122.221779
v 265.509827 97.786964 -101.197464
v 265.601807 97.844521 -101.251640
v 265.559052 97.826859 -101.236221
v 259.678680 97.766754 -101.233650
v 264.625916 97.907440 -102.595825
v 263.112701 97.684196 -118.397552
v 263.257782 97.772102 -118.567116
v 263.341919 97.679932 -118.642540
v 262.971771 97.547615 -119.095016
v 262.636780 96.767883 -120.757515
v 264.316742 97.657127 -121.507965
v 264.439972 97.791748 -121.873978
v 263.923798 97.874695 -121.791672
v 263.625793 97.575089 -121.794365
v 262.481964 97.760841 -122.073662
v 264.704620 97.639275 -101.095604
v 262.798676 97.673424 -101.164467
v 258.362793 97.227592 -101.301025
v 258.884155 97.735115 -101.401070
v 264.360718 97.683868 -118.895615
v 262.111908 97.487328 -119.052696
v 262.935272 97.539207 -119.237907
v 264.001160 97.781082 -121.813972
v 262.368652 97.672165 -122.224579
v 264.894562 97.738281 -101.258316
v 263.190186 97.717407 -101.335472
v 263.747955 97.638878 -118.668777
v 263.557068 97.594604 -118.775696
v 264.089508 97.609901 -118.923698
v 263.576416 97.408600 -119.048126
v 264.111420 97.727638 -119.171028
v 264.022369 97.748199 -119.172592
v 264.010193 97.753242 -119.173996
v 263.330811 97.445160 -119.143066
v 262.411255 97.155334 -120.838623
v 263.329437 97.661110 -121.956947
v 262.614594 97.449043 -121.945297
v 263.934723 97.751152 -121.993690
v 262.579285 97.658447 -122.053978
v 263.255249 97.659874 -122.049606
v 262.958221 97.687836 -122.080368
v 263.970459 97.482300 -122.203979
v 263.119965 97.698402 -122.208534
v 264.483337 97.591408 -101.040573
v 263.476074 97.570175 -101.019699
v 259.711578 97.754356 -101.338631
v 261.840942 97.681534 -101.298889
v 263.101715 97.614288 -118.654198
v 262.885345 97.691734 -118.726219
v 264.066193 97.673264 -118.982544
v 264.042236 97.658920 -118.960983
v 264.230408 97.625504 -119.016228
v 264.095154 97.675484 -118.992714
v 264.052338 97.694756 -119.162125
v 264.003082 97.732201 -119.177498
v 264.246704 97.644417 -119.271957
v 264.150146 97.620331 -119.180748
v 264.132660 97.670929 -119.347656
v 264.082214 97.687798 -119.350586
v 264.227386 97.640839 -119.442909
v 264.138550 97.659187 -119.345924
v 264.252899 97.633591 -119.544525
v 264.080505 97.688721 -119.526169
v 264.142487 97.666794 -119.521149
v 264.136353 97.668983 -119.530106
v 264.246704 97.613815 -120.066376
v 264.129181 97.652199 -120.036018
v 264.142914 97.674263 -120.209785
v 264.117065 97.682999 -120.212273
v 264.154083 97.670273 -120.216034
v 264.142639 97.663139 -121.596291
v 264.086182 97.684814 -121.598671
v 264.222351 97.619568 -121.775696
v 263.921478 97.691177 -121.787636
v 263.788849 97.588684 -121.765388
v 263.821838 97.699554 -121.785973
v 263.249847 97.638405 -121.808426
v 263.288544 97.618919 -121.837128
v 263.996063 97.681953 -121.943062
v 263.837555 97.654213 -121.969025
v 262.437561 97.630692 -122.019554
v 264.209290 97.616104 -122.094482
v 263.964294 97.551643 -122.032402
v 263.092010 97.677757 -122.191002
v 264.054321 97.671761 -118.975060
v 263.992828 97.629524 -118.918640
v 264.085022 97.669220 -118.985786
v 264.186737 97.643456 -119.170723
v 262.401245 97.524254 -119.130890
v 264.198914 97.649788 -119.198135
v 264.180145 97.638214 -119.331734
v 264.161530 97.628807 -120.036919
v 264.194092 97.595016 -120.151375
v 264.234711 97.593636 -120.275742
v 264.195740 97.642815 -121.604324
v 263.839905 97.665054 -121.782547
v 263.819489 97.613441 -121.784241
v 263.616608 97.611122 -121.957764
v 262.598663 97.501335 -122.092438
v 262.517365 97.466988 -122.195923
v 262.163971 97.633034 -122.166512
v 263.978271 97.626640 -101.221222
v 263.355988 97.480179 -118.401062
v 263.164337 97.544510 -118.489738
v 262.832916 97.514412 -118.548927
v 263.256561 97.548546 -118.671661
v 264.039032 97.637085 -118.914818
v 264.075500 97.599525 -118.916046
v 264.043579 97.642685 -118.941139
v 263.902008 97.453888 -118.974022
v 264.169373 97.584419 -119.238892
v 264.205505 97.629967 -119.333466
v 264.199585 97.629425 -119.353310
v 264.203461 97.623962 -119.368683
v 264.173279 97.618134 -119.352898
v 264.196014 97.631355 -119.523087
v 264.181396 97.630379 -119.518364
v 264.170990 97.607422 -119.506729
v 264.157684 97.624825 -120.027122
v 264.166473 97.615295 -120.044983
v 264.199402 97.553314 -121.558731
v 264.222076 97.617523 -121.616127
v 264.227478 97.622322 -121.676651
v 264.223785 97.595604 -121.913002
v 263.837952 97.642960 -121.783722
v 263.469025 97.551643 -121.794144
v 263.238922 97.648178 -121.892982
v 263.098969 97.638588 -121.843452
v 263.860046 97.568695 -121.986435
v 263.324463 97.602142 -121.893471
v 263.359741 97.580673 -121.971107
v 263.066223 97.555183 -122.026649
v 262.957916 97.489243 -122.076439
v 262.129974 97.527992 -122.201401
v 262.072388 97.558060 -122.133499
v 263.090668 97.650070 -122.170021
v 262.425415 97.404114 -122.175720
v 262.159607 97.595764 -122.195755
v 258.252106 97.080574 -100.453148
v 267.555542 97.063324 -101.003166
v 263.033508 97.408501 -118.462318
v 263.612305 97.441727 -118.559242
v 262.611145 97.466690 -119.192802
v 264.188538 97.594620 -119.436295
v 264.187683 97.602791 -119.538803
v 264.152863 97.516647 -119.615189
v 264.145081 97.516823 -120.000313
v 263.394287 97.536629 -121.266426
v 263.392548 97.429855 -121.666031
v 263.786957 97.571739 -121.772453
v 263.317017 97.534828 -121.867752
v 263.795410 97.412971 -121.925903
v 263.192902 97.504333 -121.972557
v 263.375092 97.574722 -121.951836
v 263.201996 97.538658 -121.996780
v 262.172516 97.585312 -122.192459
v 263.010468 97.554047 -122.237404
v 262.211945 97.389229 -122.247421
v 263.354889 97.397659 -101.130646
v 263.538239 97.525101 -118.883499
v 262.118561 97.330627 -118.915199
v 264.133392 97.509079 -119.049728
v 262.265533 97.463158 -119.162224
v 263.666382 97.001083 -120.478104
v 264.110870 97.505692 -121.936180
v 263.801819 97.582672 -121.775833
v 262.953552 97.406944 -121.779129
v 262.127594 97.447586 -122.055992
v 263.453796 97.507339 -121.927307
v 262.448700 97.458557 -121.978706
v 263.342316 97.557495 -121.999741
v 263.581512 97.439255 -122.011032
v 263.589508 97.482742 -122.035477
v 263.236725 97.456345 -122.022820
v 263.063385 97.461853 -122.108528
v 263.114471 96.613503 -122.388412
v 262.235107 97.467117 -119.130318
v 262.938141 97.212112 -119.306648
v 262.429382 97.153397 -122.016068
v 263.791656 97.562180 -121.776093
v 263.771118 97.554359 -121.776665
v 262.989838 97.396225 -121.809883
v 263.901276 97.470932 -122.024658
v 263.192474 97.502701 -122.028397
v 263.888123 97.394958 -122.068947
v 263.165253 97.485031 -122.043121
v 262.281677 97.389626 -119.130272
v 263.887787 97.335869 -121.933624
v 262.939117 97.461319 -121.796738
v 263.116333 97.160599 -121.910835
v 263.935822 97.461655 -122.027405
v 263.142090 97.420166 -122.037064
v 263.091888 97.250328 -118.659401
v 262.220001 97.353630 -119.201408
v 263.412231 97.161507 -121.222313
v 262.945038 97.433632 -121.796997
v 263.400330 97.380783 -121.925896
v 263.306732 97.382721 -121.946281
v 263.210358 97.354950 -122.036232
v 263.432770 97.382805 -121.978813
v 263.618103 97.213524 -122.030022
v 266.162109 96.003700 -101.128273
v 263.442657 97.322891 -118.674377
v 263.623016 97.151199 -119.213150
v 263.480133 97.117577 -121.253059
v 262.949371 97.417931 -121.795761
v 263.341003 97.347595 -121.885628
v 263.360657 97.359818 -121.915245
v 263.336914 97.359131 -121.905884
v 263.335541 97.364906 -121.917801
v 262.934692 97.184097 -121.905128
v 262.535645 97.322525 -122.145721
v 262.500519 97.274261 -122.024849
v 263.744843 97.227882 -122.165833
v 263.506592 97.126030 -122.189774
v 262.471375 97.233521 -119.182205
v 263.590393 97.128906 -121.446213
v 263.305939 97.069557 -121.248955
v 263.373230 97.352272 -121.893829
v 263.171600 97.312111 -122.016464
v 263.520599 97.282028 -122.026276
v 262.353546 97.259865 -122.151962
v 262.953003 96.698395 -122.255600
v 263.611053 97.127800 -120.924240
v 263.361877 97.342514 -121.878418
v 263.221039 97.123428 -122.038391
v 263.170654 97.264778 -122.016388
v 263.329010 97.026199 -122.070938
v 263.287384 97.009712 -122.223694
v 262.461700 97.244164 -122.184166
v 262.501465 97.143539 -122.218605
v 262.660126 96.924492 -119.404610
v 263.375916 97.191910 -119.856636
v 263.325684 97.139381 -119.879211
v 263.304840 97.172935 -120.956329
v 263.430969 97.184181 -121.051544
v 263.418884 97.140091 -121.058189
v 263.380890 97.170906 -121.422646
v 263.505432 97.180878 -122.025589
v 263.174713 97.117439 -122.025253
v 262.569366 97.154465 -122.119202
v 263.162201 97.217461 -122.021309
v 262.469147 97.229820 -122.182480
v 262.438538 97.229439 -122.185364
v 263.552002 97.088593 -120.407448
v 263.175201 97.109360 -120.750130
v 263.049194 97.109634 -120.654984
v 263.454987 97.114059 -121.156013
v 263.535675 97.098526 -121.368706
v 263.365723 97.170670 -121.424484
v 263.494659 97.083023 -121.458824
v 262.482880 97.066071 -122.079353
v 263.485870 97.044975 -121.894150
v 263.166962 96.966766 -122.024750
v 262.924744 96.515526 -119.455276
v 263.238617 96.957848 -119.350624
v 263.356995 96.934517 -119.419983
v 263.554352 97.092575 -119.844696
v 263.253876 96.847458 -119.875519
v 263.309601 97.111633 -119.878754
v 263.417999 97.045685 -119.980278
v 263.311249 97.125244 -119.882072
v 263.335052 97.084633 -120.048210
v 262.952179 97.067986 -120.862999
v 263.341919 97.024521 -120.896088
v 263.501953 97.099274 -121.144379
v 263.393585 96.997078 -121.165321
v 262.921906 97.061089 -122.020935
v 262.953278 97.022911 -119.388298
v 263.735260 97.018326 -119.943573
v 263.390198 96.958412 -120.218765
v 263.499939 97.001503 -120.334023
v 263.200623 96.959518 -120.548538
v 262.549225 96.983597 -120.973091
v 263.481506 97.120613 -120.971573
v 263.384644 97.159386 -121.424973
v 263.223480 97.082764 -122.027794
v 263.414642 96.965591 -122.153282
v 262.868988 96.514679 -122.366531
v 263.046356 96.991081 -119.536186
v 263.382324 96.991592 -119.795929
v 262.592834 96.988770 -120.665497
v 262.888672 96.994392 -120.681061
v 262.764435 96.986931 -120.815475
v 263.148865 96.964981 -120.972847
v 263.034576 96.966629 -121.082039
v 263.087433 96.933914 -121.252525
v 263.238098 96.903755 -121.283722
v 263.062866 96.967651 -121.689751
v 263.012543 96.983902 -121.671967
v 263.001190 96.986038 -121.683723
v 263.235504 96.951111 -122.023689
v 263.221466 97.023933 -122.024483
v 263.576385 96.974052 -120.827217
v 263.204102 96.918633 -121.084351
v 262.997467 96.974190 -121.675682
v 263.046631 96.935104 -121.855408
v 263.273407 96.896965 -122.122849
v 262.883636 96.703812 -122.039230
v 262.892029 96.702019 -119.567146
v 263.520752 96.866585 -119.674675
v 263.124969 96.824020 -119.513733
v 262.812378 96.788513 -119.653801
v 263.287109 96.856468 -120.263565
v 262.782043 96.761940 -120.535393
v 263.207153 96.939423 -120.755310
v 262.909332 96.735962 -120.911102
v 263.176208 96.864899 -121.167511
v 262.986481 96.748360 -121.218559
v 263.000244 96.955795 -121.687698
v 263.078003 96.885826 -121.984955
v 262.882355 96.664116 -122.166618
v 263.717834 96.759941 -119.846298
v 263.698944 96.787102 -120.172211
v 262.977234 96.830147 -121.074318
v 262.877472 96.687988 -121.146217
v 263.093872 96.813156 -121.435753
v 263.176941 96.842026 -121.628532
v 263.103668 96.891235 -121.691422
v 263.097290 96.873184 -121.670563
v 263.143097 96.851921 -121.863594
v 263.055786 96.869751 -121.680511
v 263.103973 96.851601 -121.715073
v 263.075897 96.861534 -121.829544
v 263.057251 96.867157 -121.892532
v 258.260315 95.429848 -100.861328
v 263.116028 96.797691 -119.674866
v 263.127411 96.786148 -119.732368
v 262.849518 96.753136 -119.734398
v 262.936432 96.790688 -119.860298
v 262.966522 96.798691 -119.864960
v 263.158264 96.775833 -119.965584
v 263.107971 96.785767 -119.848495
v 263.042358 96.799599 -119.865356
v 263.021515 96.801239 -119.867783
v 262.936279 96.788437 -119.863243
v 263.259521 96.762344 -120.521347
v 262.945953 96.678978 -120.583130
v 263.134338 96.686531 -120.953697
v 263.093262 96.842476 -121.667824
v 263.037781 96.858643 -121.865776
v 263.083252 96.847977 -121.908417
v 263.054413 96.837509 -121.913483
v 262.893555 96.793358 -119.685333
v 262.887268 96.753662 -119.835030
v 263.010315 96.692451 -121.720642
v 267.462982 95.255379 -101.085762
v 258.166199 95.537811 -101.253586
v 262.313263 95.358528 -101.310867
v 258.309387 95.479401 -101.359978
v 263.090363 96.735115 -119.554977
v 263.084839 96.751076 -119.680962
v 263.060394 96.780800 -119.689209
v 263.118469 96.663681 -119.796120
v 263.075165 96.784721 -119.864601
v 262.859344 96.739227 -119.884445
v 263.414673 96.615837 -120.340385
v 263.357788 96.549446 -120.446579
v 263.068298 96.725693 -119.659462
v 262.923828 96.652664 -119.799484
v 262.879852 96.573906 -120.758209
v 258.295197 95.447769 -100.472824
v 267.494751 95.527504 -100.702812
v 258.286621 95.521225 -101.235878
v 263.142059 96.579376 -119.756866
v 262.952820 96.476959 -120.657661
v 262.816711 96.553467 -120.837730
v 262.525055 95.346527 -101.176514
v 263.251190 96.536880 -119.903275
v 267.533356 95.737076 -100.259682
v 263.144989 96.601425 -120.335808
v 266.249176 96.023170 -101.234268
v 267.561951 95.460632 -100.720901
v 267.622925 95.240265 -100.995132
v 267.469513 95.247246 -101.221619
v 262.117126 95.409683 -101.176743
v 258.342133 95.492317 -100.851692
v 262.216949 95.733490 -100.701050
v 262.446991 95.688751 -100.838341
v 267.488892 95.271500 -100.283447
v 262.602875 95.512062 -100.795235
v 262.087097 95.499702 -100.819435
v 262.328003 95.362923 -100.769829
v 262.109222 95.495331 -100.922562
v 265.394562 95.275887 -101.107887
v 267.530426 95.270981 -100.321037
v 267.371216 95.253792 -100.715172
v 262.839783 95.356758 -100.917633
v 262.322021 95.352158 -100.916573
v 259.564331 95.455948 -101.221390
v 262.185028 95.260216 -101.257309
v 261.584808 95.402000 -100.803337
v 262.788330 95.353035 -100.737854
v 260.239227 95.360786 -101.156281
v 259.708984 95.292908 -101.261322
v 267.515717 95.429192 -100.268265
v 267.517334 95.413788 -100.269867
v 259.680481 95.344040 -100.422974
v 258.246155 95.397415 -100.499886
v 261.818359 95.353966 -100.645546
v 261.497925 95.330238 -101.147415
v 267.512299 95.391563 -100.268143
v 261.477600 95.292198 -100.453918
v 262.200684 95.262390 -100.444336
v 260.052338 95.255783 -100.461624
v 265.076782 95.270409 -100.702614
v 259.371796 95.328110 -100.911591
v 258.271881 95.408051 -101.280945
v 265.149872 95.203445 -100.261482
v 263.633301 95.249763 -100.258202
v 262.670074 95.263672 -100.382706
v 267.375702 95.145271 -100.734283
v 262.022034 95.364578 -100.921745
v 267.382507 95.161041 -100.236732
v 266.515961 95.162155 -100.265518
v 262.718506 95.257202 -100.369049
v 262.698120 95.261864 -100.369400
v 261.705933 95.269714 -100.663780
v 262.341705 95.289940 -100.864525
v 261.427185 95.237541 -101.070503
v 260.369904 95.254967 -100.999977
v 267.098846 95.134682 -100.346306
v 262.323273 95.239670 -100.432121
v 264.160492 95.219040 -100.743355
v 267.456390 95.119057 -101.101265
v 262.099579 95.229675 -101.161102
vn 0.0455 0.9990 0.0015
vn -0.1613 0.1944 -0.9676
vn -0.0155 0.9881 0.1528
vn -0.0559 0.7997 -0.5978
vn -0.0714 0.9907 0.1157
vn -0.2372 0.4721 -0.8490
vn -0.0131 0.9558 0.2936
vn 0.0076 0.9692 0.2463
vn -0.0330 0.9346 -0.3543
vn -0.0412 0.9614 0.2719
vn 0.0635 0.7134 -0.6979
vn 0.1592 0.3015 -0.9401
vn -0.0810 0.2542 0.9637
vn 0.0730 0.2071 0.9756
vn 0.0746 0.9425 0.3258
vn -0.0328 0.9490 0.3137
vn 0.3543 0.9345 -0.0344
vn 0.0519 0.6813 -0.7302
vn -0.0130 0.3994 -0.9167
vn 0.1151 0.1166 0.9865
vn 0.0091 0.9926 0.1211
vn 0.0449 0.1356 0.9897
vn -0.0568 0.0493 0.9972
vn -0.0430 0.9596 0.2779
vn 0.2435 0.0226 0.9696
vn 0.6912 0.6741 0.2606
vn 0.8885 0.4437 -0.1169
vn 0.1376 0.6479 -0.7492
vn -0.3273 -0.9432 0.0572
vn -0.1784 -0.7787 0.6015
vn -0.0813 -0.9638 -0.2539
vn -0.4424 0.8589 0.2580
vn -0.7695 0.6350 -0.0686
vn -0.1736 -0.4698 0.8655
vn 0.1905 -0.6994 0.6888
vn -0.0304 -0.8706 0.4911
vn -0.0452 -0.0670 0.9967
vn -0.3076 0.7011 0.6433
vn -0.0426 0.0346 0.9985
vn 0.3545 0.2155 0.9099
vn 0.1024 -0.9777 -0.1832
vn 0.1230 -0.9909 -0.0544
vn -0.0780 -0.8537 -0.5150
vn 0.0090 -0.8540 0.5201
vn -0.1762 -0.5515 0.8153
vn -0.2175 0.4412 -0.8707
vn -0.0264 0.2579 -0.9658
vn -0.0146 0.0012 0.9999
vn -0.5585 0.5760 0.5969
vn 0.1318 -0.9647 -0.2278
vn -0.1185 -0.9719 0.2034
vn -0.1633 -0.8009 0.5761
vn -0.0830 -0.9924 0.0907
vn 0.0515 -0.3301 0.9425
vn 0.1894 0.2041 -0.9605
vn -0.8318 0.2097 -0.5139
vn 0.2458 -0.7900 0.5617
vn 0.0030 -0.9998 -0.0193
vn -0.0393 -0.7026 0.7105
vn -0.5061 -0.8438 0.1785
vn 0.6202 -0.2373 -0.7477
vn 0.0154 -0.9219 -0.3872
vn 0.0550 -0.8923 0.4480
vn -0.5406 -0.5235 -0.6586
vn -0.2147 -0.5202 0.8266
vn 0.1224 0.9469 -0.2972
vn 0.4634 0.2412 -0.8527
vn 0.0123 -0.3227 0.9464
vn 0.2352 0.0114 0.9719
vn -0.2209 -0.1401 0.9652
vn 0.0193 0.0174 0.9997
vn -0.0748 -0.1587 0.9845
vn 0.3492 -0.2734 0.8963
vn 0.0940 0.0627 0.9936
vn -0.3089 0.5810 -0.7530
vn -0.0155 -0.9940 0.1080
vn -0.7116 -0.6971 -0.0877
vn -0.1803 -0.9771 -0.1127
vn 0.3075 -0.9428 -0.1291
vn 0.6993 -0.6973 0.1575
vn -0.6052 -0.1515 0.7815
vn 0.0090 -0.2453 0.9694
vn 0.1246 0.1944 -0.9730
vn 0.2151 0.6498 -0.7291
vn -0.3102 -0.6081 0.7307
vn -0.9003 -0.1991 0.3871
vn -0.2777 -0.4376 0.8552
vn 0.1685 0.8660 0.4708
vn 0.9548 -0.1703 -0.2436
vn 0.1699 0.5447 0.8213
vn 0.1186 -0.2474 0.9616
vn -0.0779 -0.0635 0.9949
vn 0.5220 -0.2448 0.8171
vn -0.1769 0.6281 -0.7578
vn 0.5455 0.6731 0.4993
vn 0.5097 0.7294 -0.4562
vn -0.6365 0.7665 -0.0853
vn -0.9772 0.1473 0.1530
vn 0.4440 0.6468 0.6201
vn 0.5460 0.6150 0.5689
vn -0.5626 0.0616 0.8244
vn 0.0193 0.6885 0.7249
vn -0.1237 0.7745 0.6204
vn -0.3428 0.1839 0.9212
vn 0.3092 -0.0825 -0.9474
vn -0.2820 0.9582 0.0491
vn -0.6101 -0.0603 -0.7900
vn 0.2339 0.8107 0.5366
vn -0.6053 0.1956 -0.7716
vn 0.0323 0.6986 -0.7148
vn -0.4127 0.2794 0.8669
vn -0.3211 0.2909 0.9013
vn -0.2131 -0.0877 -0.9731
vn 0.1132 -0.1090 -0.9876
vn 0.1754 0.9726 0.1529
vn -0.0107 -0.6657 0.7462
vn 0.4206 0.2407 0.8747
vn -0.5119 0.7306 -0.4518
vn 0.9258 -0.1509 0.3466
vn -0.3752 -0.8489 0.3724
vn 0.1701 -0.0414 0.9846
vn 0.0368 -0.2579 -0.9655
vn 0.5045 0.2163 -0.8359
vn -0.1285 0.0500 -0.9904
vn 0.4956 0.8683 -0.0194
vn 0.1036 0.9671 -0.2322
vn 0.1509 0.9884 -0.0171
vn -0.8378 0.4045 -0.3667
vn 0.6496 0.0045 0.7602
vn 0.1219 0.0504 -0.9913
vn 0.4915 0.4889 -0.7207
vn -0.4249 0.9050 -0.0198
vn -0.6989 -0.2785 0.6587
vn -0.3626 -0.5622 0.7433
vn 0.6885 0.3510 0.6346
vn 0.6620 -0.5490 -0.5102
vn -0.8178 -0.1791 0.5469
vn -0.2083 -0.4133 0.8864
vn -0.3287 0.1405 0.9339
vn 0.0471 -0.0075 -0.9989
vn 0.5388 0.8420 -0.0281
vn 0.0403 0.0746 0.9964
vn 0.9994 0.0165 0.0316
vn -0.2318 -0.4281 0.8735
vn -0.7500 -0.2237 0.6225
vn 0.4677 -0.5255 0.7107
vn 0.0660 0.2221 0.9728
vn 0.0683 -0.0722 0.9951
vn 0.1322 0.0984 -0.9863
vn -0.2678 -0.9152 -0.3012
vn 0.3545 -0.9105 -0.2130
vn -0.1049 -0.9607 0.2570
vn -0.2374 -0.1011 0.9661
vn 0.7559 0.6542 -0.0237
vn 0.0812 -0.9953 0.0531
vn -0.7903 0.6118 -0.0337
vn 0.3524 0.9355 -0.0269
vn -0.0765 0.9969 -0.0176
vn 0.8718 -0.4375 0.2203
vn -0.5842 -0.6622 -0.4693
vn 0.2221 -0.9388 0.2633
vn -0.1178 -0.9926 0.0300
vn -0.4826 -0.8758 -0.0119
vn 0.7026 0.7109 -0.0315
vn 0.9912 -0.0108 0.1318
vn 0.4722 0.1921 0.8603
vn -0.4944 -0.3676 -0.7876
vn -0.5402 0.4083 -0.7359
vn 0.6506 -0.7575 0.0533
vn -0.2627 -0.9646 0.0247
vn 0.3120 -0.9495 0.0323
vn -0.3703 -0.9288 0.0153
vn -0.5314 0.8471 -0.0002
vn 0.2247 0.9744 -0.0082
vn 0.3347 -0.0488 0.9411
vn -0.0014 -0.0561 0.9984
vn -0.3104 -0.9010 0.3030
vn -0.8111 0.5846 -0.0161
vn 0.4111 0.8947 -0.1747
vn -0.2537 0.9471 -0.1968
vn -0.6778 -0.6249 0.3874
vn 0.3608 -0.1063 0.9266
vn -0.5028 0.4190 0.7561
vn -0.6992 0.7145 -0.0263
vn 0.7455 0.6663 -0.0187
vn 0.3232 0.8738 -0.3633
vn 0.2339 0.8063 -0.5433
vn -0.9998 0.0212 -0.0023
vn -0.9540 0.0960 0.2839
vn -0.4528 -0.0630 0.8894
vn 0.9368 -0.0488 -0.3465
vn -0.6758 0.0666 0.7341
vn -0.1872 0.0949 0.9777
vn -0.6601 -0.5939 0.4599
vn 0.0068 -0.0167 0.9998
vn -0.8547 -0.5140 0.0723
vn -0.7341 -0.6783 0.0306
vn -0.0344 -0.9992 0.0199
vn -0.6340 0.7686 -0.0859
vn -0.4997 0.6803 -0.5361
vn -0.0832 0.9627 0.2574
vn 0.9667 -0.0061 0.2557
vn -0.8518 0.1151 -0.5111
vn 0.7334 0.5315 -0.4238
vn -0.2991 0.1902 -0.9351
vn -0.7991 -0.0468 -0.5993
vn -0.0949 0.0168 -0.9953
vn -0.6158 0.3362 -0.7126
vn 0.7476 -0.6635 0.0298
vn 0.6557 -0.7544 0.0307
vn -0.6448 -0.7642 0.0115
vn 0.6164 -0.7873 0.0153
vn 0.2873 -0.9576 0.0191
vn -0.0199 -0.9998 -0.0043
vn 0.0462 -0.9988 -0.0140
vn 0.3308 -0.8795 0.3422
vn -0.2433 -0.7948 0.5560
vn -0.1809 0.9198 0.3483
vn -0.1598 0.9411 -0.2979
vn -0.4213 0.8968 -0.1350
vn 0.7166 0.5847 0.3803
vn -0.5613 0.7453 -0.3599
vn 0.2434 0.9647 0.1008
vn 0.2854 0.9228 -0.2587
vn 0.5420 0.1156 0.8324
vn -0.5545 -0.3340 0.7622
vn -0.3931 -0.7606 0.5167
vn 0.6015 0.7886 -0.1279
vn 0.0537 -0.4538 0.8895
vn 0.5208 0.8417 -0.1423
vn -0.0928 0.5429 -0.8347
vn -0.1909 0.7752 0.6022
vn 0.0389 -0.3082 -0.9505
vn 0.6281 -0.7780 0.0165
vn -0.8440 -0.5361 0.0164
vn -0.0228 0.0122 0.9997
vn -0.2853 -0.2411 0.9276
vn -0.2285 0.9474 0.2240
vn -0.9077 -0.3643 0.2083
vn -0.9327 -0.3487 0.0922
vn 0.5966 0.2995 -0.7445
vn 0.4438 -0.3080 0.8415
vn -0.7535 -0.5402 0.3748
vn -0.8280 0.5591 -0.0423
vn -0.0341 -0.6426 0.7654
vn -0.9708 0.1739 0.1654
vn 0.5115 0.7071 -0.4881
vn 0.9693 0.0688 0.2361
vn -0.7044 0.5969 0.3842
vn 0.1707 0.7726 0.6115
vn -0.2353 0.4115 0.8805
vn -0.4183 0.3129 0.8527
vn 0.6437 -0.6383 0.4222
vn -0.8652 -0.5014 0.0080
vn -0.4497 -0.8685 0.2084
vn 0.4729 -0.4955 0.7286
vn 0.6304 -0.0975 0.7701
vn 0.0635 0.0185 -0.9978
vn 0.9356 0.2671 -0.2310
vn 0.4043 0.2928 0.8665
vn -0.6884 -0.5842 0.4299
vn -0.8557 -0.5174 0.0085
vn -0.9502 -0.3114 0.0152
vn 0.8096 -0.5868 0.0122
vn -0.9909 -0.0524 -0.1238
vn -0.0460 -0.3255 0.9444
vn -0.2716 -0.0176 0.9622
vn -0.7184 -0.0727 -0.6918
vn 0.1742 0.1741 -0.9692
vn -0.4875 0.5141 -0.7057
vn -0.5075 0.4689 0.7229
vn -0.8792 -0.4756 -0.0288
vn -0.9396 -0.3176 0.1274
vn 0.3409 0.7316 -0.5904
vn 0.4725 0.7030 0.5315
vn -0.2368 -0.8995 0.3672
vn 0.2231 -0.2999 -0.9275
vn 0.1519 -0.9146 -0.3746
vn 0.3985 -0.8782 0.2646
vn 0.6901 0.4140 0.5936
vn 0.3552 -0.1545 0.9220
vn -0.8457 -0.5329 0.0274
vn -0.8418 0.5391 -0.0268
vn -0.7851 0.6121 0.0939
vn -0.9646 -0.2387 -0.1118
vn -0.9755 -0.2187 -0.0223
vn -0.9059 -0.3253 -0.2711
vn -0.1105 -0.5791 0.8078
vn -0.8651 -0.4178 0.2778
vn -0.9098 0.0946 0.4041
vn -0.4718 0.8315 0.2933
vn -0.5292 0.6556 -0.5387
vn -0.0600 -0.9884 -0.1398
vn 0.5402 -0.7467 0.3881
vn -0.0790 -0.9475 -0.3098
vn 0.2318 -0.6522 -0.7217
vn 0.0422 -0.8809 0.4715
vn -0.2810 -0.7084 0.6474
vn -0.2440 -0.8110 -0.5318
vn -0.4158 -0.9093 -0.0183
vn 0.7689 -0.5576 -0.3128
vn 0.5383 0.2405 0.8077
vn -0.0808 0.3693 -0.9258
vn -0.8530 -0.5206 0.0373
vn 0.9199 -0.3914 0.0247
vn 0.8504 0.5248 -0.0370
vn -0.9840 -0.1780 -0.0042
vn -0.9483 -0.3160 -0.0310
vn 0.8672 -0.4527 0.2074
vn 0.6939 -0.2463 0.6766
vn 0.0611 -0.7303 0.6804
vn 0.4417 0.5799 0.6846
vn -0.4900 -0.8280 -0.2727
vn 0.1772 -0.9537 -0.2429
vn -0.6566 -0.7293 -0.1921
vn -0.3225 0.2966 -0.8989
vn -0.5285 -0.5673 0.6315
vn -0.0844 -0.7185 -0.6904
vn 0.1501 -0.4507 0.8800
vn -0.0343 0.1993 -0.9793
vn 0.1501 0.2912 -0.9448
vn -0.0396 0.0021 -0.9992
vn -0.9327 -0.3318 0.1414
vn 0.1408 0.2388 0.9608
vn -0.7643 -0.1907 -0.6160
vn -0.2989 -0.2559 -0.9193
vn -0.9980 0.0518 -0.0361
vn 0.0171 0.4356 0.9000
vn -0.3822 0.3159 -0.8684
vn -0.8613 -0.3245 0.3909
vn -0.9422 -0.2335 0.2404
vn -0.4078 0.6188 0.6714
vn 0.1231 -0.3348 0.9342
vn -0.2766 0.8988 -0.3401
vn -0.0507 -0.5692 -0.8207
vn -0.0193 0.6920 0.7216
vn -0.0272 -0.6639 -0.7473
vn -0.0593 0.0297 -0.9978
vn -0.0776 -0.9494 -0.3043
vn 0.0594 -0.9833 -0.1719
vn 0.7651 0.6380 0.0864
vn 0.6118 -0.6657 -0.4273
vn -0.2767 -0.1051 0.9552
vn -0.8718 0.4465 -0.2015
vn 0.0239 0.0550 0.9982
vn -0.1022 0.3144 0.9438
vn 0.8083 -0.5885 0.0154
vn -0.8820 0.3562 0.3084
vn -0.6851 0.1102 -0.7200
vn -0.5423 0.6343 -0.5509
vn -0.6327 -0.4040 -0.6607
vn -0.5354 -0.7192 -0.4428
vn 0.2472 -0.9626 -0.1113
vn 0.2317 -0.9441 0.2345
vn 0.4494 0.8499 0.2752
vn 0.3724 -0.7620 -0.5297
vn -0.4336 -0.8764 -0.2096
vn -0.2201 -0.9317 0.2891
vn 0.4948 -0.8615 0.1137
vn -0.4043 -0.6849 0.6061
vn -0.3558 -0.0889 0.9303
vn 0.4469 -0.2095 0.8697
vn 0.5130 0.0260 -0.8580
vn -0.3711 -0.6005 0.7083
vn -0.5898 0.3154 0.7434
vn -0.7574 0.6034 -0.2494
vn -0.7601 0.4307 -0.4865
vn -0.6887 0.5528 0.4691
vn -0.7104 0.5555 -0.4321
vn 0.8823 0.4707 0.0059
vn -0.7996 -0.5976 -0.0589
vn -0.7274 -0.6857 -0.0264
vn -0.0711 0.2355 0.9693
vn 0.0599 -0.9833 -0.1719
vn -0.6163 -0.7875 -0.0062
vn 0.1032 -0.6268 0.7723
vn -0.1915 0.8777 -0.4393
vn -0.4053 -0.9037 0.1383
vn -0.8814 -0.4709 -0.0379
vn 0.1703 -0.2984 0.9391
vn -0.2058 -0.8731 0.4420
vn -0.3319 -0.9267 0.1762
vn -0.4377 -0.8958 0.0765
vn 0.3380 -0.9410 0.0172
vn 0.5503 -0.8346 0.0246
vn 0.5986 -0.7981 -0.0690
vn -0.0953 -0.9409 -0.3249
vn -0.5507 -0.7892 -0.2718
vn -0.5782 -0.7861 0.2184
vn -0.2941 -0.9485 -0.1178
vn -0.1084 -0.9728 -0.2046
vn -0.2298 -0.9273 -0.2954
vn -0.2718 -0.8920 -0.3610
vn -0.6547 -0.6738 -0.3426
vn -0.3607 -0.7400 -0.5677
vn -0.1540 -0.9819 0.1106
vn -0.6660 0.2160 0.7140
vn 0.8410 -0.5229 -0.1392
vn 0.2459 -0.8944 -0.3737
vn -0.6165 -0.7597 -0.2067
vn -0.3621 -0.7187 -0.5936
vn -0.4496 -0.6672 0.5939
vn 0.8176 -0.5734 -0.0529
vn -0.7661 0.6332 0.1099
vn -0.8356 -0.5494 -0.0005
vn -0.7719 -0.6101 -0.1785
vn -0.8731 0.4338 -0.2224
vn -0.9927 0.1198 0.0146
vn -0.1618 -0.9860 0.0401
vn 0.0865 -0.6599 0.7464
vn 0.5467 -0.7483 -0.3758
vn -0.6258 -0.7495 0.2159
vn -0.3571 -0.9269 0.1160
vn -0.4826 -0.8711 0.0904
vn 0.4014 -0.5700 0.7169
vn -0.5697 -0.7129 0.4089
vn 0.6394 -0.7112 0.2923
vn 0.3855 -0.9178 -0.0948
vn 0.0156 -0.9844 0.1754
vn -0.0975 -0.9907 0.0952
vn 0.0127 -0.9442 -0.3291
vn -0.0156 -0.8766 0.4810
vn 0.6089 -0.7885 -0.0864
vn -0.1128 -0.7177 0.6871
vn 0.6503 -0.6395 -0.4100
vn 0.6216 -0.3259 -0.7123
vn 0.5058 -0.8615 0.0450
vn -0.4173 -0.8786 -0.2324
vn 0.6647 0.5227 -0.5338
vn -0.9417 0.2805 -0.1857
vn 0.2099 -0.0619 -0.9758
vn 0.5588 -0.3048 0.7713
vn 0.7817 -0.5806 0.2277
vn -0.5554 0.3383 -0.7597
vn 0.8121 -0.5749 0.0996
vn -0.8495 0.5191 -0.0941
vn 0.8227 -0.5669 0.0423
vn 0.8199 -0.5715 0.0328
vn 0.8231 -0.5669 0.0335
vn 0.8401 -0.5416 0.0292
vn -0.7197 -0.6700 0.1819
vn -0.7048 -0.6941 -0.1465
vn -0.7923 -0.6037 0.0880
vn -0.9805 0.1900 -0.0508
vn -0.4501 -0.7777 0.4389
vn -0.7107 -0.5910 -0.3816
vn -0.3668 -0.2622 0.8926
vn -0.1263 -0.9909 -0.0476
vn -0.6418 0.7487 -0.1662
vn -0.0640 -0.5149 0.8548
vn -0.9750 -0.1940 -0.1082
vn -0.9110 -0.4120 -0.0176
vn -0.1291 -0.3826 -0.9148
vn 0.6879 -0.7125 -0.1386
vn -0.0101 -0.9225 -0.3859
vn -0.6511 0.7586 -0.0226
vn -0.8069 -0.5851 -0.0810
vn 0.3918 -0.9132 -0.1119
vn 0.0038 -0.0662 0.9978
vn -0.8249 0.1795 0.5360
vn 0.1845 -0.5723 0.7990
vn -0.7177 -0.3930 0.5749
vn 0.4554 -0.0284 -0.8899
vn -0.1363 0.0501 -0.9894
vn 0.8275 -0.5606 0.0310
vn 0.8225 -0.5671 0.0423
vn 0.8362 -0.5485 -0.0002
vn 0.8264 -0.5620 0.0367
vn 0.8638 0.5035 -0.0167
vn 0.4375 -0.8961 0.0751
vn -0.3427 -0.6786 0.6496
vn -0.9603 -0.2759 0.0418
vn -0.8326 -0.2326 0.5028
vn -0.9401 -0.3395 0.0311
vn -0.0848 0.7597 0.6447
vn -0.7533 -0.6003 0.2688
vn 0.9763 -0.0974 0.1935
vn 0.5528 -0.5192 0.6518
vn -0.9402 -0.3392 0.0310
vn -0.9515 -0.3061 0.0297
vn 0.5542 -0.5183 0.6513
vn 0.0336 -0.7022 -0.7112
vn -0.1528 0.8338 -0.5305
vn -0.1512 0.8369 -0.5261
vn -0.1101 0.9740 0.1978
vn -0.0783 0.1205 -0.9896
vn 0.0010 -0.6166 -0.7873
vn 0.0876 -0.0577 0.9945
vn -0.7346 0.5460 -0.4028
vn 0.9692 -0.1549 -0.1913
vn 0.0772 -0.1038 -0.9916
vn 0.1000 -0.5208 0.8478
vn 0.5038 -0.2474 0.8277
vn 0.0391 -0.0420 -0.9984
vn 0.5437 -0.6738 0.5004
vn -0.7522 -0.5109 0.4161
vn 0.5730 -0.7546 -0.3197
vn -0.1063 0.7095 -0.6966
vn -0.9986 -0.0479 0.0201
vn -0.4917 -0.4563 0.7416
vn 0.0194 0.2138 -0.9767
vn 0.1069 -0.9942 0.0082
vn 0.0185 -0.0695 0.9974
vn 0.2432 0.9682 0.0585
vn -0.1763 -0.1390 0.9745
vn -0.9722 -0.1741 0.1563
vn 0.8659 -0.2999 0.4004
vn -0.3272 -0.1711 0.9293
vn 0.0099 0.1413 0.9899
vn 0.4669 0.2642 0.8439
vn -0.0807 0.2679 0.9601
vn 0.2142 0.0488 -0.9756
vn 0.7138 0.4445 -0.5413
vn -0.7994 -0.4554 0.3918
vn 0.8495 -0.5274 -0.0165
vn 0.8313 -0.5548 0.0331
vn -0.0067 -0.7175 0.6965
vn 0.8852 -0.4427 0.1427
vn -0.9671 -0.0778 0.2420
vn -0.9582 0.2687 0.0983
vn -0.9680 0.1114 0.2248
vn 0.0342 -0.1302 -0.9909
vn 0.8526 0.2919 0.4335
vn 0.9908 -0.1226 0.0581
vn -0.9857 -0.0750 -0.1508
vn 0.7129 0.6518 -0.2586
vn -0.8678 -0.0921 0.4883
vn 0.0621 -0.1070 0.9923
vn 0.6289 0.4579 -0.6283
vn 0.9066 -0.3453 0.2426
vn -0.7284 0.1773 -0.6618
vn -0.9359 -0.3363 0.1052
vn 0.9164 -0.3589 0.1771
vn -0.9015 -0.4292 -0.0562
vn 0.4133 0.9000 -0.1384
vn -0.6926 0.7040 0.1573
vn 0.4552 0.8433 0.2856
vn -0.9402 -0.1815 -0.2881
vn 0.8848 0.1048 -0.4539
vn 0.8791 0.3628 -0.3091
vn 0.9779 0.1855 -0.0968
vn -0.8747 0.3354 -0.3499
vn -0.8933 -0.1551 -0.4218
vn -0.8488 -0.4407 0.2922
vn 0.4756 0.5749 -0.6658
vn -0.5279 0.4758 -0.7035
vn 0.8451 -0.5344 0.0120
vn 0.8445 -0.5355 0.0095
vn 0.8561 -0.5166 0.0147
vn 0.8343 -0.5506 0.0278
vn -0.0241 -0.6252 0.7801
vn -0.9625 0.2706 -0.0201
vn -0.2995 0.9014 0.3127
vn -0.9914 -0.0508 -0.1207
vn 0.7705 0.5800 0.2644
vn -0.4450 0.8954 -0.0179
vn 0.6072 0.7931 -0.0477
vn -0.2225 0.8640 0.4516
vn 0.6184 0.7104 -0.3361
vn -0.5044 0.3027 -0.8087
vn -0.2144 -0.1432 0.9662
vn -0.0304 0.5454 0.8376
vn -0.6156 0.6719 0.4119
vn -0.8090 0.4425 0.3869
vn -0.6796 0.6193 0.3933
vn -0.3327 0.2820 -0.8999
vn 0.6086 0.7122 0.3497
vn -0.7276 -0.3028 -0.6155
vn -0.9500 -0.3118 0.0132
vn -0.9400 -0.3408 0.0142
vn -0.1209 0.9747 0.1878
vn -0.8759 -0.1741 0.4499
vn 0.4726 0.8782 0.0738
vn 0.8349 -0.5480 0.0504
vn 0.2607 0.9401 -0.2196
vn -0.9185 -0.1867 -0.3485
vn -0.9268 -0.3558 0.1204
vn 0.9637 -0.2119 0.1622
vn 0.8080 0.3146 0.4981
vn 0.5690 0.2813 0.7727
vn -0.9297 0.2522 0.2685
vn 0.8814 0.3487 -0.3186
vn -0.7122 0.6647 0.2257
vn 0.4621 0.8158 0.3479
vn -0.6921 0.6399 -0.3339
vn -0.9361 0.2240 0.2713
vn 0.1799 0.9836 0.0112
vn 0.6082 -0.3198 -0.7265
vn 0.9903 -0.1354 -0.0316
vn -0.7154 -0.1310 -0.6863
vn 0.7064 0.2895 -0.6459
vn 0.2036 -0.1097 0.9729
vn -0.6093 0.6995 0.3734
vn -0.0937 0.1307 0.9870
vn -0.2852 0.9022 0.3237
vn -0.3464 0.8329 0.4317
vn 0.4975 0.0758 -0.8641
vn -0.9976 -0.0206 0.0668
vn -0.9160 0.0243 0.4005
vn -0.5892 -0.5900 0.5521
vn -0.8696 -0.0728 -0.4884
vn 0.2837 -0.9586 -0.0239
vn 0.4650 0.7434 -0.4808
vn 0.5932 -0.5618 -0.5766
vn 0.0269 0.9960 -0.0854
vn -0.7371 0.5419 0.4038
vn -0.5661 0.7909 -0.2323
vn -0.7193 -0.6919 -0.0618
vn 0.0575 0.9947 -0.0856
vn -0.9627 0.1213 0.2419
vn 0.2806 0.4188 0.8636
vn -0.3423 -0.1008 0.9342
vn 0.6280 0.5003 0.5962
vn 0.8757 0.4811 0.0421
vn 0.6467 -0.7526 0.1240
vn 0.8222 0.1886 0.5370
vn 0.8440 0.3745 0.3840
vn 0.6564 0.6765 0.3340
vn -0.9904 0.0925 -0.1032
vn 0.9780 0.2037 0.0454
vn -0.9629 -0.1571 0.2194
vn -0.9980 0.0232 -0.0591
vn 0.7708 0.2466 -0.5874
vn -0.8620 -0.2857 -0.4188
vn -0.9947 0.1009 -0.0170
vn 0.8783 -0.0692 -0.4732
vn -0.9431 -0.2060 0.2610
vn 0.3412 -0.0513 0.9386
vn 0.7463 0.0675 -0.6622
vn 0.4701 0.2857 -0.8351
vn 0.6741 0.0561 -0.7365
vn -0.0938 0.1309 0.9870
vn 0.8121 -0.3943 0.4302
vn 0.0572 -0.9967 0.0568
vn -0.2853 0.9021 0.3238
vn -0.5008 -0.2600 0.8256
vn -0.8479 0.4564 -0.2698
vn -0.1834 0.1884 0.9648
vn -0.0980 0.0233 0.9949
vn 0.6404 0.0515 0.7663
vn 0.8427 -0.0773 0.5328
vn 0.4862 -0.0881 -0.8694
vn 0.8328 -0.5421 0.1122
vn 0.0723 -0.9552 -0.2869
vn -0.7758 -0.0194 0.6307
vn -0.5353 -0.6782 -0.5035
vn -0.9513 -0.3062 0.0364
vn -0.8085 -0.5871 0.0405
vn -0.9184 0.3716 0.1361
vn 0.8844 -0.1677 0.4355
vn -0.7846 -0.2598 0.5629
vn -0.2074 0.3351 -0.9190
vn 0.9803 0.1426 0.1367
vn 0.7493 -0.4032 0.5254
vn 0.7453 0.6658 -0.0350
vn 0.9901 0.0252 -0.1383
vn 0.6607 -0.4810 -0.5762
vn 0.9569 0.2615 -0.1263
vn 0.8842 0.1834 -0.4295
vn 0.1282 -0.5731 0.8094
vn 0.5623 -0.0136 0.8268
vn 0.8084 -0.4057 0.4265
vn 0.1952 0.4001 -0.8954
vn 0.0573 -0.9967 0.0574
vn -0.9638 0.0373 -0.2642
vn 0.8132 -0.3894 0.4326
vn 0.6740 0.0559 -0.7366
vn -0.3710 0.5046 -0.7796
vn 0.4599 0.5807 -0.6718
vn -0.4651 0.2401 0.8521
vn -0.2836 0.4013 -0.8709
vn -0.8711 0.4908 0.0175
vn -0.9385 0.2971 -0.1758
vn -0.9745 -0.1511 -0.1661
vn -0.2919 -0.9498 -0.1126
vn -0.5673 -0.8191 0.0856
vn -0.9574 -0.0045 -0.2887
vn 0.5893 -0.6872 0.4248
vn -0.6745 -0.0908 -0.7327
vn -0.9062 -0.3935 -0.1547
vn 0.8506 -0.4418 -0.2851
vn 0.8981 -0.4336 -0.0736
vn -0.7549 -0.6146 -0.2289
vn 0.7444 -0.6625 0.0835
vn -0.8873 -0.4608 0.0187
vn 0.9584 0.1079 0.2643
vn 0.5578 -0.6128 -0.5598
vn -0.7176 -0.4920 -0.4930
vn -0.9071 0.1631 0.3880
vn 0.9979 0.0093 0.0649
vn 0.9419 0.3119 -0.1248
vn 0.9884 0.0618 -0.1386
vn -0.0218 -0.0466 -0.9987
vn 0.9881 0.0881 -0.1265
vn -0.9342 -0.3455 -0.0888
vn -0.9525 -0.2902 -0.0919
vn 0.7724 0.0240 0.6347
vn -0.7461 -0.6118 0.2630
vn 0.7453 -0.4407 0.5004
vn -0.8385 -0.0178 0.5447
vn -0.7609 -0.4159 0.4980
vn -0.7390 0.4449 0.5058
vn 0.5528 -0.4892 0.6746
vn 0.1862 -0.9803 -0.0653
vn -0.9848 0.0442 0.1681
vn 0.3041 -0.3776 0.8746
vn -0.7490 -0.5957 0.2900
vn 0.9131 -0.0956 0.3963
vn 0.8873 -0.4608 -0.0157
vn 0.8659 -0.0925 0.4915
vn 0.9239 -0.1056 0.3678
vn 0.8320 -0.1198 0.5416
vn -0.6599 -0.7368 -0.1473
vn -0.9911 -0.1122 -0.0717
vn 0.7682 0.0283 -0.6396
vn -0.0595 -0.8157 0.5754
vn -0.9946 0.0088 -0.1034
vn 0.1276 0.6049 -0.7860
vn -0.3523 0.5955 -0.7220
vn 0.3269 -0.3169 0.8904
vn -0.9427 -0.2337 -0.2379
vn 0.7110 0.6631 0.2341
vn -0.9901 0.1293 0.0545
vn 0.8673 0.4850 0.1124
vn -0.5561 -0.7425 -0.3735
vn 0.8162 -0.2563 -0.5178
vn -0.7207 0.0858 0.6880
vn 0.8987 -0.4140 0.1445
vn 0.7764 -0.0807 0.6250
vn -0.8864 -0.4450 0.1278
vn -0.3792 0.6915 0.6149
vn 0.8558 0.3177 0.4082
vn -0.5648 -0.4234 0.7083
vn -0.0881 -0.0149 0.9960
vn 0.1907 -0.3591 0.9136
vn -0.3583 -0.2388 0.9025
vn -0.0322 0.8454 0.5332
vn 0.9993 -0.0340 0.0153
vn -0.2429 -0.4197 -0.8746
vn -0.7524 0.3940 0.5278
vn 0.2472 0.0706 -0.9664
vn 0.0992 -0.1692 -0.9806
vn -0.1077 0.1192 -0.9870
vn -0.7881 -0.5440 0.2882
vn -0.8689 0.3056 -0.3895
vn 0.6824 -0.5476 0.4842
vn 0.8242 -0.5073 0.2518
vn 0.7224 -0.5176 0.4585
vn 0.9178 0.3555 0.1766
vn 0.9118 -0.3351 0.2374
vn 0.1487 -0.3529 0.9238
vn -0.7576 0.6469 0.0872
vn -0.6089 -0.7352 0.2979
vn 0.5334 -0.8456 -0.0185
vn 0.6037 -0.6453 0.4682
vn -0.0685 -0.9814 -0.1791
vn 0.7893 0.6109 -0.0625
vn 0.9150 0.4006 0.0483
vn -0.9693 0.1856 0.1614
vn 0.7680 0.5895 -0.2502
vn -0.6113 -0.7320 -0.3009
vn 0.7894 0.6109 0.0599
vn -0.5220 -0.5194 -0.6766
vn -0.7663 -0.5877 -0.2596
vn 0.4908 -0.6320 -0.5998
vn 0.5101 -0.6610 -0.5504
vn -0.8356 -0.5444 -0.0736
vn 0.3196 -0.8807 0.3497
vn 0.5110 -0.7625 0.3969
vn -0.9593 -0.0360 -0.2799
vn -0.4478 -0.8825 -0.1440
vn -0.6341 -0.7043 0.3191
vn -0.3776 -0.0387 0.9252
vn -0.5642 0.0347 0.8249
vn -0.1302 -0.8678 0.4795
vn -0.5779 -0.5889 0.5650
vn 0.3921 0.2620 0.8818
vn -0.5250 0.5131 -0.6791
vn 0.2038 0.8447 0.4949
vn -0.6700 0.5244 0.5255
vn -0.2426 -0.9675 0.0715
vn -0.4163 0.7615 0.4967
vn -0.5989 0.7969 0.0799
vn -0.9812 -0.0824 -0.1743
vn -0.2878 0.9462 0.1483
vn -0.0293 0.6269 0.7785
vn 0.8476 0.5082 0.1524
vn -0.3185 0.9476 -0.0227
vn -0.7711 -0.5742 0.2752
vn -0.7540 -0.0031 0.6569
vn 0.0821 -0.9966 -0.0067
vn -0.9788 0.2042 -0.0164
vn 0.0843 -0.9963 -0.0140
vn -0.9977 0.0343 0.0585
vn 0.0845 -0.9963 -0.0140
vn 0.1077 -0.9942 -0.0049
vn -0.9977 0.0346 0.0584
vn -0.8420 -0.5395 -0.0070
vn 0.7660 0.6367 -0.0889
vn -0.6326 0.4455 -0.6335
vn 0.1073 -0.9942 -0.0050
vn 0.3374 -0.9412 0.0163
vn -0.9976 -0.0649 -0.0242
vn -0.9549 0.0410 -0.2940
vn 0.8538 -0.4210 -0.3063
vn -0.6672 -0.7423 -0.0617
vn 0.6648 -0.2908 -0.6881
vn -0.6455 -0.6489 0.4028
vn 0.5183 -0.3111 -0.7966
vn -0.6927 -0.4522 0.5619
vn 0.8370 -0.4674 0.2847
vn 0.8325 -0.4998 0.2390
vn 0.1667 -0.9853 -0.0381
vn -0.1018 -0.3212 -0.9415
vn 0.4270 -0.8158 0.3901
vn 0.0411 -0.5957 -0.8022
vn 0.5473 -0.8368 0.0158
vn -0.5415 -0.7018 0.4628
vn 0.5611 -0.7075 0.4295
vn 0.6116 -0.5954 0.5211
vn 0.6218 -0.7373 0.2641
vn 0.1565 -0.4542 -0.8770
vn 0.3413 -0.9397 0.0202
vn 0.5914 -0.7850 -0.1846
vn -0.9921 -0.0437 0.1179
vn 0.6111 -0.7680 -0.1916
vn -0.6329 0.2219 -0.7418
vn -0.8881 0.4593 -0.0174
vn 0.4813 -0.8362 -0.2629
vn 0.2673 -0.8402 -0.4717
vn 0.2413 -0.8198 -0.5193
vn 0.5886 -0.8051 -0.0733
vn 0.9255 -0.3316 -0.1829
vn 0.8531 -0.0049 -0.5218
vn -0.1874 0.8507 -0.4912
vn -0.8101 -0.3531 -0.4680
vn 0.8803 -0.0796 -0.4677
vn 0.0300 -0.2582 0.9656
vn 0.4472 -0.1340 0.8844
vn 0.6595 -0.6844 0.3108
vn 0.9247 -0.3755 -0.0628
vn 0.2927 -0.3537 0.8884
vn 0.2349 -0.1859 -0.9541
vn -0.8811 -0.4718 0.0315
vn 0.3149 -0.6510 0.6907
vn -0.9136 0.3713 -0.1657
vn -0.9135 0.3714 -0.1660
vn -0.9136 0.3712 -0.1659
vn 0.5803 0.8144 -0.0082
vn 0.8942 0.4471 0.0221
vn -0.9976 -0.0651 -0.0237
vn -0.0333 0.9988 -0.0348
vn 0.8561 0.5162 -0.0236
vn 0.7184 -0.6922 0.0692
vn 0.3544 0.9330 -0.0621
vn -0.9276 0.3015 -0.2206
vn -0.1673 -0.1865 -0.9681
vn 0.1180 -0.0697 -0.9906
vn 0.6475 -0.7615 -0.0286
vn -0.6826 0.7169 -0.1419
vn 0.2868 -0.9421 -0.1738
vn 0.0360 -0.0454 0.9983
vn 0.9189 0.3712 0.1336
vn -0.9228 -0.3815 -0.0531
vn 0.3047 -0.9498 -0.0704
vn 0.4072 -0.9012 -0.1483
vn 0.7502 -0.6449 0.1459
vn -0.8448 -0.2380 0.4793
vn 0.4440 -0.1434 0.8845
vn -0.0117 -0.8865 -0.4626
vn 0.3007 -0.6732 -0.6756
vn 0.3624 0.4163 0.8338
vn 0.1703 -0.9854 -0.0080
vn 0.9969 -0.0297 0.0730
vn -0.8661 0.4849 -0.1216
vn 0.8360 -0.5485 -0.0162
vn -0.5009 -0.8601 0.0966
vn -0.0003 -0.0009 1.0000
vn 0.6230 -0.6900 0.3685
vn 0.7592 0.6411 -0.1117
vn 0.7052 0.6068 -0.3668
vn 0.1468 -0.1369 0.9796
vn 0.9070 -0.2955 -0.3002
vn -0.3322 -0.6501 0.6833
vn -0.5054 0.0077 0.8628
vn -0.9028 -0.0052 0.4300
vn 0.9261 -0.3748 -0.0440
vn -0.8285 -0.4934 0.2648
vn -0.5185 -0.2576 -0.8153
vn 0.4946 -0.5473 0.6752
vn 0.3744 -0.8591 -0.3490
vn 0.9943 -0.0408 -0.0981
vn -0.9707 0.0366 0.2375
vn 0.5014 0.0553 0.8635
vn 0.7749 0.1855 -0.6043
vn -0.9698 -0.1786 0.1663
vn -0.5360 -0.7192 -0.4421
vn -0.4885 -0.8721 0.0302
vn -0.5808 -0.6915 0.4295
vn -0.4830 -0.5834 0.6530
vn -0.3043 -0.9523 0.0244
vn -0.1775 -0.9841 0.0044
vn -0.1003 -0.9913 0.0855
vn 0.4523 -0.8375 0.3067
vn 0.9901 0.0913 -0.1067
vn 0.0904 -0.2414 -0.9662
vn -0.7884 -0.4220 0.4476
vn -0.8262 -0.4707 -0.3095
vn -0.6451 0.0882 0.7590
vn -0.9456 -0.3229 -0.0389
vn 0.5040 -0.7302 -0.4614
vn -0.7832 -0.4452 -0.4340
vn -0.3567 -0.6896 0.6302
vn -0.6010 -0.7992 0.0006
vn -0.0662 -0.9927 0.1006
vn -0.5244 0.8207 0.2269
vn -0.5211 0.8336 0.1833
vn -0.8720 -0.4260 0.2411
vn -0.3560 -0.8451 -0.3988
vn -0.1537 -0.4598 0.8746
vn -0.0926 -0.9490 0.3013
vn 0.2263 0.5804 -0.7823
vn -0.4354 -0.0399 -0.8993
vn -0.8901 0.4548 -0.0281
vn 0.8011 0.5986 -0.0035
vn -0.9509 0.1099 -0.2892
vn 0.5106 -0.8394 0.1861
vn 0.2152 -0.8030 0.5558
vn -0.2584 -0.6117 -0.7477
vn -0.6906 -0.7209 -0.0578
vn -0.7871 -0.6049 -0.1211
vn -0.7892 -0.5071 -0.3464
vn -0.2781 -0.1562 0.9478
vn -0.9576 -0.0010 0.2881
vn -0.2881 -0.7956 0.5329
vn -0.6802 -0.7182 -0.1468
vn -0.3931 -0.2785 -0.8763
vn 0.7087 -0.6874 -0.1589
vn -0.1667 0.1224 0.9784
vn -0.9635 -0.2122 0.1629
vn -0.5288 -0.2256 0.8182
vn -0.9266 -0.3316 -0.1777
vn -0.8839 -0.4402 0.1580
vn 0.2490 -0.9390 -0.2372
vn 0.8896 0.3524 -0.2905
vn -0.8419 0.5396 -0.0088
vn 0.8445 -0.5250 0.1054
vn -0.7854 -0.6127 -0.0882
vn -0.8304 0.5277 0.1787
vn 0.9086 -0.3484 0.2304
vn -0.9528 0.2268 0.2019
vn 0.3391 -0.6363 -0.6929
vn -0.9894 0.0828 -0.1195
vn 0.9631 -0.2141 0.1629
vn -0.0995 -0.7851 0.6113
vn 0.8007 -0.4035 0.4429
vn 0.0025 -0.4608 0.8875
vn -0.0915 -0.3893 0.9165
vn -0.0406 -0.2200 0.9747
vn 0.6704 0.3578 -0.6500
vn 0.8267 -0.0558 0.5598
vn 0.1860 -0.9155 -0.3567
vn 0.3167 -0.9442 -0.0907
vn 0.7217 -0.6698 -0.1745
vn -0.2076 -0.9782 -0.0064
vn 0.5990 -0.5830 -0.5489
vn 0.8784 0.4750 0.0530
vn 0.5734 0.5121 -0.6395
vn -0.6519 0.7261 -0.2188
vn 0.9934 0.0398 0.1076
vn 0.8754 -0.1154 0.4694
vn 0.4663 0.0041 -0.8846
vn 0.0921 0.0944 -0.9913
vn 0.0621 0.1547 0.9860
vn -0.8696 -0.4893 -0.0667
vn 0.0689 -0.4105 0.9092
vn -0.7908 0.5994 -0.1240
vn -0.6777 -0.5563 0.4808
vn 0.6455 -0.7035 0.2974
vn -0.2985 -0.3678 0.8807
vn 0.3855 -0.5206 0.7619
vn -0.6558 0.7012 -0.2796
vn 0.6552 -0.3365 0.6764
vn 0.7161 -0.5214 0.4640
vn 0.4500 -0.0025 0.8930
vn 0.9856 -0.1655 0.0335
vn -0.1862 -0.9386 0.2906
vn 0.8484 0.4890 0.2026
vn 0.9982 0.0080 0.0588
vn -0.9421 -0.3354 0.0040
vn 0.8762 -0.3549 0.3261
vn 0.8393 -0.1357 0.5265
vn -0.0279 0.8602 0.5091
vn -0.7922 -0.1132 0.5997
vn -0.0930 0.0057 0.9956
vn 0.9742 0.0186 0.2247
vn -0.5323 0.3153 -0.7857
vn 0.5375 -0.0280 0.8428
vn 0.8811 -0.0118 0.4727
vn 0.9774 -0.1462 0.1529
vn 0.9980 -0.0562 -0.0292
vn 0.9198 -0.2019 0.3365
vn -0.7950 -0.6058 -0.0296
vn -0.9769 -0.2071 -0.0535
vn 0.9744 0.1797 0.1352
vn -0.6278 0.0525 -0.7766
vn 0.3931 -0.8718 0.2922
vn -0.7794 0.4505 -0.4354
vn -0.8910 -0.2470 -0.3809
vn 0.5500 0.5337 0.6424
vn -0.4569 0.3385 0.8226
vn -0.0013 0.0247 0.9997
vn 0.3767 -0.2241 0.8988
vn 0.7880 -0.6141 0.0444
vn -0.8680 0.4712 -0.1566
vn -0.9868 -0.1616 0.0091
vn 0.8329 0.4851 -0.2664
vn 0.5757 -0.5688 -0.5874
vn 0.9633 0.2345 0.1307
vn 0.8686 0.4596 -0.1850
vn -0.8820 -0.2786 0.3801
vn -0.3715 -0.9005 -0.2261
vn -0.9240 -0.3212 0.2075
vn 0.5319 -0.8328 0.1534
vn 0.5924 -0.3110 0.7432
vn 0.2297 -0.2727 0.9343
vn -0.5606 -0.3132 0.7666
vn -0.7029 -0.5837 0.4066
vn -0.9989 0.0293 -0.0377
vn -0.9723 0.1030 0.2100
vn -0.9855 0.0800 -0.1498
vn -0.6620 -0.7197 -0.2092
vn -0.9969 -0.0594 0.0520
vn -0.9486 0.2549 0.1875
vn 0.8842 -0.2329 0.4048
vn -0.9931 -0.0780 -0.0877
vn 0.6739 -0.6268 0.3911
vn -0.5843 -0.2366 -0.7763
vn 0.6689 -0.5049 0.5456
vn -0.3986 -0.6574 0.6395
vn -0.6499 0.6722 -0.3545
vn 0.3555 0.2401 0.9033
vn -0.9620 -0.0046 -0.2729
vn -0.7544 -0.4737 0.4545
vn 0.8566 0.5137 -0.0474
vn 0.8913 0.4515 -0.0413
vn -0.8064 0.4051 -0.4308
vn -0.8250 0.5244 -0.2106
vn 0.1504 -0.2112 0.9658
vn -0.9060 0.4233 0.0085
vn 0.3176 -0.3761 -0.8704
vn -0.0422 -0.9436 -0.3285
vn -0.7062 0.3541 -0.6131
vn -0.6423 0.5495 0.5344
vn -0.7702 0.6359 0.0493
vn -0.1661 -0.8580 0.4861
vn -0.1180 -0.6171 -0.7780
vn 0.0958 -0.0516 0.9941
vn 0.5217 0.8156 0.2503
vn -0.0880 -0.3430 0.9352
vn -0.2357 -0.9302 0.2813
vn -0.9144 0.0797 0.3969
vn 0.0544 -0.4753 0.8781
vn -0.0875 -0.1212 0.9888
vn 0.6943 0.2843 -0.6611
vn 0.7586 0.4237 -0.4950
vn 0.0166 -0.0373 -0.9992
vn -0.8399 0.5395 0.0591
vn -0.6441 0.4805 0.5952
vn 0.5437 -0.8351 0.0830
vn -0.0488 -0.9985 0.0243
vn 0.0838 -0.2366 0.9680
vn -0.0936 -0.9818 0.1652
vn 0.4377 -0.8975 0.0538
vn -0.9919 0.1118 0.0601
vn -0.9456 0.3185 -0.0669
vn 0.5712 -0.7361 0.3632
vn -0.6484 0.2736 -0.7104
vn -0.7812 0.4704 0.4105
vn -0.7625 0.5332 0.3665
vn 0.8117 0.1099 0.5736
vn -0.6910 0.6014 -0.4010
vn -0.5897 -0.6172 0.5209
vn 0.1355 0.9718 0.1930
vn 0.8955 -0.2508 0.3676
vn 0.3810 -0.0334 0.9240
vn 0.5595 0.7551 -0.3418
vn -0.9269 -0.3748 -0.0199
vn -0.1047 -0.5086 0.8546
vn -0.4154 -0.1936 0.8888
vn 0.3846 0.4379 -0.8126
vn 0.9911 0.0107 0.1323
vn 0.3699 0.2407 0.8973
vn -0.4500 -0.3701 -0.8127
vn -0.3064 -0.2355 -0.9223
vn -0.1384 0.1464 -0.9795
vn -0.5660 0.3842 -0.7294
vn 0.7816 0.4202 -0.4610
vn -0.7491 0.6281 -0.2108
vn -0.6396 0.6152 0.4610
vn -0.7888 0.3857 -0.4786
vn -0.9528 0.2935 0.0773
vn -0.9291 0.3167 0.1912
vn -0.7720 0.4460 -0.4529
vn -0.7679 -0.5995 -0.2259
vn 0.4149 -0.8407 0.3481
vn -0.2262 0.9654 0.1294
vn -0.8652 -0.0815 0.4947
vn 0.6408 0.7033 -0.3077
vn -0.8238 0.5242 0.2159
vn -0.3233 -0.0615 0.9443
vn -0.8634 0.5041 0.0195
vn -0.6392 0.6048 0.4749
vn -0.7484 0.6551 -0.1037
vn -0.8008 0.5975 -0.0411
vn -0.6774 0.5832 0.4483
vn -0.8004 0.5795 0.1536
vn -0.9379 0.3454 0.0320
vn 0.5964 -0.3555 -0.7196
vn 0.8964 -0.4431 0.0127
vn -0.5332 -0.7861 -0.3128
vn -0.5922 0.7616 0.2631
vn 0.1271 -0.8222 0.5548
vn 0.9397 0.3379 -0.0532
vn -0.2675 0.2734 0.9240
vn 0.7512 0.4674 -0.4661
vn -0.8759 0.3457 0.3365
vn -0.9980 -0.0304 0.0561
vn 0.0931 -0.7022 0.7059
vn -0.1603 -0.9863 -0.0380
vn -0.4515 -0.7469 0.4881
vn 0.0821 -0.8662 0.4929
vn -0.7617 0.6477 -0.0161
vn 0.6671 -0.5799 0.4677
vn -0.7060 -0.1788 -0.6852
vn -0.0905 0.9954 0.0328
vn -0.9901 -0.0299 -0.1370
vn 0.6012 0.7900 0.1205
vn 0.1520 0.0058 0.9884
vn 0.6278 0.7558 0.1861
vn 0.1328 0.0162 0.9910
vn -0.9487 0.2626 0.1761
vn -0.8677 0.3947 0.3022
vn -0.1375 0.0247 -0.9902
vn -0.2119 -0.1737 -0.9617
vn 0.4408 0.2685 0.8565
vn 0.4848 0.0726 0.8716
vn 0.2360 0.3902 -0.8899
vn 0.0183 -0.0712 0.9973
vn -0.3864 0.3082 0.8693
vn 0.9501 0.3087 -0.0438
vn 0.3443 -0.7757 0.5290
vn -0.7940 0.3194 0.5172
vn 0.7787 0.5661 -0.2705
vn 0.3561 0.5293 -0.7701
vn -0.8612 0.4687 0.1964
vn -0.3579 0.8456 -0.3962
vn 0.8345 -0.5510 0.0063
vn -0.0718 0.1487 -0.9863
vn -0.1409 -0.4359 0.8889
vn -0.8776 0.4457 0.1765
vn 0.8203 -0.5716 0.0193
vn 0.0858 -0.5553 0.8272
vn -0.4054 -0.9132 -0.0419
vn -0.6876 0.7223 0.0741
vn -0.3405 -0.6028 0.7216
vn -0.4328 -0.5764 0.6932
vn -0.8624 -0.0319 0.5052
vn 0.1327 0.0161 0.9910
vn -0.1104 -0.9720 0.2073
vn -0.9543 -0.0437 0.2956
vn -0.9543 -0.0440 0.2956
vn -0.1360 -0.5103 -0.8492
vn -0.9038 -0.0419 0.4260
vn -0.0875 0.0025 -0.9962
vn -0.9542 -0.0437 0.2959
vn -0.1366 -0.0508 -0.9893
vn 0.4922 0.5539 0.6715
vn -0.5645 0.5028 0.6546
vn 0.0216 0.2550 0.9667
vn 0.8416 0.1640 0.5146
vn -0.3013 0.1738 0.9376
vn -0.6630 -0.0925 0.7429
vn -0.2718 -0.4837 0.8319
vn 0.0192 0.0459 0.9988
vn 0.3769 -0.0538 0.9247
vn -0.8371 0.5386 -0.0959
vn -0.8773 -0.4796 0.0170
vn -0.9631 -0.2287 -0.1417
vn -0.5849 -0.6061 0.5390
vn 0.3278 -0.9431 0.0565
vn 0.8312 -0.5480 0.0941
vn -0.0920 -0.9881 0.1235
vn 0.9214 -0.2707 0.2790
vn 0.9293 -0.2829 0.2373
vn -0.9736 0.2243 -0.0430
vn 0.5890 0.1526 0.7936
vn -0.4180 0.3319 0.8456
vn 0.8402 0.2715 0.4693
vn -0.9541 0.2666 0.1369
vn -0.7126 0.1603 -0.6831
vn 0.5815 -0.7300 -0.3591
vn -0.3424 -0.8705 -0.3535
vn -0.9312 -0.2935 -0.2164
vn -0.0890 -0.9561 -0.2792
vn -0.8153 -0.5775 0.0423
vn -0.8591 -0.5117 -0.0144
vn -0.4363 -0.3103 0.8446
vn -0.8010 -0.3746 0.4670
vn -0.9453 -0.1352 -0.2967
vn -0.4866 -0.4060 0.7736
vn -0.7436 -0.5176 0.4233
vn -0.3357 -0.0053 0.9420
vn 0.8290 -0.3136 -0.4631
vn 0.5713 -0.7916 0.2169
vn -0.3434 -0.1784 0.9221
vn 0.4390 -0.0469 0.8973
vn -0.7227 0.3456 0.5986
vn 0.6452 -0.2383 0.7259
vn -0.4940 0.0288 0.8690
vn -0.9764 0.0078 0.2156
vn -0.8646 -0.5011 0.0365
vn -0.9390 -0.3395 0.0548
vn 0.4213 -0.7255 0.5442
vn 0.4620 -0.8841 0.0704
vn -0.2125 -0.9755 0.0571
vn -0.9448 -0.3042 0.1215
vn 0.8337 -0.5090 -0.2141
vn -0.4782 -0.8641 -0.1570
vn 0.3882 -0.9107 0.1409
vn 0.9711 0.1725 0.1648
vn 0.9724 0.2333 -0.0097
vn -0.5590 -0.8251 -0.0819
vn 0.6337 -0.7151 0.2951
vn -0.3499 -0.8647 0.3603
vn 0.6668 0.1763 -0.7241
vn -0.6533 -0.7569 -0.0181
vn 0.4738 -0.8802 -0.0295
vn -0.7011 0.6356 0.3233
vn -0.1589 -0.8991 -0.4078
vn -0.9164 0.3336 -0.2213
vn 0.0909 0.9958 -0.0053
vn 0.8809 -0.4604 -0.1094
vn -0.4263 -0.1108 -0.8978
vn 0.4188 0.7083 0.5682
vn -0.4130 0.3720 0.8313
vn 0.6782 0.7178 0.1574
vn -0.9372 -0.2516 -0.2416
vn -0.9037 0.4085 0.1282
vn 0.0336 0.2297 0.9727
vn -0.4997 0.5335 0.6824
vn 0.9792 -0.0226 0.2019
vn -0.6321 -0.1737 0.7551
vn -0.9998 -0.0109 -0.0143
vn -0.0643 -0.9935 -0.0936
vn 0.4944 -0.8691 0.0137
vn -0.3374 -0.9405 0.0413
vn 0.8110 -0.4019 -0.4252
vn -0.7081 -0.7058 0.0202
vn 0.7862 -0.6139 -0.0709
vn 0.6796 -0.7190 0.1455
vn 0.5198 0.6527 0.5512
vn -0.7111 0.6885 0.1422
vn 0.5354 -0.5246 0.6620
vn 0.8190 -0.3583 0.4482
vn 0.8424 -0.3153 0.4370
vn -0.3108 -0.9474 0.0758
vn -0.9404 -0.3258 0.0975
vn -0.4196 -0.6063 0.6755
vn 0.3313 -0.9322 0.1459
vn 0.2747 -0.1241 0.9535
vn 0.1173 0.1203 -0.9858
vn 0.9676 -0.2208 0.1224
vn -0.8715 0.4887 -0.0412
vn 0.4079 -0.8422 0.3526
vn -0.9544 -0.2972 -0.0299
vn -0.9948 -0.0649 -0.0779
vn 0.8811 -0.4716 -0.0351
vn 0.8731 -0.4823 -0.0710
vn -0.9762 -0.1684 -0.1365
vn -0.9736 -0.2075 -0.0948
vn -0.7532 -0.6544 0.0673
vn -0.9207 -0.1502 0.3603
vn 0.9645 0.1108 0.2397
vn 0.9786 0.2056 -0.0097
vn -0.8876 0.0737 0.4548
vn 0.7226 -0.5527 0.4151
vn -0.3048 -0.9458 0.1118
vn -0.4644 -0.8837 0.0586
vn 0.8899 0.0266 0.4554
vn 0.6286 0.7773 0.0275
vn -0.7630 -0.1010 0.6385
vn 0.2318 -0.3600 0.9037
vn -0.1315 -0.1176 0.9843
vn 0.2935 0.4148 -0.8613
vn -0.5468 0.3435 -0.7635
vn -0.9815 -0.1294 -0.1411
vn -0.9616 -0.2736 0.0214
vn -0.4965 -0.7700 0.4008
vn 0.6594 -0.6873 -0.3047
vn 0.7284 -0.6841 0.0380
vn 0.9810 -0.1942 0.0008
vn 0.9213 -0.3753 0.1013
vn 0.8227 -0.5664 0.0487
vn -0.7120 -0.6230 0.3240
vn 0.9756 0.2185 0.0203
vn 0.8528 -0.0978 0.5129
vn 0.5744 -0.8076 -0.1336
vn -0.9473 0.1540 -0.2808
vn -0.7987 -0.2670 0.5392
vn 0.7262 -0.3998 -0.5593
vn -0.5937 -0.7249 0.3493
vn 0.7181 -0.3281 0.6137
vn -0.0991 -0.0722 0.9925
vn -0.8948 -0.1001 -0.4351
vn 0.1552 0.1576 0.9752
vn 0.3578 0.1852 -0.9152
vn -0.9477 -0.3187 0.0174
vn -0.9496 -0.3127 -0.0239
vn 0.6670 -0.7450 0.0031
vn 0.6457 0.3352 0.6861
vn -0.5889 0.5160 0.6220
vn 0.6740 -0.3869 -0.6293
vn -0.9625 -0.2095 0.1722
vn 0.0309 -0.9980 0.0550
vn 0.9437 -0.3265 0.0526
vn 0.6992 -0.6950 0.1678
vn 0.8840 -0.2702 0.3814
vn 0.7978 -0.2088 0.5656
vn -0.4429 -0.1189 -0.8887
vn -0.8002 -0.2157 -0.5597
vn 0.7096 -0.6253 -0.3248
vn 0.3877 -0.8481 0.3610
vn 0.9039 -0.4277 0.0041
vn 0.4505 -0.8360 0.3133
vn -0.8280 -0.5607 0.0061
vn 0.5977 -0.7753 0.2041
vn 0.4137 -0.8065 0.4224
vn 0.4095 -0.8572 0.3124
vn 0.0742 -0.0371 0.9966
vn -0.8376 -0.5434 0.0563
vn 0.8994 -0.0175 -0.4368
vn 0.3376 0.3525 0.8728
vn -0.2363 0.1179 0.9645
vn 0.2100 -0.0531 0.9763
vn -0.3161 -0.3284 -0.8901
vn 0.7628 -0.6136 0.2040
vn 0.9432 0.3121 0.1137
vn 0.4833 -0.7812 0.3951
vn -0.9519 -0.1383 0.2735
vn 0.6506 -0.7367 -0.1842
vn 0.7838 -0.3736 0.4960
vn -0.9825 -0.0666 0.1739
vn -0.9918 0.0349 -0.1227
vn 0.8697 -0.2624 -0.4181
vn -0.4204 -0.7899 -0.4465
vn 0.5962 -0.7982 0.0861
vn -0.5418 -0.5648 0.6224
vn -0.9951 -0.0823 0.0553
vn -0.5041 0.7910 0.3467
vn -0.7701 0.3912 0.5039
vn 0.5736 -0.7748 -0.2657
vn 0.6830 -0.6097 -0.4023
vn 0.6441 -0.5305 -0.5512
vn 0.8272 -0.5617 0.0127
vn 0.5469 -0.7052 0.4512
vn 0.7363 -0.1725 0.6543
vn 0.0949 0.0043 0.9955
vn 0.7232 0.2386 0.6481
vn 0.1017 0.3146 -0.9438
vn -0.3088 -0.5991 0.7387
vn 0.6365 -0.0525 0.7695
vn -0.9904 0.0455 0.1306
vn -0.9918 0.1273 0.0138
vn -0.1504 -0.2031 0.9675
vn 0.0549 -0.7999 0.5977
vn 0.7152 -0.6950 -0.0741
vn 0.2996 0.8933 0.3351
vn 0.8765 -0.3652 0.3136
vn 0.2562 0.5931 -0.7633
vn 0.4835 0.6453 -0.5915
vn 0.1769 0.1297 0.9756
vn -0.0258 -0.7352 0.6774
vn 0.5143 0.6200 -0.5926
vn 0.7505 -0.6608 0.0137
vn -0.9238 0.3822 -0.0232
vn 0.8147 -0.5798 0.0029
vn 0.3653 0.2529 -0.8959
vn 0.2418 0.4624 0.8531
vn 0.2452 0.5145 -0.8216
vn 0.2803 0.4121 0.8669
vn 0.3457 0.1677 -0.9232
vn -0.7740 -0.6121 0.1623
vn -0.4436 -0.8864 -0.1325
vn -0.9986 -0.0334 0.0419
vn -0.5872 -0.6831 0.4343
vn 0.9775 -0.1753 0.1174
vn -0.5263 -0.7562 0.3889
vn -0.9751 -0.1443 0.1685
vn -0.8239 0.1454 0.5478
vn -0.1923 -0.5005 0.8441
vn 0.3384 -0.5028 0.7954
vn -0.8423 -0.5234 0.1284
vn 0.4729 0.2490 0.8452
vn 0.4485 -0.8061 -0.3861
vn 0.7108 -0.5445 0.4453
vn -0.9542 -0.2585 0.1504
vn 0.6166 0.5357 -0.5770
vn -0.4953 -0.3077 0.8124
vn -0.0042 -0.3618 -0.9322
vn -0.9437 -0.3269 0.0495
vn 0.8709 -0.4909 0.0250
vn -0.8180 -0.2215 0.5309
vn -0.9914 0.0788 -0.1042
vn -0.9819 -0.1858 0.0358
vn -0.5084 -0.7358 0.4473
vn -0.9740 0.1183 0.1932
vn 0.2329 0.9693 0.0788
vn 0.1471 0.6755 -0.7225
vn 0.0581 0.2205 -0.9736
vn -0.6004 -0.7989 -0.0348
vn -0.9858 0.1404 -0.0919
vn 0.2447 0.5147 -0.8217
vn 0.2419 0.4621 0.8532
vn 0.2653 0.8027 0.5341
vn 0.1096 -0.1713 0.9791
vn 0.8566 -0.4565 0.2406
vn 0.0712 -0.3877 -0.9190
vn 0.0324 -0.3067 -0.9512
vn 0.7109 -0.6892 0.1401
vn -0.3494 -0.9254 -0.1470
vn -0.7618 -0.1395 0.6326
vn -0.1449 -0.1240 0.9816
vn 0.6970 -0.7043 -0.1347
vn -0.3109 -0.8810 0.3568
vn 0.9473 -0.1747 -0.2685
vn 0.5907 -0.7963 0.1301
vn -0.5444 -0.3108 0.7792
vn 0.3914 -0.4083 0.8247
vn 0.7076 0.1851 -0.6819
vn 0.4203 0.2908 -0.8595
vn 0.5104 0.4139 -0.7537
vn -0.4162 0.2145 -0.8836
vn -0.9714 -0.2374 0.0100
vn -0.9207 0.0622 0.3854
vn -0.9771 0.0066 0.2126
vn -0.9688 0.1809 0.1694
vn -0.9687 0.2453 0.0382
vn -0.8686 0.1970 -0.4546
vn -0.9458 0.3085 -0.1010
vn -0.9727 0.2291 -0.0384
vn -0.1284 -0.8067 0.5768
vn 0.1401 -0.2682 0.9531
vn 0.1760 -0.9483 0.2642
vn 0.2418 0.4627 0.8529
vn 0.2012 -0.9123 -0.3566
vn 0.3489 -0.9348 -0.0656
vn 0.0328 -0.3071 -0.9511
vn -0.0942 -0.9921 0.0832
vn 0.1759 -0.9484 0.2640
vn -0.9299 0.2805 -0.2380
vn -0.9786 0.0698 0.1935
vn 0.2625 -0.4617 -0.8473
vn 0.4359 -0.8113 0.3896
vn -0.4181 -0.6319 0.6526
vn 0.8708 -0.4825 -0.0939
vn -0.2182 -0.4817 0.8487
vn -0.0719 0.2046 -0.9762
vn -0.8602 0.4736 0.1892
vn -0.2672 0.0227 0.9634
vn -0.9825 0.0702 -0.1728
vn 0.5623 0.4755 -0.6766
vn -0.7175 0.2608 -0.6459
vn 0.5002 0.5331 -0.6823
vn -0.9361 -0.3500 0.0363
vn -0.6653 0.7452 -0.0453
vn -0.9890 0.1318 -0.0671
vn -0.6297 -0.5174 -0.5795
vn -0.8893 0.4311 -0.1527
vn -0.7767 0.6288 0.0370
vn -0.8169 -0.1357 -0.5605
vn -0.7978 0.5888 -0.1302
vn 0.8916 -0.3584 0.2768
vn -0.8021 0.2342 0.5493
vn -0.9395 0.3075 -0.1511
vn -0.9767 -0.2119 -0.0330
vn -0.1880 -0.9809 -0.0500
vn -0.8707 0.4809 0.1029
vn -0.8601 -0.2041 -0.4676
vn -0.1125 -0.9390 0.3250
vn 0.9024 -0.0897 0.4214
vn 0.3119 -0.9501 -0.0050
vn -0.6325 0.0888 -0.7695
vn -0.4873 -0.7807 0.3914
vn 0.6720 -0.0042 -0.7406
vn 0.9795 -0.1463 -0.1382
vn 0.2846 0.3251 -0.9018
vn 0.3136 0.2276 -0.9219
vn 0.9071 0.3697 0.2011
vn 0.4886 -0.1804 0.8536
vn -0.2722 -0.3026 -0.9134
vn 0.2907 -0.2155 -0.9322
vn 0.5083 -0.5819 0.6349
vn 0.9556 0.1662 -0.2433
vn -0.1916 -0.8310 -0.5222
vn 0.1610 -0.6371 -0.7538
vn 0.4717 -0.7185 0.5112
vn 0.5095 -0.3100 0.8027
vn 0.0115 -0.2639 0.9645
vn -0.3922 -0.3233 -0.8612
vn 0.4003 0.1371 -0.9061
vn -0.1880 -0.2289 -0.9551
vn -0.7072 0.5847 0.3974
vn -0.2897 0.1272 -0.9486
vn -0.7509 0.6478 -0.1286
vn -0.9964 0.0843 -0.0074
vn -0.7698 0.3759 -0.5158
vn 0.9081 -0.4138 0.0647
vn -0.2484 -0.0616 -0.9667
vn -0.6845 0.2817 -0.6724
vn -0.7804 0.4691 0.4134
vn 0.8201 -0.5722 -0.0112
vn -0.7524 0.6491 -0.1118
vn -0.6740 0.3455 -0.6529
vn -0.8052 0.3747 0.4597
vn -0.7797 0.5292 -0.3348
vn -0.8341 -0.4725 -0.2847
vn -0.5136 -0.7114 0.4797
vn -0.7900 0.4996 -0.3555
vn -0.7911 0.4239 0.4409
vn 0.6940 -0.5634 0.4482
vn -0.0730 -0.3012 0.9508
vn -0.7728 0.0513 0.6326
vn -0.4928 -0.4176 0.7634
vn 0.1642 0.1407 0.9763
vn 0.9751 -0.1551 0.1588
vn 0.2654 0.0446 0.9631
vn 0.6789 -0.5170 0.5214
vn 0.4245 -0.2496 -0.8703
vn -0.9353 -0.2777 0.2194
vn -0.8588 -0.3136 -0.4050
vn -0.8329 -0.5509 0.0527
vn 0.1294 0.6315 0.7645
vn 0.1812 -0.9069 0.3804
vn -0.0733 0.9340 -0.3497
vn 0.0716 0.9020 -0.4257
vn 0.2069 0.9559 -0.2083
vn 0.8038 -0.5508 0.2249
vn -0.8464 -0.5064 0.1650
vn 0.2434 0.6460 0.7235
vn 0.6943 -0.6955 0.1848
vn -0.3937 0.0797 0.9158
vn -0.3367 0.2338 -0.9121
vn -0.3196 0.2923 0.9014
vn 0.0112 -0.3030 0.9529
vn 0.1168 -0.5415 0.8325
vn -0.0382 -0.6373 0.7696
vn 0.7004 -0.4919 0.5173
vn 0.1110 -0.0993 -0.9888
vn -0.9744 0.2197 -0.0470
vn -0.6910 -0.7067 0.1522
vn -0.6446 -0.7580 -0.0995
vn 0.3605 -0.7357 0.5734
vn -0.6949 0.3602 -0.6224
vn 0.1024 0.0349 0.9941
vn -0.9160 0.3962 0.0634
vn -0.7337 0.1000 -0.6720
vn -0.7377 0.3783 -0.5592
vn -0.7583 0.6325 -0.1580
vn -0.9539 0.2777 0.1141
vn -0.6262 -0.5912 -0.5082
vn -0.8553 0.5057 0.1127
vn -0.9103 0.4028 0.0959
vn -0.8617 0.1325 -0.4898
vn -0.5693 0.2659 -0.7780
vn 0.4330 0.0416 -0.9004
vn -0.8815 -0.0994 0.4615
vn -0.6472 0.0290 -0.7617
vn -0.8542 0.4500 0.2605
vn -0.8976 0.4404 -0.0181
vn -0.7857 0.5836 0.2052
vn 0.4367 -0.8511 -0.2915
vn 0.5915 -0.3569 0.7230
vn -0.8308 0.4666 0.3034
vn -0.9503 0.1662 0.2633
vn 0.0001 0.1625 0.9867
vn 0.2616 -0.5624 0.7844
vn -0.5561 -0.7847 -0.2739
vn -0.2361 -0.7496 0.6184
vn -0.6049 -0.6992 0.3810
vn -0.5002 -0.8635 0.0646
vn -0.3681 -0.7534 0.5448
vn 0.2917 -0.4991 0.8160
vn 0.2930 -0.2735 -0.9162
vn 0.2505 -0.7687 0.5885
vn -0.7492 0.6423 0.1615
vn -0.7591 0.5411 0.3621
vn 0.1386 -0.8857 -0.4430
vn -0.1580 -0.9320 0.3263
vn -0.7252 0.6677 -0.1680
vn -0.8867 0.4290 0.1727
vn -0.8806 0.4388 0.1788
vn -0.8724 0.4871 -0.0405
vn 0.1080 -0.4859 0.8673
vn -0.4780 0.8772 0.0448
vn -0.9017 0.3005 -0.3109
vn -0.8812 0.4726 0.0101
vn -0.8557 0.4330 -0.2833
vn 0.2314 -0.0537 0.9714
vn 0.9949 -0.1001 -0.0101
vn 0.3761 -0.0772 0.9233
vn 0.9839 -0.1745 -0.0385
vn -0.8813 0.4720 -0.0227
vn -0.5032 -0.0856 -0.8599
vn -0.1596 0.7581 0.6322
vn -0.7221 0.6906 0.0406
vn -0.3718 0.7648 0.5262
vn -0.9636 0.2636 0.0443
vn -0.6229 0.7780 -0.0820
vn -0.8764 -0.4795 -0.0445
vn 0.9109 -0.4121 -0.0213
vn -0.8236 -0.5420 0.1672
vn -0.9659 -0.2292 -0.1207
vn -0.0793 0.3452 0.9352
vn 0.0687 -0.1256 -0.9897
vn 0.9765 -0.1470 -0.1573
vn -0.8381 -0.1889 0.5118
vn -0.6269 0.0198 0.7789
vn -0.2809 -0.6195 0.7330
vn 0.0568 -0.2839 -0.9572
vn -0.2747 -0.3853 0.8810
vn -0.3348 -0.9368 0.1018
vn -0.7666 0.5406 -0.3464
vn -0.5189 -0.3141 0.7950
vn 0.2459 -0.1867 0.9512
vn -0.4946 0.2465 0.8334
vn 0.2248 -0.1631 -0.9607
vn 0.9317 -0.3539 0.0817
vn 0.4944 -0.3957 0.7739
vn 0.5847 -0.7086 -0.3950
vn 0.0540 0.5783 -0.8140
vn -0.8428 0.4346 0.3176
vn -0.9474 0.1626 0.2757
vn -0.2763 -0.7513 -0.5993
vn 0.7894 0.0827 -0.6083
vn -0.9930 0.1129 -0.0358
vn 0.9810 -0.1931 0.0182
vn 0.6004 -0.1751 0.7803
vn 0.4480 -0.1267 -0.8850
vn 0.5676 0.7874 0.2406
vn -0.7000 -0.4508 0.5539
vn 0.5196 0.6897 0.5043
vn -0.7635 -0.0866 0.6400
vn -0.5194 0.8511 -0.0763
vn 0.9334 -0.3138 0.1738
vn -0.1384 -0.8615 0.4885
vn 0.5625 -0.3822 -0.7332
vn 0.6734 0.7378 -0.0454
vn -0.1325 0.9905 0.0359
vn -0.9614 -0.2049 -0.1837
vn 0.6436 0.7638 -0.0489
vn 0.7659 0.6422 -0.0302
vn -0.4578 0.8000 0.3880
vn 0.2752 -0.9591 0.0664
vn -0.8423 0.4255 -0.3310
vn 0.1770 -0.9834 0.0410
vn 0.3449 0.9370 0.0562
vn 0.9200 -0.1174 0.3740
vn 0.8285 -0.5289 0.1840
vn 0.9780 -0.1906 -0.0849
vn 0.8588 -0.4920 0.1425
vn -0.9658 -0.2410 0.0961
vn 0.8124 -0.5090 0.2844
vn 0.1709 -0.2143 -0.9617
vn 0.8819 -0.4545 0.1256
vn 0.8050 -0.5171 0.2907
vn 0.6427 -0.2555 0.7222
vn -0.7115 -0.6874 0.1454
vn 0.4424 -0.8931 0.0818
vn -0.8640 0.3586 -0.3533
vn 0.1166 -0.1725 0.9781
vn -0.7389 0.1472 -0.6575
vn -0.6298 0.3341 -0.7012
vn -0.0436 -0.3473 -0.9367
vn -0.1835 0.0993 -0.9780
vn -0.8432 -0.4722 0.2571
vn 0.9267 0.3733 -0.0429
vn -0.9865 -0.1640 -0.0002
vn -0.9463 -0.3206 -0.0405
vn -0.3815 -0.9243 -0.0147
vn -0.0845 0.6715 -0.7362
vn -0.0675 0.2141 -0.9745
vn -0.9598 0.1458 0.2399
vn -0.1168 0.1924 -0.9743
vn -0.0993 -0.9945 -0.0340
vn -0.2198 0.2056 -0.9536
vn -0.8139 -0.5336 0.2298
vn -0.6429 -0.6873 0.3381
vn -0.3974 -0.7371 0.5465
vn -0.5829 -0.8124 0.0169
vn -0.1781 -0.9635 0.2000
vn -0.8894 0.0217 -0.4566
vn -0.4891 -0.8565 -0.1646
vn 0.9651 0.2610 -0.0194
vn -0.1556 0.9752 -0.1573
vn -0.8161 0.5045 0.2818
vn -0.7329 -0.6610 -0.1611
vn -0.8745 0.4650 -0.1380
vn -0.0421 0.9964 -0.0735
vn -0.9561 -0.2906 0.0378
vn -0.8096 -0.5830 0.0684
vn 0.5719 -0.6728 -0.4693
vn 0.8929 -0.2598 -0.3678
vn 0.9391 -0.3237 0.1156
vn 0.8627 -0.3232 -0.3890
vn 0.8236 -0.3214 -0.4673
vn -0.6729 0.0963 0.7334
vn 0.9440 0.1321 -0.3022
vn -0.3079 0.0843 0.9477
vn 0.2747 -0.0648 0.9593
vn -0.3001 -0.2731 0.9140
vn -0.2888 -0.0965 0.9525
vn 0.4095 -0.2202 0.8853
vn 0.7291 0.2849 0.6223
vn 0.1264 0.4124 -0.9022
vn 0.8354 0.4773 -0.2726
vn 0.8281 0.5510 -0.1026
vn -0.6550 -0.7525 0.0682
vn 0.9365 -0.3503 0.0169
vn 0.4764 -0.8661 0.1513
vn -0.7730 -0.6340 -0.0246
vn -0.4955 -0.8663 -0.0637
vn 0.4578 -0.8883 0.0352
vn 0.8399 -0.5405 -0.0500
vn -0.6951 -0.7115 -0.1030
vn 0.7913 0.6090 -0.0544
vn 0.4712 -0.8594 0.1984
vn 0.9057 -0.2887 -0.3104
vn 0.9605 0.2749 -0.0441
vn 0.9367 -0.3325 0.1098
vn 0.1518 -0.9864 -0.0629
vn -0.8884 -0.2335 0.3953
vn 0.9295 -0.3274 0.1697
vn 0.9907 -0.1312 -0.0364
vn -0.6435 -0.5780 -0.5019
vn 0.2549 0.3088 0.9163
vn 0.5074 -0.0233 -0.8614
vn 0.6391 -0.6209 0.4538
vn -0.2310 -0.8879 0.3978
vn 0.4005 -0.9023 0.1595
vn 0.5290 0.1394 -0.8371
vn -0.8142 -0.5156 -0.2670
vn 0.8223 0.1092 0.5585
vn 0.4615 -0.4994 0.7332
vn -0.0264 -0.9996 -0.0129
vn -0.2021 -0.1174 0.9723
vn 0.0048 -0.2548 0.9670
vn 0.8741 0.4839 -0.0427
vn 0.8655 0.4995 -0.0367
vn 0.8672 0.4958 -0.0474
vn 0.8656 0.4994 -0.0366
vn -0.9619 -0.2735 -0.0054
vn -0.7915 -0.5818 0.1872
vn 0.4292 -0.9029 -0.0216
vn 0.5953 0.0717 -0.8003
vn 0.6345 -0.6556 0.4093
vn 0.6561 -0.4467 0.6083
vn 0.9724 0.2138 -0.0937
vn 0.8173 -0.5744 -0.0467
vn 0.5864 -0.5292 0.6133
vn -0.6670 -0.3979 -0.6299
vn -0.0479 0.0932 0.9945
vn 0.5550 -0.8045 0.2115
vn 0.3405 -0.3407 -0.8763
vn -0.3183 -0.5343 0.7831
vn -0.7366 0.0855 0.6708
vn 0.2617 0.2326 0.9367
vn 0.9404 -0.3388 0.0281
vn 0.9712 0.0745 0.2264
vn 0.1151 -0.2322 0.9658
vn 0.8756 -0.3943 0.2791
vn 0.0782 -0.1829 0.9800
vn 0.0388 -0.0861 0.9955
vn -0.0143 -0.1889 -0.9819
vn 0.0738 -0.2058 -0.9758
vn -0.3187 -0.0961 0.9430
vn 0.7962 0.4891 0.3563
vn 0.2927 -0.0601 -0.9543
vn 0.7272 0.5910 -0.3491
vn -0.9996 0.0274 -0.0040
vn -0.0340 -0.2752 0.9608
vn 0.8156 0.5727 0.0825
vn 0.2212 0.0156 0.9751
vn 0.9100 0.4104 0.0596
vn 0.9845 -0.1722 -0.0323
vn 0.8855 0.4504 0.1143
vn -0.5250 0.7768 0.3478
vn 0.1918 0.0019 0.9814
vn 0.0817 -0.5650 0.8210
vn 0.2090 0.8383 -0.5036
vn 0.2283 0.0358 -0.9729
vn -0.6605 -0.5177 0.5438
vn -0.2556 0.0651 0.9646
vn -0.0427 0.0939 0.9947
vn -0.9269 -0.3713 0.0546
vn -0.9683 -0.2496 0.0058
vn -0.9525 -0.3015 0.0420
vn -0.6314 -0.7657 0.1226
vn 0.8154 -0.5695 0.1042
vn -0.3400 -0.5053 0.7931
vn -0.0537 -0.8717 0.4870
vn -0.2573 -0.8648 -0.4313
vn 0.1364 -0.9837 -0.1175
vn 0.5754 -0.3794 0.7246
vn -0.9635 -0.2389 0.1211
vn 0.7872 0.6167 0.0065
vn 0.9686 0.1177 0.2190
vn 0.7320 0.4758 0.4876
vn 0.8964 0.0319 -0.4422
vn -0.9692 -0.2452 -0.0246
vn -0.9121 -0.3347 -0.2369
vn -0.9200 -0.3908 -0.0292
vn 0.8460 -0.5329 0.0171
vn 0.9440 0.2826 -0.1705
vn 0.9026 0.3991 -0.1610
vn -0.0395 -0.7705 -0.6362
vn 0.5306 0.0362 -0.8468
vn 0.3033 0.2088 0.9297
vn 0.3628 -0.1265 0.9232
vn -0.8430 0.5367 -0.0350
vn -0.8064 -0.2103 0.5527
vn -0.8382 -0.4093 0.3605
vn 0.7290 0.5921 0.3435
vn 0.1530 -0.3669 0.9176
vn 0.2906 -0.8985 0.3291
vn -0.1710 -0.7542 -0.6339
vn 0.8664 -0.4977 0.0412
vn 0.6615 0.3977 0.6358
vn 0.8001 -0.5898 0.1090
vn -0.1722 -0.9528 0.2499
vn 0.7122 -0.6848 0.1545
vn 0.3266 0.4505 -0.8309
vn 0.9296 -0.3516 0.1104
vn -0.9210 -0.3861 -0.0519
vn -0.0111 -0.9919 0.1267
vn 0.5715 -0.3359 0.7487
vn -0.9192 -0.2626 0.2934
vn -0.6690 -0.7365 0.1002
vn 0.7510 0.6158 -0.2382
vn 0.6624 0.3866 0.6417
vn 0.9757 -0.1972 -0.0959
vn 0.4883 -0.8724 0.0214
vn -0.6451 -0.4943 0.5827
vn -0.6622 0.7465 0.0648
vn 0.8699 -0.4730 0.1398
vn -0.6662 -0.1344 -0.7335
vn 0.0130 -0.0305 -0.9995
vn 0.0874 -0.1322 -0.9874
vn -0.6634 0.7416 -0.0992
vn -0.8891 -0.0717 0.4521
vn 0.0558 -0.6554 0.7532
vn 0.4729 0.6623 0.5812
vn -0.7128 0.4249 0.5580
vn 0.6535 -0.3687 0.6610
vn -0.3150 -0.4243 0.8490
vn 0.3303 -0.3734 0.8669
vn 0.0008 0.1581 -0.9874
vn 0.3292 -0.2058 0.9216
vn -0.0205 0.1680 0.9856
vn -0.2822 0.0053 -0.9593
vn -0.2228 -0.0145 0.9747
vn -0.0108 0.3201 -0.9473
vn -0.9052 0.3897 0.1695
vn -0.9823 -0.1678 0.0827
vn 0.1109 -0.6621 -0.7412
vn 0.0901 -0.5567 0.8258
vn 0.1550 -0.9713 -0.1806
vn 0.1009 -0.9949 0.0077
vn 0.7696 0.3564 0.5298
vn 0.8247 -0.4425 0.3523
vn 0.2107 0.6388 -0.7400
vn 0.3990 0.8104 -0.4291
vn 0.2478 0.9521 -0.1789
vn 0.3529 0.9109 0.2136
vn 0.5842 -0.7853 0.2047
vn -0.6087 -0.7760 -0.1653
vn 0.2867 -0.0640 0.9559
vn -0.1629 0.1117 -0.9803
vn -0.4548 -0.3820 -0.8045
vn 0.0744 0.0543 0.9957
vn -0.3136 -0.9423 0.1168
vn -0.0489 -0.9988 0.0019
vn -0.5901 0.8029 0.0846
vn -0.3097 -0.9502 -0.0351
vn 0.0060 -0.0393 -0.9992
vn 0.8272 0.3298 -0.4549
vn 0.6257 0.5977 0.5013
vn 0.7584 -0.6324 -0.1578
vn -0.9670 -0.2211 0.1264
vn 0.1735 -0.2541 -0.9515
vn 0.7448 0.6491 -0.1546
vn 0.8943 0.4355 0.1030
vn -0.1064 -0.3769 0.9201
vn -0.6375 -0.3307 0.6958
vn 0.2960 -0.4694 0.8319
vn 0.5977 -0.4176 0.6844
vn 0.0039 -0.5019 0.8649
vn -0.1338 -0.1671 -0.9768
vn -0.2613 0.2078 0.9426
vn -0.9400 -0.3321 0.0781
vn -0.8817 -0.4568 0.1179
vn -0.3542 -0.0771 0.9320
vn -0.3615 0.2731 -0.8915
vn -0.6765 -0.2226 0.7020
vn 0.9572 -0.2476 -0.1497
vn 0.0844 0.2607 0.9617
vn -0.3377 0.3722 -0.8645
vn -0.7229 -0.6903 -0.0304
vn -0.9540 0.2840 -0.0964
vn -0.9823 -0.0368 -0.1835
vn -0.9802 0.1430 -0.1370
vn -0.9901 -0.1105 0.0862
vn 0.8816 0.2679 -0.3885
vn -0.9627 -0.1760 -0.2055
vn 0.1603 -0.6203 0.7678
vn 0.7624 0.1085 0.6380
vn 0.2061 -0.7588 0.6179
vn 0.2034 -0.5114 0.8349
vn 0.1520 -0.0606 -0.9865
vn -0.0921 -0.9957 -0.0052
vn 0.3808 -0.5591 0.7365
vn 0.0789 0.0932 0.9925
vn 0.1628 0.0112 0.9866
vn 0.1015 -0.3186 -0.9424
vn -0.0305 -0.1020 -0.9943
vn 0.6793 -0.4910 0.5454
vn 0.5153 0.3364 0.7882
vn -0.5222 -0.3616 0.7724
vn -0.3325 -0.5542 -0.7631
vn 0.2211 0.0117 0.9752
vn 0.5176 -0.8416 -0.1543
vn -0.2877 -0.3370 0.8965
vn 0.5298 -0.1336 -0.8375
vn 0.6956 -0.7183 0.0140
vn 0.6824 -0.7271 0.0744
vn -0.7986 0.5957 0.0857
vn -0.3113 -0.9503 -0.0023
vn -0.7920 -0.6106 -0.0054
vn -0.0610 -0.1456 0.9875
vn 0.4133 -0.6005 0.6846
vn 0.9336 0.0978 -0.3446
vn 0.9416 -0.3282 0.0746
vn 0.9708 0.2273 -0.0762
vn 0.6933 -0.7199 0.0334
vn 0.6880 -0.7222 0.0712
vn 0.7076 0.4652 0.5319
vn 0.4187 0.5979 -0.6835
vn 0.6793 0.3509 0.6445
vn 0.5504 0.4029 0.7313
vn 0.2921 -0.6707 0.6818
vn -0.5957 0.0751 0.7997
vn 0.4656 -0.6849 -0.5604
vn -0.4495 -0.7466 0.4904
vn -0.1299 -0.7896 0.5997
vn 0.0436 -0.4339 0.8999
vn 0.9954 -0.0196 -0.0936
vn -0.9051 -0.4206 0.0628
vn -0.8193 -0.5555 -0.1422
vn 0.0781 -0.0748 -0.9941
vn -0.9249 0.0293 0.3790
vn -0.0944 -0.3490 -0.9324
vn -0.9148 -0.2260 -0.3348
vn -0.9212 -0.3867 0.0438
vn -0.9267 -0.3685 -0.0742
vn -0.9553 0.2839 0.0830
vn -0.9857 -0.1630 -0.0428
vn -0.9966 0.0009 -0.0827
vn -0.9405 0.0410 -0.3374
vn 0.9766 -0.2061 0.0605
vn 0.7118 -0.3977 0.5789
vn 0.0586 -0.3001 0.9521
vn 0.8649 0.0667 0.4975
vn 0.1211 -0.3977 0.9095
vn 0.2772 -0.9566 0.0896
vn -0.1011 -0.6197 0.7783
vn -0.0889 -0.0622 -0.9941
vn -0.9467 -0.3221 -0.0078
vn 0.8517 -0.3206 -0.4145
vn -0.9252 -0.3369 0.1744
vn -0.9860 -0.1640 -0.0306
vn -0.1283 -0.9835 0.1272
vn 0.0905 -0.7741 -0.6266
vn 0.9243 -0.1769 0.3383
vn 0.7228 0.4984 -0.4787
vn 0.6220 -0.7682 0.1513
vn 0.5442 -0.7266 -0.4194
vn 0.4587 -0.7338 0.5012
vn 0.6978 -0.6886 0.1973
vn 0.1863 -0.2370 -0.9535
vn -0.4860 0.2921 0.8237
vn -0.7221 -0.6629 0.1978
vn -0.5153 -0.6539 0.5540
vn 0.7089 0.7030 0.0565
vn -0.2220 -0.9750 -0.0104
vn 0.1146 -0.9829 -0.1444
vn -0.1112 -0.9919 -0.0618
vn -0.6392 0.0181 -0.7688
vn 0.9438 0.3305 -0.0026
vn -0.2244 0.9655 -0.1319
vn -0.9708 0.1876 0.1492
vn -0.3806 -0.7751 -0.5044
vn 0.9796 0.0700 0.1883
vn 0.6283 -0.7431 0.2302
vn 0.9219 0.0704 0.3810
vn 0.9699 0.0593 0.2364
vn 0.6922 0.4674 0.5498
vn 0.9697 0.0721 0.2335
vn -0.0715 -0.2148 0.9740
vn 0.1799 -0.1192 0.9764
vn 0.0439 -0.4306 0.9015
vn -0.3148 -0.9378 0.1461
vn 0.0121 -0.2752 0.9613
vn -0.2823 -0.8792 0.3838
vn -0.8581 -0.5118 0.0421
vn -0.6220 -0.7829 -0.0136
vn -0.6138 -0.7006 0.3639
vn 0.2675 -0.2813 0.9216
vn -0.7312 -0.3475 0.5870
vn -0.9850 0.0001 -0.1725
vn -0.8917 0.3989 0.2140
vn -0.5674 0.3595 0.7408
vn -0.8785 0.4633 -0.1168
vn 0.9191 -0.1873 0.3467
vn -1.0000 0.0065 0.0005
vn -0.8063 -0.1626 0.5688
vn -0.9497 0.2752 0.1494
vn -0.9601 0.2597 -0.1038
vn 0.9966 0.0815 -0.0096
vn -0.9831 -0.1830 0.0087
vn 0.9592 -0.2665 0.0947
vn -0.6880 -0.3857 0.6148
vn -0.0473 -0.9900 0.1326
vn -0.9915 -0.1242 0.0380
vn -0.9277 -0.3600 0.0985
vn -0.9049 -0.4182 0.0787
vn 0.6667 -0.6998 -0.2564
vn 0.9181 -0.3935 0.0476
vn -0.9691 -0.2379 0.0653
vn 0.8333 -0.5174 0.1946
vn -0.9856 -0.1552 -0.0677
vn 0.6186 -0.6281 -0.4721
vn -0.2611 -0.9586 0.1136
vn 0.0297 0.0028 0.9996
vn 0.1039 -0.0553 0.9930
vn -0.7168 -0.4093 0.5645
vn -0.7021 -0.3598 0.6145
vn -0.9962 -0.0604 -0.0634
vn -0.9756 -0.1710 -0.1379
vn -0.9756 0.2031 -0.0830
vn 0.4772 -0.1076 0.8722
vn -0.9038 0.3360 -0.2651
vn 0.1150 -0.0299 -0.9929
vn -0.9475 0.2826 -0.1496
vn 0.8433 -0.3265 0.4270
vn 0.8722 -0.2739 0.4052
vn 0.8664 -0.3127 0.3893
vn 0.8265 -0.3567 0.4355
vn 0.1009 -0.4940 0.8636
vn -0.1361 0.0037 0.9907
vn 0.1112 0.0488 0.9926
vn 0.6101 -0.3673 0.7020
vn -0.2173 -0.1051 -0.9704
vn 0.5492 0.4012 -0.7331
vn -0.9437 -0.3305 0.0144
vn -0.9595 -0.2814 -0.0128
vn -0.4654 -0.8850 -0.0083
vn 0.6556 -0.7275 0.2021
vn -0.8604 0.1850 -0.4749
vn -0.4688 -0.1538 -0.8698
vn -0.9311 -0.3406 0.1308
vn 0.3918 -0.1091 -0.9136
vn -0.6978 -0.6791 0.2280
vn -0.7808 0.6205 0.0729
vn -0.6755 0.0339 0.7365
vn -0.8227 -0.3249 0.4665
vn -0.7695 0.6017 -0.2140
vn -0.8233 -0.5357 -0.1875
vn -0.3370 -0.8709 0.3576
vn -0.6441 0.7607 -0.0812
vn -0.9603 -0.0123 0.2788
vn -0.8377 0.5401 0.0806
vn -0.8437 0.5289 -0.0918
vn -0.7074 0.2731 -0.6519
vn -0.9272 -0.0460 0.3717
vn -0.9479 -0.2868 0.1389
vn -0.3154 -0.9216 -0.2263
vn -0.2956 -0.2211 0.9294
vn -0.1681 -0.9817 0.0899
vn 0.5069 -0.8259 0.2470
vn 0.9156 -0.3974 0.0619
vn -0.8880 -0.1139 0.4456
vn -0.7406 0.5552 0.3786
vn -0.2684 0.2181 0.9383
vn -0.2135 0.7253 0.6545
vn 0.3163 0.9305 0.1845
vn -0.1302 0.1174 0.9845
vn -0.0913 0.9908 0.1002
vn 0.0779 -0.0378 0.9962
vn 0.0386 -0.1035 0.9939
vn 0.9887 0.1490 -0.0173
vn -0.0680 -0.1680 0.9834
vn -0.0893 -0.4202 0.9030
vn -0.1701 -0.0781 0.9823
vn -0.6686 -0.5260 0.5257
vn -0.2968 0.6706 0.6799
vn -0.9519 -0.2670 -0.1505
vn -0.9246 -0.0988 0.3678
vn -0.1306 0.3291 0.9352
vn -0.6287 -0.4525 -0.6325
vn 0.0158 0.0476 -0.9987
vn -0.0011 -0.1934 -0.9811
vn -0.0689 -0.2598 -0.9632
vn 0.3969 -0.7750 0.4918
vn 0.8809 0.2616 0.3945
vn -0.4606 0.0597 -0.8856
vn -0.2818 -0.8557 -0.4340
vn -0.4849 -0.8180 -0.3095
vn 0.2184 -0.1996 0.9552
vn -0.8211 0.2860 -0.4939
vn -0.7357 -0.6657 0.1247
vn -0.9119 -0.3232 -0.2528
vn -0.2273 -0.1662 0.9595
vn -0.9345 -0.1345 0.3295
vn 0.6431 -0.4285 0.6346
vn -0.5630 0.2015 0.8015
vn 0.3642 -0.8966 -0.2517
vn -0.5843 0.4093 -0.7008
vn 0.8428 0.2122 0.4946
vn 0.4187 -0.8670 0.2702
vn -0.7039 0.3833 -0.5980
vn -0.7888 0.6146 0.0069
vn -0.6999 -0.6794 -0.2204
vn -0.9562 -0.2521 0.1489
vn 0.0550 -0.3366 0.9400
vn 0.8973 0.2185 0.3836
vn -0.5151 0.0439 0.8560
vn -0.6793 -0.6823 0.2703
vn -0.3060 0.0339 0.9514
vn 0.4461 -0.5397 0.7140
vn -0.1686 -0.8830 0.4380
vn 0.6717 -0.7393 0.0481
vn -0.2263 -0.6607 -0.7157
vn -0.6894 -0.5393 -0.4836
vn 0.0384 0.4269 0.9035
vn -0.8741 0.4179 -0.2475
vn 0.0084 0.9691 -0.2463
vn -0.8851 0.4641 0.0351
vn -0.8489 0.5024 -0.1645
vn -0.8160 0.5165 0.2595
vn -0.7572 0.3363 -0.5600
vn -0.7495 0.6158 0.2431
vn -0.7879 0.6068 0.1051
vn -0.7578 0.6524 0.0125
vn -0.8306 0.5568 -0.0049
vn -0.9060 -0.3835 -0.1789
vn -0.9706 -0.2400 0.0182
vn 0.8795 -0.4689 0.0815
vn -0.7020 -0.6830 -0.2016
vn -0.7884 -0.3180 -0.5267
vn -0.8623 -0.2771 0.4240
vn -0.1542 0.3319 0.9306
vn -0.1659 -0.2663 0.9495
vn -0.2541 0.9283 0.2713
vn -0.3585 -0.8793 -0.3137
vn -0.2009 -0.5334 0.8217
vn -0.4496 -0.7408 0.4991
vn 0.5274 -0.7396 0.4180
vn 0.1912 -0.5156 0.8353
vn -0.9013 -0.0990 0.4217
vn 0.0139 0.2595 -0.9656
vn -0.9046 -0.1020 0.4138
vn 0.0530 0.2675 -0.9621
vn 0.2388 -0.8066 -0.5407
vn -0.4471 -0.6825 -0.5781
vn -0.8543 -0.2503 0.4555
vn 0.0504 -0.9984 0.0264
vn 0.9170 0.2708 -0.2927
vn -0.6958 0.3339 0.6358
vn 0.0379 -0.4673 0.8833
vn 0.9391 0.3305 -0.0946
vn -0.9325 -0.3572 0.0540
vn -0.8291 0.0467 0.5572
vn -0.6466 0.1339 0.7510
vn -0.9429 0.3141 -0.1106
vn -0.9777 0.1278 0.1667
vn -0.8192 0.1736 0.5466
vn -0.9272 0.2386 -0.2888
vn -0.5190 0.0974 -0.8492
vn -0.8239 0.0946 -0.5588
vn -0.4448 0.0842 -0.8917
vn -0.5340 -0.6264 0.5679
vn -0.5400 -0.5514 0.6359
vn -0.6475 -0.2816 -0.7081
vn 0.8945 -0.2272 0.3851
vn -0.6961 -0.6790 0.2333
vn -0.9096 -0.4125 -0.0504
vn -0.5538 -0.5675 0.6092
vn -0.7811 -0.6203 0.0713
vn -0.9633 -0.0398 -0.2656
vn -0.5139 0.8013 0.3063
vn -0.4771 -0.5499 0.6856
vn -0.7738 0.5849 -0.2433
vn -0.8183 0.4326 0.3785
vn 0.5274 0.6762 -0.5143
vn -0.6614 -0.7124 0.2344
vn 0.2148 -0.0938 0.9721
vn -0.8530 0.5200 0.0460
vn -0.8415 -0.5376 0.0543
vn -0.7831 -0.5530 -0.2845
vn -0.3149 -0.9405 0.1278
vn 0.9139 0.4033 -0.0456
vn -0.0174 -0.9629 -0.2693
vn -0.7474 0.2943 0.5957
vn 0.0984 -0.6454 0.7575
vn -0.4656 0.7474 0.4740
vn -0.6611 0.2521 -0.7067
vn -0.8344 0.5331 -0.1399
vn -0.8076 0.5885 -0.0378
vn -0.7874 0.5997 -0.1425
vn -0.7102 0.3916 0.5850
vn -0.8796 0.4751 0.0253
vn -0.7187 0.6945 -0.0334
vn -0.7712 -0.4184 0.4798
vn -0.8260 -0.5552 -0.0975
vn -0.8770 -0.4796 0.0290
vn -0.8941 -0.4465 0.0346
vn 0.9608 -0.2770 -0.0078
vn -0.7101 -0.6034 0.3629
vn -0.7710 -0.2578 -0.5823
vn -0.7556 -0.6414 -0.1328
vn -0.9783 0.1687 -0.1202
vn 0.9698 -0.2359 0.0624
vn -0.8353 -0.0739 0.5448
vn -0.9331 0.3401 -0.1170
vn -0.4416 0.8919 0.0973
vn -0.7357 -0.5721 0.3625
vn -0.8093 0.2688 -0.5223
vn -0.7133 0.0390 -0.6998
vn -0.4704 0.5270 -0.7079
vn -0.9164 -0.3271 0.2308
vn -0.6906 -0.7230 0.0199
vn -0.6903 -0.7169 0.0980
vn -0.9027 -0.0253 0.4296
vn -0.8069 -0.5679 -0.1627
vn 0.4872 -0.8121 0.3212
vn 0.1924 -0.7375 0.6474
vn -0.1913 -0.9499 0.2473
vn 0.9733 -0.1761 0.1475
vn -0.6533 -0.4294 -0.6235
vn -0.6586 -0.7177 0.2262
vn -0.6860 -0.7168 0.1247
vn -0.7402 -0.5738 -0.3506
vn -0.7769 -0.1265 0.6168
vn -0.2918 0.4409 -0.8488
vn -0.3131 -0.1886 0.9308
vn 0.9370 -0.2828 0.2050
vn -0.2273 -0.2023 0.9526
vn -0.2764 -0.3809 0.8823
vn -0.2274 -0.1125 0.9673
vn 0.0855 -0.1021 0.9911
vn -0.6414 -0.4112 0.6478
vn 0.8851 0.1101 0.4523
vn 0.8891 -0.4481 0.0930
vn -0.9271 -0.2316 0.2948
vn -0.9080 -0.4166 0.0453
vn -0.9624 0.0983 0.2533
vn -0.6479 0.1263 -0.7512
vn -0.5063 -0.6526 0.5638
vn -0.7129 -0.0827 0.6964
vn -0.5734 -0.6502 0.4983
vn -0.7793 -0.5219 -0.3468
vn 0.4980 -0.1623 -0.8518
vn -0.0182 0.9473 0.3197
vn -0.8120 0.5812 -0.0537
vn 0.6875 0.6954 0.2093
vn -0.5326 0.8101 -0.2450
vn 0.5507 0.7240 -0.4154
vn 0.9434 0.3317 0.0027
vn -0.6737 -0.7343 0.0833
vn -0.9015 0.4305 -0.0433
vn 0.6545 -0.6459 -0.3930
vn 0.6214 -0.1345 0.7718
vn 0.3602 -0.3616 0.8599
vn 0.2828 -0.9093 -0.3054
vn 0.3306 0.0613 -0.9418
vn 0.0023 0.7674 -0.6411
vn -0.8747 0.4568 -0.1622
vn -0.4801 -0.8711 0.1038
vn -0.3944 -0.6540 0.6456
vn 0.1691 -0.2361 0.9569
vn -0.5057 0.3806 -0.7742
vn -0.9604 -0.2519 0.1188
vn -0.7824 0.4848 0.3909
vn -0.8994 0.4273 -0.0920
vn -0.7534 0.3585 -0.5512
vn -0.6029 -0.6657 -0.4397
vn 0.9657 0.1711 0.1953
vn 0.8197 -0.5704 0.0513
vn -0.7993 -0.3314 -0.5013
vn 0.7656 -0.5674 -0.3033
vn -0.8964 0.4424 0.0271
vn -0.9383 -0.2128 -0.2726
vn -0.9334 -0.2122 -0.2895
vn 0.5584 -0.4097 0.7214
vn -0.9823 -0.1871 0.0052
vn -0.9416 -0.2113 -0.2623
vn -0.0385 -0.7840 0.6196
vn 0.7281 0.6777 -0.1028
vn -0.3423 -0.3358 0.8775
vn -0.6214 0.7821 0.0469
vn -0.9360 0.3272 -0.1298
vn 0.7180 0.6922 -0.0736
vn 0.7319 0.6711 -0.1181
vn 0.7265 0.6617 -0.1854
vn -0.3523 0.0809 0.9324
vn -0.1177 -0.1533 0.9811
vn 0.0152 0.0946 0.9954
vn -0.0481 -0.4480 0.8927
vn -0.6522 -0.2643 -0.7105
vn -0.0849 -0.4920 0.8665
vn 0.1746 -0.4588 0.8712
vn 0.1154 -0.7817 -0.6128
vn 0.4453 -0.4996 -0.7430
vn 0.6618 -0.7495 -0.0187
vn -0.9260 -0.3763 0.0293
vn -0.2414 -0.9667 0.0852
vn -0.5518 0.0610 0.8317
vn -0.9871 0.1576 0.0279
vn 0.6170 -0.5126 -0.5971
vn -0.3068 -0.6686 -0.6773
vn -0.3102 -0.9429 0.1215
vn 0.9713 -0.1564 0.1795
vn 0.9127 -0.4086 -0.0050
vn 0.9228 0.3443 0.1732
vn -0.9261 -0.2209 0.3059
vn 0.8600 -0.4960 0.1196
vn 0.5652 -0.8215 -0.0758
vn 0.0643 -0.9895 0.1297
vn -0.0388 -0.9897 -0.1381
vn 0.9723 -0.2328 -0.0204
vn 0.8744 0.4099 -0.2596
vn -0.7231 -0.2030 -0.6602
vn -0.6461 -0.5454 -0.5340
vn -0.9227 0.3006 0.2412
vn 0.3916 -0.9183 0.0585
vn 0.0587 -0.9322 -0.3570
vn -0.4099 -0.1903 0.8921
vn 0.2421 -0.8539 -0.4607
vn -0.7599 0.5379 -0.3651
vn -0.8624 -0.4187 0.2846
vn -0.1431 -0.3031 -0.9421
vn -0.3463 -0.9371 0.0430
vn -0.0020 -0.9829 -0.1839
vn -0.0147 -0.9990 0.0412
vn -0.8372 0.5399 -0.0866
vn -0.7595 -0.1854 0.6235
vn -0.7333 -0.1991 0.6501
vn -0.7969 -0.2174 0.5636
vn -0.6962 -0.1908 0.6920
vn 0.3383 0.3542 0.8718
vn -0.5355 0.2694 0.8004
vn 0.4942 0.2610 0.8292
vn -0.0558 0.5261 0.8486
vn 0.3231 0.3930 -0.8609
vn 0.7445 -0.6629 0.0793
vn 0.7950 -0.5949 0.1185
vn 0.2068 -0.3954 -0.8949
vn 0.5254 -0.2138 -0.8235
vn 0.5487 -0.4277 0.7183
vn 0.6361 -0.7674 0.0809
vn 0.8460 -0.5297 0.0615
vn 0.4121 0.7550 0.5100
vn 0.4279 -0.2416 -0.8709
vn 0.9116 -0.2356 -0.3368
vn 0.6524 -0.2817 -0.7036
vn 0.5325 -0.2147 0.8188
vn 0.8760 -0.2469 -0.4143
vn 0.5726 -0.8093 -0.1312
vn -0.1780 -0.9820 -0.0626
vn 0.3486 -0.9366 0.0354
vn 0.5827 -0.8051 0.1108
vn 0.8791 0.3551 -0.3178
vn 0.7845 0.6116 -0.1026
vn -0.7637 -0.6453 -0.0187
vn 0.0358 -0.9959 -0.0837
vn -0.7653 0.0248 0.6432
vn -0.7507 -0.6432 -0.1506
vn -0.4624 -0.7196 0.5180
vn 0.9684 -0.0125 -0.2492
vn -0.6344 -0.6814 0.3650
vn -0.6679 -0.7442 -0.0117
vn -0.6233 -0.6602 0.4191
vn 0.8026 0.5131 -0.3043
vn -0.7836 -0.6213 -0.0054
vn -0.9793 -0.0784 0.1865
vn 0.8791 0.1466 -0.4535
vn -0.7928 -0.1434 -0.5924
vn -0.1511 -0.0285 -0.9881
vn 0.6218 0.5476 -0.5599
vn -0.6260 0.5821 -0.5189
vn -0.9641 -0.1639 -0.2087
vn -0.9744 -0.1684 -0.1491
vn -0.9655 0.1907 0.1773
vn -0.9583 -0.1694 -0.2303
vn 0.7338 -0.6711 -0.1051
vn -0.9822 -0.1763 -0.0655
vn -0.3541 -0.0271 0.9348
vn 0.2665 -0.7458 0.6105
vn 0.7779 0.0769 0.6237
vn 0.3304 -0.3507 0.8762
vn 0.2933 -0.0168 0.9559
vn 0.0716 -0.0085 -0.9974
vn -0.6352 0.3226 -0.7017
vn -0.9985 -0.0219 -0.0511
vn -0.3069 -0.9516 -0.0194
vn -0.8746 -0.2454 -0.4181
vn -0.2500 -0.1392 -0.9582
vn -0.5884 -0.1867 0.7868
vn -0.5415 -0.4629 0.7018
vn -0.6697 -0.7426 -0.0090
vn -0.1071 -0.8367 0.5371
vn 0.2083 0.9534 0.2182
vn -0.1696 -0.7762 0.6072
vn -0.1518 -0.3577 0.9214
vn -0.6170 -0.7707 0.1593
vn 0.4224 -0.9001 0.1068
vn 0.8096 -0.5546 0.1924
vn -0.2907 -0.9513 0.1021
vn 0.8878 -0.4183 -0.1919
vn -0.6846 -0.7290 -0.0029
vn 0.8524 -0.2739 -0.4454
vn 0.8857 -0.0223 0.4638
vn -0.7441 -0.6147 0.2617
vn 0.5931 -0.7776 0.2088
vn -0.0646 0.9508 0.3030
vn -0.1918 -0.9604 0.2019
vn 0.9407 0.3313 0.0727
vn -0.6453 -0.7341 -0.2112
vn -0.9893 0.1103 0.0959
vn -0.6926 -0.5078 -0.5124
vn 0.5912 0.4239 -0.6861
vn 0.1149 -0.8281 0.5487
vn 0.9838 0.1238 0.1300
vn -0.3399 -0.9195 0.1976
vn -0.8413 -0.5227 0.1378
vn -0.8974 0.4391 -0.0438
vn 0.7193 0.6291 -0.2947
vn 0.8354 0.5211 0.1749
vn -0.9314 0.2856 0.2257
vn -0.9949 0.0241 -0.0984
vn -0.9619 -0.1914 0.1952
vn -0.5546 0.8321 -0.0062
vn -0.8563 -0.3372 -0.3913
vn -0.8509 -0.5160 0.0984
vn 0.9061 0.3482 -0.2402
vn -0.9481 0.2893 0.1317
vn -0.9700 0.2371 -0.0541
vn -0.1092 -0.8679 -0.4846
vn -0.6788 -0.5905 0.4364
vn -0.3432 -0.9289 -0.1394
vn -0.1559 -0.9871 -0.0368
vn -0.1068 -0.9502 -0.2927
vn -0.5983 -0.8002 0.0403
vn 0.4684 -0.8827 0.0372
vn 0.0568 -0.9974 -0.0450
vn 0.9058 0.3497 0.2391
vn -0.0827 0.0501 0.9953
vn -0.1031 -0.2822 0.9538
vn -0.6039 0.6722 0.4283
vn 0.4995 -0.2418 0.8319
vn 0.7812 0.2391 -0.5767
vn -0.9693 -0.2277 0.0925
vn 0.8597 -0.4861 0.1568
vn 0.8071 -0.5790 0.1158
vn 0.8015 -0.5877 0.1105
vn -0.9808 0.1949 0.0046
vn -0.9497 0.3043 -0.0741
vn -0.9839 -0.1778 0.0198
vn 0.9827 -0.1214 -0.1400
vn 0.0198 -0.8232 0.5674
vn -0.9363 -0.2717 0.2226
vn -0.8411 -0.4937 -0.2207
vn -0.6726 -0.6185 0.4063
vn 0.9591 0.1355 0.2485
vn -0.0535 -0.9972 -0.0515
vn -0.1988 0.5002 -0.8428
vn 0.7704 0.5980 0.2210
vn -0.1681 -0.8645 -0.4738
vn -0.2995 -0.9522 -0.0605
vn 0.6879 -0.6934 0.2145
vn 0.9446 -0.3042 0.1232
vn 0.6294 -0.6544 0.4190
vn 0.7872 0.2449 -0.5660
vn 0.9488 -0.2042 0.2409
vn -0.8925 0.4363 -0.1143
vn 0.3120 0.7816 -0.5402
vn 0.8380 0.4192 0.3493
vn 0.8398 0.4048 -0.3618
vn 0.0505 -0.1983 -0.9788
vn 0.7048 0.6538 -0.2753
vn 0.7754 0.5523 -0.3061
vn 0.8093 0.4985 0.3107
vn -0.8743 0.4021 -0.2719
vn -0.8725 0.2834 0.3981
vn 0.7723 0.5962 -0.2192
vn -0.3935 0.2697 -0.8789
vn -0.7505 0.6561 -0.0792
vn 0.7375 -0.4659 -0.4890
vn -0.2699 -0.2424 0.9319
vn -0.8293 -0.5370 -0.1549
vn 0.7319 -0.2299 0.6415
vn -0.1790 -0.1249 -0.9759
vn 0.7476 0.6621 -0.0521
vn 0.6741 -0.6178 -0.4050
vn 0.6961 -0.3902 -0.6027
vn -0.2499 -0.7404 0.6240
vn 0.2701 -0.3614 0.8924
vn 0.2718 -0.1487 0.9508
vn 0.3350 -0.1375 0.9321
vn 0.0642 0.3507 -0.9343
vn 0.2476 -0.0155 -0.9687
vn 0.9128 0.4060 0.0439
vn 0.9984 0.0057 0.0571
vn -0.7739 0.0251 0.6329
vn -0.9546 -0.2827 0.0937
vn -0.9955 -0.0736 0.0597
vn -0.9880 -0.0426 0.1484
vn 0.5331 0.6804 0.5028
vn 0.9030 -0.4219 0.0809
vn 0.3238 0.5688 -0.7560
vn 0.2828 0.7282 0.6243
vn 0.1136 0.4393 -0.8911
vn 0.3353 0.4547 -0.8251
vn 0.2399 -0.6422 0.7281
vn 0.2344 -0.7772 0.5839
vn -0.9474 -0.3128 0.0682
vn 0.8952 0.3467 0.2799
vn 0.6548 0.7375 -0.1652
vn -0.3627 -0.7493 -0.5540
vn 0.6652 -0.1913 0.7217
vn -0.8898 0.3404 0.3038
vn 0.8638 -0.4536 0.2192
vn 0.8010 0.5940 0.0751
vn -0.4448 -0.8708 -0.2095
vn 0.1434 -0.6319 -0.7616
vn 0.6259 0.6516 0.4286
vn 0.8502 0.4897 0.1930
vn -0.1134 -0.7706 0.6271
vn 0.5471 -0.8107 -0.2083
vn 0.7494 0.5528 0.3644
vn -0.1312 -0.7514 0.6467
vn 0.9356 -0.3516 -0.0309
vn 0.9803 0.1957 0.0264
vn -0.7948 -0.6045 -0.0540
vn -0.4687 -0.8827 -0.0339
vn -0.2723 -0.3199 0.9075
vn 0.7702 0.5390 -0.3409
vn 0.9140 0.3796 -0.1434
vn 0.0641 -0.9967 -0.0495
vn 0.9595 -0.2811 -0.0209
vn 0.0442 0.0583 0.9973
vn 0.5839 -0.2287 0.7789
vn -0.5588 -0.5229 0.6436
vn 0.0557 0.2351 -0.9704
vn -0.9635 -0.2047 0.1725
vn -0.8360 0.5481 0.0258
vn -0.9785 -0.1974 0.0593
vn 0.9993 0.0349 -0.0136
vn -0.9914 0.1241 -0.0421
vn -0.9842 0.1103 0.1387
vn -0.9774 0.2106 0.0198
vn -0.9987 -0.0150 -0.0477
vn -0.9477 -0.1106 0.2995
vn -0.9456 0.2979 0.1307
vn -0.9867 -0.1592 -0.0317
vn -0.9531 -0.2690 -0.1388
vn 0.9963 -0.0736 0.0438
vn -0.9915 -0.0559 -0.1178
vn 0.9683 -0.2347 0.0857
vn -0.9980 -0.0533 -0.0333
vn 0.5909 0.3159 -0.7423
vn -0.9961 -0.0743 0.0472
vn 0.7150 0.1319 -0.6866
vn -0.4924 -0.3898 0.7782
vn 0.6935 0.6618 -0.2847
vn -0.0414 0.7861 -0.6168
vn -0.9797 -0.2002 0.0063
vn 0.8262 -0.3524 0.4395
vn 0.6302 -0.1300 0.7655
vn 0.2763 -0.5110 -0.8139
vn 0.0726 -0.6321 -0.7715
vn 0.5266 -0.2930 -0.7980
vn -0.7554 -0.5610 -0.3388
vn 0.8962 0.2649 -0.3559
vn 0.0052 -0.9003 -0.4352
vn 0.8392 0.5438 0.0089
vn -0.2465 -0.9102 -0.3329
vn 0.7569 0.0489 0.6516
vn 0.1717 -0.7609 0.6258
vn -0.9132 -0.3267 0.2437
vn 0.3672 -0.4993 0.7848
vn -0.6204 0.4271 0.6578
vn -0.1707 -0.1229 0.9776
vn 0.8141 0.3020 0.4960
vn -0.6726 0.1071 0.7322
vn -0.3676 0.9205 0.1326
vn -0.0034 0.3142 -0.9494
vn 0.0508 0.3127 -0.9485
vn -0.7296 0.5692 -0.3790
vn 0.0301 0.3017 -0.9529
vn 0.0117 -0.1187 0.9929
vn 0.1131 0.3947 0.9118
vn 0.8901 -0.4523 0.0571
vn -0.9487 0.3047 -0.0846
vn 0.8796 -0.4723 0.0574
vn -0.9909 -0.1025 0.0877
vn 0.9974 -0.0226 0.0677
vn -0.8507 0.4946 0.1780
vn 0.9384 0.3449 -0.0196
vn -0.4413 -0.8930 -0.0879
vn -0.7785 -0.1361 0.6127
vn -0.8449 -0.4677 -0.2597
vn -0.9235 0.3376 -0.1821
vn 0.9635 -0.1527 0.2199
vn -0.3007 -0.8003 -0.5188
vn -0.9758 0.2180 0.0184
vn -0.5825 -0.7650 -0.2747
vn -0.6053 -0.0981 -0.7899
vn -0.9391 0.2791 -0.2006
vn -0.8668 0.4755 0.1503
vn -0.8394 0.5435 -0.0023
vn -0.9679 0.1249 -0.2182
vn -0.8721 0.4590 -0.1696
vn -0.9917 0.0474 -0.1198
vn -0.8987 0.4333 -0.0674
vn -0.9588 0.0839 0.2715
vn -0.9688 -0.2419 -0.0544
vn -0.8557 -0.4650 0.2271
vn 0.0131 -0.3452 -0.9384
vn 0.8256 0.4311 -0.3640
vn -0.7323 -0.6560 -0.1829
vn -0.1964 0.9692 0.1484
vn 0.9985 0.0519 0.0200
vn -0.5452 -0.7112 -0.4437
vn 0.8757 0.4417 0.1953
vn 0.4525 -0.8890 0.0698
vn 0.1321 -0.4242 -0.8959
vn 0.2400 0.8852 0.3985
vn 0.6058 -0.7939 -0.0511
vn -0.9989 0.0259 0.0387
vn 0.6968 0.7163 0.0374
vn -0.9888 -0.1482 0.0170
vn 0.6137 0.1192 0.7805
vn -0.9025 -0.3609 -0.2351
vn 0.9935 0.1092 0.0307
vn -0.9837 -0.1780 -0.0260
vn 0.9175 -0.3104 -0.2488
vn 0.9147 0.0801 0.3960
vn -0.3161 0.9387 0.1379
vn 0.6348 0.5474 0.5454
vn 0.8160 -0.5219 0.2485
vn -0.1056 -0.9521 0.2870
vn 0.5510 -0.0315 -0.8339
vn 0.3589 -0.0999 0.9280
vn 0.7130 -0.1684 0.6806
vn 0.0425 0.0472 0.9980
vn -0.8037 -0.3994 0.4410
vn 0.9979 0.0008 -0.0644
vn -0.9565 0.2886 -0.0436
vn -0.9158 0.4004 -0.0332
vn 0.9012 0.4233 -0.0934
vn 0.9586 -0.2604 0.1150
vn -0.5120 -0.6542 0.5566
vn -0.9320 -0.0439 -0.3599
vn 0.9873 0.1511 -0.0492
vn 0.9949 0.0923 0.0413
vn -0.7399 0.6711 -0.0460
vn -0.8069 -0.4758 -0.3501
vn -0.6451 0.0968 -0.7580
vn -0.7247 0.6883 -0.0320
vn -0.5514 0.8333 -0.0408
vn 0.6153 0.7686 0.1747
vn 0.0056 -0.7189 0.6951
vn -0.8822 0.3713 -0.2896
vn -0.9739 0.2252 -0.0276
vn -0.9230 0.2401 -0.3007
vn -0.9574 -0.2665 0.1115
vn -0.6589 -0.7353 -0.1588
vn -0.7748 -0.6046 0.1846
vn 0.7397 0.6181 0.2662
vn 0.0134 -0.1547 0.9879
vn -0.1303 -0.9724 0.1934
vn 0.0366 -0.2599 0.9649
vn -0.0328 -0.7234 -0.6896
vn -0.0066 -0.2248 0.9744
vn -0.0922 -0.9928 -0.0767
vn -0.1145 -0.9861 0.1203
vn -0.5720 0.4873 0.6598
vn 0.9065 -0.3907 0.1602
vn 0.4194 -0.8846 0.2040
vn 0.0401 -0.5175 -0.8548
vn 0.8070 0.3347 0.4866
vn 0.8652 0.3700 0.3385
vn 0.4532 -0.8824 0.1268
vn 0.4730 -0.8764 -0.0899
vn 0.2183 0.7050 0.6748
vn 0.0586 -0.5055 -0.8608
vn 0.0779 -0.4387 -0.8952
vn -0.9835 -0.1789 -0.0253
vn 0.7843 0.5499 -0.2872
vn 0.8131 0.5818 -0.0181
vn 0.5733 0.7362 0.3596
vn 0.8971 0.4197 0.1384
vn 0.9592 -0.2779 -0.0519
vn 0.9106 0.4122 0.0307
vn -0.9130 0.2587 0.3156
vn 0.2784 -0.8567 0.4343
vn -0.6710 -0.1284 0.7303
vn -0.4425 -0.2480 0.8618
vn -0.4406 -0.0652 0.8953
vn -0.2455 0.1291 -0.9608
vn -0.7042 0.7099 0.0106
vn -0.8512 0.5165 -0.0930
vn -0.9837 -0.1774 0.0304
vn 0.9442 -0.3176 0.0875
vn 0.5953 -0.8023 -0.0433
vn 0.9934 -0.0880 0.0733
vn 0.9576 -0.1304 0.2568
vn 0.8927 0.3560 0.2765
vn -0.9844 -0.1088 -0.1381
vn 0.8850 0.2538 0.3904
vn 0.2874 -0.7056 0.6477
vn 0.7698 0.4669 0.4352
vn 0.5199 0.0672 0.8516
vn -0.9599 0.2503 -0.1263
vn -0.8841 0.2626 0.3866
vn -0.9756 0.2194 -0.0036
vn -0.7127 0.2388 -0.6595
vn -0.7129 0.4403 -0.5458
vn -0.8514 0.5135 -0.1075
vn -0.7255 0.6881 -0.0169
vn -0.1221 -0.2679 -0.9557
vn 0.8255 0.5517 0.1192
vn 0.0435 0.8956 0.4428
vn -0.8990 0.4250 -0.1058
vn 0.9532 0.1980 0.2285
vn 0.8794 0.2674 -0.3939
vn 0.6638 0.1351 -0.7356
vn 0.3935 0.9062 -0.1548
vn 0.2124 0.6316 -0.7456
vn 0.6816 0.6171 -0.3932
vn 0.8345 0.5510 -0.0106
vn 0.9490 0.0733 0.3066
vn 0.9776 -0.1700 -0.1237
vn 0.5809 0.7824 0.2244
vn -0.7716 0.6161 0.1579
vn 0.4630 0.2507 0.8502
vn 0.5799 0.5876 -0.5643
vn 0.8764 -0.4312 0.2144
vn 0.9357 0.2643 -0.2335
vn 0.8919 -0.4487 0.0571
vn -0.9962 -0.0832 0.0261
vn 0.9317 0.3185 -0.1745
vn -0.9164 0.0139 -0.4000
vn 0.2989 0.8728 0.3859
vn -0.8306 0.3671 0.4186
vn 0.0618 -0.8911 0.4495
vn -0.5686 0.0088 0.8226
vn 0.9326 -0.3267 0.1537
vn 0.9253 -0.3732 0.0672
vn 0.6823 0.7026 0.2019
vn 0.1426 -0.4384 0.8874
vn 0.9738 0.1552 -0.1663
vn -0.5259 -0.5880 -0.6146
vn -0.8683 -0.4779 0.1326
vn -0.0220 -0.6076 -0.7940
vn -0.8201 0.5722 0.0037
vn -0.5307 0.0346 0.8469
vn 0.0867 -0.9952 -0.0460
vn -0.9915 -0.1300 0.0065
vn 0.3315 -0.7303 -0.5973
vn 0.7226 0.6139 -0.3178
vn 0.5042 0.8529 0.1352
vn -0.2948 -0.7954 -0.5296
vn -0.9579 -0.2866 -0.0136
vn 0.8530 0.1629 -0.4959
vn -0.5516 -0.6541 -0.5176
vn -0.1557 -0.5979 0.7863
vn 0.9962 -0.0456 0.0748
vn 0.9681 0.2487 0.0314
vn -0.4163 -0.9061 -0.0754
vn 0.6920 0.6840 -0.2309
vn 0.9709 0.2092 -0.1167
vn -0.9722 0.2086 -0.1064
vn 0.0920 -0.4526 0.8870
vn -0.9439 0.1412 0.2985
vn -0.7399 0.6691 0.0691
vn -0.8512 0.5246 -0.0168
vn -0.9343 0.2036 0.2925
vn 0.9590 0.2834 -0.0066
vn -0.8245 0.5592 -0.0864
vn -0.8211 0.5195 -0.2364
vn -0.8422 0.5251 -0.1221
vn -0.8602 -0.0315 0.5090
vn -0.8226 -0.2290 -0.5205
vn 0.8571 0.4939 -0.1463
vn 0.6407 0.3241 0.6960
vn -0.0237 0.7167 0.6970
vn 0.9647 -0.2462 0.0936
vn 0.8910 -0.2499 -0.3791
vn -0.9348 0.2876 0.2085
vn -0.0462 -0.7778 0.6269
vn 0.8987 -0.0768 0.4317
vn 0.8094 -0.5835 -0.0660
vn 0.9154 -0.4025 0.0049
vn -0.9281 0.3687 -0.0512
vn 0.9971 -0.0209 0.0733
vn 0.9003 0.2842 0.3298
vn 0.9395 0.0570 0.3379
vn 0.3065 0.9492 -0.0718
vn 0.9539 0.0963 -0.2843
vn -0.8491 0.2140 0.4830
vn 0.6278 -0.2815 0.7257
vn 0.3626 0.8317 -0.4206
vn -0.3172 -0.0198 0.9481
vn 0.9041 -0.4272 0.0140
vn 0.9217 -0.2245 0.3162
vn -0.0734 -0.3538 0.9324
vn 0.5107 0.8595 0.0227
vn -0.2962 0.7910 0.5353
vn 0.7959 -0.6024 0.0608
vn 0.4505 0.8546 0.2583
vn -0.9474 0.3076 0.0880
vn -0.9240 -0.3461 0.1626
vn 0.8057 0.4147 0.4230
vn 0.4919 0.8477 0.1988
vn 0.7027 0.6654 0.2517
vn 0.6516 0.6013 -0.4624
vn 0.6860 0.4773 0.5492
vn -0.3648 -0.7053 0.6079
vn 0.4920 0.8701 0.0293
vn 0.8527 0.5207 0.0423
vn 0.7491 0.6617 0.0321
vn 0.4789 0.8404 0.2537
vn 0.8784 0.3249 -0.3504
vn -0.2069 -0.8027 -0.5594
vn -0.3229 -0.8443 0.4277
vn 0.2028 -0.8609 -0.4666
vn -0.8321 0.3317 0.4446
vn -0.7121 0.6492 -0.2674
vn -0.9929 0.1191 0.0070
vn -0.9716 0.2246 0.0739
vn -0.8805 0.4740 0.0098
vn -0.8183 0.5656 0.1027
vn -0.8370 0.5366 0.1073
vn -0.0592 0.0251 0.9979
vn 0.9666 0.1753 0.1870
vn -0.2653 0.6195 -0.7388
vn -0.0887 -0.3009 -0.9495
vn 0.1361 0.9379 0.3190
vn 0.7274 0.3592 0.5848
vn -0.8710 0.2943 -0.3933
vn 0.8640 0.4977 0.0761
vn 0.5891 0.7653 0.2594
vn -0.9068 0.3360 0.2545
vn 0.5473 0.7802 -0.3030
vn 0.7190 -0.6728 0.1744
vn 0.5449 0.7215 -0.4273
vn 0.4854 0.5441 0.6844
vn 0.8046 0.4132 -0.4265
vn -0.2894 0.9539 0.0800
vn 0.9107 0.2562 -0.3240
vn 0.8982 0.4395 0.0118
vn -0.9948 0.0294 -0.0973
vn 0.8531 -0.5141 -0.0886
vn -0.9929 0.1139 0.0335
vn 0.6352 -0.4839 -0.6020
vn -0.2833 0.1538 -0.9466
vn -0.9379 0.2169 0.2707
vn -0.9648 0.2623 0.0211
vn -0.2736 0.9616 0.0236
vn -0.7034 -0.0877 -0.7054
vn -0.9545 -0.2979 -0.0105
vn -0.9631 -0.0310 -0.2674
vn -0.9872 0.0231 0.1580
vn -0.5100 0.0484 0.8588
vn -0.9745 -0.1455 0.1706
vn 0.9462 -0.2901 0.1436
vn 0.9177 0.3860 -0.0942
vn 0.9447 0.1304 -0.3009
vn 0.2122 0.0413 0.9764
vn 0.3297 -0.1634 0.9298
vn 0.2379 -0.2236 0.9452
vn -0.9573 0.0744 0.2795
vn 0.3913 0.1274 0.9114
vn 0.9559 0.1004 0.2760
vn -0.9642 0.2490 0.0913
vn 0.1624 -0.9686 0.1881
vn 0.6224 -0.7583 -0.1940
vn 0.7442 0.4114 -0.5263
vn 0.8117 0.3451 0.4713
vn 0.9997 0.0188 0.0165
vn -0.9357 -0.3488 -0.0523
vn -0.7336 0.6793 -0.0206
vn 0.6892 0.4742 -0.5478
vn -0.3837 0.9234 -0.0086
vn 0.8133 -0.1086 0.5717
vn 0.1000 0.3098 -0.9455
vn -0.1886 0.8032 -0.5651
vn 0.9790 0.1458 0.1424
vn -0.4277 -0.0672 0.9014
vn -0.6500 -0.2679 0.7111
vn 0.5975 0.7579 0.2619
vn 0.9744 -0.2238 -0.0218
vn -0.8792 0.4765 -0.0002
vn 0.8360 0.5453 0.0616
vn 0.4850 -0.5675 0.6654
vn -0.0612 -0.3454 0.9364
vn -0.1793 -0.7480 0.6391
vn -0.7799 -0.6161 0.1105
vn -0.4955 -0.8686 -0.0015
vn -0.7814 0.2317 -0.5794
vn 0.6682 0.7404 -0.0723
vn 0.0589 0.9930 -0.1020
vn 0.2073 0.9776 0.0374
vn -0.7324 0.5141 0.4464
vn -0.4621 0.8795 -0.1140
vn 0.4825 0.8758 0.0127
vn 0.4906 0.8690 0.0635
vn -0.8753 0.1470 -0.4607
vn 0.7463 0.6656 0.0055
vn -0.5074 -0.6162 0.6023
vn -0.9297 -0.3013 0.2120
vn -0.9429 0.1664 0.2884
vn -0.9388 -0.2100 -0.2730
vn 0.7823 -0.1661 -0.6004
vn -0.9931 -0.1026 -0.0567
vn -0.9646 0.1395 0.2236
vn -0.6523 -0.7579 0.0023
vn -0.3796 -0.1035 0.9193
vn 0.9373 -0.0060 0.3485
vn -0.7003 -0.5527 0.4517
vn 0.6660 -0.4641 -0.5840
vn -0.0878 -0.9113 0.4022
vn -0.8578 0.3016 0.4162
vn -0.7658 -0.4200 0.4870
vn 0.1657 -0.4035 -0.8999
vn 0.9630 0.2608 -0.0680
vn 0.9485 -0.1136 0.2956
vn 0.8288 0.0670 0.5555
vn -0.2779 0.7179 0.6383
vn -0.6073 0.3027 0.7346
vn -0.0892 -0.0472 -0.9949
vn 0.8312 -0.5539 -0.0480
vn 0.9888 0.0326 -0.1456
vn -0.9755 0.1706 0.1389
vn 0.7719 -0.6334 -0.0551
vn -0.9718 -0.2200 -0.0845
vn -0.9550 0.2900 0.0617
vn 0.1005 -0.8799 -0.4644
vn 0.9095 -0.4076 -0.0812
vn 0.2903 -0.4123 0.8636
vn -0.9638 0.1181 0.2392
vn 0.9468 0.2620 -0.1871
vn 0.7976 0.5763 -0.1781
vn 0.8509 -0.5213 0.0651
vn -0.5501 0.7045 0.4484
vn -0.2189 -0.3314 0.9178
vn 0.9097 0.3419 -0.2357
vn 0.6430 -0.5477 -0.5353
vn -0.7239 0.6899 0.0065
vn 0.6963 0.5157 0.4992
vn 0.6657 -0.5364 0.5188
vn 0.9970 -0.0778 0.0059
vn -0.7030 0.6762 -0.2203
vn -0.6342 0.7426 0.2150
vn 0.9492 -0.2306 -0.2140
vn -0.9934 -0.1141 0.0145
vn -0.9710 0.0134 -0.2389
vn -0.8540 0.5024 -0.1353
vn -0.9558 -0.2880 0.0593
vn 0.7224 0.6808 -0.1211
vn -0.5274 0.8308 0.1780
vn -0.4547 -0.4375 0.7758
vn -0.2339 0.2362 0.9431
vn -0.1151 0.6444 0.7559
vn -0.8883 -0.4564 -0.0515
vn -0.7428 0.5311 -0.4075
vn -0.9493 0.2429 0.1998
vn -0.8357 -0.4203 -0.3535
vn -0.8278 0.5064 0.2413
vn 0.6410 0.7654 0.0580
vn -0.9631 0.2590 0.0731
vn -0.9746 0.0668 -0.2139
vn -0.6713 0.0319 -0.7405
vn 0.3953 0.0072 -0.9185
vn -0.6347 -0.7728 -0.0027
vn 0.5463 -0.6055 -0.5787
vn -0.9929 0.1054 -0.0552
vn 0.4556 -0.4240 -0.7827
vn 0.2473 -0.7905 0.5603
vn -0.9909 -0.0420 -0.1276
vn -0.1583 -0.9587 0.2364
vn -0.8194 -0.0721 0.5687
vn -0.8088 -0.5141 0.2856
vn 0.4663 -0.8805 0.0855
vn 0.9173 0.3310 0.2215
vn 0.4064 -0.9126 0.0436
vn 0.9976 -0.0673 0.0171
vn 0.8782 -0.4409 -0.1854
vn -0.9700 0.2398 0.0402
vn 0.5816 0.8117 -0.0538
vn 0.3603 0.9327 -0.0140
vn -0.8820 -0.4677 -0.0576
vn -0.9922 0.1094 0.0604
vn 0.4485 0.2733 0.8510
vn 0.6159 0.6512 0.4434
vn 0.4961 0.7288 -0.4720
vn -0.5986 0.3639 0.7136
vn 0.4979 0.6078 0.6186
vn -0.8040 0.5318 0.2661
vn -0.5686 0.6171 0.5439
vn 0.4322 -0.6222 -0.6528
vn -0.9509 0.2606 0.1668
vn -0.8358 -0.5411 0.0932
vn -0.9840 -0.1679 0.0594
vn -0.9732 -0.2022 0.1097
vn -0.9948 0.0966 -0.0307
vn 0.5739 -0.7139 -0.4012
vn 0.5437 0.0098 0.8392
vn -0.7570 -0.6471 0.0903
vn 0.9421 -0.2337 0.2404
vn -0.0856 -0.8817 0.4641
vn -0.9698 0.1393 -0.2000
vn 0.5769 -0.6886 0.4394
vn 0.6862 -0.6898 -0.2307
vn 0.9791 -0.2035 -0.0028
vn -0.6077 -0.6635 -0.4364
vn -0.9397 0.3386 -0.0479
vn 0.2896 -0.9394 -0.1835
vn 0.4668 -0.3841 0.7966
vn -0.8614 -0.3634 0.3549
vn 0.4576 -0.8862 0.0731
vn -0.8842 0.1096 -0.4541
vn -0.9962 0.0724 0.0490
vn -0.1442 -0.8506 -0.5057
vn -0.8141 -0.0486 0.5787
vn -0.5349 -0.8417 -0.0737
vn -0.1426 -0.9885 -0.0509
vn 0.1687 -0.9697 0.1768
vn -0.9524 -0.2829 0.1138
vn -0.8401 -0.5424 0.0086
vn -0.2276 -0.5546 0.8004
vn 0.9149 -0.3831 0.1273
vn -0.8528 -0.4219 0.3078
vn -0.9814 0.1913 -0.0125
vn -0.9417 0.0829 0.3259
vn -0.8964 -0.1407 -0.4204
vn 0.7309 0.0319 0.6817
vn -0.4351 0.7980 -0.4171
vn 0.3844 -0.6595 -0.6460
vn 0.4871 0.5329 -0.6919
vn 0.8451 0.2074 0.4927
vn -0.7170 0.3282 -0.6150
vn -0.0602 0.4000 0.9145
vn -0.0231 -0.0112 0.9997
vn 0.0035 -0.0932 0.9956
vn -0.2214 -0.1115 0.9688
vn -0.9844 0.1363 -0.1113
vn -0.9376 0.3442 0.0493
vn 0.9724 0.2258 0.0591
vn 0.6495 -0.7492 0.1298
vn 0.9201 0.3411 0.1925
vn 0.6584 -0.3387 -0.6721
vn 0.8258 0.5608 0.0600
vn 0.7855 0.6126 0.0875
vn 0.6790 0.7325 -0.0477
vn 0.4949 0.7143 0.4948
vn 0.2963 0.8360 0.4619
vn 0.6411 0.7642 0.0705
vn 0.0875 0.9217 0.3778
vn 0.1611 0.3931 -0.9053
vn 0.4263 -0.2357 -0.8733
vn -0.8590 0.5111 0.0276
vn 0.6533 0.7371 -0.1727
vn 0.9801 0.1970 -0.0244
vn 0.6113 -0.4527 0.6491
vn 0.6692 0.4118 -0.6185
vn -0.4167 0.4499 -0.7899
vn 0.7014 0.4835 -0.5237
vn -0.1194 0.4196 0.8998
vn -0.8392 0.5435 0.0166
vn 0.9187 -0.3706 -0.1362
vn 0.9561 0.0488 0.2889
vn -0.6939 0.7096 0.1219
vn -0.2508 0.9032 0.3485
vn -0.7755 -0.4132 -0.4773
vn 0.9194 -0.3913 -0.0405
vn -0.3670 0.8611 -0.3518
vn -0.7785 0.6276 -0.0052
vn -0.1390 0.9849 -0.1029
vn -0.1059 0.9887 0.1063
vn -0.8593 0.3690 0.3541
vn 0.8893 0.3590 -0.2834
vn -0.5560 0.8307 -0.0279
vn -0.4493 0.8880 0.0974
vn -0.0091 0.9988 0.0476
vn -0.0102 0.9736 -0.2281
vn -0.3216 0.6915 0.6468
vn -0.9653 -0.2155 0.1474
vn -0.1394 0.9902 -0.0052
vn -0.8714 0.3999 -0.2841
vn -0.9982 0.0065 0.0602
vn -0.9894 0.1442 0.0143
vn -0.7015 0.7124 -0.0205
vn 0.3254 0.9336 -0.1497
vn -0.8904 0.4487 -0.0763
vn -0.9801 0.1026 0.1700
vn -0.6400 0.4893 -0.5924
vn -0.6993 0.1848 0.6905
vn -0.4667 0.2967 -0.8332
vn 0.1213 -0.5547 -0.8232
vn -0.1728 -0.8420 0.5111
vn -0.9443 -0.3265 0.0411
vn -0.9691 -0.2256 -0.0997
vn 0.5712 0.7925 -0.2135
vn 0.6951 0.6930 -0.1915
vn 0.5471 0.8352 -0.0557
vn 0.5975 0.7821 -0.1772
vn 0.7707 -0.5144 0.3760
vn -0.8578 0.0833 0.5071
vn -0.7603 0.6429 -0.0933
vn 0.9219 0.3284 0.2054
vn 0.8610 -0.3001 0.4107
vn 0.8324 -0.5521 -0.0479
vn 0.6485 -0.4610 -0.6058
vn 0.3284 -0.6433 0.6916
vn 0.6604 0.4191 0.6231
vn 0.9543 -0.1671 0.2479
vn -0.1974 -0.8667 -0.4580
vn 0.7639 -0.5680 -0.3062
vn 0.5040 0.7691 -0.3931
vn -0.5826 0.4200 0.6958
vn 0.8525 0.4999 -0.1530
vn 0.0004 0.9738 0.2275
vn -0.4104 0.2757 -0.8692
vn -0.1226 0.9405 -0.3168
vn -0.8751 0.1909 0.4447
vn -0.1465 -0.9853 -0.0878
vn 0.1251 -0.9917 -0.0301
vn 0.1805 -0.3245 0.9285
vn -0.2893 0.5433 -0.7881
vn 0.2669 -0.6767 0.6862
vn 0.1727 -0.5949 -0.7850
vn 0.1277 -0.9612 -0.2445
vn 0.2956 -0.7183 0.6298
vn 0.8724 -0.4389 0.2152
vn -0.9905 -0.0203 0.1363
vn -0.3651 0.1627 0.9166
vn -0.6552 -0.7423 0.1403
vn -0.5117 -0.0680 -0.8564
vn 0.8505 0.4505 0.2714
vn -0.9157 -0.3577 0.1829
vn -0.8939 -0.4091 0.1832
vn 0.9365 0.3494 -0.0292
vn -0.2041 -0.1390 0.9690
vn 0.2052 -0.1382 0.9689
vn 0.4739 -0.5372 -0.6977
vn -0.7555 0.1531 -0.6370
vn 0.8393 -0.5411 -0.0520
vn 0.9945 0.0200 0.1025
vn 0.9314 -0.1995 0.3044
vn 0.0267 -0.9618 0.2725
vn -0.3532 0.8987 0.2601
vn 0.7710 -0.1140 0.6265
vn 0.0188 0.9595 0.2812
vn 0.1216 0.1371 -0.9831
vn 0.9896 0.1045 -0.0993
vn 0.9642 0.1204 -0.2363
vn 0.8595 0.4576 0.2279
vn 0.6543 -0.7554 -0.0364
vn -0.6731 -0.0263 -0.7390
vn 0.9618 -0.0609 0.2669
vn 0.9731 -0.2187 -0.0727
vn 0.3112 0.9413 0.1312
vn -0.3082 0.9513 0.0034
vn 0.5280 0.8361 0.1490
vn 0.8606 0.4396 0.2572
vn -0.5593 0.8288 0.0123
vn 0.9936 -0.0431 0.1047
vn -0.8416 -0.1047 -0.5299
vn -0.6494 0.7593 0.0423
vn -0.4735 0.8641 0.1708
vn 0.6352 -0.6124 -0.4707
vn -0.7080 -0.6904 -0.1486
vn 0.9193 0.3851 0.0817
vn -0.4665 0.8844 0.0126
vn 0.4960 -0.5105 0.7024
vn 0.0142 0.9243 0.3814
vn -0.8822 0.0321 0.4697
vn -0.0355 0.8937 -0.4472
vn -0.8498 0.5262 -0.0311
vn -0.8956 -0.2228 -0.3852
vn -0.6082 0.5850 -0.5365
vn -0.8805 0.4736 0.0183
vn -0.6325 0.7716 0.0679
vn -0.8794 0.4723 -0.0595
vn -0.9894 0.1350 -0.0532
vn -0.6794 -0.7195 0.1442
vn 0.4074 0.4728 -0.7814
vn -0.6424 0.7513 -0.1511
vn 0.9346 -0.3545 -0.0293
vn 0.4219 0.8887 0.1797
vn -0.8954 0.4448 -0.0185
vn 0.7706 -0.6370 -0.0208
vn -0.9724 0.1982 0.1233
vn -0.8360 -0.5147 0.1905
vn -0.9842 0.1247 0.1257
vn -0.7794 -0.4619 0.4232
vn -0.8733 -0.4151 0.2550
vn 0.8090 -0.5859 -0.0471
vn -0.7796 -0.4621 0.4228
vn -0.9718 -0.1979 -0.1284
vn -0.2155 0.2896 0.9326
vn -0.7820 0.5211 0.3420
vn 0.2318 0.9587 0.1650
vn -0.0997 0.0667 0.9928
vn 0.9876 0.1477 0.0532
vn -0.7366 0.5318 0.4179
vn 0.1723 0.4778 0.8614
vn -0.2371 -0.5860 -0.7749
vn -0.8107 -0.5798 0.0812
vn 0.4923 0.8077 0.3245
vn 0.6716 0.7094 -0.2140
vn -0.8297 0.2425 0.5028
vn 0.4821 -0.1408 -0.8648
vn -0.7883 0.4976 -0.3619
vn -0.9144 0.3268 -0.2388
vn -0.5472 0.1577 0.8220
vn 0.5712 0.6264 -0.5304
vn 0.8673 0.1630 0.4703
vn 0.1883 -0.4002 -0.8969
vn -0.3170 -0.4593 -0.8298
vn -0.8495 0.2258 0.4768
vn -0.7668 0.4527 0.4551
vn 0.0498 -0.3917 -0.9188
vn -0.3640 -0.4993 0.7863
vn 0.9259 -0.3776 0.0047
vn 0.8666 -0.4933 0.0753
vn -0.0512 -0.0212 0.9985
vn 0.7749 -0.5945 -0.2146
vn 0.7736 0.4577 -0.4382
vn 0.9444 0.0547 -0.3242
vn 0.6999 0.6895 0.1863
vn 0.9082 0.4125 0.0711
vn 0.9384 0.3423 0.0471
vn 0.3443 0.6224 -0.7030
vn 0.9737 -0.1807 -0.1385
vn 0.0117 -0.8993 -0.4372
vn -0.9599 0.1485 -0.2377
vn 0.9377 0.2087 -0.2776
vn 0.9005 -0.1125 -0.4201
vn 0.4620 0.8076 -0.3665
vn 0.2946 -0.7106 0.6389
vn -0.3747 0.4985 0.7817
vn 0.7898 0.5869 -0.1780
vn 0.3571 -0.8466 0.3947
vn 0.8889 0.4099 0.2045
vn -0.0012 -0.0171 0.9999
vn 0.3261 -0.0469 0.9442
vn 0.6942 -0.7195 -0.0190
vn -0.3482 -0.0640 0.9352
vn -0.0865 -0.3621 0.9281
vn -0.6858 0.0479 0.7262
vn 0.1523 -0.0613 -0.9864
vn -0.8913 -0.0777 0.4466
vn -0.2745 -0.0298 -0.9611
vn 0.8056 0.5144 0.2940
vn -0.4192 0.7438 -0.5206
vn 0.6507 0.7340 0.1942
vn 0.8878 -0.2324 -0.3973
vn 0.9811 0.1235 -0.1491
vn 0.9488 0.2088 -0.2369
vn -0.0398 0.3094 -0.9501
vn 0.3988 -0.9158 0.0474
vn 0.8782 0.4531 -0.1530
vn 0.9785 0.1625 -0.1267
vn 0.5470 0.8288 -0.1178
vn -0.7286 -0.5261 0.4386
vn 0.0788 0.1030 -0.9916
vn -0.4118 -0.3462 -0.8430
vn -0.9289 0.3592 0.0901
vn -0.8933 0.4332 -0.1198
vn -0.8221 0.5671 0.0515
vn -0.9330 0.1420 -0.3306
vn -0.9913 0.1319 0.0037
vn -0.6764 0.7330 0.0713
vn 0.0907 0.9953 0.0328
vn -0.8320 0.5547 0.0129
vn 0.6878 0.7237 0.0564
vn -0.3782 0.3548 -0.8551
vn -0.1849 0.0720 0.9801
vn -0.1141 0.9810 0.1572
vn -0.0520 0.0638 0.9966
vn -0.1773 0.9671 0.1822
vn -0.3003 0.8379 0.4558
vn 0.0357 -0.1202 0.9921
vn 0.3125 0.0497 -0.9486
vn -0.1029 0.1502 -0.9833
vn 0.6852 0.3083 -0.6599
vn 0.7677 0.6406 -0.0184
vn -0.7965 0.4811 0.3662
vn 0.3013 0.9515 -0.0617
vn -0.9534 -0.2671 0.1402
vn -0.8475 0.4989 0.1812
vn 0.0999 -0.9575 0.2706
vn 0.8399 -0.0676 -0.5385
vn 0.7652 -0.5653 0.3080
vn -0.1651 0.9859 0.0268
vn 0.7458 -0.5743 -0.3376
vn 0.4678 0.8770 0.1098
vn 0.9760 -0.0916 -0.1975
vn 0.9978 -0.0592 -0.0287
vn 0.8603 -0.5097 -0.0091
vn -0.3769 -0.9254 0.0404
vn 0.9744 -0.2234 -0.0267
vn 0.8603 -0.5097 -0.0095
vn -0.9868 0.1621 0.0003
vn 0.9821 0.1876 -0.0183
vn 0.4294 -0.8964 -0.1099
vn -0.2471 0.9632 0.1058
vn 0.4275 -0.6218 -0.6563
vn 0.7136 0.4665 0.5226
vn 0.1429 -0.9767 -0.1603
vn 0.8307 0.1503 0.5360
vn 0.1484 0.9735 -0.1743
vn 0.3848 0.9227 -0.0231
vn 0.8717 -0.3976 0.2865
vn 0.3317 -0.0795 0.9400
vn 0.1361 -0.9123 -0.3862
vn -0.3097 0.9504 0.0287
vn 0.8076 -0.1391 -0.5731
vn 0.9993 -0.0157 0.0332
vn 0.9194 -0.3699 -0.1337
vn -0.5309 0.8452 0.0610
vn 0.7214 0.5876 0.3666
vn 0.8028 0.4947 0.3328
vn 0.6620 0.7219 0.2016
vn 0.7389 -0.6709 -0.0622
vn 0.9827 -0.1102 -0.1487
vn 0.9415 0.0423 -0.3344
vn 0.8321 -0.1533 -0.5329
vn 0.9025 0.4285 0.0433
vn 0.2989 -0.9541 0.0183
vn 0.2643 -0.9612 0.0793
vn 0.1719 -0.9851 0.0019
vn 0.2181 -0.9759 -0.0094
vn -0.9205 0.3901 -0.0240
vn -0.6703 0.7402 0.0522
vn -0.2663 0.2078 -0.9412
vn -0.7211 -0.4914 0.4884
vn -0.3550 -0.4446 -0.8223
vn -0.2306 0.1659 -0.9588
vn -0.9499 -0.0533 -0.3081
vn 0.8051 0.5859 0.0922
vn -0.9791 0.1913 0.0688
vn 0.5233 0.8494 0.0680
vn 0.9721 -0.1929 0.1331
vn -0.8567 0.2455 -0.4536
vn -0.7497 0.6520 0.1130
vn 0.4817 0.8660 0.1346
vn -0.8178 -0.1592 -0.5531
vn -0.7351 0.0764 0.6737
vn -0.7275 -0.0316 0.6854
vn -0.6764 -0.2916 0.6764
vn -0.7951 0.6062 -0.0199
vn -0.8553 0.5146 -0.0594
vn 0.2046 -0.9785 -0.0266
vn 0.1352 0.0807 -0.9875
vn 0.3889 -0.8570 0.3381
vn -0.7989 -0.4178 0.4327
vn -0.7976 0.5574 -0.2305
vn -0.9476 -0.2642 0.1794
vn -0.9815 -0.1795 0.0667
vn 0.0534 0.9821 -0.1807
vn -0.9245 0.1825 -0.3347
vn -0.5750 0.8138 0.0843
vn -0.5625 0.8192 0.1120
vn -0.6250 0.1633 0.7633
vn -0.9511 0.1410 -0.2747
vn -0.7857 0.0676 0.6149
vn -0.9408 0.2369 -0.2425
vn 0.4334 0.7839 -0.4446
vn -0.6548 0.4995 -0.5672
vn -0.8343 0.4934 0.2460
vn -0.9407 0.2370 -0.2427
vn 0.6565 0.2552 -0.7098
vn -0.8609 0.5004 0.0922
vn -0.5537 0.8327 0.0060
vn -0.0635 0.2759 -0.9591
vn -0.9482 -0.3063 0.0847
vn -0.8303 -0.4050 -0.3828
vn -0.1270 -0.9858 0.1096
vn -0.8923 0.0138 -0.4511
vn -0.5225 0.7818 -0.3402
vn 0.9816 -0.1908 0.0004
vn -0.5566 0.8181 0.1444
vn -0.9767 -0.1408 -0.1618
vn -0.7723 0.5917 0.2311
vn -0.3158 0.4436 0.8387
vn 0.7913 0.6099 0.0424
vn 0.5411 0.2870 0.7905
vn -0.8111 0.4501 0.3736
vn -0.2874 -0.3453 0.8934
vn -0.6687 0.4499 0.5920
vn 0.7439 -0.6084 -0.2765
vn -0.7627 0.4949 0.4165
vn -0.9730 0.2253 0.0507
vn 0.5692 -0.4321 -0.6995
vn 0.9231 0.1622 0.3486
vn -0.0369 0.6917 0.7213
vn 0.9225 0.3763 -0.0854
vn 0.8845 0.2125 0.4153
vn 0.0611 0.5646 0.8231
vn -0.1438 0.9882 -0.0522
vn -0.9924 -0.1224 0.0163
vn -0.2259 0.9741 -0.0131
vn 0.9821 0.1875 -0.0183
vn -0.2249 0.9743 -0.0128
vn 0.7941 0.6075 0.0170
vn -0.2254 0.9742 -0.0133
vn -0.2348 0.9689 -0.0787
vn -0.9680 -0.2466 -0.0462
vn -0.9659 0.2587 -0.0077
vn -0.6341 -0.4481 -0.6302
vn -0.5160 0.0550 0.8548
vn -0.5522 0.0815 -0.8297
vn -0.8950 -0.3211 0.3095
vn 0.3467 0.1514 0.9257
vn -0.1082 -0.1824 -0.9772
vn -0.9445 0.1050 -0.3111
vn -0.3797 -0.4780 -0.7920
vn 0.4366 -0.6957 0.5704
vn 0.1631 -0.0998 0.9815
vn -0.2180 -0.1775 -0.9597
vn 0.3271 -0.7178 -0.6146
vn 0.2551 -0.5749 -0.7774
vn -0.9783 0.0102 0.2069
vn 0.2055 -0.0097 0.9786
vn 0.1493 -0.1043 -0.9833
vn 0.8628 0.4937 0.1085
vn -0.7600 0.6474 0.0569
vn 0.4403 0.8910 0.1104
vn 0.5276 0.8379 -0.1396
vn 0.4251 0.9051 0.0130
vn -0.4964 0.8681 0.0001
vn 0.0507 0.9986 0.0132
vn 0.6723 -0.7384 -0.0532
vn -0.3971 0.9043 -0.1568
vn -0.4335 0.8940 0.1135
vn 0.0227 0.9997 0.0103
vn -0.3528 -0.9353 -0.0257
vn 0.9317 0.1498 -0.3308
vn -0.9359 0.3107 0.1660
vn 0.9024 0.3841 -0.1951
vn -0.4798 0.8673 -0.1329
vn -0.9143 0.2649 -0.3064
vn 0.0810 0.6147 -0.7846
vn -0.7325 -0.5508 -0.4001
vn -0.6907 0.7215 0.0489
vn 0.3342 0.8189 0.4666
vn 0.0132 0.0128 0.9998
vn 0.0379 0.8434 -0.5359
vn -0.2203 0.7322 0.6445
vn -0.5192 0.8288 0.2086
vn 0.3944 0.7602 -0.5163
vn -0.7131 -0.5959 0.3692
vn 0.8390 0.5430 -0.0335
vn -0.8747 0.2232 -0.4303
vn 0.9863 -0.0846 0.1413
vn -0.7758 -0.3077 -0.5508
vn 0.7359 -0.6769 0.0170
vn -0.3922 0.7912 -0.4693
vn -0.7842 0.6059 -0.1340
vn -0.2725 0.9404 0.2033
vn -0.9102 0.4134 0.0241
vn 0.9221 -0.3575 0.1480
vn -0.1378 -0.8465 0.5142
vn 0.6825 -0.0442 -0.7295
vn 0.1426 0.9845 0.1025
vn -0.5386 0.3579 0.7628
vn 0.2959 -0.3363 0.8940
vn -0.0418 -0.0566 0.9975
vn -0.8042 0.0914 0.5873
vn 0.9270 0.3541 0.1235
vn -0.7366 -0.6258 -0.2563
vn -0.7389 0.6700 0.0723
vn 0.4626 0.8836 0.0722
vn -0.2674 0.9628 0.0395
vn 0.1630 0.9858 0.0395
vn -0.4328 -0.9006 -0.0409
vn 0.0160 0.9991 0.0391
vn -0.4207 0.8573 -0.2969
vn 0.1478 0.9358 -0.3199
vn -0.9847 0.1435 0.0991
vn -0.3964 0.9099 -0.1221
vn 0.0149 0.9858 -0.1674
vn -0.3918 0.9142 -0.1031
vn -0.3232 0.9419 -0.0909
vn -0.4692 0.7190 0.5127
vn -0.1192 -0.4575 -0.8812
vn -0.3086 0.9505 0.0372
vn 0.0235 0.8146 -0.5795
vn -0.9843 -0.1235 -0.1258
vn 0.9069 -0.0756 -0.4146
vn -0.8265 0.3429 0.4465
vn 0.7219 -0.6306 -0.2850
vn -0.7454 0.6655 -0.0396
vn 0.0752 0.7167 -0.6933
vn -0.4486 0.8798 -0.1570
vn 0.9120 0.4085 0.0378
vn -0.1057 -0.6481 -0.7542
vn 0.7486 0.5243 0.4059
vn 0.9068 -0.3400 -0.2492
vn 0.9576 -0.2033 0.2040
vn 0.3404 0.8287 -0.4443
vn -0.7542 -0.3871 -0.5305
vn -0.9467 0.3001 -0.1174
vn -0.1691 0.0766 0.9826
vn 0.9983 -0.0525 -0.0243
vn 0.7245 -0.5530 0.4113
vn -0.1150 -0.9029 0.4143
vn 0.7313 0.0666 0.6788
vn 0.7256 0.0588 -0.6855
vn 0.3880 -0.8848 0.2579
vn 0.3170 0.5182 0.7943
vn -0.7159 -0.6799 0.1587
vn 0.4322 -0.5489 -0.7155
vn -0.4643 -0.4249 0.7771
vn 0.8630 -0.1359 -0.4866
vn -0.4769 0.1200 0.8707
vn -0.8712 0.3894 0.2990
vn -0.5692 0.8167 0.0948
vn -0.4433 -0.8948 -0.0528
vn 0.4220 -0.9065 -0.0130
vn -0.4127 0.9107 0.0195
vn -0.4548 0.8508 -0.2632
vn 0.7067 -0.2224 0.6716
vn 0.5698 0.8196 0.0598
vn -0.4772 0.6393 0.6030
vn 0.8787 0.4391 0.1873
vn 0.9674 0.2019 0.1530
vn 0.9529 0.2512 0.1700
vn 0.9217 0.3410 0.1847
vn 0.8433 0.5197 0.1367
vn -0.7311 0.6823 -0.0012
vn 0.8539 0.3662 0.3699
vn 0.1140 0.9881 -0.1030
vn -0.0696 0.2400 0.9683
vn 0.1767 0.9747 -0.1366
vn 0.5671 0.8132 -0.1307
vn 0.7401 0.6690 0.0686
vn 0.8406 0.5414 -0.0140
vn 0.9707 -0.1777 -0.1619
vn -0.7231 0.6836 0.0995
vn -0.6958 -0.5994 0.3957
vn -0.0166 -0.4273 0.9040
vn -0.9126 0.2572 0.3180
vn 0.5415 0.0775 0.8371
vn 0.2606 -0.6071 0.7507
vn -0.2038 0.8514 0.4833
vn 0.6238 -0.3037 0.7202
vn -0.4939 -0.0297 -0.8690
vn -0.9381 -0.3362 0.0837
vn 0.4909 -0.2613 0.8311
vn 0.0009 -0.1279 0.9918
vn -0.0615 -0.3201 0.9454
vn -0.9878 -0.0095 0.1552
vn 0.0024 -0.0033 1.0000
vn -0.4388 0.0477 0.8973
vn 0.4612 0.8812 0.1035
vn -0.7902 0.5934 0.1531
vn -0.1844 0.9819 0.0432
vn -0.0714 0.6438 -0.7619
vn -0.1253 0.7243 -0.6780
vn 0.7818 0.2728 -0.5606
vn -0.6891 0.7245 0.0140
vn 0.9840 -0.0277 0.1758
vn 0.5607 0.6148 -0.5546
vn 0.2227 -0.0739 0.9721
vn 0.8996 -0.2463 0.3606
vn 0.8756 -0.2589 0.4078
vn 0.0217 0.7310 0.6821
vn -0.4327 0.6283 0.6465
vn -0.0741 -0.0056 0.9972
vn 0.1793 0.2512 0.9512
vn -0.5364 -0.8391 -0.0910
vn 0.4880 -0.8714 -0.0510
vn 0.2741 -0.9611 -0.0329
vn -0.0259 -0.9996 -0.0150
vn 0.0086 -0.8607 0.5091
vn -0.0531 -0.5923 0.8039
vn -0.0075 0.5254 -0.8508
vn 0.2324 0.9645 0.1253
vn 0.4001 0.3930 -0.8279
vn 0.9993 0.0335 -0.0137
vn 0.6445 -0.7646 0.0059
vn 0.2818 -0.9243 0.2572
vn 0.9111 -0.1075 -0.3980
vn -0.6965 -0.7175 0.0130
vn 0.0740 -0.8738 -0.4805
vn 0.3947 -0.7436 -0.5397
vn 0.6466 0.5930 0.4799
vn 0.6892 0.7188 -0.0914
vn -0.6704 -0.2243 0.7073
vn 0.2956 0.8654 -0.4046
vn 0.9410 -0.0051 -0.3383
vn 0.3498 0.8382 0.4183
vn -0.4961 0.1204 0.8599
vn 0.5966 0.8000 -0.0628
vn 0.7200 0.3864 -0.5764
vn 0.3228 0.5084 -0.7983
vn 0.3562 0.3993 -0.8448
vn 0.6766 0.0086 -0.7363
vn -0.0016 0.0448 -0.9990
vn 0.2779 0.9019 0.3306
vn 0.6776 0.0307 -0.7348
vn -0.7635 -0.1938 0.6161
vn 0.3283 -0.8867 0.3256
vn -0.7632 0.0101 -0.6461
vn 0.2650 -0.0775 -0.9611
vn -0.1726 -0.0476 0.9838
vn -0.1188 0.0809 0.9896
vn -0.2783 -0.0918 0.9561
vn 0.5020 0.5375 0.6776
vn 0.8554 -0.0049 -0.5180
vn -0.1936 0.9792 0.0607
vn 0.1225 -0.9925 0.0026
vn 0.3216 -0.9404 0.1103
vn 0.2219 0.6565 -0.7210
vn -0.5107 -0.6399 0.5742
vn 0.8065 -0.0751 -0.5865
vn 0.6790 0.7178 0.1543
vn 0.5989 0.7542 0.2692
vn 0.8912 -0.0412 -0.4518
vn 0.9475 -0.0305 -0.3183
vn 0.9414 -0.0661 -0.3307
vn 0.3549 0.9193 0.1699
vn 0.9213 0.3886 -0.0157
vn -0.5389 0.8137 0.2179
vn 0.0639 -0.9958 0.0663
vn 0.6743 -0.6890 -0.2657
vn 0.2620 -0.9444 0.1985
vn -0.6349 -0.1907 0.7487
vn -0.6921 -0.2301 0.6842
vn 0.0287 -0.8976 -0.4398
vn -0.6282 -0.5147 0.5835
vn 0.1987 -0.8164 -0.5422
vn 0.6674 -0.0227 -0.7444
vn 0.0293 -0.8976 -0.4399
vn -0.1675 -0.5229 0.8358
vn -0.5797 -0.4609 0.6719
vn -0.2918 0.7763 0.5588
vn 0.8168 0.0826 0.5710
vn 0.5780 0.7971 -0.1750
vn -0.4539 0.8519 -0.2612
vn 0.5127 0.2765 0.8129
vn 0.7181 0.3317 -0.6118
vn -0.4400 0.8673 -0.2327
vn -0.8955 -0.2003 0.3974
vn -0.3245 -0.4410 0.8368
vn 0.2458 -0.4733 -0.8459
vn 0.1603 -0.9437 0.2892
vn -0.0522 -0.0439 0.9977
vn -0.0622 -0.1187 -0.9910
vn 0.9991 -0.0057 0.0417
vn 0.4842 0.3151 0.8162
vn 0.0036 0.9981 0.0617
vn 0.0663 0.9978 -0.0035
vn 0.0905 0.9930 0.0762
vn 0.0659 0.9959 0.0622
vn 0.5059 -0.8603 -0.0620
vn -0.0433 -0.9989 -0.0193
vn -0.0156 -0.9982 -0.0578
vn 0.9538 0.1694 -0.2482
vn 0.9401 0.1877 -0.2845
vn 0.9550 0.1724 -0.2414
vn 0.9400 0.1267 -0.3169
vn 0.1652 0.6509 0.7410
vn 0.7412 0.6348 0.2184
vn 0.1259 -0.8668 0.4825
vn 0.5164 0.7760 -0.3622
vn 0.5069 -0.7117 -0.4863
vn -0.5440 0.8387 0.0242
vn -0.3075 -0.8955 -0.3218
vn -0.5539 -0.7266 -0.4066
vn 0.7872 0.1331 0.6022
vn -0.0135 -0.0769 0.9969
vn -0.0558 0.0597 0.9967
vn -0.1414 -0.0970 0.9852
vn 0.9627 0.0013 0.2705
vn -0.0756 -0.0163 -0.9970
vn -0.3068 0.9430 0.1293
vn 0.0686 0.9959 0.0593
vn 0.0747 0.9954 0.0600
vn -0.0833 -0.9946 -0.0624
vn 0.1468 -0.3202 0.9359
vn -0.4006 -0.5275 0.7492
vn 0.9301 0.3243 -0.1728
vn 0.9101 0.3048 -0.2806
vn 0.9354 0.3295 -0.1284
vn 0.9044 0.3015 -0.3019
vn 0.2321 -0.8780 -0.4186
vn -0.4510 0.8852 -0.1146
vn 0.4278 -0.6199 0.6578
vn -0.7389 -0.4945 0.4577
vn -0.3150 0.3941 0.8634
vn 0.9167 0.0490 -0.3966
vn -0.5249 0.8487 0.0650
vn -0.3675 0.5489 0.7508
vn -0.1546 -0.0076 -0.9879
vn -0.3314 -0.9268 -0.1765
vn 0.1128 0.1204 0.9863
vn 0.2580 0.0378 0.9654
vn -0.4513 0.7848 0.4248
vn -0.4656 -0.2219 -0.8567
vn 0.3916 0.8644 0.3155
vn 0.6113 -0.7756 -0.1574
vn 0.0902 -0.4261 0.9001
vn -0.0756 0.9404 -0.3317
vn 0.0128 0.7984 0.6020
vn 0.3798 0.9031 0.2004
vn -0.4020 0.9008 0.1641
vn 0.5414 0.5281 -0.6542
vn 0.6546 0.7363 -0.1712
vn 0.6651 0.7437 -0.0673
vn -0.3073 0.8833 0.3542
vn 0.3205 0.9470 -0.0237
vn 0.7023 0.6601 0.2666
vn 0.5075 0.4309 0.7462
vn 0.6458 0.6832 0.3409
vn 0.2380 0.9148 -0.3262
vn -0.8368 0.5474 -0.0049
vn 0.1087 -0.9867 0.1211
vn 0.0998 0.1051 0.9894
vn 0.1132 -0.9872 0.1127
vn 0.0988 -0.9917 0.0819
vn -0.2353 -0.1787 -0.9554
vn -0.7392 0.4103 0.5341
vn 0.0839 0.9929 -0.0838
vn 0.8590 0.0001 0.5120
vn -0.4512 0.3841 0.8055
vn 0.3708 -0.0342 -0.9281
vn -0.9440 0.2878 -0.1611
vn -0.2179 0.9750 0.0443
vn -0.9411 0.2497 -0.2282
vn 0.4237 -0.0655 -0.9034
vn 0.9281 0.3357 0.1609
vn 0.1048 -0.2311 -0.9673
vn 0.4950 -0.3486 -0.7959
vn -0.9539 0.2109 -0.2135
vn 0.6133 -0.7882 0.0510
vn -0.4900 -0.0758 -0.8684
vn -0.2295 0.5898 0.7743
vn 0.1221 -0.6660 -0.7359
vn 0.0465 0.9896 0.1362
vn 0.0755 0.9888 -0.1284
vn -0.0955 0.9729 -0.2106
vn 0.3558 0.2029 -0.9123
vn -0.4606 0.8044 -0.3753
vn -0.6777 0.5769 -0.4560
vn 0.5383 0.6278 0.5623
vn -0.6772 0.7333 0.0602
vn -0.0374 -0.4837 -0.8745
vn 0.0987 -0.9917 0.0819
vn -0.2311 -0.1857 -0.9550
vn -0.4304 -0.3198 -0.8441
vn -0.2480 0.9686 0.0171
vn -0.9682 -0.0177 0.2496
vn -0.8068 0.5285 -0.2642
vn -0.5252 0.8370 0.1538
vn 0.1223 0.9165 0.3808
vn -0.1713 0.1890 -0.9669
vn 0.1066 0.7151 -0.6908
vn 0.0910 0.9170 0.3884
vn -0.6233 -0.3882 -0.6789
vn -0.7927 0.5692 0.2183
vn 0.6781 0.0973 0.7285
vn -0.1555 -0.8846 -0.4396
vn 0.2351 0.4632 -0.8545
vn -0.1556 -0.8845 -0.4398
vn 0.0594 -0.8623 -0.5029
vn 0.8364 0.5130 -0.1930
vn -0.4413 0.5249 -0.7279
vn 0.1158 0.1171 0.9863
vn 0.5560 -0.5603 -0.6139
vn 0.1644 -0.9837 -0.0729
vn 0.0040 0.5509 -0.8345
vn 0.4069 0.6088 -0.6810
vn -0.3626 0.9281 -0.0848
vn -0.5919 0.7270 -0.3479
vn -0.2996 0.5732 -0.7627
vn -0.4624 -0.7367 0.4935
vn 0.0572 0.3804 -0.9231
vn -0.6538 0.7563 -0.0209
vn -0.5946 0.8027 -0.0462
vn -0.7703 0.5512 0.3206
vn 0.2298 0.7930 0.5642
vn 0.0909 0.9170 0.3885
vn 0.0792 0.9689 0.2345
vn -0.1313 0.5705 0.8107
vn 0.0793 0.9689 0.2345
vn -0.4494 0.1070 0.8869
vn -0.1316 0.5706 0.8106
vn -0.1040 0.4785 0.8719
vn -0.5816 -0.2253 0.7816
vn -0.2648 -0.9632 -0.0466
vn -0.2138 -0.9389 -0.2698
vn -0.2531 -0.9342 -0.2513
vn -0.2648 -0.9632 -0.0465
vn -0.2833 0.2569 0.9240
vn -0.2161 -0.0330 -0.9758
vn -0.6362 0.5808 0.5078
vn -0.0975 0.0524 0.9939
vn 0.9994 -0.0046 0.0335
vn -0.0398 0.9936 0.1058
vn -0.2729 -0.9383 -0.2124
vn -0.0599 -0.9865 -0.1522
vn -0.0624 -0.9953 -0.0745
vn -0.0072 -0.9976 -0.0682
vn -0.2398 0.7305 -0.6395
vn 0.2156 0.0210 0.9763
vn 0.8080 0.5891 0.0080
vn 0.1815 0.9666 0.1810
vn -0.0698 0.2955 0.9528
vn 0.1411 0.9784 0.1511
vn -0.2004 -0.0430 0.9788
vn 0.5440 0.7610 0.3536
vn 0.1814 0.9666 0.1810
vn -0.0164 0.1108 0.9937
vn -0.3263 0.2765 0.9039
vn -0.2147 -0.3577 0.9088
vn -0.2762 -0.4379 0.8555
vn -0.2972 -0.9382 0.1773
vn -0.3811 -0.8945 0.2338
vn -0.2761 -0.4382 0.8554
vn -0.2621 0.0383 0.9643
vn -0.2404 -0.9521 0.1890
vn -0.2762 -0.4382 0.8554
vn -0.2405 -0.9521 0.1889
vn -0.2973 -0.9382 0.1772
vn 0.9925 0.1218 0.0069
vn -0.9490 -0.1550 -0.2745
vn -0.6439 -0.1878 -0.7417
vn -0.2405 -0.9521 0.1890
vn 0.1912 0.6510 -0.7346
vn -0.8443 -0.5057 -0.1775
vn 0.4482 -0.2051 0.8701
vn -0.7159 0.6979 0.0202
vn 0.7697 0.6131 -0.1778
vn 0.1387 -0.2750 -0.9514
vn -0.4626 0.8594 -0.2177
vn -0.8536 -0.4341 -0.2881
vn 0.0739 -0.7688 -0.6353
vn -0.1387 -0.9125 0.3850
vn -0.6538 0.7566 0.0139
vn 0.1614 0.0514 0.9855
vn 0.7544 0.6321 -0.1771
vn -0.0720 0.1006 0.9923
vn -0.8868 0.2786 0.3687
vn -0.9794 0.0856 -0.1827
vn 0.0932 0.1749 -0.9802
vn 0.0347 0.0453 -0.9984
vn 0.9151 -0.3737 0.1516
vn 0.9040 -0.4198 0.0805
vn 0.3540 -0.9342 -0.0448
vn 0.9953 0.0635 0.0726
vn -0.9693 -0.1006 0.2244
vn 0.8751 -0.4724 0.1049
vn -0.9707 -0.2365 0.0430
vn -0.9882 0.1437 0.0532
vn -0.4264 -0.9027 0.0570
vn -0.9610 -0.0123 -0.2764
vn -0.9411 0.3012 0.1537
vn -0.0234 -0.3318 0.9430
vn 0.1511 0.7771 0.6109
vn 0.1309 -0.0328 -0.9908
vn -0.0768 0.8987 0.4318
vn -0.3764 -0.7072 -0.5985
vn -0.2096 0.6527 -0.7281
vn 0.5455 -0.6831 0.4857
vn -0.6120 -0.2472 0.7512
vn 0.5464 0.4874 -0.6810
vn -0.8682 0.4739 -0.1472
vn 0.5054 0.0333 0.8622
vn 0.0128 0.0258 -0.9996
vn 0.2449 -0.2055 -0.9475
vn 0.3954 -0.9185 -0.0027
vn 0.3665 -0.4012 0.8395
vn -0.3868 -0.9221 0.0062
vn -0.5919 0.5747 0.5652
vn 0.0462 -0.0559 0.9974
vn -0.4989 -0.1707 -0.8496
vn -0.3124 -0.2558 -0.9149
vn -0.0100 0.8891 0.4577
vn 0.1856 -0.9409 -0.2834
vn 0.0463 -0.9946 -0.0932
vn 0.5562 -0.2815 -0.7819
vn 0.7211 0.2354 -0.6516
vn -0.4768 0.7021 -0.5288
vn -0.5949 0.7962 -0.1101
vn -0.5642 0.6852 0.4606
vn -0.7645 0.5783 -0.2849
vn -0.9182 0.1872 0.3492
vn -0.0124 0.9571 0.2894
vn -0.9161 0.3282 -0.2303
vn -0.6513 0.4264 -0.6277
vn -0.4838 0.1805 -0.8564
vn -0.6135 0.7896 -0.0103
vn -0.7258 -0.3923 0.5650
vn -0.9855 -0.1529 -0.0729
vn 0.7667 0.6203 0.1656
vn 0.3773 0.0058 -0.9261
vn -0.0038 0.9521 -0.3059
vn -0.0148 0.1558 0.9877
vn -0.0961 -0.4458 0.8900
vn 0.0074 0.2109 0.9775
vn 0.3497 0.3507 -0.8687
vn 0.1047 -0.1453 0.9838
vn 0.1366 0.6294 -0.7650
vn -0.9679 0.1388 0.2098
vn 0.4754 0.8760 0.0814
vn 0.9219 -0.1894 -0.3379
vn 0.7234 0.6853 0.0841
vn -0.7015 -0.5139 0.4938
vn 0.7264 0.0065 -0.6873
vn 0.1256 0.8136 -0.5677
vn 0.7971 0.4391 -0.4145
vn -0.0383 0.0059 0.9992
vn 0.3138 -0.0396 0.9487
vn -0.0985 0.6829 0.7238
vn -0.0767 0.7932 0.6041
vn -0.0439 0.7788 0.6258
vn 0.3624 -0.0660 0.9297
vn -0.0225 0.6916 0.7219
vn -0.0349 0.7295 0.6831
vn -0.0532 -0.2141 -0.9754
vn 0.2754 -0.7602 0.5884
vn -0.2538 -0.9287 -0.2704
vn -0.9183 -0.0148 -0.3956
vn 0.5793 -0.5613 0.5911
vn 0.0052 -0.2858 0.9583
vn -0.5816 0.8091 0.0842
vn -0.5562 0.8074 0.1968
vn -0.8087 -0.5793 -0.1017
vn -0.6041 -0.7868 -0.1267
vn 0.2058 -0.1752 0.9628
vn -0.5087 0.6587 -0.5544
vn -0.6795 -0.7154 -0.1625
vn -0.6610 0.7482 -0.0562
vn -0.3759 0.0890 0.9224
vn -0.1588 -0.7941 -0.5867
vn -0.0723 0.1020 0.9922
vn -0.0014 0.3575 0.9339
vn -0.0351 0.3315 0.9428
vn 0.3381 0.0291 0.9407
vn 0.0358 -0.6584 -0.7518
vn 0.0002 -0.9701 0.2429
vn -0.3867 0.8434 -0.3730
vn 0.1719 0.7602 -0.6265
vn 0.2905 0.2439 -0.9253
vn 0.8731 0.4479 0.1925
vn -0.4271 0.0621 0.9021
vn 0.0002 -0.9092 -0.4163
vn 0.3011 -0.6333 0.7129
vn 0.0463 0.9984 -0.0313
vn 0.3077 0.3907 -0.8676
vn -0.0067 0.1882 -0.9821
vn -0.9434 0.2585 -0.2079
vn -0.9243 0.3582 -0.1316
vn 0.1214 0.2031 -0.9716
vn -0.7025 -0.7114 0.0198
vn 0.9635 0.2455 -0.1066
vn 0.5568 -0.6539 0.5122
vn -0.9218 0.3857 0.0390
vn 0.7751 -0.1234 -0.6196
vn -0.9069 0.1200 -0.4039
vn -0.3238 0.2931 -0.8996
vn -0.4955 0.5497 0.6726
vn 0.2720 -0.3866 0.8812
vn 0.0116 -0.6723 -0.7402
vn -0.0284 -0.0000 0.9996
vn 0.5948 0.6945 -0.4048
vn -0.1572 -0.5793 0.7998
vn -0.1656 -0.5366 -0.8274
vn -0.3896 0.8683 -0.3072
vn 0.1436 0.8518 -0.5039
vn 0.4008 0.2676 -0.8762
vn -0.4124 -0.4449 0.7949
vn 0.4461 0.8841 0.1389
vn -0.5837 0.0988 0.8060
vn -0.9520 -0.2666 0.1503
vn -0.3337 0.9426 -0.0157
vn -0.2595 0.9469 -0.1900
vn -0.0688 0.7251 0.6852
vn -0.1914 0.6228 -0.7587
vn -0.3778 -0.5474 0.7468
vn 0.2632 0.7490 -0.6080
vn -0.8966 0.3340 0.2908
vn -0.9064 -0.0412 0.4204
vn -0.2074 0.9763 0.0612
vn -0.0746 0.7903 0.6081
vn -0.1310 -0.1861 -0.9738
vn -0.8298 0.5157 0.2132
vn -0.3968 0.9125 0.0990
vn -0.8930 -0.0422 0.4481
vn 0.2488 0.7971 0.5502
vn 0.3833 0.8918 -0.2402
vn 0.7228 0.6908 -0.0173
vn -0.9449 0.1781 0.2748
vn 0.9311 0.1561 -0.3297
vn 0.0656 -0.5607 0.8254
vn 0.8387 0.5220 0.1550
vn -0.5876 -0.2580 0.7669
vn 0.2506 0.4821 0.8395
vn -0.9653 0.2354 -0.1133
vn -0.9485 0.3169 -0.0026
vn -0.4156 0.8679 -0.2720
vn -0.5998 0.6427 0.4767
vn 0.3713 -0.1036 0.9227
vn -0.9670 0.2055 -0.1505
vn -0.0573 0.1116 0.9921
vn 0.0249 -0.3105 -0.9503
vn -0.4678 -0.7438 -0.4774
vn -0.4014 -0.4288 0.8093
vn 0.0028 0.7819 0.6234
vn -0.7078 0.5259 -0.4716
vn -0.5127 -0.0741 -0.8554
vn 0.4510 0.6598 0.6010
vn -0.9216 0.1707 -0.3486
vn -0.1555 0.3404 -0.9273
vn -0.2521 -0.5917 -0.7657
vn -0.4645 0.2744 -0.8420
vn -0.2957 -0.5618 -0.7726
vn -0.4133 0.0680 -0.9081
vn -0.0712 0.8757 0.4776
vn -0.0588 0.6872 -0.7241
vn -0.0720 -0.1003 0.9923
vn -0.0854 -0.2253 -0.9705
vn -0.6641 -0.2247 -0.7131
vn 0.2012 0.8706 0.4491
vn -0.9982 -0.0406 -0.0451
vn -0.6427 0.7627 -0.0725
vn 0.5988 0.7912 0.1241
vn -0.9131 -0.2080 0.3507
vn -0.0022 0.3491 -0.9371
vn -0.9020 -0.2589 0.3456
vn 0.9540 0.2934 -0.0616
vn 0.0953 0.0327 0.9949
vn -0.9610 -0.2535 0.1105
vn 0.1195 0.0868 0.9890
vn 0.5381 -0.7218 -0.4353
vn -0.7747 0.5876 0.2336
vn 0.8285 -0.5593 -0.0287
vn 0.7007 -0.5005 0.5084
vn 0.2980 0.2617 0.9180
vn -0.1662 0.0414 0.9852
vn 0.5871 0.4098 0.6981
vn -0.0345 -0.1466 0.9886
vn 0.3158 -0.7977 0.5138
vn -0.0785 0.9240 0.3742
vn 0.0366 0.7632 -0.6451
vn -0.1593 0.4697 -0.8683
vn -0.3924 0.5626 -0.7277
vn -0.4069 -0.8071 -0.4278
vn -0.1004 0.5113 -0.8535
vn -0.2279 -0.7869 -0.5735
vn -0.3213 0.7182 -0.6172
vn -0.1158 0.6137 -0.7810
vn -0.1254 0.8729 0.4715
vn -0.2773 -0.6435 -0.7134
vn -0.1948 0.2743 -0.9417
vn -0.1803 0.7297 -0.6596
vn -0.1717 0.7744 0.6090
vn -0.8788 0.4330 -0.2005
vn -0.5826 -0.5856 0.5636
vn -0.8687 0.2823 0.4071
vn -0.1073 -0.9870 -0.1196
vn -0.7565 0.5893 -0.2836
vn 0.5194 0.8528 -0.0537
vn -0.7603 0.5873 -0.2774
vn 0.9169 -0.0728 -0.3925
vn -0.9320 -0.2642 -0.2481
vn 0.5568 0.3020 -0.7738
vn -0.0172 0.3991 0.9167
vn 0.4897 0.7293 -0.4778
vn -0.3311 0.3951 0.8569
vn 0.4348 0.6115 -0.6610
vn -0.4568 0.3494 -0.8181
vn -0.7145 0.6921 0.1025
vn -0.6374 0.6914 -0.3400
vn -0.7095 0.7046 -0.0144
vn -0.7103 0.5205 -0.4738
vn -0.2208 0.3495 -0.9105
vn -0.6634 0.7279 0.1734
vn -0.6685 0.6340 -0.3887
vn -0.8330 -0.1001 0.5441
vn 0.8442 -0.5316 0.0683
vn 0.9082 -0.3683 -0.1988
vn -0.1369 -0.0937 -0.9861
vn -0.0279 -0.7061 -0.7075
vn -0.0928 -0.8754 0.4745
vn -0.1248 0.7881 0.6028
vn 0.0372 0.4099 -0.9114
vn -0.9319 0.3337 -0.1424
vn 0.3523 -0.6579 -0.6656
vn -0.4052 0.3846 -0.8294
vn 0.3060 0.8203 0.4832
vn -0.1154 -0.1028 0.9880
vn 0.8198 0.3177 0.4765
vn -0.9569 0.0097 0.2902
vn -0.2756 -0.5067 0.8169
vn 0.6945 -0.6085 0.3841
vn -0.8978 -0.3641 0.2477
vn -0.3176 0.0866 -0.9443
vn -0.8401 0.5423 -0.0107
vn -0.9042 0.4271 -0.0074
vn 0.9790 -0.0017 0.2039
vn -0.6383 0.7692 0.0292
vn -0.7995 0.5118 -0.3143
vn -0.6394 0.7461 0.1859
vn -0.5439 0.8376 -0.0500
vn -0.1423 0.2348 0.9616
vn -0.6798 0.7318 0.0489
vn -0.9450 -0.3102 -0.1036
vn 0.3347 0.9416 -0.0363
vn -0.5877 0.2685 -0.7632
vn 0.8453 0.3661 0.3890
vn 0.0207 -0.5695 0.8217
vn -0.7811 -0.5655 0.2647
vn 0.0606 -0.0420 0.9973
vn 0.6029 -0.2283 0.7645
vn 0.9600 -0.2481 -0.1295
vn -0.5361 -0.6207 0.5721
vn 0.5725 0.8088 0.1343
vn 0.7307 0.5623 -0.3871
vn 0.4483 0.4002 -0.7993
vn -0.1194 0.6725 -0.7304
vn -0.2037 0.1283 -0.9706
vn -0.2290 0.0643 0.9713
vn 0.2242 -0.6763 -0.7017
vn -0.7370 -0.0514 -0.6739
vn 0.6683 0.0027 0.7439
vn 0.3557 0.4486 0.8199
vn -0.0848 -0.2037 0.9753
vn -0.6581 0.7015 -0.2735
vn -0.6174 0.5058 0.6025
vn 0.2868 -0.4472 0.8472
vn 0.8777 -0.3463 0.3311
vn 0.1755 -0.1275 -0.9762
vn -0.4599 -0.6143 0.6412
vn 0.6434 -0.6021 -0.4728
vn 0.9368 0.2324 0.2616
vn -0.7139 0.0435 0.6989
vn -0.2113 -0.3075 -0.9278
vn -0.0512 -0.6661 -0.7441
vn 0.3128 -0.8943 -0.3201
vn -0.6890 0.2792 -0.6688
vn -0.1626 0.9101 0.3811
vn 0.2049 -0.2425 -0.9483
vn -0.0463 0.2809 -0.9586
vn 0.7138 0.5263 0.4621
vn 0.2235 -0.1696 0.9598
vn 0.7998 -0.5290 0.2835
vn 0.8284 -0.4539 0.3284
vn 0.0053 -0.9990 -0.0445
vn 0.4450 -0.8747 -0.1921
vn 0.2159 -0.9228 -0.3190
vn -0.9755 -0.2146 -0.0489
vn 0.1913 0.8721 -0.4505
vn -0.9594 0.2062 0.1925
vn 0.7580 -0.2000 0.6209
vn -0.5141 0.7171 -0.4706
vn 0.5231 0.6512 0.5498
vn 0.4495 0.2866 -0.8461
vn 0.1578 0.2627 -0.9519
vn 0.8347 -0.2501 0.4906
vn 0.5455 -0.4994 -0.6731
vn 0.5220 0.7169 -0.4621
vn -0.4122 0.7334 0.5405
vn -0.9690 0.1488 -0.1972
vn -0.6447 -0.2337 0.7278
vn 0.2708 -0.0653 -0.9604
vn 0.0029 -0.0072 -1.0000
vn -0.2426 -0.9240 -0.2956
vn 0.5236 -0.0400 -0.8510
vn -0.9362 0.0674 -0.3451
vn -0.9857 -0.1566 -0.0616
vn -0.9395 -0.2766 -0.2022
vn -0.9236 -0.3361 0.1844
vn 0.4047 -0.2723 0.8730
vn 0.3872 -0.4710 0.7926
vn -0.5529 -0.7393 0.3844
vn 0.3245 -0.3700 0.8705
vn 0.2987 -0.2042 0.9322
vn -0.5560 0.8243 0.1066
vn 0.8035 0.1700 0.5705
vn -0.2585 0.8016 -0.5391
vn 0.0691 0.4703 -0.8798
vn 0.6130 -0.7595 -0.2178
vn -0.0137 0.9979 -0.0629
vn -0.0481 0.4535 0.8900
vn 0.0605 0.9214 -0.3839
vn -0.1334 0.8363 0.5318
vn -0.0979 0.7681 0.6328
vn 0.1552 -0.7343 0.6609
vn -0.7874 0.5711 -0.2321
vn 0.0438 0.7720 0.6341
vn -0.0907 0.7103 0.6980
vn -0.1246 -0.9145 -0.3850
vn 0.0619 -0.8250 -0.5617
vn -0.0207 0.6949 0.7188
vn 0.4973 -0.4289 0.7541
vn -0.1015 -0.9277 -0.3592
vn -0.0047 -0.6777 -0.7353
vn 0.2578 0.3908 0.8836
vn 0.9316 0.3428 0.1207
vn -0.5358 0.7789 0.3259
vn -0.5247 0.5297 0.6664
vn -0.1308 0.7075 0.6945
vn -0.0573 0.6818 0.7293
vn -0.6325 0.7101 -0.3093
vn -0.4164 0.9089 -0.0235
vn -0.5109 -0.8595 -0.0170
vn 0.8546 0.1757 0.4887
vn -0.7803 -0.1555 -0.6058
vn 0.1789 -0.8549 -0.4870
vn 0.0371 -0.8400 -0.5414
vn 0.8211 -0.5530 0.1411
vn -0.2030 -0.7602 -0.6172
vn 0.2714 0.0008 -0.9625
vn -0.2999 0.9540 -0.0040
vn 0.3538 0.7567 -0.5498
vn 0.1991 0.0467 0.9789
vn 0.7011 -0.0060 0.7130
vn 0.1968 0.0102 -0.9804
vn -0.3755 0.4743 -0.7963
vn -0.3286 0.3659 0.8707
vn 0.9021 -0.4109 0.1320
vn -0.0095 0.0181 0.9998
vn -0.1052 -0.9023 0.4181
vn 0.4265 -0.9013 0.0752
vn 0.0681 0.9341 -0.3504
vn -0.5710 0.5536 -0.6062
vn -0.8253 -0.5253 -0.2073
vn -0.5102 0.8362 0.2013
vn 0.3442 0.8616 0.3731
vn -0.3983 0.8969 0.1919
vn 0.4118 0.8041 0.4287
vn 0.9684 -0.2492 0.0115
vn 0.3355 0.0698 -0.9394
vn 0.7382 0.2924 -0.6079
vn 0.8870 0.4614 -0.0199
vn -0.2136 0.9754 0.0538
vn 0.9956 -0.0685 0.0639
vn -0.5509 0.8181 0.1647
vn -0.1228 0.9923 0.0133
vn -0.2102 0.1364 -0.9681
vn 0.6179 0.4252 0.6614
vn -0.6504 0.7217 -0.2368
vn -0.5294 0.8079 0.2590
vn 0.8800 0.3582 0.3119
vn -0.2150 -0.0140 -0.9765
vn 0.2043 0.9765 0.0690
vn 0.1158 0.6511 -0.7501
vn -0.4262 0.9028 0.0573
vn -0.7499 0.6270 -0.2109
vn -0.9875 -0.0187 -0.1566
vn -0.2237 0.9522 0.2082
vn -0.1674 0.9406 -0.2954
vn -0.6103 0.4459 -0.6547
vn -0.8148 0.5668 -0.1219
vn -0.9645 0.2596 -0.0484
vn -0.3639 0.7671 -0.5283
vn -0.1912 0.8409 0.5063
vn -0.5152 0.4896 -0.7035
vn -0.4866 0.8286 0.2769
vn -0.5447 0.7302 0.4125
vn -0.3221 -0.8599 -0.3959
vn -0.0314 0.0461 -0.9984
vn -0.2608 -0.5804 -0.7715
vn -0.4231 -0.7250 -0.5435
vn -0.8003 -0.1090 0.5896
vn -0.0695 0.5864 -0.8070
vn -0.4174 0.8615 -0.2891
vn 0.9818 -0.1893 0.0135
vn -0.7130 0.7012 -0.0021
vn -0.2972 0.9540 -0.0386
vn -0.4481 0.8653 -0.2248
vn -0.5841 0.7974 0.1518
vn -0.4575 0.6334 0.6241
vn -0.3050 0.6815 0.6652
vn 0.6448 0.7542 -0.1238
vn -0.3829 0.9230 0.0386
vn 0.2185 -0.9615 0.1669
vn 0.4141 -0.8058 0.4232
vn -0.3596 0.9302 0.0742
vn 0.2693 -0.5557 -0.7865
vn -0.6236 0.6165 0.4807
vn 0.5265 0.8414 0.1217
vn 0.0047 0.9132 -0.4076
vn -0.1861 0.8530 -0.4876
vn -0.4751 0.8554 -0.2064
vn -0.8862 -0.1039 0.4516
vn 0.0823 -0.3562 -0.9308
vn 0.0541 0.6582 -0.7509
vn -0.2274 0.9316 -0.2837
vn -0.5881 0.7811 -0.2100
vn -0.0018 0.4093 0.9124
vn -0.2551 0.8406 -0.4778
vn -0.4026 -0.2304 0.8859
vn -0.9348 0.0998 -0.3409
vn -0.8034 -0.3184 0.5032
vn -0.7704 0.5192 0.3700
vn 0.9697 -0.2255 -0.0942
vn -0.3649 0.0364 -0.9303
vn -0.7210 0.6892 -0.0724
vn 0.0780 0.9863 -0.1453
vn 0.3010 0.8530 -0.4264
vn 0.5739 -0.7358 0.3595
vn 0.6094 0.7659 0.2049
vn -0.7361 0.6629 0.1371
vn 0.5231 -0.8485 0.0803
vn -0.1573 0.8088 -0.5667
vn -0.4183 0.9008 -0.1163
vn -0.4175 0.8996 0.1279
vn -0.9303 -0.1116 0.3493
vn -0.2892 0.5850 0.7578
vn 0.2087 0.9698 0.1261
vn -0.1000 0.6597 -0.7448
vn 0.8486 -0.4845 -0.2124
vn -0.0917 0.8129 0.5752
vn 0.0276 0.9853 -0.1685
vn -0.4270 0.9039 0.0273
vn -0.4498 -0.8908 -0.0648
vn 0.0061 0.8583 -0.5131
vn 0.8633 0.3929 -0.3168
vn -0.1123 0.9909 0.0742
vn -0.6434 0.7460 0.1719
vn -0.3224 0.9462 -0.0276
vn -0.7967 0.4589 0.3932
vn 0.6632 0.5123 -0.5456
vn -0.7221 -0.6909 0.0367
vn 0.5170 0.8546 0.0497
vn -0.5283 0.8483 0.0367
vn 0.5994 -0.7244 0.3406
vn -0.7461 0.6062 -0.2754
vn 0.4618 0.8506 -0.2515
vn 0.7838 -0.4583 0.4191
vn -0.8813 0.2789 -0.3815
vn -0.2457 0.8978 0.3656
vn -0.7520 -0.5530 -0.3587
vn 0.0603 0.8369 0.5440
vn -0.1078 0.8505 -0.5148
vn -0.2416 0.9608 0.1356
vn -0.5016 -0.7035 -0.5035
vn 0.0272 0.0261 -0.9993
vn 0.4915 -0.5897 -0.6408
vn 0.5069 -0.8246 0.2512
vn -0.7108 0.6764 -0.1932
vn -0.6341 0.7489 -0.1925
vn -0.5903 0.7917 -0.1571
vn -0.5996 0.5712 0.5605
vn -0.7075 0.3178 0.6312
vn 0.4660 0.5312 -0.7075
vn -0.5151 0.8528 0.0858
vn -0.9960 -0.0359 -0.0818
vn -0.0699 0.8671 0.4931
vn -0.2157 -0.5956 -0.7738
vn -0.8175 0.4732 0.3283
vn 0.7503 0.6312 0.1967
vn 0.1319 -0.9553 0.2644
vn -0.9185 -0.2425 -0.3122
vn 0.0594 -0.3035 -0.9510
vn -0.5380 0.6779 -0.5010
vn -0.2111 -0.9150 0.3439
vn -0.9519 0.2895 -0.1001
vn -0.9782 0.0058 -0.2076
vn -0.7045 0.6934 -0.1510
vn -0.4124 0.8211 0.3947
vn 0.0615 0.8183 0.5715
vn -0.6208 -0.7792 -0.0863
vn 0.5616 0.8106 -0.1660
vn 0.6896 0.7099 -0.1431
vn 0.6735 0.6253 -0.3943
vn 0.6873 -0.6589 -0.3057
vn 0.3744 -0.6767 -0.6339
vn -0.9839 -0.1745 0.0396
vn -0.9964 -0.0061 -0.0851
vn -0.5884 -0.8023 -0.1007
vn -0.7999 0.5890 -0.1149
vn 0.4574 0.8834 -0.1024
vn -0.0276 -0.9810 -0.1923
vn 0.0787 0.1062 0.9912
vn -0.9847 0.1694 0.0417
vn 0.6345 0.5380 0.5550
vn 0.0643 -0.9255 -0.3732
vn -0.0789 0.2285 0.9703
vn -0.6556 -0.6189 0.4326
vn -0.5731 0.6129 0.5439
vn 0.3313 -0.9267 0.1775
vn 0.0797 -0.9772 0.1967
vn -0.2815 -0.9418 0.1839
vn 0.1896 -0.9665 -0.1731
vn 0.0255 0.7165 0.6972
vn 0.4176 -0.3377 -0.8436
vn -0.2896 -0.3464 -0.8923
vn 0.9659 -0.1951 0.1701
vn 0.8967 -0.4400 -0.0480
vn 0.0835 0.7352 0.6727
vn 0.0580 0.6483 0.7592
vn 0.7057 0.7051 0.0693
vn -0.3569 0.7704 0.5283
vn 0.4079 0.5069 0.7594
vn 0.3801 0.8708 -0.3118
vn -0.1233 0.1576 0.9798
vn -0.0900 0.8841 -0.4585
vn -0.4055 0.7676 0.4963
vn -0.0028 0.7197 0.6943
vn 0.8610 -0.4248 0.2798
vn 0.0181 0.5787 0.8153
vn -0.5106 0.8559 0.0818
vn -0.1000 0.9894 0.1055
vn 0.1481 0.9862 -0.0733
vn 0.1982 0.7810 -0.5922
vn -0.0036 -0.7643 -0.6449
vn -0.6502 0.0457 0.7584
vn -0.0362 0.0449 -0.9983
vn 0.9579 0.0724 0.2780
vn 0.0286 0.0589 0.9979
vn -0.0125 0.9062 0.4227
vn 0.1650 0.9442 0.2852
vn -0.0482 0.9000 0.4332
vn -0.4494 -0.8181 -0.3588
vn 0.0250 0.8701 0.4922
vn -0.0422 -0.8710 -0.4894
vn -0.3815 0.1229 0.9162
vn 0.5887 -0.0816 0.8042
vn 0.7176 -0.0521 0.6945
vn 0.4840 0.0326 0.8745
vn -0.0863 -0.0630 0.9943
vn 0.1048 -0.1644 0.9808
vn -0.2248 0.0827 0.9709
vn 0.0764 -0.0431 0.9961
vn 0.0272 0.9952 0.0941
vn -0.0779 -0.9964 0.0327
vn -0.0357 -0.2499 0.9676
vn -0.0422 0.9692 -0.2427
vn 0.0014 -0.0581 0.9983
vn 0.3893 -0.9159 0.0981
vn -0.1054 -0.7942 0.5985
vn -0.0331 -0.1097 0.9934
vn -0.0774 -0.2807 0.9567
vn -0.0043 -0.2530 0.9674
vn 0.0359 -0.9993 -0.0140
vn 0.0271 -0.9988 -0.0411
vn -0.0639 -0.9971 0.0423
vn -0.0752 -0.9960 0.0487
vn -0.0686 -0.9976 0.0107
vn -0.0323 -0.9985 -0.0451
vn -0.1436 0.6390 0.7557
vn -0.1489 -0.1623 0.9754
vn -0.1831 -0.3634 0.9135
vn -0.0246 -0.9980 0.0585
vn 0.3319 -0.8852 -0.3260
vt 0.143938 0.055589
vt 0.120743 0.064484
vt 0.109737 0.053717
vt 0.097383 0.060328
vt 0.095792 0.052637
vt 0.115228 0.062189
vt 0.430937 0.184233
vt 0.431913 0.174088
vt 0.432826 0.179860
vt 0.143679 0.048458
vt 0.045244 0.058050
vt 0.038599 0.050233
vt 0.145361 0.061477
vt 0.129449 0.063925
vt 0.120271 0.037380
vt 0.104765 0.045836
vt 0.103853 0.036241
vt 0.119856 0.045222
vt 0.432303 0.213839
vt 0.433755 0.202786
vt 0.059579 0.046787
vt 0.239421 0.052310
vt 0.172442 0.059747
vt 0.064517 0.061090
vt 0.218103 0.032438
vt 0.197876 0.042481
vt 0.206635 0.030228
vt 0.156754 0.031600
vt 0.193596 0.031002
vt 0.189697 0.031687
vt 0.624454 0.609192
vt 0.625260 0.601501
vt 0.626905 0.610031
vt 0.242788 0.044055
vt 0.244325 0.054316
vt 0.236946 0.058603
vt 0.115858 0.070102
vt 0.120474 0.069932
vt 0.121875 0.072234
vt 0.005454 0.047979
vt 0.001635 0.057938
vt 0.869343 0.768094
vt 0.866029 0.771461
vt 0.865803 0.764946
vt 0.102852 0.066751
vt 0.110123 0.067465
vt 0.179935 0.032360
vt 0.148684 0.031564
vt 0.136433 0.036410
vt 0.059906 0.030158
vt 0.088977 0.030608
vt 0.063108 0.045133
vt 0.243633 0.033576
vt 0.821074 0.281215
vt 0.821885 0.271936
vt 0.822649 0.283015
vt 0.097313 0.072859
vt 0.073462 0.073998
vt 0.063941 0.070912
vt 0.089720 0.068211
vt 0.041422 0.061067
vt 0.002349 0.059972
vt 0.456709 0.227450
vt 0.457829 0.223442
vt 0.506510 0.223805
vt 0.585938 0.033349
vt 0.587791 0.030030
vt 0.587587 0.035130
vt 0.434374 0.230122
vt 0.036841 0.030536
vt 0.008777 0.034702
vt 0.101150 0.078748
vt 0.088667 0.076254
vt 0.131079 0.068268
vt 0.137429 0.067810
vt 0.122453 0.082094
vt 0.866476 0.754995
vt 0.862102 0.757199
vt 0.865291 0.749540
vt 0.392003 0.228088
vt 0.394450 0.222667
vt 0.406268 0.227884
vt 0.555446 0.219743
vt 0.558713 0.220060
vt 0.557893 0.222954
vt 0.015546 0.031015
vt 0.102691 0.089682
vt 0.092037 0.094739
vt 0.118592 0.088640
vt 0.155153 0.081270
vt 0.183300 0.068322
vt 0.240477 0.073248
vt 0.244287 0.582543
vt 0.245357 0.587787
vt 0.241337 0.600654
vt 0.041343 0.078635
vt 0.148145 0.071180
vt 0.244111 0.601279
vt 0.233749 0.069999
vt 0.119635 0.073535
vt 0.805850 0.619529
vt 0.812688 0.627147
vt 0.809119 0.630467
vt 0.242632 0.059745
vt 0.786519 0.509750
vt 0.795533 0.505836
vt 0.813142 0.507263
vt 0.783491 0.505596
vt 0.368268 0.993205
vt 0.366194 0.990176
vt 0.368283 0.991569
vt 0.146382 0.069173
vt 0.096243 0.068374
vt 0.121699 0.069132
vt 0.860112 0.768776
vt 0.026358 0.847005
vt 0.032441 0.851712
vt 0.026606 0.855650
vt 0.862224 0.811405
vt 0.864835 0.798690
vt 0.865369 0.817489
vt 0.437783 0.214545
vt 0.205442 0.094549
vt 0.195513 0.087487
vt 0.221796 0.094521
vt 0.193457 0.095170
vt 0.176360 0.093131
vt 0.070166 0.097293
vt 0.093064 0.079508
vt 0.143874 0.092781
vt 0.155069 0.094484
vt 0.129319 0.088236
vt 0.241490 0.082628
vt 0.074344 0.076248
vt 0.074694 0.077941
vt 0.006809 0.080118
vt 0.002936 0.072058
vt 0.864220 0.741737
vt 0.858693 0.739820
vt 0.024728 0.847706
vt 0.861619 0.834680
vt 0.029194 0.068186
vt 0.865047 0.784723
vt 0.860243 0.787621
vt 0.400539 0.221644
vt 0.416841 0.220141
vt 0.422477 0.228718
vt 0.281053 0.097184
vt 0.281632 0.101022
vt 0.278999 0.101457
vt 0.242245 0.093714
vt 0.032946 0.095327
vt 0.006879 0.095692
vt 0.087808 0.078202
vt 0.245242 0.072661
vt 0.817641 0.774988
vt 0.822341 0.776170
vt 0.819224 0.778127
vt 0.823983 0.765249
vt 0.874325 0.506853
vt 0.870393 0.506234
vt 0.875604 0.502013
vt 0.806736 0.616323
vt 0.601338 0.015377
vt 0.593442 0.012118
vt 0.602198 0.011086
vt 0.791753 0.503040
vt 0.830917 0.984952
vt 0.830204 0.987870
vt 0.830312 0.985678
vt 0.831266 0.983273
vt 0.829382 0.983789
vt 0.859418 0.814143
vt 0.861742 0.889235
vt 0.859227 0.891410
vt 0.428839 0.219613
vt 0.420977 0.879759
vt 0.416165 0.880114
vt 0.418669 0.874972
vt 0.617826 0.013342
vt 0.873311 0.070265
vt 0.881157 0.070954
vt 0.871814 0.077587
vt 0.806614 0.610985
vt 0.811281 0.608435
vt 0.992990 0.584085
vt 0.991496 0.582742
vt 0.992882 0.582997
vt 0.612122 0.430745
vt 0.607687 0.434792
vt 0.612536 0.421243
vt 0.607963 0.423992
vt 0.078056 0.069067
vt 0.078842 0.069964
vt 0.077497 0.071426
vt 0.860735 0.793175
vt 0.858315 0.791573
vt 0.856013 0.796991
vt 0.512390 0.204060
vt 0.828656 0.553521
vt 0.831267 0.553720
vt 0.828315 0.558918
vt 0.618249 0.016789
vt 0.069477 0.279070
vt 0.070760 0.282965
vt 0.063787 0.287617
vt 0.077068 0.072819
vt 0.086345 0.075591
vt 0.087736 0.073550
vt 0.460998 0.985038
vt 0.463362 0.985113
vt 0.462849 0.987739
vt 0.998426 0.531360
vt 0.996622 0.531360
vt 0.997565 0.530180
vt 0.810080 0.612479
vt 0.811681 0.613991
vt 0.091712 0.473221
vt 0.092272 0.475421
vt 0.090177 0.474055
vt 0.092078 0.482823
vt 0.080160 0.070829
vt 0.858364 0.793328
vt 0.855974 0.800719
vt 0.846212 0.779002
vt 0.458929 0.213707
vt 0.465879 0.213002
vt 0.618169 0.598872
vt 0.594861 0.589907
vt 0.617892 0.585584
vt 0.830201 0.559775
vt 0.857546 0.072735
vt 0.857786 0.794513
vt 0.858202 0.798020
vt 0.853347 0.796612
vt 0.454795 0.069882
vt 0.454434 0.076390
vt 0.449856 0.070376
vt 0.430123 0.991257
vt 0.432345 0.991811
vt 0.430092 0.993376
vt 0.808916 0.605516
vt 0.788584 0.499692
vt 0.878353 0.432634
vt 0.882548 0.432145
vt 0.880473 0.434037
vt 0.707791 0.988031
vt 0.708557 0.984996
vt 0.709700 0.988297
vt 0.858993 0.811471
vt 0.850573 0.749144
vt 0.627061 0.226031
vt 0.629978 0.228713
vt 0.629007 0.241122
vt 0.393213 0.210302
vt 0.404698 0.215058
vt 0.456666 0.206538
vt 0.591922 0.600550
vt 0.598141 0.596019
vt 0.591312 0.586399
vt 0.638808 0.144951
vt 0.636115 0.147168
vt 0.638822 0.140132
vt 0.636531 0.141737
vt 0.636631 0.138834
vt 0.785203 0.678176
vt 0.789355 0.684274
vt 0.786716 0.684962
vt 0.022235 0.445584
vt 0.027080 0.442394
vt 0.024185 0.449597
vt 0.569829 0.598859
vt 0.586149 0.594661
vt 0.854851 0.800836
vt 0.135474 0.984519
vt 0.134880 0.987902
vt 0.133058 0.983273
vt 0.430636 0.989613
vt 0.828836 0.762723
vt 0.830774 0.760924
vt 0.831548 0.766958
vt 0.833751 0.761901
vt 0.590676 0.032770
vt 0.590159 0.014629
vt 0.311784 0.230235
vt 0.367675 0.188011
vt 0.408664 0.216692
vt 0.392202 0.597673
vt 0.074088 0.291032
vt 0.827031 0.762316
vt 0.825715 0.771596
vt 0.795503 0.493057
vt 0.783144 0.818046
vt 0.782982 0.812974
vt 0.784446 0.817499
vt 0.781371 0.816842
vt 0.229616 0.863560
vt 0.231933 0.863539
vt 0.231051 0.871241
vt 0.990146 0.728597
vt 0.990925 0.727139
vt 0.993195 0.727493
vt 0.200997 0.983273
vt 0.201607 0.986291
vt 0.200519 0.987053
vt 0.849348 0.804525
vt 0.515003 0.201798
vt 0.619755 0.606279
vt 0.562237 0.610206
vt 0.843644 0.511161
vt 0.835628 0.521720
vt 0.834375 0.511153
vt 0.856452 0.084798
vt 0.616598 0.033968
vt 0.056674 0.288987
vt 0.064614 0.301199
vt 0.058064 0.296132
vt 0.848690 0.802527
vt 0.100472 0.402826
vt 0.100083 0.410158
vt 0.097930 0.402092
vt 0.856156 0.798342
vt 0.853392 0.799071
vt 0.850249 0.793072
vt 0.785399 0.814898
vt 0.851606 0.766466
vt 0.850800 0.801078
vt 0.845623 0.848221
vt 0.385098 0.206960
vt 0.616372 0.868471
vt 0.616100 0.881701
vt 0.596828 0.873932
vt 0.585367 0.017138
vt 0.576497 0.003006
vt 0.587056 0.003805
vt 0.846002 0.792253
vt 0.846095 0.790727
vt 0.449595 0.075694
vt 0.098221 0.409993
vt 0.225640 0.865838
vt 0.225388 0.869490
vt 0.820155 0.420479
vt 0.821006 0.438659
vt 0.818503 0.435883
vt 0.815591 0.423977
vt 0.606973 0.621778
vt 0.602600 0.881934
vt 0.589742 0.876964
vt 0.640266 0.563288
vt 0.640137 0.652710
vt 0.629604 0.689732
vt 0.399202 0.610119
vt 0.347603 0.605363
vt 0.779652 0.814390
vt 0.777436 0.807891
vt 0.849194 0.738713
vt 0.636254 0.235689
vt 0.630921 0.240828
vt 0.832140 0.766577
vt 0.834940 0.767276
vt 0.839896 0.790649
vt 0.026704 0.811629
vt 0.025609 0.816980
vt 0.023550 0.812495
vt 0.595232 0.863475
vt 0.551127 0.868428
vt 0.584295 0.862314
vt 0.424385 0.619554
vt 0.570854 0.042217
vt 0.566168 0.002194
vt 0.804521 0.478709
vt 0.835238 0.770098
vt 0.022614 0.816540
vt 0.022735 0.820548
vt 0.027958 0.818470
vt 0.622498 0.615866
vt 0.642183 0.690522
vt 0.597093 0.221618
vt 0.620818 0.219311
vt 0.600812 0.227604
vt 0.591762 0.869961
vt 0.537764 0.879452
vt 0.483748 0.876087
vt 0.417756 0.859850
vt 0.647251 0.384163
vt 0.657877 0.287260
vt 0.214544 0.618566
vt 0.213409 0.611105
vt 0.068033 0.301959
vt 0.834632 0.774434
vt 0.829032 0.776170
vt 0.786575 0.810297
vt 0.786375 0.803382
vt 0.656649 0.381828
vt 0.092680 0.627839
vt 0.094234 0.616852
vt 0.168692 0.612634
vt 0.844933 0.737817
vt 0.020354 0.831175
vt 0.018259 0.829377
vt 0.020330 0.822789
vt 0.843773 0.795035
vt 0.842513 0.805202
vt 0.017812 0.822727
vt 0.623471 0.851951
vt 0.622924 0.860491
vt 0.448010 0.203329
vt 0.652402 0.495105
vt 0.424649 0.871385
vt 0.239548 0.633185
vt 0.086896 0.626629
vt 0.083871 0.619331
vt 0.847006 0.544136
vt 0.854785 0.511758
vt 0.854642 0.539387
vt 0.062086 0.306974
vt 0.564184 0.035993
vt 0.562070 0.006505
vt 0.874106 0.466276
vt 0.069710 0.303403
vt 0.781544 0.801877
vt 0.117266 0.489805
vt 0.117493 0.497572
vt 0.114442 0.492002
vt 0.840474 0.848290
vt 0.993471 0.142282
vt 0.990146 0.139706
vt 0.993409 0.139609
vt 0.425654 0.847900
vt 0.332242 0.860343
vt 0.084926 0.613815
vt 0.086099 0.622983
vt 0.081190 0.616219
vt 0.569223 0.032466
vt 0.017978 0.318295
vt 0.011642 0.320776
vt 0.009000 0.311009
vt 0.885070 0.073299
vt 0.842915 0.733637
vt 0.027391 0.823426
vt 0.023265 0.823711
vt 0.024715 0.821902
vt 0.692308 0.996178
vt 0.693464 0.994104
vt 0.693519 0.996623
vt 0.095098 0.606338
vt 0.095649 0.610846
vt 0.093482 0.608053
vt 0.096061 0.607614
vt 0.386553 0.204982
vt 0.387937 0.208898
vt 0.469716 0.194799
vt 0.625759 0.222931
vt 0.630829 0.237312
vt 0.456260 0.188888
vt 0.549702 0.245863
vt 0.484913 0.236090
vt 0.428013 0.251017
vt 0.410458 0.241524
vt 0.264456 0.850046
vt 0.361328 0.247252
vt 0.328508 0.253217
vt 0.297132 0.866826
vt 0.247576 0.861475
vt 0.179674 0.856053
vt 0.658634 0.197499
vt 0.668270 0.188040
vt 0.658042 0.278797
vt 0.100692 0.856116
vt 0.085460 0.857104
vt 0.085474 0.851048
vt 0.034110 0.625379
vt 0.035531 0.608553
vt 0.037485 0.638341
vt 0.663517 0.185362
vt 0.664999 0.152963
vt 0.666619 0.183594
vt 0.052745 0.621240
vt 0.044984 0.620417
vt 0.671761 0.151460
vt 0.053233 0.631148
vt 0.051677 0.625752
vt 0.046191 0.635225
vt 0.638605 0.252691
vt 0.639499 0.238324
vt 0.073711 0.298330
vt 0.068435 0.312969
vt 0.389089 0.203964
vt 0.389171 0.207254
vt 0.086241 0.847378
vt 0.084602 0.638438
vt 0.044754 0.611239
vt 0.049240 0.614711
vt 0.045004 0.614250
vt 0.080304 0.633243
vt 0.041668 0.623685
vt 0.824581 0.167133
vt 0.825019 0.167643
vt 0.821611 0.169080
vt 0.068214 0.384399
vt 0.068475 0.382657
vt 0.071069 0.380637
vt 0.822212 0.164467
vt 0.824224 0.165800
vt 0.824805 0.164148
vt 0.839408 0.779050
vt 0.241215 0.263292
vt 0.283373 0.253690
vt 0.214459 0.257792
vt 0.118891 0.838195
vt 0.124986 0.860397
vt 0.049239 0.605408
vt 0.265101 0.601889
vt 0.261491 0.600643
vt 0.264517 0.575515
vt 0.586616 0.054770
vt 0.875627 0.476122
vt 0.015480 0.304345
vt 0.882260 0.015805
vt 0.880210 0.013621
vt 0.883364 0.013197
vt 0.619064 0.443631
vt 0.622848 0.430004
vt 0.622447 0.442862
vt 0.248102 0.996815
vt 0.248854 0.994077
vt 0.249836 0.996520
vt 0.872883 0.997093
vt 0.872883 0.998400
vt 0.872659 0.997924
vt 0.093405 0.604164
vt 0.094091 0.604578
vt 0.385884 0.192262
vt 0.631429 0.250597
vt 0.659046 0.691734
vt 0.624259 0.836518
vt 0.706938 0.631825
vt 0.133199 0.268665
vt 0.145611 0.266198
vt 0.830599 0.746474
vt 0.837301 0.747470
vt 0.830070 0.758156
vt 0.038128 0.613238
vt 0.046477 0.642954
vt 0.857582 0.975544
vt 0.853779 0.965673
vt 0.869149 0.977665
vt 0.618352 0.053259
vt 0.883698 0.011499
vt 0.882366 0.305609
vt 0.885108 0.307093
vt 0.881752 0.309641
vt 0.265099 0.983943
vt 0.264956 0.988159
vt 0.261360 0.986159
vt 0.837045 0.804960
vt 0.817889 0.820955
vt 0.838678 0.797757
vt 0.840957 0.794660
vt 0.102979 0.835832
vt 0.082600 0.839515
vt 0.879668 0.329978
vt 0.876514 0.329795
vt 0.879255 0.326695
vt 0.797703 0.438687
vt 0.801871 0.438428
vt 0.801217 0.442852
vt 0.127257 0.279218
vt 0.127420 0.273407
vt 0.853126 0.724400
vt 0.852661 0.729572
vt 0.848979 0.724844
vt 0.810203 0.178244
vt 0.806442 0.175454
vt 0.808634 0.153688
vt 0.813787 0.462699
vt 0.993709 0.069412
vt 0.990717 0.067848
vt 0.993568 0.067744
vt 0.117542 0.511288
vt 0.113109 0.513779
vt 0.219707 0.825546
vt 0.157696 0.838240
vt 0.147584 0.278226
vt 0.107529 0.836341
vt 0.833807 0.756838
vt 0.798002 0.423082
vt 0.803515 0.425674
vt 0.804629 0.434330
vt 0.810239 0.410856
vt 0.809671 0.401528
vt 0.812186 0.412347
vt 0.813133 0.397274
vt 0.865480 0.968791
vt 0.870157 0.982378
vt 0.881895 0.978314
vt 0.873993 0.982506
vt 0.065462 0.309484
vt 0.884292 0.312207
vt 0.031718 0.983377
vt 0.031536 0.988407
vt 0.030153 0.984856
vt 0.009008 0.294855
vt 0.014796 0.292800
vt 0.832528 0.723322
vt 0.140459 0.837748
vt 0.152297 0.839470
vt 0.084828 0.835606
vt 0.801816 0.418779
vt 0.850006 0.734612
vt 0.846220 0.729955
vt 0.804429 0.154731
vt 0.018152 0.848287
vt 0.019638 0.850584
vt 0.018570 0.851629
vt 0.399348 0.379373
vt 0.397827 0.382684
vt 0.397624 0.375095
vt 0.619044 0.426980
vt 0.822888 0.805043
vt 0.623036 0.638425
vt 0.367850 0.827473
vt 0.705267 0.441249
vt 0.690797 0.183694
vt 0.148853 0.837742
vt 0.809117 0.280393
vt 0.812927 0.279859
vt 0.809656 0.282989
vt 0.813967 0.274534
vt 0.876133 0.333407
vt 0.075719 0.837908
vt 0.078509 0.835474
vt 0.079248 0.841493
vt 0.074652 0.835298
vt 0.804986 0.682784
vt 0.810577 0.660816
vt 0.808550 0.682179
vt 0.805164 0.661789
vt 0.806612 0.657797
vt 0.490528 0.373544
vt 0.494277 0.374748
vt 0.493109 0.381697
vt 0.998395 0.555483
vt 0.996622 0.554585
vt 0.998395 0.553882
vt 0.366112 0.124008
vt 0.363028 0.117750
vt 0.366757 0.117149
vt 0.022917 0.846972
vt 0.017734 0.844042
vt 0.059317 0.320766
vt 0.057869 0.312620
vt 0.635694 0.256113
vt 0.805527 0.472340
vt 0.832508 0.727315
vt 0.828501 0.787194
vt 0.631130 0.248954
vt 0.378429 0.189363
vt 0.480056 0.804977
vt 0.438432 0.355445
vt 0.472993 0.660002
vt 0.852462 0.102524
vt 0.852428 0.097613
vt 0.853782 0.100830
vt 0.251408 0.870364
vt 0.251150 0.867639
vt 0.255337 0.869417
vt 0.091674 0.832956
vt 0.131618 0.283384
vt 0.807375 0.438940
vt 0.811327 0.433198
vt 0.989458 0.094303
vt 0.985504 0.094856
vt 0.988594 0.092614
vt 0.237423 0.983273
vt 0.240606 0.983934
vt 0.238206 0.986458
vt 0.241101 0.987589
vt 0.854381 0.731850
vt 0.853925 0.735301
vt 0.269734 0.602303
vt 0.273437 0.577855
vt 0.275186 0.599642
vt 0.490291 0.382227
vt 0.995282 0.177337
vt 0.994069 0.175168
vt 0.996392 0.175168
vt 0.184126 0.402094
vt 0.185662 0.408378
vt 0.185242 0.410013
vt 0.181937 0.409928
vt 0.038932 0.858805
vt 0.034441 0.856362
vt 0.042330 0.854407
vt 0.037764 0.441297
vt 0.039641 0.442445
vt 0.039219 0.445780
vt 0.881011 0.442557
vt 0.880107 0.445400
vt 0.878288 0.441984
vt 0.862317 0.527179
vt 0.860093 0.532314
vt 0.859496 0.526893
vt 0.479715 0.137107
vt 0.476564 0.140759
vt 0.476999 0.137655
vt 0.875093 0.514985
vt 0.882842 0.520809
vt 0.866813 0.520278
vt 0.862399 0.957454
vt 0.877508 0.966815
vt 0.374966 0.186358
vt 0.157302 0.835816
vt 0.406366 0.205840
vt 0.403833 0.202609
vt 0.406916 0.204188
vt 0.405658 0.199102
vt 0.407824 0.203552
vt 0.348480 0.994554
vt 0.349814 0.994370
vt 0.348725 0.995501
vt 0.348306 0.994013
vt 0.407391 0.203886
vt 0.409190 0.204209
vt 0.111754 0.992198
vt 0.110979 0.989131
vt 0.113614 0.990533
vt 0.326710 0.751136
vt 0.324609 0.743015
vt 0.326325 0.745005
vt 0.327715 0.743717
vt 0.999668 0.045057
vt 0.998743 0.045046
vt 0.999950 0.045046
vt 0.998743 0.369422
vt 0.999055 0.369412
vt 0.999536 0.369422
vt 0.084597 0.834460
vt 0.084630 0.834855
vt 0.081945 0.834594
vt 0.988792 0.997093
vt 0.988792 0.998317
vt 0.988283 0.997353
vt 0.720497 0.997554
vt 0.720434 0.998497
vt 0.720434 0.997093
vt 0.629785 0.881382
vt 0.634765 0.881161
vt 0.630654 0.883951
vt 0.633300 0.884939
vt 0.811606 0.668694
vt 0.270349 0.579569
vt 0.072696 0.662274
vt 0.985034 0.490465
vt 0.988688 0.490528
vt 0.984390 0.492477
vt 0.986130 0.488109
vt 0.171934 0.993131
vt 0.171988 0.990216
vt 0.173577 0.992547
vt 0.983273 0.488630
vt 0.020086 0.840134
vt 0.480914 0.141268
vt 0.087905 0.284837
vt 0.085813 0.282458
vt 0.087488 0.283324
vt 0.875989 0.527608
vt 0.696959 0.151706
vt 0.685329 0.144766
vt 0.061535 0.335073
vt 0.069977 0.372712
vt 0.068434 0.368373
vt 0.070518 0.367800
vt 0.815398 0.802723
vt 0.594799 0.249706
vt 0.637860 0.217888
vt 0.636356 0.219530
vt 0.635181 0.215057
vt 0.636625 0.219656
vt 0.407772 0.204717
vt 0.344475 0.092550
vt 0.345536 0.095081
vt 0.341884 0.096468
vt 0.344768 0.092227
vt 0.823082 0.147258
vt 0.820853 0.152110
vt 0.821484 0.149212
vt 0.113871 0.993721
vt 0.618426 0.995023
vt 0.618427 0.994361
vt 0.618459 0.994013
vt 0.005745 0.757421
vt 0.000789 0.760558
vt 0.001575 0.755995
vt 0.102416 0.989415
vt 0.105141 0.990529
vt 0.103149 0.993022
vt 0.055041 0.859534
vt 0.043671 0.858492
vt 0.054985 0.855890
vt 0.052914 0.835614
vt 0.051140 0.841290
vt 0.051202 0.830061
vt 0.092882 0.281010
vt 0.097212 0.283588
vt 0.363357 0.120584
vt 0.361391 0.119541
vt 0.472799 0.984662
vt 0.472052 0.986031
vt 0.471189 0.983273
vt 0.470628 0.984156
vt 0.866603 0.531076
vt 0.862661 0.524544
vt 0.827091 0.809882
vt 0.820537 0.805878
vt 0.834433 0.800819
vt 0.637675 0.256075
vt 0.992959 0.360798
vt 0.990623 0.361422
vt 0.990376 0.359261
vt 0.073884 0.993592
vt 0.074055 0.992828
vt 0.074218 0.993893
vt 0.073930 0.992388
vt 0.821038 0.149792
vt 0.096779 0.667531
vt 0.997921 0.823873
vt 0.996622 0.822709
vt 0.998322 0.822709
vt 0.893774 0.997218
vt 0.893117 0.998365
vt 0.893117 0.997093
vt 0.070534 0.828738
vt 0.086301 0.833838
vt 0.618308 0.995506
vt 0.618459 0.996717
vt 0.807079 0.417840
vt 0.809042 0.422527
vt 0.552012 0.997093
vt 0.552012 0.998541
vt 0.551170 0.998200
vt 0.077854 0.862067
vt 0.078559 0.859721
vt 0.079600 0.860309
vt 0.808443 0.420323
vt 0.808409 0.420460
vt 0.073017 0.834070
vt 0.079243 0.839485
vt 0.983690 0.658296
vt 0.985541 0.656154
vt 0.988110 0.657037
vt 0.071792 0.838882
vt 0.805220 0.247241
vt 0.808472 0.234304
vt 0.809676 0.245559
vt 0.810636 0.237148
vt 0.065486 0.831189
vt 0.066244 0.837256
vt 0.060097 0.842204
vt 0.891201 0.991142
vt 0.892264 0.990392
vt 0.891619 0.992188
vt 0.057429 0.854692
vt 0.055675 0.856501
vt 0.428491 0.579692
vt 0.427589 0.582178
vt 0.421158 0.582471
vt 0.053303 0.851371
vt 0.045426 0.836759
vt 0.049482 0.836848
vt 0.046569 0.833890
vt 0.044064 0.832037
vt 0.046176 0.829991
vt 0.044152 0.833036
vt 0.430345 0.985754
vt 0.433243 0.987747
vt 0.430860 0.986624
vt 0.318321 0.419136
vt 0.316413 0.410940
vt 0.320068 0.409826
vt 0.039322 0.837740
vt 0.042480 0.830013
vt 0.038181 0.834435
vt 0.038545 0.848509
vt 0.041854 0.847744
vt 0.107508 0.286171
vt 0.035338 0.832450
vt 0.036491 0.845814
vt 0.033404 0.828475
vt 0.882477 0.516684
vt 0.834377 0.559005
vt 0.598095 0.252428
vt 0.825511 0.651067
vt 0.819824 0.656153
vt 0.822658 0.649369
vt 0.125085 0.836265
vt 0.122712 0.830691
vt 0.827125 0.237527
vt 0.826806 0.247448
vt 0.822950 0.235484
vt 0.074115 0.991674
vt 0.820790 0.150120
vt 0.820397 0.151258
vt 0.365045 0.233902
vt 0.360639 0.234795
vt 0.362935 0.231604
vt 0.362090 0.243440
vt 0.808664 0.418823
vt 0.998743 0.203418
vt 0.999790 0.203418
vt 0.999479 0.203812
vt 0.075354 0.858334
vt 0.078616 0.858613
vt 0.992290 0.066007
vt 0.990492 0.063281
vt 0.993680 0.063902
vt 0.808570 0.419589
vt 0.124408 0.286034
vt 0.128529 0.283965
vt 0.876030 0.291320
vt 0.880564 0.288556
vt 0.880368 0.292733
vt 0.876824 0.287420
vt 0.808261 0.251535
vt 0.541485 0.991386
vt 0.543801 0.989692
vt 0.544189 0.993265
vt 0.983273 0.806914
vt 0.987677 0.804856
vt 0.987743 0.808316
vt 0.786353 0.193995
vt 0.786925 0.190102
vt 0.791515 0.192698
vt 0.917182 0.996520
vt 0.916294 0.995203
vt 0.917182 0.994013
vt 0.784535 0.190769
vt 0.219174 0.402278
vt 0.218629 0.407320
vt 0.217674 0.401617
vt 0.214888 0.404934
vt 0.214974 0.407304
vt 0.804669 0.235426
vt 0.815345 0.385477
vt 0.815836 0.388053
vt 0.814435 0.386827
vt 0.990349 0.650457
vt 0.991780 0.649812
vt 0.992866 0.652248
vt 0.116442 0.286334
vt 0.116612 0.289253
vt 0.113896 0.288093
vt 0.007891 0.758074
vt 0.007498 0.761587
vt 0.223519 0.992207
vt 0.224762 0.989300
vt 0.225008 0.992548
vt 0.803452 0.231537
vt 0.809126 0.226775
vt 0.996622 0.804940
vt 0.997654 0.804348
vt 0.998356 0.804940
vt 0.223037 0.989131
vt 0.428224 0.406643
vt 0.431112 0.408962
vt 0.428860 0.408997
vt 0.890943 0.989131
vt 0.626431 0.483407
vt 0.626373 0.487767
vt 0.622019 0.482088
vt 0.315205 0.417617
vt 0.242872 0.067674
vt 0.243529 0.061339
vt 0.244469 0.064992
vt 0.041316 0.656060
vt 0.431865 0.984520
vt 0.993714 0.196204
vt 0.990611 0.196480
vt 0.992731 0.194705
vt 0.044515 0.828981
vt 0.992938 0.196840
vt 0.895653 0.987339
vt 0.897519 0.983389
vt 0.898423 0.987217
vt 0.991487 0.195830
vt 0.992351 0.586475
vt 0.990282 0.586745
vt 0.992656 0.584944
vt 0.854393 0.953577
vt 0.641817 0.267271
vt 0.639817 0.268910
vt 0.636876 0.271964
vt 0.463840 0.178121
vt 0.605796 0.310366
vt 0.345396 0.991429
vt 0.345366 0.993599
vt 0.345366 0.989131
vt 0.376382 0.301578
vt 0.155010 0.830808
vt 0.641853 0.215085
vt 0.993445 0.144393
vt 0.990531 0.144240
vt 0.992905 0.142627
vt 0.834966 0.180471
vt 0.828188 0.174307
vt 0.831048 0.173400
vt 0.150476 0.829536
vt 0.826128 0.148493
vt 0.119208 0.834010
vt 0.115324 0.835125
vt 0.114525 0.829914
vt 0.112342 0.831722
vt 0.108121 0.828516
vt 0.109731 0.831511
vt 0.334207 0.246005
vt 0.331848 0.248321
vt 0.330714 0.235437
vt 0.636412 0.811958
vt 0.631256 0.821837
vt 0.631055 0.806876
vt 0.999662 0.307479
vt 0.998743 0.307479
vt 0.998886 0.307222
vt 0.078580 0.857626
vt 0.795450 0.998451
vt 0.795450 0.997093
vt 0.795548 0.997978
vt 0.824081 0.989702
vt 0.825067 0.990195
vt 0.825236 0.992975
vt 0.068221 0.855083
vt 0.065355 0.854122
vt 0.667978 0.987336
vt 0.669821 0.985031
vt 0.670389 0.987965
vt 0.997274 0.340457
vt 0.998510 0.341437
vt 0.996622 0.341437
vt 0.067384 0.849142
vt 0.061931 0.852933
vt 0.991588 0.626256
vt 0.992808 0.627444
vt 0.990336 0.627246
vt 0.786937 0.398810
vt 0.785464 0.398319
vt 0.785521 0.397489
vt 0.786205 0.396255
vt 0.271955 0.740481
vt 0.269016 0.740327
vt 0.271100 0.736084
vt 0.001621 0.763570
vt 0.401074 0.998578
vt 0.401743 0.997094
vt 0.402383 0.998578
vt 0.560156 0.985943
vt 0.561883 0.987342
vt 0.560701 0.988304
vt 0.560187 0.988432
vt 0.057182 0.853510
vt 0.887997 0.989131
vt 0.890549 0.990146
vt 0.888337 0.991621
vt 0.878778 0.991696
vt 0.878758 0.989131
vt 0.879604 0.990395
vt 0.054170 0.825291
vt 0.429316 0.411922
vt 0.422389 0.412697
vt 0.424471 0.407060
vt 0.690700 0.169719
vt 0.627590 0.485401
vt 0.618958 0.485165
vt 0.620162 0.482244
vt 0.046452 0.827132
vt 0.434078 0.987819
vt 0.433449 0.985679
vt 0.433110 0.984882
vt 0.432852 0.984208
vt 0.029058 0.993762
vt 0.028277 0.991099
vt 0.029835 0.993441
vt 0.998358 0.647827
vt 0.996622 0.647827
vt 0.997062 0.646223
vt 0.985089 0.836057
vt 0.989053 0.838498
vt 0.983463 0.838320
vt 0.867643 0.538123
vt 0.863136 0.536460
vt 0.064887 0.333105
vt 0.303820 0.143424
vt 0.305697 0.225842
vt 0.302727 0.198455
vt 0.475486 0.176065
vt 0.597202 0.255003
vt 0.597704 0.253745
vt 0.223456 0.656450
vt 0.822953 0.248820
vt 0.820706 0.240047
vt 0.832118 0.229261
vt 0.834932 0.233092
vt 0.828863 0.236102
vt 0.366281 0.237230
vt 0.332610 0.231617
vt 0.803341 0.251491
vt 0.076343 0.854095
vt 0.063982 0.825898
vt 0.792208 0.398246
vt 0.791152 0.399733
vt 0.062603 0.828038
vt 0.061747 0.828931
vt 0.992470 0.739649
vt 0.992497 0.739260
vt 0.993343 0.738995
vt 0.784477 0.397175
vt 0.622238 0.996498
vt 0.623483 0.994013
vt 0.623483 0.996659
vt 0.062105 0.829400
vt 0.991742 0.739170
vt 0.061955 0.830391
vt 0.998296 0.934704
vt 0.996622 0.934704
vt 0.997674 0.933868
vt 0.996366 0.217068
vt 0.996622 0.217308
vt 0.997582 0.215951
vt 0.994069 0.666947
vt 0.995400 0.666970
vt 0.995652 0.666988
vt 0.994069 0.847108
vt 0.994884 0.847083
vt 0.995514 0.847093
vt 0.996292 0.666947
vt 0.559294 0.987379
vt 0.060926 0.843088
vt 0.806215 0.514151
vt 0.807026 0.518862
vt 0.804611 0.515706
vt 0.805434 0.518152
vt 0.809452 0.511308
vt 0.812432 0.517971
vt 0.561143 0.983273
vt 0.804327 0.225414
vt 0.419486 0.413611
vt 0.420842 0.411319
vt 0.049932 0.842213
vt 0.050685 0.827604
vt 0.618182 0.424268
vt 0.616667 0.425763
vt 0.616468 0.423088
vt 0.621551 0.495209
vt 0.100329 0.299528
vt 0.996988 0.363802
vt 0.998512 0.364485
vt 0.996622 0.364485
vt 0.990846 0.195083
vt 0.991432 0.194456
vt 0.991901 0.193917
vt 0.992754 0.194279
vt 0.043596 0.846052
vt 0.042251 0.841561
vt 0.031804 0.829202
vt 0.031166 0.827377
vt 0.892137 0.522179
vt 0.869390 0.959993
vt 0.816988 0.811947
vt 0.291875 0.096927
vt 0.296470 0.081177
vt 0.296808 0.096508
vt 0.112802 0.531181
vt 0.117139 0.527399
vt 0.010413 0.282104
vt 0.156197 0.833940
vt 0.347569 0.097859
vt 0.344479 0.106373
vt 0.151701 0.831052
vt 0.827300 0.152986
vt 0.079149 0.842899
vt 0.076197 0.839995
vt 0.077282 0.850918
vt 0.990146 0.738995
vt 0.062008 0.830666
vt 0.062070 0.831913
vt 0.025398 0.997686
vt 0.025372 0.998770
vt 0.025372 0.997093
vt 0.996210 0.847108
vt 0.424236 0.424345
vt 0.428343 0.590709
vt 0.046029 0.848999
vt 0.434617 0.983273
vt 0.039778 0.819646
vt 0.088303 0.299917
vt 0.083912 0.298202
vt 0.879774 0.313093
vt 0.877376 0.309041
vt 0.879521 0.307992
vt 0.855999 0.101958
vt 0.854880 0.124661
vt 0.856597 0.547386
vt 0.290045 0.099613
vt 0.291283 0.067468
vt 0.813714 0.799673
vt 0.366791 0.178218
vt 0.621262 0.679738
vt 0.623584 0.813588
vt 0.528530 0.263233
vt 0.525515 0.262906
vt 0.640564 0.206699
vt 0.832289 0.243085
vt 0.125682 0.298190
vt 0.073741 0.821342
vt 0.018032 0.414769
vt 0.019937 0.406186
vt 0.020520 0.409498
vt 0.696427 0.178784
vt 0.009904 0.778129
vt 0.003589 0.765890
vt 0.805387 0.529720
vt 0.111824 0.291906
vt 0.106005 0.297872
vt 0.823523 0.439098
vt 0.823127 0.430788
vt 0.824796 0.436440
vt 0.046943 0.664345
vt 0.031231 0.823123
vt 0.857907 0.728678
vt 0.856184 0.723665
vt 0.859749 0.724484
vt 0.870977 0.539059
vt 0.856936 0.937614
vt 0.811910 0.713260
vt 0.829163 0.721779
vt 0.641443 0.206367
vt 0.447770 0.590432
vt 0.446793 0.586788
vt 0.449402 0.590467
vt 0.828156 0.186081
vt 0.824039 0.161550
vt 0.109418 0.817338
vt 0.337213 0.232666
vt 0.337084 0.242549
vt 0.635577 0.819904
vt 0.084960 0.819679
vt 0.116576 0.296139
vt 0.067756 0.822867
vt 0.225595 0.984154
vt 0.222944 0.988290
vt 0.221732 0.983602
vt 0.048845 0.379023
vt 0.049446 0.383332
vt 0.046124 0.383157
vt 0.112378 0.296953
vt 0.110690 0.300856
vt 0.626960 0.497098
vt 0.443115 0.591370
vt 0.443136 0.587622
vt 0.444255 0.585697
vt 0.043824 0.819442
vt 0.049610 0.820887
vt 0.822848 0.428789
vt 0.824750 0.426862
vt 0.825019 0.430716
vt 0.696031 0.157715
vt 0.881164 0.525874
vt 0.875660 0.950302
vt 0.911221 0.964527
vt 0.065417 0.482378
vt 0.060808 0.484433
vt 0.062952 0.471259
vt 0.827029 0.891367
vt 0.527029 0.263042
vt 0.538845 0.293116
vt 0.821126 0.662879
vt 0.820655 0.161299
vt 0.791376 0.179130
vt 0.697057 0.184396
vt 0.005759 0.772629
vt 0.985472 0.606357
vt 0.985727 0.610437
vt 0.983273 0.606100
vt 0.059761 0.821407
vt 0.054386 0.821782
vt 0.119433 0.301708
vt 0.119893 0.307997
vt 0.116356 0.306217
vt 0.424239 0.591677
vt 0.616291 0.430609
vt 0.615715 0.431468
vt 0.634571 0.876027
vt 0.632286 0.876069
vt 0.633598 0.871917
vt 0.698436 0.162516
vt 0.856735 0.720510
vt 0.862431 0.545916
vt 0.861672 0.538568
vt 0.865642 0.544563
vt 0.993187 0.227893
vt 0.990895 0.230167
vt 0.990276 0.227768
vt 0.140006 0.993682
vt 0.140490 0.990533
vt 0.141693 0.992974
vt 0.141788 0.991093
vt 0.867970 0.945906
vt 0.240593 0.242431
vt 0.240701 0.245949
vt 0.233349 0.248661
vt 0.618592 0.075614
vt 0.640348 0.272904
vt 0.820521 0.712789
vt 0.342021 0.105315
vt 0.830985 0.187002
vt 0.129260 0.801906
vt 0.089302 0.817732
vt 0.993088 0.788446
vt 0.990197 0.788193
vt 0.991423 0.786568
vt 0.510629 0.092138
vt 0.506637 0.088781
vt 0.509860 0.087087
vt 0.826795 0.686265
vt 0.830651 0.685298
vt 0.827526 0.690476
vt 0.079700 0.818574
vt 0.124169 0.300680
vt 0.123956 0.301327
vt 0.121104 0.298329
vt 0.607932 0.989131
vt 0.608687 0.990964
vt 0.608473 0.992939
vt 0.790179 0.385404
vt 0.996232 0.649760
vt 0.994069 0.648841
vt 0.996232 0.648401
vt 0.985911 0.592721
vt 0.984707 0.590552
vt 0.987366 0.590552
vt 0.044816 0.988327
vt 0.043439 0.983920
vt 0.046890 0.985748
vt 0.810989 0.527187
vt 0.992003 0.433544
vt 0.990364 0.432764
vt 0.993549 0.432348
vt 0.870654 0.624798
vt 0.871679 0.628961
vt 0.867549 0.621977
vt 0.043175 0.983437
vt 0.041412 0.988275
vt 0.040690 0.986520
vt 0.094296 0.302112
vt 0.804885 0.456330
vt 0.808915 0.461730
vt 0.804281 0.462640
vt 0.047964 0.670703
vt 0.881294 0.533066
vt 0.881862 0.530172
vt 0.998743 0.273778
vt 0.999678 0.273778
vt 0.998960 0.274588
vt 0.142016 0.993710
vt 0.992746 0.230573
vt 0.881712 0.530025
vt 0.882570 0.529891
vt 0.884045 0.528773
vt 0.632513 0.726585
vt 0.632365 0.730402
vt 0.632086 0.729565
vt 0.627741 0.997093
vt 0.627741 0.998542
vt 0.627610 0.998078
vt 0.638616 0.206297
vt 0.071362 0.992730
vt 0.071174 0.989597
vt 0.071825 0.989131
vt 0.825962 0.664768
vt 0.002545 0.612688
vt 0.003523 0.607516
vt 0.005773 0.609333
vt 0.470887 0.425438
vt 0.474249 0.410765
vt 0.473433 0.425471
vt 0.469872 0.417198
vt 0.471077 0.409768
vt 0.024275 0.991390
vt 0.027599 0.989527
vt 0.027502 0.993333
vt 0.505550 0.107065
vt 0.508078 0.105829
vt 0.508612 0.106107
vt 0.000135 0.988067
vt 0.000996 0.985895
vt 0.000951 0.987937
vt 0.510318 0.093853
vt 0.000899 0.984847
vt 0.000601 0.984069
vt 0.000025 0.983273
vt 0.507541 0.094025
vt 0.508042 0.082339
vt 0.510663 0.084690
vt 0.076435 0.818444
vt 0.310832 0.986882
vt 0.314930 0.987458
vt 0.314038 0.988506
vt 0.506312 0.074601
vt 0.512531 0.074743
vt 0.125189 0.300736
vt 0.511100 0.073191
vt 0.507915 0.073108
vt 0.314417 0.984914
vt 0.696240 0.994013
vt 0.696916 0.996586
vt 0.696173 0.996387
vt 0.741702 0.132177
vt 0.740159 0.130700
vt 0.744176 0.126759
vt 0.821061 0.387967
vt 0.820630 0.402365
vt 0.984216 0.187983
vt 0.989333 0.184133
vt 0.989032 0.187724
vt 0.983676 0.184022
vt 0.072357 0.670992
vt 0.074755 0.664879
vt 0.847510 0.989917
vt 0.845977 0.993029
vt 0.846175 0.989567
vt 0.988781 0.592192
vt 0.811939 0.529796
vt 0.985636 0.251425
vt 0.984672 0.248032
vt 0.988964 0.249203
vt 0.989052 0.607369
vt 0.115492 0.302536
vt 0.430803 0.427060
vt 0.692474 0.138119
vt 0.691806 0.133868
vt 0.697202 0.135353
vt 0.374404 0.083116
vt 0.376335 0.087660
vt 0.370772 0.089588
vt 0.464711 0.413610
vt 0.462471 0.408465
vt 0.467302 0.408462
vt 0.691496 0.126577
vt 0.695521 0.129538
vt 0.692923 0.131677
vt 0.372401 0.076791
vt 0.378992 0.076022
vt 0.376832 0.079706
vt 0.630710 0.833576
vt 0.634013 0.835303
vt 0.630518 0.837883
vt 0.091736 0.303267
vt 0.631828 0.827170
vt 0.635596 0.830956
vt 0.872015 0.549605
vt 0.998743 0.060357
vt 0.999296 0.060394
vt 0.998948 0.060548
vt 0.605199 0.995027
vt 0.605477 0.995798
vt 0.605246 0.995921
vt 0.605705 0.994013
vt 0.890979 0.528950
vt 0.710930 0.145988
vt 0.425833 0.730010
vt 0.425819 0.731259
vt 0.425723 0.730579
vt 0.619563 0.054353
vt 0.619539 0.054790
vt 0.999951 0.040544
vt 0.998743 0.040544
vt 0.999294 0.040448
vt 0.632250 0.730971
vt 0.632469 0.732188
vt 0.818734 0.812524
vt 0.133048 0.306305
vt 0.638942 0.205753
vt 0.998872 0.411990
vt 0.998743 0.411456
vt 0.999321 0.411456
vt 0.998743 0.410058
vt 0.999355 0.409841
vt 0.999355 0.410147
vt 0.081290 0.816690
vt 0.927583 0.996484
vt 0.928792 0.994720
vt 0.929044 0.996432
vt 0.434826 0.989297
vt 0.435698 0.992809
vt 0.433266 0.991433
vt 0.127847 0.301996
vt 0.371117 0.102755
vt 0.372691 0.105866
vt 0.370241 0.110963
vt 0.999206 0.423562
vt 0.998766 0.423912
vt 0.998743 0.423562
vt 0.999375 0.405243
vt 0.998743 0.405269
vt 0.998743 0.404747
vt 0.786574 0.178132
vt 0.784984 0.177010
vt 0.786328 0.177094
vt 0.792254 0.438014
vt 0.789253 0.435340
vt 0.791503 0.435146
vt 0.788583 0.179831
vt 0.740242 0.134597
vt 0.739320 0.134670
vt 0.648868 0.985377
vt 0.648906 0.983273
vt 0.651154 0.984675
vt 0.989160 0.594547
vt 0.459473 0.419484
vt 0.461777 0.416692
vt 0.467201 0.418401
vt 0.623511 0.498149
vt 0.867043 0.630882
vt 0.054164 0.672278
vt 0.829087 0.213394
vt 0.829350 0.215280
vt 0.826403 0.217493
vt 0.790057 0.414796
vt 0.788191 0.409644
vt 0.793527 0.411536
vt 0.097473 0.302926
vt 0.791694 0.404427
vt 0.787947 0.404866
vt 0.788956 0.401395
vt 0.883636 0.536632
vt 0.883021 0.530266
vt 0.888975 0.530231
vt 0.886057 0.535131
vt 0.157974 0.995511
vt 0.156924 0.996898
vt 0.156924 0.994570
vt 0.725213 0.983728
vt 0.726784 0.985512
vt 0.725156 0.988274
vt 0.037082 0.667693
vt 0.605351 0.996254
vt 0.605705 0.996703
vt 0.999917 0.060357
vt 0.999012 0.060821
vt 0.886540 0.528047
vt 0.874000 0.947174
vt 0.235746 0.250104
vt 0.251790 0.249037
vt 0.426053 0.732084
vt 0.425588 0.731885
vt 0.807777 0.824821
vt 0.472249 0.166896
vt 0.997684 0.153098
vt 0.996622 0.153105
vt 0.996876 0.152687
vt 0.998620 0.152656
vt 0.996431 0.293075
vt 0.994069 0.293075
vt 0.995645 0.292683
vt 0.014332 0.772587
vt 0.012263 0.760900
vt 0.013547 0.761470
vt 0.097715 0.815303
vt 0.106236 0.817500
vt 0.639637 0.452327
vt 0.639898 0.452122
vt 0.639857 0.453116
vt 0.640078 0.451358
vt 0.792656 0.351129
vt 0.792300 0.349377
vt 0.793479 0.345202
vt 0.829926 0.691970
vt 0.793481 0.336162
vt 0.793431 0.340359
vt 0.793353 0.328778
vt 0.792575 0.329336
vt 0.128123 0.997242
vt 0.127738 0.998720
vt 0.127738 0.997093
vt 0.243174 0.986265
vt 0.242552 0.985861
vt 0.245242 0.984430
vt 0.244830 0.983971
vt 0.998743 0.374823
vt 0.998888 0.374292
vt 0.999498 0.374823
vt 0.747640 0.996604
vt 0.747791 0.994505
vt 0.748309 0.994943
vt 0.747698 0.995996
vt 0.242605 0.983486
vt 0.504816 0.073212
vt 0.541453 0.983350
vt 0.542262 0.984175
vt 0.540117 0.985730
vt 0.257922 0.989673
vt 0.257490 0.993025
vt 0.255953 0.989170
vt 0.788855 0.439418
vt 0.795249 0.179634
vt 0.395813 0.998573
vt 0.395813 0.997094
vt 0.397244 0.997812
vt 0.998471 0.457555
vt 0.996622 0.458184
vt 0.996622 0.457439
vt 0.013248 0.814212
vt 0.010126 0.814110
vt 0.010343 0.813263
vt 0.016454 0.818112
vt 0.009035 0.814087
vt 0.822243 0.397209
vt 0.815239 0.400130
vt 0.814673 0.399186
vt 0.797162 0.380898
vt 0.371377 0.094497
vt 0.059170 0.578566
vt 0.060872 0.581340
vt 0.058621 0.580074
vt 0.634773 0.851678
vt 0.638730 0.852560
vt 0.633775 0.861920
vt 0.117521 0.299042
vt 0.367242 0.242667
vt 0.368228 0.233350
vt 0.370099 0.242908
vt 0.368988 0.231167
vt 0.373537 0.232923
vt 0.870285 0.814873
vt 0.870191 0.812322
vt 0.871223 0.812426
vt 0.828059 0.997093
vt 0.828059 0.998432
vt 0.827949 0.997759
vt 0.872418 0.808317
vt 0.869304 0.808906
vt 0.797425 0.687860
vt 0.799919 0.682469
vt 0.801557 0.687532
vt 0.086700 0.402822
vt 0.089534 0.407361
vt 0.085088 0.405702
vt 0.214214 0.984112
vt 0.213289 0.988337
vt 0.211563 0.984142
vt 0.522486 0.991499
vt 0.522626 0.989236
vt 0.524247 0.992381
vt 0.878494 0.803291
vt 0.879669 0.797787
vt 0.883091 0.801067
vt 0.636391 0.827669
vt 0.044415 0.667531
vt 0.865574 0.547947
vt 0.994069 0.294942
vt 0.995953 0.295286
vt 0.994264 0.296926
vt 0.089513 0.274085
vt 0.085807 0.278666
vt 0.085879 0.273328
vt 0.086604 0.305052
vt 0.082760 0.306061
vt 0.825140 0.710754
vt 0.825501 0.703070
vt 0.829709 0.702850
vt 0.811750 0.808817
vt 0.117756 0.536986
vt 0.010479 0.261161
vt 0.636026 0.285345
vt 0.326403 0.599790
vt 0.328765 0.592203
vt 0.330033 0.598566
vt 0.327262 0.595694
vt 0.326566 0.580229
vt 0.329872 0.578453
vt 0.638706 0.456413
vt 0.638966 0.458259
vt 0.642502 0.441034
vt 0.643172 0.458291
vt 0.638405 0.441534
vt 0.638506 0.434503
vt 0.084302 0.816357
vt 0.642071 0.425406
vt 0.639913 0.428887
vt 0.638966 0.423698
vt 0.504097 0.406778
vt 0.503638 0.411318
vt 0.501583 0.406508
vt 0.823353 0.681108
vt 0.817661 0.677914
vt 0.817977 0.676152
vt 0.283451 0.740112
vt 0.287034 0.734772
vt 0.287920 0.738829
vt 0.289331 0.736309
vt 0.336981 0.987172
vt 0.335950 0.983592
vt 0.337637 0.984560
vt 0.289406 0.735043
vt 0.291504 0.735561
vt 0.010210 0.815384
vt 0.045405 0.993068
vt 0.044571 0.993897
vt 0.045322 0.990021
vt 0.815697 0.400455
vt 0.900233 0.991678
vt 0.901725 0.989600
vt 0.900819 0.992978
vt 0.800643 0.709477
vt 0.796851 0.704886
vt 0.801922 0.707193
vt 0.006220 0.776147
vt 0.004724 0.774850
vt 0.807453 0.535930
vt 0.461678 0.423859
vt 0.459344 0.421775
vt 0.801070 0.699633
vt 0.990146 0.305562
vt 0.991896 0.303063
vt 0.993057 0.305530
vt 0.018569 0.359229
vt 0.018492 0.350120
vt 0.020906 0.357785
vt 0.839139 0.239044
vt 0.841558 0.249325
vt 0.837849 0.247515
vt 0.640152 0.861795
vt 0.639933 0.858936
vt 0.641639 0.859088
vt 0.635294 0.868894
vt 0.223841 0.740195
vt 0.222063 0.743938
vt 0.220354 0.743713
vt 0.459682 0.412937
vt 0.021204 0.349223
vt 0.379774 0.082037
vt 0.098283 0.306729
vt 0.097573 0.303770
vt 0.486556 0.583395
vt 0.489442 0.587760
vt 0.487422 0.590270
vt 0.094981 0.307519
vt 0.094436 0.303959
vt 0.214274 0.987150
vt 0.698663 0.162709
vt 0.880325 0.846444
vt 0.881116 0.840916
vt 0.884273 0.845882
vt 0.854752 0.256787
vt 0.851510 0.254467
vt 0.850672 0.254016
vt 0.852997 0.253961
vt 0.998450 0.572173
vt 0.996622 0.572173
vt 0.997193 0.571839
vt 0.995877 0.122370
vt 0.994214 0.122761
vt 0.994069 0.121755
vt 0.797263 0.362229
vt 0.794688 0.361010
vt 0.796182 0.357281
vt 0.898818 0.527436
vt 0.899362 0.530549
vt 0.808050 0.823241
vt 0.818114 0.648487
vt 0.817110 0.646937
vt 0.819009 0.646525
vt 0.811889 0.803918
vt 0.594796 0.098124
vt 0.590628 0.052359
vt 0.359208 0.165595
vt 0.806160 0.809733
vt 0.370476 0.168439
vt 0.489208 0.165727
vt 0.633916 0.269557
vt 0.477573 0.165534
vt 0.110134 0.813308
vt 0.281549 0.586548
vt 0.280428 0.591954
vt 0.278752 0.581515
vt 0.130345 0.305282
vt 0.128790 0.305255
vt 0.560908 0.407538
vt 0.559419 0.410765
vt 0.559469 0.406664
vt 0.127179 0.304995
vt 0.147638 0.989891
vt 0.149990 0.991122
vt 0.147945 0.993065
vt 0.075638 0.669271
vt 0.853564 0.139355
vt 0.853215 0.145775
vt 0.852630 0.146438
vt 0.376395 0.105866
vt 0.374587 0.104088
vt 0.381309 0.100262
vt 0.289551 0.737708
vt 0.785043 0.438684
vt 0.790716 0.175505
vt 0.010001 0.816793
vt 0.871164 0.588828
vt 0.869298 0.583899
vt 0.872071 0.583697
vt 0.199020 0.993658
vt 0.199193 0.990192
vt 0.200669 0.990907
vt 0.868119 0.584856
vt 0.749524 0.707887
vt 0.746465 0.710397
vt 0.745581 0.704172
vt 0.421492 0.423990
vt 0.423268 0.423970
vt 0.220424 0.745122
vt 0.641271 0.860450
vt 0.826647 0.365811
vt 0.826419 0.363032
vt 0.827634 0.363618
vt 0.365430 0.877819
vt 0.365516 0.880915
vt 0.361990 0.878482
vt 0.222982 0.749378
vt 0.634593 0.869512
vt 0.633882 0.867988
vt 0.458786 0.412205
vt 0.383323 0.745285
vt 0.387610 0.746446
vt 0.383575 0.754767
vt 0.382768 0.086384
vt 0.362317 0.415208
vt 0.359125 0.417894
vt 0.359893 0.408514
vt 0.460464 0.410290
vt 0.830075 0.218685
vt 0.386792 0.742132
vt 0.538640 0.414273
vt 0.539327 0.407642
vt 0.541940 0.412486
vt 0.494744 0.587267
vt 0.488864 0.581227
vt 0.037979 0.413709
vt 0.034531 0.403388
vt 0.038089 0.400961
vt 0.991056 0.868231
vt 0.990146 0.867058
vt 0.991459 0.867409
vt 0.881330 0.797091
vt 0.854844 0.250391
vt 0.995852 0.305926
vt 0.994923 0.307050
vt 0.994075 0.305737
vt 0.988604 0.758265
vt 0.985440 0.760883
vt 0.985440 0.758080
vt 0.665619 0.992254
vt 0.663591 0.993219
vt 0.664291 0.990341
vt 0.745212 0.990886
vt 0.746274 0.990636
vt 0.744748 0.993159
vt 0.636853 0.823810
vt 0.639357 0.824495
vt 0.177520 0.984392
vt 0.178241 0.983273
vt 0.180181 0.985547
vt 0.830627 0.433938
vt 0.816009 0.647459
vt 0.814612 0.647350
vt 0.813969 0.641996
vt 0.812322 0.648002
vt 0.674408 0.694078
vt 0.694798 0.694156
vt 0.998417 0.637720
vt 0.996622 0.637720
vt 0.997498 0.637273
vt 0.277935 0.601717
vt 0.279003 0.599127
vt 0.280727 0.600869
vt 0.788058 0.997792
vt 0.787383 0.998429
vt 0.787383 0.997093
vt 0.278876 0.603241
vt 0.280871 0.600343
vt 0.280622 0.597259
vt 0.342853 0.996799
vt 0.341847 0.995597
vt 0.342550 0.995312
vt 0.342853 0.994013
vt 0.280983 0.597899
vt 0.281162 0.596065
vt 0.281459 0.600415
vt 0.670809 0.986362
vt 0.671447 0.985179
vt 0.671349 0.987161
vt 0.671576 0.987361
vt 0.671572 0.984459
vt 0.671492 0.983615
vt 0.822634 0.645732
vt 0.820169 0.638317
vt 0.824023 0.644248
vt 0.671506 0.983273
vt 0.003123 0.092814
vt 0.003167 0.091606
vt 0.003196 0.091127
vt 0.996193 0.883034
vt 0.994069 0.883034
vt 0.995711 0.883021
vt 0.279809 0.745263
vt 0.280049 0.743570
vt 0.280178 0.743129
vt 0.995146 0.996949
vt 0.994069 0.996930
vt 0.996112 0.996930
vt 0.665720 0.992775
vt 0.665713 0.991168
vt 0.665754 0.991620
vt 0.820039 0.632796
vt 0.823844 0.630535
vt 0.280428 0.741637
vt 0.281561 0.739090
vt 0.280877 0.738574
vt 0.994782 0.619215
vt 0.994069 0.619085
vt 0.995750 0.619085
vt 0.006733 0.864106
vt 0.007157 0.865990
vt 0.004908 0.865567
vt 0.281918 0.735456
vt 0.280188 0.735496
vt 0.308384 0.737463
vt 0.306800 0.742483
vt 0.304969 0.734688
vt 0.993511 0.098841
vt 0.992156 0.099988
vt 0.993156 0.098515
vt 0.990981 0.098779
vt 0.060545 0.868018
vt 0.059336 0.876443
vt 0.056769 0.867644
vt 0.990146 0.097812
vt 0.992604 0.098035
vt 0.996622 0.416835
vt 0.996622 0.415628
vt 0.998469 0.415643
vt 0.559040 0.408467
vt 0.557815 0.406472
vt 0.125762 0.307883
vt 0.497963 0.410866
vt 0.499312 0.424013
vt 0.817358 0.685848
vt 0.285281 0.747816
vt 0.010906 0.818547
vt 0.007452 0.816941
vt 0.868336 0.588037
vt 0.786969 0.380873
vt 0.789549 0.381899
vt 0.782299 0.433077
vt 0.791608 0.426572
vt 0.790676 0.431379
vt 0.827098 0.372439
vt 0.824458 0.373768
vt 0.821979 0.369723
vt 0.827634 0.370044
vt 0.826376 0.368942
vt 0.749989 0.712776
vt 0.423633 0.426361
vt 0.426133 0.428444
vt 0.824173 0.365171
vt 0.220457 0.746546
vt 0.702945 0.162358
vt 0.699770 0.174413
vt 0.781888 0.420093
vt 0.227208 0.739814
vt 0.995370 0.434103
vt 0.994985 0.434822
vt 0.994069 0.434103
vt 0.355752 0.991260
vt 0.357938 0.990737
vt 0.358529 0.993451
vt 0.996349 0.434416
vt 0.355752 0.989411
vt 0.356668 0.989594
vt 0.357681 0.989131
vt 0.358023 0.876097
vt 0.360864 0.872517
vt 0.360676 0.873788
vt 0.873438 0.032636
vt 0.873875 0.026820
vt 0.877222 0.026423
vt 0.989171 0.991070
vt 0.988219 0.990667
vt 0.989714 0.989131
vt 0.806900 0.463968
vt 0.093159 0.305929
vt 0.988028 0.858920
vt 0.984421 0.860308
vt 0.984099 0.858355
vt 0.989139 0.757419
vt 0.089417 0.304041
vt 0.091256 0.307080
vt 0.994263 0.025942
vt 0.994069 0.024873
vt 0.996080 0.025675
vt 0.993340 0.006933
vt 0.991884 0.007439
vt 0.991538 0.006606
vt 0.993008 0.868131
vt 0.992666 0.867003
vt 0.394654 0.233010
vt 0.392892 0.243629
vt 0.391551 0.233712
vt 0.877605 0.542511
vt 0.883509 0.548870
vt 0.876294 0.550286
vt 0.865851 0.550350
vt 0.868972 0.549972
vt 0.868718 0.551174
vt 0.565048 0.377260
vt 0.567615 0.369960
vt 0.568117 0.377479
vt 0.565007 0.371105
vt 0.997299 0.254532
vt 0.996622 0.253382
vt 0.998538 0.253382
vt 0.245871 0.242873
vt 0.809437 0.805994
vt 0.296025 0.061368
vt 0.638698 0.275943
vt 0.637923 0.273797
vt 0.642734 0.291016
vt 0.806574 0.707693
vt 0.499297 0.156775
vt 0.324317 0.785880
vt 0.281657 0.602022
vt 0.877672 0.810202
vt 0.875601 0.811687
vt 0.875389 0.810139
vt 0.003804 0.096477
vt 0.003286 0.094449
vt 0.003922 0.094690
vt 0.003192 0.098842
vt 0.003187 0.091953
vt 0.999288 0.215408
vt 0.998743 0.215391
vt 0.999793 0.215391
vt 0.003261 0.090607
vt 0.665669 0.993315
vt 0.665743 0.990223
vt 0.600630 0.998560
vt 0.600611 0.997640
vt 0.600630 0.997093
vt 0.605310 0.990201
vt 0.605633 0.991825
vt 0.605969 0.993292
vt 0.665669 0.989131
vt 0.996304 0.619085
vt 0.264826 0.736503
vt 0.261566 0.751327
vt 0.261452 0.739581
vt 0.057046 0.869198
vt 0.821502 0.686430
vt 0.822872 0.747609
vt 0.823401 0.745305
vt 0.826007 0.742191
vt 0.013811 0.827744
vt 0.009596 0.826578
vt 0.989362 0.614001
vt 0.989054 0.617071
vt 0.984186 0.616042
vt 0.790502 0.379109
vt 0.305381 0.875992
vt 0.302117 0.871833
vt 0.306381 0.870127
vt 0.876499 0.584758
vt 0.873527 0.584973
vt 0.875663 0.580368
vt 0.005876 0.778921
vt 0.013853 0.777850
vt 0.983927 0.798575
vt 0.985404 0.796474
vt 0.989112 0.797706
vt 0.064650 0.573845
vt 0.065184 0.576427
vt 0.060499 0.576107
vt 0.812322 0.531333
vt 0.813080 0.532772
vt 0.824662 0.368536
vt 0.423003 0.427878
vt 0.826040 0.367143
vt 0.637209 0.862927
vt 0.367401 0.874806
vt 0.364086 0.873089
vt 0.882389 0.991830
vt 0.880549 0.990791
vt 0.881890 0.989626
vt 0.358696 0.879686
vt 0.359210 0.874921
vt 0.359731 0.875581
vt 0.226641 0.751043
vt 0.996622 0.150063
vt 0.998464 0.149237
vt 0.998607 0.150063
vt 0.997120 0.348668
vt 0.998531 0.349142
vt 0.996622 0.349142
vt 0.732561 0.997870
vt 0.732855 0.997093
vt 0.732855 0.998475
vt 0.824732 0.227368
vt 0.999790 0.199188
vt 0.999621 0.199674
vt 0.998743 0.199188
vt 0.173283 0.998648
vt 0.171733 0.998605
vt 0.172805 0.997093
vt 0.171733 0.997371
vt 0.988745 0.992623
vt 0.099411 0.311751
vt 0.099414 0.307604
vt 0.040306 0.412761
vt 0.169226 0.988241
vt 0.169415 0.988773
vt 0.168950 0.988065
vt 0.167350 0.986184
vt 0.167114 0.986933
vt 0.993105 0.004897
vt 0.990302 0.004996
vt 0.091414 0.310184
vt 0.088141 0.311847
vt 0.091447 0.308284
vt 0.087422 0.307050
vt 0.854085 0.991489
vt 0.850638 0.992703
vt 0.850501 0.990100
vt 0.985378 0.894509
vt 0.988197 0.893850
vt 0.988480 0.895647
vt 0.870375 0.555216
vt 0.863089 0.554372
vt 0.887151 0.544346
vt 0.794400 0.369163
vt 0.994810 0.363917
vt 0.995795 0.364089
vt 0.994069 0.364279
vt 0.997919 0.701545
vt 0.997260 0.702015
vt 0.996622 0.701646
vt 0.867945 0.547845
vt 0.831707 0.207566
vt 0.837953 0.208789
vt 0.833287 0.209823
vt 0.332538 0.087262
vt 0.331025 0.084469
vt 0.333407 0.083014
vt 0.990171 0.693128
vt 0.992628 0.693484
vt 0.991132 0.694934
vt 0.906254 0.527682
vt 0.891542 0.533865
vt 0.607279 0.108962
vt 0.874633 0.161495
vt 0.737764 0.892325
vt 0.363780 0.163635
vt 0.687254 0.696713
vt 0.116735 0.800805
vt 0.251542 0.739986
vt 0.248595 0.753904
vt 0.246275 0.752653
vt 0.252318 0.742240
vt 0.834320 0.200955
vt 0.834841 0.189239
vt 0.838268 0.189826
vt 0.629439 0.623786
vt 0.627137 0.624642
vt 0.627721 0.613185
vt 0.102214 0.462413
vt 0.101731 0.451900
vt 0.103722 0.452680
vt 0.338708 0.993117
vt 0.336960 0.992355
vt 0.338773 0.990691
vt 0.054571 0.491611
vt 0.050729 0.473774
vt 0.054563 0.475273
vt 0.266623 0.747112
vt 0.992705 0.973176
vt 0.990146 0.972953
vt 0.992294 0.972201
vt 0.823153 0.687210
vt 0.620515 0.987755
vt 0.619030 0.984088
vt 0.623081 0.983273
vt 0.821587 0.747148
vt 0.728265 0.708158
vt 0.725444 0.708106
vt 0.727120 0.707390
vt 0.617022 0.992338
vt 0.615852 0.992834
vt 0.615585 0.990165
vt 0.787856 0.168541
vt 0.785661 0.172382
vt 0.614209 0.992464
vt 0.986120 0.617756
vt 0.810450 0.533971
vt 0.859273 0.983743
vt 0.858859 0.987499
vt 0.857135 0.984310
vt 0.800319 0.623546
vt 0.798690 0.615295
vt 0.800445 0.614993
vt 0.375288 0.240494
vt 0.374457 0.237146
vt 0.377074 0.237430
vt 0.984332 0.532030
vt 0.985657 0.528769
vt 0.988370 0.530314
vt 0.541112 0.371069
vt 0.542302 0.375925
vt 0.537354 0.372894
vt 0.999881 0.087326
vt 0.998802 0.086681
vt 0.999654 0.086619
vt 0.999224 0.229912
vt 0.999751 0.230464
vt 0.998743 0.230464
vt 0.996515 0.055027
vt 0.995312 0.055916
vt 0.994069 0.055027
vt 0.092580 0.309460
vt 0.090041 0.411291
vt 0.990146 0.004716
vt 0.890280 0.532746
vt 0.897430 0.541192
vt 0.891400 0.542704
vt 0.870590 0.552096
vt 0.999311 0.190284
vt 0.999807 0.190591
vt 0.998743 0.190591
vt 0.870720 0.552927
vt 0.319912 0.998109
vt 0.319748 0.997307
vt 0.319912 0.997093
vt 0.319776 0.998664
vt 0.464420 0.230918
vt 0.461600 0.235931
vt 0.460323 0.232866
vt 0.084396 0.313956
vt 0.081578 0.313280
vt 0.083448 0.309739
vt 0.803255 0.810014
vt 0.015712 0.264013
vt 0.817783 0.638004
vt 0.876003 0.806033
vt 0.101740 0.801079
vt 0.094278 0.812673
vt 0.006664 0.870837
vt 0.002115 0.866861
vt 0.103490 0.454075
vt 0.085695 0.812792
vt 0.083156 0.812535
vt 0.088796 0.812559
vt 0.081384 0.811817
vt 0.493571 0.408767
vt 0.495485 0.423989
vt 0.490501 0.412939
vt 0.437804 0.378687
vt 0.435386 0.378582
vt 0.435693 0.372082
vt 0.018069 0.478033
vt 0.022349 0.476438
vt 0.018897 0.488246
vt 0.503231 0.422202
vt 0.503947 0.413166
vt 0.822547 0.756113
vt 0.995425 0.789401
vt 0.996205 0.790031
vt 0.994069 0.790031
vt 0.820600 0.747375
vt 0.997379 0.317546
vt 0.996622 0.316632
vt 0.998521 0.316632
vt 0.289709 0.745472
vt 0.727823 0.704163
vt 0.881400 0.411026
vt 0.878409 0.405441
vt 0.883857 0.404881
vt 0.791420 0.378094
vt 0.009119 0.781400
vt 0.002531 0.784526
vt 0.000492 0.783364
vt 0.992218 0.819559
vt 0.990938 0.818232
vt 0.993240 0.818125
vt 0.824411 0.362398
vt 0.641485 0.871697
vt 0.638067 0.873190
vt 0.638345 0.864506
vt 0.643182 0.868061
vt 0.115623 0.571098
vt 0.114235 0.577386
vt 0.111860 0.575804
vt 0.802782 0.341766
vt 0.797087 0.339429
vt 0.803689 0.324890
vt 0.797100 0.325638
vt 0.985182 0.416743
vt 0.985072 0.413981
vt 0.988070 0.416073
vt 0.803905 0.317505
vt 0.086357 0.411420
vt 0.086913 0.411705
vt 0.169269 0.987590
vt 0.169349 0.986152
vt 0.034585 0.814547
vt 0.030856 0.810615
vt 0.037745 0.812458
vt 0.990783 0.004710
vt 0.866683 0.559046
vt 0.332495 0.092989
vt 0.571294 0.373778
vt 0.990146 0.319094
vt 0.990924 0.318233
vt 0.992833 0.318879
vt 0.464836 0.235784
vt 0.826869 0.698560
vt 0.713325 0.140671
vt 0.886429 0.124127
vt 0.885565 0.151464
vt 0.622698 0.664339
vt 0.768180 0.329141
vt 0.173926 0.730474
vt 0.108416 0.802268
vt 0.620170 0.135184
vt 0.620791 0.124033
vt 0.623789 0.133822
vt 0.247424 0.739032
vt 0.002969 0.872797
vt 0.019249 0.758261
vt 0.022327 0.758927
vt 0.019340 0.766713
vt 0.001543 0.669038
vt 0.010381 0.666805
vt 0.003870 0.669327
vt 0.725536 0.704252
vt 0.725910 0.702261
vt 0.785282 0.376526
vt 0.060360 0.813705
vt 0.056793 0.812091
vt 0.055945 0.809825
vt 0.365903 0.414893
vt 0.366927 0.418483
vt 0.376522 0.242767
vt 0.695365 0.998498
vt 0.695365 0.997530
vt 0.695719 0.997727
vt 0.695542 0.997093
vt 0.998743 0.084329
vt 0.999052 0.084107
vt 0.999909 0.084329
vt 0.086562 0.411856
vt 0.049608 0.671726
vt 0.053225 0.673922
vt 0.883819 0.743398
vt 0.877937 0.748406
vt 0.879820 0.745434
vt 0.990956 0.414988
vt 0.990146 0.414078
vt 0.993590 0.414078
vt 0.396974 0.990330
vt 0.398327 0.991249
vt 0.396318 0.993238
vt 0.995799 0.882972
vt 0.994069 0.881332
vt 0.996112 0.881332
vt 0.885604 0.538871
vt 0.255360 0.246796
vt 0.854463 0.566127
vt 0.230800 0.404875
vt 0.229522 0.408475
vt 0.227062 0.407952
vt 0.228165 0.402459
vt 0.107625 0.606790
vt 0.109922 0.604116
vt 0.110224 0.611833
vt 0.796573 0.817598
vt 0.624709 0.125696
vt 0.095165 0.801045
vt 0.494390 0.425828
vt 0.491477 0.417502
vt 0.083856 0.803490
vt 0.076193 0.802732
vt 0.049044 0.482622
vt 0.077997 0.811857
vt 0.073610 0.810833
vt 0.024366 0.491888
vt 0.069854 0.810684
vt 0.072119 0.811300
vt 0.071683 0.813076
vt 0.823120 0.688888
vt 0.820994 0.692121
vt 0.292022 0.749254
vt 0.128385 0.318077
vt 0.120038 0.312000
vt 0.066971 0.804737
vt 0.066404 0.811095
vt 0.078023 0.286635
vt 0.080539 0.273815
vt 0.081703 0.286241
vt 0.069137 0.672958
vt 0.118026 0.310272
vt 0.114487 0.310606
vt 0.103027 0.308973
vt 0.076807 0.274062
vt 0.032397 0.413710
vt 0.030786 0.406001
vt 0.033412 0.406712
vt 0.542073 0.380848
vt 0.537099 0.378873
vt 0.101497 0.323598
vt 0.830871 0.226056
vt 0.831032 0.227334
vt 0.987302 0.412047
vt 0.035765 0.411052
vt 0.035790 0.412567
vt 0.040171 0.810768
vt 0.086117 0.321364
vt 0.028341 0.808560
vt 0.082737 0.320112
vt 0.994069 0.583477
vt 0.996241 0.583477
vt 0.994607 0.585133
vt 0.875802 0.559355
vt 0.911793 0.535858
vt 0.899233 0.540419
vt 0.888844 0.544043
vt 0.801398 0.807947
vt 0.106571 0.609915
vt 0.389505 0.374410
vt 0.391168 0.380575
vt 0.388082 0.377827
vt 0.814206 0.635720
vt 0.470453 0.995384
vt 0.472371 0.994828
vt 0.472479 0.996678
vt 0.303963 0.751270
vt 0.992686 0.603915
vt 0.990654 0.603469
vt 0.993003 0.602518
vt 0.211319 0.998332
vt 0.211970 0.997093
vt 0.211970 0.998678
vt 0.071552 0.810572
vt 0.822534 0.689989
vt 0.823711 0.689192
vt 0.693567 0.987897
vt 0.694998 0.985204
vt 0.695454 0.988077
vt 0.044754 0.807611
vt 0.010054 0.790112
vt 0.799594 0.624066
vt 0.798400 0.625067
vt 0.652722 0.200443
vt 0.650265 0.200944
vt 0.653307 0.199138
vt 0.650701 0.196245
vt 0.653588 0.196014
vt 0.002715 0.651262
vt 0.005230 0.652695
vt 0.001845 0.653850
vt 0.867245 0.597872
vt 0.865546 0.595211
vt 0.870346 0.597161
vt 0.396166 0.242027
vt 0.396124 0.243068
vt 0.395943 0.242593
vt 0.036109 0.413080
vt 0.038491 0.802313
vt 0.880617 0.556089
vt 0.725598 0.148558
vt 0.519660 0.581245
vt 0.521654 0.581090
vt 0.521393 0.586793
vt 0.864589 0.560377
vt 0.869522 0.564316
vt 0.866285 0.567815
vt 0.848792 0.231914
vt 0.850581 0.233485
vt 0.848386 0.238980
vt 0.523331 0.586955
vt 0.879633 0.557317
vt 0.907292 0.538912
vt 0.722413 0.145261
vt 0.564846 0.414682
vt 0.562629 0.413661
vt 0.564505 0.406660
vt 0.639991 0.302109
vt 0.265651 0.752705
vt 0.020036 0.491090
vt 0.287979 0.751401
vt 0.791756 0.373164
vt 0.791652 0.373774
vt 0.791911 0.368338
vt 0.275318 0.747244
vt 0.272770 0.742839
vt 0.277951 0.751005
vt 0.277804 0.737878
vt 0.989964 0.996440
vt 0.991409 0.994383
vt 0.991784 0.996440
vt 0.046893 0.809401
vt 0.651283 0.203624
vt 0.650967 0.211429
vt 0.649159 0.208305
vt 0.044612 0.809770
vt 0.828724 0.228753
vt 0.867437 0.600636
vt 0.870528 0.602137
vt 0.996622 0.313345
vt 0.998226 0.312263
vt 0.998514 0.313345
vt 0.049801 0.802320
vt 0.036022 0.413578
vt 0.996204 0.829362
vt 0.994403 0.829597
vt 0.995449 0.829359
vt 0.870339 0.565462
vt 0.873404 0.559654
vt 0.998048 0.906144
vt 0.996642 0.905386
vt 0.998291 0.905093
vt 0.314633 0.882789
vt 0.310947 0.883613
vt 0.312598 0.879988
vt 0.891768 0.546854
vt 0.885473 0.548845
vt 0.575274 0.110866
vt 0.809724 0.817523
vt 0.788933 0.831631
vt 0.474320 0.162812
vt 0.478169 0.157326
vt 0.817160 0.691884
vt 0.826386 0.757674
vt 0.275071 0.752449
vt 0.992688 0.816256
vt 0.991430 0.816281
vt 0.993307 0.816141
vt 0.792149 0.371903
vt 0.997910 0.463380
vt 0.998505 0.463419
vt 0.996622 0.463419
vt 0.006372 0.656236
vt 0.007083 0.643378
vt 0.012019 0.656973
vt 0.044090 0.800031
vt 0.092409 0.323809
vt 0.870111 0.592181
vt 0.892598 0.548065
vt 0.883825 0.552485
vt 0.851026 0.239328
vt 0.127087 0.270133
vt 0.127775 0.265903
vt 0.129012 0.269125
vt 0.315960 0.878076
vt 0.990454 0.711377
vt 0.991967 0.711733
vt 0.993290 0.712248
vt 0.899607 0.996275
vt 0.897968 0.996494
vt 0.897970 0.994033
vt 0.987981 0.034986
vt 0.988594 0.038691
vt 0.984321 0.038193
vt 0.897794 0.543555
vt 0.586266 0.092887
vt 0.789217 0.817887
vt 0.016540 0.780711
vt 0.019070 0.781534
vt 0.014777 0.783597
vt 0.017962 0.777728
vt 0.556657 0.103801
vt 0.049800 0.491903
vt 0.604123 0.987240
vt 0.604475 0.983732
vt 0.606320 0.986777
vt 0.605803 0.988188
vt 0.009430 0.663390
vt 0.008503 0.658847
vt 0.645238 0.225342
vt 0.644817 0.217255
vt 0.646114 0.223190
vt 0.985037 0.818606
vt 0.984011 0.815742
vt 0.988039 0.815917
vt 0.645905 0.219745
vt 0.792532 0.370621
vt 0.064570 0.800166
vt 0.057971 0.800634
vt 0.990304 0.816224
vt 0.009314 0.786173
vt 0.032456 0.695473
vt 0.271708 0.746958
vt 0.643850 0.193617
vt 0.005858 0.637524
vt 0.006097 0.632391
vt 0.009568 0.628227
vt 0.603541 0.735073
vt 0.603517 0.740203
vt 0.598324 0.737310
vt 0.089992 0.324490
vt 0.240115 0.989531
vt 0.242952 0.991878
vt 0.240455 0.993500
vt 0.029197 0.799203
vt 0.833319 0.218944
vt 0.834227 0.216009
vt 0.836468 0.218269
vt 0.818156 0.753362
vt 0.809855 0.755983
vt 0.815208 0.750522
vt 0.810768 0.752462
vt 0.026893 0.802919
vt 0.130437 0.030537
vt 0.128876 0.035769
vt 0.126505 0.036392
vt 0.796727 0.267927
vt 0.797247 0.272341
vt 0.793169 0.270003
vt 0.401606 0.990980
vt 0.402767 0.989168
vt 0.403694 0.991141
vt 0.078656 0.323672
vt 0.915966 0.534506
vt 0.913036 0.529487
vt 0.907534 0.540868
vt 0.058183 0.354204
vt 0.063296 0.357755
vt 0.635800 0.804170
vt 0.629888 0.803736
vt 0.635902 0.790164
vt 0.014645 0.255765
vt 0.131563 0.797162
vt 0.123232 0.801983
vt 0.049717 0.468307
vt 0.052922 0.466188
vt 0.062146 0.467656
vt 0.012867 0.667757
vt 0.043497 0.468629
vt 0.036394 0.470237
vt 0.037829 0.465912
vt 0.643199 0.231506
vt 0.646718 0.228629
vt 0.993215 0.880097
vt 0.990759 0.879407
vt 0.991900 0.878965
vt 0.011397 0.641261
vt 0.019423 0.472177
vt 0.013498 0.470810
vt 0.021262 0.466789
vt 0.017068 0.467475
vt 0.097375 0.325003
vt 0.008711 0.472379
vt 0.009460 0.469450
vt 0.603311 0.375622
vt 0.606116 0.374269
vt 0.606002 0.378059
vt 0.604927 0.372870
vt 0.815181 0.760891
vt 0.881494 0.563488
vt 0.841346 0.215656
vt 0.840650 0.217316
vt 0.875011 0.009212
vt 0.877859 0.009866
vt 0.876769 0.017352
vt 0.725247 0.141413
vt 0.643523 0.298860
vt 0.882895 0.177384
vt 0.629354 0.786016
vt 0.409209 0.689985
vt 0.332836 0.715232
vt 0.099963 0.798368
vt 0.055856 0.462737
vt 0.493376 0.426040
vt 0.047441 0.461527
vt 0.305780 0.751652
vt 0.305197 0.751596
vt 0.079132 0.797215
vt 0.079786 0.802322
vt 0.075835 0.796224
vt 0.492275 0.883465
vt 0.489400 0.880289
vt 0.491953 0.878522
vt 0.032407 0.468631
vt 0.028075 0.469576
vt 0.029054 0.466027
vt 0.008095 0.792013
vt 0.360407 0.079493
vt 0.365702 0.079737
vt 0.364350 0.082219
vt 0.893062 0.551089
vt 0.895831 0.547451
vt 0.815793 0.763296
vt 0.812842 0.760070
vt 0.818849 0.767900
vt 0.815432 0.765361
vt 0.821096 0.765688
vt 0.993817 0.059039
vt 0.990731 0.056804
vt 0.992890 0.056570
vt 0.162030 0.405712
vt 0.167529 0.407667
vt 0.161705 0.410155
vt 0.793700 0.275152
vt 0.792437 0.273544
vt 0.998309 0.856551
vt 0.997155 0.857653
vt 0.996622 0.856551
vt 0.873706 0.570311
vt 0.872012 0.562967
vt 0.989010 0.270820
vt 0.985439 0.272614
vt 0.984613 0.268924
vt 0.838977 0.220784
vt 0.984635 0.909074
vt 0.984423 0.906587
vt 0.988627 0.907360
vt 0.880319 0.337246
vt 0.875818 0.341147
vt 0.876869 0.337958
vt 0.880870 0.338858
vt 0.886138 0.553401
vt 0.890113 0.550724
vt 0.887867 0.554895
vt 0.901907 0.548625
vt 0.994069 0.298325
vt 0.994069 0.296976
vt 0.996382 0.298091
vt 0.015856 0.251266
vt 0.447690 0.733017
vt 0.446331 0.743647
vt 0.444333 0.732481
vt 0.442063 0.745726
vt 0.354905 0.150248
vt 0.361707 0.154736
vt 0.502081 0.144616
vt 0.987550 0.348690
vt 0.983829 0.346440
vt 0.988278 0.345468
vt 0.061066 0.464006
vt 0.493091 0.426219
vt 0.492800 0.426104
vt 0.493680 0.426238
vt 0.494833 0.425884
vt 0.305488 0.751772
vt 0.304895 0.751800
vt 0.041181 0.464174
vt 0.159493 0.989131
vt 0.160281 0.990953
vt 0.157857 0.991969
vt 0.102138 0.325748
vt 0.881921 0.393805
vt 0.877107 0.393717
vt 0.878693 0.388993
vt 0.875985 0.390191
vt 0.040674 0.798429
vt 0.043330 0.795079
vt 0.363879 0.085612
vt 0.359463 0.084134
vt 0.984018 0.970851
vt 0.984803 0.965977
vt 0.986131 0.969548
vt 0.037012 0.797810
vt 0.876798 0.567884
vt 0.559556 0.994297
vt 0.560701 0.995065
vt 0.559511 0.996687
vt 0.851070 0.240890
vt 0.850761 0.244462
vt 0.849435 0.243436
vt 0.381018 0.739389
vt 0.377919 0.735963
vt 0.381451 0.733707
vt 0.883898 0.562677
vt 0.787289 0.272776
vt 0.787458 0.275249
vt 0.782777 0.272677
vt 0.792043 0.275220
vt 0.864323 0.569023
vt 0.867095 0.573424
vt 0.884230 0.557155
vt 0.881531 0.565207
vt 0.895664 0.546465
vt 0.638758 0.491506
vt 0.639619 0.486199
vt 0.641827 0.491359
vt 0.895996 0.553783
vt 0.864116 0.904904
vt 0.569552 0.101441
vt 0.291199 0.055787
vt 0.631661 0.791547
vt 0.330816 0.372024
vt 0.333301 0.371938
vt 0.331739 0.379776
vt 0.016143 0.790614
vt 0.816225 0.627879
vt 0.819329 0.626046
vt 0.347862 0.150579
vt 0.495314 0.143365
vt 0.485196 0.148385
vt 0.619870 0.694167
vt 0.985638 0.556195
vt 0.988098 0.559676
vt 0.983768 0.559903
vt 0.125778 0.799482
vt 0.129030 0.799148
vt 0.122759 0.799017
vt 0.996622 0.770667
vt 0.997578 0.769183
vt 0.998321 0.770667
vt 0.985509 0.786026
vt 0.983296 0.785111
vt 0.984302 0.782868
vt 0.878631 0.764756
vt 0.882792 0.761593
vt 0.882240 0.767108
vt 0.638322 0.418876
vt 0.637651 0.406209
vt 0.643001 0.415028
vt 0.642787 0.393936
vt 0.200898 0.991143
vt 0.202789 0.989195
vt 0.202976 0.993448
vt 0.475054 0.990004
vt 0.476973 0.992541
vt 0.474826 0.992473
vt 0.638774 0.382491
vt 0.697818 0.181640
vt 0.228304 0.989478
vt 0.225940 0.992670
vt 0.225059 0.989287
vt 0.642842 0.382509
vt 0.096789 0.328156
vt 0.872722 0.569533
vt 0.511029 0.371581
vt 0.513680 0.371240
vt 0.514257 0.379066
vt 0.167354 0.996819
vt 0.164911 0.994936
vt 0.167306 0.994439
vt 0.867664 0.992848
vt 0.867647 0.989821
vt 0.869721 0.990735
vt 0.885932 0.560894
vt 0.864119 0.639651
vt 0.866218 0.638264
vt 0.865357 0.643530
vt 0.880293 0.341816
vt 0.994069 0.094152
vt 0.996265 0.094261
vt 0.995487 0.095132
vt 0.893841 0.554317
vt 0.890998 0.557185
vt 0.914864 0.539429
vt 0.177387 0.869758
vt 0.176910 0.865055
vt 0.180663 0.868489
vt 0.835006 0.600551
vt 0.057128 0.366906
vt 0.333406 0.381001
vt 0.629752 0.587661
vt 0.628492 0.583714
vt 0.632908 0.584007
vt 0.983718 0.032986
vt 0.984839 0.030671
vt 0.988586 0.033910
vt 0.117294 0.797209
vt 0.120389 0.797431
vt 0.877296 0.386306
vt 0.876548 0.380103
vt 0.880718 0.383815
vt 0.991094 0.345187
vt 0.991167 0.343040
vt 0.993600 0.342876
vt 0.984658 0.926410
vt 0.984680 0.923171
vt 0.988241 0.925363
vt 0.134479 0.607433
vt 0.136016 0.611061
vt 0.131068 0.609512
vt 0.984055 0.761695
vt 0.989187 0.763645
vt 0.985925 0.765516
vt 0.390777 0.994013
vt 0.391951 0.995192
vt 0.390777 0.996763
vt 0.989771 0.065191
vt 0.986707 0.065446
vt 0.988605 0.060677
vt 0.983490 0.062546
vt 0.990249 0.540273
vt 0.993100 0.538742
vt 0.991542 0.539685
vt 0.993366 0.540523
vt 0.989096 0.783178
vt 0.134342 0.330392
vt 0.124655 0.330529
vt 0.791331 0.446490
vt 0.791665 0.440870
vt 0.796721 0.443678
vt 0.525809 0.990000
vt 0.526629 0.991078
vt 0.526922 0.993320
vt 0.487397 0.884063
vt 0.032063 0.462544
vt 0.758173 0.985508
vt 0.761477 0.984791
vt 0.761682 0.987649
vt 0.120865 0.404037
vt 0.114667 0.407297
vt 0.114789 0.403515
vt 0.654317 0.698254
vt 0.660203 0.696155
vt 0.654544 0.701947
vt 0.999580 0.349114
vt 0.999066 0.349309
vt 0.998743 0.349114
vt 0.996996 0.255857
vt 0.998584 0.255732
vt 0.998035 0.255929
vt 0.996622 0.255732
vt 0.046543 0.795829
vt 0.993096 0.430924
vt 0.993598 0.431189
vt 0.991828 0.430866
vt 0.444888 0.994013
vt 0.444977 0.995219
vt 0.444882 0.996588
vt 0.990353 0.431154
vt 0.988859 0.469488
vt 0.984777 0.469134
vt 0.987698 0.466233
vt 0.333045 0.873011
vt 0.333524 0.876335
vt 0.332627 0.877269
vt 0.983670 0.466653
vt 0.336200 0.875997
vt 0.340461 0.871726
vt 0.988573 0.967091
vt 0.387843 0.739112
vt 0.385546 0.740822
vt 0.599242 0.742085
vt 0.996313 0.566490
vt 0.994069 0.566490
vt 0.996207 0.566120
vt 0.894540 0.562500
vt 0.888858 0.555910
vt 0.003485 0.465317
vt 0.001117 0.466765
vt 0.002200 0.465311
vt 0.996242 0.709087
vt 0.995125 0.709815
vt 0.994069 0.709087
vt 0.522962 0.996012
vt 0.524262 0.994897
vt 0.524339 0.996695
vt 0.186650 0.994476
vt 0.188438 0.995416
vt 0.188549 0.996818
vt 0.791111 0.276307
vt 0.790408 0.277103
vt 0.788395 0.276533
vt 0.876853 0.344694
vt 0.875489 0.343863
vt 0.867181 0.636457
vt 0.867636 0.637573
vt 0.866577 0.637333
vt 0.880994 0.342183
vt 0.877882 0.343997
vt 0.910913 0.543156
vt 0.650317 0.219755
vt 0.652899 0.220034
vt 0.650930 0.229864
vt 0.800722 0.408802
vt 0.805470 0.406020
vt 0.805286 0.411760
vt 0.271318 0.249940
vt 0.649193 0.307341
vt 0.775945 0.849661
vt 0.501103 0.722050
vt 0.989371 0.559145
vt 0.985551 0.589500
vt 0.989210 0.585361
vt 0.989286 0.589734
vt 0.304857 0.987933
vt 0.300723 0.988290
vt 0.300981 0.983442
vt 0.304645 0.983563
vt 0.013000 0.985341
vt 0.018044 0.984815
vt 0.017870 0.988447
vt 0.988809 0.844249
vt 0.988116 0.848523
vt 0.984210 0.844762
vt 0.983710 0.848187
vt 0.063463 0.459542
vt 0.988998 0.325906
vt 0.984867 0.325930
vt 0.987480 0.321149
vt 0.793683 0.439999
vt 0.072749 0.794116
vt 0.068973 0.798567
vt 0.069649 0.794326
vt 0.661584 0.698261
vt 0.224826 0.253591
vt 0.221233 0.252942
vt 0.224400 0.253340
vt 0.996622 0.203693
vt 0.998518 0.202843
vt 0.998574 0.203693
vt 0.670718 0.128325
vt 0.671501 0.129580
vt 0.667278 0.133448
vt 0.988720 0.633206
vt 0.985273 0.633375
vt 0.987892 0.628969
vt 0.758953 0.997565
vt 0.758739 0.998464
vt 0.758739 0.997093
vt 0.223902 0.252208
vt 0.985350 0.629388
vt 0.107278 0.333626
vt 0.268095 0.880476
vt 0.265634 0.883855
vt 0.264055 0.881600
vt 0.222352 0.250213
vt 0.224886 0.249567
vt 0.674905 0.128592
vt 0.673241 0.130203
vt 0.673048 0.129373
vt 0.099238 0.336790
vt 0.333999 0.876989
vt 0.675966 0.128391
vt 0.998340 0.742574
vt 0.997689 0.743847
vt 0.996622 0.742574
vt 0.751747 0.984178
vt 0.751703 0.987427
vt 0.749175 0.987760
vt 0.005073 0.462893
vt 0.008553 0.463515
vt 0.340164 0.875969
vt 0.999958 0.024533
vt 0.999361 0.024784
vt 0.998743 0.024533
vt 0.517792 0.731856
vt 0.517825 0.737404
vt 0.514932 0.735067
vt 0.811279 0.774728
vt 0.788578 0.277743
vt 0.791597 0.277274
vt 0.790390 0.277669
vt 0.343512 0.992250
vt 0.341377 0.993211
vt 0.341969 0.989605
vt 0.236674 0.998635
vt 0.237648 0.997094
vt 0.238049 0.998635
vt 0.867358 0.634519
vt 0.867651 0.635832
vt 0.648506 0.228779
vt 0.648113 0.224026
vt 0.988443 0.875394
vt 0.984011 0.875156
vt 0.988640 0.871581
vt 0.834717 0.989985
vt 0.835649 0.989131
vt 0.835119 0.992586
vt 0.902137 0.554374
vt 0.900145 0.552844
vt 0.654507 0.227181
vt 0.181580 0.864307
vt 0.486111 0.994403
vt 0.485369 0.996315
vt 0.484460 0.994612
vt 0.909827 0.544853
vt 0.759167 0.833122
vt 0.760516 0.824729
vt 0.764349 0.828728
vt 0.873911 0.942550
vt 0.855289 0.158416
vt 0.018936 0.799916
vt 0.777683 0.836591
vt 0.803141 0.830301
vt 0.756600 0.658975
vt 0.701885 0.695021
vt 0.185125 0.786054
vt 0.256604 0.773800
vt 0.090903 0.457903
vt 0.096358 0.453713
vt 0.096933 0.458744
vt 0.125084 0.797723
vt 0.116432 0.795677
vt 0.113711 0.795699
vt 0.138205 0.335850
vt 0.132189 0.333200
vt 0.038975 0.456196
vt 0.028713 0.462919
vt 0.022506 0.462089
vt 0.120652 0.984541
vt 0.122890 0.987131
vt 0.119753 0.988679
vt 0.656084 0.705357
vt 0.870902 0.986280
vt 0.872998 0.984424
vt 0.872833 0.987025
vt 0.014782 0.463558
vt 0.018823 0.458617
vt 0.674070 0.133839
vt 0.674571 0.130959
vt 0.094273 0.328862
vt 0.960556 0.996428
vt 0.959320 0.996002
vt 0.959528 0.994027
vt 0.338213 0.879933
vt 0.338016 0.876657
vt 0.340382 0.878965
vt 0.031913 0.804725
vt 0.032860 0.801679
vt 0.035423 0.799551
vt 0.035050 0.794643
vt 0.027717 0.793797
vt 0.034439 0.791299
vt 0.031110 0.805516
vt 0.998743 0.045499
vt 0.999501 0.045106
vt 0.999931 0.045499
vt 0.994931 0.914782
vt 0.994135 0.914451
vt 0.996165 0.914572
vt 0.788249 0.278656
vt 0.998582 0.215902
vt 0.996622 0.215902
vt 0.997961 0.215372
vt 0.995042 0.004409
vt 0.996534 0.005396
vt 0.994069 0.005396
vt 0.867727 0.636302
vt 0.868165 0.633977
vt 0.397120 0.074423
vt 0.399020 0.072019
vt 0.400190 0.074667
vt 0.027631 0.796512
vt 0.022864 0.795379
vt 0.022521 0.802547
vt 0.880990 0.575362
vt 0.797502 0.197923
vt 0.799850 0.204630
vt 0.796481 0.200728
vt 0.713784 0.826038
vt 0.712798 0.823098
vt 0.718683 0.826903
vt 0.922540 0.542766
vt 0.918861 0.541847
vt 0.923185 0.536722
vt 0.179791 0.861687
vt 0.027152 0.695756
vt 0.913070 0.548801
vt 0.618390 0.095629
vt 0.857041 0.592398
vt 0.853964 0.605861
vt 0.712714 0.697834
vt 0.527003 0.774004
vt 0.260200 0.775360
vt 0.630630 0.578233
vt 0.045834 0.376129
vt 0.042585 0.375521
vt 0.047692 0.370480
vt 0.047048 0.363141
vt 0.083226 0.458837
vt 0.072776 0.994673
vt 0.072842 0.996951
vt 0.071713 0.995957
vt 0.076924 0.460283
vt 0.044947 0.358435
vt 0.047464 0.355623
vt 0.047941 0.359011
vt 0.069880 0.459115
vt 0.063436 0.455399
vt 0.059863 0.793720
vt 0.058211 0.793074
vt 0.315733 0.985623
vt 0.315969 0.984734
vt 0.317211 0.985616
vt 0.505682 0.996562
vt 0.505682 0.994882
vt 0.506956 0.995026
vt 0.056807 0.794492
vt 0.055722 0.792656
vt 0.056023 0.794263
vt 0.316300 0.983273
vt 0.316251 0.984263
vt 0.052899 0.305449
vt 0.052328 0.306171
vt 0.051838 0.305361
vt 0.052534 0.305299
vt 0.050381 0.301688
vt 0.053642 0.301252
vt 0.054757 0.793873
vt 0.120732 0.407263
vt 0.051508 0.793721
vt 0.048618 0.793978
vt 0.044304 0.792735
vt 0.996622 0.340116
vt 0.996873 0.338906
vt 0.998498 0.340116
vt 0.040975 0.792629
vt 0.038718 0.793043
vt 0.004740 0.458528
vt 0.398981 0.081697
vt 0.400350 0.079767
vt 0.994069 0.063997
vt 0.996335 0.062886
vt 0.996499 0.063997
vt 0.444044 0.190099
vt 0.444744 0.202244
vt 0.441954 0.201703
vt 0.399806 0.077265
vt 0.786917 0.280817
vt 0.374248 0.738858
vt 0.375050 0.733527
vt 0.739614 0.833482
vt 0.745222 0.832842
vt 0.739687 0.835668
vt 0.400251 0.072853
vt 0.184277 0.865486
vt 0.874545 0.575887
vt 0.867617 0.576767
vt 0.868644 0.579616
vt 0.906018 0.553280
vt 0.986725 0.692380
vt 0.986770 0.691341
vt 0.988329 0.691819
vt 0.398975 0.983843
vt 0.399709 0.987429
vt 0.396956 0.986574
vt 0.209251 0.988002
vt 0.210138 0.984079
vt 0.210593 0.988221
vt 0.800366 0.402617
vt 0.177838 0.861681
vt 0.900741 0.551162
vt 0.900397 0.556828
vt 0.843004 0.610255
vt 0.637976 0.300388
vt 0.633867 0.579883
vt 0.051950 0.460903
vt 0.092884 0.794756
vt 0.089752 0.795388
vt 0.081701 0.793148
vt 0.048033 0.336964
vt 0.047797 0.322838
vt 0.050915 0.329943
vt 0.046283 0.452332
vt 0.134121 0.335951
vt 0.080197 0.793953
vt 0.128625 0.333937
vt 0.277973 0.866116
vt 0.283691 0.869736
vt 0.277671 0.873768
vt 0.051433 0.307710
vt 0.116245 0.410512
vt 0.660748 0.705034
vt 0.052466 0.298303
vt 0.046489 0.297565
vt 0.053699 0.294091
vt 0.349921 0.736216
vt 0.353868 0.736973
vt 0.348399 0.739311
vt 0.740418 0.841202
vt 0.746864 0.841195
vt 0.743859 0.844536
vt 0.973177 0.996442
vt 0.972842 0.994013
vt 0.974792 0.994013
vt 0.464254 0.996759
vt 0.463602 0.995129
vt 0.464254 0.994013
vt 0.402528 0.079752
vt 0.738442 0.838616
vt 0.030286 0.791937
vt 0.027499 0.791585
vt 0.502976 0.751334
vt 0.506502 0.748585
vt 0.506737 0.750532
vt 0.402264 0.074681
vt 0.508459 0.748110
vt 0.508718 0.749609
vt 0.999780 0.196496
vt 0.998746 0.197196
vt 0.998743 0.196496
vt 0.401339 0.073157
vt 0.791348 0.128479
vt 0.786123 0.144192
vt 0.786755 0.129965
vt 0.024333 0.791861
vt 0.022932 0.789115
vt 0.025372 0.791296
vt 0.999781 0.181492
vt 0.998743 0.181492
vt 0.999093 0.180464
vt 0.509383 0.748615
vt 0.509643 0.749399
vt 0.799113 0.414980
vt 0.023610 0.792831
vt 0.867807 0.580892
vt 0.900331 0.556167
vt 0.917490 0.983893
vt 0.918562 0.987700
vt 0.915973 0.986268
vt 0.206452 0.739972
vt 0.203318 0.746344
vt 0.203384 0.741194
vt 0.044491 0.489090
vt 0.041031 0.491436
vt 0.042524 0.488393
vt 0.020513 0.242835
vt 0.017125 0.236466
vt 0.874444 0.445075
vt 0.874267 0.400191
vt 0.983878 0.496027
vt 0.988911 0.494887
vt 0.985638 0.497393
vt 0.015049 0.797113
vt 0.207577 0.366588
vt 0.750116 0.205468
vt 0.041792 0.342946
vt 0.048571 0.340703
vt 0.109194 0.794454
vt 0.104810 0.786413
vt 0.088027 0.784653
vt 0.282734 0.873801
vt 0.098639 0.572108
vt 0.102408 0.577113
vt 0.094331 0.579906
vt 0.105846 0.337430
vt 0.126613 0.337545
vt 0.059384 0.784540
vt 0.049478 0.784491
vt 0.016722 0.455486
vt 0.787447 0.988187
vt 0.789093 0.984922
vt 0.789598 0.987754
vt 0.988911 0.331574
vt 0.986964 0.331742
vt 0.984386 0.331031
vt 0.983967 0.332147
vt 0.048887 0.299178
vt 0.837084 0.259405
vt 0.834166 0.256710
vt 0.838711 0.255439
vt 0.089764 0.340486
vt 0.521851 0.377461
vt 0.523817 0.369926
vt 0.525126 0.374416
vt 0.331202 0.749534
vt 0.332566 0.733912
vt 0.333971 0.747642
vt 0.512610 0.744795
vt 0.511844 0.736485
vt 0.517472 0.744031
vt 0.440123 0.196553
vt 0.986454 0.396216
vt 0.988193 0.398513
vt 0.984289 0.397180
vt 0.786830 0.294686
vt 0.375800 0.742124
vt 0.116443 0.994013
vt 0.117422 0.994785
vt 0.117001 0.996171
vt 0.791747 0.140045
vt 0.789684 0.139294
vt 0.790309 0.132952
vt 0.869634 0.580797
vt 0.718846 0.818344
vt 0.886769 0.572907
vt 0.886233 0.567009
vt 0.209420 0.743812
vt 0.909856 0.556545
vt 0.876760 0.909333
vt 0.883209 0.897668
vt 0.876720 0.951978
vt 0.488530 0.142069
vt 0.131843 0.785220
vt 0.005566 0.745768
vt 0.002447 0.746938
vt 0.005871 0.728677
vt 0.114526 0.786818
vt 0.002286 0.715247
vt 0.006436 0.716413
vt 0.061699 0.451694
vt 0.993553 0.397808
vt 0.992796 0.399518
vt 0.991578 0.398129
vt 0.590658 0.596929
vt 0.591379 0.591563
vt 0.593223 0.596128
vt 0.986205 0.457201
vt 0.989069 0.459214
vt 0.984434 0.460091
vt 0.103263 0.573177
vt 0.050058 0.316578
vt 0.044950 0.318515
vt 0.118456 0.340338
vt 0.114124 0.341704
vt 0.109916 0.345916
vt 0.987357 0.326962
vt 0.743770 0.983731
vt 0.745332 0.988119
vt 0.743043 0.988114
vt 0.052202 0.288597
vt 0.005727 0.452816
vt 0.738762 0.844073
vt 0.743481 0.845608
vt 0.986442 0.113546
vt 0.986304 0.116300
vt 0.984287 0.116128
vt 0.503633 0.742751
vt 0.793482 0.629226
vt 0.800786 0.630003
vt 0.794648 0.634570
vt 0.181470 0.996308
vt 0.182465 0.994013
vt 0.182465 0.996887
vt 0.462689 0.378433
vt 0.458288 0.381063
vt 0.459753 0.373007
vt 0.880364 0.579535
vt 0.888812 0.570295
vt 0.888988 0.572086
vt 0.997936 0.015743
vt 0.996609 0.014798
vt 0.998637 0.014475
vt 0.194102 0.869546
vt 0.189297 0.867270
vt 0.193710 0.862400
vt 0.347627 0.595407
vt 0.341018 0.587752
vt 0.349632 0.593725
vt 0.928636 0.540423
vt 0.931542 0.537832
vt 0.913137 0.992721
vt 0.912733 0.990688
vt 0.914847 0.992950
vt 0.287870 0.247281
vt 0.057248 0.377621
vt 0.645106 0.320970
vt 0.447795 0.748052
vt 0.446146 0.751696
vt 0.155766 0.786909
vt 0.122236 0.784650
vt 0.448502 0.989453
vt 0.449096 0.993123
vt 0.446482 0.991498
vt 0.042683 0.328739
vt 0.035886 0.997503
vt 0.037402 0.997093
vt 0.037402 0.998693
vt 0.472412 0.590512
vt 0.471346 0.581384
vt 0.475444 0.589945
vt 0.475695 0.580155
vt 0.354053 0.749694
vt 0.034309 0.782352
vt 0.837556 0.383978
vt 0.835238 0.392880
vt 0.833725 0.379090
vt 0.568469 0.735263
vt 0.572821 0.736324
vt 0.568994 0.741284
vt 0.498786 0.746134
vt 0.500276 0.746802
vt 0.501882 0.750249
vt 0.620366 0.535986
vt 0.620751 0.540484
vt 0.618113 0.541307
vt 0.502225 0.743538
vt 0.847178 0.756882
vt 0.848017 0.751557
vt 0.848425 0.756988
vt 0.803498 0.629860
vt 0.802680 0.632718
vt 0.983273 0.114429
vt 0.796809 0.399859
vt 0.792856 0.209173
vt 0.792312 0.205164
vt 0.463059 0.374675
vt 0.889961 0.565332
vt 0.798833 0.400851
vt 0.798647 0.399376
vt 0.014802 0.477558
vt 0.014069 0.478743
vt 0.013008 0.477837
vt 0.011693 0.476062
vt 0.898066 0.562687
vt 0.898161 0.560757
vt 0.897709 0.564051
vt 0.914078 0.574039
vt 0.922250 0.574817
vt 0.562789 0.097996
vt 0.291404 0.036790
vt 0.850525 0.405554
vt 0.012898 0.221498
vt 0.009184 0.230472
vt 0.009315 0.238488
vt 0.591127 0.092764
vt 0.591588 0.077055
vt 0.771002 0.834915
vt 0.331401 0.128462
vt 0.354412 0.144086
vt 0.719755 0.698136
vt 0.822073 0.172367
vt 0.823865 0.173206
vt 0.819387 0.175544
vt 0.136322 0.340127
vt 0.078607 0.783065
vt 0.116712 0.267767
vt 0.110389 0.273736
vt 0.112697 0.267521
vt 0.131289 0.336302
vt 0.131637 0.343682
vt 0.130628 0.340740
vt 0.071154 0.785121
vt 0.065033 0.785218
vt 0.105854 0.342630
vt 0.826906 0.252219
vt 0.669441 0.136575
vt 0.675777 0.142933
vt 0.042478 0.285988
vt 0.002497 0.452206
vt 0.995059 0.252576
vt 0.994069 0.251522
vt 0.996415 0.251522
vt 0.577828 0.736702
vt 0.578727 0.742316
vt 0.573517 0.743714
vt 0.803488 0.632577
vt 0.806226 0.630992
vt 0.801526 0.632941
vt 0.465462 0.374339
vt 0.434873 0.877594
vt 0.440541 0.877989
vt 0.434189 0.882826
vt 0.037620 0.989442
vt 0.037758 0.991413
vt 0.036167 0.992599
vt 0.015040 0.478449
vt 0.014482 0.479950
vt 0.014552 0.482001
vt 0.783227 0.494942
vt 0.791103 0.490210
vt 0.788291 0.495847
vt 0.188195 0.863287
vt 0.190400 0.861001
vt 0.634869 0.127849
vt 0.634944 0.130653
vt 0.631771 0.127507
vt 0.898062 0.565293
vt 0.896407 0.564237
vt 0.798333 0.398565
vt 0.799481 0.397981
vt 0.900675 0.571052
vt 0.911040 0.574026
vt 0.925972 0.547595
vt 0.211767 0.749435
vt 0.208157 0.749244
vt 0.906829 0.570297
vt 0.901786 0.563093
vt 0.905541 0.561333
vt 0.869805 0.196356
vt 0.641273 0.318869
vt 0.134895 0.784921
vt 0.823109 0.177223
vt 0.821990 0.217934
vt 0.823524 0.220235
vt 0.818587 0.219107
vt 0.993843 0.169743
vt 0.990592 0.169600
vt 0.991848 0.169525
vt 0.824776 0.997093
vt 0.824834 0.997562
vt 0.824776 0.998436
vt 0.679225 0.997629
vt 0.679130 0.998521
vt 0.679130 0.997093
vt 0.127786 0.341632
vt 0.122000 0.342466
vt 0.999892 0.112805
vt 0.998743 0.112805
vt 0.999230 0.112683
vt 0.379651 0.996131
vt 0.379627 0.994013
vt 0.379814 0.994467
vt 0.380601 0.996055
vt 0.380451 0.995279
vt 0.765282 0.192966
vt 0.830900 0.267625
vt 0.826815 0.258419
vt 0.998743 0.311576
vt 0.999253 0.311455
vt 0.999662 0.311576
vt 0.562628 0.989885
vt 0.563915 0.993204
vt 0.563574 0.992756
vt 0.561095 0.991347
vt 0.670328 0.142709
vt 0.667324 0.145177
vt 0.351161 0.751021
vt 0.044032 0.782256
vt 0.309876 0.239751
vt 0.307166 0.247752
vt 0.308191 0.233796
vt 0.801500 0.634350
vt 0.803436 0.636013
vt 0.782259 0.288569
vt 0.252861 0.576433
vt 0.253064 0.591611
vt 0.248213 0.576824
vt 0.036460 0.993850
vt 0.873927 0.632354
vt 0.873811 0.635336
vt 0.871652 0.633324
vt 0.874703 0.633560
vt 0.023307 0.783996
vt 0.506567 0.742438
vt 0.787881 0.141605
vt 0.798400 0.211507
vt 0.951097 0.995796
vt 0.951894 0.994362
vt 0.952257 0.995758
vt 0.369999 0.988523
vt 0.368556 0.987160
vt 0.369806 0.985182
vt 0.796791 0.398139
vt 0.911908 0.996502
vt 0.912942 0.994129
vt 0.913270 0.996502
vt 0.798876 0.392029
vt 0.804280 0.402855
vt 0.716778 0.810970
vt 0.192814 0.860258
vt 0.970307 0.989659
vt 0.972203 0.991352
vt 0.970324 0.992293
vt 0.346938 0.584566
vt 0.993513 0.472021
vt 0.990146 0.472021
vt 0.992692 0.470536
vt 0.017269 0.725114
vt 0.130087 0.405087
vt 0.127845 0.409924
vt 0.126664 0.405081
vt 0.352421 0.989131
vt 0.349345 0.992261
vt 0.349249 0.989957
vt 0.994069 0.316856
vt 0.996336 0.316856
vt 0.995944 0.318562
vt 0.498083 0.135853
vt 0.388070 0.756835
vt 0.286443 0.359401
vt 0.160326 0.782955
vt 0.143494 0.785002
vt 0.150959 0.784822
vt 0.138206 0.784045
vt 0.439480 0.144473
vt 0.441474 0.133958
vt 0.443421 0.140453
vt 0.110779 0.503882
vt 0.108435 0.502990
vt 0.112140 0.489857
vt 0.107593 0.486916
vt 0.423044 0.991251
vt 0.423177 0.993013
vt 0.423240 0.993455
vt 0.111596 0.482476
vt 0.999426 0.156432
vt 0.998743 0.156407
vt 0.999851 0.156407
vt 0.937422 0.989131
vt 0.937360 0.992208
vt 0.936080 0.991745
vt 0.107035 0.459081
vt 0.068912 0.783689
vt 0.553304 0.990895
vt 0.553467 0.992336
vt 0.552697 0.993307
vt 0.994555 0.342203
vt 0.994069 0.342026
vt 0.995163 0.341961
vt 0.118083 0.342928
vt 0.440193 0.096635
vt 0.442255 0.098992
vt 0.440482 0.105198
vt 0.111612 0.455423
vt 0.092409 0.992104
vt 0.092884 0.989687
vt 0.093360 0.993833
vt 0.999168 0.384558
vt 0.998743 0.384546
vt 0.999489 0.384546
vt 0.350680 0.988262
vt 0.354103 0.987661
vt 0.354570 0.988532
vt 0.353421 0.985137
vt 0.353000 0.983714
vt 0.562976 0.992967
vt 0.108109 0.450207
vt 0.112409 0.450260
vt 0.305209 0.233006
vt 0.088587 0.348111
vt 0.429003 0.366562
vt 0.433695 0.368809
vt 0.428273 0.372722
vt 0.995957 0.259044
vt 0.994155 0.258504
vt 0.996375 0.257557
vt 0.799490 0.635314
vt 0.794644 0.169723
vt 0.796842 0.176225
vt 0.794688 0.175893
vt 0.789974 0.211193
vt 0.791365 0.209009
vt 0.801002 0.637683
vt 0.011272 0.489804
vt 0.897913 0.574101
vt 0.893915 0.573574
vt 0.634231 0.134066
vt 0.628943 0.132349
vt 0.636076 0.132546
vt 0.726725 0.996619
vt 0.726725 0.994013
vt 0.727675 0.995572
vt 0.878008 0.642296
vt 0.879908 0.639484
vt 0.879854 0.642397
vt 0.878046 0.636620
vt 0.802908 0.389742
vt 0.993422 0.487293
vt 0.990337 0.487689
vt 0.992932 0.486394
vt 0.130737 0.410457
vt 0.919447 0.556847
vt 0.931976 0.542480
vt 0.160604 0.996898
vt 0.160066 0.995063
vt 0.161128 0.994468
vt 0.622900 0.696689
vt 0.622797 0.694251
vt 0.624424 0.693038
vt 0.622036 0.695016
vt 0.494128 0.136371
vt 0.270475 0.773274
vt 0.127353 0.784229
vt 0.440689 0.161142
vt 0.441443 0.149415
vt 0.442184 0.157592
vt 0.443208 0.150984
vt 0.139278 0.341239
vt 0.443318 0.136337
vt 0.439638 0.128106
vt 0.441007 0.129804
vt 0.284397 0.578161
vt 0.285620 0.581609
vt 0.282928 0.583205
vt 0.134548 0.342490
vt 0.441427 0.110237
vt 0.443578 0.110936
vt 0.441021 0.115058
vt 0.443620 0.106717
vt 0.360406 0.375382
vt 0.360140 0.382340
vt 0.357898 0.376961
vt 0.354432 0.988130
vt 0.353966 0.986795
vt 0.999198 0.339700
vt 0.998743 0.339631
vt 0.999612 0.339631
vt 0.562124 0.993042
vt 0.560057 0.993204
vt 0.107876 0.343940
vt 0.520962 0.381699
vt 0.440925 0.082649
vt 0.440391 0.074468
vt 0.446760 0.081203
vt 0.444064 0.077690
vt 0.874413 0.639826
vt 0.797362 0.170390
vt 0.792117 0.213889
vt 0.809139 0.638590
vt 0.997000 0.738415
vt 0.998361 0.739684
vt 0.996622 0.739671
vt 0.799122 0.281506
vt 0.796266 0.278513
vt 0.800080 0.271429
vt 0.883647 0.581499
vt 0.789564 0.480823
vt 0.042374 0.478902
vt 0.045756 0.478498
vt 0.713476 0.812191
vt 0.550552 0.997093
vt 0.550552 0.998556
vt 0.550012 0.997375
vt 0.995455 0.203361
vt 0.994069 0.202978
vt 0.995124 0.202978
vt 0.855067 0.261187
vt 0.857416 0.262751
vt 0.854761 0.270365
vt 0.191591 0.996910
vt 0.191586 0.995792
vt 0.191863 0.995606
vt 0.932981 0.543291
vt 0.561175 0.082759
vt 0.017560 0.804765
vt 0.352797 0.143398
vt 0.352582 0.142311
vt 0.999925 0.072735
vt 0.999319 0.072832
vt 0.998743 0.072735
vt 0.446582 0.757104
vt 0.764745 0.594895
vt 0.834087 0.148367
vt 0.834118 0.144733
vt 0.836623 0.146884
vt 0.830334 0.148545
vt 0.828896 0.144296
vt 0.831856 0.144813
vt 0.440914 0.183410
vt 0.442342 0.179021
vt 0.445430 0.181751
vt 0.989300 0.569365
vt 0.985514 0.567733
vt 0.989159 0.567823
vt 0.443357 0.160471
vt 0.300295 0.876559
vt 0.304532 0.877826
vt 0.300847 0.879782
vt 0.135740 0.356605
vt 0.269396 0.993030
vt 0.269938 0.989471
vt 0.272331 0.989640
vt 0.050681 0.360469
vt 0.050304 0.366200
vt 0.049432 0.363460
vt 0.819969 0.225398
vt 0.819355 0.221509
vt 0.112448 0.283810
vt 0.446988 0.118497
vt 0.442335 0.120398
vt 0.041433 0.282484
vt 0.045433 0.284951
vt 0.668682 0.990650
vt 0.668322 0.991326
vt 0.668596 0.989131
vt 0.806098 0.639966
vt 0.804151 0.638091
vt 0.808945 0.638127
vt 0.291571 0.146872
vt 0.289699 0.150916
vt 0.288274 0.146696
vt 0.897383 0.573641
vt 0.798484 0.642484
vt 0.874396 0.638227
vt 0.870051 0.639954
vt 0.015459 0.812251
vt 0.010592 0.810031
vt 0.014545 0.808226
vt 0.504323 0.739101
vt 0.799814 0.993059
vt 0.797386 0.990587
vt 0.799490 0.991460
vt 0.790495 0.145383
vt 0.798246 0.214578
vt 0.666665 0.697343
vt 0.670885 0.702720
vt 0.666333 0.701641
vt 0.671231 0.698432
vt 0.671037 0.704620
vt 0.641772 0.131729
vt 0.641484 0.135375
vt 0.637878 0.135989
vt 0.481938 0.730945
vt 0.482035 0.738021
vt 0.478424 0.731750
vt 0.984971 0.623983
vt 0.987259 0.622443
vt 0.988504 0.625582
vt 0.398694 0.415129
vt 0.392902 0.416573
vt 0.399330 0.409418
vt 0.528576 0.730972
vt 0.528951 0.732721
vt 0.526773 0.735027
vt 0.793336 0.482199
vt 0.857389 0.271776
vt 0.191586 0.994013
vt 0.192070 0.994520
vt 0.189073 0.989131
vt 0.188289 0.992045
vt 0.188226 0.990499
vt 0.915337 0.565795
vt 0.909529 0.560050
vt 0.350404 0.145337
vt 0.341073 0.136389
vt 0.341789 0.131222
vt 0.504378 0.133557
vt 0.987280 0.424703
vt 0.984993 0.425063
vt 0.987846 0.423648
vt 0.087880 0.609433
vt 0.083738 0.609520
vt 0.088084 0.606229
vt 0.450074 0.156264
vt 0.272754 0.993146
vt 0.134128 0.352783
vt 0.509806 0.994975
vt 0.510667 0.995281
vt 0.510662 0.996728
vt 0.082676 0.783367
vt 0.082886 0.780287
vt 0.079431 0.780056
vt 0.437018 0.738500
vt 0.430430 0.748431
vt 0.431937 0.732877
vt 0.116868 0.281917
vt 0.441565 0.123612
vt 0.447692 0.124278
vt 0.984939 0.056150
vt 0.984321 0.051250
vt 0.989261 0.053792
vt 0.415182 0.989789
vt 0.416858 0.992440
vt 0.414471 0.992656
vt 0.818644 0.210928
vt 0.820137 0.207386
vt 0.823713 0.213695
vt 0.028069 0.861225
vt 0.025304 0.866900
vt 0.025812 0.861336
vt 0.418740 0.983612
vt 0.420725 0.985238
vt 0.419881 0.987427
vt 0.997633 0.385728
vt 0.996622 0.385130
vt 0.998511 0.385130
vt 0.052718 0.985464
vt 0.055390 0.986472
vt 0.052288 0.988144
vt 0.043880 0.778475
vt 0.034950 0.778711
vt 0.986791 0.276415
vt 0.986881 0.279232
vt 0.984337 0.276677
vt 0.983408 0.279561
vt 0.568627 0.748586
vt 0.300416 0.997914
vt 0.300902 0.997770
vt 0.300847 0.998654
vt 0.333362 0.750492
vt 0.334022 0.749758
vt 0.334047 0.750210
vt 0.018831 0.812837
vt 0.019829 0.810075
vt 0.804442 0.638961
vt 0.804267 0.639322
vt 0.442223 0.203940
vt 0.441581 0.203171
vt 0.996216 0.746239
vt 0.995712 0.747033
vt 0.994069 0.746239
vt 0.891138 0.574756
vt 0.874608 0.639138
vt 0.650998 0.239809
vt 0.647990 0.243069
vt 0.648966 0.237629
vt 0.011953 0.807129
vt 0.799814 0.989131
vt 0.162815 0.996869
vt 0.161177 0.995392
vt 0.162801 0.994764
vt 0.501815 0.736475
vt 0.507265 0.736369
vt 0.671820 0.702730
vt 0.672044 0.701532
vt 0.892868 0.575629
vt 0.895394 0.580604
vt 0.813012 0.719552
vt 0.813188 0.730069
vt 0.811144 0.723134
vt 0.399390 0.419556
vt 0.395272 0.421189
vt 0.053975 0.994013
vt 0.054138 0.995784
vt 0.053204 0.996039
vt 0.931263 0.549817
vt 0.785398 0.209787
vt 0.783459 0.212810
vt 0.627608 0.138080
vt 0.605725 0.415531
vt 0.608721 0.416368
vt 0.606197 0.417470
vt 0.607675 0.420668
vt 0.606501 0.418621
vt 0.341678 0.582534
vt 0.479399 0.735823
vt 0.477617 0.733503
vt 0.931241 0.544203
vt 0.933051 0.541958
vt 0.937958 0.549553
vt 0.990355 0.673959
vt 0.990201 0.671485
vt 0.992556 0.673915
vt 0.892377 0.577438
vt 0.893290 0.582643
vt 0.805620 0.389281
vt 0.806182 0.395194
vt 0.213492 0.741329
vt 0.216538 0.742386
vt 0.213845 0.744136
vt 0.186408 0.991504
vt 0.772880 0.828480
vt 0.784525 0.994217
vt 0.784257 0.995483
vt 0.782999 0.994013
vt 0.535107 0.097035
vt 0.727413 0.698908
vt 0.772901 0.394275
vt 0.158606 0.779503
vt 0.283076 0.997093
vt 0.282878 0.998615
vt 0.281632 0.997093
vt 0.384562 0.174360
vt 0.386613 0.176361
vt 0.384082 0.181988
vt 0.935629 0.998370
vt 0.935538 0.997705
vt 0.935629 0.997093
vt 0.988373 0.177845
vt 0.987685 0.178121
vt 0.986412 0.177655
vt 0.986468 0.178093
vt 0.142083 0.781602
vt 0.989191 0.223283
vt 0.985376 0.226134
vt 0.986716 0.222489
vt 0.988119 0.311878
vt 0.986806 0.316557
vt 0.984264 0.315113
vt 0.273326 0.885284
vt 0.271912 0.880969
vt 0.273112 0.880528
vt 0.447000 0.134215
vt 0.446000 0.131369
vt 0.990146 0.298322
vt 0.992924 0.298261
vt 0.990989 0.298477
vt 0.445036 0.131148
vt 0.999659 0.312551
vt 0.999114 0.312674
vt 0.998743 0.312551
vt 0.446217 0.130877
vt 0.822895 0.227426
vt 0.822480 0.227886
vt 0.368838 0.410223
vt 0.369426 0.408500
vt 0.369973 0.415491
vt 0.384762 0.877538
vt 0.383193 0.872019
vt 0.385405 0.871406
vt 0.031312 0.864392
vt 0.498719 0.879427
vt 0.496512 0.884047
vt 0.495458 0.880908
vt 0.824278 0.266717
vt 0.056163 0.988840
vt 0.058853 0.401649
vt 0.061001 0.410378
vt 0.053863 0.408043
vt 0.825521 0.262260
vt 0.993512 0.375198
vt 0.991516 0.377271
vt 0.990660 0.374771
vt 0.391114 0.881163
vt 0.391087 0.879995
vt 0.395288 0.877119
vt 0.404922 0.581025
vt 0.400633 0.582921
vt 0.401631 0.579499
vt 0.988792 0.975465
vt 0.984289 0.976151
vt 0.984976 0.973392
vt 0.567289 0.744900
vt 0.804882 0.639753
vt 0.986885 0.502382
vt 0.987262 0.505913
vt 0.985582 0.505742
vt 0.280906 0.996307
vt 0.280213 0.995946
vt 0.280906 0.995306
vt 0.874083 0.641602
vt 0.624089 0.575526
vt 0.626075 0.573833
vt 0.626054 0.570306
vt 0.446632 0.075749
vt 0.646207 0.240322
vt 0.643499 0.240071
vt 0.643937 0.239064
vt 0.806134 0.640265
vt 0.398722 0.420789
vt 0.400939 0.421706
vt 0.161599 0.994013
vt 0.991883 0.565948
vt 0.993441 0.567424
vt 0.990615 0.567403
vt 0.011864 0.805322
vt 0.011287 0.806404
vt 0.929887 0.550919
vt 0.928931 0.549801
vt 0.786640 0.216606
vt 0.076153 0.353561
vt 0.079990 0.350541
vt 0.081400 0.349829
vt 0.997569 0.605446
vt 0.998418 0.606109
vt 0.996622 0.606109
vt 0.103473 0.402002
vt 0.105109 0.403080
vt 0.102637 0.408360
vt 0.629140 0.710713
vt 0.628517 0.695528
vt 0.638626 0.323904
vt 0.382606 0.177717
vt 0.388120 0.180415
vt 0.985044 0.177300
vt 0.984043 0.420524
vt 0.989376 0.421197
vt 0.389310 0.985444
vt 0.385087 0.987962
vt 0.386267 0.984010
vt 0.008250 0.887544
vt 0.009484 0.881482
vt 0.012890 0.885963
vt 0.862083 0.509685
vt 0.864182 0.512522
vt 0.859620 0.511247
vt 0.996055 0.922839
vt 0.994069 0.924113
vt 0.994069 0.922848
vt 0.014930 0.633324
vt 0.016997 0.636982
vt 0.013250 0.639107
vt 0.987571 0.009941
vt 0.989035 0.012675
vt 0.983894 0.012973
vt 0.983657 0.565472
vt 0.989104 0.566263
vt 0.986990 0.563566
vt 0.988554 0.228107
vt 0.796756 0.987033
vt 0.797001 0.983320
vt 0.799321 0.986133
vt 0.018218 0.887680
vt 0.018612 0.883579
vt 0.023165 0.884547
vt 0.666918 0.992085
vt 0.665804 0.990146
vt 0.666832 0.989131
vt 0.091853 0.464390
vt 0.087216 0.466319
vt 0.086945 0.460674
vt 0.448037 0.152979
vt 0.984018 0.890537
vt 0.986730 0.889545
vt 0.987857 0.891057
vt 0.301731 0.883395
vt 0.989494 0.316408
vt 0.182315 0.885301
vt 0.182478 0.880011
vt 0.185706 0.883375
vt 0.447693 0.141118
vt 0.448620 0.144884
vt 0.994069 0.284426
vt 0.996400 0.284426
vt 0.995894 0.285505
vt 0.820659 0.183485
vt 0.820230 0.183039
vt 0.820554 0.184015
vt 0.425506 0.237980
vt 0.421350 0.240559
vt 0.422235 0.235485
vt 0.449801 0.129441
vt 0.988475 0.355839
vt 0.984356 0.355527
vt 0.986638 0.352233
vt 0.987527 0.913217
vt 0.987487 0.915973
vt 0.983818 0.914919
vt 0.206922 0.406957
vt 0.209606 0.404482
vt 0.209620 0.408956
vt 0.998745 0.426239
vt 0.999102 0.426515
vt 0.998743 0.426515
vt 0.388778 0.874873
vt 0.989477 0.050712
vt 0.824939 0.209006
vt 0.474986 0.877594
vt 0.479025 0.882587
vt 0.473973 0.882124
vt 0.330375 0.874744
vt 0.328609 0.878000
vt 0.327634 0.875049
vt 0.391456 0.874675
vt 0.255385 0.998087
vt 0.256576 0.997093
vt 0.256576 0.998636
vt 0.823606 0.252062
vt 0.115773 0.090974
vt 0.117335 0.096815
vt 0.115674 0.097162
vt 0.624524 0.578506
vt 0.621775 0.575448
vt 0.628177 0.569018
vt 0.630556 0.575691
vt 0.632318 0.572074
vt 0.874649 0.640060
vt 0.079576 0.364252
vt 0.084918 0.349025
vt 0.624636 0.576763
vt 0.627883 0.575124
vt 0.645927 0.241642
vt 0.805921 0.641301
vt 0.806635 0.641073
vt 0.808448 0.639663
vt 0.653647 0.246082
vt 0.014704 0.803594
vt 0.399449 0.422833
vt 0.796064 0.218445
vt 0.787328 0.221128
vt 0.008020 0.806434
vt 0.785978 0.479528
vt 0.810966 0.729479
vt 0.930580 0.553791
vt 0.631602 0.141916
vt 0.011137 0.802089
vt 0.941139 0.541939
vt 0.874527 0.589881
vt 0.877519 0.588281
vt 0.880881 0.597725
vt 0.532367 0.735253
vt 0.530745 0.739393
vt 0.881003 0.004182
vt 0.876583 0.000389
vt 0.879221 0.000518
vt 0.876610 0.006411
vt 0.214174 0.750492
vt 0.216471 0.749418
vt 0.889311 0.592035
vt 0.897285 0.570954
vt 0.903082 0.574453
vt 0.898343 0.576382
vt 0.043073 0.404541
vt 0.049161 0.411367
vt 0.043836 0.412212
vt 0.930317 0.959796
vt 0.961916 0.946946
vt 0.833791 0.418885
vt 0.825938 0.423917
vt 0.834410 0.411928
vt 0.638129 0.762566
vt 0.772936 0.844242
vt 0.769180 0.843060
vt 0.007807 0.198534
vt 0.522569 0.111148
vt 0.489430 0.357065
vt 0.260540 0.876898
vt 0.265043 0.874293
vt 0.264329 0.876003
vt 0.996018 0.458315
vt 0.995745 0.459938
vt 0.994069 0.458315
vt 0.984416 0.017521
vt 0.988820 0.014226
vt 0.989436 0.015157
vt 0.987790 0.013488
vt 0.710250 0.987854
vt 0.709999 0.984359
vt 0.713703 0.985076
vt 0.713814 0.988162
vt 0.010850 0.881103
vt 0.861829 0.518285
vt 0.441563 0.176682
vt 0.448942 0.176487
vt 0.085348 0.988234
vt 0.082819 0.987773
vt 0.085601 0.985173
vt 0.448779 0.165976
vt 0.449838 0.171925
vt 0.443360 0.169116
vt 0.020460 0.881303
vt 0.087959 0.612941
vt 0.088168 0.466226
vt 0.304213 0.883571
vt 0.019416 0.992975
vt 0.019097 0.989156
vt 0.021412 0.989892
vt 0.276775 0.883293
vt 0.821822 0.185682
vt 0.821194 0.185016
vt 0.822607 0.228413
vt 0.821498 0.229594
vt 0.989406 0.261166
vt 0.985904 0.261821
vt 0.988725 0.257557
vt 0.434718 0.749301
vt 0.984736 0.258129
vt 0.984928 0.697827
vt 0.984090 0.693944
vt 0.988649 0.697687
vt 0.984590 0.697606
vt 0.984193 0.317695
vt 0.988015 0.318711
vt 0.987757 0.319944
vt 0.100284 0.512398
vt 0.102229 0.507968
vt 0.100700 0.512531
vt 0.129138 0.356656
vt 0.326844 0.988221
vt 0.323747 0.988543
vt 0.325429 0.984524
vt 0.322230 0.983528
vt 0.550491 0.993287
vt 0.550412 0.990910
vt 0.552648 0.992342
vt 0.996210 0.609470
vt 0.994069 0.611273
vt 0.994069 0.609165
vt 0.424202 0.203936
vt 0.426567 0.195045
vt 0.427922 0.201777
vt 0.250767 0.033610
vt 0.254080 0.024766
vt 0.254518 0.034259
vt 0.251024 0.026878
vt 0.424373 0.183958
vt 0.425756 0.176335
vt 0.428297 0.180259
vt 0.102513 0.994013
vt 0.103203 0.996442
vt 0.102513 0.996954
vt 0.757402 0.985706
vt 0.756761 0.986222
vt 0.755940 0.983273
vt 0.092454 0.472346
vt 0.097397 0.469084
vt 0.096088 0.476877
vt 0.899351 0.585060
vt 0.781905 0.300528
vt 0.787408 0.219781
vt 0.806791 0.645269
vt 0.805109 0.644855
vt 0.991010 0.325550
vt 0.992468 0.325447
vt 0.991177 0.326827
vt 0.783518 0.477147
vt 0.785929 0.477611
vt 0.024214 0.259400
vt 0.023601 0.261175
vt 0.022672 0.260211
vt 0.023010 0.270006
vt 0.022903 0.255270
vt 0.810122 0.730516
vt 0.625549 0.142980
vt 0.076234 0.360303
vt 0.045482 0.476982
vt 0.045157 0.474428
vt 0.799766 0.389427
vt 0.771861 0.130084
vt 0.001667 0.818274
vt 0.001385 0.800837
vt 0.397959 0.578298
vt 0.392577 0.583231
vt 0.394172 0.578125
vt 0.393042 0.577046
vt 0.522831 0.745760
vt 0.521364 0.735329
vt 0.928901 0.551302
vt 0.934066 0.557176
vt 0.925687 0.552669
vt 0.934564 0.546870
vt 0.972093 0.941613
vt 0.498253 0.127643
vt 0.500853 0.131335
vt 0.879753 0.025467
vt 0.877870 0.020973
vt 0.879357 0.020343
vt 0.512067 0.127431
vt 0.986393 0.716363
vt 0.983992 0.714148
vt 0.987645 0.714125
vt 0.624806 0.757109
vt 0.368213 0.724415
vt 0.198293 0.771498
vt 0.173125 0.769580
vt 0.269210 0.874903
vt 0.271681 0.867289
vt 0.273062 0.873397
vt 0.267404 0.872580
vt 0.196097 0.873440
vt 0.198516 0.874377
vt 0.196815 0.880449
vt 0.155794 0.780311
vt 0.149682 0.779336
vt 0.192982 0.875366
vt 0.153002 0.779983
vt 0.258866 0.872529
vt 0.983845 0.303783
vt 0.984767 0.300514
vt 0.987504 0.303210
vt 0.522765 0.996731
vt 0.522065 0.995151
vt 0.522765 0.994013
vt 0.190947 0.998651
vt 0.192196 0.997093
vt 0.192272 0.998651
vt 0.829560 0.137375
vt 0.828853 0.135799
vt 0.831371 0.140045
vt 0.145744 0.780463
vt 0.141740 0.778832
vt 0.994180 0.970732
vt 0.996106 0.971849
vt 0.994069 0.971849
vt 0.358165 0.994013
vt 0.358545 0.995427
vt 0.358165 0.996752
vt 0.359678 0.994094
vt 0.019587 0.997093
vt 0.020102 0.998702
vt 0.018663 0.998702
vt 0.135878 0.780600
vt 0.132060 0.779514
vt 0.067175 0.820288
vt 0.063510 0.823010
vt 0.063698 0.814416
vt 0.452996 0.176300
vt 0.634321 0.472565
vt 0.633523 0.455459
vt 0.634553 0.456364
vt 0.112948 0.779226
vt 0.114014 0.777930
vt 0.113816 0.779539
vt 0.993187 0.823045
vt 0.990374 0.820780
vt 0.992736 0.820973
vt 0.111648 0.778453
vt 0.109284 0.777749
vt 0.446765 0.148991
vt 0.448287 0.140078
vt 0.449530 0.138171
vt 0.451991 0.138648
vt 0.445995 0.136366
vt 0.818431 0.231220
vt 0.450595 0.121407
vt 0.994926 0.480358
vt 0.994536 0.478839
vt 0.995352 0.479182
vt 0.211822 0.403352
vt 0.211888 0.405626
vt 0.213058 0.408669
vt 0.103944 0.510988
vt 0.386323 0.878448
vt 0.426458 0.206797
vt 0.427339 0.212345
vt 0.423950 0.214180
vt 0.870261 0.031417
vt 0.869678 0.039426
vt 0.864690 0.037680
vt 0.048965 0.573924
vt 0.051019 0.572897
vt 0.050561 0.575780
vt 0.053967 0.579639
vt 0.051038 0.580178
vt 0.994069 0.212186
vt 0.994069 0.210325
vt 0.996200 0.211777
vt 0.371201 0.994358
vt 0.372300 0.994633
vt 0.371462 0.996160
vt 0.252603 0.604776
vt 0.650503 0.248838
vt 0.791842 0.157415
vt 0.785708 0.476778
vt 0.023876 0.262260
vt 0.798026 0.387339
vt 0.974678 0.998308
vt 0.973794 0.997894
vt 0.974678 0.997093
vt 0.809934 0.731620
vt 0.945205 0.547670
vt 0.486639 0.739480
vt 0.486054 0.737575
vt 0.419013 0.737188
vt 0.422953 0.734760
vt 0.422991 0.742513
vt 0.397877 0.583394
vt 0.536930 0.739529
vt 0.903810 0.997093
vt 0.904504 0.997827
vt 0.903810 0.998358
vt 0.527532 0.746681
vt 0.412341 0.877774
vt 0.408308 0.874363
vt 0.412453 0.874470
vt 0.408397 0.879500
vt 0.929045 0.560096
vt 0.925324 0.561715
vt 0.930627 0.558991
vt 0.938119 0.554851
vt 0.792281 0.989131
vt 0.793313 0.991156
vt 0.792254 0.992555
vt 0.943159 0.553919
vt 0.940079 0.553019
vt 0.298284 0.247826
vt 0.282801 0.250491
vt 0.620034 0.712811
vt 0.735726 0.701517
vt 0.401312 0.702269
vt 0.260848 0.867757
vt 0.832628 0.133641
vt 0.359948 0.994922
vt 0.448567 0.188250
vt 0.448972 0.185142
vt 0.453089 0.181259
vt 0.061553 0.818296
vt 0.160442 0.370033
vt 0.628527 0.444362
vt 0.447155 0.161679
vt 0.452817 0.159443
vt 0.076272 0.775471
vt 0.088672 0.776937
vt 0.080990 0.776901
vt 0.211248 0.402525
vt 0.212048 0.401542
vt 0.213119 0.402621
vt 0.074273 0.777699
vt 0.073355 0.776714
vt 0.385473 0.878934
vt 0.386610 0.879669
vt 0.060624 0.776139
vt 0.055312 0.775519
vt 0.448925 0.115915
vt 0.126701 0.357875
vt 0.634311 0.405599
vt 0.633257 0.416055
vt 0.632652 0.406803
vt 0.031541 0.869068
vt 0.990465 0.719824
vt 0.993308 0.719804
vt 0.991122 0.721407
vt 0.099819 0.502952
vt 0.102110 0.499245
vt 0.634692 0.399162
vt 0.633375 0.403320
vt 0.631549 0.398040
vt 0.103444 0.360912
vt 0.054154 0.574868
vt 0.097466 0.491906
vt 0.100065 0.488328
vt 0.057323 0.412413
vt 0.051975 0.775986
vt 0.038735 0.774727
vt 0.634458 0.394910
vt 0.634522 0.382923
vt 0.097108 0.484799
vt 0.100422 0.477607
vt 0.064026 0.991220
vt 0.064047 0.993576
vt 0.061894 0.990288
vt 0.918181 0.994013
vt 0.919194 0.995947
vt 0.918181 0.996513
vt 0.423142 0.176485
vt 0.096042 0.362456
vt 0.799667 0.234521
vt 0.794395 0.263662
vt 0.793888 0.234081
vt 0.426191 0.172375
vt 0.428130 0.172677
vt 0.249905 0.605571
vt 0.799732 0.647099
vt 0.423502 0.171448
vt 0.247489 0.594979
vt 0.401240 0.422580
vt 0.398308 0.427138
vt 0.425919 0.170737
vt 0.023192 0.775478
vt 0.019380 0.774093
vt 0.029101 0.774071
vt 0.785845 0.475318
vt 0.546622 0.994013
vt 0.547572 0.995233
vt 0.546646 0.996334
vt 0.019187 0.263060
vt 0.799037 0.228145
vt 0.794410 0.228024
vt 0.792578 0.223590
vt 0.899899 0.587227
vt 0.786995 0.473490
vt 0.810247 0.733105
vt 0.472949 0.749782
vt 0.473429 0.734022
vt 0.942376 0.541704
vt 0.952957 0.543796
vt 0.948723 0.548036
vt 0.913401 0.575976
vt 0.925077 0.564752
vt 0.402031 0.704002
vt 0.401640 0.703110
vt 0.132531 0.768848
vt 0.985142 0.174082
vt 0.989562 0.172896
vt 0.987459 0.175793
vt 0.453153 0.189476
vt 0.178629 0.407732
vt 0.177813 0.411188
vt 0.178404 0.403934
vt 0.174731 0.403135
vt 0.629773 0.472209
vt 0.453304 0.146122
vt 0.633592 0.451027
vt 0.634382 0.430653
vt 0.626022 0.437225
vt 0.822836 0.187850
vt 0.820827 0.231184
vt 0.820464 0.232331
vt 0.625374 0.429383
vt 0.632120 0.420189
vt 0.988133 0.692969
vt 0.633597 0.417100
vt 0.630727 0.405603
vt 0.449472 0.110966
vt 0.422563 0.211686
vt 0.031002 0.871019
vt 0.865169 0.039373
vt 0.426161 0.187651
vt 0.631559 0.376741
vt 0.633422 0.376314
vt 0.423037 0.173912
vt 0.799370 0.238886
vt 0.996305 0.468448
vt 0.994941 0.469738
vt 0.994069 0.468448
vt 0.979342 0.996428
vt 0.977158 0.994518
vt 0.979342 0.994013
vt 0.219150 0.985090
vt 0.218044 0.987906
vt 0.216493 0.983273
vt 0.617883 0.580261
vt 0.621253 0.585210
vt 0.785005 0.226816
vt 0.784623 0.223005
vt 0.784320 0.474640
vt 0.799304 0.217840
vt 0.799757 0.228219
vt 0.812450 0.741943
vt 0.994586 0.743429
vt 0.996221 0.744148
vt 0.994069 0.744148
vt 0.940787 0.553149
vt 0.824577 0.404895
vt 0.820639 0.409097
vt 0.821811 0.405257
vt 0.476482 0.750692
vt 0.382772 0.578284
vt 0.381941 0.592095
vt 0.379615 0.580775
vt 0.883642 0.586920
vt 0.885027 0.593541
vt 0.007233 0.799577
vt 0.946726 0.549317
vt 0.291242 0.015737
vt 0.294673 0.017498
vt 0.770251 0.848885
vt 0.359104 0.366400
vt 0.265406 0.869720
vt 0.633791 0.453838
vt 0.823205 0.188167
vt 0.822874 0.188277
vt 0.823746 0.188218
vt 0.824532 0.185366
vt 0.819566 0.232731
vt 0.820105 0.232661
vt 0.134714 0.356478
vt 0.994069 0.900290
vt 0.995214 0.899494
vt 0.996148 0.900290
vt 0.990146 0.512154
vt 0.990232 0.509756
vt 0.991093 0.509771
vt 0.996622 0.002854
vt 0.998688 0.002854
vt 0.998037 0.003205
vt 0.133941 0.356371
vt 0.992544 0.510900
vt 0.127731 0.357335
vt 0.647734 0.990117
vt 0.649162 0.991714
vt 0.647621 0.993198
vt 0.452422 0.108103
vt 0.457336 0.106287
vt 0.448414 0.104902
vt 0.521868 0.993203
vt 0.519947 0.989501
vt 0.522363 0.990851
vt 0.466716 0.153749
vt 0.468651 0.135242
vt 0.468737 0.141083
vt 0.449090 0.092882
vt 0.475115 0.080373
vt 0.101328 0.468287
vt 0.793659 0.653756
vt 0.802120 0.648906
vt 0.799452 0.649742
vt 0.024556 0.264095
vt 0.023610 0.269401
vt 0.020158 0.270764
vt 0.892915 0.589569
vt 0.893191 0.590315
vt 0.892801 0.590206
vt 0.893581 0.590940
vt 0.893680 0.588353
vt 0.901140 0.578928
vt 0.944009 0.557330
vt 0.405106 0.586936
vt 0.404290 0.586048
vt 0.404575 0.586405
vt 0.405291 0.587699
vt 0.361636 0.983905
vt 0.362810 0.986840
vt 0.360504 0.986749
vt 0.904136 0.583566
vt 0.381193 0.240989
vt 0.379800 0.239617
vt 0.381765 0.237308
vt 0.879183 0.881867
vt 0.855608 0.177369
vt 0.267658 0.771767
vt 0.380487 0.878482
vt 0.377092 0.878009
vt 0.378645 0.870181
vt 0.807503 0.385071
vt 0.806859 0.368373
vt 0.811390 0.359144
vt 0.110354 0.768287
vt 0.806717 0.362357
vt 0.807476 0.357860
vt 0.661315 0.172921
vt 0.657308 0.171918
vt 0.661271 0.169441
vt 0.094881 0.766897
vt 0.455360 0.138753
vt 0.627946 0.433632
vt 0.824239 0.187945
vt 0.824663 0.187505
vt 0.819062 0.232476
vt 0.435827 0.993079
vt 0.436831 0.990608
vt 0.438727 0.993307
vt 0.720462 0.991340
vt 0.722022 0.991561
vt 0.722399 0.992000
vt 0.075964 0.767076
vt 0.985560 0.297877
vt 0.984664 0.296912
vt 0.986099 0.298196
vt 0.984737 0.295567
vt 0.071486 0.769204
vt 0.996217 0.775829
vt 0.995428 0.776341
vt 0.994069 0.775829
vt 0.626904 0.081352
vt 0.622768 0.081513
vt 0.622341 0.069743
vt 0.622536 0.073153
vt 0.757917 0.819746
vt 0.762625 0.808205
vt 0.765723 0.807156
vt 0.622742 0.058636
vt 0.626942 0.045252
vt 0.464916 0.160842
vt 0.053946 0.770156
vt 0.050121 0.768651
vt 0.622104 0.047466
vt 0.099777 0.363769
vt 0.085874 0.363243
vt 0.082762 0.364422
vt 0.530765 0.748744
vt 0.529287 0.746388
vt 0.859722 0.685695
vt 0.858098 0.685454
vt 0.859188 0.678309
vt 0.900156 0.587431
vt 0.927005 0.568971
vt 0.866604 0.881210
vt 0.763527 0.465318
vt 0.843890 0.154003
vt 0.840928 0.151751
vt 0.844282 0.150785
vt 0.691552 0.985225
vt 0.691434 0.986869
vt 0.689039 0.983273
vt 0.663541 0.992564
vt 0.661905 0.993186
vt 0.663109 0.990191
vt 0.458810 0.130492
vt 0.439473 0.992941
vt 0.438999 0.992609
vt 0.437551 0.990168
vt 0.993887 0.138636
vt 0.993239 0.138482
vt 0.993225 0.138154
vt 0.641407 0.987187
vt 0.640551 0.985322
vt 0.642495 0.986607
vt 0.723294 0.989131
vt 0.723148 0.989684
vt 0.132557 0.361598
vt 0.987553 0.298831
vt 0.989227 0.294566
vt 0.995954 0.489208
vt 0.994104 0.489095
vt 0.995075 0.488868
vt 0.059671 0.766992
vt 0.065498 0.769277
vt 0.452619 0.102366
vt 0.103214 0.364827
vt 0.322704 0.989737
vt 0.321546 0.992408
vt 0.321469 0.989623
vt 0.616463 0.383941
vt 0.036890 0.765784
vt 0.355917 0.988030
vt 0.355404 0.983510
vt 0.358206 0.985858
vt 0.625566 0.041784
vt 0.623108 0.040405
vt 0.136794 0.408051
vt 0.139350 0.403202
vt 0.139175 0.409373
vt 0.029397 0.763555
vt 0.795175 0.654741
vt 0.134353 0.403986
vt 0.896220 0.592948
vt 0.911428 0.580298
vt 0.904702 0.574766
vt 0.950751 0.555871
vt 0.389128 0.232691
vt 0.389128 0.240524
vt 0.386101 0.238026
vt 0.912785 0.575524
vt 0.823491 0.415846
vt 0.420627 0.746337
vt 0.403097 0.590228
vt 0.405318 0.588427
vt 0.404960 0.590412
vt 0.402970 0.586852
vt 0.396830 0.592260
vt 0.398790 0.588509
vt 0.481037 0.744711
vt 0.085488 0.998693
vt 0.084550 0.998706
vt 0.084550 0.997093
vt 0.867927 0.785502
vt 0.868913 0.790349
vt 0.865934 0.790355
vt 0.374807 0.995590
vt 0.373166 0.996046
vt 0.373622 0.994104
vt 0.879265 0.504124
vt 0.883180 0.507545
vt 0.879985 0.508473
vt 0.931446 0.568230
vt 0.940749 0.560165
vt 0.881778 0.032539
vt 0.878130 0.033969
vt 0.878209 0.029472
vt 0.883798 0.503581
vt 0.911981 0.890437
vt 0.644883 0.346840
vt 0.642996 0.331909
vt 0.646041 0.338367
vt 0.844729 0.150294
vt 0.844707 0.149923
vt 0.845952 0.149301
vt 0.841197 0.148167
vt 0.997559 0.176608
vt 0.997229 0.176730
vt 0.997748 0.176005
vt 0.996622 0.175236
vt 0.161486 0.768201
vt 0.438580 0.992015
vt 0.879547 0.997733
vt 0.879384 0.998399
vt 0.879384 0.997093
vt 0.723210 0.990395
vt 0.641924 0.983378
vt 0.127557 0.361477
vt 0.321439 0.993545
vt 0.321794 0.992577
vt 0.984003 0.851632
vt 0.985177 0.851357
vt 0.984363 0.851667
vt 0.994902 0.473175
vt 0.995257 0.472810
vt 0.996345 0.473254
vt 0.995214 0.185356
vt 0.996451 0.186419
vt 0.994069 0.186419
vt 0.464624 0.129989
vt 0.468800 0.128200
vt 0.991406 0.254580
vt 0.993668 0.256316
vt 0.990137 0.256319
vt 0.808501 0.650536
vt 0.806809 0.655209
vt 0.801409 0.652244
vt 0.791812 0.228483
vt 0.650742 0.282296
vt 0.645247 0.281692
vt 0.647533 0.278666
vt 0.004024 0.629626
vt 0.001693 0.625554
vt 0.006804 0.624871
vt 0.797491 0.229796
vt 0.911897 0.577603
vt 0.913068 0.576710
vt 0.400463 0.589241
vt 0.481510 0.745818
vt 0.482960 0.745837
vt 0.948957 0.988112
vt 0.948913 0.987322
vt 0.949416 0.987709
vt 0.843897 0.206190
vt 0.845618 0.208310
vt 0.842437 0.212114
vt 0.002327 0.617158
vt 0.006852 0.617668
vt 0.416504 0.405876
vt 0.412342 0.411068
vt 0.412002 0.406869
vt 0.825893 0.545664
vt 0.826231 0.543460
vt 0.825004 0.550539
vt 0.885281 0.603520
vt 0.934547 0.567236
vt 0.938219 0.562328
vt 0.988954 0.881790
vt 0.987289 0.883840
vt 0.984248 0.880956
vt 0.983460 0.883462
vt 0.880421 0.027409
vt 0.076482 0.367151
vt 0.075762 0.364012
vt 0.004153 0.793530
vt 0.960824 0.989595
vt 0.962854 0.989492
vt 0.961834 0.991510
vt 0.848961 0.402402
vt 0.329697 0.120590
vt 0.816829 0.199685
vt 0.816691 0.214780
vt 0.814434 0.207211
vt 0.011728 0.200633
vt 0.341576 0.759167
vt 0.273540 0.771342
vt 0.999756 0.210603
vt 0.999756 0.211493
vt 0.999086 0.211153
vt 0.621993 0.035696
vt 0.624074 0.033954
vt 0.624510 0.037510
vt 0.274881 0.772328
vt 0.272592 0.770389
vt 0.998743 0.210846
vt 0.625838 0.032884
vt 0.625443 0.037028
vt 0.846283 0.151167
vt 0.846393 0.154425
vt 0.838893 0.376554
vt 0.839367 0.374337
vt 0.840132 0.375323
vt 0.999908 0.029258
vt 0.999908 0.030400
vt 0.998743 0.029779
vt 0.837069 0.372824
vt 0.838071 0.376400
vt 0.845645 0.148659
vt 0.845027 0.149817
vt 0.319685 0.734253
vt 0.319934 0.736036
vt 0.318588 0.736052
vt 0.999723 0.264128
vt 0.999418 0.264334
vt 0.998743 0.264128
vt 0.999282 0.417371
vt 0.998743 0.417371
vt 0.999022 0.417115
vt 0.843826 0.147808
vt 0.843369 0.146188
vt 0.613604 0.473745
vt 0.613150 0.444682
vt 0.614136 0.463618
vt 0.616786 0.451130
vt 0.118409 0.767880
vt 0.741314 0.983972
vt 0.742326 0.987334
vt 0.740776 0.988169
vt 0.136599 0.359847
vt 0.135031 0.360959
vt 0.512449 0.995341
vt 0.513036 0.994481
vt 0.513063 0.996740
vt 0.134354 0.359767
vt 0.059926 0.984013
vt 0.061031 0.983273
vt 0.058373 0.987773
vt 0.062758 0.767508
vt 0.452158 0.098341
vt 0.984302 0.810661
vt 0.984522 0.808943
vt 0.988641 0.810667
vt 0.983493 0.851794
vt 0.986095 0.849831
vt 0.988046 0.851249
vt 0.107439 0.984019
vt 0.107001 0.986964
vt 0.106649 0.987672
vt 0.107313 0.988802
vt 0.993255 0.325382
vt 0.990146 0.325178
vt 0.990766 0.324697
vt 0.993311 0.323893
vt 0.631858 0.605656
vt 0.798793 0.652359
vt 0.801359 0.652938
vt 0.801882 0.653191
vt 0.994069 0.564617
vt 0.995784 0.564579
vt 0.996332 0.564617
vt 0.791371 0.229451
vt 0.786690 0.231720
vt 0.646396 0.279674
vt 0.394934 0.431514
vt 0.396367 0.432221
vt 0.393261 0.431595
vt 0.730069 0.996580
vt 0.730244 0.994940
vt 0.730859 0.994013
vt 0.730762 0.996232
vt 0.822946 0.531134
vt 0.822738 0.533244
vt 0.821130 0.531044
vt 0.818315 0.532889
vt 0.911711 0.578578
vt 0.998386 0.619472
vt 0.996622 0.619472
vt 0.997253 0.618266
vt 0.729145 0.994013
vt 0.938825 0.561267
vt 0.818042 0.532987
vt 0.818067 0.533828
vt 0.898117 0.588874
vt 0.899186 0.589850
vt 0.919437 0.577790
vt 0.817847 0.533426
vt 0.400127 0.590630
vt 0.483683 0.746499
vt 0.484936 0.748803
vt 0.478421 0.748123
vt 0.361761 0.992519
vt 0.361008 0.991317
vt 0.361660 0.989397
vt 0.848549 0.209537
vt 0.848553 0.210385
vt 0.416804 0.414559
vt 0.826856 0.544267
vt 0.997613 0.261961
vt 0.998549 0.262796
vt 0.996622 0.262796
vt 0.863991 0.055104
vt 0.864080 0.053026
vt 0.864619 0.054321
vt 0.990146 0.750854
vt 0.992350 0.751116
vt 0.990528 0.751808
vt 0.872418 0.607188
vt 0.878814 0.601003
vt 0.877019 0.612373
vt 0.879877 0.501519
vt 0.881929 0.502673
vt 0.807418 0.188778
vt 0.809518 0.184175
vt 0.811606 0.190588
vt 0.904349 0.588990
vt 0.815097 0.991476
vt 0.811620 0.991536
vt 0.814962 0.989141
vt 0.515636 0.580112
vt 0.516062 0.586299
vt 0.514907 0.581253
vt 0.936851 0.564625
vt 0.787044 0.341259
vt 0.790122 0.340632
vt 0.790174 0.346369
vt 0.618321 0.118132
vt 0.598488 0.135544
vt 0.572091 0.752427
vt 0.998625 0.057446
vt 0.997673 0.057635
vt 0.998234 0.056715
vt 0.996622 0.056439
vt 0.355953 0.994013
vt 0.357066 0.995579
vt 0.355953 0.996783
vt 0.469475 0.071681
vt 0.471043 0.071085
vt 0.470638 0.073266
vt 0.468821 0.070925
vt 0.262043 0.770767
vt 0.269034 0.769606
vt 0.261911 0.770265
vt 0.320933 0.736715
vt 0.321249 0.736099
vt 0.259736 0.769260
vt 0.260582 0.772014
vt 0.851500 0.195342
vt 0.855197 0.200754
vt 0.851152 0.202644
vt 0.255568 0.767112
vt 0.255262 0.770317
vt 0.612149 0.487531
vt 0.613582 0.485861
vt 0.612223 0.435963
vt 0.615232 0.443182
vt 0.260519 0.062201
vt 0.256644 0.042788
vt 0.258765 0.036057
vt 0.256966 0.051229
vt 0.256501 0.070865
vt 0.256911 0.065565
vt 0.260364 0.411667
vt 0.260069 0.406736
vt 0.263629 0.409161
vt 0.148260 0.374429
vt 0.617634 0.420243
vt 0.989383 0.299721
vt 0.989024 0.300065
vt 0.989401 0.300145
vt 0.989532 0.299177
vt 0.061413 0.983592
vt 0.061598 0.984123
vt 0.061001 0.988451
vt 0.798592 0.517148
vt 0.796985 0.519729
vt 0.794057 0.516454
vt 0.614964 0.386820
vt 0.049557 0.765170
vt 0.041860 0.765572
vt 0.107380 0.986149
vt 0.093253 0.365535
vt 0.991478 0.324174
vt 0.988637 0.126953
vt 0.985842 0.126645
vt 0.986040 0.125631
vt 0.249120 0.605496
vt 0.248948 0.606349
vt 0.802844 0.654054
vt 0.087760 0.366983
vt 0.086904 0.368696
vt 0.791887 0.229179
vt 0.790435 0.230351
vt 0.983273 0.717647
vt 0.984880 0.716706
vt 0.987100 0.716845
vt 0.084573 0.366381
vt 0.995016 0.620095
vt 0.996281 0.620677
vt 0.994069 0.620677
vt 0.777270 0.995824
vt 0.776306 0.996089
vt 0.776820 0.994013
vt 0.633673 0.153371
vt 0.628242 0.156508
vt 0.898470 0.592183
vt 0.906020 0.589014
vt 0.938906 0.563348
vt 0.937912 0.561101
vt 0.819675 0.537903
vt 0.418716 0.743683
vt 0.419270 0.747952
vt 0.899598 0.590768
vt 0.903315 0.590179
vt 0.906118 0.585798
vt 0.405047 0.592740
vt 0.400297 0.591609
vt 0.402028 0.592252
vt 0.394194 0.594652
vt 0.392214 0.591142
vt 0.536759 0.750314
vt 0.847633 0.217013
vt 0.005876 0.620639
vt 0.825459 0.537345
vt 0.829681 0.538239
vt 0.825797 0.540968
vt 0.413827 0.415301
vt 0.413703 0.413335
vt 0.827785 0.544443
vt 0.829637 0.547451
vt 0.865540 0.054156
vt 0.866661 0.056754
vt 0.081601 0.369640
vt 0.900808 0.597588
vt 0.896687 0.599792
vt 0.811448 0.185441
vt 0.922983 0.576095
vt 0.511729 0.584565
vt 0.573994 0.373284
vt 0.574487 0.372647
vt 0.575082 0.378342
vt 0.577896 0.375284
vt 0.075312 0.281610
vt 0.072606 0.279814
vt 0.074379 0.276450
vt 0.916144 0.582251
vt 0.934236 0.566411
vt 0.944955 0.558484
vt 0.865017 0.580451
vt 0.864332 0.583258
vt 0.860939 0.581675
vt 0.948734 0.552696
vt 0.951204 0.552085
vt 0.950113 0.554579
vt 0.272243 0.767675
vt 0.271908 0.768617
vt 0.271866 0.770540
vt 0.471509 0.072830
vt 0.472546 0.071413
vt 0.840762 0.374335
vt 0.841563 0.373016
vt 0.262419 0.768721
vt 0.734371 0.995130
vt 0.734609 0.994394
vt 0.734996 0.994728
vt 0.999159 0.219693
vt 0.998743 0.219273
vt 0.999768 0.219273
vt 0.316580 0.239526
vt 0.312975 0.240899
vt 0.313078 0.236577
vt 0.616260 0.481646
vt 0.616271 0.479701
vt 0.616555 0.467778
vt 0.616948 0.460966
vt 0.617028 0.458274
vt 0.213833 0.370035
vt 0.616355 0.447891
vt 0.248766 0.038341
vt 0.255614 0.039846
vt 0.256914 0.062156
vt 0.171123 0.370843
vt 0.259110 0.076411
vt 0.106004 0.765818
vt 0.140200 0.373042
vt 0.029746 0.880421
vt 0.030630 0.872642
vt 0.033593 0.872495
vt 0.034971 0.881133
vt 0.465878 0.125534
vt 0.983930 0.116768
vt 0.987759 0.118073
vt 0.984101 0.119997
vt 0.986648 0.121524
vt 0.077666 0.609024
vt 0.076367 0.604427
vt 0.080415 0.608559
vt 0.610773 0.395752
vt 0.107951 0.376688
vt 0.467640 0.086441
vt 0.091357 0.369353
vt 0.388567 0.880320
vt 0.390133 0.883037
vt 0.388091 0.883326
vt 0.966353 0.992087
vt 0.964585 0.990501
vt 0.966652 0.989131
vt 0.799778 0.263325
vt 0.249635 0.606328
vt 0.087797 0.367855
vt 0.678362 0.997470
vt 0.679080 0.997093
vt 0.679080 0.998489
vt 0.990845 0.097314
vt 0.990684 0.097645
vt 0.990146 0.097195
vt 0.993416 0.097389
vt 0.644437 0.282873
vt 0.633225 0.159139
vt 0.896815 0.594473
vt 0.896251 0.594405
vt 0.943760 0.558163
vt 0.906575 0.586670
vt 0.906549 0.586364
vt 0.756047 0.998477
vt 0.755992 0.997736
vt 0.756047 0.997093
vt 0.404621 0.593107
vt 0.864525 0.591030
vt 0.863304 0.587889
vt 0.864466 0.590295
vt 0.007267 0.620668
vt 0.828924 0.544551
vt 0.866669 0.054058
vt 0.380479 0.233366
vt 0.873823 0.612268
vt 0.811372 0.989131
vt 0.072558 0.282632
vt 0.893362 0.603934
vt 0.930103 0.569108
vt 0.942028 0.560908
vt 0.861698 0.387420
vt 0.761566 0.835862
vt 0.747025 0.847097
vt 0.316072 0.113162
vt 0.626854 0.725750
vt 0.325369 0.759870
vt 0.181739 0.877213
vt 0.179056 0.877744
vt 0.181135 0.872529
vt 0.473307 0.072743
vt 0.841081 0.366517
vt 0.317279 0.740445
vt 0.317541 0.738785
vt 0.321564 0.738461
vt 0.318435 0.745301
vt 0.256205 0.768314
vt 0.257205 0.769598
vt 0.223165 0.767117
vt 0.228309 0.766065
vt 0.210976 0.767708
vt 0.209867 0.767822
vt 0.210169 0.765818
vt 0.618319 0.480408
vt 0.209245 0.767791
vt 0.617214 0.476681
vt 0.996174 0.860134
vt 0.994069 0.860134
vt 0.995711 0.859542
vt 0.617709 0.474015
vt 0.616616 0.476246
vt 0.615819 0.471027
vt 0.995601 0.375087
vt 0.994315 0.374007
vt 0.996360 0.374000
vt 0.617871 0.454322
vt 0.502435 0.996114
vt 0.502365 0.994235
vt 0.504059 0.995933
vt 0.256554 0.056951
vt 0.252011 0.065418
vt 0.259316 0.099272
vt 0.256869 0.103819
vt 0.256266 0.098810
vt 0.081613 0.764102
vt 0.965940 0.987481
vt 0.963786 0.985886
vt 0.965494 0.984555
vt 0.248850 0.606667
vt 0.452844 0.580411
vt 0.453469 0.579802
vt 0.453286 0.581527
vt 0.455002 0.579445
vt 0.119158 0.988318
vt 0.117174 0.987265
vt 0.118646 0.986228
vt 0.091105 0.374378
vt 0.634463 0.155682
vt 0.643035 0.156342
vt 0.642701 0.156650
vt 0.641978 0.156029
vt 0.639915 0.156492
vt 0.896655 0.595650
vt 0.897627 0.594572
vt 0.898192 0.594029
vt 0.898507 0.593678
vt 0.636256 0.156192
vt 0.010373 0.620808
vt 0.418709 0.751800
vt 0.411841 0.414560
vt 0.410208 0.415410
vt 0.404921 0.418452
vt 0.405922 0.416218
vt 0.404650 0.416390
vt 0.404075 0.417134
vt 0.404011 0.593636
vt 0.403250 0.593504
vt 0.402801 0.593390
vt 0.392321 0.592108
vt 0.860242 0.591402
vt 0.004084 0.993890
vt 0.004770 0.991978
vt 0.005198 0.993313
vt 0.414474 0.415231
vt 0.829734 0.545176
vt 0.867476 0.053445
vt 0.988431 0.947299
vt 0.985261 0.949458
vt 0.984039 0.946997
vt 0.330626 0.758303
vt 0.332176 0.754649
vt 0.335757 0.758285
vt 0.958061 0.550467
vt 0.954911 0.556404
vt 0.629256 0.720305
vt 0.753416 0.854829
vt 0.177181 0.879071
vt 0.473160 0.077273
vt 0.993785 0.211655
vt 0.991225 0.211655
vt 0.993091 0.210565
vt 0.402334 0.428265
vt 0.402089 0.427998
vt 0.402543 0.427130
vt 0.257263 0.765057
vt 0.043185 0.884974
vt 0.045834 0.880809
vt 0.046428 0.883534
vt 0.435685 0.074580
vt 0.436000 0.070701
vt 0.436698 0.072141
vt 0.276522 0.988768
vt 0.276818 0.986373
vt 0.277257 0.986143
vt 0.870255 0.054356
vt 0.872704 0.055928
vt 0.872608 0.058082
vt 0.376994 0.983273
vt 0.376406 0.986080
vt 0.375336 0.985413
vt 0.206126 0.767973
vt 0.205700 0.767445
vt 0.205900 0.765990
vt 0.989128 0.444554
vt 0.988379 0.444507
vt 0.987775 0.441012
vt 0.999868 0.111009
vt 0.998743 0.111009
vt 0.999685 0.110372
vt 0.198042 0.767373
vt 0.196839 0.767191
vt 0.200779 0.765368
vt 0.196476 0.766699
vt 0.864401 0.998399
vt 0.864088 0.997423
vt 0.864401 0.997093
vt 0.195556 0.767684
vt 0.983273 0.196770
vt 0.984318 0.195718
vt 0.987110 0.197331
vt 0.190879 0.766357
vt 0.194961 0.764698
vt 0.906127 0.990609
vt 0.906214 0.991281
vt 0.905335 0.992997
vt 0.996322 0.497201
vt 0.995055 0.497957
vt 0.994069 0.497201
vt 0.906310 0.989806
vt 0.906796 0.990019
vt 0.905335 0.989131
vt 0.906802 0.989663
vt 0.213458 0.372597
vt 0.179125 0.766323
vt 0.175437 0.766755
vt 0.177501 0.765833
vt 0.176753 0.766940
vt 0.617989 0.447848
vt 0.170484 0.765936
vt 0.617289 0.445894
vt 0.772727 0.985275
vt 0.772961 0.987140
vt 0.771032 0.987634
vt 0.252332 0.040615
vt 0.254535 0.047644
vt 0.583027 0.983711
vt 0.585352 0.983786
vt 0.585369 0.988004
vt 0.996622 0.161333
vt 0.997792 0.160388
vt 0.998592 0.161333
vt 0.989043 0.795385
vt 0.985635 0.794533
vt 0.988919 0.793309
vt 0.809609 0.992091
vt 0.810081 0.990390
vt 0.811280 0.993081
vt 0.258784 0.091715
vt 0.257035 0.088838
vt 0.258388 0.083246
vt 0.989525 0.344139
vt 0.985537 0.345006
vt 0.985737 0.340800
vt 0.097926 0.763696
vt 0.101877 0.766947
vt 0.983273 0.833111
vt 0.985047 0.832879
vt 0.984542 0.834205
vt 0.993608 0.379921
vt 0.991461 0.379921
vt 0.993052 0.378735
vt 0.990146 0.378816
vt 0.843006 0.114716
vt 0.847618 0.117465
vt 0.846532 0.120641
vt 0.127647 0.373617
vt 0.474070 0.102947
vt 0.609796 0.376532
vt 0.473088 0.379617
vt 0.473674 0.373512
vt 0.475173 0.379946
vt 0.645187 0.285987
vt 0.568286 0.216910
vt 0.570060 0.216725
vt 0.568890 0.220480
vt 0.635413 0.156871
vt 0.641060 0.159346
vt 0.898382 0.594236
vt 0.995845 0.111820
vt 0.996518 0.112024
vt 0.994442 0.111851
vt 0.920721 0.578254
vt 0.921253 0.578066
vt 0.948502 0.559313
vt 0.009424 0.622815
vt 0.009423 0.624456
vt 0.414156 0.414253
vt 0.411157 0.415897
vt 0.310522 0.995177
vt 0.310519 0.994013
vt 0.310738 0.994337
vt 0.476356 0.751538
vt 0.475823 0.751701
vt 0.998743 0.385239
vt 0.999247 0.385017
vt 0.999476 0.385239
vt 0.475486 0.751800
vt 0.844798 0.218169
vt 0.348392 0.245587
vt 0.348637 0.244390
vt 0.350459 0.245613
vt 0.934353 0.569642
vt 0.830840 0.546516
vt 0.796699 0.988192
vt 0.794955 0.985623
vt 0.795792 0.985490
vt 0.004639 0.989922
vt 0.862766 0.047623
vt 0.870579 0.050189
vt 0.870026 0.994013
vt 0.871503 0.995049
vt 0.870037 0.996271
vt 0.008985 0.613564
vt 0.010780 0.615953
vt 0.513689 0.587998
vt 0.242353 0.402366
vt 0.246752 0.403827
vt 0.243217 0.405423
vt 0.197724 0.745009
vt 0.197819 0.739388
vt 0.199680 0.744610
vt 0.249712 0.401035
vt 0.249357 0.410548
vt 0.948854 0.557407
vt 0.949833 0.557456
vt 0.647283 0.352237
vt 0.582063 0.726392
vt 0.280627 0.759312
vt 0.838459 0.364513
vt 0.836806 0.368535
vt 0.837431 0.366275
vt 0.402434 0.431776
vt 0.402406 0.426667
vt 0.998743 0.171270
vt 0.999241 0.171233
vt 0.999839 0.171270
vt 0.317181 0.741994
vt 0.995222 0.921178
vt 0.994069 0.919989
vt 0.996119 0.919989
vt 0.312615 0.239548
vt 0.311399 0.240655
vt 0.498427 0.991519
vt 0.499805 0.991338
vt 0.499492 0.992958
vt 0.856398 0.203254
vt 0.855465 0.205738
vt 0.253455 0.762993
vt 0.254802 0.766351
vt 0.239761 0.762194
vt 0.996106 0.918309
vt 0.994069 0.918309
vt 0.995434 0.916826
vt 0.048059 0.885916
vt 0.046658 0.885411
vt 0.274600 0.997093
vt 0.276118 0.997620
vt 0.274600 0.998613
vt 0.287065 0.876825
vt 0.288486 0.882327
vt 0.287459 0.881049
vt 0.074526 0.411856
vt 0.072714 0.411768
vt 0.072288 0.410220
vt 0.224712 0.766453
vt 0.226038 0.764696
vt 0.984424 0.442383
vt 0.984527 0.444242
vt 0.832429 0.998020
vt 0.833362 0.997093
vt 0.833362 0.998388
vt 0.999696 0.284077
vt 0.998743 0.284077
vt 0.999312 0.283841
vt 0.984390 0.194578
vt 0.987792 0.194526
vt 0.984305 0.195073
vt 0.355240 0.998604
vt 0.355240 0.997093
vt 0.355715 0.998288
vt 0.188517 0.763847
vt 0.730584 0.998448
vt 0.730512 0.997093
vt 0.731362 0.997093
vt 0.190348 0.984698
vt 0.189606 0.985979
vt 0.188019 0.984162
vt 0.188641 0.988414
vt 0.187537 0.987240
vt 0.986809 0.193014
vt 0.986417 0.192462
vt 0.987638 0.192489
vt 0.990607 0.759332
vt 0.990146 0.758710
vt 0.991415 0.758492
vt 0.983864 0.191895
vt 0.988306 0.191232
vt 0.984100 0.189008
vt 0.276617 0.878642
vt 0.275082 0.871842
vt 0.276639 0.875610
vt 0.165376 0.763996
vt 0.175624 0.762971
vt 0.716537 0.998462
vt 0.716537 0.997093
vt 0.717338 0.998377
vt 0.773446 0.987472
vt 0.288778 0.997094
vt 0.288948 0.998123
vt 0.288774 0.998675
vt 0.568087 0.997093
vt 0.568087 0.998521
vt 0.566969 0.998435
vt 0.785520 0.206161
vt 0.784379 0.202181
vt 0.787919 0.201476
vt 0.998389 0.647876
vt 0.997057 0.648854
vt 0.996622 0.647876
vt 0.562219 0.995479
vt 0.563316 0.994013
vt 0.563249 0.996600
vt 0.987786 0.214545
vt 0.984328 0.213936
vt 0.989028 0.211383
vt 0.499414 0.983491
vt 0.499150 0.987786
vt 0.495938 0.985593
vt 0.253592 0.060100
vt 0.988890 0.939246
vt 0.985870 0.940012
vt 0.986470 0.937056
vt 0.984041 0.673503
vt 0.988997 0.675057
vt 0.984978 0.677994
vt 0.985371 0.791604
vt 0.255600 0.078118
vt 0.253494 0.080075
vt 0.250417 0.075381
vt 0.988004 0.111369
vt 0.984337 0.112178
vt 0.985378 0.108826
vt 0.235066 0.989671
vt 0.237672 0.989592
vt 0.236380 0.992128
vt 0.847585 0.113961
vt 0.878231 0.493512
vt 0.881934 0.495106
vt 0.878423 0.498878
vt 0.986808 0.008493
vt 0.984073 0.005757
vt 0.988463 0.005897
vt 0.986626 0.963647
vt 0.985998 0.965548
vt 0.983548 0.962816
vt 0.867248 0.822663
vt 0.871583 0.825325
vt 0.868943 0.830261
vt 0.113218 0.376445
vt 0.818738 0.246167
vt 0.820386 0.247703
vt 0.814098 0.253443
vt 0.031871 0.475788
vt 0.033068 0.479637
vt 0.029123 0.473760
vt 0.473060 0.097004
vt 0.812183 0.440672
vt 0.813432 0.442620
vt 0.809636 0.441573
vt 0.096120 0.377399
vt 0.996622 0.526537
vt 0.996622 0.525429
vt 0.998433 0.525864
vt 0.476313 0.372068
vt 0.611107 0.988110
vt 0.610205 0.986015
vt 0.611077 0.985841
vt 0.610579 0.984958
vt 0.644462 0.272031
vt 0.645227 0.254414
vt 0.017930 0.374809
vt 0.020462 0.376732
vt 0.018064 0.376051
vt 0.609498 0.987122
vt 0.016975 0.376649
vt 0.635366 0.157816
vt 0.643219 0.157437
vt 0.999491 0.383160
vt 0.999036 0.383266
vt 0.998743 0.383160
vt 0.921588 0.577941
vt 0.947069 0.998352
vt 0.947069 0.997093
vt 0.947396 0.997228
vt 0.080303 0.379169
vt 0.988974 0.027487
vt 0.988989 0.029216
vt 0.984946 0.029212
vt 0.413685 0.419973
vt 0.411391 0.416800
vt 0.403732 0.417998
vt 0.351017 0.242546
vt 0.731727 0.840025
vt 0.734898 0.841965
vt 0.729403 0.842012
vt 0.798679 0.743666
vt 0.801420 0.743740
vt 0.798113 0.748237
vt 0.802661 0.745493
vt 0.417525 0.416464
vt 0.412003 0.418105
vt 0.017410 0.452483
vt 0.014826 0.443702
vt 0.017703 0.447286
vt 0.013502 0.452677
vt 0.885049 0.617362
vt 0.075041 0.379573
vt 0.888989 0.611064
vt 0.905515 0.595076
vt 0.197640 0.749937
vt 0.200005 0.750986
vt 0.934172 0.575267
vt 0.928521 0.575532
vt 0.855182 0.186551
vt 0.841437 0.392873
vt 0.591833 0.132806
vt 0.589812 0.128820
vt 0.635906 0.746582
vt 0.591809 0.351189
vt 0.348170 0.756399
vt 0.262971 0.758165
vt 0.402675 0.422841
vt 0.317202 0.742520
vt 0.317591 0.744533
vt 0.402308 0.426137
vt 0.316078 0.248299
vt 0.368709 0.597139
vt 0.366014 0.597199
vt 0.367923 0.596734
vt 0.256062 0.767246
vt 0.500300 0.993353
vt 0.856389 0.204040
vt 0.845435 0.984573
vt 0.846165 0.983489
vt 0.847820 0.987278
vt 0.023394 0.664087
vt 0.024800 0.660395
vt 0.026312 0.667932
vt 0.923048 0.992461
vt 0.923673 0.989583
vt 0.924771 0.991472
vt 0.071316 0.409603
vt 0.086459 0.985505
vt 0.087721 0.987174
vt 0.086063 0.988830
vt 0.990146 0.660782
vt 0.991136 0.659826
vt 0.992852 0.660235
vt 0.375416 0.988639
vt 0.205521 0.761979
vt 0.622307 0.478211
vt 0.623341 0.472113
vt 0.998257 0.800682
vt 0.996622 0.800508
vt 0.996882 0.799690
vt 0.204123 0.764790
vt 0.204495 0.764186
vt 0.202517 0.764829
vt 0.984498 0.652231
vt 0.985688 0.655469
vt 0.983412 0.654095
vt 0.989256 0.652450
vt 0.360857 0.735224
vt 0.361456 0.737577
vt 0.359920 0.737223
vt 0.357261 0.737378
vt 0.357987 0.732469
vt 0.984061 0.193123
vt 0.197659 0.765674
vt 0.196116 0.766037
vt 0.997629 0.277462
vt 0.996622 0.276625
vt 0.998544 0.276625
vt 0.190552 0.983925
vt 0.191902 0.983273
vt 0.790079 0.641893
vt 0.791223 0.640056
vt 0.792165 0.641119
vt 0.989706 0.193073
vt 0.621853 0.458738
vt 0.621661 0.451761
vt 0.623001 0.449293
vt 0.286169 0.983692
vt 0.286586 0.987216
vt 0.283903 0.984830
vt 0.277185 0.878350
vt 0.277178 0.877220
vt 0.283548 0.987531
vt 0.481734 0.988382
vt 0.480166 0.988359
vt 0.479559 0.987324
vt 0.480510 0.984221
vt 0.477436 0.986536
vt 0.505779 0.374401
vt 0.502973 0.373138
vt 0.503907 0.373266
vt 0.547312 0.986753
vt 0.548946 0.984066
vt 0.550023 0.988433
vt 0.787142 0.198354
vt 0.596416 0.983374
vt 0.597155 0.986133
vt 0.597476 0.987861
vt 0.586102 0.986009
vt 0.988933 0.242839
vt 0.983533 0.242350
vt 0.987039 0.238911
vt 0.984539 0.239870
vt 0.293793 0.984060
vt 0.292784 0.988047
vt 0.290852 0.986068
vt 0.995226 0.516289
vt 0.994069 0.515051
vt 0.996292 0.515051
vt 0.988571 0.381154
vt 0.985949 0.384931
vt 0.983646 0.382306
vt 0.602547 0.983598
vt 0.601886 0.987510
vt 0.600722 0.985272
vt 0.983688 0.939093
vt 0.109743 0.575189
vt 0.107668 0.577507
vt 0.106063 0.571857
vt 0.254124 0.083180
vt 0.250522 0.085671
vt 0.169716 0.608342
vt 0.173353 0.608057
vt 0.170342 0.610545
vt 0.142515 0.608989
vt 0.139154 0.608962
vt 0.140014 0.605128
vt 0.987159 0.835478
vt 0.988616 0.831261
vt 0.292130 0.871646
vt 0.288198 0.869372
vt 0.289608 0.869692
vt 0.288689 0.874889
vt 0.145318 0.373774
vt 0.132075 0.373886
vt 0.057871 0.759535
vt 0.055658 0.765704
vt 0.054034 0.765957
vt 0.752171 0.991315
vt 0.749000 0.993009
vt 0.749687 0.990467
vt 0.646100 0.291828
vt 0.649044 0.288503
vt 0.611161 0.983452
vt 0.015373 0.377647
vt 0.635409 0.158907
vt 0.819219 0.545323
vt 0.823241 0.545724
vt 0.411567 0.417863
vt 0.351695 0.246899
vt 0.356169 0.241938
vt 0.351015 0.240944
vt 0.351450 0.239734
vt 0.350907 0.236815
vt 0.349492 0.233751
vt 0.411128 0.419053
vt 0.405277 0.418976
vt 0.964425 0.557474
vt 0.964835 0.553578
vt 0.959377 0.546865
vt 0.963923 0.548600
vt 0.586604 0.115491
vt 0.834276 0.620821
vt 0.814668 0.195284
vt 0.856083 0.205751
vt 0.551067 0.884311
vt 0.550799 0.880285
vt 0.554726 0.882580
vt 0.554473 0.884694
vt 0.917247 0.994283
vt 0.918132 0.995003
vt 0.917232 0.996519
vt 0.089760 0.985312
vt 0.191637 0.403643
vt 0.191540 0.408348
vt 0.188044 0.408356
vt 0.987710 0.712886
vt 0.984274 0.712752
vt 0.985612 0.710718
vt 0.991853 0.332757
vt 0.991741 0.332065
vt 0.993651 0.331324
vt 0.990507 0.332786
vt 0.998537 0.301454
vt 0.996622 0.301454
vt 0.997352 0.300703
vt 0.990146 0.331324
vt 0.563990 0.997093
vt 0.565008 0.997979
vt 0.563990 0.998526
vt 0.790899 0.654195
vt 0.786914 0.654342
vt 0.790004 0.650442
vt 0.920032 0.996523
vt 0.919244 0.994843
vt 0.920032 0.994013
vt 0.359935 0.731539
vt 0.196106 0.756558
vt 0.994592 0.959229
vt 0.994069 0.957909
vt 0.996100 0.957909
vt 0.987746 0.129908
vt 0.983302 0.128229
vt 0.986749 0.128021
vt 0.790502 0.639051
vt 0.186168 0.764181
vt 0.183797 0.762028
vt 0.180702 0.764218
vt 0.179667 0.763958
vt 0.790376 0.633419
vt 0.789779 0.636047
vt 0.789504 0.632650
vt 0.178529 0.764366
vt 0.997690 0.656106
vt 0.996622 0.655269
vt 0.998393 0.655269
vt 0.998446 0.560422
vt 0.997246 0.560933
vt 0.996622 0.560422
vt 0.790415 0.632416
vt 0.790552 0.631348
vt 0.788157 0.629656
vt 0.790775 0.629066
vt 0.504721 0.377220
vt 0.502892 0.380856
vt 0.501782 0.372229
vt 0.277469 0.061202
vt 0.274728 0.061007
vt 0.278408 0.056560
vt 0.251732 0.043298
vt 0.771087 0.992579
vt 0.769924 0.989131
vt 0.772287 0.990430
vt 0.251572 0.045032
vt 0.250510 0.048370
vt 0.289279 0.601412
vt 0.289601 0.579868
vt 0.289426 0.600525
vt 0.291553 0.599007
vt 0.735500 0.987537
vt 0.731338 0.987209
vt 0.732340 0.983791
vt 0.735371 0.983702
vt 0.983481 0.380143
vt 0.291537 0.580001
vt 0.249318 0.055652
vt 0.252737 0.057539
vt 0.990819 0.236746
vt 0.993684 0.236198
vt 0.993357 0.237763
vt 0.820382 0.726790
vt 0.819836 0.723154
vt 0.821615 0.721642
vt 0.127809 0.762184
vt 0.120950 0.761587
vt 0.129799 0.760845
vt 0.989614 0.107046
vt 0.984725 0.106977
vt 0.986502 0.102797
vt 0.989182 0.102655
vt 0.167775 0.372932
vt 0.985891 0.604499
vt 0.987355 0.599991
vt 0.988895 0.601998
vt 0.983273 0.600045
vt 0.446570 0.988037
vt 0.446187 0.983919
vt 0.449397 0.983460
vt 0.150921 0.374832
vt 0.791772 0.194600
vt 0.793267 0.199231
vt 0.793496 0.201201
vt 0.077752 0.613727
vt 0.810956 0.129441
vt 0.817104 0.136947
vt 0.813285 0.152741
vt 0.656808 0.997093
vt 0.658156 0.998148
vt 0.656808 0.998469
vt 0.996185 0.753108
vt 0.994069 0.753108
vt 0.995880 0.751735
vt 0.753649 0.996581
vt 0.752170 0.994684
vt 0.753649 0.994013
vt 0.028209 0.491735
vt 0.100200 0.376945
vt 0.494128 0.732634
vt 0.496148 0.737375
vt 0.490621 0.734528
vt 0.584808 0.992026
vt 0.582426 0.989131
vt 0.584469 0.989450
vt 0.999832 0.136178
vt 0.999713 0.137038
vt 0.998970 0.136611
vt 0.561905 0.735485
vt 0.560767 0.732593
vt 0.563590 0.734927
vt 0.459917 0.586505
vt 0.459020 0.581775
vt 0.459621 0.582771
vt 0.458873 0.580370
vt 0.478197 0.375725
vt 0.014993 0.833570
vt 0.011670 0.833345
vt 0.014776 0.831947
vt 0.995707 0.809324
vt 0.996190 0.810116
vt 0.994069 0.810116
vt 0.635674 0.159841
vt 0.639308 0.160531
vt 0.643010 0.158885
vt 0.411496 0.418818
vt 0.407616 0.420050
vt 0.729122 0.849915
vt 0.352055 0.239851
vt 0.411512 0.419537
vt 0.013762 0.614065
vt 0.892977 0.608272
vt 0.896720 0.605857
vt 0.959243 0.558370
vt 0.996300 0.469787
vt 0.994198 0.471162
vt 0.994069 0.469787
vt 0.334409 0.114166
vt 0.330079 0.116606
vt 0.614029 0.343450
vt 0.610713 0.342469
vt 0.321072 0.747301
vt 0.025026 0.671403
vt 0.026529 0.671625
vt 0.075382 0.343194
vt 0.074858 0.329581
vt 0.077908 0.319583
vt 0.365519 0.591276
vt 0.363495 0.582440
vt 0.366696 0.584991
vt 0.485353 0.985187
vt 0.485813 0.988372
vt 0.482265 0.985816
vt 0.019527 0.878623
vt 0.021281 0.876322
vt 0.024812 0.879535
vt 0.244322 0.758123
vt 0.189313 0.403108
vt 0.873617 0.060619
vt 0.870536 0.062649
vt 0.989024 0.711069
vt 0.986968 0.710560
vt 0.021225 0.997604
vt 0.022034 0.997093
vt 0.022034 0.998733
vt 0.788619 0.658472
vt 0.791275 0.656113
vt 0.203237 0.763793
vt 0.790826 0.654902
vt 0.785571 0.639804
vt 0.788144 0.645184
vt 0.620679 0.447090
vt 0.626036 0.446806
vt 0.159393 0.763438
vt 0.153383 0.761524
vt 0.208496 0.370190
vt 0.677271 0.993188
vt 0.678163 0.992093
vt 0.679228 0.992041
vt 0.678974 0.990626
vt 0.677271 0.989131
vt 0.206001 0.368260
vt 0.204691 0.368731
vt 0.275901 0.052438
vt 0.246413 0.042859
vt 0.277821 0.047406
vt 0.277746 0.036243
vt 0.274281 0.037386
vt 0.158177 0.373441
vt 0.156419 0.377460
vt 0.252580 0.091379
vt 0.250546 0.097956
vt 0.247242 0.094600
vt 0.099328 0.760821
vt 0.094745 0.761010
vt 0.095608 0.759475
vt 0.092179 0.758512
vt 0.992657 0.475201
vt 0.990535 0.475496
vt 0.992729 0.473735
vt 0.844091 0.757424
vt 0.842570 0.759136
vt 0.840476 0.751690
vt 0.990368 0.590599
vt 0.990146 0.589320
vt 0.991584 0.589676
vt 0.134729 0.375519
vt 0.733245 0.833412
vt 0.740855 0.827884
vt 0.738696 0.830959
vt 0.475207 0.112206
vt 0.474546 0.118876
vt 0.872969 0.990870
vt 0.873953 0.991700
vt 0.873289 0.992864
vt 0.872606 0.993029
vt 0.998743 0.137038
vt 0.089650 0.380685
vt 0.023290 0.382458
vt 0.633524 0.164935
vt 0.631863 0.169694
vt 0.633697 0.161396
vt 0.998743 0.040248
vt 0.999948 0.040248
vt 0.999295 0.040399
vt 0.415030 0.421531
vt 0.405056 0.420318
vt 0.986412 0.336536
vt 0.984185 0.337298
vt 0.984605 0.334327
vt 0.988502 0.333506
vt 0.988786 0.335060
vt 0.352976 0.239849
vt 0.803362 0.754514
vt 0.411939 0.420358
vt 0.416773 0.421824
vt 0.019719 0.616705
vt 0.011256 0.685553
vt 0.013079 0.683338
vt 0.013766 0.687480
vt 0.899940 0.606433
vt 0.900992 0.604030
vt 0.707164 0.990528
vt 0.706326 0.993208
vt 0.705906 0.991446
vt 0.407323 0.992432
vt 0.405692 0.992603
vt 0.406405 0.990536
vt 0.933049 0.576413
vt 0.932071 0.578139
vt 0.947829 0.575837
vt 0.325135 0.113846
vt 0.515960 0.102202
vt 0.769387 0.701784
vt 0.309461 0.758587
vt 0.293190 0.758870
vt 0.996622 0.752352
vt 0.997572 0.752026
vt 0.998385 0.752352
vt 0.029990 0.670012
vt 0.573870 0.986694
vt 0.577273 0.985607
vt 0.577643 0.987555
vt 0.574913 0.984190
vt 0.874391 0.063556
vt 0.627117 0.478111
vt 0.627190 0.462888
vt 0.622519 0.466523
vt 0.991315 0.852780
vt 0.992806 0.851649
vt 0.993218 0.851548
vt 0.999149 0.386188
vt 0.998743 0.386134
vt 0.999481 0.386134
vt 0.991289 0.852059
vt 0.993330 0.708047
vt 0.992953 0.708247
vt 0.991873 0.708214
vt 0.991283 0.709169
vt 0.990146 0.708047
vt 0.272228 0.055219
vt 0.151267 0.762184
vt 0.145009 0.762515
vt 0.225854 0.067989
vt 0.220655 0.067590
vt 0.230754 0.067306
vt 0.246772 0.063264
vt 0.278076 0.030945
vt 0.251377 0.070600
vt 0.274300 0.019367
vt 0.278840 0.024701
vt 0.443442 0.232426
vt 0.446722 0.232290
vt 0.447238 0.235550
vt 0.278118 0.018346
vt 0.170257 0.374561
vt 0.247735 0.077249
vt 0.815953 0.223746
vt 0.813675 0.225571
vt 0.815842 0.221554
vt 0.165704 0.376194
vt 0.162745 0.374810
vt 0.096579 0.758048
vt 0.279648 0.004536
vt 0.274223 0.003053
vt 0.278053 0.001802
vt 0.277051 0.001041
vt 0.451803 0.997093
vt 0.452830 0.997093
vt 0.451839 0.997857
vt 0.844004 0.270156
vt 0.840486 0.271330
vt 0.845224 0.267924
vt 0.985233 0.886378
vt 0.983293 0.888156
vt 0.983374 0.885026
vt 0.833632 0.397453
vt 0.826623 0.404919
vt 0.830000 0.392418
vt 0.076130 0.760757
vt 0.080075 0.756694
vt 0.078828 0.760214
vt 0.248132 0.865941
vt 0.247908 0.874058
vt 0.242503 0.865246
vt 0.071839 0.765298
vt 0.068790 0.759720
vt 0.986737 0.375825
vt 0.989414 0.373343
vt 0.988686 0.374717
vt 0.813751 0.258038
vt 0.882313 0.370195
vt 0.882197 0.372377
vt 0.878935 0.372405
vt 0.988257 0.199593
vt 0.986200 0.201082
vt 0.983553 0.200201
vt 0.995572 0.124948
vt 0.994069 0.123814
vt 0.996469 0.123814
vt 0.814455 0.454411
vt 0.807991 0.448399
vt 0.105141 0.380754
vt 0.490676 0.743058
vt 0.254596 0.877405
vt 0.249685 0.875231
vt 0.253747 0.875154
vt 0.093274 0.383374
vt 0.786967 0.997093
vt 0.787334 0.997641
vt 0.786967 0.998445
vt 0.058467 0.995824
vt 0.058363 0.997002
vt 0.058071 0.996369
vt 0.058216 0.994895
vt 0.015356 0.832501
vt 0.017831 0.837237
vt 0.010655 0.834574
vt 0.010709 0.835787
vt 0.052497 0.279283
vt 0.053183 0.283659
vt 0.048671 0.283530
vt 0.377780 0.580897
vt 0.375764 0.595741
vt 0.374066 0.579767
vt 0.015849 0.383866
vt 0.641487 0.160390
vt 0.642378 0.160013
vt 0.642199 0.160289
vt 0.418021 0.431195
vt 0.414498 0.422199
vt 0.405994 0.420505
vt 0.055202 0.990379
vt 0.055568 0.993735
vt 0.053542 0.992122
vt 0.486547 0.996680
vt 0.487959 0.994673
vt 0.488045 0.996390
vt 0.735226 0.850220
vt 0.354245 0.238998
vt 0.411770 0.421883
vt 0.778717 0.987199
vt 0.781903 0.984002
vt 0.782351 0.987725
vt 0.627516 0.628364
vt 0.627104 0.632007
vt 0.625327 0.628369
vt 0.906411 0.602304
vt 0.625099 0.503963
vt 0.621773 0.508055
vt 0.621556 0.501493
vt 0.481293 0.125794
vt 0.483039 0.118852
vt 0.482971 0.125388
vt 0.967598 0.549483
vt 0.970561 0.552690
vt 0.817896 0.192292
vt 0.623781 0.735577
vt 0.640698 0.352678
vt 0.577697 0.748412
vt 0.612365 0.342925
vt 0.632996 0.209334
vt 0.636146 0.194836
vt 0.634441 0.204734
vt 0.634932 0.190014
vt 0.284991 0.756975
vt 0.324321 0.369665
vt 0.293414 0.998322
vt 0.293073 0.997720
vt 0.293475 0.997093
vt 0.998743 0.127614
vt 0.999037 0.127470
vt 0.999876 0.127614
vt 0.999439 0.127437
vt 0.318118 0.746829
vt 0.318695 0.747436
vt 0.311488 0.247902
vt 0.027330 0.655227
vt 0.067145 0.407353
vt 0.072551 0.402890
vt 0.022161 0.871826
vt 0.786995 0.661121
vt 0.784860 0.629142
vt 0.986139 0.743687
vt 0.983273 0.745224
vt 0.984705 0.742342
vt 0.238631 0.067076
vt 0.235034 0.064664
vt 0.239029 0.063861
vt 0.204010 0.368653
vt 0.228822 0.062942
vt 0.414618 0.211065
vt 0.417526 0.196998
vt 0.416399 0.218246
vt 0.216703 0.062822
vt 0.214052 0.066585
vt 0.112419 0.759238
vt 0.246971 0.072464
vt 0.987087 0.543538
vt 0.983859 0.539165
vt 0.987370 0.539452
vt 0.276635 0.010897
vt 0.277063 0.015709
vt 0.246499 0.084303
vt 0.162214 0.376006
vt 0.998246 0.513257
vt 0.996622 0.512146
vt 0.998437 0.512146
vt 0.999886 0.072068
vt 0.998743 0.072068
vt 0.999768 0.071175
vt 0.452294 0.998574
vt 0.095556 0.759830
vt 0.293901 0.872519
vt 0.293578 0.877479
vt 0.838681 0.763277
vt 0.140421 0.379384
vt 0.985727 0.471161
vt 0.987124 0.474681
vt 0.983774 0.475440
vt 0.991884 0.810238
vt 0.990297 0.809329
vt 0.992523 0.808920
vt 0.138280 0.375597
vt 0.136981 0.381003
vt 0.242946 0.873860
vt 0.609125 0.413992
vt 0.128225 0.380980
vt 0.125411 0.379458
vt 0.735540 0.820087
vt 0.733172 0.826521
vt 0.011384 0.735609
vt 0.115993 0.379768
vt 0.055203 0.757089
vt 0.060520 0.757275
vt 0.989512 0.372586
vt 0.882548 0.373855
vt 0.882483 0.372986
vt 0.110103 0.382889
vt 0.034757 0.486608
vt 0.998350 0.713721
vt 0.996622 0.713721
vt 0.997672 0.712439
vt 0.099786 0.380617
vt 0.498053 0.741248
vt 0.496078 0.742750
vt 0.490763 0.750279
vt 0.299267 0.582150
vt 0.298928 0.598580
vt 0.294308 0.588974
vt 0.861149 0.984629
vt 0.863528 0.985211
vt 0.861142 0.987309
vt 0.790298 0.282416
vt 0.795602 0.288916
vt 0.791211 0.296735
vt 0.785976 0.709466
vt 0.789954 0.711859
vt 0.785532 0.713364
vt 0.558482 0.735406
vt 0.558946 0.740029
vt 0.016988 0.630867
vt 0.024096 0.629933
vt 0.018046 0.630969
vt 0.011137 0.843446
vt 0.448631 0.584790
vt 0.454656 0.590816
vt 0.452205 0.589813
vt 0.454828 0.590414
vt 0.455002 0.589927
vt 0.812919 0.994013
vt 0.815147 0.994123
vt 0.814973 0.996411
vt 0.371580 0.587564
vt 0.369845 0.586211
vt 0.644786 0.292809
vt 0.644569 0.292438
vt 0.998988 0.264383
vt 0.999281 0.264649
vt 0.998743 0.264649
vt 0.644339 0.291985
vt 0.083681 0.379857
vt 0.021894 0.383856
vt 0.724731 0.843100
vt 0.725101 0.850462
vt 0.719780 0.848992
vt 0.166693 0.991062
vt 0.165349 0.989894
vt 0.166085 0.989131
vt 0.837811 0.278452
vt 0.842684 0.276218
vt 0.842197 0.281411
vt 0.356878 0.243233
vt 0.796855 0.753737
vt 0.902053 0.604760
vt 0.075771 0.382531
vt 0.073329 0.380908
vt 0.969488 0.559817
vt 0.419960 0.375541
vt 0.424537 0.370106
vt 0.422980 0.380838
vt 0.934570 0.587916
vt 0.950651 0.582294
vt 0.888219 0.882559
vt 0.305603 0.075933
vt 0.426616 0.364794
vt 0.404957 0.366416
vt 0.341845 0.757659
vt 0.635523 0.200690
vt 0.632562 0.178619
vt 0.635295 0.183840
vt 0.274311 0.756432
vt 0.363330 0.596409
vt 0.996044 0.493218
vt 0.996274 0.494941
vt 0.994139 0.493416
vt 0.176437 0.372004
vt 0.182244 0.370382
vt 0.969253 0.992901
vt 0.967891 0.990411
vt 0.969225 0.989699
vt 0.993223 0.291448
vt 0.991890 0.291421
vt 0.990576 0.290889
vt 0.993726 0.291567
vt 0.616756 0.994385
vt 0.617151 0.995693
vt 0.616739 0.996692
vt 0.163326 0.376610
vt 0.159056 0.377993
vt 0.990146 0.291567
vt 0.870431 0.839956
vt 0.870753 0.835388
vt 0.874613 0.839262
vt 0.105469 0.758533
vt 0.100268 0.750637
vt 0.606080 0.385363
vt 0.606819 0.390568
vt 0.605792 0.389746
vt 0.096084 0.759666
vt 0.276787 0.001267
vt 0.272466 0.000514
vt 0.843385 0.772427
vt 0.844984 0.762847
vt 0.846659 0.768863
vt 0.839983 0.772844
vt 0.147543 0.379064
vt 0.146628 0.375170
vt 0.087617 0.757089
vt 0.085455 0.757005
vt 0.988841 0.472824
vt 0.081413 0.757971
vt 0.387291 0.579359
vt 0.390405 0.584628
vt 0.384866 0.582776
vt 0.385845 0.586916
vt 0.003226 0.045762
vt 0.003319 0.039298
vt 0.003648 0.043641
vt 0.131533 0.381617
vt 0.065859 0.756061
vt 0.872320 0.761560
vt 0.868979 0.759888
vt 0.872631 0.755283
vt 0.818481 0.139099
vt 0.817498 0.139839
vt 0.682513 0.138617
vt 0.687059 0.131552
vt 0.686667 0.139954
vt 0.681459 0.129604
vt 0.988832 0.221783
vt 0.986508 0.219102
vt 0.989179 0.219906
vt 0.989015 0.371800
vt 0.818650 0.270323
vt 0.682971 0.127580
vt 0.680574 0.127303
vt 0.683476 0.126987
vt 0.612343 0.389874
vt 0.985082 0.662349
vt 0.987382 0.660039
vt 0.987636 0.662495
vt 0.629342 0.872913
vt 0.627401 0.878951
vt 0.624714 0.873369
vt 0.010639 0.860702
vt 0.010689 0.852909
vt 0.014509 0.853571
vt 0.018089 0.638537
vt 0.022109 0.637264
vt 0.026440 0.637589
vt 0.796122 0.291737
vt 0.794621 0.295158
vt 0.033757 0.756706
vt 0.031339 0.754333
vt 0.037294 0.756931
vt 0.788991 0.707061
vt 0.999719 0.264536
vt 0.167500 0.989131
vt 0.167793 0.992161
vt 0.167500 0.993757
vt 0.880869 0.348876
vt 0.880168 0.351213
vt 0.876297 0.349139
vt 0.723389 0.851743
vt 0.720644 0.851808
vt 0.733424 0.850840
vt 0.729223 0.852107
vt 0.034751 0.442701
vt 0.035139 0.449693
vt 0.030491 0.443286
vt 0.660425 0.149205
vt 0.657896 0.151776
vt 0.655773 0.148776
vt 0.894237 0.615684
vt 0.655770 0.144354
vt 0.210518 0.873283
vt 0.212890 0.875463
vt 0.211426 0.879089
vt 0.126921 0.989297
vt 0.126597 0.992660
vt 0.124859 0.991270
vt 0.990906 0.243685
vt 0.993722 0.242750
vt 0.993161 0.244589
vt 0.875874 0.863176
vt 0.618340 0.741167
vt 0.769105 0.648921
vt 0.189694 0.413050
vt 0.128421 0.417761
vt 0.066660 0.412893
vt 0.342796 0.368226
vt 0.845021 0.252207
vt 0.842484 0.252765
vt 0.847411 0.248916
vt 0.845227 0.245013
vt 0.415315 0.177044
vt 0.418375 0.185612
vt 0.418221 0.191649
vt 0.418252 0.178843
vt 0.417479 0.168986
vt 0.415434 0.163278
vt 0.300546 0.751775
vt 0.296059 0.751136
vt 0.300327 0.741290
vt 0.420293 0.164829
vt 0.298629 0.734570
vt 0.296184 0.734550
vt 0.244178 0.755683
vt 0.234775 0.755302
vt 0.044389 0.878773
vt 0.043839 0.871603
vt 0.046569 0.872198
vt 0.613453 0.578750
vt 0.610137 0.561569
vt 0.614440 0.572943
vt 0.610549 0.578910
vt 0.263697 0.375481
vt 0.784170 0.646131
vt 0.613804 0.556666
vt 0.610846 0.546702
vt 0.164280 0.752019
vt 0.172087 0.379594
vt 0.197536 0.063048
vt 0.201173 0.065890
vt 0.491338 0.998557
vt 0.490217 0.997992
vt 0.491338 0.997093
vt 0.778820 0.255374
vt 0.813035 0.237025
vt 0.967795 0.989429
vt 0.182937 0.063488
vt 0.183394 0.065962
vt 0.996179 0.835291
vt 0.995186 0.835846
vt 0.994237 0.835295
vt 0.984097 0.869389
vt 0.983484 0.867027
vt 0.988288 0.870298
vt 0.178941 0.066989
vt 0.178782 0.063849
vt 0.083657 0.750943
vt 0.145706 0.379981
vt 0.652067 0.191414
vt 0.656152 0.188623
vt 0.655163 0.193497
vt 0.653341 0.187571
vt 0.217268 0.873578
vt 0.214403 0.879018
vt 0.215927 0.874218
vt 0.220674 0.875363
vt 0.133459 0.382132
vt 0.068144 0.750809
vt 0.125810 0.382316
vt 0.090978 0.469783
vt 0.089474 0.469388
vt 0.090592 0.468930
vt 0.062714 0.756406
vt 0.090935 0.467075
vt 0.064289 0.757284
vt 0.816490 0.144192
vt 0.817129 0.140939
vt 0.983381 0.373726
vt 0.052703 0.755662
vt 0.044654 0.754351
vt 0.820808 0.261558
vt 0.661166 0.987764
vt 0.661433 0.983273
vt 0.664637 0.985571
vt 0.609337 0.386465
vt 0.472469 0.091068
vt 0.014880 0.859515
vt 0.038634 0.755502
vt 0.043476 0.756919
vt 0.251989 0.882050
vt 0.609852 0.381316
vt 0.474245 0.085417
vt 0.875877 0.370972
vt 0.880946 0.365394
vt 0.878894 0.368850
vt 0.875691 0.363482
vt 0.876026 0.355144
vt 0.879464 0.353395
vt 0.024901 0.754771
vt 0.020462 0.755939
vt 0.017742 0.754566
vt 0.983773 0.484157
vt 0.988311 0.485361
vt 0.984533 0.486094
vt 0.584830 0.377029
vt 0.581242 0.376396
vt 0.585584 0.374699
vt 0.190025 0.871577
vt 0.183521 0.877386
vt 0.186951 0.869371
vt 0.183626 0.871612
vt 0.374992 0.378025
vt 0.372056 0.380194
vt 0.370617 0.373697
vt 0.407681 0.381762
vt 0.407987 0.373545
vt 0.412080 0.379639
vt 0.798290 0.754894
vt 0.615398 0.493975
vt 0.617904 0.491069
vt 0.613200 0.504503
vt 0.966185 0.563706
vt 0.985518 0.648302
vt 0.987944 0.645351
vt 0.988164 0.648757
vt 0.983355 0.645389
vt 0.626073 0.635362
vt 0.624297 0.631312
vt 0.419591 0.369162
vt 0.917196 0.602254
vt 0.922156 0.600111
vt 0.936759 0.585509
vt 0.941837 0.582284
vt 0.952426 0.574665
vt 0.960892 0.564849
vt 0.889972 0.881813
vt 0.996108 0.996998
vt 0.995097 0.997010
vt 0.994069 0.996998
vt 0.616740 0.123743
vt 0.855644 0.378128
vt 0.328706 0.102017
vt 0.738186 0.877260
vt 0.749862 0.866728
vt 0.549704 0.361456
vt 0.768849 0.570208
vt 0.443211 0.364847
vt 0.241497 0.414991
vt 0.247058 0.420966
vt 0.278863 0.416755
vt 0.372642 0.368761
vt 0.098270 0.277291
vt 0.100266 0.271370
vt 0.100720 0.274127
vt 0.323752 0.730331
vt 0.783486 0.984357
vt 0.784893 0.986266
vt 0.782764 0.988209
vt 0.826291 0.994013
vt 0.827486 0.994525
vt 0.826291 0.996559
vt 0.818947 0.728244
vt 0.821800 0.735464
vt 0.815855 0.729193
vt 0.638214 0.196976
vt 0.337811 0.369467
vt 0.993836 0.085161
vt 0.992106 0.083619
vt 0.993788 0.082524
vt 0.849242 0.247574
vt 0.845855 0.241570
vt 0.846714 0.243528
vt 0.420285 0.194656
vt 0.415119 0.193619
vt 0.516222 0.073973
vt 0.516539 0.079151
vt 0.512164 0.078351
vt 0.775551 0.997093
vt 0.776744 0.998034
vt 0.775551 0.998409
vt 0.538161 0.993304
vt 0.536672 0.992603
vt 0.537974 0.989434
vt 0.418997 0.173441
vt 0.228144 0.996048
vt 0.228305 0.994013
vt 0.230352 0.994157
vt 0.417639 0.158068
vt 0.425309 0.161572
vt 0.417371 0.155073
vt 0.416569 0.151102
vt 0.420058 0.154242
vt 0.202682 0.752969
vt 0.124339 0.750338
vt 0.173042 0.376297
vt 0.843004 0.991298
vt 0.844680 0.989320
vt 0.844367 0.991989
vt 0.813080 0.230163
vt 0.811067 0.228601
vt 0.991309 0.087853
vt 0.990146 0.087289
vt 0.992920 0.088226
vt 0.164815 0.379007
vt 0.162407 0.376730
vt 0.116700 0.545215
vt 0.121472 0.545467
vt 0.118473 0.548504
vt 0.039584 0.366003
vt 0.036219 0.372111
vt 0.034663 0.362741
vt 0.202781 0.874148
vt 0.204975 0.872341
vt 0.202298 0.876974
vt 0.150137 0.380495
vt 0.207633 0.872921
vt 0.207837 0.878405
vt 0.872464 0.773132
vt 0.875058 0.781763
vt 0.869448 0.781369
vt 0.875103 0.779729
vt 0.038018 0.651451
vt 0.037238 0.658576
vt 0.032476 0.654941
vt 0.141067 0.382052
vt 0.989149 0.782182
vt 0.986798 0.781933
vt 0.987865 0.780301
vt 0.467071 0.880003
vt 0.470692 0.879520
vt 0.470576 0.880517
vt 0.470332 0.881591
vt 0.468025 0.884837
vt 0.470692 0.882653
vt 0.036174 0.375747
vt 0.038204 0.383580
vt 0.033861 0.381973
vt 0.039062 0.381125
vt 0.647447 0.294525
vt 0.650391 0.294335
vt 0.647304 0.298158
vt 0.740348 0.821753
vt 0.608151 0.405305
vt 0.087870 0.470547
vt 0.060484 0.750352
vt 0.983945 0.665356
vt 0.984355 0.663403
vt 0.989022 0.664866
vt 0.882322 0.375989
vt 0.875787 0.375774
vt 0.066522 0.867797
vt 0.066086 0.861818
vt 0.070472 0.867661
vt 0.984247 0.483397
vt 0.983486 0.481143
vt 0.988947 0.481165
vt 0.045237 0.749905
vt 0.039184 0.302956
vt 0.036186 0.305003
vt 0.038703 0.296779
vt 0.631964 0.173338
vt 0.657466 0.155204
vt 0.657160 0.159910
vt 0.656128 0.153215
vt 0.416043 0.431456
vt 0.414428 0.425857
vt 0.189672 0.878275
vt 0.031687 0.451403
vt 0.013674 0.755537
vt 0.018161 0.749298
vt 0.619247 0.499152
vt 0.009234 0.752561
vt 0.651912 0.145462
vt 0.415347 0.237129
vt 0.417142 0.234325
vt 0.418389 0.238000
vt 0.844219 0.161043
vt 0.850765 0.161868
vt 0.848294 0.165551
vt 0.341070 0.233147
vt 0.344925 0.236970
vt 0.340595 0.235920
vt 0.417299 0.988199
vt 0.416094 0.986985
vt 0.417626 0.984902
vt 0.736792 0.855152
vt 0.730480 0.870449
vt 0.628185 0.740366
vt 0.061591 0.416804
vt 0.234245 0.101834
vt 0.191645 0.104190
vt 0.151354 0.100107
vt 0.771728 0.452991
vt 0.769785 0.532250
vt 0.417337 0.366622
vt 0.411795 0.369752
vt 0.000935 0.845837
vt 0.005326 0.838423
vt 0.006192 0.849987
vt 0.361833 0.369428
vt 0.355670 0.370576
vt 0.122379 0.267169
vt 0.123638 0.267796
vt 0.120859 0.266903
vt 0.124007 0.268295
vt 0.791589 0.796896
vt 0.791482 0.796489
vt 0.791875 0.796329
vt 0.795470 0.793518
vt 0.331225 0.370323
vt 0.829555 0.371253
vt 0.829704 0.364320
vt 0.831525 0.361630
vt 0.835083 0.367456
vt 0.339439 0.373200
vt 0.342863 0.371436
vt 0.343254 0.378219
vt 0.220231 0.753050
vt 0.193778 0.753268
vt 0.185238 0.752221
vt 0.816910 0.539561
vt 0.814898 0.532847
vt 0.816760 0.522397
vt 0.815112 0.515331
vt 0.475336 0.144716
vt 0.473318 0.132727
vt 0.478175 0.130246
vt 0.345140 0.743507
vt 0.342923 0.734386
vt 0.345059 0.740282
vt 0.346419 0.738899
vt 0.108343 0.752470
vt 0.235111 0.997720
vt 0.235188 0.998276
vt 0.235151 0.998700
vt 0.997407 0.314242
vt 0.997985 0.314151
vt 0.998562 0.314190
vt 0.235188 0.997093
vt 0.990730 0.087297
vt 0.993500 0.087327
vt 0.876592 0.834658
vt 0.873150 0.832477
vt 0.152366 0.380958
vt 0.203052 0.878011
vt 0.408908 0.581528
vt 0.409297 0.584051
vt 0.407780 0.583755
vt 0.984760 0.781704
vt 0.984315 0.779245
vt 0.992857 0.090860
vt 0.990146 0.091738
vt 0.991248 0.090391
vt 0.983732 0.782182
vt 0.985921 0.781677
vt 0.968280 0.983532
vt 0.969624 0.984624
vt 0.967085 0.985228
vt 0.993330 0.497378
vt 0.993271 0.499476
vt 0.992285 0.499580
vt 0.966896 0.986257
vt 0.990751 0.497389
vt 0.991214 0.499810
vt 0.969250 0.987197
vt 0.967151 0.987327
vt 0.967672 0.988009
vt 0.599489 0.996148
vt 0.597684 0.996615
vt 0.597601 0.994727
vt 0.990157 0.499438
vt 0.314841 0.993558
vt 0.313520 0.993184
vt 0.314509 0.990205
vt 0.313884 0.989131
vt 0.136198 0.381255
vt 0.219201 0.879693
vt 0.216093 0.881065
vt 0.130232 0.382992
vt 0.834651 0.992003
vt 0.833719 0.992618
vt 0.834346 0.989564
vt 0.997860 0.193035
vt 0.996622 0.191457
vt 0.998544 0.191457
vt 0.880525 0.377766
vt 0.030407 0.320294
vt 0.039077 0.319883
vt 0.035565 0.322537
vt 0.072841 0.862748
vt 0.068858 0.858683
vt 0.295358 0.592709
vt 0.564464 0.743560
vt 0.779230 0.127226
vt 0.015875 0.844297
vt 0.018523 0.620609
vt 0.020228 0.623725
vt 0.810655 0.987756
vt 0.809949 0.984489
vt 0.813731 0.985659
vt 0.497950 0.117109
vt 0.496567 0.121126
vt 0.496892 0.111125
vt 0.625445 0.509835
vt 0.843782 0.167891
vt 0.880738 0.627134
vt 0.876627 0.627107
vt 0.879143 0.624984
vt 0.881557 0.627298
vt 0.013824 0.696061
vt 0.016474 0.693233
vt 0.904910 0.613597
vt 0.345729 0.240435
vt 0.856766 0.198576
vt 0.321216 0.101212
vt 0.005371 0.379169
vt 0.006143 0.364231
vt 0.007608 0.375607
vt 0.007400 0.345242
vt 0.769132 0.595730
vt 0.172247 0.418103
vt 0.494968 0.363169
vt 0.483308 0.363522
vt 0.013015 0.105003
vt 0.456875 0.367526
vt 0.448610 0.365686
vt 0.382385 0.368678
vt 0.359433 0.591200
vt 0.353863 0.584842
vt 0.355227 0.579123
vt 0.466217 0.586888
vt 0.463116 0.580060
vt 0.464257 0.578386
vt 0.816295 0.740786
vt 0.345896 0.371004
vt 0.679795 0.992313
vt 0.679833 0.989393
vt 0.683325 0.989859
vt 0.847399 0.191579
vt 0.852737 0.184917
vt 0.852591 0.191220
vt 0.284745 0.407670
vt 0.280413 0.413443
vt 0.281671 0.406514
vt 0.063041 0.881843
vt 0.058208 0.885960
vt 0.059703 0.881097
vt 0.001253 0.863009
vt 0.000712 0.852972
vt 0.004192 0.853244
vt 0.451333 0.370518
vt 0.455280 0.370171
vt 0.455051 0.379580
vt 0.860876 0.613835
vt 0.865360 0.615124
vt 0.865254 0.620876
vt 0.290304 0.104755
vt 0.295415 0.101307
vt 0.293462 0.109379
vt 0.106098 0.026105
vt 0.105914 0.031566
vt 0.102842 0.028142
vt 0.418474 0.150376
vt 0.421026 0.139141
vt 0.421751 0.144791
vt 0.418580 0.109777
vt 0.416980 0.102163
vt 0.419427 0.106357
vt 0.409106 0.233360
vt 0.408334 0.238187
vt 0.406221 0.231473
vt 0.406377 0.235967
vt 0.159035 0.383910
vt 0.329147 0.383091
vt 0.327362 0.382694
vt 0.329468 0.380772
vt 0.327429 0.377636
vt 0.767659 0.988255
vt 0.767035 0.984901
vt 0.767956 0.983962
vt 0.715481 0.798461
vt 0.713833 0.788215
vt 0.717699 0.792125
vt 0.035038 0.660108
vt 0.198175 0.993140
vt 0.198341 0.989131
vt 0.198950 0.992403
vt 0.990962 0.794984
vt 0.991729 0.794682
vt 0.993260 0.794984
vt 0.012050 0.412833
vt 0.006849 0.410346
vt 0.011201 0.410129
vt 0.288394 0.990351
vt 0.287694 0.993330
vt 0.287390 0.990596
vt 0.991408 0.793601
vt 0.287389 0.989131
vt 0.143560 0.736808
vt 0.620207 0.573304
vt 0.617846 0.571694
vt 0.620807 0.569193
vt 0.011928 0.405856
vt 0.617155 0.567245
vt 0.385273 0.592091
vt 0.009676 0.404111
vt 0.619263 0.565153
vt 0.617237 0.562654
vt 0.831207 0.405680
vt 0.033592 0.352046
vt 0.030206 0.352240
vt 0.038126 0.348684
vt 0.034176 0.347048
vt 0.993740 0.242442
vt 0.990577 0.242078
vt 0.992847 0.241202
vt 0.531416 0.995542
vt 0.532019 0.994013
vt 0.532013 0.995955
vt 0.997459 0.357138
vt 0.998490 0.358364
vt 0.996622 0.358364
vt 0.845117 0.992721
vt 0.844953 0.990349
vt 0.845908 0.992608
vt 0.800128 0.297002
vt 0.799523 0.292404
vt 0.803590 0.295017
vt 0.846757 0.173939
vt 0.848411 0.171260
vt 0.852334 0.173060
vt 0.853041 0.168875
vt 0.845928 0.989131
vt 0.852829 0.176440
vt 0.853404 0.169767
vt 0.852486 0.169850
vt 0.009994 0.742415
vt 0.037314 0.325717
vt 0.031178 0.328177
vt 0.809336 0.456575
vt 0.295970 0.599314
vt 0.026856 0.749501
vt 0.634005 0.172250
vt 0.028686 0.283891
vt 0.038838 0.287609
vt 0.037325 0.289892
vt 0.018920 0.612592
vt 0.022382 0.609360
vt 0.026150 0.609924
vt 0.990234 0.558698
vt 0.993226 0.557948
vt 0.991911 0.559775
vt 0.991920 0.656030
vt 0.990704 0.655759
vt 0.990146 0.654330
vt 0.992503 0.648693
vt 0.990286 0.649131
vt 0.990963 0.647173
vt 0.072578 0.574286
vt 0.071414 0.580225
vt 0.070097 0.575969
vt 0.870112 0.862320
vt 0.856084 0.611236
vt 0.855626 0.649056
vt 0.605510 0.363881
vt 0.521061 0.362273
vt 0.534553 0.727206
vt 0.437651 0.364805
vt 0.824082 0.670771
vt 0.829686 0.670833
vt 0.825004 0.674644
vt 0.378353 0.368655
vt 0.990855 0.460635
vt 0.993394 0.459212
vt 0.993007 0.460543
vt 0.641707 0.174290
vt 0.636195 0.175134
vt 0.640447 0.163549
vt 0.781166 0.990428
vt 0.783286 0.989641
vt 0.783528 0.993039
vt 0.990146 0.834831
vt 0.991523 0.833312
vt 0.993228 0.834831
vt 0.818262 0.694608
vt 0.822606 0.702345
vt 0.821074 0.706563
vt 0.825826 0.376706
vt 0.829588 0.378656
vt 0.829547 0.383459
vt 0.829873 0.729296
vt 0.830789 0.736083
vt 0.826163 0.730003
vt 0.125172 0.273557
vt 0.791365 0.803731
vt 0.683309 0.993034
vt 0.984763 0.526782
vt 0.983936 0.524223
vt 0.987712 0.526489
vt 0.849291 0.185296
vt 0.834422 0.267896
vt 0.836782 0.271472
vt 0.836101 0.276396
vt 0.829202 0.280834
vt 0.831334 0.269876
vt 0.846445 0.179283
vt 0.852035 0.179767
vt 0.298476 0.407379
vt 0.301583 0.411783
vt 0.296645 0.416946
vt 0.507073 0.884775
vt 0.503488 0.883961
vt 0.506116 0.880483
vt 0.289577 0.406178
vt 0.293700 0.407403
vt 0.288079 0.412333
vt 0.319591 0.373478
vt 0.307203 0.378418
vt 0.068808 0.989403
vt 0.068954 0.992533
vt 0.067311 0.993617
vt 0.006210 0.861104
vt 0.071041 0.993330
vt 0.984259 0.386420
vt 0.988379 0.385764
vt 0.988644 0.386508
vt 0.239005 0.864224
vt 0.235305 0.872286
vt 0.236457 0.864601
vt 0.634852 0.518608
vt 0.633788 0.524000
vt 0.633162 0.521642
vt 0.638626 0.522315
vt 0.843163 0.178771
vt 0.842178 0.188305
vt 0.839637 0.177964
vt 0.418919 0.116765
vt 0.421481 0.123947
vt 0.423535 0.119561
vt 0.795182 0.483088
vt 0.795010 0.474178
vt 0.798324 0.480740
vt 0.176967 0.735595
vt 0.417747 0.112411
vt 0.425552 0.112266
vt 0.415904 0.112578
vt 0.423009 0.104603
vt 0.421957 0.098549
vt 0.420039 0.103340
vt 0.420235 0.095299
vt 0.418503 0.081469
vt 0.160546 0.749825
vt 0.129362 0.747464
vt 0.109367 0.748292
vt 0.120476 0.746880
vt 0.340978 0.746354
vt 0.170814 0.383683
vt 0.812101 0.234894
vt 0.788043 0.994013
vt 0.789042 0.994751
vt 0.788043 0.996588
vt 0.985419 0.085583
vt 0.989205 0.086318
vt 0.988800 0.089849
vt 0.082120 0.332935
vt 0.084281 0.337360
vt 0.081564 0.342613
vt 0.029967 0.375508
vt 0.028799 0.366400
vt 0.083476 0.331939
vt 0.609873 0.006176
vt 0.604871 0.006039
vt 0.603438 0.005505
vt 0.716193 0.786477
vt 0.376424 0.994702
vt 0.376833 0.995310
vt 0.376708 0.996811
vt 0.376469 0.996219
vt 0.620381 0.573983
vt 0.376833 0.994013
vt 0.387727 0.595747
vt 0.390249 0.586807
vt 0.390661 0.593200
vt 0.049180 0.983742
vt 0.051402 0.984175
vt 0.049162 0.987180
vt 0.050302 0.988611
vt 0.827522 0.170579
vt 0.828132 0.165234
vt 0.830738 0.170486
vt 0.722823 0.996622
vt 0.721902 0.994862
vt 0.722823 0.994013
vt 0.650115 0.298642
vt 0.651124 0.302027
vt 0.803180 0.291742
vt 0.827926 0.162259
vt 0.827581 0.156569
vt 0.832432 0.161408
vt 0.035963 0.338318
vt 0.030583 0.339014
vt 0.037160 0.330666
vt 0.832701 0.155997
vt 0.038448 0.310934
vt 0.495515 0.750976
vt 0.030094 0.312981
vt 0.027946 0.633534
vt 0.985820 0.552037
vt 0.983878 0.547211
vt 0.989273 0.547049
vt 0.564566 0.747699
vt 0.559849 0.747891
vt 0.029112 0.298472
vt 0.373046 0.594144
vt 0.650262 0.162139
vt 0.414232 0.374867
vt 0.028273 0.291474
vt 0.325570 0.405698
vt 0.327039 0.419464
vt 0.322923 0.409409
vt 0.414323 0.231900
vt 0.413173 0.740469
vt 0.414589 0.749319
vt 0.411360 0.751870
vt 0.978303 0.555991
vt 0.998474 0.423231
vt 0.996934 0.424270
vt 0.996622 0.423231
vt 0.068424 0.580792
vt 0.713527 0.712092
vt 0.723069 0.711691
vt 0.716500 0.719233
vt 0.555155 0.989440
vt 0.557594 0.989131
vt 0.556646 0.991005
vt 0.915742 0.610574
vt 0.999334 0.051886
vt 0.998743 0.050752
vt 0.999890 0.050752
vt 0.881521 0.634193
vt 0.555524 0.992660
vt 0.501015 0.111433
vt 0.502435 0.117707
vt 0.970708 0.558418
vt 0.971280 0.561650
vt 0.966124 0.564595
vt 0.913319 0.996528
vt 0.913319 0.994013
vt 0.914138 0.996231
vt 0.974268 0.554312
vt 0.975822 0.557694
vt 0.974257 0.558126
vt 0.751975 0.861629
vt 0.737804 0.881379
vt 0.475396 0.363849
vt 0.004740 0.709106
vt 0.008036 0.700185
vt 0.008196 0.710245
vt 0.260129 0.424409
vt 0.283551 0.095825
vt 0.286429 0.094194
vt 0.284262 0.098083
vt 0.990847 0.458357
vt 0.992532 0.458768
vt 0.375403 0.368285
vt 0.630043 0.868920
vt 0.630452 0.860101
vt 0.631048 0.870049
vt 0.625004 0.869181
vt 0.624784 0.862069
vt 0.002058 0.849821
vt 0.824039 0.129847
vt 0.826277 0.141565
vt 0.820253 0.133941
vt 0.823122 0.381838
vt 0.824077 0.384875
vt 0.984193 0.363307
vt 0.988109 0.362972
vt 0.989402 0.363982
vt 0.350082 0.372533
vt 0.796456 0.800566
vt 0.989219 0.525063
vt 0.877659 0.459282
vt 0.880843 0.464224
vt 0.876215 0.464332
vt 0.989098 0.288909
vt 0.984224 0.287252
vt 0.988049 0.286682
vt 0.868096 0.612025
vt 0.872455 0.614961
vt 0.867663 0.618100
vt 0.983811 0.767003
vt 0.989198 0.766526
vt 0.987562 0.768665
vt 0.342216 0.381241
vt 0.323691 0.374871
vt 0.503623 0.879795
vt 0.450054 0.378026
vt 0.989034 0.910977
vt 0.987160 0.912109
vt 0.988619 0.909391
vt 0.239269 0.870694
vt 0.218245 0.863323
vt 0.221155 0.868424
vt 0.214559 0.865429
vt 0.192902 0.990011
vt 0.194675 0.992025
vt 0.193194 0.993286
vt 0.973322 0.983699
vt 0.974457 0.987525
vt 0.972958 0.986562
vt 0.974401 0.984008
vt 0.919959 0.986291
vt 0.921831 0.985251
vt 0.922482 0.988077
vt 0.836665 0.186177
vt 0.424855 0.146885
vt 0.422646 0.151914
vt 0.427820 0.150849
vt 0.423182 0.130630
vt 0.426690 0.132089
vt 0.989806 0.124268
vt 0.984463 0.123971
vt 0.986670 0.122184
vt 0.876552 0.512158
vt 0.877268 0.506126
vt 0.876873 0.510169
vt 0.782130 0.253577
vt 0.782297 0.248159
vt 0.784389 0.250174
vt 0.532832 0.375469
vt 0.534149 0.381338
vt 0.533789 0.381494
vt 0.419970 0.076240
vt 0.423382 0.080021
vt 0.409034 0.239269
vt 0.408646 0.239210
vt 0.874491 0.023268
vt 0.873536 0.023481
vt 0.874703 0.022770
vt 0.872971 0.022576
vt 0.872752 0.021839
vt 0.874279 0.021223
vt 0.872509 0.020873
vt 0.872010 0.017153
vt 0.871445 0.014763
vt 0.872291 0.603464
vt 0.872616 0.595741
vt 0.874739 0.597623
vt 0.988150 0.637702
vt 0.988147 0.642072
vt 0.984013 0.639411
vt 0.186033 0.382591
vt 0.174217 0.383284
vt 0.993164 0.160073
vt 0.990146 0.159656
vt 0.992474 0.159447
vt 0.082176 0.346969
vt 0.984145 0.089057
vt 0.985824 0.090776
vt 0.715487 0.806076
vt 0.715192 0.802682
vt 0.720170 0.805061
vt 0.031833 0.357513
vt 0.006523 0.405545
vt 0.181672 0.988483
vt 0.181089 0.984991
vt 0.184395 0.987232
vt 0.033521 0.346214
vt 0.028977 0.344415
vt 0.034629 0.343434
vt 0.714928 0.770789
vt 0.723032 0.775063
vt 0.716324 0.782969
vt 0.086233 0.481137
vt 0.079462 0.474262
vt 0.086952 0.477946
vt 0.798147 0.294628
vt 0.716257 0.761910
vt 0.719020 0.768513
vt 0.719296 0.765416
vt 0.715309 0.747839
vt 0.722500 0.766198
vt 0.988727 0.283856
vt 0.984032 0.281169
vt 0.988474 0.280190
vt 0.983882 0.283557
vt 0.653900 0.172471
vt 0.647536 0.174706
vt 0.647632 0.168622
vt 0.063308 0.997093
vt 0.064554 0.998396
vt 0.063441 0.998084
vt 0.784093 0.127261
vt 0.781971 0.195177
vt 0.011737 0.845713
vt 0.032648 0.292855
vt 0.717352 0.731840
vt 0.718503 0.729287
vt 0.719955 0.724646
vt 0.818024 0.167124
vt 0.816719 0.177002
vt 0.814947 0.164633
vt 0.328818 0.416590
vt 0.980867 0.561962
vt 0.992850 0.951457
vt 0.990146 0.953319
vt 0.990389 0.951102
vt 0.957194 0.991179
vt 0.957465 0.989131
vt 0.958688 0.990940
vt 0.350385 0.380683
vt 0.353406 0.374921
vt 0.354305 0.381383
vt 0.340607 0.239882
vt 0.341182 0.238765
vt 0.340025 0.237833
vt 0.879948 0.635417
vt 0.885879 0.630562
vt 0.892065 0.622363
vt 0.891616 0.625449
vt 0.942473 0.593532
vt 0.956054 0.577303
vt 0.979816 0.574286
vt 0.976459 0.558744
vt 0.865993 0.858654
vt 0.845330 0.385066
vt 0.622737 0.369493
vt 0.199107 0.111235
vt 0.211271 0.107880
vt 0.249770 0.109503
vt 0.468291 0.365907
vt 0.454935 0.368374
vt 0.856626 0.733491
vt 0.857644 0.732383
vt 0.860228 0.733631
vt 0.200877 0.407972
vt 0.202075 0.404382
vt 0.204937 0.407809
vt 0.007875 0.690445
vt 0.407898 0.369887
vt 0.779661 0.447234
vt 0.284756 0.421611
vt 0.290783 0.422809
vt 0.831280 0.679469
vt 0.336495 0.409617
vt 0.333116 0.417879
vt 0.335333 0.405727
vt 0.310699 0.990564
vt 0.309843 0.992561
vt 0.310294 0.989131
vt 0.283566 0.094617
vt 0.284275 0.090978
vt 0.353385 0.594207
vt 0.353317 0.590531
vt 0.996071 0.926555
vt 0.994069 0.927270
vt 0.994069 0.926200
vt 0.640752 0.177360
vt 0.820649 0.739511
vt 0.043675 0.991068
vt 0.042059 0.990427
vt 0.041758 0.989131
vt 0.828970 0.387730
vt 0.534221 0.582399
vt 0.536799 0.581812
vt 0.535988 0.588475
vt 0.347610 0.408149
vt 0.348089 0.417325
vt 0.344189 0.406940
vt 0.195183 0.989131
vt 0.859844 0.623369
vt 0.231404 0.874983
vt 0.233219 0.876720
vt 0.228138 0.877704
vt 0.300086 0.732630
vt 0.102975 0.033845
vt 0.855855 0.278502
vt 0.858052 0.280138
vt 0.858207 0.282415
vt 0.223336 0.381432
vt 0.534014 0.381784
vt 0.534501 0.381268
vt 0.534297 0.372033
vt 0.425910 0.077733
vt 0.408290 0.239232
vt 0.663922 0.005531
vt 0.649019 0.008528
vt 0.654829 0.004492
vt 0.772419 0.711067
vt 0.778703 0.712704
vt 0.773354 0.712717
vt 0.784697 0.304615
vt 0.787289 0.306771
vt 0.785333 0.307093
vt 0.636738 0.007677
vt 0.632997 0.008419
vt 0.641654 0.006827
vt 0.874382 0.617448
vt 0.876493 0.621884
vt 0.874081 0.621793
vt 0.629641 0.006639
vt 0.791936 0.305315
vt 0.076334 0.578868
vt 0.075672 0.572449
vt 0.077091 0.573427
vt 0.624097 0.007278
vt 0.621714 0.009180
vt 0.614205 0.005247
vt 0.619049 0.009077
vt 0.720469 0.810716
vt 0.996622 0.239068
vt 0.996622 0.237648
vt 0.998530 0.238693
vt 0.369316 0.874019
vt 0.372964 0.872171
vt 0.371862 0.878897
vt 0.721179 0.797048
vt 0.818005 0.152617
vt 0.724242 0.752884
vt 0.049187 0.743015
vt 0.719452 0.739773
vt 0.723403 0.746217
vt 0.997300 0.700405
vt 0.996622 0.699726
vt 0.998384 0.699726
vt 0.990668 0.334484
vt 0.991866 0.332836
vt 0.993114 0.334834
vt 0.633636 0.173995
vt 0.801802 0.128054
vt 0.795542 0.142495
vt 0.795866 0.131639
vt 0.976013 0.564785
vt 0.847117 0.169226
vt 0.013007 0.604523
vt 0.014937 0.607966
vt 0.009254 0.608388
vt 0.175133 0.877342
vt 0.174486 0.883425
vt 0.172793 0.879074
vt 0.781415 0.439037
vt 0.781382 0.439443
vt 0.781142 0.438380
vt 0.782868 0.441205
vt 0.340529 0.241557
vt 0.660157 0.989131
vt 0.660782 0.992143
vt 0.659936 0.990719
vt 0.558734 0.994013
vt 0.558830 0.994498
vt 0.558638 0.996634
vt 0.937285 0.588249
vt 0.355505 0.377948
vt 0.991750 0.521824
vt 0.991489 0.521327
vt 0.993519 0.521717
vt 0.976721 0.566033
vt 0.454072 0.987775
vt 0.453118 0.984706
vt 0.457055 0.984411
vt 0.730946 0.885621
vt 0.528341 0.084430
vt 0.580650 0.364668
vt 0.236316 0.105906
vt 0.128060 0.425372
vt 0.063445 0.425053
vt 0.573540 0.364040
vt 0.776977 0.565823
vt 0.482445 0.365665
vt 0.241782 0.422821
vt 0.175443 0.420840
vt 0.145307 0.998656
vt 0.146499 0.997093
vt 0.146864 0.998656
vt 0.439968 0.588903
vt 0.438934 0.586801
vt 0.440214 0.584284
vt 0.440089 0.578836
vt 0.441909 0.580309
vt 0.832791 0.619905
vt 0.831570 0.622926
vt 0.831842 0.615140
vt 0.001479 0.710442
vt 0.002338 0.686200
vt 0.414796 0.371594
vt 0.381097 0.372421
vt 0.826725 0.680979
vt 0.804411 0.699878
vt 0.806590 0.697659
vt 0.809090 0.700324
vt 0.375509 0.373971
vt 0.377833 0.754472
vt 0.377700 0.748780
vt 0.379715 0.755031
vt 0.117894 0.028250
vt 0.119552 0.031809
vt 0.116362 0.033391
vt 0.378594 0.994128
vt 0.378927 0.995640
vt 0.378039 0.996040
vt 0.286682 0.077935
vt 0.284494 0.081657
vt 0.832596 0.659922
vt 0.828200 0.654259
vt 0.832397 0.652494
vt 0.716049 0.987671
vt 0.715169 0.987360
vt 0.716933 0.984403
vt 0.713992 0.983293
vt 0.823388 0.143762
vt 0.821050 0.138752
vt 0.284436 0.075437
vt 0.284497 0.073608
vt 0.285248 0.068055
vt 0.425909 0.883306
vt 0.425545 0.877097
vt 0.430158 0.883369
vt 0.468745 0.989131
vt 0.470942 0.989527
vt 0.470738 0.991459
vt 0.287821 0.217539
vt 0.292251 0.214984
vt 0.290294 0.221963
vt 0.283505 0.064841
vt 0.284413 0.062007
vt 0.119792 0.271413
vt 0.283879 0.056605
vt 0.285904 0.053047
vt 0.430986 0.584725
vt 0.432483 0.578517
vt 0.432289 0.588089
vt 0.138016 0.992961
vt 0.137027 0.990530
vt 0.138600 0.990452
vt 0.283621 0.051541
vt 0.284298 0.048042
vt 0.879228 0.828076
vt 0.876329 0.828240
vt 0.879216 0.825256
vt 0.834616 0.375785
vt 0.390634 0.418388
vt 0.385311 0.406938
vt 0.389596 0.406272
vt 0.283419 0.044798
vt 0.284212 0.040217
vt 0.094843 0.988902
vt 0.096235 0.984093
vt 0.097351 0.986255
vt 0.344571 0.415755
vt 0.287558 0.035256
vt 0.345720 0.380555
vt 0.345956 0.374556
vt 0.347359 0.375452
vt 0.337546 0.380457
vt 0.283762 0.032096
vt 0.081949 0.408007
vt 0.077279 0.407562
vt 0.080793 0.403347
vt 0.283575 0.036668
vt 0.516850 0.083917
vt 0.514692 0.090075
vt 0.286662 0.018436
vt 0.319443 0.378857
vt 0.356595 0.421693
vt 0.359273 0.430740
vt 0.356633 0.435119
vt 0.284521 0.028931
vt 0.283618 0.022316
vt 0.309629 0.983273
vt 0.308824 0.987778
vt 0.307505 0.985254
vt 0.283963 0.017629
vt 0.284320 0.012817
vt 0.285726 0.002583
vt 0.627503 0.988243
vt 0.624623 0.986457
vt 0.627110 0.985451
vt 0.284673 0.006831
vt 0.283966 0.004691
vt 0.231646 0.880362
vt 0.228986 0.880964
vt 0.780033 0.378315
vt 0.429581 0.154504
vt 0.773835 0.984633
vt 0.776640 0.984665
vt 0.775561 0.987613
vt 0.428830 0.135919
vt 0.425694 0.139307
vt 0.526311 0.983298
vt 0.529933 0.983951
vt 0.528536 0.987737
vt 0.272976 0.996776
vt 0.270725 0.996354
vt 0.272260 0.995619
vt 0.272976 0.994013
vt 0.281832 0.379661
vt 0.243815 0.380335
vt 0.323672 0.989140
vt 0.325901 0.989652
vt 0.323772 0.992634
vt 0.507952 0.996682
vt 0.509240 0.994421
vt 0.509757 0.996682
vt 0.425937 0.102887
vt 0.193692 0.744582
vt 0.194996 0.746778
vt 0.162419 0.744995
vt 0.162787 0.748855
vt 0.112446 0.983731
vt 0.111977 0.987210
vt 0.110763 0.983309
vt 0.423424 0.077187
vt 0.640956 0.467637
vt 0.641410 0.469266
vt 0.639377 0.469042
vt 0.993585 0.103922
vt 0.993734 0.104449
vt 0.992754 0.103801
vt 0.857532 0.696740
vt 0.858552 0.696709
vt 0.858496 0.696842
vt 0.857259 0.696281
vt 0.857152 0.696801
vt 0.150449 0.745363
vt 0.991977 0.103983
vt 0.991817 0.103699
vt 0.857645 0.691645
vt 0.990916 0.103904
vt 0.998600 0.199692
vt 0.996622 0.199692
vt 0.997597 0.199304
vt 0.990146 0.104493
vt 0.858809 0.691304
vt 0.685506 0.007276
vt 0.144735 0.746707
vt 0.983997 0.708024
vt 0.988926 0.705702
vt 0.988586 0.707001
vt 0.986844 0.710052
vt 0.297838 0.172461
vt 0.300720 0.180591
vt 0.297279 0.180299
vt 0.136261 0.745763
vt 0.634800 0.536497
vt 0.638508 0.532635
vt 0.638592 0.537121
vt 0.635962 0.531874
vt 0.646246 0.010212
vt 0.986831 0.079395
vt 0.983474 0.076811
vt 0.986503 0.077221
vt 0.129066 0.744673
vt 0.044082 0.812869
vt 0.047112 0.819437
vt 0.044179 0.817501
vt 0.639654 0.008529
vt 0.788189 0.308123
vt 0.996622 0.789815
vt 0.998386 0.789815
vt 0.997502 0.789875
vt 0.789116 0.314706
vt 0.252381 0.103490
vt 0.254326 0.107852
vt 0.251588 0.104437
vt 0.111510 0.744617
vt 0.113367 0.744814
vt 0.837851 0.195055
vt 0.837632 0.192806
vt 0.839125 0.193279
vt 0.107938 0.746233
vt 0.718275 0.792994
vt 0.722996 0.789723
vt 0.347761 0.878032
vt 0.343274 0.878156
vt 0.346761 0.871826
vt 0.343602 0.870649
vt 0.718368 0.786322
vt 0.605122 0.990227
vt 0.603877 0.993215
vt 0.602295 0.990654
vt 0.143033 0.409336
vt 0.144534 0.405403
vt 0.146190 0.410028
vt 0.028481 0.348207
vt 0.826015 0.203086
vt 0.824967 0.195948
vt 0.828500 0.199112
vt 0.081459 0.480957
vt 0.983720 0.059890
vt 0.983504 0.057629
vt 0.989187 0.058088
vt 0.823960 0.191692
vt 0.830417 0.190990
vt 0.863382 0.009933
vt 0.859488 0.001811
vt 0.863500 0.002539
vt 0.859574 0.010167
vt 0.139597 0.386259
vt 0.036761 0.392586
vt 0.004079 0.391138
vt 0.988358 0.956596
vt 0.983685 0.955310
vt 0.987497 0.954776
vt 0.983273 0.957490
vt 0.804056 0.989593
vt 0.803171 0.992265
vt 0.802519 0.991059
vt 0.802209 0.989476
vt 0.989815 0.084774
vt 0.984846 0.084561
vt 0.986269 0.082558
vt 0.882449 0.047293
vt 0.882790 0.052412
vt 0.881357 0.053208
vt 0.029161 0.306628
vt 0.560499 0.750480
vt 0.026867 0.626603
vt 0.723549 0.729134
vt 0.723930 0.734593
vt 0.031382 0.991856
vt 0.033584 0.989411
vt 0.033526 0.993493
vt 0.364763 0.996461
vt 0.363914 0.996796
vt 0.363914 0.994013
vt 0.631716 0.174996
vt 0.631693 0.174001
vt 0.632511 0.174946
vt 0.633263 0.174663
vt 0.633609 0.174612
vt 0.025805 0.296673
vt 0.030042 0.614437
vt 0.418336 0.432666
vt 0.417559 0.432775
vt 0.416776 0.432652
vt 0.999064 0.398368
vt 0.999434 0.398503
vt 0.998743 0.398503
vt 0.991750 0.814213
vt 0.990664 0.812886
vt 0.993249 0.812827
vt 0.907158 0.620425
vt 0.804933 0.146123
vt 0.803851 0.136820
vt 0.031061 0.610237
vt 0.036723 0.882078
vt 0.038203 0.875827
vt 0.040505 0.876783
vt 0.411274 0.992000
vt 0.409869 0.992393
vt 0.409894 0.989445
vt 0.012554 0.611536
vt 0.781380 0.440893
vt 0.340650 0.246653
vt 0.340538 0.242395
vt 0.340245 0.243374
vt 0.559461 0.995818
vt 0.069923 0.984374
vt 0.071420 0.984826
vt 0.068838 0.987048
vt 0.990146 0.521824
vt 0.998743 0.023658
vt 0.999956 0.023658
vt 0.999215 0.023943
vt 0.891859 0.630519
vt 0.933878 0.602406
vt 0.952193 0.595334
vt 0.966288 0.580480
vt 0.869256 0.851449
vt 0.601969 0.379280
vt 0.558995 0.386285
vt 0.568235 0.379713
vt 0.770308 0.638126
vt 0.777590 0.664773
vt 0.176030 0.108243
vt 0.185523 0.107458
vt 0.494477 0.367551
vt 0.164907 0.426411
vt 0.470240 0.367738
vt 0.528844 0.382877
vt 0.353506 0.389114
vt 0.334576 0.385004
vt 0.002359 0.422309
vt 0.001151 0.415402
vt 0.002626 0.413611
vt 0.452684 0.367469
vt 0.992461 0.198629
vt 0.990146 0.200291
vt 0.990155 0.198556
vt 0.485074 0.372918
vt 0.483701 0.372925
vt 0.484051 0.371722
vt 0.830691 0.627590
vt 0.832677 0.624981
vt 0.452971 0.237255
vt 0.450923 0.236206
vt 0.455708 0.232832
vt 0.238724 0.994013
vt 0.238420 0.996186
vt 0.237732 0.994844
vt 0.718613 0.701729
vt 0.720217 0.701431
vt 0.717846 0.703153
vt 0.722465 0.706581
vt 0.718324 0.705573
vt 0.994069 0.119482
vt 0.996426 0.118710
vt 0.996426 0.120751
vt 0.104709 0.275786
vt 0.104779 0.271640
vt 0.107023 0.275859
vt 0.829188 0.616969
vt 0.993669 0.326876
vt 0.992151 0.328045
vt 0.990146 0.326876
vt 0.995135 0.167218
vt 0.994069 0.165209
vt 0.996409 0.165209
vt 0.412430 0.371018
vt 0.370210 0.997093
vt 0.369785 0.998596
vt 0.369042 0.997093
vt 0.412005 0.370679
vt 0.410939 0.370664
vt 0.995187 0.277874
vt 0.996270 0.277377
vt 0.995338 0.278408
vt 0.996385 0.278796
vt 0.410992 0.370800
vt 0.994069 0.278796
vt 0.409908 0.371200
vt 0.285582 0.425370
vt 0.398675 0.372385
vt 0.385324 0.373970
vt 0.808987 0.703876
vt 0.166873 0.997093
vt 0.166873 0.998693
vt 0.166187 0.997535
vt 0.332214 0.990664
vt 0.329874 0.989509
vt 0.332384 0.989131
vt 0.353930 0.593197
vt 0.349894 0.877690
vt 0.349520 0.872217
vt 0.353701 0.877709
vt 0.378321 0.996531
vt 0.378100 0.996786
vt 0.999891 0.078673
vt 0.999633 0.079267
vt 0.998908 0.078711
vt 0.306019 0.422779
vt 0.998743 0.073564
vt 0.998743 0.072881
vt 0.999895 0.073087
vt 0.999064 0.079381
vt 0.307770 0.425911
vt 0.569161 0.406663
vt 0.573816 0.406735
vt 0.569091 0.412478
vt 0.614406 0.985010
vt 0.613667 0.987609
vt 0.612693 0.984153
vt 0.321490 0.422546
vt 0.358320 0.373906
vt 0.356169 0.374862
vt 0.430443 0.878693
vt 0.322107 0.427517
vt 0.824340 0.388314
vt 0.825007 0.740274
vt 0.825042 0.737725
vt 0.390747 0.435880
vt 0.387025 0.435563
vt 0.388343 0.430552
vt 0.132504 0.995638
vt 0.129751 0.996829
vt 0.131267 0.994217
vt 0.639714 0.987369
vt 0.635973 0.983611
vt 0.638885 0.984605
vt 0.795746 0.804138
vt 0.390436 0.428434
vt 0.389829 0.423397
vt 0.386263 0.420894
vt 0.134945 0.992994
vt 0.135466 0.991570
vt 0.003919 0.531349
vt 0.002160 0.532805
vt 0.002333 0.526065
vt 0.871083 0.620771
vt 0.853527 0.225004
vt 0.853549 0.228213
vt 0.854776 0.217903
vt 0.335847 0.425763
vt 0.875995 0.826054
vt 0.836378 0.280966
vt 0.350971 0.423932
vt 0.348967 0.426296
vt 0.077799 0.411586
vt 0.300084 0.419666
vt 0.301912 0.419493
vt 0.208499 0.984311
vt 0.207259 0.987828
vt 0.205976 0.984685
vt 0.503096 0.991610
vt 0.501495 0.992823
vt 0.501062 0.990433
vt 0.500349 0.993272
vt 0.990582 0.933014
vt 0.993183 0.933969
vt 0.990146 0.933969
vt 0.292174 0.420132
vt 0.361472 0.423151
vt 0.357074 0.426164
vt 0.305253 0.988139
vt 0.239425 0.873288
vt 0.633379 0.529100
vt 0.440512 0.987466
vt 0.437687 0.983519
vt 0.440643 0.984010
vt 0.381754 0.423185
vt 0.382354 0.426309
vt 0.220565 0.871637
vt 0.214740 0.872088
vt 0.865513 0.624479
vt 0.063344 0.864953
vt 0.061322 0.864501
vt 0.063597 0.862585
vt 0.993032 0.000535
vt 0.992821 0.003228
vt 0.990467 0.003421
vt 0.714995 0.990268
vt 0.717195 0.989501
vt 0.715572 0.992807
vt 0.289128 0.109215
vt 0.879456 0.487006
vt 0.882535 0.485656
vt 0.881751 0.492174
vt 0.641018 0.996646
vt 0.639750 0.995901
vt 0.641018 0.994013
vt 0.205711 0.989517
vt 0.207235 0.993031
vt 0.203523 0.993527
vt 0.052113 0.993768
vt 0.051939 0.989256
vt 0.053216 0.990119
vt 0.050670 0.993410
vt 0.431444 0.113872
vt 0.983445 0.452762
vt 0.988328 0.451700
vt 0.989494 0.453210
vt 0.431555 0.102081
vt 0.989130 0.825201
vt 0.984808 0.824840
vt 0.989139 0.823210
vt 0.800599 0.191784
vt 0.799312 0.168675
vt 0.799376 0.162971
vt 0.425639 0.081829
vt 0.422810 0.090866
vt 0.296155 0.127100
vt 0.299780 0.157276
vt 0.297308 0.152633
vt 0.150100 0.987781
vt 0.147132 0.988392
vt 0.149047 0.983755
vt 0.296144 0.168209
vt 0.999975 0.011709
vt 0.999388 0.011775
vt 0.998743 0.011709
vt 0.424530 0.076990
vt 0.638771 0.469921
vt 0.154948 0.744025
vt 0.654329 0.010229
vt 0.857366 0.687541
vt 0.080574 0.488521
vt 0.079764 0.483537
vt 0.083075 0.487027
vt 0.746378 0.994013
vt 0.747591 0.995205
vt 0.746378 0.996595
vt 0.296781 0.175189
vt 0.296768 0.174452
vt 0.996410 0.291373
vt 0.994069 0.291373
vt 0.994639 0.290540
vt 0.296172 0.176107
vt 0.583455 0.411848
vt 0.579790 0.412636
vt 0.583359 0.407440
vt 0.989548 0.076465
vt 0.049159 0.813197
vt 0.987732 0.596257
vt 0.983698 0.596634
vt 0.984274 0.594641
vt 0.985092 0.597026
vt 0.081086 0.579591
vt 0.277712 0.406859
vt 0.278036 0.411370
vt 0.271166 0.407427
vt 0.346357 0.751617
vt 0.341927 0.753052
vt 0.031771 0.378386
vt 0.027552 0.378333
vt 0.723120 0.804339
vt 0.993511 0.500975
vt 0.990146 0.500975
vt 0.992386 0.499859
vt 0.494876 0.983273
vt 0.493679 0.988040
vt 0.492793 0.983555
vt 0.065884 0.612727
vt 0.063209 0.608338
vt 0.064307 0.604834
vt 0.879962 0.813784
vt 0.881614 0.810844
vt 0.883296 0.815495
vt 0.984083 0.512159
vt 0.987549 0.510568
vt 0.989091 0.512709
vt 0.089574 0.485840
vt 0.087372 0.487514
vt 0.086885 0.483741
vt 0.047216 0.998695
vt 0.047216 0.997093
vt 0.048641 0.997219
vt 0.923048 0.983693
vt 0.924834 0.987264
vt 0.922603 0.987640
vt 0.829682 0.198124
vt 0.586886 0.984798
vt 0.589455 0.984999
vt 0.590331 0.988328
vt 0.879629 0.278044
vt 0.880952 0.284823
vt 0.877847 0.283004
vt 0.984871 0.044634
vt 0.983880 0.042105
vt 0.989841 0.041607
vt 0.533498 0.417946
vt 0.529667 0.407615
vt 0.532925 0.407922
vt 0.864076 0.000653
vt 0.028219 0.325579
vt 0.655082 0.185011
vt 0.646990 0.186237
vt 0.652032 0.180203
vt 0.026067 0.649395
vt 0.025971 0.644654
vt 0.032478 0.650613
vt 0.028628 0.641409
vt 0.419113 0.994881
vt 0.416905 0.996064
vt 0.417206 0.994044
vt 0.026465 0.314428
vt 0.024905 0.312403
vt 0.026067 0.310360
vt 0.031172 0.635079
vt 0.910152 0.989629
vt 0.912358 0.990496
vt 0.909859 0.992700
vt 0.911324 0.992907
vt 0.720993 0.739809
vt 0.992718 0.074144
vt 0.990146 0.074740
vt 0.990831 0.072786
vt 0.506287 0.587928
vt 0.504822 0.589484
vt 0.505742 0.583845
vt 0.943798 0.996256
vt 0.942125 0.996467
vt 0.942125 0.994013
vt 0.705745 0.993153
vt 0.703201 0.993002
vt 0.703557 0.989698
vt 0.279523 0.988493
vt 0.279309 0.985286
vt 0.282497 0.986836
vt 0.983391 0.878463
vt 0.983884 0.875997
vt 0.987612 0.879420
vt 0.988812 0.877091
vt 0.873081 0.038486
vt 0.875777 0.038750
vt 0.872672 0.046010
vt 0.631984 0.175202
vt 0.443461 0.994013
vt 0.443844 0.995766
vt 0.443578 0.995629
vt 0.444455 0.994457
vt 0.443461 0.996736
vt 0.152040 0.997131
vt 0.152130 0.998113
vt 0.151362 0.998660
vt 0.152345 0.997093
vt 0.645759 0.150566
vt 0.723884 0.718880
vt 0.721491 0.721314
vt 0.616046 0.521247
vt 0.481208 0.112211
vt 0.482067 0.106285
vt 0.480462 0.115090
vt 0.462942 0.731816
vt 0.460243 0.737600
vt 0.461334 0.731805
vt 0.171954 0.883825
vt 0.631896 0.478741
vt 0.635465 0.478238
vt 0.636690 0.484638
vt 0.462644 0.734103
vt 0.888352 0.631414
vt 0.896415 0.625596
vt 0.925041 0.608836
vt 0.071403 0.985600
vt 0.889544 0.635941
vt 0.895322 0.851037
vt 0.871972 0.350609
vt 0.386964 0.075148
vt 0.390791 0.073643
vt 0.390576 0.080140
vt 0.522992 0.086545
vt 0.021952 0.417763
vt 0.574522 0.366221
vt 0.538280 0.366933
vt 0.464125 0.369789
vt 0.674044 0.993184
vt 0.672120 0.992178
vt 0.673962 0.990825
vt 0.722753 0.998487
vt 0.722753 0.997093
vt 0.722998 0.997982
vt 0.048896 0.988988
vt 0.048164 0.988064
vt 0.047379 0.985352
vt 0.047343 0.986432
vt 0.110627 0.993551
vt 0.108400 0.993738
vt 0.109187 0.990879
vt 0.452728 0.231352
vt 0.110920 0.990629
vt 0.031488 0.998708
vt 0.030888 0.997093
vt 0.032127 0.997093
vt 0.871303 0.740637
vt 0.873035 0.744090
vt 0.867620 0.744378
vt 0.103039 0.274154
vt 0.010257 0.985108
vt 0.012377 0.986395
vt 0.009080 0.988433
vt 0.006278 0.683026
vt 0.007515 0.685559
vt 0.006689 0.681930
vt 0.997346 0.274770
vt 0.997156 0.274294
vt 0.998562 0.274770
vt 0.006894 0.681540
vt 0.003524 0.675935
vt 0.002786 0.678352
vt 0.002361 0.679750
vt 0.007057 0.676482
vt 0.002888 0.676315
vt 0.003916 0.673538
vt 0.803837 0.371248
vt 0.805042 0.366292
vt 0.804315 0.369042
vt 0.400031 0.240576
vt 0.400359 0.235245
vt 0.400424 0.239690
vt 0.849267 0.762879
vt 0.849258 0.761961
vt 0.849723 0.765658
vt 0.400722 0.238423
vt 0.849147 0.760752
vt 0.849861 0.759174
vt 0.402340 0.236718
vt 0.001190 0.441038
vt 0.001614 0.443207
vt 0.000791 0.447850
vt 0.996782 0.062591
vt 0.998663 0.062967
vt 0.996622 0.062967
vt 0.403484 0.233193
vt 0.263152 0.432097
vt 0.287712 0.233369
vt 0.292778 0.235926
vt 0.286609 0.235304
vt 0.403756 0.229569
vt 0.295466 0.234401
vt 0.296390 0.239826
vt 0.296621 0.231429
vt 0.298608 0.231506
vt 0.298814 0.234449
vt 0.809224 0.698835
vt 0.378132 0.374988
vt 0.331217 0.993109
vt 0.380065 0.748018
vt 0.381784 0.753238
vt 0.295710 0.428572
vt 0.289784 0.426490
vt 0.993494 0.445276
vt 0.993059 0.447519
vt 0.991060 0.445720
vt 0.354326 0.871520
vt 0.351579 0.870003
vt 0.878449 0.396688
vt 0.882049 0.398179
vt 0.879224 0.403042
vt 0.827998 0.664869
vt 0.324970 0.245836
vt 0.327014 0.242146
vt 0.327038 0.244475
vt 0.322799 0.241905
vt 0.573721 0.413330
vt 0.998484 0.090396
vt 0.998595 0.091930
vt 0.996622 0.091930
vt 0.988441 0.306647
vt 0.985300 0.306318
vt 0.987800 0.304658
vt 0.318157 0.427617
vt 0.831078 0.740000
vt 0.119365 0.276390
vt 0.635844 0.986295
vt 0.432460 0.591399
vt 0.626344 0.844220
vt 0.626672 0.839545
vt 0.628825 0.842199
vt 0.829267 0.375571
vt 0.595556 0.986255
vt 0.593739 0.986498
vt 0.594018 0.983781
vt 0.343777 0.427451
vt 0.850445 0.137271
vt 0.848477 0.131439
vt 0.852297 0.133037
vt 0.853137 0.135216
vt 0.850734 0.132265
vt 0.353073 0.429378
vt 0.516839 0.089710
vt 0.003948 0.494545
vt 0.002365 0.498911
vt 0.001397 0.495041
vt 0.364760 0.427008
vt 0.004033 0.490843
vt 0.002408 0.488004
vt 0.365585 0.428919
vt 0.365580 0.431731
vt 0.361656 0.429977
vt 0.007610 0.484490
vt 0.007875 0.486767
vt 0.371759 0.427257
vt 0.003814 0.483001
vt 0.002288 0.480331
vt 0.370478 0.427248
vt 0.371962 0.429632
vt 0.003505 0.475978
vt 0.008993 0.479151
vt 0.378687 0.426172
vt 0.276902 0.998652
vt 0.276168 0.997569
vt 0.276902 0.997093
vt 0.060305 0.865790
vt 0.057329 0.866409
vt 0.058940 0.859741
vt 0.491743 0.991612
vt 0.494125 0.991544
vt 0.492222 0.993018
vt 0.030320 0.994821
vt 0.029311 0.996234
vt 0.027969 0.995689
vt 0.875042 0.748816
vt 0.874286 0.742058
vt 0.876547 0.742095
vt 0.858280 0.272684
vt 0.997830 0.371706
vt 0.997116 0.370136
vt 0.996622 0.368927
vt 0.987738 0.446609
vt 0.983445 0.447796
vt 0.983517 0.445084
vt 0.797642 0.470439
vt 0.799170 0.468549
vt 0.798842 0.446980
vt 0.801683 0.470377
vt 0.800381 0.445664
vt 0.426816 0.094416
vt 0.431332 0.088683
vt 0.018146 0.108321
vt 0.015248 0.110152
vt 0.000703 0.110474
vt 0.876590 0.818100
vt 0.875458 0.824091
vt 0.873868 0.817257
vt 0.293747 0.159264
vt 0.637481 0.471297
vt 0.177905 0.390759
vt 0.148146 0.391016
vt 0.659319 0.011794
vt 0.298157 0.169414
vt 0.294169 0.170633
vt 0.078532 0.484021
vt 0.864423 0.996519
vt 0.863008 0.994491
vt 0.864423 0.994441
vt 0.070536 0.361152
vt 0.070739 0.360210
vt 0.071548 0.360526
vt 0.070066 0.359815
vt 0.070507 0.356601
vt 0.072389 0.358979
vt 0.070655 0.355884
vt 0.071374 0.354548
vt 0.334667 0.996457
vt 0.334017 0.996798
vt 0.334544 0.995533
vt 0.997784 0.434650
vt 0.996622 0.434304
vt 0.998503 0.434304
vt 0.996624 0.809450
vt 0.998311 0.810910
vt 0.996622 0.810910
vt 0.986676 0.985101
vt 0.984353 0.987926
vt 0.984882 0.983896
vt 0.070040 0.355002
vt 0.335157 0.995473
vt 0.070795 0.351093
vt 0.639125 0.535718
vt 0.767496 0.998417
vt 0.767496 0.997093
vt 0.768607 0.997690
vt 0.995082 0.825073
vt 0.996176 0.825979
vt 0.994069 0.825979
vt 0.579736 0.409960
vt 0.786957 0.317897
vt 0.787304 0.316242
vt 0.984049 0.391664
vt 0.987958 0.393272
vt 0.986668 0.394708
vt 0.031302 0.845710
vt 0.030178 0.833161
vt 0.032677 0.844645
vt 0.320193 0.878448
vt 0.322006 0.870711
vt 0.324138 0.878286
vt 0.032323 0.837608
vt 0.646830 0.139468
vt 0.647237 0.130593
vt 0.650667 0.131054
vt 0.691984 0.993134
vt 0.689849 0.990270
vt 0.692346 0.990632
vt 0.445595 0.876889
vt 0.448136 0.881948
vt 0.443183 0.879605
vt 0.879588 0.616582
vt 0.990399 0.473628
vt 0.990781 0.472070
vt 0.993373 0.472564
vt 0.071059 0.336039
vt 0.070671 0.330879
vt 0.071920 0.333417
vt 0.840040 0.203716
vt 0.839868 0.205348
vt 0.841525 0.200899
vt 0.632195 0.996648
vt 0.630807 0.996051
vt 0.632195 0.994013
vt 0.988224 0.070368
vt 0.988963 0.069806
vt 0.989845 0.070410
vt 0.840788 0.197202
vt 0.843323 0.200089
vt 0.071352 0.330388
vt 0.071419 0.327210
vt 0.400512 0.995547
vt 0.399810 0.995360
vt 0.399810 0.994089
vt 0.817250 0.236278
vt 0.811967 0.245909
vt 0.071822 0.322474
vt 0.840862 0.195369
vt 0.224909 0.872956
vt 0.225240 0.879642
vt 0.222919 0.878171
vt 0.544259 0.994013
vt 0.545142 0.995974
vt 0.544097 0.995194
vt 0.543933 0.996479
vt 0.543124 0.996634
vt 0.750153 0.827797
vt 0.754709 0.829094
vt 0.750015 0.834456
vt 0.222790 0.871165
vt 0.071304 0.325043
vt 0.723615 0.811244
vt 0.996921 0.277940
vt 0.998520 0.277940
vt 0.997061 0.279216
vt 0.848477 0.205959
vt 0.847370 0.204859
vt 0.847461 0.201644
vt 0.847651 0.194006
vt 0.490423 0.983273
vt 0.490848 0.985260
vt 0.024957 0.367188
vt 0.092986 0.744657
vt 0.095138 0.749817
vt 0.090906 0.750209
vt 0.062424 0.614240
vt 0.858478 0.600858
vt 0.863249 0.599027
vt 0.864586 0.602414
vt 0.026377 0.355941
vt 0.041690 0.378108
vt 0.043618 0.378639
vt 0.040663 0.384282
vt 0.043056 0.383627
vt 0.256751 0.994013
vt 0.258518 0.996046
vt 0.256061 0.996764
vt 0.181139 0.991045
vt 0.182829 0.989773
vt 0.182741 0.992742
vt 0.951514 0.984484
vt 0.953711 0.985920
vt 0.950682 0.987848
vt 0.530668 0.419926
vt 0.530350 0.417016
vt 0.983972 0.160244
vt 0.983883 0.157853
vt 0.989256 0.159179
vt 0.994069 0.996041
vt 0.995013 0.995763
vt 0.996138 0.996041
vt 0.996622 0.086869
vt 0.998158 0.086366
vt 0.998649 0.086869
vt 0.481939 0.145817
vt 0.483046 0.130029
vt 0.483585 0.146390
vt 0.816879 0.669939
vt 0.814956 0.668135
vt 0.818033 0.651586
vt 0.991190 0.442882
vt 0.991001 0.440325
vt 0.993264 0.440460
vt 0.026296 0.314216
vt 0.026142 0.315913
vt 0.025856 0.318286
vt 0.932871 0.992300
vt 0.933363 0.990041
vt 0.934280 0.991386
vt 0.816657 0.650988
vt 0.417841 0.996308
vt 0.722146 0.741210
vt 0.993187 0.607366
vt 0.991833 0.609607
vt 0.990248 0.608071
vt 0.990570 0.607200
vt 0.513693 0.994626
vt 0.514810 0.995756
vt 0.513113 0.995573
vt 0.026353 0.310230
vt 0.995564 0.030440
vt 0.995041 0.031509
vt 0.994069 0.031311
vt 0.594059 0.009096
vt 0.596138 0.006363
vt 0.594328 0.008413
vt 0.593074 0.007800
vt 0.514818 0.994013
vt 0.637048 0.699311
vt 0.635608 0.693723
vt 0.640045 0.696511
vt 0.593914 0.003566
vt 0.024318 0.305946
vt 0.027083 0.305983
vt 0.990146 0.423289
vt 0.992279 0.424281
vt 0.990220 0.425393
vt 0.025668 0.302764
vt 0.651695 0.165412
vt 0.192638 0.987272
vt 0.195076 0.983476
vt 0.196589 0.987236
vt 0.875229 0.043034
vt 0.369968 0.989131
vt 0.372892 0.989416
vt 0.371933 0.993071
vt 0.152806 0.998660
vt 0.898319 0.635084
vt 0.640873 0.147716
vt 0.990297 0.449848
vt 0.992619 0.450512
vt 0.990146 0.451717
vt 0.484942 0.095419
vt 0.644664 0.144566
vt 0.014455 0.611900
vt 0.998398 0.561597
vt 0.996622 0.562459
vt 0.996622 0.560982
vt 0.030135 0.606110
vt 0.916308 0.627330
vt 0.906219 0.617984
vt 0.922657 0.608679
vt 0.947910 0.593001
vt 0.943137 0.588969
vt 0.983273 0.161856
vt 0.986495 0.163222
vt 0.984809 0.166238
vt 0.884276 0.637964
vt 0.893848 0.629727
vt 0.847391 0.371454
vt 0.319573 0.084167
vt 0.844068 0.377122
vt 0.009016 0.415878
vt 0.011045 0.421987
vt 0.554640 0.066710
vt 0.641472 0.370024
vt 0.783613 0.702812
vt 0.001675 0.152955
vt 0.000413 0.149582
vt 0.001987 0.148495
vt 0.048788 0.988503
vt 0.048444 0.986723
vt 0.015962 0.715986
vt 0.016208 0.712606
vt 0.016089 0.717927
vt 0.016238 0.718685
vt 0.014221 0.672972
vt 0.011434 0.671696
vt 0.014382 0.670633
vt 0.104436 0.278711
vt 0.000988 0.571990
vt 0.002597 0.543132
vt 0.004359 0.571295
vt 0.004406 0.543045
vt 0.997984 0.759214
vt 0.998343 0.760322
vt 0.996622 0.760322
vt 0.802614 0.377007
vt 0.801815 0.374300
vt 0.802810 0.374224
vt 0.803016 0.371964
vt 0.003246 0.445976
vt 0.001544 0.447981
vt 0.002559 0.448105
vt 0.004362 0.673496
vt 0.005625 0.672059
vt 0.285668 0.237923
vt 0.288932 0.237542
vt 0.282830 0.239527
vt 0.292271 0.237497
vt 0.801272 0.364585
vt 0.800079 0.358007
vt 0.802938 0.358942
vt 0.805091 0.788536
vt 0.803542 0.790144
vt 0.801706 0.788623
vt 0.730818 0.832644
vt 0.730436 0.831254
vt 0.731438 0.828272
vt 0.336019 0.414747
vt 0.356201 0.594704
vt 0.639360 0.178651
vt 0.638988 0.178112
vt 0.730107 0.825685
vt 0.731719 0.825362
vt 0.880889 0.401839
vt 0.321504 0.247254
vt 0.303132 0.428040
vt 0.322001 0.238751
vt 0.309749 0.431820
vt 0.306012 0.428428
vt 0.820418 0.141935
vt 0.322246 0.233455
vt 0.320101 0.233951
vt 0.320950 0.231313
vt 0.989102 0.308442
vt 0.866439 0.009826
vt 0.868444 0.006335
vt 0.869427 0.011587
vt 0.828984 0.742085
vt 0.984284 0.151785
vt 0.988764 0.156234
vt 0.985816 0.156636
vt 0.627257 0.850335
vt 0.629969 0.845734
vt 0.850209 0.228424
vt 0.595339 0.988303
vt 0.833986 0.281991
vt 0.848471 0.139143
vt 0.087595 0.577011
vt 0.087884 0.573966
vt 0.091046 0.575499
vt 0.988418 0.560908
vt 0.987241 0.563375
vt 0.984700 0.561791
vt 0.288500 0.417621
vt 0.489525 0.994013
vt 0.490932 0.994372
vt 0.491386 0.996438
vt 0.453854 0.381562
vt 0.739732 0.007687
vt 0.766647 0.003650
vt 0.780761 0.006548
vt 0.432919 0.164183
vt 0.429887 0.169524
vt 0.425764 0.167230
vt 0.429296 0.163164
vt 0.003940 0.471748
vt 0.001567 0.468896
vt 0.256041 0.001274
vt 0.259219 0.002280
vt 0.259023 0.010053
vt 0.433131 0.134459
vt 0.427791 0.127126
vt 0.743477 0.020768
vt 0.295480 0.151617
vt 0.641508 0.472967
vt 0.341190 0.996610
vt 0.340977 0.994210
vt 0.341349 0.994859
vt 0.239863 0.994013
vt 0.240611 0.996029
vt 0.240064 0.996210
vt 0.319483 0.985874
vt 0.317261 0.983273
vt 0.319623 0.984117
vt 0.320923 0.984159
vt 0.321634 0.984271
vt 0.322098 0.983896
vt 0.295529 0.171559
vt 0.536561 0.986487
vt 0.537678 0.983348
vt 0.538314 0.983496
vt 0.535517 0.984521
vt 0.534043 0.984487
vt 0.534729 0.984326
vt 0.650092 0.694813
vt 0.646482 0.702116
vt 0.645200 0.701298
vt 0.655044 0.013560
vt 0.651365 0.013216
vt 0.334017 0.994477
vt 0.647845 0.997093
vt 0.648676 0.997093
vt 0.648013 0.998498
vt 0.334634 0.994013
vt 0.058726 0.989617
vt 0.057477 0.993176
vt 0.057170 0.989164
vt 0.997061 0.234989
vt 0.996722 0.233693
vt 0.998156 0.233786
vt 0.484209 0.883187
vt 0.481744 0.884291
vt 0.480999 0.878637
vt 0.650052 0.017464
vt 0.641121 0.017316
vt 0.646079 0.014637
vt 0.128966 0.997093
vt 0.128966 0.998699
vt 0.128172 0.997121
vt 0.725850 0.993036
vt 0.725093 0.991207
vt 0.726520 0.989131
vt 0.642939 0.012510
vt 0.297967 0.180313
vt 0.298415 0.199176
vt 0.296102 0.178927
vt 0.029707 0.842532
vt 0.296083 0.200193
vt 0.445002 0.883336
vt 0.994798 0.487499
vt 0.996087 0.488516
vt 0.994069 0.488574
vt 0.029805 0.834507
vt 0.838442 0.744103
vt 0.836353 0.736072
vt 0.839966 0.738238
vt 0.297471 0.204542
vt 0.272138 0.411826
vt 0.988168 0.068368
vt 0.074758 0.983659
vt 0.074603 0.987646
vt 0.073105 0.983273
vt 0.038454 0.998718
vt 0.037989 0.998086
vt 0.038454 0.997093
vt 0.401103 0.994013
vt 0.816336 0.246056
vt 0.299184 0.211587
vt 0.037545 0.997856
vt 0.550054 0.375246
vt 0.548498 0.379833
vt 0.545111 0.374104
vt 0.841005 0.388017
vt 0.840168 0.385237
vt 0.842005 0.385653
vt 0.025080 0.373122
vt 0.299263 0.222730
vt 0.298144 0.215326
vt 0.845738 0.199445
vt 0.096753 0.745228
vt 0.857826 0.607530
vt 0.863659 0.607802
vt 0.026757 0.352166
vt 0.994412 0.325538
vt 0.994069 0.324275
vt 0.996357 0.325495
vt 0.426513 0.989496
vt 0.428073 0.990159
vt 0.427334 0.992980
vt 0.124761 0.095035
vt 0.123283 0.093923
vt 0.124896 0.092059
vt 0.328038 0.237732
vt 0.325737 0.238079
vt 0.327715 0.233758
vt 0.122210 0.095112
vt 0.122040 0.093134
vt 0.937676 0.987709
vt 0.939167 0.985023
vt 0.939938 0.987569
vt 0.668162 0.994284
vt 0.668317 0.995488
vt 0.668193 0.996657
vt 0.122142 0.092287
vt 0.325498 0.232353
vt 0.324577 0.234394
vt 0.987897 0.290952
vt 0.988217 0.293943
vt 0.985406 0.290245
vt 0.635558 0.726958
vt 0.635811 0.725556
vt 0.635718 0.726229
vt 0.635943 0.725101
vt 0.998383 0.804291
vt 0.996622 0.804252
vt 0.997633 0.804252
vt 0.636133 0.723834
vt 0.997427 0.997013
vt 0.996622 0.996999
vt 0.998304 0.996999
vt 0.815414 0.674235
vt 0.815393 0.674659
vt 0.836132 0.166597
vt 0.839499 0.159328
vt 0.838974 0.168790
vt 0.995559 0.162695
vt 0.996508 0.162733
vt 0.994069 0.162733
vt 0.833982 0.165483
vt 0.834568 0.159374
vt 0.402535 0.750771
vt 0.399769 0.752703
vt 0.399094 0.749544
vt 0.814970 0.662266
vt 0.815020 0.653657
vt 0.991545 0.914761
vt 0.990661 0.913688
vt 0.993162 0.914120
vt 0.401573 0.743033
vt 0.402469 0.746134
vt 0.401009 0.738749
vt 0.990146 0.915431
vt 0.990647 0.914679
vt 0.636389 0.716905
vt 0.401016 0.744370
vt 0.400011 0.741287
vt 0.396337 0.733950
vt 0.622587 0.110152
vt 0.622645 0.106149
vt 0.625141 0.121267
vt 0.399266 0.738486
vt 0.400576 0.739078
vt 0.825636 0.990054
vt 0.826434 0.990376
vt 0.825859 0.992404
vt 0.401454 0.734005
vt 0.402128 0.738448
vt 0.502410 0.587457
vt 0.398116 0.733125
vt 0.024979 0.301992
vt 0.026953 0.303451
vt 0.904192 0.629794
vt 0.411697 0.733800
vt 0.027240 0.277535
vt 0.633057 0.486853
vt 0.001183 0.875331
vt 0.005746 0.875567
vt 0.002291 0.876529
vt 0.002146 0.880111
vt 0.000368 0.877195
vt 0.783992 0.240529
vt 0.784373 0.236754
vt 0.786519 0.235901
vt 0.888164 0.632788
vt 0.890446 0.632067
vt 0.940885 0.590624
vt 0.962267 0.582466
vt 0.327104 0.091583
vt 0.579344 0.368364
vt 0.532030 0.394602
vt 0.209876 0.435415
vt 0.989071 0.829786
vt 0.986886 0.830801
vt 0.986411 0.829563
vt 0.985178 0.830398
vt 0.984295 0.828725
vt 0.983273 0.830801
vt 0.998268 0.965463
vt 0.996622 0.966498
vt 0.996622 0.965370
vt 0.998743 0.007723
vt 0.999037 0.006778
vt 0.999935 0.007723
vt 0.289201 0.992077
vt 0.290158 0.989483
vt 0.290257 0.993102
vt 0.011852 0.674488
vt 0.011129 0.676625
vt 0.003460 0.538380
vt 0.003897 0.537301
vt 0.468578 0.998615
vt 0.468578 0.997093
vt 0.468693 0.998222
vt 0.003681 0.535921
vt 0.874395 0.770682
vt 0.876076 0.763884
vt 0.876877 0.769250
vt 0.799960 0.384856
vt 0.799705 0.379092
vt 0.803733 0.375045
vt 0.992136 0.785186
vt 0.991811 0.785725
vt 0.990146 0.785026
vt 0.800724 0.368559
vt 0.803748 0.370309
vt 0.801658 0.369542
vt 0.803868 0.369046
vt 0.993411 0.443252
vt 0.992321 0.444620
vt 0.992448 0.443514
vt 0.991259 0.444086
vt 0.990146 0.445227
vt 0.998566 0.236885
vt 0.997255 0.237599
vt 0.996622 0.236885
vt 0.802520 0.803535
vt 0.802091 0.800671
vt 0.805210 0.802811
vt 0.803504 0.796203
vt 0.803293 0.797745
vt 0.802212 0.796528
vt 0.284785 0.430293
vt 0.802359 0.795842
vt 0.294992 0.236258
vt 0.299216 0.235408
vt 0.335521 0.416191
vt 0.335599 0.418471
vt 0.639866 0.181171
vt 0.641974 0.179895
vt 0.639834 0.179214
vt 0.561996 0.994732
vt 0.561727 0.995315
vt 0.561720 0.994013
vt 0.561720 0.996732
vt 0.851777 0.281638
vt 0.846074 0.280607
vt 0.846503 0.270319
vt 0.990890 0.545425
vt 0.992755 0.545704
vt 0.992843 0.547539
vt 0.863769 0.635614
vt 0.861742 0.637085
vt 0.860990 0.626250
vt 0.851433 0.269984
vt 0.863554 0.627314
vt 0.505486 0.423870
vt 0.505914 0.418421
vt 0.510486 0.423731
vt 0.509814 0.419122
vt 0.819852 0.743108
vt 0.310734 0.428295
vt 0.314080 0.427960
vt 0.313904 0.754415
vt 0.312540 0.751394
vt 0.315126 0.751111
vt 0.628597 0.984258
vt 0.630480 0.986825
vt 0.629110 0.986775
vt 0.631580 0.983355
vt 0.122029 0.279243
vt 0.811344 0.702688
vt 0.811901 0.683167
vt 0.814293 0.702630
vt 0.794592 0.807870
vt 0.797100 0.806992
vt 0.993590 0.118523
vt 0.992964 0.119961
vt 0.990400 0.118345
vt 0.814231 0.686782
vt 0.850982 0.230116
vt 0.989336 0.379950
vt 0.984045 0.377961
vt 0.988874 0.377821
vt 0.813588 0.678874
vt 0.338472 0.429728
vt 0.339121 0.427219
vt 0.341574 0.432216
vt 0.343913 0.417886
vt 0.347217 0.420151
vt 0.381655 0.417098
vt 0.382098 0.412820
vt 0.382377 0.405883
vt 0.089030 0.579225
vt 0.086322 0.578528
vt 0.089055 0.572211
vt 0.324578 0.378101
vt 0.320065 0.379913
vt 0.321380 0.376439
vt 0.702921 0.134873
vt 0.702182 0.128341
vt 0.708911 0.135993
vt 0.709128 0.127905
vt 0.704144 0.126999
vt 0.433213 0.168549
vt 0.096651 0.997733
vt 0.096047 0.998718
vt 0.096047 0.997093
vt 0.995738 0.599705
vt 0.995884 0.600447
vt 0.994069 0.599705
vt 0.643325 0.998480
vt 0.643500 0.997094
vt 0.644420 0.998379
vt 0.433537 0.154637
vt 0.293103 0.155148
vt 0.528822 0.992652
vt 0.527125 0.989131
vt 0.528699 0.990279
vt 0.873329 0.820275
vt 0.871302 0.817618
vt 0.157728 0.998677
vt 0.156668 0.998677
vt 0.157310 0.997093
vt 0.996953 0.960789
vt 0.996622 0.960212
vt 0.998298 0.960212
vt 0.640755 0.474602
vt 0.641972 0.474705
vt 0.293568 0.163249
vt 0.292652 0.162793
vt 0.542515 0.987843
vt 0.544273 0.984149
vt 0.543332 0.987778
vt 0.293518 0.163855
vt 0.998317 0.818719
vt 0.997249 0.819576
vt 0.997287 0.818901
vt 0.180859 0.605179
vt 0.182358 0.606057
vt 0.180824 0.607842
vt 0.181516 0.607381
vt 0.292107 0.166308
vt 0.293428 0.169919
vt 0.999309 0.008453
vt 0.999944 0.009210
vt 0.998743 0.009210
vt 0.321862 0.984496
vt 0.635988 0.064939
vt 0.538430 0.984905
vt 0.538415 0.986139
vt 0.650735 0.995294
vt 0.650443 0.994013
vt 0.651702 0.995011
vt 0.292888 0.172767
vt 0.293437 0.171076
vt 0.534076 0.987587
vt 0.533837 0.984723
vt 0.294064 0.175962
vt 0.294272 0.176775
vt 0.994623 0.902210
vt 0.995126 0.901549
vt 0.996154 0.901943
vt 0.994069 0.901549
vt 0.999445 0.364295
vt 0.999519 0.364831
vt 0.998743 0.364831
vt 0.294764 0.178302
vt 0.059538 0.989131
vt 0.060525 0.990646
vt 0.995609 0.329071
vt 0.996402 0.329736
vt 0.994069 0.329736
vt 0.294453 0.180187
vt 0.485999 0.880696
vt 0.322575 0.758049
vt 0.320480 0.754489
vt 0.322903 0.754309
vt 0.008777 0.729514
vt 0.009792 0.724321
vt 0.009876 0.729879
vt 0.791004 0.318301
vt 0.008534 0.713498
vt 0.321092 0.752050
vt 0.635867 0.018765
vt 0.983273 0.705475
vt 0.986488 0.703294
vt 0.984386 0.705539
vt 0.720421 0.995808
vt 0.720384 0.994013
vt 0.721774 0.996403
vt 0.377330 0.983418
vt 0.378891 0.986695
vt 0.377555 0.988175
vt 0.792118 0.308004
vt 0.794170 0.306520
vt 0.296140 0.196909
vt 0.293348 0.199366
vt 0.125235 0.605813
vt 0.129258 0.606918
vt 0.127717 0.610585
vt 0.123601 0.611654
vt 0.276813 0.413201
vt 0.986482 0.066753
vt 0.983477 0.070309
vt 0.984177 0.066971
vt 0.296494 0.201742
vt 0.292311 0.994013
vt 0.292287 0.996464
vt 0.291654 0.994578
vt 0.295017 0.201384
vt 0.075705 0.983925
vt 0.075880 0.985087
vt 0.104568 0.107943
vt 0.051961 0.113099
vt 0.996246 0.687284
vt 0.994551 0.688062
vt 0.994069 0.687284
vt 0.798743 0.998391
vt 0.797914 0.997093
vt 0.799177 0.997093
vt 0.295211 0.211873
vt 0.997817 0.374115
vt 0.996622 0.373662
vt 0.998521 0.373662
vt 0.357688 0.997515
vt 0.357020 0.998625
vt 0.357020 0.997093
vt 0.787993 0.994013
vt 0.787904 0.996071
vt 0.787551 0.995380
vt 0.403899 0.408965
vt 0.408591 0.407051
vt 0.407527 0.413432
vt 0.996153 0.848717
vt 0.994069 0.849512
vt 0.994069 0.848364
vt 0.724343 0.813251
vt 0.723392 0.812486
vt 0.997889 0.140968
vt 0.996622 0.140304
vt 0.998618 0.140304
vt 0.839624 0.389628
vt 0.840057 0.388426
vt 0.841021 0.389017
vt 0.297436 0.212292
vt 0.897100 0.997969
vt 0.896149 0.998349
vt 0.896149 0.997093
vt 0.687096 0.987314
vt 0.685365 0.983273
vt 0.688088 0.984306
vt 0.848340 0.154250
vt 0.848349 0.148498
vt 0.850821 0.153758
vt 0.851094 0.144210
vt 0.848673 0.143141
vt 0.727375 0.790957
vt 0.024018 0.346028
vt 0.125141 0.095544
vt 0.323990 0.238240
vt 0.324483 0.236062
vt 0.989309 0.291423
vt 0.879485 0.323657
vt 0.876509 0.317105
vt 0.881093 0.316438
vt 0.836191 0.170292
vt 0.836123 0.168373
vt 0.836881 0.169185
vt 0.226386 0.998308
vt 0.226920 0.997093
vt 0.226920 0.998680
vt 0.835286 0.171680
vt 0.837932 0.172332
vt 0.997111 0.804298
vt 0.636042 0.724204
vt 0.438189 0.208763
vt 0.438126 0.207941
vt 0.438143 0.207534
vt 0.438169 0.209197
vt 0.636124 0.722836
vt 0.438033 0.204029
vt 0.438695 0.203393
vt 0.635846 0.720675
vt 0.637178 0.718584
vt 0.638387 0.716231
vt 0.728815 0.764730
vt 0.721366 0.131890
vt 0.722457 0.127733
vt 0.728609 0.134916
vt 0.728604 0.127905
vt 0.626988 0.109359
vt 0.082886 0.995116
vt 0.082818 0.996978
vt 0.082461 0.994787
vt 0.754664 0.991771
vt 0.752650 0.989911
vt 0.755576 0.989131
vt 0.626886 0.085638
vt 0.621804 0.085880
vt 0.413266 0.735487
vt 0.415680 0.739066
vt 0.987826 0.147327
vt 0.989422 0.150190
vt 0.984147 0.146960
vt 0.788746 0.451829
vt 0.782176 0.443706
vt 0.014356 0.697723
vt 0.013940 0.708103
vt 0.464152 0.740182
vt 0.919309 0.612724
vt 0.961065 0.590533
vt 0.956317 0.584952
vt 0.978451 0.914571
vt 0.977189 0.934442
vt 0.875704 0.849256
vt 0.878951 0.851861
vt 0.876063 0.232598
vt 0.726490 0.861791
vt 0.542422 0.077283
vt 0.561269 0.368424
vt 0.095793 0.427650
vt 0.214366 0.250336
vt 0.218327 0.239796
vt 0.220131 0.244931
vt 0.221673 0.245652
vt 0.223314 0.246158
vt 0.222647 0.246638
vt 0.222840 0.244169
vt 0.225093 0.244075
vt 0.225792 0.247112
vt 0.067214 0.992176
vt 0.064400 0.993178
vt 0.065625 0.990486
vt 0.871167 0.748361
vt 0.867734 0.747774
vt 0.001103 0.552825
vt 0.000944 0.546595
vt 0.641118 0.989310
vt 0.642773 0.990917
vt 0.639898 0.992506
vt 0.266704 0.235380
vt 0.275148 0.238593
vt 0.268655 0.241294
vt 0.799769 0.375342
vt 0.284246 0.236789
vt 0.297977 0.232689
vt 0.287555 0.432030
vt 0.845451 0.003325
vt 0.840811 0.005617
vt 0.839760 0.001972
vt 0.290082 0.430359
vt 0.292609 0.431922
vt 0.353849 0.596491
vt 0.355496 0.597458
vt 0.560855 0.998549
vt 0.560618 0.997093
vt 0.561201 0.997093
vt 0.882548 0.403279
vt 0.297550 0.431806
vt 0.298992 0.430451
vt 0.302985 0.435387
vt 0.826938 0.003677
vt 0.304059 0.430084
vt 0.819873 0.006346
vt 0.822429 0.004699
vt 0.824799 0.003138
vt 0.827456 0.389834
vt 0.825333 0.392243
vt 0.797952 0.004614
vt 0.811455 0.003670
vt 0.988541 0.152169
vt 0.793762 0.007556
vt 0.844389 0.009984
vt 0.333581 0.431023
vt 0.380173 0.396482
vt 0.785909 0.007048
vt 0.992796 0.748865
vt 0.990146 0.749581
vt 0.990146 0.748255
vt 0.224877 0.406551
vt 0.222493 0.408263
vt 0.223412 0.402405
vt 0.996275 0.560336
vt 0.994069 0.560336
vt 0.995425 0.559132
vt 0.874639 0.803099
vt 0.874801 0.795656
vt 0.877318 0.797758
vt 0.430170 0.158872
vt 0.430896 0.157803
vt 0.431231 0.157476
vt 0.433776 0.147145
vt 0.427296 0.140837
vt 0.434062 0.140888
vt 0.428359 0.120598
vt 0.745145 0.072084
vt 0.267037 0.573468
vt 0.128042 0.569131
vt 0.249076 0.566904
vt 0.105547 0.998729
vt 0.105220 0.997474
vt 0.105547 0.997093
vt 0.291957 0.157032
vt 0.291613 0.156721
vt 0.999904 0.079870
vt 0.998743 0.079870
vt 0.999705 0.079430
vt 0.990096 0.993938
vt 0.987217 0.993938
vt 0.988795 0.993164
vt 0.291612 0.163144
vt 0.546484 0.985907
vt 0.999118 0.304864
vt 0.999643 0.305566
vt 0.998743 0.305566
vt 0.182335 0.608064
vt 0.183194 0.609120
vt 0.182836 0.611628
vt 0.650443 0.996636
vt 0.534082 0.985935
vt 0.988172 0.986114
vt 0.986791 0.987700
vt 0.292364 0.178445
vt 0.061020 0.993041
vt 0.059979 0.993710
vt 0.229646 0.253028
vt 0.230714 0.250518
vt 0.230623 0.254614
vt 0.485752 0.882117
vt 0.838418 0.992051
vt 0.838316 0.989158
vt 0.839481 0.991526
vt 0.320587 0.757181
vt 0.295169 0.188650
vt 0.294409 0.192649
vt 0.294370 0.183993
vt 0.630463 0.049303
vt 0.878005 0.456556
vt 0.876221 0.455650
vt 0.877023 0.450879
vt 0.840676 0.743488
vt 0.632831 0.017491
vt 0.629675 0.021670
vt 0.630279 0.018089
vt 0.627929 0.016819
vt 0.629583 0.564959
vt 0.632078 0.562583
vt 0.634100 0.568549
vt 0.297224 0.206313
vt 0.754092 0.837125
vt 0.060834 0.113609
vt 0.548991 0.370804
vt 0.105123 0.983449
vt 0.104771 0.987267
vt 0.102318 0.984908
vt 0.983899 0.499975
vt 0.985002 0.497840
vt 0.987913 0.501712
vt 0.130247 0.093311
vt 0.127100 0.090145
vt 0.128730 0.090603
vt 0.018614 0.998756
vt 0.018250 0.998309
vt 0.018614 0.997093
vt 0.113236 0.984654
vt 0.116096 0.984520
vt 0.115277 0.987924
vt 0.171101 0.113833
vt 0.045651 0.397007
vt 0.998430 0.592766
vt 0.997934 0.593340
vt 0.996622 0.592766
vt 0.437071 0.998607
vt 0.436577 0.998036
vt 0.437071 0.997093
vt 0.984066 0.181142
vt 0.984724 0.178471
vt 0.989434 0.178858
vt 0.989497 0.181546
vt 0.877656 0.482789
vt 0.878780 0.476794
vt 0.880655 0.483159
vt 0.255902 0.989138
vt 0.255013 0.992154
vt 0.254621 0.989131
vt 0.725119 0.746415
vt 0.727245 0.751268
vt 0.215390 0.989131
vt 0.217718 0.991330
vt 0.215555 0.993382
vt 0.375363 0.997578
vt 0.374609 0.998615
vt 0.374609 0.997093
vt 0.991197 0.330255
vt 0.992281 0.329765
vt 0.993624 0.329271
vt 0.123459 0.028027
vt 0.124232 0.027852
vt 0.124587 0.031453
vt 0.122478 0.033609
vt 0.723378 0.726131
vt 0.727076 0.726351
vt 0.021962 0.290944
vt 0.727237 0.721345
vt 0.989157 0.360785
vt 0.984338 0.357179
vt 0.988816 0.356587
vt 0.983595 0.360553
vt 0.987431 0.822309
vt 0.984607 0.822447
vt 0.988741 0.821174
vt 0.851573 0.211395
vt 0.854231 0.209279
vt 0.853823 0.214594
vt 0.498180 0.100306
vt 0.005346 0.877992
vt 0.004308 0.881190
vt 0.790771 0.247136
vt 0.468424 0.736854
vt 0.469387 0.738674
vt 0.889482 0.640669
vt 0.892108 0.634472
vt 0.263300 0.993296
vt 0.260598 0.993180
vt 0.263788 0.991570
vt 0.901643 0.622451
vt 0.906019 0.629044
vt 0.898438 0.625347
vt 0.944218 0.603123
vt 0.388216 0.089076
vt 0.736896 0.881367
vt 0.598599 0.388848
vt 0.603112 0.370607
vt 0.855754 0.004016
vt 0.855062 0.009152
vt 0.854715 0.008025
vt 0.782524 0.666606
vt 0.147994 0.431929
vt 0.145949 0.260722
vt 0.156951 0.250963
vt 0.172609 0.257065
vt 0.998309 0.859594
vt 0.997915 0.860667
vt 0.996622 0.859594
vt 0.232479 0.241484
vt 0.228628 0.240752
vt 0.236284 0.239061
vt 0.235561 0.243443
vt 0.085491 0.117969
vt 0.096631 0.116969
vt 0.121860 0.116357
vt 0.237975 0.231022
vt 0.290094 0.229196
vt 0.988685 0.815234
vt 0.983664 0.814187
vt 0.987637 0.813973
vt 0.295735 0.434111
vt 0.340599 0.575288
vt 0.329759 0.568179
vt 0.303020 0.431382
vt 0.319587 0.434105
vt 0.316249 0.431053
vt 0.324895 0.430320
vt 0.328315 0.430982
vt 0.324366 0.433474
vt 0.404286 0.750357
vt 0.404110 0.744470
vt 0.404384 0.737148
vt 0.346618 0.430627
vt 0.343440 0.431394
vt 0.846979 0.081529
vt 0.986836 0.019998
vt 0.983273 0.019221
vt 0.989706 0.019385
vt 0.350301 0.431684
vt 0.365410 0.435591
vt 0.878220 0.050905
vt 0.876086 0.047723
vt 0.878003 0.047507
vt 0.431549 0.076096
vt 0.291490 0.156026
vt 0.291608 0.154195
vt 0.999937 0.053114
vt 0.999446 0.053286
vt 0.998743 0.053114
vt 0.291382 0.157262
vt 0.790050 0.988266
vt 0.790079 0.987684
vt 0.790845 0.985202
vt 0.291307 0.158647
vt 0.637475 0.476319
vt 0.639862 0.476394
vt 0.252937 0.987736
vt 0.252430 0.985078
vt 0.253805 0.986325
vt 0.996133 0.858337
vt 0.994069 0.858337
vt 0.994802 0.856914
vt 0.779747 0.993082
vt 0.777605 0.991370
vt 0.779534 0.992344
vt 0.291900 0.171778
vt 0.290677 0.173020
vt 0.996384 0.347528
vt 0.996060 0.348067
vt 0.995323 0.347257
vt 0.995043 0.348157
vt 0.998426 0.588244
vt 0.996622 0.588244
vt 0.997602 0.587954
vt 0.994069 0.347257
vt 0.292031 0.176594
vt 0.291268 0.176331
vt 0.693401 0.997819
vt 0.693909 0.997093
vt 0.693909 0.998493
vt 0.787405 0.325750
vt 0.789818 0.323136
vt 0.790405 0.327848
vt 0.631480 0.084313
vt 0.292978 0.182459
vt 0.292347 0.181542
vt 0.291338 0.182540
vt 0.262853 0.998656
vt 0.262122 0.997977
vt 0.262853 0.997093
vt 0.291352 0.182810
vt 0.996465 0.250719
vt 0.996043 0.250808
vt 0.994069 0.250719
vt 0.319413 0.756263
vt 0.318817 0.754450
vt 0.293234 0.188443
vt 0.948259 0.986759
vt 0.947677 0.983273
vt 0.948565 0.984397
vt 0.290063 0.186323
vt 0.292536 0.184145
vt 0.319587 0.752272
vt 0.320679 0.750824
vt 0.711969 0.990215
vt 0.714014 0.990046
vt 0.712433 0.992336
vt 0.554879 0.587238
vt 0.552748 0.583338
vt 0.555858 0.582787
vt 0.290645 0.993500
vt 0.291648 0.990202
vt 0.294050 0.991498
vt 0.630681 0.063053
vt 0.476205 0.425280
vt 0.479510 0.425355
vt 0.478901 0.427245
vt 0.725483 0.821011
vt 0.725899 0.817541
vt 0.727821 0.821339
vt 0.625507 0.019022
vt 0.478234 0.423813
vt 0.479117 0.420779
vt 0.479031 0.422800
vt 0.724334 0.815577
vt 0.726859 0.813242
vt 0.476361 0.410662
vt 0.478948 0.408820
vt 0.164929 0.858241
vt 0.166445 0.863181
vt 0.162384 0.863141
vt 0.295399 0.217357
vt 0.294969 0.216111
vt 0.441159 0.426282
vt 0.438522 0.425160
vt 0.441369 0.414788
vt 0.438390 0.406316
vt 0.441341 0.407084
vt 0.996268 0.503430
vt 0.994069 0.503430
vt 0.996189 0.501678
vt 0.022147 0.339263
vt 0.019488 0.340626
vt 0.021877 0.338216
vt 0.022212 0.338687
vt 0.999777 0.219224
vt 0.998743 0.219224
vt 0.999043 0.218973
vt 0.835720 0.169572
vt 0.021874 0.337323
vt 0.021800 0.334277
vt 0.022645 0.335464
vt 0.024433 0.334108
vt 0.021964 0.334896
vt 0.021253 0.334041
vt 0.021042 0.332849
vt 0.998543 0.309085
vt 0.997701 0.309632
vt 0.996622 0.309085
vt 0.025346 0.322485
vt 0.339544 0.117533
vt 0.337263 0.115774
vt 0.339233 0.107627
vt 0.171499 0.107391
vt 0.637086 0.875144
vt 0.640780 0.875165
vt 0.637438 0.881849
vt 0.339137 0.093633
vt 0.336666 0.082174
vt 0.338726 0.082496
vt 0.004382 0.397938
vt 0.987000 0.636712
vt 0.983617 0.635514
vt 0.985923 0.633883
vt 0.801194 0.149439
vt 0.985896 0.820599
vt 0.811579 0.181227
vt 0.813651 0.176374
vt 0.020798 0.279121
vt 0.983432 0.822395
vt 0.851735 0.216807
vt 0.837400 0.990122
vt 0.837939 0.993034
vt 0.835980 0.992803
vt 0.294482 0.996820
vt 0.294620 0.994987
vt 0.295144 0.995590
vt 0.005715 0.880700
vt 0.005232 0.882548
vt 0.984470 0.149422
vt 0.784266 0.453487
vt 0.239116 0.410492
vt 0.236955 0.409645
vt 0.237880 0.402995
vt 0.016254 0.707673
vt 0.786707 0.243711
vt 0.470351 0.741969
vt 0.893537 0.634443
vt 0.260437 0.991015
vt 0.260057 0.989131
vt 0.907559 0.620304
vt 0.911386 0.625670
vt 0.022266 0.276123
vt 0.980947 0.928671
vt 0.852725 0.366317
vt 0.300853 0.118631
vt 0.016246 0.430792
vt 0.101503 0.436772
vt 0.115588 0.264404
vt 0.400959 0.560855
vt 0.470169 0.576865
vt 0.262738 0.176496
vt 0.278416 0.219057
vt 0.275507 0.438213
vt 0.834536 0.116161
vt 0.782442 0.124175
vt 0.336953 0.437534
vt 0.772150 0.124995
vt 0.293793 0.396753
vt 0.766970 0.124932
vt 0.759428 0.123989
vt 0.435927 0.172196
vt 0.436610 0.166627
vt 0.436333 0.160027
vt 0.737210 0.124071
vt 0.745228 0.124200
vt 0.731626 0.124830
vt 0.434806 0.114012
vt 0.433441 0.130992
vt 0.701175 0.124010
vt 0.672481 0.125630
vt 0.666744 0.126986
vt 0.430948 0.073912
vt 0.432468 0.071151
vt 0.429777 0.072604
vt 0.185662 0.611900
vt 0.656950 0.125224
vt 0.994766 0.696249
vt 0.994069 0.695280
vt 0.996235 0.695280
vt 0.319334 0.988177
vt 0.321145 0.988551
vt 0.787570 0.329428
vt 0.786091 0.334787
vt 0.785738 0.331123
vt 0.997286 0.587540
vt 0.993329 0.760076
vt 0.990878 0.759903
vt 0.991740 0.759457
vt 0.653766 0.125900
vt 0.646519 0.125334
vt 0.641550 0.855129
vt 0.640893 0.853743
vt 0.641148 0.853471
vt 0.641191 0.856929
vt 0.793820 0.317057
vt 0.641128 0.851734
vt 0.641925 0.851913
vt 0.637273 0.124378
vt 0.735064 0.814971
vt 0.170709 0.860432
vt 0.167619 0.859601
vt 0.749903 0.840553
vt 0.153864 0.860456
vt 0.129564 0.864319
vt 0.135059 0.861339
vt 0.489089 0.126087
vt 0.487956 0.116714
vt 0.493795 0.125924
vt 0.022738 0.340464
vt 0.020669 0.343697
vt 0.020513 0.335297
vt 0.020417 0.334335
vt 0.994562 0.937013
vt 0.995945 0.936748
vt 0.996110 0.937726
vt 0.994549 0.937726
vt 0.122803 0.863978
vt 0.125447 0.864726
vt 0.124534 0.864958
vt 0.493093 0.099667
vt 0.995025 0.936686
vt 0.515555 0.406730
vt 0.516744 0.411765
vt 0.512505 0.416552
vt 0.488443 0.107631
vt 0.489322 0.075670
vt 0.120321 0.866674
vt 0.090345 0.865312
vt 0.037192 0.397344
vt 0.493356 0.074991
vt 0.021165 0.297278
vt 0.490430 0.071077
vt 0.733847 0.714919
vt 0.914603 0.630107
vt 0.800235 0.151336
vt 0.632674 0.498370
vt 0.456189 0.880725
vt 0.453388 0.883961
vt 0.452869 0.880712
vt 0.451974 0.881902
vt 0.006537 0.882230
vt 0.345665 0.079263
vt 0.350083 0.082288
vt 0.341573 0.080348
vt 0.702645 0.994013
vt 0.702645 0.996595
vt 0.701448 0.995297
vt 0.461100 0.744902
vt 0.453437 0.878151
vt 0.945602 0.989161
vt 0.945985 0.991113
vt 0.942933 0.991323
vt 0.928969 0.619038
vt 0.962204 0.585631
vt 0.879208 0.421284
vt 0.881240 0.419926
vt 0.880148 0.425076
vt 0.178588 0.990849
vt 0.176394 0.992856
vt 0.175807 0.989209
vt 0.895551 0.636564
vt 0.848978 0.653798
vt 0.723455 0.879835
vt 0.720147 0.887797
vt 0.734493 0.894158
vt 0.558560 0.088828
vt 0.099034 0.256674
vt 0.097929 0.269181
vt 0.066450 0.431789
vt 0.233065 0.116428
vt 0.269397 0.116246
vt 0.224059 0.124795
vt 0.632905 0.111923
vt 0.795930 0.588089
vt 0.783585 0.620043
vt 0.784941 0.598131
vt 0.787025 0.625860
vt 0.783872 0.624752
vt 0.630248 0.560266
vt 0.634127 0.558338
vt 0.997810 0.802256
vt 0.998326 0.803457
vt 0.996622 0.803457
vt 0.159710 0.861229
vt 0.725999 0.801117
vt 0.734125 0.793135
vt 0.019509 0.332424
vt 0.124322 0.864619
vt 0.082949 0.870240
vt 0.084051 0.868378
vt 0.911056 0.634412
vt 0.795134 0.149087
vt 0.827501 0.417529
vt 0.826981 0.409013
vt 0.828648 0.409868
vt 0.019376 0.279773
vt 0.018582 0.290679
vt 0.731827 0.710232
vt 0.496316 0.097464
vt 0.457341 0.884366
vt 0.482815 0.099041
vt 0.895150 0.634502
vt 0.895381 0.633250
vt 0.786253 0.247821
vt 0.963710 0.587623
vt 0.899683 0.642035
vt 0.943650 0.616001
vt 0.724461 0.886955
vt 0.721256 0.870126
vt 0.391563 0.088314
vt 0.008310 0.425702
vt 0.488173 0.569571
vt 0.409514 0.401001
vt 0.345338 0.401202
vt 0.254887 0.515011
vt 0.121149 0.476779
vt 0.120869 0.518660
vt 0.123411 0.558268
vt 0.630941 0.122071
vt 0.631693 0.117287
vt 0.782945 0.552838
vt 0.788293 0.552134
vt 0.785227 0.576332
vt 0.746326 0.816432
vt 0.746351 0.820170
vt 0.744120 0.817245
vt 0.461191 0.176290
vt 0.456840 0.162812
vt 0.462309 0.142377
vt 0.404720 0.878069
vt 0.399483 0.881450
vt 0.399362 0.875380
vt 0.405116 0.874974
vt 0.010969 0.353045
vt 0.013379 0.326602
vt 0.015643 0.347542
vt 0.035713 0.399009
vt 0.459006 0.139581
vt 0.462368 0.137737
vt 0.996311 0.413020
vt 0.995994 0.413073
vt 0.995533 0.412755
vt 0.995020 0.190259
vt 0.995226 0.190025
vt 0.996210 0.190180
vt 0.999255 0.398873
vt 0.999034 0.398553
vt 0.999424 0.398553
vt 0.998537 0.359551
vt 0.996622 0.359551
vt 0.997635 0.359282
vt 0.993036 0.517860
vt 0.990146 0.517634
vt 0.990716 0.517608
vt 0.994610 0.487450
vt 0.994326 0.487185
vt 0.994917 0.487439
vt 0.996482 0.190399
vt 0.996622 0.979087
vt 0.997826 0.978814
vt 0.998306 0.979087
vt 0.999872 0.114104
vt 0.999595 0.114575
vt 0.998743 0.114104
vt 0.999326 0.133775
vt 0.999868 0.133988
vt 0.998743 0.133988
vt 0.800190 0.150478
vt 0.799844 0.150850
vt 0.817179 0.184640
vt 0.610286 0.519483
vt 0.804687 0.143387
vt 0.804814 0.151790
vt 0.790667 0.448874
vt 0.796098 0.450135
vt 0.347604 0.090560
vt 0.466227 0.745033
vt 0.902326 0.631049
vt 0.710395 0.992846
vt 0.709926 0.990682
vt 0.711321 0.991616
vt 0.945692 0.612829
vt 0.962984 0.603491
vt 0.966704 0.587306
vt 0.980738 0.582175
vt 0.564069 0.164643
vt 0.080672 0.268814
vt 0.583205 0.577752
vt 0.149975 0.119970
vt 0.109991 0.124783
vt 0.160869 0.118604
vt 0.263408 0.403321
vt 0.129432 0.401098
vt 0.046235 0.399733
vt 0.797466 0.610873
vt 0.983729 0.538093
vt 0.984322 0.534388
vt 0.988980 0.534772
vt 0.816931 0.782218
vt 0.817152 0.783180
vt 0.814949 0.782809
vt 0.995139 0.754524
vt 0.994069 0.753157
vt 0.996185 0.753157
vt 0.592400 0.737344
vt 0.594948 0.733927
vt 0.595852 0.734284
vt 0.743931 0.818213
vt 0.742173 0.817147
vt 0.517267 0.412104
vt 0.518947 0.413110
vt 0.708656 0.991075
vt 0.708923 0.993189
vt 0.707213 0.992319
vt 0.009208 0.378467
vt 0.996846 0.958706
vt 0.996622 0.957774
vt 0.998281 0.957774
vt 0.740384 0.716025
vt 0.017566 0.677912
vt 0.017022 0.642769
vt 0.020520 0.673830
vt 0.458139 0.142960
vt 0.019812 0.648094
vt 0.998743 0.398817
vt 0.991861 0.517913
vt 0.991514 0.517681
vt 0.040550 0.863688
vt 0.040615 0.871475
vt 0.036817 0.869581
vt 0.994238 0.486918
vt 0.995896 0.487246
vt 0.999079 0.309533
vt 0.999658 0.309815
vt 0.998743 0.309815
vt 0.997252 0.292510
vt 0.996622 0.292202
vt 0.998565 0.292202
vt 0.998432 0.497622
vt 0.997934 0.498921
vt 0.997223 0.498136
vt 0.997177 0.538028
vt 0.996622 0.537711
vt 0.998465 0.537711
vt 0.815669 0.185341
vt 0.813691 0.185012
vt 0.862711 0.067427
vt 0.862947 0.063221
vt 0.869354 0.066508
vt 0.801028 0.150917
vt 0.012571 0.713901
vt 0.987268 0.575667
vt 0.987312 0.577463
vt 0.983918 0.576137
vt 0.996622 0.990572
vt 0.997137 0.990206
vt 0.998298 0.990572
vt 0.052002 0.998737
vt 0.052002 0.997093
vt 0.052551 0.997667
vt 0.994069 0.279968
vt 0.994833 0.280078
vt 0.994069 0.281058
vt 0.015961 0.709830
vt 0.350879 0.086206
vt 0.464252 0.744832
vt 0.981154 0.997093
vt 0.981690 0.997907
vt 0.981154 0.998321
vt 0.997810 0.956622
vt 0.998273 0.957724
vt 0.996622 0.957724
vt 0.993238 0.800401
vt 0.991251 0.800189
vt 0.992914 0.799251
vt 0.273029 0.100222
vt 0.273130 0.098653
vt 0.275776 0.099723
vt 0.994069 0.746190
vt 0.994971 0.744945
vt 0.996187 0.746190
vt 0.902821 0.639248
vt 0.901546 0.635672
vt 0.985779 0.026016
vt 0.983273 0.024026
vt 0.986281 0.024263
vt 0.996622 0.808153
vt 0.998321 0.808853
vt 0.996622 0.809401
vt 0.996622 0.079384
vt 0.998597 0.078748
vt 0.998597 0.080315
vt 0.990616 0.799206
vt 0.894886 0.642090
vt 0.982675 0.572941
vt 0.983223 0.574072
vt 0.605951 0.170867
vt 0.644867 0.372710
vt 0.644762 0.376241
vt 0.637728 0.376491
vt 0.150355 0.177621
vt 0.158596 0.223085
vt 0.161856 0.222049
vt 0.164389 0.217754
vt 0.498252 0.400000
vt 0.384760 0.542236
vt 0.385220 0.505982
vt 0.370805 0.444802
vt 0.255661 0.450857
vt 0.119453 0.448573
vt 0.293703 0.439650
vt 0.784694 0.521028
vt 0.174151 0.866050
vt 0.081860 0.449100
vt 0.045811 0.445913
vt 0.592245 0.743644
vt 0.594969 0.738803
vt 0.817291 0.784221
vt 0.594028 0.733918
vt 0.012639 0.378383
vt 0.743819 0.819258
vt 0.749114 0.824116
vt 0.518833 0.414266
vt 0.519152 0.415554
vt 0.520376 0.412856
vt 0.520032 0.414123
vt 0.541328 0.738753
vt 0.544612 0.735561
vt 0.541401 0.739924
vt 0.540042 0.738724
vt 0.540559 0.740795
vt 0.548162 0.743411
vt 0.742954 0.768745
vt 0.025930 0.677700
vt 0.019567 0.681753
vt 0.016931 0.329471
vt 0.394867 0.987687
vt 0.393806 0.984329
vt 0.395634 0.984749
vt 0.992960 0.517608
vt 0.322630 0.995499
vt 0.320847 0.996750
vt 0.321133 0.995195
vt 0.803732 0.997564
vt 0.803882 0.997093
vt 0.803882 0.998441
vt 0.894026 0.641185
vt 0.896809 0.641202
vt 0.895869 0.642664
vt 0.900042 0.639076
vt 0.996400 0.280636
vt 0.035013 0.994663
vt 0.035182 0.996898
vt 0.034139 0.996621
vt 0.988467 0.698419
vt 0.986700 0.700772
vt 0.984648 0.699621
vt 0.993964 0.016426
vt 0.991577 0.017101
vt 0.990565 0.015938
vt 0.996622 0.937907
vt 0.996985 0.936515
vt 0.998266 0.937907
vt 0.034113 0.994378
vt 0.927334 0.626715
vt 0.856292 0.356556
vt 0.710803 0.885417
vt 0.595163 0.174711
vt 0.531800 0.071563
vt 0.038632 0.438639
vt 0.095756 0.440717
vt 0.993590 0.467571
vt 0.990146 0.467571
vt 0.991874 0.467507
vt 0.410369 0.146789
vt 0.398820 0.122298
vt 0.411866 0.090379
vt 0.409812 0.198051
vt 0.395444 0.146293
vt 0.817087 0.785145
vt 0.818481 0.784822
vt 0.744047 0.820175
vt 0.742679 0.819812
vt 0.988079 0.745301
vt 0.985438 0.747377
vt 0.986187 0.745515
vt 0.458288 0.175653
vt 0.743207 0.760479
vt 0.377650 0.165741
vt 0.379461 0.172488
vt 0.375957 0.172252
vt 0.072229 0.883465
vt 0.989035 0.578502
vt 0.989066 0.579818
vt 0.983630 0.578612
vt 0.363687 0.983870
vt 0.365449 0.983999
vt 0.364012 0.987366
vt 0.630488 0.494515
vt 0.631505 0.497172
vt 0.867936 0.061976
vt 0.452005 0.730885
vt 0.456592 0.738417
vt 0.451334 0.742049
vt 0.903881 0.640180
vt 0.913529 0.641488
vt 0.787878 0.457533
vt 0.781924 0.458489
vt 0.635245 0.499691
vt 0.737080 0.712217
vt 0.740779 0.710434
vt 0.737852 0.713776
vt 0.797275 0.453944
vt 0.465159 0.751913
vt 0.899878 0.637441
vt 0.964335 0.588569
vt 0.976646 0.594797
vt 0.715057 0.867221
vt 0.715977 0.857956
vt 0.011026 0.436433
vt 0.005085 0.429144
vt 0.522982 0.076446
vt 0.046094 0.267677
vt 0.047585 0.275884
vt 0.570159 0.400386
vt 0.395031 0.132901
vt 0.795638 0.660359
vt 0.798931 0.671198
vt 0.793222 0.674074
vt 0.801937 0.659375
vt 0.789704 0.671080
vt 0.159323 0.891132
vt 0.153905 0.902718
vt 0.744546 0.774723
vt 0.161259 0.609253
vt 0.161341 0.608367
vt 0.161562 0.607945
vt 0.161211 0.607120
vt 0.163340 0.606178
vt 0.592075 0.734156
vt 0.817013 0.785796
vt 0.816030 0.786213
vt 0.995147 0.688112
vt 0.996118 0.689977
vt 0.994069 0.690214
vt 0.624127 0.180641
vt 0.623998 0.184840
vt 0.621877 0.194541
vt 0.744139 0.820823
vt 0.745137 0.821214
vt 0.028093 0.680429
vt 0.917455 0.646361
vt 0.945693 0.647152
vt 0.945187 0.686833
vt 0.630292 0.500202
vt 0.072467 0.869357
vt 0.774613 0.996637
vt 0.774613 0.994013
vt 0.774759 0.996285
vt 0.990825 0.987743
vt 0.991791 0.985435
vt 0.991671 0.986888
vt 0.869276 0.058238
vt 0.987738 0.931943
vt 0.985693 0.932635
vt 0.984556 0.930771
vt 0.996266 0.372192
vt 0.996087 0.373125
vt 0.994069 0.372192
vt 0.366314 0.988634
vt 0.367154 0.984283
vt 0.368501 0.988104
vt 0.352018 0.091190
vt 0.498724 0.091649
vt 0.483890 0.090538
vt 0.552051 0.745359
vt 0.552618 0.735757
vt 0.553755 0.745186
vt 0.742122 0.714255
vt 0.805706 0.210331
vt 0.806016 0.194915
vt 0.810385 0.195297
vt 0.811558 0.205894
vt 0.790109 0.255621
vt 0.783564 0.256726
vt 0.469740 0.752431
vt 0.998538 0.319839
vt 0.996622 0.319839
vt 0.996719 0.319293
vt 0.616945 0.137118
vt 0.997362 0.724889
vt 0.998345 0.726202
vt 0.996622 0.726202
vt 0.005822 0.435582
vt 0.539455 0.075274
vt 0.043043 0.234192
vt 0.792918 0.567725
vt 0.367675 0.379436
vt 0.363389 0.381071
vt 0.365126 0.373288
vt 0.792728 0.577159
vt 0.392010 0.731474
vt 0.390571 0.741917
vt 0.390145 0.735163
vt 0.790117 0.558373
vt 0.795169 0.560499
vt 0.790696 0.568043
vt 0.748137 0.809298
vt 0.745380 0.772883
vt 0.998555 0.280594
vt 0.997298 0.280763
vt 0.997179 0.280189
vt 0.812096 0.790116
vt 0.815747 0.793834
vt 0.815600 0.787395
vt 0.745598 0.822382
vt 0.743105 0.763660
vt 0.749831 0.826289
vt 0.745702 0.826497
vt 0.618891 0.194222
vt 0.618431 0.163100
vt 0.516990 0.422192
vt 0.710440 0.701699
vt 0.713558 0.702282
vt 0.710817 0.704570
vt 0.542647 0.743534
vt 0.543777 0.749491
vt 0.623967 0.178623
vt 0.622808 0.164934
vt 0.023304 0.675830
vt 0.942661 0.759629
vt 0.618457 0.145265
vt 0.622651 0.162755
vt 0.623617 0.145347
vt 0.746067 0.725605
vt 0.743027 0.720341
vt 0.984471 0.930186
vt 0.983273 0.930095
vt 0.009799 0.989142
vt 0.010793 0.989545
vt 0.009020 0.992063
vt 0.009619 0.993556
vt 0.744514 0.718098
vt 0.986518 0.933012
vt 0.674705 0.990315
vt 0.676892 0.992685
vt 0.675427 0.993059
vt 0.795034 0.158432
vt 0.746608 0.717919
vt 0.743252 0.715554
vt 0.983639 0.930322
vt 0.999152 0.373648
vt 0.998743 0.373580
vt 0.999523 0.373580
vt 0.616266 0.558470
vt 0.621095 0.561873
vt 0.615058 0.559507
vt 0.616949 0.557967
vt 0.793971 0.461806
vt 0.957952 0.607256
vt 0.070619 0.878841
vt 0.789811 0.701301
vt 0.787184 0.693129
vt 0.600828 0.397946
vt 0.539208 0.431807
vt 0.419099 0.436234
vt 0.511366 0.426498
vt 0.794279 0.543446
vt 0.793186 0.551995
vt 0.793024 0.681716
vt 0.794784 0.581577
vt 0.393380 0.738909
vt 0.019033 0.686536
vt 0.024294 0.688013
vt 0.019234 0.691192
vt 0.024934 0.684548
vt 0.121838 0.568117
vt 0.008992 0.572435
vt 0.101860 0.534968
vt 0.796734 0.571212
vt 0.021180 0.683878
vt 0.161691 0.610212
vt 0.988544 0.851874
vt 0.988817 0.853699
vt 0.987203 0.853463
vt 0.984986 0.853904
vt 0.988628 0.856412
vt 0.983549 0.856232
vt 0.710094 0.708335
vt 0.713166 0.707836
vt 0.512110 0.420548
vt 0.010216 0.877671
vt 0.008661 0.878050
vt 0.009816 0.871126
vt 0.685204 0.983273
vt 0.684300 0.984799
vt 0.681625 0.984791
vt 0.986031 0.668261
vt 0.984781 0.668724
vt 0.985355 0.668410
vt 0.316715 0.998667
vt 0.316685 0.997489
vt 0.316808 0.998138
vt 0.316808 0.997093
vt 0.331995 0.997413
vt 0.332093 0.997093
vt 0.332093 0.998663
vt 0.998743 0.402797
vt 0.999102 0.402728
vt 0.999414 0.402797
vt 0.998743 0.266660
vt 0.999388 0.266579
vt 0.999724 0.266660
vt 0.983273 0.668968
vt 0.983592 0.668811
vt 0.983945 0.668938
vt 0.280197 0.881510
vt 0.279128 0.879763
vt 0.282036 0.881393
vt 0.011468 0.989623
vt 0.011620 0.993098
vt 0.986869 0.665877
vt 0.987719 0.666671
vt 0.986740 0.665756
vt 0.999887 0.083007
vt 0.999887 0.083696
vt 0.998743 0.083324
vt 0.986043 0.666294
vt 0.984879 0.668124
vt 0.983959 0.668585
vt 0.677221 0.989192
vt 0.620885 0.558025
vt 0.746792 0.998447
vt 0.746792 0.997093
vt 0.747488 0.998378
vt 0.358689 0.091592
vt 0.360450 0.087579
vt 0.278458 0.078361
vt 0.280496 0.074660
vt 0.280501 0.078177
vt 0.277457 0.077390
vt 0.910686 0.641776
vt 0.835019 0.663772
vt 0.574153 0.161577
vt 0.327617 0.084267
vt 0.032190 0.278149
vt 0.046135 0.159415
vt 0.039597 0.119655
vt 0.587218 0.570387
vt 0.529612 0.422635
vt 0.586096 0.540383
vt 0.484509 0.538919
vt 0.459775 0.495925
vt 0.412470 0.071551
vt 0.797855 0.531682
vt 0.802468 0.672269
vt 0.790087 0.519133
vt 0.793773 0.523252
vt 0.020204 0.696308
vt 0.023545 0.694966
vt 0.748844 0.774462
vt 0.751379 0.768204
vt 0.810361 0.792032
vt 0.542512 0.748549
vt 0.546819 0.748190
vt 0.987828 0.621241
vt 0.984293 0.621054
vt 0.985152 0.618802
vt 0.355883 0.741243
vt 0.355761 0.740844
vt 0.356094 0.740706
vt 0.357087 0.741046
vt 0.358068 0.740396
vt 0.358015 0.740939
vt 0.744514 0.719400
vt 0.746336 0.722449
vt 0.988616 0.667679
vt 0.988792 0.668690
vt 0.985729 0.668400
vt 0.984277 0.668794
vt 0.281127 0.879376
vt 0.632661 0.502142
vt 0.631460 0.505974
vt 0.632940 0.497928
vt 0.284048 0.879460
vt 0.634676 0.503781
vt 0.613493 0.527497
vt 0.800713 0.159077
vt 0.987114 0.917599
vt 0.987180 0.918605
vt 0.986684 0.919600
vt 0.745519 0.716863
vt 0.745530 0.715841
vt 0.968260 0.998300
vt 0.967348 0.997093
vt 0.968497 0.997093
vt 0.352829 0.100678
vt 0.496353 0.088796
vt 0.787653 0.468819
vt 0.279176 0.071114
vt 0.980343 0.594214
vt 0.330095 0.076590
vt 0.333527 0.579789
vt 0.338301 0.580187
vt 0.334264 0.584604
vt 0.169321 0.879404
vt 0.239450 0.738571
vt 0.240593 0.750784
vt 0.236349 0.744906
vt 0.251994 0.408259
vt 0.255329 0.407466
vt 0.254040 0.408439
vt 0.164147 0.611061
vt 0.992738 0.801881
vt 0.990146 0.800668
vt 0.992439 0.800668
vt 0.746558 0.828941
vt 0.750865 0.759745
vt 0.682532 0.987587
vt 0.358243 0.746868
vt 0.356446 0.744528
vt 0.358733 0.741456
vt 0.727357 0.830444
vt 0.728039 0.838147
vt 0.727042 0.829959
vt 0.726139 0.830492
vt 0.281012 0.877583
vt 0.718926 0.831264
vt 0.717934 0.831697
vt 0.719017 0.829495
vt 0.632886 0.503178
vt 0.997483 0.194781
vt 0.996622 0.194224
vt 0.998594 0.194224
vt 0.617578 0.534846
vt 0.619471 0.524106
vt 0.917077 0.633267
vt 0.922222 0.639172
vt 0.801824 0.203743
vt 0.784928 0.261462
vt 0.711344 0.873061
vt 0.844076 0.359460
vt 0.029172 0.268168
vt 0.539695 0.067300
vt 0.005887 0.114242
vt 0.008710 0.133277
vt 0.605774 0.582475
vt 0.605772 0.576896
vt 0.584706 0.413434
vt 0.564997 0.416907
vt 0.803868 0.595539
vt 0.769284 0.822181
vt 0.774905 0.819085
vt 0.774622 0.822292
vt 0.236685 0.739629
vt 0.522911 0.422121
vt 0.521257 0.418360
vt 0.527496 0.414724
vt 0.400607 0.126546
vt 0.403215 0.132227
vt 0.400157 0.139869
vt 0.859315 0.997093
vt 0.859315 0.998402
vt 0.859016 0.997775
vt 0.364963 0.731242
vt 0.367938 0.734367
vt 0.363448 0.738589
vt 0.824798 0.601526
vt 0.819393 0.607698
vt 0.820178 0.598374
vt 0.751393 0.721694
vt 0.754230 0.715037
vt 0.723869 0.833022
vt 0.725208 0.830573
vt 0.724604 0.831224
vt 0.279468 0.876254
vt 0.718640 0.833231
vt 0.996622 0.967809
vt 0.998290 0.967809
vt 0.997506 0.968492
vt 0.714390 0.833441
vt 0.513583 0.990757
vt 0.514055 0.992614
vt 0.512166 0.990049
vt 0.513327 0.989411
vt 0.617752 0.553176
vt 0.618349 0.551792
vt 0.618138 0.554227
vt 0.618985 0.555708
vt 0.514437 0.990442
vt 0.456526 0.746290
vt 0.908942 0.642210
vt 0.356920 0.091497
vt 0.355231 0.092285
vt 0.923689 0.640826
vt 0.911789 0.628138
vt 0.708109 0.868353
vt 0.299378 0.053904
vt 0.562902 0.222746
vt 0.561396 0.217452
vt 0.563486 0.217294
vt 0.998491 0.332051
vt 0.996622 0.332051
vt 0.997053 0.330694
vt 0.009463 0.169454
vt 0.598495 0.414422
vt 0.569363 0.450347
vt 0.766657 0.817243
vt 0.524077 0.416176
vt 0.021026 0.836399
vt 0.025913 0.834790
vt 0.024098 0.837910
vt 0.757308 0.801710
vt 0.523027 0.412772
vt 0.525238 0.411623
vt 0.068348 0.873407
vt 0.064905 0.875059
vt 0.064585 0.872600
vt 0.999386 0.405318
vt 0.999041 0.405497
vt 0.998743 0.405318
vt 0.653439 0.138200
vt 0.653675 0.137555
vt 0.655563 0.131208
vt 0.654686 0.139343
vt 0.797588 0.580040
vt 0.803629 0.583928
vt 0.798334 0.583594
vt 0.653607 0.133348
vt 0.757967 0.736933
vt 0.748508 0.723971
vt 0.785164 0.367085
vt 0.788419 0.354823
vt 0.785947 0.371163
vt 0.784613 0.357009
vt 0.364321 0.090743
vt 0.645256 0.987671
vt 0.643974 0.984259
vt 0.644774 0.985141
vt 0.806322 0.210321
vt 0.972958 0.604714
vt 0.710083 0.877486
vt 0.712411 0.848404
vt 0.709560 0.856095
vt 0.876961 0.782876
vt 0.881093 0.782750
vt 0.878125 0.787287
vt 0.001249 0.114838
vt 0.392743 0.126311
vt 0.394880 0.182754
vt 0.798473 0.550100
vt 0.795339 0.551286
vt 0.801615 0.546765
vt 0.753371 0.808813
vt 0.988356 0.734754
vt 0.987838 0.737915
vt 0.984151 0.735663
vt 0.800250 0.586865
vt 0.027155 0.841108
vt 0.999848 0.141991
vt 0.998918 0.142348
vt 0.998743 0.141991
vt 0.749831 0.763063
vt 0.359782 0.743094
vt 0.361945 0.743750
vt 0.365124 0.747004
vt 0.827241 0.615274
vt 0.721919 0.834117
vt 0.719937 0.831938
vt 0.630016 0.557744
vt 0.359616 0.097231
vt 0.496554 0.083651
vt 0.801012 0.212847
vt 0.645245 0.983450
vt 0.268343 0.989860
vt 0.268469 0.992306
vt 0.267267 0.990596
vt 0.789530 0.263914
vt 0.951354 0.632041
vt 0.960026 0.614400
vt 0.822533 0.356252
vt 0.818674 0.353963
vt 0.821284 0.355819
vt 0.820101 0.355331
vt 0.816594 0.356686
vt 0.825664 0.356810
vt 0.517257 0.072834
vt 0.517051 0.069505
vt 0.389884 0.159878
vt 0.303475 0.588422
vt 0.310110 0.586185
vt 0.305211 0.592042
vt 0.880365 0.414348
vt 0.877212 0.418098
vt 0.877698 0.411820
vt 0.304861 0.577272
vt 0.311503 0.584192
vt 0.774217 0.811764
vt 0.386910 0.140215
vt 0.632457 0.696857
vt 0.633578 0.696829
vt 0.632714 0.713548
vt 0.764716 0.729046
vt 0.759825 0.718375
vt 0.361845 0.745148
vt 0.367520 0.751958
vt 0.722298 0.835467
vt 0.724626 0.837974
vt 0.714727 0.843206
vt 0.625185 0.552125
vt 0.919162 0.640732
vt 0.806732 0.210952
vt 0.804694 0.211518
vt 0.267101 0.993415
vt 0.266698 0.991700
vt 0.988131 0.477983
vt 0.986449 0.479504
vt 0.983273 0.475489
vt 0.634405 0.995098
vt 0.633163 0.996653
vt 0.633163 0.994013
vt 0.963893 0.609476
vt 0.005974 0.501642
vt 0.007066 0.545944
vt 0.858527 0.218276
vt 0.614021 0.157869
vt 0.797826 0.351716
vt 0.794329 0.355318
vt 0.019755 0.223365
vt 0.692245 0.888716
vt 0.702330 0.893843
vt 0.882454 0.785380
vt 0.604890 0.409938
vt 0.602340 0.406524
vt 0.732411 0.128004
vt 0.734200 0.132650
vt 0.731949 0.132950
vt 0.734144 0.128371
vt 0.541805 0.071111
vt 0.603831 0.437087
vt 0.394099 0.151230
vt 0.762482 0.803926
vt 0.757722 0.808289
vt 0.811251 0.599545
vt 0.803795 0.608949
vt 0.393641 0.126169
vt 0.392256 0.146259
vt 0.066861 0.879319
vt 0.064900 0.878700
vt 0.812049 0.562361
vt 0.993100 0.055423
vt 0.990146 0.055463
vt 0.992682 0.054589
vt 0.719463 0.837968
vt 0.806747 0.211870
vt 0.013060 0.875659
vt 0.013049 0.874488
vt 0.013577 0.874401
vt 0.014768 0.874767
vt 0.964088 0.613039
vt 0.481293 0.079823
vt 0.478558 0.082772
vt 0.478862 0.078889
vt 0.705826 0.768806
vt 0.989164 0.788483
vt 0.985199 0.789931
vt 0.984493 0.787147
vt 0.601762 0.482757
vt 0.390987 0.118082
vt 0.801674 0.532637
vt 0.805275 0.539724
vt 0.764752 0.983290
vt 0.766928 0.984726
vt 0.765659 0.987406
vt 0.812142 0.555117
vt 0.988975 0.690718
vt 0.989199 0.690048
vt 0.989342 0.690658
vt 0.810731 0.574647
vt 0.051414 0.505273
vt 0.632034 0.511846
vt 0.451538 0.749674
vt 0.611117 0.542782
vt 0.612493 0.531914
vt 0.627646 0.551528
vt 0.496271 0.073447
vt 0.498920 0.079482
vt 0.996622 0.721957
vt 0.997083 0.720408
vt 0.998334 0.721957
vt 0.811344 0.209746
vt 0.810535 0.216252
vt 0.808105 0.211379
vt 0.015166 0.880435
vt 0.012565 0.879381
vt 0.787028 0.266322
vt 0.785931 0.264464
vt 0.998743 0.277331
vt 0.998743 0.276437
vt 0.999670 0.276993
vt 0.935544 0.640569
vt 0.969201 0.608943
vt 0.586245 0.157777
vt 0.709398 0.718646
vt 0.709041 0.740457
vt 0.704880 0.722215
vt 0.606323 0.523078
vt 0.390998 0.136600
vt 0.383786 0.987611
vt 0.381626 0.987602
vt 0.384015 0.984086
vt 0.312645 0.591452
vt 0.380016 0.163669
vt 0.004629 0.824291
vt 0.003661 0.830069
vt 0.001074 0.822513
vt 0.310232 0.579356
vt 0.586578 0.741182
vt 0.582570 0.739623
vt 0.585729 0.735721
vt 0.768845 0.811531
vt 0.582969 0.734390
vt 0.520898 0.410684
vt 0.521174 0.407745
vt 0.055733 0.616382
vt 0.056848 0.612631
vt 0.060144 0.614921
vt 0.983408 0.573607
vt 0.985132 0.573128
vt 0.985471 0.574393
vt 0.983273 0.572916
vt 0.985168 0.690109
vt 0.765414 0.793774
vt 0.765385 0.799221
vt 0.987734 0.690923
vt 0.765590 0.784468
vt 0.993456 0.348246
vt 0.991628 0.348589
vt 0.991917 0.348359
vt 0.990138 0.348423
vt 0.987485 0.729847
vt 0.986134 0.728855
vt 0.989202 0.728497
vt 0.923850 0.996505
vt 0.923861 0.994286
vt 0.924099 0.996210
vt 0.883361 0.331641
vt 0.883193 0.331356
vt 0.883855 0.330058
vt 0.766945 0.772385
vt 0.989110 0.772159
vt 0.988537 0.772684
vt 0.988161 0.772749
vt 0.109860 0.916432
vt 0.767295 0.720464
vt 0.827112 0.998398
vt 0.827112 0.997093
vt 0.827900 0.997722
vt 0.365563 0.749390
vt 0.370734 0.750808
vt 0.288812 0.986056
vt 0.287690 0.987192
vt 0.287159 0.983273
vt 0.639987 0.846972
vt 0.635408 0.846243
vt 0.638753 0.845042
vt 0.456600 0.746136
vt 0.454452 0.750271
vt 0.631699 0.555057
vt 0.629852 0.552996
vt 0.359954 0.102082
vt 0.861290 0.989340
vt 0.860698 0.993026
vt 0.860328 0.990483
vt 0.996622 0.754081
vt 0.998321 0.755023
vt 0.996622 0.755647
vt 0.991437 0.925770
vt 0.993170 0.927019
vt 0.991038 0.927196
vt 0.587443 0.099553
vt 0.587700 0.095781
vt 0.588759 0.095463
vt 0.367649 0.096388
vt 0.363874 0.102309
vt 0.806824 0.213970
vt 0.807980 0.216550
vt 0.805321 0.215657
vt 0.806403 0.212164
vt 0.994069 0.940122
vt 0.996103 0.940122
vt 0.994779 0.941518
vt 0.951392 0.622328
vt 0.952976 0.621521
vt 0.976439 0.607980
vt 0.704294 0.750006
vt 0.606780 0.444933
vt 0.608347 0.560268
vt 0.990146 0.354459
vt 0.993677 0.354459
vt 0.992792 0.354953
vt 0.103056 0.610239
vt 0.099155 0.609692
vt 0.102859 0.604964
vt 0.315071 0.579702
vt 0.398440 0.996043
vt 0.399761 0.995470
vt 0.399561 0.996565
vt 0.179299 0.993153
vt 0.179318 0.990126
vt 0.180252 0.990654
vt 0.179415 0.989131
vt 0.999770 0.227025
vt 0.999235 0.227255
vt 0.998743 0.227025
vt 0.811876 0.997093
vt 0.811876 0.998432
vt 0.811619 0.997406
vt 0.179058 0.990412
vt 0.999330 0.291535
vt 0.999691 0.291639
vt 0.998743 0.291639
vt 0.999636 0.324837
vt 0.999093 0.324990
vt 0.998743 0.324837
vt 0.300364 0.992728
vt 0.300641 0.992970
vt 0.300693 0.993558
vt 0.300591 0.989590
vt 0.806273 0.586296
vt 0.982561 0.985381
vt 0.983238 0.984293
vt 0.984210 0.985293
vt 0.982455 0.985958
vt 0.982908 0.986653
vt 0.988838 0.574263
vt 0.984247 0.572777
vt 0.059980 0.609326
vt 0.058601 0.609155
vt 0.058563 0.608350
vt 0.881110 0.333839
vt 0.883242 0.334548
vt 0.998487 0.426233
vt 0.996622 0.426233
vt 0.996787 0.425764
vt 0.998370 0.425936
vt 0.990146 0.724508
vt 0.992413 0.724716
vt 0.991764 0.725648
vt 0.767075 0.765295
vt 0.986819 0.775291
vt 0.985737 0.773433
vt 0.998126 0.503478
vt 0.997083 0.503404
vt 0.998487 0.503386
vt 0.517687 0.993255
vt 0.515989 0.990994
vt 0.517621 0.991835
vt 0.360221 0.750622
vt 0.356571 0.751971
vt 0.359454 0.748633
vt 0.365252 0.750430
vt 0.363266 0.750160
vt 0.994069 0.079947
vt 0.994532 0.079314
vt 0.996515 0.079947
vt 0.719501 0.840371
vt 0.719388 0.843044
vt 0.626629 0.547635
vt 0.243850 0.101398
vt 0.241574 0.096048
vt 0.244922 0.096704
vt 0.355673 0.106761
vt 0.729096 0.996598
vt 0.727724 0.995514
vt 0.728798 0.994442
vt 0.790112 0.268058
vt 0.786520 0.270155
vt 0.967963 0.611364
vt 0.998427 0.500560
vt 0.997701 0.501826
vt 0.996670 0.501551
vt 0.800814 0.217192
vt 0.998323 0.791230
vt 0.996622 0.791230
vt 0.997946 0.789925
vt 0.499444 0.074780
vt 0.502950 0.075473
vt 0.504276 0.081477
vt 0.973932 0.606677
vt 0.859285 0.235133
vt 0.400382 0.067629
vt 0.461832 0.068889
vt 0.433086 0.069104
vt 0.098345 0.607247
vt 0.099654 0.605108
vt 0.316703 0.876444
vt 0.311677 0.875610
vt 0.317405 0.872823
vt 0.378553 0.113949
vt 0.316698 0.587511
vt 0.018431 0.364398
vt 0.018131 0.365001
vt 0.018472 0.369052
vt 0.018903 0.365919
vt 0.984303 0.986975
vt 0.983565 0.986641
vt 0.984148 0.986168
vt 0.018815 0.364577
vt 0.983781 0.988064
vt 0.805864 0.543676
vt 0.810900 0.547218
vt 0.443179 0.993203
vt 0.444117 0.989131
vt 0.444707 0.991260
vt 0.984108 0.983774
vt 0.811776 0.590953
vt 0.988669 0.573072
vt 0.057759 0.607203
vt 0.995231 0.894815
vt 0.994069 0.894620
vt 0.996180 0.894620
vt 0.793399 0.998415
vt 0.793979 0.997093
vt 0.794236 0.998415
vt 0.983273 0.690996
vt 0.983568 0.689655
vt 0.644754 0.994944
vt 0.645065 0.995066
vt 0.645403 0.996674
vt 0.986914 0.731519
vt 0.984449 0.729840
vt 0.645090 0.994422
vt 0.645403 0.994013
vt 0.766452 0.788795
vt 0.766931 0.790917
vt 0.766843 0.791363
vt 0.999191 0.353412
vt 0.999556 0.353823
vt 0.998743 0.353823
vt 0.924670 0.994801
vt 0.997737 0.379034
vt 0.998025 0.378640
vt 0.998291 0.379024
vt 0.998484 0.378097
vt 0.996622 0.378097
vt 0.996985 0.425491
vt 0.990146 0.855530
vt 0.990884 0.856063
vt 0.990693 0.856261
vt 0.990666 0.856684
vt 0.994520 0.251080
vt 0.995391 0.250858
vt 0.996438 0.251473
vt 0.990146 0.602392
vt 0.991890 0.601966
vt 0.992825 0.602469
vt 0.517699 0.990691
vt 0.766813 0.724219
vt 0.767004 0.725969
vt 0.992514 0.205404
vt 0.991517 0.204918
vt 0.992779 0.204739
vt 0.990146 0.206165
vt 0.993782 0.206165
vt 0.766761 0.721654
vt 0.767973 0.717643
vt 0.365425 0.751022
vt 0.819647 0.613045
vt 0.720013 0.841328
vt 0.719964 0.841944
vt 0.989103 0.255574
vt 0.984669 0.256715
vt 0.983806 0.254759
vt 0.767628 0.711806
vt 0.633655 0.849612
vt 0.632361 0.840686
vt 0.617707 0.548438
vt 0.623809 0.541093
vt 0.454317 0.751637
vt 0.994069 0.837113
vt 0.996140 0.837113
vt 0.994367 0.838622
vt 0.989204 0.253933
vt 0.761598 0.712800
vt 0.349366 0.110912
vt 0.346327 0.110619
vt 0.347295 0.109643
vt 0.629166 0.549792
vt 0.880244 0.774533
vt 0.878978 0.771547
vt 0.880624 0.770667
vt 0.483618 0.077154
vt 0.483084 0.078589
vt 0.763761 0.710009
vt 0.929464 0.642014
vt 0.805295 0.217866
vt 0.806160 0.216595
vt 0.682145 0.997093
vt 0.682203 0.998468
vt 0.681067 0.998468
vt 0.975287 0.607134
vt 0.955901 0.622912
vt 0.953456 0.622533
vt 0.974518 0.607620
vt 0.853016 0.669063
vt 0.383461 0.138332
vt 0.386657 0.134535
vt 0.386538 0.122918
vt 0.310829 0.872068
vt 0.007370 0.834028
vt 0.002421 0.835436
vt 0.880444 0.355529
vt 0.883236 0.357240
vt 0.878796 0.361517
vt 0.805568 0.542338
vt 0.806332 0.541792
vt 0.800047 0.553465
vt 0.766646 0.796644
vt 0.768356 0.796900
vt 0.766579 0.800109
vt 0.813356 0.584929
vt 0.768271 0.794693
vt 0.654896 0.127821
vt 0.159105 0.901108
vt 0.766747 0.791934
vt 0.488491 0.998583
vt 0.488491 0.997093
vt 0.489103 0.997778
vt 0.996622 0.915421
vt 0.997984 0.914988
vt 0.998322 0.915421
vt 0.767727 0.788962
vt 0.998292 0.987468
vt 0.996622 0.987468
vt 0.998088 0.986977
vt 0.766822 0.786391
vt 0.767698 0.786004
vt 0.999664 0.285465
vt 0.999366 0.286273
vt 0.998743 0.285465
vt 0.998381 0.734373
vt 0.996622 0.734373
vt 0.997529 0.733847
vt 0.994069 0.913125
vt 0.995637 0.912513
vt 0.996151 0.913125
vt 0.770084 0.783764
vt 0.767576 0.771905
vt 0.770152 0.772716
vt 0.767424 0.771621
vt 0.992377 0.856979
vt 0.990543 0.858367
vt 0.767702 0.771385
vt 0.768103 0.768693
vt 0.769071 0.727116
vt 0.553692 0.377835
vt 0.558380 0.378188
vt 0.554455 0.380426
vt 0.557006 0.379275
vt 0.366297 0.751964
vt 0.049264 0.873006
vt 0.053210 0.873738
vt 0.051337 0.879968
vt 0.055361 0.879951
vt 0.558092 0.375603
vt 0.557447 0.376858
vt 0.558244 0.377683
vt 0.264921 0.998656
vt 0.264201 0.997650
vt 0.264939 0.997463
vt 0.243191 0.875727
vt 0.241804 0.877751
vt 0.240726 0.877014
vt 0.630209 0.542210
vt 0.628672 0.545575
vt 0.306734 0.407104
vt 0.306096 0.409454
vt 0.303929 0.407674
vt 0.615368 0.543369
vt 0.074123 0.905097
vt 0.072515 0.892346
vt 0.556968 0.373725
vt 0.559179 0.374973
vt 0.998429 0.465153
vt 0.997274 0.466345
vt 0.996622 0.465153
vt 0.558255 0.373393
vt 0.556358 0.371910
vt 0.557607 0.373345
vt 0.996635 0.465877
vt 0.362275 0.101348
vt 0.356557 0.110072
vt 0.630853 0.548428
vt 0.071564 0.903110
vt 0.480127 0.072047
vt 0.992457 0.206215
vt 0.992923 0.207718
vt 0.990146 0.206925
vt 0.801957 0.219954
vt 0.261459 0.239418
vt 0.260248 0.240466
vt 0.260609 0.239534
vt 0.974991 0.608711
vt 0.976719 0.612622
vt 0.975116 0.607745
vt 0.701068 0.753183
vt 0.385794 0.129331
vt 0.386529 0.143388
vt 0.315619 0.869492
vt 0.313532 0.593873
vt 0.312229 0.597488
vt 0.996622 0.381095
vt 0.996885 0.379393
vt 0.998452 0.380168
vt 0.771000 0.799500
vt 0.768166 0.802095
vt 0.767331 0.792134
vt 0.767489 0.791287
vt 0.767803 0.786936
vt 0.890855 0.741741
vt 0.771739 0.717521
vt 0.367194 0.752698
vt 0.366730 0.752478
vt 0.718972 0.843633
vt 0.718560 0.843941
vt 0.826615 0.620993
vt 0.713506 0.128520
vt 0.714116 0.126842
vt 0.715616 0.131569
vt 0.303838 0.408824
vt 0.075759 0.907501
vt 0.634933 0.551104
vt 0.634475 0.553759
vt 0.553862 0.372924
vt 0.485346 0.081575
vt 0.484683 0.073495
vt 0.623422 0.538549
vt 0.625683 0.537374
vt 0.552110 0.370975
vt 0.950442 0.997853
vt 0.950935 0.997093
vt 0.950935 0.998342
vt 0.629649 0.545926
vt 0.362512 0.104652
vt 0.354562 0.109884
vt 0.349400 0.113364
vt 0.348308 0.114934
vt 0.345135 0.113448
vt 0.001119 0.630396
vt 0.003428 0.634141
vt 0.000250 0.636742
vt 0.261172 0.244751
vt 0.259323 0.985241
vt 0.257644 0.987901
vt 0.257924 0.983632
vt 0.368062 0.102457
vt 0.803533 0.222023
vt 0.995581 0.820158
vt 0.994069 0.819969
vt 0.995071 0.819722
vt 0.387481 0.124048
vt 0.318329 0.578850
vt 0.319473 0.578029
vt 0.323332 0.584231
vt 0.388102 0.122330
vt 0.810661 0.542902
vt 0.159751 0.904276
vt 0.158289 0.904331
vt 0.625492 0.989637
vt 0.628471 0.989131
vt 0.628268 0.990220
vt 0.346192 0.997093
vt 0.346828 0.997534
vt 0.346192 0.998629
vt 0.820433 0.573890
vt 0.077406 0.919365
vt 0.367118 0.752984
vt 0.999643 0.320941
vt 0.999485 0.321146
vt 0.998743 0.320941
vt 0.367721 0.753087
vt 0.999033 0.353189
vt 0.999569 0.353363
vt 0.998743 0.353363
vt 0.713716 0.133344
vt 0.716155 0.135986
vt 0.825490 0.620770
vt 0.718124 0.844429
vt 0.238692 0.883559
vt 0.631657 0.546137
vt 0.996395 0.298651
vt 0.995802 0.299463
vt 0.995501 0.298374
vt 0.866723 0.737841
vt 0.864425 0.738255
vt 0.865749 0.736493
vt 0.876978 0.776334
vt 0.394167 0.188700
vt 0.394213 0.191836
vt 0.394067 0.191044
vt 0.364477 0.105008
vt 0.364356 0.107782
vt 0.344729 0.115290
vt 0.346372 0.115209
vt 0.345956 0.116030
vt 0.506251 0.997514
vt 0.506121 0.998598
vt 0.506121 0.997093
vt 0.462756 0.998571
vt 0.463293 0.997655
vt 0.463796 0.998571
vt 0.462833 0.997415
vt 0.398561 0.190260
vt 0.344516 0.116974
vt 0.259531 0.241489
vt 0.835407 0.998379
vt 0.834310 0.997100
vt 0.835407 0.997093
vt 0.822394 0.522870
vt 0.819294 0.527103
vt 0.819726 0.516425
vt 0.993767 0.997093
vt 0.993602 0.998318
vt 0.993349 0.997093
vt 0.997326 0.949961
vt 0.997768 0.949291
vt 0.998299 0.949841
vt 0.996622 0.949291
vt 0.155604 0.906792
vt 0.778794 0.716917
vt 0.718348 0.132837
vt 0.718728 0.134503
vt 0.236271 0.878395
vt 0.237036 0.882508
vt 0.313495 0.407325
vt 0.311451 0.419655
vt 0.882438 0.989591
vt 0.884239 0.990248
vt 0.884377 0.991533
vt 0.632766 0.545708
vt 0.633242 0.541991
vt 0.996210 0.641348
vt 0.994204 0.641185
vt 0.994776 0.639473
vt 0.994829 0.299463
vt 0.994069 0.298863
vt 0.346455 0.115925
vt 0.346171 0.118134
vt 0.258692 0.243609
vt 0.334835 0.025377
vt 0.369571 0.070332
vt 0.322285 0.594195
vt 0.316624 0.598144
vt 0.999732 0.241338
vt 0.998743 0.241338
vt 0.999081 0.240631
vt 0.997799 0.712050
vt 0.996622 0.711311
vt 0.998360 0.711311
vt 0.813474 0.593921
vt 0.814930 0.594813
vt 0.814049 0.595102
vt 0.789122 0.348331
vt 0.789717 0.348011
vt 0.789032 0.349317
vt 0.789064 0.348678
vt 0.237632 0.883611
vt 0.307160 0.419596
vt 0.028084 0.997093
vt 0.028084 0.998721
vt 0.027066 0.997320
vt 0.876544 0.303609
vt 0.878982 0.304015
vt 0.877156 0.305603
vt 0.875872 0.300031
vt 0.876494 0.298976
vt 0.879108 0.301372
vt 0.394267 0.192442
vt 0.392510 0.193041
vt 0.993386 0.148418
vt 0.993830 0.149873
vt 0.992061 0.149106
vt 0.200433 0.864581
vt 0.197325 0.862062
vt 0.199804 0.862300
vt 0.879041 0.298228
vt 0.876392 0.297582
vt 0.989668 0.070590
vt 0.988330 0.074633
vt 0.986015 0.071891
vt 0.341732 0.120895
vt 0.983490 0.074564
vt 0.396109 0.195357
vt 0.360862 0.115960
vt 0.983444 0.072880
vt 0.967139 0.616555
vt 0.974537 0.624157
vt 0.705102 0.715526
vt 0.482435 0.413286
vt 0.483634 0.408250
vt 0.487263 0.416992
vt 0.786881 0.795066
vt 0.778264 0.800316
vt 0.819450 0.587240
vt 0.815489 0.593173
vt 0.883210 0.701112
vt 0.827278 0.586232
vt 0.827537 0.596843
vt 0.825314 0.597418
vt 0.993305 0.774018
vt 0.992742 0.774170
vt 0.993033 0.773395
vt 0.992921 0.335491
vt 0.992229 0.335916
vt 0.992218 0.334962
vt 0.999898 0.082675
vt 0.998743 0.082675
vt 0.999446 0.082178
vt 0.991478 0.335705
vt 0.630666 0.533801
vt 0.196198 0.865057
vt 0.196491 0.863232
vt 0.074955 0.865505
vt 0.074746 0.864779
vt 0.076182 0.865870
vt 0.879602 0.302251
vt 0.879723 0.302998
vt 0.075166 0.863527
vt 0.990146 0.336084
vt 0.074294 0.865245
vt 0.073947 0.865451
vt 0.996305 0.540450
vt 0.994069 0.540450
vt 0.995733 0.539635
vt 0.076344 0.861038
vt 0.072278 0.910173
vt 0.354989 0.114206
vt 0.357069 0.114049
vt 0.002589 0.989410
vt 0.003509 0.990976
vt 0.000229 0.991760
vt 0.398474 0.200114
vt 0.951912 0.640918
vt 0.969327 0.640345
vt 0.976570 0.618417
vt 0.971750 0.615023
vt 0.381363 0.131729
vt 0.482712 0.425718
vt 0.482158 0.423793
vt 0.487930 0.424386
vt 0.830822 0.599217
vt 0.831100 0.642947
vt 0.825582 0.644065
vt 0.829512 0.630689
vt 0.787531 0.731041
vt 0.992940 0.335032
vt 0.993249 0.336081
vt 0.074521 0.866149
vt 0.624939 0.533258
vt 0.410652 0.212913
vt 0.409467 0.207912
vt 0.410330 0.205900
vt 0.357728 0.116003
vt 0.348583 0.120195
vt 0.563940 0.987656
vt 0.564143 0.984271
vt 0.566842 0.986504
vt 0.943153 0.642929
vt 0.998588 0.127760
vt 0.997681 0.129168
vt 0.996622 0.127760
vt 0.820356 0.555058
vt 0.490454 0.989893
vt 0.491583 0.989779
vt 0.491094 0.992188
vt 0.820054 0.590209
vt 0.787564 0.747785
vt 0.149405 0.923713
vt 0.993386 0.335130
vt 0.074017 0.866143
vt 0.628190 0.532784
vt 0.625285 0.524228
vt 0.620733 0.528582
vt 0.408964 0.209045
vt 0.621543 0.525831
vt 0.620568 0.526787
vt 0.349237 0.121371
vt 0.356384 0.124884
vt 0.073309 0.916075
vt 0.064824 0.994013
vt 0.064824 0.996949
vt 0.063414 0.995323
vt 0.959237 0.640719
vt 0.971871 0.620743
vt 0.974202 0.621042
vt 0.697136 0.701736
vt 0.692201 0.706189
vt 0.358862 0.141333
vt 0.881847 0.690907
vt 0.803976 0.265307
vt 0.808487 0.262012
vt 0.811255 0.263447
vt 0.993525 0.297449
vt 0.990441 0.298007
vt 0.990968 0.296972
vt 0.764824 0.994910
vt 0.764685 0.995603
vt 0.764568 0.994013
vt 0.629819 0.531311
vt 0.407463 0.212262
vt 0.624345 0.523094
vt 0.878174 0.041963
vt 0.881522 0.043537
vt 0.877548 0.044320
vt 0.879003 0.037723
vt 0.880346 0.040637
vt 0.358497 0.118656
vt 0.349706 0.122655
vt 0.557473 0.983579
vt 0.555445 0.985203
vt 0.555305 0.984753
vt 0.558371 0.988066
vt 0.554565 0.985058
vt 0.974276 0.621494
vt 0.656235 0.708926
vt 0.788490 0.761266
vt 0.804875 0.279920
vt 0.811119 0.272432
vt 0.806377 0.261689
vt 0.806935 0.258685
vt 0.789731 0.733636
vt 0.985083 0.266885
vt 0.985945 0.266053
vt 0.989667 0.266898
vt 0.791539 0.717939
vt 0.791124 0.730862
vt 0.075350 0.921793
vt 0.004984 0.987749
vt 0.004835 0.986080
vt 0.005893 0.988184
vt 0.005114 0.984006
vt 0.784124 0.352173
vt 0.782237 0.347206
vt 0.785267 0.342353
vt 0.351530 0.124793
vt 0.354022 0.128797
vt 0.144785 0.985704
vt 0.144657 0.983489
vt 0.145450 0.987449
vt 0.002197 0.985712
vt 0.001045 0.983632
vt 0.556484 0.986437
vt 0.614516 0.177793
vt 0.824793 0.563517
vt 0.998561 0.185804
vt 0.996622 0.185804
vt 0.998478 0.184524
vt 0.154821 0.916765
vt 0.789643 0.775021
vt 0.791234 0.776400
vt 0.792160 0.776415
vt 0.790894 0.776930
vt 0.879506 0.794210
vt 0.881557 0.790703
vt 0.881833 0.794954
vt 0.880411 0.795669
vt 0.881257 0.796148
vt 0.999710 0.274637
vt 0.999123 0.274801
vt 0.998743 0.274637
vt 0.984981 0.208281
vt 0.989144 0.205188
vt 0.987588 0.208355
vt 0.984161 0.204613
vt 0.805425 0.259247
vt 0.984096 0.430087
vt 0.985977 0.429686
vt 0.984739 0.431581
vt 0.807685 0.257816
vt 0.479086 0.994051
vt 0.478970 0.996755
vt 0.478518 0.994226
vt 0.124446 0.987685
vt 0.125871 0.984076
vt 0.127784 0.988631
vt 0.127946 0.988199
vt 0.582267 0.998502
vt 0.583243 0.997093
vt 0.583623 0.998502
vt 0.805439 0.255484
vt 0.804284 0.252963
vt 0.035298 0.990285
vt 0.035999 0.993236
vt 0.035813 0.993548
vt 0.036118 0.993886
vt 0.784416 0.340067
vt 0.196200 0.609772
vt 0.194398 0.608076
vt 0.196700 0.607125
vt 0.825557 0.573099
vt 0.827533 0.580651
vt 0.792110 0.790250
vt 0.884124 0.715746
vt 0.795805 0.776056
vt 0.793215 0.776042
vt 0.864733 0.996104
vt 0.865333 0.994013
vt 0.865380 0.995655
vt 0.792191 0.763262
vt 0.423206 0.983687
vt 0.424988 0.987342
vt 0.421197 0.986004
vt 0.875506 0.285825
vt 0.872882 0.281896
vt 0.874806 0.277796
vt 0.479327 0.589556
vt 0.480458 0.583849
vt 0.483736 0.588647
vt 0.332605 0.095835
vt 0.334242 0.099616
vt 0.331205 0.099708
vt 0.981905 0.994330
vt 0.982427 0.996209
vt 0.981668 0.996497
vt 0.988672 0.427517
vt 0.983773 0.425801
vt 0.829272 0.600810
vt 0.764882 0.994179
vt 0.197341 0.994528
vt 0.196555 0.996883
vt 0.196573 0.994328
vt 0.106773 0.923200
vt 0.296023 0.119390
vt 0.297803 0.120384
vt 0.295399 0.124197
vt 0.629155 0.520970
vt 0.996267 0.633706
vt 0.994069 0.633706
vt 0.994679 0.632932
vt 0.626406 0.523332
vt 0.353138 0.125088
vt 0.791768 0.987806
vt 0.792871 0.984069
vt 0.794135 0.987747
vt 0.957365 0.642843
vt 0.195798 0.604171
vt 0.964772 0.848955
vt 0.968491 0.851023
vt 0.826841 0.564938
vt 0.793170 0.780056
vt 0.005225 0.449497
vt 0.008705 0.446387
vt 0.008876 0.450279
vt 0.010254 0.444164
vt 0.116199 0.925479
vt 0.209355 0.868625
vt 0.207642 0.861876
vt 0.210069 0.864671
vt 0.792039 0.771381
vt 0.736939 0.989131
vt 0.738209 0.989631
vt 0.737246 0.991905
vt 0.114635 0.929674
vt 0.110657 0.927227
vt 0.115615 0.923446
vt 0.483126 0.585011
vt 0.491116 0.133354
vt 0.486607 0.130059
vt 0.493974 0.129564
vt 0.781319 0.706950
vt 0.783997 0.712632
vt 0.781072 0.710963
vt 0.784487 0.707039
vt 0.925801 0.989394
vt 0.926409 0.992460
vt 0.925407 0.992956
vt 0.798370 0.735022
vt 0.789784 0.735254
vt 0.789439 0.715667
vt 0.795166 0.715720
vt 0.624091 0.522098
vt 0.627607 0.519937
vt 0.627602 0.522126
vt 0.353930 0.126564
vt 0.794296 0.984336
vt 0.025170 0.402626
vt 0.028400 0.402867
vt 0.026986 0.405824
vt 0.822203 0.670098
vt 0.822267 0.675716
vt 0.818995 0.672751
vt 0.792496 0.773638
vt 0.793184 0.771678
vt 0.798864 0.777814
vt 0.087681 0.494533
vt 0.796455 0.758085
vt 0.794991 0.766378
vt 0.844512 0.234025
vt 0.838823 0.233228
vt 0.838538 0.227561
vt 0.983273 0.244940
vt 0.986939 0.244297
vt 0.984674 0.247119
vt 0.796358 0.743843
vt 0.794903 0.742050
vt 0.798286 0.740790
vt 0.992940 0.452368
vt 0.991311 0.453861
vt 0.990445 0.451990
vt 0.831030 0.601385
vt 0.793454 0.737098
vt 0.994069 0.112143
vt 0.996457 0.112143
vt 0.995832 0.113652
vt 0.850014 0.108378
vt 0.850155 0.098492
vt 0.850985 0.110929
vt 0.505242 0.989806
vt 0.505666 0.989131
vt 0.505940 0.989355
vt 0.999214 0.369014
vt 0.998743 0.368732
vt 0.999523 0.368732
vt 0.999524 0.316587
vt 0.999645 0.316890
vt 0.998743 0.316890
vt 0.999317 0.389409
vt 0.999449 0.389824
vt 0.999193 0.389851
vt 0.621222 0.516918
vt 0.865957 0.647841
vt 0.354949 0.128214
vt 0.834171 0.525237
vt 0.832048 0.527836
vt 0.830492 0.523948
vt 0.346931 0.131147
vt 0.349072 0.134463
vt 0.992145 0.152823
vt 0.990709 0.151172
vt 0.993591 0.151693
vt 0.880848 0.817714
vt 0.883745 0.823285
vt 0.879445 0.822850
vt 0.831337 0.575529
vt 0.879422 0.723486
vt 0.118718 0.930849
vt 0.988619 0.892850
vt 0.984363 0.893301
vt 0.986688 0.892227
vt 0.352662 0.414040
vt 0.350472 0.405188
vt 0.355560 0.407598
vt 0.486860 0.137870
vt 0.799399 0.738755
vt 0.648092 0.988370
vt 0.646679 0.987519
vt 0.647339 0.985726
vt 0.506168 0.989833
vt 0.998743 0.389409
vt 0.627794 0.516242
vt 0.833570 0.524033
vt 0.829190 0.527357
vt 0.073363 0.937001
vt 0.070830 0.922632
vt 0.070236 0.932024
vt 0.830869 0.566480
vt 0.827593 0.568426
vt 0.796677 0.789367
vt 0.793927 0.778861
vt 0.799342 0.766048
vt 0.879318 0.709454
vt 0.835570 0.223407
vt 0.845829 0.223393
vt 0.463993 0.878863
vt 0.462883 0.883634
vt 0.460854 0.878540
vt 0.107759 0.933668
vt 0.244945 0.883614
vt 0.245270 0.879082
vt 0.247440 0.881269
vt 0.101626 0.934827
vt 0.079150 0.936247
vt 0.504498 0.991952
vt 0.505681 0.992844
vt 0.858966 0.997093
vt 0.858966 0.998389
vt 0.858375 0.997698
vt 0.505164 0.993336
vt 0.506302 0.992668
vt 0.800499 0.719290
vt 0.800717 0.725972
vt 0.907010 0.989509
vt 0.908574 0.990354
vt 0.907046 0.990687
vt 0.908359 0.992642
vt 0.209122 0.989631
vt 0.209322 0.992053
vt 0.208075 0.992060
vt 0.999668 0.289935
vt 0.998743 0.289935
vt 0.998973 0.289308
vt 0.993148 0.872017
vt 0.993039 0.873386
vt 0.990881 0.872332
vt 0.872374 0.275098
vt 0.370083 0.154489
vt 0.829740 0.563913
vt 0.146933 0.930935
vt 0.144331 0.929307
vt 0.018590 0.865265
vt 0.016207 0.870763
vt 0.014120 0.862815
vt 0.803357 0.783740
vt 0.271396 0.087797
vt 0.271192 0.092651
vt 0.271182 0.086707
vt 0.802777 0.779832
vt 0.141035 0.930493
vt 0.878121 0.719956
vt 0.999570 0.350937
vt 0.999164 0.351255
vt 0.998743 0.350937
vt 0.802975 0.773872
vt 0.803207 0.777325
vt 0.744058 0.998435
vt 0.744058 0.997093
vt 0.745016 0.998307
vt 0.998407 0.724772
vt 0.997769 0.724839
vt 0.996622 0.724772
vt 0.997599 0.062541
vt 0.996622 0.062333
vt 0.998172 0.062463
vt 0.161915 0.998192
vt 0.161979 0.997093
vt 0.161979 0.998726
vt 0.879755 0.716511
vt 0.871408 0.700835
vt 0.875469 0.693174
vt 0.852881 0.237304
vt 0.854591 0.231823
vt 0.855445 0.240909
vt 0.984244 0.235767
vt 0.987134 0.235946
vt 0.987620 0.238407
vt 0.249345 0.884529
vt 0.989416 0.142376
vt 0.986120 0.142234
vt 0.984953 0.137809
vt 0.988755 0.218056
vt 0.985294 0.216382
vt 0.988600 0.215481
vt 0.802904 0.731931
vt 0.802136 0.724735
vt 0.996622 0.542675
vt 0.997658 0.541799
vt 0.998436 0.542675
vt 0.996622 0.826398
vt 0.996830 0.825796
vt 0.998349 0.826398
vt 0.860074 0.571324
vt 0.860969 0.573022
vt 0.859227 0.578133
vt 0.861628 0.576148
vt 0.801252 0.724687
vt 0.800706 0.724083
vt 0.506265 0.993302
vt 0.907920 0.992955
vt 0.906851 0.992906
vt 0.546198 0.998551
vt 0.546834 0.997093
vt 0.546881 0.998551
vt 0.802201 0.722363
vt 0.210227 0.992571
vt 0.800825 0.719237
vt 0.801753 0.718084
vt 0.801861 0.719242
vt 0.996341 0.444702
vt 0.995410 0.445293
vt 0.994764 0.444508
vt 0.861096 0.567740
vt 0.861272 0.569686
vt 0.858746 0.568249
vt 0.997646 0.181878
vt 0.997098 0.181884
vt 0.997972 0.180967
vt 0.481033 0.997935
vt 0.481389 0.997093
vt 0.481389 0.998599
vt 0.801733 0.716039
vt 0.803091 0.717427
vt 0.801964 0.718285
vt 0.998510 0.365937
vt 0.996991 0.366657
vt 0.997551 0.366019
vt 0.996742 0.365988
vt 0.997564 0.546838
vt 0.996622 0.546141
vt 0.998442 0.546141
vt 0.961171 0.642364
vt 0.472911 0.987129
vt 0.474898 0.983273
vt 0.475796 0.985935
vt 0.052488 0.815690
vt 0.052998 0.813752
vt 0.053210 0.818608
vt 0.992539 0.464662
vt 0.991144 0.463591
vt 0.992720 0.464628
vt 0.842267 0.222269
vt 0.989326 0.236117
vt 0.803789 0.741722
vt 0.808284 0.740210
vt 0.807148 0.744830
vt 0.039199 0.989643
vt 0.041258 0.989927
vt 0.039094 0.993394
vt 0.805843 0.737620
vt 0.801140 0.735708
vt 0.806162 0.722569
vt 0.994069 0.473303
vt 0.996329 0.473303
vt 0.994979 0.474073
vt 0.915767 0.998323
vt 0.916696 0.997094
vt 0.916981 0.998323
vt 0.801999 0.720154
vt 0.802655 0.718992
vt 0.994069 0.445293
vt 0.996622 0.352493
vt 0.998183 0.352700
vt 0.997171 0.352942
vt 0.626504 0.511653
vt 0.353097 0.136940
vt 0.836144 0.306388
vt 0.883182 0.275556
vt 0.443126 0.005489
vt 0.558411 0.046823
vt 0.556967 0.005761
vt 0.801966 0.785845
vt 0.804751 0.785625
vt 0.018830 0.868229
vt 0.024097 0.988778
vt 0.024902 0.987300
vt 0.024946 0.988386
vt 0.024060 0.984490
vt 0.025501 0.986926
vt 0.024171 0.983273
vt 0.805602 0.778463
vt 0.996243 0.744761
vt 0.994069 0.744761
vt 0.995195 0.744498
vt 0.024160 0.998771
vt 0.024160 0.997093
vt 0.024186 0.997679
vt 0.997696 0.060399
vt 0.996622 0.060191
vt 0.998672 0.060191
vt 0.997320 0.930575
vt 0.996622 0.929895
vt 0.998304 0.929895
vt 0.869470 0.983750
vt 0.868785 0.985642
vt 0.869278 0.983801
vt 0.138465 0.931951
vt 0.136959 0.931551
vt 0.990146 0.464927
vt 0.867099 0.985161
vt 0.998272 0.939163
vt 0.998269 0.940427
vt 0.996622 0.939163
vt 0.998672 0.062333
vt 0.998398 0.755696
vt 0.997841 0.755719
vt 0.996622 0.755696
vt 0.992547 0.464699
vt 0.871799 0.705798
vt 0.378268 0.405811
vt 0.377813 0.413666
vt 0.374206 0.415280
vt 0.377373 0.417819
vt 0.807446 0.715584
vt 0.351333 0.139405
vt 0.104037 0.523504
vt 0.861931 0.723166
vt 0.805264 0.782795
vt 0.381746 0.993463
vt 0.380568 0.992999
vt 0.380847 0.990578
vt 0.804394 0.782170
vt 0.997624 0.913115
vt 0.996622 0.912513
vt 0.998314 0.912513
vt 0.803570 0.781043
vt 0.142788 0.932481
vt 0.138924 0.933066
vt 0.868900 0.987483
vt 0.118820 0.935625
vt 0.808183 0.757653
vt 0.861969 0.692001
vt 0.869554 0.688329
vt 0.829393 0.515776
vt 0.831809 0.514686
vt 0.612425 0.212588
vt 0.846064 0.710547
vt 0.681033 0.893762
vt 0.647422 0.892305
vt 0.807423 0.786574
vt 0.145649 0.933926
vt 0.138492 0.938352
vt 0.054350 0.493874
vt 0.085576 0.938478
vt 0.587465 0.200230
vt 0.863599 0.275592
vt 0.873070 0.289801
vt 0.866845 0.721844
vt 0.868114 0.718470
vt 0.106607 0.514734
vt 0.110309 0.512133
vt 0.106514 0.518018
vt 0.861463 0.696428
vt 0.051611 0.497244
vt 0.287003 0.602702
vt 0.284583 0.603541
vt 0.284539 0.597221
vt 0.047835 0.499614
vt 0.105876 0.507373
vt 0.069609 0.474738
vt 0.069476 0.471902
vt 0.075037 0.472235
vt 0.861764 0.687962
vt 0.642446 0.776204
vt 0.301872 0.006129
vt 0.553808 0.005307
vt 0.865578 0.705294
vt 0.861350 0.648221
vt 0.073642 0.487724
vt 0.071500 0.489709
vt 0.867145 0.707159
vt 0.874689 0.332035
vt 0.574525 0.205339
vt 0.565362 0.209158
vt 0.833538 0.705635
vt 0.859507 0.271864
vt 0.644762 0.786797
vt 0.591660 0.209774
vt 0.645645 0.866822
vt 0.602526 0.211914
vt 0.855601 0.717454
vt 0.096918 0.589286
vt 0.107729 0.592055
vt 0.102632 0.592288
vt 0.560800 0.210132
vt 0.834386 0.715093
vt 0.410579 0.585928
vt 0.414222 0.593880
vt 0.410112 0.592316
vt 0.298582 0.877749
vt 0.295287 0.870567
vt 0.298290 0.870986
vt 0.642609 0.720605
vt 0.585255 0.210258
vt 0.616985 0.201466
vt 0.624612 0.202953
vt 0.621229 0.211533
vt 0.622878 0.197740
vt 0.846411 0.718987
vt 0.093257 0.592174
vt 0.095666 0.596527
vt 0.084172 0.592794
vt 0.115243 0.596293
vt 0.418292 0.588261
vt 0.026946 0.598394
vt 0.001129 0.600134
vt 0.003650 0.591451
vt 0.417421 0.579499
vt 0.446671 0.001584
vt 0.998743 0.237508
vt 0.999119 0.237468
vt 0.999767 0.237508
vt 0.587611 0.206591
vt 0.267692 0.099203
vt 0.266490 0.099368
vt 0.270483 0.097875
vt 0.587553 0.206965
vt 0.010823 0.580162
vt 0.036788 0.581140
vt 0.008875 0.581792
vt 0.626609 0.189801
vt 0.625448 0.187679
vt 0.115475 0.591285
vt 0.096146 0.602162
vt 0.075460 0.601155
vt 0.002584 0.004043
vt 0.006261 0.002608
vt 0.006164 0.013949
vt 0.642722 0.798121
vt 0.642783 0.845777
vt 0.521789 0.001534
vt 0.004605 0.000941
vt 0.268308 0.098930
vt 0.267235 0.099244
vt 0.587591 0.207614
vt 0.090738 0.588447
vt 0.084052 0.582557
vt 0.045847 0.581810
vt 0.626704 0.212464
vt 0.046226 0.597308
vt 0.105380 0.596205
vt 0.824779 0.284779
vt 0.105955 0.602408
vt 0.587498 0.210315
vt 0.102479 0.582400
vt 0.140667 0.578105
vt 0.099891 0.589931
vt 0.177781 0.588349
vt 0.184283 0.601266
vt 0.036087 0.012604
vt 0.019053 0.001688
vt 0.046329 0.003393
vt 0.075741 0.064969
vt 0.083012 0.065054
vt 0.074276 0.065149
vt 0.188590 0.579021
vt 0.114993 0.580868
vt 0.006403 0.024158
vt 0.042471 0.026460
vt 0.573922 0.214270
vt 0.069169 0.065193
vt 0.073123 0.064697
vt 0.216810 0.580322
vt 0.834462 0.721295
vt 0.234913 0.595045
vt 0.232288 0.582096
vt 0.055285 0.024925
vt 0.987960 0.555645
vt 0.984433 0.554125
vt 0.987174 0.552763
vt 0.105441 0.011580
vt 0.115674 0.014802
vt 0.098403 0.016879
vt 0.237192 0.601919
vt 0.108756 0.004671
vt 0.090976 0.006823
vt 0.062162 0.010397
vt 0.587174 0.214669
vt 0.661899 0.997093
vt 0.661899 0.998526
vt 0.661741 0.997945
vt 0.236823 0.579503
vt 0.092663 0.024559
vt 0.111781 0.024664
vt 0.114941 0.023286
vt 0.163795 0.016942
vt 0.564559 0.214006
vt 0.110362 0.001100
vt 0.359570 0.002699
vt 0.149254 0.028344
vt 0.189362 0.026911
vt 0.247476 0.013045
vt 0.166851 0.001055
vt 0.249414 0.003242
vt 0.226171 0.026309
vt 0.241529 0.023427
vt 0.247955 0.026526
s 1
g PumaAgua_Material.044
usemtl Material.044
f 5/1/1 2/2/2 1/3/3
f 1/3/3 6/4/4 4/5/5
f 1/3/3 2/2/2 3/6/6
f 1/7/3 4/8/5 7/9/7
f 5/1/1 1/3/3 9/10/8
f 4/5/5 10/11/9 11/12/10
f 4/5/5 6/4/4 10/11/9
f 3/6/6 6/4/4 1/3/3
f 20/13/11 13/14/12 5/1/1
f 5/1/1 13/14/12 2/2/2
f 15/15/13 7/16/7 14/17/14
f 17/18/15 7/16/7 15/15/13
f 9/19/8 1/7/3 17/20/15
f 7/9/7 17/20/15 1/7/3
f 4/5/5 8/21/16 7/16/7
f 4/5/5 11/12/10 8/21/16
f 5/1/1 16/22/17 12/23/18
f 5/1/1 12/23/18 20/13/11
f 10/11/9 6/4/4 37/24/19
f 23/25/20 26/26/21 21/27/22
f 24/28/23 22/29/24 9/10/8
f 21/27/22 26/26/21 22/30/24
f 22/29/24 26/26/21 9/10/8
f 14/31/14 7/32/7 25/33/25
f 26/26/21 27/34/26 16/22/17
f 26/26/21 16/22/17 5/1/1
f 5/1/1 9/10/8 26/26/21
f 29/35/27 18/36/28 16/22/17
f 19/37/29 32/38/30 30/39/31
f 28/40/32 11/12/10 33/41/33
f 16/22/17 18/36/28 12/23/18
f 19/42/29 34/43/34 32/44/30
f 19/37/29 35/45/35 34/46/34
f 11/12/10 10/11/9 33/41/33
f 38/47/36 22/29/24 24/28/23
f 24/28/23 9/10/8 39/48/37
f 39/48/37 9/10/8 42/49/38
f 23/25/20 27/34/26 26/26/21
f 41/50/39 25/51/25 8/52/16
f 40/53/40 27/34/26 23/25/20
f 42/49/38 17/18/15 15/15/13
f 9/10/8 17/18/15 42/49/38
f 25/51/25 7/16/7 8/52/16
f 11/12/10 28/40/32 8/52/16
f 19/54/29 30/55/31 31/56/41
f 43/57/42 35/45/35 19/37/29
f 44/58/43 47/59/44 43/57/42
f 43/57/42 47/59/44 45/60/45
f 10/11/9 37/61/19 48/62/46
f 10/11/9 48/62/46 33/41/33
f 6/63/4 36/64/47 37/65/19
f 2/66/2 13/67/12 3/68/6
f 3/69/6 36/64/47 6/63/4
f 41/50/39 8/52/16 49/70/48
f 49/70/48 8/52/16 28/40/32
f 49/70/48 28/40/32 50/71/49
f 27/34/26 29/35/27 16/22/17
f 43/57/42 19/37/29 31/72/41
f 43/57/42 31/72/41 51/73/50
f 43/57/42 51/73/50 44/58/43
f 46/74/51 55/75/52 60/76/53
f 46/77/51 56/78/54 55/79/52
f 12/80/18 58/81/55 20/82/11
f 48/83/46 57/84/56 33/85/33
f 59/86/57 49/70/48 50/71/49
f 14/87/14 25/88/25 31/72/41
f 15/89/13 31/72/41 60/76/53
f 15/89/13 14/87/14 31/72/41
f 60/76/53 31/72/41 30/39/31
f 61/90/58 64/91/59 62/92/60
f 51/93/50 78/94/61 44/95/43
f 44/58/43 65/96/62 47/59/44
f 61/90/58 63/97/63 64/91/59
f 63/97/63 60/76/53 55/75/52
f 44/95/43 78/94/61 52/98/64
f 64/91/59 66/99/65 62/92/60
f 46/74/51 60/76/53 30/100/31
f 78/101/61 81/102/66 52/103/64
f 54/104/67 18/36/28 29/35/27
f 63/105/63 68/106/68 64/107/59
f 63/105/63 69/108/69 68/106/68
f 63/109/63 67/110/70 69/111/69
f 63/97/63 55/75/52 67/112/70
f 43/57/42 45/60/45 53/113/71
f 30/100/31 32/114/30 46/74/51
f 70/115/72 32/44/30 34/43/34
f 32/44/30 56/78/54 46/77/51
f 85/116/73 35/117/35 43/118/42
f 71/119/74 45/120/45 47/121/44
f 75/122/75 36/64/47 3/69/6
f 21/123/22 76/124/76 23/125/20
f 22/126/24 38/127/36 21/123/22
f 38/127/36 76/124/76 21/123/22
f 25/88/25 41/128/39 51/129/50
f 39/130/37 61/90/58 24/131/23
f 24/131/23 76/124/76 38/127/36
f 24/131/23 61/90/58 76/124/76
f 42/132/38 60/76/53 39/130/37
f 15/89/13 60/76/53 42/132/38
f 25/88/25 51/129/50 31/72/41
f 76/124/76 61/90/58 77/133/77
f 39/130/37 60/76/53 61/90/58
f 77/133/77 61/90/58 62/92/60
f 63/97/63 61/90/58 60/76/53
f 52/134/64 87/135/78 44/58/43
f 80/136/79 82/137/80 65/96/62
f 65/96/62 82/137/80 47/59/44
f 67/138/70 55/79/52 83/139/81
f 32/44/30 70/115/72 56/78/54
f 53/140/71 85/116/73 43/118/42
f 47/121/44 72/141/82 71/119/74
f 82/137/80 72/142/82 47/59/44
f 35/143/35 85/144/73 34/43/34
f 58/81/55 73/145/83 20/82/11
f 20/82/11 73/145/83 74/146/84
f 20/82/11 74/146/84 13/147/12
f 59/148/57 50/149/49 86/150/85
f 23/125/20 77/133/77 40/151/40
f 49/152/48 87/135/78 41/128/39
f 76/124/76 77/133/77 23/125/20
f 51/129/50 41/128/39 87/135/78
f 49/152/48 80/136/79 87/135/78
f 59/153/57 80/136/79 49/152/48
f 87/135/78 78/154/61 51/129/50
f 62/92/60 88/155/86 77/133/77
f 87/135/78 65/96/62 44/58/43
f 80/136/79 65/96/62 87/135/78
f 78/156/61 89/157/87 90/158/88
f 87/159/78 89/157/87 78/156/61
f 62/160/60 66/161/65 88/162/86
f 90/163/88 81/102/66 78/101/61
f 99/164/89 82/165/80 80/166/79
f 69/108/69 92/167/90 68/106/68
f 84/168/91 52/169/64 81/170/66
f 55/79/52 56/78/54 83/139/81
f 81/170/66 93/171/92 84/168/91
f 71/172/74 93/171/92 81/170/66
f 71/119/74 72/141/82 93/173/92
f 34/43/34 85/144/73 70/115/72
f 82/174/80 94/175/93 72/141/82
f 13/147/12 95/176/94 3/69/6
f 13/147/12 74/146/84 95/176/94
f 96/177/95 98/178/96 97/179/97
f 59/180/57 99/164/89 80/166/79
f 28/181/32 33/182/33 100/183/98
f 101/184/99 103/185/100 90/163/88
f 67/186/70 83/187/81 102/188/101
f 91/189/102 104/190/103 67/191/70
f 67/191/70 104/190/103 69/192/69
f 84/193/91 71/194/74 52/195/64
f 53/196/71 103/197/100 85/144/73
f 45/120/45 105/198/104 53/196/71
f 3/69/6 95/176/94 75/122/75
f 36/64/47 109/199/105 37/65/19
f 97/200/97 110/201/106 96/202/95
f 86/203/85 99/164/89 59/180/57
f 67/204/70 102/205/101 91/206/102
f 87/135/78 52/207/64 89/208/87
f 89/208/87 52/207/64 113/209/107
f 79/210/108 92/211/90 91/212/102
f 90/213/88 103/214/100 111/215/109
f 90/163/88 111/216/109 112/217/110
f 112/218/110 113/219/107 90/220/88
f 90/220/88 113/219/107 81/221/66
f 52/207/64 71/194/74 113/209/107
f 81/222/66 113/209/107 71/194/74
f 53/196/71 105/198/104 103/223/100
f 45/120/45 114/224/111 105/198/104
f 71/119/74 114/224/111 45/120/45
f 85/144/73 124/225/112 70/115/72
f 116/226/113 108/227/114 36/64/47
f 74/228/84 110/229/106 95/230/94
f 96/202/95 110/201/106 117/231/115
f 28/181/32 100/183/98 50/232/49
f 101/233/99 90/234/88 120/235/116
f 79/236/108 119/237/117 92/238/90
f 92/239/90 121/240/118 91/241/102
f 101/184/99 122/242/119 103/185/100
f 69/108/69 104/243/103 92/167/90
f 103/244/100 105/245/104 111/246/109
f 112/247/110 105/248/104 114/249/111
f 71/119/74 84/250/91 114/224/111
f 56/78/54 123/251/120 83/139/81
f 85/252/73 103/253/100 132/254/121
f 125/255/122 126/256/123 73/145/83
f 36/64/47 107/257/124 116/226/113
f 36/64/47 108/227/114 109/199/105
f 74/228/84 127/258/125 117/259/115
f 74/228/84 117/259/115 110/229/106
f 110/229/106 75/260/75 95/230/94
f 96/261/95 117/262/115 98/263/96
f 117/262/115 127/264/125 98/263/96
f 98/263/96 127/264/125 128/265/126
f 98/266/96 128/267/126 97/268/97
f 97/269/97 128/270/126 110/271/106
f 129/272/127 110/229/106 128/273/126
f 89/274/87 120/235/116 90/234/88
f 91/275/102 121/276/118 104/277/103
f 92/239/90 104/278/103 121/240/118
f 113/279/107 112/280/110 130/281/128
f 112/280/110 114/282/111 130/281/128
f 82/165/80 131/283/129 94/284/93
f 12/80/18 18/285/28 115/286/130
f 12/80/18 115/286/130 58/81/55
f 73/145/83 133/287/131 74/146/84
f 73/145/83 126/256/123 133/287/131
f 127/258/125 129/272/127 128/273/126
f 110/229/106 135/288/132 75/260/75
f 110/229/106 129/272/127 135/288/132
f 102/205/101 136/289/133 91/206/102
f 89/290/87 113/279/107 142/291/134
f 113/279/107 130/281/128 142/291/134
f 92/167/90 151/292/135 68/106/68
f 111/293/109 138/294/136 112/295/110
f 111/293/109 120/296/116 138/294/136
f 111/297/109 105/298/104 137/299/137
f 114/300/111 139/301/138 138/302/136
f 114/303/111 138/304/136 130/305/128
f 84/250/91 141/306/139 114/224/111
f 109/199/105 196/307/140 37/65/19
f 133/308/131 127/258/125 74/228/84
f 133/308/131 134/309/141 127/258/125
f 127/258/125 134/309/141 129/272/127
f 77/310/77 118/311/142 40/312/40
f 50/232/49 100/183/98 86/313/85
f 159/314/143 99/164/89 86/203/85
f 79/315/108 149/316/144 119/317/117
f 91/206/102 149/316/144 79/315/108
f 89/274/87 142/318/134 120/235/116
f 83/319/81 143/320/145 102/321/101
f 105/198/104 112/322/110 139/323/138
f 137/324/137 105/198/104 139/323/138
f 138/294/136 139/325/138 112/295/110
f 123/251/120 56/78/54 140/326/146
f 152/327/147 139/323/138 114/224/111
f 152/327/147 114/224/111 141/306/139
f 94/175/93 106/328/148 72/141/82
f 144/329/149 73/145/83 58/81/55
f 196/307/140 48/83/46 37/65/19
f 145/330/150 146/331/151 147/332/152
f 118/333/142 27/334/26 40/335/40
f 150/336/153 122/337/119 101/233/99
f 150/336/153 101/233/99 120/235/116
f 151/338/135 92/238/90 119/237/117
f 136/339/133 102/321/101 143/320/145
f 120/340/116 111/297/109 150/341/153
f 111/297/109 137/299/137 150/341/153
f 56/78/54 70/115/72 140/326/146
f 139/323/138 152/327/147 137/324/137
f 123/342/120 140/343/146 146/344/151
f 123/342/120 146/344/151 145/345/150
f 36/64/47 75/122/75 107/257/124
f 133/308/131 162/346/154 134/309/141
f 147/332/152 146/347/151 155/348/155
f 135/349/132 154/350/156 75/351/75
f 157/352/157 129/272/127 134/309/141
f 129/272/127 158/353/158 135/288/132
f 129/272/127 157/352/157 158/353/158
f 91/206/102 136/289/133 149/316/144
f 120/354/116 142/355/134 138/294/136
f 83/139/81 123/251/120 143/356/145
f 122/357/119 160/358/159 103/253/100
f 138/359/136 152/360/147 130/281/128
f 103/253/100 160/358/159 132/254/121
f 85/144/73 132/361/121 124/225/112
f 73/362/83 161/363/160 125/364/122
f 145/330/150 147/332/152 163/365/161
f 155/348/155 156/366/162 164/367/163
f 134/309/141 181/368/164 157/352/157
f 27/334/26 148/369/165 29/370/27
f 64/107/59 68/106/68 179/371/166
f 152/360/147 141/372/139 130/281/128
f 125/373/122 161/363/160 169/374/167
f 73/362/83 144/375/149 161/363/160
f 133/308/131 126/376/123 162/346/154
f 75/351/75 154/350/156 153/377/168
f 155/378/155 146/379/151 170/380/169
f 147/332/152 171/381/170 163/365/161
f 155/348/155 171/381/170 147/332/152
f 164/367/163 171/381/170 155/348/155
f 155/348/155 170/382/169 172/383/171
f 155/348/155 172/383/171 156/366/162
f 156/366/162 173/384/172 164/367/163
f 158/385/158 175/386/173 135/349/132
f 157/352/157 176/387/174 158/353/158
f 158/353/158 176/387/174 175/388/173
f 136/289/133 178/389/175 149/316/144
f 130/281/128 180/390/176 142/291/134
f 142/291/134 180/390/176 194/391/177
f 152/392/147 138/294/136 180/393/176
f 58/81/55 115/286/130 144/329/149
f 145/330/150 163/365/161 164/367/163
f 163/365/161 171/381/170 164/367/163
f 181/368/164 176/387/174 157/352/157
f 175/386/173 182/394/178 135/349/132
f 176/387/174 183/395/179 177/396/180
f 176/387/174 177/396/180 175/397/173
f 68/106/68 151/292/135 179/371/166
f 143/356/145 123/251/120 185/398/181
f 140/399/146 70/400/72 186/401/182
f 137/324/137 152/327/147 184/402/183
f 141/372/139 180/390/176 130/281/128
f 84/250/91 180/403/176 141/306/139
f 84/250/91 93/173/92 180/403/176
f 70/400/72 124/404/112 186/401/182
f 145/330/150 185/405/181 123/406/120
f 75/122/75 153/407/168 107/257/124
f 135/349/132 174/408/184 154/350/156
f 156/366/162 172/409/171 173/384/172
f 135/349/132 182/394/178 174/408/184
f 181/368/164 188/410/185 176/387/174
f 176/387/174 188/410/185 183/395/179
f 183/395/179 190/411/186 177/396/180
f 190/411/186 191/412/187 177/396/180
f 118/311/142 77/310/77 192/413/188
f 88/414/86 166/415/189 77/310/77
f 119/317/117 149/316/144 193/416/190
f 29/370/27 168/417/191 54/418/67
f 66/161/65 167/419/192 88/162/86
f 136/289/133 201/420/193 178/389/175
f 142/355/134 194/421/177 138/294/136
f 143/422/145 203/423/194 136/424/133
f 194/421/177 180/393/176 138/294/136
f 106/328/148 223/425/195 72/141/82
f 72/141/82 223/425/195 93/173/92
f 169/426/167 161/427/160 195/428/196
f 145/330/150 164/367/163 185/405/181
f 164/367/163 173/384/172 206/429/197
f 173/384/172 172/409/171 198/430/198
f 191/412/187 189/431/199 177/396/180
f 199/432/200 191/412/187 190/411/186
f 189/431/199 191/412/187 200/433/201
f 118/333/142 148/369/165 27/334/26
f 165/434/202 168/417/191 29/370/27
f 150/435/153 137/436/137 184/437/183
f 57/438/56 100/183/98 33/182/33
f 203/439/194 143/356/145 185/398/181
f 204/440/203 169/441/167 195/442/196
f 202/443/204 205/444/205 195/445/206
f 202/446/204 125/447/122 169/448/167
f 202/446/204 195/449/206 125/447/122
f 195/442/196 161/363/160 204/440/203
f 204/450/203 161/451/160 144/329/149
f 224/452/207 108/227/114 116/226/113
f 140/453/146 186/454/182 146/379/151
f 197/455/208 107/257/124 153/407/168
f 187/456/209 172/457/171 170/380/169
f 172/457/171 207/458/210 198/459/198
f 173/384/172 198/430/198 208/460/211
f 198/461/198 207/458/210 209/462/212
f 198/430/198 209/463/212 210/464/213
f 198/430/198 210/464/213 211/465/214
f 198/430/198 211/465/214 208/460/211
f 177/466/180 189/467/199 175/468/173
f 227/469/215 214/470/216 212/471/217
f 190/472/186 216/473/218 199/474/200
f 200/475/201 220/476/219 215/477/220
f 200/433/201 218/478/221 220/479/219
f 215/477/220 220/476/219 217/480/222
f 190/411/186 219/481/223 216/482/218
f 219/481/223 220/479/219 216/482/218
f 216/482/218 220/479/219 218/478/221
f 219/481/223 221/483/224 220/479/219
f 148/369/165 165/434/202 29/370/27
f 222/484/225 122/357/119 150/485/153
f 201/420/193 203/486/194 267/487/226
f 201/420/193 136/289/133 203/486/194
f 205/488/205 125/255/122 195/489/206
f 116/226/113 107/257/124 224/452/207
f 162/346/154 181/368/164 134/309/141
f 187/456/209 207/458/210 172/457/171
f 208/460/211 211/465/214 213/490/227
f 211/465/214 227/469/215 213/490/227
f 188/410/185 226/491/228 183/395/179
f 212/471/217 213/490/227 227/469/215
f 212/492/217 228/493/229 213/494/227
f 183/395/179 229/495/230 190/411/186
f 200/475/201 215/477/220 189/467/199
f 191/412/187 218/478/221 200/433/201
f 220/479/219 221/483/224 231/496/231
f 77/310/77 166/415/189 192/413/188
f 64/107/59 179/371/166 66/161/65
f 233/497/232 234/498/233 169/499/167
f 234/500/233 202/501/204 169/502/167
f 169/499/167 204/503/203 233/497/232
f 204/503/203 202/504/204 233/497/232
f 204/503/203 205/505/205 202/504/204
f 124/225/112 132/361/121 186/506/182
f 152/327/147 180/403/176 184/402/183
f 209/462/212 225/507/234 210/508/213
f 210/508/213 225/507/234 211/509/214
f 208/460/211 213/490/227 236/510/235
f 225/511/234 227/469/215 211/465/214
f 214/512/216 228/493/229 212/492/217
f 183/395/179 226/491/228 229/495/230
f 190/513/186 229/514/230 219/515/223
f 118/333/142 266/516/236 148/369/165
f 88/162/86 167/419/192 166/517/189
f 150/435/153 184/437/183 222/518/225
f 149/519/144 237/520/237 193/521/190
f 122/357/119 222/484/225 160/358/159
f 119/522/117 179/523/166 151/524/135
f 149/525/144 178/526/175 237/527/237
f 233/528/238 244/529/239 234/530/240
f 202/446/204 234/531/233 233/532/232
f 125/255/122 235/533/241 126/256/123
f 125/255/122 205/488/205 235/533/241
f 146/379/151 258/534/242 170/380/169
f 153/377/168 154/350/156 197/535/208
f 164/367/163 248/536/243 185/405/181
f 174/408/184 302/537/244 154/350/156
f 173/384/172 208/460/211 206/429/197
f 225/507/234 214/538/216 227/539/215
f 214/540/216 255/541/245 228/542/229
f 216/473/218 240/543/246 199/474/200
f 239/544/247 221/483/224 219/481/223
f 221/545/224 239/546/247 231/547/231
f 159/314/143 232/548/248 99/164/89
f 193/521/190 237/520/237 241/549/249
f 178/550/175 201/551/193 242/552/250
f 178/553/175 242/554/250 237/555/237
f 180/403/176 246/556/251 184/402/183
f 93/173/92 247/557/252 180/403/176
f 93/173/92 223/425/195 247/557/252
f 94/175/93 223/425/195 106/328/148
f 245/558/253 132/361/121 160/559/159
f 204/450/203 144/329/149 205/488/205
f 258/534/242 146/379/151 186/454/182
f 236/510/235 213/490/227 253/560/254
f 213/490/227 238/561/255 253/560/254
f 228/562/229 254/563/256 213/564/227
f 213/565/227 254/566/256 238/567/255
f 214/538/216 256/568/257 255/569/245
f 199/570/200 230/571/258 191/572/187
f 191/573/187 257/574/259 218/575/221
f 226/491/228 239/544/247 229/495/230
f 239/544/247 219/481/223 229/495/230
f 215/477/220 217/480/222 189/467/199
f 66/161/65 179/371/166 458/576/260
f 237/577/237 242/578/250 241/579/249
f 243/580/261 267/581/226 203/423/194
f 82/165/80 99/164/89 131/283/129
f 164/367/163 206/429/197 248/536/243
f 250/582/262 208/460/211 251/583/263
f 208/460/211 236/510/235 251/583/263
f 225/507/234 252/584/264 214/538/216
f 260/585/265 236/510/235 253/560/254
f 252/584/264 256/568/257 214/538/216
f 228/542/229 255/541/245 261/586/266
f 255/587/245 262/588/267 261/589/266
f 230/590/258 199/591/200 263/592/268
f 199/591/200 240/593/246 263/592/268
f 239/546/247 265/594/269 231/547/231
f 220/595/219 279/596/270 217/597/222
f 201/420/193 267/487/226 241/598/249
f 201/551/193 241/599/249 242/552/250
f 246/600/251 222/601/225 184/602/183
f 222/518/225 246/603/251 280/604/271
f 203/439/194 185/398/181 243/605/261
f 144/329/149 235/533/241 205/488/205
f 108/227/114 224/452/207 109/199/105
f 236/510/235 270/606/272 251/607/263
f 238/561/255 272/608/273 253/560/254
f 255/587/245 256/609/257 262/588/267
f 230/571/258 273/610/274 191/572/187
f 191/572/187 273/610/274 257/611/259
f 257/574/259 274/612/275 218/575/221
f 275/613/276 276/614/277 264/615/278
f 264/616/278 278/617/279 275/618/276
f 231/547/231 279/596/270 220/595/219
f 119/522/117 299/619/280 179/523/166
f 245/558/253 281/620/281 132/361/121
f 235/621/241 162/346/154 126/376/123
f 206/429/197 208/460/211 269/622/282
f 174/408/184 182/394/178 259/623/283
f 182/394/178 334/624/284 259/623/283
f 270/606/272 283/625/285 251/607/263
f 236/626/235 286/627/286 285/628/287
f 260/629/265 286/627/286 236/626/235
f 228/562/229 261/630/266 254/563/256
f 238/561/255 288/631/288 272/608/273
f 272/608/273 288/631/288 287/632/289
f 254/633/256 288/631/288 238/561/255
f 287/632/289 288/631/288 289/634/290
f 263/635/268 291/636/291 290/637/292
f 263/635/268 240/638/246 291/636/291
f 240/638/246 216/639/218 291/636/291
f 216/640/218 218/641/221 274/642/275
f 294/643/293 297/644/294 295/645/295
f 292/646/296 298/647/297 293/648/298
f 275/613/276 296/649/299 276/614/277
f 277/650/300 296/649/299 275/613/276
f 193/416/190 299/651/280 119/652/117
f 160/358/159 222/484/225 300/653/301
f 179/371/166 268/654/302 458/576/260
f 185/398/181 248/655/243 243/605/261
f 186/506/182 132/361/121 258/656/242
f 160/358/159 300/653/301 245/657/253
f 144/329/149 320/658/303 235/533/241
f 248/536/243 206/429/197 301/659/304
f 187/456/209 321/660/305 207/458/210
f 181/368/164 249/661/306 188/410/185
f 208/460/211 250/582/262 269/622/282
f 270/662/272 236/663/235 284/664/307
f 236/665/235 285/666/287 284/667/307
f 272/608/273 304/668/308 253/560/254
f 252/584/264 305/669/309 256/568/257
f 254/566/256 261/589/266 308/670/310
f 261/589/266 262/588/267 307/671/311
f 308/672/310 309/673/312 254/674/256
f 254/675/256 309/676/312 288/677/288
f 288/677/288 309/676/312 289/678/290
f 263/679/268 290/680/292 273/610/274
f 263/679/268 273/610/274 230/571/258
f 273/681/274 274/682/275 257/683/259
f 216/640/218 274/642/275 291/684/291
f 294/685/293 311/686/313 338/687/314
f 293/688/298 312/689/315 310/690/316
f 293/688/298 310/690/316 292/691/296
f 294/692/293 295/693/295 311/694/313
f 293/695/298 314/696/317 312/697/315
f 276/698/277 313/699/318 264/700/278
f 298/701/297 314/702/317 293/703/298
f 264/704/278 295/705/295 278/706/279
f 278/707/279 316/708/319 275/709/276
f 239/546/247 317/710/320 265/594/269
f 231/547/231 265/594/269 318/711/321
f 267/487/226 193/416/190 241/598/249
f 319/712/322 144/329/149 115/286/130
f 197/535/208 154/350/156 302/537/244
f 251/583/263 303/713/323 250/582/262
f 303/714/323 251/715/263 322/716/324
f 303/714/323 283/717/285 323/718/325
f 322/719/324 283/720/285 303/721/323
f 322/719/324 324/722/326 283/720/285
f 251/715/263 283/717/285 324/723/326
f 324/723/326 322/716/324 251/715/263
f 325/724/327 322/716/328 324/723/329
f 286/725/286 260/726/265 327/727/330
f 304/728/308 272/729/273 306/730/331
f 306/730/331 272/729/273 328/731/332
f 329/732/333 328/733/334 330/734/335
f 329/735/336 330/736/337 350/737/338
f 331/738/339 272/739/273 287/740/289
f 331/741/339 328/742/332 272/743/273
f 332/744/340 330/745/335 328/746/334
f 289/747/290 309/748/312 287/749/289
f 287/749/289 309/748/312 308/750/310
f 291/636/291 273/751/274 290/637/292
f 334/624/284 189/467/199 217/480/222
f 273/681/274 291/752/291 274/682/275
f 333/753/341 239/544/247 226/491/228
f 339/754/342 310/755/316 312/756/315
f 339/754/342 292/757/296 310/755/316
f 313/758/318 276/759/277 296/760/299
f 339/754/342 298/761/297 292/757/296
f 296/649/299 277/650/300 298/762/297
f 313/763/318 295/705/295 264/704/278
f 297/764/294 278/765/279 295/766/295
f 315/767/343 275/709/276 316/708/319
f 340/768/344 217/480/222 279/769/270
f 318/711/321 279/596/270 231/547/231
f 193/416/190 267/487/226 341/770/345
f 299/771/280 268/772/302 179/773/166
f 132/361/121 342/774/346 258/656/242
f 319/712/322 320/658/303 144/329/149
f 170/380/169 343/775/347 187/456/209
f 345/776/348 322/777/328 325/778/327
f 345/776/348 323/779/325 322/777/328
f 303/714/323 323/718/325 345/780/348
f 324/781/329 323/782/325 325/783/327
f 322/784/328 323/782/325 324/781/329
f 284/785/307 347/786/349 346/787/350
f 327/727/330 349/788/351 286/725/286
f 332/789/340 329/790/333 330/791/335
f 353/792/352 354/793/353 352/794/354
f 352/795/354 355/796/355 353/797/352
f 357/798/356 338/799/314 356/800/357
f 358/801/358 359/802/359 385/803/360
f 294/804/293 338/805/314 297/764/294
f 339/806/342 296/807/299 298/647/297
f 314/808/317 298/809/297 360/810/361
f 298/809/297 277/811/300 360/810/361
f 360/812/361 277/813/300 275/709/276
f 275/709/276 315/767/343 360/812/361
f 193/416/190 341/770/345 299/651/280
f 280/814/271 396/815/362 222/816/225
f 222/484/225 361/817/363 300/653/301
f 109/199/105 224/452/207 196/307/140
f 181/368/164 162/346/154 249/661/306
f 206/429/197 269/622/282 301/659/304
f 182/394/178 175/468/173 334/624/284
f 323/818/325 283/819/285 362/820/364
f 346/821/350 363/822/365 284/823/307
f 346/821/366 364/824/367 363/822/368
f 346/787/350 347/786/349 363/825/369
f 188/410/185 271/826/370 226/491/228
f 260/827/265 253/828/254 366/829/371
f 306/830/331 328/831/332 331/832/339
f 287/740/289 367/833/372 306/834/331
f 287/740/289 306/834/331 331/738/339
f 328/835/373 332/789/374 331/836/375
f 328/835/334 329/790/333 332/789/340
f 261/589/266 307/671/311 308/670/310
f 262/588/267 305/837/309 368/838/376
f 262/839/267 403/840/377 305/841/309
f 351/842/378 369/843/379 305/844/309
f 262/588/267 370/845/380 403/846/377
f 256/609/257 370/845/380 262/588/267
f 256/609/257 305/837/309 370/845/380
f 287/740/289 372/847/381 367/833/372
f 287/740/289 308/848/310 372/847/381
f 351/849/378 373/850/382 371/851/383
f 308/848/310 374/852/384 372/847/381
f 376/853/385 380/854/386 374/855/384
f 374/855/384 380/854/386 377/856/387
f 378/857/388 377/858/387 358/801/358
f 377/858/387 380/859/386 358/801/358
f 378/857/388 358/801/358 385/803/360
f 355/860/355 357/861/356 353/862/352
f 353/863/352 357/864/356 356/800/357
f 380/859/386 359/802/359 358/801/358
f 359/865/359 387/866/389 385/867/360
f 386/868/390 356/800/357 311/694/313
f 359/802/359 336/869/391 387/870/389
f 356/800/357 338/799/314 311/694/313
f 335/871/392 389/872/393 388/873/394
f 335/871/392 390/874/395 389/872/393
f 335/871/392 336/869/391 390/874/395
f 390/875/396 416/876/397 389/877/398
f 390/874/395 336/869/391 389/872/393
f 359/878/359 391/879/399 339/880/342
f 336/869/391 359/802/359 339/881/342
f 389/872/393 392/882/400 388/873/394
f 389/872/393 336/869/391 392/882/400
f 336/869/391 312/883/315 392/882/400
f 336/869/391 339/881/342 312/883/315
f 311/694/313 313/884/318 393/885/401
f 357/886/356 297/764/294 338/805/314
f 392/882/400 312/883/315 314/887/317
f 339/881/342 313/884/318 296/888/299
f 311/694/313 295/693/295 313/884/318
f 392/882/400 314/887/317 395/889/402
f 297/890/294 316/708/319 278/707/279
f 118/311/142 192/413/188 266/891/236
f 281/620/281 342/774/346 132/361/121
f 170/380/169 397/892/403 343/775/347
f 326/893/404 362/894/364 283/895/285
f 270/606/272 284/896/307 400/897/405
f 363/898/365 401/899/406 284/900/307
f 364/824/407 401/901/406 363/822/365
f 364/902/407 363/825/369 347/786/349
f 364/902/407 347/786/349 401/903/406
f 349/904/351 348/905/408 286/906/286
f 349/904/351 445/907/409 348/905/408
f 305/837/309 402/908/410 368/838/376
f 262/588/267 368/838/376 307/671/311
f 305/909/309 403/910/377 404/911/411
f 369/843/379 371/912/383 425/913/412
f 351/914/378 371/915/383 369/916/379
f 305/837/309 404/917/411 370/845/380
f 305/669/309 373/918/382 351/919/378
f 372/920/381 379/921/413 367/922/372
f 372/920/381 374/923/384 379/921/413
f 308/924/310 376/853/385 374/855/384
f 375/925/414 405/926/415 371/927/383
f 375/928/414 371/929/383 373/930/382
f 375/931/414 382/932/416 405/933/415
f 373/934/382 406/935/417 375/936/414
f 375/931/414 406/937/417 382/932/416
f 367/938/372 379/939/413 378/940/388
f 378/941/388 379/939/413 377/942/387
f 376/853/385 407/943/418 380/854/386
f 381/944/419 382/945/416 406/946/417
f 383/947/420 408/948/421 384/949/422
f 381/950/419 406/951/417 354/952/353
f 353/792/352 383/953/420 409/954/423
f 353/955/352 410/956/424 383/957/420
f 380/854/386 407/958/418 359/959/359
f 356/960/357 355/961/355 410/962/424
f 353/955/352 356/963/357 410/956/424
f 356/964/357 386/965/390 355/966/355
f 355/860/355 411/967/425 357/861/356
f 388/968/394 414/969/426 335/970/392
f 359/878/359 413/971/427 391/879/399
f 386/972/390 311/973/313 415/974/428
f 333/753/341 394/975/429 239/544/247
f 390/875/396 417/976/430 416/876/397
f 390/977/396 418/978/431 417/979/430
f 388/873/394 392/882/400 416/980/397
f 390/977/396 389/981/398 418/978/431
f 311/982/313 393/983/401 415/984/428
f 389/981/398 416/985/397 418/978/431
f 314/986/317 420/987/432 395/988/402
f 394/989/429 317/710/320 239/546/247
f 222/484/225 396/990/362 361/991/363
f 458/576/260 167/419/192 66/161/65
f 300/653/301 441/992/433 245/657/253
f 197/455/208 460/993/434 107/257/124
f 258/534/242 422/994/435 170/380/169
f 422/994/435 397/892/403 170/380/169
f 398/995/436 397/996/437 343/997/438
f 397/892/439 187/456/209 343/775/347
f 209/462/212 344/998/440 225/507/234
f 423/999/441 250/582/262 303/713/323
f 423/1000/441 345/776/348 325/778/327
f 323/1001/325 362/1002/364 423/1003/441
f 399/1004/442 326/1005/404 283/1006/285
f 270/606/272 400/897/405 399/1007/442
f 285/1008/287 347/786/349 284/785/307
f 285/1009/287 286/1010/286 424/1011/443
f 424/1011/443 349/1012/351 366/1013/371
f 366/1013/371 349/1012/351 327/1014/330
f 327/1015/330 260/1016/265 365/1017/444
f 366/1018/371 365/1019/444 260/1020/265
f 304/668/308 306/834/331 367/833/372
f 404/1021/411 403/1022/377 368/1023/376
f 404/917/411 368/838/376 402/908/410
f 402/1024/410 305/844/309 425/913/412
f 425/913/412 305/844/309 369/843/379
f 425/1025/445 369/1026/446 426/1027/447
f 370/845/380 368/838/376 403/846/377
f 374/1028/384 377/1029/387 379/1030/413
f 371/912/383 405/1031/415 408/1032/421
f 408/1033/421 381/1034/419 384/1035/422
f 408/1036/421 382/1037/416 381/1038/419
f 464/1039/448 408/1032/421 383/1040/420
f 409/1041/423 383/1042/420 384/1043/422
f 381/1044/419 354/1045/353 432/1046/449
f 427/1047/450 381/1044/419 432/1046/449
f 428/1048/451 378/1049/388 412/1050/452
f 409/954/423 451/1051/453 353/792/352
f 451/1051/453 354/793/353 353/792/352
f 432/1052/449 354/1053/353 451/1054/453
f 433/1055/454 354/1056/353 406/1057/417
f 432/1058/449 433/1055/454 406/1057/417
f 464/1039/448 383/1040/420 410/1059/424
f 464/1039/448 410/1059/424 386/868/390
f 434/1060/455 352/1061/354 354/1062/353
f 411/1063/425 386/1064/390 410/1065/424
f 378/857/388 385/803/360 412/1066/452
f 411/1067/425 355/966/355 386/965/390
f 411/1067/425 434/1068/455 357/1069/356
f 334/624/284 217/480/222 337/1070/456
f 419/1071/457 414/969/426 388/968/394
f 387/1072/389 336/1073/391 335/970/392
f 419/1074/457 388/873/394 416/980/397
f 419/1075/457 416/876/397 436/1076/458
f 437/1077/459 416/876/397 417/976/430
f 436/1076/458 416/876/397 437/1077/459
f 437/1077/459 417/976/430 455/1078/460
f 416/1079/397 392/1080/400 418/1081/431
f 418/1082/431 392/1083/400 419/1084/457
f 419/1074/457 392/882/400 395/889/402
f 391/1085/399 313/1086/318 339/1087/342
f 337/1070/456 217/480/222 340/768/344
f 494/1088/461 420/1089/432 314/702/317
f 494/1088/461 314/702/317 360/812/361
f 440/1090/462 341/770/345 267/487/226
f 532/1091/463 54/1092/67 168/1093/191
f 246/556/251 180/403/176 247/557/252
f 421/1094/464 107/257/124 460/993/434
f 442/1095/465 397/892/403 422/994/435
f 397/892/466 443/1096/467 442/1095/468
f 187/456/209 397/892/439 442/1095/465
f 282/1097/469 188/410/185 249/661/306
f 283/625/285 270/606/272 399/1007/442
f 284/900/307 444/1098/470 400/1099/405
f 286/1100/286 348/1101/408 424/1102/443
f 424/1103/443 445/907/409 349/904/351
f 327/1015/330 365/1017/444 513/1104/471
f 253/560/254 304/668/308 366/1013/371
f 307/1105/311 376/853/385 308/924/310
f 425/913/412 371/912/383 402/1024/410
f 305/669/309 406/951/417 373/918/382
f 402/908/410 370/845/380 404/917/411
f 402/1024/410 371/912/383 370/1106/380
f 371/912/383 408/1032/421 464/1039/448
f 367/833/372 378/857/388 446/1107/472
f 381/1044/419 409/1108/423 384/1109/422
f 381/1044/419 427/1047/450 409/1108/423
f 378/857/388 447/1110/473 446/1107/472
f 378/857/388 428/1111/451 447/1110/473
f 428/1112/474 448/1113/475 447/1114/476
f 406/1115/417 427/1047/450 432/1046/449
f 406/1116/417 449/1117/477 427/1118/450
f 447/1110/476 450/1119/478 428/1111/479
f 447/1110/473 428/1111/451 446/1107/472
f 448/1113/475 450/1120/478 447/1114/476
f 428/1111/480 450/1119/481 452/1121/482
f 433/1122/454 451/1123/453 427/1124/450
f 427/1125/450 449/1126/477 433/1127/454
f 446/1107/472 428/1111/451 412/1066/452
f 428/1128/480 452/1129/482 429/1130/483
f 429/1131/484 453/1132/485 430/1133/486
f 452/1129/487 453/1134/485 429/1130/484
f 432/1058/449 451/1135/453 433/1055/454
f 464/1039/448 386/868/390 407/1136/418
f 355/1137/355 454/1138/488 410/1139/424
f 410/1139/424 454/1138/488 411/1140/425
f 352/1141/354 454/1138/488 355/1137/355
f 352/1141/354 434/1142/455 454/1138/488
f 433/1055/454 434/1143/455 354/1056/353
f 407/958/418 413/1144/427 359/959/359
f 434/1068/455 433/1145/454 357/1146/356
f 407/1136/418 386/868/390 413/1147/427
f 412/1066/452 385/1148/360 419/1074/457
f 385/1149/360 414/1150/426 419/1151/457
f 335/970/392 414/969/426 466/1152/489
f 335/970/392 466/1152/489 387/1072/389
f 357/886/356 435/1153/490 297/764/294
f 419/1154/457 436/1155/458 418/1156/431
f 436/1157/458 437/1158/491 418/978/431
f 418/978/431 437/1158/491 455/1159/460
f 418/978/431 455/1159/460 417/1160/430
f 393/1161/401 313/884/318 391/1162/399
f 395/889/402 420/1163/432 456/1164/492
f 439/1165/493 316/708/319 297/890/294
f 265/594/269 457/1166/494 318/711/321
f 280/814/271 473/1167/495 396/815/362
f 299/1168/280 458/1169/260 268/1170/302
f 440/1171/462 267/581/226 459/1172/496
f 267/581/226 243/580/261 459/1172/496
f 280/604/271 246/603/251 247/1173/252
f 224/452/207 107/257/124 421/1094/464
f 175/468/173 189/467/199 334/624/284
f 303/713/323 345/1174/348 423/999/441
f 323/782/325 423/1175/441 461/1176/497
f 423/999/441 362/1177/364 399/1007/442
f 323/782/325 461/1176/497 325/783/327
f 284/900/307 401/899/406 444/1098/470
f 285/1008/287 400/1178/405 347/786/349
f 285/1009/287 424/1011/443 400/897/405
f 304/668/308 367/833/372 366/1013/371
f 307/1179/311 464/1039/448 376/1180/385
f 307/1179/311 368/1181/376 464/1039/448
f 370/1106/380 371/912/383 368/1181/376
f 368/1181/376 371/912/383 464/1039/448
f 376/1180/385 464/1039/448 407/1136/418
f 428/1112/474 450/1120/478 448/1113/475
f 429/1182/483 450/1120/481 428/1112/480
f 429/1183/483 452/1121/482 450/1119/481
f 429/1183/484 430/1184/486 452/1121/487
f 453/1185/485 452/1186/487 430/1187/486
f 430/1133/498 431/1188/499 453/1132/500
f 411/1067/425 465/1189/501 434/1068/455
f 385/867/360 387/866/389 466/1190/489
f 386/868/390 415/1191/428 413/1147/427
f 413/1147/427 415/1191/428 391/1162/399
f 391/1162/399 415/1191/428 393/1161/401
f 436/1076/502 437/1077/503 468/1192/504
f 455/1078/505 468/1192/504 437/1077/503
f 395/889/402 469/1193/506 419/1074/457
f 297/764/294 438/1194/507 439/1195/493
f 316/1196/319 471/1197/508 315/1198/343
f 317/710/320 457/1166/494 265/594/269
f 159/1199/143 86/313/85 588/1200/509
f 192/413/188 166/415/189 167/1201/192
f 341/1202/345 472/1203/510 299/1168/280
f 342/774/346 474/1204/511 258/656/242
f 319/712/322 115/286/130 475/1205/512
f 442/1095/465 422/994/435 187/456/209
f 943/1206/513 249/661/306 162/346/154
f 248/536/243 301/659/304 510/1207/514
f 476/1208/515 477/1209/516 187/456/209
f 477/1209/516 321/660/305 187/456/209
f 423/1000/441 325/778/327 478/1210/517
f 348/1101/408 445/1211/409 424/1102/443
f 424/1011/443 366/1013/371 400/897/405
f 252/584/264 463/1212/518 305/669/309
f 271/826/370 333/753/341 226/491/228
f 366/1013/371 367/833/372 499/1213/519
f 305/669/309 463/1212/518 406/951/417
f 446/1214/472 412/1215/452 481/1216/520
f 337/1070/456 482/1217/521 334/624/284
f 409/954/423 485/1218/522 451/1051/453
f 451/1051/453 485/1218/522 427/1219/450
f 411/1140/425 454/1138/488 486/1220/523
f 433/1221/454 467/1222/524 357/886/356
f 357/886/356 467/1222/524 435/1153/490
f 412/1223/452 419/1224/457 490/1225/525
f 394/975/429 333/753/341 508/1226/526
f 395/889/402 493/1227/527 469/1193/506
f 395/889/402 456/1164/492 493/1227/527
f 420/1228/432 494/1229/461 456/1230/492
f 360/812/361 470/1231/528 494/1088/461
f 394/989/429 529/1232/529 317/710/320
f 86/313/85 100/183/98 588/1200/509
f 165/434/202 148/369/165 168/417/191
f 248/655/243 510/1233/514 243/1234/261
f 423/999/441 399/1007/442 250/582/262
f 423/1000/441 478/1210/517 461/1235/497
f 362/1236/364 495/1237/530 399/1238/442
f 399/1004/442 462/1239/531 326/1005/404
f 400/1178/405 444/1240/470 347/786/349
f 366/1013/371 497/1241/532 400/897/405
f 327/1015/330 479/1242/533 366/1243/371
f 366/1018/371 479/1244/533 365/1019/444
f 366/1013/371 498/1245/534 497/1241/532
f 366/1013/371 499/1213/519 498/1245/534
f 463/1212/518 449/1246/477 406/951/417
f 367/833/372 446/1247/472 499/1213/519
f 502/1248/535 501/1249/536 500/1250/537
f 481/1251/520 518/1252/538 446/1253/472
f 449/1246/477 504/1254/539 433/1221/454
f 505/1255/540 467/1222/524 433/1221/454
f 414/969/426 523/1256/541 466/1152/489
f 337/1257/456 491/1258/542 507/1259/543
f 524/1260/544 490/1261/525 419/1074/457
f 419/1262/457 469/1263/506 524/1264/544
f 297/764/294 435/1153/490 438/1194/507
f 337/1070/456 340/768/344 491/1265/542
f 360/812/361 315/767/343 470/1231/528
f 316/708/319 439/1165/493 471/1266/508
f 457/1166/494 583/1267/545 318/711/321
f 318/711/321 509/1268/546 279/596/270
f 472/1203/510 458/1169/260 299/1168/280
f 361/1269/363 473/1270/495 300/1271/301
f 131/1272/129 223/425/195 94/175/93
f 320/658/303 319/712/322 235/533/241
f 476/1208/547 477/1209/548 512/1273/549
f 511/1274/550 477/1209/516 476/1208/515
f 511/1274/550 321/660/305 477/1209/516
f 495/1275/530 362/894/364 326/893/404
f 401/1276/406 347/786/349 444/1240/470
f 513/1104/471 479/1242/533 327/1015/330
f 517/1277/551 405/933/415 382/932/416
f 503/1278/552 334/624/284 482/1217/521
f 519/1279/553 427/1219/450 485/1218/522
f 504/1280/539 505/1281/540 433/1282/454
f 481/1283/520 412/1066/452 520/1284/554
f 521/1285/555 488/1286/556 487/1287/557
f 520/1284/554 412/1066/452 490/1261/525
f 521/1288/555 385/867/360 466/1190/489
f 521/1289/555 414/1150/426 385/1149/360
f 521/1289/555 523/1290/541 414/1150/426
f 489/1291/558 506/1292/559 522/1293/560
f 337/1070/456 507/1294/543 482/1217/521
f 494/1229/461 470/1295/528 456/1230/492
f 493/1296/527 456/1297/492 525/1298/561
f 526/1299/562 530/1300/563 527/1301/564
f 526/1302/562 315/1303/343 528/1304/565
f 528/1304/565 315/1303/343 471/1305/508
f 585/1306/566 317/710/320 529/1232/529
f 583/1307/545 531/1308/567 318/1309/321
f 588/1310/509 99/164/89 232/548/248
f 473/1311/495 441/992/433 300/653/301
f 459/1312/496 243/1234/261 510/1233/514
f 532/1091/463 18/285/28 54/1092/67
f 532/1091/463 115/286/130 18/285/28
f 461/1176/497 534/1313/568 325/783/327
f 399/1004/442 495/1314/530 462/1239/531
f 399/1007/442 400/897/405 535/1315/569
f 497/1241/532 498/1245/534 537/1316/570
f 514/1317/571 538/1318/572 515/1319/573
f 514/1320/571 539/1321/574 516/1322/575
f 516/1323/575 540/1324/576 514/1325/571
f 498/1245/534 499/1213/519 541/1326/577
f 542/1327/578 544/1328/579 545/1329/580
f 542/1327/578 545/1329/580 449/1246/477
f 542/1327/578 449/1246/477 463/1212/518
f 499/1330/519 446/1331/472 543/1332/581
f 427/1047/450 519/1333/553 409/1108/423
f 631/1334/582 504/1335/539 449/1336/477
f 487/1337/557 484/1338/583 483/1339/584
f 487/1340/557 488/1341/556 484/1342/583
f 434/1142/455 465/1343/501 454/1138/488
f 521/1344/555 466/1345/489 488/1346/556
f 492/1347/585 546/1348/586 468/1349/587
f 549/1350/588 492/1351/585 468/1352/587
f 435/1153/490 550/1353/589 438/1194/507
f 492/1354/585 549/1355/588 548/1356/590
f 572/1357/591 508/1226/526 333/753/341
f 470/1231/528 315/767/343 551/1358/592
f 526/1359/562 551/1358/592 315/767/343
f 528/1360/593 553/1361/594 554/1362/595
f 526/1302/562 528/1304/565 554/1363/596
f 526/1299/562 554/1364/596 530/1300/563
f 528/1365/565 471/1266/508 554/1366/596
f 554/1366/596 471/1266/508 530/1367/563
f 159/1368/143 555/1369/597 232/1370/248
f 159/1371/143 587/1372/598 555/1373/597
f 187/456/209 511/1274/550 476/1208/515
f 325/778/327 556/1374/599 478/1210/517
f 325/1375/327 534/1376/568 556/1377/599
f 326/893/404 557/1378/600 495/1275/530
f 326/1379/404 462/1380/531 557/1381/600
f 495/1382/530 536/1383/601 462/1384/531
f 495/1382/530 595/1385/602 496/1386/603
f 495/1382/530 496/1386/603 536/1383/601
f 400/897/405 497/1241/532 535/1315/569
f 496/1387/603 596/1388/604 536/1389/601
f 479/1390/533 558/1391/605 365/1392/444
f 558/1393/605 621/1394/606 365/1395/444
f 479/1390/533 538/1396/572 558/1391/605
f 558/1393/605 622/1397/607 621/1394/606
f 558/1393/605 560/1398/608 622/1397/607
f 558/1393/605 538/1399/572 560/1398/608
f 479/1390/533 515/1400/573 538/1396/572
f 515/1400/573 539/1321/574 514/1320/571
f 516/1322/575 539/1321/574 561/1401/609
f 561/1401/609 540/1402/576 516/1322/575
f 499/1213/519 562/1403/610 541/1326/577
f 499/1404/519 563/1405/611 564/1406/612
f 561/1401/609 563/1407/611 501/1408/536
f 544/1328/579 625/1409/613 463/1212/518
f 501/1410/536 563/1407/611 500/1411/537
f 463/1212/518 625/1409/613 542/1327/578
f 499/1404/519 543/1412/581 563/1405/611
f 446/1413/472 518/1414/538 543/1415/581
f 502/1416/535 565/1417/614 501/1418/536
f 408/1419/421 629/1420/615 382/945/416
f 484/1421/583 565/1422/614 483/1423/584
f 484/1421/583 501/1424/536 565/1422/614
f 567/1425/616 333/753/341 480/1426/617
f 504/1427/539 631/1428/582 568/1429/618
f 483/1339/584 565/1430/614 487/1337/557
f 454/1138/488 568/1431/618 486/1220/523
f 454/1138/488 465/1343/501 568/1431/618
f 481/1432/520 520/1433/554 566/1434/619
f 504/1280/539 568/1435/618 505/1281/540
f 487/1287/557 566/1436/620 521/1285/555
f 411/1067/425 486/1437/523 465/1189/501
f 520/1438/554 490/1439/525 569/1440/621
f 466/1441/489 570/1442/622 488/1443/556
f 467/1444/524 547/1445/623 435/1446/490
f 524/1447/544 571/1448/624 490/1449/525
f 567/1425/616 572/1357/591 333/753/341
f 492/1450/585 548/1451/590 546/1452/586
f 469/1453/506 573/1454/625 524/1455/544
f 550/1353/589 576/1456/626 438/1194/507
f 469/1453/506 493/1457/527 577/1458/627
f 456/1297/492 579/1459/628 525/1298/561
f 456/1297/492 470/1231/528 579/1459/628
f 552/1460/629 580/1461/630 581/1462/631
f 553/1463/632 582/1464/633 581/1465/634
f 554/1466/635 582/1464/633 553/1463/632
f 439/1165/493 616/1467/636 471/1266/508
f 279/769/270 584/1468/637 340/768/344
f 555/1469/638 586/1470/639 587/1471/640
f 555/1472/597 587/1473/641 232/548/248
f 587/1474/598 588/1475/509 586/1476/642
f 587/1477/598 159/1368/143 588/1478/509
f 441/1479/433 281/620/281 245/558/253
f 225/507/234 344/998/440 592/1480/643
f 225/507/234 592/1480/643 252/584/264
f 556/1374/599 594/1481/644 478/1210/517
f 534/1482/568 594/1483/644 556/1484/599
f 556/1485/645 594/1486/646 593/1487/647
f 282/1097/469 271/826/370 188/410/185
f 252/584/264 592/1480/643 463/1212/518
f 541/1326/577 598/1488/648 498/1245/534
f 541/1489/577 562/1490/610 623/1491/649
f 499/1492/519 564/1493/612 562/1494/610
f 463/1212/518 599/1495/650 544/1328/579
f 501/1496/536 600/1497/651 561/1498/609
f 625/1499/613 544/1500/579 601/1501/652
f 601/1502/652 544/1503/579 542/1504/578
f 545/1505/580 544/1506/579 603/1507/653
f 500/1508/537 602/1509/654 502/1510/535
f 382/932/416 449/1511/477 517/1277/551
f 543/1512/581 518/1513/538 502/1416/535
f 481/1514/520 566/1515/619 518/1516/538
f 565/1430/614 566/1517/620 487/1337/557
f 568/1518/618 605/1519/655 505/1520/540
f 467/1444/524 605/1519/655 547/1445/623
f 466/1152/489 523/1256/541 546/1521/586
f 546/1348/586 523/1522/541 468/1349/587
f 567/1425/616 607/1523/656 572/1357/591
f 524/1524/544 608/1525/657 571/1526/624
f 523/1527/541 549/1528/588 468/1529/587
f 435/1153/490 609/1530/658 550/1353/589
f 572/1531/591 612/1532/659 508/1533/526
f 551/1358/592 669/1534/660 470/1231/528
f 526/1535/562 527/1536/564 613/1537/661
f 526/1538/562 613/1539/661 551/1540/592
f 439/1541/493 438/1542/507 614/1543/662
f 508/1226/526 529/1544/529 394/975/429
f 580/1545/663 581/1465/664 644/1546/665
f 580/1461/663 644/1547/665 582/1548/666
f 580/1461/663 582/1548/666 581/1462/667
f 581/1465/664 582/1464/666 644/1546/665
f 530/1549/563 471/1266/508 616/1467/636
f 457/1166/494 317/710/320 615/1550/668
f 318/1551/321 531/1308/567 670/1552/669
f 586/1470/642 588/1553/509 232/1554/248
f 586/1470/642 232/1554/248 587/1471/641
f 280/814/271 590/1555/670 473/1167/495
f 460/993/434 618/1556/671 421/1094/464
f 235/621/241 943/1206/513 162/346/154
f 207/458/210 344/998/440 209/462/212
f 478/1557/517 594/1558/644 534/1559/568
f 461/1560/497 478/1557/517 534/1559/568
f 462/1561/531 536/1562/601 595/1563/602
f 595/1564/602 596/1565/604 496/1566/603
f 497/1241/532 597/1567/672 620/1568/673
f 559/1569/674 622/1570/675 621/1571/676
f 497/1241/532 537/1316/570 597/1567/672
f 559/1569/674 560/1572/677 622/1570/675
f 479/1573/533 539/1574/574 515/1575/573
f 514/1325/571 540/1324/576 538/1576/572
f 592/1480/643 599/1495/650 463/1212/518
f 561/1577/609 539/1578/574 563/1579/611
f 563/1579/611 539/1578/574 624/1580/678
f 601/1581/652 599/1582/650 625/1583/613
f 563/1584/611 624/1585/678 564/1586/612
f 564/1586/612 624/1585/678 627/1587/679
f 542/1588/578 603/1589/653 601/1590/652
f 599/1591/650 603/1592/653 544/1593/579
f 599/1591/650 601/1594/652 603/1592/653
f 500/1595/537 627/1587/679 624/1585/678
f 563/1407/611 627/1596/679 500/1411/537
f 542/1597/578 625/1598/613 603/1599/653
f 543/1600/581 628/1601/680 563/1602/611
f 500/1508/537 624/1603/678 602/1509/654
f 517/1277/551 629/1604/615 405/933/415
f 502/1605/535 602/1606/654 543/1607/581
f 602/1608/654 630/1609/681 543/1610/581
f 545/1505/580 517/1277/551 449/1511/477
f 518/1611/538 630/1612/682 502/1613/535
f 518/1611/538 654/1614/683 630/1612/682
f 502/1613/535 630/1612/682 565/1615/614
f 408/1419/421 405/1616/415 629/1420/615
f 382/945/416 629/1420/615 631/1617/582
f 449/1618/477 382/945/416 631/1617/582
f 409/1108/423 519/1333/553 604/1619/684
f 488/1443/556 570/1442/622 484/1620/583
f 634/1621/685 566/1622/619 520/1623/554
f 605/1519/655 467/1444/524 505/1520/540
f 506/1624/559 489/1625/558 606/1626/686
f 521/1285/555 566/1436/620 523/1627/541
f 490/1449/525 571/1448/624 569/1440/621
f 636/1628/687 608/1629/657 635/1630/688
f 635/1630/688 608/1629/657 524/1631/544
f 635/1630/688 524/1631/544 638/1632/689
f 435/1633/490 639/1634/690 609/1635/658
f 609/1636/691 639/1637/692 640/1638/693
f 609/1635/658 639/1634/690 550/1639/589
f 550/1639/589 639/1634/690 575/1640/694
f 507/1641/543 491/1642/542 611/1643/695
f 469/1644/506 641/1645/696 573/1646/625
f 575/1647/694 576/1648/626 550/1649/589
f 469/1650/506 577/1651/627 641/1652/696
f 438/1653/507 576/1654/626 578/1655/697
f 493/1457/527 643/1656/698 577/1458/627
f 612/1657/659 529/1544/529 508/1226/526
f 493/1296/527 525/1298/561 643/1658/698
f 438/1659/507 578/1660/697 614/1661/662
f 527/1662/564 530/1663/563 616/1664/636
f 615/1550/668 583/1267/545 457/1166/494
f 439/1195/493 614/1665/662 645/1666/699
f 317/1667/320 585/1668/566 615/1669/668
f 396/815/362 473/1167/495 646/1670/700
f 459/1172/496 647/1671/701 440/1171/462
f 247/1173/252 648/1672/702 280/604/271
f 258/534/242 675/1673/703 422/994/435
f 557/1674/600 595/1675/602 495/1676/530
f 557/1674/600 462/1677/531 595/1675/602
f 595/1675/602 536/1678/601 596/1679/604
f 365/1680/444 621/1571/606 513/1681/471
f 622/1570/704 513/1681/471 621/1571/606
f 513/1681/471 539/1682/574 479/1683/533
f 560/1572/608 513/1681/471 622/1570/704
f 560/1572/608 539/1682/574 513/1681/471
f 560/1572/608 538/1684/572 539/1682/574
f 539/1682/574 538/1684/572 540/1685/576
f 537/1316/570 498/1245/534 650/1686/705
f 540/1685/576 624/1687/678 539/1682/574
f 540/1685/576 561/1688/609 624/1687/678
f 561/1688/609 600/1689/651 624/1687/678
f 599/1690/650 626/1691/706 625/1692/613
f 628/1693/680 627/1694/679 563/1695/611
f 628/1696/680 543/1697/581 652/1698/707
f 543/1697/581 653/1699/708 652/1698/707
f 651/1700/709 545/1701/580 603/1702/653
f 630/1703/681 653/1699/708 543/1697/581
f 630/1703/681 602/1704/654 653/1699/710
f 630/1612/682 654/1614/683 653/1705/711
f 630/1706/682 653/1707/712 565/1708/614
f 631/1617/582 629/1420/615 517/1709/551
f 518/1710/538 566/1711/619 687/1712/713
f 503/1713/552 482/1714/521 632/1715/714
f 519/1279/553 485/1218/522 655/1716/715
f 519/1279/553 655/1716/715 631/1717/582
f 568/1431/618 656/1718/716 486/1220/523
f 631/1719/582 655/1720/715 568/1518/618
f 482/1714/521 633/1721/717 632/1715/714
f 635/1722/688 657/1723/718 636/1724/687
f 657/1725/718 658/1726/719 636/1727/687
f 638/1728/689 657/1729/718 635/1730/688
f 489/1625/558 659/1731/720 606/1626/686
f 482/1714/521 611/1643/695 633/1721/717
f 489/1625/558 661/1732/721 659/1731/720
f 489/1625/558 660/1733/722 661/1732/721
f 489/1291/558 522/1293/560 660/1734/722
f 522/1735/560 661/1736/723 660/1737/722
f 605/1519/655 660/1738/724 547/1445/623
f 636/1727/687 658/1726/719 608/1739/657
f 482/1714/521 507/1641/543 611/1643/695
f 466/1441/489 546/1452/586 662/1740/725
f 546/1452/586 548/1451/590 662/1740/725
f 435/1153/490 694/1741/726 639/1742/690
f 524/1743/544 663/1744/727 638/1745/689
f 694/1741/726 664/1746/728 639/1742/690
f 639/1742/690 664/1746/728 575/1747/694
f 575/1647/694 666/1748/729 576/1648/626
f 491/1265/542 340/768/344 611/1749/695
f 641/1750/696 577/1751/627 667/1752/730
f 574/1753/731 610/1754/732 527/1755/564
f 527/1755/564 668/1756/733 574/1753/731
f 470/1757/528 669/1758/660 642/1759/734
f 610/1760/732 613/1761/661 527/1762/564
f 613/1763/661 669/1764/660 551/1765/592
f 439/1165/493 645/1766/699 744/1767/735
f 473/1167/495 590/1555/670 782/1768/736
f 473/1769/495 361/1770/363 646/1771/700
f 474/1204/511 342/774/346 671/1772/737
f 99/164/89 672/1773/738 131/1774/129
f 532/1091/463 649/1775/739 115/286/130
f 342/774/346 281/620/281 673/1776/740
f 475/1205/512 674/1777/741 319/712/322
f 421/1094/464 704/1778/742 224/452/207
f 474/1779/511 675/1673/703 258/534/242
f 421/1094/464 705/1780/743 704/1778/742
f 399/1007/442 535/1315/569 250/582/262
f 535/1315/569 497/1241/532 676/1781/744
f 677/1782/745 597/1783/672 537/1784/570
f 680/1785/746 599/1495/650 592/1480/643
f 680/1785/746 681/1786/747 599/1495/650
f 680/1787/748 679/1788/749 681/1789/750
f 681/1786/747 626/1790/706 599/1495/650
f 624/1791/678 600/1792/651 682/1793/751
f 271/826/370 480/1794/617 333/753/341
f 683/1795/752 564/1796/612 627/1797/679
f 682/1798/751 600/1799/651 686/1800/753
f 684/1801/754 652/1698/707 653/1699/708
f 682/1802/751 602/1509/654 624/1603/678
f 685/1803/755 517/1277/551 545/1505/580
f 684/1801/756 653/1699/710 602/1704/654
f 600/1799/651 501/1496/536 686/1800/753
f 653/1705/711 654/1614/683 684/1804/754
f 684/1804/756 565/1615/614 653/1705/712
f 686/1800/753 501/1496/536 484/1620/583
f 685/1805/755 631/1806/582 517/1807/551
f 654/1808/683 518/1809/538 687/1810/713
f 685/1805/755 519/1811/553 631/1806/582
f 569/1812/621 634/1813/685 520/1814/554
f 465/1189/501 605/1815/655 568/1816/618
f 689/1817/757 660/1737/758 661/1736/759
f 659/1731/720 661/1732/721 689/1818/760
f 605/1819/655 689/1820/760 660/1821/724
f 690/1822/761 569/1823/621 571/1824/624
f 689/1817/762 661/1736/723 691/1825/763
f 661/1826/723 522/1293/560 691/1827/763
f 689/1828/762 547/1445/623 660/1738/724
f 638/1829/689 658/1830/719 657/1831/718
f 570/1442/622 466/1441/489 688/1832/764
f 688/1832/764 466/1441/489 662/1740/725
f 606/1833/686 692/1834/765 506/1835/559
f 689/1828/762 637/1836/766 547/1445/623
f 658/1837/719 571/1526/624 608/1525/657
f 638/1829/689 663/1838/727 658/1830/719
f 694/1839/726 435/1840/490 547/1841/623
f 695/1842/767 663/1744/727 524/1743/544
f 695/1842/767 524/1743/544 573/1843/625
f 696/1844/768 610/1845/732 574/1846/731
f 578/1847/697 697/1848/769 698/1849/770
f 697/1850/769 578/1655/697 576/1654/626
f 665/1851/771 574/1753/731 668/1756/733
f 610/1852/732 668/1853/733 613/1854/661
f 698/1855/770 697/1856/769 614/1857/662
f 667/1858/730 643/1859/698 699/1860/772
f 700/1861/773 699/1862/772 643/1863/698
f 643/1656/698 525/1864/561 701/1865/774
f 616/1467/636 439/1165/493 744/1767/735
f 703/1866/775 702/1867/776 669/1868/660
f 591/1869/777 167/419/192 458/576/260
f 361/1870/363 671/1871/737 673/1872/740
f 673/1872/740 671/1871/737 342/1873/346
f 674/1777/741 235/533/241 319/712/322
f 460/1874/434 197/535/208 706/1875/778
f 497/1876/532 707/1877/779 676/1878/744
f 497/1879/532 620/1880/673 707/1881/779
f 676/1882/744 707/1883/779 620/1884/673
f 676/1885/744 620/1880/673 746/1886/780
f 620/1880/673 708/1887/781 746/1886/780
f 620/1888/673 709/1889/782 708/1890/781
f 708/1890/781 709/1889/782 710/1891/783
f 709/1892/782 620/1880/673 710/1893/784
f 709/1892/785 710/1893/784 707/1894/786
f 710/1895/783 749/1896/787 708/1897/781
f 620/1880/673 597/1783/672 710/1893/784
f 710/1893/784 597/1783/672 707/1894/786
f 746/1898/780 708/1897/781 711/1899/788
f 749/1896/787 712/1900/789 708/1897/781
f 707/1901/786 597/1902/672 748/1903/790
f 708/1897/781 750/1904/791 711/1899/788
f 711/1905/792 750/1906/793 713/1907/794
f 712/1900/789 750/1904/791 708/1897/781
f 750/1908/795 714/1909/796 713/1910/797
f 713/1911/797 714/1912/796 715/1913/798
f 751/1914/799 714/1915/796 750/1916/795
f 751/1917/799 715/1918/798 714/1919/796
f 677/1920/745 753/1921/800 597/1902/672
f 753/1921/800 748/1903/790 597/1902/672
f 714/1912/801 716/1922/802 715/1913/803
f 715/1913/804 716/1922/805 717/1923/806
f 716/1922/805 677/1924/745 717/1923/806
f 718/1925/807 677/1926/745 716/1927/805
f 677/1928/745 718/1929/807 753/1930/800
f 677/1924/745 719/1931/808 717/1923/806
f 677/1924/745 537/1932/570 719/1931/808
f 598/1933/648 720/1934/809 498/1935/534
f 679/1936/749 680/1937/748 721/1938/810
f 680/1937/748 681/1939/811 721/1938/810
f 680/1785/746 592/1480/643 681/1786/812
f 679/1940/749 723/1941/813 722/1942/814
f 681/1939/812 724/1943/815 722/1944/816
f 681/1939/811 722/1944/814 721/1938/810
f 724/1945/815 626/1946/706 722/1947/816
f 679/1788/749 722/1948/814 681/1789/750
f 681/1789/747 722/1948/816 626/1949/706
f 681/1786/812 592/1480/643 724/1950/815
f 603/1951/653 625/1692/613 725/1952/817
f 627/1694/679 628/1693/680 683/1953/752
f 652/1698/707 757/1954/818 628/1696/680
f 684/1804/754 654/1614/683 652/1955/707
f 684/1804/756 602/1956/654 565/1615/614
f 726/1957/819 519/1811/553 685/1805/755
f 726/1958/819 727/1959/820 519/1333/553
f 787/1960/821 566/1961/620 565/1962/614
f 655/1963/715 727/1964/822 764/1965/823
f 655/1963/715 764/1965/823 568/1966/618
f 764/1965/823 729/1967/824 568/1966/618
f 569/1812/621 766/1968/825 634/1813/685
f 729/1969/826 465/1189/501 730/1970/827
f 729/1969/826 605/1815/655 465/1189/501
f 486/1437/523 730/1970/827 465/1189/501
f 566/1961/620 787/1960/821 523/1527/541
f 659/1971/720 689/1820/760 605/1819/655
f 689/1817/762 691/1825/763 637/1972/766
f 611/1749/695 693/1973/828 633/1974/717
f 731/1975/829 549/1528/588 523/1527/541
f 506/1976/559 691/1825/763 522/1735/560
f 734/1977/830 694/1978/726 637/1979/766
f 637/1980/766 694/1981/726 547/1982/623
f 732/1983/831 694/1978/726 734/1977/830
f 732/1984/831 733/1985/832 694/1981/726
f 694/1981/726 733/1985/832 735/1986/833
f 733/1987/832 736/1988/834 735/1989/833
f 688/1990/764 662/1991/725 549/1992/588
f 735/1993/833 736/1994/835 694/1995/726
f 549/1355/588 662/1996/725 548/1356/590
f 664/1746/728 666/1997/729 575/1747/694
f 641/1998/696 667/1999/730 737/2000/836
f 738/2001/837 698/1855/770 614/1857/662
f 614/1665/662 578/2002/697 738/2003/837
f 738/2004/837 578/2005/697 666/2006/729
f 576/2007/626 698/2008/770 738/2009/837
f 666/2010/729 578/1847/697 698/1849/770
f 666/2010/729 698/1849/770 576/2011/626
f 611/1749/695 340/768/344 693/1973/828
f 610/2012/732 665/2013/771 668/2014/733
f 642/2015/734 669/1534/660 740/2016/838
f 470/1231/528 739/2017/839 579/1459/628
f 643/2018/698 701/2019/774 700/2020/773
f 697/2021/769 742/2022/840 614/2023/662
f 741/2024/841 742/2022/840 697/2021/769
f 616/2025/636 703/2026/775 527/2027/564
f 531/1308/567 583/2028/545 670/1552/669
f 396/815/362 646/1670/700 745/2029/842
f 472/1203/510 591/2030/777 458/1169/260
f 745/2031/842 361/991/363 396/990/362
f 745/2031/842 671/2032/737 361/991/363
f 473/1311/495 782/2033/736 441/992/433
f 459/1312/496 510/1233/514 647/2034/701
f 361/1770/363 673/1872/740 646/1771/700
f 224/452/207 704/1778/742 533/2035/843
f 618/1556/671 705/1780/743 421/1094/464
f 269/622/282 250/582/262 901/2036/844
f 676/1885/744 746/1886/780 747/2037/845
f 747/2038/845 746/2039/780 707/2040/786
f 709/1892/785 707/1894/786 746/1886/780
f 709/2041/785 749/2042/787 710/2043/783
f 709/2041/785 746/2044/780 749/2042/787
f 746/2044/780 711/1905/788 749/2042/787
f 749/2042/787 711/1905/788 712/2045/789
f 711/1905/788 750/1906/846 712/2045/789
f 713/2046/797 751/2047/799 750/2048/847
f 750/1906/848 751/2049/849 712/2045/850
f 713/2050/797 715/1918/798 751/1917/799
f 715/1918/851 752/2051/852 714/1919/853
f 715/2052/854 752/2053/855 716/2054/805
f 717/2055/806 718/2056/807 752/2057/855
f 715/1918/804 717/2058/806 752/2051/855
f 752/2059/855 718/1925/807 716/1927/805
f 562/2060/610 812/2061/856 623/2062/649
f 723/1941/813 721/2063/810 722/1942/814
f 813/2064/857 683/1953/752 628/1693/680
f 758/2065/858 651/2066/709 603/2067/653
f 800/2068/859 759/2069/860 654/1614/683
f 759/2069/860 652/1955/707 654/1614/683
f 726/2070/819 685/2071/755 760/2072/861
f 762/2073/862 519/1333/553 727/1959/820
f 762/2073/862 727/1959/820 726/1958/819
f 763/2074/863 567/2075/616 480/2076/617
f 761/2077/864 654/2078/683 687/2079/713
f 485/1218/522 727/2080/822 655/1716/715
f 484/1620/583 570/1442/622 686/1800/753
f 604/2081/684 485/1218/522 409/954/423
f 764/2082/823 727/2083/822 728/2084/865
f 761/2085/864 687/2086/713 634/2087/685
f 687/2086/713 566/1622/619 634/2087/685
f 656/1718/716 729/2088/824 765/2089/866
f 656/1718/716 568/1431/618 729/2088/824
f 765/2090/867 729/1967/824 764/1965/823
f 729/1969/826 730/1970/827 765/2091/866
f 765/2090/867 605/2092/655 729/1967/826
f 765/2090/867 659/1971/720 605/2092/655
f 787/1960/821 731/1975/829 523/1527/541
f 606/1626/686 659/1731/720 730/2093/827
f 766/2094/825 690/1822/761 767/2095/868
f 691/2096/763 659/2097/720 637/2098/766
f 690/1822/761 571/1824/624 767/2095/868
f 637/2099/766 732/2100/831 734/2101/830
f 637/2099/766 733/1987/832 732/2100/831
f 692/2102/765 691/1825/763 506/1976/559
f 769/2103/869 732/2104/870 734/2105/871
f 770/2106/872 732/2107/870 769/2108/869
f 770/2109/873 769/2110/874 733/2111/832
f 658/1837/719 768/2112/875 571/1526/624
f 769/2113/874 771/2114/876 735/2115/877
f 733/2116/832 769/2117/874 736/2118/834
f 736/2118/834 769/2117/874 735/2119/877
f 771/2120/876 736/1994/835 735/1993/877
f 771/2121/876 694/1741/726 736/2122/835
f 696/1844/768 574/1846/731 665/2123/771
f 772/2124/878 805/2125/879 773/2126/880
f 666/2127/729 773/2126/881 738/2128/837
f 772/2124/882 773/2126/881 666/2127/729
f 738/2009/837 774/2129/883 576/2007/626
f 774/2129/883 738/2009/837 773/2130/881
f 774/2131/883 741/2132/841 576/2133/626
f 741/2132/841 697/2134/769 576/2133/626
f 739/2017/839 470/1231/528 642/2015/734
f 776/2135/884 667/2136/730 699/2137/772
f 667/2138/730 577/2139/627 643/2140/698
f 693/1973/828 340/768/344 584/1468/637
f 777/2141/885 699/2142/772 700/2020/773
f 792/2143/886 740/2016/838 669/1534/660
f 775/2144/887 669/1764/660 613/1763/661
f 700/2145/773 701/2146/774 779/2147/888
f 525/2148/561 700/2149/773 779/2150/888
f 579/1459/628 700/2020/773 525/2151/561
f 669/2152/660 702/2153/776 792/2154/886
f 778/2155/889 527/2156/564 703/2157/775
f 780/2158/890 645/2159/699 743/2160/891
f 744/1767/735 645/1766/699 780/2161/890
f 703/2162/775 616/1467/636 744/1767/735
f 588/1310/509 589/2163/892 99/164/89
f 100/183/98 57/438/56 781/2164/893
f 474/1204/511 671/1772/737 745/2029/842
f 1186/2165/894 247/557/252 223/425/195
f 842/2166/895 674/1777/741 475/1205/512
f 706/1875/778 618/2167/671 460/1874/434
f 706/1875/778 197/535/208 302/537/244
f 302/537/244 174/408/184 259/623/283
f 783/2168/896 535/1315/569 676/1781/744
f 718/2169/807 676/2170/744 747/2171/845
f 718/2169/807 717/2172/806 676/2170/744
f 748/2173/790 753/2174/800 784/2175/897
f 719/2176/808 537/2177/570 678/2178/898
f 678/2179/898 537/2180/570 650/2181/705
f 785/2182/899 598/2183/648 541/2184/577
f 755/2185/900 541/2186/577 623/2187/649
f 785/2188/899 812/2061/856 562/2060/610
f 626/2189/706 724/2190/815 786/2191/901
f 628/1693/680 757/2192/818 813/2064/857
f 682/2193/751 686/2194/753 787/2195/821
f 786/2196/902 651/2066/709 758/2065/858
f 786/2197/901 724/2198/815 788/2199/903
f 786/2200/902 788/2201/903 651/2202/709
f 545/1505/580 789/2203/904 685/1803/755
f 651/2204/709 789/2203/904 545/1505/580
f 788/2201/903 789/2205/904 651/2202/709
f 787/1960/821 602/1509/654 682/1802/751
f 602/1509/654 787/1960/821 565/1962/614
f 685/2071/755 789/2206/904 760/2072/861
f 519/1333/553 762/2073/862 604/1619/684
f 686/1800/753 570/1442/622 688/1832/764
f 730/2207/827 656/1718/716 765/2089/866
f 764/1965/823 659/1971/720 765/2090/867
f 606/2208/686 730/2209/827 486/2210/523
f 766/2211/825 569/2212/621 690/2213/761
f 730/2214/827 659/2215/720 691/2216/763
f 549/2217/588 731/2218/829 688/2219/764
f 571/2220/624 768/2221/875 767/2222/868
f 770/2223/873 771/2224/876 769/2225/874
f 770/2226/873 733/2227/832 771/2228/876
f 694/1741/726 771/2121/876 664/1746/728
f 790/2229/905 612/2230/659 572/2231/591
f 664/1746/728 774/2131/883 666/2232/729
f 641/1645/696 737/2233/836 573/1646/625
f 773/2130/881 772/2234/906 774/2129/883
f 668/2235/733 791/2236/907 613/1537/661
f 613/1537/661 791/2236/907 775/2237/887
f 700/2020/773 793/2238/908 777/2141/885
f 779/2239/888 793/2240/908 525/2241/561
f 793/2238/908 700/2020/773 579/1459/628
f 779/2242/888 701/2019/774 579/1459/628
f 793/2243/908 701/2244/774 525/2245/561
f 579/2246/628 701/2244/774 793/2243/908
f 669/2247/660 778/2248/889 703/2249/775
f 742/2250/840 780/2251/890 743/2252/891
f 646/1670/700 794/2253/909 745/2029/842
f 280/604/271 648/1672/702 590/2254/670
f 646/1771/700 673/1872/740 794/2255/909
f 707/2040/786 748/2256/790 747/2038/845
f 797/2257/910 676/1781/744 717/2258/806
f 718/1929/807 798/2259/911 753/2260/800
f 650/2181/705 719/2261/808 678/2179/898
f 650/2262/705 720/2263/809 719/2264/808
f 719/2264/808 720/2263/809 598/2265/648
f 498/2266/534 928/2267/912 650/2268/705
f 756/2269/913 785/2270/899 562/2271/610
f 562/2272/610 564/2273/612 756/2274/913
f 626/1691/706 799/2275/914 625/1692/613
f 625/1692/613 799/2275/914 725/1952/817
f 626/1691/706 786/2276/901 799/2275/914
f 758/2065/858 603/2067/653 799/2277/914
f 786/2278/902 758/2279/858 788/2280/915
f 788/2281/915 758/2065/858 799/2277/914
f 786/2282/901 788/2283/915 799/2284/914
f 652/1698/707 759/2285/860 757/1954/818
f 724/2198/815 789/2286/904 788/2199/903
f 654/2287/683 761/2288/864 800/2289/859
f 762/2073/862 801/2290/916 604/1619/684
f 485/1218/522 801/2291/916 727/2080/822
f 485/1218/522 604/2081/684 801/2291/916
f 727/2080/822 760/2292/861 728/2293/865
f 634/2294/685 766/2295/825 761/2296/864
f 659/1971/720 764/1965/823 637/2297/766
f 764/2298/823 728/2299/865 733/2300/832
f 764/2298/823 733/2300/832 637/2301/766
f 767/2302/868 802/2303/917 766/2304/825
f 567/2305/616 763/2306/863 607/2307/656
f 763/2306/863 790/2308/905 607/2307/656
f 663/2309/727 695/2310/767 658/2311/719
f 607/2307/656 790/2308/905 572/2312/591
f 771/2121/876 774/2131/883 664/1746/728
f 737/2233/836 803/2313/918 573/1646/625
f 737/2233/836 804/2314/919 803/2313/918
f 666/2127/729 806/2315/920 772/2124/882
f 772/2124/878 806/2315/921 805/2125/879
f 666/2127/729 774/2316/883 806/2315/920
f 667/2317/730 776/2318/884 737/2319/836
f 772/2234/906 806/2320/920 774/2129/883
f 668/2235/733 527/1536/564 791/2236/907
f 699/2142/772 777/2141/885 776/2321/884
f 527/2156/564 778/2155/889 791/2322/907
f 614/2023/662 742/2022/840 645/2323/699
f 793/2324/908 779/2325/888 777/2326/885
f 669/2247/660 775/2327/887 778/2248/889
f 585/1668/566 807/2328/922 615/1669/668
f 584/1468/637 279/769/270 509/2329/546
f 745/2031/842 675/1673/703 474/1779/511
f 223/425/195 131/1272/129 1186/2165/894
f 115/286/130 649/1775/739 475/1205/512
f 57/438/56 48/2330/46 809/2331/923
f 674/2332/741 943/1206/513 235/621/241
f 259/623/283 334/624/284 823/2333/924
f 619/2334/925 271/826/370 282/1097/469
f 676/1781/744 797/2257/910 811/2335/926
f 748/2336/790 784/2337/897 747/2338/845
f 747/2171/845 798/2339/911 718/2169/807
f 798/2259/911 784/2340/897 753/2260/800
f 679/2341/749 721/2342/810 723/2343/813
f 623/2344/649 812/2345/856 755/2346/900
f 789/2286/904 724/2198/815 814/2347/927
f 760/2348/861 789/2286/904 814/2347/927
f 726/1958/819 760/2349/861 762/2073/862
f 761/2350/864 766/2351/825 815/2352/928
f 486/2353/523 656/2354/716 606/1833/686
f 730/2214/827 691/2216/763 656/2355/716
f 606/1833/686 656/2354/716 692/1834/765
f 695/2356/767 573/2357/625 804/2358/919
f 573/2357/625 803/2359/918 804/2358/919
f 737/2360/836 695/2361/767 804/2362/919
f 804/2314/929 816/2363/930 803/2313/931
f 612/2364/659 790/2365/905 529/1544/529
f 642/2015/734 740/2016/838 739/2017/839
f 645/2366/699 742/2367/840 743/2368/891
f 702/2369/776 817/2370/932 792/2371/886
f 615/2372/668 807/2373/922 583/2374/545
f 702/2375/776 819/2376/933 817/2377/932
f 702/2378/776 703/2162/775 744/1767/735
f 583/2028/545 807/2379/922 670/1552/669
f 192/413/188 167/1201/192 617/2380/934
f 796/2381/935 821/2382/936 820/2383/937
f 796/2381/935 820/2383/937 795/2384/938
f 796/2385/935 795/2386/938 842/2387/895
f 673/1776/740 281/620/281 822/2388/939
f 676/1781/744 811/2335/926 783/2168/896
f 784/2337/897 798/2389/911 747/2338/845
f 717/2258/806 719/2264/808 824/2390/940
f 650/2268/705 825/2391/941 720/2392/809
f 598/2265/648 872/2393/942 719/2264/808
f 598/2265/648 826/2394/943 872/2393/942
f 755/2185/900 785/2395/899 541/2186/577
f 598/2265/648 785/2396/899 826/2394/943
f 785/2396/899 756/2397/913 826/2394/943
f 564/2273/612 683/2398/752 756/2274/913
f 757/2399/818 827/2400/944 813/2401/857
f 813/2064/857 827/2402/944 828/2403/945
f 757/1954/818 759/2285/860 829/2404/946
f 724/1950/815 754/2405/947 814/2406/927
f 761/2350/864 830/2407/948 800/2408/859
f 686/2409/753 731/2410/829 787/2411/821
f 271/826/370 763/2412/863 480/1794/617
f 760/2413/861 814/2406/927 728/2414/865
f 761/2350/864 815/2352/928 830/2407/948
f 814/2406/927 733/2415/832 728/2414/865
f 686/2409/753 688/2416/764 731/2410/829
f 656/2417/716 691/2418/763 692/2419/765
f 767/2222/868 848/2420/949 802/2421/917
f 768/2221/875 848/2420/949 767/2222/868
f 733/2415/832 831/2422/950 771/2121/876
f 658/1837/719 832/2423/951 849/2424/952
f 658/1837/719 849/2424/952 768/2112/875
f 658/2311/719 695/2310/767 832/2425/951
f 610/2426/732 696/1844/768 833/2427/953
f 737/2319/836 776/2318/884 695/2428/767
f 741/2132/841 774/2131/883 834/2429/954
f 695/2428/767 776/2318/884 837/2430/955
f 834/2429/954 836/2431/956 741/2132/841
f 741/2132/841 836/2431/956 742/2250/840
f 836/2431/956 780/2251/890 742/2250/840
f 579/2432/628 739/2433/839 838/2434/957
f 579/1459/628 838/2435/957 779/2242/888
f 780/2161/890 839/2436/958 744/1767/735
f 702/2378/776 840/2437/959 819/2438/933
f 794/2253/909 675/2439/703 745/2029/842
f 796/2385/935 842/2387/895 821/2440/936
f 795/2441/938 841/2442/960 842/2443/895
f 673/1872/740 822/2444/939 794/2255/909
f 618/2445/671 706/2446/778 705/2447/743
f 824/2390/940 797/2257/910 717/2258/806
f 719/2264/808 872/2393/942 824/2390/940
f 720/1934/809 928/2448/912 498/1935/534
f 592/1480/643 754/2405/947 724/1950/815
f 756/2449/913 863/2450/961 827/2451/962
f 827/2452/962 863/2453/961 844/2454/963
f 827/2400/962 844/2455/964 756/2397/913
f 863/2456/961 828/2403/945 844/2457/963
f 757/2399/818 844/2455/964 827/2400/944
f 827/2402/944 844/2457/963 828/2403/945
f 813/2064/857 828/2403/945 683/1953/752
f 844/2455/964 757/2399/818 756/2397/913
f 757/2399/818 830/2407/948 756/2397/913
f 757/2458/818 800/2459/859 830/2460/948
f 830/2407/948 815/2352/928 846/2461/965
f 801/2291/916 847/2462/966 727/2080/822
f 727/2080/822 847/2462/966 760/2292/861
f 814/2406/927 831/2422/950 733/2415/832
f 815/2463/928 766/2211/825 848/2464/949
f 832/2465/951 850/2466/967 846/2467/965
f 850/2466/967 852/2468/968 846/2467/965
f 846/2467/965 852/2468/968 695/2469/767
f 695/2470/767 852/2471/968 832/2472/951
f 832/2473/951 852/2474/968 851/2475/969
f 833/2476/970 867/2477/971 853/2478/972
f 833/2476/953 853/2478/973 610/2012/732
f 696/1844/768 853/2479/974 833/2427/953
f 695/2428/767 837/2430/955 854/2480/975
f 610/2012/732 853/2478/973 665/2013/771
f 739/2017/839 740/2016/838 835/2481/976
f 693/1973/828 584/1468/637 855/2482/977
f 777/2483/885 779/2484/888 856/2485/978
f 837/2486/955 858/2487/979 857/2488/980
f 837/2489/955 776/2490/884 858/2491/979
f 779/2484/888 838/2492/957 856/2485/978
f 739/2017/839 835/2493/976 838/2435/957
f 744/1767/735 839/2436/958 818/2494/981
f 744/1767/735 840/2437/959 702/2378/776
f 584/1468/637 509/2329/546 861/2495/982
f 820/2496/937 841/2497/960 795/2498/938
f 782/2033/736 870/2499/983 441/992/433
f 475/1205/512 649/1775/739 842/2166/895
f 321/660/305 344/998/440 207/458/210
f 650/2268/705 928/2267/912 825/2391/941
f 785/2188/899 862/2500/984 812/2061/856
f 756/2274/913 683/2398/752 863/2501/961
f 756/2397/913 830/2407/948 826/2394/943
f 757/1954/818 829/2404/946 800/2502/859
f 762/2073/862 864/2503/985 865/2504/986
f 762/2073/862 845/2505/987 864/2503/985
f 762/2073/862 760/2349/861 845/2505/987
f 762/2073/862 865/2504/986 801/2290/916
f 754/2405/947 831/2422/950 814/2406/927
f 271/826/370 790/2365/905 763/2412/863
f 866/2506/988 815/2507/928 759/2508/860
f 815/2507/928 848/2509/949 759/2508/860
f 766/2510/825 802/2511/917 848/2512/949
f 849/2513/952 846/2461/965 815/2352/928
f 849/2514/952 815/2515/928 802/2516/989
f 849/2513/952 832/2517/951 846/2461/965
f 849/2424/952 850/2518/967 768/2112/875
f 850/2519/967 851/2475/969 768/2520/875
f 851/2521/969 850/2522/967 832/2523/951
f 874/2524/990 846/2461/965 854/2480/975
f 695/2428/767 854/2480/975 846/2461/965
f 771/2121/876 834/2429/954 774/2131/883
f 853/2479/974 696/1844/768 867/2525/991
f 867/2526/991 696/2527/768 665/2528/771
f 853/2478/973 867/2477/991 665/2013/771
f 693/1973/828 855/2482/977 633/1974/717
f 777/2141/885 868/2529/992 776/2321/884
f 856/2530/978 868/2529/992 777/2141/885
f 792/2531/886 817/2532/932 878/2533/993
f 817/2534/932 819/2535/933 869/2536/994
f 819/2438/933 882/2537/995 869/2538/994
f 266/516/236 808/2539/996 148/369/165
f 441/2540/433 870/2541/983 281/620/281
f 870/2541/983 822/2388/939 281/620/281
f 224/452/207 533/2035/843 196/307/140
f 706/2542/778 871/2543/997 705/1780/743
f 683/1953/752 828/2403/945 829/2544/946
f 603/2067/653 725/2545/817 799/2277/914
f 800/2546/859 866/2506/988 759/2508/860
f 864/2547/998 873/2548/999 865/2549/1000
f 864/2503/985 845/2505/987 873/2550/1001
f 865/2551/986 864/2552/1002 801/2553/916
f 846/2461/965 874/2524/990 830/2407/948
f 759/2554/860 848/2555/949 886/2556/1003
f 875/2557/1004 874/2524/990 854/2480/975
f 831/2422/950 876/2558/1005 771/2121/876
f 771/2121/876 876/2558/1005 834/2429/954
f 852/2474/968 877/2559/1006 851/2475/969
f 791/2236/907 878/2560/993 775/2237/887
f 740/2016/838 879/2561/1007 835/2481/976
f 868/2562/992 858/2491/979 776/2490/884
f 817/2563/932 881/2564/1008 880/2565/1009
f 817/2534/932 869/2536/994 881/2566/1008
f 869/2567/994 880/2568/1009 881/2569/1008
f 880/2570/1009 869/2571/994 882/2572/995
f 860/2573/1010 882/2574/995 859/2575/1011
f 840/2437/959 882/2537/995 819/2438/933
f 840/2437/959 859/2576/1011 882/2537/995
f 883/2577/1012 808/2539/996 266/516/236
f 675/2439/703 794/2253/909 884/2578/1013
f 821/2579/936 649/2580/739 820/2581/937
f 821/2579/936 842/2582/895 649/2580/739
f 48/83/46 196/307/140 809/2583/923
f 755/2185/900 862/2584/984 785/2395/899
f 812/2585/856 862/2586/984 863/2587/961
f 812/2585/856 863/2587/961 683/2588/752
f 683/2589/752 829/2590/946 886/2556/1003
f 828/2591/945 887/2592/1014 800/2593/859
f 828/2594/945 800/2595/859 829/2596/946
f 800/2593/859 887/2592/1014 866/2597/988
f 829/2590/946 759/2554/860 886/2556/1003
f 873/2550/1001 845/2505/987 847/2598/966
f 907/2599/1015 830/2407/948 888/2600/1016
f 873/2548/1001 847/2601/966 864/2547/1002
f 847/2462/966 801/2291/916 864/2602/1002
f 271/826/370 903/2603/1017 790/2365/905
f 866/2506/988 887/2604/1014 815/2507/928
f 888/2600/1016 830/2407/948 874/2524/990
f 802/2516/989 887/2592/1014 849/2514/952
f 850/2466/967 889/2605/1018 852/2468/968
f 768/2606/875 851/2607/969 877/2608/1006
f 852/2609/968 889/2610/1018 877/2611/1006
f 876/2558/1005 890/2612/1019 834/2429/954
f 890/2613/1019 891/2614/1020 834/2615/954
f 854/2480/975 837/2430/955 892/2616/1021
f 878/2617/993 817/2618/932 880/2619/1009
f 775/2620/887 893/2621/1022 778/2622/889
f 778/2622/889 893/2621/1022 791/2623/907
f 837/2430/955 857/2624/980 892/2616/1021
f 858/2625/979 856/2626/978 838/2627/957
f 859/2628/1011 894/2629/1023 860/2630/1010
f 855/2482/977 584/1468/637 861/2495/982
f 896/2631/1024 882/2632/995 860/2633/1010
f 834/2429/954 964/2634/1025 836/2431/956
f 964/2635/1025 780/2161/890 836/2636/956
f 897/2637/1026 840/2437/959 744/1767/735
f 472/2638/510 341/770/345 898/2639/1027
f 341/770/345 440/1090/462 898/2639/1027
f 440/2640/462 647/2641/701 898/2642/1027
f 590/2254/670 648/1672/702 782/2643/736
f 535/1315/569 810/2644/1028 250/582/262
f 783/2168/896 885/2645/1029 535/1315/569
f 872/2646/942 904/2647/1030 824/2648/940
f 683/2589/752 755/2649/900 812/2345/856
f 683/2589/752 886/2556/1003 755/2649/900
f 826/2650/943 830/2651/948 906/2652/1031
f 862/2653/984 828/2591/945 863/2654/961
f 862/2655/984 887/2656/1014 828/2657/945
f 887/2592/1014 802/2516/989 815/2515/928
f 886/2556/1003 848/2555/949 932/2658/1032
f 874/2659/990 875/2660/1004 908/2661/1033
f 932/2658/1032 848/2555/949 768/2606/875
f 908/2661/1033 875/2660/1004 909/2662/1034
f 887/2592/1014 850/2466/967 849/2514/952
f 887/2592/1014 889/2605/1018 850/2466/967
f 932/2658/1032 768/2606/875 877/2608/1006
f 911/2663/1035 876/2558/1005 831/2422/950
f 875/2660/1004 854/2664/975 910/2665/1036
f 878/2560/993 740/2016/838 792/2143/886
f 903/2603/1017 529/1544/529 790/2365/905
f 914/2666/1037 740/2667/838 912/2668/1038
f 914/2666/1037 879/2669/1007 740/2667/838
f 878/2670/993 893/2621/1022 775/2620/887
f 915/2671/1039 838/2435/957 835/2493/976
f 880/2619/1009 882/2672/995 895/2673/1040
f 818/2674/981 897/2675/1026 744/2676/735
f 839/2436/958 780/2161/890 964/2635/1025
f 861/2495/982 509/2329/546 917/2677/1041
f 899/2678/1042 870/2499/983 782/2033/736
f 781/2164/893 57/438/56 919/2679/1043
f 647/2641/701 510/1207/514 920/2680/1044
f 301/659/304 269/622/282 901/2036/844
f 922/2681/1045 843/2682/1046 249/661/306
f 797/2257/910 824/2390/940 923/2683/1047
f 824/2648/940 904/2647/1030 925/2684/1048
f 720/2392/809 825/2391/941 927/2685/1049
f 904/2647/1030 872/2646/942 905/2686/1050
f 948/2687/1051 928/2448/912 720/1934/809
f 948/2687/1051 927/2688/1052 928/2448/912
f 951/2689/1053 872/2690/942 826/2394/943
f 951/2689/1053 826/2394/943 929/2691/1054
f 907/2692/1015 906/2693/1031 830/2694/948
f 907/2695/1015 888/2696/1016 930/2697/1055
f 847/2462/966 845/2698/987 760/2292/861
f 888/2696/1016 874/2659/990 908/2661/1033
f 891/2699/1020 890/2700/1019 876/2701/1005
f 791/2236/907 913/2702/1056 878/2560/993
f 893/2703/1022 913/2702/1056 791/2236/907
f 878/2670/993 880/2704/1009 893/2705/1022
f 912/2706/1038 913/2707/1056 914/2708/1037
f 913/2709/1056 880/2710/1009 914/2711/1037
f 858/2712/979 934/2713/1057 856/2714/978
f 860/2630/1010 935/2715/1058 896/2716/1024
f 891/2717/1020 936/2718/1059 834/2719/954
f 857/2488/980 858/2487/979 937/2720/1060
f 858/2721/979 838/2435/957 937/2720/1060
f 835/2722/976 879/2723/1007 916/2724/1061
f 880/2619/1009 895/2673/1040 938/2725/1062
f 894/2726/1023 859/2727/1011 896/2728/1024
f 916/2729/1061 938/2730/1062 895/2731/1040
f 916/2729/1061 879/2732/1007 938/2730/1062
f 916/2733/1061 895/2734/1040 939/2735/1063
f 882/2537/995 940/2736/1064 895/2734/1040
f 896/2737/1024 940/2738/1064 882/2739/995
f 648/1672/702 899/2740/1042 782/2643/736
f 841/2741/960 941/2742/1065 842/2743/895
f 941/2742/1065 942/2744/1066 842/2743/895
f 942/2745/1066 943/2746/513 842/2166/895
f 842/2166/895 943/2746/513 674/1777/741
f 704/1778/742 944/2747/1067 533/2035/843
f 811/2748/926 797/2749/910 974/2750/1068
f 824/2648/940 925/2684/1048 924/2751/1069
f 927/2685/1049 949/2752/1070 720/2392/809
f 720/2392/809 949/2752/1070 948/2753/1051
f 825/2391/941 950/2754/1071 927/2685/1049
f 927/2685/1072 950/2754/1073 949/2752/1074
f 825/2391/941 928/2755/912 950/2754/1071
f 949/2756/1070 927/2688/1052 948/2687/1051
f 950/2757/1071 928/2448/912 927/2688/1052
f 826/2650/943 906/2652/1031 952/2758/1075
f 888/2759/1016 908/2760/1033 953/2761/1076
f 754/2405/947 931/2762/1077 831/2422/950
f 954/2763/1078 955/2764/1079 875/2765/1004
f 909/2766/1034 875/2765/1004 955/2764/1079
f 875/2557/1004 910/2767/1036 956/2768/1080
f 911/2769/1035 957/2770/1081 876/2701/1005
f 854/2771/975 982/2772/1082 910/2773/1036
f 876/2701/1005 957/2770/1081 891/2699/1020
f 982/2774/1082 854/2480/975 892/2616/1021
f 856/2530/978 1004/2775/1083 868/2529/992
f 878/2560/993 913/2702/1056 740/2016/838
f 858/2776/979 868/2777/992 934/2778/1057
f 868/2779/992 959/2780/1084 934/2781/1057
f 958/2782/1085 936/2783/1059 891/2784/1020
f 835/2493/976 961/2785/1086 915/2671/1039
f 880/2786/1009 938/2787/1062 914/2788/1037
f 935/2715/1058 962/2789/1087 896/2716/1024
f 860/2630/1010 894/2629/1023 935/2715/1058
f 892/2790/1021 857/2488/980 960/2791/1088
f 835/2493/976 916/2792/1061 961/2785/1086
f 857/2488/980 937/2720/1060 960/2791/1088
f 838/2435/957 915/2671/1039 963/2793/1089
f 859/2576/1011 940/2736/1064 896/2794/1024
f 818/2795/981 839/2796/958 897/2797/1026
f 859/2576/1011 840/2437/959 940/2736/1064
f 940/2736/1064 965/2798/1090 895/2734/1040
f 966/2799/1091 585/1306/566 529/1232/529
f 808/2539/996 967/2800/1092 148/369/165
f 472/1203/510 918/2801/1093 591/2030/777
f 898/2642/1027 647/2641/701 920/2802/1044
f 841/2803/960 820/2804/937 941/2805/1065
f 649/2580/739 968/2806/1094 820/2581/937
f 794/2255/909 822/2807/939 884/2808/1013
f 532/1091/463 900/2809/1095 649/1775/739
f 57/438/56 809/2331/923 919/2679/1043
f 704/1778/742 969/2810/1096 944/2747/1067
f 705/1780/743 970/2811/1097 704/1778/742
f 196/307/140 533/2035/843 809/2583/923
f 943/1206/513 1188/2812/1098 249/661/306
f 187/456/209 422/994/435 511/1274/550
f 971/2813/1099 945/2814/1100 535/2815/569
f 535/1315/569 885/2816/1029 971/2817/1099
f 885/2645/1029 783/2168/896 973/2818/1101
f 783/2819/896 811/2820/926 946/2821/1102
f 904/2822/1030 905/2823/1050 975/2824/1103
f 872/2825/942 951/2826/1053 905/2827/1050
f 755/2828/900 886/2829/1003 862/2830/984
f 862/2830/984 886/2829/1003 887/2831/1014
f 888/2832/1016 953/2833/1076 930/2834/1055
f 908/2835/1033 977/2836/1104 953/2837/1076
f 886/2829/1003 932/2838/1032 887/2831/1014
f 633/1974/717 855/2482/977 632/2839/714
f 909/2840/1034 978/2841/1105 908/2842/1033
f 887/2831/1014 932/2838/1032 889/2843/1018
f 931/2762/1077 980/2844/1106 911/2663/1035
f 868/2529/992 1004/2775/1083 959/2845/1084
f 892/2846/1021 960/2847/1088 982/2848/1082
f 982/2849/1082 960/2850/1088 983/2851/1107
f 880/2704/1009 913/2707/1056 893/2705/1022
f 834/2852/954 936/2853/1059 964/2854/1025
f 961/2785/1086 916/2792/1061 985/2855/1108
f 896/2856/1024 962/2857/1087 894/2858/1023
f 879/2732/1007 986/2859/1109 938/2730/1062
f 963/2860/1089 985/2861/1108 916/2862/1061
f 939/2735/1063 987/2863/1110 986/2864/1109
f 895/2734/1040 987/2863/1110 939/2735/1063
f 839/2436/958 988/2865/1111 897/2637/1026
f 839/2436/958 964/2635/1025 988/2865/1111
f 895/2866/1040 965/2867/1090 987/2868/1110
f 840/2437/959 897/2637/1026 940/2736/1064
f 266/891/236 192/413/188 883/2869/1012
f 472/2638/510 898/2639/1027 918/2870/1093
f 968/2871/1094 941/2805/1065 820/2804/937
f 705/1780/743 871/2543/997 970/2811/1097
f 535/2872/569 945/2873/1100 810/2874/1028
f 885/2875/1029 973/2876/1101 972/2877/1112
f 783/2168/896 989/2878/1113 973/2879/1101
f 783/2880/896 946/2881/1102 989/2882/1113
f 811/2883/926 947/2884/1114 946/2885/1102
f 811/2886/926 974/2887/1068 947/2888/1114
f 797/2889/910 990/2890/1115 974/2891/1068
f 923/2892/1047 990/2893/1115 797/2894/910
f 824/2895/940 991/2896/1116 923/2897/1047
f 824/2898/940 924/2899/1069 991/2900/1116
f 924/2899/1069 992/2901/1117 991/2900/1116
f 904/2902/1030 993/2903/1118 925/2904/1048
f 925/2904/1048 993/2903/1118 975/2905/1103
f 904/2822/1030 975/2824/1103 993/2906/1118
f 926/2907/1119 976/2908/1120 754/2405/947
f 826/2909/943 952/2910/1075 929/2911/1054
f 906/2912/1031 994/2913/1121 952/2914/1075
f 907/2692/1015 995/2915/1122 906/2693/1031
f 907/2695/1015 930/2697/1055 995/2916/1122
f 754/2405/947 976/2908/1120 931/2762/1077
f 953/2917/1076 977/2918/1104 930/2919/1055
f 978/2920/1105 977/2921/1104 908/2922/1033
f 978/2923/1105 909/2924/1034 1020/2925/1123
f 979/2926/1124 996/2927/1125 997/2928/1126
f 931/2929/1077 996/2930/1127 979/2931/1128
f 911/2932/1035 996/2930/1127 931/2929/1077
f 875/2557/1004 956/2768/1080 954/2933/1078
f 979/2934/1128 996/2935/1127 831/2936/950
f 979/2937/1128 831/2938/950 931/2939/1077
f 911/2940/1035 831/2936/950 996/2935/1127
f 957/2941/1081 911/2942/1035 998/2943/1129
f 980/2944/1106 999/2945/1130 998/2946/1129
f 911/2942/1035 980/2947/1106 998/2943/1129
f 980/2944/1106 1001/2948/1131 999/2945/1130
f 980/2944/1106 1002/2949/1132 1001/2948/1131
f 910/2773/1036 982/2772/1082 981/2950/1133
f 957/2951/1081 1000/2952/1134 891/2784/1020
f 877/2611/1006 889/2610/1018 932/2953/1032
f 983/2954/1107 1004/2955/1083 1058/2956/1135
f 913/2702/1056 1005/2957/1136 740/2016/838
f 740/2016/838 1005/2957/1136 912/2958/1038
f 983/2959/1107 960/2960/1088 1003/2961/1137
f 983/2962/1107 959/2963/1084 1004/2964/1083
f 1003/2965/1137 960/2966/1088 959/2967/1084
f 856/2968/978 934/2969/1057 1004/2970/1083
f 962/2789/1087 935/2715/1058 984/2971/1138
f 984/2971/1138 935/2715/1058 1008/2972/1139
f 984/2971/1140 1008/2972/1141 1007/2973/1142
f 938/2730/1062 987/2974/1110 1007/2975/1143
f 962/2857/1087 1008/2976/1144 1032/2977/1145
f 984/2978/1138 1008/2976/1144 962/2857/1087
f 879/2732/1007 914/2979/1037 986/2859/1109
f 986/2859/1109 987/2980/1110 938/2730/1062
f 962/2857/1087 1032/2977/1145 894/2858/1023
f 897/2637/1026 988/2865/1111 1011/2981/1146
f 916/2982/1061 939/2983/1063 963/2984/1089
f 986/2985/1109 1012/2986/1147 939/2987/1063
f 670/1552/669 807/2379/922 1014/2988/1148
f 899/2678/1042 1039/2989/1149 870/2499/983
f 247/557/252 1186/2165/894 921/2990/1150
f 704/1778/742 970/2811/1097 969/2810/1096
f 249/661/306 1188/2812/1098 1501/2991/1151
f 971/2813/1099 972/2992/1112 945/2814/1100
f 885/2993/1029 972/2994/1112 971/2995/1099
f 973/2996/1101 989/2997/1113 946/2998/1102
f 972/2999/1112 973/2996/1101 946/2998/1102
f 974/3000/1068 990/3001/1115 947/3002/1114
f 923/3003/1047 991/3004/1116 990/3005/1115
f 990/3005/1115 991/3004/1116 992/3006/1117
f 992/3007/1117 924/2751/1069 925/2684/1048
f 951/3008/1053 929/3009/1054 905/3010/1050
f 952/2910/1075 905/3011/1050 929/2911/1054
f 994/3012/1121 906/3013/1031 1018/3014/1152
f 909/2924/1034 955/3015/1079 1020/2925/1123
f 996/3016/1153 1021/3017/1154 997/3018/1155
f 996/3019/1153 1022/3020/1156 1021/3021/1154
f 996/3022/1153 1024/3023/1157 1022/3024/1156
f 954/3025/1078 956/3026/1080 955/3027/1079
f 997/3028/1155 1024/3029/1157 996/3030/1153
f 997/3018/1155 1021/3017/1154 1024/3031/1157
f 956/3026/1080 981/3032/1133 955/3027/1079
f 931/2762/1077 1054/3033/1158 980/2844/1106
f 910/3034/1036 981/3035/1133 956/3036/1080
f 1021/3017/1154 1026/3037/1159 1024/3031/1157
f 1026/3037/1159 998/3038/1160 1024/3031/1157
f 998/3039/1160 1025/3040/1161 1024/3041/1157
f 1054/3033/1158 1027/3042/1162 980/2844/1106
f 998/2946/1129 999/2945/1130 957/3043/1081
f 998/3039/1163 999/3044/1164 1025/3040/1165
f 957/3045/1081 1001/3046/1131 1000/3047/1134
f 999/2945/1130 1001/2948/1131 957/3043/1081
f 983/3048/1107 981/3049/1133 982/3050/1082
f 983/2959/1107 1058/3051/1135 981/3052/1133
f 1000/2952/1134 958/2782/1085 891/2784/1020
f 1002/2949/1132 1029/3053/1166 1001/2948/1131
f 983/3054/1107 1003/3055/1137 959/3056/1084
f 1002/3057/1132 1030/3058/1167 1029/3059/1166
f 912/2706/1038 1005/3060/1136 913/2707/1056
f 1007/2973/1143 1031/3061/1168 938/2787/1062
f 1008/2972/1139 935/2715/1058 1032/3062/1145
f 935/2715/1058 894/2629/1023 1032/3062/1145
f 1008/2972/1169 1033/3063/1170 1031/3061/1171
f 1008/2972/1141 1031/3061/1172 1007/2973/1142
f 1032/3062/1173 1033/3063/1170 1008/2972/1169
f 936/3064/1059 958/3065/1085 964/3066/1025
f 1007/3067/1143 987/3068/1110 1031/3069/1174
f 1008/2976/1175 1031/3070/1176 1034/3071/1177
f 1008/2976/1175 1034/3071/1177 1032/2977/1173
f 838/2435/957 963/2793/1089 937/2720/1060
f 915/3072/1039 985/3073/1108 963/2984/1089
f 1009/3074/1178 1011/3075/1146 1010/3076/1179
f 1011/3077/1146 988/3078/1111 1010/3079/1179
f 1066/3080/1180 1035/3081/1181 940/2736/1064
f 963/2984/1089 939/2983/1063 1013/3082/1182
f 987/2868/1110 965/2867/1090 1037/3083/1183
f 965/2798/1090 940/2736/1064 1035/3081/1181
f 965/3084/1090 1035/3085/1181 1038/3086/1184
f 897/2637/1026 1011/3087/1146 940/2736/1064
f 939/3088/1063 1012/3089/1147 1013/3090/1182
f 966/2799/1091 807/3091/922 585/1306/566
f 588/1200/509 100/183/98 1113/3092/1185
f 968/2806/1094 649/2580/739 900/3093/1095
f 870/2541/983 1040/3094/1186 822/2388/939
f 247/557/252 921/2990/1150 648/3095/702
f 706/1875/778 1100/3096/1187 871/3097/997
f 250/582/262 1042/3098/1188 902/3099/1189
f 972/3100/1112 1043/3101/1190 945/3102/1100
f 1017/3103/1191 1044/3104/1192 1045/3105/1193
f 754/2405/947 1046/3106/1194 926/2907/1119
f 926/2907/1119 1049/3107/1195 976/2908/1120
f 995/2916/1122 1050/3108/1196 906/2652/1031
f 930/3109/1055 977/3110/1104 1050/3108/1196
f 1052/3111/1197 1022/3112/1156 1053/3113/1198
f 955/3015/1079 1081/3114/1199 1020/2925/1123
f 1021/3115/1154 1022/3116/1156 1052/3117/1197
f 955/3118/1079 981/3052/1133 1082/3119/1200
f 1024/3023/1157 1083/3120/1201 1022/3024/1156
f 1024/3023/1157 1025/3040/1161 1083/3120/1201
f 1025/3040/1161 1026/3121/1159 1083/3120/1201
f 998/3039/1160 1026/3121/1159 1025/3040/1161
f 980/2844/1106 1027/3042/1162 1002/3122/1132
f 1057/3123/1202 1058/3124/1135 1060/3125/1203
f 1000/3126/1134 1059/3127/1204 958/3128/1085
f 958/3128/1085 1059/3127/1204 1029/3053/1166
f 1001/2948/1131 1029/3053/1166 1059/3127/1204
f 1004/3129/1083 1003/3130/1205 1058/3131/1135
f 1060/3132/1203 1006/3133/1206 1084/3134/1207
f 1058/3131/1135 1006/3133/1206 1060/3132/1203
f 1003/3130/1205 1006/3133/1206 1058/3131/1135
f 1003/3130/1205 934/3135/1057 1006/3133/1206
f 1004/3129/1083 934/3135/1057 1003/3130/1205
f 960/3136/1088 934/3137/1057 959/3138/1084
f 960/3139/1088 1006/3140/1206 934/3141/1057
f 1031/3061/1168 1061/3142/1208 938/2787/1062
f 1033/3063/1170 1061/3142/1209 1031/3061/1171
f 1031/3143/1174 1062/3144/1210 1061/3145/1208
f 987/3146/1110 1062/3147/1210 1031/3148/1174
f 1033/3149/1170 1034/3071/1177 1061/3150/1209
f 1031/3070/1176 1061/3150/1209 1034/3071/1177
f 1032/2977/1173 1034/3071/1177 1033/3149/1170
f 861/2495/982 917/2677/1041 855/2482/977
f 1006/3151/1206 1063/3152/1211 1089/3153/1212
f 960/3154/1088 1063/3155/1211 1006/3133/1206
f 960/3154/1088 937/3156/1060 1063/3155/1211
f 937/2720/1060 963/2793/1089 1064/3157/1213
f 964/3158/1025 1065/3159/1214 1036/3160/1215
f 988/3161/1111 1067/3162/1216 1010/3163/1179
f 964/2635/1025 1068/3164/1217 1067/3165/1216
f 964/2635/1025 1036/3166/1215 1068/3164/1217
f 965/2867/1090 1097/3167/1218 1037/3083/1183
f 964/2635/1025 1067/3165/1216 988/2865/1111
f 529/1544/529 903/2603/1017 966/3168/1091
f 1011/3087/1146 1069/3169/1219 940/2736/1064
f 588/1310/509 1113/3170/1185 589/2163/892
f 617/2380/934 1070/3171/1220 1016/3172/1221
f 970/3173/1097 871/3097/997 1100/3096/1187
f 302/537/244 1100/3096/1187 706/1875/778
f 510/1207/514 301/659/304 1041/3174/1222
f 901/2036/844 250/582/262 1072/3175/1223
f 250/582/262 902/3099/1189 1072/3175/1223
f 945/2873/1100 1043/3176/1190 810/2874/1028
f 810/3177/1028 1073/3178/1224 1017/3179/1191
f 1017/3103/1191 1045/3105/1193 810/2644/1028
f 1017/3179/1191 1073/3178/1224 1044/3180/1192
f 972/3100/1112 946/3181/1102 1043/3101/1190
f 1044/3182/1192 1074/3183/1225 1045/3184/1193
f 946/3181/1102 947/3185/1114 1043/3101/1190
f 1074/3186/1225 1075/3187/1226 1045/3188/1193
f 947/3185/1114 990/3189/1115 1043/3101/1190
f 990/3189/1115 992/3007/1117 1076/3190/1227
f 992/3007/1117 925/2684/1048 1076/3190/1227
f 952/2758/1075 1050/3108/1196 905/2686/1050
f 1018/3014/1152 1077/3191/1228 1051/3192/1229
f 995/2916/1122 930/3109/1055 1050/3108/1196
f 976/2908/1120 1054/3033/1158 931/2762/1077
f 1019/3193/1230 1051/3194/1229 1077/3195/1228
f 1077/3196/1228 1079/3197/1231 1019/3198/1230
f 1051/3192/1229 1079/3199/1232 1078/3200/1233
f 1079/3199/1232 1080/3201/1234 1078/3200/1233
f 1051/3194/1229 1080/3202/1235 1079/3203/1232
f 1019/3204/1230 1079/3205/1231 1080/3206/1235
f 1078/3207/1233 1055/3208/1236 978/3209/1105
f 1078/3200/1233 1080/3201/1234 1055/3210/1236
f 1051/3194/1229 1019/3193/1230 1080/3202/1235
f 978/2920/1105 1055/3211/1236 977/2921/1104
f 978/3212/1105 1020/3213/1123 1078/3200/1233
f 1078/3200/1233 1020/3213/1123 1056/3214/1237
f 1023/3215/1238 1056/3216/1237 1020/3217/1123
f 1056/3214/1237 1023/3218/1238 1084/3134/1207
f 1023/3218/1238 1057/3219/1202 1084/3134/1207
f 1058/3051/1135 1085/3220/1239 981/3052/1133
f 1057/3219/1202 1060/3132/1203 1084/3134/1207
f 1084/3221/1207 1006/3151/1206 1086/3222/1240
f 1006/3223/1206 1088/3224/1241 1086/3225/1240
f 933/3226/1242 1087/3227/1243 1221/3228/1244
f 1006/3151/1206 1089/3153/1212 1088/3229/1241
f 1061/3142/1208 1062/3230/1210 938/2787/1062
f 958/2782/1085 1065/3231/1214 964/3232/1025
f 1093/3233/1245 1091/3234/1246 1092/3235/1247
f 1089/3153/1212 1063/3152/1211 1090/3236/1248
f 987/2868/1110 1037/3083/1183 1062/3237/1210
f 937/2720/1060 1091/3238/1246 1063/3239/1211
f 1063/3239/1211 1091/3238/1246 1093/3240/1245
f 940/2736/1064 1098/3241/1249 1066/3080/1180
f 940/3242/1064 1038/3243/1184 1098/3244/1249
f 1013/3245/1182 1094/3246/1250 963/3247/1089
f 1094/3248/1250 1013/3249/1182 1095/3250/1251
f 986/2985/1109 1096/3251/1252 1012/2986/1147
f 965/2867/1090 1099/3252/1253 1097/3167/1218
f 965/2798/1090 1038/3253/1184 1099/3254/1253
f 940/2736/1064 1069/3169/1219 1038/3253/1184
f 617/2380/934 1015/3255/1254 192/413/188
f 617/2380/934 1016/3172/1221 1015/3255/1254
f 99/164/89 589/2163/892 672/1773/738
f 884/3256/1013 422/994/435 675/1673/703
f 250/582/262 810/2644/1028 1042/3098/1188
f 1043/3176/1190 1073/3257/1224 810/2874/1028
f 1076/3190/1227 925/2684/1048 975/3258/1103
f 1047/3259/1255 1048/3260/1256 1102/3261/1257
f 1048/3262/1256 1103/3263/1258 1102/3264/1257
f 905/2686/1050 1104/3265/1259 975/3258/1103
f 1046/3106/1194 1049/3266/1195 926/2907/1119
f 1103/3267/1258 994/3012/1121 1102/3261/1257
f 905/2686/1050 1050/3108/1196 1104/3265/1259
f 976/2908/1120 1049/3107/1195 1121/3268/1260
f 952/3269/1075 994/3270/1121 1050/3271/1196
f 1018/3014/1152 1051/3192/1229 994/3012/1121
f 1079/3205/1231 1077/3272/1228 1080/3206/1234
f 1080/3206/1234 1077/3272/1228 1055/3208/1236
f 1055/3211/1236 1082/3273/1200 977/2921/1104
f 955/3015/1079 1082/3274/1200 1081/3114/1199
f 1020/3275/1123 1105/3276/1261 1023/3277/1238
f 1026/3278/1159 1021/3279/1154 1083/3280/1201
f 1107/3281/1262 1106/3282/1263 1085/3283/1239
f 1002/3284/1132 1108/3285/1264 1030/3286/1167
f 1002/3287/1132 1130/3288/1265 1108/3289/1264
f 1086/3222/1240 1088/3229/1241 1107/3290/1262
f 1107/3281/1262 1092/3235/1247 1106/3282/1263
f 1088/3291/1241 1092/3235/1247 1107/3281/1262
f 1086/3292/1240 1089/3293/1212 1084/3134/1207
f 1086/3294/1240 1092/3295/1247 1089/3296/1212
f 1088/3229/1241 1089/3153/1212 1092/3297/1247
f 1092/3235/1247 1091/3234/1246 1106/3282/1263
f 1089/3296/1212 1110/3298/1266 1109/3299/1267
f 1090/3300/1248 1092/3301/1247 1110/3302/1266
f 1089/3153/1212 1090/3236/1248 1110/3303/1266
f 915/3304/1039 1111/3305/1268 985/3306/1108
f 1090/3307/1248 1112/3308/1269 1109/3309/1267
f 1090/3310/1248 1093/3311/1245 1092/3312/1247
f 1110/3298/1266 1093/3313/1245 1109/3299/1267
f 1109/3299/1267 1093/3313/1245 1090/3314/1248
f 986/2985/1109 914/3315/1037 1096/3251/1252
f 1090/3307/1248 1063/3316/1211 1112/3308/1269
f 1063/3239/1211 1093/3240/1245 1112/3317/1269
f 1035/3081/1181 1066/3080/1180 1097/3318/1218
f 1036/3319/1215 1065/3320/1214 1135/3321/1270
f 1035/3322/1181 1098/3323/1249 1038/3324/1184
f 1095/3325/1251 1013/3326/1182 1012/3327/1147
f 1039/3328/1149 899/2740/1042 1163/3329/1271
f 617/3330/934 167/419/192 1070/3331/1220
f 968/3332/1094 1114/3333/1272 941/3334/1065
f 968/2806/1094 900/3093/1095 1114/3335/1272
f 843/2682/1046 282/1097/469 249/661/306
f 1115/3336/1273 754/2405/947 592/1480/643
f 1073/3178/1224 1074/3186/1225 1044/3180/1192
f 1166/3337/1274 823/2333/924 334/624/284
f 1118/3338/1275 1047/3339/1255 1074/3186/1225
f 1074/3186/1225 1047/3339/1255 1075/3187/1226
f 1043/3101/1190 990/3189/1115 1076/3190/1227
f 1075/3340/1226 1047/3259/1255 1119/3341/1276
f 1119/3341/1276 1047/3259/1255 1120/3342/1277
f 1047/3259/1255 1102/3261/1257 1120/3342/1277
f 1103/3343/1258 1050/3271/1196 994/3270/1121
f 1050/3344/1196 1018/3345/1152 906/3346/1031
f 1124/3347/1278 976/2908/1120 1122/3348/1279
f 994/3012/1121 1051/3192/1229 1125/3349/1280
f 976/2908/1120 1124/3347/1278 1054/3033/1158
f 1051/3192/1229 1078/3200/1233 1125/3349/1280
f 1078/3200/1233 1056/3214/1237 1126/3350/1281
f 977/3110/1104 1082/3119/1200 1127/3351/1282
f 1081/3352/1199 1082/3353/1200 1055/3354/1236
f 1053/3355/1198 1022/3356/1156 1128/3357/1283
f 1128/3357/1283 1022/3356/1156 1083/3358/1201
f 1081/3359/1199 1105/3276/1261 1020/3275/1123
f 1027/3042/1162 1054/3033/1158 1124/3347/1278
f 1052/3360/1197 1129/3361/1284 1021/3362/1154
f 1082/3119/1200 981/3052/1133 1127/3351/1282
f 1126/3350/1281 1056/3214/1237 1084/3134/1207
f 1130/3363/1265 1002/3122/1132 1027/3042/1162
f 1131/3364/1285 1058/3365/1135 1057/3366/1202
f 1087/3367/1243 933/3368/1242 1028/3369/1286
f 1133/3370/1287 958/3371/1085 1132/3372/1288
f 1132/3372/1288 958/3371/1085 1029/3059/1166
f 1221/3228/1244 1028/3373/1286 933/3226/1242
f 1135/3374/1270 1030/3375/1167 1108/3376/1264
f 1137/3377/1289 914/2788/1037 938/2787/1062
f 1137/3377/1289 938/2787/1062 1062/3230/1210
f 1133/3378/1287 1065/3231/1214 958/2782/1085
f 1135/3379/1270 1133/3380/1287 1030/3381/1167
f 1089/3293/1212 1109/3309/1267 1084/3134/1207
f 1084/3134/1207 1109/3309/1267 1112/3308/1269
f 1136/3382/1290 1138/3383/1291 961/3384/1086
f 1138/3383/1291 915/3304/1039 961/3384/1086
f 1138/3383/1291 1111/3305/1268 915/3304/1039
f 1110/3385/1266 1112/3317/1269 1093/3240/1245
f 1010/3163/1179 1067/3162/1216 1223/3386/1292
f 1064/3157/1213 963/2793/1089 1140/3387/1293
f 1140/3387/1293 963/2793/1089 1094/3388/1250
f 1097/3389/1218 1098/3323/1249 1035/3322/1181
f 1099/3254/1253 1038/3253/1184 1141/3390/1294
f 1141/3390/1294 1038/3253/1184 1069/3169/1219
f 1142/3391/1295 807/3091/922 966/2799/1091
f 1014/3392/1148 318/711/321 670/3393/669
f 1144/3394/1296 969/2810/1096 970/2811/1097
f 810/2644/1028 1045/3105/1193 1116/3395/1297
f 1073/3396/1224 1043/3397/1190 1074/3398/1225
f 1075/3340/1226 1117/3399/1298 1045/3105/1193
f 1043/3397/1190 1076/3400/1227 1074/3398/1225
f 1074/3398/1225 1076/3400/1227 1118/3401/1275
f 503/1278/552 1166/3337/1274 334/624/284
f 1076/3190/1227 975/3258/1103 1146/3402/1299
f 1102/3261/1257 994/3012/1121 1120/3342/1277
f 1049/3403/1195 1148/3404/1300 1121/3405/1260
f 1123/3406/1301 1050/3407/1196 1103/3408/1258
f 1121/3409/1260 1122/3410/1279 976/3411/1120
f 1123/3412/1301 1018/3345/1152 1050/3344/1196
f 1018/3413/1152 1123/3414/1301 1077/3272/1228
f 1169/3415/1302 1149/3416/1303 1124/3347/1278
f 1125/3349/1280 1078/3200/1233 1126/3350/1281
f 1149/3416/1303 1150/3417/1304 1124/3347/1278
f 1077/3272/1228 1081/3359/1199 1055/3208/1236
f 1053/3355/1198 1128/3357/1283 1052/3418/1197
f 1128/3419/1283 1129/3420/1284 1052/3421/1197
f 1105/3276/1261 1057/3422/1202 1023/3277/1238
f 1127/3351/1282 981/3052/1133 1152/3423/1305
f 981/3052/1133 1085/3220/1239 1152/3423/1305
f 1131/3424/1285 1085/3283/1239 1058/3425/1135
f 1108/3426/1264 1130/3427/1265 1154/3428/1306
f 1086/3294/1240 1155/3429/1307 1092/3295/1247
f 1133/3430/1287 1135/3431/1270 1156/3432/1308
f 1092/3295/1247 1155/3429/1307 1110/3298/1266
f 1106/3433/1263 1091/3434/1246 1134/3435/1309
f 1134/3436/1309 1091/3437/1246 1181/3438/1310
f 1091/3238/1246 1064/3157/1213 1181/3439/1310
f 1091/3238/1246 937/2720/1060 1064/3157/1213
f 1138/3440/1291 1159/3441/1311 1094/3388/1250
f 1062/3442/1210 1037/3443/1183 1158/3444/1312
f 1036/3445/1215 1135/3446/1270 1160/3447/1313
f 1094/3448/1250 1159/3449/1311 1140/3450/1293
f 1036/3166/1215 1161/3451/1314 1068/3164/1217
f 1160/3452/1313 1161/3451/1314 1036/3166/1215
f 1097/3453/1218 1099/3454/1253 1162/3455/1315
f 1142/3456/1295 1014/2988/1148 807/2379/922
f 918/2870/1093 898/2639/1027 1143/3457/1316
f 1039/2989/1149 1163/3458/1271 870/2499/983
f 1114/3459/1272 1185/3460/1317 941/2742/1065
f 941/2742/1065 1185/3460/1317 942/2744/1066
f 810/2644/1028 1101/3461/1318 1042/3098/1188
f 810/2644/1028 1116/3395/1297 1101/3461/1318
f 1116/3395/1297 1045/3105/1193 1145/3462/1319
f 1045/3105/1193 1117/3399/1298 1145/3462/1319
f 754/2405/947 1115/3336/1273 1046/3106/1194
f 1075/3340/1226 1119/3341/1276 1117/3399/1298
f 1076/3463/1227 1146/3464/1299 1118/3465/1275
f 1048/3262/1256 1147/3466/1320 1103/3263/1258
f 975/3258/1103 1104/3265/1259 1146/3402/1299
f 1147/3466/1320 1123/3414/1301 1103/3263/1258
f 503/1278/552 632/2839/714 1166/3337/1274
f 1148/3467/1300 1122/3468/1279 1121/3469/1260
f 1122/3348/1279 1169/3415/1302 1124/3347/1278
f 977/3110/1104 1127/3351/1282 1050/3108/1196
f 1170/3470/1321 1129/3471/1284 1171/3472/1322
f 1129/3471/1284 1128/3473/1283 1171/3472/1322
f 1077/3272/1228 1105/3276/1261 1081/3359/1199
f 1021/3279/1154 1151/3474/1323 1083/3280/1201
f 1084/3134/1207 1153/3475/1324 1126/3350/1281
f 1000/3476/1134 1173/3477/1325 1059/3478/1204
f 1107/3479/1262 1085/3480/1239 1131/3481/1285
f 1029/3059/1166 1030/3058/1167 1132/3372/1288
f 1131/3482/1285 1174/3483/1326 1107/3484/1262
f 1107/3484/1262 1174/3483/1326 1086/3294/1240
f 1086/3485/1240 1174/3486/1326 1176/3487/1327
f 1086/3294/1240 1176/3488/1327 1155/3429/1307
f 1133/3489/1287 1156/3490/1308 1065/3491/1214
f 1084/3134/1207 1112/3308/1269 1153/3475/1324
f 1108/3492/1264 1180/3493/1328 1135/3431/1270
f 1108/3426/1264 1154/3428/1306 1180/3494/1328
f 914/3315/1037 1177/3495/1329 1096/3251/1252
f 1065/3159/1214 1179/3496/1330 1135/3497/1270
f 1134/3436/1309 1181/3438/1310 1178/3498/1331
f 1094/3388/1250 1095/3499/1251 1138/3440/1291
f 1096/3251/1252 1177/3495/1329 1157/3500/1332
f 1177/3495/1329 1182/3501/1333 1157/3500/1332
f 1157/3502/1334 1182/3503/1335 1158/3504/1336
f 1182/3503/1337 1062/3505/1210 1158/3504/1312
f 1157/3500/1332 1182/3501/1338 1096/3251/1252
f 1158/3506/1312 1037/3507/1183 1182/3508/1339
f 1066/3080/1180 1362/3509/1340 1097/3318/1218
f 1066/3080/1180 1098/3241/1249 1139/3510/1341
f 148/369/165 1183/3511/1342 168/417/191
f 918/2801/1093 1143/3512/1316 591/2030/777
f 167/419/192 1184/3513/1343 1070/3331/1220
f 899/2740/1042 1164/3514/1344 1163/3329/1271
f 899/2740/1042 921/3515/1150 1164/3514/1344
f 899/2740/1042 648/3516/702 921/3515/1150
f 672/1773/738 1186/3517/894 131/3518/129
f 822/2388/939 1209/3519/1345 884/2578/1013
f 532/1091/463 1187/3520/1346 900/2809/1095
f 942/2745/1066 1188/3521/1098 943/2746/513
f 970/3173/1097 1100/3096/1187 1144/3522/1296
f 1047/3339/1255 1118/3338/1275 1048/3262/1256
f 1118/3338/1275 1147/3466/1320 1048/3262/1256
f 1046/3523/1194 1189/3524/1347 1167/3525/1348
f 1046/3106/1194 1191/3526/1349 1049/3266/1195
f 1120/3342/1277 994/3012/1121 1190/3527/1350
f 1049/3528/1195 1280/3529/1351 1148/3530/1300
f 1148/3531/1300 1280/3532/1351 1168/3533/1352
f 994/3012/1121 1192/3534/1353 1190/3527/1350
f 1148/3531/1300 1168/3533/1352 1122/3348/1279
f 1050/3108/1196 1127/3351/1282 1104/3265/1259
f 994/3012/1121 1193/3535/1354 1192/3534/1353
f 994/3012/1121 1125/3349/1280 1193/3535/1354
f 1077/3272/1228 1123/3414/1301 1105/3276/1261
f 1027/3042/1162 1124/3347/1278 1196/3536/1355
f 1129/3361/1284 1151/3537/1323 1021/3362/1154
f 1128/3538/1283 1083/3120/1201 1195/3539/1356
f 1105/3276/1261 1172/3540/1357 1057/3422/1202
f 1085/3220/1239 1197/3541/1358 1152/3423/1305
f 1106/3542/1263 1197/3543/1358 1085/3544/1239
f 1106/3545/1263 1175/3546/1359 1197/3547/1358
f 1154/3548/1306 1130/3549/1265 1198/3550/1360
f 1178/3498/1331 1175/3551/1359 1134/3436/1309
f 1106/3552/1263 1134/3553/1309 1175/3554/1359
f 1135/3431/1270 1198/3550/1361 1156/3432/1308
f 1135/3555/1270 1179/3556/1330 1198/3557/1361
f 1177/3558/1329 1200/3559/1362 1182/3503/1333
f 1182/3503/1337 1201/3560/1363 1062/3505/1210
f 1182/3503/1337 1200/3559/1362 1201/3560/1363
f 1009/3561/1178 1069/3562/1219 1011/3563/1146
f 1180/3564/1328 1202/3565/1364 1135/3446/1270
f 1110/3566/1266 1199/3567/1365 1112/3568/1269
f 1182/3508/1338 1200/3569/1366 1096/3570/1252
f 1096/3251/1252 1200/3571/1366 1204/3572/1367
f 1037/3507/1183 1204/3573/1367 1182/3508/1339
f 1182/3508/1339 1204/3573/1367 1200/3569/1366
f 1097/3318/1218 1205/3574/1368 1037/3507/1183
f 1097/3318/1218 1362/3509/1340 1205/3574/1368
f 1139/3510/1341 1362/3509/1340 1066/3080/1180
f 1160/3447/1313 1135/3446/1270 1202/3565/1364
f 1161/3451/1314 1206/3575/1369 1068/3164/1217
f 1097/3389/1218 1162/3576/1315 1207/3577/1370
f 1207/3577/1370 1098/3323/1249 1097/3389/1218
f 1099/3254/1253 1393/3578/1371 1162/3579/1315
f 1099/3254/1253 1141/3390/1294 1208/3580/1372
f 100/183/98 1238/3581/1373 1113/3092/1185
f 167/419/192 591/1869/777 1184/3513/1343
f 1163/3458/1271 1040/3582/1186 870/2499/983
f 1101/3461/1318 1116/3395/1297 1210/3583/1374
f 1189/3524/1347 1247/3584/1375 1167/3525/1348
f 1046/3585/1194 1167/3586/1348 1191/3587/1349
f 1211/3588/1376 1168/3589/1352 1212/3590/1377
f 1211/3591/1376 1249/3592/1378 1168/3593/1352
f 1168/3594/1352 1249/3595/1378 1122/3596/1279
f 1122/3348/1279 1212/3597/1377 1169/3415/1302
f 1212/3597/1377 1213/3598/1379 1169/3415/1302
f 1252/3599/1380 1214/3600/1381 1253/3601/1382
f 1213/3602/1379 1253/3603/1383 1214/3604/1384
f 1214/3604/1384 1169/3605/1302 1213/3602/1379
f 1214/3604/1384 1215/3606/1385 1169/3605/1302
f 632/2839/714 855/2482/977 1216/3607/1386
f 1170/3608/1321 1194/3609/1387 1129/3361/1284
f 1218/3610/1388 1258/3611/1389 1284/3612/1390
f 1124/3613/1278 1258/3614/1391 1218/3615/1392
f 1124/3613/1278 1218/3615/1392 1196/3616/1355
f 1128/3538/1283 1219/3617/1393 1217/3618/1394
f 1129/3361/1284 1194/3609/1387 1151/3537/1323
f 1128/3538/1283 1195/3539/1356 1219/3617/1393
f 1151/3474/1323 1195/3619/1356 1083/3280/1201
f 1126/3350/1281 1153/3475/1324 1220/3620/1395
f 1059/3621/1204 1173/3622/1325 1001/3623/1131
f 1027/3042/1162 1196/3536/1355 1130/3363/1265
f 1130/3549/1265 1222/3624/1396 1198/3550/1360
f 1130/3549/1265 1224/3625/1397 1222/3624/1396
f 914/2788/1037 1137/3377/1289 1177/3626/1329
f 1010/3627/1179 1223/3628/1292 1009/3629/1178
f 1198/3557/1361 1179/3556/1330 1222/3630/1398
f 1198/3550/1361 1222/3624/1398 1156/3432/1308
f 1198/3631/1360 1224/3632/1397 1154/3633/1306
f 1198/3631/1360 1222/3634/1396 1224/3632/1397
f 1153/3475/1324 1112/3308/1269 1203/3635/1399
f 1155/3429/1307 1199/3636/1365 1110/3298/1266
f 1138/3383/1291 1226/3637/1400 1111/3305/1268
f 1065/3159/1214 1156/3638/1308 1179/3496/1330
f 1180/3639/1328 1225/3640/1401 1179/3641/1330
f 1138/3642/1291 1095/3643/1251 1226/3644/1400
f 1177/3495/1329 1201/3645/1363 1200/3571/1362
f 1064/3157/1213 1140/3387/1293 1181/3439/1310
f 1199/3646/1365 1230/3647/1402 1112/3648/1269
f 1096/3251/1252 1204/3649/1367 1012/3650/1147
f 1067/3162/1216 1232/3651/1403 1223/3386/1292
f 1202/3565/1364 1233/3652/1404 1160/3447/1313
f 1229/3653/1405 1233/3654/1404 1202/3655/1364
f 1159/3449/1311 1231/3656/1406 1140/3450/1293
f 1207/3657/1370 1236/3658/1407 1098/3659/1249
f 903/2603/1017 1237/3660/1408 966/3168/1091
f 1012/3661/1147 1235/3662/1409 1095/3663/1251
f 1099/3254/1253 1208/3580/1372 1393/3578/1371
f 1141/3664/1294 1207/3665/1370 1208/3666/1372
f 1141/3667/1294 1236/3668/1407 1207/3669/1370
f 1040/3094/1186 1209/3519/1345 822/2388/939
f 969/2810/1096 1239/3670/1410 944/2747/1067
f 301/659/304 901/2036/844 1071/3671/1411
f 592/1480/643 1295/3672/1412 1115/3336/1273
f 1042/3098/1188 1101/3461/1318 1241/3673/1413
f 1101/3461/1318 1243/3674/1414 1242/3675/1415
f 1101/3461/1318 1244/3676/1416 1243/3674/1414
f 1101/3461/1318 1210/3583/1374 1244/3676/1416
f 1119/3677/1276 1120/3678/1277 1246/3679/1417
f 1118/3680/1275 1146/3681/1299 1147/3682/1320
f 1146/3681/1299 1104/3683/1259 1147/3682/1320
f 1212/3684/1377 1249/3685/1378 1211/3686/1376
f 1147/3682/1320 1104/3683/1259 1123/3687/1301
f 1211/3688/1418 1250/3689/1419 1249/3690/1420
f 1249/3691/1378 1212/3692/1377 1122/3693/1279
f 1104/3683/1259 1127/3694/1282 1123/3687/1301
f 1192/3534/1353 1193/3535/1354 1251/3695/1421
f 1213/3696/1379 1215/3697/1385 1253/3698/1383
f 1214/3699/1384 1253/3700/1383 1215/3701/1385
f 1169/3415/1302 1215/3702/1385 1149/3416/1303
f 1126/3703/1281 1255/3704/1422 1125/3705/1280
f 1123/3687/1301 1127/3694/1282 1105/3706/1261
f 1128/3707/1283 1217/3708/1394 1171/3709/1322
f 1284/3710/1423 1258/3711/1424 1283/3712/1425
f 1124/3713/1278 1256/3714/1426 1258/3715/1391
f 1124/3713/1278 1257/3716/1427 1256/3714/1426
f 1124/3713/1278 1150/3717/1304 1257/3716/1427
f 1218/3615/1392 1256/3718/1428 1196/3616/1355
f 1218/3615/1392 1258/3614/1429 1256/3718/1428
f 1127/3694/1282 1152/3719/1305 1105/3706/1261
f 1105/3706/1261 1152/3719/1305 1172/3720/1357
f 1001/3623/1131 1173/3622/1325 1000/3721/1134
f 1196/3536/1355 1259/3722/1430 1130/3363/1265
f 1030/3723/1167 1133/3724/1287 1132/3725/1288
f 1179/3726/1330 1225/3727/1401 1222/3728/1398
f 1222/3624/1398 1225/3729/1401 1156/3432/1308
f 1259/3730/1430 1180/3731/1328 1154/3732/1306
f 1179/3496/1330 1202/3733/1364 1180/3734/1328
f 1180/3493/1328 1260/3735/1431 1225/3729/1401
f 1201/3560/1363 1137/3736/1289 1062/3505/1210
f 1095/3499/1251 1228/3737/1432 1226/3738/1400
f 1112/3568/1269 1264/3739/1433 1203/3740/1399
f 1112/3568/1269 1230/3741/1402 1264/3739/1433
f 1262/3742/1434 1230/3743/1402 1199/3744/1365
f 1229/3745/1405 1265/3746/1435 1233/3747/1404
f 1263/3748/1436 1265/3746/1435 1229/3745/1405
f 1204/3649/1367 1266/3749/1437 1012/3650/1147
f 1233/3750/1404 1161/3751/1314 1268/3752/1438
f 1012/3661/1147 1266/3753/1437 1235/3662/1409
f 1141/3390/1294 1069/3169/1219 1327/3754/1439
f 1160/3452/1313 1268/3755/1438 1161/3451/1314
f 1185/3756/1317 1269/3757/1440 942/3758/1066
f 1269/3759/1440 1270/3760/1441 942/3761/1066
f 1269/3759/1440 1271/3762/1442 1270/3760/1441
f 1188/2812/1098 942/3761/1066 1270/3760/1441
f 1144/3394/1296 1273/3763/1443 969/2810/1096
f 969/2810/1096 1273/3763/1443 1239/3670/1410
f 901/2036/844 1072/3175/1223 1240/3764/1444
f 344/998/440 1295/3672/1412 592/1480/643
f 271/826/370 619/2334/925 903/2603/1017
f 1116/3395/1297 1145/3462/1319 1274/3765/1445
f 1117/3766/1298 1119/3767/1276 1245/3768/1446
f 1119/3767/1276 1303/3769/1447 1245/3768/1446
f 1115/3336/1273 1189/3770/1347 1046/3106/1194
f 1246/3679/1417 1120/3678/1277 1278/3771/1448
f 1190/3772/1350 1279/3773/1449 1120/3678/1277
f 1191/3774/1349 1247/3775/1375 1189/3776/1347
f 1189/3770/1347 1280/3532/1351 1191/3777/1349
f 1168/3533/1352 1280/3532/1351 1212/3597/1377
f 632/2839/714 1216/3607/1386 1166/3337/1274
f 1280/3532/1351 1213/3598/1379 1212/3597/1377
f 1193/3778/1354 1281/3779/1450 1251/3780/1421
f 1125/3705/1280 1254/3781/1451 1193/3778/1354
f 1171/3782/1322 1282/3783/1452 1170/3784/1321
f 1256/3714/1453 1285/3785/1454 1258/3715/1455
f 1257/3716/1427 1286/3786/1456 1256/3714/1426
f 1256/3714/1453 1286/3786/1457 1285/3785/1454
f 1258/3787/1458 1284/3788/1459 1285/3789/1460
f 1256/3718/1428 1286/3790/1456 1196/3616/1355
f 1196/3616/1355 1286/3790/1456 1257/3791/1427
f 1196/3536/1355 1257/3792/1427 1259/3722/1430
f 1057/3366/1202 1172/3793/1357 1131/3364/1285
f 1153/3794/1324 1203/3795/1399 1287/3796/1461
f 1287/3796/1461 1203/3795/1399 1288/3797/1462
f 1224/3632/1397 1289/3798/1463 1154/3633/1306
f 1259/3730/1430 1290/3799/1464 1180/3731/1328
f 1179/3496/1330 1260/3800/1431 1202/3733/1364
f 1180/3493/1328 1290/3801/1464 1260/3735/1431
f 1138/3802/1291 1136/3803/1290 1159/3804/1311
f 1156/3638/1308 1260/3800/1431 1179/3496/1330
f 1098/3805/1249 1236/3806/1407 1139/3807/1341
f 1140/3387/1293 1318/3808/1465 1181/3439/1310
f 1069/3562/1219 1009/3561/1178 1234/3809/1466
f 1095/3325/1251 1235/3810/1409 1228/3811/1432
f 1067/3162/1216 1267/3812/1467 1232/3651/1403
f 1268/3813/1438 1291/3814/1468 1233/3815/1404
f 1233/3816/1404 1291/3817/1468 1160/3818/1313
f 1067/3819/1216 1068/3820/1217 1267/3821/1467
f 1268/3822/1469 1292/3823/1470 1291/3824/1471
f 1160/3452/1313 1291/3825/1468 1268/3755/1438
f 148/369/165 967/2800/1092 1183/3511/1342
f 168/417/191 1183/3511/1342 532/3826/463
f 1114/3335/1272 900/3093/1095 1185/3827/1317
f 1270/3828/1441 1271/3829/1442 1188/3521/1098
f 1270/3830/1472 1272/3831/1473 1271/3832/1474
f 301/659/304 1293/3833/1475 1041/3174/1222
f 302/537/244 259/623/283 1294/3834/1476
f 1101/3835/1318 1296/3836/1477 1241/3837/1413
f 1101/3838/1318 1242/3839/1415 1297/3840/1478
f 1244/3841/1416 1210/3842/1374 1300/3843/1479
f 1145/3844/1319 1275/3845/1480 1274/3846/1445
f 1117/3766/1298 1245/3768/1446 1302/3847/1481
f 1119/3848/1276 1277/3849/1482 1303/3850/1447
f 1115/3336/1273 1276/3851/1483 1189/3770/1347
f 1119/3852/1276 1246/3853/1417 1304/3854/1484
f 1120/3855/1277 1305/3856/1485 1278/3857/1448
f 1167/3586/1348 1306/3858/1486 1191/3587/1349
f 1191/3587/1349 1306/3858/1486 1247/3859/1375
f 1280/3529/1351 1049/3528/1195 1307/3860/1487
f 1251/3780/1421 1339/3861/1488 1192/3862/1353
f 1150/3417/1304 1149/3416/1303 1215/3702/1385
f 1172/3540/1357 1174/3863/1326 1131/3864/1285
f 1028/3865/1286 1221/3866/1244 1309/3867/1489
f 1224/3625/1397 1311/3868/1490 1312/3869/1491
f 1130/3549/1265 1311/3868/1490 1224/3625/1397
f 1130/3549/1265 1259/3870/1430 1311/3868/1490
f 1174/3871/1326 1310/3872/1492 1176/3873/1327
f 985/2855/1108 1111/3874/1268 961/2785/1086
f 1156/3432/1308 1225/3729/1401 1358/3875/1493
f 1224/3632/1397 1312/3876/1491 1289/3798/1463
f 1154/3633/1306 1289/3798/1463 1259/3877/1430
f 1178/3878/1331 1181/3879/1310 1313/3880/1494
f 1155/3429/1307 1315/3881/1495 1199/3636/1365
f 1156/3882/1308 1314/3883/1496 1316/3884/1497
f 1159/3885/1311 1111/3305/1268 1226/3637/1400
f 1156/3638/1308 1316/3886/1497 1260/3800/1431
f 1199/3887/1365 1356/3888/1498 1262/3889/1434
f 1199/3887/1365 1315/3890/1495 1356/3888/1498
f 1262/3889/1434 1356/3888/1498 1317/3891/1499
f 1230/3741/1402 1262/3892/1434 1317/3893/1499
f 1264/3739/1433 1230/3741/1402 1320/3894/1500
f 1320/3894/1500 1230/3741/1402 1317/3893/1499
f 1162/3895/1315 1321/3896/1501 1207/3897/1370
f 1208/3898/1372 1207/3899/1370 1363/3900/1502
f 1206/3901/1369 1322/3902/1503 1068/3903/1217
f 1291/3904/1504 1323/3905/1505 1324/3906/1506
f 1069/3562/1219 1234/3809/1466 1327/3907/1439
f 1068/3820/1217 1322/3908/1503 1267/3821/1467
f 1291/3824/1471 1292/3823/1470 1325/3909/1507
f 1291/3824/1504 1325/3909/1508 1323/3910/1505
f 1291/3911/1504 1324/3912/1506 1325/3913/1508
f 1141/3390/1294 1326/3914/1509 1236/3915/1407
f 1141/3390/1294 1327/3754/1439 1326/3914/1509
f 1238/3581/1373 100/183/98 781/2164/893
f 1185/3916/1317 1329/3917/1510 1328/3918/1511
f 1185/3916/1317 900/2809/1095 1329/3917/1510
f 1330/3919/1512 944/2747/1067 1239/3670/1410
f 1101/3838/1318 1297/3840/1478 1296/3836/1477
f 1299/3920/1513 1243/3921/1414 1331/3922/1514
f 1302/3923/1481 1301/3924/1515 1117/3925/1298
f 1303/3769/1447 1332/3926/1516 1245/3768/1446
f 1119/3852/1276 1304/3854/1484 1333/3927/1517
f 1276/3851/1483 1381/3928/1518 1189/3770/1347
f 1120/3929/1277 1279/3930/1449 1336/3931/1519
f 1189/3770/1347 1381/3928/1518 1280/3532/1351
f 1279/3932/1449 1190/3527/1350 1335/3933/1520
f 1335/3933/1520 1190/3527/1350 1337/3934/1521
f 1191/3935/1349 1248/3936/1522 1049/3937/1195
f 1248/3938/1522 1307/3860/1487 1049/3528/1195
f 1190/3939/1350 1192/3862/1353 1338/3940/1523
f 1280/3532/1351 1215/3702/1385 1213/3598/1379
f 1251/3941/1421 1340/3942/1524 1339/3943/1488
f 1251/3944/1421 1341/3945/1525 1340/3946/1524
f 1251/3947/1421 1281/3948/1450 1341/3949/1525
f 1193/3950/1354 1343/3951/1526 1281/3952/1450
f 1193/3953/1354 1254/3954/1451 1342/3955/1527
f 1171/3956/1322 1217/3957/1394 1282/3958/1452
f 1255/3959/1422 1345/3960/1528 1125/3961/1280
f 1153/3475/1324 1348/3962/1529 1220/3620/1395
f 1153/3475/1324 1349/3963/1530 1348/3962/1529
f 1257/3792/1427 1150/3417/1304 1259/3722/1430
f 1152/3964/1305 1197/3965/1358 1172/3966/1357
f 1172/3966/1357 1197/3965/1358 1174/3967/1326
f 1197/3547/1358 1175/3546/1359 1310/3968/1492
f 1028/3969/1286 1351/3970/1531 1087/3971/1243
f 1351/3972/1532 1309/3973/1533 1350/3974/1534
f 1351/3972/1531 1028/3369/1286 1309/3973/1489
f 1175/3975/1359 1178/3878/1331 1310/3976/1492
f 1311/3868/1490 1352/3977/1535 1312/3869/1491
f 1312/3869/1536 1352/3977/1537 1353/3978/1538
f 1087/3227/1243 1351/3979/1531 1221/3228/1244
f 1351/3979/1531 1309/3980/1489 1221/3228/1244
f 1176/3981/1327 1178/3982/1331 1313/3983/1494
f 961/2785/1086 1111/3874/1268 1136/3984/1290
f 1225/3729/1401 1260/3735/1431 1358/3875/1493
f 1312/3876/1491 1352/3985/1539 1289/3798/1463
f 1261/3986/1540 1354/3987/1541 1203/3988/1399
f 1181/3879/1310 1356/3989/1542 1313/3880/1494
f 1316/3884/1497 1314/3883/1496 1357/3990/1543
f 1316/3991/1497 1357/3992/1543 1358/3993/1493
f 1315/3881/1495 1355/3994/1544 1320/3995/1500
f 1315/3890/1495 1359/3996/1545 1356/3888/1498
f 1388/3997/1546 1359/3996/1545 1315/3890/1495
f 1359/3996/1547 1317/3891/1499 1356/3888/1498
f 1159/3998/1311 1226/3738/1400 1319/3999/1548
f 1223/4000/1292 1232/4001/1403 1227/4002/1549
f 1357/4003/1550 1360/4004/1551 1206/3901/1369
f 1206/4005/1369 1361/4006/1552 1357/4007/1550
f 1161/3451/1314 1361/4008/1552 1206/3575/1369
f 1229/4009/1405 1202/3733/1364 1263/4010/1436
f 1203/3740/1399 1264/3739/1433 1261/4011/1540
f 1315/4012/1495 1320/4013/1500 1388/4014/1546
f 1388/4014/1546 1317/4015/1499 1359/4016/1547
f 1388/4014/1546 1320/4013/1500 1317/4015/1499
f 1319/4017/1548 1231/3656/1406 1159/3449/1311
f 1321/3896/1501 1362/4018/1553 1207/3897/1370
f 1362/4018/1553 1363/4019/1502 1207/3897/1370
f 1161/4020/1314 1233/4021/1404 1364/4022/1554
f 1208/4023/1372 1363/4024/1502 1236/4025/1407
f 1206/3901/1369 1360/4004/1551 1322/3902/1503
f 1140/3387/1293 1231/4026/1406 1365/4027/1555
f 1266/3749/1437 1366/4028/1556 1235/4029/1409
f 1325/4030/1508 1367/4031/1557 1323/4032/1505
f 1325/3913/1508 1324/3912/1506 1367/4033/1557
f 1209/3519/1345 1165/4034/1558 884/2578/1013
f 900/2809/1095 1187/3520/1346 1329/3917/1510
f 1271/4035/1442 1269/4036/1440 1188/4037/1098
f 1559/4038/1559 809/2583/923 533/2035/843
f 1273/4039/1443 1144/3522/1296 1100/3096/1187
f 1293/3833/1475 301/659/304 1071/3671/1411
f 259/623/283 823/2333/924 1773/4040/1560
f 1042/3098/1188 1241/3673/1413 1368/4041/1561
f 1369/4042/1562 1242/4043/1415 1243/4044/1414
f 1243/4045/1414 1299/4046/1513 1394/4047/1563
f 1331/4048/1564 1371/4049/1565 1370/4050/1566
f 1299/4051/1513 1331/4052/1514 1370/4053/1567
f 1370/4053/1567 1331/4052/1514 1243/4054/1414
f 1243/3674/1414 1244/3676/1416 1372/4055/1568
f 1375/4056/1569 1275/4057/1480 1145/4058/1319
f 1333/4059/1517 1277/4060/1482 1119/4061/1276
f 1377/4062/1570 1246/4063/1417 1278/4064/1448
f 1305/4065/1485 1120/3678/1277 1378/4066/1571
f 1379/4067/1572 1167/4068/1348 1247/4069/1375
f 1120/3678/1277 1336/4070/1519 1378/4066/1571
f 1378/4071/1573 1380/4072/1574 1336/4073/1575
f 1378/4066/1571 1336/4070/1519 1279/4074/1449
f 1379/4075/1572 1404/4076/1576 1167/3586/1348
f 1191/4077/1349 1280/4078/1351 1307/4079/1487
f 1382/4080/1577 1192/4081/1353 1339/4082/1488
f 1342/4083/1527 1343/3951/1526 1193/3950/1354
f 1344/4084/1578 1254/4085/1451 1125/4086/1280
f 1282/4087/1452 1194/3609/1387 1170/3608/1321
f 1344/4088/1578 1125/3961/1280 1345/3960/1528
f 1255/4089/1422 1346/4090/1579 1345/4091/1528
f 1282/4087/1452 1217/4092/1394 1194/3609/1387
f 1255/4093/1422 1126/4094/1281 1383/4095/1580
f 1126/4096/1281 1220/4097/1395 1383/4098/1580
f 1348/4099/1529 1308/4100/1581 1220/4101/1395
f 1349/4102/1530 1153/4103/1324 1287/4104/1461
f 1310/3968/1492 1174/4105/1326 1197/3547/1358
f 1384/4106/1582 1352/3977/1535 1311/3868/1490
f 1353/3978/1538 1352/3977/1537 1384/4106/1583
f 1310/4107/1492 1178/4108/1331 1176/4109/1327
f 1384/4110/1582 1289/4111/1463 1352/4112/1539
f 1289/3798/1463 1311/4113/1490 1259/3877/1430
f 1385/4114/1584 1315/4115/1495 1155/4116/1307
f 1288/3797/1462 1203/3795/1399 1385/4117/1585
f 1385/4118/1584 1355/4119/1544 1315/4120/1495
f 1386/4121/1586 1260/3735/1431 1290/3801/1464
f 1389/4122/1587 1357/4003/1543 1314/4123/1496
f 1389/4124/1587 1358/3993/1493 1357/3992/1543
f 1387/4125/1588 1261/4126/1540 1459/4127/1589
f 1388/4128/1590 1313/3880/1494 1359/4129/1591
f 1359/4129/1591 1313/3880/1494 1356/3989/1542
f 1356/3989/1542 1181/3879/1310 1359/4129/1592
f 1319/3999/1548 1226/3738/1400 1228/3737/1432
f 1389/4122/1593 1360/4004/1551 1357/4003/1550
f 1389/4130/1593 1357/4131/1550 1361/4008/1552
f 1386/4132/1594 1263/4010/1436 1202/3733/1364
f 1390/4133/1595 1265/4134/1435 1263/4135/1436
f 1361/4008/1552 1161/4020/1314 1364/4022/1554
f 1326/3914/1509 1208/3580/1372 1236/3915/1407
f 1324/4136/1506 1265/4137/1435 1390/4138/1595
f 1367/4139/1557 1324/4140/1506 1390/4141/1595
f 883/2869/1012 192/413/188 1015/3255/1254
f 1328/4142/1511 1269/3759/1440 1185/4143/1317
f 422/994/435 884/3256/1013 1165/4144/1558
f 1369/4145/1562 1243/4045/1414 1394/4047/1563
f 1299/4046/1513 1395/4146/1596 1394/4047/1563
f 1299/4051/1513 1370/4053/1567 1395/4147/1596
f 1372/4148/1568 1395/4149/1596 1243/3921/1414
f 1243/4054/1414 1395/4147/1596 1370/4053/1567
f 1372/4150/1568 1244/4151/1416 1396/4152/1597
f 1244/4153/1416 1300/4154/1479 1396/4155/1597
f 1210/4156/1374 1373/4157/1598 1300/4158/1479
f 1373/4159/1598 1210/4160/1374 1397/4161/1599
f 1116/4162/1297 1398/4163/1600 1374/4164/1601
f 1398/4165/1600 1116/4166/1297 1274/4167/1445
f 1275/3845/1480 1399/4168/1602 1274/4169/1445
f 1274/4169/1445 1399/4168/1602 1398/4170/1600
f 1275/4057/1480 1375/4056/1569 1400/4171/1603
f 1145/4172/1319 1117/4173/1298 1375/4174/1569
f 1117/4175/1298 1301/4176/1515 1375/4177/1569
f 1302/4178/1481 1245/4179/1446 1401/4180/1604
f 1332/4181/1516 1401/4182/1604 1245/4183/1446
f 1332/3926/1516 1303/3769/1447 1376/4184/1605
f 1303/4185/1447 1402/4186/1606 1376/4187/1605
f 1303/3850/1447 1277/3849/1482 1402/4188/1606
f 1333/4059/1517 1403/4189/1607 1277/4060/1482
f 1246/4190/1417 1403/4191/1607 1304/4192/1484
f 1246/3679/1417 1334/4193/1608 1403/4194/1607
f 1377/4195/1570 1334/4196/1608 1246/4197/1417
f 1247/3584/1375 1404/4198/1609 1379/4199/1572
f 1379/4199/1610 1404/4198/1611 1405/4200/1612
f 1335/4201/1520 1406/4202/1613 1279/4203/1449
f 1378/4066/1571 1279/4074/1449 1305/4065/1485
f 1279/4074/1449 1406/4204/1613 1305/4065/1485
f 1190/4205/1350 1338/4206/1523 1337/4207/1521
f 1382/4208/1577 1408/4209/1614 1192/4210/1353
f 1192/4211/1353 1408/4212/1614 1338/4213/1523
f 1411/4214/1615 1440/4215/1616 1409/4216/1617
f 1339/4082/1488 1410/4217/1618 1382/4080/1577
f 1340/3942/1524 1412/4218/1619 1339/3943/1488
f 1341/3949/1525 1281/3948/1450 1343/4219/1526
f 1255/4220/1422 1383/4221/1580 1346/4222/1579
f 1194/4223/1387 1217/4224/1394 1219/4225/1393
f 1308/4226/1581 1383/4098/1580 1220/4097/1395
f 1194/4227/1387 1219/4228/1393 1195/4229/1356
f 1194/3609/1387 1195/4230/1356 1151/3537/1323
f 1414/4231/1620 1287/4232/1461 1288/4233/1462
f 1385/4114/1585 1354/4234/1541 1288/4235/1462
f 1176/4236/1327 1355/4237/1544 1155/4116/1307
f 1313/4238/1494 1355/4237/1544 1176/4236/1327
f 1311/4113/1490 1289/3798/1463 1384/4239/1582
f 1413/4240/1621 1290/4241/1464 1259/3722/1430
f 1385/4114/1585 1415/4242/1622 1354/4234/1541
f 1155/4116/1307 1415/4242/1623 1385/4114/1584
f 1355/4243/1544 1415/4242/1623 1155/4116/1307
f 1385/4118/1585 1203/3988/1399 1415/4244/1622
f 1385/4118/1584 1415/4244/1623 1355/4119/1544
f 1386/4121/1586 1417/4245/1624 1260/3735/1431
f 1417/4245/1624 1290/3801/1464 1490/4246/1625
f 1386/4121/1586 1290/3801/1464 1417/4245/1624
f 1290/3801/1464 1263/4247/1436 1490/4246/1625
f 1261/3986/1540 1387/4248/1588 1354/3987/1541
f 1355/4249/1544 1313/3880/1494 1388/4128/1590
f 1314/4123/1496 1358/4250/1493 1389/4122/1587
f 1358/4251/1493 1260/3800/1431 1316/3886/1497
f 1490/4252/1625 1263/4010/1436 1386/4132/1594
f 1388/4128/1590 1318/4253/1465 1355/4249/1544
f 1388/4128/1590 1359/4129/1592 1318/4253/1465
f 1359/4129/1592 1181/3879/1310 1318/4253/1465
f 1418/4254/1626 1234/3809/1466 1009/3561/1178
f 1227/4002/1549 1232/4001/1403 1419/4255/1627
f 1389/4130/1593 1361/4008/1552 1360/4256/1551
f 1264/3739/1433 1420/4257/1628 1261/4011/1540
f 1318/4253/1465 1320/4258/1500 1355/4249/1544
f 1233/4021/1404 1265/4259/1435 1364/4022/1554
f 1263/4135/1436 1290/4241/1464 1390/4133/1595
f 1264/4260/1433 1320/4261/1500 1493/4262/1629
f 1324/3906/1506 1323/4263/1505 1421/4264/1630
f 1232/4265/1403 1327/4266/1439 1234/4267/1466
f 1232/4265/1403 1267/4268/1467 1327/4266/1439
f 1360/4269/1551 1323/4032/1505 1322/4270/1503
f 1463/4271/1631 1140/3387/1293 1365/4027/1555
f 1235/4272/1409 1366/4273/1556 1392/4274/1632
f 1162/4275/1315 1393/4276/1371 1321/4277/1501
f 1393/3578/1371 1208/3580/1372 1326/3914/1509
f 1323/4032/1505 1367/4031/1557 1322/4270/1503
f 917/4278/1041 509/1268/546 1391/4279/1633
f 1143/4280/1316 898/4281/1027 1423/4282/1634
f 898/2642/1027 920/2680/1044 1423/4283/1634
f 1163/4284/1271 1466/4285/1635 1040/3094/1186
f 1164/3514/1344 921/3515/1150 1424/4286/1636
f 1328/4142/1511 1188/2812/1098 1269/3759/1440
f 944/2747/1067 1650/4287/1637 533/2035/843
f 511/1274/550 1427/4288/1638 321/660/305
f 249/661/306 1501/2991/1151 922/2681/1045
f 1242/4289/1415 1429/4290/1639 1297/4291/1478
f 1369/4292/1562 1430/4293/1640 1242/4294/1415
f 1242/4295/1415 1431/4296/1641 1298/4297/1642
f 1242/4295/1415 1430/4298/1640 1431/4296/1641
f 1372/4299/1568 1396/4300/1597 1433/4301/1643
f 1372/4299/1568 1433/4301/1643 1395/4302/1596
f 1300/4154/1479 1433/4303/1643 1396/4155/1597
f 1300/4158/1479 1373/4157/1598 1503/4304/1644
f 1116/4305/1297 1374/4306/1601 1210/3842/1374
f 1374/4307/1601 1398/4308/1600 1399/4309/1602
f 1400/4310/1603 1399/4311/1602 1275/4312/1480
f 1301/4176/1515 1400/4313/1603 1375/4177/1569
f 1302/3923/1481 1434/4314/1645 1301/3924/1515
f 1401/4182/1604 1332/4181/1516 1434/4315/1645
f 1277/3849/1482 1376/4316/1605 1402/4188/1606
f 1333/4317/1517 1304/4318/1484 1403/4319/1607
f 1278/4064/1448 1435/4320/1646 1377/4062/1570
f 1405/4200/1647 1436/4321/1648 1437/4322/1649
f 1405/4200/1647 1404/4198/1609 1436/4321/1648
f 1404/4198/1609 1247/3584/1375 1436/4321/1648
f 1405/4323/1647 1437/4324/1649 1404/4076/1576
f 1404/4076/1576 1437/4324/1649 1167/3586/1348
f 1167/3586/1348 1437/4324/1649 1306/3858/1486
f 1335/4325/1520 1337/4326/1521 1406/4327/1613
f 1191/3935/1349 1307/4328/1487 1248/3936/1522
f 1337/4326/1521 1338/4329/1523 1406/4327/1613
f 1411/4330/1650 1439/4331/1651 1407/4332/1652
f 1411/4330/1650 1440/4333/1653 1439/4331/1651
f 1407/4334/1652 1441/4335/1654 1411/4336/1650
f 1411/4337/1650 1441/4338/1654 1440/4339/1653
f 1280/3532/1351 1381/3928/1518 1215/3702/1385
f 1381/3928/1518 1481/4340/1655 1215/3702/1385
f 1340/4341/1524 1341/4342/1525 1412/4343/1619
f 1343/4344/1526 1412/4343/1619 1341/4342/1525
f 1342/4345/1527 1443/4346/1656 1444/4347/1657
f 1342/4348/1527 1254/4349/1451 1443/4350/1656
f 1446/4351/1658 1347/4352/1659 1447/4353/1660
f 1348/4354/1529 1287/4355/1461 1308/4356/1581
f 1287/4355/1461 1348/4354/1529 1349/4357/1530
f 1450/4358/1661 1452/4359/1662 1451/4360/1663
f 1150/3417/1304 1413/4240/1621 1259/3722/1430
f 1311/4361/1664 1451/4362/1663 1452/4363/1662
f 1452/4364/1662 1454/4365/1665 1311/4366/1664
f 1311/4367/1664 1454/4368/1665 1451/4369/1663
f 1136/3984/1290 1111/3874/1268 1455/4370/1666
f 1177/3626/1329 1137/3377/1289 1201/4371/1363
f 1203/3988/1399 1354/3987/1541 1415/4244/1622
f 1456/4372/1667 1202/3733/1364 1260/3800/1431
f 1456/4372/1667 1490/4252/1625 1202/3733/1364
f 1417/4245/1624 1454/4373/1665 1456/4374/1667
f 1260/3735/1431 1417/4245/1624 1456/4374/1667
f 1417/4245/1624 1490/4246/1625 1454/4373/1665
f 1136/4375/1290 1455/4376/1666 1159/4377/1311
f 1418/4254/1626 1416/4378/1668 1457/4379/1669
f 1009/3561/1178 1416/4378/1668 1418/4254/1626
f 1418/4380/1670 1457/4381/1671 1419/4382/1672
f 1457/4381/1673 1458/4383/1674 1419/4382/1627
f 1419/4382/1627 1458/4383/1674 1227/4384/1549
f 1202/3733/1364 1490/4252/1625 1386/4132/1594
f 1037/3507/1183 1205/3574/1368 1204/3573/1367
f 1418/4254/1626 1457/4379/1675 1234/3809/1466
f 1419/4255/1627 1232/4001/1403 1457/4385/1676
f 1420/4257/1628 1459/4386/1589 1261/4011/1540
f 1290/4241/1464 1413/4240/1621 1523/4387/1677
f 1290/4241/1464 1523/4387/1677 1390/4133/1595
f 1228/4388/1432 1235/3810/1409 1460/4389/1678
f 1204/3649/1367 1461/4390/1679 1266/3749/1437
f 855/2482/977 917/2677/1041 1391/4391/1633
f 1318/4253/1465 1140/4392/1293 1463/4393/1631
f 1231/4394/1406 1460/4395/1678 1392/4396/1632
f 1235/4397/1409 1392/4396/1632 1460/4395/1678
f 1324/3906/1506 1464/4398/1680 1265/4399/1435
f 1322/4400/1503 1465/4401/1681 1267/4402/1467
f 1367/4403/1557 1465/4401/1681 1322/4400/1503
f 2003/4404/1682 509/1268/546 318/711/321
f 318/711/321 1014/3392/1148 2003/4404/1682
f 1040/3094/1186 1466/4285/1635 1209/3519/1345
f 1273/3763/1443 1425/4405/1683 1467/4406/1684
f 1467/4407/1684 1239/4408/1410 1273/4409/1443
f 1330/3919/1512 1468/4410/1685 944/2747/1067
f 944/2747/1067 1468/4410/1685 1650/4287/1637
f 1330/4411/1512 1239/4412/1410 1467/4413/1684
f 533/2035/843 1650/4287/1637 1559/4038/1559
f 920/2680/1044 510/1207/514 1543/4414/1686
f 1470/4415/1687 843/2682/1046 922/2681/1045
f 902/3099/1189 1042/3098/1188 1471/4416/1688
f 1042/3098/1188 1428/4417/1689 1471/4416/1688
f 1241/4418/1413 1472/4419/1690 1368/4420/1561
f 1241/4418/1413 1296/4421/1477 1472/4419/1690
f 1297/4422/1478 1368/4423/1561 1472/4424/1690
f 1368/4041/1561 1297/4425/1478 1369/4426/1562
f 1297/4422/1478 1472/4424/1690 1296/4427/1477
f 1297/4425/1478 1429/4428/1639 1369/4426/1562
f 1242/4289/1415 1298/4429/1642 1429/4290/1639
f 1369/4430/1562 1429/4431/1639 1430/4432/1640
f 1431/4433/1691 1473/4434/1692 1474/4435/1693
f 1430/4436/1640 1473/4437/1694 1431/4438/1641
f 1431/4439/1641 1473/4440/1694 1298/4441/1642
f 1369/4426/1562 1394/4442/1563 1396/4443/1695
f 1395/4444/1596 1473/4445/1696 1394/4446/1563
f 1395/4447/1596 1474/4448/1697 1473/4449/1696
f 1395/4447/1596 1432/4450/1698 1474/4448/1697
f 1432/4451/1698 1394/4452/1563 1474/4453/1697
f 1373/4454/1598 1397/4455/1599 1396/4443/1695
f 1397/4456/1599 1210/4457/1374 1475/4458/1699
f 1374/4306/1601 1399/4311/1602 1475/4459/1699
f 1400/4310/1603 1475/4459/1699 1399/4311/1602
f 1397/4460/1599 1434/4461/1645 1476/4462/1700
f 1302/4463/1481 1476/4464/1700 1434/4465/1645
f 1434/4466/1645 1332/4467/1516 1301/4468/1515
f 1302/4463/1481 1401/4469/1604 1476/4464/1700
f 1401/4469/1604 1477/4470/1701 1476/4464/1700
f 1376/4184/1605 1277/4471/1482 1332/3926/1516
f 1334/4472/1608 1377/4473/1570 1435/4474/1646
f 1278/4475/1448 1305/4065/1485 1435/4474/1646
f 1437/4324/1649 1438/4476/1702 1306/3858/1486
f 1338/3940/1523 1410/4477/1618 1406/4204/1613
f 1382/4478/1577 1479/4479/1703 1408/4480/1614
f 1480/4481/1704 1410/4482/1618 1408/4212/1614
f 1408/4212/1614 1410/4483/1618 1338/4213/1523
f 1440/4339/1653 1441/4338/1654 1439/4484/1651
f 1410/4217/1618 1480/4485/1704 1382/4080/1577
f 1442/4486/1705 1441/4487/1654 1407/4488/1652
f 1254/4489/1451 1445/4490/1706 1443/4491/1656
f 1345/4492/1528 1482/4493/1707 1344/4494/1578
f 1344/4494/1578 1483/4495/1708 1254/4496/1451
f 1383/4497/1580 1308/4498/1581 1346/4499/1579
f 1449/4500/1709 1448/4501/1710 1347/4502/1659
f 1223/3628/1292 1486/4503/1711 1009/3629/1178
f 1387/4248/1588 1489/4504/1712 1354/3987/1541
f 1159/3885/1311 1455/4505/1666 1111/3305/1268
f 1416/4378/1668 1491/4506/1713 1457/4379/1669
f 1457/4381/1673 1491/4507/1714 1458/4383/1674
f 1204/3649/1367 1205/4508/1368 1461/4390/1679
f 1457/4509/1675 1491/4510/1715 1234/4511/1466
f 1457/4385/1676 1232/4001/1403 1491/4512/1716
f 1265/4259/1435 1492/4513/1717 1364/4022/1554
f 1461/4514/1679 1321/3896/1501 1266/4515/1437
f 1420/4516/1628 1264/4517/1433 1493/4518/1629
f 1231/4394/1406 1319/4519/1548 1460/4395/1678
f 1360/4520/1551 1421/4264/1630 1323/4263/1505
f 1265/4521/1435 1464/4522/1680 1492/4523/1717
f 1324/3906/1506 1462/4524/1718 1464/4398/1680
f 1266/4525/1437 1393/4526/1371 1366/4527/1556
f 1321/4528/1501 1393/4526/1371 1266/4525/1437
f 1267/4402/1467 1495/4529/1719 1327/3754/1439
f 1327/3754/1439 1495/4529/1719 1494/4530/1720
f 1267/4402/1467 1496/4531/1721 1495/4529/1719
f 1465/4401/1681 1496/4531/1721 1267/4402/1467
f 1367/4403/1557 1497/4532/1722 1465/4401/1681
f 1367/4533/1557 1422/4534/1723 1497/4535/1722
f 1367/4403/1557 1498/4536/1724 1422/4537/1723
f 1142/3456/1295 1499/4538/1725 1014/4539/1148
f 1328/4142/1511 1426/4540/1726 1188/2812/1098
f 1273/4039/1443 1100/3096/1187 1425/4541/1683
f 922/2681/1045 1501/2991/1151 1469/4542/1727
f 922/2681/1045 1469/4542/1727 1470/4415/1687
f 843/2682/1046 619/2334/925 282/1097/469
f 1042/3098/1188 1368/4041/1561 1428/4417/1689
f 1298/4429/1642 1502/4543/1728 1429/4290/1639
f 1298/4441/1642 1473/4440/1694 1502/4544/1728
f 1474/4448/1697 1394/4545/1563 1473/4449/1696
f 1395/4546/1596 1433/4547/1643 1503/4548/1644
f 1433/4547/1643 1300/3843/1479 1503/4548/1644
f 1210/4457/1374 1374/4549/1601 1475/4458/1699
f 1115/3336/1273 1695/4550/1729 1276/3851/1483
f 1397/4460/1599 1528/4551/1730 1434/4461/1645
f 1400/4310/1603 1301/4552/1515 1504/4553/1731
f 1301/4552/1515 1332/3926/1516 1504/4553/1731
f 1305/4065/1485 1406/4204/1613 1435/4474/1646
f 1506/4554/1732 1505/4555/1733 1507/4556/1734
f 1479/4557/1703 1480/4481/1704 1408/4212/1614
f 1479/4557/1735 1506/4558/1732 1480/4481/1736
f 1480/4481/1736 1506/4558/1732 1507/4559/1734
f 1479/4560/1735 1508/4561/1737 1506/4554/1732
f 1479/4562/1735 1480/4485/1736 1508/4563/1737
f 1479/4562/1703 1382/4080/1577 1480/4485/1704
f 1508/4561/1737 1443/4564/1656 1506/4554/1732
f 1506/4554/1732 1443/4564/1656 1482/4565/1707
f 1339/3861/1488 1412/4566/1619 1410/4477/1618
f 1481/4340/1655 1509/4567/1738 1215/3702/1385
f 1443/4568/1656 1508/4569/1737 1444/4570/1657
f 1407/4488/1652 1446/4351/1658 1442/4486/1705
f 1342/4083/1527 1444/4571/1657 1343/3951/1526
f 1446/4572/1658 1447/4573/1660 1442/4574/1705
f 1442/4575/1705 1447/4576/1660 1441/4338/1654
f 619/2334/925 1237/3660/1408 903/2603/1017
f 1482/4577/1707 1443/4578/1656 1511/4579/1739
f 1215/3702/1385 1510/4580/1740 1150/3417/1304
f 1482/4493/1707 1511/4581/1739 1344/4494/1578
f 1447/4576/1660 1347/4582/1659 1448/4583/1710
f 1346/4090/1579 1511/4584/1739 1345/4091/1528
f 1345/4585/1528 1512/4586/1741 1482/4565/1707
f 1345/4587/1528 1511/4579/1739 1512/4588/1741
f 1449/4589/1709 1513/4590/1742 1448/4583/1710
f 1450/4591/1661 1513/4592/1742 1449/4593/1709
f 1451/4594/1663 1513/4595/1742 1450/4596/1661
f 1450/4358/1661 1514/4597/1743 1452/4359/1662
f 1150/3417/1304 1484/4598/1744 1413/4240/1621
f 1414/4599/1620 1453/4600/1745 1287/4601/1461
f 1452/4359/1662 1456/4602/1667 1454/4603/1665
f 1009/3629/1178 1486/4503/1711 1515/4604/1746
f 1358/3875/1493 1488/4605/1747 1156/3432/1308
f 1456/4602/1667 1452/4359/1662 1488/4606/1747
f 1216/3607/1386 855/2482/977 1391/4391/1633
f 1009/3629/1178 1515/4604/1746 1416/4607/1668
f 1156/4608/1308 1487/4609/1748 1314/4123/1496
f 1456/4602/1667 1488/4606/1747 1490/4610/1625
f 1459/4611/1589 1516/4612/1749 1387/4613/1588
f 1416/4378/1668 1517/4614/1750 1491/4506/1713
f 1491/4615/1714 1517/4616/1750 1458/4617/1674
f 1227/4384/1549 1458/4383/1674 1223/4618/1292
f 1358/4251/1493 1535/4619/1751 1518/4620/1752
f 1358/4251/1493 1518/4620/1752 1488/4621/1747
f 1319/3999/1548 1228/3737/1432 1519/4622/1753
f 1491/4506/1715 1517/4614/1754 1234/3809/1466
f 1234/3809/1466 1517/4614/1754 1520/4623/1755
f 1491/4512/1716 1232/4001/1403 1517/4624/1754
f 1363/4019/1502 1139/4625/1341 1236/4626/1407
f 1367/4403/1557 1390/4627/1595 1498/4536/1724
f 1392/4274/1632 1365/4027/1555 1231/4026/1406
f 1390/4627/1595 1523/4628/1677 1522/4629/1756
f 1326/3914/1509 1524/4630/1757 1393/3578/1371
f 1327/3754/1439 1494/4631/1720 1326/3914/1509
f 1143/4280/1316 1184/3513/1343 591/1869/777
f 1501/2991/1151 1525/4632/1758 1469/4542/1727
f 1525/4632/1759 1526/4633/1760 1469/4542/1761
f 1368/4041/1561 1369/4426/1562 1544/4634/1762
f 1430/4635/1640 1502/4636/1728 1473/4637/1694
f 1369/4426/1562 1396/4443/1695 1544/4634/1762
f 1395/4546/1596 1503/4548/1644 1432/4638/1698
f 1396/4639/1695 1394/4640/1563 1373/4641/1598
f 1394/4640/1563 1503/4642/1644 1373/4641/1598
f 1396/4443/1695 1397/4455/1599 1476/4464/1700
f 1475/4643/1699 1528/4551/1730 1397/4460/1599
f 1475/4459/1699 1400/4310/1603 1504/4553/1731
f 1277/4471/1482 1403/4194/1607 1529/4644/1763
f 1477/4645/1701 1528/4551/1730 1505/4646/1733
f 1403/4194/1607 1334/4193/1608 1529/4644/1763
f 1529/4644/1763 1334/4193/1608 1435/4474/1646
f 1528/4551/1730 1563/4647/1764 1505/4646/1733
f 1436/4321/1648 1247/3584/1375 1530/4648/1765
f 1436/4649/1648 1530/4650/1765 1437/4324/1649
f 1437/4324/1649 1530/4650/1765 1438/4476/1702
f 1505/4646/1733 1531/4651/1766 1507/4652/1734
f 1407/4332/1652 1439/4331/1651 1478/4653/1767
f 1480/4654/1736 1507/4652/1734 1508/4569/1737
f 1508/4569/1737 1507/4652/1734 1444/4570/1657
f 1507/4652/1734 1532/4655/1768 1444/4570/1657
f 1412/4566/1619 1343/4656/1526 1410/4477/1618
f 1407/4488/1652 1478/4657/1767 1446/4351/1658
f 1444/4571/1657 1532/4658/1768 1343/3951/1526
f 1509/4567/1738 1510/4580/1740 1215/3702/1385
f 1445/4490/1706 1532/4659/1768 1443/4491/1656
f 1532/4655/1768 1511/4579/1739 1443/4578/1656
f 1344/4494/1578 1511/4581/1739 1483/4495/1708
f 1446/4351/1658 1450/4358/1661 1347/4352/1659
f 1347/4352/1659 1450/4358/1661 1449/4660/1709
f 1512/4588/1741 1485/4661/1769 1387/4662/1588
f 1513/4590/1742 1451/4369/1663 1454/4368/1665
f 1514/4597/1743 1533/4663/1770 1452/4359/1662
f 1485/4664/1769 1453/4600/1745 1414/4599/1620
f 1452/4665/1662 1533/4666/1770 1488/4667/1747
f 1485/4668/1769 1489/4669/1712 1387/4670/1588
f 1485/4671/1769 1414/4672/1620 1489/4673/1712
f 1414/4674/1620 1288/4235/1462 1489/4675/1712
f 1490/4252/1625 1534/4676/1771 1454/4677/1665
f 1416/4378/1668 1458/4678/1674 1517/4614/1750
f 1314/4679/1496 1487/4680/1748 1535/4619/1751
f 1314/4679/1496 1535/4619/1751 1358/4251/1493
f 1232/4001/1403 1520/4681/1755 1517/4624/1754
f 1364/4682/1554 1538/4683/1772 1361/4684/1552
f 1364/4022/1554 1492/4513/1717 1538/4685/1772
f 1459/4686/1589 1539/4687/1773 1516/4688/1749
f 1362/4018/1553 1540/4689/1774 1363/4019/1502
f 1362/4018/1553 1321/3896/1501 1540/4689/1774
f 1363/4019/1502 1540/4689/1774 1139/4625/1341
f 1234/4690/1466 1520/4691/1755 1232/4692/1403
f 1318/4693/1465 1521/4694/1775 1320/4261/1500
f 1318/4253/1465 1463/4393/1631 1521/4695/1775
f 1390/4627/1595 1541/4696/1776 1498/4536/1724
f 1392/4274/1632 1366/4273/1556 1365/4027/1555
f 1393/3578/1371 1524/4630/1757 1366/4273/1556
f 509/1268/546 2003/4404/1682 1391/4279/1633
f 1143/3512/1316 1500/4697/1777 1184/4698/1343
f 1163/4284/1271 1164/4699/1344 1466/4285/1635
f 1467/4406/1684 1468/4410/1685 1330/3919/1512
f 1469/4542/1727 1525/4632/1758 1470/4415/1687
f 1730/4700/1778 1295/3672/1412 344/998/440
f 1368/4041/1561 1544/4634/1762 1428/4417/1689
f 1429/4290/1639 1502/4543/1728 1430/4701/1640
f 1396/4443/1695 1476/4464/1700 1544/4634/1762
f 1528/4551/1730 1401/4702/1604 1434/4461/1645
f 1476/4464/1700 1477/4470/1701 1544/4634/1762
f 1401/4702/1604 1528/4551/1730 1477/4645/1701
f 1277/4471/1482 1529/4644/1763 1332/3926/1516
f 1505/4555/1733 1506/4554/1732 1477/4470/1701
f 1530/4648/1779 1545/4703/1780 1546/4704/1781
f 1530/4648/1765 1247/3584/1375 1545/4703/1782
f 1247/3584/1375 1567/4705/1783 1545/4703/1782
f 1247/3584/1375 1306/4706/1486 1567/4705/1783
f 1530/4650/1765 1567/4707/1784 1438/4476/1702
f 1530/4650/1765 1545/4708/1785 1567/4707/1784
f 1276/3851/1483 1547/4709/1786 1381/3928/1518
f 1381/4710/1518 1547/4711/1786 1549/4712/1787
f 1481/4713/1655 1548/4714/1788 1547/4715/1786
f 1381/4716/1518 1549/4717/1787 1548/4718/1788
f 1381/3928/1518 1548/4719/1788 1481/4340/1655
f 1481/4713/1655 1547/4715/1786 1276/4720/1483
f 1550/4721/1789 1509/4567/1738 1481/4340/1655
f 1532/4722/1768 1445/4723/1706 1343/4724/1526
f 1445/4725/1706 1551/4726/1790 1343/4656/1526
f 1254/4727/1451 1551/4726/1790 1445/4725/1706
f 1511/4728/1739 1346/4729/1579 1483/4730/1708
f 1446/4731/1658 1514/4732/1743 1450/4733/1661
f 1510/4580/1740 1484/4598/1744 1150/3417/1304
f 1308/4734/1581 1287/3796/1461 1453/4735/1745
f 1454/4368/1665 1534/4736/1771 1513/4590/1742
f 1156/3432/1308 1488/4605/1747 1487/4737/1748
f 1488/4605/1747 1533/4738/1770 1552/4739/1791
f 1416/4740/1668 1515/4741/1746 1458/4383/1674
f 1490/4252/1625 1488/4621/1747 1534/4676/1771
f 1458/4383/1674 1486/4742/1711 1223/4618/1292
f 1537/4743/1792 1553/4744/1793 1554/4745/1794
f 1554/4745/1794 1553/4744/1793 1555/4746/1795
f 1537/4743/1796 1536/4747/1797 1553/4744/1798
f 1228/3737/1432 1460/4748/1678 1519/4622/1753
f 1360/4256/1551 1361/4008/1552 1676/4749/1799
f 1537/4750/1796 1556/4751/1800 1536/4752/1797
f 1537/4750/1796 1553/4753/1801 1556/4751/1800
f 1320/4261/1500 1521/4694/1775 1493/4262/1629
f 1516/4754/1749 1539/4755/1773 1557/4756/1802
f 1366/4273/1556 1524/4630/1757 1558/4757/1803
f 1390/4758/1595 1522/4759/1756 1541/4760/1776
f 1142/3391/1295 966/2799/1091 1499/4761/1725
f 1113/3092/1185 1238/3581/1373 1542/4762/1804
f 1467/4406/1684 1425/4405/1683 1468/4410/1685
f 1501/2991/1151 1470/4415/1687 1525/4632/1758
f 1240/3764/1444 1072/3175/1223 1561/4763/1805
f 1394/4764/1563 1432/4765/1698 1503/4766/1644
f 1475/4767/1699 1504/4768/1731 1528/4769/1730
f 1544/4634/1762 1477/4470/1701 1562/4770/1806
f 1504/4768/1731 1332/4771/1516 1528/4769/1730
f 1332/4771/1516 1529/4772/1763 1528/4769/1730
f 1528/4773/1730 1529/4774/1763 1563/4775/1764
f 1562/4770/1806 1477/4470/1701 1564/4776/1807
f 1529/4644/1763 1435/4474/1646 1565/4777/1808
f 1477/4470/1701 1506/4554/1732 1564/4776/1807
f 1563/4647/1764 1566/4778/1809 1505/4646/1733
f 1566/4778/1809 1531/4651/1766 1505/4646/1733
f 1435/4474/1646 1406/4204/1613 1565/4777/1808
f 1567/4705/1783 1306/4706/1486 1568/4779/1810
f 1306/4706/1486 1438/4780/1702 1568/4779/1810
f 1567/4707/1811 1568/4781/1812 1545/4708/1813
f 1568/4781/1810 1438/4476/1702 1567/4707/1784
f 1547/4782/1786 1569/4783/1814 1549/4784/1787
f 1547/4785/1786 1548/4786/1788 1569/4787/1814
f 1506/4554/1732 1482/4565/1707 1570/4788/1815
f 1571/4789/1816 1550/4790/1817 1572/4791/1818
f 1572/4791/1819 1550/4790/1789 1481/4792/1655
f 1570/4788/1815 1482/4565/1707 1573/4793/1820
f 1572/4794/1819 1509/4795/1738 1550/4796/1789
f 1478/4797/1767 1439/4798/1651 1447/4799/1660
f 1441/4800/1654 1447/4799/1660 1439/4798/1651
f 1573/4801/1820 1482/4802/1707 1574/4803/1821
f 1447/4799/1660 1448/4804/1710 1478/4797/1767
f 1478/4797/1767 1448/4804/1710 1514/4805/1743
f 1478/4806/1767 1514/4732/1743 1446/4731/1658
f 1574/4807/1821 1482/4565/1707 1575/4808/1822
f 1575/4808/1822 1482/4565/1707 1512/4586/1741
f 1448/4804/1710 1513/4809/1742 1514/4805/1743
f 1510/4580/1740 1576/4810/1823 1484/4598/1744
f 1577/4811/1824 1413/4240/1621 1484/4598/1744
f 1361/4008/1552 1538/4685/1772 1676/4749/1799
f 1413/4240/1621 1577/4811/1824 1579/4812/1825
f 1421/4264/1630 1580/4813/1826 1538/4814/1827
f 1421/4264/1630 1538/4814/1827 1324/3906/1506
f 1538/4815/1827 1462/4816/1718 1324/4817/1506
f 1365/4027/1555 1583/4818/1828 1463/4271/1631
f 1366/4273/1556 1558/4757/1803 1365/4027/1555
f 1365/4027/1555 1558/4757/1803 1583/4818/1828
f 1524/4630/1757 1326/3914/1509 1645/4819/1829
f 1326/3914/1509 1494/4631/1720 1645/4819/1829
f 1237/4820/1408 1499/4761/1725 966/2799/1091
f 920/2680/1044 1543/4414/1686 1423/4283/1634
f 1527/4821/1830 259/623/283 1773/4040/1560
f 1561/4822/1805 1072/4823/1223 1585/4824/1831
f 1565/4825/1808 1563/4826/1764 1529/4827/1763
f 1563/4828/1764 1565/4829/1808 1566/4830/1809
f 1565/4777/1808 1406/4204/1613 1586/4831/1832
f 1620/4832/1833 1549/4784/1787 1587/4833/1834
f 1588/4834/1835 1549/4784/1787 1569/4783/1814
f 1587/4833/1834 1549/4784/1787 1588/4834/1835
f 1620/4835/1833 1548/4836/1788 1549/4837/1787
f 1569/4838/1814 1548/4839/1788 1276/4840/1483
f 1620/4841/1833 1587/4842/1836 1548/4786/1788
f 1589/4843/1837 1481/4340/1655 1276/3851/1483
f 1590/4844/1838 1572/4791/1819 1481/4792/1655
f 1590/4844/1838 1481/4792/1655 1591/4845/1839
f 1590/4846/1838 1509/4847/1738 1572/4848/1819
f 1592/4849/1840 1573/4850/1820 1574/4807/1821
f 1551/4726/1790 1254/4727/1451 1483/4851/1708
f 1509/4567/1738 1593/4852/1841 1510/4580/1740
f 1510/4853/1740 1594/4854/1842 1576/4855/1823
f 1511/4579/1739 1667/4856/1843 1512/4588/1741
f 1512/4586/1741 1387/4613/1588 1595/4857/1844
f 1667/4856/1843 1485/4661/1769 1512/4588/1741
f 1514/4858/1743 1513/4859/1742 1598/4860/1845
f 1598/4861/1845 1513/4809/1742 1534/4862/1771
f 1627/4863/1846 1577/4864/1824 1484/4865/1744
f 1387/4613/1588 1516/4612/1749 1597/4866/1847
f 1600/4867/1848 1487/4737/1748 1488/4605/1747
f 1600/4867/1848 1488/4605/1747 1552/4739/1791
f 1599/4868/1849 1577/4864/1824 1627/4863/1846
f 1601/4869/1850 1555/4746/1851 1553/4744/1798
f 1601/4869/1850 1553/4744/1798 1536/4747/1797
f 1578/4870/1852 1461/4871/1679 1205/3574/1368
f 1676/4749/1799 1538/4685/1772 1492/4513/1717
f 1676/4749/1799 1492/4513/1717 1602/4872/1853
f 1602/4873/1853 1492/4874/1717 1464/4875/1680
f 1605/4876/1854 1205/3574/1368 1362/3509/1340
f 1603/4877/1855 1539/4687/1773 1459/4686/1589
f 1420/4516/1628 1493/4518/1629 1604/4878/1856
f 1606/4879/1857 1553/4753/1801 1555/4880/1851
f 1601/4881/1850 1606/4879/1857 1555/4880/1851
f 1606/4879/1857 1556/4751/1800 1553/4753/1801
f 1606/4879/1857 1536/4882/1797 1556/4751/1800
f 1607/4883/1858 1319/4519/1548 1519/4884/1753
f 1605/4885/1859 1321/3896/1501 1461/4514/1679
f 1580/4813/1826 1421/4264/1630 1360/4520/1551
f 1632/4886/1860 1516/4887/1749 1557/4888/1802
f 1557/4889/1802 1539/4890/1773 1581/4891/1861
f 1539/4892/1773 1493/4893/1629 1581/4894/1861
f 1610/4895/1862 1558/4896/1803 1611/4897/1863
f 1582/4898/1864 1494/4530/1720 1495/4529/1719
f 1465/4401/1681 1497/4532/1722 1643/4899/1865
f 1613/4900/1866 1522/4901/1756 1523/4902/1677
f 1610/4895/1862 1583/4903/1828 1558/4896/1803
f 1584/4904/1867 2003/4404/1682 1014/3392/1148
f 1614/4905/1868 1466/4906/1635 1164/4907/1344
f 1426/4540/1726 1501/2991/1151 1188/2812/1098
f 1615/4908/1869 1072/4823/1223 1616/4909/1870
f 1585/4824/1831 1072/4823/1223 1615/4908/1869
f 1615/4908/1871 1616/4909/1872 1617/4910/1873
f 1072/4823/1223 902/4911/1189 1616/4909/1870
f 1615/4912/1869 1616/4913/1870 1585/4914/1831
f 1585/4914/1831 1616/4913/1870 902/4915/1189
f 1428/4417/1689 1544/4634/1762 1619/4916/1874
f 1588/4834/1835 1621/4917/1875 1587/4833/1834
f 1587/4918/1876 1621/4919/1877 1620/4920/1878
f 1564/4776/1807 1506/4554/1732 1570/4788/1815
f 1621/4921/1875 1548/4786/1788 1587/4842/1836
f 1548/4839/1788 1589/4922/1837 1276/4840/1483
f 1589/4843/1837 1591/4923/1839 1481/4340/1655
f 1623/4924/1879 1594/4854/1842 1622/4925/1880
f 1622/4925/1880 1594/4854/1842 1510/4853/1740
f 1623/4926/1881 1594/4927/1882 1624/4928/1883
f 1484/4929/1744 1576/4930/1823 1625/4931/1884
f 1626/4932/1885 1627/4933/1846 1484/4934/1744
f 1514/4732/1743 1598/4935/1845 1533/4936/1770
f 1598/4937/1845 1534/4938/1771 1533/4939/1770
f 1534/4940/1771 1628/4941/1886 1533/4738/1770
f 1533/4738/1770 1630/4942/1887 1552/4739/1791
f 1518/4620/1752 1630/4943/1888 1488/4621/1747
f 1599/4944/1849 1631/4945/1889 1577/4946/1824
f 1597/4947/1847 1516/4948/1749 1632/4949/1860
f 1535/4619/1751 1600/4950/1848 1518/4620/1752
f 1205/3574/1368 1635/4951/1890 1578/4870/1852
f 1205/3574/1368 1637/4952/1891 1635/4951/1890
f 1205/3574/1368 1605/4876/1854 1637/4952/1891
f 1637/4952/1892 1605/4876/1854 1362/3509/1340
f 1636/4953/1893 1536/4882/1797 1606/4879/1857
f 1605/4885/1859 1461/4514/1679 1637/4954/1894
f 1461/4514/1679 1635/4955/1895 1637/4954/1894
f 1605/4885/1859 1540/4689/1774 1321/3896/1501
f 1637/4954/1892 1540/4689/1774 1605/4885/1859
f 1634/4956/1896 1579/4957/1825 1633/4958/1897
f 1413/4959/1621 1579/4960/1825 1638/4961/1898
f 1632/4949/1860 1557/4962/1802 1639/4963/1899
f 1539/4964/1773 1604/4965/1856 1493/4966/1629
f 1609/4967/1900 1640/4968/1901 1608/4969/1902
f 1521/4694/1775 1642/4970/1903 1493/4262/1629
f 1582/4898/1864 1495/4529/1719 1641/4971/1904
f 1465/4401/1681 1643/4899/1865 1612/4972/1905
f 1462/4973/1718 1498/4974/1724 1464/4975/1680
f 1464/4975/1680 1498/4974/1724 1541/4976/1776
f 1523/4902/1677 1644/4977/1906 1613/4900/1866
f 1413/4240/1621 1644/4978/1906 1523/4979/1677
f 1642/4980/1903 1521/4695/1775 1463/4393/1631
f 1522/4981/1756 1647/4982/1907 1541/4983/1776
f 1143/4280/1316 1423/4282/1634 1500/4984/1777
f 1329/3917/1510 1648/4985/1908 1328/3918/1511
f 1648/4986/1908 1329/4987/1510 1187/4988/1346
f 1164/3514/1344 1424/4286/1636 1649/4989/1909
f 901/2036/844 1651/4990/1910 1071/3671/1411
f 901/2036/844 1240/3764/1444 1560/4991/1911
f 1560/4992/1911 1653/4993/1912 1654/4994/1913
f 1560/4995/1911 1240/4996/1444 1653/4997/1912
f 1560/4998/1911 1561/4763/1805 1652/4999/1914
f 1654/4994/1913 1561/5000/1805 1560/4992/1911
f 1240/4996/1444 1561/5001/1805 1654/5002/1913
f 1585/4824/1831 1656/5003/1915 1561/5004/1805
f 1585/5005/1831 1657/5006/1916 1656/5007/1915
f 1585/5008/1831 902/5009/1189 1657/5010/1916
f 1617/5011/1873 1657/5006/1916 1615/5012/1871
f 902/4911/1189 1658/5013/1917 1657/5014/1916
f 1616/5015/1872 1658/5016/1917 1617/5017/1873
f 1616/5018/1872 1657/5019/1916 1658/5020/1917
f 1615/5021/1871 1657/5022/1916 1616/5023/1872
f 902/4911/1189 1734/5024/1918 1658/5013/1917
f 902/4911/1189 1618/5025/1919 1734/5024/1918
f 1471/5026/1688 1428/5027/1689 1660/5028/1920
f 1428/5027/1689 1661/5029/1921 1660/5028/1920
f 1544/4634/1762 1562/4770/1806 1663/5030/1922
f 1565/5031/1808 1531/5032/1766 1566/5033/1809
f 1569/5034/1814 1589/4843/1837 1588/5035/1835
f 1588/5036/1835 1548/5037/1788 1621/5038/1875
f 1548/5039/1788 1588/5035/1835 1589/4843/1837
f 1590/5040/1838 1664/5041/1923 1509/5042/1738
f 1573/4850/1820 1592/4849/1840 1665/5043/1924
f 1551/4726/1790 1483/4851/1708 1346/5044/1579
f 1510/5045/1740 1593/5046/1841 1622/5047/1880
f 1512/4586/1741 1595/4857/1844 1575/4808/1822
f 1622/5048/1880 1593/5049/1841 1623/4926/1879
f 1623/4926/1879 1593/5049/1841 1594/4927/1842
f 1594/4927/1842 1593/5049/1841 1576/5050/1823
f 1576/5051/1823 1668/5052/1925 1625/5053/1884
f 1625/5053/1926 1668/5052/1927 1596/5054/1928
f 1484/5055/1744 1625/5056/1884 1668/5057/1929
f 1484/5055/1744 1668/5057/1929 1626/5058/1885
f 1387/4613/1588 1597/4866/1847 1595/4857/1844
f 1288/4235/1462 1755/5059/1930 1489/4675/1712
f 1288/4235/1462 1354/4234/1541 1755/5059/1930
f 1552/4739/1791 1518/5060/1752 1600/4867/1848
f 1552/4739/1791 1669/5061/1931 1518/5060/1752
f 1552/4739/1791 1670/5062/1932 1669/5061/1931
f 1552/4739/1791 1630/4942/1887 1670/5062/1932
f 1630/4942/1887 1533/4738/1770 1670/5062/1933
f 1518/5063/1752 1669/5064/1931 1670/5065/1934
f 1518/4620/1752 1670/5066/1934 1630/4943/1888
f 1630/4943/1888 1628/5067/1886 1488/4621/1747
f 1630/4943/1888 1670/5066/1935 1628/5067/1886
f 1577/4946/1824 1631/4945/1889 1629/5068/1936
f 1535/5069/1751 1487/5070/1748 1671/5071/1937
f 1535/5072/1751 1671/5073/1937 1672/5074/1938
f 1672/5074/1938 1600/5075/1848 1535/5072/1751
f 1577/5076/1824 1629/5077/1936 1579/5078/1825
f 1579/5078/1825 1629/5077/1936 1633/5079/1897
f 1635/4951/1890 1673/5080/1939 1578/4870/1852
f 1671/5081/1940 1675/5082/1941 1360/5083/1551
f 1360/5084/1551 1672/5074/1942 1671/5073/1940
f 1360/4256/1551 1676/4749/1799 1672/5085/1942
f 1634/5086/1896 1633/5079/1897 1677/5087/1943
f 1636/5088/1893 1678/5089/1944 1536/4747/1797
f 1519/4622/1753 1678/5089/1945 1636/5088/1946
f 1637/4952/1947 1673/5080/1948 1635/4951/1949
f 1362/3509/1340 1674/5090/1950 1637/4952/1892
f 1634/5086/1951 1677/5087/1952 1679/5091/1953
f 1636/4953/1893 1606/4879/1857 1678/5092/1954
f 1636/4953/1946 1678/5092/1955 1607/4883/1858
f 1636/4953/1946 1607/4883/1858 1519/4884/1753
f 1319/4519/1548 1607/4883/1858 1460/4395/1678
f 1461/4514/1679 1673/5093/1939 1635/4955/1895
f 1461/4514/1679 1578/5094/1852 1673/5093/1939
f 1637/4954/1892 1674/5095/1950 1540/4689/1774
f 1538/5096/1827 1580/5097/1826 1462/5098/1718
f 1634/5099/1896 1677/5100/1943 1579/4960/1825
f 1539/4964/1773 1603/5101/1855 1604/4965/1856
f 1640/4968/1901 1680/5102/1956 1608/4969/1902
f 1640/5103/1957 1610/5104/1862 1680/5105/1958
f 1464/4875/1680 1541/4760/1776 1602/4873/1853
f 1640/5106/1901 1609/5107/1900 1680/5108/1959
f 1498/5109/1724 1462/5110/1718 1682/5111/1960
f 1557/5112/1802 1581/5113/1861 1815/5114/1961
f 1581/5113/1861 1642/4970/1903 1815/5114/1961
f 1493/4262/1629 1642/4970/1903 1581/5113/1861
f 1640/5115/1957 1683/5116/1962 1610/4895/1862
f 1611/5117/1863 1558/5118/1803 1681/5119/1963
f 1583/4818/1828 1725/5120/1964 1463/4271/1631
f 1610/5121/1862 1683/5122/1962 1583/5123/1828
f 1494/5124/1720 1582/5125/1864 1645/5126/1829
f 1465/4401/1681 1684/5127/1965 1496/4531/1721
f 1612/5128/1905 1684/5129/1965 1465/5130/1681
f 1113/3170/1185 1542/5131/1804 589/2163/892
f 589/2163/892 1685/5132/1966 672/1773/738
f 1041/3174/1222 1686/5133/1967 510/1207/514
f 1653/5134/1912 1652/5135/1914 1654/5136/1913
f 1652/5135/1914 1655/5137/1968 1654/5136/1913
f 1561/5138/1805 1655/5139/1968 1652/5140/1914
f 1654/5141/1913 1655/5142/1968 1688/5143/1969
f 1654/5141/1913 1688/5143/1969 1240/5144/1444
f 1656/5145/1915 1655/5146/1968 1561/4763/1805
f 1655/5146/1968 1656/5145/1915 1689/5147/1970
f 1656/5148/1915 1658/5016/1917 1689/5149/1970
f 1734/5150/1918 1689/5147/1970 1658/5151/1917
f 902/5152/1189 1690/5153/1971 1618/5154/1919
f 902/3099/1189 1659/5155/1972 1690/5156/1971
f 902/5157/1189 1471/5026/1688 1691/5158/1973
f 1428/5027/1689 1619/5159/1874 1790/5160/1974
f 1544/5161/1762 1692/5162/1975 1619/5163/1874
f 1544/5161/1762 1662/5164/1976 1692/5162/1975
f 1544/5161/1762 1694/5165/1977 1693/5166/1978
f 1565/5167/1808 1586/5168/1832 1531/5169/1766
f 1276/3851/1483 1697/5170/1979 1569/5034/1814
f 1406/4204/1613 1410/4477/1618 1586/4831/1832
f 1531/4651/1766 1699/5171/1980 1507/4652/1734
f 1590/4844/1838 1701/5172/1981 1664/5173/1923
f 1664/5173/1982 1701/5172/1983 1700/5174/1984
f 1591/4845/1839 1748/5175/1985 1590/4844/1838
f 1590/4844/1838 1748/5175/1985 1701/5172/1981
f 1664/5041/1923 1701/5176/1986 1509/5042/1738
f 1509/5042/1738 1701/5176/1986 1748/5177/1985
f 1509/5042/1738 1748/5177/1985 1591/5178/1839
f 1507/4652/1734 1699/5171/1980 1532/4655/1768
f 1532/4655/1768 1699/5171/1980 1511/4579/1739
f 1574/5179/1821 1703/5180/1987 1592/5181/1840
f 1511/4579/1739 1704/5182/1988 1667/4856/1843
f 1666/5183/1989 1575/4808/1822 1705/5184/1990
f 1575/4808/1822 1595/4857/1844 1705/5184/1990
f 1706/5185/1991 1668/5052/1925 1576/5051/1823
f 1706/5185/1992 1596/5054/1928 1668/5052/1927
f 1576/4810/1823 1593/4852/1841 1626/5186/1885
f 1706/5187/1991 1626/5058/1885 1668/5057/1929
f 1627/5188/1846 1707/5189/1993 1599/5190/1849
f 1458/5191/1674 1515/4604/1746 1708/5192/1994
f 1533/4738/1770 1709/5193/1995 1670/5062/1933
f 1627/5194/1846 1626/5186/1885 1710/5195/1996
f 1669/5196/1997 1709/5197/1998 1670/5066/1999
f 1709/5197/1995 1628/5067/1886 1670/5066/1935
f 1629/5198/1936 1631/5199/1889 1627/5200/1846
f 1629/5201/1936 1627/5194/1846 1710/5195/1996
f 1671/5202/1937 1600/5203/1848 1672/5204/1938
f 1487/5205/1748 1600/5206/1848 1671/5207/1937
f 1488/4621/1747 1628/5067/1886 1534/4676/1771
f 1420/4257/1628 1712/5208/2000 1459/4386/1589
f 1459/4386/1589 1712/5208/2000 1603/5209/1855
f 1536/4747/1797 1719/5210/2001 1601/4869/1850
f 1460/4748/1678 1715/5211/2002 1519/4622/1753
f 1672/5085/1942 1675/5212/1941 1671/5213/1940
f 1676/4749/1799 1675/5212/1941 1672/5085/1942
f 1633/5079/1897 1711/5214/2003 1677/5087/1943
f 1420/5215/1628 1604/4878/1856 1712/5216/2000
f 1536/4747/1797 1678/5089/1944 1719/5210/2001
f 1678/5089/1944 1716/5217/2004 1719/5210/2001
f 1519/4622/1753 1714/5218/2005 1678/5089/1945
f 1714/5218/2005 1716/5217/2006 1678/5089/1945
f 1460/4748/1678 1717/5219/2007 1715/5211/2002
f 1601/4881/1850 1713/5220/2008 1606/4879/1857
f 1678/5092/1954 1606/4879/1857 1716/5221/2004
f 1606/4879/1857 1719/5222/2001 1716/5221/2004
f 1678/5092/1955 1716/5221/2006 1607/4883/1858
f 1607/4883/1858 1714/5223/2005 1460/4395/1678
f 1460/4395/1678 1714/5223/2005 1717/5224/2007
f 1360/4520/1551 1675/5225/1941 1580/4813/1826
f 1677/5100/1943 1711/5226/2003 1579/4960/1825
f 1632/4949/1860 1639/4963/1899 1718/5227/2009
f 1611/5228/1863 1681/5229/1963 1610/5230/1862
f 1603/5101/1855 1722/5231/2010 1604/4965/1856
f 1604/4965/1856 1722/5231/2010 1720/5232/2011
f 1608/4969/1902 1723/5233/2012 1721/5234/2013
f 1680/5102/1956 1723/5233/2012 1608/4969/1902
f 1610/5230/1862 1681/5229/1963 1680/5102/1958
f 1680/5102/1958 1681/5229/1963 1723/5233/2014
f 1680/5108/1959 1609/5107/1900 1723/5235/2015
f 1680/5108/2016 1683/5236/1962 1640/5106/1957
f 1680/5108/2016 1723/5235/2017 1683/5236/1962
f 1413/4240/1621 1638/5237/1898 1644/4978/1906
f 1957/5238/2018 1646/5239/2019 1463/4271/1631
f 1463/4271/1631 1725/5120/1964 1957/5238/2018
f 1558/5118/1803 1725/5240/1964 1681/5119/1963
f 1645/4819/1829 1726/5241/2020 1524/4630/1757
f 1582/5125/1864 1727/5242/2021 1645/5126/1829
f 1495/5243/1719 1496/5244/1721 1641/5245/1904
f 1496/5244/1721 1727/5246/2021 1641/5245/1904
f 1613/5247/1866 1647/5248/1907 1522/5249/1756
f 1463/4271/1631 1646/5239/2019 1642/4970/1903
f 1558/4757/1803 1728/5250/2022 1725/5120/1964
f 1726/5241/2020 1728/5250/2022 1524/4630/1757
f 1496/4531/1721 1684/5127/1965 1727/5251/2021
f 1422/4537/1723 1682/5252/1960 1497/4532/1722
f 1422/5253/1723 1498/5254/1724 1682/5255/1960
f 1541/5256/1776 1647/5257/1907 1724/5258/2023
f 1686/5133/1967 1543/4414/1686 510/1207/514
f 1652/4999/1914 1731/5259/2024 1560/4991/1911
f 1652/4999/1914 1732/5260/2025 1731/5259/2024
f 1652/4999/1914 1653/5261/1912 1732/5260/2025
f 1655/5142/1968 1653/5262/1912 1688/5143/1969
f 1655/5142/1968 1732/5263/2025 1653/5262/1912
f 1689/5264/1970 1657/5006/1916 1733/5265/2026
f 1655/5146/1968 1689/5147/1970 1733/5266/2026
f 1657/5267/1916 1734/5268/1918 1656/5269/1915
f 1689/5270/1970 1734/5271/1918 1657/5272/1916
f 1618/5273/1919 1778/5274/2027 1734/5275/1918
f 1780/5276/2028 1691/5158/1973 1735/5277/2029
f 1735/5277/2029 1691/5158/1973 1471/5026/1688
f 1738/5278/2030 1471/5026/1688 1660/5028/1920
f 1739/5279/2031 1660/5028/1920 1740/5280/2032
f 1660/5028/1920 1661/5029/1921 1740/5280/2032
f 1741/5281/2033 1115/3336/1273 1295/3672/1412
f 1661/5029/1921 1428/5027/1689 1742/5282/2034
f 1743/5283/2035 1619/5163/1874 1744/5284/2036
f 1619/5163/1874 1692/5162/1975 1744/5284/2036
f 1662/5164/1976 1544/5161/1762 1745/5285/2037
f 1115/3336/1273 1793/5286/2038 1695/4550/1729
f 1544/5161/1762 1663/5287/1922 1694/5165/1977
f 1562/4770/1806 1564/4776/1807 1696/5288/2039
f 1697/5170/1979 1746/5289/2040 1569/5034/1814
f 1699/5290/1980 1531/5291/1766 1586/5292/1832
f 1699/5290/1980 1586/5292/1832 1747/5293/2041
f 1746/5289/2040 1589/4843/1837 1569/5034/1814
f 1586/4831/1832 1410/4477/1618 1747/5294/2041
f 1700/5174/1984 1701/5172/1983 1748/5175/2042
f 1698/5295/2043 1570/5296/1815 1749/5297/2044
f 1570/5296/1815 1573/5298/1820 1749/5297/2044
f 1749/5299/2044 1573/5300/1820 1702/5301/2045
f 1410/4477/1618 1343/4656/1526 1551/4726/1790
f 1699/5171/1980 2165/5302/2046 1511/4579/1739
f 1591/4923/1839 1750/5303/2047 1509/4567/1738
f 1750/5303/2047 1593/4852/1841 1509/4567/1738
f 1346/5044/1579 1308/4734/1581 1751/5304/2048
f 1753/5305/2049 1626/5186/1885 1593/4852/1841
f 1752/5306/2050 1705/5307/1990 1595/5308/1844
f 1576/5309/1823 1626/5310/1885 1706/5311/1991
f 1754/5312/2051 1453/4600/1745 1485/4664/1769
f 1708/5192/1994 1515/4604/1746 1756/5313/2052
f 1756/5313/2052 1515/4604/1746 1486/4503/1711
f 1628/4941/1886 1709/5193/1995 1533/4738/1770
f 1631/5314/1889 1626/5186/1885 1753/5305/2049
f 1631/5315/1889 1710/5316/1996 1626/5317/1885
f 1756/5318/2052 1458/5319/1674 1708/5320/1994
f 1756/5318/2052 1486/5321/1711 1458/5319/1674
f 1599/4944/1849 1710/5322/1996 1631/4945/1889
f 1710/5195/1996 1638/5237/1898 1629/5201/1936
f 1758/5323/2053 1603/5209/1855 1712/5208/2000
f 1760/5324/2054 1713/5325/2008 1601/4869/1850
f 1714/5218/2005 1519/4622/1753 1715/5211/2002
f 1674/5090/1950 1362/3509/1340 1139/3510/1341
f 1675/5212/1941 1676/4749/1799 1580/5326/1826
f 1711/5214/2003 1633/5079/1897 1629/5077/1936
f 1715/5211/2002 1717/5219/2007 1761/5327/2055
f 1761/5327/2056 1717/5219/2057 1762/5328/2058
f 1718/5329/2059 1763/5330/2060 1764/5331/2061
f 1760/5332/2062 1606/4879/1857 1713/5220/2008
f 1714/5223/2005 1607/4883/1858 1716/5221/2006
f 1676/5333/1799 1462/5334/1718 1580/5335/1826
f 1764/5336/2063 1718/5227/2009 1639/4963/1899
f 1767/5337/2064 1721/5234/2013 1723/5233/2012
f 1767/5337/2065 1723/5233/2014 1681/5229/1963
f 1767/5338/2066 1723/5235/2015 1609/5107/1900
f 1767/5338/2067 1683/5236/1962 1723/5235/2017
f 1602/4873/1853 1541/4760/1776 1724/5339/2023
f 1557/5112/1802 1815/5114/1961 1639/5340/1899
f 1683/5122/1962 1725/5341/1964 1583/5123/1828
f 1613/5247/1866 1768/5342/2068 1647/5248/1907
f 1769/5343/2069 1642/4970/1903 1646/5239/2019
f 1728/5250/2022 1558/4757/1803 1524/4630/1757
f 1726/5241/2020 1645/4819/1829 1727/5344/2021
f 1643/5345/1865 1497/4532/1722 1682/5252/1960
f 1770/5346/2070 1070/3331/1220 1184/3513/1343
f 1165/5347/1558 1209/3519/1345 1771/5348/2071
f 532/1091/463 1772/5349/2072 1187/3520/1346
f 1426/4540/1726 1328/4142/1511 2004/5350/2073
f 1425/4405/1683 1650/4287/1637 1468/4410/1685
f 1427/4288/1638 511/1274/550 422/994/435
f 1651/4990/1910 901/2036/844 1687/5351/2074
f 1731/5352/2075 1653/5353/1912 1774/5354/2076
f 1731/5355/2075 1688/5143/1969 1653/5262/1912
f 1732/5260/2025 1655/5146/1968 1731/5259/2024
f 1733/5265/2026 1657/5006/1916 1775/5356/2077
f 1775/5356/2077 1657/5006/1916 1617/5011/1873
f 1776/5357/2078 1617/5358/1873 1658/5016/1917
f 1734/5359/1918 1777/5360/2079 1656/5148/1915
f 1777/5360/2079 1658/5016/1917 1656/5148/1915
f 1690/5361/1971 1734/5150/1918 1778/5362/2027
f 902/3099/1189 1691/5363/1973 1779/5364/2080
f 1780/5365/2028 1781/5366/2081 1782/5367/2082
f 1780/5276/2028 1735/5277/2029 1783/5368/2083
f 1781/5366/2081 1735/5369/2029 1782/5367/2082
f 1735/5277/2029 1471/5026/1688 1784/5370/2084
f 1784/5371/2084 1471/5372/1688 1785/5373/2085
f 1471/5026/1688 1736/5374/2086 1785/5375/2085
f 1471/5026/1688 1786/5376/2087 1736/5374/2086
f 1786/5376/2087 1471/5026/1688 1738/5278/2030
f 1660/5377/1920 1739/5378/2031 1788/5379/2088
f 1740/5280/2032 1661/5029/1921 1789/5380/2089
f 1742/5282/2034 1428/5027/1689 1790/5160/1974
f 1794/5381/2090 1745/5382/2037 1796/5383/2091
f 1662/5164/1976 1745/5285/2037 1794/5384/2090
f 1544/5161/1762 1693/5166/1978 1745/5285/2037
f 1745/5285/2037 1693/5166/1978 1797/5385/2092
f 1695/4550/1729 1697/5170/1979 1276/3851/1483
f 1564/5386/1807 1847/5387/2093 1799/5388/2094
f 1564/4776/1807 1570/4788/1815 1849/5389/2095
f 1627/5390/1846 1800/5391/2096 1707/5392/1993
f 1708/5192/2097 1756/5313/2098 1757/5393/2099
f 1627/5394/1846 1631/5395/1889 1800/5396/2096
f 1753/5397/2049 1800/5396/2096 1631/5395/1889
f 1753/5398/2049 1710/5399/1996 1800/5400/2096
f 1753/5305/2049 1801/5401/2100 1710/5195/1996
f 1712/5208/2000 1802/5402/2101 1758/5323/2053
f 1766/5403/2102 1804/5404/2103 1765/5405/2104
f 1765/5405/2105 1804/5404/2106 1759/5406/2107
f 1760/5324/2108 1805/5407/2109 1713/5325/2110
f 1601/4869/1850 1806/5408/2111 1760/5324/2054
f 1760/5324/2108 1806/5408/2112 1805/5407/2109
f 1601/4869/1850 1807/5409/2113 1806/5408/2111
f 1719/5210/2001 1810/5410/2114 1601/4869/1850
f 1601/4869/1850 1810/5410/2114 1807/5409/2113
f 1802/5402/2101 1712/5208/2000 1803/5411/2115
f 1632/4949/1860 1718/5227/2009 1764/5336/2063
f 1632/4949/1860 1764/5336/2063 1808/5412/2116
f 1712/5216/2000 1604/4878/1856 1803/5413/2115
f 1802/5414/2117 1803/5415/2115 1604/4965/1856
f 1803/5415/2118 1809/5416/2119 1759/5417/2107
f 1759/5417/2107 1809/5416/2119 1765/5418/2105
f 1765/5418/2105 1809/5416/2119 1804/5419/2120
f 1760/5332/2062 1806/5420/2121 1606/4879/1857
f 1606/4879/1857 1806/5420/2121 1807/5421/2122
f 1606/4879/1857 1810/5422/2114 1719/5222/2001
f 1606/4879/1857 1807/5421/2122 1810/5422/2114
f 1761/5423/2055 1717/5224/2007 1714/5223/2005
f 1676/5333/1799 1811/5424/2123 1462/5334/1718
f 1764/5336/2063 1639/4963/1899 1808/5412/2116
f 1603/5425/1855 1812/5426/2124 1813/5427/2125
f 1603/5101/1855 1813/5428/2125 1722/5231/2010
f 1767/5337/2064 1814/5429/2126 1721/5234/2013
f 1767/5337/2065 1681/5229/1963 1814/5429/2127
f 1462/5334/1718 1811/5424/2123 1682/5255/1960
f 1767/5338/2066 1609/5107/1900 1814/5430/2126
f 1767/5338/2067 1814/5430/2127 1683/5236/1962
f 1644/5431/1906 1768/5432/2068 1613/5433/1866
f 1612/5434/1905 1643/5435/1865 1684/5436/1965
f 1768/5437/2068 1868/5438/2128 1647/5257/1907
f 1648/5439/1908 2004/5350/2073 1328/4142/1511
f 1466/4285/1635 1771/5348/2071 1209/3519/1345
f 1614/5440/1868 1771/5348/2071 1466/4285/1635
f 1653/5353/1912 1240/5441/1444 1774/5354/2076
f 1731/5355/2075 1774/5442/2076 1688/5143/1969
f 1733/5443/2026 1775/5444/2077 1734/5445/1918
f 1776/5446/2078 1658/5447/1917 1870/5448/2129
f 1733/5266/2026 1734/5150/1918 1816/5449/2130
f 1734/5150/1918 1690/5361/1971 1816/5449/2130
f 1816/5449/2130 1690/5361/1971 1659/5155/1972
f 1779/5450/2080 1691/5451/1973 1822/5452/2131
f 1691/5453/1973 1780/5454/2028 1782/5455/2082
f 1780/5456/2028 1823/5457/2132 1781/5458/2081
f 1780/5459/2028 1783/5460/2083 1823/5461/2132
f 1735/5462/2029 1781/5463/2081 1783/5464/2083
f 1784/5465/2084 1782/5367/2082 1735/5369/2029
f 1785/5466/2133 1782/5367/2082 1784/5465/2084
f 1785/5466/2133 1824/5467/2134 1782/5367/2082
f 1785/5468/2133 1784/5469/2135 1824/5470/2134
f 1785/5471/2085 1736/5472/2086 1784/5473/2135
f 1738/5474/2030 1827/5475/2136 1786/5476/2087
f 1786/5476/2087 1827/5475/2136 1826/5477/2137
f 1738/5478/2030 1825/5479/2138 1827/5480/2136
f 1827/5475/2139 1660/5481/1920 1826/5477/2140
f 1738/5482/2030 1660/5483/1920 1787/5484/2141
f 1660/5481/1920 1788/5485/2088 1828/5486/2142
f 1740/5487/2032 1829/5488/2143 1788/5489/2144
f 1788/5490/2144 1830/5491/2145 1740/5492/2032
f 1740/5487/2032 1832/5493/2146 1831/5494/2147
f 1740/5487/2032 1789/5495/2089 1832/5493/2146
f 1832/5493/2148 1833/5496/2149 1831/5494/2150
f 1295/3672/1412 1737/5497/2151 1741/5281/2033
f 1661/5498/1921 1835/5499/2152 1834/5500/2153
f 1661/5498/1921 1836/5501/2154 1835/5499/2152
f 1661/5029/1921 1742/5282/2034 1836/5502/2154
f 1835/5499/2152 1790/5503/1974 1834/5500/2153
f 1742/5282/2034 1790/5160/1974 1835/5504/2152
f 1619/5505/1874 1837/5506/2155 1790/5507/1974
f 1744/5284/2036 1889/5508/2156 1743/5283/2035
f 1692/5162/1975 1662/5164/1976 1840/5509/2157
f 1692/5510/1975 1840/5511/2157 1791/5512/2158
f 1794/5513/2090 1796/5514/2091 1795/5515/2159
f 1694/5516/1977 1663/5517/1922 1841/5518/2160
f 1663/5519/1922 1562/5520/1806 1842/5521/2161
f 1696/5522/2039 1844/5523/2162 1562/5524/1806
f 1696/5525/2039 1798/5526/2163 1844/5527/2162
f 1564/4776/1807 1845/5528/2164 1696/5529/2039
f 1564/5530/1807 1799/5531/2094 1845/5532/2164
f 1847/5533/2093 1564/5534/1807 1848/5535/2165
f 1564/5534/1807 1849/5536/2095 1848/5535/2165
f 1570/5537/1815 1850/5538/2166 1849/5539/2095
f 1746/5289/2040 1851/5540/2167 1589/4843/1837
f 1410/4477/1618 1551/4726/1790 1747/5294/2041
f 1589/4843/1837 1851/5540/2167 1591/4923/1839
f 1346/5044/1579 1853/5541/2168 1551/4726/1790
f 1511/4579/1739 2165/5302/2046 1704/5182/1988
f 1667/4856/1843 1754/5542/2051 1485/4661/1769
f 1595/5543/1844 1597/5544/1847 1854/5545/2169
f 1599/4944/1849 1800/5546/2096 1710/5322/1996
f 1710/5195/1996 1801/5401/2100 1638/5237/1898
f 1632/5547/1860 1855/5548/2170 1597/5549/1847
f 1802/5402/2101 1856/5550/2171 1758/5323/2053
f 1803/5411/2118 1857/5551/2172 1856/5550/2173
f 1803/5411/2118 1759/5406/2107 1857/5551/2172
f 1806/5408/2112 1858/5552/2174 1805/5407/2109
f 1807/5409/2175 1858/5552/2174 1806/5408/2112
f 1810/5410/2176 1858/5552/2174 1807/5409/2175
f 1715/5553/2002 1761/5554/2055 1714/5555/2005
f 1674/5090/1950 1139/3510/1341 1859/5556/2177
f 1139/3510/1341 1860/5557/2178 1859/5556/2177
f 1602/4872/1853 1811/5558/2123 1676/4749/1799
f 1632/4949/1860 1808/5559/2116 1855/5560/2170
f 1803/5411/2118 1856/5550/2173 1802/5402/2179
f 1802/5414/2117 1720/5561/2011 1856/5562/2180
f 1802/5414/2117 1604/4965/1856 1720/5561/2011
f 1802/5414/2181 1856/5562/2182 1809/5416/2119
f 1802/5414/2181 1809/5416/2119 1803/5415/2118
f 1674/5563/1950 1859/5564/2177 1540/5565/1774
f 1540/4689/1774 1859/5566/2177 1860/5567/2183
f 1540/5568/1774 1860/5569/2183 1911/5570/2184
f 1540/4689/1774 1911/5571/2184 1139/4625/1341
f 1711/5226/2003 1861/5572/2185 1579/4960/1825
f 1603/5573/1855 1720/5574/2011 1812/5575/2124
f 1582/4898/1864 1641/4971/1904 1865/5576/2186
f 1721/5234/2013 1814/5429/2126 1609/5577/1900
f 1814/5578/2127 1681/5579/1963 1683/5580/1962
f 1812/5426/2124 1863/5581/2187 1813/5427/2125
f 1608/5582/1902 1721/5583/2013 1609/5107/1900
f 1683/5584/1962 1681/5585/1963 1725/5586/1964
f 1639/4963/1899 1815/5587/1961 1866/5588/2188
f 1582/5125/1864 1865/5589/2186 1727/5242/2021
f 1641/5590/1904 1727/5591/2021 1865/5592/2186
f 1726/5593/2020 1727/5594/2021 1867/5595/2189
f 1727/5591/2021 1684/5596/1965 1867/5597/2189
f 1643/5345/1865 1682/5252/1960 1684/5127/1965
f 1682/5252/1960 1868/5438/2128 1684/5127/1965
f 1724/5598/2023 1868/5438/2128 1682/5252/1960
f 1647/5257/1907 1868/5438/2128 1724/5599/2023
f 1164/4907/1344 1649/5600/1909 1614/4905/1868
f 1923/5601/2190 1501/2991/1151 1426/4540/1726
f 259/623/283 1527/4821/1830 1294/3834/1476
f 901/2036/844 1924/5602/2191 1687/5351/2074
f 901/2036/844 1560/4991/1911 1924/5602/2191
f 1617/5011/1873 1869/5603/2192 1775/5356/2077
f 1617/5011/1873 1870/5604/2193 1869/5605/2192
f 1617/5606/1873 1776/5446/2078 1870/5448/2193
f 1776/5446/2194 1871/5607/2195 1870/5448/2196
f 1870/5608/2197 1871/5609/2198 1872/5610/2199
f 1658/5447/1917 1871/5607/2200 1870/5448/2129
f 1658/5016/1917 1777/5360/2079 1871/5611/2200
f 1659/5612/1972 1873/5613/2201 1816/5614/2130
f 1690/5615/1971 1778/5274/2027 1873/5616/2202
f 1659/5617/1972 1874/5618/2203 1873/5619/2201
f 1690/5153/1971 1873/5620/2202 1875/5621/2204
f 1659/5155/1972 1876/5622/2205 1874/5623/2203
f 902/3099/1189 1878/5624/2206 1659/5155/1972
f 1779/5625/2080 1880/5626/2207 1879/5627/2208
f 1822/5452/2209 1821/5628/2210 1880/5629/2211
f 1779/5450/2080 1822/5452/2131 1880/5629/2207
f 1822/5630/2131 1879/5631/2208 1880/5632/2207
f 1822/5633/2209 1881/5634/2212 1821/5635/2210
f 1822/5636/2209 1880/5637/2211 1881/5638/2212
f 1822/5639/2131 1691/5363/1973 1879/5640/2208
f 1784/5469/2135 1929/5641/2213 1824/5470/2134
f 1736/5642/2086 1929/5641/2213 1784/5469/2135
f 1786/5643/2087 1826/5644/2137 1825/5645/2138
f 1825/5646/2138 1826/5647/2137 1827/5648/2136
f 1826/5477/2140 1660/5481/1920 1828/5486/2142
f 1826/5649/2140 1882/5650/2214 1827/5651/2139
f 1827/5652/2139 1882/5653/2214 1660/5654/1920
f 1660/5483/1920 1882/5650/2214 1787/5484/2141
f 1828/5486/2142 1788/5485/2088 1883/5655/2215
f 1788/5656/2144 1829/5657/2143 1830/5658/2145
f 1830/5659/2145 1885/5660/2216 1740/5661/2032
f 1740/5661/2032 1884/5662/2217 1739/5663/2031
f 1740/5661/2032 1885/5660/2216 1884/5662/2217
f 1831/5664/2147 1832/5665/2146 1829/5666/2143
f 1740/5667/2032 1831/5668/2147 1829/5669/2143
f 1789/5670/2089 1885/5671/2216 1832/5665/2146
f 1789/5670/2089 1884/5672/2217 1885/5671/2216
f 1834/5673/2153 1790/5674/1974 1836/5675/2154
f 1790/5503/1974 1887/5676/2218 1886/5677/2219
f 1790/5678/1974 1839/5679/2220 1887/5680/2218
f 1790/5507/1974 1837/5506/2155 1839/5681/2220
f 1838/5682/2221 1839/5683/2222 1837/5684/2223
f 1619/5505/1874 1839/5681/2220 1837/5506/2155
f 1619/5685/1874 1887/5686/2218 1839/5687/2220
f 1619/5688/1874 1743/5689/2035 1888/5690/2224
f 1888/5691/2225 1889/5692/2156 1744/5693/2036
f 1744/5694/2036 1692/5695/1975 1888/5696/2225
f 1692/5697/1975 1791/5698/2158 1888/5699/2225
f 1890/5700/2226 1792/5701/2227 1662/5702/1976
f 1745/5285/2037 1797/5385/2092 1796/5703/2091
f 1693/5704/1978 1694/5705/1977 1891/5706/2228
f 1841/5707/2160 1892/5708/2229 1694/5709/1977
f 1841/5518/2160 1663/5517/1922 1893/5710/2230
f 1663/5711/1922 1842/5712/2161 1894/5713/2231
f 1562/5714/1806 1843/5715/2232 1842/5716/2161
f 1799/5717/2094 1847/5718/2093 1896/5719/2233
f 1570/5537/1815 1897/5720/2234 1850/5538/2166
f 1570/5721/1815 1698/5722/2043 1897/5723/2234
f 1573/5724/1820 1898/5725/2235 1702/5726/2045
f 1573/5727/1820 1665/5728/1924 1898/5729/2235
f 1592/5730/1840 1703/5731/1987 1852/5732/2236
f 1591/4923/1839 1989/5733/2237 1750/5303/2047
f 1574/5734/1821 1575/5735/1822 1899/5736/2238
f 1666/5737/1989 1900/5738/2239 1575/5739/1822
f 1346/5044/1579 1902/5740/2240 1853/5541/2168
f 1346/5044/1579 1751/5304/2048 1902/5740/2240
f 1705/5741/1990 1903/5742/2241 1666/5743/1989
f 1593/4852/1841 1750/5303/2047 1753/5305/2049
f 1750/5303/2047 1904/5744/2242 1753/5305/2049
f 1595/5745/1844 1854/5746/2169 1752/5747/2050
f 1904/5744/2242 1801/5401/2100 1753/5305/2049
f 1597/5544/1847 1905/5748/2243 1854/5545/2169
f 1597/5749/1847 1906/5750/2244 1905/5751/2243
f 1905/5751/2243 1906/5750/2244 1907/5752/2245
f 1489/4504/1712 1755/5753/1930 1354/5754/1541
f 1855/5755/2170 1908/5756/2246 1906/5757/2247
f 1855/5758/2170 1906/5750/2244 1597/5749/1847
f 1906/5757/2248 1907/5759/2249 1855/5755/2250
f 1856/5550/2171 1909/5760/2251 1758/5323/2053
f 1856/5550/2173 1857/5551/2172 1909/5760/2252
f 1804/5404/2106 1857/5551/2172 1759/5406/2107
f 1766/5403/2102 1910/5761/2253 1804/5404/2103
f 1804/5404/2106 1910/5761/2254 1857/5551/2172
f 1859/5762/2255 1860/5763/2256 1911/5764/2257
f 1139/3510/1341 1911/5765/2184 1860/5557/2178
f 1638/5766/1898 1861/5767/2185 1629/5768/1936
f 1801/5401/2100 1956/5769/2258 1638/5237/1898
f 1855/5770/2170 1808/5771/2116 1908/5772/2246
f 1603/5101/1855 1912/5773/2259 1720/5561/2011
f 1856/5562/2180 1720/5561/2011 1909/5774/2260
f 1856/5562/2182 1909/5774/2261 1809/5416/2119
f 1804/5419/2120 1809/5416/2119 1910/5775/2254
f 1638/4961/1898 1579/4960/1825 1861/5572/2185
f 1720/5574/2011 1722/5776/2010 1812/5575/2124
f 1639/5777/1899 1862/5778/2262 1808/5779/2116
f 1862/5780/2262 1639/5781/1899 1914/5782/2263
f 1866/5783/2188 1914/5782/2263 1639/5781/1899
f 1722/5231/2010 1863/5784/2187 1915/5785/2264
f 1811/5786/2123 1724/5787/2023 1682/5788/1960
f 1602/5789/1853 1724/5787/2023 1811/5786/2123
f 1813/5428/2125 1863/5784/2187 1722/5231/2010
f 1642/4970/1903 1916/5790/2265 1815/5114/1961
f 1638/5237/1898 1917/5791/2266 1644/4978/1906
f 1769/5343/2069 1918/5792/2267 1642/4970/1903
f 1725/5120/1964 1919/5793/2268 1957/5238/2018
f 1728/5250/2022 1919/5793/2268 1725/5120/1964
f 1726/5794/2020 1867/5595/2189 1728/5795/2022
f 1684/5127/1965 1961/5796/2269 1867/5797/2189
f 1542/4762/1804 1238/3581/1373 1920/5798/2270
f 1423/4282/1634 1921/5799/2271 1500/4984/1777
f 672/1773/738 1922/5800/2272 1186/5801/894
f 1423/4283/1634 1543/4414/1686 1921/5802/2271
f 302/537/244 1294/3834/1476 1100/3096/1187
f 1729/5803/2273 1427/4288/1638 422/994/435
f 1651/4990/1910 1964/5804/2274 1071/3671/1411
f 1560/4991/1911 1731/5259/2024 1924/5602/2191
f 1731/5259/2024 1655/5146/1968 1925/5805/2275
f 1688/5143/1969 1774/5442/2076 1240/5144/1444
f 1655/5146/1968 1733/5266/2026 1925/5805/2275
f 1733/5266/2026 1816/5449/2130 1925/5805/2275
f 1870/5448/2193 1871/5607/2276 1869/5806/2192
f 1872/5807/2277 1777/5360/2079 1869/5808/2192
f 1871/5611/2200 1777/5360/2079 1872/5807/2277
f 1871/5607/2276 1872/5809/2277 1869/5806/2192
f 1618/5273/1919 1926/5810/2278 1778/5274/2027
f 1873/5811/2202 1778/5812/2027 1927/5813/2279
f 1874/5623/2203 1876/5622/2205 1816/5449/2130
f 1873/5814/2201 1874/5623/2203 1816/5449/2130
f 1873/5619/2280 1874/5618/2281 1927/5815/2282
f 1873/5620/2202 1927/5816/2279 1875/5621/2204
f 1690/5153/1971 1875/5621/2204 1618/5154/1919
f 1817/5817/2283 1965/5818/2284 1877/5819/2285
f 1817/5820/2283 1818/5821/2286 1965/5822/2284
f 1819/5823/2287 1818/5824/2286 1817/5825/2283
f 902/3099/1189 1779/5364/2080 1878/5624/2206
f 1880/5637/2211 1928/5826/2288 1881/5638/2212
f 1821/5827/2210 1928/5828/2288 1880/5829/2211
f 1691/5363/1973 1782/5367/2082 1879/5640/2208
f 1929/5830/2213 1823/5831/2132 1783/5832/2083
f 1929/5833/2213 1783/5464/2083 1781/5463/2081
f 1782/5367/2082 1824/5467/2134 1930/5834/2289
f 1929/5835/2213 1736/5374/2086 1931/5836/2290
f 1930/5837/2289 1933/5838/2291 1932/5839/2292
f 1933/5840/2291 1930/5834/2289 1824/5467/2134
f 1932/5841/2293 1933/5840/2294 1934/5842/2295
f 1932/5841/2293 1934/5842/2295 1786/5476/2087
f 1934/5843/2295 1736/5844/2086 1786/5845/2087
f 1931/5846/2290 1736/5844/2086 1934/5843/2295
f 1825/5847/2138 1828/5848/2142 1786/5849/2087
f 1825/5847/2138 1738/5850/2030 1787/5851/2141
f 1882/5650/2214 1826/5649/2140 1828/5852/2142
f 1825/5853/2138 1882/5854/2214 1828/5486/2142
f 1788/5855/2088 1739/5856/2031 1883/5857/2215
f 1829/5858/2143 1883/5859/2215 1830/5659/2145
f 1739/5860/2031 1830/5861/2145 1883/5862/2215
f 1883/5863/2215 1829/5666/2143 1885/5671/2216
f 1829/5666/2143 1832/5665/2146 1885/5671/2216
f 1884/5864/2217 1935/5865/2296 1938/5866/2297
f 1884/5864/2217 1789/5380/2089 1935/5865/2296
f 1834/5867/2153 1935/5868/2296 1661/5869/1921
f 1936/5870/2298 1834/5673/2153 1937/5871/2299
f 1935/5868/2296 1789/5872/2089 1661/5869/1921
f 1937/5873/2299 1834/5874/2153 1836/5875/2154
f 1938/5876/2297 1836/5875/2154 1742/5877/2034
f 1886/5878/2219 1835/5879/2152 1836/5880/2154
f 1836/5501/2154 1790/5503/1974 1886/5677/2219
f 1619/5881/1874 1888/5882/2224 1887/5883/2218
f 1939/5884/2300 1888/5690/2224 1743/5689/2035
f 1791/5885/2158 1889/5886/2156 1888/5887/2225
f 1940/5888/2301 1791/5512/2158 1840/5511/2157
f 1840/5889/2157 1662/5890/1976 1941/5891/2302
f 1941/5891/2302 1662/5890/1976 1792/5892/2227
f 1942/5893/2303 1890/5894/2226 1662/5895/1976
f 1662/5896/1976 1794/5897/2090 1942/5898/2303
f 1942/5899/2303 1794/5900/2090 1795/5901/2159
f 1891/5902/2228 1797/5903/2092 1693/5904/1978
f 1891/5706/2228 1694/5705/1977 1892/5905/2229
f 1893/5906/2230 1663/5907/1922 1894/5908/2231
f 1843/5909/2232 1894/5713/2231 1842/5712/2161
f 1843/5909/2232 1895/5910/2304 1894/5713/2231
f 1562/5911/1806 1844/5912/2162 1843/5913/2232
f 1845/5914/2164 1798/5915/2163 1696/5916/2039
f 1845/5917/2164 1799/5531/2094 1846/5918/2305
f 1943/5919/2306 1799/5920/2094 1896/5921/2233
f 1943/5919/2306 1846/5922/2305 1799/5920/2094
f 1944/5923/2307 1746/5289/2040 1697/5170/1979
f 1945/5924/2308 1851/5540/2167 1746/5289/2040
f 1851/5540/2167 1989/5733/2237 1591/4923/1839
f 1852/5925/2236 1703/5926/1987 1574/5927/1821
f 1946/5928/2309 1705/5929/1990 1752/5930/2050
f 1308/4734/1581 1453/4735/1745 1751/5304/2048
f 1947/5931/2310 1599/4944/1849 1707/5932/1993
f 1947/5931/2310 1800/5546/2096 1599/4944/1849
f 1905/5751/2243 1907/5752/2245 1948/5933/2311
f 1948/5934/2311 1907/5759/2245 1906/5757/2247
f 1908/5756/2246 1948/5934/2311 1906/5757/2247
f 1758/5323/2053 1909/5760/2251 1949/5935/2312
f 1909/5760/2252 1857/5551/2172 1949/5935/2313
f 1950/5936/2314 1711/5214/2003 1629/5077/1936
f 1950/5936/2314 1629/5077/1936 1861/5937/2185
f 1949/5938/2315 1909/5774/2260 1720/5561/2011
f 1949/5938/2316 1809/5416/2119 1909/5774/2261
f 1863/5939/2187 1812/5575/2124 1952/5940/2317
f 1952/5940/2317 1812/5575/2124 1722/5776/2010
f 1722/5776/2010 1915/5941/2264 1955/5942/2318
f 1913/5943/2319 1915/5941/2320 1864/5944/2321
f 1955/5942/2322 1915/5941/2320 1913/5943/2319
f 1955/5945/2323 1915/5785/2264 1863/5784/2187
f 1955/5945/2324 1864/5946/2321 1915/5785/2320
f 1956/5769/2258 1917/5791/2266 1638/5237/1898
f 1768/5437/2068 1959/5947/2325 1868/5438/2128
f 1960/5948/2326 1959/5947/2325 1768/5437/2068
f 1960/5948/2326 1768/5437/2068 1644/5949/1906
f 1960/5948/2326 1644/5949/1906 1917/5950/2266
f 1962/5951/2327 808/2539/996 883/2577/1012
f 883/2869/1012 1015/3255/1254 1962/5952/2327
f 1772/5953/2072 1648/4986/1908 1187/4988/1346
f 1686/5133/1967 1041/3174/1222 1293/3833/1475
f 1730/4700/1778 344/998/440 321/660/305
f 1924/5602/2191 1731/5259/2024 1925/5805/2275
f 1925/5805/2275 1816/5449/2130 1876/5622/2205
f 1778/5954/2027 1875/5621/2204 1927/5816/2279
f 1875/5955/2204 1877/5956/2285 1965/5957/2284
f 1618/5958/1919 1875/5955/2204 1965/5957/2284
f 1876/5622/2205 1659/5155/1972 1878/5624/2206
f 1819/5959/2287 1817/5960/2283 1877/5961/2285
f 1878/5624/2206 1779/5364/2080 1879/5640/2208
f 1967/5962/2328 1928/5828/2288 1821/5827/2210
f 1968/5963/2329 1881/5964/2212 1928/5965/2288
f 1824/5966/2134 1929/5967/2213 1781/5968/2081
f 1932/5969/2330 1933/5970/2291 1824/5971/2134
f 1932/5969/2331 1969/5972/2332 1933/5970/2294
f 1932/5973/2293 1786/5974/2087 1969/5975/2333
f 1969/5972/2332 1934/5976/2295 1933/5970/2294
f 1969/5977/2332 2010/5978/2334 1934/5979/2295
f 1934/5980/2295 2010/5981/2334 1825/5982/2138
f 1934/5983/2295 1825/5984/2138 1931/5985/2290
f 1825/5847/2138 1787/5851/2141 1931/5986/2290
f 1828/5486/2142 1883/5655/2215 1970/5987/2335
f 1739/5988/2031 1884/5989/2217 1882/5990/2214
f 1882/5991/2214 1884/5992/2217 1787/5993/2141
f 1885/5994/2216 1830/5861/2145 1739/5860/2031
f 1883/5655/2215 1885/5995/2216 1971/5996/2336
f 1834/5997/2153 1936/5998/2298 1971/5996/2336
f 1971/5996/2336 1936/5998/2298 1886/5677/2219
f 1834/5999/2153 1971/6000/2336 1935/6001/2296
f 1937/6002/2337 1886/5677/2219 1936/5998/2298
f 1936/6003/2338 1938/6004/2297 1935/6005/2296
f 1936/6006/2338 1937/6007/2299 1938/6008/2297
f 1936/6009/2338 1935/6001/2296 1937/6010/2337
f 1937/6010/2337 1972/6011/2339 1886/6012/2219
f 1937/6010/2337 1935/6001/2296 1972/6011/2339
f 1937/5873/2299 1836/5875/2154 1938/5876/2297
f 1886/5878/2219 1972/6013/2339 1835/5879/2152
f 1835/5879/2152 1972/6013/2339 1973/6014/2340
f 1835/5879/2152 1973/6014/2340 1742/6015/2034
f 1888/6016/2224 1939/6017/2300 1974/6018/2341
f 1889/5508/2156 1791/6019/2158 1743/5283/2035
f 1940/6020/2301 1840/6021/2157 1941/6022/2302
f 1940/6023/2301 1941/6024/2302 1791/6019/2158
f 1976/6025/2342 1978/6026/2343 1975/6027/2344
f 1975/6027/2344 1978/6026/2343 1115/6028/1273
f 1890/6029/2226 1942/6030/2303 1979/6031/2345
f 1890/6029/2226 1979/6031/2345 1792/6032/2227
f 1942/5899/2303 1795/5901/2159 1979/6033/2345
f 1115/6028/1273 1978/6026/2343 1793/6034/2038
f 1979/6035/2345 1795/6036/2159 1796/5703/2091
f 1891/6037/2228 1892/6038/2229 1797/6039/2092
f 1978/6040/2343 1981/6041/2346 1793/6042/2038
f 1891/6043/2347 1982/6044/2348 1980/6045/2349
f 1841/6046/2160 1893/6047/2230 1894/6048/2231
f 1841/6046/2160 1894/6048/2231 1892/6049/2229
f 1983/6050/2350 1695/4550/1729 1793/5286/2038
f 1844/6051/2162 1895/6052/2304 1843/6053/2232
f 1844/6051/2162 1798/6054/2163 1895/6052/2304
f 1845/6055/2164 1846/6056/2305 1798/6057/2163
f 1984/6058/2351 1697/5170/1979 1695/4550/1729
f 1698/6059/2043 1749/6060/2044 1897/6061/2234
f 1749/5299/2044 1702/5301/2045 1898/6062/2235
f 1665/6063/1924 1988/6064/2352 1987/6065/2353
f 1665/6066/1924 1592/6067/1840 1988/6068/2352
f 1592/6069/1840 1852/6070/2236 1988/6071/2352
f 1852/6072/2236 1574/6073/1821 1899/6074/2238
f 1900/5738/2239 1901/6075/2354 1575/5739/1822
f 1990/6076/2355 1904/5744/2242 1750/5303/2047
f 1705/6077/1990 1946/6078/2309 1903/6079/2241
f 1946/6080/2309 1752/6081/2050 1991/6082/2356
f 1854/6083/2169 1992/6084/2357 1993/6085/2358
f 1992/6086/2357 1854/6087/2169 1994/6088/2359
f 1854/6089/2169 1993/6090/2358 2034/6091/2360
f 2034/6091/2360 1993/6090/2358 1905/6092/2243
f 1854/5545/2169 1905/5748/2243 1994/6093/2359
f 2035/6094/2361 1994/6095/2359 1993/6096/2358
f 1993/6097/2358 1994/6098/2359 1905/6099/2243
f 1758/5323/2053 1949/5935/2312 1996/6100/2362
f 1857/5551/2172 1951/6101/2363 1996/6100/2364
f 1949/5935/2313 1857/5551/2172 1996/6100/2364
f 1910/5761/2254 1809/6102/2119 1857/5551/2172
f 1996/6103/2362 1949/5938/2315 1720/5561/2011
f 1996/6103/2364 1951/6104/2363 1949/5938/2316
f 1949/5938/2316 1951/6104/2363 1809/5416/2119
f 1808/5779/2116 1862/5778/2262 1997/6105/2365
f 1722/5776/2010 1998/6106/2366 1952/5940/2317
f 1722/5776/2010 1955/5942/2318 1998/6106/2366
f 1913/5943/2319 1998/6106/2367 1955/5942/2322
f 1955/5945/2323 1863/5784/2187 1998/6107/2368
f 1998/6107/2369 1864/5946/2321 1955/5945/2324
f 1866/5588/2188 1815/5587/1961 1916/6108/2265
f 1642/4970/1903 1918/5792/2267 1916/5790/2265
f 2000/6109/2370 1769/5343/2069 2001/6110/2371
f 1868/5438/2128 1959/5947/2325 1958/6111/2372
f 1769/5343/2069 2000/6109/2370 1918/5792/2267
f 2002/6112/2373 1867/6113/2189 1961/6114/2269
f 2004/6115/2073 1648/4985/1908 1963/6116/2374
f 1165/4144/1558 2005/6117/2375 422/994/435
f 2005/6117/2375 2006/6118/2376 422/994/435
f 422/994/435 2006/6118/2376 1729/5803/2273
f 1734/5359/1918 1775/6119/2077 1777/5360/2079
f 1618/6120/1919 1965/5822/2284 1926/6121/2278
f 1925/6122/2275 1876/6123/2205 1878/6124/2206
f 1877/6125/2285 2007/6126/2377 1819/6127/2287
f 1819/6128/2287 2007/6129/2377 1818/6130/2286
f 1821/6131/2210 1881/6132/2212 1967/6133/2328
f 1879/5640/2208 1782/5367/2082 1878/6134/2206
f 1928/5965/2288 2008/6135/2378 1968/5963/2329
f 1782/5367/2082 1930/5834/2289 1878/6134/2206
f 1823/5461/2132 1929/6136/2213 2009/6137/2379
f 2009/6138/2379 1824/5966/2134 1823/6139/2132
f 1823/6140/2132 1824/6141/2134 1781/6142/2081
f 1824/6143/2134 2010/5981/2334 1932/6144/2330
f 1932/5841/2292 1969/6145/2333 1930/5834/2289
f 1932/6144/2330 2010/5981/2334 1969/6146/2332
f 1969/6145/2333 1786/5476/2087 1930/5834/2289
f 1828/5486/2142 1970/5987/2335 1786/5476/2087
f 1825/5982/2138 2011/6147/2380 1882/6148/2214
f 1742/6149/2034 1973/6150/2340 1938/5866/2297
f 1888/6151/2224 1974/6152/2341 1887/5676/2218
f 1741/5281/2033 2012/6153/2381 1115/3336/1273
f 2014/6154/2382 2015/6155/2383 1115/6156/1273
f 1115/6156/1273 2015/6155/2383 2016/6157/2384
f 2015/6155/2385 1976/6158/2386 2016/6157/2387
f 1115/3336/1273 2016/6159/2384 1975/6160/2344
f 1974/6018/2341 1939/6017/2300 1977/6161/2388
f 1791/6019/2158 1941/6024/2302 2017/6162/2389
f 1890/6163/2390 1977/6161/2388 1980/6164/2349
f 1977/6161/2388 2018/6165/2391 1980/6164/2349
f 1797/5385/2092 1979/6035/2345 1796/5703/2091
f 1166/3337/1274 1216/3607/1386 823/2333/924
f 2022/6166/2392 2025/6167/2393 1695/4550/1729
f 1798/6168/2163 1846/6169/2305 2024/6170/2394
f 2025/6167/2393 1984/6058/2351 1695/4550/1729
f 2026/6171/2395 1943/6172/2306 2027/6173/2396
f 1943/6172/2306 2028/6174/2397 2027/6173/2396
f 1943/6175/2306 1896/6176/2233 2028/6177/2397
f 1848/6178/2165 2028/6179/2397 1847/6180/2093
f 1850/6181/2166 2029/6182/2398 1849/6183/2095
f 1746/5289/2040 2030/6184/2399 1945/5924/2308
f 1665/6185/1924 2076/6186/2400 1898/6187/2235
f 1551/4726/1790 2031/6188/2401 2074/6189/2402
f 1551/4726/1790 1853/5541/2168 2031/6188/2401
f 1905/6190/2243 2035/6191/2361 1992/6192/2357
f 2034/6193/2360 1905/6190/2243 1992/6192/2357
f 1992/6084/2357 2035/6194/2361 1993/6085/2358
f 1801/5401/2100 2037/6195/2403 1956/5769/2258
f 1908/5756/2246 1995/6196/2404 1948/5934/2311
f 1758/5323/2053 2132/6197/2405 1603/5209/1855
f 1603/5209/1855 2132/6197/2405 2038/6198/2406
f 1758/5323/2053 1912/6199/2259 2132/6197/2405
f 1758/5323/2053 1996/6100/2362 1912/6199/2259
f 1809/6200/2119 2039/6201/2407 1857/6202/2172
f 1996/6103/2362 1720/5561/2011 1912/5773/2259
f 1603/5101/1855 2040/6203/2408 1912/5773/2259
f 1809/5416/2119 1951/6104/2363 2039/6204/2407
f 1711/6205/2003 1950/6206/2314 1953/6207/2409
f 1953/6207/2409 1954/6208/2410 1711/6205/2003
f 1711/6205/2003 1954/6208/2410 1861/6209/2185
f 1998/6106/2366 2041/6210/2411 1952/5940/2317
f 1998/6106/2367 1913/5943/2319 2041/6210/2412
f 1914/5782/2263 1866/5783/2188 2042/6211/2413
f 1998/6107/2368 1863/5784/2187 2041/6212/2414
f 1863/5784/2187 1999/6213/2415 2041/6212/2414
f 1998/6107/2369 2041/6212/2416 1864/5946/2321
f 1916/6108/2265 2042/6214/2413 1866/5588/2188
f 2001/6215/2371 1769/6216/2069 2045/6217/2417
f 1646/5239/2019 2045/6218/2417 1769/5343/2069
f 2046/6219/2418 2045/6218/2417 1646/5239/2019
f 2002/6220/2373 2047/6221/2419 2050/6222/2420
f 2050/6223/2420 2047/6224/2419 1961/6225/2269
f 2002/6226/2373 2050/6227/2420 1867/5797/2189
f 1684/5127/1965 1868/5438/2128 2140/6228/2421
f 1500/4984/1777 1770/5346/2070 1184/3513/1343
f 2051/6229/2422 1963/6116/2374 1648/4985/1908
f 1425/4405/1683 2142/6230/2423 1650/4287/1637
f 1425/4541/1683 1100/3096/1187 2142/6231/2423
f 2053/6232/2424 1687/5351/2074 2054/6233/2425
f 1924/5602/2191 2054/6233/2425 1687/5351/2074
f 1869/6234/2192 1777/6235/2079 2055/6236/2426
f 1965/5822/2284 1818/5821/2286 1926/6237/2278
f 2007/6238/2377 1966/6239/2427 1818/6240/2286
f 1820/6241/2428 1966/6239/2427 2007/6238/2377
f 1929/6136/2213 2056/6242/2429 2009/6137/2379
f 1929/5835/2213 1931/5836/2290 2056/6243/2429
f 1931/5836/2290 2057/6244/2430 2056/6243/2429
f 1931/5836/2290 1787/6245/2141 2057/6244/2430
f 1825/5982/2138 2010/5981/2334 2011/6147/2380
f 1787/6245/2141 1884/5864/2217 2057/6244/2430
f 1739/5860/2031 2011/6147/2380 1885/5994/2216
f 1885/5994/2216 2011/6147/2380 1971/6000/2336
f 1971/6000/2336 1972/6011/2339 1935/6001/2296
f 1886/5677/2219 1887/5676/2218 1974/6152/2341
f 1115/6246/1273 2059/6247/2431 2014/6248/2382
f 2014/6249/2432 2059/6250/2433 2013/6251/2434
f 1115/6246/1273 2012/6252/2381 2059/6247/2431
f 2014/6253/2382 2059/6254/2431 2015/6255/2383
f 2015/6255/2383 2012/6256/2381 2016/6257/2384
f 2016/6159/2384 2012/6153/2381 1975/6160/2344
f 1791/6019/2158 2017/6162/2389 1743/5283/2035
f 1939/6017/2300 2017/6258/2389 1977/6161/2388
f 1977/6259/2388 1890/6260/2390 1974/6152/2341
f 1792/6261/2227 1979/6262/2345 1941/6263/2302
f 1890/6260/2390 1980/6045/2349 1974/6152/2341
f 1979/6035/2345 1797/5385/2092 2060/6264/2435
f 1980/6164/2349 2018/6165/2391 1891/6265/2347
f 1894/5713/2231 2060/6264/2435 1892/6266/2229
f 1891/6265/2347 2061/6267/2436 1982/6268/2348
f 1793/6269/2038 1981/6270/2346 2111/6271/2437
f 1982/6268/2348 2061/6267/2436 2019/6272/2438
f 1793/5286/2038 2062/6273/2439 1983/6050/2350
f 1894/5713/2231 1895/5910/2304 2020/6274/2440
f 1983/6275/2350 2063/6276/2441 1695/6277/1729
f 1695/4550/1729 2063/6278/2441 2021/6279/2442
f 1895/5910/2304 1798/6168/2163 2024/6170/2394
f 1695/4550/1729 2021/6279/2442 2022/6166/2392
f 2026/6171/2395 2027/6173/2396 2065/6280/2443
f 2026/6281/2395 2066/6282/2444 1943/6283/2306
f 2066/6282/2444 2067/6284/2445 1943/6283/2306
f 2027/6285/2396 2028/6286/2397 2067/6287/2445
f 1848/6288/2165 1849/6289/2095 2070/6290/2446
f 2071/6291/2447 2030/6292/2399 1746/6293/2040
f 1985/6294/2448 1986/6295/2449 1850/6296/2166
f 1897/6297/2234 1985/6298/2448 1850/6299/2166
f 1747/6300/2041 2074/6301/2402 1699/6302/1980
f 1749/6303/2044 1898/6304/2235 1897/6297/2234
f 1747/5294/2041 1551/4726/1790 2074/6189/2402
f 1989/6305/2237 2077/6306/2450 2078/6307/2451
f 1899/5736/2238 1575/5735/1822 2079/6308/2452
f 1989/6309/2237 2078/6310/2451 2166/6311/2453
f 1900/6312/2239 1666/6313/1989 2081/6314/2454
f 1900/6315/2239 2081/6316/2454 2201/6317/2455
f 1666/5743/1989 2032/6318/2456 2081/6319/2454
f 1666/5743/1989 1903/5742/2241 2032/6318/2456
f 1750/5303/2047 2083/6320/2457 1990/6076/2355
f 1903/6079/2241 1946/6078/2309 2032/6321/2456
f 1704/6322/1988 1751/6323/2048 1667/6324/1843
f 1904/5744/2242 2085/6325/2458 1801/5401/2100
f 2036/6326/2459 2087/6327/2460 2088/6328/2461
f 2036/6329/2462 2088/6330/2463 1992/6331/2357
f 1994/6332/2359 2036/6329/2462 1992/6331/2357
f 1905/6333/2243 2126/6334/2464 2035/6094/2361
f 2036/6335/2462 1994/6095/2359 2088/6336/2463
f 1801/6337/2100 2086/6338/2465 2037/6339/2403
f 1948/6340/2311 2203/6341/2466 1905/6342/2243
f 1995/6196/2404 2090/6343/2467 1948/5934/2311
f 1857/5551/2172 2091/6344/2468 1951/6101/2363
f 2039/6345/2469 2092/6346/2470 2091/6344/2471
f 2039/6345/2407 2091/6344/2468 1857/5551/2172
f 1603/5101/1855 2038/6347/2406 2040/6203/2408
f 1912/5773/2259 2040/6203/2408 2132/6348/2405
f 1951/6104/2363 2091/6349/2468 2039/6204/2407
f 1914/6350/2263 2094/6351/2472 1862/6352/2262
f 1914/6353/2263 2095/6354/2473 2094/6355/2472
f 2094/6356/2472 1997/6105/2365 1862/5778/2262
f 2041/6210/2411 2096/6357/2474 1952/5940/2317
f 1913/5943/2319 2096/6357/2475 2041/6210/2412
f 2041/6212/2414 1999/6213/2415 2096/6358/2474
f 2041/6212/2416 2096/6358/2475 1864/5946/2321
f 2097/6359/2476 1917/6360/2266 1956/6361/2258
f 1918/6362/2267 2000/6363/2370 2049/6364/2477
f 1919/5793/2268 2099/6365/2478 1957/5238/2018
f 2047/6366/2419 2100/6367/2479 1961/6368/2269
f 1961/6369/2269 2100/6370/2479 2002/6371/2373
f 1917/6372/2266 2048/6373/2480 1960/5948/2326
f 1648/4986/1908 1772/5953/2072 2051/6374/2422
f 1426/4540/1726 2102/6375/2481 1923/5601/2190
f 1165/4144/1558 1771/6376/2071 2005/6117/2375
f 1543/4414/1686 1686/5133/1967 2103/6377/2482
f 2005/6117/2375 1771/6376/2071 2006/6118/2376
f 2052/6378/2483 2005/6117/2484 2006/6118/2485
f 1771/6376/2071 1729/5803/2273 2006/6118/2376
f 1687/6379/2074 2105/6380/2486 2104/6381/2487
f 1687/6379/2074 2053/6382/2424 2105/6380/2486
f 2054/6233/2425 1924/5602/2191 2107/6383/2488
f 1730/4700/1778 2108/6384/2489 1295/3672/1412
f 1869/6385/2192 2110/6386/2490 1775/6387/2077
f 1869/6388/2192 2055/6389/2426 2110/6390/2490
f 2055/6389/2491 2109/6391/2492 2110/6390/2493
f 2055/6392/2426 1777/5360/2079 2110/6393/2490
f 1778/5274/2027 1926/5810/2278 1875/6394/2204
f 1966/6395/2427 1926/6237/2278 1818/5821/2286
f 1967/6396/2328 2008/6397/2378 1928/5826/2288
f 1881/6132/2212 1968/6398/2329 1967/6133/2328
f 2009/6399/2379 2010/5981/2334 1824/6143/2134
f 1930/5834/2289 1786/5476/2087 1970/5987/2335
f 1882/6148/2214 2011/6147/2380 1739/5860/2031
f 1883/5655/2215 1971/5996/2336 1970/5987/2335
f 1884/5864/2217 1938/5866/2297 2057/6244/2430
f 1938/5866/2297 1973/6150/2340 2057/6244/2430
f 1971/6000/2336 2011/6147/2380 1972/6011/2339
f 2011/6147/2380 1973/6400/2340 1972/6011/2339
f 2058/6401/2494 2012/6402/2381 1741/6403/2033
f 1743/6404/2035 2017/6405/2389 1939/6406/2300
f 2015/6255/2383 2059/6254/2431 2012/6256/2381
f 1975/6160/2344 2012/6153/2381 1976/6407/2342
f 1977/6408/2388 2017/6405/2389 1941/6263/2302
f 2012/6409/2381 1978/6410/2343 1976/6411/2342
f 1941/6263/2302 1979/6262/2345 1977/6408/2388
f 1977/6408/2388 1979/6262/2345 2018/6412/2391
f 1979/6262/2345 2060/6413/2435 2018/6412/2391
f 2018/6165/2391 2061/6267/2436 1891/6265/2347
f 1797/5385/2092 1892/6266/2229 2060/6264/2435
f 1980/6045/2349 1982/6044/2348 2019/6414/2438
f 1894/5713/2231 2020/6415/2440 2060/6264/2435
f 1793/6416/2038 2111/6417/2437 2062/6418/2439
f 2061/6267/2436 2023/6419/2495 2019/6420/2438
f 1895/5910/2304 2024/6170/2394 2020/6421/2440
f 2112/6422/2496 2022/6166/2392 2021/6279/2442
f 2066/6282/2444 2026/6281/2395 2023/6419/2495
f 2022/6423/2392 2064/6424/2497 2025/6425/2393
f 2067/6426/2445 2066/6427/2444 2027/6428/2396
f 2028/6286/2397 2113/6429/2498 2067/6287/2445
f 2028/6174/2397 2065/6280/2443 2113/6430/2498
f 2067/6431/2445 2113/6432/2498 1943/5919/2306
f 1943/5919/2306 2113/6432/2498 1846/5922/2305
f 2028/6179/2397 2114/6433/2499 1847/6180/2093
f 1944/5923/2307 2069/6434/2500 1746/5289/2040
f 2069/6435/2500 2071/6436/2447 1746/6437/2040
f 1849/6438/2095 2029/6439/2398 2070/6440/2446
f 2071/6441/2447 2116/6442/2501 2030/6184/2399
f 1699/6302/1980 2074/6301/2402 2117/6443/2502
f 1897/6297/2234 1898/6304/2235 1985/6298/2448
f 1699/5171/1980 2117/6444/2502 2165/5302/2046
f 2118/6445/2503 2119/6446/2504 1851/5540/2167
f 1665/6185/1924 2120/6447/2505 2076/6186/2400
f 1665/6185/1924 1987/6448/2353 2120/6447/2505
f 1851/5540/2167 2119/6446/2504 1989/5733/2237
f 619/2334/925 2043/6449/2506 1237/3660/1408
f 2119/6446/2504 2121/6450/2507 1989/5733/2237
f 1852/5925/2236 1899/6451/2238 1988/6452/2352
f 1989/6305/2237 2122/6453/2508 2077/6306/2450
f 2078/6310/2451 2077/6454/2450 2166/6311/2453
f 2080/6455/2509 2077/6454/2510 2078/6310/2511
f 1989/5733/2237 2166/6456/2453 1750/5303/2047
f 2079/6457/2452 1901/6075/2354 1900/5738/2239
f 1900/6458/2239 2201/6459/2455 2079/6460/2452
f 2083/6320/2457 2124/6461/2512 1990/6076/2355
f 1991/6462/2356 2081/6463/2454 1946/6078/2309
f 1946/6078/2309 2252/6464/2513 2032/6321/2456
f 1752/6465/2050 2033/6466/2514 1991/6467/2356
f 1990/6076/2355 2124/6461/2512 1904/5744/2242
f 1904/6468/2242 2124/6469/2512 2084/6470/2515
f 1752/6471/2050 1854/6472/2169 2125/6473/2516
f 2084/6474/2515 2085/6475/2458 1904/6476/2242
f 2034/6477/2360 1992/6086/2357 2126/6478/2464
f 2088/6479/2463 2127/6480/2517 1992/6481/2357
f 1994/6095/2359 2127/6482/2517 2088/6336/2463
f 1707/6483/1993 2128/6484/2518 1947/6485/2310
f 1800/5396/2096 2129/6486/2519 1707/6483/1993
f 1707/6483/1993 2129/6486/2519 2128/6484/2518
f 1800/5396/2096 2130/6487/2520 2129/6486/2519
f 1905/6488/2243 1995/6489/2404 2126/6490/2464
f 1905/6342/2243 2131/6491/2521 1995/6492/2404
f 1905/6342/2243 2203/6341/2466 2131/6491/2521
f 1947/5931/2310 2128/6493/2518 2129/6494/2522
f 1947/6495/2310 2129/6496/2522 2130/6497/2520
f 1947/5931/2310 2130/6498/2520 1800/5546/2096
f 2037/6195/2403 2089/6499/2523 1956/5769/2258
f 1995/6196/2404 2131/6500/2521 2090/6343/2467
f 1808/6501/2116 1997/6502/2365 1908/6503/2246
f 1995/6504/2404 1908/6505/2246 2094/6506/2472
f 1950/6507/2314 2133/6508/2524 1953/6509/2409
f 2096/6357/2474 1999/6510/2415 1952/5940/2317
f 1913/5943/2319 1864/5944/2321 2096/6357/2475
f 1914/5782/2263 2042/6211/2413 2095/6511/2473
f 1646/5239/2019 1957/5238/2018 2046/6512/2418
f 1917/5791/2266 2135/6513/2525 2048/6514/2480
f 1960/5948/2326 2048/6373/2480 2136/6515/2526
f 1958/6516/2372 2137/6517/2527 1868/6518/2128
f 1728/5250/2022 2138/6519/2528 1919/5793/2268
f 1867/5797/2189 2138/6519/2528 1728/5250/2022
f 1961/5796/2269 2140/6228/2421 2139/6520/2529
f 1684/5127/1965 2140/6228/2421 1961/5796/2269
f 1499/4761/1725 2141/6521/2530 1014/3392/1148
f 2949/6522/2531 1772/5349/2072 532/1091/463
f 2004/5350/2073 2102/6375/2481 1426/4540/1726
f 321/660/305 2143/6523/2532 1730/4700/1778
f 2143/6523/2532 2144/6524/2533 1730/4700/1778
f 1651/4990/1910 2146/6525/2534 1964/5804/2274
f 2104/6381/2487 2105/6380/2486 2147/6526/2535
f 2053/6382/2424 2054/6527/2425 2148/6528/2536
f 1924/5602/2191 1925/5805/2275 2151/6529/2537
f 1777/5360/2079 1775/6119/2077 2110/6393/2490
f 1875/6530/2204 2007/6126/2377 1877/6125/2285
f 1930/5834/2289 1970/5987/2335 1878/6134/2206
f 1886/5677/2219 1974/6152/2341 1971/5996/2336
f 2058/6531/2494 1737/6532/2151 2012/6533/2381
f 2012/6153/2381 1981/6534/2346 1978/6535/2343
f 1980/6045/2349 2019/6414/2438 1974/6152/2341
f 2188/6536/2538 2021/6537/2442 2189/6538/2539
f 2023/6419/2495 2061/6267/2436 2066/6282/2444
f 2188/6539/2538 2155/6540/2540 2021/6541/2442
f 2188/6539/2541 2289/6542/2542 2155/6540/2543
f 2022/6543/2392 2112/6544/2496 2063/6545/2544
f 2063/6546/2544 2156/6547/2545 2022/6166/2392
f 2155/6540/2540 2112/6548/2496 2021/6541/2442
f 2022/6549/2392 2156/6550/2545 2064/6551/2497
f 2023/6552/2495 2026/6171/2395 2157/6553/2546
f 2026/6171/2395 2065/6280/2443 2157/6553/2546
f 1984/6554/2351 2241/6555/2547 2068/6556/2548
f 2027/6557/2396 2113/6430/2498 2065/6280/2443
f 2027/6558/2396 2066/6282/2444 2113/6559/2498
f 1896/6560/2233 2114/6561/2499 2028/6562/2397
f 1847/6563/2093 2114/6561/2499 1896/6560/2233
f 1697/5170/1979 2158/6564/2549 1944/6565/2307
f 1848/6566/2165 2070/6567/2446 1985/6298/2448
f 2069/6435/2500 2115/6568/2550 2071/6436/2447
f 2070/6567/2446 2029/6569/2398 1985/6298/2448
f 1850/6570/2166 2072/6571/2551 2029/6572/2398
f 2029/6572/2398 2072/6571/2551 1985/6573/2448
f 1850/6574/2166 1986/6575/2449 2072/6576/2551
f 1945/5924/2308 2159/6577/2552 1851/5540/2167
f 1898/6304/2235 2076/6578/2400 1985/6298/2448
f 2075/6579/2553 2118/6580/2503 1851/6581/2167
f 1988/6064/2352 2162/6582/2554 2161/6583/2555
f 2160/6584/2556 2121/6585/2507 2119/6586/2504
f 2160/6584/2556 2163/6587/2557 2121/6585/2507
f 1988/6588/2352 1899/6589/2238 2162/6590/2554
f 1989/6305/2237 2163/6591/2557 2122/6453/2508
f 1575/5735/1822 2164/6592/2558 2079/6308/2452
f 2077/6593/2450 2122/6594/2508 2166/6595/2453
f 2165/5302/2046 2082/6596/2559 1704/5182/1988
f 2123/6597/2560 2083/6598/2457 1750/6599/2047
f 1751/6600/2048 2167/6601/2561 1667/6602/1843
f 2123/6603/2560 2084/6604/2515 2124/6605/2512
f 1752/6606/2050 2125/6607/2516 2033/6608/2514
f 1991/6609/2356 2168/6610/2562 1854/6472/2169
f 2034/6611/2360 2126/6612/2464 1854/6613/2169
f 2084/6474/2515 2169/6614/2563 2085/6475/2458
f 1994/6095/2359 2035/6094/2361 2127/6482/2517
f 2130/6497/2564 2128/6615/2565 2129/6496/2566
f 1948/6616/2311 2090/6617/2467 2203/6618/2466
f 2089/6619/2523 2037/6620/2403 2093/6621/2567
f 1908/6503/2246 2090/6622/2467 2094/6623/2472
f 1908/6503/2246 1997/6502/2365 2090/6622/2467
f 1863/5939/2187 1952/5940/2317 1999/6510/2415
f 2094/6356/2472 2170/6624/2568 2042/6625/2413
f 2094/6356/2472 2042/6625/2413 1997/6105/2365
f 1953/6626/2409 2133/6627/2524 1954/6628/2410
f 2044/6629/2569 2095/6630/2473 2134/6631/2570
f 1918/5792/2267 2171/6632/2571 1916/5790/2265
f 2044/6629/2569 2134/6631/2570 2173/6633/2572
f 1918/6634/2267 2049/6635/2477 2171/6636/2571
f 1960/5948/2326 2136/6515/2526 1959/5947/2325
f 2173/6637/2572 2172/6638/2573 2044/6639/2569
f 2045/6640/2417 2046/6641/2418 2099/6642/2478
f 2050/6227/2420 2138/6519/2528 1867/5797/2189
f 2174/6643/2574 1499/4761/1725 1237/4820/1408
f 1499/4761/1725 2174/6643/2574 2141/6521/2530
f 1543/4414/1686 2101/6644/2575 1921/5802/2271
f 1543/4414/1686 2103/6377/2482 2101/6644/2575
f 1100/3096/1187 1294/3834/1476 2269/6645/2576
f 1293/6646/1475 2175/6647/2577 1686/6648/1967
f 1730/4700/1778 2178/6649/2578 2108/6384/2489
f 2106/6650/2579 2054/6651/2425 2179/6652/2580
f 2054/6651/2425 2107/6653/2488 2179/6652/2580
f 1925/6654/2275 2180/6655/2581 2151/6656/2537
f 1925/6654/2275 2181/6657/2582 2180/6655/2581
f 2181/6657/2582 1925/6654/2275 2182/6658/2583
f 1925/6654/2275 1878/6659/2206 2182/6658/2583
f 1875/6660/2204 1926/6661/2278 2007/6662/2377
f 1878/6659/2206 2235/6663/2584 2182/6658/2583
f 2007/6662/2377 1926/6661/2278 1820/6664/2428
f 1966/6665/2427 1820/6664/2428 1926/6661/2278
f 2153/6666/2585 1878/6134/2206 2183/6667/2586
f 1967/6668/2328 1968/6669/2329 2008/6670/2378
f 2009/6671/2379 2057/6672/2430 2010/6673/2334
f 2009/6671/2379 2056/6674/2429 2057/6672/2430
f 1295/3672/1412 2152/6675/2587 1737/5497/2151
f 2010/5981/2334 2057/6676/2430 2011/6147/2380
f 2011/6677/2380 2057/6672/2430 1973/6678/2340
f 1971/5996/2336 1974/6152/2341 1970/5987/2335
f 1974/6152/2341 2185/6679/2588 1970/5987/2335
f 1737/5497/2151 2186/6680/2589 2012/6153/2381
f 2018/6412/2391 2060/6413/2435 2061/6681/2436
f 2060/6413/2435 2020/6682/2440 2061/6681/2436
f 1981/6683/2346 2186/6684/2589 2111/6685/2437
f 823/2333/924 1216/3607/1386 2184/6686/2590
f 1983/6275/2350 2187/6687/2591 2063/6276/2441
f 2063/6688/2441 2189/6538/2539 2021/6537/2442
f 2023/6552/2495 2157/6553/2546 2019/6414/2438
f 2020/6682/2440 2066/6689/2444 2061/6681/2436
f 2020/6682/2440 2024/6690/2394 2066/6689/2444
f 2063/6691/2544 2112/6692/2496 2156/6693/2545
f 1984/6694/2351 2025/6695/2393 2241/6696/2547
f 1846/6697/2305 2113/6698/2498 2024/6690/2394
f 2065/6280/2443 2190/6699/2592 2157/6553/2546
f 2065/6280/2443 2028/6174/2397 2190/6699/2592
f 1944/5923/2307 2192/6700/2593 2069/6434/2500
f 2030/6701/2399 2194/6702/2594 2073/6703/2595
f 2116/6704/2501 2194/6702/2594 2030/6701/2399
f 2030/6705/2399 2195/6706/2596 1945/6707/2308
f 2030/6705/2399 2073/6708/2595 2195/6706/2596
f 1945/5924/2308 2195/6709/2596 2159/6577/2552
f 1985/6298/2448 2076/6578/2400 2196/6710/2597
f 2118/6445/2503 2197/6711/2598 2119/6446/2504
f 2076/6712/2400 2199/6713/2599 2161/6714/2600
f 2162/6715/2554 1899/6451/2238 2076/6578/2400
f 2161/6714/2601 2199/6713/2602 2162/6716/2603
f 2161/6717/2600 2162/6715/2554 2076/6578/2400
f 2161/6583/2555 2198/6718/2604 1988/6064/2352
f 2161/6583/2555 2199/6719/2599 2198/6718/2604
f 1988/6064/2352 2198/6718/2604 1987/6065/2353
f 1989/6305/2237 2121/6720/2507 2163/6591/2557
f 2079/6721/2452 2201/6722/2455 1899/6451/2238
f 1575/5735/1822 1901/6723/2354 2164/6592/2558
f 1902/6724/2240 2202/6725/2605 2082/6726/2559
f 2082/6596/2559 2202/6727/2605 1704/5182/1988
f 1751/5304/2048 2202/6728/2605 1902/5740/2240
f 2124/6605/2512 2083/6729/2457 2123/6603/2560
f 1991/6730/2356 2201/6722/2455 2081/6731/2454
f 1704/6322/1988 2202/6732/2605 1751/6323/2048
f 2167/6733/2561 1754/5542/2051 1667/4856/1843
f 2168/6610/2562 2125/6473/2516 1854/6472/2169
f 1751/5304/2048 1453/4735/1745 2167/6734/2561
f 1801/6735/2100 2169/6736/2563 2086/6737/2465
f 1801/6735/2100 2085/6738/2458 2169/6736/2563
f 2086/6739/2465 2093/6621/2567 2037/6740/2403
f 1995/6741/2404 2094/6742/2472 2095/6743/2473
f 2094/6744/2472 2090/6745/2467 2131/6746/2521
f 1950/6747/2314 1861/6748/2185 2133/6749/2524
f 2093/6750/2567 2204/6751/2606 2089/6752/2523
f 2089/6752/2523 2204/6751/2606 1956/6753/2258
f 1861/6754/2185 1954/6755/2410 2205/6756/2607
f 1956/6757/2258 2204/6758/2606 2097/6759/2476
f 2042/6211/2413 2170/6760/2568 2095/6511/2473
f 1957/5238/2018 2099/6365/2478 2046/6512/2418
f 2047/6761/2419 2002/6762/2373 2306/6763/2608
f 1959/5947/2325 2207/6764/2609 1958/6111/2372
f 1916/6765/2265 2208/6766/2610 2042/6767/2413
f 1916/6765/2265 2209/6768/2611 2208/6766/2610
f 2000/6363/2370 2171/6769/2571 2049/6770/2477
f 2207/6771/2609 2137/6517/2527 1958/6516/2372
f 1919/5793/2268 2262/6772/2612 2099/6365/2478
f 1919/5793/2268 2138/6519/2528 2263/6773/2613
f 2050/6227/2420 1961/5796/2269 2210/6774/2614
f 1961/5796/2269 2211/6775/2615 2210/6774/2614
f 1961/5796/2269 2139/6520/2529 2211/6775/2615
f 1868/5438/2128 2260/6776/2616 2140/6228/2421
f 1868/5438/2128 2137/6777/2527 2260/6776/2616
f 2141/6521/2530 2174/6643/2574 2213/6778/2617
f 2141/6779/2618 2214/6780/2619 2213/6781/2620
f 2141/6521/2530 1584/4904/1867 1014/3392/1148
f 2141/6521/2530 2213/6778/2617 1584/4904/1867
f 1542/5131/1804 1920/6782/2270 589/2163/892
f 1921/5799/2271 2267/6783/2621 1500/4984/1777
f 1963/6116/2374 2102/6784/2481 2004/6115/2073
f 921/2990/1150 2420/6785/2622 1424/6786/1636
f 1729/5803/2273 2216/6787/2623 1427/4288/1638
f 1294/3834/1476 1527/4821/1830 2217/6788/2624
f 1427/4288/1638 2177/6789/2625 321/660/305
f 1293/6646/1475 1071/6790/1411 2218/6791/2626
f 321/660/305 2177/6789/2625 2143/6523/2532
f 1071/6790/1411 1964/6792/2274 2218/6791/2626
f 1730/4700/1778 2144/6524/2533 2145/6793/2627
f 1964/6794/2274 2146/6795/2534 2219/6796/2628
f 1470/4415/1687 2221/6797/2629 843/2682/1046
f 1687/6798/2074 2220/6799/2630 1651/6800/1910
f 2104/6801/2487 2222/6802/2631 2223/6803/2632
f 2104/6804/2487 2223/6805/2632 1687/6806/2074
f 2147/6526/2535 2105/6380/2486 2224/6807/2633
f 2225/6808/2634 2108/6384/2489 2178/6649/2578
f 2148/6809/2536 2054/6810/2425 2226/6811/2635
f 843/2682/1046 2221/6797/2629 619/2334/925
f 2107/6653/2488 2228/6812/2636 2179/6652/2580
f 2107/6653/2488 1924/6813/2191 2229/6814/2637
f 2151/6656/2537 2230/6815/2638 1924/6816/2191
f 1924/6817/2191 2230/6818/2638 2150/6819/2639
f 2151/6820/2537 2180/6821/2581 2231/6822/2640
f 2180/6823/2581 2181/6824/2582 2232/6825/2641
f 2182/6658/2583 2234/6826/2642 2181/6657/2582
f 2181/6827/2582 2234/6828/2642 2233/6829/2643
f 1878/6659/2206 2153/6830/2585 2235/6663/2584
f 2153/6830/2585 2236/6831/2644 2235/6663/2584
f 2153/6832/2585 2183/6833/2586 2237/6834/2645
f 1878/6134/2206 1970/5987/2335 2183/6667/2586
f 1970/5987/2335 2284/6835/2646 2183/6667/2586
f 823/2333/924 2184/6686/2590 1773/4040/1560
f 2186/6680/2589 1981/6534/2346 2012/6153/2381
f 1974/6152/2341 2019/6414/2438 2239/6836/2647
f 2111/6837/2437 2186/6680/2589 2062/6273/2439
f 2062/6273/2439 2186/6680/2589 1983/6050/2350
f 2186/6838/2589 2189/6839/2539 2240/6840/2648
f 2063/6276/2441 2187/6687/2591 2240/6841/2648
f 2063/6276/2441 2240/6841/2648 2189/6842/2539
f 2155/6843/2540 2188/6844/2649 2112/6845/2496
f 2189/6846/2539 2156/6547/2545 2112/6847/2496
f 2241/6848/2547 2025/6849/2393 2064/6850/2497
f 2066/6689/2444 2024/6690/2394 2113/6698/2498
f 2068/6851/2548 2241/6852/2547 2191/6853/2650
f 1697/6854/1979 1984/6855/2351 2242/6856/2651
f 2242/6857/2651 2158/6564/2549 1697/5170/1979
f 2068/6858/2548 2191/6859/2650 1984/6855/2351
f 1944/6860/2307 2243/6861/2652 2191/6862/2650
f 1944/6860/2307 2158/6863/2549 2243/6861/2652
f 2028/6174/2397 1848/6566/2165 2190/6699/2592
f 1944/6864/2307 2191/6865/2650 2192/6866/2593
f 2192/6700/2593 2193/6867/2653 2069/6434/2500
f 1848/6566/2165 1985/6298/2448 2190/6699/2592
f 2116/6868/2501 2245/6869/2654 2069/6870/2500
f 2071/6871/2447 2244/6872/2655 2246/6873/2656
f 2071/6871/2447 2246/6873/2656 2247/6874/2657
f 2116/6875/2501 2247/6874/2657 2245/6876/2654
f 2071/6871/2447 2247/6874/2657 2116/6875/2501
f 1851/6877/2167 2248/6878/2658 2075/6879/2553
f 1851/6877/2167 2159/6880/2552 2248/6878/2658
f 2119/6881/2504 2197/6882/2598 2160/6883/2556
f 2076/6186/2400 2120/6447/2505 2198/6884/2604
f 2117/6444/2502 2200/6885/2659 2165/5302/2046
f 2076/6578/2400 1899/6451/2238 2196/6710/2597
f 2076/6712/2400 2198/6886/2604 2199/6713/2599
f 1899/6451/2238 2301/6887/2660 2196/6710/2597
f 1899/6451/2238 2201/6722/2455 2301/6887/2660
f 1853/6888/2168 1902/6889/2240 2165/6890/2046
f 2166/6311/2453 2122/6891/2508 2250/6892/2661
f 1750/6893/2047 2166/6894/2453 2123/6895/2560
f 2082/6896/2559 2165/6897/2046 1902/6898/2240
f 1946/6078/2309 2081/6463/2454 2252/6464/2513
f 2201/6722/2455 1991/6730/2356 2251/6899/2662
f 1854/6613/2169 2251/6899/2662 1991/6730/2356
f 1854/6613/2169 2126/6612/2464 2251/6899/2662
f 2086/6900/2465 2169/6901/2563 2093/6902/2567
f 2132/6197/2405 2253/6903/2663 2038/6198/2406
f 2094/6904/2472 2131/6905/2521 2170/6906/2568
f 2040/6203/2408 2254/6907/2664 2132/6908/2405
f 2093/6750/2567 2304/6909/2665 2204/6751/2606
f 2133/6627/2524 2205/6910/2607 1954/6628/2410
f 2044/6911/2569 2255/6912/2666 2095/6743/2473
f 2000/6109/2370 2001/6110/2371 2171/6632/2571
f 2002/6762/2373 2100/6913/2479 2306/6763/2608
f 2044/6911/2569 2172/6914/2573 2255/6912/2666
f 2134/6631/2570 2257/6915/2667 2173/6633/2572
f 2135/6916/2525 2259/6917/2668 2048/6918/2480
f 2098/6919/2669 2206/6920/2670 2260/6921/2616
f 1919/5793/2268 2263/6773/2613 2262/6772/2612
f 2050/6227/2420 2210/6774/2614 2138/6519/2528
f 2212/6922/2671 2264/6923/2672 2265/6924/2673
f 2212/6925/2671 2266/6926/2674 2264/6927/2672
f 2213/6778/2617 2174/6643/2574 1584/4904/1867
f 1614/5440/1868 2268/6928/2675 1771/5348/2071
f 1424/6786/1636 2420/6785/2622 2419/6929/2676
f 1921/5802/2271 2101/6644/2575 2215/6930/2677
f 2175/6647/2577 2103/6931/2482 1686/6648/1967
f 1923/6932/2190 2313/6933/2678 1501/6934/1151
f 1527/4821/1830 2273/6935/2679 2316/6936/2680
f 2143/6523/2532 2274/6937/2681 2144/6524/2533
f 2274/6937/2681 2275/6938/2682 2144/6524/2533
f 2320/6939/2683 1687/6940/2074 2321/6941/2684
f 2145/6793/2627 2277/6942/2685 1730/4700/1778
f 2278/6943/2686 2178/6649/2578 1730/4700/1778
f 2053/6944/2424 2279/6945/2687 2105/6946/2486
f 2105/6946/2486 2279/6945/2687 2281/6947/2688
f 2281/6948/2689 2280/6949/2690 2279/6950/2691
f 2281/6948/2688 2279/6950/2687 2053/6951/2424
f 2225/6808/2634 2227/6952/2692 2108/6384/2489
f 2326/6953/2693 2054/6954/2425 2106/6955/2579
f 2326/6953/2693 2106/6955/2579 2149/6956/2694
f 2228/6957/2636 2107/6958/2488 2229/6959/2637
f 2108/6384/2489 2152/6675/2587 1295/3672/1412
f 2283/6960/2695 2183/6667/2586 2284/6835/2646
f 2238/6961/2696 1970/5987/2335 2285/6962/2697
f 2185/6963/2588 1974/6964/2341 2286/6965/2698
f 2286/6965/2698 1974/6964/2341 2239/6966/2647
f 2239/6967/2647 2019/6968/2438 2288/6969/2699
f 2463/6970/2700 1983/6971/2350 2240/6972/2648
f 2240/6972/2648 1983/6971/2350 2186/6973/2589
f 2019/6414/2438 2157/6553/2546 2288/6974/2699
f 2188/6975/2701 2289/6976/2702 2154/6977/2703
f 2189/6978/2539 2290/6979/2704 2188/6980/2538
f 2188/6975/2705 2290/6981/2706 2289/6976/2707
f 2188/6844/2649 2290/6982/2704 2112/6845/2496
f 2112/6845/2496 2290/6982/2704 2189/6983/2539
f 2241/6984/2547 2064/6551/2497 2291/6985/2708
f 2291/6985/2708 2064/6551/2497 2156/6550/2545
f 2189/6846/2539 2292/6986/2709 2156/6547/2545
f 2243/6987/2652 1984/6855/2351 2191/6859/2650
f 2242/6856/2651 1984/6855/2351 2243/6987/2652
f 2158/6988/2549 2242/6989/2651 2292/6990/2709
f 2246/6991/2710 2115/6992/2550 2069/6870/2500
f 2115/6993/2550 2244/6994/2655 2071/6995/2447
f 2244/6996/2655 2115/6992/2550 2246/6991/2710
f 2246/6991/2710 2069/6870/2500 2247/6997/2711
f 2245/6869/2654 2247/6997/2711 2069/6870/2500
f 2069/6434/2500 2193/6867/2653 2116/6442/2501
f 2296/6998/2712 2073/6999/2595 2244/7000/2713
f 2296/7001/2712 2244/7002/2713 2246/7003/2714
f 2244/7000/2713 2073/6999/2595 2246/7004/2715
f 2297/7005/2716 2246/7003/2714 2247/7006/2717
f 2296/7001/2712 2246/7003/2714 2297/7005/2716
f 2246/7004/2715 2194/7007/2594 2247/7008/2718
f 2246/7004/2715 2073/6999/2595 2194/7007/2594
f 2245/7009/2719 2247/7008/2718 2194/7007/2594
f 2297/7010/2716 2245/7011/2719 2194/7012/2594
f 2297/7005/2716 2247/7006/2717 2245/7013/2719
f 2297/7014/2716 2194/7015/2594 2195/7016/2596
f 2195/7016/2596 2194/7015/2594 2159/7017/2552
f 2116/6442/2501 2159/6577/2552 2194/7018/2594
f 1985/6298/2448 2196/6710/2597 2190/6699/2592
f 2298/7019/2720 2195/6706/2596 2073/6708/2595
f 2298/7019/2720 2248/7020/2658 2195/6706/2596
f 2299/7021/2721 2159/6577/2552 2116/6442/2501
f 2118/6445/2503 2159/6577/2552 2197/6711/2598
f 2248/7022/2658 2159/7023/2552 2118/7024/2503
f 2299/7021/2721 2197/6711/2598 2159/6577/2552
f 2300/7025/2722 2160/7026/2556 2197/7027/2598
f 2249/7028/2723 2250/6892/2661 2122/6891/2508
f 2302/7029/2724 2123/7030/2560 2249/7031/2723
f 2249/7032/2723 2123/6895/2560 2166/6894/2453
f 2249/7032/2723 2166/6894/2453 2250/7033/2661
f 2168/7034/2562 1991/6467/2356 2033/6466/2514
f 2126/6478/2464 1992/6086/2357 2127/7035/2517
f 1216/3607/1386 1391/4391/1633 2003/7036/1682
f 2303/7037/2725 2035/6094/2361 2126/6334/2464
f 2303/7037/2725 2127/6482/2517 2035/6094/2361
f 2038/6347/2406 2254/6907/2664 2040/6203/2408
f 1997/7038/2365 2042/6214/2413 2090/7039/2467
f 2133/7040/2524 1861/7041/2185 2205/7042/2607
f 2170/6906/2568 2134/6631/2570 2095/6630/2473
f 2136/6515/2526 2207/6764/2609 1959/5947/2325
f 2210/7043/2614 2047/7044/2419 2306/7045/2608
f 2210/7046/2614 2100/6367/2479 2047/6366/2419
f 2308/7047/2726 2098/6919/2669 2260/6921/2616
f 2257/7048/2667 2172/7049/2573 2173/7050/2572
f 2257/7048/2667 2309/7051/2727 2172/7049/2573
f 2307/7052/2728 2045/6217/2417 2261/7053/2729
f 2045/6218/2417 2099/6365/2478 2261/7054/2729
f 2136/7055/2526 2265/6924/2673 2264/6923/2672
f 1920/5798/2270 1238/3581/1373 2310/7056/2730
f 1685/5132/1966 1922/5800/2272 672/1773/738
f 2311/7057/2731 2051/6229/2422 1772/5349/2072
f 2269/7058/2576 1294/7059/1476 2314/7060/2732
f 1294/7059/1476 2315/7061/2733 2314/7060/2732
f 1294/3834/1476 2217/6788/2624 2315/7062/2733
f 1293/6646/1475 2176/7063/2734 2175/6647/2577
f 2271/7064/2735 2272/7065/2736 1427/4288/1638
f 2313/6933/2678 1470/7066/1687 1501/6934/1151
f 2217/6788/2624 1527/4821/1830 2316/6936/2680
f 1293/6646/1475 2218/6791/2626 2176/7063/2734
f 2317/7067/2737 2318/7068/2738 1427/4288/1638
f 2318/7068/2738 2177/6789/2625 1427/4288/1638
f 2144/6524/2533 2276/7069/2739 2145/6793/2627
f 2365/7070/2740 2146/7071/2534 1651/7072/1910
f 2220/7073/2630 1687/7074/2074 2320/7075/2683
f 2223/6805/2632 2321/7076/2684 1687/6806/2074
f 1773/4040/1560 2273/6935/2679 1527/4821/1830
f 2278/6943/2686 2282/7077/2741 2178/6649/2578
f 2053/7078/2424 2148/7079/2536 2323/7080/2742
f 2325/7081/2743 2227/7082/2692 2225/7083/2634
f 2226/7084/2635 2054/7085/2425 2326/7086/2693
f 2229/7087/2637 1924/7088/2191 2328/7089/2744
f 2329/7090/2745 2231/7091/2640 2180/7092/2581
f 2180/7093/2581 2232/7094/2641 2330/7095/2746
f 2182/7096/2583 2235/7097/2584 2331/7098/2747
f 2236/7099/2644 2153/7100/2585 2332/7101/2748
f 2183/7102/2586 2333/7103/2749 2237/7104/2645
f 2183/7105/2586 2283/7106/2695 2334/7107/2750
f 2238/7108/2696 2285/7109/2697 2335/7110/2751
f 2152/6675/2587 2186/6680/2589 1737/5497/2151
f 2285/6962/2697 1970/5987/2335 2185/6679/2588
f 2058/7111/2494 2337/7112/2752 1737/7113/2151
f 1737/7113/2151 2337/7112/2752 1741/7114/2033
f 2186/6680/2589 2340/7115/2753 2189/6846/2539
f 2291/7116/2708 2156/7117/2545 2242/7118/2651
f 2156/7117/2545 2292/7119/2709 2242/7118/2651
f 2189/6846/2539 2340/7115/2753 2292/6986/2709
f 2340/7120/2753 2342/7121/2754 2292/7122/2709
f 2157/7123/2546 2190/7124/2592 2343/7125/2755
f 2344/7126/2756 2192/6866/2593 2191/6865/2650
f 2158/7127/2549 2345/7128/2757 2243/7129/2652
f 2345/7130/2757 2346/7131/2758 2243/7132/2652
f 2192/7133/2593 2344/7134/2756 2347/7135/2759
f 2192/7136/2593 2347/7137/2759 2346/7138/2760
f 2345/7130/2761 2193/7139/2653 2346/7131/2760
f 2192/7136/2593 2346/7138/2760 2193/7140/2653
f 2336/7141/2762 2043/6449/2506 619/2334/925
f 2345/7142/2761 2347/7143/2759 2193/7144/2653
f 2344/7134/2756 2297/7145/2716 2347/7135/2759
f 2297/7146/2716 2193/7144/2653 2347/7143/2759
f 2072/6571/2551 2295/7147/2763 1985/6573/2448
f 2344/7134/2756 2296/7148/2712 2297/7145/2716
f 2193/7144/2653 2297/7146/2716 2116/7149/2501
f 2297/7146/2716 2195/7150/2596 2116/7149/2501
f 1985/6294/2448 2295/7151/2763 1986/6295/2449
f 2296/7152/2712 2348/7153/2764 2073/7154/2595
f 2348/7153/2764 2298/7155/2720 2073/7154/2595
f 2195/7156/2596 2248/7157/2658 2299/7158/2721
f 2195/7159/2596 2299/7160/2721 2116/7161/2501
f 2298/7162/2720 2075/7163/2553 2248/7164/2658
f 2248/7165/2658 2118/7166/2503 2299/7167/2721
f 2349/7168/2765 2198/7169/2604 2350/7170/2766
f 2075/7171/2553 2300/7172/2722 2118/7173/2503
f 2300/7172/2722 2351/7174/2767 2118/7173/2503
f 2118/7166/2503 2351/7175/2767 2299/7167/2721
f 2299/7176/2721 2351/7174/2767 2197/7177/2598
f 2300/7172/2722 2197/7178/2598 2351/7174/2767
f 2336/7141/2762 2356/7179/2768 2043/6449/2506
f 2301/6887/2660 2201/6722/2455 2251/6899/2662
f 2122/7180/2508 2352/7181/2769 2249/7031/2723
f 2032/6318/2456 2401/7182/2770 2081/6319/2454
f 2168/7034/2562 2033/6466/2514 2353/7183/2771
f 2184/6686/2590 1216/3607/1386 2003/7036/1682
f 2251/6899/2662 2126/6612/2464 2355/7184/2772
f 2126/6612/2464 1995/6741/2404 2355/7184/2772
f 2355/7184/2772 1995/6741/2404 2255/6912/2666
f 2132/6197/2405 2254/7185/2664 2253/6903/2663
f 1995/6741/2404 2095/6743/2473 2255/6912/2666
f 2305/7186/2773 1917/7187/2266 2097/7188/2476
f 2208/7189/2610 2209/7190/2611 2357/7191/2774
f 2001/6215/2371 2045/6217/2417 2307/7052/2728
f 2258/7192/2775 2262/7193/2612 2256/7194/2776
f 2210/7195/2614 2211/7196/2615 2100/7197/2479
f 2099/6365/2478 2262/6772/2612 2261/7054/2729
f 2206/7198/2670 2140/7199/2421 2260/7200/2616
f 2264/7201/2672 2409/7202/2777 2136/7203/2526
f 2043/7204/2506 2174/6643/2574 1237/4820/1408
f 1016/3172/1221 1070/7205/1220 2418/7206/2778
f 1500/4984/1777 2267/6783/2621 1770/5346/2070
f 921/2990/1150 1186/2165/894 2420/6785/2622
f 1771/6376/2071 2312/7207/2779 1729/5803/2273
f 1100/3096/1187 2269/6645/2576 2142/6231/2423
f 2271/7064/2735 1427/4288/1638 2270/7208/2780
f 2313/7209/2678 2221/6797/2629 1470/4415/1687
f 2177/6789/2625 2359/7210/2781 2143/6523/2532
f 1964/7211/2274 2219/7212/2628 2319/7213/2782
f 2276/7069/2739 2362/7214/2783 2145/6793/2627
f 2146/7215/2534 2363/7216/2784 2219/7217/2628
f 2220/7218/2630 2365/7219/2740 1651/7220/1910
f 2147/7221/2535 2366/7222/2785 2367/7223/2786
f 2147/7224/2535 2367/7225/2786 2104/7226/2487
f 2104/7227/2487 2367/7228/2786 2322/7229/2787
f 2147/7230/2535 2224/7231/2633 2368/7232/2788
f 2105/7233/2486 2429/7234/2789 2224/7235/2633
f 2281/6947/2688 2369/7236/2790 2105/6946/2486
f 2053/6951/2424 2369/7237/2790 2281/6948/2688
f 2053/7078/2424 2323/7080/2742 2370/7238/2791
f 2178/7239/2578 2282/7240/2741 2324/7241/2792
f 2327/7242/2793 2227/7082/2692 2325/7081/2743
f 2106/7243/2579 2179/7244/2580 2372/7245/2794
f 2106/7243/2579 2554/7246/2795 2149/7247/2694
f 2106/7243/2579 2372/7245/2794 2554/7246/2795
f 2327/7242/2793 2373/7248/2796 2108/7249/2489
f 2227/7082/2692 2327/7242/2793 2108/7249/2489
f 1924/7250/2191 2150/7251/2639 2328/7252/2744
f 2230/7253/2638 2151/7254/2537 2375/7255/2797
f 2151/7256/2537 2231/7257/2640 2376/7258/2798
f 2374/7259/2799 2377/7260/2800 2108/6384/2489
f 2180/7261/2581 2378/7262/2801 2379/7263/2802
f 2180/7092/2581 2379/7264/2802 2329/7090/2745
f 2180/7261/2581 2380/7265/2803 2378/7262/2801
f 2232/7266/2641 2381/7267/2804 2330/7268/2746
f 2181/7269/2582 2381/7270/2804 2232/7271/2641
f 2181/7272/2582 2382/7273/2805 2378/7274/2801
f 2181/7272/2582 2233/7275/2643 2382/7273/2805
f 2237/7276/2645 2384/7277/2806 2153/7278/2585
f 2284/7279/2646 2385/7280/2807 2283/7106/2695
f 2385/7280/2807 2284/7279/2646 2386/7281/2808
f 1970/7282/2335 2387/7283/2809 2284/7284/2646
f 2221/6797/2629 2388/7285/2810 619/2334/925
f 2238/7286/2696 2387/7287/2809 1970/7288/2335
f 2335/7110/2751 2389/7289/2811 2238/7108/2696
f 2285/7109/2697 2390/7290/2812 2335/7291/2751
f 2285/7109/2697 2391/7292/2813 2390/7290/2812
f 2285/7109/2697 2185/7293/2588 2391/7292/2813
f 2388/7285/2810 2336/7141/2762 619/2334/925
f 2286/7294/2698 2239/6836/2647 2393/7295/2814
f 2239/6836/2647 2288/7296/2699 2394/7297/2815
f 1983/6971/2350 2463/6970/2700 2518/7298/2816
f 2186/6680/2589 2463/7299/2700 2340/7115/2753
f 2187/6687/2591 2463/7300/2700 2240/6841/2648
f 2241/7301/2547 2291/7302/2708 2396/7303/2817
f 2291/7304/2708 2341/7305/2818 2396/7306/2817
f 2242/7307/2651 2342/7308/2754 2291/7309/2708
f 2241/6852/2547 2397/7310/2819 2293/7311/2820
f 2242/7307/2651 2243/7312/2652 2342/7308/2754
f 2241/6852/2547 2293/7311/2820 2191/6853/2650
f 2342/7313/2754 2243/7314/2652 2292/7315/2709
f 2343/7125/2755 2190/7124/2592 2398/7316/2821
f 2346/7317/2758 2158/7318/2549 2292/7319/2709
f 2243/7320/2652 2346/7317/2758 2292/7319/2709
f 2346/7321/2760 2347/7143/2759 2345/7142/2761
f 2346/7317/2758 2345/7322/2757 2158/7318/2549
f 2072/6571/2551 2294/7323/2822 2295/7147/2763
f 2072/7324/2551 1986/7325/2449 2294/7323/2822
f 2350/7326/2766 1986/7327/2449 2349/7328/2765
f 2349/7328/2765 1986/7327/2449 2399/7329/2823
f 2074/7330/2402 2031/7331/2401 2117/7332/2502
f 2075/7333/2553 2400/7334/2824 2300/7335/2722
f 2300/7336/2722 2400/7337/2824 2160/6883/2556
f 2120/7338/2505 2350/7170/2766 2198/7169/2604
f 2031/7339/2401 1853/7340/2168 2200/7341/2659
f 2160/7342/2556 2400/7343/2824 2163/7344/2557
f 2200/7341/2659 1853/7340/2168 2165/7345/2046
f 2123/7030/2560 2302/7029/2724 2084/7346/2515
f 2081/6463/2454 2401/7347/2770 2252/6464/2513
f 2084/7346/2515 2302/7029/2724 2402/7348/2825
f 2084/7346/2515 2402/7348/2825 2169/6901/2563
f 2125/6607/2516 2354/7349/2826 2033/6608/2514
f 2167/7350/2561 1453/7351/1745 1754/7352/2051
f 2126/6478/2464 2354/7353/2826 2303/7354/2725
f 2127/7035/2517 2354/7353/2826 2126/6478/2464
f 2169/6901/2563 2475/7355/2827 2093/6902/2567
f 2131/6491/2521 2203/6341/2466 2403/7356/2828
f 2131/6905/2521 2403/7357/2828 2170/6906/2568
f 2204/6758/2606 2304/7358/2665 2097/6759/2476
f 2097/7188/2476 2405/7359/2829 2305/7186/2773
f 2208/7189/2610 2357/7191/2774 2042/6214/2413
f 1917/7360/2266 2407/7361/2830 2135/7362/2525
f 2135/6916/2525 2407/7363/2830 2259/6917/2668
f 2406/7364/2831 2209/7365/2611 1916/7366/2265
f 2048/6373/2480 2259/7367/2668 2136/6515/2526
f 2207/7368/2609 2409/7369/2777 2137/7370/2527
f 2136/7203/2526 2409/7202/2777 2207/7371/2609
f 2172/7372/2573 2410/7373/2832 2255/7374/2666
f 2309/7375/2727 2357/7376/2774 2209/7377/2611
f 2262/6772/2612 2413/7378/2833 2261/7054/2729
f 2136/7379/2526 2415/7380/2834 2265/7381/2673
f 2172/7049/2573 2309/7051/2727 2416/7382/2835
f 2411/7383/2836 2309/7375/2727 2209/7377/2611
f 2210/7043/2614 2414/7384/2837 2138/7385/2528
f 2264/7386/2672 2417/7387/2838 2409/7388/2777
f 2264/7389/2672 2266/7390/2674 2417/7391/2838
f 2212/7392/2671 2415/7393/2839 2266/7394/2674
f 1614/5440/1868 1649/7395/1909 2268/6928/2675
f 1424/6786/1636 2419/6929/2676 1649/7395/1909
f 1186/2165/894 2421/7396/2840 2420/6785/2622
f 2216/6787/2623 2270/7208/2780 1427/4288/1638
f 2272/7065/2736 2423/7397/2841 1427/4288/1638
f 1427/4288/1638 2423/7397/2841 2317/7067/2737
f 2360/7398/2842 2143/7399/2532 2359/7400/2781
f 2218/6791/2626 1964/6792/2274 2361/7401/2843
f 2363/7402/2784 2424/7403/2844 2319/7404/2782
f 2146/7215/2534 2220/7405/2630 2363/7406/2784
f 2145/6793/2627 2362/7214/2783 2364/7407/2845
f 2425/7408/2846 2277/7409/2685 2145/7410/2627
f 2426/7411/2847 2277/7409/2685 2425/7408/2846
f 2426/7411/2847 2427/7412/2848 2277/7409/2685
f 2320/6939/2683 2321/6941/2684 2548/7413/2849
f 2104/7414/2487 2322/7415/2787 2222/7416/2631
f 2366/7417/2785 2147/7230/2535 2429/7418/2789
f 2368/7232/2788 2429/7418/2789 2147/7230/2535
f 2105/7419/2486 2431/7420/2850 2429/7421/2789
f 2278/6943/2686 2430/7422/2851 2282/7077/2741
f 2053/6951/2424 2370/7423/2791 2369/7237/2790
f 2324/7241/2792 2282/7240/2741 2371/7424/2852
f 2324/7425/2792 2432/7426/2853 2178/7427/2578
f 2178/7428/2578 2432/7429/2853 2225/7430/2634
f 2225/7431/2634 2432/7432/2853 2325/7433/2743
f 2325/7081/2743 2373/7248/2796 2327/7242/2793
f 2179/7434/2580 2433/7435/2854 2372/7436/2794
f 2229/6959/2637 2433/7437/2854 2228/6957/2636
f 2108/6384/2489 2434/7438/2855 2374/7259/2799
f 2151/7254/2537 2376/7439/2798 2375/7255/2797
f 2180/7093/2581 2330/7095/2746 2380/7440/2803
f 2181/7441/2582 2378/7442/2801 2380/7443/2803
f 2181/7269/2582 2380/7444/2803 2381/7270/2804
f 2234/7445/2642 2437/7446/2856 2233/7447/2643
f 2182/7448/2583 2437/7449/2856 2234/7450/2642
f 2438/7451/2857 2331/7452/2747 2235/7453/2584
f 2439/7454/2858 2331/7452/2747 2438/7451/2857
f 2153/7455/2585 2383/7456/2859 2332/7457/2748
f 2153/7278/2585 2384/7277/2806 2383/7458/2859
f 2334/7107/2750 2440/7459/2860 2333/7460/2749
f 2183/7105/2586 2334/7107/2750 2333/7460/2749
f 2333/7460/2749 2440/7459/2860 2441/7461/2861
f 2283/7106/2695 2444/7462/2862 2443/7463/2863
f 2283/7106/2695 2385/7280/2807 2444/7462/2862
f 2444/7464/2862 2385/7465/2807 2445/7466/2864
f 2335/7467/2751 2390/7468/2812 2389/7469/2811
f 2391/7470/2813 2185/7471/2588 2446/7472/2865
f 2058/7473/2494 2447/7474/2866 2448/7475/2867
f 2185/7293/2588 2286/7476/2698 2449/7477/2868
f 2058/7111/2494 2448/7478/2867 2337/7112/2752
f 2337/7112/2752 2448/7478/2867 2447/7479/2869
f 2578/7480/2870 2451/7481/2871 2450/7482/2872
f 2452/7483/2873 2582/7484/2874 2451/7481/2871
f 2451/7481/2871 2392/7485/2875 2450/7482/2872
f 2582/7484/2874 2583/7486/2876 2451/7481/2871
f 2583/7486/2876 2453/7487/2877 2451/7481/2871
f 2453/7487/2877 2338/7488/2878 2451/7481/2871
f 2451/7489/2871 2338/7490/2878 2392/7491/2875
f 2456/7492/2879 2458/7493/2880 2457/7494/2881
f 2186/6680/2589 2339/7495/2882 2395/7496/2883
f 2395/7496/2883 2463/7299/2700 2186/6680/2589
f 1983/7497/2350 2518/7498/2816 2187/7499/2591
f 2341/7500/2818 2291/7309/2708 2342/7308/2754
f 2241/7501/2547 2396/7306/2817 2397/7502/2819
f 2288/7503/2699 2157/7504/2546 2464/7505/2884
f 2191/6853/2650 2293/7311/2820 2344/7506/2756
f 2344/7134/2756 2348/7507/2764 2296/7148/2712
f 2295/7508/2763 2399/7509/2823 1986/7510/2449
f 2298/7511/2720 2468/7512/2885 2075/7513/2553
f 2196/7514/2597 2469/7515/2886 2190/7516/2592
f 2399/7517/2823 2470/7518/2887 2349/7519/2765
f 2349/7168/2765 2470/7520/2887 2198/7169/2604
f 2196/7514/2597 2301/7521/2660 2471/7522/2888
f 2117/7332/2502 2031/7339/2401 2200/7341/2659
f 2301/7521/2660 2472/7523/2889 2471/7522/2888
f 2400/7343/2824 2352/7181/2769 2163/7344/2557
f 2163/7344/2557 2352/7181/2769 2122/7180/2508
f 2301/7521/2660 2251/7524/2662 2473/7525/2890
f 2352/7181/2769 2302/7029/2724 2249/7031/2723
f 2401/7526/2770 1901/7527/2354 2079/7528/2452
f 1901/7527/2354 2401/7526/2770 2032/7529/2456
f 2168/7530/2562 2353/7531/2771 2612/7532/2891
f 2612/7533/2891 2125/7534/2516 2168/7535/2562
f 2184/6686/2590 2408/7536/2892 2467/7537/2893
f 2184/6686/2590 2003/7036/1682 2408/7536/2892
f 2127/6482/2517 2303/7037/2725 2203/7538/2466
f 2093/6902/2567 2475/7355/2827 2304/7539/2665
f 2355/7540/2772 2255/7374/2666 2476/7541/2894
f 2255/7374/2666 2477/7542/2895 2476/7541/2894
f 2403/7357/2828 2134/6631/2570 2170/6906/2568
f 2097/7188/2476 2304/7539/2665 2405/7359/2829
f 2256/7543/2776 2714/7544/2896 2258/7545/2775
f 1917/7360/2266 2305/7546/2773 2407/7361/2830
f 2259/7367/2668 2407/7547/2830 2136/6515/2526
f 2258/7548/2775 2413/7549/2833 2262/7550/2612
f 2306/7045/2608 2414/7384/2837 2210/7043/2614
f 2307/7551/2728 2261/7552/2729 2480/7553/2897
f 2206/7554/2670 2481/7555/2898 2140/7556/2421
f 2136/7055/2526 2484/7557/2899 2415/7558/2834
f 2265/6924/2673 2484/7557/2900 2212/7559/2671
f 2415/7558/2834 2484/7557/2900 2265/6924/2673
f 2172/7049/2573 2416/7382/2835 2410/7560/2832
f 2309/7051/2727 2485/7561/2901 2416/7382/2835
f 2309/7051/2727 2411/7562/2836 2486/7563/2902
f 2138/6519/2528 2866/7564/2903 2263/6773/2613
f 2260/6776/2616 2137/6777/2527 2358/7565/2904
f 2137/6777/2527 2409/7388/2777 2487/7566/2905
f 2415/7393/2839 2484/7567/2899 2266/7394/2674
f 2415/7393/2839 2212/7392/2671 2484/7567/2900
f 2356/7568/2768 2174/6643/2574 2043/7204/2506
f 781/2164/893 919/2679/1043 1238/3581/1373
f 1921/5799/2271 2215/7569/2677 2267/6783/2621
f 1771/6376/2071 2725/7570/2906 2312/7207/2779
f 2175/7571/2577 2491/7572/2907 2103/7573/2482
f 2423/7397/2841 2493/7574/2908 2317/7067/2737
f 2317/7067/2737 2494/7575/2909 2318/7068/2738
f 2318/7576/2738 2496/7577/2910 2177/7578/2625
f 2177/7579/2625 2498/7580/2911 2359/7581/2781
f 2360/7398/2842 2274/7582/2681 2143/7399/2532
f 2275/6938/2682 2499/7583/2912 2144/6524/2533
f 2316/6936/2680 2273/6935/2679 2500/7584/2913
f 2144/6524/2533 2499/7583/2912 2276/7069/2739
f 1964/6792/2274 2319/7585/2782 2424/7586/2844
f 2219/7212/2628 2501/7587/2914 2319/7213/2782
f 2363/7588/2784 2501/7589/2914 2219/7590/2628
f 2276/7591/2739 2502/7592/2915 2362/7593/2783
f 2363/7594/2784 2220/7595/2630 2424/7403/2844
f 2146/7071/2534 2503/7596/2916 2220/7597/2630
f 2365/7070/2740 2503/7596/2916 2146/7071/2534
f 2362/7598/2783 2504/7599/2917 2364/7600/2845
f 2365/7219/2740 2220/7218/2630 2505/7601/2918
f 2273/6935/2679 1773/4040/1560 2500/7584/2913
f 2223/6805/2632 2506/7602/2919 2321/7076/2684
f 2277/7603/2685 2507/7604/2920 1730/7605/1778
f 2368/7232/2788 2508/7606/2921 2429/7418/2789
f 2282/7607/2741 2430/7608/2851 2371/7609/2852
f 2228/7610/2636 2556/7611/2922 2179/7612/2580
f 2182/7448/2583 2509/7613/2923 2437/7449/2856
f 2331/7098/2747 2509/7614/2923 2182/7096/2583
f 2235/7615/2584 2236/7616/2644 2438/7617/2857
f 2495/7618/2924 2388/7285/2810 2221/6797/2629
f 2333/7103/2749 2441/7619/2861 2237/7104/2645
f 2442/7620/2925 2334/7621/2750 2283/7622/2695
f 2152/6675/2587 2511/7623/2926 2186/6680/2589
f 2448/7475/2927 2447/7474/2928 2513/7624/2929
f 2058/7473/2494 2512/7625/2930 2447/7474/2866
f 2447/7474/2928 2512/7625/2931 2513/7624/2929
f 1741/7626/2033 2512/7625/2930 2058/7473/2494
f 2449/7477/2868 2286/7476/2698 2576/7627/2932
f 2447/7479/2869 2512/7628/2930 2337/7112/2752
f 2337/7112/2752 2512/7628/2930 1741/7114/2033
f 2186/7629/2589 2455/7630/2933 2339/7631/2882
f 2287/7632/2934 2454/7633/2935 2455/7634/2933
f 2239/7635/2647 2515/7636/2936 2393/7637/2814
f 2461/7638/2937 2516/7639/2938 2339/7640/2882
f 2460/7641/2939 2516/7642/2938 2461/7643/2937
f 2339/7640/2882 2516/7639/2938 2395/7644/2883
f 2239/7635/2647 2517/7645/2940 2515/7636/2936
f 2462/7646/2941 2395/7647/2883 2516/7648/2938
f 2463/7649/2700 2187/7650/2591 2340/7651/2753
f 2187/7650/2591 2341/7652/2818 2340/7651/2753
f 2341/7652/2818 2342/7313/2754 2340/7651/2753
f 2288/7503/2699 2464/7505/2884 2519/7653/2942
f 2157/7654/2546 2465/7655/2943 2464/7656/2884
f 2157/7657/2546 2466/7658/2944 2465/7659/2943
f 2157/7123/2546 2343/7125/2755 2466/7660/2944
f 2348/7153/2764 2468/7512/2885 2298/7511/2720
f 2468/7512/2885 2400/7343/2824 2075/7513/2553
f 2198/6718/2604 2470/7661/2887 1987/6065/2353
f 2473/7525/2890 2251/7524/2662 2521/7662/2945
f 2336/7141/2762 2522/7663/2946 2356/7179/2768
f 2474/7664/2947 2523/7665/2948 2251/7524/2662
f 2033/7666/2514 2354/7667/2826 2524/7668/2949
f 2169/6901/2563 2402/7348/2825 2475/7355/2827
f 2403/7669/2828 2203/7670/2466 2303/7671/2725
f 2254/7185/2664 2525/7672/2950 2253/6903/2663
f 2098/7673/2669 2623/7674/2951 2206/7675/2670
f 2136/6515/2526 2407/7547/2830 2305/7676/2773
f 2260/6921/2616 2358/7677/2904 2308/7047/2726
f 2309/7678/2727 2257/7679/2667 2357/7680/2774
f 2209/7681/2611 2406/7682/2831 2411/7683/2836
f 2482/7684/2952 2529/7685/2953 2412/7686/2954
f 2482/7684/2955 2528/7687/2956 2529/7685/2957
f 2136/7055/2526 2483/7688/2958 2484/7557/2899
f 2309/7051/2727 2486/7563/2902 2485/7561/2901
f 2482/7689/2955 2530/7690/2959 2528/7691/2956
f 2482/7692/2955 2529/7693/2957 2530/7694/2959
f 2138/6519/2528 2414/7695/2837 2866/7564/2903
f 2140/7556/2421 2481/7555/2898 2139/7696/2529
f 2483/7697/2958 2266/7698/2674 2484/7699/2899
f 2417/7387/2838 2266/7394/2674 2632/7700/2960
f 2420/7701/2622 2421/7702/2840 2531/7703/2961
f 1186/2165/894 2633/7704/2962 2421/7396/2840
f 2142/6230/2423 2488/7705/2963 1650/4287/1637
f 1650/4287/1637 2488/7705/2963 1559/4038/1559
f 1729/5803/2273 2312/7207/2779 2422/7706/2964
f 1923/6932/2190 2489/7707/2965 2313/6933/2678
f 2491/7708/2907 2532/7709/2966 2103/6931/2482
f 2490/7710/2967 2216/6787/2623 1729/5803/2273
f 2315/7062/2733 2217/6788/2624 2533/7711/2968
f 2316/6936/2680 2533/7711/2968 2217/6788/2624
f 2272/7065/2736 2271/7064/2735 2423/7712/2841
f 2218/6791/2626 2497/7713/2969 2176/7714/2734
f 2177/7715/2625 2496/7716/2910 2535/7717/2970
f 2535/7718/2970 2536/7719/2971 2177/7720/2625
f 2177/7720/2625 2537/7721/2972 2538/7722/2973
f 2177/7723/2625 2536/7724/2971 2537/7725/2972
f 2360/7398/2842 2498/7726/2911 2274/7582/2681
f 2498/7726/2911 2539/7727/2974 2274/7582/2681
f 2274/6937/2681 2641/7728/2975 2275/6938/2682
f 1964/6792/2274 2424/7586/2844 2361/7401/2843
f 2276/7069/2739 2499/7583/2912 2542/7729/2976
f 2319/7213/2782 2501/7587/2914 2543/7730/2977
f 2276/7731/2739 2542/7732/2976 2544/7733/2978
f 2362/7214/2783 2542/7729/2976 2504/7734/2917
f 2362/7735/2783 2502/7736/2915 2542/7737/2976
f 2426/7738/2847 2425/7739/2846 2364/7740/2845
f 2145/7741/2627 2364/7742/2845 2545/7743/2979
f 2424/7403/2844 2220/7595/2630 2223/7744/2632
f 2220/7595/2630 2320/7745/2683 2223/7744/2632
f 2426/7746/2847 2549/7747/2980 2427/7748/2848
f 2548/7749/2849 2506/7750/2919 2320/7751/2683
f 2320/7751/2683 2506/7750/2919 2223/7752/2632
f 2222/7416/2631 2550/7753/2981 2367/7754/2786
f 2222/7416/2631 2322/7415/2787 2550/7753/2981
f 2222/7755/2631 2367/7756/2786 2223/7744/2632
f 2367/7756/2786 2366/7757/2785 2223/7744/2632
f 2428/7758/2982 2278/7759/2686 2551/7760/2983
f 2431/7761/2850 2366/7762/2785 2429/7763/2789
f 2428/7764/2982 2371/7765/2852 2278/7766/2686
f 2431/7767/2850 2370/7768/2791 2366/7757/2785
f 2105/6946/2486 2369/7236/2790 2431/7769/2850
f 2370/7768/2791 2323/7770/2742 2366/7757/2785
f 2366/7757/2785 2323/7770/2742 2552/7771/2984
f 2323/7772/2742 2148/7773/2536 2657/7774/2985
f 2323/7775/2742 2226/7776/2635 2552/7777/2984
f 2226/7778/2635 2326/7779/2693 2552/7771/2984
f 2326/7780/2693 2553/7781/2986 2372/7782/2794
f 2326/6953/2693 2149/6956/2694 2554/7783/2795
f 2325/7784/2743 2555/7785/2987 2373/7786/2796
f 2326/7779/2693 2372/7787/2794 2552/7771/2984
f 2552/7771/2984 2229/7788/2637 2366/7757/2785
f 2372/7787/2794 2229/7788/2637 2552/7771/2984
f 2372/7789/2794 2433/7790/2854 2229/7791/2637
f 2433/7792/2854 2179/7612/2580 2556/7611/2922
f 2366/7757/2785 2229/7788/2637 2557/7793/2988
f 2228/7794/2636 2558/7795/2989 2556/7796/2922
f 2433/7437/2854 2558/7797/2989 2228/6957/2636
f 2229/7788/2637 2375/7798/2797 2557/7793/2988
f 2373/7799/2796 2434/7800/2855 2108/7801/2489
f 2229/7788/2637 2328/7802/2744 2375/7798/2797
f 2230/6818/2638 2375/7803/2797 2435/7804/2990
f 2230/6818/2638 2435/7804/2990 2150/6819/2639
f 2557/7793/2988 2375/7798/2797 2559/7805/2991
f 2374/7259/2799 2560/7806/2992 2377/7260/2800
f 2231/7807/2640 2329/7808/2745 2664/7809/2993
f 2375/7798/2797 2376/7810/2798 2559/7805/2991
f 2376/7810/2798 2378/7811/2801 2559/7805/2991
f 2378/7812/2801 2376/7813/2798 2379/7814/2802
f 2378/7811/2801 2382/7815/2805 2559/7805/2991
f 2377/7260/2800 2152/6675/2587 2108/6384/2489
f 2382/7815/2805 2437/7816/2856 2559/7805/2991
f 2559/7805/2991 2437/7816/2856 2562/7817/2994
f 2437/7818/2856 2509/7819/2923 2439/7820/2858
f 2437/7816/2856 2439/7821/2858 2562/7817/2994
f 2439/7821/2858 2438/7822/2857 2562/7817/2994
f 2438/7617/2857 2564/7823/2995 2563/7824/2996
f 2236/7616/2644 2564/7823/2995 2438/7617/2857
f 1773/4040/1560 2184/6686/2590 2561/7825/2997
f 2237/6834/2645 2441/7461/2861 2384/7826/2806
f 2283/7827/2695 2566/7828/2998 2442/7829/2925
f 2283/7106/2695 2567/7830/2999 2566/7831/2998
f 2283/7832/2695 2443/7833/2863 2567/7834/2999
f 2568/7835/3000 2443/7836/2863 2444/7837/2862
f 2444/7837/2862 2569/7838/3001 2568/7835/3000
f 2565/7839/3002 2511/7840/2926 2152/6675/2587
f 2445/7841/2864 2385/7842/2807 2510/7843/3003
f 2238/7844/2696 2389/7845/2811 2387/7846/2809
f 2390/7290/2812 2572/7847/3004 2389/7289/2811
f 2571/7848/3005 2570/7849/3006 2573/7850/3007
f 2570/7849/3006 2574/7851/3008 2573/7850/3007
f 2446/7852/2865 2575/7853/3009 2391/7854/2813
f 2574/7851/3008 2286/7294/2698 2573/7850/3007
f 2286/7476/2698 2577/7855/3010 2576/7627/2932
f 2286/7856/2698 2574/7857/3008 2577/7858/3010
f 2451/7859/2871 2579/7860/3011 2452/7861/2873
f 2578/7862/2870 2579/7863/3011 2451/7864/2871
f 2450/7865/3012 2578/7862/3013 2514/7866/3014
f 2450/7865/2872 2579/7863/3011 2578/7862/2870
f 2573/7850/3007 2286/7294/2698 2580/7867/3015
f 2579/7860/3011 2582/7868/3016 2452/7861/2873
f 2452/7861/3017 2582/7868/3018 2581/7869/3019
f 2392/7870/2875 2579/7863/3011 2450/7865/2872
f 2582/7868/3018 2583/7871/3020 2581/7869/3019
f 2582/7872/3016 2453/7873/2877 2583/7874/2876
f 2579/7860/3011 2453/7875/2877 2582/7868/3016
f 2579/7863/3011 2392/7870/2875 2453/7876/2877
f 2186/7629/2589 2511/7877/2926 2455/7630/2933
f 2286/7294/2698 2393/7295/2814 2580/7867/3015
f 2393/7295/2814 2584/7878/3021 2580/7867/3015
f 2338/7879/2878 2585/7880/3022 2586/7881/3023
f 2338/7879/2878 2586/7881/3023 2392/7882/2875
f 2584/7883/3021 2588/7884/3024 2587/7885/3025
f 2584/7878/3021 2393/7295/2814 2588/7886/3024
f 2456/7887/2879 2589/7888/3026 2683/7889/3027
f 2456/7887/2879 2457/7890/2881 2589/7888/3026
f 2455/7630/2933 2589/7891/3026 2339/7640/2882
f 2457/7892/2881 2459/7893/3028 2339/7894/2882
f 2588/7886/3024 2393/7295/2814 2591/7895/3029
f 2458/7896/2880 2459/7897/3028 2457/7898/2881
f 2461/7638/2937 2339/7640/2882 2459/7899/3028
f 2515/7636/2936 2593/7900/3030 2393/7637/2814
f 2515/7901/3031 2593/7902/3032 2592/7903/3033
f 2515/7636/2936 2684/7904/3034 2593/7900/3030
f 2515/7636/2936 2517/7645/2940 2684/7904/3034
f 2394/7905/2815 2517/7906/2940 2239/7907/2647
f 2394/7297/2815 2595/7908/3035 2596/7909/3036
f 2394/7297/2815 2288/7296/2699 2595/7908/3035
f 2595/7910/3035 2519/7911/2942 2597/7912/3037
f 2288/7296/2699 2519/7913/2942 2595/7908/3035
f 2466/7660/2944 2343/7914/2755 2598/7915/3038
f 2293/7916/2820 2599/7917/3039 2344/7918/2756
f 2599/7917/3039 2600/7919/3040 2344/7918/2756
f 2398/7920/2821 2598/7915/3038 2343/7125/2755
f 2190/7921/2592 2598/7922/3038 2398/7923/2821
f 1986/7924/2449 2520/7925/3041 2294/7926/2822
f 2348/7153/2764 2695/7927/3042 2468/7512/2885
f 1986/7928/2449 2350/7929/2766 2520/7930/3041
f 2399/7517/2823 2602/7931/3043 2470/7518/2887
f 2471/7932/2888 2472/7933/2889 2603/7934/3044
f 2120/7935/2505 1987/7936/2353 2350/7929/2766
f 2400/7937/2824 2604/7938/3045 2352/7939/2769
f 2698/7940/3046 2604/7938/3045 2400/7937/2824
f 2336/7941/2762 2601/7942/3047 2522/7943/2946
f 2353/7944/2771 2252/7945/2513 2401/7946/2770
f 2033/7947/2514 2252/7945/2513 2353/7944/2771
f 2606/7948/3048 2608/7949/3049 2474/7950/2947
f 2474/7950/2947 2607/7951/3050 2606/7948/3048
f 2251/7524/2662 2355/7540/2772 2474/7664/2947
f 2607/7952/3050 2610/7953/3051 2611/7954/3052
f 2354/7955/2826 2125/7956/2516 2612/7957/2891
f 2402/7348/2825 2609/7958/3053 2475/7355/2827
f 2354/7353/2826 2612/7959/2891 2303/7354/2725
f 2354/7349/2826 2127/6480/2517 2203/7960/2466
f 2355/7540/2772 2614/7961/3054 2613/7962/3055
f 2355/7540/2772 2476/7541/2894 2614/7961/3054
f 2615/7963/3056 2477/7964/2895 2616/7965/3057
f 2615/7966/3056 2476/7967/2894 2477/7968/2895
f 2253/6903/2663 2618/7969/3058 2038/7970/2406
f 2253/6903/2663 2619/7971/3059 2618/7969/3058
f 2253/6903/2663 2620/7972/3060 2619/7971/3059
f 2525/7672/3061 2621/7973/3062 2620/7972/3063
f 2525/7672/2950 2620/7972/3060 2253/6903/2663
f 2617/7974/3064 2304/7539/2665 2475/7355/2827
f 2090/7039/2467 2404/7975/3065 2203/7960/2466
f 2038/6347/2406 2618/7976/3058 2254/6907/2664
f 2254/6907/2664 2618/7976/3058 2619/7977/3059
f 2254/6907/2664 2619/7977/3059 2620/7978/3060
f 2254/7979/2664 2620/7980/3060 2525/7981/2950
f 2090/7039/2467 2042/6214/2413 2404/7975/3065
f 2477/7982/2895 2255/7983/2666 2622/7984/3066
f 2042/6214/2413 2357/7191/2774 2404/7975/3065
f 2001/6110/2371 2307/7985/2728 2171/6632/2571
f 2098/7673/2669 2624/7986/3067 2623/7674/2951
f 2308/7987/2726 2624/7986/3067 2098/7673/2669
f 2357/7191/2774 2625/7988/3068 2404/7975/3065
f 2258/7989/2775 2626/7990/3069 2413/7991/2833
f 2206/7992/2670 2623/7993/2951 2481/7994/2898
f 2257/7679/2667 2627/7995/3070 2357/7680/2774
f 2528/7687/2956 2479/7996/3071 2529/7685/2957
f 2136/7055/2526 2305/7997/2773 2483/7688/2958
f 2483/7688/2958 2305/7997/2773 2628/7998/3072
f 2483/7688/2958 2628/7998/3072 2629/7999/3073
f 2529/7693/2957 2479/8000/3071 2530/7694/2959
f 2266/8001/2674 2628/8002/3074 2632/8003/2960
f 2483/7697/2958 2629/8004/3073 2266/7698/2674
f 2266/8005/2674 2629/8006/3073 2628/8007/3074
f 2486/7563/2902 2630/8008/3075 2485/7561/2901
f 2263/6773/2613 2866/7564/2903 2721/8009/3076
f 2139/6520/2529 2631/8010/3077 2211/6775/2615
f 2137/6777/2527 2810/8011/3078 2358/7565/2904
f 2137/6777/2527 2487/7566/2905 2810/8011/3078
f 2356/7568/2768 2522/8012/2946 2174/6643/2574
f 2102/8013/2481 2489/8014/2965 1923/8015/2190
f 2269/6645/2576 2314/8016/2732 2634/8017/3079
f 1729/5803/2273 2422/7706/2964 2490/7710/2967
f 2175/7571/2577 2492/8018/3080 2491/8019/2907
f 2270/7208/2780 2635/8020/3081 2271/7064/2735
f 2175/6647/2577 2176/7714/2734 2492/8021/3080
f 2271/7064/2735 2636/8022/3082 2423/7712/2841
f 2313/8023/2678 2495/8024/2924 2221/8025/2629
f 2423/8026/2841 2636/8027/3082 2493/8028/2908
f 2176/7714/2734 2497/7713/2969 2492/8021/3080
f 2494/7575/2909 2637/8029/3083 2318/7068/2738
f 2316/6936/2680 2500/7584/2913 2533/7711/2968
f 2637/8030/3083 2534/8031/3084 2318/8032/2738
f 2318/8033/2738 2534/8034/3084 2535/8035/2970
f 2534/8036/3084 2536/7724/2971 2535/8037/2970
f 2496/8038/2910 2318/8039/2738 2732/8040/3085
f 2535/8041/2970 2638/8042/3086 2318/8043/2738
f 2535/8044/2970 2496/8045/2910 2638/8046/3086
f 2496/8045/2910 2732/8047/3085 2733/8048/3087
f 2177/8049/2625 2538/8050/2973 2639/8051/3088
f 2639/8052/3088 2640/8053/3089 2536/8054/2971
f 2536/7724/2971 2640/8055/3089 2537/7725/2972
f 2538/8056/2973 2537/8057/2972 2640/8058/3089
f 2274/8059/2681 2539/8060/2974 2641/8061/2975
f 2218/6791/2626 2361/7401/2843 2497/7713/2969
f 2641/7728/2975 2642/8062/3090 2275/6938/2682
f 2275/8063/2682 2643/8064/3091 2499/8065/2912
f 2499/7583/2912 2643/8066/3091 2644/8067/3092
f 2644/8068/3092 2643/8069/3091 2645/8070/3093
f 2275/8071/2682 2645/8070/3093 2643/8069/3091
f 2275/6938/2682 2642/8062/3090 2645/8072/3093
f 2499/8073/2912 2644/8068/3092 2645/8070/3093
f 2499/7583/2912 2645/8072/3093 2642/8074/3090
f 2424/7586/2844 2647/8075/3094 2361/7401/2843
f 2646/8076/3095 2648/8077/3096 2499/7583/2912
f 2499/7583/2912 2648/8077/3096 2542/7729/2976
f 2276/7731/2739 2544/7733/2978 2502/8078/2915
f 2319/8079/2782 2543/8080/2977 2363/8081/2784
f 2543/8082/2977 2503/8083/2916 2363/8084/2784
f 2220/7597/2630 2503/7596/2916 2505/8085/2918
f 2426/8086/2847 2364/8087/2845 2649/8088/3097
f 2545/7743/3098 2650/8089/3099 2748/8090/3100
f 2545/7743/2979 2364/7742/2845 2650/8089/3101
f 2545/8091/2979 2650/8092/3101 2145/8093/2627
f 2424/7586/2844 2223/8094/2632 2647/8075/3094
f 2425/8095/2846 2650/8096/3101 2364/8097/2845
f 2145/8093/2627 2650/8092/3101 2425/8098/2846
f 2223/8094/2632 2651/8099/3102 2647/8075/3094
f 2427/8100/2848 2549/8101/2980 2277/8102/2685
f 2277/8103/2685 2652/8104/3103 2507/8105/2920
f 2223/8094/2632 2366/8106/2785 2651/8099/3102
f 1730/4700/1778 2507/8107/2920 2278/6943/2686
f 2278/6943/2686 2507/8107/2920 2653/8108/3104
f 2278/7759/2686 2653/8109/3104 2551/7760/2983
f 2366/8106/2785 2655/8110/3105 2651/8099/3102
f 2508/7606/2921 2654/8111/3106 2429/7418/2789
f 2429/7234/2789 2827/8112/3107 2224/7235/2633
f 2224/7235/2633 2827/8112/3107 2368/8113/2788
f 2428/8114/2982 2551/8115/2983 2371/8116/2852
f 2371/8117/2852 2430/8118/2851 2278/8119/2686
f 2431/8120/2850 2657/8121/2985 2370/8122/2791
f 2657/8123/2985 2369/7237/2790 2370/7423/2791
f 2371/8124/2852 2551/8115/2983 2324/8125/2792
f 2551/8115/2983 2659/8126/3108 2324/8125/2792
f 2323/7775/2742 2657/8127/2985 2658/8128/3109
f 2324/8129/2792 2659/8130/3108 2432/8131/2853
f 2323/7775/2742 2658/8128/3109 2226/7776/2635
f 2432/7432/2853 2659/8132/3108 2325/7433/2743
f 2226/8133/2635 2658/8134/3109 2148/8135/2536
f 2366/8106/2785 2750/8136/3110 2655/8110/3105
f 2553/7781/2986 2660/8137/3111 2372/7782/2794
f 2372/7245/2794 2660/8138/3111 2554/7246/2795
f 2366/8106/2785 2557/8139/2988 2750/8136/3110
f 2557/8139/2988 2661/8140/3112 2750/8136/3110
f 2373/7799/2796 2555/8141/2987 2434/7800/2855
f 2328/7252/2744 2150/7251/2639 2662/8142/3113
f 2150/7251/2639 2435/8143/2990 2662/8142/3113
f 2434/8144/2855 2436/8145/3114 2374/8146/2799
f 2328/8147/2744 2661/8148/3112 2375/8149/2797
f 2661/8148/3112 2663/8150/3115 2375/8149/2797
f 2374/8151/2799 2436/8152/3114 2560/8153/2992
f 2376/7258/2798 2231/7257/2640 2664/8154/2993
f 2559/8155/2991 2665/8156/3116 2557/8139/2988
f 2663/8157/3115 2379/7814/2802 2376/7813/2798
f 2380/7444/2803 2666/8158/3117 2381/7270/2804
f 2233/7275/2643 2666/8159/3117 2382/7273/2805
f 2382/8160/2805 2668/8161/3118 2437/8162/2856
f 2562/8163/2994 2669/8164/3119 2559/8155/2991
f 2437/7446/2856 2668/8165/3118 2667/8166/3120
f 2437/7446/2856 2667/8166/3120 2233/7447/2643
f 2331/7098/2747 2667/8167/3120 2509/7614/2923
f 2509/8168/2923 2564/8169/3121 2439/8170/2858
f 2562/8171/2994 2438/8172/2857 2563/8173/2996
f 2377/7260/2800 2565/7839/3002 2152/6675/2587
f 2563/8174/2996 2669/8175/3119 2562/8176/2994
f 2332/7101/2748 2671/8177/3122 2236/7099/2644
f 2568/8178/3000 2569/8179/3001 2443/8180/2863
f 2444/8181/2862 2445/8182/2864 2569/8183/3001
f 2445/8184/2864 2510/8185/3003 2569/8186/3001
f 2385/8187/2807 2672/8188/3123 2510/8189/3003
f 2386/8190/2808 2672/8188/3123 2385/8187/2807
f 2284/7279/2646 2900/8191/3124 2386/7281/2808
f 2386/8192/2808 2900/8193/3124 2672/8194/3123
f 2389/7289/2811 2673/8195/3125 2387/7287/2809
f 2391/8196/2813 2575/8197/3009 2390/8198/2812
f 2570/8199/3006 2675/8200/3126 2574/8201/3008
f 2185/7293/2588 2576/8202/2932 2446/8203/2865
f 2571/8204/3005 2573/8205/3007 2674/8206/3127
f 2449/8207/2868 2576/8208/2932 2185/8209/2588
f 2573/8205/3007 2676/8210/3128 2674/8206/3127
f 2577/8211/3129 2678/8212/3130 2679/8213/3131
f 2576/7627/2932 2577/7855/3010 2679/8214/3132
f 2574/7857/3008 2679/8215/3132 2577/7858/3010
f 2580/7867/3015 2676/8216/3128 2573/7850/3007
f 2511/7877/2926 2586/8217/3023 2455/7630/2933
f 2392/7870/2875 2586/8218/3023 2453/7876/2877
f 2453/8219/2877 2585/8220/3022 2338/8221/2878
f 2455/8222/2933 2586/8223/3023 2287/8224/2934
f 2584/7883/3021 2681/8225/3133 2680/8226/3134
f 2584/8227/3021 2682/8228/3135 2681/8229/3133
f 2584/7883/3021 2587/7885/3025 2682/8230/3135
f 2456/8231/2879 2683/8232/3027 2458/8233/2880
f 2339/7894/2882 2589/8234/3026 2457/7892/2881
f 2458/7896/2880 2590/8235/3136 2459/7897/3028
f 2393/8236/2814 2684/8237/3034 2591/8238/3029
f 2593/8239/3030 2684/8237/3034 2393/8236/2814
f 2462/7646/2941 2516/7648/2938 2685/8240/3137
f 2462/8241/2941 2685/8242/3137 2395/8243/2883
f 2518/7298/2816 2687/8244/3138 2686/8245/3139
f 2518/7298/2816 2463/6970/2700 2687/8244/3138
f 2396/8246/2817 2689/8247/3140 2397/7310/2819
f 2464/7505/2884 2690/8248/3141 2519/7653/2942
f 2465/8249/2943 2692/8250/3142 2464/8251/2884
f 2464/8252/2884 2692/8253/3142 2690/8254/3141
f 2599/8255/3039 2693/8256/3143 2600/8257/3040
f 2190/7516/2592 2469/7515/2886 2598/7915/3038
f 2344/8258/2756 2600/8259/3040 2789/8260/3144
f 2694/8261/3145 2695/8262/3042 2348/8263/2764
f 2295/8264/2763 2294/8265/2822 2399/8266/2823
f 2294/8267/2822 2520/8268/3041 2399/8269/2823
f 2468/8270/2885 2697/8271/3146 2696/8272/3147
f 2520/7930/3041 2350/7929/2766 2602/8273/3043
f 2350/7929/2766 1987/7936/2353 2602/8273/3043
f 2698/8274/3046 2400/8275/2824 2468/8276/2885
f 2603/8277/3044 2473/8278/2890 2471/8279/2888
f 2471/7522/2888 2473/7525/2890 2196/7514/2597
f 2472/8280/2889 2473/8281/2890 2603/8282/3044
f 2472/7523/2889 2301/7521/2660 2473/7525/2890
f 2698/8283/3046 2699/8284/3148 2604/8285/3045
f 2352/7939/2769 2604/7938/3045 2605/8286/3149
f 2352/7181/2769 2605/8287/3149 2302/7029/2724
f 2079/8288/2452 2164/8289/2558 2401/8290/2770
f 2251/7524/2662 2523/7665/2948 2521/7662/2945
f 1901/8291/2354 2032/8292/2456 2164/8293/2558
f 2032/8292/2456 2252/8294/2513 2164/8293/2558
f 2402/8295/2825 2702/8296/3150 2701/8297/3151
f 2702/8298/3150 2703/8299/3152 2701/8300/3151
f 2252/8294/2513 2033/6608/2514 2524/8301/2949
f 2474/8302/2947 2705/8303/3153 2607/8304/3050
f 2607/8304/3050 2705/8303/3153 2704/8305/3154
f 2474/7664/2947 2613/7962/3055 2705/8306/3153
f 2607/8307/3050 2611/8308/3052 2606/8309/3048
f 2607/8310/3050 2704/8311/3154 2610/8312/3051
f 2474/7664/2947 2355/7540/2772 2613/7962/3055
f 2611/8313/3052 2610/8314/3051 2862/8315/3155
f 2707/8316/3156 2708/8317/3157 2615/8318/3056
f 2615/8319/3056 2616/8320/3057 2707/8321/3156
f 2615/8322/3056 2708/8323/3157 2476/8324/2894
f 2476/8324/2894 2708/8323/3157 2614/8325/3054
f 2477/8326/2895 2709/8327/3158 2616/8328/3057
f 2619/7971/3159 2710/8329/3160 2618/7969/3161
f 2304/8330/2665 2807/8331/3162 2711/8332/3163
f 2617/8333/3064 2807/8331/3162 2304/8330/2665
f 2807/8331/3164 2712/8334/3165 2711/8332/3166
f 2711/8335/3163 2405/8336/2829 2304/8337/2665
f 2711/8335/3163 2807/8338/3162 2405/8336/2829
f 2403/7357/2828 2713/8339/3167 2134/6631/2570
f 2255/7374/2666 2526/8340/3168 2622/8341/3066
f 2100/6913/2479 2715/8342/3169 2306/6763/2608
f 2134/6631/2570 2713/8339/3167 2257/6915/2667
f 2255/7374/2666 2410/7373/2832 2526/8340/3168
f 2527/8343/3170 2716/8344/3171 2211/8345/2615
f 2358/8346/2904 2624/8347/3067 2308/8348/2726
f 2411/7683/2836 2406/7682/2831 2719/8349/3172
f 2256/8350/2776 2262/8351/2612 2945/8352/3173
f 2358/8346/2904 2717/8353/3174 2624/8347/3067
f 2305/7997/2773 2629/7999/3175 2628/7998/3072
f 2485/7561/2901 2630/8008/3075 2627/8354/3070
f 2411/7562/2836 2719/8355/3172 2486/7563/2902
f 2263/6773/2613 2720/8356/3176 2262/6772/2612
f 2628/8002/3074 2629/8357/3175 2632/8003/2960
f 2485/7561/2901 2718/8358/3177 2416/7382/2835
f 2174/6643/2574 2812/8359/3178 1584/4904/1867
f 1920/6782/2270 1685/5132/1966 589/2163/892
f 1070/3331/1220 1770/5346/2070 2418/8360/2778
f 2051/6229/2422 2311/7057/2731 1963/6116/2374
f 2531/8361/2961 2421/8362/2840 2633/8363/2962
f 2724/8364/3179 2488/7705/2963 2142/6230/2423
f 2103/6931/2482 2532/7709/2966 2101/8365/2575
f 2490/7710/2967 2726/8366/3180 2216/6787/2623
f 2726/8366/3180 2727/8367/3181 2216/6787/2623
f 2314/8016/2732 2315/7062/2733 2634/8017/3079
f 2216/6787/2623 2727/8367/3181 2270/7208/2780
f 2635/8020/3081 2636/8022/3082 2271/7064/2735
f 2636/8022/3082 2728/8368/3182 2493/7574/2908
f 2493/7574/2908 2728/8368/3182 2317/7067/2737
f 2317/8369/2737 2728/8370/3182 2729/8371/3183
f 2729/8372/3183 2494/8373/2909 2815/8374/3184
f 2729/8375/3183 2728/8376/3182 2494/8377/2909
f 2494/8377/2909 2728/8376/3182 2731/8378/3185
f 2534/8379/3084 2637/8380/3083 2638/8381/3086
f 2318/8039/2738 2638/8382/3086 2732/8040/3085
f 2534/8379/3084 2638/8381/3086 2536/8383/2971
f 2496/8045/2910 2733/8048/3087 2638/8046/3086
f 2638/8384/3086 2733/8385/3087 2536/8386/2971
f 2177/8387/2625 2639/8388/3088 2498/8389/2911
f 2538/8390/2973 2640/8053/3089 2639/8052/3088
f 2360/8391/2842 2359/8392/2781 2498/8393/2911
f 2643/8394/3186 2641/8395/2975 2539/7727/2974
f 2643/8394/3186 2539/7727/2974 2644/8396/3187
f 2644/8397/3187 2642/8398/3090 2643/8399/3186
f 2643/8394/3186 2642/8400/3090 2641/8395/2975
f 2644/8396/3187 2539/7727/2974 2642/8400/3090
f 2539/7727/2974 2735/8401/3188 2642/8400/3090
f 2736/8402/3189 2539/7727/2974 2817/8403/3190
f 2539/7727/2974 2736/8402/3189 2735/8401/3188
f 2499/8404/2912 2642/8400/3090 2735/8401/3188
f 2736/8402/3189 2819/8405/3191 2735/8401/3188
f 2737/8406/3192 2499/8404/2912 2735/8401/3188
f 2738/8407/3193 2541/8408/3194 2540/8409/3195
f 2738/8410/3193 2540/8411/3195 2876/8412/3196
f 2738/8413/3197 2876/8414/3198 2735/8415/3188
f 2540/8411/3195 2877/8416/3199 2876/8412/3196
f 2876/8414/3198 2877/8417/3199 2735/8415/3188
f 2877/8417/3199 2739/8418/3200 2735/8415/3188
f 2877/8416/3199 2540/8411/3195 2739/8419/3200
f 2541/8420/3194 2646/8421/3095 2735/8422/3188
f 2541/8423/3194 2735/8424/3188 2739/8425/3200
f 2540/8411/3195 2741/8426/3201 2739/8419/3200
f 2361/7401/2843 2647/8075/3094 2740/8427/3202
f 2541/8428/3194 2742/8429/3203 2540/8430/3195
f 2741/8426/3201 2540/8411/3195 2742/8431/3203
f 2742/8429/3203 2541/8428/3194 2544/8432/2978
f 2742/8429/3203 2544/8432/2978 2648/8433/3096
f 2743/8434/3204 2502/8435/2915 2541/8428/3194
f 2541/8428/3194 2502/8435/2915 2544/8436/2978
f 2542/7732/2976 2744/8437/3205 2544/7733/2978
f 2648/8077/3096 2745/8438/3206 2542/7729/2976
f 2647/8439/3094 2503/8083/2916 2543/8082/2977
f 2542/7737/2976 2743/8440/3204 2744/8441/3205
f 2502/7736/2915 2743/8440/3204 2542/7737/2976
f 2542/7729/2976 2745/8438/3206 2504/7734/2917
f 2647/8075/3094 2746/8442/3207 2503/8443/2916
f 2505/8444/2918 2503/8445/2916 2746/8446/3207
f 2747/8447/3208 2649/8088/3097 2364/8087/2845
f 2747/8447/3208 2364/8087/2845 2504/8448/2917
f 2546/8449/3209 2547/8450/3210 2746/8451/3207
f 2651/8099/3102 2746/8442/3207 2647/8075/3094
f 2426/7746/2847 2649/8452/3097 2549/7747/2980
f 2546/8453/3209 2321/8454/2684 2547/8455/3210
f 2546/8453/3209 2548/8456/2849 2321/8454/2684
f 2277/8102/2685 2549/8101/2980 2652/8457/3103
f 2367/8458/2786 2651/8459/3102 2322/8460/2787
f 2654/8461/3106 2656/8462/3211 2429/8463/2789
f 2655/8110/3105 2656/8464/3211 2651/8099/3102
f 1773/4040/1560 2561/7825/2997 2500/7584/2913
f 2429/7234/2789 2656/8465/3211 2827/8112/3107
f 2655/8466/3105 2431/7769/2850 2369/7236/2790
f 2431/8120/2850 2655/8467/3105 2657/8121/2985
f 2148/7773/2536 2749/8468/3212 2657/7774/2985
f 2655/8469/3105 2750/8470/3110 2658/8471/3109
f 2326/6953/2693 2554/7783/2795 2553/8472/2986
f 2555/7785/2987 2325/7784/2743 2659/8126/3108
f 2553/8473/2986 2750/8474/3110 2660/8475/3111
f 2661/8140/3112 2660/8476/3111 2750/8136/3110
f 2433/8477/2854 2661/8478/3112 2662/8479/3113
f 2433/8477/2854 2662/8479/3113 2558/8480/2989
f 2328/8481/2744 2662/8479/3113 2661/8478/3112
f 2557/8139/2988 2663/8482/3115 2661/8140/3112
f 2663/8483/3115 2435/7804/2990 2375/7803/2797
f 2557/8139/2988 2665/8156/3116 2663/8482/3115
f 2379/8484/2802 2663/8485/3115 2665/8486/3116
f 2559/8155/2991 2666/8487/3117 2665/8156/3116
f 2380/8488/2803 2379/8484/2802 2666/8489/3117
f 2381/8490/2804 2751/8491/3213 2330/8492/2746
f 2233/8493/2643 2381/8494/2804 2666/8489/3117
f 2559/8155/2991 2668/8495/3118 2666/8487/3117
f 2382/8496/2805 2666/8489/3117 2668/8497/3118
f 2233/8498/2643 2751/8491/3213 2381/8490/2804
f 2233/8498/2643 2667/8499/3120 2751/8491/3213
f 2669/8164/3119 2668/8495/3118 2559/8155/2991
f 2668/8497/3118 2509/8500/2923 2667/8501/3120
f 2669/8164/3119 2509/8502/2923 2668/8495/3118
f 2509/8503/2923 2563/8504/2996 2752/8505/3214
f 2509/8168/2923 2752/8506/3214 2564/8169/3121
f 2564/8169/3121 2752/8506/3214 2439/8170/2858
f 2439/8170/2858 2670/8507/3215 2331/8508/2747
f 2439/8170/2858 2752/8506/3214 2670/8507/3215
f 2383/8509/2859 2671/8510/3122 2332/8511/2748
f 2384/8512/2806 2671/8513/3122 2383/8514/2859
f 2334/8515/2750 2753/8516/3216 2831/8517/3217
f 2334/7621/2750 2442/7620/2925 2753/8518/3216
f 2442/8519/2925 2566/8520/2998 2567/8521/2999
f 2569/8522/3001 2510/8523/3003 2443/8524/2863
f 2284/7284/2646 2387/7283/2809 2900/8525/3124
f 2572/7847/3004 2673/8195/3125 2389/7289/2811
f 2571/8526/3005 2674/8527/3127 2570/8528/3006
f 2674/8527/3127 2675/8529/3126 2570/8528/3006
f 2390/7290/2812 2575/8530/3009 2572/7847/3004
f 2446/8203/2865 2754/8531/3218 2575/8530/3009
f 2184/8532/2590 2755/8533/3219 2561/8534/2997
f 2574/8535/3008 2675/8536/3126 2677/8537/3220
f 2674/8206/3127 2676/8210/3128 2757/8538/3221
f 2679/8215/3132 2574/7857/3008 2576/8539/2932
f 2388/8540/2810 2756/8541/3222 2336/7941/2762
f 2511/7877/2926 2758/8542/3223 2586/8217/3023
f 2580/8543/3015 2584/7883/3021 2761/8544/3224
f 2758/8545/3223 2585/8220/3022 2453/8219/2877
f 2453/8546/2877 2586/8547/3023 2758/8548/3223
f 2580/8549/3015 2760/8550/3225 2676/8551/3128
f 2584/8552/3021 2676/8551/3128 2760/8550/3225
f 2680/8553/3134 2763/8554/3226 2584/8552/3021
f 2681/8555/3227 2763/8554/3226 2680/8553/3134
f 2681/8555/3227 2766/8556/3228 2763/8554/3226
f 2681/8557/3229 2680/8558/3230 2767/8559/3231
f 2681/8560/3232 2682/8561/3233 2680/8562/3230
f 2765/8563/3234 2680/8564/3230 2682/8565/3233
f 2765/8566/3234 2682/8567/3233 2764/8568/3235
f 2682/8569/3135 2766/8556/3228 2681/8555/3227
f 2681/8557/3229 2767/8559/3231 2682/8570/3233
f 2587/8571/3025 2766/8556/3228 2682/8569/3135
f 2683/7889/3027 2589/7888/3026 2769/8572/3236
f 2589/8573/3026 2771/8574/3237 2769/8575/3236
f 2589/8576/3026 2455/8577/2933 2771/8578/3237
f 2458/8233/2880 2683/8232/3027 2771/8579/3238
f 2768/8580/3239 2587/8581/3025 2684/7904/3034
f 2771/8582/3238 2590/8583/3136 2458/8584/2880
f 2770/8585/3240 2594/8586/3241 2587/8587/3025
f 2588/8588/3024 2591/8589/3029 2587/8590/3025
f 2594/8586/3241 2772/8591/3242 2587/8587/3025
f 2587/8592/3025 2591/8593/3029 2684/8594/3034
f 2459/8595/3028 2773/8596/3243 2461/8597/2937
f 2461/8598/2937 2773/8599/3243 2460/8600/2939
f 2460/7641/2939 2775/8601/3244 2516/7642/2938
f 2394/8602/2815 2594/8603/3241 2517/8604/2940
f 2594/8605/3241 2776/8606/3245 2772/8607/3242
f 2594/8608/3241 2394/8609/2815 2776/8610/3245
f 2395/8611/2883 2687/8612/3138 2463/8613/2700
f 2776/8614/3245 2777/8615/3246 2772/8616/3242
f 2394/8609/2815 2596/8617/3036 2776/8610/3245
f 2776/8610/3245 2596/8617/3036 2778/8618/3247
f 2777/8619/3246 2596/8620/3036 2772/8607/3242
f 2596/8621/3036 2779/8622/3248 2783/8623/3249
f 2187/6687/2591 2518/8624/2816 2688/8625/3250
f 2772/8607/3242 2596/8620/3036 2597/8626/3037
f 2596/8617/3036 2595/7910/3035 2779/8627/3248
f 2187/8628/2591 2688/8629/3250 2781/8630/3251
f 2595/7910/3035 2597/7912/3037 2779/8627/3248
f 2597/8631/3037 2782/8632/3252 2779/8633/3248
f 2783/8634/3253 2780/8635/3254 2779/8633/3255
f 2779/8633/3248 2782/8632/3252 2783/8634/3256
f 2396/8636/2817 2341/8637/2818 2689/8638/3140
f 2187/8628/2591 2781/8630/3251 2341/8639/2818
f 2597/8626/3037 2596/8620/3036 2782/8640/3252
f 2784/8641/3257 2519/7653/2942 2690/8248/3141
f 2397/8642/2819 2689/8643/3140 2785/8644/3258
f 2597/8645/3037 2519/8646/2942 2692/8647/3259
f 2597/8645/3037 2692/8647/3259 2786/8648/3260
f 2466/8649/2944 2692/8253/3142 2465/8650/2943
f 2690/8254/3141 2692/8253/3142 2466/8649/2944
f 2397/7310/2819 2787/8651/3261 2293/7311/2820
f 2293/8652/2820 2788/8653/3262 2599/8654/3039
f 2599/8255/3039 2788/8655/3262 2693/8256/3143
f 2756/8541/3222 2601/7942/3047 2336/7941/2762
f 2789/8656/3144 2600/8657/3040 2693/8658/3143
f 2344/7506/2756 2789/8659/3144 2348/7153/2764
f 2348/8660/2764 2790/8661/3263 2694/8662/3145
f 2694/8662/3145 2790/8661/3263 2791/8663/3264
f 2694/8664/3145 2791/8665/3264 2695/8666/3042
f 2468/8667/2885 2695/8668/3042 2697/8669/3146
f 2520/8670/3041 2602/8671/3043 2399/8672/2823
f 2698/8283/3046 2793/8673/3265 2794/8674/3266
f 2196/7514/2597 2473/7525/2890 2469/7515/2886
f 2794/8674/3266 2699/8284/3148 2698/8283/3046
f 2604/8675/3045 2699/8676/3148 2605/8677/3149
f 2302/8678/2724 2605/8679/3149 2798/8680/3267
f 2798/8681/3267 2799/8682/3268 2302/8683/2724
f 2795/8684/3269 2606/8685/3048 2796/8686/3270
f 2795/8687/3269 2797/8688/3271 2606/8689/3048
f 2302/8690/2724 2799/8691/3268 2800/8692/3272
f 2302/7029/2724 2801/8693/3273 2402/7348/2825
f 2302/7029/2724 2802/8694/3274 2801/8693/3273
f 2800/8695/3272 2802/8694/3274 2302/7029/2724
f 2800/8696/3272 2702/8697/3150 2802/8698/3274
f 2800/8695/3272 2703/8299/3152 2702/8298/3150
f 2606/8689/3048 2797/8688/3271 2704/8699/3154
f 2164/8289/2558 2353/7531/2771 2401/8290/2770
f 2402/8295/2825 2801/8700/3273 2702/8296/3150
f 2474/7664/2947 2608/8701/3049 2523/7665/2948
f 2402/8702/2825 2701/8703/3151 2803/8704/3275
f 2803/8704/3275 2804/8705/3276 2402/8702/2825
f 2704/8706/3154 2608/8707/3049 2606/8708/3048
f 2804/8709/3276 2609/7958/3053 2402/7348/2825
f 2804/8710/3276 2703/8711/3152 2609/8712/3053
f 2803/8713/3275 2609/8714/3053 2703/8715/3152
f 2803/8713/3275 2701/8716/3151 2609/8714/3053
f 2705/8717/3153 2608/8707/3049 2704/8706/3154
f 2613/7962/3055 2608/8701/3049 2705/8306/3153
f 2606/8718/3048 2611/8719/3052 2862/8720/3155
f 2701/8716/3151 2706/8721/3277 2609/8714/3053
f 2701/8300/3151 2805/8722/3278 2706/8723/3277
f 2354/7349/2826 2203/7960/2466 2524/8301/2949
f 2706/8724/3277 2806/8725/3279 2609/8726/3053
f 2706/8723/3277 2805/8722/3278 2806/8727/3279
f 2303/8728/2725 2612/7532/2891 2403/7357/2828
f 2403/7357/2828 2612/7532/2891 2353/7531/2771
f 2707/8729/3156 2616/8730/3057 2708/8731/3157
f 2709/8327/3158 2708/8732/3157 2616/8328/3057
f 2709/8733/3158 2614/8734/3054 2708/8735/3157
f 2203/7960/2466 2404/7975/3065 2524/8301/2949
f 2807/8338/3162 2617/8736/3064 2405/8336/2829
f 1916/5790/2265 2171/6632/2571 2808/8737/3280
f 2809/8738/3281 2257/6915/2667 2713/8339/3167
f 2714/8739/2896 2626/8740/3069 2258/8741/2775
f 2100/6370/2479 2211/8345/2615 2715/8742/3169
f 2715/8742/3169 2211/8345/2615 2716/8344/3171
f 2809/8738/3281 2485/8743/2901 2257/6915/2667
f 2485/8744/2901 2627/7995/3070 2257/7679/2667
f 2627/8745/3070 2630/8746/3075 2357/8747/2774
f 2625/7988/3068 2357/7191/2774 2630/8748/3075
f 3128/8749/3282 2480/8750/2897 2261/7054/2729
f 2945/8751/3173 2262/6772/2612 2720/8356/3176
f 2867/8752/3283 2527/8753/3170 2211/6775/2615
f 2867/8752/3283 2211/6775/2615 2631/8010/3077
f 2629/8754/3175 2305/8755/2773 2632/8756/2960
f 2410/8757/2832 2416/7382/2835 2718/8358/3177
f 2719/8758/3172 2630/8008/3075 2486/7563/2902
f 2720/8356/3176 2263/6773/2613 2721/8009/3076
f 2487/7566/2905 2409/7388/2777 2417/7387/2838
f 2813/8759/3284 2267/6783/2621 2215/7569/2677
f 2949/6522/2531 2722/8760/3285 1772/5349/2072
f 2311/7057/2731 2102/6784/2481 1963/6116/2374
f 2723/8761/3286 2813/8759/3284 2215/7569/2677
f 2215/8762/2677 2101/8365/2575 2723/8763/3286
f 2814/8764/3287 809/2583/923 1559/4038/1559
f 2268/8765/2675 2725/7570/2906 1771/6376/2071
f 2724/8766/3179 2142/6231/2423 2634/8017/3079
f 2634/8017/3079 2142/6231/2423 2269/6645/2576
f 2634/8017/3079 2315/7062/2733 2533/7711/2968
f 2727/8367/3181 2635/8020/3081 2270/7208/2780
f 2728/8368/3182 2636/8022/3082 2635/8020/3081
f 2816/8767/3288 2317/8768/2737 2729/8769/3183
f 2815/8770/3184 2494/8377/2909 2730/8771/3289
f 2730/8772/3289 2731/8773/3185 2815/8774/3184
f 2815/8774/3184 2731/8773/3185 2728/8775/3182
f 2731/8776/3185 2637/8777/3083 2494/8778/2909
f 2733/8779/3087 2639/8052/3088 2536/8054/2971
f 2956/8780/3290 2734/8781/3291 2498/8782/2911
f 2498/8782/2911 2734/8781/3291 2539/8783/2974
f 2361/7401/2843 2740/8427/3202 2497/7713/2969
f 2737/8784/3192 2820/8785/3292 2499/8786/2912
f 2819/8787/3191 2820/8788/3293 2737/8789/3294
f 2737/8789/3294 2820/8788/3293 2821/8790/3295
f 2735/8422/3188 2646/8791/3095 2737/8792/3192
f 2737/8792/3192 2646/8791/3095 2820/8793/3292
f 2820/8794/3292 2646/8795/3095 2499/8404/2912
f 2739/8796/3200 2741/8797/3201 2646/8798/3095
f 2741/8797/3201 2822/8799/3296 2646/8798/3095
f 2646/8798/3095 2822/8799/3296 2648/8433/3096
f 2742/8429/3203 2648/8433/3096 2822/8799/3296
f 2822/8800/3296 2823/8801/3297 2742/8802/3203
f 2743/8803/3204 2544/8804/2978 2744/8805/3205
f 2648/8806/3096 2744/8807/3298 2745/8808/3206
f 2501/7589/2914 2363/7588/2784 2503/8809/2916
f 2824/8810/3299 2503/7596/2916 2365/7070/2740
f 2824/8811/3300 2825/8812/3301 2505/7601/2918
f 2747/8813/3208 2504/8814/2917 2745/8808/3206
f 2365/7219/2740 2505/7601/2918 2825/8812/3301
f 2826/8815/3302 2746/8451/3207 2547/8450/3210
f 2546/8453/3209 2746/8816/3207 2548/8456/2849
f 2651/8099/3102 2506/8817/2919 2746/8442/3207
f 2746/8816/3207 2506/8818/2919 2548/8456/2849
f 2550/8819/2981 2506/8820/2919 2651/8099/3102
f 2651/8821/3102 2367/7754/2786 2550/7753/2981
f 2322/8822/2787 2651/8823/3102 2654/8824/3106
f 2651/8825/3102 2656/8462/3211 2654/8461/3106
f 2508/8826/2921 2368/8827/2788 2827/8828/3107
f 2887/8829/3303 2827/8112/3107 2656/8465/3211
f 2828/8830/3304 2656/8831/3211 2655/8832/3105
f 2655/8833/3105 2658/8471/3109 2657/8834/2985
f 2658/8134/3109 2749/8835/3212 2148/8135/2536
f 2658/8836/3109 2750/8474/3110 2553/8473/2986
f 2554/7246/2795 2660/8138/3111 2829/8837/3305
f 2660/8838/3111 2661/8478/3112 2433/8477/2854
f 2558/8839/2989 2662/8840/3113 2892/8841/3306
f 2555/8842/2987 2436/8843/3114 2434/8844/2855
f 2663/8845/3115 2376/7258/2798 2664/8154/2993
f 2665/8486/3116 2666/8489/3117 2379/8484/2802
f 2379/8846/2802 2380/8847/2803 2329/8848/2745
f 2329/8849/2745 2380/7440/2803 2330/7095/2746
f 2329/7808/2745 2330/8492/2746 2751/8491/3213
f 2565/8850/3002 2377/8851/2800 2560/8852/2992
f 2670/8853/3215 2667/8854/3120 2331/8855/2747
f 2564/8856/2995 2236/6831/2644 2670/8853/3215
f 2563/8857/2996 2509/8500/2923 2669/8858/3119
f 2440/8859/2860 2334/8860/2750 2831/8861/3217
f 2832/8862/3307 2567/7830/2999 2443/7463/2863
f 2832/8862/3307 2443/7463/2863 2510/8863/3003
f 2830/8864/3308 2758/8542/3223 2565/8850/3002
f 2565/8850/3002 2758/8542/3223 2511/7877/2926
f 2675/8865/3126 2674/8206/3127 2757/8538/3221
f 2677/8866/3220 2576/8539/2932 2574/7857/3008
f 2835/8867/3309 2759/8868/3310 2836/8869/3311
f 2837/8870/3312 2760/8871/3225 2580/8872/3015
f 2837/8873/3312 2580/8874/3015 2761/8875/3224
f 2837/8873/3312 2761/8875/3224 2762/8876/3313
f 2838/8877/3314 2762/8876/3315 2839/8878/3316
f 2837/8873/3312 2762/8876/3313 2838/8877/3317
f 2676/8210/3128 2584/7883/3021 2763/8879/3226
f 2840/8880/3318 2584/8881/3021 2760/8882/3225
f 2840/8880/3318 2761/8883/3224 2584/8881/3021
f 2761/8883/3224 2838/8884/3319 2762/8885/3313
f 2287/8886/2934 2585/8887/3022 2454/8888/2935
f 2586/8217/3023 2585/8889/3022 2287/8890/2934
f 2765/8891/3234 2767/8559/3231 2680/8558/3230
f 2765/8892/3234 2841/8893/3320 2767/8894/3231
f 2841/8895/3320 2682/8570/3233 2767/8559/3231
f 2841/8896/3320 2764/8897/3235 2682/8898/3233
f 2454/8899/2935 2769/8900/3236 2455/8901/2933
f 2770/8902/3240 2587/8903/3025 2768/8904/3239
f 2454/8905/2935 2590/8906/3136 2683/8907/3027
f 2769/8908/3236 2454/8909/2935 2683/8910/3027
f 2455/8911/2933 2769/8912/3236 2771/8913/3237
f 2683/8907/3027 2590/8906/3136 2771/8914/3238
f 2587/8915/3025 2772/8916/3242 2766/8917/3228
f 2842/8918/3321 2594/8586/3241 2770/8585/3240
f 2766/8917/3228 2772/8916/3242 2843/8919/3322
f 2774/8920/3323 2460/8600/2939 2773/8599/3243
f 2775/8921/3244 2460/8922/2939 2774/8923/3323
f 2842/8918/3321 2843/8924/3322 2594/8586/3241
f 2684/8925/3034 2517/8926/2940 2844/8927/3324
f 2843/8919/3322 2772/8916/3242 2845/8928/3325
f 2685/8242/3137 2687/8929/3138 2395/8243/2883
f 2843/8930/3322 2777/8615/3246 2776/8614/3245
f 2777/8931/3246 2778/8932/3247 2596/8933/3036
f 2847/8934/3326 2845/8935/3325 2596/8936/3036
f 2847/8937/3326 2596/8621/3036 2783/8623/3249
f 2848/8938/3327 2688/8625/3250 2518/8624/2816
f 2772/8916/3242 2597/8939/3037 2845/8928/3325
f 2845/8935/3325 2782/8940/3252 2596/8936/3036
f 2691/8941/3328 2397/8942/2819 2785/8943/3258
f 2519/8944/2942 2850/8945/3329 2692/8946/3259
f 2691/8947/3328 2787/8651/3261 2397/7310/2819
f 2597/8939/3037 2786/8948/3260 2850/8949/3329
f 2850/8950/3329 2786/8648/3260 2692/8647/3259
f 2787/8951/3261 2788/8653/3262 2293/8652/2820
f 2787/8952/3261 2789/8656/3144 2788/8953/3262
f 2693/8658/3143 2788/8953/3262 2789/8656/3144
f 2348/7153/2764 2789/8659/3144 2790/8954/3263
f 2695/8955/3042 2791/8956/3264 2790/8957/3263
f 2852/8958/3330 2695/8959/3042 2790/8960/3263
f 2695/8961/3042 2853/8962/3331 2697/8963/3146
f 2852/8964/3330 2792/8965/3332 2468/8966/2885
f 2852/8967/3330 2468/8968/2885 2853/8962/3331
f 2468/8969/2885 2696/8970/3147 2853/8971/3331
f 2696/8972/3147 2792/8973/3332 2853/8974/3331
f 2697/8963/3146 2853/8962/3331 2792/8975/3332
f 2468/8966/2885 2792/8965/3332 2698/8976/3046
f 2696/8977/3147 2698/8976/3046 2792/8965/3332
f 2696/8978/3147 2793/8979/3265 2698/8980/3046
f 2925/8981/3333 2855/8982/3334 2928/8983/3335
f 2928/8983/3336 2855/8982/3337 2930/8984/3338
f 2928/8985/3336 2856/8986/3339 2855/8987/3337
f 2855/8982/3337 2931/8988/3340 2930/8984/3338
f 2856/8989/3339 2931/8990/3340 2855/8991/3337
f 2859/8992/3341 2797/8688/3271 2931/8993/3342
f 2854/8994/3343 2699/8995/3148 2794/8996/3266
f 2860/8997/3344 2931/8998/3342 2795/8999/3269
f 2797/8688/3271 2795/8687/3269 2931/8993/3342
f 2854/8994/3343 2857/9000/3345 2699/8995/3148
f 2857/9000/3345 2605/9001/3149 2699/8995/3148
f 2798/9002/3267 2605/9003/3149 2799/9004/3268
f 2861/9005/3346 2862/9006/3155 2797/8688/3271
f 2802/9007/3274 2863/9008/3347 2799/9009/3268
f 2799/9004/3268 2863/9010/3347 2800/9011/3272
f 2800/9011/3272 2863/9010/3347 2703/9012/3152
f 2862/9006/3155 2704/8699/3154 2797/8688/3271
f 2801/9013/3273 2863/9008/3347 2702/9014/3150
f 2702/9014/3150 2863/9008/3347 2802/9007/3274
f 2796/9015/3270 2606/8718/3048 2862/8720/3155
f 2802/9016/3274 2799/9004/3268 2801/9017/3273
f 2799/9004/3268 2864/9018/3348 2801/9017/3273
f 2801/9017/3273 2703/9012/3152 2863/9010/3347
f 2252/9019/2513 2524/9020/2949 2164/9021/2558
f 2804/9022/3276 2801/9017/3273 2864/9018/3348
f 2803/9023/3275 2801/9017/3273 2804/9022/3276
f 2803/9024/3275 2703/9025/3152 2801/9026/3273
f 2703/9012/3152 2805/9027/3278 2701/9028/3151
f 2703/9012/3152 2804/9022/3276 2805/9027/3278
f 2862/9029/3155 2610/8312/3051 2704/8311/3154
f 2804/9022/3276 2864/9018/3348 2805/9027/3278
f 2864/9018/3348 2806/9030/3279 2805/9027/3278
f 2864/9031/3348 2609/7958/3053 2806/9032/3279
f 2864/9031/3348 2475/7355/2827 2609/7958/3053
f 2353/7531/2771 2713/8339/3167 2403/7357/2828
f 2478/9033/3349 2808/8737/3280 2171/6632/2571
f 2406/7364/2831 1916/7366/2265 2808/9034/3280
f 2405/7359/2829 2632/9035/2960 2305/7186/2773
f 2256/8350/2776 2945/8352/3173 2714/9036/2896
f 2485/9037/2901 2809/9038/3281 2865/9039/3350
f 2865/9039/3350 2625/9040/3068 2627/9041/3351
f 2716/9042/3171 2527/9043/3170 2414/9044/2837
f 2485/7561/2901 2865/9045/3350 2718/8358/3177
f 2627/8354/3351 2718/8358/3177 2865/9045/3350
f 2627/8354/3351 2625/9046/3068 2718/8358/3177
f 2527/8753/3170 2867/8752/3283 2414/9047/2837
f 2414/9047/2837 2867/8752/3283 2866/7564/2903
f 2358/7565/2904 2810/8011/3078 2717/9048/3174
f 2311/7057/2731 2996/9049/3352 2102/6784/2481
f 2422/7706/2964 2312/7207/2779 2869/9050/3353
f 2489/8014/2965 2870/9051/3354 2313/8023/2678
f 2313/8023/2678 2870/9051/3354 2495/8024/2924
f 2492/8021/3080 2497/7713/2969 2871/9052/3355
f 2728/9053/3182 2816/9054/3288 2815/9055/3184
f 2815/9055/3184 2816/9054/3288 2872/9056/3356
f 2815/9055/3184 2872/9056/3356 2729/9057/3183
f 2729/9057/3183 2872/9056/3356 2730/9058/3289
f 2729/9059/3183 2730/9060/3289 2816/9061/3288
f 2730/9062/3289 2494/9063/2909 2816/9064/3288
f 2872/9065/3356 2731/9066/3185 2730/9067/3289
f 2637/8777/3083 2873/9068/3357 2955/9069/3358
f 2731/8776/3185 2873/9068/3357 2637/8777/3083
f 2734/8781/3291 2819/9070/3191 2539/8783/2974
f 2539/8783/2974 2819/9070/3191 2817/9071/3190
f 2817/9072/3359 2736/9073/3360 2818/9074/3361
f 2817/9071/3190 2819/9070/3191 2736/9075/3189
f 2874/9076/3362 2819/9077/3191 2734/9078/3291
f 2874/9079/3362 2875/9080/3363 2819/8787/3191
f 2819/8787/3191 2821/8790/3295 2735/9081/3188
f 2819/9082/3191 2737/9083/3294 2821/9084/3295
f 2820/8788/3293 2739/9085/3200 2821/8790/3295
f 2821/8790/3295 2738/8407/3197 2735/9081/3188
f 2821/8790/3295 2876/9086/3364 2738/8407/3197
f 2738/8407/3193 2876/9086/3365 2541/8408/3194
f 2821/8790/3295 2739/9085/3200 2646/9087/3095
f 2876/9086/3365 2877/9088/3366 2541/8408/3194
f 2821/9089/3295 2646/9090/3095 2876/9091/3364
f 2876/9091/3364 2646/9090/3095 2877/9092/3366
f 2646/9090/3095 2541/9093/3194 2877/9092/3366
f 2541/9094/3194 2739/9095/3200 2822/9096/3296
f 2822/9097/3296 2741/9098/3201 2541/9099/3194
f 2741/9098/3201 2879/9100/3367 2541/9099/3194
f 2741/9098/3201 2742/9101/3203 2879/9100/3367
f 2541/9099/3194 2879/9100/3367 2743/8803/3204
f 2742/9101/3203 2823/9102/3297 2879/9100/3367
f 2740/8427/3202 2647/8075/3094 2543/9103/2977
f 2823/9102/3297 2648/9104/3096 2879/9100/3367
f 2879/9100/3367 2544/8804/2978 2743/8803/3204
f 2879/9100/3367 2648/9104/3096 2544/8804/2978
f 2823/9105/3297 2744/9106/3298 2648/8433/3096
f 2501/7589/2914 2503/9107/2916 2880/9108/3368
f 2881/9109/3369 2505/7601/2918 2746/9110/3207
f 2505/7601/2918 2882/9111/3370 2824/8811/3300
f 2881/9109/3369 2882/9111/3370 2505/7601/2918
f 2824/9112/3371 2825/9113/3372 2882/9114/3373
f 2824/9112/3299 2365/9115/2740 2825/9113/3301
f 2649/9116/3097 2747/9117/3208 2652/9118/3103
f 2883/9119/3374 2826/9120/3302 2547/9121/3210
f 2747/9122/3208 2745/9123/3206 2884/9124/3375
f 2649/9116/3097 2652/9118/3103 2549/9125/2980
f 2747/9122/3208 2884/9124/3375 2652/9126/3103
f 2547/9127/3210 2321/9128/2684 2883/9129/3374
f 2883/9129/3374 2321/9128/2684 2885/9130/3376
f 2321/7076/2684 2506/7602/2919 2885/9131/3376
f 2550/8819/2981 2322/9132/2787 2654/9133/3106
f 2507/9134/2920 2886/9135/3377 2653/9136/3104
f 2508/9137/2921 2887/9138/3303 2654/9139/3106
f 2508/9137/2921 2827/9140/3107 2887/9138/3303
f 2655/8466/3105 2369/7236/2790 2828/9141/3304
f 2653/9142/3104 2888/9143/3378 2551/9144/2983
f 2828/9145/3304 2657/8123/2985 2889/9146/3379
f 2828/9145/3304 2369/7237/2790 2657/8123/2985
f 2889/9147/3379 2657/9148/2985 2749/9149/3212
f 2551/9144/2983 2888/9143/3378 2659/9150/3108
f 2749/8835/3212 2658/8134/3109 2553/9151/2986
f 2553/9152/2986 2554/9153/2795 2829/9154/3305
f 2659/9150/3108 2888/9143/3378 2555/9155/2987
f 2829/9156/3305 2660/9157/3111 2891/9158/3380
f 2660/9159/3111 2433/7792/2854 2891/9160/3380
f 2891/9160/3380 2433/7792/2854 2556/7611/2922
f 2888/9161/3378 2890/9162/3381 2555/9163/2987
f 2556/9164/2922 2558/9165/2989 2892/8841/3306
f 2662/8840/3113 2435/9166/2990 2892/8841/3306
f 2555/9167/2987 2560/9168/2992 2436/9169/3114
f 2495/8024/2924 2756/8541/3222 2388/8540/2810
f 2751/9170/3213 2667/9171/3120 2893/9172/3382
f 2893/9172/3382 2667/9171/3120 2894/9173/3383
f 2667/9171/3120 2895/9174/3384 2894/9173/3383
f 2560/8852/2992 2830/8864/3308 2565/8850/3002
f 2667/8854/3120 2670/8853/3215 2895/9175/3384
f 2563/9176/2996 2670/9177/3215 2752/9178/3214
f 2670/9179/3215 2563/9180/2996 2564/9181/2995
f 2671/9182/3122 2384/9183/2806 2898/9184/3385
f 2384/7826/2806 2441/7461/2861 2899/9185/3386
f 2387/7287/2809 2673/8195/3125 2900/8191/3124
f 2675/8865/3126 2757/8538/3221 2833/9186/3387
f 2675/9187/3126 2901/9188/3388 2677/9189/3220
f 2833/9190/3387 2757/9191/3221 2677/8537/3220
f 2833/9192/3387 2677/9193/3220 2901/9194/3388
f 2902/9195/3389 2757/9196/3221 2901/9197/3390
f 2902/9198/3389 2677/8866/3220 2757/9199/3221
f 2902/9198/3389 2576/8539/2932 2677/8866/3220
f 2757/8538/3221 2759/9200/3310 2834/9201/3391
f 2759/9202/3310 2835/9203/3309 2834/9204/3391
f 2757/8538/3221 2676/8210/3128 2836/9205/3311
f 2757/9206/3221 2836/9207/3311 2759/9208/3310
f 2676/9209/3128 2903/9210/3392 2836/9211/3311
f 2834/9212/3391 2836/9211/3311 2903/9210/3392
f 2903/9213/3392 2676/8210/3128 2763/8879/3226
f 2763/8879/3226 2837/9214/3312 2903/9213/3392
f 2763/9215/3226 2760/9216/3225 2837/9217/3312
f 2838/8877/3317 2904/9218/3393 2837/8873/3312
f 2838/8877/3314 2839/8878/3316 2904/9218/3394
f 2963/9219/3395 2454/8905/2935 2758/8542/3223
f 2758/8542/3223 2454/8905/2935 2585/8889/3022
f 2763/9220/3226 2840/8880/3318 2760/8882/3225
f 2763/9220/3226 2905/9221/3396 2840/8880/3318
f 2837/9222/3312 2840/9223/3318 2905/9224/3396
f 2763/8879/3226 2907/9225/3397 2905/9226/3396
f 2840/8880/3318 2906/9227/3398 2761/8883/3224
f 2761/8883/3224 2906/9227/3398 2838/8884/3319
f 2838/8884/3319 2906/9227/3398 2904/9228/3393
f 2907/9225/3397 2766/8917/3228 2908/9229/3399
f 2763/8879/3226 2766/8917/3228 2907/9225/3397
f 2908/9229/3399 2766/8917/3228 2909/9230/3400
f 2908/9231/3401 2841/9232/3320 2765/9233/3234
f 2908/9231/3401 2909/9234/3402 2841/9232/3320
f 2908/9235/3401 2910/9236/3403 2909/9237/3404
f 2909/9230/3400 2766/8917/3228 2911/9238/3405
f 2909/9239/3404 2910/9240/3403 2841/8896/3320
f 2909/9241/3406 2841/9242/3407 2911/9243/3408
f 2841/8896/3320 2910/9240/3403 2764/8897/3235
f 2911/9238/3405 2766/8917/3228 2770/9244/3240
f 2768/8904/3239 2968/9245/3409 2770/8902/3240
f 2770/9246/3240 2913/9247/3410 2912/9248/3411
f 2766/9249/3228 2842/9250/3321 2770/9251/3240
f 2914/9252/3412 2768/8580/3239 2684/7904/3034
f 2766/9249/3228 2843/9253/3322 2842/9250/3321
f 2912/9248/3411 2913/9247/3410 2842/9254/3413
f 2963/9219/3395 2774/9255/3323 2454/8905/2935
f 2454/8905/2935 2774/9255/3323 2590/8906/3136
f 2590/9256/3136 2773/9257/3243 2459/9258/3028
f 2774/9259/3323 2773/9260/3243 2590/9261/3136
f 2775/9262/3244 2685/9263/3137 2516/9264/2938
f 2844/9265/3324 2517/7645/2940 2846/9266/3414
f 2594/9267/3241 2843/8919/3322 2916/9268/3415
f 2594/9269/3241 2916/9270/3415 2846/9271/3414
f 2594/9269/3241 2846/9271/3414 2517/9272/2940
f 2685/8242/3137 2686/9273/3139 2687/8929/3138
f 2843/8930/3322 2776/8614/3245 2918/9274/3416
f 2778/9275/3247 2919/9276/3417 2776/8614/3245
f 2845/8928/3325 2777/9277/3246 2843/8919/3322
f 2843/9278/3322 2918/9279/3416 2917/9280/3418
f 2845/8928/3325 2917/9281/3418 2777/9277/3246
f 2917/9282/3418 2918/9283/3416 2778/8932/3247
f 2917/9282/3418 2778/8932/3247 2777/8931/3246
f 2184/8532/2590 2467/9284/2893 2755/9285/3219
f 2917/9286/3418 2845/9287/3325 2847/9288/3326
f 2917/9289/3418 2847/9290/3326 2782/9291/3252
f 2845/8928/3325 2597/8939/3037 2920/9292/3419
f 2845/9293/3325 2920/9294/3419 2782/9295/3252
f 2847/9296/3326 2783/9297/3256 2782/9298/3252
f 2847/9299/3420 2780/9300/3254 2783/9301/3253
f 2785/9302/3258 2689/9303/3140 3039/9304/3421
f 2920/9305/3419 2849/9306/3422 2921/9307/3423
f 2921/9308/3423 2849/9309/3424 2784/8641/3257
f 2597/9310/3037 2849/9311/3422 2920/9312/3419
f 2597/9313/3037 2921/9314/3425 2849/9315/3422
f 2784/8641/3257 2849/9309/3424 2519/7653/2942
f 2597/8939/3037 2850/8949/3329 2921/9316/3425
f 2921/9314/3425 2519/8944/2942 2849/9315/3424
f 2921/9314/3425 2850/8945/3329 2519/8944/2942
f 2921/9317/3423 2784/9318/3257 2920/9319/3419
f 2922/9320/3426 2787/9321/3261 2691/9322/3328
f 2690/9323/3141 2466/9324/2944 2975/9325/3427
f 2975/9325/3427 2466/9324/2944 2851/9326/3428
f 2466/9324/2944 2598/9327/3038 2851/9326/3428
f 2598/7915/3038 2469/7515/2886 2851/9328/3428
f 2789/8659/3144 2852/9329/3330 2790/8954/3263
f 2695/9330/3042 2852/8967/3330 2853/8962/3331
f 2792/8965/3332 2793/9331/3265 2697/9332/3146
f 2793/8979/3265 2696/8978/3147 2697/9333/3146
f 2602/9334/3043 1987/9335/2353 2470/9336/2887
f 2980/9337/3429 2926/9338/3430 2927/9339/3431
f 2980/9340/3429 2927/9341/3431 2924/9342/3432
f 2924/9343/3432 2927/9339/3431 2793/9344/3265
f 2926/9338/3433 2854/8994/3343 2927/9339/3434
f 2927/9339/3434 2854/8994/3343 2794/8996/3266
f 2928/8985/3336 2930/9345/3338 2856/8986/3339
f 2930/8984/3435 2858/9346/3436 2931/8988/3437
f 2856/9347/3438 2931/9348/3439 2859/9349/3440
f 2930/9350/3338 2931/9348/3441 2856/9347/3339
f 2931/8988/3442 2860/9351/3344 2796/9015/3270
f 2858/9346/3436 2860/9351/3443 2931/8988/3437
f 2859/9349/3341 2796/9352/3270 2797/9353/3271
f 2931/9348/3442 2796/9352/3270 2859/9349/3341
f 2860/9351/3344 2795/9354/3269 2796/9015/3270
f 2797/9355/3271 2796/9015/3270 2861/9356/3346
f 2473/7525/2890 2521/7662/2945 2934/9357/3444
f 2521/9358/2945 2523/9359/2948 2935/9360/3445
f 2935/9360/3445 2523/9359/2948 2936/9361/3446
f 2861/9356/3346 2796/9015/3270 2862/8720/3155
f 2353/9362/2771 2164/9021/2558 2524/9020/2949
f 2938/9363/3447 2614/9364/3054 2937/9365/3448
f 2475/7355/2827 2864/9031/3348 2617/7974/3064
f 2614/9366/3054 2709/9367/3158 2937/9368/3448
f 2353/9362/2771 2524/9020/2949 2713/9369/3167
f 2524/9020/2949 2404/9370/3065 2713/9369/3167
f 2865/9039/3350 2809/9038/3281 2625/9040/3068
f 2406/7364/2831 2941/9371/3449 2719/9372/3172
f 2479/9373/3071 2528/9374/2956 2943/9375/3450
f 2479/7996/3071 2943/9376/3450 2530/9377/2959
f 2480/9378/2897 2942/9379/3451 2307/7052/2728
f 2624/8347/3067 2717/8353/3174 2992/9380/3452
f 2625/9046/3068 2630/8008/3075 2718/8358/3177
f 2413/7378/2833 2944/9381/3453 2261/7054/2729
f 2139/6520/2529 3030/9382/3454 2631/8010/3077
f 2139/6520/2529 2481/9383/2898 3030/9382/3454
f 2003/4404/1682 2946/9384/3455 2408/9385/2892
f 2174/6643/2574 2522/8012/2946 3020/9386/3456
f 2811/9387/3457 2174/6643/2574 3020/9386/3456
f 919/2679/1043 2948/9388/3458 1238/3581/1373
f 2268/6928/2675 1649/7395/1909 3061/9389/3459
f 2419/6929/2676 3061/9389/3459 1649/7395/1909
f 1559/4038/1559 2950/9390/3460 2814/8764/3287
f 2726/8366/3180 2951/9391/3461 2727/8367/3181
f 2532/7709/2966 2491/7708/2907 2952/9392/3462
f 2728/9393/3182 2954/9394/3463 2816/9395/3288
f 2816/9396/3288 2494/9397/2909 2872/9398/3356
f 2494/9397/2909 2317/9399/2737 2873/9400/3357
f 2494/9397/2909 2873/9400/3357 2872/9398/3356
f 2731/9401/3185 2872/9398/3356 2873/9400/3357
f 2497/7713/2969 2740/8427/3202 2871/9052/3355
f 2637/9402/3083 2955/9403/3358 2638/9404/3086
f 2733/9405/3087 2956/9406/3290 2639/8388/3088
f 2498/8389/2911 2639/8388/3088 2956/9406/3290
f 2956/9407/3290 2957/9408/3464 2734/8781/3291
f 2734/9409/3291 2957/9410/3464 2874/9411/3362
f 2957/9412/3464 2875/9413/3363 2874/9414/3362
f 2819/8787/3191 2875/9415/3363 2820/8788/3293
f 2875/9415/3363 2739/9085/3200 2820/8788/3293
f 2739/9416/3200 2875/9413/3363 2823/9105/3297
f 2739/9085/3200 2823/8801/3297 2822/8800/3296
f 2875/9413/3363 2958/9417/3465 2823/9105/3297
f 2543/9103/2977 2501/9418/2914 2740/8427/3202
f 2823/9105/3297 2958/9417/3465 2744/9106/3298
f 2744/9419/3298 2958/9420/3465 2745/9421/3206
f 2880/9422/3368 2881/9423/3369 2501/9418/2914
f 2880/9424/3368 2503/7596/2916 2881/9425/3369
f 2824/9426/3299 2881/9427/3369 2503/9428/2916
f 2824/8811/3299 2882/9111/3370 2881/9109/3369
f 2826/8815/3302 2881/9429/3369 2746/8451/3207
f 2826/9430/3302 2883/9431/3374 2959/9432/3466
f 2958/9420/3465 2884/9433/3375 2745/9421/3206
f 2885/9434/3376 2506/8820/2919 2959/9432/3466
f 2506/8820/2919 2550/8819/2981 2959/9432/3466
f 2884/9433/3375 2886/9435/3377 2507/9436/2920
f 2652/9437/3103 2884/9433/3375 2507/9436/2920
f 2887/9438/3303 2550/9439/2981 2654/8111/3106
f 2886/9435/3377 2888/9440/3378 2653/9441/3104
f 2656/8831/3211 2828/8830/3304 2887/9442/3303
f 2890/9443/3381 2886/9435/3377 3001/9444/3467
f 2886/9435/3377 2890/9443/3381 2888/9440/3378
f 2829/9156/3305 2891/9158/3380 2553/9445/2986
f 2878/9446/3468 2756/8541/3222 2495/8024/2924
f 2890/9443/3381 2560/8852/2992 2555/9447/2987
f 2435/9448/2990 2663/9449/3115 2664/9450/2993
f 2830/8864/3308 2560/8852/2992 2890/9443/3381
f 2960/9451/3469 2751/9452/3213 2893/9453/3382
f 2893/9454/3382 2961/9455/3470 2960/9456/3469
f 2893/9457/3382 2894/9458/3383 2961/9459/3470
f 2236/6831/2644 2671/9460/3122 2670/8853/3215
f 2898/9461/3385 2899/9185/3386 2671/9460/3122
f 2898/9462/3385 2384/7826/2806 2899/9185/3386
f 2441/7461/2861 2440/7459/2860 2831/9463/3217
f 2442/9464/2925 2567/7830/2999 2753/9465/3216
f 2510/8863/3003 2900/8191/3124 2832/8862/3307
f 2510/8863/3003 2672/9466/3123 2900/8191/3124
f 3002/9467/3471 2758/8542/3223 2830/8864/3308
f 2572/7847/3004 2575/8530/3009 2673/8195/3125
f 2561/9468/2997 2755/9469/3219 2962/9470/3472
f 2446/8203/2865 2576/8202/2932 2754/8531/3218
f 2758/8542/3223 3002/9467/3471 2963/9219/3395
f 2675/9471/3126 2964/9472/3473 2901/9473/3388
f 2901/9474/3388 2964/9475/3474 2833/9186/3387
f 2964/9476/3475 2965/9477/3476 2901/9478/3390
f 2901/9474/3390 2757/8538/3221 2964/9475/3477
f 2901/9479/3390 2965/9480/3476 2902/9481/3389
f 2757/8538/3221 2834/9201/3391 2903/9482/3392
f 2834/9204/3391 2835/9203/3309 2965/9483/3476
f 2836/9484/3311 2965/9485/3476 2966/9486/3478
f 2834/9212/3391 2965/9487/3476 2836/9211/3311
f 2836/9211/3311 2966/9488/3478 2835/9489/3309
f 2837/9222/3312 2905/9224/3396 2903/9490/3392
f 2904/9228/3393 2906/9227/3398 2837/9491/3312
f 2765/8566/3234 2910/9492/3403 2908/9493/3401
f 2908/9229/3399 2909/9230/3479 2907/9225/3397
f 2909/9230/3479 2911/9238/3405 2907/9225/3397
f 2911/9238/3405 2967/9494/3480 2907/9225/3397
f 2910/9240/3403 2968/9495/3409 2764/8897/3235
f 2764/8897/3235 2968/9495/3409 2765/9496/3234
f 2911/9238/3405 2770/9244/3240 2967/9494/3480
f 2770/9497/3240 2912/9498/3411 2967/9499/3480
f 2968/9245/3409 2969/9500/3481 2770/8902/3240
f 2968/9501/3409 2768/9502/3239 2914/9503/3412
f 2770/9246/3240 2969/9504/3481 2913/9247/3410
f 2842/9505/3413 2915/9506/3482 2912/9507/3411
f 2970/9508/3483 2774/9255/3323 2963/9219/3395
f 2842/9509/3413 2971/9510/3484 2915/9511/3482
f 2684/8925/3034 2844/8927/3324 3012/9512/3485
f 2775/9513/3244 2972/9514/3486 2685/9515/3137
f 2774/9255/3323 2972/9514/3486 2775/9513/3244
f 2774/9255/3323 2970/9508/3483 2972/9514/3486
f 2972/9514/3486 2686/9516/3139 2685/9515/3137
f 2843/8919/3322 2917/9281/3418 2916/9268/3415
f 2776/8614/3245 2919/9276/3417 2918/9274/3416
f 2686/9517/3139 2848/9518/3327 2518/9519/2816
f 2782/9520/3252 2920/9292/3419 2917/9281/3418
f 2341/8637/2818 2781/9521/3251 2689/8638/3140
f 2755/9285/3219 2467/9284/2893 3088/9522/3487
f 2691/8941/3328 2785/8943/3258 2974/9523/3488
f 2690/9524/3141 2975/9525/3427 2784/9526/3257
f 2691/9527/3328 2974/9528/3488 2922/9529/3426
f 2784/9530/3257 2976/9531/3489 2920/9532/3419
f 2784/9533/3257 2975/9534/3427 2976/9535/3489
f 2922/9536/3426 2923/9537/3490 2787/9538/3261
f 2467/9284/2893 2868/9539/3491 3088/9522/3487
f 2756/8541/3222 2979/9540/3492 2601/7942/3047
f 2980/9541/3429 2793/9542/3265 2926/9543/3430
f 2793/9544/3265 2927/9545/3431 2926/9546/3430
f 2473/7525/2890 2934/9357/3444 2469/7515/2886
f 2935/9547/3445 2981/9548/3493 2982/9549/3494
f 2935/9547/3445 2982/9549/3494 2521/9550/2945
f 2935/9551/3445 2936/9552/3446 2981/9553/3493
f 2982/9554/3494 2981/9555/3493 2523/9556/2948
f 2523/9557/2948 2608/8701/3049 2982/9558/3494
f 2937/9559/3448 2983/9560/3495 2938/9561/3447
f 2614/9562/3054 2983/9563/3495 2984/9564/3496
f 2938/9565/3447 2983/9566/3495 2614/9567/3054
f 2709/9568/3158 2984/9569/3496 2983/9570/3495
f 2937/9571/3448 2709/9568/3158 2983/9570/3495
f 2709/9572/3158 2477/7542/2895 2984/9573/3496
f 2985/9574/3497 2405/7359/2829 2617/7974/3064
f 2526/8340/3168 2410/7373/2832 2622/9575/3066
f 2713/9576/3167 2986/9577/3498 2809/9578/3281
f 2404/9579/3065 2986/9577/3498 2713/9576/3167
f 2985/9574/3497 2632/9035/2960 2405/7359/2829
f 2625/9580/3068 2941/9581/3449 2404/9582/3065
f 2944/9583/3453 2413/9584/2833 2626/9585/3069
f 2306/7045/2608 2989/9586/3499 2414/7384/2837
f 2809/9038/3281 2990/9587/3500 2625/9040/3068
f 2625/9040/3068 2990/9587/3500 2941/9588/3449
f 2414/9044/2837 2989/9589/3499 2716/9042/3171
f 2481/9590/2898 2623/9591/2951 2992/9380/3452
f 2718/8358/3177 2993/9592/3501 2410/8757/2832
f 2630/8008/3075 2990/9593/3500 2718/8358/3177
f 2719/9594/3172 2941/9595/3449 2630/9596/3075
f 2530/9597/2959 2991/9598/3502 2528/9599/2956
f 2721/8009/3076 2866/7564/2903 2994/9600/3503
f 2632/7700/2960 2487/7566/2905 2417/7387/2838
f 2811/9387/3457 2812/8359/3178 2174/6643/2574
f 2633/8363/2962 2995/9601/3504 2531/8361/2961
f 2420/6785/2622 2531/9602/2961 2419/6929/2676
f 2950/9390/3460 1559/4038/1559 2488/7705/2963
f 2102/8013/2481 2996/9603/3352 2489/8014/2965
f 2725/7570/2906 2997/9604/3505 2312/7207/2779
f 2490/9605/2967 2422/9606/2964 2726/9607/3180
f 2726/8366/3180 2422/7706/2964 2869/9050/3353
f 2869/9050/3353 2951/9391/3461 2726/8366/3180
f 3032/9608/3506 2634/8017/3079 2533/7711/2968
f 2491/7708/2907 2953/9609/3507 2952/9392/3462
f 2727/9610/3181 2998/9611/3508 2635/9612/3081
f 2491/7708/2907 2492/8021/3080 2953/9609/3507
f 2728/9393/3182 2635/9612/3081 2954/9394/3463
f 2953/9609/3507 2492/8021/3080 2871/9052/3355
f 2638/9613/3086 2955/9614/3358 2732/9615/3085
f 2732/9616/3085 2955/9617/3358 2956/9618/3290
f 2956/9618/3290 2733/9619/3087 2732/9616/3085
f 2740/9620/3202 3000/9621/3509 2871/9622/3355
f 2999/9623/3510 2957/9412/3464 2956/9618/3290
f 2999/9623/3510 3001/9624/3467 2957/9412/3464
f 2957/9412/3464 3001/9624/3467 2875/9413/3363
f 2875/9413/3363 3001/9624/3467 2958/9417/3465
f 2740/9625/3202 2501/9626/2914 3000/9627/3509
f 2959/9432/3466 2501/9418/2914 2881/9628/3369
f 2884/9433/3375 2958/9420/3465 3001/9444/3467
f 2500/9629/2913 2561/9468/2997 3034/9630/3511
f 2826/9430/3302 2959/9432/3466 2881/9628/3369
f 2883/9431/3374 2885/9631/3376 2959/9432/3466
f 3001/9444/3467 2886/9435/3377 2884/9433/3375
f 2959/9432/3466 2550/8819/2981 2828/9632/3304
f 2550/8819/2981 2887/9633/3303 2828/9632/3304
f 2889/9634/3379 2749/9635/3212 2828/9636/3304
f 2828/9637/3304 2749/9638/3212 2891/9639/3380
f 2828/9632/3304 2891/9158/3380 2959/9432/3466
f 2553/9445/2986 2891/9158/3380 2749/9635/3212
f 2892/9640/3306 2891/9158/3380 2556/9641/2922
f 3065/9642/3512 3002/9467/3471 2890/9443/3381
f 2892/9643/3306 2435/9644/2990 2891/9645/3380
f 2435/9646/2990 2664/7809/2993 2891/9158/3380
f 3002/9467/3471 2830/8864/3308 2890/9443/3381
f 2664/7809/2993 2329/7808/2745 2960/9647/3469
f 2329/7808/2745 2751/8491/3213 2960/9647/3469
f 2961/9648/3470 2894/9649/3383 2895/9650/3384
f 2831/9463/3217 2899/9185/3386 2441/7461/2861
f 2567/7830/2999 2832/8862/3307 2753/9465/3216
f 2575/8530/3009 2754/8531/3218 2673/8195/3125
f 2576/7627/2932 3004/9651/3513 2754/8531/3218
f 2833/9186/3387 3005/9652/3514 2675/9653/3126
f 2675/9654/3126 3005/9655/3514 2964/9656/3473
f 2964/9475/3515 3006/9657/3516 3005/9652/3517
f 2833/9186/3387 2964/9475/3474 3005/9652/3514
f 2964/9658/3475 3006/9659/3518 2965/9660/3476
f 2757/8538/3221 2965/9661/3476 3006/9657/3518
f 2964/9475/3477 2757/8538/3221 3006/9657/3518
f 2757/8538/3221 2903/9482/3392 2965/9661/3476
f 2902/9198/3389 3004/9662/3513 2576/8539/2932
f 2902/9198/3389 2965/9663/3476 3004/9662/3513
f 2965/9664/3476 2903/9665/3392 2966/9666/3478
f 2966/9667/3478 2903/9668/3392 3007/9669/3519
f 2903/9213/3392 2905/9226/3396 2907/9225/3397
f 2837/9670/3312 2907/9671/3397 2840/9672/3318
f 2840/9673/3318 2907/9225/3397 2906/9674/3398
f 2765/9675/3234 2906/9676/3398 2910/9677/3403
f 2906/9676/3398 2907/9678/3397 2910/9677/3403
f 2906/9679/3520 2968/9680/3409 3008/9681/3521
f 2910/9677/3403 2907/9678/3397 2967/9682/3480
f 2910/9683/3403 2967/9494/3480 3008/9684/3521
f 3008/9685/3521 2968/9686/3409 2910/9687/3403
f 2765/9688/3234 2968/9689/3409 3009/9690/3522
f 3003/9691/3523 2963/9219/3395 3002/9467/3471
f 2967/9494/3480 2912/9507/3411 2969/9692/3481
f 2969/9693/3481 3010/9694/3524 2967/9494/3480
f 2969/9695/3481 2968/9696/3409 3011/9697/3525
f 2969/9693/3481 3011/9698/3525 3010/9694/3524
f 3010/9699/3526 3011/9700/3527 2914/9701/3412
f 3010/9702/3526 2914/9703/3412 2913/9247/3410
f 2912/9507/3411 2971/9704/3484 2969/9692/3481
f 2969/9705/3481 2971/9706/3484 2913/9707/3410
f 2971/9704/3484 3012/9708/3485 2913/9709/3410
f 2842/9254/3413 2914/9703/3412 2684/9710/3034
f 2913/9247/3410 2914/9703/3412 2842/9254/3413
f 2912/9507/3411 2915/9506/3482 2971/9704/3484
f 2842/9254/3413 2684/9710/3034 2971/9711/3484
f 2684/9712/3034 3012/9713/3485 2971/9714/3484
f 3012/9715/3485 2844/9716/3324 3013/9717/3528
f 2844/9718/3324 2846/9719/3414 3013/9720/3528
f 2963/9219/3395 3037/9721/3529 2970/9508/3483
f 2916/9722/3415 2919/9723/3417 2846/9724/3414
f 2846/9725/3414 2919/9726/3417 3013/9727/3528
f 2686/9516/3139 2972/9514/3486 2848/9728/3327
f 2918/9729/3416 2919/9723/3417 2916/9722/3415
f 2918/9729/3416 2973/9730/3530 2778/9731/3247
f 2918/9729/3416 2916/9722/3415 2973/9730/3530
f 2778/9732/3247 2973/9733/3530 2919/9726/3417
f 2917/9281/3418 2920/9292/3419 2916/9268/3415
f 2916/9722/3415 2920/9734/3419 2973/9730/3530
f 2973/9730/3530 2920/9734/3419 2975/9735/3427
f 2785/9736/3258 3039/9737/3421 2974/9738/3488
f 2920/9292/3419 2976/9739/3489 2975/9740/3427
f 2787/9741/3261 2923/9742/3490 2789/9743/3144
f 2923/9742/3490 2792/9744/3332 2789/9743/3144
f 2789/9743/3144 2792/9744/3332 2852/9745/3330
f 2792/9746/3332 2924/9747/3432 2793/9748/3265
f 2980/9749/3429 3014/9750/3531 2794/9751/3266
f 2793/9752/3265 2980/9749/3429 2794/9751/3266
f 2926/9753/3433 2927/9754/3434 2794/9755/3266
f 2794/8996/3266 3014/9756/3531 2926/9338/3433
f 2926/9757/3433 3015/9758/3532 2854/9759/3343
f 2926/9757/3433 3014/9750/3531 3015/9758/3532
f 2857/9760/3345 2854/9761/3343 3016/9762/3533
f 3015/9758/3532 3014/9750/3531 3017/9763/3534
f 3016/9764/3533 3015/9765/3532 2857/9766/3345
f 3015/9758/3532 3017/9763/3534 2857/9760/3345
f 2857/9760/3345 2799/9767/3268 2605/8287/3149
f 2857/9768/3345 3017/9769/3534 2799/9770/3268
f 2521/7662/2945 2982/9558/3494 2934/9357/3444
f 2467/9284/2893 2408/9771/2892 2868/9539/3491
f 2936/9772/3446 2523/9773/2948 2981/9774/3493
f 3017/9769/3534 2864/9775/3348 2799/9770/3268
f 3017/9769/3534 3019/9776/3535 2864/9775/3348
f 2864/9775/3348 3019/9776/3535 2617/9777/3064
f 2984/9573/3496 2477/7542/2895 2622/9575/3066
f 2601/7942/3047 3020/9778/3456 2522/7943/2946
f 2939/9779/3536 2940/9780/3537 3021/9781/3538
f 3022/9782/3539 2623/7674/2951 2624/7986/3067
f 2404/9582/3065 2941/9581/3449 2986/9783/3498
f 3023/9784/3540 2626/9785/3069 2714/7544/2896
f 2985/9574/3497 2988/9786/3541 2632/9035/2960
f 2941/9581/3449 3024/9787/3542 2986/9783/3498
f 3023/9788/3540 2944/9583/3453 2626/9585/3069
f 2623/9789/2951 2987/9790/3543 3025/9791/3544
f 2809/9792/3281 2718/9793/3177 2990/9794/3500
f 2941/9588/3449 2990/9587/3500 3026/9795/3545
f 2941/9588/3449 3026/9795/3545 3027/9796/3546
f 2943/9375/3450 2528/9374/2956 3054/9797/3547
f 2943/9376/3450 3028/9798/3548 2530/9377/2959
f 3028/9799/3548 2991/9800/3502 2530/9801/2959
f 2942/9379/3451 2480/9378/2897 3029/9802/3549
f 2989/9589/3499 2867/9803/3550 2716/9042/3171
f 2623/9591/2951 3025/9804/3544 2992/9380/3452
f 2990/9593/3500 2630/8008/3075 3026/9805/3545
f 3027/9806/3546 3026/9807/3545 2630/9596/3075
f 3027/9806/3546 2630/9596/3075 2941/9595/3449
f 2480/9808/2897 3128/8749/3282 3029/9809/3549
f 2945/8751/3173 2720/8356/3176 2944/9381/3453
f 2988/9786/3541 2487/9810/2905 2632/9035/2960
f 2408/9385/2892 2946/9384/3455 2868/9811/3491
f 2813/8759/3284 3111/9812/3551 2267/6783/2621
f 1183/9813/1342 2949/6522/2531 532/1091/463
f 2722/8760/3285 2311/7057/2731 1772/5349/2072
f 2101/8365/2575 2532/7709/2966 3031/9814/3552
f 2312/7207/2779 2997/9604/3505 2869/9050/3353
f 2532/7709/2966 2952/9392/3462 3084/9815/3553
f 2951/9816/3461 2998/9611/3508 2727/9610/3181
f 2998/9611/3508 2954/9394/3463 2635/9612/3081
f 2495/8024/2924 2870/9051/3354 2878/9446/3468
f 3064/9817/3554 2533/9818/2968 2500/9629/2913
f 2816/9395/3288 2873/9400/3357 2317/9399/2737
f 2954/9394/3463 2873/9400/3357 2816/9395/3288
f 2954/9394/3463 2955/9617/3358 2873/9400/3357
f 2954/9394/3463 2999/9623/3510 2955/9617/3358
f 2999/9623/3510 2956/9618/3290 2955/9617/3358
f 2999/9623/3510 3065/9819/3512 3001/9820/3467
f 3000/9821/3509 2501/9418/2914 2959/9432/3466
f 3065/9642/3512 2890/9443/3381 3001/9444/3467
f 3000/9822/3509 2664/9823/2993 3065/9642/3512
f 2959/9432/3466 2664/7809/2993 3000/9824/3509
f 2891/9158/3380 2664/7809/2993 2959/9432/3466
f 2664/9823/2993 3002/9467/3471 3065/9642/3512
f 2664/9823/2993 2960/9825/3469 3002/9467/3471
f 2878/9446/3468 3035/9826/3555 2756/8541/3222
f 2756/8541/3222 3035/9826/3555 2979/9540/3492
f 2961/9827/3470 3036/9828/3556 2960/9825/3469
f 2961/9829/3470 2895/9175/3384 3036/9830/3556
f 2895/9175/3384 2670/8853/3215 3036/9830/3556
f 2960/9825/3469 3036/9828/3556 3002/9467/3471
f 2671/9460/3122 3036/9831/3556 2670/8853/3215
f 2671/9460/3122 2899/9185/3386 3036/9831/3556
f 3036/9828/3556 2753/9832/3216 3002/9467/3471
f 2899/9833/3386 2753/9832/3216 3036/9828/3556
f 2831/9463/3217 2753/9465/3216 2899/9185/3386
f 2753/9832/3216 2832/9834/3307 3002/9467/3471
f 2900/8191/3124 2673/9835/3125 2832/9836/3307
f 2832/9834/3307 3003/9691/3523 3002/9467/3471
f 2673/9837/3125 3003/9691/3523 2832/9834/3307
f 2673/9837/3125 3004/9838/3513 3003/9691/3523
f 2754/8531/3218 3004/9651/3513 2673/8195/3125
f 3004/9838/3513 3007/9839/3519 3003/9691/3523
f 3004/9651/3513 2965/9840/3476 3007/9841/3519
f 2835/9842/3309 3007/9841/3519 2965/9840/3476
f 2966/9488/3478 3007/9843/3519 2835/9489/3309
f 3007/9839/3519 3009/9844/3522 3003/9691/3523
f 2907/9845/3397 3007/9846/3519 2903/9847/3392
f 2907/9848/3397 2837/8873/3312 3007/9849/3519
f 2906/9850/3398 3007/9851/3519 2837/9852/3312
f 2906/9850/3398 3009/9690/3522 3007/9851/3519
f 2906/9850/3398 2765/9688/3234 3009/9690/3522
f 3008/9681/3521 2967/9853/3480 2906/9679/3520
f 2906/9854/3520 2967/9855/3480 2968/9856/3409
f 3009/9844/3522 2968/9857/3409 3012/9858/3485
f 3003/9691/3523 3009/9844/3522 3012/9858/3485
f 2968/9859/3409 3010/9860/3524 3011/9861/3525
f 2967/9862/3480 3010/9860/3524 2968/9859/3409
f 2914/9252/3412 3012/9863/3485 2968/9689/3409
f 2913/9709/3410 3012/9708/3485 3010/9694/3526
f 3011/9861/3527 3012/9864/3485 2914/9865/3412
f 3010/9860/3526 3012/9864/3485 3011/9861/3527
f 3012/9858/3485 3013/9866/3528 3003/9691/3523
f 2963/9219/3395 3003/9691/3523 3037/9721/3529
f 3013/9727/3528 2919/9726/3417 3038/9867/3557
f 2688/9868/3250 3039/9737/3421 2781/9869/3251
f 2689/8638/3140 2781/9521/3251 3039/9870/3421
f 2923/9871/3490 3014/9872/3531 2792/9873/3332
f 3040/9874/3558 3041/9875/3559 3042/9876/3560
f 2469/7515/2886 2934/9357/3444 2851/9328/3428
f 2924/9877/3432 3014/9750/3531 2980/9749/3429
f 2792/9878/3332 3014/9750/3531 2924/9877/3432
f 2854/9761/3343 3043/9879/3561 3016/9762/3533
f 3043/9879/3561 3044/9880/3562 3016/9762/3533
f 3015/9881/3532 3044/9882/3563 3043/9883/3561
f 2854/9884/3343 3015/9881/3532 3043/9883/3561
f 3017/9885/3534 3043/9886/3564 3044/9887/3565
f 3014/9872/3531 3043/9886/3564 3017/9885/3534
f 3042/9876/3560 3041/9875/3559 3045/9888/3566
f 3016/9889/3533 3044/9882/3563 3015/9881/3532
f 3044/9880/3565 3016/9762/3567 3017/9763/3534
f 2933/9890/3568 3018/9891/3569 2932/9892/3570
f 3041/9875/3559 3046/9893/3571 3045/9888/3566
f 3046/9893/3571 3048/9894/3572 3045/9888/3566
f 3047/9895/3573 3019/9896/3535 3017/9885/3534
f 2979/9540/3492 3049/9897/3574 2601/7942/3047
f 2608/8701/3049 2613/7962/3055 2982/9558/3494
f 2613/7962/3055 2984/9573/3496 2982/9558/3494
f 3045/9888/3566 3048/9894/3572 3021/9898/3538
f 2613/7962/3055 2614/7961/3054 2984/9573/3496
f 3049/9897/3574 3020/9778/3456 2601/7942/3047
f 3019/9899/3535 2985/9574/3497 2617/7974/3064
f 2939/9900/3536 3021/9898/3538 3048/9894/3572
f 2622/9575/3066 2410/7373/2832 3072/9901/3575
f 2307/7985/2728 3103/9902/3576 2171/6632/2571
f 2623/7674/2951 3022/9782/3539 3078/9903/3577
f 2406/7364/2831 2808/9034/3280 2941/9371/3449
f 2714/9036/2896 2945/8352/3173 3050/9904/3578
f 2718/9905/3177 2986/9906/3498 3026/9907/3579
f 3024/9908/3542 3026/9907/3579 2986/9906/3498
f 3024/9909/3580 3027/9796/3581 3026/9795/3582
f 2944/9910/3453 3023/9911/3540 2945/9912/3173
f 2867/9913/3550 3055/9914/3583 2716/9915/3171
f 2624/8347/3067 2992/9380/3452 3053/9916/3584
f 3026/9907/3579 3056/9917/3585 2718/9905/3177
f 3026/9918/3579 3024/9919/3542 3056/9920/3585
f 2261/7054/2729 2944/9381/3453 3057/9921/3586
f 2481/9383/2898 3058/9922/3587 3030/9382/3454
f 2992/9923/3452 3058/9924/3587 2481/9925/2898
f 2992/9926/3452 2717/9927/3174 3058/9928/3587
f 2718/8358/3177 3056/9929/3585 2993/9592/3501
f 2867/8752/3283 2631/8010/3077 2866/7564/2903
f 1016/3172/1221 2418/7206/2778 3059/9930/3588
f 2531/9602/2961 2947/9931/3589 2419/6929/2676
f 1186/2165/894 3082/9932/3590 2633/7704/2962
f 1186/2165/894 1922/9933/2272 3082/9932/3590
f 919/9934/1043 809/2583/923 2814/8764/3287
f 2723/8763/3286 2101/8365/2575 3031/9814/3552
f 3083/9935/3591 2951/9816/3461 2869/9936/3353
f 2532/7709/2966 3084/9815/3553 3062/9937/3592
f 2871/9938/3355 3000/9939/3509 3063/9940/3593
f 3063/9940/3593 3000/9939/3509 3065/9819/3512
f 3034/9630/3511 3064/9817/3554 2500/9629/2913
f 3034/9630/3511 2561/9468/2997 2962/9470/3472
f 3066/9941/3594 3003/9691/3523 3013/9866/3528
f 3067/9942/3595 2972/9943/3486 2970/9944/3483
f 3067/9942/3595 3068/9945/3596 2972/9943/3486
f 3068/9945/3596 2848/9946/3327 2972/9943/3486
f 2919/9726/3417 2973/9733/3530 3038/9867/3557
f 3068/9947/3596 3039/9948/3421 2848/9518/3327
f 3039/9949/3421 2688/9950/3250 2848/9951/3327
f 2974/9738/3488 2923/9871/3490 2922/9952/3426
f 2975/9953/3427 2851/9328/3428 3069/9954/3597
f 2974/9738/3488 3014/9872/3531 2923/9871/3490
f 2851/9328/3428 2934/9357/3444 3069/9954/3597
f 3014/9872/3531 3044/9887/3598 3043/9886/3564
f 3047/9955/3573 3016/9762/3567 3044/9880/3598
f 3014/9872/3531 3047/9895/3573 3044/9887/3598
f 3047/9895/3573 3017/9885/3534 3016/9956/3567
f 2984/9573/3496 2622/9575/3066 3072/9901/3575
f 3073/9957/3599 2985/9958/3497 3019/9896/3535
f 3077/9959/3600 2478/9033/3349 2171/6632/2571
f 3078/9903/3577 2987/9960/3543 2623/7674/2951
f 2985/9961/3497 3079/9962/3601 2988/9963/3541
f 3079/9964/3601 2985/9574/3497 3073/9965/3599
f 3072/9901/3575 2410/7373/2832 2993/9966/3501
f 3102/9967/3602 2989/9586/3499 2306/7045/2608
f 2718/9905/3177 2809/9968/3281 2986/9906/3498
f 2715/8742/3169 2716/8344/3171 3055/9969/3583
f 3056/9929/3585 3024/9970/3542 2941/9971/3449
f 3055/9972/3583 2867/9803/3550 2989/9589/3499
f 3080/9973/3603 3030/9382/3454 3058/9922/3587
f 2993/9592/3501 3056/9929/3585 3133/9974/3604
f 3057/9921/3586 3128/8749/3282 2261/7054/2729
f 2944/9381/3453 2720/8356/3176 3057/9921/3586
f 3134/9975/3605 2721/8009/3076 2994/9600/3503
f 2994/9600/3503 2866/7564/2903 2631/8010/3077
f 3058/9922/3587 2717/9048/3174 2810/8011/3078
f 1584/4904/1867 2946/9384/3455 2003/4404/1682
f 1015/3255/1254 1016/3172/1221 3059/9930/3588
f 2995/9976/3504 2947/9931/3589 2531/9602/2961
f 3061/9389/3459 2419/6929/2676 3060/9977/3606
f 2995/9601/3504 2633/8363/2962 3082/9978/3590
f 2813/9979/3284 2723/8763/3286 3031/9814/3552
f 2952/9392/3462 2953/9609/3507 3084/9815/3553
f 2998/9611/3508 2951/9816/3461 3083/9935/3591
f 2953/9609/3507 2871/9052/3355 3084/9815/3553
f 3064/9817/3554 3033/9980/3607 2533/9818/2968
f 2870/9051/3354 3085/9981/3608 2878/9446/3468
f 3065/9819/3512 2999/9623/3510 2954/9394/3463
f 3086/9982/3609 3035/9826/3555 2878/9446/3468
f 3142/9983/3610 2962/9470/3472 2755/9469/3219
f 3114/9984/3611 2755/9469/3219 3115/9985/3612
f 2755/9469/3219 3088/9986/3487 3115/9985/3612
f 3038/9987/3557 3066/9988/3594 3013/9866/3528
f 3003/9989/3523 3116/9990/3613 3037/9991/3529
f 3038/9867/3557 2973/9733/3530 3069/9954/3597
f 2973/9733/3530 2975/9953/3427 3069/9954/3597
f 2929/9992/3614 3120/9993/3615 3089/9994/3616
f 2934/9357/3444 2982/9558/3494 3069/9954/3597
f 3046/9995/3571 3090/9996/3617 3048/9997/3572
f 3091/9998/3618 3092/9999/3619 3049/10000/3574
f 3091/9998/3618 3049/10000/3574 2979/10001/3492
f 2982/9558/3494 2984/9573/3496 3069/9954/3597
f 3069/9954/3597 2984/9573/3496 3072/9901/3575
f 3045/10002/3566 3021/10003/3538 3093/10004/3620
f 3049/9897/3574 3070/10005/3621 3020/9778/3456
f 3048/9997/3572 3094/10006/3622 2939/10007/3536
f 3076/10008/3623 3074/10009/3624 3095/10010/3625
f 3075/10011/3626 3095/10012/3625 3074/10013/3624
f 3095/10014/3625 3096/10015/3627 3076/10016/3623
f 3075/10017/3626 3097/10018/3628 3095/10019/3625
f 3095/10020/3625 3097/10021/3628 3098/10022/3629
f 3076/10023/3630 3096/10024/3631 3074/10025/3632
f 3074/10013/3624 3076/10026/3633 3075/10011/3626
f 3075/10027/3626 3098/10028/3634 3097/10029/3628
f 3075/10030/3626 3124/10031/3635 3098/10032/3634
f 3097/10033/3636 3098/10034/3637 3078/10035/3577
f 3078/9903/3577 3022/9782/3539 3097/10036/3636
f 3097/10036/3636 3022/9782/3539 3098/10037/3638
f 2171/6632/2571 3103/9902/3576 3077/9959/3600
f 2714/7544/2896 3050/10038/3578 3023/9784/3540
f 2306/6763/2608 2715/8342/3169 3102/10039/3602
f 2624/10040/3067 3053/10041/3584 3022/9782/3539
f 2808/8737/3280 3056/9929/3585 2941/9971/3449
f 3054/10042/3547 3104/10043/3639 2943/9376/3450
f 3023/9911/3540 3129/10044/3640 2945/9912/3173
f 3025/9804/3544 3105/10045/3641 2992/9380/3452
f 3054/10046/3547 2528/9599/2956 2991/9598/3502
f 3028/10047/3548 2942/10048/3451 3029/10049/3549
f 2994/9600/3503 3107/10050/3642 3134/9975/3605
f 3030/9382/3454 3081/10051/3643 2631/8010/3077
f 3058/9922/3587 3108/10052/3644 3080/9973/3603
f 2810/8011/3078 3108/10052/3644 3058/9922/3587
f 2487/7566/2905 3109/10053/3645 2810/8011/3078
f 967/2800/1092 3110/10054/3646 1183/3511/1342
f 2724/8766/3179 2634/8017/3079 3032/9608/3506
f 3031/9814/3552 2532/7709/2966 3062/9937/3592
f 2997/10055/3505 3083/9935/3591 2869/9936/3353
f 3032/10056/3506 2533/9818/2968 3033/9980/3607
f 3084/10057/3553 3063/9940/3593 3137/10058/3647
f 3084/10057/3553 2871/10059/3355 3063/9940/3593
f 3085/9981/3608 3086/9982/3609 2878/9446/3468
f 3035/9826/3555 3086/9982/3609 3087/10060/3648
f 3034/9630/3511 2962/9470/3472 3142/9983/3610
f 3142/9983/3610 2755/9469/3219 3114/9984/3611
f 3035/9826/3555 3113/10061/3649 2979/9540/3492
f 2979/9540/3492 3113/10061/3649 3091/10062/3618
f 3037/9991/3529 3067/9942/3595 2970/9944/3483
f 3067/9942/3595 3143/10063/3650 3068/9945/3596
f 3042/10064/3560 3117/10065/3651 3040/10066/3558
f 3089/10067/3616 3119/10068/3652 2929/10069/3614
f 3041/10070/3559 3145/10071/3653 3089/10072/3654
f 3145/10073/3653 3119/10074/3655 3089/10075/3654
f 3089/9994/3616 3120/9993/3615 3119/10076/3656
f 3089/9994/3654 3119/10076/3657 3041/10077/3559
f 2933/10078/3568 3121/10079/3658 3018/9891/3569
f 3046/10080/3571 3041/10081/3559 3121/10082/3659
f 3042/10083/3560 3045/10002/3566 3093/10004/3620
f 3070/10084/3621 3049/10085/3574 3092/10086/3619
f 3069/9954/3597 3072/9901/3575 3122/10087/3660
f 3118/10088/3661 2811/10089/3457 3070/10090/3621
f 3048/9997/3572 3071/10091/3662 3094/10006/3622
f 3070/10090/3621 2811/10089/3457 3020/10092/3456
f 3095/10014/3625 3154/10093/3663 3096/10015/3627
f 3095/10020/3625 3098/10022/3629 3124/10094/3664
f 3098/10022/3665 3125/10095/3666 3124/10094/3667
f 2939/10096/3536 3094/10097/3622 2940/10098/3537
f 3096/10024/3627 3154/10099/3663 3076/10023/3633
f 3076/10023/3633 3154/10099/3663 3075/10100/3626
f 3124/10101/3635 3075/10102/3626 3125/10103/3668
f 3098/10104/3669 3125/10105/3670 3099/10106/3671
f 3098/10107/3637 3099/10108/3672 3078/10109/3577
f 3022/10110/3539 3099/10111/3672 3098/10112/3638
f 3023/9784/3540 3123/10113/3673 3100/10114/3674
f 3023/9784/3540 3050/10038/3578 3123/10113/3673
f 3051/10115/3675 3052/10116/3676 3101/10117/3677
f 3022/9782/3539 3053/10041/3584 3099/10118/3672
f 2307/7052/2728 2942/9379/3451 3103/10119/3576
f 3100/10120/3674 3126/10121/3678 3023/10122/3540
f 3072/10123/3575 3106/10124/3679 2808/10125/3280
f 3106/10126/3679 3127/10127/3680 2808/10128/3280
f 2942/10129/3451 3028/10130/3548 3128/10131/3681
f 2942/9379/3451 3128/10132/3681 3103/10119/3576
f 3023/9911/3540 3126/10133/3678 3129/10044/3640
f 3105/10045/3641 3130/10134/3682 2992/9380/3452
f 3130/10135/3682 3131/10136/3683 3080/10137/3603
f 2992/10138/3452 3130/10139/3682 3080/10140/3603
f 2992/10141/3452 3080/10142/3603 3053/10143/3584
f 2993/10144/3501 3106/10145/3679 3072/10146/3575
f 3056/10147/3585 2808/10148/3280 3127/10149/3680
f 3054/10046/3547 3132/10150/3684 3104/10151/3639
f 3028/10152/3548 3029/10153/3549 2991/10154/3502
f 3080/10155/3603 3105/10156/3685 3030/10157/3454
f 3080/10158/3603 3131/10159/3683 3105/10160/3685
f 3080/10142/3603 3108/10161/3644 3053/10143/3584
f 2993/9592/3501 3133/9974/3604 3106/10162/3679
f 2721/8009/3076 3134/9975/3605 2720/8356/3176
f 2720/8356/3176 3134/9975/3605 3057/9921/3586
f 2988/10163/3541 3079/10164/3601 2487/7566/2905
f 1920/6782/2270 3135/10165/3686 1685/5132/1966
f 2947/9931/3589 3060/9977/3606 2419/6929/2676
f 3061/10166/3459 3112/10167/3687 2268/8765/2675
f 2268/8765/2675 3112/10167/3687 2725/10168/2906
f 3162/10169/3688 3138/10170/3689 2998/9611/3508
f 3138/10170/3689 3139/10171/3690 2998/9611/3508
f 3139/10171/3690 3140/10172/3691 2998/9611/3508
f 3140/10172/3691 2954/9394/3463 2998/9611/3508
f 3140/10172/3691 3162/10169/3688 2954/9394/3463
f 2870/9051/3354 3136/10173/3692 3085/9981/3608
f 3162/10169/3688 3065/9819/3512 2954/9394/3463
f 3141/10174/3693 3034/9630/3511 3163/10175/3694
f 3064/9817/3554 3034/9630/3511 3141/10174/3693
f 3034/9630/3511 3142/9983/3610 3163/10175/3694
f 3163/10175/3694 3142/9983/3610 3086/10176/3609
f 3086/10176/3609 3142/9983/3610 3087/10177/3648
f 3087/10177/3648 3142/9983/3610 3114/9984/3611
f 3087/10177/3648 3113/10178/3649 3035/10179/3555
f 3087/10177/3648 3114/9984/3611 3113/10178/3649
f 3066/10180/3594 3116/9990/3613 3003/9989/3523
f 3068/10181/3596 2974/9738/3488 3039/9737/3421
f 3113/10178/3649 3118/10182/3661 3091/10183/3618
f 3040/10184/3558 3145/10073/3653 3041/10185/3559
f 3119/10068/3652 3147/10186/3695 2929/10069/3614
f 3145/10073/3653 3147/10187/3696 3119/10074/3655
f 3042/10083/3560 3093/10004/3620 3117/10188/3651
f 3119/10076/3656 3120/9993/3615 3147/10189/3697
f 3119/10076/3657 3147/10189/3698 3041/10077/3559
f 2929/9992/3614 3146/10190/3699 3120/9993/3615
f 3018/9891/3569 3149/10191/3700 3148/10192/3701
f 3121/10079/3658 3149/10191/3700 3018/9891/3569
f 3041/10193/3559 3148/10194/3701 3121/10079/3659
f 3121/10079/3659 3148/10194/3701 3149/10191/3700
f 3121/10195/3658 2933/10196/3568 3149/10197/3702
f 3121/10195/3659 3149/10197/3702 3046/10198/3571
f 3046/10198/3571 3149/10197/3702 3150/10199/3703
f 2932/10200/3570 3150/10199/3703 2933/10196/3568
f 3069/9954/3597 3122/10087/3660 3144/10201/3704
f 3118/10088/3661 3151/10202/3705 3091/10203/3618
f 3048/9997/3572 3090/9996/3617 3071/10091/3662
f 3021/10003/3538 3152/10204/3706 3093/10004/3620
f 3021/10205/3538 3094/10206/3622 3071/10207/3662
f 3124/10094/3664 3154/10208/3663 3095/10020/3625
f 3124/10094/3664 3125/10095/3668 3154/10208/3663
f 3123/10209/3673 3153/10210/3707 3100/10211/3674
f 3075/10212/3626 3154/10213/3663 3125/10214/3668
f 3099/10118/3672 3053/10041/3584 3078/9903/3577
f 3072/10215/3575 3127/10216/3680 3122/10217/3660
f 2808/8737/3280 3104/10218/3639 3072/10215/3575
f 3072/10215/3575 3104/10218/3639 3127/10216/3680
f 3028/10130/3548 3103/10219/3576 3128/10131/3681
f 3131/10220/3683 3130/10221/3682 3053/10222/3584
f 3127/10223/3680 3104/10224/3639 3056/10225/3585
f 3132/10226/3684 3054/10227/3547 2991/10228/3502
f 3131/10229/3683 3030/10230/3454 3105/10231/3685
f 3131/10220/3683 3053/10222/3584 3108/10232/3644
f 3128/8749/3282 3057/9921/3586 3156/10233/3708
f 2267/6783/2621 3287/10234/3709 1770/5346/2070
f 2995/9976/3504 3175/10235/3710 2947/9931/3589
f 1685/5132/1966 3158/10236/3711 1922/5800/2272
f 2311/7057/2731 2722/8760/3285 2996/9049/3352
f 2488/7705/2963 3252/10237/3712 2950/9390/3460
f 2489/8014/2965 2996/9603/3352 2870/9051/3354
f 3084/9815/3553 3160/10238/3713 3062/9937/3592
f 3084/9815/3553 3137/10239/3647 3160/10238/3713
f 3137/10058/3647 3063/9940/3593 3162/10169/3688
f 3162/10169/3688 3140/10172/3691 3138/10170/3689
f 3140/10172/3691 3139/10171/3690 3138/10170/3689
f 3138/10240/3714 3139/10241/3715 3161/10242/3716
f 3063/9940/3593 3065/9819/3512 3162/10169/3688
f 3115/10243/3612 3164/10244/3717 3114/10245/3611
f 3088/10246/3487 3291/10247/3718 3115/10243/3612
f 3069/9954/3597 3144/10201/3704 3038/9867/3557
f 3147/10186/3695 3166/10248/3719 2929/10069/3614
f 3147/10186/3696 3145/10249/3653 3166/10248/3720
f 3147/10189/3697 3120/9993/3615 3166/10250/3721
f 3166/10250/3722 3167/10251/3723 3147/10189/3698
f 3147/10189/3698 3167/10251/3723 3041/10077/3559
f 3167/10252/3723 3148/10253/3701 3041/10254/3559
f 2933/10196/3568 3150/10199/3703 3149/10197/3702
f 3150/10255/3703 3090/9996/3617 3046/9995/3571
f 3122/10087/3660 3168/10256/3724 3144/10201/3704
f 3091/10257/3618 3169/10258/3725 3092/10259/3619
f 3109/10260/3645 3073/9957/3599 3019/9896/3535
f 3152/10261/3706 3021/10262/3538 3071/10263/3662
f 3021/10264/3538 2940/10265/3537 3094/10266/3622
f 3123/10267/3673 3050/9904/3578 3170/10268/3726
f 3052/10116/3676 3171/10269/3727 3101/10117/3677
f 3051/10270/3675 3101/10271/3677 3172/10272/3728
f 2808/8737/3280 3173/10273/3729 3104/10218/3639
f 2808/8737/3280 2478/9033/3349 3173/10273/3729
f 2478/9033/3349 3077/9959/3600 3204/10274/3730
f 2943/9376/3450 3174/10275/3731 3028/9798/3548
f 3028/9798/3548 3174/10275/3731 3103/10276/3576
f 3050/9904/3578 2945/8352/3173 3129/10277/3640
f 3106/10278/3679 3133/10279/3604 3127/10280/3680
f 3104/10043/3639 3173/10281/3729 2943/9376/3450
f 3105/10045/3641 3206/10282/3732 3130/10134/3682
f 3056/10283/3585 3104/10151/3639 3132/10150/3684
f 3132/10150/3684 3133/9974/3604 3056/10283/3585
f 3131/10284/3683 3108/10052/3644 3030/9382/3454
f 2810/8011/3078 3210/10285/3733 3108/10052/3644
f 2267/6783/2621 3111/9812/3551 3287/10234/3709
f 3157/10286/3734 3112/10287/3687 3061/9389/3459
f 2813/9979/3284 3176/10288/3735 3111/10289/3551
f 2813/9979/3284 3031/9814/3552 3176/10288/3735
f 3159/10290/3736 2488/7705/2963 2724/8364/3179
f 3214/10291/3737 3083/9935/3591 2997/10055/3505
f 2725/10292/2906 3214/10291/3737 2997/10055/3505
f 3031/9814/3552 3062/9937/3592 3160/10238/3713
f 2996/9603/3352 3230/10293/3738 2870/9051/3354
f 3230/10293/3738 3136/10173/3692 2870/9051/3354
f 3164/10244/3717 3115/10243/3612 3177/10294/3739
f 3165/10295/3740 3179/10296/3741 3180/10297/3742
f 3179/10296/3741 3165/10295/3740 3181/10298/3743
f 3180/10297/3742 3182/10299/3744 3165/10295/3740
f 3068/10181/3596 3183/10300/3745 2974/9738/3488
f 3183/10300/3745 3184/10301/3746 2974/9738/3488
f 3038/9867/3557 3144/10201/3704 3185/10302/3747
f 3184/10301/3746 3014/9872/3531 2974/9738/3488
f 3186/10303/3748 3187/10304/3749 3188/10305/3750
f 3188/10305/3751 3190/10306/3752 3189/10307/3753
f 3184/10301/3746 3047/9895/3573 3014/9872/3531
f 3040/10184/3558 3167/10308/3723 3145/10073/3653
f 3191/10309/3754 2929/10069/3614 3166/10248/3719
f 3192/10310/3755 2929/10069/3614 3191/10309/3754
f 3191/10309/3756 3166/10248/3720 3145/10249/3653
f 3145/10311/3653 3167/10312/3723 3191/10313/3756
f 3148/10314/3701 3167/10315/3723 3040/10316/3558
f 3191/10317/3757 3166/10250/3721 3192/10318/3758
f 3192/10318/3758 3166/10250/3721 3120/9993/3615
f 3191/10317/3756 3167/10251/3723 3166/10250/3722
f 3091/10203/3618 3151/10202/3705 3169/10319/3725
f 3109/10260/3645 3019/9896/3535 3047/9895/3573
f 2812/10320/3178 2811/10321/3457 3118/10322/3661
f 3198/10323/3759 3123/10267/3673 3170/10268/3726
f 3109/10260/3645 3079/10324/3601 3073/9957/3599
f 3196/10325/3760 3077/10326/3761 3197/10327/3762
f 3100/10328/3674 3153/10329/3707 3195/10330/3763
f 3171/10269/3727 3052/10116/3676 3199/10331/3764
f 3200/10332/3765 3201/10333/3766 3244/10334/3767
f 3100/10335/3674 3202/10336/3768 3126/10337/3678
f 3078/10338/3577 3053/10339/3584 3206/10340/3732
f 3207/10341/3769 3129/10044/3640 3126/10133/3678
f 3102/9967/3602 3208/10342/3770 2989/9586/3499
f 3055/9969/3583 3203/10343/3771 2715/8742/3169
f 2987/10344/3543 3155/10345/3772 3025/10346/3544
f 3127/10280/3680 3133/10279/3604 3122/10087/3660
f 3173/10347/3729 3122/10087/3660 3133/10279/3604
f 3209/10348/3773 3052/10349/3676 3051/10350/3675
f 3172/10351/3728 3209/10348/3773 3051/10350/3675
f 3208/10352/3770 3055/9972/3583 2989/9589/3499
f 3203/10353/3771 3055/9972/3583 3208/10352/3770
f 3206/10282/3732 3105/10045/3641 3025/9804/3544
f 3155/10354/3772 3206/10282/3732 3025/9804/3544
f 3206/10355/3732 3053/10356/3584 3130/10357/3682
f 3081/10051/3643 3030/9382/3454 3108/10052/3644
f 3109/10053/3645 3210/10285/3733 2810/8011/3078
f 3156/10233/3708 3057/9921/3586 3134/9975/3605
f 2310/10358/2730 3135/10165/3686 1920/6782/2270
f 3175/10359/3710 2995/10360/3504 3082/10361/3590
f 3157/10286/3734 3061/9389/3459 3060/9977/3606
f 3251/10362/3774 3111/10289/3551 3176/10288/3735
f 3212/10363/3775 2950/9390/3460 3252/10237/3712
f 3031/9814/3552 3160/10238/3713 3176/10288/3735
f 3231/10364/3776 2998/9611/3508 3083/9935/3591
f 3231/10364/3776 3162/10169/3688 2998/9611/3508
f 3064/9817/3554 3141/10174/3693 3163/10175/3694
f 3037/9991/3529 3116/9990/3613 3215/10365/3777
f 3178/10366/3778 3037/10367/3529 3215/10368/3777
f 3037/9991/3529 3178/10369/3778 3067/9942/3595
f 3178/10370/3778 3179/10371/3741 3181/10372/3743
f 3182/10373/3744 3217/10374/3779 3165/10375/3740
f 3038/9867/3557 3185/10302/3747 3216/10376/3780
f 3144/10201/3704 3219/10377/3781 3185/10302/3747
f 3188/10305/3751 3189/10307/3753 3186/10303/3782
f 3186/10378/3782 3190/10379/3752 3188/10380/3751
f 3146/10381/3699 2929/10069/3614 3238/10382/3783
f 3192/10310/3755 3221/10383/3784 2929/10069/3614
f 2929/10069/3614 3221/10383/3784 3238/10382/3783
f 3191/10317/3785 3192/10318/3786 3221/10384/3787
f 3168/10256/3724 3220/10385/3788 3144/10201/3704
f 3146/10190/3699 3220/10386/3788 3120/9993/3615
f 3221/10384/3784 3192/10318/3758 3120/9993/3615
f 3120/9993/3615 3238/10387/3783 3221/10384/3784
f 3117/10388/3651 3148/10314/3701 3040/10316/3558
f 3117/10388/3651 3093/10389/3620 3148/10314/3701
f 3018/9891/3569 3222/10390/3789 2932/9892/3570
f 3018/9891/3569 3148/10192/3701 3222/10390/3789
f 3168/10391/3724 2932/10392/3570 3220/10393/3788
f 3148/10394/3701 3150/10199/3703 2932/10200/3570
f 2932/10200/3570 3193/10395/3790 3148/10394/3701
f 3148/10314/3701 3093/10389/3620 3150/10396/3703
f 3150/10396/3703 3093/10389/3620 3090/10397/3617
f 3151/10202/3705 3118/10088/3661 3070/10398/3621
f 3118/10322/3661 3113/10399/3649 2812/10320/3178
f 3093/10389/3620 3152/10400/3706 3090/10401/3617
f 3090/10401/3617 3152/10400/3706 3071/10402/3662
f 3122/10087/3660 3223/10403/3791 3168/10256/3724
f 3122/10087/3660 3200/10404/3765 3223/10403/3791
f 3244/10334/3767 3242/10405/3792 3200/10332/3765
f 3244/10334/3793 3196/10406/3794 3242/10405/3795
f 3100/10407/3674 3195/10408/3763 3170/10409/3726
f 3195/10408/3763 3198/10410/3759 3170/10409/3726
f 3122/10087/3660 3224/10411/3796 3200/10404/3765
f 3173/10412/3729 3201/10333/3766 3200/10332/3765
f 3170/10413/3726 3202/10414/3768 3100/10415/3674
f 3078/9903/3577 3155/10416/3772 2987/9960/3543
f 3122/10087/3660 3225/10417/3797 3224/10411/3796
f 3122/10087/3660 3226/10418/3798 3225/10417/3797
f 3244/10334/3793 3227/10419/3799 3196/10406/3794
f 3196/10420/3800 3227/10421/3801 3197/10422/3802
f 3122/10087/3660 3173/10347/3729 3226/10418/3798
f 3202/10423/3768 3205/10424/3803 3126/10425/3678
f 3202/10423/3768 3207/10426/3769 3205/10424/3803
f 3174/10275/3731 2943/9376/3450 3228/10427/3804
f 3173/10281/3729 3228/10427/3804 2943/9376/3450
f 3229/10428/3805 2994/9600/3503 2631/8010/3077
f 3109/10260/3645 2487/10429/2905 3079/10324/3601
f 3159/10430/3736 2724/8766/3179 3032/10431/3506
f 2996/9603/3352 3213/10432/3806 3230/10293/3738
f 3254/10433/3807 3086/10176/3609 3085/10434/3608
f 3136/10435/3692 3254/10433/3807 3085/10434/3608
f 3066/10180/3594 3233/10436/3808 3116/9990/3613
f 3116/9990/3613 3234/10437/3809 3215/10365/3777
f 3179/10296/3741 3234/10438/3809 3180/10297/3742
f 3067/9942/3595 3178/10369/3778 3235/10439/3810
f 3178/10370/3778 3215/10440/3777 3179/10371/3741
f 3180/10297/3742 3234/10438/3809 3182/10299/3744
f 3165/10441/3740 3236/10442/3811 3181/10443/3743
f 3165/10441/3740 3276/10444/3812 3236/10442/3811
f 3088/10445/3487 2868/10446/3491 3256/10447/3813
f 3217/10374/3779 3218/10448/3814 3165/10375/3740
f 3165/10441/3740 3218/10449/3814 3276/10444/3812
f 3189/10307/3753 3185/10450/3747 3186/10303/3782
f 3185/10451/3747 3219/10452/3781 3186/10453/3782
f 3186/10453/3782 3219/10452/3781 3190/10454/3752
f 3190/10454/3752 3237/10455/3815 3189/10456/3753
f 3144/10457/3704 3220/10393/3788 3146/10458/3699
f 3120/9993/3615 3220/10386/3788 3238/10387/3783
f 2932/9892/3570 3222/10390/3789 3220/10459/3788
f 3092/10460/3619 3151/10461/3705 3070/10462/3621
f 3223/10463/3791 3239/10464/3816 3194/10465/3817
f 3200/10466/3765 3242/10467/3792 3262/10468/3818
f 3242/10469/3819 3196/10470/3820 3263/10471/3821
f 3196/10470/3822 3197/10472/3823 3263/10471/3824
f 3200/10473/3765 3241/10474/3825 3239/10475/3816
f 3262/10476/3818 3241/10477/3825 3200/10478/3765
f 3197/10479/3823 3243/10480/3826 3263/10481/3824
f 3197/10482/3823 3196/10483/3827 3243/10484/3826
f 3195/10485/3763 3153/10486/3707 3202/10487/3768
f 3195/10408/3763 3202/10488/3768 3198/10410/3759
f 3198/10410/3759 3202/10488/3768 3050/10489/3578
f 3173/10490/3729 3224/10491/3796 3226/10492/3798
f 3200/10493/3765 3224/10494/3796 3173/10495/3729
f 3224/10491/3796 3201/10496/3766 3226/10492/3798
f 3244/10497/3793 3242/10467/3828 3227/10498/3799
f 3201/10496/3766 3242/10467/3829 3244/10497/3767
f 3242/10467/3828 3196/10483/3830 3227/10498/3799
f 3170/10413/3726 3050/10499/3578 3202/10414/3768
f 3207/10426/3769 3245/10500/3831 3205/10424/3803
f 3245/10501/3831 3207/10502/3769 3246/10503/3832
f 3126/10133/3678 3246/10504/3832 3207/10341/3769
f 3205/10505/3803 3246/10504/3832 3126/10133/3678
f 3133/10506/3604 3228/10507/3804 3173/10508/3729
f 3133/10506/3604 3132/10509/3684 3228/10507/3804
f 3132/10150/3684 2991/9598/3502 3248/10510/3833
f 2631/8010/3077 3081/10051/3643 3229/10428/3805
f 3108/10052/3644 3210/10285/3733 3081/10051/3643
f 1962/5952/2327 1015/3255/1254 3249/10511/3834
f 3250/10512/3835 3110/10054/3646 967/2800/1092
f 2947/9931/3589 3157/10286/3734 3060/9977/3606
f 2996/9049/3352 2722/8760/3285 3213/10513/3806
f 2725/10292/2906 3112/10514/3687 3214/10291/3737
f 3231/10364/3776 3083/9935/3591 3214/10291/3737
f 3272/10515/3836 3160/10516/3713 3137/10058/3647
f 3032/10056/3506 3033/9980/3607 3253/10517/3837
f 3137/10058/3647 3162/10169/3688 3272/10515/3836
f 3272/10515/3836 3162/10169/3688 3231/10364/3776
f 3230/10518/3738 3254/10433/3807 3136/10435/3692
f 3273/10519/3838 3064/9817/3554 3255/10520/3839
f 3273/10519/3838 3033/9980/3607 3064/9817/3554
f 3255/10520/3839 3064/9817/3554 3290/10521/3840
f 3254/10433/3807 3290/10521/3840 3086/10176/3609
f 3064/9817/3554 3163/10175/3694 3290/10521/3840
f 3086/10176/3609 3290/10521/3840 3163/10175/3694
f 3164/10244/3717 3113/10522/3649 3114/10245/3611
f 3066/10180/3594 3232/10523/3841 3233/10436/3808
f 3233/10436/3808 3234/10437/3809 3116/9990/3613
f 3179/10296/3741 3215/10524/3777 3234/10438/3809
f 3038/10525/3557 3216/10526/3780 3066/10180/3594
f 3178/10527/3778 3181/10443/3743 3235/10528/3810
f 3181/10443/3743 3236/10442/3811 3235/10528/3810
f 3185/10302/3747 3237/10529/3815 3216/10376/3780
f 3219/10452/3781 3237/10455/3815 3190/10454/3752
f 3219/10377/3781 3144/10201/3704 3238/10530/3783
f 3238/10382/3783 3144/10531/3704 3146/10381/3699
f 3222/10532/3789 3148/10394/3701 3193/10395/3790
f 3168/10533/3724 3193/10395/3790 2932/10200/3570
f 3169/10534/3725 3151/10535/3705 3092/10536/3619
f 3258/10537/3842 3259/10538/3843 3260/10539/3844
f 3264/10540/3845 3260/10539/3846 3240/10541/3847
f 3258/10537/3848 3260/10539/3849 3264/10540/3850
f 3264/10540/3845 3240/10541/3847 3265/10542/3851
f 3223/10403/3791 3200/10543/3765 3239/10544/3816
f 3225/10545/3797 3239/10546/3816 3224/10491/3796
f 3241/10547/3852 3242/10467/3853 3262/10468/3854
f 3241/10547/3825 3262/10468/3855 3239/10546/3816
f 3242/10467/3856 3243/10484/3857 3263/10548/3858
f 3242/10467/3859 3263/10548/3860 3262/10468/3861
f 3266/10549/3862 3202/10487/3768 3153/10486/3707
f 3267/10550/3863 3261/10551/3864 3050/10552/3578
f 3261/10551/3864 3198/10323/3759 3050/10552/3578
f 3201/10496/3766 3224/10491/3796 3239/10546/3816
f 3201/10496/3766 3239/10546/3816 3262/10468/3855
f 3201/10496/3766 3262/10468/3855 3242/10467/3829
f 3196/10483/3827 3263/10548/3865 3243/10484/3826
f 3266/10549/3862 3269/10553/3866 3202/10487/3768
f 3267/10550/3863 3050/10552/3578 3302/10554/3867
f 3268/10555/3868 3102/10039/3602 2715/8342/3169
f 3206/10556/3732 3155/10416/3772 3078/9903/3577
f 3225/10557/3797 3226/10558/3798 3201/10559/3766
f 3050/10552/3578 3129/10277/3640 3302/10554/3867
f 3201/10560/3766 3173/10561/3729 3225/10417/3797
f 3173/10273/3729 2478/9033/3349 3204/10274/3730
f 3269/10562/3866 3207/10563/3769 3202/10564/3768
f 3207/10341/3769 3302/10565/3867 3129/10044/3640
f 3268/10566/3868 3208/10342/3770 3102/9967/3602
f 3228/10427/3804 3247/10567/3869 3174/10275/3731
f 3247/10567/3869 3103/10276/3576 3174/10275/3731
f 3228/10507/3804 3132/10509/3684 3248/10568/3833
f 3270/10569/3870 3210/10285/3733 3109/10053/3645
f 808/2539/996 3250/10512/3835 967/2800/1092
f 3271/10570/3871 3213/10513/3806 2722/8760/3285
f 3235/10571/3810 3257/10572/3872 3067/10573/3595
f 3143/10574/3650 3183/10300/3745 3068/10181/3596
f 3292/10575/3873 3293/10576/3874 3274/10577/3875
f 3235/10578/3810 3236/10579/3811 3257/10580/3872
f 3185/10450/3747 3189/10307/3753 3237/10581/3815
f 3219/10582/3781 3238/10583/3783 3237/10584/3815
f 3220/10386/3788 3222/10585/3789 3238/10387/3783
f 3184/10301/3746 3109/10260/3645 3047/9895/3573
f 3168/10256/3724 3223/10403/3791 3193/10586/3790
f 3239/10464/3816 3277/10587/3876 3194/10465/3817
f 3279/10588/3877 3278/10589/3878 3258/10537/3848
f 3258/10537/3848 3264/10540/3850 3279/10588/3877
f 3265/10542/3879 3279/10588/3877 3264/10540/3850
f 3240/10541/3847 3280/10590/3880 3265/10542/3851
f 3265/10542/3879 3280/10590/3881 3279/10588/3877
f 3258/10591/3848 3278/10592/3878 3260/10593/3882
f 3260/10593/3882 3278/10592/3878 3264/10594/3883
f 3153/10486/3707 3282/10595/3884 3266/10549/3862
f 3282/10596/3885 3283/10597/3886 3266/10598/3887
f 3284/10599/3888 3261/10551/3864 3267/10550/3863
f 3266/10549/3862 3282/10595/3889 3269/10553/3866
f 3284/10600/3890 3267/10601/3891 3285/10602/3892
f 3267/10550/3863 3302/10554/3867 3284/10599/3893
f 2715/8342/3169 3286/10603/3894 3268/10555/3868
f 3203/10604/3771 3286/10603/3894 2715/8342/3169
f 3103/10605/3576 3247/10606/3869 3077/9959/3600
f 3077/9959/3600 3247/10606/3869 3204/10274/3730
f 3052/10349/3676 3209/10348/3773 3199/10607/3764
f 3208/10352/3770 3286/10608/3894 3203/10353/3771
f 2947/9931/3589 3211/10609/3895 3157/10286/3734
f 2947/9931/3589 3175/10235/3710 3211/10609/3895
f 3287/10234/3709 3111/9812/3551 3251/10610/3774
f 3309/10611/3896 3214/10291/3737 3112/10514/3687
f 2950/9390/3460 3362/10612/3897 2814/8764/3287
f 3176/10613/3735 3160/10516/3713 3288/10614/3898
f 3159/10615/3736 3032/10056/3506 3289/10616/3899
f 3289/10616/3899 3032/10056/3506 3253/10517/3837
f 3288/10614/3898 3160/10516/3713 3272/10515/3836
f 3213/10617/3806 3254/10433/3807 3230/10618/3738
f 3253/10517/3837 3033/9980/3607 3273/10519/3838
f 3273/10519/3838 3255/10520/3839 3290/10521/3840
f 3115/10243/3612 3291/10247/3718 3177/10294/3739
f 3216/10526/3780 3232/10523/3841 3066/10180/3594
f 3067/9942/3595 3294/10619/3900 3143/10063/3650
f 3293/10620/3874 3296/10621/3901 3274/10622/3875
f 3274/10577/3875 3275/10623/3902 3292/10575/3873
f 3234/10624/3809 3295/10625/3903 3182/10626/3744
f 3275/10627/3902 3274/10628/3875 3296/10629/3901
f 3280/10630/3881 3299/10631/3904 3279/10632/3877
f 3123/10633/3673 3198/10634/3759 3153/10635/3707
f 3171/10636/3727 3281/10637/3905 3101/10638/3677
f 3239/10544/3816 3225/10417/3797 3277/10639/3876
f 3225/10417/3797 3204/10640/3730 3277/10639/3876
f 3278/10592/3878 3299/10641/3904 3264/10594/3883
f 3264/10594/3883 3299/10641/3904 3265/10642/3906
f 3265/10642/3906 3299/10641/3904 3280/10643/3881
f 3153/10486/3707 3300/10644/3907 3282/10595/3884
f 3282/10596/3884 3300/10645/3907 3283/10597/3908
f 3283/10646/3908 3261/10647/3864 3301/10648/3909
f 3300/10645/3907 3261/10649/3864 3283/10597/3908
f 3285/10650/3910 3301/10651/3909 3261/10652/3864
f 3285/10650/3910 3261/10652/3864 3284/10653/3888
f 3283/10654/3908 3301/10655/3909 3282/10656/3889
f 3282/10656/3889 3301/10655/3909 3269/10657/3866
f 3285/10650/3910 3302/10658/3867 3301/10651/3909
f 3284/10653/3893 3302/10658/3867 3285/10650/3910
f 3101/10271/3677 3281/10659/3905 3172/10272/3728
f 3225/10660/3797 3173/10273/3729 3204/10274/3730
f 3245/10661/3831 3246/10504/3832 3269/10662/3866
f 2991/9598/3502 3303/10663/3911 3248/10510/3833
f 2991/9598/3502 3029/10664/3549 3303/10663/3911
f 2994/9600/3503 3229/10428/3805 3107/10050/3642
f 1962/5951/2327 3250/10512/3835 808/2539/996
f 3287/10234/3709 2418/8360/2778 1770/5346/2070
f 3157/10286/3734 3307/10665/3912 3112/10287/3687
f 1183/9813/1342 3110/10666/3646 2949/6522/2531
f 3212/10667/3775 3252/10668/3712 3308/10669/3913
f 2488/7705/2963 3159/10290/3736 3252/10237/3712
f 3212/10670/3775 3310/10671/3914 2950/10672/3460
f 3231/10364/3776 3214/10291/3737 3309/10611/3896
f 3288/10614/3898 3272/10515/3836 3312/10673/3915
f 3312/10673/3915 3272/10515/3836 3231/10364/3776
f 3311/10674/3916 3254/10433/3807 3213/10617/3806
f 3273/10519/3838 3290/10521/3840 3348/10675/3917
f 3348/10675/3917 3290/10521/3840 3254/10433/3807
f 3314/10676/3918 3296/10621/3901 3293/10620/3874
f 3295/10625/3903 3316/10677/3919 3182/10626/3744
f 3236/10678/3811 3317/10679/3920 3257/10680/3872
f 3216/10376/3780 3237/10529/3815 3318/10681/3921
f 3182/10626/3744 3316/10682/3919 3217/10683/3779
f 3276/10684/3812 3317/10685/3920 3236/10686/3811
f 3297/10687/3922 3320/10688/3923 3321/10689/3924
f 3297/10690/3925 3321/10691/3926 3319/10692/3927
f 3276/10693/3812 3297/10690/3925 3319/10692/3927
f 3276/10694/3812 3298/10695/3928 3297/10696/3925
f 3297/10690/3925 3298/10697/3928 3321/10691/3926
f 3322/10698/3929 3193/10586/3790 3277/10639/3876
f 3277/10639/3876 3193/10586/3790 3223/10403/3791
f 3194/10699/3817 3277/10639/3876 3223/10403/3791
f 3199/10700/3764 3323/10701/3930 3171/10702/3727
f 3199/10700/3764 3324/10703/3931 3323/10701/3930
f 3269/10657/3866 3301/10655/3909 3245/10500/3831
f 3326/10704/3932 3246/10504/3832 3205/10505/3803
f 3269/10662/3866 3302/10565/3867 3207/10341/3769
f 3172/10705/3728 3327/10706/3933 3328/10707/3934
f 3172/10351/3728 3328/10708/3934 3209/10348/3773
f 3128/8749/3282 3303/10663/3911 3029/10664/3549
f 3128/8749/3282 3156/10233/3708 3303/10663/3911
f 3210/10285/3733 3304/10709/3935 3081/10051/3643
f 3211/10609/3895 3175/10235/3710 3306/10710/3936
f 3309/10711/3896 3112/10287/3687 3347/10712/3937
f 3212/10713/3775 3308/10714/3913 3331/10715/3938
f 3251/10716/3774 3176/10613/3735 3288/10614/3898
f 3312/10673/3915 3231/10364/3776 3309/10611/3896
f 3311/10674/3916 3348/10675/3917 3254/10433/3807
f 3177/10294/3739 3332/10717/3939 3164/10244/3717
f 3088/10246/3487 3256/10718/3813 3291/10247/3718
f 3233/10436/3808 3295/10719/3903 3234/10720/3809
f 3233/10436/3808 3232/10523/3841 3335/10721/3940
f 3232/10722/3841 3216/10376/3780 3318/10681/3921
f 3292/10723/3873 3275/10724/3902 3315/10725/3941
f 3317/10726/3920 3294/10619/3900 3067/9942/3595
f 3067/10727/3595 3257/10680/3872 3317/10679/3920
f 3319/10728/3927 3321/10729/3926 3298/10730/3928
f 3318/10681/3921 3237/10529/3815 3238/10530/3783
f 3238/10530/3783 3222/10731/3789 3193/10586/3790
f 3193/10586/3790 3322/10698/3929 3238/10530/3783
f 3279/10588/3877 3299/10732/3904 3337/10733/3942
f 3153/10635/3707 3338/10734/3943 3337/10733/3944
f 3171/10636/3727 3323/10735/3930 3281/10637/3905
f 3337/10736/3944 3300/10645/3907 3153/10737/3707
f 3205/10424/3803 3245/10500/3831 3326/10738/3932
f 3269/10662/3866 3246/10504/3832 3325/10739/3945
f 3339/10740/3946 3208/10342/3770 3268/10566/3868
f 3209/10348/3773 3324/10741/3931 3199/10607/3764
f 3328/10707/3934 3327/10706/3933 3341/10742/3947
f 3328/10743/3934 3342/10744/3948 3209/10745/3773
f 3208/10352/3770 3339/10746/3946 3286/10608/3894
f 3134/9975/3605 3343/10747/3949 3156/10233/3708
f 3329/10748/3950 3134/9975/3605 3107/10050/3642
f 1584/4904/1867 2812/8359/3178 2946/9384/3455
f 1015/3255/1254 3059/9930/3588 3249/10511/3834
f 3251/10610/3774 3330/10749/3951 3344/10750/3952
f 3330/10749/3953 3345/10751/3954 3346/10752/3955
f 3344/10750/3952 3330/10749/3951 3346/10752/3956
f 3330/10749/3951 3288/10753/3898 3346/10752/3956
f 3288/10754/3898 3330/10749/3951 3251/10610/3774
f 3082/9932/3590 1922/9933/2272 3175/10235/3710
f 2949/6522/2531 3271/10570/3871 2722/8760/3285
f 3289/10755/3899 3389/10756/3957 3159/10290/3736
f 3291/10247/3718 3256/10718/3813 3334/10757/3958
f 3293/10758/3874 3350/10759/3959 3314/10760/3918
f 3233/10436/3808 3335/10721/3940 3295/10719/3903
f 3295/10761/3903 3335/10762/3940 3316/10763/3919
f 3292/10764/3873 3351/10765/3960 3293/10758/3874
f 3314/10676/3918 3336/10766/3961 3296/10621/3901
f 3296/10629/3901 3352/10767/3962 3275/10627/3902
f 3238/10768/3783 3322/10769/3929 3318/10770/3921
f 3354/10771/3963 3322/10698/3929 3277/10639/3876
f 3354/10771/3963 3277/10639/3876 3355/10772/3964
f 3279/10588/3877 3337/10733/3942 3356/10773/3965
f 3337/10733/3944 3338/10734/3943 3356/10773/3966
f 3418/10774/3967 3338/10734/3943 3153/10635/3707
f 3418/10774/3967 3153/10635/3707 3198/10634/3759
f 3337/10736/3942 3299/10641/3904 3356/10775/3965
f 3356/10775/3966 3300/10645/3907 3337/10736/3944
f 3366/10776/3968 3299/10641/3904 3278/10592/3878
f 3357/10777/3969 3261/10649/3864 3300/10645/3907
f 3277/10639/3876 3204/10640/3730 3355/10772/3964
f 3326/10738/3932 3245/10500/3831 3325/10778/3945
f 3247/10606/3869 3355/10779/3964 3204/10274/3730
f 3325/10739/3945 3302/10565/3867 3269/10662/3866
f 3327/10780/3933 3340/10781/3970 3209/10348/3773
f 3324/10741/3931 3209/10348/3773 3340/10781/3970
f 3341/10782/3947 3327/10783/3933 3209/10745/3773
f 3228/10784/3804 3248/10785/3833 3303/10786/3911
f 3247/10787/3869 3228/10788/3804 3303/10789/3911
f 3358/10790/3971 3229/10428/3805 3081/10051/3643
f 3329/10748/3950 3107/10050/3642 3229/10428/3805
f 3622/10791/3972 2868/10446/3491 2946/10792/3455
f 3305/10793/3973 2310/7056/2730 1238/3581/1373
f 3305/10794/3973 3135/10165/3686 2310/10358/2730
f 3307/10665/3912 3157/10286/3734 3211/10609/3895
f 3288/10753/3898 3344/10750/3952 3346/10752/3956
f 3344/10750/3952 3288/10753/3898 3359/10795/3974
f 3359/10795/3974 3288/10753/3898 3312/10796/3915
f 3360/10797/3975 3312/10673/3915 3309/10611/3896
f 3361/10798/3976 3175/10235/3710 1922/9933/2272
f 3361/10798/3976 1922/9933/2272 3158/10799/3711
f 3331/10715/3938 3308/10714/3913 3252/10800/3712
f 3271/10801/3871 3311/10674/3916 3213/10802/3806
f 3362/10803/3897 3212/10804/3775 3331/10805/3938
f 3252/10237/3712 3159/10290/3736 3389/10756/3957
f 3362/10803/3897 3310/10806/3914 3212/10804/3775
f 2950/9390/3460 3310/10807/3914 3362/10612/3897
f 3368/10808/3977 3348/10675/3917 3311/10674/3916
f 3289/10616/3899 3253/10517/3837 3273/10519/3838
f 3351/10765/3960 3350/10759/3959 3293/10758/3874
f 3334/10757/3958 3333/10809/3978 3291/10247/3718
f 3363/10810/3979 3232/10811/3841 3318/10681/3921
f 3364/10812/3980 3183/10813/3745 3143/10063/3650
f 3315/10814/3941 3275/10627/3902 3352/10767/3962
f 3364/10812/3980 3143/10063/3650 3294/10619/3900
f 3352/10767/3962 3296/10629/3901 3336/10815/3961
f 3276/10684/3812 3319/10816/3927 3317/10817/3920
f 3377/10818/3981 3218/10448/3814 3217/10374/3779
f 3279/10819/3877 3356/10820/3965 3366/10821/3968
f 3356/10775/3965 3299/10641/3904 3366/10776/3968
f 3356/10775/3966 3338/10822/3943 3300/10645/3907
f 3342/10823/3948 3340/10781/3970 3327/10780/3933
f 3340/10824/3970 3342/10825/3948 3328/10826/3934
f 3340/10824/3970 3328/10826/3934 3341/10827/3947
f 3229/10428/3805 3358/10790/3971 3382/10828/3982
f 3358/10829/3971 3081/10830/3643 3367/10831/3983
f 3251/10610/3774 3344/10750/3952 3287/10234/3709
f 3360/10832/3975 3309/10711/3896 3347/10712/3937
f 3112/10287/3687 3307/10665/3912 3347/10712/3937
f 3252/10833/3712 3362/10834/3897 3331/10835/3938
f 3271/10801/3871 3368/10808/3977 3311/10674/3916
f 3368/10808/3977 3369/10836/3984 3348/10675/3917
f 3369/10836/3984 3273/10519/3838 3348/10675/3917
f 3113/10522/3649 3164/10244/3717 3370/10837/3985
f 3232/10523/3841 3363/10838/3979 3372/10839/3986
f 3232/10523/3841 3372/10839/3986 3335/10721/3940
f 3317/10840/3920 3319/10841/3927 3294/10842/3900
f 3217/10374/3779 3373/10843/3987 3377/10818/3981
f 3375/10844/3988 3398/10845/3989 3376/10846/3990
f 3218/10448/3814 3365/10847/3991 3276/10694/3812
f 3276/10694/3812 3365/10847/3991 3298/10695/3928
f 3318/10681/3921 3322/10698/3929 3363/10810/3979
f 2868/10446/3491 3353/10848/3992 3256/10447/3813
f 3198/10323/3759 3261/10551/3864 3357/10849/3969
f 3300/10645/3907 3338/10822/3943 3357/10777/3969
f 3281/10659/3905 3379/10850/3993 3172/10272/3728
f 3268/10555/3868 3380/10851/3994 3339/10852/3946
f 3325/10778/3945 3381/10853/3995 3326/10738/3932
f 3301/10655/3909 3325/10778/3945 3245/10500/3831
f 3339/10740/3946 3380/10854/3994 3382/10855/3982
f 3246/10856/3832 3381/10857/3995 3325/10858/3945
f 3172/10859/3728 3383/10860/3996 3327/10861/3933
f 3340/10824/3970 3384/10862/3997 3324/10863/3931
f 3339/10746/3946 3358/10864/3998 3286/10865/3894
f 3341/10866/3947 3209/10867/3773 3342/10868/3948
f 3341/10827/3947 3384/10862/3997 3340/10824/3970
f 3156/10233/3708 3385/10869/3999 3303/10663/3911
f 3081/10051/3643 3304/10709/3935 3367/10870/3983
f 1962/5951/2327 3249/10871/3834 3250/10512/3835
f 3344/10750/3952 3359/10795/3974 3287/10234/3709
f 3359/10872/3974 3312/10873/3915 3387/10874/4000
f 3211/10609/3895 3306/10710/3936 3307/10665/3912
f 3289/10616/3899 3273/10519/3838 3390/10875/4001
f 3390/10875/4001 3273/10519/3838 3369/10836/3984
f 3177/10294/3739 3291/10247/3718 3349/10876/4002
f 3177/10877/3739 3350/10878/3959 3332/10879/3939
f 3350/10759/3959 3391/10880/4003 3314/10760/3918
f 3334/10757/3958 3256/10718/3813 3504/10881/4004
f 3314/10882/3918 3391/10883/4003 3392/10884/4005
f 3292/10764/3873 3315/10885/3941 3351/10765/3960
f 3291/10886/3718 3333/10887/3978 3392/10888/4005
f 3314/10676/3918 3392/10889/4005 3336/10766/3961
f 3392/10888/4005 3333/10887/3978 3336/10890/3961
f 3316/10891/3919 3373/10892/3987 3217/10683/3779
f 3363/10893/3979 3395/10894/4006 3396/10895/4007
f 3375/10896/4008 3397/10897/4009 3374/10898/4010
f 3375/10896/4008 3398/10899/4011 3397/10897/4009
f 3375/10844/4008 3400/10900/4012 3398/10845/4011
f 3363/10810/3979 3399/10901/4013 3395/10902/4006
f 3374/10903/4010 3400/10900/4012 3375/10844/4008
f 3363/10810/3979 3405/10904/4014 3399/10901/4013
f 3434/10905/4015 3401/10906/4016 3404/10907/4017
f 3401/10906/4018 3402/10908/4019 3404/10907/4020
f 3434/10909/4015 3403/10910/4021 3401/10911/4016
f 3401/10912/4016 3403/10913/4021 3404/10914/4017
f 3407/10915/4022 3408/10916/4023 3406/10917/4024
f 3322/10698/3929 3409/10918/4025 3363/10810/3979
f 3412/10919/4026 3411/10920/4027 3413/10921/4028
f 3109/10260/3645 3184/10301/3746 3378/10922/4029
f 3355/10772/3964 3416/10923/4030 3354/10771/3963
f 3279/10924/3877 3416/10925/4030 3278/10926/3878
f 3418/10774/3967 3419/10927/4031 3338/10734/3943
f 3198/10634/3759 3357/10928/3969 3418/10774/3967
f 3420/10929/4032 3421/10930/4033 3281/10931/3905
f 3366/10932/3968 3278/10933/3878 3422/10934/4034
f 3281/10935/3905 3421/10936/4033 3379/10850/3993
f 3381/10853/3995 3278/10937/3878 3326/10738/3932
f 3381/10853/3995 3422/10938/4034 3278/10937/3878
f 3325/10739/3945 3423/10939/4035 3302/10565/3867
f 3327/10940/3933 3383/10941/3996 3342/10942/3948
f 3339/10943/3946 3424/10944/4036 3358/10945/3998
f 3358/10946/3998 3424/10947/4036 3286/10948/3894
f 3246/10949/3832 3426/10950/4037 3381/10951/3995
f 3326/10704/3932 3425/10952/4038 3246/10504/3832
f 3246/10504/3832 3425/10952/4038 3426/10953/4037
f 3156/10233/3708 3343/10747/3949 3385/10869/3999
f 3342/10954/3948 3383/10955/3996 3427/10956/4039
f 3342/10954/3948 3427/10956/4039 3341/10957/3947
f 3229/10958/3805 3382/10959/3982 3329/10960/3950
f 3386/10961/4040 3343/10747/3949 3134/9975/3605
f 3134/9975/3605 3427/10962/4039 3386/10961/4040
f 3329/10748/3950 3427/10962/4039 3134/9975/3605
f 3210/10285/3733 3477/10963/4041 3304/10709/3935
f 3270/10569/3870 3477/10963/4041 3210/10285/3733
f 3388/10964/4042 3387/10874/4000 3312/10873/3915
f 3445/10965/4043 3369/10836/3984 3368/10808/3977
f 3389/10966/3957 3289/10616/3899 3390/10875/4001
f 3332/10717/3939 3370/10837/3985 3164/10244/3717
f 3350/10967/3959 3351/10968/3960 3332/10969/3939
f 3350/10970/3959 3177/10971/3739 3391/10972/4003
f 3315/10885/3941 3371/10973/4044 3351/10765/3960
f 3315/10974/3941 3503/10975/4045 3371/10976/4044
f 3334/10757/3958 3336/10815/3961 3333/10809/3978
f 3363/10977/3979 3430/10978/4046 3372/10979/3986
f 3430/10978/4046 3428/10980/4047 3372/10979/3986
f 3428/10981/4047 3394/10982/4048 3452/10983/4049
f 3428/10984/4047 3452/10985/4049 3372/10986/3986
f 3396/10987/4007 3430/10978/4046 3363/10977/3979
f 3393/10988/4050 3428/10989/4047 3430/10990/4046
f 3394/10991/4048 3428/10992/4047 3393/10993/4050
f 3396/10994/4051 3430/10995/4052 3393/10996/4053
f 3395/10997/4006 3430/10995/4054 3396/10994/4007
f 3294/10619/3900 3319/10998/3927 3364/10812/3980
f 3430/10999/4054 3395/11000/4006 3451/11001/4055
f 3393/11002/4050 3430/10999/4054 3451/11001/4055
f 3393/11002/4050 3451/11001/4055 3394/11003/4048
f 3374/10898/4010 3397/10897/4009 3431/11004/4056
f 3398/10899/4011 3400/11005/4012 3397/10897/4009
f 3374/11006/4010 3431/11007/4056 3433/11008/4057
f 3405/11009/4014 3407/10915/4058 3403/11010/4021
f 3407/10915/4058 3405/11009/4014 3408/10916/4059
f 3408/11011/4059 3405/11012/4014 3459/11013/4060
f 3408/11011/4059 3459/11013/4060 3407/11014/4058
f 3363/10810/3979 3409/10918/4025 3405/10904/4014
f 3411/11015/4061 3436/11016/4062 3409/11017/4025
f 3322/10698/3929 3437/11018/4063 3409/10918/4025
f 3411/10920/4061 3409/11019/4025 3413/10921/4064
f 3413/10921/4064 3409/11019/4025 3437/11020/4063
f 3413/11021/4064 3437/11022/4063 3411/11023/4061
f 3414/11024/4065 3354/11025/3963 3438/11026/4066
f 2868/10446/3491 3622/10791/3972 3353/10848/3992
f 3279/10588/3877 3417/11027/4067 3416/11028/4030
f 3366/11029/3968 3417/11027/4067 3279/10588/3877
f 3419/10927/4068 3439/11030/4069 3417/11031/4070
f 3419/10927/4031 3418/10774/3967 3439/11030/4071
f 3366/11032/3968 3422/11033/4034 3417/11034/4067
f 3419/11035/4031 3440/11036/4072 3338/10822/3943
f 3338/10822/3943 3440/11036/4072 3357/10777/3969
f 3325/10778/3945 3301/10655/3909 3423/11037/4035
f 3326/11038/3932 3278/11039/3878 3425/11040/4038
f 3423/10939/4035 3441/11041/4073 3302/10565/3867
f 3172/11042/3728 3379/11043/3993 3383/11044/3996
f 3339/10746/3946 3382/11045/3982 3424/11046/4036
f 3358/10790/3971 3367/11047/3983 3382/10828/3982
f 3383/11048/3996 3386/11049/4040 3427/11050/4039
f 3341/10957/3947 3427/10956/4039 3384/11051/3997
f 3382/11052/3982 3442/11053/4074 3329/11054/3950
f 3442/11055/4074 3443/11056/4075 3329/11057/3950
f 3304/10709/3935 3444/11058/4076 3367/10870/3983
f 3305/10793/3973 1238/3581/1373 3482/11059/4077
f 3360/10832/3975 3388/10964/4042 3312/10873/3915
f 3445/11060/4043 3390/11061/4001 3369/11062/3984
f 3389/10756/3957 3362/10612/3897 3252/10237/3712
f 3349/11063/4002 3447/11064/4078 3177/10971/3739
f 3332/11065/3939 3351/11066/3960 3446/11067/4079
f 3177/10971/3739 3447/11064/4078 3391/10972/4003
f 3370/10837/3985 3313/11068/4080 3113/10522/3649
f 3351/10765/3960 3371/10973/4044 3449/11069/4081
f 3372/11070/3986 3450/11071/4082 3335/11072/3940
f 3450/11071/4082 3429/11073/4083 3335/11072/3940
f 3450/11074/4084 3452/11075/4085 3451/11076/4055
f 3452/11077/4049 3450/11071/4082 3372/11070/3986
f 3429/11078/4086 3452/11075/4087 3450/11074/4088
f 3335/10721/3940 3429/11079/4083 3453/11080/4089
f 3453/11081/4089 3316/11082/3919 3335/11083/3940
f 3395/11000/4006 3372/11084/4090 3451/11001/4055
f 3394/11003/4048 3451/11001/4055 3452/11075/4085
f 3394/11003/4091 3452/11075/4087 3429/11078/4086
f 3319/10998/3927 3432/11085/4092 3364/10812/3980
f 3431/11004/4056 3397/10897/4009 3400/11086/4012
f 3395/10894/4006 3399/11087/4013 3433/11008/4093
f 3431/11007/4056 3395/10894/4006 3433/11008/4093
f 3433/11088/4093 3399/11089/4013 3431/11090/4094
f 3431/11091/4094 3454/11092/4095 3433/11093/4057
f 3433/11094/4057 3454/11095/4095 3374/10903/4010
f 3374/10903/4010 3454/11095/4095 3400/10900/4012
f 3218/10448/3814 3377/10818/3981 3365/10847/3991
f 3434/11096/4015 3455/11097/4096 3399/11098/4013
f 3434/10909/4015 3399/11099/4013 3403/10910/4021
f 3403/10910/4021 3399/11099/4013 3405/11100/4014
f 3455/11097/4097 3456/11101/4098 3457/11102/4099
f 3455/11097/4096 3434/11096/4015 3456/11101/4100
f 3403/11103/4021 3457/11104/4101 3456/11105/4102
f 3456/11106/4102 3458/11107/4103 3403/11108/4021
f 3403/10913/4021 3458/11109/4103 3404/10914/4017
f 3403/11110/4021 3460/11111/4104 3459/11112/4060
f 3403/11110/4021 3461/11113/4105 3460/11111/4104
f 3403/11110/4021 3407/11114/4058 3461/11113/4105
f 3459/11013/4060 3460/11115/4104 3407/11014/4058
f 3410/11116/4106 3462/11117/4107 3435/11118/4108
f 3435/11118/4108 3463/11119/4109 3410/11116/4106
f 3437/11120/4063 3436/11121/4062 3411/11122/4061
f 3322/10698/3929 3354/10771/3963 3437/11018/4063
f 3414/11123/4065 3464/11124/4110 3354/11125/3963
f 3438/11026/4066 3354/11025/3963 3465/11126/4111
f 3354/10771/3963 3466/11127/4112 3465/11128/4111
f 3354/10771/3963 3416/10923/4030 3466/11127/4112
f 3438/11129/4066 3465/11130/4113 3464/11131/4110
f 3438/11129/4114 3466/11132/4115 3465/11130/4116
f 3438/11129/4066 3464/11131/4110 3414/11133/4065
f 3416/11134/4030 3467/11135/4117 3466/11127/4112
f 3417/11031/4070 3439/11030/4069 3468/11136/4118
f 3439/11030/4071 3418/10774/3967 3468/11136/4119
f 3281/10637/3905 3323/10735/3930 3420/11137/4032
f 3439/11138/4120 3468/11139/4119 3440/11036/4072
f 3439/11138/4120 3440/11036/4072 3419/11035/4031
f 3471/11140/4121 3323/11141/3930 3324/11142/3931
f 3355/10772/3964 3425/11143/4038 3416/11134/4030
f 3416/11144/4030 3425/11145/4038 3278/10933/3878
f 3302/11146/3867 3441/11147/4073 3301/10655/3909
f 3421/10936/4033 3470/11148/4122 3379/10850/3993
f 3470/11149/4122 3473/11150/4123 3379/11151/3993
f 3471/11140/4121 3324/11142/3931 3470/11152/4122
f 3355/10772/3964 3247/11153/3869 3425/11143/4038
f 3474/11154/4124 3383/11155/3996 3379/11156/3993
f 3381/10853/3995 3423/11037/4035 3422/11157/4034
f 3475/11158/4125 3324/11159/3931 3384/11160/3997
f 3367/10831/3983 3424/11161/4036 3382/11162/3982
f 3247/11153/3869 3303/11163/3911 3425/11143/4038
f 3303/10663/3911 3385/10869/3999 3425/11164/4038
f 3383/10955/3996 3479/11165/4126 3386/11166/4040
f 3304/11167/3935 3481/11168/4127 3478/11169/4128
f 3444/11058/4076 3304/10709/3935 3478/11170/4128
f 3427/10962/4039 3500/11171/4129 3479/11172/4126
f 3329/10748/3950 3500/11171/4129 3427/10962/4039
f 3444/11058/4076 3481/11173/4130 3367/10870/3983
f 2418/7206/2778 3483/11174/4131 3059/9930/3588
f 3349/10876/4002 3484/11175/4132 3447/11176/4078
f 3332/10717/3939 3485/11177/4133 3370/10837/3985
f 3351/11066/3960 3449/11178/4081 3446/11067/4079
f 3447/11179/4078 3449/11180/4081 3391/10883/4003
f 3291/11181/3718 3392/11182/4005 3448/11183/4134
f 3450/11184/4084 3451/11185/4055 3429/11079/4083
f 3451/11185/4055 3453/11080/4089 3429/11079/4083
f 3316/11186/3919 3453/11080/4089 3373/10843/3987
f 3431/11187/4056 3400/11188/4012 3395/11189/4006
f 3319/10998/3927 3486/11190/4135 3432/11085/4092
f 3431/11187/4094 3399/10901/4013 3454/11191/4095
f 3319/10692/3927 3298/10697/3928 3486/11192/4135
f 3364/11193/3980 3184/10301/3746 3183/10300/3745
f 3455/11194/4096 3456/11105/4100 3454/11191/4095
f 3399/10901/4013 3455/11194/4096 3454/11191/4095
f 3454/11195/4095 3456/11196/4100 3434/11197/4015
f 3404/11198/4017 3458/11199/4103 3434/11200/4015
f 3457/11104/4101 3487/11201/4136 3456/11105/4102
f 3457/11104/4101 3403/11103/4021 3487/11201/4136
f 3456/11202/4102 3487/11203/4136 3458/11204/4103
f 3459/11205/4060 3488/11206/4137 3487/11201/4136
f 3403/11103/4021 3459/11205/4060 3487/11201/4136
f 3460/11207/4138 3461/11208/4139 3488/11209/4140
f 3487/11210/4136 3488/11211/4137 3461/11212/4141
f 3407/11213/4058 3460/11214/4104 3461/11215/4105
f 3459/11205/4060 3405/10904/4014 3489/11216/4142
f 3405/10904/4014 3409/10918/4025 3489/11216/4142
f 3462/11217/4143 3490/11218/4144 3409/10918/4025
f 3462/11217/4143 3435/11219/4145 3490/11218/4144
f 3462/11117/4143 3409/11220/4025 3435/11118/4146
f 3435/11118/4146 3409/11220/4025 3463/11119/4147
f 3463/11119/4147 3409/11220/4025 3436/11221/4062
f 3490/11218/4144 3435/11219/4145 3463/11222/4147
f 3463/11222/4147 3436/11223/4062 3490/11218/4144
f 3354/10771/3963 3464/11224/4110 3437/11018/4063
f 3465/11128/4113 3466/11127/4112 3464/11224/4110
f 3466/11127/4112 3467/11135/4117 3464/11224/4110
f 3469/11225/4148 3421/11226/4033 3492/11227/4149
f 3492/11227/4149 3421/11226/4033 3420/11228/4032
f 3468/11136/4119 3418/10774/3967 3440/11229/4072
f 3417/11230/4067 3422/11231/4034 3416/11232/4030
f 3416/11232/4030 3422/11231/4034 3467/11233/4117
f 3469/11225/4148 3473/11234/4123 3421/11226/4033
f 3473/11234/4123 3494/11235/4150 3421/11226/4033
f 3421/11226/4033 3494/11235/4150 3470/11236/4122
f 3494/11237/4150 3420/11238/4032 3470/11239/4122
f 3470/11240/4122 3420/11241/4032 3471/11242/4121
f 3301/10655/3909 3495/11243/4151 3423/11037/4035
f 3423/11037/4035 3495/11243/4151 3472/11244/4152
f 3441/11147/4073 3495/11243/4151 3301/10655/3909
f 3470/11245/4122 3496/11246/4153 3473/11247/4123
f 3286/10603/3894 3513/11248/4154 3268/10555/3868
f 3268/10555/3868 3513/11248/4154 3380/10851/3994
f 3109/10260/3645 3478/11249/4128 3270/11250/3870
f 3473/11234/4123 3497/11251/4155 3379/11252/3993
f 3473/11253/4123 3383/11254/3996 3497/11255/4155
f 3473/11234/4123 3469/11225/4148 3383/11256/3996
f 3497/11251/4156 3514/11257/4157 3474/11258/4158
f 3379/11252/3993 3497/11251/4155 3474/11258/4124
f 3474/11259/4124 3497/11255/4155 3383/11254/3996
f 3423/10939/4035 3381/11260/3995 3516/11261/4159
f 3381/11260/3995 3426/10953/4037 3516/11261/4159
f 3422/11157/4034 3423/11037/4035 3426/11262/4037
f 3423/10939/4035 3516/11261/4159 3441/11041/4073
f 3270/11250/3870 3478/11249/4128 3477/11263/4041
f 3367/10831/3983 3480/11264/4160 3424/11161/4036
f 3498/11265/4161 3479/11266/4126 3383/11267/3996
f 3479/11165/4126 3476/11268/4162 3427/10956/4039
f 3427/10956/4039 3476/11268/4162 3384/11051/3997
f 3444/11269/4076 3499/11270/4163 3481/11271/4130
f 3479/11172/4126 3500/11171/4129 3386/10961/4040
f 3481/11173/4130 3499/11272/4163 3367/10870/3983
f 3367/10870/3983 3499/11272/4163 3501/11273/4164
f 3304/10709/3935 3477/10963/4041 3481/11274/4127
f 3360/10832/3975 3502/11275/4165 3388/10964/4042
f 3306/10710/3936 3175/10235/3710 3361/10798/3976
f 3389/10756/3957 3390/11061/4001 2814/8764/3287
f 3362/10612/3897 3389/10756/3957 2814/8764/3287
f 3332/10717/3939 3446/11276/4079 3485/11177/4133
f 3291/10247/3718 3448/11277/4134 3349/10876/4002
f 3446/11067/4079 3449/11178/4081 3447/11278/4078
f 3391/11279/4003 3449/11069/4081 3392/11280/4005
f 3334/10757/3958 3352/10767/3962 3336/10815/3961
f 3372/11281/4090 3505/11282/4166 3451/11283/4055
f 3395/11189/4006 3505/11284/4166 3372/11285/4090
f 3395/11189/4006 3400/11188/4012 3505/11284/4166
f 3400/11188/4012 3454/11191/4095 3505/11284/4166
f 3434/11286/4015 3458/11287/4103 3454/11191/4095
f 3487/11201/4136 3489/11216/4142 3454/11191/4095
f 3458/11287/4103 3487/11201/4136 3454/11191/4095
f 3487/11201/4136 3461/11288/4141 3489/11216/4142
f 3461/11288/4141 3488/11206/4137 3489/11216/4142
f 3488/11206/4137 3459/11205/4060 3489/11216/4142
f 3313/11289/4080 2812/10320/3178 3113/10399/3649
f 3489/11216/4142 3409/10918/4025 3490/11218/4144
f 3436/11223/4062 3437/11018/4063 3490/11218/4144
f 3464/11224/4110 3508/11290/4167 3437/11018/4063
f 3467/11135/4117 3508/11290/4167 3464/11224/4110
f 3493/11291/4168 3509/11292/4169 3418/10774/3967
f 3418/10774/3967 3509/11292/4169 3440/11229/4072
f 3440/11036/4072 3509/11293/4169 3493/11294/4170
f 3323/10735/3930 3510/11295/4171 3420/11137/4032
f 3440/11036/4072 3493/11294/4170 3357/10777/3969
f 3496/11296/4153 3498/11297/4161 3494/11298/4150
f 3496/11246/4153 3494/11299/4150 3473/11247/4123
f 3109/10260/3645 3511/11300/4172 3478/11249/4128
f 3422/11157/4034 3508/11301/4167 3467/11302/4117
f 3497/11251/4156 3469/11225/4148 3512/11303/4173
f 3286/11304/3894 3424/11161/4036 3513/11305/4154
f 3422/11157/4034 3426/11262/4037 3508/11301/4167
f 3441/11147/4073 3514/11306/4157 3515/11307/4174
f 3512/11303/4173 3515/11308/4174 3514/11257/4157
f 3497/11251/4156 3512/11303/4173 3514/11257/4157
f 3474/11309/4158 3514/11310/4157 3469/11311/4148
f 3497/11251/4156 3474/11258/4158 3469/11225/4148
f 3469/11225/4148 3514/11257/4157 3383/11256/3996
f 3423/11037/4035 3472/11312/4152 3426/11262/4037
f 3426/10953/4037 3472/11313/4152 3516/11261/4159
f 3441/11041/4073 3516/11261/4159 3514/11314/4157
f 3514/11315/4157 3517/11316/4175 3383/11155/3996
f 3383/11155/3996 3517/11316/4175 3498/11317/4161
f 3384/11318/3997 3476/11319/4162 3475/11320/4125
f 3444/11269/4076 3511/11321/4172 3499/11270/4163
f 3478/11322/4128 3511/11323/4172 3444/11324/4076
f 3425/10952/4038 3385/11325/3999 3426/10953/4037
f 3479/11165/4126 3518/11326/4176 3476/11268/4162
f 3481/11327/4127 3477/11328/4041 3478/11329/4128
f 3386/10961/4040 3500/11171/4129 3343/10747/3949
f 3135/10165/3686 3158/10236/3711 1685/5132/1966
f 3349/10876/4002 3448/11277/4134 3484/11175/4132
f 3503/11330/4045 3313/11068/4080 3370/10837/3985
f 3371/11331/4044 3370/11332/3985 3546/11333/4177
f 3371/11334/4044 3503/11330/4045 3370/10837/3985
f 3334/10757/3958 3504/10881/4004 3352/10767/3962
f 3315/10814/3941 3352/10767/3962 3503/11330/4045
f 3451/11185/4055 3505/11335/4166 3453/11080/4089
f 3432/11336/4092 3520/11337/4178 3364/11193/3980
f 3432/11338/4092 3184/11339/4179 3520/11340/4178
f 3432/11341/4092 3506/11342/4180 3184/11343/4179
f 3365/10847/3991 3521/11344/4181 3298/10695/3928
f 3454/11191/4095 3489/11216/4142 3505/11284/4166
f 3489/11216/4142 3490/11218/4144 3505/11284/4166
f 3437/11018/4063 3508/11290/4167 3490/11218/4144
f 3378/10922/4029 3522/11345/4182 3109/10260/3645
f 3493/11291/4183 3523/11346/4184 3509/11292/4185
f 3418/11347/3967 3524/11348/4186 3493/11349/4168
f 3493/11291/4183 3524/11350/4187 3523/11346/4184
f 3418/11351/3967 3357/11352/3969 3524/11353/4186
f 3420/11354/4032 3494/11298/4150 3492/11355/4149
f 3420/11137/4032 3510/11295/4171 3525/11356/4188
f 3493/11294/4170 3524/11357/4186 3357/10777/3969
f 3420/11241/4032 3525/11358/4188 3471/11242/4121
f 3382/10855/3982 3380/10854/3994 3442/11055/4074
f 3426/11262/4037 3526/11359/4189 3508/11301/4167
f 3517/11360/4175 3527/11361/4190 3496/11362/4153
f 3496/11363/4153 3518/11364/4176 3498/11365/4161
f 3475/11158/4125 3476/11366/4162 3324/11159/3931
f 3426/11367/4037 3534/11368/4191 3526/11369/4189
f 3472/11313/4152 3526/11370/4192 3528/11371/4193
f 3472/11313/4152 3528/11371/4193 3516/11261/4159
f 3479/11372/4126 3527/11373/4194 3529/11374/4195
f 3527/11373/4190 3517/11316/4175 3529/11374/4196
f 3498/11375/4161 3527/11376/4194 3479/11377/4126
f 3498/11378/4161 3529/11379/4195 3527/11380/4194
f 3498/11378/4161 3518/11381/4176 3529/11379/4195
f 3424/11161/4036 3480/11264/4160 3513/11305/4154
f 3426/11367/4037 3385/11382/3999 3534/11368/4191
f 3479/11372/4126 3529/11374/4195 3518/11383/4176
f 3499/11270/4163 3511/11321/4172 3477/11384/4197
f 3499/11385/4163 3477/11386/4197 3501/11387/4164
f 3388/10964/4042 3502/11275/4165 3387/10874/4000
f 3447/11176/4078 3484/11175/4132 3446/11276/4079
f 3485/11388/4133 3546/11389/4177 3370/11390/3985
f 3449/11069/4081 3371/11331/4044 3392/11280/4005
f 3520/11391/4178 3530/11392/4198 3364/11393/3980
f 3520/11394/4178 3506/11395/4180 3530/11396/4198
f 3184/11397/4179 3506/11395/4180 3520/11394/4178
f 3537/11398/4199 3378/10922/4029 3184/10301/3746
f 3508/11290/4167 3531/11399/4200 3490/11218/4144
f 3492/11355/4149 3512/11400/4173 3469/11401/4148
f 3471/11242/4121 3525/11358/4188 3323/11402/3930
f 3525/11358/4188 3532/11403/4201 3323/11402/3930
f 3324/11404/3931 3554/11405/4202 3470/11245/4122
f 3495/11406/4151 3526/11407/4192 3472/11408/4152
f 3508/11301/4167 3534/11409/4191 3531/11410/4200
f 3515/11411/4174 3512/11412/4173 3516/11413/4159
f 3508/11301/4167 3526/11359/4189 3534/11409/4191
f 3496/11362/4153 3529/11414/4196 3535/11415/4203
f 3496/11362/4153 3527/11361/4190 3529/11414/4196
f 3496/11416/4153 3535/11417/4203 3518/11383/4176
f 3517/11316/4175 3535/11417/4203 3529/11374/4196
f 3511/11321/4172 3501/11418/4164 3477/11384/4197
f 3715/11419/4204 3368/11420/3977 3271/10570/3871
f 3392/11280/4005 3536/11421/4205 3448/11422/4134
f 3371/11331/4044 3536/11421/4205 3392/11280/4005
f 3530/11423/4198 3506/11424/4180 3364/11425/3980
f 3530/11426/4206 3537/11427/4199 3432/11428/4092
f 3506/11429/4180 3537/11430/4199 3364/11431/3980
f 3506/11429/4180 3432/11085/4092 3537/11430/4199
f 3184/10301/3746 3364/11193/3980 3537/11398/4199
f 3323/10701/3930 3549/11432/4207 3510/11433/4171
f 3512/11400/4173 3492/11355/4149 3494/11298/4150
f 3323/10701/3930 3532/11434/4201 3549/11432/4207
f 3532/11434/4208 3539/11435/4209 3549/11432/4210
f 3109/10260/3645 3522/11345/4182 3511/11300/4172
f 3525/11358/4188 3549/11436/4207 3532/11403/4201
f 3470/11245/4122 3533/11437/4211 3496/11246/4153
f 3470/11245/4122 3554/11405/4202 3533/11437/4211
f 3495/11438/4151 3531/11439/4200 3526/11440/4192
f 3441/11147/4073 3515/11307/4174 3495/11243/4151
f 3494/11441/4150 3540/11442/4212 3512/11443/4173
f 3498/11444/4161 3540/11442/4212 3494/11441/4150
f 3498/11444/4161 3517/11445/4175 3541/11446/4213
f 3534/11368/4191 3528/11447/4193 3531/11448/4200
f 3526/11449/4192 3531/11450/4200 3528/11451/4193
f 3512/11452/4173 3543/11453/4214 3516/11454/4159
f 3517/11445/4175 3542/11455/4215 3541/11446/4213
f 3496/11456/4153 3542/11455/4215 3517/11445/4175
f 3380/11457/3994 3513/11458/4154 3442/11459/4074
f 3516/11261/4159 3517/11316/4175 3514/11315/4157
f 3535/11417/4203 3476/11460/4162 3518/11383/4176
f 3513/11458/4154 3480/11461/4160 3442/11459/4074
f 3385/11382/3999 3528/11462/4193 3534/11368/4191
f 3528/11371/4193 3544/11463/4216 3516/11261/4159
f 3480/11461/4160 3443/11464/4075 3442/11459/4074
f 3329/10748/3950 3443/11465/4075 3574/11466/4217
f 3387/10874/4000 3502/11275/4165 3359/11467/3974
f 3306/10710/3936 3361/10798/3976 3307/10665/3912
f 3484/11468/4132 3448/11469/4134 3536/11470/4205
f 3505/11284/4166 3547/11471/4218 3453/11472/4089
f 3486/11190/4135 3559/11473/4219 3432/11085/4092
f 3432/11085/4092 3559/11473/4219 3530/11474/4206
f 3521/11344/4181 3486/11190/4135 3298/10695/3928
f 3505/11284/4166 3490/11218/4144 3547/11471/4218
f 3313/11289/4080 3507/11475/4220 2812/10320/3178
f 3491/11476/4221 3538/11477/4222 3548/11478/4223
f 3549/11479/4207 3525/11480/4188 3510/11481/4171
f 3562/11482/4224 3551/11483/4225 3550/11484/4226
f 3562/11485/4227 3540/11486/4212 3551/11487/4228
f 3550/11484/4226 3551/11483/4225 3553/11488/4229
f 3515/11307/4174 3544/11489/4216 3495/11243/4151
f 3512/11452/4173 3540/11490/4212 3543/11491/4214
f 3551/11492/4230 3553/11493/4231 3543/11494/4214
f 3498/11444/4161 3553/11495/4232 3551/11496/4228
f 3540/11442/4212 3498/11444/4161 3551/11496/4228
f 3541/11497/4213 3543/11494/4214 3553/11493/4231
f 3541/11498/4233 3550/11484/4226 3553/11488/4229
f 3498/11444/4161 3541/11446/4213 3553/11495/4232
f 3541/11497/4233 3553/11493/4234 3552/11499/4235
f 3541/11497/4233 3552/11499/4235 3550/11500/4226
f 3496/11501/4153 3533/11502/4211 3542/11503/4215
f 3541/11497/4213 3542/11504/4215 3543/11494/4214
f 3511/11300/4172 3522/11345/4182 3501/11505/4164
f 3543/11506/4214 3517/11316/4175 3516/11261/4159
f 3543/11506/4214 3515/11507/4174 3517/11316/4175
f 3480/11508/4160 3556/11509/4236 3555/11510/4237
f 3528/11462/4193 3385/11382/3999 3557/11511/4238
f 3343/10747/3949 3558/11512/4239 3385/10869/3999
f 3329/10748/3950 3566/11513/4240 3500/11171/4129
f 3367/10870/3983 3565/11514/4241 3480/11515/4160
f 3367/10870/3983 3501/11273/4164 3565/11514/4241
f 3446/11276/4079 3484/11175/4132 3536/11516/4205
f 3485/11517/4133 3446/11518/4079 3546/11519/4177
f 3446/11518/4079 3536/11470/4205 3546/11519/4177
f 3371/11331/4044 3546/11333/4177 3536/11421/4205
f 3491/11476/4221 3561/11520/4242 3538/11477/4222
f 3548/11521/4223 3561/11522/4242 3491/11523/4221
f 3490/11218/4144 3531/11399/4200 3560/11524/4243
f 3550/11484/4226 3568/11525/4244 3562/11482/4224
f 3562/11482/4227 3568/11525/4245 3540/11526/4212
f 3495/11243/4151 3544/11489/4216 3531/11410/4200
f 3543/11494/4214 3562/11527/4246 3551/11492/4230
f 3551/11492/4247 3552/11499/4235 3553/11493/4234
f 3551/11492/4247 3562/11527/4248 3552/11499/4235
f 3515/11307/4174 3543/11528/4214 3544/11489/4216
f 3533/11529/4211 3563/11530/4249 3542/11531/4215
f 3516/11261/4159 3564/11532/4250 3515/11507/4174
f 3515/11507/4174 3564/11532/4250 3517/11316/4175
f 3517/11316/4175 3563/11533/4251 3535/11417/4203
f 3556/11534/4236 3480/11535/4160 3565/11536/4241
f 3385/10869/3999 3558/11512/4239 3557/11537/4238
f 3480/11538/4160 3555/11539/4237 3443/11540/4075
f 3453/11080/4089 3547/11541/4218 3373/10843/3987
f 3373/11542/3987 3547/11543/4218 3377/11544/3981
f 3559/11473/4219 3537/11545/4199 3530/11474/4206
f 3490/11218/4144 3567/11546/4252 3547/11471/4218
f 3537/11398/4199 3575/11547/4253 3378/10922/4029
f 3560/11524/4243 3567/11546/4252 3490/11218/4144
f 3540/11526/4212 3568/11525/4245 3543/11548/4214
f 3552/11499/4235 3568/11549/4244 3550/11500/4226
f 3562/11527/4246 3543/11494/4214 3568/11549/4245
f 3562/11527/4248 3568/11549/4244 3552/11499/4235
f 3564/11550/4250 3544/11489/4216 3543/11528/4214
f 3569/11551/4254 3543/11528/4214 3542/11552/4215
f 3570/11553/4255 3563/11530/4249 3533/11529/4211
f 3570/11554/4255 3542/11552/4215 3563/11555/4249
f 3569/11551/4254 3542/11552/4215 3570/11554/4255
f 3544/11463/4216 3564/11532/4250 3516/11261/4159
f 3570/11556/4256 3563/11533/4251 3517/11316/4175
f 3571/11557/4257 3570/11556/4256 3517/11316/4175
f 3570/11556/4256 3535/11417/4203 3563/11533/4251
f 3522/11345/4182 3565/11558/4241 3501/11505/4164
f 3557/11559/4238 3544/11560/4216 3528/11561/4193
f 3572/11562/4258 3558/11512/4239 3343/10747/3949
f 3574/11466/4217 3443/11465/4075 3555/11563/4237
f 3573/11564/4259 3574/11466/4217 3555/11563/4237
f 3287/11565/3709 3359/11467/3974 3545/11566/4260
f 3598/11567/4261 3503/11330/4045 3352/10767/3962
f 3521/11344/4181 3559/11473/4219 3486/11190/4135
f 3507/11475/4220 3637/11568/4262 2812/10320/3178
f 3567/11569/4252 3579/11570/4263 3578/11571/4264
f 3578/11572/4264 3579/11573/4263 3580/11574/4265
f 3592/11575/4266 3560/11576/4243 3581/11577/4267
f 3564/11550/4250 3543/11528/4214 3582/11578/4268
f 3570/11553/4255 3533/11529/4211 3583/11579/4269
f 3583/11580/4269 3569/11551/4254 3570/11554/4255
f 3556/11581/4236 3584/11582/4270 3555/11583/4237
f 3556/11581/4236 3565/11584/4241 3522/11585/4182
f 3582/11586/4268 3517/11316/4175 3564/11532/4250
f 3571/11557/4257 3585/11587/4271 3570/11556/4256
f 3570/11556/4256 3585/11587/4271 3535/11417/4203
f 3555/11588/4237 3586/11589/4272 3573/11590/4259
f 3555/11588/4237 3584/11591/4270 3586/11589/4272
f 3586/11589/4273 3587/11592/4274 3573/11590/4275
f 3573/11564/4259 3586/11593/4272 3574/11466/4217
f 3502/11275/4165 3545/11594/4260 3359/11467/3974
f 3547/11471/4218 3567/11546/4252 3588/11595/4276
f 3567/11569/4252 3578/11571/4264 3588/11596/4276
f 3588/11596/4276 3578/11571/4264 3589/11597/4277
f 3618/11598/4278 3591/11599/4279 3579/11570/4263
f 3567/11546/4252 3560/11524/4243 3592/11600/4266
f 3560/11601/4243 3594/11602/4280 3581/11603/4267
f 3560/11524/4243 3596/11604/4281 3594/11605/4280
f 3560/11524/4243 3531/11399/4200 3596/11604/4281
f 3378/10922/4029 3595/11606/4282 3522/11345/4182
f 3531/11607/4200 3544/11608/4216 3596/11609/4281
f 3582/11610/4268 3596/11609/4281 3544/11608/4216
f 3543/11528/4214 3569/11551/4254 3582/11578/4268
f 3324/11611/3931 3476/11612/4162 3554/11613/4202
f 3556/11581/4236 3522/11585/4182 3584/11582/4270
f 3582/11586/4268 3571/11557/4257 3517/11316/4175
f 3571/11557/4257 3583/11614/4283 3585/11587/4271
f 3585/11587/4271 3597/11615/4284 3535/11417/4203
f 3585/11587/4271 3583/11614/4283 3597/11615/4284
f 3557/11616/4238 3558/11617/4239 3544/11618/4216
f 3544/11619/4216 3558/11620/4239 3582/11610/4268
f 3584/11591/4270 3574/11621/4217 3586/11589/4272
f 3482/11622/4077 3135/10165/3686 3305/10794/3973
f 3377/10818/3981 3547/11541/4218 3599/11623/4285
f 3377/10818/3981 3599/11623/4285 3365/10847/3991
f 3365/10847/3991 3599/11623/4285 3521/11344/4181
f 3521/11624/4181 3575/11625/4253 3559/11626/4219
f 3559/11627/4219 3575/11547/4253 3537/11398/4199
f 3547/11471/4218 3588/11595/4276 3601/11628/4286
f 3577/11629/4287 3603/11630/4288 3576/11631/4289
f 3576/11632/4289 3601/11633/4286 3604/11634/4290
f 3576/11632/4289 3604/11634/4290 3577/11635/4287
f 3577/11635/4287 3604/11634/4290 3603/11636/4288
f 3577/11637/4291 3605/11638/4292 3603/11639/4293
f 3589/11640/4277 3607/11641/4294 3590/11642/4295
f 3589/11640/4277 3608/11643/4296 3607/11641/4294
f 3579/11570/4263 3567/11569/4252 3618/11598/4278
f 3567/11569/4252 3609/11644/4297 3618/11598/4278
f 3618/11645/4278 3580/11646/4265 3591/11647/4279
f 3591/11599/4279 3538/11648/4222 3579/11570/4263
f 3591/11649/4279 3580/11650/4265 3610/11651/4298
f 3538/11652/4222 3610/11653/4298 3579/11654/4263
f 3579/11654/4263 3610/11653/4298 3580/11655/4265
f 3567/11656/4252 3548/11657/4223 3609/11658/4297
f 3591/11599/4279 3609/11644/4297 3538/11648/4222
f 3548/11659/4223 3538/11648/4222 3609/11644/4297
f 3567/11569/4252 3592/11660/4266 3548/11659/4223
f 3594/11661/4280 3619/11662/4299 3581/11663/4267
f 3581/11663/4300 3619/11662/4301 3593/11664/4302
f 3554/11613/4202 3476/11612/4162 3611/11665/4303
f 3522/11666/4182 3595/11667/4282 3584/11668/4270
f 3574/11466/4217 3566/11513/4240 3329/10748/3950
f 3271/10570/3871 2949/6522/2531 3715/11419/4204
f 3598/11567/4261 3313/11068/4080 3503/11330/4045
f 3521/11344/4181 3612/11669/4304 3575/11670/4253
f 3547/11471/4218 3601/11628/4286 3600/11671/4305
f 3313/11289/4080 3613/11672/4306 3507/11475/4220
f 3576/11631/4289 3603/11630/4288 3602/11673/4307
f 3603/11630/4288 3604/11674/4290 3602/11673/4307
f 3606/11675/4308 3604/11676/4290 3614/11677/4309
f 3588/11595/4276 3615/11678/4310 3601/11628/4286
f 3588/11679/4276 3616/11680/4311 3615/11681/4310
f 3588/11682/4276 3589/11683/4277 3616/11684/4311
f 3590/11685/4295 3607/11686/4294 3626/11687/4312
f 3618/11688/4278 3608/11689/4296 3578/11690/4264
f 3578/11691/4264 3608/11692/4296 3589/11693/4277
f 3578/11694/4264 3580/11646/4265 3618/11695/4278
f 3538/11477/4222 3561/11520/4242 3610/11696/4298
f 3581/11577/4267 3619/11697/4299 3592/11575/4266
f 3592/11698/4266 3619/11699/4299 3594/11700/4280
f 3378/10922/4029 3617/11701/4313 3595/11606/4282
f 3554/11702/4202 3611/11703/4303 3533/11704/4211
f 3569/11551/4254 3635/11705/4314 3582/11578/4268
f 3533/11706/4211 3569/11707/4254 3583/11708/4269
f 3569/11551/4254 3620/11709/4315 3635/11705/4314
f 3583/11614/4283 3571/11557/4257 3620/11710/4316
f 3558/11711/4239 3621/11712/4317 3582/11713/4268
f 3558/11512/4239 3572/11562/4258 3621/11714/4317
f 3584/11668/4270 3595/11667/4282 3574/11715/4217
f 3343/10747/3949 3500/11171/4129 3572/11562/4258
f 2812/8359/3178 3519/11716/4318 3622/11717/3972
f 2812/8359/3178 3622/11717/3972 2946/9384/3455
f 3521/11344/4181 3599/11718/4285 3612/11669/4304
f 3601/11628/4286 3624/11719/4319 3600/11671/4305
f 3576/11720/4289 3624/11721/4319 3601/11722/4286
f 3576/11720/4289 3602/11723/4307 3624/11721/4319
f 3575/11547/4253 3625/11724/4320 3378/10922/4029
f 3604/11725/4290 3615/11726/4310 3614/11727/4309
f 3601/11628/4286 3615/11678/4310 3604/11728/4290
f 3378/10922/4029 3625/11724/4320 3617/11701/4313
f 3616/11729/4311 3589/11730/4277 3590/11731/4295
f 3626/11732/4312 3627/11733/4321 3625/11734/4320
f 3626/11687/4312 3607/11686/4294 3627/11735/4321
f 3627/11733/4321 3617/11701/4313 3625/11724/4320
f 3628/11736/4322 3607/11737/4294 3608/11738/4296
f 3609/11739/4297 3608/11740/4296 3618/11741/4278
f 3608/11740/4296 3609/11739/4297 3610/11742/4298
f 3610/11743/4298 3609/11744/4297 3591/11745/4279
f 3592/11600/4266 3631/11746/4323 3548/11747/4223
f 3592/11600/4266 3594/11605/4280 3631/11746/4323
f 3582/11748/4268 3635/11749/4314 3596/11604/4281
f 3533/11750/4211 3597/11751/4284 3569/11551/4254
f 3620/11709/4315 3636/11752/4324 3635/11705/4314
f 3569/11551/4254 3636/11752/4325 3620/11709/4315
f 3569/11551/4254 3597/11751/4284 3636/11752/4325
f 3620/11710/4316 3571/11557/4257 3636/11753/4324
f 3620/11710/4316 3636/11753/4325 3583/11614/4283
f 3535/11417/4203 3597/11615/4284 3476/11460/4162
f 3621/11712/4317 3571/11754/4257 3582/11713/4268
f 3500/11171/4129 3566/11513/4240 3572/11562/4258
f 3445/11060/4043 2814/8764/3287 3390/11061/4001
f 3547/11755/4218 3600/11756/4305 3599/11757/4285
f 3612/11758/4304 3599/11759/4285 3623/11760/4326
f 3604/11761/4290 3606/11762/4308 3602/11763/4307
f 3353/10848/3992 3598/11764/4261 3256/10447/3813
f 3615/11678/4310 3616/11765/4311 3614/11766/4309
f 3616/11767/4311 3590/11768/4295 3626/11769/4312
f 3628/11770/4322 3608/11771/4296 3638/11772/4327
f 3608/11773/4296 3610/11774/4298 3638/11775/4327
f 3628/11776/4322 3638/11777/4327 3629/11778/4328
f 3610/11696/4298 3561/11520/4242 3638/11779/4327
f 3638/11775/4327 3561/11780/4242 3631/11746/4323
f 3631/11781/4323 3561/11782/4242 3548/11783/4223
f 3594/11784/4280 3596/11785/4281 3631/11786/4323
f 3633/11787/4329 3634/11788/4330 3639/11789/4331
f 3639/11790/4332 3653/11791/4333 3634/11792/4334
f 3632/11793/4335 3634/11794/4330 3633/11795/4329
f 3639/11796/4336 3634/11797/4330 3632/11798/4335
f 3597/11751/4284 3533/11750/4211 3611/11799/4303
f 3519/11800/4318 2812/10320/3178 3637/11568/4262
f 3636/11753/4324 3571/11557/4257 3635/11801/4314
f 3635/11802/4314 3571/11803/4257 3641/11804/4337
f 3597/11615/4284 3583/11614/4283 3636/11753/4325
f 3611/11805/4303 3476/11460/4162 3642/11806/4338
f 3621/11807/4317 3572/11808/4258 3571/11809/4257
f 3643/11810/4339 3612/11811/4304 3623/11812/4326
f 3643/11813/4339 3575/11670/4253 3612/11669/4304
f 3313/11289/4080 3644/11814/4340 3613/11672/4306
f 3575/11547/4253 3648/11815/4341 3625/11724/4320
f 3647/11816/4342 3606/11817/4308 3614/11818/4309
f 3507/11819/4220 3649/11820/4343 3637/11821/4262
f 3650/11822/4344 3607/11737/4294 3628/11736/4322
f 3651/11823/4345 3638/11775/4327 3631/11746/4323
f 3651/11824/4345 3631/11825/4323 3630/11826/4346
f 3633/11787/4329 3639/11789/4331 3653/11827/4347
f 3639/11796/4336 3632/11798/4335 3653/11828/4347
f 3611/11799/4303 3654/11829/4348 3597/11751/4284
f 3635/11802/4314 3641/11804/4337 3597/11830/4284
f 3476/11460/4162 3597/11615/4284 3642/11806/4338
f 3571/11803/4257 3572/11831/4258 3641/11804/4337
f 3655/11832/4349 3574/11833/4217 3595/11606/4282
f 3655/11832/4349 3566/11834/4240 3574/11833/4217
f 3599/11718/4285 3645/11835/4350 3623/11836/4326
f 3600/11837/4305 3624/11838/4319 3602/11763/4307
f 3606/11762/4308 3647/11839/4342 3602/11763/4307
f 3613/11672/4306 3657/11840/4351 3507/11475/4220
f 3614/11766/4309 3616/11765/4311 3647/11839/4342
f 3626/11769/4312 3625/11841/4320 3681/11842/4352
f 3607/11843/4294 3650/11844/4344 3627/11845/4321
f 3627/11733/4321 3650/11846/4344 3617/11701/4313
f 3629/11847/4328 3638/11848/4327 3651/11849/4345
f 3617/11701/4313 3659/11850/4353 3642/11851/4338
f 3632/11852/4335 3633/11787/4329 3666/11853/4354
f 3632/11854/4335 3663/11855/4355 3662/11856/4356
f 3632/11852/4335 3666/11853/4354 3663/11857/4355
f 3653/11827/4347 3665/11858/4357 3633/11787/4329
f 3631/11746/4323 3664/11859/4358 3661/11860/4359
f 3653/11861/4347 3632/11862/4335 3665/11863/4357
f 3631/11746/4323 3596/11604/4281 3664/11859/4358
f 3632/11862/4335 3662/11864/4356 3665/11863/4357
f 3640/11865/4360 3667/11866/4361 3666/11867/4354
f 3596/11604/4281 3635/11749/4314 3664/11859/4358
f 3640/11868/4360 3666/11869/4354 3664/11870/4358
f 3664/11871/4358 3668/11872/4362 3640/11873/4360
f 3617/11701/4313 3642/11851/4338 3595/11606/4282
f 3642/11851/4338 3655/11832/4349 3595/11606/4282
f 3597/11751/4284 3654/11829/4348 3635/11705/4314
f 3482/11059/4077 1238/3581/1373 3669/11874/4363
f 3504/11875/4004 3598/11567/4261 3352/10767/3962
f 3599/11718/4285 3600/11876/4305 3645/11835/4350
f 3575/11547/4253 3643/11877/4339 3646/11878/4364
f 3645/11879/4350 3643/11880/4339 3623/11881/4326
f 3600/11837/4305 3602/11763/4307 3670/11882/4365
f 3687/11883/4366 3670/11884/4365 3646/11885/4364
f 3602/11763/4307 3671/11886/4367 3670/11882/4365
f 3575/11547/4253 3646/11878/4364 3672/11887/4368
f 3644/11814/4340 3656/11888/4369 3613/11672/4306
f 3670/11889/4365 3672/11890/4368 3646/11891/4364
f 3671/11886/4367 3675/11892/4370 3676/11893/4371
f 3671/11886/4367 3602/11763/4307 3675/11892/4370
f 3676/11894/4371 3675/11895/4370 3698/11896/4372
f 3677/11897/4373 3678/11898/4374 3673/11899/4375
f 3677/11900/4373 3698/11901/4376 3678/11902/4374
f 3673/11903/4375 3678/11904/4374 3679/11905/4377
f 3672/11887/4368 3648/11815/4341 3575/11547/4253
f 3656/11906/4369 3657/11840/4351 3613/11672/4306
f 3602/11763/4307 3647/11839/4342 3675/11892/4370
f 3680/11907/4378 3649/11908/4343 3507/11475/4220
f 3616/11767/4311 3626/11769/4312 3681/11842/4352
f 3649/11909/4343 3682/11910/4379 3637/11911/4262
f 3629/11912/4328 3658/11913/4380 3628/11914/4322
f 3629/11847/4328 3651/11849/4345 3658/11915/4380
f 3651/11916/4345 3630/11917/4346 3652/11918/4381
f 3631/11919/4323 3660/11920/4382 3630/11921/4346
f 3661/11860/4359 3660/11922/4382 3631/11746/4323
f 3661/11860/4359 3683/11923/4383 3660/11922/4382
f 3663/11924/4384 3683/11925/4383 3661/11926/4359
f 3662/11927/4385 3663/11928/4384 3661/11929/4359
f 3666/11853/4354 3633/11787/4329 3665/11858/4357
f 3664/11930/4358 3666/11931/4354 3661/11932/4359
f 3662/11933/4385 3661/11932/4359 3666/11931/4354
f 3663/11934/4384 3662/11935/4385 3683/11923/4383
f 3663/11857/4355 3666/11853/4354 3689/11936/4386
f 3663/11937/4355 3689/11938/4386 3665/11863/4357
f 3663/11939/4355 3665/11940/4357 3662/11941/4356
f 3662/11935/4385 3666/11942/4354 3683/11923/4383
f 3667/11866/4361 3640/11865/4360 3684/11943/4387
f 3664/11944/4358 3685/11945/4388 3667/11946/4389
f 3664/11947/4358 3667/11948/4389 3668/11949/4362
f 3664/11930/4358 3654/11950/4348 3685/11951/4388
f 3664/11930/4358 3635/11952/4314 3654/11950/4348
f 3668/11953/4362 3684/11954/4387 3685/11955/4388
f 3685/11956/4388 3654/11957/4348 3668/11958/4362
f 3654/11959/4348 3686/11960/4390 3668/11961/4362
f 3640/11962/4360 3686/11963/4390 3684/11964/4387
f 3684/11964/4387 3686/11963/4390 3685/11965/4388
f 3668/11966/4362 3686/11967/4390 3640/11968/4360
f 3572/11562/4258 3566/11513/4240 3641/11969/4337
f 3600/11970/4305 3670/11971/4365 3645/11972/4350
f 3670/11973/4365 3671/11974/4367 3672/11975/4368
f 3673/11976/4375 3688/11977/4391 3674/11978/4392
f 3625/11841/4320 3648/11979/4341 3681/11842/4352
f 3628/11914/4322 3658/11913/4380 3650/11980/4344
f 3658/11981/4380 3659/11982/4353 3650/11983/4344
f 3617/11701/4313 3650/11846/4344 3659/11850/4353
f 3652/11984/4381 3658/11985/4380 3651/11986/4345
f 3660/11922/4382 3652/11987/4381 3630/11988/4346
f 3683/11923/4383 3689/11989/4386 3660/11922/4382
f 3665/11990/4357 3689/11991/4386 3683/11992/4383
f 3683/11993/4383 3666/11994/4354 3665/11995/4357
f 3667/11996/4361 3684/11997/4387 3666/11942/4354
f 3667/11946/4389 3685/11945/4388 3689/11989/4386
f 3667/11948/4389 3689/11998/4386 3668/11949/4362
f 3685/11945/4388 3686/11960/4390 3689/11989/4386
f 3668/11999/4362 3689/12000/4386 3684/12001/4387
f 3611/11799/4303 3642/12002/4338 3654/11829/4348
f 3642/11806/4338 3597/11615/4284 3641/12003/4337
f 3287/10234/3709 3545/12004/4260 2418/8360/2778
f 2948/9388/3458 919/2679/1043 3691/12005/4393
f 3368/11420/3977 3715/11419/4204 3445/11060/4043
f 3445/11060/4043 3692/12006/4394 2814/8764/3287
f 919/12007/1043 2814/8764/3287 3691/12008/4393
f 3645/12009/4350 3670/11882/4365 3694/12010/4395
f 3645/11879/4350 3694/12011/4395 3643/11880/4339
f 3670/12012/4365 3696/12013/4396 3695/12014/4397
f 3670/12012/4365 3687/12015/4366 3696/12013/4396
f 3687/12015/4366 3671/12016/4367 3696/12013/4396
f 3671/12016/4367 3695/12014/4398 3696/12013/4396
f 3672/12017/4368 3671/12016/4367 3687/12015/4366
f 3676/11893/4371 3697/12018/4399 3671/11886/4367
f 3676/12019/4400 3677/12020/4401 3698/12021/4402
f 3677/12022/4373 3673/12023/4375 3674/12024/4392
f 3677/12025/4373 3674/12026/4392 3698/12027/4376
f 3676/12028/4371 3698/12029/4372 3697/12030/4399
f 3674/12031/4392 3688/12032/4391 3679/12033/4377
f 3688/12034/4403 3699/12035/4404 3672/11887/4368
f 3688/11977/4391 3673/11976/4375 3699/12036/4405
f 3688/12032/4391 3699/12037/4405 3679/12033/4377
f 3675/12038/4370 3697/12039/4399 3698/12040/4372
f 3678/11902/4374 3698/11901/4376 3674/12041/4392
f 3678/12042/4374 3674/12043/4392 3679/12044/4377
f 3673/11976/4375 3679/12045/4377 3699/12036/4405
f 3672/11887/4368 3699/12035/4404 3648/11815/4341
f 3675/11892/4370 3647/11839/4342 3697/12018/4399
f 3657/11840/4351 3700/12046/4406 3507/11475/4220
f 3507/12047/4220 3700/12048/4406 3680/12049/4378
f 3700/12048/4406 3701/12050/4407 3680/12049/4378
f 3652/11987/4381 3659/11982/4353 3658/11981/4380
f 3684/11997/4387 3689/11989/4386 3666/11942/4354
f 3686/11960/4390 3642/12051/4338 3689/11989/4386
f 3654/11959/4348 3642/12051/4338 3686/11960/4390
f 3642/11806/4338 3641/12003/4337 3655/12052/4349
f 3504/12053/4004 3256/10447/3813 3598/11764/4261
f 3313/11289/4080 3598/12054/4261 3644/11814/4340
f 3694/12010/4395 3670/11882/4365 3702/12055/4408
f 3646/12056/4364 3643/12057/4339 3687/12058/4366
f 3695/12059/4398 3697/12018/4399 3702/12055/4408
f 3695/12059/4397 3702/12055/4408 3670/11882/4365
f 3695/12060/4409 3696/12061/4410 3702/12062/4411
f 3695/12059/4398 3671/12063/4367 3697/12018/4399
f 3687/12064/4366 3703/12065/4412 3672/11887/4368
f 3672/11887/4368 3703/12065/4412 3688/12034/4403
f 3688/12032/4403 3703/12066/4412 3699/12037/4404
f 3699/12035/4404 3703/12065/4412 3648/11815/4341
f 3703/12065/4412 3681/12067/4352 3648/11815/4341
f 3647/11839/4342 3681/12068/4352 3697/12018/4399
f 3647/11839/4342 3616/11765/4311 3681/12068/4352
f 3649/11908/4343 3704/12069/4413 3682/12070/4379
f 3637/11568/4262 3682/12070/4379 3519/11800/4318
f 3660/11922/4382 3689/11989/4386 3652/11987/4381
f 3641/11804/4337 3566/12071/4240 3655/12072/4349
f 3482/11622/4077 3705/12073/4414 3135/10165/3686
f 3483/11174/4131 3706/12074/4415 3059/9930/3588
f 3361/10798/3976 3158/12075/3711 3707/12076/4416
f 3694/12010/4395 3702/12055/4408 3697/12018/4399
f 3694/12010/4395 3697/12018/4399 3643/12077/4339
f 3687/12064/4366 3643/12078/4339 3703/12065/4412
f 3697/12079/4399 3703/12065/4412 3643/12078/4339
f 3697/12079/4399 3681/12067/4352 3703/12065/4412
f 3598/11764/4261 3353/10848/3992 3709/12080/4417
f 3652/11987/4381 3689/11989/4386 3659/11982/4353
f 3689/12081/4386 3642/11851/4338 3659/11850/4353
f 3713/12082/4418 3250/10512/3835 3249/10871/3834
f 3482/11059/4077 3669/11874/4363 3742/12083/4419
f 3545/12004/4260 3690/12084/4420 2418/8360/2778
f 3715/11419/4204 3692/12006/4394 3445/11060/4043
f 3598/12054/4261 3708/12085/4421 3644/11814/4340
f 3708/12085/4421 3712/12086/4422 3644/11814/4340
f 3712/12087/4422 3656/12088/4369 3644/12089/4340
f 3700/12046/4406 3657/11840/4351 3656/11906/4369
f 3709/12090/4417 3649/11908/4343 3680/11907/4378
f 3709/12080/4417 3353/10848/3992 3704/12091/4413
f 3709/12092/4417 3704/12093/4413 3649/12094/4343
f 3710/12095/4423 3704/12091/4413 3353/10848/3992
f 3712/12087/4422 3700/12096/4406 3656/12088/4369
f 3714/12097/4424 3680/12098/4378 3701/12099/4407
f 3704/12069/4413 3710/12100/4423 3682/12070/4379
f 3682/12070/4379 3710/12100/4423 3519/11800/4318
f 3710/12095/4423 3353/10848/3992 3622/10791/3972
f 3360/10832/3975 3711/12101/4425 3502/11275/4165
f 3361/10798/3976 3707/12076/4416 3307/10665/3912
f 3110/10666/3646 3718/12102/4426 2949/6522/2531
f 2814/8764/3287 3692/12006/4394 3693/12103/4427
f 3691/12008/4393 2814/8764/3287 3693/12103/4427
f 3680/11907/4378 3714/12104/4424 3709/12090/4417
f 3710/12100/4423 3622/12105/3972 3519/11800/4318
f 3708/12085/4421 3598/12054/4261 3714/12104/4424
f 3714/12097/4424 3712/12106/4422 3708/12107/4421
f 3714/12097/4424 3701/12099/4407 3712/12106/4422
f 3712/12086/4422 3701/12108/4407 3700/12046/4406
f 2418/8360/2778 3690/12084/4420 3483/12109/4131
f 3347/10712/3937 3307/10665/3912 3360/10832/3975
f 2949/6522/2531 3718/12102/4426 3715/11419/4204
f 3598/12054/4261 3709/12090/4417 3714/12104/4424
f 3713/12082/4418 3716/12110/4428 3250/10512/3835
f 3716/12110/4428 3717/12111/4429 3250/10512/3835
f 1238/3581/1373 2948/9388/3458 3669/11874/4363
f 3249/10511/3834 3059/9930/3588 3713/12112/4418
f 3482/11059/4077 3742/12083/4419 3705/12113/4414
f 3360/10832/3975 3307/10665/3912 3719/12114/4430
f 3059/9930/3588 3706/12074/4415 3713/12112/4418
f 3135/10165/3686 3707/12115/4416 3158/10236/3711
f 3360/10832/3975 3719/12114/4430 3711/12101/4425
f 3307/10665/3912 3707/12076/4416 3733/12116/4431
f 3717/12111/4429 3110/10054/3646 3250/10512/3835
f 3719/12114/4430 3307/10665/3912 3733/12116/4431
f 3135/10165/3686 3720/12117/4432 3707/12115/4416
f 3502/11275/4165 3711/12101/4425 3545/11594/4260
f 3483/11174/4131 3690/12118/4420 3706/12074/4415
f 2948/9388/3458 3691/12005/4393 3669/11874/4363
f 3705/12073/4414 3720/12117/4432 3135/10165/3686
f 3721/12119/4433 3724/12120/4434 3722/12121/4435
f 3717/12111/4429 3718/12122/4426 3110/10054/3646
f 3713/12112/4418 3706/12074/4415 3723/12123/4436
f 3722/12124/4435 3727/12125/4437 3721/12126/4433
f 3721/12127/4433 3727/12128/4437 3725/12129/4438
f 3545/11594/4260 3711/12101/4425 3728/12130/4439
f 3713/12082/4418 3729/12131/4440 3716/12110/4428
f 3721/12132/4433 3726/12133/4441 3724/12134/4434
f 3721/12132/4433 3725/12135/4438 3726/12133/4441
f 3706/12074/4415 3690/12118/4420 3730/12136/4442
f 3725/12137/4438 3727/12138/4437 3735/12139/4443
f 3724/12120/4434 3731/12140/4444 3722/12121/4435
f 3722/12124/4435 3732/12141/4445 3727/12125/4437
f 3733/12142/4431 3707/12143/4416 3720/12144/4432
f 3731/12145/4444 3732/12141/4445 3722/12124/4435
f 3734/12146/4446 3715/11419/4204 3718/12102/4426
f 3740/12147/4447 3739/12148/4448 3713/12149/4418
f 3739/12150/4448 3729/12131/4440 3713/12082/4418
f 3740/12151/4447 3713/12152/4418 3723/12153/4436
f 3740/12154/4449 3729/12131/4440 3739/12150/4448
f 3742/12155/4419 3741/12156/4450 3705/12157/4414
f 3741/12156/4450 3720/12144/4432 3705/12157/4414
f 3733/12142/4431 3720/12144/4432 3741/12156/4450
f 3726/12133/4441 3725/12135/4438 3743/12158/4451
f 3743/12158/4451 3725/12135/4438 3735/12159/4443
f 3724/12120/4434 3736/12160/4452 3731/12140/4444
f 3727/12138/4437 3719/12161/4430 3744/12162/4453
f 3727/12138/4437 3744/12162/4453 3735/12139/4443
f 3691/12163/4393 3751/12164/4454 3669/12165/4363
f 3733/12116/4431 3744/12166/4453 3719/12114/4430
f 3733/12116/4431 3737/12167/4455 3744/12166/4453
f 3692/12006/4394 3738/12168/4456 3693/12103/4427
f 3691/12163/4393 3693/12169/4427 3751/12164/4454
f 3740/12151/4447 3723/12153/4436 3745/12170/4457
f 3745/12170/4458 3740/12151/4459 3739/12171/4460
f 3745/12172/4457 3729/12131/4440 3740/12154/4449
f 3743/12173/4451 3735/12139/4443 3746/12174/4461
f 3733/12142/4431 3741/12156/4450 3748/12175/4462
f 3724/12134/4434 3726/12133/4441 3736/12176/4452
f 3746/12174/4461 3735/12139/4443 3737/12177/4455
f 3748/12175/4462 3737/12177/4455 3733/12142/4431
f 3727/12138/4437 3732/12178/4445 3719/12161/4430
f 3735/12139/4443 3744/12162/4453 3737/12177/4455
f 3545/12004/4260 3728/12179/4439 3690/12084/4420
f 3732/12178/4445 3711/12180/4425 3719/12161/4430
f 3745/12172/4457 3723/12181/4436 3729/12131/4440
f 3747/12182/4463 3743/12173/4451 3746/12174/4461
f 3731/12140/4444 3736/12160/4452 3753/12183/4464
f 3753/12183/4464 3736/12160/4452 3747/12182/4463
f 3747/12182/4463 3736/12160/4452 3726/12184/4441
f 3747/12182/4463 3726/12184/4441 3743/12173/4451
f 3706/12074/4415 3730/12136/4442 3723/12123/4436
f 3748/12175/4462 3746/12174/4461 3737/12177/4455
f 3749/12185/4465 3728/12186/4439 3731/12140/4444
f 3731/12140/4444 3728/12186/4439 3711/12180/4425
f 3731/12140/4444 3711/12180/4425 3732/12178/4445
f 3669/12165/4363 3751/12164/4454 3750/12187/4466
f 3715/11419/4204 3734/12146/4446 3692/12006/4394
f 3693/12188/4427 3738/12189/4456 3751/12164/4454
f 3759/12190/4467 3753/12191/4464 3754/12192/4468
f 3752/12193/4469 3749/12185/4465 3753/12183/4464
f 3754/12194/4468 3753/12183/4464 3747/12182/4463
f 3749/12185/4465 3731/12140/4444 3753/12183/4464
f 3742/12195/4419 3750/12187/4466 3741/12196/4450
f 3729/12131/4440 3755/12197/4470 3716/12110/4428
f 3716/12110/4428 3755/12197/4470 3717/12111/4429
f 3742/12195/4419 3669/12165/4363 3750/12187/4466
f 3750/12187/4466 3751/12164/4454 3738/12189/4456
f 3692/12006/4394 3734/12146/4446 3738/12168/4456
f 3747/12198/4463 3766/12199/4471 3754/12192/4468
f 3758/12200/4472 3749/12185/4465 3752/12193/4469
f 3723/12123/4436 3730/12136/4442 3757/12201/4473
f 3730/12202/4442 3758/12200/4472 3765/12203/4474
f 3758/12200/4472 3730/12202/4442 3749/12185/4465
f 3741/12196/4450 3750/12187/4466 3748/12204/4462
f 3761/12205/4475 3763/12206/4476 3756/12207/4477
f 3756/12208/4477 3762/12209/4478 3761/12210/4475
f 3730/12202/4442 3690/12211/4420 3728/12186/4439
f 3730/12202/4442 3728/12186/4439 3749/12185/4465
f 3756/12208/4477 3769/12212/4479 3762/12209/4478
f 3763/12213/4476 3769/12212/4479 3756/12208/4477
f 3750/12187/4466 3738/12189/4456 3764/12214/4480
f 3723/12181/4436 3757/12215/4473 3729/12131/4440
f 3754/12216/4481 3759/12217/4482 3760/12218/4483
f 3757/12219/4473 3730/12202/4442 3765/12203/4474
f 3759/12190/4467 3766/12199/4471 3753/12191/4464
f 3754/12192/4468 3766/12199/4471 3759/12190/4467
f 3746/12220/4461 3761/12210/4475 3747/12221/4463
f 3766/12222/4471 3761/12210/4475 3762/12209/4478
f 3747/12221/4463 3761/12210/4475 3766/12222/4471
f 3748/12204/4462 3761/12210/4475 3746/12220/4461
f 3766/12222/4471 3762/12209/4478 3767/12223/4484
f 3748/12204/4462 3750/12187/4466 3764/12214/4480
f 3748/12204/4462 3763/12213/4476 3761/12210/4475
f 3748/12204/4462 3764/12214/4480 3763/12213/4476
f 3764/12214/4480 3738/12189/4456 3763/12213/4476
f 3717/12111/4429 3768/12224/4485 3718/12122/4426
f 3763/12213/4476 3734/12225/4446 3769/12212/4479
f 3763/12213/4476 3738/12189/4456 3734/12225/4446
f 3734/12146/4446 3718/12102/4426 3768/12226/4485
f 3753/12227/4464 3767/12223/4484 3752/12228/4469
f 3753/12227/4464 3766/12222/4471 3767/12223/4484
f 3767/12223/4484 3769/12212/4479 3755/12229/4470
f 3762/12209/4478 3769/12212/4479 3767/12223/4484
f 3734/12230/4446 3768/12231/4485 3769/12212/4479
f 3729/12131/4440 3757/12215/4473 3755/12197/4470
f 3752/12228/4469 3767/12223/4484 3758/12232/4472
f 3755/12197/4470 3768/12224/4485 3717/12111/4429
f 3755/12229/4470 3769/12212/4479 3768/12231/4485
f 3765/12233/4474 3755/12229/4470 3757/12234/4473
f 3758/12232/4472 3755/12229/4470 3765/12233/4474
f 3758/12232/4472 3767/12223/4484 3755/12229/4470
l 2897 2896
l 2897 2898
l 2977 2978
l 2976 2977
l 3414 3415
l 2700 2798
